,time_stats.all_reduce.min,time_stats.all_reduce.max,time_stats.all_reduce.mean,time_stats.all_reduce.median,time_stats.all_reduce.std,rank,num_workers,size,collective,devices_per_node,max_devices_per_node
0,0.006,0.04,0.03011666666666667,0.033,0.007789077109787925,0,2,2048,all_reduce,2,4
1,0.006,0.036000000000000004,0.026733333333333335,0.032,0.009518169758706532,0,2,10240,all_reduce,2,4
2,0.007,0.035,0.02351666666666667,0.031,0.011351199153491328,0,2,18432,all_reduce,2,4
3,0.007,0.038,0.028999999999999995,0.033,0.007560864148142505,0,2,26624,all_reduce,2,4
4,0.007,0.036000000000000004,0.025633333333333334,0.032,0.01055298799182277,0,2,34816,all_reduce,2,4
5,0.007,0.036000000000000004,0.022183333333333333,0.0245,0.011318851041023948,0,2,43008,all_reduce,2,4
6,0.007,0.036000000000000004,0.024216666666666664,0.027,0.010225933806857067,0,2,51200,all_reduce,2,4
7,0.007,0.037,0.02408333333333333,0.03,0.011050326792553343,0,2,59392,all_reduce,2,4
8,0.007,0.039,0.02255,0.0245,0.011101689060679012,0,2,67584,all_reduce,2,4
9,0.007,0.037,0.02415,0.029,0.01121134098431881,0,2,75776,all_reduce,2,4
10,0.007,0.036000000000000004,0.025849999999999995,0.032,0.010176484330717233,0,2,83968,all_reduce,2,4
11,0.007,0.036000000000000004,0.01221666666666667,0.007,0.009911427187286851,0,2,92160,all_reduce,2,4
12,0.007,0.036000000000000004,0.01121666666666667,0.007,0.008710322739268748,0,2,100352,all_reduce,2,4
13,0.007,0.034,0.011350000000000002,0.007,0.008166649659846238,0,2,108544,all_reduce,2,4
14,0.007,0.035,0.011366666666666669,0.007,0.008951660305341252,0,2,116736,all_reduce,2,4
15,0.007,0.066,0.01798333333333333,0.007,0.01660671718177785,0,2,124928,all_reduce,2,4
16,0.007,0.034,0.012866666666666669,0.007,0.00955068351247991,0,2,133120,all_reduce,2,4
17,0.007,0.036000000000000004,0.01741666666666667,0.014,0.011092477430923878,0,2,141312,all_reduce,2,4
18,0.007,0.054,0.018699999999999998,0.0105,0.013017040114147817,0,2,149504,all_reduce,2,4
19,0.007,0.04,0.0249,0.0275,0.011067520047418032,0,2,157696,all_reduce,2,4
20,0.007,0.035,0.009333333333333334,0.007,0.006397047930273951,0,2,165888,all_reduce,2,4
21,0.007,0.036000000000000004,0.011366666666666669,0.007,0.008784392725485103,0,2,174080,all_reduce,2,4
22,0.007,0.037,0.0166,0.007,0.01193621939029831,0,2,182272,all_reduce,2,4
23,0.007,0.035,0.008716666666666668,0.007,0.006245242633841823,0,2,190464,all_reduce,2,4
24,0.007,0.036000000000000004,0.01773333333333333,0.014,0.011329705301649388,0,2,198656,all_reduce,2,4
25,0.007,0.036000000000000004,0.009416666666666667,0.007,0.006919276616011887,0,2,206848,all_reduce,2,4
26,0.007,0.035,0.016133333333333336,0.013500000000000002,0.010247709771239405,0,2,215040,all_reduce,2,4
27,0.007,0.06,0.019016666666666668,0.014499999999999999,0.013277162933230712,0,2,223232,all_reduce,2,4
28,0.007,0.036000000000000004,0.01265,0.007,0.008698323593275508,0,2,231424,all_reduce,2,4
29,0.007,0.038,0.01515,0.008,0.010358289755875081,0,2,239616,all_reduce,2,4
30,0.007,0.036000000000000004,0.013116666666666669,0.008,0.009154400884577623,0,2,247808,all_reduce,2,4
31,0.007,0.037,0.013300000000000003,0.008,0.009651079386956328,0,2,256000,all_reduce,2,4
32,0.007,0.039,0.01885,0.014,0.011920325778545933,0,2,264192,all_reduce,2,4
33,0.007,0.037,0.018316666666666665,0.013500000000000002,0.011408318115402561,0,2,272384,all_reduce,2,4
34,0.007,0.044,0.012683333333333335,0.008,0.009283482943139151,0,2,280576,all_reduce,2,4
35,0.008,0.039,0.016883333333333337,0.011,0.010622447405795375,0,2,288768,all_reduce,2,4
36,0.008,0.037,0.01105,0.008,0.007493163550864213,0,2,296960,all_reduce,2,4
37,0.008,0.036000000000000004,0.010783333333333336,0.008,0.006245242633841823,0,2,305152,all_reduce,2,4
38,0.008,0.037,0.01883333333333333,0.0175,0.01077522879365239,0,2,313344,all_reduce,2,4
39,0.008,0.038,0.03065,0.035,0.009204754206387047,0,2,321536,all_reduce,2,4
40,0.008,0.04,0.026166666666666668,0.0325,0.0117020890822489,0,2,329728,all_reduce,2,4
41,0.008,0.038,0.018733333333333334,0.015,0.011490382451811118,0,2,337920,all_reduce,2,4
42,0.008,0.039,0.023950000000000006,0.0285,0.012120815429114772,0,2,346112,all_reduce,2,4
43,0.008,0.039,0.027016666666666668,0.031,0.010474559126230035,0,2,354304,all_reduce,2,4
44,0.008,0.037,0.016866666666666672,0.009000000000000001,0.011207834561393007,0,2,362496,all_reduce,2,4
45,0.008,0.038,0.020450000000000003,0.019000000000000003,0.011817254334235174,0,2,370688,all_reduce,2,4
46,0.008,0.059000000000000004,0.01721666666666667,0.009000000000000001,0.011327093870695854,0,2,378880,all_reduce,2,4
47,0.008,0.039,0.022833333333333334,0.0225,0.012045976737299286,0,2,387072,all_reduce,2,4
48,0.009000000000000001,0.055,0.015866666666666668,0.009000000000000001,0.011207834561393007,0,2,395264,all_reduce,2,4
49,0.009000000000000001,0.038,0.017349999999999997,0.0125,0.009841790148816084,0,2,403456,all_reduce,2,4
50,0.009000000000000001,0.037,0.01576666666666667,0.009000000000000001,0.010289746784488378,0,2,411648,all_reduce,2,4
51,0.009000000000000001,0.038,0.019516666666666665,0.014,0.011402472928662838,0,2,419840,all_reduce,2,4
52,0.009000000000000001,0.038,0.024916666666666667,0.0275,0.010257179057724507,0,2,428032,all_reduce,2,4
53,0.009000000000000001,0.037,0.016,0.009000000000000001,0.009688481133111975,0,2,436224,all_reduce,2,4
54,0.009000000000000001,0.036000000000000004,0.018166666666666668,0.0155,0.00972825209834166,0,2,444416,all_reduce,2,4
55,0.009000000000000001,0.037,0.017299999999999992,0.0125,0.009637254104083106,0,2,452608,all_reduce,2,4
56,0.009000000000000001,0.037,0.0208,0.02,0.010451156235874892,0,2,460800,all_reduce,2,4
57,0.009000000000000001,0.038,0.017333333333333333,0.009500000000000001,0.009987770299499061,0,2,468992,all_reduce,2,4
58,0.009000000000000001,0.036000000000000004,0.0158,0.009000000000000001,0.009910936719940588,0,2,477184,all_reduce,2,4
59,0.009000000000000001,0.036000000000000004,0.011666666666666669,0.009000000000000001,0.0069872900485254096,0,2,485376,all_reduce,2,4
60,0.01,0.038,0.017483333333333333,0.01,0.010203743866291868,0,2,493568,all_reduce,2,4
61,0.01,0.038,0.01425,0.01,0.008751428454829532,0,2,501760,all_reduce,2,4
62,0.01,0.037,0.013383333333333334,0.01,0.007101858129312982,0,2,509952,all_reduce,2,4
63,0.01,0.038,0.030583333333333337,0.035,0.008856808429426231,0,2,518144,all_reduce,2,4
64,0.01,0.039,0.03006666666666667,0.035,0.00938414738919963,0,2,526336,all_reduce,2,4
65,0.01,0.037,0.01856666666666667,0.01,0.011460608864958073,0,2,534528,all_reduce,2,4
66,0.01,0.038,0.01865,0.011,0.01013216824442495,0,2,542720,all_reduce,2,4
67,0.01,0.036000000000000004,0.014633333333333333,0.01,0.00841222655160663,0,2,550912,all_reduce,2,4
68,0.01,0.036000000000000004,0.011000000000000003,0.01,0.004589843860815601,0,2,559104,all_reduce,2,4
69,0.01,0.037,0.016366666666666665,0.01,0.009657409360462854,0,2,567296,all_reduce,2,4
70,0.01,0.037,0.011800000000000001,0.01,0.005614861233073054,0,2,575488,all_reduce,2,4
71,0.01,0.036000000000000004,0.01295,0.01,0.007660341593775916,0,2,583680,all_reduce,2,4
72,0.01,0.036000000000000004,0.012133333333333333,0.01,0.006815342169611801,0,2,591872,all_reduce,2,4
73,0.01,0.036000000000000004,0.011533333333333335,0.01,0.005521070749612092,0,2,600064,all_reduce,2,4
74,0.01,0.037,0.010883333333333333,0.01,0.0037907416454069018,0,2,608256,all_reduce,2,4
75,0.01,0.037,0.011983333333333335,0.01,0.006626944159179924,0,2,616448,all_reduce,2,4
76,0.01,0.035,0.010650000000000001,0.01,0.003641542713374832,0,2,624640,all_reduce,2,4
77,0.01,0.038,0.01305,0.01,0.0073312686487401356,0,2,632832,all_reduce,2,4
78,0.01,0.037,0.012666666666666668,0.01,0.0072701826356396,0,2,641024,all_reduce,2,4
79,0.01,0.037,0.0144,0.01,0.008871677781945572,0,2,649216,all_reduce,2,4
80,0.01,0.038,0.015183333333333333,0.01,0.009319319836888431,0,2,657408,all_reduce,2,4
81,0.01,0.035,0.0122,0.01,0.0066603303221386845,0,2,665600,all_reduce,2,4
82,0.01,0.038,0.011000000000000001,0.01,0.0048545511292669135,0,2,673792,all_reduce,2,4
83,0.01,0.024,0.010233333333333336,0.01,0.0017922673411693419,0,2,681984,all_reduce,2,4
84,0.011,0.036000000000000004,0.012666666666666665,0.011,0.005763872155263528,0,2,690176,all_reduce,2,4
85,0.011,0.036000000000000004,0.012716666666666666,0.011,0.006126694776866961,0,2,698368,all_reduce,2,4
86,0.011,0.039,0.014433333333333331,0.011,0.007561672360588555,0,2,706560,all_reduce,2,4
87,0.011,0.036000000000000004,0.01185,0.011,0.004486368241685028,0,2,714752,all_reduce,2,4
88,0.011,0.035,0.013483333333333332,0.011,0.006386161253488324,0,2,722944,all_reduce,2,4
89,0.011,0.036000000000000004,0.012883333333333333,0.012,0.0051188920242134,0,2,731136,all_reduce,2,4
90,0.011,0.037,0.013099999999999999,0.012,0.005482396069846346,0,2,739328,all_reduce,2,4
91,0.011,0.035,0.013000000000000001,0.012,0.005013315602805527,0,2,747520,all_reduce,2,4
92,0.011,0.036000000000000004,0.012783333333333334,0.011,0.005927595540258201,0,2,755712,all_reduce,2,4
93,0.011,0.038,0.012599999999999998,0.011,0.005589275444992848,0,2,763904,all_reduce,2,4
94,0.011,0.039,0.012283333333333332,0.011,0.005202857121065523,0,2,772096,all_reduce,2,4
95,0.011,0.033,0.012,0.011,0.004008324670815311,0,2,780288,all_reduce,2,4
96,0.012,0.036000000000000004,0.013133333333333334,0.012,0.0045183576170502,0,2,788480,all_reduce,2,4
97,0.012,0.03,0.012783333333333334,0.012,0.003098879725893788,0,2,796672,all_reduce,2,4
98,0.012,0.037,0.01535,0.012,0.007474010525369451,0,2,804864,all_reduce,2,4
99,0.012,0.037,0.0144,0.012,0.0063013226124891165,0,2,813056,all_reduce,2,4
100,0.012,0.037,0.012816666666666665,0.012,0.004398831915659228,0,2,821248,all_reduce,2,4
101,0.012,0.035,0.012566666666666667,0.012,0.0032422557305404253,0,2,829440,all_reduce,2,4
102,0.012,0.037,0.013816666666666666,0.012,0.005661247408674366,0,2,837632,all_reduce,2,4
103,0.012,0.038,0.01535,0.012,0.007173620657194897,0,2,845824,all_reduce,2,4
104,0.012,0.038,0.014983333333333333,0.012,0.007493311832709367,0,2,854016,all_reduce,2,4
105,0.019,0.038,0.022950000000000005,0.02,0.005663994467982232,0,2,862208,all_reduce,2,4
106,0.02,0.037,0.024283333333333334,0.02,0.006782555237928811,0,2,870400,all_reduce,2,4
107,0.02,0.037,0.0216,0.02,0.004188078318274384,0,2,878592,all_reduce,2,4
108,0.02,0.038,0.022666666666666665,0.021,0.004904646323187388,0,2,886784,all_reduce,2,4
109,0.02,0.036000000000000004,0.021316666666666664,0.021,0.003046810718695134,0,2,894976,all_reduce,2,4
110,0.02,0.037,0.02208333333333333,0.021,0.004156487566309912,0,2,903168,all_reduce,2,4
111,0.02,0.037,0.0225,0.021,0.004047633053197058,0,2,911360,all_reduce,2,4
112,0.02,0.038,0.02181666666666666,0.021,0.004018671698736067,0,2,919552,all_reduce,2,4
113,0.02,0.039,0.02376666666666666,0.021,0.005840566943561406,0,2,927744,all_reduce,2,4
114,0.02,0.037,0.02208333333333333,0.021,0.0035557074620327744,0,2,935936,all_reduce,2,4
115,0.02,0.036000000000000004,0.022316666666666662,0.021,0.003905089271991388,0,2,944128,all_reduce,2,4
116,0.02,0.036000000000000004,0.021349999999999997,0.02,0.0036461166556579993,0,2,952320,all_reduce,2,4
117,0.02,0.046,0.022116666666666666,0.02,0.00568357770735613,0,2,960512,all_reduce,2,4
118,0.02,0.037,0.021333333333333333,0.02,0.004044200236827495,0,2,968704,all_reduce,2,4
119,0.02,0.037,0.02193333333333334,0.02,0.004915508338129661,0,2,976896,all_reduce,2,4
120,0.02,0.038,0.022333333333333327,0.021,0.0039567101935263785,0,2,985088,all_reduce,2,4
121,0.021,0.036000000000000004,0.023199999999999995,0.021,0.004607240678178932,0,2,993280,all_reduce,2,4
122,0.021,0.036000000000000004,0.023816666666666663,0.021,0.0050645554812068375,0,2,1001472,all_reduce,2,4
123,0.02,0.036000000000000004,0.02249999999999999,0.021,0.003866522985836242,0,2,1009664,all_reduce,2,4
124,0.02,0.038,0.022399999999999993,0.021,0.004294182110716778,0,2,1017856,all_reduce,2,4
125,0.02,0.035,0.02171666666666666,0.021,0.0027874221463965987,0,2,1026048,all_reduce,2,4
126,0.021,0.036000000000000004,0.02236666666666666,0.021,0.003907116015113393,0,2,1034240,all_reduce,2,4
127,0.02,0.037,0.022016666666666664,0.021,0.004173294728255948,0,2,1042432,all_reduce,2,4
128,0.02,0.038,0.02485,0.021,0.0066378334818925164,0,2,1048576,all_reduce,2,4
129,0.02,0.038,0.022600000000000002,0.02,0.005636783953047459,0,2,1081344,all_reduce,2,4
130,0.021,0.038,0.022333333333333327,0.021,0.003910100879630715,0,2,1114112,all_reduce,2,4
131,0.02,0.037,0.02383333333333333,0.021,0.005523183462058413,0,2,1146880,all_reduce,2,4
132,0.021,0.047,0.02471666666666666,0.021,0.007232085145762289,0,2,1179648,all_reduce,2,4
133,0.022,0.041,0.025866666666666663,0.022,0.006100455356410337,0,2,1212416,all_reduce,2,4
134,0.021,0.039,0.03033333333333333,0.034,0.007034833963135797,0,2,1245184,all_reduce,2,4
135,0.021,0.038,0.027016666666666665,0.022,0.006888375876955484,0,2,1277952,all_reduce,2,4
136,0.022,0.038,0.024216666666666664,0.023,0.004191625248304318,0,2,1310720,all_reduce,2,4
137,0.021,0.04,0.025099999999999997,0.022,0.005832952368512307,0,2,1343488,all_reduce,2,4
138,0.021,0.037,0.02485,0.022,0.00560007440426762,0,2,1376256,all_reduce,2,4
139,0.022,0.038,0.028149999999999998,0.024,0.005819006215268493,0,2,1409024,all_reduce,2,4
140,0.022,0.042,0.026299999999999997,0.023,0.005967411499134278,0,2,1441792,all_reduce,2,4
141,0.021,0.037,0.02578333333333333,0.022,0.005919154406576069,0,2,1474560,all_reduce,2,4
142,0.023,0.037,0.024699999999999993,0.023,0.004071445279832048,0,2,1507328,all_reduce,2,4
143,0.022,0.04,0.024983333333333326,0.023,0.004787106525751115,0,2,1540096,all_reduce,2,4
144,0.022,0.038,0.027883333333333326,0.025,0.005919154406576069,0,2,1572864,all_reduce,2,4
145,0.024,0.04,0.03036666666666667,0.03,0.005946894614465231,0,2,1605632,all_reduce,2,4
146,0.023,0.046,0.03211666666666667,0.035,0.006148418947628371,0,2,1638400,all_reduce,2,4
147,0.023,0.039,0.029599999999999998,0.028,0.00588840668885339,0,2,1671168,all_reduce,2,4
148,0.024,0.04,0.02786666666666666,0.025,0.005481686682845791,0,2,1703936,all_reduce,2,4
149,0.024,0.038,0.028449999999999996,0.025,0.005139471438452272,0,2,1736704,all_reduce,2,4
150,0.024,0.039,0.02953333333333333,0.025,0.00543282206183449,0,2,1769472,all_reduce,2,4
151,0.024,0.038,0.02798333333333333,0.025,0.0050315394154164085,0,2,1802240,all_reduce,2,4
152,0.024,0.038,0.027633333333333333,0.025,0.00451651291251214,0,2,1835008,all_reduce,2,4
153,0.024,0.04,0.02943333333333333,0.026000000000000002,0.005235668268924438,0,2,1867776,all_reduce,2,4
154,0.024,0.038,0.02686666666666666,0.025,0.004232677114493327,0,2,1900544,all_reduce,2,4
155,0.024,0.038,0.02861666666666667,0.025,0.005199652766184381,0,2,1933312,all_reduce,2,4
156,0.024,0.039,0.02746666666666666,0.025,0.004634891824220088,0,2,1966080,all_reduce,2,4
157,0.024,0.041,0.028083333333333335,0.025,0.005254495429841215,0,2,1998848,all_reduce,2,4
158,0.024,0.038,0.027666666666666662,0.025,0.004500617241618705,0,2,2031616,all_reduce,2,4
159,0.025,0.04,0.031599999999999996,0.035,0.0057393379409126965,0,2,2064384,all_reduce,2,4
160,0.025,0.038,0.027833333333333325,0.025,0.004687453703475078,0,2,2097152,all_reduce,2,4
161,0.025,0.039,0.028899999999999995,0.025,0.005230360089579556,0,2,2129920,all_reduce,2,4
162,0.025,0.038,0.02936666666666666,0.025500000000000002,0.004979848279705807,0,2,2162688,all_reduce,2,4
163,0.025,0.039,0.03181666666666667,0.035,0.0052360661654422295,0,2,2195456,all_reduce,2,4
164,0.025,0.039,0.032049999999999995,0.035,0.005119977213490961,0,2,2228224,all_reduce,2,4
165,0.025,0.039,0.0315,0.0345,0.005090841449767089,0,2,2260992,all_reduce,2,4
166,0.025,0.038,0.02743333333333333,0.025,0.0044021459413437075,0,2,2293760,all_reduce,2,4
167,0.025,0.039,0.030149999999999996,0.028499999999999998,0.0051987979379852795,0,2,2326528,all_reduce,2,4
168,0.025,0.039,0.03245,0.035,0.004944441323344833,0,2,2359296,all_reduce,2,4
169,0.025,0.04,0.0307,0.029,0.005642989751305005,0,2,2392064,all_reduce,2,4
170,0.025,0.039,0.030733333333333335,0.0315,0.005065789397736766,0,2,2424832,all_reduce,2,4
171,0.025,0.039,0.02828333333333333,0.026000000000000002,0.004785713693437537,0,2,2457600,all_reduce,2,4
172,0.025,0.04,0.028666666666666667,0.026000000000000002,0.004522781838156198,0,2,2490368,all_reduce,2,4
173,0.025,0.04,0.03183333333333334,0.034,0.004824129167240676,0,2,2523136,all_reduce,2,4
174,0.026000000000000002,0.041,0.03316666666666667,0.035,0.004630214777835785,0,2,2555904,all_reduce,2,4
175,0.025,0.042,0.031266666666666665,0.032,0.004939185717864388,0,2,2588672,all_reduce,2,4
176,0.026000000000000002,0.047,0.029500000000000005,0.026000000000000002,0.005044799302251776,0,2,2621440,all_reduce,2,4
177,0.026000000000000002,0.038,0.029783333333333335,0.026500000000000003,0.004586544329763845,0,2,2654208,all_reduce,2,4
178,0.026000000000000002,0.039,0.028783333333333334,0.026000000000000002,0.004505891205472625,0,2,2686976,all_reduce,2,4
179,0.026000000000000002,0.038,0.029666666666666668,0.026000000000000002,0.004599516882842757,0,2,2719744,all_reduce,2,4
180,0.026000000000000002,0.038,0.0291,0.026000000000000002,0.00425715084690845,0,2,2752512,all_reduce,2,4
181,0.026000000000000002,0.038,0.028183333333333335,0.026000000000000002,0.003862174114263738,0,2,2785280,all_reduce,2,4
182,0.026000000000000002,0.037,0.029700000000000004,0.026000000000000002,0.004424552708090013,0,2,2818048,all_reduce,2,4
183,0.026000000000000002,0.038,0.029033333333333335,0.026000000000000002,0.004328073731144401,0,2,2850816,all_reduce,2,4
184,0.026000000000000002,0.038,0.026583333333333337,0.026000000000000002,0.002267830583521519,0,2,2883584,all_reduce,2,4
185,0.026000000000000002,0.042,0.028366666666666665,0.026000000000000002,0.004423296910174079,0,2,2916352,all_reduce,2,4
186,0.026000000000000002,0.049,0.030533333333333332,0.027,0.005061181241128948,0,2,2949120,all_reduce,2,4
187,0.026000000000000002,0.062,0.031149999999999997,0.027,0.008043268406976525,0,2,2981888,all_reduce,2,4
188,0.026000000000000002,0.044,0.029033333333333335,0.027,0.004183167327383509,0,2,3014656,all_reduce,2,4
189,0.026000000000000002,0.037,0.028066666666666667,0.027,0.0032653058390022557,0,2,3047424,all_reduce,2,4
190,0.026000000000000002,0.042,0.029666666666666668,0.027,0.004770278351999552,0,2,3080192,all_reduce,2,4
191,0.026000000000000002,0.037,0.027399999999999994,0.027,0.0019425069712444621,0,2,3112960,all_reduce,2,4
192,0.026000000000000002,0.043000000000000003,0.02893333333333333,0.027,0.0039659663247295605,0,2,3145728,all_reduce,2,4
193,0.027,0.048,0.031883333333333326,0.027,0.006145707625833026,0,2,3178496,all_reduce,2,4
194,0.027,0.038,0.02821666666666666,0.027,0.002893047220876671,0,2,3211264,all_reduce,2,4
195,0.027,0.039,0.028499999999999994,0.027,0.0032837986133947587,0,2,3244032,all_reduce,2,4
196,0.027,0.058,0.029316666666666658,0.027,0.005277283602595395,0,2,3276800,all_reduce,2,4
197,0.027,0.038,0.029349999999999998,0.027,0.0038245914814526278,0,2,3309568,all_reduce,2,4
198,0.027,0.046,0.03128333333333334,0.0275,0.0051123760512005465,0,2,3342336,all_reduce,2,4
199,0.027,0.038,0.028566666666666667,0.027,0.00332348545288761,0,2,3375104,all_reduce,2,4
200,0.027,0.04,0.02823333333333333,0.027,0.0030570501395226672,0,2,3407872,all_reduce,2,4
201,0.027,0.046,0.03118333333333333,0.028,0.005159107373266125,0,2,3440640,all_reduce,2,4
202,0.027,0.035,0.02816666666666667,0.028,0.0012405196043952266,0,2,3473408,all_reduce,2,4
203,0.027,0.035,0.02816666666666667,0.028,0.0013312483698477242,0,2,3506176,all_reduce,2,4
204,0.027,0.038,0.029283333333333335,0.028,0.0030391427884995615,0,2,3538944,all_reduce,2,4
205,0.028,0.037,0.02876666666666667,0.028,0.002201262264146541,0,2,3571712,all_reduce,2,4
206,0.028,0.06,0.031599999999999996,0.028,0.005493025881363872,0,2,3604480,all_reduce,2,4
207,0.028,0.037,0.02953333333333334,0.028,0.0030136725472788553,0,2,3637248,all_reduce,2,4
208,0.028,0.036000000000000004,0.028766666666666666,0.028,0.002155355088043629,0,2,3670016,all_reduce,2,4
209,0.028,0.043000000000000003,0.030350000000000002,0.028,0.003876531955240406,0,2,3702784,all_reduce,2,4
210,0.028,0.039,0.028933333333333332,0.028,0.002279376132970501,0,2,3735552,all_reduce,2,4
211,0.028,0.037,0.029333333333333336,0.028,0.0024608038433722337,0,2,3768320,all_reduce,2,4
212,0.028,0.045,0.030699999999999998,0.029,0.003938273733503044,0,2,3801088,all_reduce,2,4
213,0.028,0.041,0.03138333333333333,0.029,0.004143636352555835,0,2,3833856,all_reduce,2,4
214,0.028,0.057,0.03213333333333333,0.029,0.005823706341802921,0,2,3866624,all_reduce,2,4
215,0.028,0.039,0.03223333333333333,0.0295,0.003499365021765457,0,2,3899392,all_reduce,2,4
216,0.028,0.038,0.032183333333333335,0.0315,0.00331406933475381,0,2,3932160,all_reduce,2,4
217,0.029,0.042,0.031066666666666666,0.029,0.0031191166840772236,0,2,3964928,all_reduce,2,4
218,0.029,0.039,0.03156666666666666,0.029,0.00353726196686395,0,2,3997696,all_reduce,2,4
219,0.029,0.038,0.032016666666666665,0.029,0.0035753399216795533,0,2,4030464,all_reduce,2,4
220,0.029,0.039,0.030699999999999998,0.029,0.0029000000000000002,0,2,4063232,all_reduce,2,4
221,0.029,0.037,0.030299999999999997,0.029,0.0026913441499245927,0,2,4096000,all_reduce,2,4
222,0.029,0.037,0.031116666666666664,0.03,0.0027993550844594354,0,2,4128768,all_reduce,2,4
223,0.029,0.037,0.02981666666666666,0.029,0.0020370866997313154,0,2,4161536,all_reduce,2,4
224,0.029,0.039,0.030933333333333334,0.029,0.002960105103239111,0,2,4194304,all_reduce,2,4
225,0.029,0.039,0.03186666666666666,0.03,0.00344222150491349,0,2,4227072,all_reduce,2,4
226,0.029,0.039,0.030766666666666664,0.03,0.0026100234141137935,0,2,4259840,all_reduce,2,4
227,0.029,0.037,0.0313,0.03,0.002728247300618721,0,2,4292608,all_reduce,2,4
228,0.029,0.038,0.031766666666666665,0.03,0.003024161959213752,0,2,4325376,all_reduce,2,4
229,0.03,0.038,0.032600000000000004,0.0305,0.002916619047230316,0,2,4358144,all_reduce,2,4
230,0.03,0.038,0.03255,0.03,0.003084504282160534,0,2,4390912,all_reduce,2,4
231,0.03,0.039,0.0317,0.03,0.0026476404589747464,0,2,4423680,all_reduce,2,4
232,0.03,0.038,0.031400000000000004,0.03,0.002230097157823699,0,2,4456448,all_reduce,2,4
233,0.03,0.037,0.03121666666666667,0.03,0.0021686529357081456,0,2,4489216,all_reduce,2,4
234,0.03,0.048,0.03196666666666667,0.03,0.0032760070546661263,0,2,4521984,all_reduce,2,4
235,0.03,0.037,0.031433333333333334,0.03,0.0021860669909426144,0,2,4554752,all_reduce,2,4
236,0.03,0.039,0.03238333333333333,0.031,0.0029159999237921047,0,2,4587520,all_reduce,2,4
237,0.03,0.038,0.03226666666666667,0.031,0.0023371397523944152,0,2,4620288,all_reduce,2,4
238,0.03,0.038,0.031733333333333336,0.031,0.0017782638224465533,0,2,4653056,all_reduce,2,4
239,0.031,0.038,0.03183333333333333,0.031,0.0018723128893311494,0,2,4685824,all_reduce,2,4
240,0.031,0.037,0.032249999999999994,0.031,0.0021262251370288464,0,2,4718592,all_reduce,2,4
241,0.031,0.039,0.032716666666666665,0.031,0.002569641133612933,0,2,4751360,all_reduce,2,4
242,0.031,0.038,0.03283333333333333,0.031,0.0025243260926873577,0,2,4784128,all_reduce,2,4
243,0.031,0.038,0.0324,0.031,0.002169485346036398,0,2,4816896,all_reduce,2,4
244,0.031,0.037,0.03211666666666667,0.032,0.001603035315338444,0,2,4849664,all_reduce,2,4
245,0.031,0.04,0.03215,0.032,0.0017684739183827405,0,2,4882432,all_reduce,2,4
246,0.031,0.038,0.03246666666666667,0.032,0.0015216949614017782,0,2,4915200,all_reduce,2,4
247,0.031,0.038,0.03321666666666667,0.032,0.00202560004827102,0,2,4947968,all_reduce,2,4
248,0.031,0.039,0.03258333333333333,0.032,0.0015842102834605712,0,2,4980736,all_reduce,2,4
249,0.031,0.038,0.0332,0.032,0.001973153144926499,0,2,5013504,all_reduce,2,4
250,0.032,0.038,0.03291666666666667,0.032,0.0018192641980268349,0,2,5046272,all_reduce,2,4
251,0.032,0.037,0.03241666666666667,0.032,0.001173196014691871,0,2,5079040,all_reduce,2,4
252,0.032,0.038,0.0332,0.032,0.0018690461025168252,0,2,5111808,all_reduce,2,4
253,0.032,0.038,0.03426666666666667,0.033,0.0017403703309608809,0,2,5144576,all_reduce,2,4
254,0.032,0.038,0.03351666666666666,0.033,0.0013963245404354317,0,2,5177344,all_reduce,2,4
255,0.033,0.037,0.034216666666666666,0.033,0.0014842693675864752,0,2,5210112,all_reduce,2,4
256,0.033,0.038,0.03398333333333334,0.033,0.0014316850988336156,0,2,5242880,all_reduce,2,4
257,0.033,0.041,0.03608333333333333,0.036000000000000004,0.0018008485654145245,0,2,5275648,all_reduce,2,4
258,0.033,0.043000000000000003,0.035449999999999995,0.035,0.00155375888305318,0,2,5308416,all_reduce,2,4
259,0.033,0.046,0.036566666666666664,0.036000000000000004,0.0025843546368269363,0,2,5341184,all_reduce,2,4
260,0.033,0.041,0.0362,0.037,0.0019218047073866085,0,2,5373952,all_reduce,2,4
261,0.033,0.038,0.034999999999999996,0.035,0.001316561177208766,0,2,5406720,all_reduce,2,4
262,0.033,0.043000000000000003,0.03591666666666667,0.035,0.003018231638264734,0,2,5439488,all_reduce,2,4
263,0.033,0.041,0.035899999999999994,0.037,0.0020141168453361043,0,2,5472256,all_reduce,2,4
264,0.033,0.039,0.03518333333333333,0.035,0.001627796738607809,0,2,5505024,all_reduce,2,4
265,0.033,0.044,0.03636666666666666,0.036000000000000004,0.002562334005463681,0,2,5537792,all_reduce,2,4
266,0.034,0.04,0.03621666666666667,0.036500000000000005,0.0017038355424029486,0,2,5570560,all_reduce,2,4
267,0.034,0.04,0.03675,0.037,0.0012599603168354134,0,2,5603328,all_reduce,2,4
268,0.035,0.039,0.03655,0.037,0.0011169153951844318,0,2,5636096,all_reduce,2,4
269,0.035,0.039,0.03655,0.037,0.001216894955751452,0,2,5668864,all_reduce,2,4
270,0.035,0.039,0.0364,0.036000000000000004,0.0009165151389911658,0,2,5701632,all_reduce,2,4
271,0.034,0.04,0.03653333333333333,0.037,0.0012036980056845175,0,2,5734400,all_reduce,2,4
272,0.035,0.039,0.03651666666666667,0.037,0.0011901213756961447,0,2,5767168,all_reduce,2,4
273,0.035,0.039,0.03625000000000001,0.036000000000000004,0.001074321491298886,0,2,5799936,all_reduce,2,4
274,0.034,0.038,0.03546666666666666,0.035,0.0011469767022723489,0,2,5832704,all_reduce,2,4
275,0.034,0.039,0.03613333333333334,0.036000000000000004,0.0012710450643291728,0,2,5865472,all_reduce,2,4
276,0.034,0.039,0.03575,0.035,0.00128614410804803,0,2,5898240,all_reduce,2,4
277,0.035,0.04,0.03706666666666667,0.037,0.0008730533902472516,0,2,5931008,all_reduce,2,4
278,0.036000000000000004,0.04,0.03669999999999999,0.036500000000000005,0.0008812869377601504,0,2,5963776,all_reduce,2,4
279,0.035,0.045,0.03711666666666667,0.037,0.001438652919304103,0,2,5996544,all_reduce,2,4
280,0.036000000000000004,0.04,0.03706666666666667,0.037,0.0009463379711052244,0,2,6029312,all_reduce,2,4
281,0.036000000000000004,0.04,0.03726666666666666,0.037,0.000946337971105225,0,2,6062080,all_reduce,2,4
282,0.036000000000000004,0.039,0.03728333333333333,0.037,0.0005799904213768439,0,2,6094848,all_reduce,2,4
283,0.036000000000000004,0.041,0.03663333333333333,0.036000000000000004,0.0008938058451861263,0,2,6127616,all_reduce,2,4
284,0.036000000000000004,0.039,0.03675,0.037,0.0008291561975888478,0,2,6160384,all_reduce,2,4
285,0.036000000000000004,0.039,0.037149999999999996,0.037,0.00070296989029877,0,2,6193152,all_reduce,2,4
286,0.035,0.039,0.036416666666666674,0.036000000000000004,0.0010048493529988553,0,2,6225920,all_reduce,2,4
287,0.036000000000000004,0.039,0.036583333333333336,0.036000000000000004,0.0007139483330201275,0,2,6258688,all_reduce,2,4
288,0.036000000000000004,0.039,0.03678333333333333,0.037,0.000709264094365105,0,2,6291456,all_reduce,2,4
289,0.036000000000000004,0.04,0.03758333333333332,0.038,0.0006902093080282889,0,2,6324224,all_reduce,2,4
290,0.037,0.039,0.037399999999999996,0.037,0.0005537749241945389,0,2,6356992,all_reduce,2,4
291,0.037,0.038,0.03751666666666666,0.038,0.0004997221450188321,0,2,6389760,all_reduce,2,4
292,0.037,0.04,0.03808333333333334,0.038,0.0005257270098529172,0,2,6422528,all_reduce,2,4
293,0.037,0.039,0.0382,0.038,0.0004396968652757644,0,2,6455296,all_reduce,2,4
294,0.038,0.039,0.03858333333333334,0.039,0.0004930066485916352,0,2,6488064,all_reduce,2,4
295,0.038,0.039,0.038366666666666674,0.038,0.0004818944098266991,0,2,6520832,all_reduce,2,4
296,0.038,0.04,0.03873333333333335,0.039,0.0005734883511361756,0,2,6553600,all_reduce,2,4
297,0.038,0.04,0.038916666666666676,0.039,0.0004199867722784721,0,2,6586368,all_reduce,2,4
298,0.038,0.054,0.03903333333333334,0.039,0.001999722202929419,0,2,6619136,all_reduce,2,4
299,0.038,0.04,0.03893333333333335,0.039,0.00040276819911981934,0,2,6651904,all_reduce,2,4
300,0.039,0.04,0.039250000000000014,0.039,0.0004330127018922197,0,2,6684672,all_reduce,2,4
301,0.039,0.04,0.03938333333333334,0.039,0.0004861984048604945,0,2,6717440,all_reduce,2,4
302,0.038,0.04,0.039650000000000005,0.04,0.0005107184482014859,0,2,6750208,all_reduce,2,4
303,0.039,0.041,0.03976666666666668,0.04,0.00046067583203617554,0,2,6782976,all_reduce,2,4
304,0.039,0.041,0.04003333333333334,0.04,0.0003144660377352204,0,2,6815744,all_reduce,2,4
305,0.039,0.041,0.04013333333333334,0.04,0.0003858612300930078,0,2,6848512,all_reduce,2,4
306,0.04,0.042,0.040383333333333334,0.04,0.0005193478816960965,0,2,6881280,all_reduce,2,4
307,0.039,0.041,0.04001666666666667,0.04,0.00028819360776317666,0,2,6914048,all_reduce,2,4
308,0.04,0.041,0.040116666666666675,0.04,0.000321022671404304,0,2,6946816,all_reduce,2,4
309,0.04,0.041,0.04013333333333334,0.04,0.0003399346342395193,0,2,6979584,all_reduce,2,4
310,0.039,0.04,0.03998333333333334,0.04,0.0001280190957978102,0,2,7012352,all_reduce,2,4
311,0.039,0.041,0.040100000000000004,0.04,0.00035118845842842494,0,2,7045120,all_reduce,2,4
312,0.04,0.041,0.04026666666666667,0.04,0.0004422166387140537,0,2,7077888,all_reduce,2,4
313,0.04,0.041,0.04078333333333333,0.041,0.00041197356981027627,0,2,7110656,all_reduce,2,4
314,0.04,0.041,0.04096666666666667,0.041,0.0001795054935711503,0,2,7143424,all_reduce,2,4
315,0.041,0.042,0.04105,0.041,0.00021794494717703385,0,2,7176192,all_reduce,2,4
316,0.041,0.042,0.04105,0.041,0.00021794494717703385,0,2,7208960,all_reduce,2,4
317,0.041,0.043000000000000003,0.04115,0.041,0.00040104031385053245,0,2,7241728,all_reduce,2,4
318,0.041,0.042,0.04131666666666667,0.041,0.00046517619123176245,0,2,7274496,all_reduce,2,4
319,0.041,0.042,0.04115,0.041,0.0003570714214271428,0,2,7307264,all_reduce,2,4
320,0.041,0.042,0.0412,0.041,0.00040000000000000034,0,2,7340032,all_reduce,2,4
321,0.041,0.042,0.041366666666666656,0.041,0.00048189440982669907,0,2,7372800,all_reduce,2,4
322,0.041,0.042,0.04105,0.041,0.00021794494717703385,0,2,7405568,all_reduce,2,4
323,0.041,0.042,0.0412,0.041,0.0004000000000000004,0,2,7438336,all_reduce,2,4
324,0.041,0.042,0.041416666666666664,0.041,0.0004930066485916352,0,2,7471104,all_reduce,2,4
325,0.041,0.043000000000000003,0.04196666666666666,0.042,0.0002560381915956205,0,2,7503872,all_reduce,2,4
326,0.041,0.043000000000000003,0.04204999999999999,0.042,0.0002843120351538666,0,2,7536640,all_reduce,2,4
327,0.042,0.043000000000000003,0.04208333333333332,0.042,0.0002763853991962836,0,2,7569408,all_reduce,2,4
328,0.042,0.043000000000000003,0.042283333333333326,0.042,0.00045061686115319285,0,2,7602176,all_reduce,2,4
329,0.042,0.043000000000000003,0.04276666666666668,0.043000000000000003,0.0004229525846816511,0,2,7634944,all_reduce,2,4
330,0.042,0.043000000000000003,0.04285000000000001,0.043000000000000003,0.0003570714214271428,0,2,7667712,all_reduce,2,4
331,0.041,0.043000000000000003,0.042283333333333326,0.042,0.0004861984048604945,0,2,7700480,all_reduce,2,4
332,0.042,0.043000000000000003,0.04271666666666667,0.043000000000000003,0.0004506168611531929,0,2,7733248,all_reduce,2,4
333,0.042,0.043000000000000003,0.04285000000000001,0.043000000000000003,0.0003570714214271428,0,2,7766016,all_reduce,2,4
334,0.042,0.043000000000000003,0.04218333333333334,0.042,0.000386939558874797,0,2,7798784,all_reduce,2,4
335,0.042,0.043000000000000003,0.0427,0.043000000000000003,0.0004582575694955844,0,2,7831552,all_reduce,2,4
336,0.042,0.043000000000000003,0.04280000000000001,0.043000000000000003,0.0004000000000000003,0,2,7864320,all_reduce,2,4
337,0.043000000000000003,0.044,0.043100000000000006,0.043000000000000003,0.0002999999999999982,0,2,7897088,all_reduce,2,4
338,0.043000000000000003,0.044,0.04305000000000001,0.043000000000000003,0.00021794494717703236,0,2,7929856,all_reduce,2,4
339,0.043000000000000003,0.044,0.04308333333333334,0.043000000000000003,0.00027638539919628164,0,2,7962624,all_reduce,2,4
340,0.043000000000000003,0.044,0.04378333333333333,0.044,0.00041197356981027345,0,2,7995392,all_reduce,2,4
341,0.043000000000000003,0.045,0.04388333333333334,0.044,0.0003693086634360038,0,2,8028160,all_reduce,2,4
342,0.042,0.045,0.0439,0.044,0.0003958114029012624,0,2,8060928,all_reduce,2,4
343,0.043000000000000003,0.045,0.04386666666666667,0.044,0.0004268749491621879,0,2,8093696,all_reduce,2,4
344,0.043000000000000003,0.045,0.04393333333333333,0.044,0.00035901098714229883,0,2,8126464,all_reduce,2,4
345,0.043000000000000003,0.045,0.04395,0.044,0.00028431203515386506,0,2,8159232,all_reduce,2,4
346,0.043000000000000003,0.044,0.043733333333333325,0.044,0.00044221663871405067,0,2,8192000,all_reduce,2,4
347,0.043000000000000003,0.045,0.04386666666666667,0.044,0.0003858612300930055,0,2,8224768,all_reduce,2,4
348,0.043000000000000003,0.045,0.04396666666666667,0.044,0.00025603819159561924,0,2,8257536,all_reduce,2,4
349,0.044,0.045,0.04408333333333333,0.044,0.00027638539919628354,0,2,8290304,all_reduce,2,4
350,0.044,0.045,0.044233333333333326,0.044,0.0004229525846816511,0,2,8323072,all_reduce,2,4
351,0.044,0.046,0.04438333333333333,0.044,0.0005193478816960965,0,2,8355840,all_reduce,2,4
352,0.044,0.045,0.04493333333333332,0.045,0.00024944382578492966,0,2,8388608,all_reduce,2,4
353,0.045,0.046,0.04503333333333332,0.045,0.00017950549357115028,0,2,8421376,all_reduce,2,4
354,0.045,0.046,0.04504999999999999,0.045,0.00021794494717703388,0,2,8454144,all_reduce,2,4
355,0.043000000000000003,0.046,0.04493333333333332,0.045,0.00040276819911981896,0,2,8486912,all_reduce,2,4
356,0.044,0.046,0.045049999999999986,0.045,0.00028431203515386663,0,2,8519680,all_reduce,2,4
357,0.045,0.046,0.04503333333333332,0.045,0.0001795054935711503,0,2,8552448,all_reduce,2,4
358,0.044,0.045,0.04493333333333333,0.045,0.00024944382578492966,0,2,8585216,all_reduce,2,4
359,0.044,0.045,0.04496666666666666,0.045,0.00017950549357115028,0,2,8617984,all_reduce,2,4
360,0.044,0.046,0.04499999999999999,0.045,0.00018257418583505553,0,2,8650752,all_reduce,2,4
361,0.045,0.046,0.045183333333333325,0.045,0.0003869395588747969,0,2,8683520,all_reduce,2,4
362,0.045,0.046,0.045533333333333315,0.046,0.0004988876515698592,0,2,8716288,all_reduce,2,4
363,0.045,0.046,0.04576666666666665,0.046,0.000422952584681651,0,2,8749056,all_reduce,2,4
364,0.045,0.046,0.04584999999999998,0.046,0.0003570714214271428,0,2,8781824,all_reduce,2,4
365,0.045,0.047,0.04599999999999998,0.046,0.00018257418583505553,0,2,8814592,all_reduce,2,4
366,0.046,0.047,0.04613333333333332,0.046,0.0003399346342395193,0,2,8847360,all_reduce,2,4
367,0.045,0.047,0.04603333333333333,0.046,0.00025603819159562054,0,2,8880128,all_reduce,2,4
368,0.046,0.047,0.04613333333333332,0.046,0.0003399346342395193,0,2,8912896,all_reduce,2,4
369,0.046,0.047,0.04619999999999999,0.046,0.0004000000000000003,0,2,8945664,all_reduce,2,4
370,0.045,0.046,0.045983333333333314,0.046,0.00012801909579781027,0,2,8978432,all_reduce,2,4
371,0.045,0.047,0.04604999999999999,0.046,0.00028431203515386663,0,2,9011200,all_reduce,2,4
372,0.046,0.047,0.04609999999999999,0.046,0.0003000000000000003,0,2,9043968,all_reduce,2,4
373,0.046,0.047,0.04653333333333333,0.047,0.0004988876515698593,0,2,9076736,all_reduce,2,4
374,0.046,0.047,0.04678333333333333,0.047,0.00041197356981027627,0,2,9109504,all_reduce,2,4
375,0.046,0.047,0.04693333333333334,0.047,0.00024944382578492966,0,2,9142272,all_reduce,2,4
376,0.046,0.048,0.04700000000000001,0.047,0.00018257418583505553,0,2,9175040,all_reduce,2,4
377,0.047,0.048,0.04716666666666667,0.047,0.0003726779962499653,0,2,9207808,all_reduce,2,4
378,0.047,0.048,0.047166666666666676,0.047,0.00037267799624996525,0,2,9240576,all_reduce,2,4
379,0.046,0.048,0.047,0.047,0.00018257418583505553,0,2,9273344,all_reduce,2,4
380,0.047,0.048,0.04703333333333334,0.047,0.00017950549357115028,0,2,9306112,all_reduce,2,4
381,0.047,0.048,0.04716666666666667,0.047,0.0003726779962499653,0,2,9338880,all_reduce,2,4
382,0.047,0.048,0.04705000000000001,0.047,0.00021794494717703385,0,2,9371648,all_reduce,2,4
383,0.047,0.048,0.04706666666666667,0.047,0.00024944382578492966,0,2,9404416,all_reduce,2,4
384,0.047,0.048,0.04713333333333334,0.047,0.0003399346342395193,0,2,9437184,all_reduce,2,4
385,0.047,0.048,0.047799999999999995,0.048,0.00040000000000000034,0,2,9469952,all_reduce,2,4
386,0.047,0.048,0.04788333333333334,0.048,0.00032102267140430397,0,2,9502720,all_reduce,2,4
387,0.047,0.049,0.04795,0.048,0.0002843120351538667,0,2,9535488,all_reduce,2,4
388,0.048,0.049,0.04808333333333333,0.048,0.00027638539919628354,0,2,9568256,all_reduce,2,4
389,0.048,0.049,0.048283333333333324,0.048,0.00045061686115319285,0,2,9601024,all_reduce,2,4
390,0.048,0.19,0.05101666666666667,0.049,0.0181001764877829,0,2,9633792,all_reduce,2,4
391,0.048,0.049,0.04811666666666666,0.048,0.000321022671404304,0,2,9666560,all_reduce,2,4
392,0.048,0.049,0.048266666666666666,0.048,0.0004422166387140537,0,2,9699328,all_reduce,2,4
393,0.048,0.049,0.04861666666666666,0.049,0.0004861984048604945,0,2,9732096,all_reduce,2,4
394,0.048,0.049,0.04815,0.048,0.00035707142142714284,0,2,9764864,all_reduce,2,4
395,0.048,0.049,0.04828333333333333,0.048,0.00045061686115319285,0,2,9797632,all_reduce,2,4
396,0.048,0.049,0.04856666666666666,0.049,0.0004955356249106172,0,2,9830400,all_reduce,2,4
397,0.048,0.049,0.048966666666666665,0.049,0.00017950549357115028,0,2,9863168,all_reduce,2,4
398,0.049,0.05,0.04901666666666666,0.049,0.00012801909579781022,0,2,9895936,all_reduce,2,4
399,0.048,0.05,0.049083333333333326,0.049,0.00033124344857253014,0,2,9928704,all_reduce,2,4
400,0.049,0.073,0.04971666666666665,0.049,0.003066440209029935,0,2,9961472,all_reduce,2,4
401,0.049,0.05,0.04953333333333332,0.05,0.0004988876515698593,0,2,9994240,all_reduce,2,4
402,0.049,0.05,0.04979999999999998,0.05,0.00040000000000000034,0,2,10027008,all_reduce,2,4
403,0.049,0.05,0.049649999999999986,0.05,0.00047696960070847325,0,2,10059776,all_reduce,2,4
404,0.049,0.05,0.049883333333333314,0.05,0.00032102267140430397,0,2,10092544,all_reduce,2,4
405,0.049,0.051000000000000004,0.04996666666666665,0.05,0.00025603819159562054,0,2,10125312,all_reduce,2,4
406,0.049,0.05,0.04974999999999999,0.05,0.0004330127018922197,0,2,10158080,all_reduce,2,4
407,0.049,0.051000000000000004,0.049883333333333314,0.05,0.000369308663436006,0,2,10190848,all_reduce,2,4
408,0.049,0.051000000000000004,0.04996666666666665,0.05,0.0003144660377352204,0,2,10223616,all_reduce,2,4
409,0.05,0.051000000000000004,0.05031666666666666,0.05,0.00046517619123176245,0,2,10256384,all_reduce,2,4
410,0.05,0.051000000000000004,0.050499999999999996,0.0505,0.0005000000000000004,0,2,10289152,all_reduce,2,4
411,0.05,0.051000000000000004,0.050733333333333325,0.051000000000000004,0.00044221663871405365,0,2,10321920,all_reduce,2,4
412,0.05,0.051000000000000004,0.05095000000000001,0.051000000000000004,0.00021794494717703388,0,2,10354688,all_reduce,2,4
413,0.05,0.052000000000000005,0.051050000000000005,0.051000000000000004,0.00028431203515386663,0,2,10387456,all_reduce,2,4
414,0.051000000000000004,0.052000000000000005,0.05105000000000001,0.051000000000000004,0.00021794494717703385,0,2,10420224,all_reduce,2,4
415,0.05,0.052000000000000005,0.05086666666666668,0.051000000000000004,0.00038586123009300784,0,2,10452992,all_reduce,2,4
416,0.051000000000000004,0.052000000000000005,0.051016666666666675,0.051000000000000004,0.00012801909579781027,0,2,10485760,all_reduce,2,4
417,0.051000000000000004,0.052000000000000005,0.05103333333333334,0.051000000000000004,0.00017950549357115028,0,2,10518528,all_reduce,2,4
418,0.05,0.051000000000000004,0.05085,0.051000000000000004,0.0003570714214271428,0,2,10551296,all_reduce,2,4
419,0.05,0.051000000000000004,0.050983333333333346,0.051000000000000004,0.00012801909579781022,0,2,10584064,all_reduce,2,4
420,0.051000000000000004,0.052000000000000005,0.05106666666666668,0.051000000000000004,0.00024944382578492966,0,2,10616832,all_reduce,2,4
421,0.051000000000000004,0.052000000000000005,0.05135000000000001,0.051000000000000004,0.0004769696007084733,0,2,10649600,all_reduce,2,4
422,0.051000000000000004,0.052000000000000005,0.051533333333333334,0.052000000000000005,0.0004988876515698593,0,2,10682368,all_reduce,2,4
423,0.051000000000000004,0.166,0.05351666666666667,0.052000000000000005,0.014652066596748583,0,2,10715136,all_reduce,2,4
424,0.051000000000000004,0.053,0.052000000000000005,0.052000000000000005,0.0001825741858350549,0,2,10747904,all_reduce,2,4
425,0.052000000000000005,0.053,0.052033333333333334,0.052000000000000005,0.00017950549357114906,0,2,10780672,all_reduce,2,4
426,0.052000000000000005,0.053,0.05221666666666667,0.052000000000000005,0.00041197356981027334,0,2,10813440,all_reduce,2,4
427,0.052000000000000005,0.052000000000000005,0.052000000000000005,0.052000000000000005,0.0,0,2,10846208,all_reduce,2,4
428,0.052000000000000005,0.053,0.05210000000000001,0.052000000000000005,0.0002999999999999982,0,2,10878976,all_reduce,2,4
429,0.052000000000000005,0.053,0.05218333333333333,0.052000000000000005,0.0003869395588747942,0,2,10911744,all_reduce,2,4
430,0.052000000000000005,0.053,0.05206666666666667,0.052000000000000005,0.0002494438257849279,0,2,10944512,all_reduce,2,4
431,0.052000000000000005,0.053,0.052333333333333336,0.052000000000000005,0.0004714045207910289,0,2,10977280,all_reduce,2,4
432,0.052000000000000005,0.053,0.052366666666666666,0.052000000000000005,0.00048189440982669576,0,2,11010048,all_reduce,2,4
433,0.052000000000000005,0.053,0.052766666666666656,0.053,0.0004229525846816481,0,2,11042816,all_reduce,2,4
434,0.052000000000000005,0.054,0.052933333333333325,0.053,0.000309120616516522,0,2,11075584,all_reduce,2,4
435,0.052000000000000005,0.053,0.052933333333333325,0.053,0.000249443825784928,0,2,11108352,all_reduce,2,4
436,0.053,0.054,0.05316666666666666,0.053,0.0003726779962499652,0,2,11141120,all_reduce,2,4
437,0.053,0.054,0.053399999999999996,0.053,0.000489897948556636,0,2,11173888,all_reduce,2,4
438,0.053,0.054,0.053599999999999995,0.054,0.000489897948556636,0,2,11206656,all_reduce,2,4
439,0.053,0.054,0.053183333333333326,0.053,0.00038693955887479696,0,2,11239424,all_reduce,2,4
440,0.053,0.054,0.05331666666666666,0.053,0.00046517619123176245,0,2,11272192,all_reduce,2,4
441,0.053,0.054,0.05351666666666666,0.054,0.0004997221450188321,0,2,11304960,all_reduce,2,4
442,0.053,0.054,0.053183333333333326,0.053,0.00038693955887479696,0,2,11337728,all_reduce,2,4
443,0.053,0.054,0.053399999999999996,0.053,0.000489897948556636,0,2,11370496,all_reduce,2,4
444,0.053,0.054,0.05356666666666666,0.054,0.0004955356249106172,0,2,11403264,all_reduce,2,4
445,0.054,0.055,0.054183333333333326,0.054,0.0003869395588747969,0,2,11436032,all_reduce,2,4
446,0.054,0.055,0.054400000000000004,0.054,0.000489897948556636,0,2,11468800,all_reduce,2,4
447,0.054,0.055,0.05468333333333334,0.055,0.00046517619123176245,0,2,11501568,all_reduce,2,4
448,0.055,0.056,0.055250000000000014,0.055,0.0004330127018922197,0,2,11534336,all_reduce,2,4
449,0.055,0.056,0.05543333333333334,0.055,0.0004955356249106172,0,2,11567104,all_reduce,2,4
450,0.055,0.057,0.055650000000000005,0.056,0.0005107184482014859,0,2,11599872,all_reduce,2,4
451,0.055,0.056,0.055033333333333344,0.055,0.00017950549357115028,0,2,11632640,all_reduce,2,4
452,0.055,0.056,0.05510000000000001,0.055,0.00030000000000000024,0,2,11665408,all_reduce,2,4
453,0.055,0.056,0.05523333333333334,0.055,0.000422952584681651,0,2,11698176,all_reduce,2,4
454,0.054,0.055,0.05490000000000001,0.055,0.0003000000000000003,0,2,11730944,all_reduce,2,4
455,0.054,0.056,0.05495000000000001,0.055,0.0002843120351538666,0,2,11763712,all_reduce,2,4
456,0.055,0.056,0.05506666666666668,0.055,0.00024944382578492966,0,2,11796480,all_reduce,2,4
457,0.055,0.056,0.055650000000000005,0.056,0.00047696960070847325,0,2,11829248,all_reduce,2,4
458,0.055,0.056,0.05588333333333335,0.056,0.00032102267140430397,0,2,11862016,all_reduce,2,4
459,0.055,0.056,0.05596666666666668,0.056,0.0001795054935711503,0,2,11894784,all_reduce,2,4
460,0.056,0.057,0.0566,0.057,0.000489897948556636,0,2,11927552,all_reduce,2,4
461,0.056,0.057,0.05681666666666666,0.057,0.0003869395588747969,0,2,11960320,all_reduce,2,4
462,0.056,0.058,0.0569,0.057,0.00035118845842842494,0,2,11993088,all_reduce,2,4
463,0.056,0.057,0.05615000000000001,0.056,0.00035707142142714284,0,2,12025856,all_reduce,2,4
464,0.056,0.058,0.056383333333333334,0.056,0.0005193478816960965,0,2,12058624,all_reduce,2,4
465,0.056,0.057,0.05636666666666667,0.056,0.00048189440982669907,0,2,12091392,all_reduce,2,4
466,0.055,0.056,0.05596666666666668,0.056,0.0001795054935711503,0,2,12124160,all_reduce,2,4
467,0.056,0.057,0.05613333333333334,0.056,0.0003399346342395193,0,2,12156928,all_reduce,2,4
468,0.055,0.057,0.05601666666666667,0.056,0.0002229848026709944,0,2,12189696,all_reduce,2,4
469,0.056,0.057,0.05696666666666667,0.057,0.0001795054935711503,0,2,12222464,all_reduce,2,4
470,0.057,0.058,0.05703333333333333,0.057,0.0001795054935711503,0,2,12255232,all_reduce,2,4
471,0.057,0.058,0.05708333333333333,0.057,0.00027638539919628354,0,2,12288000,all_reduce,2,4
472,0.057,0.059000000000000004,0.05806666666666666,0.058,0.00035901098714230057,0,2,12320768,all_reduce,2,4
473,0.058,0.059000000000000004,0.05823333333333333,0.058,0.0004229525846816511,0,2,12353536,all_reduce,2,4
474,0.057,0.059000000000000004,0.05826666666666666,0.058,0.0004784233364802446,0,2,12386304,all_reduce,2,4
475,0.057,0.059000000000000004,0.05766666666666666,0.058,0.0005055250296034372,0,2,12419072,all_reduce,2,4
476,0.057,0.058,0.05776666666666666,0.058,0.00042295258468165095,0,2,12451840,all_reduce,2,4
477,0.057,0.059000000000000004,0.05779999999999999,0.058,0.00043969686527576434,0,2,12484608,all_reduce,2,4
478,0.057,0.058,0.057050000000000003,0.057,0.00021794494717703385,0,2,12517376,all_reduce,2,4
479,0.057,0.058,0.05708333333333333,0.057,0.00027638539919628354,0,2,12550144,all_reduce,2,4
480,0.057,0.058,0.05715,0.057,0.00035707142142714284,0,2,12582912,all_reduce,2,4
481,0.058,0.059000000000000004,0.058083333333333334,0.058,0.00027638539919628354,0,2,12615680,all_reduce,2,4
482,0.058,0.059000000000000004,0.058133333333333335,0.058,0.00033993463423951926,0,2,12648448,all_reduce,2,4
483,0.058,0.059000000000000004,0.05825,0.058,0.0004330127018922197,0,2,12681216,all_reduce,2,4
484,0.059000000000000004,0.06,0.05926666666666667,0.059000000000000004,0.00044221663871405067,0,2,12713984,all_reduce,2,4
485,0.059000000000000004,0.06,0.05941666666666668,0.059000000000000004,0.0004930066485916316,0,2,12746752,all_reduce,2,4
486,0.059000000000000004,0.06,0.05940000000000001,0.059000000000000004,0.0004898979485566326,0,2,12779520,all_reduce,2,4
487,0.059000000000000004,0.06,0.059533333333333334,0.06,0.0004988876515698558,0,2,12812288,all_reduce,2,4
488,0.059000000000000004,0.06,0.059649999999999995,0.06,0.00047696960070847,0,2,12845056,all_reduce,2,4
489,0.059000000000000004,0.06,0.059699999999999996,0.06,0.00045825756949558123,0,2,12877824,all_reduce,2,4
490,0.059000000000000004,0.061,0.059833333333333336,0.06,0.0004533823502911793,0,2,12910592,all_reduce,2,4
491,0.059000000000000004,0.061,0.05996666666666666,0.06,0.0002560381915956192,0,2,12943360,all_reduce,2,4
492,0.059000000000000004,0.061,0.0601,0.06,0.00035118845842842456,0,2,12976128,all_reduce,2,4
493,0.06,0.061,0.06036666666666667,0.06,0.0004818944098266991,0,2,13008896,all_reduce,2,4
494,0.06,0.061,0.06048333333333333,0.06,0.0004997221450188321,0,2,13041664,all_reduce,2,4
495,0.06,0.061,0.06053333333333333,0.061,0.0004988876515698593,0,2,13074432,all_reduce,2,4
496,0.061,0.062,0.06118333333333333,0.061,0.000386939558874797,0,2,13107200,all_reduce,2,4
497,0.061,0.062,0.0612,0.061,0.0004000000000000004,0,2,13139968,all_reduce,2,4
498,0.061,0.062,0.06131666666666666,0.061,0.00046517619123176245,0,2,13172736,all_reduce,2,4
499,0.06,0.062,0.06108333333333333,0.061,0.0003782268572636742,0,2,13205504,all_reduce,2,4
500,0.06,0.062,0.061033333333333335,0.061,0.0002560381915956205,0,2,13238272,all_reduce,2,4
501,0.06,0.062,0.06105,0.061,0.00028431203515386663,0,2,13271040,all_reduce,2,4
502,0.06,0.062,0.06105,0.061,0.0002843120351538667,0,2,13303808,all_reduce,2,4
503,0.061,0.062,0.06121666666666666,0.061,0.00041197356981027627,0,2,13336576,all_reduce,2,4
504,0.061,0.062,0.06108333333333333,0.061,0.00027638539919628354,0,2,13369344,all_reduce,2,4
505,0.06,0.063,0.061833333333333323,0.062,0.0004533823502911818,0,2,13402112,all_reduce,2,4
506,0.061,0.063,0.06196666666666665,0.062,0.0003144660377352204,0,2,13434880,all_reduce,2,4
507,0.061,0.063,0.06204999999999998,0.062,0.0002843120351538666,0,2,13467648,all_reduce,2,4
508,0.062,0.063,0.06245,0.062,0.0004974937185533104,0,2,13500416,all_reduce,2,4
509,0.062,0.063,0.06253333333333333,0.063,0.0004988876515698593,0,2,13533184,all_reduce,2,4
510,0.062,0.063,0.06263333333333333,0.063,0.00048189440982669907,0,2,13565952,all_reduce,2,4
511,0.062,0.063,0.06241666666666666,0.062,0.0004930066485916352,0,2,13598720,all_reduce,2,4
512,0.062,0.063,0.06233333333333333,0.062,0.00047140452079103207,0,2,13631488,all_reduce,2,4
513,0.062,0.063,0.06230000000000001,0.062,0.00045825756949558437,0,2,13664256,all_reduce,2,4
514,0.062,0.063,0.06233333333333334,0.062,0.00047140452079103207,0,2,13697024,all_reduce,2,4
515,0.062,0.063,0.06258333333333334,0.063,0.0004930066485916352,0,2,13729792,all_reduce,2,4
516,0.062,0.063,0.06255000000000001,0.063,0.0004974937185533105,0,2,13762560,all_reduce,2,4
517,0.062,0.064,0.06298333333333334,0.063,0.0004278499217664483,0,2,13795328,all_reduce,2,4
518,0.062,0.064,0.06308333333333334,0.063,0.0003782268572636742,0,2,13828096,all_reduce,2,4
519,0.063,0.064,0.06316666666666668,0.063,0.00037267799624996525,0,2,13860864,all_reduce,2,4
520,0.063,0.065,0.06388333333333335,0.064,0.00048619840486049454,0,2,13893632,all_reduce,2,4
521,0.063,0.065,0.06395,0.064,0.0004974937185533104,0,2,13926400,all_reduce,2,4
522,0.063,0.065,0.06388333333333333,0.064,0.00041197356981027627,0,2,13959168,all_reduce,2,4
523,0.063,0.065,0.0637,0.064,0.0005259911279353171,0,2,13991936,all_reduce,2,4
524,0.063,0.065,0.06390000000000001,0.064,0.0005066228051190225,0,2,14024704,all_reduce,2,4
525,0.063,0.065,0.064,0.064,0.0004830458915396484,0,2,14057472,all_reduce,2,4
526,0.063,0.065,0.06363333333333335,0.064,0.0005467073155618913,0,2,14090240,all_reduce,2,4
527,0.063,0.065,0.06375,0.064,0.0005664215155988815,0,2,14123008,all_reduce,2,4
528,0.063,0.065,0.06376666666666668,0.064,0.0004606758320361756,0,2,14155776,all_reduce,2,4
529,0.064,0.065,0.06435,0.064,0.00047696960070847325,0,2,14188544,all_reduce,2,4
530,0.064,0.065,0.06453333333333333,0.065,0.0004988876515698593,0,2,14221312,all_reduce,2,4
531,0.064,0.065,0.0645,0.0645,0.0005000000000000006,0,2,14254080,all_reduce,2,4
532,0.064,0.066,0.0649,0.065,0.00047258156262526123,0,2,14286848,all_reduce,2,4
533,0.064,0.066,0.06503333333333333,0.065,0.0004068851871911238,0,2,14319616,all_reduce,2,4
534,0.064,0.066,0.06521666666666666,0.065,0.0005193478816960966,0,2,14352384,all_reduce,2,4
535,0.064,0.066,0.06463333333333333,0.065,0.0005467073155618913,0,2,14385152,all_reduce,2,4
536,0.064,0.066,0.0648,0.065,0.0004396968652757644,0,2,14417920,all_reduce,2,4
537,0.064,0.066,0.06495,0.065,0.0004252450274057694,0,2,14450688,all_reduce,2,4
538,0.064,0.065,0.06461666666666667,0.065,0.0004861984048604945,0,2,14483456,all_reduce,2,4
539,0.064,0.066,0.06486666666666667,0.065,0.00042687494916219035,0,2,14516224,all_reduce,2,4
540,0.064,0.066,0.06496666666666666,0.065,0.0003636237371545241,0,2,14548992,all_reduce,2,4
541,0.065,0.066,0.06528333333333333,0.065,0.00045061686115319285,0,2,14581760,all_reduce,2,4
542,0.065,0.066,0.06549999999999999,0.0655,0.0005000000000000004,0,2,14614528,all_reduce,2,4
543,0.065,0.066,0.06563333333333332,0.066,0.00048189440982669907,0,2,14647296,all_reduce,2,4
544,0.065,0.067,0.06611666666666666,0.066,0.000369308663436006,0,2,14680064,all_reduce,2,4
545,0.065,0.067,0.06623333333333334,0.066,0.0004606758320361755,0,2,14712832,all_reduce,2,4
546,0.066,0.067,0.06623333333333334,0.066,0.000422952584681651,0,2,14745600,all_reduce,2,4
547,0.065,0.067,0.06616666666666667,0.066,0.0005217491947499514,0,2,14778368,all_reduce,2,4
548,0.066,0.067,0.06611666666666666,0.066,0.00032102267140430397,0,2,14811136,all_reduce,2,4
549,0.065,0.067,0.06618333333333333,0.066,0.00042784992176644817,0,2,14843904,all_reduce,2,4
550,0.066,0.067,0.06621666666666666,0.066,0.0004119735698102762,0,2,14876672,all_reduce,2,4
551,0.066,0.067,0.06628333333333333,0.066,0.00045061686115319285,0,2,14909440,all_reduce,2,4
552,0.066,0.067,0.06648333333333332,0.066,0.0004997221450188321,0,2,14942208,all_reduce,2,4
553,0.066,0.068,0.0669,0.067,0.000538516480713451,0,2,14974976,all_reduce,2,4
554,0.066,0.068,0.06703333333333333,0.067,0.0003636237371545242,0,2,15007744,all_reduce,2,4
555,0.066,0.068,0.0671,0.067,0.0003958114029012642,0,2,15040512,all_reduce,2,4
556,0.067,0.068,0.06751666666666667,0.068,0.0004997221450188321,0,2,15073280,all_reduce,2,4
557,0.067,0.069,0.06753333333333335,0.068,0.0005312459150169747,0,2,15106048,all_reduce,2,4
558,0.067,0.069,0.06781666666666666,0.068,0.0005624845676895407,0,2,15138816,all_reduce,2,4
559,0.067,0.069,0.06758333333333334,0.068,0.0005257270098529172,0,2,15171584,all_reduce,2,4
560,0.067,0.069,0.06778333333333333,0.068,0.0006080478782318239,0,2,15204352,all_reduce,2,4
561,0.067,0.069,0.06781666666666666,0.068,0.0005913731666403396,0,2,15237120,all_reduce,2,4
562,0.066,0.068,0.06750000000000002,0.068,0.0005322906474223775,0,2,15269888,all_reduce,2,4
563,0.067,0.069,0.06761666666666667,0.068,0.0005193478816960965,0,2,15302656,all_reduce,2,4
564,0.067,0.068,0.06755000000000001,0.068,0.0004974937185533105,0,2,15335424,all_reduce,2,4
565,0.068,0.069,0.0682,0.068,0.0004000000000000003,0,2,15368192,all_reduce,2,4
566,0.068,0.069,0.06831666666666666,0.068,0.0004651761912317625,0,2,15400960,all_reduce,2,4
567,0.068,0.07,0.06841666666666665,0.068,0.0005257270098529173,0,2,15433728,all_reduce,2,4
568,0.068,0.07,0.06865000000000002,0.069,0.0005423713365090998,0,2,15466496,all_reduce,2,4
569,0.068,0.07,0.0688,0.069,0.000509901951359279,0,2,15499264,all_reduce,2,4
570,0.068,0.07,0.06910000000000001,0.069,0.0005972157622389646,0,2,15532032,all_reduce,2,4
571,0.068,0.07,0.06878333333333335,0.069,0.0005193478816960965,0,2,15564800,all_reduce,2,4
572,0.068,0.07,0.0689,0.069,0.0005972157622389646,0,2,15597568,all_reduce,2,4
573,0.068,0.07,0.06898333333333334,0.069,0.0005320296566504126,0,2,15630336,all_reduce,2,4
574,0.068,0.07,0.06865000000000002,0.069,0.0005722761571129803,0,2,15663104,all_reduce,2,4
575,0.068,0.07,0.06885000000000001,0.069,0.0005107184482014858,0,2,15695872,all_reduce,2,4
576,0.068,0.07,0.06908333333333334,0.069,0.0005565269285688004,0,2,15728640,all_reduce,2,4
577,0.069,0.07100000000000001,0.06973333333333334,0.07,0.00047842333648024456,0,2,15761408,all_reduce,2,4
578,0.069,0.07100000000000001,0.06983333333333334,0.07,0.0005527707983925671,0,2,15794176,all_reduce,2,4
579,0.069,0.07100000000000001,0.0699,0.07,0.000538516480713451,0,2,15826944,all_reduce,2,4
580,0.069,0.07100000000000001,0.07021666666666668,0.07,0.0004861984048604945,0,2,15859712,all_reduce,2,4
581,0.07,0.07100000000000001,0.07031666666666668,0.07,0.00046517619123176245,0,2,15892480,all_reduce,2,4
582,0.07,0.07100000000000001,0.07051666666666666,0.07100000000000001,0.000499722145018832,0,2,15925248,all_reduce,2,4
583,0.069,0.07100000000000001,0.06996666666666669,0.07,0.0004459696053419888,0,2,15958016,all_reduce,2,4
584,0.069,0.07100000000000001,0.07015,0.07,0.0004769696007084732,0,2,15990784,all_reduce,2,4
585,0.069,0.07100000000000001,0.07020000000000001,0.07,0.00047609522856952377,0,2,16023552,all_reduce,2,4
586,0.07,0.07100000000000001,0.07018333333333333,0.07,0.00038693955887479696,0,2,16056320,all_reduce,2,4
587,0.07,0.07100000000000001,0.07035000000000001,0.07,0.0004769696007084733,0,2,16089088,all_reduce,2,4
588,0.07,0.07100000000000001,0.0705,0.07050000000000001,0.0005000000000000004,0,2,16121856,all_reduce,2,4
589,0.07,0.07200000000000001,0.07085000000000001,0.07100000000000001,0.0005423713365090998,0,2,16154624,all_reduce,2,4
590,0.07,0.07200000000000001,0.07141666666666667,0.07100000000000001,0.0005257270098529172,0,2,16187392,all_reduce,2,4
591,0.07100000000000001,0.07200000000000001,0.0715,0.07150000000000001,0.0005000000000000004,0,2,16220160,all_reduce,2,4
592,0.07100000000000001,0.07200000000000001,0.07175,0.07200000000000001,0.0004330127018922197,0,2,16252928,all_reduce,2,4
593,0.07100000000000001,0.073,0.07188333333333334,0.07200000000000001,0.0004506168611531912,0,2,16285696,all_reduce,2,4
594,0.07100000000000001,0.073,0.07208333333333335,0.07200000000000001,0.0005565269285687959,0,2,16318464,all_reduce,2,4
595,0.07100000000000001,0.07200000000000001,0.07166666666666668,0.07200000000000001,0.00047140452079103207,0,2,16351232,all_reduce,2,4
596,0.07100000000000001,0.073,0.07183333333333333,0.07200000000000001,0.00045338235029118067,0,2,16384000,all_reduce,2,4
597,0.07100000000000001,0.073,0.07181666666666667,0.07200000000000001,0.0004997221450188305,0,2,16416768,all_reduce,2,4
598,0.07100000000000001,0.073,0.07165,0.07200000000000001,0.0005107184482014851,0,2,16449536,all_reduce,2,4
599,0.07100000000000001,0.073,0.07186666666666668,0.07200000000000001,0.0004988876515698571,0,2,16482304,all_reduce,2,4
600,0.07100000000000001,0.073,0.07208333333333333,0.07200000000000001,0.0004930066485916308,0,2,16515072,all_reduce,2,4
601,0.07100000000000001,0.073,0.07248333333333337,0.07250000000000001,0.000532029656650406,0,2,16547840,all_reduce,2,4
602,0.07100000000000001,0.074,0.07258333333333335,0.073,0.0005857094463601801,0,2,16580608,all_reduce,2,4
603,0.07200000000000001,0.074,0.0726166666666667,0.073,0.0005505048188304522,0,2,16613376,all_reduce,2,4
604,0.07200000000000001,0.074,0.07318333333333335,0.073,0.0006452820227535284,0,2,16646144,all_reduce,2,4
605,0.07200000000000001,0.074,0.07325000000000002,0.073,0.0006739188873051882,0,2,16678912,all_reduce,2,4
606,0.07200000000000001,0.074,0.07343333333333334,0.073,0.0005878397362849454,0,2,16711680,all_reduce,2,4
607,0.07200000000000001,0.074,0.07285000000000001,0.073,0.0006278269400612407,0,2,16744448,all_reduce,2,4
608,0.07200000000000001,0.074,0.0732,0.073,0.0006782329983125238,0,2,16777216,all_reduce,2,4
609,0.07200000000000001,0.074,0.07298333333333336,0.073,0.0006452820227535273,0,2,16777216,all_reduce,2,4
610,0.073,0.075,0.07356666666666668,0.074,0.0005878397362849471,0,2,16908288,all_reduce,2,4
611,0.073,0.075,0.07440000000000001,0.074,0.0005537749241945388,0,2,17039360,all_reduce,2,4
612,0.074,0.075,0.07431666666666666,0.074,0.0004651761912317625,0,2,17170432,all_reduce,2,4
613,0.074,0.075,0.07446666666666668,0.074,0.0004988876515698592,0,2,17301504,all_reduce,2,4
614,0.075,0.077,0.07563333333333334,0.076,0.0005153208277913439,0,2,17432576,all_reduce,2,4
615,0.075,0.077,0.07566666666666665,0.076,0.0005055250296034372,0,2,17563648,all_reduce,2,4
616,0.075,0.077,0.07609999999999999,0.076,0.00043588989435406776,0,2,17694720,all_reduce,2,4
617,0.077,0.079,0.07768333333333334,0.078,0.0006189148209209053,0,2,17825792,all_reduce,2,4
618,0.076,0.079,0.07761666666666668,0.078,0.0005505048188304586,0,2,17956864,all_reduce,2,4
619,0.077,0.079,0.07768333333333334,0.078,0.0005624845676895407,0,2,18087936,all_reduce,2,4
620,0.079,0.08,0.07941666666666665,0.079,0.0004930066485916352,0,2,18219008,all_reduce,2,4
621,0.078,0.08,0.07891666666666666,0.079,0.0004930066485916351,0,2,18350080,all_reduce,2,4
622,0.078,0.08,0.07863333333333333,0.079,0.0005467073155618913,0,2,18481152,all_reduce,2,4
623,0.08,0.082,0.08103333333333335,0.081,0.0006574360974438679,0,2,18612224,all_reduce,2,4
624,0.08,0.082,0.08066666666666669,0.081,0.0005374838498865704,0,2,18743296,all_reduce,2,4
625,0.079,0.081,0.07991666666666668,0.08,0.0004930066485916351,0,2,18874368,all_reduce,2,4
626,0.081,0.084,0.08238333333333334,0.082,0.0005505048188304586,0,2,19005440,all_reduce,2,4
627,0.081,0.083,0.08235,0.082,0.0005722761571129804,0,2,19136512,all_reduce,2,4
628,0.082,0.084,0.08278333333333333,0.083,0.0005799904213768444,0,2,19267584,all_reduce,2,4
629,0.084,0.085,0.08426666666666664,0.084,0.0004422166387140537,0,2,19398656,all_reduce,2,4
630,0.084,0.08600000000000001,0.0845833333333333,0.085,0.0005257270098529172,0,2,19529728,all_reduce,2,4
631,0.083,0.08600000000000001,0.08479999999999997,0.085,0.0006000000000000005,0,2,19660800,all_reduce,2,4
632,0.085,0.08700000000000001,0.08591666666666667,0.08600000000000001,0.0006135054106435326,0,2,19791872,all_reduce,2,4
633,0.085,0.08700000000000001,0.08590000000000002,0.08600000000000001,0.0006244997998398404,0,2,19922944,all_reduce,2,4
634,0.085,0.08700000000000001,0.08620000000000001,0.08600000000000001,0.0006531972647421814,0,2,20054016,all_reduce,2,4
635,0.08700000000000001,0.089,0.08765,0.088,0.0005107184482014793,0,2,20185088,all_reduce,2,4
636,0.08600000000000001,0.089,0.08778333333333334,0.088,0.0006348665651580254,0,2,20316160,all_reduce,2,4
637,0.08600000000000001,0.089,0.08756666666666665,0.088,0.0005878397362849408,0,2,20447232,all_reduce,2,4
638,0.088,0.09,0.08881666666666667,0.089,0.0004997221450188321,0,2,20578304,all_reduce,2,4
639,0.088,0.09,0.08895,0.089,0.0004252450274057695,0,2,20709376,all_reduce,2,4
640,0.088,0.09,0.08888333333333334,0.089,0.0004861984048604945,0,2,20840448,all_reduce,2,4
641,0.089,0.091,0.09021666666666665,0.09,0.0005505048188304587,0,2,20971520,all_reduce,2,4
642,0.089,0.091,0.09021666666666665,0.09,0.0005193478816960966,0,2,21102592,all_reduce,2,4
643,0.089,0.091,0.09004999999999998,0.09,0.00042524502740576953,0,2,21233664,all_reduce,2,4
644,0.091,0.092,0.09118333333333331,0.091,0.0003869395588747969,0,2,21364736,all_reduce,2,4
645,0.09,0.092,0.09139999999999998,0.091,0.0006110100926607793,0,2,21495808,all_reduce,2,4
646,0.09,0.092,0.09135,0.091,0.0005107184482014859,0,2,21626880,all_reduce,2,4
647,0.091,0.093,0.09226666666666664,0.092,0.0005436502143433369,0,2,21757952,all_reduce,2,4
648,0.092,0.094,0.09256666666666666,0.093,0.0005280993172584958,0,2,21889024,all_reduce,2,4
649,0.092,0.093,0.09266666666666665,0.093,0.00047140452079103207,0,2,22020096,all_reduce,2,4
650,0.093,0.095,0.09380000000000001,0.094,0.0005099019513592789,0,2,22151168,all_reduce,2,4
651,0.092,0.095,0.09368333333333333,0.094,0.0006189148209209052,0,2,22282240,all_reduce,2,4
652,0.093,0.095,0.09355000000000002,0.094,0.000560505724026675,0,2,22413312,all_reduce,2,4
653,0.094,0.097,0.09493333333333331,0.095,0.0006018490028422602,0,2,22544384,all_reduce,2,4
654,0.094,0.096,0.09465,0.095,0.0006538348415311016,0,2,22675456,all_reduce,2,4
655,0.094,0.096,0.09494999999999996,0.095,0.00042524502740576953,0,2,22806528,all_reduce,2,4
656,0.095,0.097,0.09598333333333334,0.096,0.00046517619123176256,0,2,22937600,all_reduce,2,4
657,0.095,0.097,0.09588333333333333,0.096,0.0004506168611531929,0,2,23068672,all_reduce,2,4
658,0.095,0.097,0.09608333333333333,0.096,0.0004579543888011366,0,2,23199744,all_reduce,2,4
659,0.096,0.099,0.09745000000000002,0.097,0.000560505724026675,0,2,23330816,all_reduce,2,4
660,0.096,0.099,0.09749999999999999,0.097,0.0006708203932499374,0,2,23461888,all_reduce,2,4
661,0.096,0.1,0.0976666666666667,0.098,0.0006992058987801016,0,2,23592960,all_reduce,2,4
662,0.098,0.1,0.09891666666666667,0.099,0.0006656241849238625,0,2,23724032,all_reduce,2,4
663,0.097,0.1,0.09876666666666667,0.099,0.0007824463062870343,0,2,23855104,all_reduce,2,4
664,0.098,0.1,0.0988,0.099,0.0006782329983125276,0,2,23986176,all_reduce,2,4
665,0.099,0.10200000000000001,0.10059999999999998,0.101,0.0006377042156569669,0,2,24117248,all_reduce,2,4
666,0.099,0.10200000000000001,0.10036666666666666,0.1,0.0008359957469322976,0,2,24248320,all_reduce,2,4
667,0.099,0.10200000000000001,0.09993333333333333,0.1,0.0007039570693980965,0,2,24379392,all_reduce,2,4
668,0.101,0.10400000000000001,0.10233333333333335,0.10200000000000001,0.0005962847939999444,0,2,24510464,all_reduce,2,4
669,0.1,0.10300000000000001,0.10155,0.1015,0.0007399324293474378,0,2,24641536,all_reduce,2,4
670,0.1,0.10300000000000001,0.10131666666666667,0.101,0.0006189148209209052,0,2,24772608,all_reduce,2,4
671,0.10300000000000001,0.105,0.10346666666666664,0.10300000000000001,0.0005312459150169739,0,2,24903680,all_reduce,2,4
672,0.10200000000000001,0.10400000000000001,0.10283333333333333,0.10300000000000001,0.0007110243002567187,0,2,25034752,all_reduce,2,4
673,0.101,0.10400000000000001,0.10246666666666666,0.10200000000000001,0.0005906681715556456,0,2,25165824,all_reduce,2,4
674,0.10400000000000001,0.106,0.10468333333333334,0.105,0.0006189148209208991,0,2,25296896,all_reduce,2,4
675,0.105,0.106,0.10535000000000003,0.105,0.00047696960070847325,0,2,25427968,all_reduce,2,4
676,0.105,0.107,0.10580000000000002,0.106,0.0005715476066494088,0,2,25559040,all_reduce,2,4
677,0.106,0.108,0.10725000000000001,0.107,0.0005664215155988815,0,2,25690112,all_reduce,2,4
678,0.106,0.108,0.10726666666666666,0.107,0.0005436502143433368,0,2,25821184,all_reduce,2,4
679,0.106,0.109,0.10718333333333332,0.107,0.0006950219820664354,0,2,25952256,all_reduce,2,4
680,0.107,0.11,0.10851666666666664,0.109,0.0005624845676895407,0,2,26083328,all_reduce,2,4
681,0.107,0.11,0.10868333333333333,0.109,0.0005913731666403396,0,2,26214400,all_reduce,2,4
682,0.108,0.111,0.10911666666666668,0.109,0.0006853628398317368,0,2,26345472,all_reduce,2,4
683,0.109,0.111,0.11011666666666668,0.11,0.0005193478816960965,0,2,26476544,all_reduce,2,4
684,0.109,0.112,0.11051666666666667,0.111,0.0007635807459303545,0,2,26607616,all_reduce,2,4
685,0.109,0.112,0.11035,0.11,0.0006538348415311016,0,2,26738688,all_reduce,2,4
686,0.11,0.113,0.11166666666666668,0.112,0.0006236095644623241,0,2,26869760,all_reduce,2,4
687,0.11,0.113,0.1114,0.111,0.0006633249580710806,0,2,27000832,all_reduce,2,4
688,0.111,0.112,0.11168333333333334,0.112,0.00046517619123176245,0,2,27131904,all_reduce,2,4
689,0.112,0.114,0.11301666666666668,0.113,0.0005320296566504127,0,2,27262976,all_reduce,2,4
690,0.112,0.114,0.11255000000000003,0.112,0.0006435578192102614,0,2,27394048,all_reduce,2,4
691,0.112,0.114,0.11263333333333335,0.113,0.0005763872155263532,0,2,27525120,all_reduce,2,4
692,0.113,0.115,0.11398333333333334,0.114,0.00038693955887479707,0,2,27656192,all_reduce,2,4
693,0.113,0.115,0.11388333333333334,0.114,0.0006080478782318239,0,2,27787264,all_reduce,2,4
694,0.112,0.115,0.11391666666666668,0.114,0.0006656241849238626,0,2,27918336,all_reduce,2,4
695,0.114,0.117,0.1154,0.115,0.0006879922480183437,0,2,28049408,all_reduce,2,4
696,0.114,0.11800000000000001,0.11576666666666666,0.116,0.0009195409482755823,0,2,28180480,all_reduce,2,4
697,0.114,0.117,0.11538333333333332,0.115,0.0006853628398317368,0,2,28311552,all_reduce,2,4
698,0.115,0.11800000000000001,0.11653333333333332,0.117,0.0006446359868604578,0,2,28442624,all_reduce,2,4
699,0.115,0.11800000000000001,0.11676666666666669,0.117,0.0006920179830675571,0,2,28573696,all_reduce,2,4
700,0.115,0.11800000000000001,0.1162,0.116,0.0006782329983125273,0,2,28704768,all_reduce,2,4
701,0.116,0.11900000000000001,0.11733333333333333,0.117,0.0006497862896539314,0,2,28835840,all_reduce,2,4
702,0.116,0.11900000000000001,0.11696666666666668,0.117,0.0007063206700139037,0,2,28966912,all_reduce,2,4
703,0.117,0.11800000000000001,0.11755000000000003,0.11800000000000001,0.0004974937185533104,0,2,29097984,all_reduce,2,4
704,0.117,0.12,0.11861666666666668,0.11900000000000001,0.0006348665651580289,0,2,29229056,all_reduce,2,4
705,0.11800000000000001,0.12,0.11838333333333335,0.11800000000000001,0.0005505048188304573,0,2,29360128,all_reduce,2,4
706,0.11800000000000001,0.12,0.11861666666666669,0.11900000000000001,0.0005505048188304575,0,2,29491200,all_reduce,2,4
707,0.11900000000000001,0.121,0.11981666666666665,0.12,0.0005624845676895353,0,2,29622272,all_reduce,2,4
708,0.11800000000000001,0.121,0.11976666666666665,0.12,0.0007156970184527914,0,2,29753344,all_reduce,2,4
709,0.11800000000000001,0.121,0.11998333333333333,0.12,0.0006189148209209013,0,2,29884416,all_reduce,2,4
710,0.12,0.123,0.12101666666666669,0.121,0.000645282022753532,0,2,30015488,all_reduce,2,4
711,0.12,0.122,0.12083333333333333,0.121,0.000734090518184842,0,2,30146560,all_reduce,2,4
712,0.12,0.122,0.12098333333333335,0.121,0.0006706133179576908,0,2,30277632,all_reduce,2,4
713,0.122,0.125,0.12288333333333336,0.123,0.0005799904213768443,0,2,30408704,all_reduce,2,4
714,0.121,0.124,0.12226666666666666,0.122,0.0008137703743822477,0,2,30539776,all_reduce,2,4
715,0.121,0.123,0.12201666666666666,0.122,0.0005624845676895406,0,2,30670848,all_reduce,2,4
716,0.123,0.126,0.12418333333333331,0.124,0.0006706133179576909,0,2,30801920,all_reduce,2,4
717,0.122,0.125,0.1235,0.123,0.0006952217871538076,0,2,30932992,all_reduce,2,4
718,0.122,0.125,0.12335,0.123,0.0005423713365090998,0,2,31064064,all_reduce,2,4
719,0.125,0.127,0.12565,0.126,0.0005722761571129803,0,2,31195136,all_reduce,2,4
720,0.123,0.127,0.12491666666666666,0.125,0.0007592027982620254,0,2,31326208,all_reduce,2,4
721,0.123,0.126,0.12441666666666665,0.124,0.0005565269285688005,0,2,31457280,all_reduce,2,4
722,0.126,0.129,0.12718333333333331,0.127,0.0005624845676895407,0,2,31588352,all_reduce,2,4
723,0.127,0.129,0.12773333333333334,0.128,0.0005436502143433368,0,2,31719424,all_reduce,2,4
724,0.126,0.128,0.12756666666666666,0.128,0.0005587684871413408,0,2,31850496,all_reduce,2,4
725,0.128,0.131,0.12923333333333334,0.129,0.0006920179830675571,0,2,31981568,all_reduce,2,4
726,0.128,0.131,0.12915000000000001,0.129,0.0008129165598838139,0,2,32112640,all_reduce,2,4
727,0.128,0.131,0.12921666666666667,0.129,0.000732385751423995,0,2,32243712,all_reduce,2,4
728,0.13,0.133,0.13093333333333335,0.131,0.0006018490028422602,0,2,32374784,all_reduce,2,4
729,0.129,0.132,0.13075,0.131,0.0006982120021884477,0,2,32505856,all_reduce,2,4
730,0.13,0.132,0.13063333333333332,0.131,0.0005467073155618913,0,2,32636928,all_reduce,2,4
731,0.131,0.134,0.13216666666666665,0.132,0.0006624868971450603,0,2,32768000,all_reduce,2,4
732,0.13,0.133,0.13171666666666665,0.132,0.0006080478782318239,0,2,32899072,all_reduce,2,4
733,0.131,0.133,0.1321,0.132,0.0005066228051190225,0,2,33030144,all_reduce,2,4
734,0.132,0.135,0.13321666666666668,0.133,0.0005505048188304586,0,2,33161216,all_reduce,2,4
735,0.132,0.135,0.13308333333333333,0.133,0.0006135054106435326,0,2,33292288,all_reduce,2,4
736,0.132,0.134,0.13318333333333332,0.133,0.0005320296566504127,0,2,33423360,all_reduce,2,4
737,0.132,0.136,0.13416666666666668,0.134,0.0006871842709362774,0,2,33554432,all_reduce,2,4
738,0.133,0.136,0.13408333333333336,0.134,0.0006400954789890511,0,2,33685504,all_reduce,2,4
739,0.133,0.136,0.13421666666666668,0.134,0.0006348665651580308,0,2,33816576,all_reduce,2,4
740,0.135,0.138,0.1361,0.136,0.0005066228051190225,0,2,33947648,all_reduce,2,4
741,0.134,0.137,0.13520000000000001,0.135,0.0007023769168568499,0,2,34078720,all_reduce,2,4
742,0.134,0.137,0.1356,0.136,0.000711805216802088,0,2,34209792,all_reduce,2,4
743,0.135,0.138,0.13651666666666665,0.1365,0.0005913731666403396,0,2,34340864,all_reduce,2,4
744,0.135,0.139,0.13643333333333332,0.136,0.0007156970184527969,0,2,34471936,all_reduce,2,4
745,0.136,0.138,0.13701666666666668,0.137,0.0006189148209209052,0,2,34603008,all_reduce,2,4
746,0.137,0.139,0.13785,0.138,0.0006278269400612458,0,2,34734080,all_reduce,2,4
747,0.136,0.139,0.13741666666666666,0.137,0.0005857094463601865,0,2,34865152,all_reduce,2,4
748,0.137,0.139,0.13781666666666667,0.138,0.0006189148209209053,0,2,34996224,all_reduce,2,4
749,0.138,0.14,0.13878333333333334,0.139,0.00048619840486049454,0,2,35127296,all_reduce,2,4
750,0.138,0.14,0.1383333333333333,0.138,0.0005055250296034372,0,2,35258368,all_reduce,2,4
751,0.138,0.14,0.13871666666666665,0.139,0.0006348665651580308,0,2,35389440,all_reduce,2,4
752,0.139,0.14100000000000001,0.14,0.14,0.0005773502691896263,0,2,35520512,all_reduce,2,4
753,0.139,0.14200000000000002,0.13981666666666667,0.14,0.0006706133179576909,0,2,35651584,all_reduce,2,4
754,0.139,0.14100000000000001,0.14003333333333334,0.14,0.00044596960534198883,0,2,35782656,all_reduce,2,4
755,0.14100000000000001,0.14300000000000002,0.14151666666666665,0.14150000000000001,0.0005320296566504127,0,2,35913728,all_reduce,2,4
756,0.14,0.14300000000000002,0.14103333333333337,0.14100000000000001,0.0006574360974438679,0,2,36044800,all_reduce,2,4
757,0.14,0.14200000000000002,0.14128333333333334,0.14100000000000001,0.0005193478816960965,0,2,36175872,all_reduce,2,4
758,0.14100000000000001,0.14400000000000002,0.14270000000000005,0.14300000000000002,0.0005567764362830027,0,2,36306944,all_reduce,2,4
759,0.14100000000000001,0.14400000000000002,0.14208333333333334,0.14200000000000002,0.0007369230323144721,0,2,36438016,all_reduce,2,4
760,0.14100000000000001,0.14400000000000002,0.14223333333333335,0.14200000000000002,0.0006155395104206468,0,2,36569088,all_reduce,2,4
761,0.14300000000000002,0.145,0.14423333333333335,0.14400000000000002,0.0005587684871413295,0,2,36700160,all_reduce,2,4
762,0.14300000000000002,0.145,0.14361666666666667,0.14400000000000002,0.0006348665651580258,0,2,36831232,all_reduce,2,4
763,0.14200000000000002,0.145,0.14365000000000003,0.14400000000000002,0.0007029698902987667,0,2,36962304,all_reduce,2,4
764,0.145,0.147,0.14558333333333337,0.146,0.0005257270098529172,0,2,37093376,all_reduce,2,4
765,0.14300000000000002,0.146,0.14483333333333334,0.145,0.0007564537145273375,0,2,37224448,all_reduce,2,4
766,0.14300000000000002,0.146,0.1445,0.14400000000000002,0.0006454972243678908,0,2,37355520,all_reduce,2,4
767,0.146,0.148,0.14681666666666668,0.147,0.0006452820227535319,0,2,37486592,all_reduce,2,4
768,0.14400000000000002,0.149,0.1460833333333334,0.146,0.000780847118341498,0,2,37617664,all_reduce,2,4
769,0.14400000000000002,0.147,0.14558333333333337,0.1455,0.0007369230323144702,0,2,37748736,all_reduce,2,4
770,0.147,0.15,0.14861666666666665,0.149,0.0006348665651580309,0,2,37879808,all_reduce,2,4
771,0.148,0.15,0.14883333333333326,0.149,0.0005821416398857665,0,2,38010880,all_reduce,2,4
772,0.148,0.151,0.14953333333333332,0.15,0.0007180219742846012,0,2,38141952,all_reduce,2,4
773,0.15,0.152,0.15081666666666663,0.151,0.0005913731666403396,0,2,38273024,all_reduce,2,4
774,0.149,0.153,0.1508,0.151,0.0007023769168568499,0,2,38404096,all_reduce,2,4
775,0.15,0.153,0.1513333333333333,0.151,0.0007673909622147566,0,2,38535168,all_reduce,2,4
776,0.151,0.154,0.15224999999999997,0.152,0.0006487166818676193,0,2,38666240,all_reduce,2,4
777,0.151,0.154,0.1524333333333333,0.1525,0.0006674994798166934,0,2,38797312,all_reduce,2,4
778,0.151,0.154,0.15238333333333332,0.152,0.0006853628398317368,0,2,38928384,all_reduce,2,4
779,0.152,0.155,0.15383333333333335,0.154,0.0006368324391514273,0,2,39059456,all_reduce,2,4
780,0.152,0.155,0.15375,0.154,0.0007664854858377953,0,2,39190528,all_reduce,2,4
781,0.153,0.155,0.15370000000000003,0.154,0.0006904105059069332,0,2,39321600,all_reduce,2,4
782,0.154,0.156,0.15519999999999995,0.155,0.0006271629240742265,0,2,39452672,all_reduce,2,4
783,0.153,0.158,0.1548,0.155,0.0009092121131323912,0,2,39583744,all_reduce,2,4
784,0.154,0.156,0.15486666666666662,0.155,0.0006446359868604577,0,2,39714816,all_reduce,2,4
785,0.155,0.158,0.15591666666666668,0.156,0.0007139483330201305,0,2,39845888,all_reduce,2,4
786,0.155,0.158,0.15568333333333334,0.156,0.0006950219820664354,0,2,39976960,all_reduce,2,4
787,0.155,0.158,0.15616666666666668,0.156,0.0006101001739241047,0,2,40108032,all_reduce,2,4
788,0.156,0.159,0.1571833333333333,0.157,0.0007635807459303543,0,2,40239104,all_reduce,2,4
789,0.155,0.16,0.15743333333333337,0.157,0.0012160957564636477,0,2,40370176,all_reduce,2,4
790,0.156,0.158,0.15705000000000002,0.157,0.0006689544080129831,0,2,40501248,all_reduce,2,4
791,0.157,0.16,0.15839999999999999,0.158,0.0008000000000000006,0,2,40632320,all_reduce,2,4
792,0.157,0.161,0.15851666666666667,0.1585,0.00102455952595358,0,2,40763392,all_reduce,2,4
793,0.157,0.16,0.1583166666666667,0.158,0.0007186020379103373,0,2,40894464,all_reduce,2,4
794,0.158,0.161,0.15953333333333336,0.1595,0.0006699917080747266,0,2,41025536,all_reduce,2,4
795,0.158,0.162,0.15935000000000005,0.159,0.0008529361054615998,0,2,41156608,all_reduce,2,4
796,0.158,0.161,0.15930000000000002,0.159,0.0007810249675906661,0,2,41287680,all_reduce,2,4
797,0.16,0.162,0.1608,0.161,0.0006000000000000006,0,2,41418752,all_reduce,2,4
798,0.159,0.162,0.16040000000000001,0.16,0.0007571877794400372,0,2,41549824,all_reduce,2,4
799,0.159,0.162,0.16053333333333336,0.161,0.0006944222218666558,0,2,41680896,all_reduce,2,4
800,0.161,0.163,0.16188333333333335,0.162,0.0006605973727535478,0,2,41811968,all_reduce,2,4
801,0.16,0.163,0.16096666666666665,0.161,0.0007520342781785657,0,2,41943040,all_reduce,2,4
802,0.16,0.163,0.16141666666666668,0.161,0.0006400954789890513,0,2,42074112,all_reduce,2,4
803,0.162,0.164,0.16315,0.163,0.0006538348415311016,0,2,42205184,all_reduce,2,4
804,0.161,0.165,0.16265000000000004,0.163,0.0008722576072086358,0,2,42336256,all_reduce,2,4
805,0.161,0.164,0.16263333333333338,0.163,0.0006315765107165477,0,2,42467328,all_reduce,2,4
806,0.163,0.166,0.16411666666666666,0.164,0.0006605973727535477,0,2,42598400,all_reduce,2,4
807,0.162,0.165,0.16343333333333335,0.163,0.0008634555897992422,0,2,42729472,all_reduce,2,4
808,0.162,0.165,0.16405,0.164,0.0006689544080129831,0,2,42860544,all_reduce,2,4
809,0.165,0.168,0.16588333333333335,0.166,0.0006605973727535477,0,2,42991616,all_reduce,2,4
810,0.164,0.167,0.1652833333333333,0.165,0.000776566517148117,0,2,43122688,all_reduce,2,4
811,0.164,0.166,0.1651833333333333,0.165,0.0004997221450188321,0,2,43253760,all_reduce,2,4
812,0.166,0.168,0.1672833333333333,0.167,0.0005799904213768443,0,2,43384832,all_reduce,2,4
813,0.166,0.168,0.16668333333333335,0.167,0.000645282022753532,0,2,43515904,all_reduce,2,4
814,0.165,0.167,0.16606666666666667,0.166,0.0006798692684790386,0,2,43646976,all_reduce,2,4
815,0.168,0.17,0.16891666666666671,0.169,0.0005257270098529172,0,2,43778048,all_reduce,2,4
816,0.166,0.17,0.16761666666666664,0.168,0.000838484081873685,0,2,43909120,all_reduce,2,4
817,0.165,0.169,0.16658333333333333,0.166,0.0007369230323144721,0,2,44040192,all_reduce,2,4
818,0.168,0.17200000000000001,0.16995000000000002,0.17,0.0007836878630339172,0,2,44171264,all_reduce,2,4
819,0.169,0.17200000000000001,0.1701,0.17,0.000746100976186647,0,2,44302336,all_reduce,2,4
820,0.169,0.17200000000000001,0.1703166666666667,0.17,0.0008060534859562504,0,2,44433408,all_reduce,2,4
821,0.171,0.17300000000000001,0.1722166666666667,0.17200000000000001,0.0005505048188304586,0,2,44564480,all_reduce,2,4
822,0.171,0.17400000000000002,0.17200000000000001,0.17200000000000001,0.0008164965809277269,0,2,44695552,all_reduce,2,4
823,0.171,0.17300000000000001,0.17206666666666667,0.17200000000000001,0.0006798692684790386,0,2,44826624,all_reduce,2,4
824,0.17300000000000001,0.17500000000000002,0.17393333333333333,0.17400000000000002,0.0006289320754704409,0,2,44957696,all_reduce,2,4
825,0.17200000000000001,0.176,0.17393333333333338,0.17400000000000002,0.0007498147919467988,0,2,45088768,all_reduce,2,4
826,0.17300000000000001,0.17500000000000002,0.17403333333333332,0.17400000000000002,0.0005467073155618913,0,2,45219840,all_reduce,2,4
827,0.17400000000000002,0.177,0.17506666666666673,0.17500000000000002,0.0006798692684790296,0,2,45350912,all_reduce,2,4
828,0.17400000000000002,0.177,0.1750833333333333,0.17500000000000002,0.0008424501304066641,0,2,45481984,all_reduce,2,4
829,0.17300000000000001,0.177,0.17501666666666674,0.17500000000000002,0.000806053485956241,0,2,45613056,all_reduce,2,4
830,0.17500000000000002,0.178,0.17660000000000003,0.177,0.0006377042156569634,0,2,45744128,all_reduce,2,4
831,0.17500000000000002,0.178,0.17628333333333332,0.176,0.0007977398629182812,0,2,45875200,all_reduce,2,4
832,0.17500000000000002,0.177,0.17598333333333335,0.176,0.0005913731666403312,0,2,46006272,all_reduce,2,4
833,0.177,0.179,0.17791666666666667,0.178,0.0006135054106435326,0,2,46137344,all_reduce,2,4
834,0.176,0.179,0.17738333333333334,0.177,0.000732385751423995,0,2,46268416,all_reduce,2,4
835,0.176,0.179,0.17750000000000002,0.177,0.0009036961141150647,0,2,46399488,all_reduce,2,4
836,0.177,0.18,0.1788333333333334,0.179,0.0006871842709362774,0,2,46530560,all_reduce,2,4
837,0.177,0.181,0.1788,0.179,0.000979795897113272,0,2,46661632,all_reduce,2,4
838,0.177,0.18,0.17843333333333333,0.178,0.0006920179830675571,0,2,46792704,all_reduce,2,4
839,0.178,0.182,0.18008333333333332,0.18,0.0008224286527650225,0,2,46923776,all_reduce,2,4
840,0.178,0.182,0.17969999999999997,0.18,0.0010214368964029715,0,2,47054848,all_reduce,2,4
841,0.178,0.181,0.17978333333333332,0.18,0.0006853628398317369,0,2,47185920,all_reduce,2,4
842,0.179,0.182,0.18123333333333333,0.181,0.000715697018452797,0,2,47316992,all_reduce,2,4
843,0.179,0.183,0.18079999999999996,0.181,0.0009626352718795777,0,2,47448064,all_reduce,2,4
844,0.179,0.182,0.18076666666666663,0.181,0.000738617326872012,0,2,47579136,all_reduce,2,4
845,0.181,0.184,0.18216666666666667,0.182,0.0007781745019952509,0,2,47710208,all_reduce,2,4
846,0.18,0.184,0.1821833333333333,0.182,0.0009397103572673641,0,2,47841280,all_reduce,2,4
847,0.18,0.183,0.1816833333333333,0.182,0.0006189148209209053,0,2,47972352,all_reduce,2,4
848,0.182,0.184,0.18309999999999998,0.183,0.000675771164423777,0,2,48103424,all_reduce,2,4
849,0.181,0.185,0.18279999999999996,0.183,0.0009451631252505226,0,2,48234496,all_reduce,2,4
850,0.181,0.184,0.18258333333333335,0.1825,0.0007369230323144722,0,2,48365568,all_reduce,2,4
851,0.183,0.186,0.1842833333333333,0.184,0.0007323857514239951,0,2,48496640,all_reduce,2,4
852,0.182,0.186,0.18383333333333332,0.184,0.0009159087776022733,0,2,48627712,all_reduce,2,4
853,0.182,0.185,0.18316666666666664,0.183,0.000734090518184842,0,2,48758784,all_reduce,2,4
854,0.184,0.186,0.18508333333333338,0.185,0.0005565269285688004,0,2,48889856,all_reduce,2,4
855,0.183,0.187,0.18521666666666664,0.185,0.0008183655798127286,0,2,49020928,all_reduce,2,4
856,0.183,0.186,0.18465,0.185,0.0007488880646220331,0,2,49152000,all_reduce,2,4
857,0.186,0.188,0.1870333333333333,0.187,0.0006823163163486246,0,2,49283072,all_reduce,2,4
858,0.184,0.188,0.18620000000000003,0.186,0.000979795897113272,0,2,49414144,all_reduce,2,4
859,0.184,0.187,0.18556666666666669,0.186,0.0005587684871413408,0,2,49545216,all_reduce,2,4
860,0.186,0.189,0.18808333333333332,0.188,0.0006656241849238625,0,2,49676288,all_reduce,2,4
861,0.186,0.19,0.18733333333333332,0.187,0.000942809041582064,0,2,49807360,all_reduce,2,4
862,0.186,0.188,0.18705,0.187,0.0007170541588099657,0,2,49938432,all_reduce,2,4
863,0.188,0.191,0.18971666666666667,0.19,0.0006853628398317368,0,2,50069504,all_reduce,2,4
864,0.188,0.19,0.18918333333333331,0.189,0.0007635807459303544,0,2,50200576,all_reduce,2,4
865,0.187,0.19,0.18788333333333332,0.188,0.0006605973727535477,0,2,50331648,all_reduce,2,4
866,0.19,0.193,0.19133333333333333,0.191,0.0006497862896539314,0,2,50462720,all_reduce,2,4
867,0.19,0.192,0.19095000000000004,0.191,0.0006171169527191211,0,2,50593792,all_reduce,2,4
868,0.189,0.193,0.19106666666666675,0.191,0.0008137703743822474,0,2,50724864,all_reduce,2,4
869,0.191,0.194,0.19271666666666668,0.193,0.0007547994582816174,0,2,50855936,all_reduce,2,4
870,0.191,0.194,0.19251666666666667,0.1925,0.0007414325473178415,0,2,50987008,all_reduce,2,4
871,0.191,0.194,0.1925666666666667,0.193,0.000715697018452797,0,2,51118080,all_reduce,2,4
872,0.192,0.195,0.1941166666666667,0.194,0.000732385751423995,0,2,51249152,all_reduce,2,4
873,0.193,0.196,0.19400000000000003,0.194,0.0007745966692414841,0,2,51380224,all_reduce,2,4
874,0.193,0.196,0.1939666666666667,0.194,0.0006574360974438678,0,2,51511296,all_reduce,2,4
875,0.194,0.198,0.19561666666666666,0.196,0.000776566517148117,0,2,51642368,all_reduce,2,4
876,0.194,0.197,0.1953333333333334,0.195,0.0007888106377466162,0,2,51773440,all_reduce,2,4
877,0.194,0.198,0.19526666666666667,0.195,0.0007717224601860157,0,2,51904512,all_reduce,2,4
878,0.195,0.198,0.19684999999999994,0.197,0.0006788470618138773,0,2,52035584,all_reduce,2,4
879,0.195,0.2,0.19665000000000002,0.197,0.0009278110439811195,0,2,52166656,all_reduce,2,4
880,0.195,0.198,0.19653333333333334,0.196,0.000694422221866656,0,2,52297728,all_reduce,2,4
881,0.196,0.199,0.1979666666666667,0.198,0.0007295356209413103,0,2,52428800,all_reduce,2,4
882,0.196,0.2,0.19745000000000001,0.197,0.0008450838222724819,0,2,52559872,all_reduce,2,4
883,0.197,0.2,0.19793333333333335,0.198,0.0006018490028422603,0,2,52690944,all_reduce,2,4
884,0.198,0.201,0.1991333333333333,0.199,0.000740870359029763,0,2,52822016,all_reduce,2,4
885,0.198,0.201,0.19913333333333333,0.199,0.0008459051693633021,0,2,52953088,all_reduce,2,4
886,0.197,0.201,0.19888333333333333,0.199,0.000838484081873685,0,2,53084160,all_reduce,2,4
887,0.199,0.202,0.20043333333333332,0.2,0.0006920179830675571,0,2,53215232,all_reduce,2,4
888,0.198,0.202,0.1997,0.2,0.0006904105059069332,0,2,53346304,all_reduce,2,4
889,0.198,0.201,0.1999166666666667,0.2,0.0007369230323144721,0,2,53477376,all_reduce,2,4
890,0.201,0.20400000000000001,0.2018,0.202,0.0007257180352359087,0,2,53608448,all_reduce,2,4
891,0.2,0.203,0.20103333333333337,0.201,0.0008158158833680285,0,2,53739520,all_reduce,2,4
892,0.2,0.203,0.2013,0.201,0.0006403124237432854,0,2,53870592,all_reduce,2,4
893,0.201,0.20400000000000001,0.20243333333333333,0.202,0.0006420453428086079,0,2,54001664,all_reduce,2,4
894,0.201,0.20400000000000001,0.2021833333333333,0.202,0.00086586501385737,0,2,54132736,all_reduce,2,4
895,0.201,0.20400000000000001,0.2022,0.202,0.0008717797887081354,0,2,54263808,all_reduce,2,4
896,0.202,0.20500000000000002,0.20318333333333333,0.203,0.0007186020379103372,0,2,54394880,all_reduce,2,4
897,0.202,0.20500000000000002,0.20288333333333336,0.203,0.000838484081873685,0,2,54525952,all_reduce,2,4
898,0.202,0.20500000000000002,0.20323333333333332,0.203,0.0007608474807008891,0,2,54657024,all_reduce,2,4
899,0.203,0.20600000000000002,0.20485000000000003,0.20500000000000002,0.000702969890298772,0,2,54788096,all_reduce,2,4
900,0.203,0.20600000000000002,0.20428333333333334,0.20400000000000001,0.0006605973727535476,0,2,54919168,all_reduce,2,4
901,0.203,0.20500000000000002,0.20405,0.20400000000000001,0.0006934214687571579,0,2,55050240,all_reduce,2,4
902,0.20400000000000001,0.20800000000000002,0.2056333333333334,0.20600000000000002,0.0008359957469322976,0,2,55181312,all_reduce,2,4
903,0.203,0.20800000000000002,0.20538333333333336,0.20500000000000002,0.001066015426196493,0,2,55312384,all_reduce,2,4
904,0.20400000000000001,0.20700000000000002,0.2054,0.20500000000000002,0.000757187779440037,0,2,55443456,all_reduce,2,4
905,0.20600000000000002,0.21,0.20721666666666672,0.20700000000000002,0.000818365579812725,0,2,55574528,all_reduce,2,4
906,0.20500000000000002,0.209,0.20646666666666666,0.20600000000000002,0.0008459051693633008,0,2,55705600,all_reduce,2,4
907,0.20500000000000002,0.20800000000000002,0.20628333333333332,0.20600000000000002,0.0006348665651580309,0,2,55836672,all_reduce,2,4
908,0.20700000000000002,0.21,0.2086833333333334,0.209,0.0007635807459303427,0,2,55967744,all_reduce,2,4
909,0.20700000000000002,0.21,0.20803333333333338,0.20800000000000002,0.0008158158833680191,0,2,56098816,all_reduce,2,4
910,0.20700000000000002,0.209,0.20781666666666668,0.20800000000000002,0.0006950219820664275,0,2,56229888,all_reduce,2,4
911,0.209,0.212,0.21028333333333335,0.21,0.0008183655798127285,0,2,56360960,all_reduce,2,4
912,0.20800000000000002,0.212,0.2096833333333334,0.21,0.0009035424112286515,0,2,56492032,all_reduce,2,4
913,0.20700000000000002,0.21,0.20861666666666664,0.209,0.0006348665651580185,0,2,56623104,all_reduce,2,4
914,0.21,0.213,0.21135000000000004,0.211,0.0007029698902987721,0,2,56754176,all_reduce,2,4
915,0.21,0.213,0.21155,0.2115,0.0006435578192102615,0,2,56885248,all_reduce,2,4
916,0.21,0.213,0.21160000000000004,0.212,0.0008981462390204994,0,2,57016320,all_reduce,2,4
917,0.212,0.215,0.21344999999999997,0.213,0.0007621242243449125,0,2,57147392,all_reduce,2,4
918,0.212,0.215,0.21354999999999996,0.213,0.0008046738469715548,0,2,57278464,all_reduce,2,4
919,0.212,0.215,0.2133,0.213,0.0007593857166596352,0,2,57409536,all_reduce,2,4
920,0.213,0.217,0.21536666666666665,0.215,0.0008556998435328964,0,2,57540608,all_reduce,2,4
921,0.214,0.217,0.21516666666666667,0.215,0.0008399735445569443,0,2,57671680,all_reduce,2,4
922,0.213,0.216,0.21475,0.215,0.0006982120021884477,0,2,57802752,all_reduce,2,4
923,0.215,0.218,0.21668333333333337,0.217,0.0008060534859562505,0,2,57933824,all_reduce,2,4
924,0.215,0.218,0.21586666666666668,0.216,0.0007408703590297629,0,2,58064896,all_reduce,2,4
925,0.215,0.218,0.21625000000000003,0.216,0.0008291561975888507,0,2,58195968,all_reduce,2,4
926,0.217,0.22,0.21824999999999997,0.218,0.000808805703903396,0,2,58327040,all_reduce,2,4
927,0.216,0.219,0.21753333333333333,0.217,0.000845905169363302,0,2,58458112,all_reduce,2,4
928,0.216,0.22,0.2177166666666667,0.2175,0.0009145429945545974,0,2,58589184,all_reduce,2,4
929,0.217,0.221,0.21876666666666666,0.219,0.0007824463062870343,0,2,58720256,all_reduce,2,4
930,0.217,0.22,0.21841666666666668,0.218,0.0007808471183414991,0,2,58851328,all_reduce,2,4
931,0.217,0.22,0.21871666666666664,0.219,0.0007765665171481169,0,2,58982400,all_reduce,2,4
932,0.218,0.222,0.2199166666666667,0.22,0.0008620067027323841,0,2,59113472,all_reduce,2,4
933,0.218,0.222,0.21925000000000003,0.219,0.000868427698007536,0,2,59244544,all_reduce,2,4
934,0.218,0.221,0.21943333333333337,0.219,0.0006155395104206467,0,2,59375616,all_reduce,2,4
935,0.22,0.223,0.22103333333333333,0.221,0.0008556998435328965,0,2,59506688,all_reduce,2,4
936,0.219,0.223,0.22051666666666675,0.22,0.0008060534859562504,0,2,59637760,all_reduce,2,4
937,0.22,0.222,0.22075000000000006,0.221,0.0006739188873051916,0,2,59768832,all_reduce,2,4
938,0.221,0.224,0.22226666666666667,0.222,0.0008339997335464544,0,2,59899904,all_reduce,2,4
939,0.22,0.224,0.22171666666666665,0.222,0.0009676718911329864,0,2,60030976,all_reduce,2,4
940,0.22,0.224,0.22183333333333335,0.222,0.0008399735445569442,0,2,60162048,all_reduce,2,4
941,0.222,0.225,0.22338333333333338,0.223,0.000732385751423995,0,2,60293120,all_reduce,2,4
942,0.221,0.226,0.22313333333333335,0.223,0.0009741092797468313,0,2,60424192,all_reduce,2,4
943,0.221,0.225,0.2232166666666667,0.223,0.0008581310441237341,0,2,60555264,all_reduce,2,4
944,0.223,0.226,0.22450000000000003,0.2245,0.0008465616732800204,0,2,60686336,all_reduce,2,4
945,0.223,0.226,0.22426666666666667,0.224,0.0009637888196533983,0,2,60817408,all_reduce,2,4
946,0.223,0.226,0.22413333333333338,0.224,0.0008653836657164786,0,2,60948480,all_reduce,2,4
947,0.224,0.228,0.22540000000000002,0.225,0.0008406346808612335,0,2,61079552,all_reduce,2,4
948,0.224,0.227,0.22485000000000002,0.225,0.0007921489758877437,0,2,61210624,all_reduce,2,4
949,0.223,0.226,0.2249,0.225,0.0007681145747868615,0,2,61341696,all_reduce,2,4
950,0.225,0.228,0.22635000000000008,0.226,0.0006538348415311017,0,2,61472768,all_reduce,2,4
951,0.224,0.228,0.22605,0.226,0.000902311845575945,0,2,61603840,all_reduce,2,4
952,0.225,0.228,0.22595000000000004,0.226,0.0007399324293474378,0,2,61734912,all_reduce,2,4
953,0.226,0.23,0.22791666666666668,0.228,0.0007808471183414992,0,2,61865984,all_reduce,2,4
954,0.226,0.229,0.22733333333333336,0.227,0.000869226987360354,0,2,61997056,all_reduce,2,4
955,0.226,0.229,0.2270333333333334,0.227,0.0007295356209413102,0,2,62128128,all_reduce,2,4
956,0.228,0.231,0.22920000000000001,0.229,0.0007702813338860902,0,2,62259200,all_reduce,2,4
957,0.227,0.231,0.22851666666666665,0.228,0.0008060534859562505,0,2,62390272,all_reduce,2,4
958,0.227,0.23,0.2283,0.228,0.0007141428428542856,0,2,62521344,all_reduce,2,4
959,0.23,0.233,0.2309166666666667,0.231,0.0008224286527650226,0,2,62652416,all_reduce,2,4
960,0.229,0.232,0.2297666666666667,0.23,0.0007608474807008892,0,2,62783488,all_reduce,2,4
961,0.228,0.231,0.2290166666666667,0.229,0.0008060534859562504,0,2,62914560,all_reduce,2,4
962,0.231,0.234,0.23225,0.232,0.0007216878364870328,0,2,63045632,all_reduce,2,4
963,0.231,0.234,0.23205000000000003,0.232,0.0007836878630339172,0,2,63176704,all_reduce,2,4
964,0.231,0.234,0.23233333333333334,0.232,0.0007226494462892938,0,2,63307776,all_reduce,2,4
965,0.233,0.23600000000000002,0.2343833333333333,0.234,0.0009325889889025195,0,2,63438848,all_reduce,2,4
966,0.232,0.23600000000000002,0.23423333333333335,0.234,0.0009374907406950164,0,2,63569920,all_reduce,2,4
967,0.233,0.23600000000000002,0.23425000000000004,0.234,0.0008490190417966693,0,2,63700992,all_reduce,2,4
968,0.23500000000000001,0.23800000000000002,0.23670000000000005,0.23700000000000002,0.0006403124237432854,0,2,63832064,all_reduce,2,4
969,0.234,0.23800000000000002,0.23610000000000003,0.23600000000000002,0.0008888194417315596,0,2,63963136,all_reduce,2,4
970,0.23500000000000001,0.23700000000000002,0.2362333333333334,0.23600000000000002,0.0007608474807008892,0,2,64094208,all_reduce,2,4
971,0.23700000000000002,0.23900000000000002,0.2381666666666667,0.23800000000000002,0.0007564537145273486,0,2,64225280,all_reduce,2,4
972,0.23600000000000002,0.24,0.23800000000000007,0.23800000000000002,0.0009128709291752766,0,2,64356352,all_reduce,2,4
973,0.23600000000000002,0.23900000000000002,0.23766666666666672,0.23800000000000002,0.0007453559924999306,0,2,64487424,all_reduce,2,4
974,0.23800000000000002,0.241,0.23936666666666667,0.23900000000000002,0.000773879117749582,0,2,64618496,all_reduce,2,4
975,0.23700000000000002,0.241,0.23925000000000007,0.23900000000000002,0.0008490190417966583,0,2,64749568,all_reduce,2,4
976,0.23700000000000002,0.24,0.2388166666666667,0.23900000000000002,0.000763580745930348,0,2,64880640,all_reduce,2,4
977,0.23900000000000002,0.242,0.24080000000000001,0.241,0.0007702813338860859,0,2,65011712,all_reduce,2,4
978,0.23800000000000002,0.242,0.24005,0.24,0.0009023118455759349,0,2,65142784,all_reduce,2,4
979,0.23800000000000002,0.241,0.2400666666666667,0.24,0.0007039570693980889,0,2,65273856,all_reduce,2,4
980,0.24,0.243,0.24123333333333333,0.241,0.0007824463062870343,0,2,65404928,all_reduce,2,4
981,0.23900000000000002,0.243,0.24136666666666665,0.242,0.000999444290037662,0,2,65536000,all_reduce,2,4
982,0.24,0.242,0.2411166666666667,0.241,0.0007547994582816174,0,2,65667072,all_reduce,2,4
983,0.241,0.244,0.24280000000000002,0.243,0.0007257180352359087,0,2,65798144,all_reduce,2,4
984,0.24,0.244,0.24241666666666664,0.242,0.0009711104754638152,0,2,65929216,all_reduce,2,4
985,0.24,0.244,0.24198333333333333,0.242,0.0009035424112286542,0,2,66060288,all_reduce,2,4
986,0.242,0.245,0.24384999999999998,0.244,0.0007262919523166982,0,2,66191360,all_reduce,2,4
987,0.242,0.245,0.24363333333333334,0.244,0.0008556998435328964,0,2,66322432,all_reduce,2,4
988,0.241,0.245,0.24345,0.244,0.0008251262529657716,0,2,66453504,all_reduce,2,4
989,0.243,0.246,0.24436666666666662,0.244,0.0007520342781785657,0,2,66584576,all_reduce,2,4
990,0.243,0.247,0.24458333333333332,0.245,0.0008811293258590877,0,2,66715648,all_reduce,2,4
991,0.242,0.246,0.24413333333333329,0.244,0.0009030811456096052,0,2,66846720,all_reduce,2,4
992,0.244,0.247,0.24581666666666668,0.246,0.0008849042634972198,0,2,66977792,all_reduce,2,4
993,0.243,0.247,0.24516666666666662,0.245,0.0009339283817414608,0,2,67108864,all_reduce,2,4
994,0.009000000000000001,0.125,0.014300000000000002,0.009000000000000001,0.016618563917097852,0,4,2048,all_reduce,4,4
995,0.01,0.036000000000000004,0.02026666666666667,0.0165,0.010222306762935437,0,4,10240,all_reduce,4,4
996,0.01,0.05,0.02175,0.017,0.012189647246741802,0,4,18432,all_reduce,4,4
997,0.012,0.039,0.02058333333333333,0.012,0.009749002798007372,0,4,26624,all_reduce,4,4
998,0.011,0.04,0.018616666666666663,0.011,0.010341005216558442,0,4,34816,all_reduce,4,4
999,0.012,0.034,0.015433333333333334,0.012,0.006780773472760235,0,4,43008,all_reduce,4,4
1000,0.011,0.054,0.01933333333333333,0.011,0.010935670481908683,0,4,51200,all_reduce,4,4
1001,0.011,0.061,0.024416666666666666,0.02,0.014141300820253028,0,4,59392,all_reduce,4,4
1002,0.011,0.054,0.017549999999999996,0.011,0.010589971671350213,0,4,67584,all_reduce,4,4
1003,0.011,0.055,0.025616666666666666,0.0275,0.013580735947984885,0,4,75776,all_reduce,4,4
1004,0.011,0.053,0.019499999999999997,0.011,0.010447487736293355,0,4,83968,all_reduce,4,4
1005,0.011,0.051000000000000004,0.017883333333333324,0.011,0.009923191130993207,0,4,92160,all_reduce,4,4
1006,0.011,0.035,0.014266666666666665,0.011,0.00755836549056004,0,4,100352,all_reduce,4,4
1007,0.011,0.035,0.016833333333333332,0.011,0.00907591440143759,0,4,108544,all_reduce,4,4
1008,0.011,0.036000000000000004,0.01583333333333333,0.011,0.008432411016758824,0,4,116736,all_reduce,4,4
1009,0.011,0.036000000000000004,0.017483333333333326,0.011,0.00923307761378741,0,4,124928,all_reduce,4,4
1010,0.011,0.037,0.01768333333333333,0.011,0.009274502083071031,0,4,133120,all_reduce,4,4
1011,0.011,0.038,0.020649999999999998,0.0125,0.010850230412300009,0,4,141312,all_reduce,4,4
1012,0.011,0.038,0.016316666666666667,0.011,0.009272704867273386,0,4,149504,all_reduce,4,4
1013,0.011,0.046,0.01635,0.011,0.009161195336854248,0,4,157696,all_reduce,4,4
1014,0.011,0.037,0.016733333333333333,0.011,0.009344992717433701,0,4,165888,all_reduce,4,4
1015,0.011,0.037,0.017066666666666664,0.011,0.009495378993079857,0,4,174080,all_reduce,4,4
1016,0.011,0.035,0.016866666666666662,0.011,0.008552712370288675,0,4,182272,all_reduce,4,4
1017,0.011,0.038,0.01728333333333333,0.011,0.009288149558562366,0,4,190464,all_reduce,4,4
1018,0.011,0.045,0.017883333333333327,0.011,0.01016381107437341,0,4,198656,all_reduce,4,4
1019,0.011,0.037,0.019833333333333328,0.016,0.009652575937138346,0,4,206848,all_reduce,4,4
1020,0.011,0.037,0.01938333333333333,0.0115,0.009775976791207222,0,4,215040,all_reduce,4,4
1021,0.011,0.038,0.019966666666666667,0.011,0.010801183062773983,0,4,223232,all_reduce,4,4
1022,0.011,0.049,0.01888333333333333,0.011,0.0107425814195451,0,4,231424,all_reduce,4,4
1023,0.011,0.038,0.02155,0.0175,0.010349597415680799,0,4,239616,all_reduce,4,4
1024,0.011,0.038,0.016983333333333333,0.011,0.008297573273085466,0,4,247808,all_reduce,4,4
1025,0.011,0.044,0.020999999999999998,0.0175,0.010401922899156675,0,4,256000,all_reduce,4,4
1026,0.011,0.039,0.019933333333333327,0.0125,0.010401709261249113,0,4,264192,all_reduce,4,4
1027,0.011,0.035,0.018683333333333326,0.012,0.009781771595961317,0,4,272384,all_reduce,4,4
1028,0.011,0.038,0.017649999999999996,0.011,0.009761873112608392,0,4,280576,all_reduce,4,4
1029,0.011,0.036000000000000004,0.0152,0.011,0.008245807015285609,0,4,288768,all_reduce,4,4
1030,0.011,0.057,0.02175,0.011,0.014312727436329761,0,4,296960,all_reduce,4,4
1031,0.011,0.038,0.01465,0.011,0.008539759949787817,0,4,305152,all_reduce,4,4
1032,0.011,0.064,0.019166666666666665,0.011,0.016049056739329645,0,4,313344,all_reduce,4,4
1033,0.011,0.047,0.016133333333333333,0.011,0.010088717570743182,0,4,321536,all_reduce,4,4
1034,0.011,0.057,0.015733333333333335,0.0115,0.010072845785686497,0,4,329728,all_reduce,4,4
1035,0.011,0.052000000000000005,0.0146,0.011,0.008754427451295715,0,4,337920,all_reduce,4,4
1036,0.011,0.039,0.017233333333333333,0.012,0.009859625866239665,0,4,346112,all_reduce,4,4
1037,0.011,0.04,0.013349999999999999,0.012,0.00635826234123758,0,4,354304,all_reduce,4,4
1038,0.011,0.038,0.01415,0.012,0.006523866440488595,0,4,362496,all_reduce,4,4
1039,0.011,0.04,0.015516666666666668,0.012,0.00882513770745565,0,4,370688,all_reduce,4,4
1040,0.011,0.038,0.02106666666666667,0.012,0.010470381506367803,0,4,378880,all_reduce,4,4
1041,0.011,0.038,0.01956666666666667,0.012,0.009759382949528907,0,4,387072,all_reduce,4,4
1042,0.012,0.041,0.018683333333333333,0.012,0.010148056737895959,0,4,395264,all_reduce,4,4
1043,0.012,0.039,0.01728333333333333,0.012,0.009329329498355651,0,4,403456,all_reduce,4,4
1044,0.012,0.038,0.018166666666666664,0.012,0.009928354456918942,0,4,411648,all_reduce,4,4
1045,0.011,0.066,0.023366666666666668,0.0175,0.012492620043672005,0,4,419840,all_reduce,4,4
1046,0.012,0.037,0.016866666666666665,0.012,0.00863223931292197,0,4,428032,all_reduce,4,4
1047,0.012,0.039,0.02183333333333333,0.013000000000000001,0.011125296500418415,0,4,436224,all_reduce,4,4
1048,0.012,0.039,0.016616666666666665,0.012,0.008860195006632503,0,4,444416,all_reduce,4,4
1049,0.012,0.04,0.01825,0.012,0.009258554602816433,0,4,452608,all_reduce,4,4
1050,0.012,0.061,0.020433333333333328,0.012,0.012991492943033487,0,4,460800,all_reduce,4,4
1051,0.012,0.038,0.020450000000000003,0.013000000000000001,0.009947235796943793,0,4,468992,all_reduce,4,4
1052,0.012,0.039,0.020583333333333335,0.012,0.011153910624629473,0,4,477184,all_reduce,4,4
1053,0.012,0.04,0.019033333333333333,0.012,0.010435463041422212,0,4,485376,all_reduce,4,4
1054,0.012,0.04,0.021033333333333334,0.013000000000000001,0.01039545841007291,0,4,493568,all_reduce,4,4
1055,0.012,0.038,0.021766666666666663,0.0155,0.010299460611550921,0,4,501760,all_reduce,4,4
1056,0.012,0.04,0.019950000000000002,0.013000000000000001,0.01007211497154396,0,4,509952,all_reduce,4,4
1057,0.012,0.037,0.018649999999999993,0.013000000000000001,0.008638720970143671,0,4,518144,all_reduce,4,4
1058,0.012,0.041,0.018933333333333333,0.013000000000000001,0.00949713407063181,0,4,526336,all_reduce,4,4
1059,0.012,0.039,0.019749999999999993,0.013000000000000001,0.009456258950205063,0,4,534528,all_reduce,4,4
1060,0.012,0.04,0.019716666666666667,0.013000000000000001,0.009444736923575772,0,4,542720,all_reduce,4,4
1061,0.013000000000000001,0.038,0.020916666666666663,0.013500000000000002,0.009626857685085456,0,4,550912,all_reduce,4,4
1062,0.013000000000000001,0.038,0.022550000000000004,0.02,0.010053896425432945,0,4,559104,all_reduce,4,4
1063,0.013000000000000001,0.039,0.021666666666666667,0.013500000000000002,0.009954340203594054,0,4,567296,all_reduce,4,4
1064,0.013000000000000001,0.04,0.021483333333333333,0.017,0.009590779715724659,0,4,575488,all_reduce,4,4
1065,0.013000000000000001,0.039,0.019216666666666663,0.013000000000000001,0.009441206961447719,0,4,583680,all_reduce,4,4
1066,0.013000000000000001,0.037,0.01853333333333333,0.013000000000000001,0.009006417465094297,0,4,591872,all_reduce,4,4
1067,0.013000000000000001,0.038,0.019549999999999998,0.013000000000000001,0.00943649829120951,0,4,600064,all_reduce,4,4
1068,0.013000000000000001,0.117,0.02151666666666667,0.013000000000000001,0.01565725781298316,0,4,608256,all_reduce,4,4
1069,0.013000000000000001,0.04,0.02198333333333333,0.0175,0.009786881809624328,0,4,616448,all_reduce,4,4
1070,0.013000000000000001,0.039,0.0238,0.024,0.009518053022195943,0,4,624640,all_reduce,4,4
1071,0.013000000000000001,0.038,0.02176666666666666,0.0195,0.009279667139624255,0,4,632832,all_reduce,4,4
1072,0.013000000000000001,0.04,0.023983333333333332,0.0225,0.010098666028518596,0,4,641024,all_reduce,4,4
1073,0.013000000000000001,0.038,0.021366666666666662,0.019,0.00893302238264793,0,4,649216,all_reduce,4,4
1074,0.013000000000000001,0.04,0.015833333333333335,0.013000000000000001,0.00716511611133336,0,4,657408,all_reduce,4,4
1075,0.013000000000000001,0.041,0.01615,0.013000000000000001,0.007913753850101735,0,4,665600,all_reduce,4,4
1076,0.013000000000000001,0.04,0.015866666666666668,0.013000000000000001,0.006694442139234274,0,4,673792,all_reduce,4,4
1077,0.013000000000000001,0.039,0.015433333333333335,0.013000000000000001,0.0066717480634555,0,4,681984,all_reduce,4,4
1078,0.014,0.039,0.01771666666666667,0.014,0.008000190969942879,0,4,690176,all_reduce,4,4
1079,0.014,0.041,0.017133333333333334,0.014,0.007156504422939705,0,4,698368,all_reduce,4,4
1080,0.014,0.036000000000000004,0.016200000000000003,0.014,0.005991104516976258,0,4,706560,all_reduce,4,4
1081,0.014,0.037,0.019083333333333334,0.014,0.00879638498980626,0,4,714752,all_reduce,4,4
1082,0.014,0.039,0.016833333333333332,0.014,0.00716511611133336,0,4,722944,all_reduce,4,4
1083,0.014,0.04,0.017133333333333334,0.014,0.007973846137355687,0,4,731136,all_reduce,4,4
1084,0.014,0.038,0.0181,0.014,0.008304015093114094,0,4,739328,all_reduce,4,4
1085,0.014,0.038,0.01746666666666667,0.014,0.007900351609615585,0,4,747520,all_reduce,4,4
1086,0.014,0.04,0.01835,0.014,0.008405999841383138,0,4,755712,all_reduce,4,4
1087,0.014,0.044,0.01753333333333333,0.014,0.008311571585580083,0,4,763904,all_reduce,4,4
1088,0.014,0.04,0.015583333333333336,0.014,0.005416923070854483,0,4,772096,all_reduce,4,4
1089,0.014,0.041,0.017400000000000002,0.014,0.007780745465570763,0,4,780288,all_reduce,4,4
1090,0.015,0.063,0.019149999999999997,0.015,0.009251711553364959,0,4,788480,all_reduce,4,4
1091,0.015,0.056,0.02063333333333333,0.015,0.009645321260705744,0,4,796672,all_reduce,4,4
1092,0.015,0.052000000000000005,0.020016666666666665,0.015,0.009258314581439157,0,4,804864,all_reduce,4,4
1093,0.015,0.039,0.01936666666666666,0.015,0.00819545944749625,0,4,813056,all_reduce,4,4
1094,0.015,0.061,0.023616666666666668,0.015,0.014074908722814354,0,4,821248,all_reduce,4,4
1095,0.015,0.037,0.01806666666666666,0.015,0.006874752520798275,0,4,829440,all_reduce,4,4
1096,0.015,0.07100000000000001,0.02223333333333333,0.015,0.012423588674596225,0,4,837632,all_reduce,4,4
1097,0.015,0.04,0.018399999999999993,0.015,0.007289718787443039,0,4,845824,all_reduce,4,4
1098,0.015,0.044,0.02141666666666666,0.015,0.009618197451821325,0,4,854016,all_reduce,4,4
1099,0.015,0.043000000000000003,0.018449999999999998,0.015,0.007967486010865244,0,4,862208,all_reduce,4,4
1100,0.015,0.04,0.019149999999999993,0.015,0.008201270226820559,0,4,870400,all_reduce,4,4
1101,0.015,0.044,0.018399999999999993,0.015,0.007897678983937834,0,4,878592,all_reduce,4,4
1102,0.016,0.039,0.018266666666666664,0.016,0.006043913375362761,0,4,886784,all_reduce,4,4
1103,0.016,0.039,0.019100000000000002,0.016,0.006451614784945964,0,4,894976,all_reduce,4,4
1104,0.016,0.04,0.019933333333333334,0.016,0.007689531122824648,0,4,903168,all_reduce,4,4
1105,0.016,0.039,0.0213,0.016,0.008397023282092292,0,4,911360,all_reduce,4,4
1106,0.016,0.041,0.022566666666666672,0.016,0.008862593049190263,0,4,919552,all_reduce,4,4
1107,0.016,0.04,0.020833333333333332,0.016,0.00798783797754784,0,4,927744,all_reduce,4,4
1108,0.016,0.039,0.021699999999999997,0.016,0.008232658541848232,0,4,935936,all_reduce,4,4
1109,0.016,0.038,0.021349999999999997,0.016,0.008421846590861176,0,4,944128,all_reduce,4,4
1110,0.016,0.04,0.022150000000000003,0.016,0.0086174725606371,0,4,952320,all_reduce,4,4
1111,0.016,0.042,0.019633333333333336,0.016,0.007966527195431868,0,4,960512,all_reduce,4,4
1112,0.016,0.039,0.019816666666666666,0.016,0.007524386279882824,0,4,968704,all_reduce,4,4
1113,0.016,0.04,0.021150000000000002,0.016,0.008030826026422603,0,4,976896,all_reduce,4,4
1114,0.017,0.04,0.020966666666666665,0.017,0.006690706655918756,0,4,985088,all_reduce,4,4
1115,0.017,0.04,0.02158333333333333,0.017,0.007631713801994644,0,4,993280,all_reduce,4,4
1116,0.017,0.038,0.020116666666666665,0.017,0.006780097508312269,0,4,1001472,all_reduce,4,4
1117,0.017,0.038,0.019483333333333328,0.017,0.005780691039044457,0,4,1009664,all_reduce,4,4
1118,0.017,0.061,0.02266666666666667,0.017,0.008958546509091503,0,4,1017856,all_reduce,4,4
1119,0.017,0.039,0.020583333333333332,0.017,0.006866080072032044,0,4,1026048,all_reduce,4,4
1120,0.017,0.039,0.021883333333333328,0.017,0.0072871843365977474,0,4,1034240,all_reduce,4,4
1121,0.017,0.045,0.020433333333333328,0.017,0.007501925678710025,0,4,1042432,all_reduce,4,4
1122,0.017,0.04,0.021349999999999994,0.017,0.007632878443505657,0,4,1048576,all_reduce,4,4
1123,0.029,0.03,0.029766666666666663,0.03,0.00042295258468164954,0,4,1081344,all_reduce,4,4
1124,0.03,0.031,0.03001666666666667,0.03,0.0001280190957978103,0,4,1114112,all_reduce,4,4
1125,0.03,0.031,0.030183333333333333,0.03,0.000386939558874797,0,4,1146880,all_reduce,4,4
1126,0.03,0.031,0.030566666666666666,0.031,0.0004955356249106174,0,4,1179648,all_reduce,4,4
1127,0.031,0.031,0.030999999999999993,0.031,6.938893903907228e-18,0,4,1212416,all_reduce,4,4
1128,0.031,0.032,0.03101666666666666,0.031,0.00012801909579781027,0,4,1245184,all_reduce,4,4
1129,0.031,0.032,0.031099999999999996,0.031,0.00030000000000000024,0,4,1277952,all_reduce,4,4
1130,0.031,0.032,0.031216666666666663,0.031,0.0004119735698102762,0,4,1310720,all_reduce,4,4
1131,0.031,0.031,0.030999999999999993,0.031,6.938893903907228e-18,0,4,1343488,all_reduce,4,4
1132,0.031,0.032,0.03101666666666666,0.031,0.00012801909579781027,0,4,1376256,all_reduce,4,4
1133,0.031,0.032,0.03101666666666666,0.031,0.00012801909579781025,0,4,1409024,all_reduce,4,4
1134,0.031,0.036000000000000004,0.031349999999999996,0.031,0.0011376144631054356,0,4,1441792,all_reduce,4,4
1135,0.031,0.033,0.03141666666666666,0.031,0.0005257270098529172,0,4,1474560,all_reduce,4,4
1136,0.031,0.034,0.03163333333333333,0.032,0.0005763872155263533,0,4,1507328,all_reduce,4,4
1137,0.031,0.032,0.03185,0.032,0.00035707142142714284,0,4,1540096,all_reduce,4,4
1138,0.031,0.032,0.03186666666666667,0.032,0.00033993463423951926,0,4,1572864,all_reduce,4,4
1139,0.031,0.032,0.03136666666666666,0.031,0.0004818944098266991,0,4,1605632,all_reduce,4,4
1140,0.031,0.032,0.0313,0.031,0.0004582575694955844,0,4,1638400,all_reduce,4,4
1141,0.031,0.032,0.03191666666666667,0.032,0.00027638539919628354,0,4,1671168,all_reduce,4,4
1142,0.031,0.033,0.031933333333333334,0.032,0.0003091206165165237,0,4,1703936,all_reduce,4,4
1143,0.031,0.032,0.031983333333333336,0.032,0.0001280190957978103,0,4,1736704,all_reduce,4,4
1144,0.032,0.033,0.03205,0.032,0.00021794494717703385,0,4,1769472,all_reduce,4,4
1145,0.032,0.033,0.03201666666666667,0.032,0.0001280190957978103,0,4,1802240,all_reduce,4,4
1146,0.032,0.033,0.03203333333333334,0.032,0.00017950549357115028,0,4,1835008,all_reduce,4,4
1147,0.032,0.033,0.03206666666666667,0.032,0.00024944382578492966,0,4,1867776,all_reduce,4,4
1148,0.032,0.033,0.03211666666666667,0.032,0.000321022671404304,0,4,1900544,all_reduce,4,4
1149,0.032,0.035,0.03236666666666667,0.032,0.0005763872155263533,0,4,1933312,all_reduce,4,4
1150,0.032,0.04,0.03606666666666667,0.0385,0.003285659074760428,0,4,1966080,all_reduce,4,4
1151,0.032,0.034,0.03281666666666667,0.033,0.0004278499217664483,0,4,1998848,all_reduce,4,4
1152,0.032,0.033,0.03285,0.033,0.0003570714214271428,0,4,2031616,all_reduce,4,4
1153,0.032,0.033,0.032933333333333335,0.033,0.00024944382578492966,0,4,2064384,all_reduce,4,4
1154,0.033,0.033,0.032999999999999995,0.033,6.938893903907228e-18,0,4,2097152,all_reduce,4,4
1155,0.036000000000000004,0.049,0.036983333333333326,0.037,0.0016175255450498725,0,4,2129920,all_reduce,4,4
1156,0.036000000000000004,0.037,0.0369,0.037,0.0002999999999999982,0,4,2162688,all_reduce,4,4
1157,0.037,0.038,0.03703333333333333,0.037,0.0001795054935711503,0,4,2195456,all_reduce,4,4
1158,0.037,0.038,0.037099999999999994,0.037,0.0003000000000000003,0,4,2228224,all_reduce,4,4
1159,0.037,0.04,0.03773333333333332,0.038,0.0005436502143433369,0,4,2260992,all_reduce,4,4
1160,0.037,0.038,0.03778333333333332,0.038,0.0004119735698102762,0,4,2293760,all_reduce,4,4
1161,0.038,0.039,0.038149999999999996,0.038,0.00035707142142714284,0,4,2326528,all_reduce,4,4
1162,0.038,0.039,0.03816666666666667,0.038,0.0003726779962499653,0,4,2359296,all_reduce,4,4
1163,0.037,0.038,0.03786666666666665,0.038,0.0003399346342395193,0,4,2392064,all_reduce,4,4
1164,0.037,0.038,0.037933333333333326,0.038,0.00024944382578492966,0,4,2424832,all_reduce,4,4
1165,0.038,0.039,0.038049999999999994,0.038,0.00021794494717703388,0,4,2457600,all_reduce,4,4
1166,0.037,0.041,0.038049999999999994,0.038,0.0005894913061275801,0,4,2490368,all_reduce,4,4
1167,0.038,0.041,0.03844999999999999,0.038,0.0005894913061275804,0,4,2523136,all_reduce,4,4
1168,0.038,0.04,0.03824999999999999,0.038,0.0004699290726623899,0,4,2555904,all_reduce,4,4
1169,0.038,0.039,0.03846666666666668,0.038,0.0004988876515698593,0,4,2588672,all_reduce,4,4
1170,0.038,0.039,0.03833333333333333,0.038,0.00047140452079103207,0,4,2621440,all_reduce,4,4
1171,0.038,0.039,0.03806666666666666,0.038,0.00024944382578492966,0,4,2654208,all_reduce,4,4
1172,0.038,0.039,0.03806666666666666,0.038,0.00024944382578492966,0,4,2686976,all_reduce,4,4
1173,0.038,0.039,0.03844999999999999,0.038,0.0004974937185533105,0,4,2719744,all_reduce,4,4
1174,0.038,0.039,0.03843333333333333,0.038,0.0004955356249106172,0,4,2752512,all_reduce,4,4
1175,0.038,0.042,0.03871666666666666,0.039,0.0006348665651580309,0,4,2785280,all_reduce,4,4
1176,0.038,0.039,0.038583333333333324,0.039,0.0004930066485916352,0,4,2818048,all_reduce,4,4
1177,0.038,0.039,0.038483333333333335,0.038,0.0004997221450188321,0,4,2850816,all_reduce,4,4
1178,0.038,0.039,0.03860000000000001,0.039,0.000489897948556636,0,4,2883584,all_reduce,4,4
1179,0.038,0.039,0.03861666666666667,0.039,0.0004861984048604945,0,4,2916352,all_reduce,4,4
1180,0.038,0.039,0.03873333333333333,0.039,0.0004422166387140537,0,4,2949120,all_reduce,4,4
1181,0.038,0.039,0.03886666666666668,0.039,0.0003399346342395193,0,4,2981888,all_reduce,4,4
1182,0.038,0.039,0.03890000000000002,0.039,0.0003000000000000003,0,4,3014656,all_reduce,4,4
1183,0.038,0.04,0.03883333333333335,0.039,0.0004149966532662915,0,4,3047424,all_reduce,4,4
1184,0.038,0.04,0.03895000000000001,0.039,0.00028431203515386663,0,4,3080192,all_reduce,4,4
1185,0.038,0.039,0.03895000000000001,0.039,0.00021794494717703385,0,4,3112960,all_reduce,4,4
1186,0.039,0.039,0.039000000000000014,0.039,1.3877787807814457e-17,0,4,3145728,all_reduce,4,4
1187,0.041,0.044,0.042033333333333325,0.042,0.0003636237371545234,0,4,3178496,all_reduce,4,4
1188,0.041,0.042,0.04181666666666665,0.042,0.0003869395588747969,0,4,3211264,all_reduce,4,4
1189,0.042,0.043000000000000003,0.04215,0.042,0.00035707142142714284,0,4,3244032,all_reduce,4,4
1190,0.042,0.043000000000000003,0.04216666666666666,0.042,0.00037267799624996525,0,4,3276800,all_reduce,4,4
1191,0.042,0.043000000000000003,0.04273333333333333,0.043000000000000003,0.0004422166387140537,0,4,3309568,all_reduce,4,4
1192,0.042,0.043000000000000003,0.04271666666666666,0.043000000000000003,0.0004506168611531929,0,4,3342336,all_reduce,4,4
1193,0.043000000000000003,0.044,0.04303333333333335,0.043000000000000003,0.00017950549357114906,0,4,3375104,all_reduce,4,4
1194,0.043000000000000003,0.044,0.04306666666666668,0.043000000000000003,0.0002494438257849279,0,4,3407872,all_reduce,4,4
1195,0.042,0.044,0.042933333333333344,0.043000000000000003,0.0003091206165165233,0,4,3440640,all_reduce,4,4
1196,0.042,0.043000000000000003,0.04290000000000001,0.043000000000000003,0.00030000000000000024,0,4,3473408,all_reduce,4,4
1197,0.042,0.046,0.04298333333333334,0.043000000000000003,0.0004651761912317618,0,4,3506176,all_reduce,4,4
1198,0.042,0.047,0.043050000000000005,0.043000000000000003,0.0005605057240266739,0,4,3538944,all_reduce,4,4
1199,0.043000000000000003,0.044,0.043216666666666674,0.043000000000000003,0.0004119735698102734,0,4,3571712,all_reduce,4,4
1200,0.043000000000000003,0.044,0.04306666666666668,0.043000000000000003,0.0002494438257849279,0,4,3604480,all_reduce,4,4
1201,0.043000000000000003,0.044,0.04320000000000001,0.043000000000000003,0.00039999999999999763,0,4,3637248,all_reduce,4,4
1202,0.043000000000000003,0.044,0.04330000000000001,0.043000000000000003,0.00045825756949558134,0,4,3670016,all_reduce,4,4
1203,0.043000000000000003,0.044,0.043016666666666675,0.043000000000000003,0.00012801909579780943,0,4,3702784,all_reduce,4,4
1204,0.043000000000000003,0.044,0.04308333333333334,0.043000000000000003,0.00027638539919628164,0,4,3735552,all_reduce,4,4
1205,0.043000000000000003,0.044,0.043366666666666664,0.043000000000000003,0.0004818944098266958,0,4,3768320,all_reduce,4,4
1206,0.043000000000000003,0.044,0.04353333333333334,0.044,0.000498887651569856,0,4,3801088,all_reduce,4,4
1207,0.043000000000000003,0.044,0.0436,0.044,0.0004898979485566326,0,4,3833856,all_reduce,4,4
1208,0.043000000000000003,0.044,0.043666666666666666,0.044,0.0004714045207910289,0,4,3866624,all_reduce,4,4
1209,0.043000000000000003,0.044,0.04378333333333333,0.044,0.0004119735698102734,0,4,3899392,all_reduce,4,4
1210,0.043000000000000003,0.044,0.04388333333333334,0.044,0.00032102267140430175,0,4,3932160,all_reduce,4,4
1211,0.043000000000000003,0.045,0.04398333333333333,0.044,0.0002881936077631755,0,4,3964928,all_reduce,4,4
1212,0.043000000000000003,0.045,0.044,0.044,0.0001825741858350549,0,4,3997696,all_reduce,4,4
1213,0.043000000000000003,0.045,0.04403333333333333,0.044,0.0002560381915956201,0,4,4030464,all_reduce,4,4
1214,0.044,0.045,0.04401666666666666,0.044,0.00012801909579781027,0,4,4063232,all_reduce,4,4
1215,0.044,0.045,0.04405,0.044,0.00021794494717703385,0,4,4096000,all_reduce,4,4
1216,0.044,0.046,0.04409999999999999,0.044,0.00035118845842842494,0,4,4128768,all_reduce,4,4
1217,0.043000000000000003,0.045,0.04406666666666667,0.044,0.0003590109871422999,0,4,4161536,all_reduce,4,4
1218,0.046,0.047,0.046633333333333325,0.047,0.0004818944098266991,0,4,4194304,all_reduce,4,4
1219,0.05,0.052000000000000005,0.05096666666666668,0.051000000000000004,0.0002560381915956205,0,4,4227072,all_reduce,4,4
1220,0.051000000000000004,0.053,0.05106666666666668,0.051000000000000004,0.000309120616516523,0,4,4259840,all_reduce,4,4
1221,0.051000000000000004,0.055,0.051466666666666674,0.051000000000000004,0.0006699917080747261,0,4,4292608,all_reduce,4,4
1222,0.051000000000000004,0.056,0.05173333333333334,0.052000000000000005,0.0007272474743090475,0,4,4325376,all_reduce,4,4
1223,0.052000000000000005,0.055,0.052050000000000006,0.052000000000000005,0.0003840572873934299,0,4,4358144,all_reduce,4,4
1224,0.051000000000000004,0.055,0.052033333333333334,0.052000000000000005,0.000406885187191123,0,4,4390912,all_reduce,4,4
1225,0.052000000000000005,0.053,0.052366666666666666,0.052000000000000005,0.00048189440982669576,0,4,4423680,all_reduce,4,4
1226,0.052000000000000005,0.056,0.052599999999999994,0.053,0.0006633249580710778,0,4,4456448,all_reduce,4,4
1227,0.052000000000000005,0.076,0.05248333333333333,0.052000000000000005,0.0030902624843566636,0,4,4489216,all_reduce,4,4
1228,0.052000000000000005,0.052000000000000005,0.052000000000000005,0.052000000000000005,0.0,0,4,4521984,all_reduce,4,4
1229,0.052000000000000005,0.053,0.0521,0.052000000000000005,0.0002999999999999982,0,4,4554752,all_reduce,4,4
1230,0.051000000000000004,0.053,0.05206666666666667,0.052000000000000005,0.000309120616516522,0,4,4587520,all_reduce,4,4
1231,0.052000000000000005,0.053,0.052583333333333336,0.053,0.0004930066485916317,0,4,4620288,all_reduce,4,4
1232,0.052000000000000005,0.053,0.05253333333333333,0.053,0.000498887651569856,0,4,4653056,all_reduce,4,4
1233,0.052000000000000005,0.053,0.052649999999999995,0.053,0.00047696960070847,0,4,4685824,all_reduce,4,4
1234,0.052000000000000005,0.056,0.05276666666666666,0.053,0.0006155395104206445,0,4,4718592,all_reduce,4,4
1235,0.052000000000000005,0.053,0.05216666666666667,0.052000000000000005,0.0003726779962499626,0,4,4751360,all_reduce,4,4
1236,0.052000000000000005,0.053,0.052166666666666674,0.052000000000000005,0.00037267799624996276,0,4,4784128,all_reduce,4,4
1237,0.052000000000000005,0.053,0.05281666666666666,0.053,0.0003869395588747942,0,4,4816896,all_reduce,4,4
1238,0.052000000000000005,0.053,0.05276666666666666,0.053,0.0004229525846816481,0,4,4849664,all_reduce,4,4
1239,0.052000000000000005,0.054,0.05294999999999999,0.053,0.0002843120351538651,0,4,4882432,all_reduce,4,4
1240,0.052000000000000005,0.053,0.05294999999999999,0.053,0.00021794494717703236,0,4,4915200,all_reduce,4,4
1241,0.052000000000000005,0.053,0.052933333333333325,0.053,0.0002494438257849279,0,4,4947968,all_reduce,4,4
1242,0.052000000000000005,0.053,0.05296666666666667,0.053,0.00017950549357114906,0,4,4980736,all_reduce,4,4
1243,0.052000000000000005,0.053,0.05296666666666667,0.053,0.00017950549357114906,0,4,5013504,all_reduce,4,4
1244,0.052000000000000005,0.054,0.053,0.053,0.0003162277660168371,0,4,5046272,all_reduce,4,4
1245,0.052000000000000005,0.054,0.053,0.053,0.0001825741858350549,0,4,5079040,all_reduce,4,4
1246,0.041,0.043000000000000003,0.04164999999999999,0.041,0.0007921489758877436,0,4,5111808,all_reduce,4,4
1247,0.041,0.053,0.041866666666666656,0.042,0.001637749132871766,0,4,5144576,all_reduce,4,4
1248,0.041,0.161,0.05833333333333334,0.043000000000000003,0.02149470218966111,0,4,5177344,all_reduce,4,4
1249,0.041,0.044,0.04214999999999999,0.042,0.0007708220719898117,0,4,5210112,all_reduce,4,4
1250,0.041,0.044,0.04201666666666666,0.042,0.0006706133179576901,0,4,5242880,all_reduce,4,4
1251,0.041,0.044,0.042116666666666656,0.042,0.0005799904213768433,0,4,5275648,all_reduce,4,4
1252,0.042,0.044,0.04233333333333332,0.042,0.0005676462121975463,0,4,5308416,all_reduce,4,4
1253,0.042,0.044,0.042316666666666655,0.042,0.0005913731666403382,0,4,5341184,all_reduce,4,4
1254,0.042,0.045,0.042449999999999995,0.042,0.0006689544080129819,0,4,5373952,all_reduce,4,4
1255,0.042,0.044,0.04271666666666667,0.043000000000000003,0.0006080478782318226,0,4,5406720,all_reduce,4,4
1256,0.042,0.044,0.04276666666666666,0.043000000000000003,0.0006155395104206454,0,4,5439488,all_reduce,4,4
1257,0.042,0.044,0.04286666666666667,0.043000000000000003,0.0006446359868604559,0,4,5472256,all_reduce,4,4
1258,0.042,0.044,0.04280000000000001,0.043000000000000003,0.0005999999999999991,0,4,5505024,all_reduce,4,4
1259,0.042,0.045,0.0429,0.043000000000000003,0.0008504900548115368,0,4,5537792,all_reduce,4,4
1260,0.042,0.045,0.04316666666666667,0.043000000000000003,0.0007781745019952484,0,4,5570560,all_reduce,4,4
1261,0.042,0.045,0.04351666666666667,0.043000000000000003,0.0007414325473178384,0,4,5603328,all_reduce,4,4
1262,0.042,0.046,0.04356666666666667,0.043000000000000003,0.0009195409482755793,0,4,5636096,all_reduce,4,4
1263,0.042,0.06,0.04398333333333334,0.043000000000000003,0.002283941524840092,0,4,5668864,all_reduce,4,4
1264,0.043000000000000003,0.046,0.043583333333333335,0.043000000000000003,0.0007139483330201275,0,4,5701632,all_reduce,4,4
1265,0.043000000000000003,0.046,0.04376666666666666,0.044,0.0008634555897992392,0,4,5734400,all_reduce,4,4
1266,0.044,0.047,0.04466666666666665,0.044,0.000809663853432742,0,4,5767168,all_reduce,4,4
1267,0.044,0.055,0.045433333333333326,0.045,0.0017065234314893615,0,4,5799936,all_reduce,4,4
1268,0.044,0.047,0.04495,0.045,0.0009733961166965902,0,4,5832704,all_reduce,4,4
1269,0.044,0.047,0.04489999999999998,0.045,0.0007681145747868615,0,4,5865472,all_reduce,4,4
1270,0.044,0.193,0.04758333333333333,0.045,0.01895107003721836,0,4,5898240,all_reduce,4,4
1271,0.044,0.047,0.04496666666666666,0.045,0.0008359957469322976,0,4,5931008,all_reduce,4,4
1272,0.044,0.047,0.04504999999999999,0.045,0.0006934214687571579,0,4,5963776,all_reduce,4,4
1273,0.044,0.058,0.045299999999999986,0.045,0.0017823205847059807,0,4,5996544,all_reduce,4,4
1274,0.044,0.047,0.04514999999999999,0.045,0.0004769696007084733,0,4,6029312,all_reduce,4,4
1275,0.045,0.048,0.045249999999999985,0.045,0.0006224949798994372,0,4,6062080,all_reduce,4,4
1276,0.044,0.047,0.04524999999999999,0.045,0.0005361902647381809,0,4,6094848,all_reduce,4,4
1277,0.045,0.047,0.04539999999999999,0.045,0.000711805216802088,0,4,6127616,all_reduce,4,4
1278,0.045,0.048,0.04561666666666666,0.045,0.0007977398629182887,0,4,6160384,all_reduce,4,4
1279,0.045,0.048,0.045833333333333316,0.046,0.0008399735445569442,0,4,6193152,all_reduce,4,4
1280,0.045,0.048,0.04628333333333332,0.046,0.0006080478782318239,0,4,6225920,all_reduce,4,4
1281,0.045,0.048,0.04619999999999999,0.046,0.0005715476066494087,0,4,6258688,all_reduce,4,4
1282,0.046,0.048,0.04644999999999999,0.046,0.0006171169527191212,0,4,6291456,all_reduce,4,4
1283,0.046,0.048,0.04638333333333331,0.046,0.0006605973727535478,0,4,6324224,all_reduce,4,4
1284,0.046,0.059000000000000004,0.04679999999999999,0.046,0.002256841450641435,0,4,6356992,all_reduce,4,4
1285,0.046,0.048,0.046433333333333326,0.046,0.0006674994798166935,0,4,6389760,all_reduce,4,4
1286,0.046,0.049,0.04671666666666666,0.047,0.0007765665171481171,0,4,6422528,all_reduce,4,4
1287,0.047,0.05,0.048216666666666665,0.048,0.0009676718911329865,0,4,6455296,all_reduce,4,4
1288,0.047,0.05,0.04836666666666666,0.048,0.0010640593133008254,0,4,6488064,all_reduce,4,4
1289,0.047,0.05,0.04858333333333332,0.048,0.0011297738220054894,0,4,6520832,all_reduce,4,4
1290,0.047,0.051000000000000004,0.04833333333333333,0.048,0.0008881941729649494,0,4,6553600,all_reduce,4,4
1291,0.047,0.051000000000000004,0.04843333333333333,0.048,0.0008825468196582493,0,4,6586368,all_reduce,4,4
1292,0.047,0.051000000000000004,0.048783333333333324,0.049,0.0009676718911329863,0,4,6619136,all_reduce,4,4
1293,0.047,0.051000000000000004,0.04884999999999999,0.0485,0.0010460242189675479,0,4,6651904,all_reduce,4,4
1294,0.048,0.093,0.04956666666666666,0.048,0.005736917484348387,0,4,6684672,all_reduce,4,4
1295,0.048,0.051000000000000004,0.04889999999999999,0.048,0.0010279429296739526,0,4,6717440,all_reduce,4,4
1296,0.048,0.051000000000000004,0.04893333333333332,0.049,0.0008919392106839775,0,4,6750208,all_reduce,4,4
1297,0.048,0.051000000000000004,0.04884999999999999,0.049,0.0009278110439811195,0,4,6782976,all_reduce,4,4
1298,0.048,0.051000000000000004,0.04888333333333333,0.049,0.0009676718911329867,0,4,6815744,all_reduce,4,4
1299,0.048,0.051000000000000004,0.04893333333333332,0.049,0.0007930251502246886,0,4,6848512,all_reduce,4,4
1300,0.048,0.051000000000000004,0.049333333333333326,0.049,0.0009428090415820641,0,4,6881280,all_reduce,4,4
1301,0.049,0.052000000000000005,0.04946666666666666,0.049,0.0007408703590297631,0,4,6914048,all_reduce,4,4
1302,0.049,0.051000000000000004,0.049866666666666656,0.05,0.000845905169363302,0,4,6946816,all_reduce,4,4
1303,0.049,0.052000000000000005,0.049416666666666664,0.049,0.0007369230323144722,0,4,6979584,all_reduce,4,4
1304,0.049,0.051000000000000004,0.04929999999999999,0.049,0.0004932882862316252,0,4,7012352,all_reduce,4,4
1305,0.049,0.052000000000000005,0.04963333333333333,0.049,0.0008556998435328964,0,4,7045120,all_reduce,4,4
1306,0.049,0.052000000000000005,0.049483333333333324,0.049,0.0007414325473178415,0,4,7077888,all_reduce,4,4
1307,0.049,0.052000000000000005,0.04994999999999999,0.05,0.0007836878630339172,0,4,7110656,all_reduce,4,4
1308,0.05,0.052000000000000005,0.05033333333333333,0.05,0.0005676462121975472,0,4,7143424,all_reduce,4,4
1309,0.05,0.052000000000000005,0.05063333333333333,0.051000000000000004,0.0005763872155263532,0,4,7176192,all_reduce,4,4
1310,0.05,0.052000000000000005,0.05064999999999999,0.051000000000000004,0.0005722761571129803,0,4,7208960,all_reduce,4,4
1311,0.05,0.052000000000000005,0.05068333333333334,0.051000000000000004,0.0005320296566504127,0,4,7241728,all_reduce,4,4
1312,0.05,0.052000000000000005,0.050966666666666674,0.051000000000000004,0.0005763872155263533,0,4,7274496,all_reduce,4,4
1313,0.05,0.052000000000000005,0.05098333333333334,0.051000000000000004,0.0005320296566504127,0,4,7307264,all_reduce,4,4
1314,0.05,0.053,0.05108333333333334,0.051000000000000004,0.0005565269285688,0,4,7340032,all_reduce,4,4
1315,0.05,0.053,0.051150000000000015,0.051000000000000004,0.0004769696007084723,0,4,7372800,all_reduce,4,4
1316,0.053,0.056,0.05361666666666666,0.053,0.0008183655798127286,0,4,7405568,all_reduce,4,4
1317,0.053,0.056,0.05361666666666666,0.053,0.0008581310441237341,0,4,7438336,all_reduce,4,4
1318,0.053,0.056,0.053766666666666664,0.0535,0.0009551032521262945,0,4,7471104,all_reduce,4,4
1319,0.053,0.056,0.053933333333333326,0.054,0.0009104333522498451,0,4,7503872,all_reduce,4,4
1320,0.053,0.061,0.05465,0.054,0.0013883443376914828,0,4,7536640,all_reduce,4,4
1321,0.053,0.057,0.05459999999999999,0.054,0.0010677078252031322,0,4,7569408,all_reduce,4,4
1322,0.053,0.057,0.05474999999999999,0.0545,0.000924211375534119,0,4,7602176,all_reduce,4,4
1323,0.054,0.056,0.05489999999999999,0.055,0.000810349718742882,0,4,7634944,all_reduce,4,4
1324,0.054,0.056,0.05461666666666667,0.054,0.0007547994582816176,0,4,7667712,all_reduce,4,4
1325,0.054,0.057,0.054849999999999996,0.055,0.0008722576072086358,0,4,7700480,all_reduce,4,4
1326,0.054,0.057,0.055066666666666673,0.055,0.0007717224601860157,0,4,7733248,all_reduce,4,4
1327,0.054,0.112,0.05593333333333333,0.055,0.007341359244414863,0,4,7766016,all_reduce,4,4
1328,0.054,0.058,0.05503333333333334,0.055,0.0008158158833680285,0,4,7798784,all_reduce,4,4
1329,0.055,0.057,0.05525000000000001,0.055,0.0005664215155988815,0,4,7831552,all_reduce,4,4
1330,0.055,0.057,0.05600000000000001,0.056,0.00044721359549995833,0,4,7864320,all_reduce,4,4
1331,0.055,0.057,0.05596666666666668,0.056,0.0004459696053419887,0,4,7897088,all_reduce,4,4
1332,0.055,0.057,0.05598333333333334,0.056,0.0004997221450188321,0,4,7929856,all_reduce,4,4
1333,0.055,0.057,0.05606666666666667,0.056,0.0004027681991198194,0,4,7962624,all_reduce,4,4
1334,0.056,0.057,0.05605000000000001,0.056,0.00021794494717703385,0,4,7995392,all_reduce,4,4
1335,0.055,0.057,0.056183333333333335,0.056,0.0004278499217664482,0,4,8028160,all_reduce,4,4
1336,0.056,0.058,0.05625,0.056,0.0004699290726623899,0,4,8060928,all_reduce,4,4
1337,0.057,0.059000000000000004,0.057499999999999996,0.057,0.0005627314338711381,0,4,8093696,all_reduce,4,4
1338,0.057,0.059000000000000004,0.057466666666666666,0.057,0.0005906681715556456,0,4,8126464,all_reduce,4,4
1339,0.057,0.059000000000000004,0.05748333333333333,0.057,0.0005320296566504127,0,4,8159232,all_reduce,4,4
1340,0.057,0.059000000000000004,0.05765,0.058,0.0005722761571129804,0,4,8192000,all_reduce,4,4
1341,0.057,0.058,0.05771666666666666,0.058,0.0004506168611531929,0,4,8224768,all_reduce,4,4
1342,0.057,0.059000000000000004,0.057749999999999996,0.058,0.0005041494487418063,0,4,8257536,all_reduce,4,4
1343,0.057,0.06,0.05806666666666666,0.058,0.00035901098714229997,0,4,8290304,all_reduce,4,4
1344,0.056,0.06,0.05728333333333334,0.057,0.0007977398629182884,0,4,8323072,all_reduce,4,4
1345,0.056,0.059000000000000004,0.05728333333333334,0.057,0.0007547994582816175,0,4,8355840,all_reduce,4,4
1346,0.056,0.059000000000000004,0.057216666666666666,0.057,0.0006605973727535478,0,4,8388608,all_reduce,4,4
1347,0.056,0.06,0.05733333333333333,0.057,0.0008299933065325822,0,4,8421376,all_reduce,4,4
1348,0.056,0.06,0.05748333333333333,0.057,0.000921803787268322,0,4,8454144,all_reduce,4,4
1349,0.057,0.06,0.05761666666666667,0.057,0.0009325889889025185,0,4,8486912,all_reduce,4,4
1350,0.057,0.061,0.05778333333333333,0.057,0.0009847447497814963,0,4,8519680,all_reduce,4,4
1351,0.058,0.06,0.05826666666666666,0.058,0.0005734883511361742,0,4,8552448,all_reduce,4,4
1352,0.058,0.06,0.05816666666666666,0.058,0.00041499665326629094,0,4,8585216,all_reduce,4,4
1353,0.058,0.06,0.05838333333333333,0.058,0.0007092640943651056,0,4,8617984,all_reduce,4,4
1354,0.058,0.06,0.05833333333333333,0.058,0.0006497862896539297,0,4,8650752,all_reduce,4,4
1355,0.058,0.061,0.058483333333333325,0.058,0.0006950219820664339,0,4,8683520,all_reduce,4,4
1356,0.058,0.06,0.05869999999999999,0.058,0.0008225975119502025,0,4,8716288,all_reduce,4,4
1357,0.058,0.061,0.058933333333333324,0.059000000000000004,0.0009104333522498426,0,4,8749056,all_reduce,4,4
1358,0.059000000000000004,0.062,0.06016666666666667,0.06,0.0008198915917499211,0,4,8781824,all_reduce,4,4
1359,0.059000000000000004,0.062,0.0603,0.06,0.0007593857166596333,0,4,8814592,all_reduce,4,4
1360,0.059000000000000004,0.062,0.06018333333333333,0.06,0.0009035424112286516,0,4,8847360,all_reduce,4,4
1361,0.059000000000000004,0.062,0.06078333333333332,0.061,0.0008384840818736847,0,4,8880128,all_reduce,4,4
1362,0.059000000000000004,0.062,0.06076666666666666,0.061,0.000843932593411478,0,4,8912896,all_reduce,4,4
1363,0.06,0.062,0.06086666666666666,0.061,0.0006699917080747267,0,4,8945664,all_reduce,4,4
1364,0.059000000000000004,0.063,0.06075,0.061,0.0008684276980075356,0,4,8978432,all_reduce,4,4
1365,0.06,0.062,0.0608,0.061,0.0005416025603090645,0,4,9011200,all_reduce,4,4
1366,0.06,0.062,0.06094999999999999,0.061,0.0004252450274057695,0,4,9043968,all_reduce,4,4
1367,0.06,0.063,0.06101666666666666,0.061,0.0005320296566504126,0,4,9076736,all_reduce,4,4
1368,0.06,0.062,0.06099999999999999,0.061,0.0005773502691896263,0,4,9109504,all_reduce,4,4
1369,0.06,0.062,0.061149999999999996,0.061,0.00044064346888007653,0,4,9142272,all_reduce,4,4
1370,0.061,0.062,0.061399999999999996,0.061,0.0004898979485566361,0,4,9175040,all_reduce,4,4
1371,0.061,0.062,0.06144999999999999,0.061,0.0004974937185533105,0,4,9207808,all_reduce,4,4
1372,0.06,0.064,0.06156666666666666,0.062,0.0011160446028522148,0,4,9240576,all_reduce,4,4
1373,0.06,0.064,0.06151666666666667,0.061,0.0011473399186330488,0,4,9273344,all_reduce,4,4
1374,0.06,0.064,0.06178333333333333,0.062,0.0010180318702716978,0,4,9306112,all_reduce,4,4
1375,0.06,0.064,0.06213333333333334,0.062,0.0011175369742826818,0,4,9338880,all_reduce,4,4
1376,0.061,0.064,0.06221666666666667,0.062,0.001111930253608063,0,4,9371648,all_reduce,4,4
1377,0.064,0.066,0.065,0.065,0.0003162277660168382,0,4,9404416,all_reduce,4,4
1378,0.065,0.066,0.0652,0.065,0.0004000000000000003,0,4,9437184,all_reduce,4,4
1379,0.065,0.066,0.06505,0.065,0.00021794494717703388,0,4,9469952,all_reduce,4,4
1380,0.064,0.066,0.06516666666666666,0.065,0.00041499665326629137,0,4,9502720,all_reduce,4,4
1381,0.065,0.066,0.06561666666666667,0.066,0.0004861984048604945,0,4,9535488,all_reduce,4,4
1382,0.065,0.066,0.06515,0.065,0.00035707142142714284,0,4,9568256,all_reduce,4,4
1383,0.065,0.066,0.06568333333333333,0.066,0.00046517619123176245,0,4,9601024,all_reduce,4,4
1384,0.065,0.067,0.06593333333333333,0.066,0.00035901098714230057,0,4,9633792,all_reduce,4,4
1385,0.065,0.066,0.06573333333333332,0.066,0.0004422166387140537,0,4,9666560,all_reduce,4,4
1386,0.065,0.067,0.06601666666666667,0.066,0.00022298480267099441,0,4,9699328,all_reduce,4,4
1387,0.066,0.067,0.06618333333333333,0.066,0.00038693955887479696,0,4,9732096,all_reduce,4,4
1388,0.065,0.066,0.06596666666666666,0.066,0.00017950549357115028,0,4,9764864,all_reduce,4,4
1389,0.065,0.067,0.0661,0.066,0.00035118845842842494,0,4,9797632,all_reduce,4,4
1390,0.065,0.067,0.06651666666666665,0.067,0.0005320296566504127,0,4,9830400,all_reduce,4,4
1391,0.066,0.067,0.06658333333333334,0.067,0.0004930066485916352,0,4,9863168,all_reduce,4,4
1392,0.066,0.067,0.06676666666666667,0.067,0.0004229525846816511,0,4,9895936,all_reduce,4,4
1393,0.067,0.068,0.06708333333333334,0.067,0.0002763853991962836,0,4,9928704,all_reduce,4,4
1394,0.066,0.067,0.06673333333333334,0.067,0.0004422166387140537,0,4,9961472,all_reduce,4,4
1395,0.066,0.068,0.06698333333333335,0.067,0.0004278499217664483,0,4,9994240,all_reduce,4,4
1396,0.066,0.068,0.06721666666666667,0.067,0.0004506168611531929,0,4,10027008,all_reduce,4,4
1397,0.066,0.068,0.06691666666666668,0.067,0.0003782268572636742,0,4,10059776,all_reduce,4,4
1398,0.067,0.068,0.06715000000000002,0.067,0.00035707142142714284,0,4,10092544,all_reduce,4,4
1399,0.067,0.068,0.06748333333333334,0.067,0.0004997221450188321,0,4,10125312,all_reduce,4,4
1400,0.067,0.068,0.06733333333333334,0.067,0.00047140452079103207,0,4,10158080,all_reduce,4,4
1401,0.067,0.068,0.06771666666666668,0.068,0.0004506168611531928,0,4,10190848,all_reduce,4,4
1402,0.067,0.069,0.06796666666666666,0.068,0.00040688518719112377,0,4,10223616,all_reduce,4,4
1403,0.068,0.069,0.06805,0.068,0.0002179449471770339,0,4,10256384,all_reduce,4,4
1404,0.068,0.069,0.06838333333333334,0.068,0.0004861984048604945,0,4,10289152,all_reduce,4,4
1405,0.068,0.069,0.0686,0.069,0.000489897948556636,0,4,10321920,all_reduce,4,4
1406,0.068,0.069,0.06821666666666666,0.068,0.0004119735698102762,0,4,10354688,all_reduce,4,4
1407,0.068,0.069,0.06841666666666665,0.068,0.0004930066485916352,0,4,10387456,all_reduce,4,4
1408,0.068,0.07,0.06881666666666666,0.069,0.0004278499217664482,0,4,10420224,all_reduce,4,4
1409,0.068,0.069,0.06883333333333334,0.069,0.00037267799624996525,0,4,10452992,all_reduce,4,4
1410,0.068,0.07,0.06893333333333333,0.069,0.0003091206165165237,0,4,10485760,all_reduce,4,4
1411,0.068,0.07,0.06911666666666667,0.069,0.00036930866343600594,0,4,10518528,all_reduce,4,4
1412,0.068,0.07,0.06901666666666667,0.069,0.00028819360776317666,0,4,10551296,all_reduce,4,4
1413,0.069,0.07,0.06920000000000001,0.069,0.00040000000000000034,0,4,10584064,all_reduce,4,4
1414,0.069,0.07100000000000001,0.06965,0.07,0.0005107184482014858,0,4,10616832,all_reduce,4,4
1415,0.068,0.07,0.06896666666666666,0.069,0.0003636237371545241,0,4,10649600,all_reduce,4,4
1416,0.069,0.07,0.06918333333333335,0.069,0.0003869395588747969,0,4,10682368,all_reduce,4,4
1417,0.068,0.07,0.06933333333333333,0.069,0.0005055250296034372,0,4,10715136,all_reduce,4,4
1418,0.068,0.07,0.06923333333333333,0.069,0.0004606758320361756,0,4,10747904,all_reduce,4,4
1419,0.069,0.07,0.06948333333333334,0.069,0.0004997221450188321,0,4,10780672,all_reduce,4,4
1420,0.069,0.07100000000000001,0.06990000000000002,0.07,0.0003958114029012643,0,4,10813440,all_reduce,4,4
1421,0.069,0.07,0.06961666666666667,0.07,0.0004861984048604945,0,4,10846208,all_reduce,4,4
1422,0.069,0.07100000000000001,0.06990000000000002,0.07,0.00043588989435406776,0,4,10878976,all_reduce,4,4
1423,0.069,0.07100000000000001,0.07018333333333335,0.07,0.00046517619123176245,0,4,10911744,all_reduce,4,4
1424,0.069,0.07,0.06976666666666667,0.07,0.00042295258468165095,0,4,10944512,all_reduce,4,4
1425,0.069,0.07100000000000001,0.07000000000000002,0.07,0.00036514837167011106,0,4,10977280,all_reduce,4,4
1426,0.069,0.07100000000000001,0.07035000000000001,0.07,0.0005107184482014859,0,4,11010048,all_reduce,4,4
1427,0.07,0.07200000000000001,0.0707,0.07100000000000001,0.0004932882862316252,0,4,11042816,all_reduce,4,4
1428,0.07,0.07200000000000001,0.07095000000000001,0.07100000000000001,0.00028431203515386663,0,4,11075584,all_reduce,4,4
1429,0.07,0.07200000000000001,0.07089999999999999,0.07100000000000001,0.00035118845842842494,0,4,11108352,all_reduce,4,4
1430,0.07,0.07200000000000001,0.07096666666666665,0.07100000000000001,0.00025603819159562054,0,4,11141120,all_reduce,4,4
1431,0.07,0.07200000000000001,0.0711,0.07100000000000001,0.00035118845842842494,0,4,11173888,all_reduce,4,4
1432,0.07100000000000001,0.07200000000000001,0.07123333333333333,0.07100000000000001,0.0004229525846816511,0,4,11206656,all_reduce,4,4
1433,0.07,0.07200000000000001,0.07098333333333334,0.07100000000000001,0.00028819360776317666,0,4,11239424,all_reduce,4,4
1434,0.07100000000000001,0.07200000000000001,0.07118333333333332,0.07100000000000001,0.0003869395588747969,0,4,11272192,all_reduce,4,4
1435,0.07100000000000001,0.07200000000000001,0.07138333333333334,0.07100000000000001,0.0004861984048604945,0,4,11304960,all_reduce,4,4
1436,0.069,0.07200000000000001,0.07153333333333332,0.07200000000000001,0.0005906681715556455,0,4,11337728,all_reduce,4,4
1437,0.07100000000000001,0.073,0.07196666666666668,0.07200000000000001,0.0004068851871911215,0,4,11370496,all_reduce,4,4
1438,0.07100000000000001,0.073,0.07185000000000001,0.07200000000000001,0.00040104031385053185,0,4,11403264,all_reduce,4,4
1439,0.07100000000000001,0.07200000000000001,0.07168333333333334,0.07200000000000001,0.00046517619123176245,0,4,11436032,all_reduce,4,4
1440,0.07100000000000001,0.073,0.07176666666666667,0.07200000000000001,0.00046067583203617484,0,4,11468800,all_reduce,4,4
1441,0.07100000000000001,0.073,0.0721666666666667,0.07200000000000001,0.00041499665326628633,0,4,11501568,all_reduce,4,4
1442,0.07100000000000001,0.073,0.07176666666666667,0.07200000000000001,0.0004955356249106162,0,4,11534336,all_reduce,4,4
1443,0.07100000000000001,0.073,0.07203333333333335,0.07200000000000001,0.000363623737154521,0,4,11567104,all_reduce,4,4
1444,0.07100000000000001,0.073,0.07223333333333334,0.07200000000000001,0.0004606758320361697,0,4,11599872,all_reduce,4,4
1445,0.07100000000000001,0.073,0.07221666666666668,0.07200000000000001,0.0004506168611531873,0,4,11632640,all_reduce,4,4
1446,0.07200000000000001,0.073,0.07245000000000003,0.07200000000000001,0.0004974937185533034,0,4,11665408,all_reduce,4,4
1447,0.07200000000000001,0.074,0.07260000000000001,0.073,0.0005228129047119312,0,4,11698176,all_reduce,4,4
1448,0.07200000000000001,0.073,0.07238333333333333,0.07200000000000001,0.0004861984048604879,0,4,11730944,all_reduce,4,4
1449,0.07200000000000001,0.074,0.07273333333333336,0.073,0.000512076383191235,0,4,11763712,all_reduce,4,4
1450,0.07200000000000001,0.074,0.07306666666666668,0.073,0.0005436502143433338,0,4,11796480,all_reduce,4,4
1451,0.07200000000000001,0.074,0.07318333333333336,0.073,0.00046517619123176125,0,4,11829248,all_reduce,4,4
1452,0.073,0.074,0.07326666666666667,0.073,0.00044221663871405365,0,4,11862016,all_reduce,4,4
1453,0.073,0.074,0.07328333333333337,0.073,0.0004506168611531929,0,4,11894784,all_reduce,4,4
1454,0.073,0.074,0.07366666666666669,0.074,0.0004714045207910322,0,4,11927552,all_reduce,4,4
1455,0.073,0.075,0.07373333333333335,0.074,0.0004784233364802445,0,4,11960320,all_reduce,4,4
1456,0.073,0.075,0.07381666666666667,0.074,0.00046517619123176245,0,4,11993088,all_reduce,4,4
1457,0.073,0.075,0.07381666666666667,0.074,0.000499722145018832,0,4,12025856,all_reduce,4,4
1458,0.073,0.075,0.07390000000000001,0.074,0.00043588989435406776,0,4,12058624,all_reduce,4,4
1459,0.073,0.075,0.07406666666666666,0.074,0.0004422166387140537,0,4,12091392,all_reduce,4,4
1460,0.073,0.075,0.07406666666666666,0.074,0.0004027681991198194,0,4,12124160,all_reduce,4,4
1461,0.073,0.075,0.07421666666666665,0.074,0.0004506168611531929,0,4,12156928,all_reduce,4,4
1462,0.074,0.075,0.07429999999999999,0.074,0.0004582575694955844,0,4,12189696,all_reduce,4,4
1463,0.073,0.075,0.07383333333333333,0.074,0.0004149966532662914,0,4,12222464,all_reduce,4,4
1464,0.073,0.075,0.0742,0.074,0.00047609522856952377,0,4,12255232,all_reduce,4,4
1465,0.073,0.075,0.07431666666666666,0.074,0.0004997221450188321,0,4,12288000,all_reduce,4,4
1466,0.073,0.075,0.07415,0.074,0.00044064346888007653,0,4,12320768,all_reduce,4,4
1467,0.073,0.075,0.07431666666666667,0.074,0.0004997221450188321,0,4,12353536,all_reduce,4,4
1468,0.073,0.076,0.07445,0.074,0.0005605057240266751,0,4,12386304,all_reduce,4,4
1469,0.074,0.075,0.07451666666666665,0.075,0.000499722145018832,0,4,12419072,all_reduce,4,4
1470,0.074,0.076,0.07486666666666666,0.075,0.0004988876515698593,0,4,12451840,all_reduce,4,4
1471,0.074,0.076,0.07505000000000002,0.075,0.0004974937185533104,0,4,12484608,all_reduce,4,4
1472,0.074,0.076,0.07461666666666668,0.075,0.0005505048188304586,0,4,12517376,all_reduce,4,4
1473,0.074,0.076,0.07505,0.075,0.00046278144589716105,0,4,12550144,all_reduce,4,4
1474,0.074,0.076,0.07513333333333334,0.075,0.0005906681715556456,0,4,12582912,all_reduce,4,4
1475,0.075,0.076,0.07544999999999999,0.075,0.0004974937185533105,0,4,12615680,all_reduce,4,4
1476,0.075,0.076,0.07568333333333332,0.076,0.00046517619123176245,0,4,12648448,all_reduce,4,4
1477,0.075,0.077,0.07579999999999996,0.076,0.0005416025603090645,0,4,12681216,all_reduce,4,4
1478,0.075,0.077,0.07603333333333333,0.076,0.00025603819159562054,0,4,12713984,all_reduce,4,4
1479,0.075,0.077,0.07629999999999999,0.076,0.0005259911279353171,0,4,12746752,all_reduce,4,4
1480,0.076,0.077,0.0765,0.0765,0.0005000000000000006,0,4,12779520,all_reduce,4,4
1481,0.075,0.077,0.07603333333333333,0.076,0.0004068851871911238,0,4,12812288,all_reduce,4,4
1482,0.076,0.077,0.07631666666666664,0.076,0.00046517619123176256,0,4,12845056,all_reduce,4,4
1483,0.076,0.078,0.07646666666666664,0.076,0.0005312459150169747,0,4,12877824,all_reduce,4,4
1484,0.076,0.077,0.07648333333333332,0.076,0.0004997221450188321,0,4,12910592,all_reduce,4,4
1485,0.076,0.078,0.07683333333333332,0.077,0.0004149966532662915,0,4,12943360,all_reduce,4,4
1486,0.076,0.078,0.07696666666666667,0.077,0.0004068851871911238,0,4,12976128,all_reduce,4,4
1487,0.076,0.078,0.07686666666666667,0.077,0.00038586123009300784,0,4,13008896,all_reduce,4,4
1488,0.076,0.078,0.07703333333333333,0.077,0.00031446603773522045,0,4,13041664,all_reduce,4,4
1489,0.077,0.078,0.07715,0.077,0.00035707142142714284,0,4,13074432,all_reduce,4,4
1490,0.076,0.077,0.07685,0.077,0.00035707142142714284,0,4,13107200,all_reduce,4,4
1491,0.076,0.078,0.07716666666666666,0.077,0.0004149966532662914,0,4,13139968,all_reduce,4,4
1492,0.077,0.078,0.07713333333333333,0.077,0.00033993463423951926,0,4,13172736,all_reduce,4,4
1493,0.077,0.078,0.07723333333333335,0.077,0.000422952584681651,0,4,13205504,all_reduce,4,4
1494,0.077,0.078,0.07756666666666669,0.078,0.0004955356249106172,0,4,13238272,all_reduce,4,4
1495,0.076,0.079,0.07773333333333335,0.078,0.0005734883511361756,0,4,13271040,all_reduce,4,4
1496,0.077,0.078,0.07766666666666669,0.078,0.0004714045207910321,0,4,13303808,all_reduce,4,4
1497,0.077,0.079,0.0778666666666667,0.078,0.0004642796092394711,0,4,13336576,all_reduce,4,4
1498,0.077,0.079,0.07793333333333335,0.078,0.0003590109871423006,0,4,13369344,all_reduce,4,4
1499,0.078,0.079,0.07856666666666667,0.079,0.0004955356249106172,0,4,13402112,all_reduce,4,4
1500,0.078,0.079,0.07866666666666665,0.079,0.00047140452079103207,0,4,13434880,all_reduce,4,4
1501,0.078,0.079,0.07853333333333334,0.079,0.0004988876515698593,0,4,13467648,all_reduce,4,4
1502,0.078,0.08,0.07891666666666666,0.079,0.00041998677227847214,0,4,13500416,all_reduce,4,4
1503,0.078,0.08,0.07915000000000001,0.079,0.0004769696007084732,0,4,13533184,all_reduce,4,4
1504,0.078,0.08,0.07903333333333332,0.079,0.00025603819159562044,0,4,13565952,all_reduce,4,4
1505,0.078,0.08,0.07905,0.079,0.00028431203515386663,0,4,13598720,all_reduce,4,4
1506,0.079,0.08,0.07914999999999998,0.079,0.0003570714214271428,0,4,13631488,all_reduce,4,4
1507,0.079,0.08,0.07916666666666665,0.079,0.0003726779962499653,0,4,13664256,all_reduce,4,4
1508,0.079,0.08,0.07941666666666666,0.079,0.0004930066485916352,0,4,13697024,all_reduce,4,4
1509,0.079,0.08,0.07963333333333335,0.08,0.00048189440982669907,0,4,13729792,all_reduce,4,4
1510,0.079,0.08,0.07965000000000001,0.08,0.00047696960070847325,0,4,13762560,all_reduce,4,4
1511,0.078,0.08,0.07909999999999998,0.079,0.00035118845842842494,0,4,13795328,all_reduce,4,4
1512,0.079,0.08,0.07924999999999999,0.079,0.0004330127018922197,0,4,13828096,all_reduce,4,4
1513,0.079,0.08,0.07946666666666666,0.079,0.0004988876515698593,0,4,13860864,all_reduce,4,4
1514,0.079,0.08,0.07918333333333333,0.079,0.00038693955887479696,0,4,13893632,all_reduce,4,4
1515,0.079,0.08,0.07956666666666666,0.08,0.0004955356249106172,0,4,13926400,all_reduce,4,4
1516,0.079,0.081,0.0797666666666667,0.08,0.0004955356249106172,0,4,13959168,all_reduce,4,4
1517,0.079,0.081,0.07978333333333334,0.08,0.00045061686115319285,0,4,13991936,all_reduce,4,4
1518,0.079,0.081,0.07996666666666669,0.08,0.0003144660377352204,0,4,14024704,all_reduce,4,4
1519,0.08,0.081,0.08008333333333334,0.08,0.00027638539919628365,0,4,14057472,all_reduce,4,4
1520,0.079,0.081,0.07991666666666668,0.08,0.00033124344857253014,0,4,14090240,all_reduce,4,4
1521,0.079,0.081,0.08008333333333334,0.08,0.0003782268572636742,0,4,14123008,all_reduce,4,4
1522,0.079,0.081,0.08010000000000002,0.08,0.0003958114029012643,0,4,14155776,all_reduce,4,4
1523,0.08,0.082,0.08113333333333336,0.081,0.00038586123009300794,0,4,14188544,all_reduce,4,4
1524,0.081,0.082,0.08123333333333335,0.081,0.000422952584681651,0,4,14221312,all_reduce,4,4
1525,0.081,0.082,0.08136666666666668,0.081,0.0004818944098266991,0,4,14254080,all_reduce,4,4
1526,0.081,0.082,0.08155000000000001,0.082,0.0004974937185533105,0,4,14286848,all_reduce,4,4
1527,0.081,0.082,0.08161666666666668,0.082,0.0004861984048604945,0,4,14319616,all_reduce,4,4
1528,0.081,0.083,0.08184999999999999,0.082,0.0004010403138505325,0,4,14352384,all_reduce,4,4
1529,0.081,0.082,0.0816166666666667,0.082,0.0004861984048604945,0,4,14385152,all_reduce,4,4
1530,0.081,0.083,0.08185,0.082,0.00044064346888007653,0,4,14417920,all_reduce,4,4
1531,0.081,0.083,0.08205,0.082,0.0003840572873934307,0,4,14450688,all_reduce,4,4
1532,0.081,0.083,0.08225,0.082,0.0004699290726623899,0,4,14483456,all_reduce,4,4
1533,0.082,0.083,0.08226666666666667,0.082,0.0004422166387140537,0,4,14516224,all_reduce,4,4
1534,0.082,0.083,0.08250000000000002,0.0825,0.0005000000000000004,0,4,14548992,all_reduce,4,4
1535,0.082,0.084,0.08255000000000003,0.083,0.0005299371031861553,0,4,14581760,all_reduce,4,4
1536,0.082,0.084,0.08273333333333334,0.083,0.00047842333648024456,0,4,14614528,all_reduce,4,4
1537,0.082,0.084,0.08290000000000002,0.083,0.000351188458428425,0,4,14647296,all_reduce,4,4
1538,0.082,0.083,0.08265000000000003,0.083,0.00047696960070847325,0,4,14680064,all_reduce,4,4
1539,0.082,0.084,0.08271666666666669,0.083,0.00048619840486049454,0,4,14712832,all_reduce,4,4
1540,0.082,0.084,0.08288333333333335,0.083,0.000369308663436006,0,4,14745600,all_reduce,4,4
1541,0.082,0.084,0.08308333333333336,0.083,0.0004199867722784721,0,4,14778368,all_reduce,4,4
1542,0.082,0.084,0.08313333333333335,0.083,0.00038586123009300784,0,4,14811136,all_reduce,4,4
1543,0.082,0.084,0.08336666666666667,0.083,0.000515320827791344,0,4,14843904,all_reduce,4,4
1544,0.082,0.084,0.08333333333333331,0.083,0.0005055250296034372,0,4,14876672,all_reduce,4,4
1545,0.083,0.084,0.08346666666666666,0.083,0.0004988876515698593,0,4,14909440,all_reduce,4,4
1546,0.083,0.084,0.08338333333333334,0.083,0.0004861984048604945,0,4,14942208,all_reduce,4,4
1547,0.083,0.085,0.08419999999999997,0.084,0.0004760952285695238,0,4,14974976,all_reduce,4,4
1548,0.084,0.08600000000000001,0.08444999999999998,0.084,0.0005299371031861553,0,4,15007744,all_reduce,4,4
1549,0.084,0.08600000000000001,0.08463333333333331,0.085,0.0005153208277913441,0,4,15040512,all_reduce,4,4
1550,0.084,0.08600000000000001,0.08483333333333333,0.085,0.0004149966532662915,0,4,15073280,all_reduce,4,4
1551,0.084,0.08600000000000001,0.08498333333333333,0.085,0.0004278499217664483,0,4,15106048,all_reduce,4,4
1552,0.084,0.08600000000000001,0.08506666666666665,0.085,0.0004027681991198194,0,4,15138816,all_reduce,4,4
1553,0.084,0.08600000000000001,0.08516666666666667,0.085,0.0004887626099538397,0,4,15171584,all_reduce,4,4
1554,0.084,0.08600000000000001,0.08513333333333332,0.085,0.00046427960923947105,0,4,15204352,all_reduce,4,4
1555,0.085,0.08600000000000001,0.08536666666666666,0.085,0.00048189440982669907,0,4,15237120,all_reduce,4,4
1556,0.084,0.08700000000000001,0.08546666666666668,0.085,0.0005617433182117578,0,4,15269888,all_reduce,4,4
1557,0.085,0.08700000000000001,0.08565,0.08600000000000001,0.0005107184482014858,0,4,15302656,all_reduce,4,4
1558,0.085,0.08700000000000001,0.08590000000000003,0.08600000000000001,0.0003958114029012642,0,4,15335424,all_reduce,4,4
1559,0.085,0.08600000000000001,0.08573333333333336,0.08600000000000001,0.00044221663871405365,0,4,15368192,all_reduce,4,4
1560,0.085,0.08700000000000001,0.08576666666666669,0.08600000000000001,0.0005280993172584958,0,4,15400960,all_reduce,4,4
1561,0.085,0.08700000000000001,0.0859,0.08600000000000001,0.0004358898943540677,0,4,15433728,all_reduce,4,4
1562,0.085,0.08600000000000001,0.08575,0.08600000000000001,0.0004330127018922197,0,4,15466496,all_reduce,4,4
1563,0.085,0.08700000000000001,0.08588333333333334,0.08600000000000001,0.00041197356981027627,0,4,15499264,all_reduce,4,4
1564,0.085,0.08700000000000001,0.08598333333333334,0.08600000000000001,0.000386939558874797,0,4,15532032,all_reduce,4,4
1565,0.08600000000000001,0.08700000000000001,0.0864833333333333,0.08600000000000001,0.000499722145018832,0,4,15564800,all_reduce,4,4
1566,0.08600000000000001,0.08700000000000001,0.08661666666666666,0.08700000000000001,0.0004861984048604945,0,4,15597568,all_reduce,4,4
1567,0.08600000000000001,0.088,0.0866833333333333,0.08700000000000001,0.0004997221450188314,0,4,15630336,all_reduce,4,4
1568,0.08600000000000001,0.08700000000000001,0.08626666666666667,0.08600000000000001,0.0004422166387140537,0,4,15663104,all_reduce,4,4
1569,0.08600000000000001,0.08700000000000001,0.08654999999999999,0.08700000000000001,0.0004974937185533104,0,4,15695872,all_reduce,4,4
1570,0.08600000000000001,0.08700000000000001,0.08681666666666667,0.08700000000000001,0.00038693955887479696,0,4,15728640,all_reduce,4,4
1571,0.08700000000000001,0.089,0.08761666666666666,0.088,0.00051934788169609,0,4,15761408,all_reduce,4,4
1572,0.08700000000000001,0.089,0.08779999999999998,0.088,0.0005416025603090589,0,4,15794176,all_reduce,4,4
1573,0.08700000000000001,0.089,0.0878333333333333,0.088,0.0004887626099538347,0,4,15826944,all_reduce,4,4
1574,0.08700000000000001,0.089,0.08801666666666666,0.088,0.00034115815817431034,0,4,15859712,all_reduce,4,4
1575,0.08700000000000001,0.089,0.08816666666666666,0.088,0.0004887626099538381,0,4,15892480,all_reduce,4,4
1576,0.08700000000000001,0.089,0.08823333333333334,0.088,0.0004606758320361749,0,4,15925248,all_reduce,4,4
1577,0.08700000000000001,0.089,0.08811666666666666,0.088,0.00041197356981027497,0,4,15958016,all_reduce,4,4
1578,0.08700000000000001,0.089,0.08826666666666666,0.088,0.00047842333648024396,0,4,15990784,all_reduce,4,4
1579,0.088,0.089,0.0884,0.088,0.000489897948556636,0,4,16023552,all_reduce,4,4
1580,0.088,0.09,0.08881666666666668,0.089,0.0004651761912317624,0,4,16056320,all_reduce,4,4
1581,0.088,0.09,0.08893333333333335,0.089,0.0003590109871423006,0,4,16089088,all_reduce,4,4
1582,0.088,0.09,0.08896666666666668,0.089,0.00048189440982669907,0,4,16121856,all_reduce,4,4
1583,0.089,0.091,0.08928333333333334,0.089,0.0004861984048604945,0,4,16154624,all_reduce,4,4
1584,0.088,0.09,0.08925000000000001,0.089,0.0005361902647381809,0,4,16187392,all_reduce,4,4
1585,0.088,0.09,0.08928333333333334,0.089,0.00048619840486049454,0,4,16220160,all_reduce,4,4
1586,0.088,0.09,0.0888,0.089,0.00047609522856952366,0,4,16252928,all_reduce,4,4
1587,0.088,0.09,0.089,0.089,0.00044721359549995833,0,4,16285696,all_reduce,4,4
1588,0.088,0.09,0.08911666666666666,0.089,0.0004861984048604945,0,4,16318464,all_reduce,4,4
1589,0.089,0.091,0.08939999999999998,0.089,0.0005228129047119378,0,4,16351232,all_reduce,4,4
1590,0.089,0.091,0.08971666666666665,0.09,0.00048619840486049454,0,4,16384000,all_reduce,4,4
1591,0.089,0.091,0.08959999999999999,0.09,0.0005537749241945388,0,4,16416768,all_reduce,4,4
1592,0.089,0.091,0.08949999999999998,0.089,0.0005322906474223775,0,4,16449536,all_reduce,4,4
1593,0.089,0.091,0.08963333333333333,0.09,0.0005153208277913439,0,4,16482304,all_reduce,4,4
1594,0.089,0.09,0.08976666666666663,0.09,0.000422952584681651,0,4,16515072,all_reduce,4,4
1595,0.09,0.092,0.09065,0.091,0.0005107184482014859,0,4,16547840,all_reduce,4,4
1596,0.09,0.092,0.09068333333333332,0.091,0.0004997221450188321,0,4,16580608,all_reduce,4,4
1597,0.09,0.092,0.09103333333333333,0.091,0.0004818944098266991,0,4,16613376,all_reduce,4,4
1598,0.09,0.092,0.09121666666666665,0.091,0.0004861984048604945,0,4,16646144,all_reduce,4,4
1599,0.091,0.092,0.09133333333333332,0.091,0.00047140452079103207,0,4,16678912,all_reduce,4,4
1600,0.091,0.092,0.09143333333333331,0.091,0.0004955356249106172,0,4,16711680,all_reduce,4,4
1601,0.09,0.092,0.09124999999999997,0.091,0.00046992907266239,0,4,16744448,all_reduce,4,4
1602,0.091,0.093,0.09149999999999998,0.091,0.0005627314338711381,0,4,16777216,all_reduce,4,4
1603,0.091,0.092,0.09148333333333332,0.091,0.0004997221450188321,0,4,16777216,all_reduce,4,4
1604,0.091,0.093,0.09204999999999997,0.092,0.00033788558221188857,0,4,16908288,all_reduce,4,4
1605,0.091,0.093,0.09204999999999997,0.092,0.0003378855822118885,0,4,17039360,all_reduce,4,4
1606,0.092,0.094,0.09271666666666663,0.093,0.0005193478816960965,0,4,17170432,all_reduce,4,4
1607,0.092,0.094,0.09286666666666664,0.093,0.00038586123009300784,0,4,17301504,all_reduce,4,4
1608,0.093,0.095,0.09408333333333332,0.094,0.0004199867722784721,0,4,17432576,all_reduce,4,4
1609,0.093,0.095,0.09418333333333334,0.094,0.0004651761912317624,0,4,17563648,all_reduce,4,4
1610,0.094,0.096,0.09508333333333333,0.095,0.00033124344857253014,0,4,17694720,all_reduce,4,4
1611,0.094,0.096,0.09496666666666664,0.095,0.0004068851871911238,0,4,17825792,all_reduce,4,4
1612,0.095,0.097,0.09573333333333331,0.096,0.0004784233364802445,0,4,17956864,all_reduce,4,4
1613,0.095,0.096,0.09591666666666666,0.096,0.0002763853991962836,0,4,18087936,all_reduce,4,4
1614,0.097,0.098,0.09735000000000002,0.097,0.0004769696007084732,0,4,18219008,all_reduce,4,4
1615,0.097,0.098,0.09766666666666667,0.098,0.00047140452079103207,0,4,18350080,all_reduce,4,4
1616,0.098,0.099,0.0984,0.098,0.0004898979485566361,0,4,18481152,all_reduce,4,4
1617,0.098,0.1,0.09865,0.099,0.0005423713365090998,0,4,18612224,all_reduce,4,4
1618,0.099,0.1,0.0993,0.099,0.0004582575694955845,0,4,18743296,all_reduce,4,4
1619,0.099,0.1,0.09961666666666667,0.1,0.0004861984048604945,0,4,18874368,all_reduce,4,4
1620,0.1,0.10200000000000001,0.10083333333333333,0.101,0.0004149966532662914,0,4,19005440,all_reduce,4,4
1621,0.1,0.10200000000000001,0.10103333333333332,0.101,0.0003636237371545241,0,4,19136512,all_reduce,4,4
1622,0.101,0.10300000000000001,0.10171666666666668,0.10200000000000001,0.00048619840486049444,0,4,19267584,all_reduce,4,4
1623,0.101,0.10300000000000001,0.10198333333333334,0.10200000000000001,0.00042784992176644833,0,4,19398656,all_reduce,4,4
1624,0.10200000000000001,0.10300000000000001,0.10273333333333333,0.10300000000000001,0.00044221663871405365,0,4,19529728,all_reduce,4,4
1625,0.10200000000000001,0.10400000000000001,0.10296666666666665,0.10300000000000001,0.00031446603773522045,0,4,19660800,all_reduce,4,4
1626,0.10300000000000001,0.105,0.10410000000000001,0.10400000000000001,0.0003511884584284208,0,4,19791872,all_reduce,4,4
1627,0.10400000000000001,0.105,0.10460000000000003,0.105,0.0004898979485566293,0,4,19922944,all_reduce,4,4
1628,0.105,0.106,0.10528333333333335,0.105,0.00045061686115319295,0,4,20054016,all_reduce,4,4
1629,0.105,0.106,0.10530000000000002,0.105,0.00045825756949558437,0,4,20185088,all_reduce,4,4
1630,0.106,0.107,0.10613333333333333,0.106,0.00033993463423951926,0,4,20316160,all_reduce,4,4
1631,0.106,0.107,0.10658333333333332,0.107,0.0004930066485916351,0,4,20447232,all_reduce,4,4
1632,0.107,0.108,0.10788333333333332,0.108,0.000321022671404304,0,4,20578304,all_reduce,4,4
1633,0.108,0.109,0.10806666666666663,0.108,0.00024944382578492966,0,4,20709376,all_reduce,4,4
1634,0.108,0.11,0.109,0.109,0.0002581988897471614,0,4,20840448,all_reduce,4,4
1635,0.108,0.112,0.10905000000000001,0.109,0.0004974937185533104,0,4,20971520,all_reduce,4,4
1636,0.109,0.11,0.10928333333333334,0.109,0.00045061686115319295,0,4,21102592,all_reduce,4,4
1637,0.109,0.111,0.10981666666666669,0.11,0.0004997221450188321,0,4,21233664,all_reduce,4,4
1638,0.11,0.112,0.11111666666666667,0.111,0.0004506168611531929,0,4,21364736,all_reduce,4,4
1639,0.111,0.112,0.11158333333333334,0.112,0.0004930066485916352,0,4,21495808,all_reduce,4,4
1640,0.111,0.113,0.11210000000000002,0.112,0.0003958114029012643,0,4,21626880,all_reduce,4,4
1641,0.111,0.113,0.11220000000000004,0.112,0.0004396968652757644,0,4,21757952,all_reduce,4,4
1642,0.112,0.114,0.11315000000000003,0.113,0.0004769696007084732,0,4,21889024,all_reduce,4,4
1643,0.113,0.115,0.11350000000000002,0.113,0.0005322906474223775,0,4,22020096,all_reduce,4,4
1644,0.114,0.116,0.11463333333333335,0.115,0.0005763872155263533,0,4,22151168,all_reduce,4,4
1645,0.114,0.116,0.11518333333333336,0.115,0.0004278499217664482,0,4,22282240,all_reduce,4,4
1646,0.115,0.117,0.11593333333333335,0.116,0.0004027681991198194,0,4,22413312,all_reduce,4,4
1647,0.115,0.158,0.11684999999999998,0.116,0.005372227967364503,0,4,22544384,all_reduce,4,4
1648,0.116,0.11800000000000001,0.11671666666666666,0.117,0.0004861984048604945,0,4,22675456,all_reduce,4,4
1649,0.116,0.11800000000000001,0.11708333333333336,0.117,0.00041998677227847214,0,4,22806528,all_reduce,4,4
1650,0.11800000000000001,0.12,0.1191,0.11900000000000001,0.0004725815626252569,0,4,22937600,all_reduce,4,4
1651,0.11800000000000001,0.121,0.11941666666666667,0.11900000000000001,0.000556526928568794,0,4,23068672,all_reduce,4,4
1652,0.11900000000000001,0.122,0.12031666666666666,0.12,0.000591373166640338,0,4,23199744,all_reduce,4,4
1653,0.11900000000000001,0.12,0.11956666666666664,0.12,0.0004955356249106104,0,4,23330816,all_reduce,4,4
1654,0.12,0.122,0.1205,0.12,0.0005322906474223776,0,4,23461888,all_reduce,4,4
1655,0.11900000000000001,0.122,0.12041666666666667,0.12,0.0006135054106435315,0,4,23592960,all_reduce,4,4
1656,0.122,0.125,0.12291666666666669,0.123,0.0006135054106435326,0,4,23724032,all_reduce,4,4
1657,0.122,0.124,0.12306666666666667,0.123,0.00047842333648024456,0,4,23855104,all_reduce,4,4
1658,0.123,0.125,0.12405,0.124,0.00046278144589716105,0,4,23986176,all_reduce,4,4
1659,0.122,0.125,0.12291666666666669,0.123,0.0004930066485916351,0,4,24117248,all_reduce,4,4
1660,0.123,0.125,0.12393333333333331,0.124,0.000512076383191241,0,4,24248320,all_reduce,4,4
1661,0.124,0.125,0.12419999999999999,0.124,0.0004000000000000003,0,4,24379392,all_reduce,4,4
1662,0.126,0.128,0.12663333333333332,0.127,0.0005467073155618913,0,4,24510464,all_reduce,4,4
1663,0.126,0.128,0.12678333333333333,0.127,0.00045061686115319295,0,4,24641536,all_reduce,4,4
1664,0.126,0.128,0.12744999999999998,0.127,0.0005299371031861553,0,4,24772608,all_reduce,4,4
1665,0.126,0.128,0.12673333333333334,0.127,0.0006018490028422602,0,4,24903680,all_reduce,4,4
1666,0.127,0.129,0.12775,0.128,0.0005041494487418063,0,4,25034752,all_reduce,4,4
1667,0.127,0.128,0.12755,0.128,0.0004974937185533104,0,4,25165824,all_reduce,4,4
1668,0.129,0.132,0.13023333333333334,0.13,0.0005878397362849472,0,4,25296896,all_reduce,4,4
1669,0.129,0.132,0.13015000000000002,0.13,0.0006538348415311016,0,4,25427968,all_reduce,4,4
1670,0.13,0.132,0.13121666666666668,0.131,0.0005799904213768444,0,4,25559040,all_reduce,4,4
1671,0.13,0.132,0.13088333333333335,0.131,0.0005193478816960966,0,4,25690112,all_reduce,4,4
1672,0.131,0.134,0.13185,0.132,0.0007029698902987719,0,4,25821184,all_reduce,4,4
1673,0.131,0.135,0.13226666666666664,0.132,0.0006289320754704408,0,4,25952256,all_reduce,4,4
1674,0.133,0.135,0.13360000000000002,0.134,0.000522812904711938,0,4,26083328,all_reduce,4,4
1675,0.133,0.135,0.1341166666666667,0.134,0.0005193478816960965,0,4,26214400,all_reduce,4,4
1676,0.134,0.136,0.13490000000000002,0.135,0.0005066228051190225,0,4,26345472,all_reduce,4,4
1677,0.134,0.136,0.13476666666666667,0.135,0.000642045342808608,0,4,26476544,all_reduce,4,4
1678,0.134,0.137,0.13563333333333333,0.136,0.0005763872155263533,0,4,26607616,all_reduce,4,4
1679,0.135,0.137,0.13590000000000002,0.136,0.0005686240703077333,0,4,26738688,all_reduce,4,4
1680,0.136,0.139,0.13723333333333337,0.137,0.0005280993172584958,0,4,26869760,all_reduce,4,4
1681,0.137,0.139,0.1375166666666667,0.137,0.0005624845676895407,0,4,27000832,all_reduce,4,4
1682,0.137,0.14,0.1381166666666667,0.138,0.0006080478782318239,0,4,27131904,all_reduce,4,4
1683,0.137,0.14,0.13825000000000004,0.138,0.0006224949798994372,0,4,27262976,all_reduce,4,4
1684,0.138,0.14,0.13896666666666666,0.139,0.0005153208277913439,0,4,27394048,all_reduce,4,4
1685,0.138,0.14100000000000001,0.13923333333333335,0.139,0.0006420453428086079,0,4,27525120,all_reduce,4,4
1686,0.139,0.14200000000000002,0.1406166666666667,0.14100000000000001,0.0006080478782318238,0,4,27656192,all_reduce,4,4
1687,0.14,0.14300000000000002,0.1411666666666667,0.14100000000000001,0.0006368324391514273,0,4,27787264,all_reduce,4,4
1688,0.14100000000000001,0.14300000000000002,0.14156666666666667,0.14200000000000002,0.0005878397362849471,0,4,27918336,all_reduce,4,4
1689,0.14,0.14300000000000002,0.14161666666666667,0.14200000000000002,0.0006853628398317369,0,4,28049408,all_reduce,4,4
1690,0.14100000000000001,0.14400000000000002,0.1424,0.14200000000000002,0.0005830951894845307,0,4,28180480,all_reduce,4,4
1691,0.14100000000000001,0.14400000000000002,0.14221666666666666,0.14200000000000002,0.0005799904213768443,0,4,28311552,all_reduce,4,4
1692,0.14300000000000002,0.145,0.14390000000000003,0.14400000000000002,0.000624499799839833,0,4,28442624,all_reduce,4,4
1693,0.14300000000000002,0.145,0.14395000000000005,0.14400000000000002,0.0004974937185533045,0,4,28573696,all_reduce,4,4
1694,0.14400000000000002,0.146,0.1449666666666666,0.145,0.0006046119049072267,0,4,28704768,all_reduce,4,4
1695,0.14400000000000002,0.146,0.14501666666666665,0.145,0.0004997221450188256,0,4,28835840,all_reduce,4,4
1696,0.145,0.147,0.14585,0.146,0.0005722761571129803,0,4,28966912,all_reduce,4,4
1697,0.145,0.147,0.14605000000000004,0.146,0.0005299371031861554,0,4,29097984,all_reduce,4,4
1698,0.146,0.149,0.1472833333333333,0.147,0.0006605973727535476,0,4,29229056,all_reduce,4,4
1699,0.146,0.149,0.1476833333333333,0.148,0.0006706133179576909,0,4,29360128,all_reduce,4,4
1700,0.147,0.149,0.14826666666666666,0.148,0.000512076383191241,0,4,29491200,all_reduce,4,4
1701,0.147,0.15,0.1483833333333333,0.148,0.0005799904213768443,0,4,29622272,all_reduce,4,4
1702,0.148,0.151,0.1491833333333333,0.149,0.0006189148209209053,0,4,29753344,all_reduce,4,4
1703,0.148,0.151,0.14943333333333325,0.149,0.0005878397362849471,0,4,29884416,all_reduce,4,4
1704,0.149,0.152,0.15045,0.15,0.0006171169527191213,0,4,30015488,all_reduce,4,4
1705,0.149,0.152,0.15065,0.151,0.0005722761571129802,0,4,30146560,all_reduce,4,4
1706,0.15,0.153,0.15169999999999995,0.152,0.0005567764362830027,0,4,30277632,all_reduce,4,4
1707,0.151,0.153,0.15163333333333331,0.152,0.0006315765107165478,0,4,30408704,all_reduce,4,4
1708,0.151,0.154,0.1522833333333333,0.152,0.0006080478782318238,0,4,30539776,all_reduce,4,4
1709,0.151,0.154,0.15245,0.152,0.0006934214687571579,0,4,30670848,all_reduce,4,4
1710,0.153,0.155,0.15385,0.154,0.0006538348415311015,0,4,30801920,all_reduce,4,4
1711,0.153,0.156,0.1544833333333333,0.1545,0.0006452820227535319,0,4,30932992,all_reduce,4,4
1712,0.154,0.157,0.15506666666666666,0.155,0.0006798692684790386,0,4,31064064,all_reduce,4,4
1713,0.154,0.157,0.15518333333333334,0.155,0.0007186020379103373,0,4,31195136,all_reduce,4,4
1714,0.154,0.157,0.15574999999999997,0.156,0.0005951190357119048,0,4,31326208,all_reduce,4,4
1715,0.155,0.158,0.1565,0.157,0.0006191391873668908,0,4,31457280,all_reduce,4,4
1716,0.156,0.159,0.15748333333333334,0.157,0.0006452820227535319,0,4,31588352,all_reduce,4,4
1717,0.156,0.159,0.158,0.158,0.0007527726527090817,0,4,31719424,all_reduce,4,4
1718,0.157,0.16,0.15835,0.158,0.0006278269400612459,0,4,31850496,all_reduce,4,4
1719,0.157,0.16,0.15866666666666665,0.159,0.0007453559924999306,0,4,31981568,all_reduce,4,4
1720,0.158,0.16,0.15918333333333337,0.159,0.0005624845676895407,0,4,32112640,all_reduce,4,4
1721,0.158,0.161,0.15960000000000005,0.16,0.0006633249580710806,0,4,32243712,all_reduce,4,4
1722,0.16,0.162,0.16061666666666669,0.161,0.0005799904213768443,0,4,32374784,all_reduce,4,4
1723,0.16,0.163,0.16118333333333337,0.161,0.0006452820227535319,0,4,32505856,all_reduce,4,4
1724,0.16,0.164,0.16168333333333335,0.162,0.0006706133179576909,0,4,32636928,all_reduce,4,4
1725,0.161,0.163,0.16185,0.162,0.0006278269400612459,0,4,32768000,all_reduce,4,4
1726,0.161,0.164,0.1626666666666667,0.163,0.0005676462121975473,0,4,32899072,all_reduce,4,4
1727,0.162,0.164,0.16291666666666668,0.163,0.0006656241849238625,0,4,33030144,all_reduce,4,4
1728,0.163,0.165,0.16386666666666666,0.164,0.0007180219742846012,0,4,33161216,all_reduce,4,4
1729,0.163,0.166,0.1648,0.165,0.0007483314773547889,0,4,33292288,all_reduce,4,4
1730,0.164,0.167,0.16523333333333332,0.165,0.0006674994798166934,0,4,33423360,all_reduce,4,4
1731,0.164,0.166,0.16538333333333333,0.165,0.0006080478782318239,0,4,33554432,all_reduce,4,4
1732,0.164,0.168,0.16595,0.166,0.0007621242243449124,0,4,33685504,all_reduce,4,4
1733,0.165,0.169,0.16656666666666667,0.1665,0.000738617326872012,0,4,33816576,all_reduce,4,4
1734,0.166,0.169,0.16738333333333333,0.167,0.0006080478782318239,0,4,33947648,all_reduce,4,4
1735,0.167,0.17,0.16799999999999998,0.168,0.0006582805886043839,0,4,34078720,all_reduce,4,4
1736,0.167,0.17,0.16845,0.168,0.0005894913061275804,0,4,34209792,all_reduce,4,4
1737,0.168,0.171,0.16920000000000004,0.169,0.0006531972647421814,0,4,34340864,all_reduce,4,4
1738,0.169,0.171,0.16960000000000003,0.17,0.0006377042156569669,0,4,34471936,all_reduce,4,4
1739,0.169,0.17200000000000001,0.17043333333333333,0.17,0.000738617326872012,0,4,34603008,all_reduce,4,4
1740,0.17,0.17200000000000001,0.17103333333333334,0.171,0.0006046119049072357,0,4,34734080,all_reduce,4,4
1741,0.171,0.17300000000000001,0.1717666666666667,0.17200000000000001,0.0005587684871413408,0,4,34865152,all_reduce,4,4
1742,0.171,0.17300000000000001,0.17230000000000004,0.17200000000000001,0.0004932882862316251,0,4,34996224,all_reduce,4,4
1743,0.171,0.17400000000000002,0.1725166666666667,0.17200000000000001,0.0006706133179576909,0,4,35127296,all_reduce,4,4
1744,0.17200000000000001,0.17400000000000002,0.17283333333333334,0.17300000000000001,0.0006368324391514273,0,4,35258368,all_reduce,4,4
1745,0.17200000000000001,0.17500000000000002,0.17331666666666667,0.17300000000000001,0.0006189148209209052,0,4,35389440,all_reduce,4,4
1746,0.17400000000000002,0.177,0.17505000000000007,0.17500000000000002,0.0007399324293474287,0,4,35520512,all_reduce,4,4
1747,0.17400000000000002,0.177,0.1753666666666667,0.17500000000000002,0.0005467073155618787,0,4,35651584,all_reduce,4,4
1748,0.17500000000000002,0.179,0.17689999999999997,0.177,0.0006506407098647704,0,4,35782656,all_reduce,4,4
1749,0.17500000000000002,0.178,0.17614999999999997,0.176,0.0006538348415310951,0,4,35913728,all_reduce,4,4
1750,0.176,0.178,0.17711666666666664,0.177,0.0005799904213768444,0,4,36044800,all_reduce,4,4
1751,0.176,0.178,0.17708333333333331,0.177,0.0005565269285688005,0,4,36175872,all_reduce,4,4
1752,0.178,0.181,0.17906666666666665,0.179,0.0007272474743090484,0,4,36306944,all_reduce,4,4
1753,0.178,0.181,0.17941666666666667,0.179,0.0007139483330201304,0,4,36438016,all_reduce,4,4
1754,0.179,0.182,0.1802833333333333,0.18,0.0007092640943651078,0,4,36569088,all_reduce,4,4
1755,0.178,0.18,0.1791,0.179,0.0005972157622389643,0,4,36700160,all_reduce,4,4
1756,0.179,0.182,0.18034999999999995,0.18,0.0006538348415311016,0,4,36831232,all_reduce,4,4
1757,0.179,0.181,0.18031666666666663,0.18,0.0005624845676895407,0,4,36962304,all_reduce,4,4
1758,0.182,0.184,0.18311666666666665,0.183,0.0006605973727535477,0,4,37093376,all_reduce,4,4
1759,0.182,0.184,0.18295,0.183,0.000693421468757158,0,4,37224448,all_reduce,4,4
1760,0.183,0.186,0.1840833333333333,0.184,0.0006902093080282891,0,4,37355520,all_reduce,4,4
1761,0.181,0.184,0.18234999999999998,0.182,0.0006538348415311016,0,4,37486592,all_reduce,4,4
1762,0.182,0.185,0.18354999999999996,0.184,0.0006171169527191212,0,4,37617664,all_reduce,4,4
1763,0.182,0.185,0.18339999999999995,0.183,0.0006633249580710806,0,4,37748736,all_reduce,4,4
1764,0.185,0.188,0.18630000000000002,0.186,0.000802080627701065,0,4,37879808,all_reduce,4,4
1765,0.185,0.188,0.1861833333333333,0.186,0.0006706133179576909,0,4,38010880,all_reduce,4,4
1766,0.186,0.189,0.18736666666666668,0.187,0.000773879117749594,0,4,38141952,all_reduce,4,4
1767,0.186,0.189,0.18716666666666665,0.187,0.0006624868971450603,0,4,38273024,all_reduce,4,4
1768,0.187,0.19,0.18836666666666668,0.188,0.0006046119049072357,0,4,38404096,all_reduce,4,4
1769,0.187,0.19,0.18858333333333333,0.189,0.0007139483330201305,0,4,38535168,all_reduce,4,4
1770,0.188,0.191,0.1899833333333333,0.19,0.0006950219820664354,0,4,38666240,all_reduce,4,4
1771,0.189,0.192,0.1903833333333333,0.19,0.000732385751423995,0,4,38797312,all_reduce,4,4
1772,0.189,0.193,0.19103333333333336,0.191,0.0007295356209413102,0,4,38928384,all_reduce,4,4
1773,0.19,0.192,0.191,0.191,0.0006831300510639738,0,4,39059456,all_reduce,4,4
1774,0.19,0.193,0.19158333333333336,0.192,0.0006902093080282892,0,4,39190528,all_reduce,4,4
1775,0.191,0.194,0.1922833333333333,0.192,0.0006348665651580308,0,4,39321600,all_reduce,4,4
1776,0.192,0.196,0.1935166666666667,0.193,0.0007851043808875925,0,4,39452672,all_reduce,4,4
1777,0.192,0.196,0.19400000000000003,0.194,0.0008164965809277267,0,4,39583744,all_reduce,4,4
1778,0.193,0.197,0.19480000000000003,0.195,0.0007257180352359087,0,4,39714816,all_reduce,4,4
1779,0.193,0.196,0.1944166666666667,0.194,0.0007808471183414992,0,4,39845888,all_reduce,4,4
1780,0.194,0.197,0.19538333333333335,0.195,0.0007092640943651078,0,4,39976960,all_reduce,4,4
1781,0.195,0.197,0.19566666666666668,0.196,0.0006992058987801016,0,4,40108032,all_reduce,4,4
1782,0.196,0.198,0.19671666666666665,0.197,0.0006853628398317368,0,4,40239104,all_reduce,4,4
1783,0.196,0.199,0.19729999999999995,0.197,0.0006904105059069332,0,4,40370176,all_reduce,4,4
1784,0.196,0.199,0.19798333333333332,0.198,0.0007186020379103373,0,4,40501248,all_reduce,4,4
1785,0.196,0.199,0.19788333333333333,0.198,0.0007547994582816174,0,4,40632320,all_reduce,4,4
1786,0.197,0.201,0.1986,0.199,0.0007788880963698623,0,4,40763392,all_reduce,4,4
1787,0.198,0.202,0.19910000000000003,0.199,0.0008103497187428819,0,4,40894464,all_reduce,4,4
1788,0.199,0.202,0.20004999999999998,0.2,0.0007399324293474377,0,4,41025536,all_reduce,4,4
1789,0.199,0.202,0.20073333333333335,0.201,0.0007930251502246886,0,4,41156608,all_reduce,4,4
1790,0.2,0.203,0.20156666666666664,0.202,0.0008034647195462641,0,4,41287680,all_reduce,4,4
1791,0.2,0.203,0.2014333333333334,0.201,0.0007824463062870343,0,4,41418752,all_reduce,4,4
1792,0.201,0.20400000000000001,0.20196666666666668,0.202,0.0006823163163486247,0,4,41549824,all_reduce,4,4
1793,0.2,0.20500000000000002,0.20246666666666666,0.202,0.0009910712498212345,0,4,41680896,all_reduce,4,4
1794,0.202,0.20500000000000002,0.20360000000000003,0.20400000000000001,0.0007788880963698621,0,4,41811968,all_reduce,4,4
1795,0.203,0.20600000000000002,0.20401666666666668,0.20400000000000001,0.0007635807459303545,0,4,41943040,all_reduce,4,4
1796,0.20400000000000001,0.20600000000000002,0.2048833333333334,0.20500000000000002,0.0006853628398317368,0,4,42074112,all_reduce,4,4
1797,0.203,0.20700000000000002,0.20476666666666665,0.20500000000000002,0.0008825468196582492,0,4,42205184,all_reduce,4,4
1798,0.20400000000000001,0.20700000000000002,0.20515000000000005,0.20500000000000002,0.0008722576072086358,0,4,42336256,all_reduce,4,4
1799,0.20400000000000001,0.20800000000000002,0.2057666666666667,0.20600000000000002,0.0008439325934114783,0,4,42467328,all_reduce,4,4
1800,0.20500000000000002,0.209,0.2067833333333334,0.20700000000000002,0.0009325889889025162,0,4,42598400,all_reduce,4,4
1801,0.20600000000000002,0.209,0.20716666666666672,0.20700000000000002,0.0007564537145273463,0,4,42729472,all_reduce,4,4
1802,0.20600000000000002,0.21,0.20785,0.20800000000000002,0.0009096702699330048,0,4,42860544,all_reduce,4,4
1803,0.20700000000000002,0.211,0.20825000000000002,0.20800000000000002,0.0008088057039033852,0,4,42991616,all_reduce,4,4
1804,0.20700000000000002,0.211,0.20886666666666667,0.209,0.0008055363982396282,0,4,43122688,all_reduce,4,4
1805,0.20800000000000002,0.211,0.20955000000000007,0.21,0.0007621242243449077,0,4,43253760,all_reduce,4,4
1806,0.209,0.212,0.21021666666666666,0.21,0.0008961336705846717,0,4,43384832,all_reduce,4,4
1807,0.209,0.213,0.21103333333333335,0.211,0.0007951240294584381,0,4,43515904,all_reduce,4,4
1808,0.21,0.214,0.21223333333333333,0.212,0.0008439325934114783,0,4,43646976,all_reduce,4,4
1809,0.21,0.214,0.21225,0.212,0.0009059985283284596,0,4,43778048,all_reduce,4,4
1810,0.211,0.215,0.21279999999999996,0.213,0.0007702813338860902,0,4,43909120,all_reduce,4,4
1811,0.212,0.215,0.21321666666666664,0.213,0.0007547994582816176,0,4,44040192,all_reduce,4,4
1812,0.212,0.215,0.21395,0.214,0.0007399324293474378,0,4,44171264,all_reduce,4,4
1813,0.213,0.217,0.21483333333333338,0.215,0.0007564537145273485,0,4,44302336,all_reduce,4,4
1814,0.214,0.217,0.21526666666666666,0.215,0.0008730533902472538,0,4,44433408,all_reduce,4,4
1815,0.214,0.217,0.21548333333333333,0.2155,0.0007851043808875926,0,4,44564480,all_reduce,4,4
1816,0.215,0.218,0.2162333333333333,0.216,0.0008825468196582493,0,4,44695552,all_reduce,4,4
1817,0.215,0.218,0.2165,0.217,0.0005916079783099621,0,4,44826624,all_reduce,4,4
1818,0.216,0.219,0.21755000000000002,0.218,0.0008251262529657717,0,4,44957696,all_reduce,4,4
1819,0.216,0.219,0.218,0.218,0.0006831300510639738,0,4,45088768,all_reduce,4,4
1820,0.217,0.22,0.21861666666666668,0.219,0.000732385751423995,0,4,45219840,all_reduce,4,4
1821,0.217,0.221,0.21880000000000002,0.219,0.0008326663997864539,0,4,45350912,all_reduce,4,4
1822,0.217,0.221,0.21918333333333334,0.219,0.0008463975950396423,0,4,45481984,all_reduce,4,4
1823,0.218,0.221,0.22008333333333338,0.22,0.0006400954789890511,0,4,45613056,all_reduce,4,4
1824,0.219,0.222,0.2206666666666667,0.221,0.0008096638534327421,0,4,45744128,all_reduce,4,4
1825,0.219,0.223,0.22118333333333334,0.221,0.0008849042634972198,0,4,45875200,all_reduce,4,4
1826,0.221,0.224,0.2217666666666667,0.222,0.0006920179830675571,0,4,46006272,all_reduce,4,4
1827,0.221,0.224,0.22243333333333332,0.2225,0.0009195409482755823,0,4,46137344,all_reduce,4,4
1828,0.221,0.225,0.22310000000000002,0.223,0.00086986589004666,0,4,46268416,all_reduce,4,4
1829,0.222,0.226,0.22345000000000004,0.223,0.0008450838222724819,0,4,46399488,all_reduce,4,4
1830,0.222,0.226,0.2243166666666667,0.224,0.0008658650138573701,0,4,46530560,all_reduce,4,4
1831,0.223,0.226,0.2243833333333334,0.224,0.0009145429945545975,0,4,46661632,all_reduce,4,4
1832,0.224,0.227,0.22496666666666665,0.225,0.0007520342781785657,0,4,46792704,all_reduce,4,4
1833,0.224,0.228,0.22548333333333342,0.225,0.0011029002171043813,0,4,46923776,all_reduce,4,4
1834,0.224,0.23,0.22606666666666672,0.226,0.0011382247385975923,0,4,47054848,all_reduce,4,4
1835,0.225,0.229,0.22666666666666668,0.2265,0.0008881941729649492,0,4,47185920,all_reduce,4,4
1836,0.226,0.231,0.2275833333333334,0.227,0.00098812392385211,0,4,47316992,all_reduce,4,4
1837,0.226,0.231,0.22806666666666667,0.228,0.0009977753031397186,0,4,47448064,all_reduce,4,4
1838,0.227,0.23,0.22883333333333333,0.229,0.0007340905181848421,0,4,47579136,all_reduce,4,4
1839,0.228,0.231,0.22963333333333338,0.23,0.001015983376941879,0,4,47710208,all_reduce,4,4
1840,0.228,0.233,0.23053333333333334,0.231,0.0010718623460542359,0,4,47841280,all_reduce,4,4
1841,0.229,0.233,0.2311666666666667,0.231,0.0010192589900947114,0,4,47972352,all_reduce,4,4
1842,0.23,0.23500000000000001,0.23218333333333332,0.232,0.001102900217104381,0,4,48103424,all_reduce,4,4
1843,0.231,0.23500000000000001,0.2330166666666667,0.233,0.0009572820320516261,0,4,48234496,all_reduce,4,4
1844,0.232,0.23700000000000002,0.23435000000000003,0.234,0.0011376144631054358,0,4,48365568,all_reduce,4,4
1845,0.231,0.23600000000000002,0.23350000000000007,0.2335,0.0011030261405182873,0,4,48496640,all_reduce,4,4
1846,0.232,0.23700000000000002,0.2344,0.23500000000000001,0.0012138094304022093,0,4,48627712,all_reduce,4,4
1847,0.232,0.23800000000000002,0.2344166666666667,0.234,0.0011444309600068606,0,4,48758784,all_reduce,4,4
1848,0.234,0.24,0.23708333333333337,0.23700000000000002,0.001307563467760637,0,4,48889856,all_reduce,4,4
1849,0.23500000000000001,0.24,0.2371333333333333,0.23700000000000002,0.0011025223605694151,0,4,49020928,all_reduce,4,4
1850,0.23600000000000002,0.242,0.23868333333333336,0.23900000000000002,0.0012314174308043844,0,4,49152000,all_reduce,4,4
1851,0.23500000000000001,0.242,0.23721666666666671,0.23700000000000002,0.0013050117070568942,0,4,49283072,all_reduce,4,4
1852,0.23600000000000002,0.241,0.23866666666666667,0.23900000000000002,0.0012736648783028453,0,4,49414144,all_reduce,4,4
1853,0.23600000000000002,0.242,0.23823333333333332,0.23800000000000002,0.001130879696912485,0,4,49545216,all_reduce,4,4
1854,0.23900000000000002,0.243,0.24053333333333335,0.24,0.0011025223605694084,0,4,49676288,all_reduce,4,4
1855,0.23900000000000002,0.243,0.24065,0.241,0.0009278110439811145,0,4,49807360,all_reduce,4,4
1856,0.23900000000000002,0.245,0.24185,0.242,0.0012757350822173075,0,4,49938432,all_reduce,4,4
1857,0.23800000000000002,0.245,0.24069999999999997,0.2405,0.001228820572744447,0,4,50069504,all_reduce,4,4
1858,0.23900000000000002,0.245,0.24210000000000004,0.242,0.0012999999999999989,0,4,50200576,all_reduce,4,4
1859,0.24,0.244,0.24168333333333333,0.242,0.0010876835732673163,0,4,50331648,all_reduce,4,4
1860,0.243,0.248,0.2447666666666666,0.245,0.0010060925515191057,0,4,50462720,all_reduce,4,4
1861,0.242,0.248,0.24436666666666662,0.244,0.00136585341656986,0,4,50593792,all_reduce,4,4
1862,0.243,0.248,0.24598333333333336,0.246,0.0010722510070977896,0,4,50724864,all_reduce,4,4
1863,0.244,0.248,0.24589999999999998,0.246,0.0009949874371066208,0,4,50855936,all_reduce,4,4
1864,0.244,0.25,0.24703333333333335,0.247,0.0011967548714010838,0,4,50987008,all_reduce,4,4
1865,0.245,0.25,0.2476333333333333,0.248,0.0011967548714010838,0,4,51118080,all_reduce,4,4
1866,0.246,0.251,0.24855,0.249,0.0008645808232895299,0,4,51249152,all_reduce,4,4
1867,0.247,0.252,0.24906666666666666,0.249,0.0011234866364235156,0,4,51380224,all_reduce,4,4
1868,0.248,0.252,0.24988333333333335,0.25,0.0009325889889025195,0,4,51511296,all_reduce,4,4
1869,0.247,0.252,0.24981666666666663,0.25,0.0010722510070977898,0,4,51642368,all_reduce,4,4
1870,0.248,0.254,0.25055,0.2505,0.0012031209415515976,0,4,51773440,all_reduce,4,4
1871,0.249,0.255,0.25128333333333336,0.251,0.0011984944258897874,0,4,51904512,all_reduce,4,4
1872,0.249,0.255,0.2522,0.252,0.0013759844960366874,0,4,52035584,all_reduce,4,4
1873,0.251,0.256,0.25275000000000003,0.253,0.0011198958284888239,0,4,52166656,all_reduce,4,4
1874,0.252,0.255,0.25351666666666667,0.254,0.0009397103572673642,0,4,52297728,all_reduce,4,4
1875,0.251,0.257,0.2537166666666667,0.253,0.0011703513242707186,0,4,52428800,all_reduce,4,4
1876,0.251,0.258,0.25411666666666666,0.254,0.0013427790419706285,0,4,52559872,all_reduce,4,4
1877,0.252,0.258,0.2546666666666667,0.255,0.001299572579307863,0,4,52690944,all_reduce,4,4
1878,0.254,0.259,0.25606666666666666,0.256,0.0011234866364235156,0,4,52822016,all_reduce,4,4
1879,0.254,0.261,0.25695,0.257,0.0016271140095272996,0,4,52953088,all_reduce,4,4
1880,0.254,0.26,0.2577333333333333,0.258,0.0013523641850067209,0,4,53084160,all_reduce,4,4
1881,0.255,0.26,0.25751666666666667,0.258,0.001231417430804393,0,4,53215232,all_reduce,4,4
1882,0.255,0.261,0.25785,0.258,0.0012887332281482215,0,4,53346304,all_reduce,4,4
1883,0.257,0.26,0.25833333333333336,0.258,0.001011050059206874,0,4,53477376,all_reduce,4,4
1884,0.257,0.262,0.2596833333333333,0.26,0.001176033824154543,0,4,53608448,all_reduce,4,4
1885,0.258,0.263,0.2603833333333333,0.26,0.0011560228755906569,0,4,53739520,all_reduce,4,4
1886,0.258,0.265,0.2606,0.26,0.001280624847486571,0,4,53870592,all_reduce,4,4
1887,0.258,0.262,0.26025,0.26,0.0009768145508061744,0,4,54001664,all_reduce,4,4
1888,0.259,0.264,0.26086666666666664,0.261,0.0010241527663824822,0,4,54132736,all_reduce,4,4
1889,0.259,0.264,0.26156666666666667,0.261,0.0011010096376609171,0,4,54263808,all_reduce,4,4
1890,0.261,0.266,0.26265,0.263,0.0010927793311857016,0,4,54394880,all_reduce,4,4
1891,0.261,0.266,0.26303333333333334,0.263,0.0009480975102218604,0,4,54525952,all_reduce,4,4
1892,0.262,0.267,0.26375,0.264,0.0010743214912988888,0,4,54657024,all_reduce,4,4
1893,0.261,0.266,0.26356666666666667,0.264,0.00114552268516264,0,4,54788096,all_reduce,4,4
1894,0.263,0.267,0.26433333333333336,0.264,0.0009775252199076794,0,4,54919168,all_reduce,4,4
1895,0.262,0.269,0.26483333333333337,0.265,0.0011855612829185836,0,4,55050240,all_reduce,4,4
1896,0.263,0.269,0.26575000000000004,0.266,0.00137386316640341,0,4,55181312,all_reduce,4,4
1897,0.265,0.269,0.2664166666666667,0.266,0.0010048493529988582,0,4,55312384,all_reduce,4,4
1898,0.264,0.27,0.26680000000000004,0.267,0.001029563014098701,0,4,55443456,all_reduce,4,4
1899,0.265,0.269,0.2666333333333334,0.266,0.0010796089827134442,0,4,55574528,all_reduce,4,4
1900,0.265,0.271,0.2675666666666666,0.267,0.0012023125864580964,0,4,55705600,all_reduce,4,4
1901,0.266,0.271,0.26818333333333333,0.268,0.0011179097558489345,0,4,55836672,all_reduce,4,4
1902,0.267,0.273,0.26905000000000007,0.269,0.001296469565139628,0,4,55967744,all_reduce,4,4
1903,0.267,0.272,0.2696666666666667,0.2695,0.0011352924243950946,0,4,56098816,all_reduce,4,4
1904,0.268,0.273,0.27005,0.27,0.0010555409355712682,0,4,56229888,all_reduce,4,4
1905,0.267,0.274,0.2701666666666667,0.27,0.001427896666040261,0,4,56360960,all_reduce,4,4
1906,0.269,0.275,0.27113333333333334,0.271,0.0011614167593456243,0,4,56492032,all_reduce,4,4
1907,0.269,0.273,0.2714166666666667,0.271,0.0009537935951883006,0,4,56623104,all_reduce,4,4
1908,0.269,0.275,0.27238333333333337,0.2725,0.0012528855583101852,0,4,56754176,all_reduce,4,4
1909,0.27,0.276,0.27291666666666664,0.273,0.0011297738220054894,0,4,56885248,all_reduce,4,4
1910,0.271,0.276,0.2736,0.274,0.0011284207253207182,0,4,57016320,all_reduce,4,4
1911,0.271,0.277,0.2733666666666667,0.273,0.0011249691353790814,0,4,57147392,all_reduce,4,4
1912,0.272,0.277,0.27408333333333335,0.274,0.001381926995981418,0,4,57278464,all_reduce,4,4
1913,0.272,0.277,0.27441666666666664,0.274,0.0010691377626646425,0,4,57409536,all_reduce,4,4
1914,0.273,0.279,0.2754333333333333,0.275,0.0014418352502588126,0,4,57540608,all_reduce,4,4
1915,0.274,0.278,0.27615000000000006,0.276,0.000980221063502175,0,4,57671680,all_reduce,4,4
1916,0.275,0.279,0.2766166666666667,0.277,0.0009676718911329865,0,4,57802752,all_reduce,4,4
1917,0.273,0.28,0.27651666666666663,0.276,0.0012973263103612592,0,4,57933824,all_reduce,4,4
1918,0.275,0.28,0.277,0.277,0.001095445115010333,0,4,58064896,all_reduce,4,4
1919,0.276,0.28,0.27808333333333335,0.278,0.0011589027377461657,0,4,58195968,all_reduce,4,4
1920,0.277,0.28200000000000003,0.27901666666666675,0.279,0.0011901213756961477,0,4,58327040,all_reduce,4,4
1921,0.277,0.28200000000000003,0.27963333333333334,0.28,0.0013161391348266434,0,4,58458112,all_reduce,4,4
1922,0.278,0.28200000000000003,0.2800500000000001,0.28,0.0010396313449167137,0,4,58589184,all_reduce,4,4
1923,0.278,0.28300000000000003,0.28090000000000004,0.281,0.001135781669160056,0,4,58720256,all_reduce,4,4
1924,0.278,0.28300000000000003,0.2805166666666667,0.28,0.0013101102582946565,0,4,58851328,all_reduce,4,4
1925,0.279,0.28400000000000003,0.2810500000000001,0.281,0.0012835497652993449,0,4,58982400,all_reduce,4,4
1926,0.28,0.28500000000000003,0.2824,0.28250000000000003,0.001240967364599087,0,4,59113472,all_reduce,4,4
1927,0.28,0.28500000000000003,0.28243333333333337,0.28200000000000003,0.0013085190950927028,0,4,59244544,all_reduce,4,4
1928,0.281,0.28600000000000003,0.2835666666666667,0.28400000000000003,0.0014185281887302155,0,4,59375616,all_reduce,4,4
1929,0.281,0.28600000000000003,0.28368333333333334,0.28400000000000003,0.0013477347249696032,0,4,59506688,all_reduce,4,4
1930,0.28200000000000003,0.28800000000000003,0.28396666666666676,0.28400000000000003,0.0013161391348266434,0,4,59637760,all_reduce,4,4
1931,0.28200000000000003,0.28800000000000003,0.28413333333333335,0.28400000000000003,0.0013719410418171131,0,4,59768832,all_reduce,4,4
1932,0.28300000000000003,0.28800000000000003,0.28493333333333337,0.28500000000000003,0.001195361405136075,0,4,59899904,all_reduce,4,4
1933,0.28300000000000003,0.289,0.28556666666666675,0.28500000000000003,0.001101009637660914,0,4,60030976,all_reduce,4,4
1934,0.28400000000000003,0.289,0.28603333333333336,0.28600000000000003,0.0009994442900376614,0,4,60162048,all_reduce,4,4
1935,0.28500000000000003,0.289,0.2866333333333334,0.28650000000000003,0.001079608982713436,0,4,60293120,all_reduce,4,4
1936,0.28500000000000003,0.29,0.28676666666666667,0.28700000000000003,0.00115998084275368,0,4,60424192,all_reduce,4,4
1937,0.28500000000000003,0.29,0.2874999999999999,0.28700000000000003,0.0010408329997330511,0,4,60555264,all_reduce,4,4
1938,0.28700000000000003,0.293,0.2891833333333334,0.289,0.0013963245404354134,0,4,60686336,all_reduce,4,4
1939,0.28800000000000003,0.292,0.29015,0.29,0.0010618380290797623,0,4,60817408,all_reduce,4,4
1940,0.28800000000000003,0.293,0.29058333333333336,0.291,0.001173196014691866,0,4,60948480,all_reduce,4,4
1941,0.28700000000000003,0.292,0.28923333333333334,0.289,0.0010857664983268053,0,4,61079552,all_reduce,4,4
1942,0.289,0.293,0.29039999999999994,0.29,0.001019803902718558,0,4,61210624,all_reduce,4,4
1943,0.289,0.294,0.29080000000000006,0.291,0.0012083045973594582,0,4,61341696,all_reduce,4,4
1944,0.291,0.296,0.29318333333333335,0.293,0.0011029002171043813,0,4,61472768,all_reduce,4,4
1945,0.289,0.297,0.29314999999999997,0.293,0.0014002975874196656,0,4,61603840,all_reduce,4,4
1946,0.292,0.296,0.29419999999999996,0.294,0.0009797958971132722,0,4,61734912,all_reduce,4,4
1947,0.291,0.295,0.29313333333333336,0.293,0.0009568466729604891,0,4,61865984,all_reduce,4,4
1948,0.291,0.298,0.2942833333333334,0.294,0.0013915419105757802,0,4,61997056,all_reduce,4,4
1949,0.291,0.297,0.2941500000000001,0.294,0.0013016015775446303,0,4,62128128,all_reduce,4,4
1950,0.295,0.299,0.2968166666666666,0.297,0.0010876835732673163,0,4,62259200,all_reduce,4,4
1951,0.295,0.3,0.29683333333333334,0.297,0.0010514540197058347,0,4,62390272,all_reduce,4,4
1952,0.296,0.301,0.2983333333333333,0.298,0.0012605113600792702,0,4,62521344,all_reduce,4,4
1953,0.294,0.3,0.29628333333333323,0.296,0.0014270209840394402,0,4,62652416,all_reduce,4,4
1954,0.294,0.3,0.2971499999999999,0.297,0.0015036067748362063,0,4,62783488,all_reduce,4,4
1955,0.295,0.299,0.29716666666666663,0.297,0.0012405196043952275,0,4,62914560,all_reduce,4,4
1956,0.298,0.303,0.30013333333333325,0.3,0.0013597385369580773,0,4,63045632,all_reduce,4,4
1957,0.299,0.303,0.30033333333333334,0.3,0.0009775252199076797,0,4,63176704,all_reduce,4,4
1958,0.299,0.305,0.3017499999999999,0.302,0.0012058883309273164,0,4,63307776,all_reduce,4,4
1959,0.299,0.304,0.3011499999999999,0.301,0.0011376144631054358,0,4,63438848,all_reduce,4,4
1960,0.3,0.306,0.30218333333333336,0.302,0.0013353110332636209,0,4,63569920,all_reduce,4,4
1961,0.299,0.305,0.3024333333333333,0.303,0.0012432037465981022,0,4,63700992,all_reduce,4,4
1962,0.302,0.307,0.3040333333333333,0.304,0.0012106013198223261,0,4,63832064,all_reduce,4,4
1963,0.302,0.308,0.3043666666666666,0.304,0.0013535960336164647,0,4,63963136,all_reduce,4,4
1964,0.303,0.308,0.3051833333333333,0.305,0.0013101102582946567,0,4,64094208,all_reduce,4,4
1965,0.302,0.309,0.30496666666666666,0.305,0.0012905640455070637,0,4,64225280,all_reduce,4,4
1966,0.303,0.309,0.30595,0.306,0.001334478674739067,0,4,64356352,all_reduce,4,4
1967,0.304,0.309,0.3064166666666666,0.306,0.0012421978729476066,0,4,64487424,all_reduce,4,4
1968,0.306,0.311,0.30795,0.308,0.001296469565139628,0,4,64618496,all_reduce,4,4
1969,0.306,0.311,0.3084333333333332,0.3085,0.0012957194483717886,0,4,64749568,all_reduce,4,4
1970,0.307,0.312,0.3091,0.309,0.0011930353445448866,0,4,64880640,all_reduce,4,4
1971,0.306,0.312,0.3088666666666666,0.309,0.0012174654911833128,0,4,65011712,all_reduce,4,4
1972,0.306,0.312,0.3095,0.309,0.0014083086782851752,0,4,65142784,all_reduce,4,4
1973,0.308,0.313,0.31018333333333337,0.31,0.0011760338241545427,0,4,65273856,all_reduce,4,4
1974,0.308,0.314,0.3112166666666666,0.311,0.0014270209840394402,0,4,65404928,all_reduce,4,4
1975,0.309,0.314,0.3117333333333333,0.312,0.001195361405136075,0,4,65536000,all_reduce,4,4
1976,0.309,0.315,0.31238333333333335,0.313,0.0012395115525435378,0,4,65667072,all_reduce,4,4
1977,0.309,0.315,0.31179999999999997,0.3115,0.0013759844960366874,0,4,65798144,all_reduce,4,4
1978,0.31,0.316,0.31284999999999996,0.313,0.0012626031311012457,0,4,65929216,all_reduce,4,4
1979,0.31,0.316,0.3133833333333333,0.314,0.0012259916621068668,0,4,66060288,all_reduce,4,4
1980,0.311,0.318,0.3141999999999999,0.314,0.0013012814197295433,0,4,66191360,all_reduce,4,4
1981,0.313,0.318,0.31479999999999997,0.315,0.0011372481406154665,0,4,66322432,all_reduce,4,4
1982,0.313,0.319,0.3154666666666667,0.315,0.001334998959633387,0,4,66453504,all_reduce,4,4
1983,0.313,0.318,0.31545,0.3155,0.001270498589793263,0,4,66584576,all_reduce,4,4
1984,0.314,0.319,0.3158833333333334,0.316,0.0011119302536080628,0,4,66715648,all_reduce,4,4
1985,0.314,0.319,0.31656666666666666,0.317,0.001038695763392193,0,4,66846720,all_reduce,4,4
1986,0.316,0.319,0.3173666666666667,0.317,0.0010159833769418788,0,4,66977792,all_reduce,4,4
1987,0.316,0.321,0.3181666666666667,0.318,0.0011855612829185836,0,4,67108864,all_reduce,4,4
