time_stats.emb.min,time_stats.emb.max,time_stats.emb.mean,time_stats.emb.median,time_stats.emb.std,time_stats.input_layernorm.min,time_stats.input_layernorm.max,time_stats.input_layernorm.mean,time_stats.input_layernorm.median,time_stats.input_layernorm.std,time_stats.attn_pre_proj.min,time_stats.attn_pre_proj.max,time_stats.attn_pre_proj.mean,time_stats.attn_pre_proj.median,time_stats.attn_pre_proj.std,time_stats.attn_rope.min,time_stats.attn_rope.max,time_stats.attn_rope.mean,time_stats.attn_rope.median,time_stats.attn_rope.std,time_stats.attn_post_proj.min,time_stats.attn_post_proj.max,time_stats.attn_post_proj.mean,time_stats.attn_post_proj.median,time_stats.attn_post_proj.std,time_stats.post_attention_layernorm.min,time_stats.post_attention_layernorm.max,time_stats.post_attention_layernorm.mean,time_stats.post_attention_layernorm.median,time_stats.post_attention_layernorm.std,time_stats.mlp_up_proj.min,time_stats.mlp_up_proj.max,time_stats.mlp_up_proj.mean,time_stats.mlp_up_proj.median,time_stats.mlp_up_proj.std,time_stats.mlp_act.min,time_stats.mlp_act.max,time_stats.mlp_act.mean,time_stats.mlp_act.median,time_stats.mlp_act.std,time_stats.mlp_down_proj.min,time_stats.mlp_down_proj.max,time_stats.mlp_down_proj.mean,time_stats.mlp_down_proj.median,time_stats.mlp_down_proj.std,time_stats.add.min,time_stats.add.max,time_stats.add.mean,time_stats.add.median,time_stats.add.std,n_head,n_kv_head,n_embd,n_expanded_embd,vocab_size,use_gated_mlp,num_tokens,num_tensor_parallel_workers
0.111,0.128,0.11661904761904761,0.114,0.0051591452824427675,0.063,0.07,0.0654,0.064,0.0022891046284519213,0.581,0.602,0.58885,0.585,0.007478469094674397,0.082,0.08600000000000001,0.08335000000000001,0.083,0.0014239030865898154,0.186,0.20500000000000002,0.19295,0.189,0.007109676504595697,0.063,0.07,0.0658,0.065,0.002293468988235945,0.984,1.042,1.0004,0.988,0.02057036703610317,0.135,0.14300000000000002,0.1376,0.136,0.0024372115213907902,0.425,0.492,0.44499999999999995,0.43,0.025264599739556543,0.03,0.031,0.030350000000000005,0.03,0.00047696960070847325,32,32,4096,11008,32768,True,4096,1
0.114,0.125,0.11819047619047618,0.117,0.002937751774321364,0.064,0.067,0.0655,0.065,0.0012041594578792306,0.586,0.598,0.5906,0.5885,0.004066939881532554,0.082,0.085,0.08325,0.083,0.0009937303457175904,0.187,0.199,0.19290000000000002,0.1915,0.004085339643163102,0.064,0.068,0.06575,0.0655,0.0013738631664034098,0.986,0.999,0.9912500000000002,0.989,0.004276388663346683,0.136,0.14,0.13760000000000003,0.137,0.0013190905958272929,0.427,0.459,0.4427499999999999,0.4365,0.012057673905028292,0.03,0.031,0.030300000000000004,0.03,0.0004582575694955844,32,32,4096,11008,32768,True,4096,1
0.111,0.125,0.12028571428571426,0.12,0.0031943828249996983,0.063,0.069,0.0673,0.067,0.0011445523142259606,0.553,0.581,0.5689,0.5660000000000001,0.007272551134230659,0.081,0.08600000000000001,0.08400000000000002,0.084,0.001095445115010333,0.199,0.213,0.20815000000000006,0.20800000000000002,0.003424543765233545,0.063,0.069,0.0673,0.067,0.0011874342087037928,0.985,1.014,1.001,0.9964999999999999,0.008455767262643889,0.135,0.14,0.13825000000000004,0.138,0.0009937303457175904,0.429,0.481,0.46265,0.461,0.012491096829342095,0.03,0.031,0.030300000000000004,0.03,0.0004582575694955844,32,32,4096,11008,32768,True,4064,1
0.11800000000000001,0.124,0.12123809523809523,0.121,0.0018999940326914256,0.067,0.069,0.06770000000000001,0.068,0.0005567764362830027,0.562,0.578,0.5697000000000001,0.5675000000000001,0.005109794516416475,0.083,0.085,0.08385000000000001,0.084,0.0007262919523166982,0.20600000000000002,0.213,0.20915000000000003,0.209,0.0021971572542719728,0.067,0.069,0.06785000000000001,0.068,0.0006538348415311016,0.994,1.0130000000000001,1.0028000000000001,1.0,0.006982836100038469,0.136,0.139,0.13785000000000003,0.138,0.0009096702699330135,0.455,0.47700000000000004,0.46755,0.46900000000000003,0.006888214572732188,0.029,0.031,0.030100000000000005,0.03,0.0005385164807134502,32,32,4096,11008,32768,True,4032,1
0.116,0.124,0.11833333333333337,0.117,0.0021894407490614543,0.066,0.069,0.06645,0.066,0.0008645808232895299,0.56,0.582,0.56545,0.562,0.007276503281109647,0.082,0.084,0.08245000000000002,0.082,0.0008046738469715547,0.20400000000000001,0.213,0.20670000000000002,0.20500000000000002,0.002951270912674733,0.066,0.068,0.06685,0.067,0.0007262919523166982,0.99,1.0210000000000001,0.9958500000000001,0.992,0.008962561017923434,0.135,0.138,0.13615,0.136,0.0010136567466356656,0.451,0.47800000000000004,0.45765,0.4535,0.00985025380383674,0.029,0.03,0.029150000000000002,0.029,0.0003570714214271416,32,32,4096,11008,32768,True,4000,1
0.114,0.123,0.11690476190476191,0.116,0.002809927331796555,0.064,0.068,0.0654,0.065,0.001356465996625055,0.537,0.559,0.5449499999999999,0.541,0.0077554819321561256,0.081,0.084,0.0821,0.082,0.000994987437106621,0.191,0.203,0.19440000000000002,0.193,0.004164132562731407,0.063,0.068,0.06555000000000001,0.065,0.0014654350889752856,0.985,1.016,0.9930500000000002,0.987,0.01098851673339038,0.133,0.138,0.1347,0.134,0.0015198684153570677,0.439,0.491,0.45154999999999995,0.4395,0.018924785335638565,0.028,0.03,0.029200000000000004,0.029,0.0005099019513592776,32,32,4096,11008,32768,True,3968,1
0.116,0.121,0.11895238095238099,0.11900000000000001,0.0009988655696858552,0.064,0.065,0.0649,0.065,0.00030000000000000024,0.549,0.559,0.5552500000000001,0.555,0.002094636006565343,0.082,0.083,0.08230000000000001,0.082,0.0004582575694955844,0.20400000000000001,0.21,0.20840000000000006,0.209,0.001319090595827283,0.064,0.066,0.06489999999999999,0.065,0.0005385164807134509,0.99,1.014,1.0073000000000003,1.0075,0.005604462507680833,0.134,0.136,0.1346,0.135,0.0005830951894845307,0.47200000000000003,0.47400000000000003,0.4730500000000001,0.47300000000000003,0.0004974937185533104,0.029,0.03,0.029250000000000005,0.029,0.0004330127018922182,32,32,4096,11008,32768,True,3936,1
0.11900000000000001,0.121,0.11961904761904764,0.11900000000000001,0.0007853534524985965,0.065,0.066,0.06509999999999999,0.065,0.00030000000000000024,0.557,0.5640000000000001,0.5603499999999999,0.559,0.0020316249653910064,0.082,0.083,0.08210000000000002,0.082,0.00030000000000000024,0.211,0.214,0.21265,0.213,0.0007921489758877437,0.065,0.066,0.06545,0.065,0.0004974937185533104,1.0090000000000001,1.0210000000000001,1.0141500000000003,1.0130000000000001,0.0043390667199295265,0.134,0.135,0.13429999999999997,0.134,0.0004582575694955844,0.47700000000000004,0.47800000000000004,0.47765,0.47800000000000004,0.0004769696007084733,0.028,0.03,0.028700000000000003,0.029,0.0006403124237432847,32,32,4096,11008,32768,True,3904,1
0.116,0.11800000000000001,0.11690476190476193,0.117,0.0006098213559459862,0.064,0.065,0.06415000000000001,0.064,0.00035707142142714273,0.547,0.554,0.5506500000000002,0.551,0.0019817921182606435,0.08,0.082,0.08095,0.081,0.00038405728739343076,0.20800000000000002,0.212,0.20990000000000003,0.21,0.0008888194417315566,0.064,0.065,0.06445000000000001,0.064,0.0004974937185533104,0.991,1.006,0.9982000000000001,0.998,0.0048744230427815866,0.132,0.134,0.13295,0.133,0.00038405728739343076,0.467,0.47400000000000003,0.47085,0.47100000000000003,0.00230813777751676,0.028,0.029,0.028300000000000002,0.028,0.00045825756949558437,32,32,4096,11008,32768,True,3872,1
0.115,0.11800000000000001,0.11676190476190478,0.117,0.0006834619092574922,0.064,0.065,0.06450000000000002,0.0645,0.0005000000000000004,0.549,0.553,0.55105,0.551,0.001243985530462474,0.08,0.082,0.081,0.081,0.0003162277660168382,0.189,0.192,0.1902,0.19,0.0009273618495495713,0.064,0.065,0.06465000000000001,0.065,0.0004769696007084732,0.9440000000000001,0.9590000000000001,0.9491000000000002,0.9490000000000001,0.003700000000000003,0.132,0.133,0.13260000000000002,0.133,0.000489897948556636,0.47300000000000003,0.47900000000000004,0.4756,0.47400000000000003,0.0020346989949375826,0.028,0.029,0.028300000000000002,0.028,0.0004582575694955844,32,32,4096,11008,32768,True,3840,1
0.108,0.115,0.11052380952380954,0.11,0.0018418171053155936,0.061,0.064,0.06220000000000001,0.062,0.001029563014098701,0.518,0.535,0.5233999999999999,0.521,0.005238320341483522,0.077,0.08,0.07830000000000001,0.078,0.0007141428428542856,0.179,0.189,0.182,0.18,0.003193743884534265,0.061,0.065,0.0624,0.062,0.0011135528725660054,0.926,0.9430000000000001,0.9318000000000002,0.93,0.0048538644398046435,0.129,0.131,0.12950000000000003,0.129,0.0008062257748298557,0.439,0.47300000000000003,0.44815000000000005,0.441,0.013376378433641908,0.027,0.029,0.028100000000000003,0.028,0.00043588989435406776,32,32,4096,11008,32768,True,3808,1
0.109,0.116,0.1118095238095238,0.112,0.0020146853144101143,0.061,0.065,0.06255000000000001,0.062,0.0010712142642814284,0.518,0.538,0.5251,0.521,0.007077428911688204,0.077,0.08,0.07825,0.078,0.0009937303457175904,0.179,0.19,0.1828,0.18,0.004261455150532507,0.061,0.064,0.06265000000000001,0.062,0.001061838029079766,0.926,0.9470000000000001,0.9334999999999999,0.9305000000000001,0.00743303437365926,0.128,0.131,0.12885,0.128,0.001107925990308018,0.443,0.47700000000000004,0.4549,0.446,0.014618139416492114,0.027,0.028,0.027800000000000002,0.028,0.0004000000000000004,32,32,4096,11008,32768,True,3776,1
0.10300000000000001,0.114,0.10885714285714287,0.109,0.003808333147263276,0.059000000000000004,0.064,0.0616,0.0615,0.0017999999999999993,0.511,0.537,0.52485,0.5205,0.010095915015490184,0.075,0.079,0.0772,0.077,0.0011661903789690613,0.17300000000000001,0.191,0.18229999999999996,0.1805,0.0059253691868102155,0.059000000000000004,0.064,0.0619,0.062,0.0017578395831246946,0.918,0.9480000000000001,0.9327500000000001,0.9295,0.011366067921669316,0.125,0.13,0.12764999999999999,0.128,0.001620956507744734,0.40900000000000003,0.47400000000000003,0.4518000000000001,0.4595,0.024703441055852933,0.027,0.028,0.027250000000000003,0.027,0.00043301270189221973,32,32,4096,11008,32768,True,3744,1
0.10200000000000001,0.114,0.10957142857142858,0.11,0.004123930494211611,0.059000000000000004,0.064,0.06210000000000001,0.0625,0.0019209372712298543,0.54,0.554,0.5477000000000001,0.5475000000000001,0.004786439177509733,0.075,0.078,0.07654999999999999,0.077,0.0011169153951844349,0.17300000000000001,0.191,0.18409999999999999,0.1865,0.006617401302626278,0.059000000000000004,0.064,0.06225000000000001,0.063,0.0017571283390805576,0.916,0.9590000000000001,0.9372,0.9460000000000001,0.014235870187663289,0.124,0.129,0.1272,0.128,0.001720465053408527,0.40900000000000003,0.47800000000000004,0.45855000000000007,0.47700000000000004,0.024323805212178463,0.027,0.028,0.02715,0.027,0.0003570714214271428,32,32,4096,11008,32768,True,3712,1
0.109,0.111,0.11000000000000003,0.11,0.0007559289460184551,0.06,0.061,0.06035,0.06,0.0004769696007084732,0.523,0.531,0.5256000000000001,0.524,0.002596150997149436,0.076,0.076,0.07600000000000001,0.076,1.3877787807814457e-17,0.184,0.187,0.18514999999999998,0.185,0.001061838029079766,0.06,0.062,0.060399999999999995,0.06,0.0005830951894845307,0.926,0.936,0.9293999999999999,0.9285000000000001,0.002870540018881467,0.125,0.126,0.1255,0.1255,0.0005000000000000004,0.463,0.47300000000000003,0.4665500000000001,0.465,0.0033387872049593127,0.027,0.028,0.027200000000000002,0.027,0.00040000000000000034,32,32,4096,11008,32768,True,3680,1
0.107,0.11,0.10919047619047617,0.109,0.0009060141709733555,0.06,0.061,0.060299999999999986,0.06,0.0004582575694955844,0.524,0.541,0.53095,0.5295000000000001,0.005580994535026894,0.075,0.076,0.07560000000000001,0.076,0.000489897948556636,0.184,0.19,0.18640000000000004,0.186,0.0017435595774162708,0.06,0.062,0.0605,0.06,0.0005916079783099621,0.924,0.9490000000000001,0.9355000000000002,0.934,0.007915175298121963,0.124,0.125,0.12475,0.125,0.0004330127018922198,0.46,0.47600000000000003,0.46815000000000007,0.466,0.004650537603331473,0.026000000000000002,0.027,0.026450000000000008,0.026000000000000002,0.0004974937185533088,32,32,4096,11008,32768,True,3648,1
0.1,0.109,0.10623809523809526,0.107,0.002990536851068108,0.056,0.06,0.0591,0.0595,0.001260952021291848,0.508,0.527,0.5203,0.5215000000000001,0.005348831648126538,0.07200000000000001,0.075,0.07400000000000001,0.074,0.0009486832980505102,0.17300000000000001,0.185,0.18229999999999996,0.183,0.0030999999999999947,0.056,0.06,0.05945,0.06,0.0010712142642814262,0.911,0.936,0.9230500000000001,0.9235,0.004924175057814257,0.12,0.124,0.1234,0.124,0.001067707825203132,0.41200000000000003,0.467,0.45760000000000006,0.462,0.014984658821608182,0.026000000000000002,0.027,0.026050000000000007,0.026000000000000002,0.00021794494717703312,32,32,4096,11008,32768,True,3616,1
0.107,0.11,0.10795238095238095,0.108,0.0008438116736509221,0.059000000000000004,0.061,0.06000000000000001,0.06,0.0003162277660168371,0.506,0.517,0.5101,0.509,0.0034044089061098437,0.073,0.074,0.0736,0.074,0.0004898979485566361,0.186,0.191,0.18810000000000002,0.188,0.0014106735979665895,0.06,0.061,0.06020000000000001,0.06,0.0004000000000000004,0.893,0.905,0.8971,0.896,0.003374907406137244,0.123,0.124,0.12335000000000003,0.123,0.00047696960070847325,0.462,0.47200000000000003,0.46775,0.468,0.002643387977577263,0.025,0.027,0.025550000000000007,0.025500000000000002,0.0005894913061275799,32,32,4096,11008,32768,True,3584,1
0.10300000000000001,0.109,0.1064761904761905,0.107,0.0014349065879351757,0.058,0.06,0.05945,0.06,0.00066895440801298,0.498,0.514,0.50695,0.511,0.006606625462367311,0.07200000000000001,0.074,0.07285,0.073,0.0007262919523166924,0.181,0.191,0.18664999999999998,0.189,0.0038636122993903036,0.058,0.061,0.05965,0.06,0.000963068014212909,0.887,0.905,0.8947499999999999,0.897,0.006057020719792864,0.121,0.123,0.12210000000000001,0.122,0.0008306623862918082,0.45,0.47300000000000003,0.4649,0.47100000000000003,0.009032718306246473,0.025,0.026000000000000002,0.025250000000000005,0.025,0.00043301270189221973,32,32,4096,11008,32768,True,3552,1
0.101,0.109,0.10495238095238098,0.10300000000000001,0.00325834007515352,0.057,0.061,0.058699999999999995,0.059,0.0015524174696260004,0.493,0.52,0.50545,0.505,0.01124488772731859,0.07,0.074,0.07189999999999999,0.07150000000000001,0.0012999999999999947,0.177,0.192,0.18434999999999999,0.184,0.006597537419370964,0.057,0.061,0.05890000000000001,0.059,0.001479864858694872,0.88,0.914,0.8944000000000001,0.894,0.012603174203350529,0.11900000000000001,0.123,0.12075,0.121,0.0015124483462254131,0.432,0.47700000000000004,0.45644999999999997,0.4675,0.02009098056342698,0.024,0.026000000000000002,0.025100000000000004,0.025,0.0004358898943540678,32,32,4096,11008,32768,True,3520,1
0.097,0.10200000000000001,0.10047619047619047,0.101,0.0015922146187905242,0.055,0.059000000000000004,0.057199999999999994,0.057,0.0008124038404635967,0.487,0.502,0.49395,0.494,0.002692118125194363,0.069,0.07100000000000001,0.07020000000000001,0.07,0.0006000000000000005,0.17400000000000002,0.185,0.17975000000000002,0.18,0.002467285958295061,0.056,0.059000000000000004,0.057600000000000005,0.058,0.0007348469228349541,0.876,0.887,0.8814,0.881,0.002709243436828816,0.117,0.12,0.11835000000000002,0.11800000000000001,0.0007262919523166965,0.41400000000000003,0.463,0.44160000000000005,0.4415,0.009057593499379402,0.024,0.025,0.024500000000000004,0.0245,0.0005000000000000004,32,32,4096,11008,32768,True,3488,1
0.1,0.10300000000000001,0.1013809523809524,0.10200000000000001,0.0008438116736509221,0.057,0.059000000000000004,0.05800000000000001,0.058,0.00044721359549995833,0.47600000000000003,0.48,0.47725000000000006,0.47700000000000004,0.0011346805717910161,0.07,0.07200000000000001,0.07100000000000001,0.07100000000000001,0.0005477225575051667,0.179,0.184,0.18100000000000002,0.18,0.0014142135623730963,0.057,0.058,0.05770000000000001,0.058,0.0004582575694955844,0.861,0.867,0.8633,0.863,0.0016763054614240224,0.117,0.11900000000000001,0.118,0.11800000000000001,0.0003162277660168382,0.445,0.455,0.4483,0.447,0.0031160872901765794,0.024,0.025,0.024200000000000006,0.024,0.0004000000000000003,32,32,4096,11008,32768,True,3456,1
0.093,0.105,0.09757142857142859,0.095,0.003645890427152568,0.052000000000000005,0.058,0.05395000000000001,0.053,0.0018020821290940102,0.46900000000000003,0.498,0.47590000000000005,0.47100000000000003,0.00864233764672497,0.068,0.07200000000000001,0.06985,0.069,0.0011521718621802922,0.171,0.189,0.17740000000000003,0.17300000000000001,0.006382789358893172,0.052000000000000005,0.058,0.05415000000000001,0.053,0.0018513508581573625,0.852,0.893,0.8631499999999999,0.858,0.00961912158151669,0.113,0.11800000000000001,0.1147,0.113,0.002100000000000002,0.41000000000000003,0.47800000000000004,0.4344,0.41450000000000004,0.026889403117213287,0.024,0.025,0.024200000000000006,0.024,0.0004000000000000003,32,32,4096,11008,32768,True,3424,1
0.093,0.105,0.09771428571428571,0.095,0.004802210375420464,0.052000000000000005,0.058,0.054100000000000016,0.053,0.0022338307903688667,0.466,0.505,0.47905000000000014,0.46900000000000003,0.014455016430291581,0.068,0.07200000000000001,0.06990000000000002,0.069,0.001374772708486753,0.171,0.196,0.17945000000000003,0.17300000000000001,0.009074552330556032,0.052000000000000005,0.058,0.05440000000000002,0.053,0.0023958297101421876,0.85,0.905,0.8685500000000002,0.856,0.018688164703897506,0.112,0.11800000000000001,0.11415,0.112,0.0024140215409146648,0.40900000000000003,0.486,0.44105000000000005,0.41500000000000004,0.032422947120827855,0.023,0.025,0.023900000000000005,0.024,0.0004358898943540677,32,32,4096,11008,32768,True,3392,1
0.095,0.101,0.09880952380952382,0.099,0.0017076591501943926,0.053,0.056,0.05500000000000001,0.055,0.001095445115010333,0.47100000000000003,0.486,0.4814,0.483,0.004352011029397772,0.068,0.07100000000000001,0.0698,0.07,0.0006782329983125274,0.177,0.187,0.18395,0.185,0.003308700651313143,0.053,0.056,0.05535000000000001,0.056,0.0008529361054615998,0.856,0.871,0.8667999999999999,0.868,0.0036276714294434143,0.113,0.115,0.11455000000000001,0.115,0.0007399324293474378,0.431,0.466,0.45815,0.463,0.010905388576295675,0.023,0.024,0.023200000000000005,0.023,0.0004000000000000003,32,32,4096,11008,32768,True,3360,1
0.095,0.11,0.09809523809523812,0.098,0.002809927331796558,0.053,0.06,0.05485000000000001,0.055,0.0013143439428094914,0.454,0.531,0.4605,0.457,0.016212649382503778,0.068,0.074,0.0688,0.069,0.0012884098726725108,0.157,0.188,0.16120000000000004,0.16,0.006225752966509352,0.054,0.061,0.055349999999999996,0.055,0.0013518505834595772,0.89,0.915,0.8943999999999999,0.894,0.005033885179461291,0.113,0.121,0.11455000000000001,0.114,0.0018834808201837357,0.436,0.535,0.45554999999999995,0.448,0.025245742215272662,0.023,0.024,0.023300000000000005,0.023,0.0004582575694955844,32,32,4096,11008,32768,True,3328,1
0.09,0.098,0.09300000000000003,0.092,0.0028619008002508063,0.052000000000000005,0.055,0.0528,0.052000000000000005,0.0012884098726725106,0.447,0.463,0.45215000000000005,0.449,0.005858967485828886,0.066,0.069,0.06755,0.067,0.0010712142642814284,0.152,0.164,0.1564,0.154,0.004597825573029064,0.052000000000000005,0.056,0.053250000000000006,0.053,0.0014448183276799876,0.805,0.8240000000000001,0.8124,0.8095000000000001,0.006272160712226694,0.11,0.113,0.11125,0.111,0.001219631091765048,0.41100000000000003,0.463,0.42695,0.41300000000000003,0.021673659128075253,0.022,0.024,0.023100000000000002,0.023,0.0004358898943540678,32,32,4096,11008,32768,True,3296,1
0.09,0.101,0.09352380952380952,0.092,0.003417309546287461,0.051000000000000004,0.056,0.05315000000000001,0.052000000000000005,0.001710993863226866,0.447,0.47400000000000003,0.4541500000000001,0.448,0.009931137900563065,0.066,0.069,0.06705,0.067,0.0010712142642814286,0.152,0.167,0.15649999999999997,0.153,0.005714017850864666,0.052000000000000005,0.057,0.053200000000000004,0.052000000000000005,0.001720465053408524,0.805,0.841,0.8143499999999999,0.808,0.012055185606202811,0.109,0.113,0.1106,0.11,0.0015297058540778368,0.41200000000000003,0.47100000000000003,0.43290000000000006,0.4175,0.023244139046219813,0.022,0.024,0.022500000000000003,0.022,0.0005916079783099621,32,32,4096,11008,32768,True,3264,1
0.093,0.097,0.09580952380952382,0.096,0.0011388819755334674,0.053,0.055,0.0539,0.054,0.0004358898943540677,0.451,0.458,0.4562000000000001,0.457,0.001964688270438852,0.066,0.067,0.06675,0.067,0.0004330127018922198,0.158,0.163,0.161,0.161,0.0014142135623730963,0.054,0.055,0.0543,0.054,0.0004582575694955844,0.808,0.8180000000000001,0.8148500000000002,0.8150000000000001,0.0023722352328552935,0.11,0.111,0.1105,0.1105,0.0005000000000000004,0.438,0.458,0.45335000000000003,0.455,0.00558815712019625,0.022,0.023,0.022350000000000002,0.022,0.0004769696007084732,32,32,4096,11008,32768,True,3232,1
0.091,0.097,0.09585714285714288,0.096,0.001582214069127254,0.053,0.055,0.05425,0.054,0.0006224949798994371,0.435,0.447,0.44400000000000006,0.4445,0.0030331501776206227,0.066,0.068,0.06705000000000001,0.067,0.0005894913061275804,0.156,0.166,0.16294999999999998,0.1635,0.0024387496796514415,0.053,0.055,0.0546,0.055,0.0006633249580710807,0.795,0.809,0.8065,0.807,0.002906888370749729,0.108,0.111,0.11040000000000001,0.1105,0.0007348469228349541,0.435,0.466,0.46209999999999996,0.463,0.006355312738174264,0.022,0.023,0.022200000000000004,0.022,0.0004000000000000003,32,32,4096,11008,32768,True,3200,1
0.08700000000000001,0.095,0.09204761904761904,0.093,0.0027684651149997397,0.048,0.051000000000000004,0.05010000000000001,0.0505,0.0010908712114635723,0.429,0.443,0.43705,0.438,0.004477443466979794,0.063,0.066,0.06489999999999999,0.065,0.0007681145747868615,0.152,0.163,0.15869999999999998,0.16,0.0035651086939951808,0.049,0.053,0.05095000000000001,0.051000000000000004,0.0012439855304624734,0.789,0.807,0.79935,0.8005,0.004942418436352799,0.105,0.108,0.10710000000000001,0.107,0.0009433981132056614,0.417,0.463,0.4471,0.452,0.014838800490605717,0.022,0.023,0.022050000000000004,0.022,0.00021794494717703388,32,32,4096,11008,32768,True,3168,1
0.08700000000000001,0.095,0.09285714285714286,0.094,0.002899683304312064,0.048,0.052000000000000005,0.050550000000000005,0.051000000000000004,0.0012031209415515976,0.428,0.445,0.4394,0.441,0.005730619512757766,0.063,0.066,0.06459999999999999,0.065,0.0008000000000000007,0.151,0.164,0.16029999999999997,0.162,0.004495553358597809,0.049,0.052000000000000005,0.05120000000000001,0.052000000000000005,0.0011661903789690613,0.789,0.807,0.8017,0.804,0.004940647730814255,0.10400000000000001,0.108,0.10660000000000003,0.107,0.0011135528725660004,0.41500000000000004,0.465,0.4544,0.4605,0.016638509548634453,0.021,0.023,0.021650000000000003,0.022,0.0005722761571129788,32,32,4096,11008,32768,True,3136,1
0.089,0.092,0.09085714285714286,0.091,0.0009404008408634056,0.049,0.051000000000000004,0.04995000000000001,0.05,0.00038405728739343076,0.432,0.436,0.43395,0.434,0.0012835497652993449,0.063,0.064,0.0637,0.064,0.0004582575694955844,0.156,0.159,0.15784999999999996,0.158,0.0009630680142129121,0.049,0.051000000000000004,0.05020000000000001,0.05,0.0005099019513592789,0.792,0.8,0.79595,0.796,0.0019358460682605955,0.10400000000000001,0.106,0.10505,0.105,0.00038405728739342886,0.438,0.45,0.44645,0.446,0.0028718460961548783,0.021,0.022,0.021150000000000002,0.021,0.0003570714214271416,32,32,4096,11008,32768,True,3104,1
0.089,0.095,0.09204761904761904,0.092,0.0013265131692556315,0.049,0.051000000000000004,0.05065000000000001,0.051000000000000004,0.0005722761571129804,0.445,0.452,0.44925000000000004,0.449,0.0016085707942145426,0.063,0.064,0.06350000000000001,0.0635,0.0005000000000000004,0.145,0.151,0.14944999999999997,0.15,0.0014654350889752859,0.05,0.052000000000000005,0.051250000000000004,0.051000000000000004,0.0005361902647381809,0.754,0.767,0.7614499999999998,0.761,0.0035843409436045596,0.10400000000000001,0.106,0.1055,0.106,0.0005916079783099602,0.334,0.354,0.35105000000000003,0.352,0.0040432041749087965,0.022,0.023,0.022150000000000003,0.022,0.00035707142142714284,32,32,4096,11008,32768,True,3072,1
0.084,0.093,0.09019047619047618,0.091,0.0028555551143933204,0.047,0.051000000000000004,0.04955000000000001,0.05,0.00132193040664023,0.418,0.437,0.4281499999999999,0.429,0.005516112761719076,0.06,0.062,0.061450000000000005,0.062,0.0007399324293474377,0.151,0.167,0.16124999999999998,0.163,0.004836062447901189,0.048,0.052000000000000005,0.05020000000000001,0.0505,0.0012489995996796807,0.741,0.767,0.7535999999999999,0.7545,0.007031358332498784,0.101,0.105,0.10405,0.10400000000000001,0.001160818676624386,0.313,0.357,0.3438,0.34750000000000003,0.013208330704521296,0.022,0.023,0.022050000000000004,0.022,0.00021794494717703388,32,32,4096,11008,32768,True,3040,1
0.083,0.092,0.09028571428571429,0.091,0.0022707845747745436,0.047,0.051000000000000004,0.05010000000000001,0.05,0.0008306623862918082,0.418,0.438,0.43445,0.435,0.003993432107849091,0.06,0.062,0.0612,0.061,0.000509901951359279,0.152,0.166,0.16425000000000003,0.165,0.0029133314263914455,0.048,0.052000000000000005,0.05095000000000001,0.051000000000000004,0.0007399324293474376,0.752,0.767,0.7621,0.763,0.003806573262134859,0.10300000000000001,0.10400000000000001,0.10395000000000003,0.10400000000000001,0.00021794494717703388,0.352,0.354,0.35314999999999996,0.353,0.0005722761571129803,0.021,0.023,0.021800000000000003,0.022,0.000678232998312526,32,32,4096,11008,32768,True,3008,1
0.083,0.09,0.08495238095238096,0.084,0.002058112646188026,0.047,0.05,0.04755000000000001,0.047,0.0009205976319760994,0.41600000000000004,0.432,0.4196,0.418,0.004282522621072773,0.058,0.061,0.05900000000000001,0.059000000000000004,0.0007071067811865462,0.153,0.166,0.15560000000000002,0.154,0.003916631205513231,0.047,0.051000000000000004,0.04810000000000001,0.048,0.001135781669160056,0.738,0.762,0.7432000000000001,0.741,0.006120457499239748,0.1,0.10300000000000001,0.10080000000000003,0.1005,0.0009273618495495711,0.317,0.354,0.33075,0.328,0.011583932838203099,0.021,0.022,0.021150000000000002,0.021,0.0003570714214271416,32,32,4096,11008,32768,True,2976,1
0.083,0.091,0.0860952380952381,0.085,0.0022446711903605066,0.047,0.05,0.04815000000000001,0.048,0.0010136567466356656,0.40900000000000003,0.428,0.41355000000000003,0.41050000000000003,0.006829897510211979,0.059000000000000004,0.062,0.06035,0.06,0.0008529361054615993,0.155,0.168,0.1588,0.157,0.0038935844667863603,0.048,0.051000000000000004,0.04915000000000001,0.049,0.0009630680142129121,0.731,0.76,0.7404999999999999,0.736,0.008429116205154614,0.1,0.10300000000000001,0.10075,0.1,0.0011346805717910226,0.327,0.359,0.33845000000000003,0.333,0.012109810072829371,0.021,0.022,0.021200000000000004,0.021,0.00039999999999999893,32,32,4096,11008,32768,True,2944,1
0.088,0.092,0.08933333333333335,0.089,0.0013915846853526164,0.049,0.05,0.04925000000000001,0.049,0.0004330127018922198,0.419,0.435,0.4255,0.422,0.005545268253204714,0.06,0.062,0.06104999999999999,0.061,0.0004974937185533105,0.163,0.168,0.16535000000000002,0.1645,0.0020560885194952105,0.049,0.051000000000000004,0.05045000000000001,0.0505,0.0005894913061275802,0.742,0.766,0.7519500000000001,0.7455,0.009702963464838985,0.1,0.10200000000000001,0.10115,0.101,0.0006538348415311016,0.352,0.365,0.35795,0.354,0.005580994535026894,0.021,0.022,0.021150000000000002,0.021,0.0003570714214271416,32,32,4096,11008,32768,True,2912,1
0.083,0.088,0.08480952380952382,0.085,0.0010056529562829928,0.046,0.046,0.046000000000000006,0.046,6.938893903907228e-18,0.41100000000000003,0.418,0.41305000000000003,0.41300000000000003,0.0014309088021254102,0.059000000000000004,0.06,0.05934999999999999,0.059000000000000004,0.00047696960070846994,0.159,0.162,0.16035000000000002,0.16,0.0008529361054615998,0.046,0.048,0.04690000000000001,0.047,0.00043588989435406776,0.734,0.742,0.7371000000000001,0.737,0.0018947295321496435,0.097,0.098,0.0977,0.098,0.0004582575694955844,0.341,0.34700000000000003,0.3430000000000001,0.342,0.002213594362117868,0.02,0.022,0.02065,0.0205,0.0007262919523166971,32,32,4096,11008,32768,True,2880,1
0.08,0.085,0.08152380952380953,0.081,0.0014013275209106835,0.044,0.045,0.044250000000000005,0.044,0.0004330127018922198,0.404,0.41100000000000003,0.4069,0.406,0.0019209372712298564,0.057,0.059000000000000004,0.05815,0.058,0.0005722761571129804,0.153,0.16,0.1551,0.154,0.002142428528562857,0.044,0.047,0.045250000000000005,0.045,0.0006982120021884477,0.724,0.739,0.7301499999999999,0.7295,0.003677974986320601,0.095,0.097,0.09545000000000001,0.095,0.0007399324293474377,0.316,0.343,0.32334999999999997,0.319,0.008638720970143678,0.02,0.021,0.020150000000000005,0.02,0.00035707142142714284,32,32,4096,11008,32768,True,2848,1
0.077,0.085,0.08047619047619049,0.08,0.0022172279479662524,0.043000000000000003,0.046,0.04365000000000001,0.043000000000000003,0.0011521718621802894,0.392,0.403,0.39575,0.394,0.00372659361884282,0.059000000000000004,0.06,0.05915,0.059000000000000004,0.00035707142142714035,0.132,0.14200000000000002,0.13495000000000001,0.133,0.003774586070021457,0.044,0.047,0.04490000000000001,0.044,0.0012609520212918503,0.677,0.6910000000000001,0.6818500000000001,0.679,0.0048813420285818985,0.094,0.097,0.0954,0.095,0.0010198039027185578,0.308,0.406,0.3269500000000001,0.3115,0.025251683112220466,0.02,0.02,0.020000000000000004,0.02,3.469446951953614e-18,32,32,4096,11008,32768,True,2816,1
0.076,0.085,0.08166666666666667,0.082,0.0021006423809631232,0.043000000000000003,0.046,0.044500000000000005,0.0445,0.0006708203932499368,0.383,0.402,0.39025,0.389,0.0038193585848935456,0.056,0.059000000000000004,0.05735,0.057,0.0006538348415311017,0.132,0.14200000000000002,0.1385,0.138,0.0019104973174542818,0.045,0.047,0.04590000000000001,0.046,0.0007000000000000008,0.68,0.6950000000000001,0.68655,0.6855,0.003917588543989789,0.094,0.097,0.09540000000000001,0.095,0.0006633249580710806,0.321,0.461,0.36090000000000005,0.3405,0.044782697551621425,0.019,0.02,0.019750000000000004,0.02,0.00043301270189221973,32,32,4096,11008,32768,True,2784,1
0.075,0.082,0.07971428571428574,0.08,0.0017222039352404897,0.042,0.044,0.043250000000000004,0.043000000000000003,0.000536190264738178,0.381,0.397,0.38695,0.386,0.0034853263835686924,0.056,0.058,0.05670000000000001,0.057,0.0007141428428542857,0.135,0.14200000000000002,0.13690000000000002,0.136,0.0020712315177208,0.044,0.046,0.04515000000000001,0.045,0.0006538348415311016,0.679,0.6880000000000001,0.6816000000000001,0.68,0.0028354893757515675,0.094,0.095,0.09419999999999999,0.094,0.0004000000000000003,0.325,0.434,0.34325000000000006,0.33,0.031130170253308918,0.019,0.02,0.019100000000000002,0.019,0.00030000000000000024,32,32,4096,11008,32768,True,2752,1
0.075,0.082,0.07914285714285714,0.079,0.001833178719516207,0.042,0.044,0.04295,0.043000000000000003,0.0005894913061275785,0.382,0.391,0.38615,0.385,0.0024753787588973146,0.055,0.057,0.05595,0.056,0.0006689544080129832,0.133,0.14,0.13635000000000003,0.137,0.001956399754651387,0.044,0.046,0.044750000000000005,0.045,0.0006982120021884477,0.676,0.685,0.6811,0.681,0.0028266588050205165,0.092,0.094,0.09320000000000002,0.093,0.0006782329983125274,0.318,0.434,0.3431,0.3335,0.030727674822543925,0.019,0.02,0.019100000000000002,0.019,0.00030000000000000024,32,32,4096,11008,32768,True,2720,1
0.079,0.082,0.0800952380952381,0.08,0.0009712418121129123,0.042,0.044,0.04315000000000001,0.043000000000000003,0.0005722761571129777,0.398,0.40800000000000003,0.40115,0.401,0.002242208732477868,0.055,0.057,0.05595,0.056,0.0003840572873934307,0.138,0.14300000000000002,0.14015,0.14,0.0016815171720800251,0.045,0.047,0.04560000000000001,0.046,0.0005830951894845307,0.674,0.681,0.67675,0.676,0.0019202864369671536,0.092,0.094,0.09309999999999999,0.093,0.000538516480713451,0.34,0.353,0.34634999999999994,0.343,0.005977248530887747,0.019,0.02,0.019050000000000004,0.019,0.00021794494717703388,32,32,4096,11008,32768,True,2688,1
0.076,0.079,0.07766666666666666,0.078,0.000942809041582064,0.04,0.041,0.04070000000000001,0.041,0.0004582575694955844,0.369,0.372,0.3698,0.37,0.0008124038404635967,0.054,0.056,0.0546,0.055,0.0005830951894845307,0.134,0.137,0.13565000000000002,0.136,0.0007262919523166982,0.043000000000000003,0.044,0.043550000000000005,0.044,0.0004974937185533069,0.667,0.672,0.6692500000000001,0.6695,0.0014097872179871696,0.09,0.091,0.09075,0.091,0.0004330127018922198,0.329,0.437,0.35695,0.332,0.04474648030851141,0.018000000000000002,0.019,0.018550000000000004,0.019,0.0004974937185533088,32,32,4096,11008,32768,True,2656,1
0.07100000000000001,0.076,0.0739047619047619,0.074,0.001019092121858699,0.038,0.039,0.038200000000000005,0.038,0.0004000000000000003,0.363,0.367,0.36525,0.365,0.0010897247358851695,0.052000000000000005,0.054,0.0529,0.053,0.0004358898943540656,0.131,0.133,0.13200000000000003,0.132,0.0006324555320336764,0.04,0.041,0.04025000000000001,0.04,0.00043301270189221973,0.661,0.668,0.66395,0.664,0.0017741194999210186,0.08700000000000001,0.088,0.08775000000000001,0.088,0.00043301270189221366,0.313,0.417,0.321,0.316,0.022090722034374517,0.018000000000000002,0.019,0.018150000000000006,0.018000000000000002,0.0003570714214271416,32,32,4096,11008,32768,True,2624,1
0.074,0.078,0.07680952380952381,0.077,0.0009060141709733554,0.039,0.04,0.03930000000000001,0.039,0.0004582575694955844,0.371,0.382,0.37324999999999997,0.373,0.002405722344743884,0.053,0.054,0.05305000000000001,0.053,0.00021794494717703388,0.137,0.14300000000000002,0.13815,0.138,0.0012757350822173085,0.042,0.043000000000000003,0.04210000000000001,0.042,0.0003000000000000003,0.666,0.679,0.67005,0.669,0.0030899029110960778,0.088,0.089,0.0883,0.088,0.0004582575694955844,0.341,0.467,0.3823,0.34400000000000003,0.05363124089558249,0.018000000000000002,0.019,0.018200000000000004,0.018000000000000002,0.00039999999999999893,32,32,4096,11008,32768,True,2592,1
0.074,0.077,0.07533333333333334,0.075,0.0006424160744396215,0.038,0.039,0.03860000000000001,0.039,0.0004898979485566361,0.34900000000000003,0.355,0.3503,0.35000000000000003,0.0013076696830621934,0.051000000000000004,0.053,0.05200000000000001,0.052000000000000005,0.0003162277660168371,0.123,0.127,0.12395,0.124,0.0009205976319760994,0.041,0.043000000000000003,0.04150000000000001,0.041,0.0005916079783099621,0.622,0.643,0.6240500000000001,0.623,0.0044099319722644284,0.08700000000000001,0.089,0.08800000000000001,0.088,0.00031622776601683604,0.336,0.355,0.3386,0.3375,0.004054626986542651,0.018000000000000002,0.019,0.018100000000000005,0.018000000000000002,0.0002999999999999992,32,32,4096,11008,32768,True,2560,1
0.07,0.075,0.0730952380952381,0.073,0.001064794274999897,0.036000000000000004,0.038,0.03740000000000001,0.037,0.0005830951894845297,0.34400000000000003,0.34700000000000003,0.34600000000000003,0.34600000000000003,0.0008944271909999167,0.051000000000000004,0.052000000000000005,0.05115000000000001,0.051000000000000004,0.00035707142142714284,0.135,0.137,0.13635000000000003,0.136,0.0006538348415311017,0.04,0.041,0.04045000000000001,0.04,0.0004974937185533104,0.617,0.621,0.61915,0.619,0.0012757350822173085,0.08600000000000001,0.08700000000000001,0.0864,0.08600000000000001,0.0004898979485566361,0.325,0.335,0.33015000000000005,0.331,0.00259374246986859,0.017,0.018000000000000002,0.017200000000000003,0.017,0.00040000000000000034,32,32,4096,11008,32768,True,2528,1
0.068,0.074,0.07180952380952382,0.07200000000000001,0.001467717619754514,0.036000000000000004,0.038,0.03700000000000001,0.037,0.0006324555320336743,0.341,0.34800000000000003,0.34550000000000003,0.34600000000000003,0.0021563858652847846,0.05,0.051000000000000004,0.05050000000000001,0.0505,0.0005000000000000004,0.133,0.138,0.1356,0.136,0.0016852299546352733,0.039,0.041,0.04005000000000001,0.04,0.0006689544080129832,0.614,0.621,0.6177499999999999,0.6185,0.0022332711434127316,0.085,0.08600000000000001,0.08565000000000003,0.08600000000000001,0.0004769696007084732,0.32,0.337,0.3306,0.332,0.0059279001341115784,0.017,0.018000000000000002,0.017150000000000006,0.017,0.00035707142142714284,32,32,4096,11008,32768,True,2496,1
0.065,0.074,0.07109523809523811,0.07200000000000001,0.0018999940326914282,0.034,0.037,0.03620000000000001,0.036000000000000004,0.0008717797887081326,0.338,0.34900000000000003,0.3447,0.34550000000000003,0.00337786915081091,0.049,0.051000000000000004,0.05000000000000001,0.05,0.00044721359549995833,0.132,0.139,0.13610000000000003,0.137,0.002046948949045874,0.038,0.041,0.03960000000000001,0.04,0.000734846922834954,0.61,0.621,0.6166,0.618,0.0033823069050575557,0.083,0.08600000000000001,0.08485000000000001,0.085,0.0006538348415311016,0.313,0.341,0.3309000000000001,0.336,0.00917551088495895,0.017,0.017,0.017000000000000005,0.017,3.469446951953614e-18,32,32,4096,11008,32768,True,2464,1
0.064,0.07200000000000001,0.07,0.07,0.0017457431218879406,0.034,0.036000000000000004,0.03540000000000001,0.035,0.0005830951894845306,0.338,0.34600000000000003,0.3445,0.34500000000000003,0.0017175564037317681,0.049,0.05,0.04920000000000001,0.049,0.0004000000000000003,0.12,0.127,0.1222,0.122,0.0017204650534085267,0.038,0.04,0.039150000000000004,0.039,0.0005722761571129803,0.601,0.61,0.6069999999999999,0.607,0.0023874672772626663,0.082,0.085,0.08375,0.084,0.0006224949798994372,0.314,0.337,0.33305,0.334,0.004914010581999192,0.016,0.018000000000000002,0.016950000000000003,0.017,0.0003840572873934308,32,32,4096,11008,32768,True,2432,1
0.062,0.068,0.06699999999999999,0.067,0.0012724180205607048,0.032,0.034,0.032650000000000005,0.033,0.0006538348415311017,0.337,0.339,0.338,0.338,0.0006324555320336764,0.048,0.049,0.04830000000000001,0.048,0.0004582575694955844,0.132,0.133,0.13265000000000002,0.133,0.00047696960070847325,0.037,0.038,0.03710000000000001,0.037,0.0003000000000000003,0.597,0.603,0.6006999999999999,0.601,0.0014525839046333965,0.081,0.082,0.08170000000000001,0.082,0.0004582575694955844,0.313,0.318,0.3147,0.314,0.0014866068747318517,0.016,0.017,0.016150000000000005,0.016,0.00035707142142714284,32,32,4096,11008,32768,True,2400,1
0.062,0.068,0.06642857142857143,0.066,0.001217782081194708,0.032,0.033,0.03205000000000001,0.032,0.00021794494717703385,0.334,0.34,0.33685,0.337,0.0011521718621802922,0.047,0.048,0.047700000000000006,0.048,0.00045825756949558437,0.131,0.133,0.13205000000000003,0.132,0.0005894913061275802,0.035,0.036000000000000004,0.03520000000000001,0.035,0.0004000000000000003,0.597,0.602,0.5995,0.6,0.0011180339887498958,0.079,0.08,0.0794,0.079,0.0004898979485566361,0.311,0.318,0.31500000000000006,0.315,0.0020493901531919213,0.016,0.017,0.016150000000000005,0.016,0.00035707142142714284,32,32,4096,11008,32768,True,2368,1
0.062,0.066,0.06519047619047619,0.065,0.0009060141709733555,0.03,0.032,0.031100000000000006,0.031,0.00043588989435406776,0.334,0.337,0.3355,0.335,0.000741619848709567,0.046,0.048,0.047200000000000006,0.047,0.0005099019513592789,0.131,0.133,0.13185000000000002,0.132,0.0006538348415311016,0.034,0.036000000000000004,0.034850000000000006,0.035,0.0004769696007084733,0.596,0.602,0.59765,0.5974999999999999,0.0013883443376914834,0.078,0.079,0.0782,0.078,0.0004000000000000003,0.312,0.315,0.31314999999999993,0.313,0.0007262919523166982,0.016,0.017,0.016050000000000002,0.016,0.0002179449471770339,32,32,4096,11008,32768,True,2336,1
0.058,0.066,0.06428571428571431,0.064,0.0015779087167410372,0.029,0.031,0.030500000000000006,0.031,0.0005916079783099618,0.311,0.314,0.31205000000000005,0.312,0.0007399324293474378,0.044,0.046,0.045000000000000005,0.045,0.0003162277660168382,0.11,0.111,0.11040000000000001,0.11,0.0004898979485566361,0.033,0.035,0.03400000000000001,0.034,0.0003162277660168382,0.623,0.633,0.6275999999999999,0.628,0.0024166091947189165,0.077,0.078,0.07775,0.078,0.00043301270189221973,0.309,0.314,0.31135,0.311,0.0011079259903080177,0.015,0.017,0.015950000000000002,0.016,0.00038405728739343076,32,32,4096,11008,32768,True,2304,1
0.065,0.069,0.0682857142857143,0.068,0.0009331389496316878,0.032,0.034,0.03255000000000001,0.0325,0.0005894913061275802,0.333,0.338,0.33565,0.3355,0.0013883443376914832,0.046,0.047,0.04635000000000001,0.046,0.0004769696007084732,0.121,0.123,0.12179999999999998,0.122,0.0006782329983125274,0.035,0.037,0.03595000000000001,0.036000000000000004,0.0003840572873934298,0.5760000000000001,0.582,0.5792999999999999,0.5794999999999999,0.0020999999999999756,0.079,0.08,0.0796,0.08,0.0004898979485566361,0.354,0.359,0.35639999999999994,0.356,0.0017435595774162708,0.015,0.016,0.015500000000000003,0.0155,0.0005000000000000004,32,32,4096,11008,32768,True,2272,1
0.059000000000000004,0.064,0.06319047619047619,0.063,0.0010519391444940244,0.029,0.03,0.029650000000000003,0.03,0.0004769696007084717,0.312,0.316,0.31344999999999995,0.313,0.0009733961166965902,0.043000000000000003,0.045,0.044250000000000005,0.044,0.00053619026473818,0.111,0.114,0.11210000000000002,0.112,0.0006244997998398403,0.033,0.034,0.033350000000000005,0.033,0.0004769696007084732,0.549,0.553,0.55045,0.55,0.0008645808232895299,0.076,0.077,0.07685,0.077,0.00035707142142714284,0.316,0.321,0.31900000000000006,0.3195,0.0014832396974191339,0.015,0.016,0.015200000000000002,0.015,0.00040000000000000034,32,32,4096,11008,32768,True,2240,1
0.058,0.065,0.06333333333333334,0.064,0.0015223207012519794,0.028,0.031,0.029800000000000004,0.03,0.0008124038404635954,0.313,0.322,0.317,0.3175,0.0031144823004794903,0.043000000000000003,0.045,0.04395,0.044,0.0004974937185533084,0.113,0.11800000000000001,0.11490000000000003,0.1145,0.001545962483374032,0.032,0.034,0.03330000000000001,0.033,0.0006403124237432853,0.548,0.556,0.55255,0.5525,0.0026734808770589725,0.076,0.077,0.07654999999999999,0.077,0.0004974937185533104,0.321,0.341,0.33045,0.335,0.007283371472058809,0.015,0.016,0.015150000000000002,0.015,0.0003570714214271428,32,32,4096,11008,32768,True,2208,1
0.057,0.062,0.061190476190476184,0.061,0.0011388819755334663,0.028,0.028,0.028000000000000004,0.028,3.469446951953614e-18,0.3,0.303,0.3012,0.301,0.0007483314773547889,0.044,0.045,0.04445,0.044,0.0004974937185533104,0.11,0.112,0.11069999999999999,0.111,0.0007141428428542856,0.031,0.032,0.031700000000000006,0.032,0.0004582575694955844,0.536,0.54,0.5382,0.5385,0.0012489995996796807,0.074,0.075,0.0746,0.075,0.0004898979485566361,0.315,0.323,0.31785,0.3175,0.002286372673034737,0.014,0.015,0.014750000000000003,0.015,0.000433012701892219,32,32,4096,11008,32768,True,2176,1
0.057,0.065,0.06333333333333332,0.064,0.0015532863266952465,0.028,0.03,0.028600000000000004,0.029,0.0005830951894845302,0.308,0.313,0.3093,0.309,0.0010049875621120899,0.044,0.045,0.04460000000000001,0.045,0.000489897948556636,0.116,0.11800000000000001,0.1167,0.117,0.0005567764362830027,0.031,0.032,0.031900000000000005,0.032,0.0003000000000000003,0.541,0.546,0.5432000000000001,0.543,0.0015033296378372922,0.074,0.075,0.07485,0.075,0.00035707142142714284,0.339,0.34500000000000003,0.3417,0.341,0.001791647286716893,0.014,0.015,0.014250000000000002,0.014,0.00043301270189221897,32,32,4096,11008,32768,True,2144,1
0.054,0.061,0.06019047619047619,0.06,0.0014677176197545178,0.026000000000000002,0.027,0.026850000000000006,0.027,0.0003570714214271416,0.301,0.305,0.30265,0.303,0.0007921489758877436,0.042,0.043000000000000003,0.04225000000000001,0.042,0.0004330127018922198,0.111,0.113,0.11220000000000001,0.112,0.0005099019513592789,0.029,0.03,0.029800000000000004,0.03,0.00039999999999999893,0.535,0.54,0.5380499999999999,0.5385,0.0014654350889752856,0.07100000000000001,0.073,0.0719,0.07200000000000001,0.0005385164807134481,0.326,0.331,0.32825000000000004,0.328,0.0012599603168354163,0.014,0.014,0.014000000000000002,0.014,1.734723475976807e-18,32,32,4096,11008,32768,True,2112,1
0.052000000000000005,0.06,0.05852380952380953,0.059000000000000004,0.0015922146187905219,0.025,0.026000000000000002,0.025900000000000006,0.026000000000000002,0.0003000000000000003,0.298,0.301,0.2993,0.299,0.0009539392014169465,0.041,0.042,0.04110000000000001,0.041,0.0003000000000000003,0.109,0.111,0.1099,0.11,0.0005385164807134509,0.028,0.029,0.028050000000000002,0.028,0.0002179449471770339,0.532,0.536,0.5339,0.534,0.0012609520212918503,0.069,0.07100000000000001,0.07005000000000002,0.07,0.00038405728739343076,0.321,0.325,0.32250000000000006,0.322,0.0010246950765959609,0.014,0.015,0.014050000000000002,0.014,0.00021794494717703353,32,32,4096,11008,32768,True,2080,1
0.052000000000000005,0.06,0.057952380952380964,0.058,0.0014952684255340547,0.024,0.025,0.024900000000000005,0.025,0.0003000000000000003,0.278,0.281,0.27935,0.279,0.0007921489758877438,0.04,0.041,0.04085000000000001,0.041,0.00035707142142714284,0.093,0.095,0.09400000000000001,0.094,0.0003162277660168382,0.027,0.028,0.027750000000000004,0.028,0.00043301270189221973,0.488,0.492,0.48975,0.49,0.0010897247358851695,0.069,0.07,0.0698,0.07,0.0004000000000000003,0.21,0.217,0.21305000000000004,0.213,0.0014654350889752859,0.014,0.014,0.014000000000000002,0.014,1.734723475976807e-18,32,32,4096,11008,32768,True,2048,1
0.052000000000000005,0.061,0.05876190476190476,0.059000000000000004,0.0017969487870583996,0.024,0.025,0.024950000000000007,0.025,0.00021794494717703385,0.279,0.28200000000000003,0.28095,0.281,0.00086458082328953,0.04,0.042,0.04110000000000001,0.041,0.00043588989435406776,0.094,0.096,0.09550000000000002,0.096,0.0005916079783099621,0.027,0.029,0.027850000000000003,0.028,0.0004769696007084733,0.489,0.493,0.49135,0.491,0.0011521718621802922,0.069,0.07100000000000001,0.06995000000000001,0.07,0.00038405728739343076,0.213,0.218,0.21555,0.216,0.001596088969951238,0.014,0.015,0.014150000000000001,0.014,0.00035707142142714214,32,32,4096,11008,32768,True,2048,1
0.05,0.06,0.057761904761904764,0.058,0.002021427169218202,0.024,0.026000000000000002,0.024900000000000005,0.025,0.0007000000000000008,0.277,0.28400000000000003,0.281,0.28200000000000003,0.0025298221281347057,0.04,0.041,0.04060000000000001,0.041,0.000489897948556636,0.093,0.098,0.09555,0.0955,0.0016874537030686222,0.027,0.028,0.02755,0.028,0.0004974937185533105,0.488,0.495,0.49110000000000004,0.4925,0.002681417535558387,0.069,0.07,0.06965000000000002,0.07,0.00047696960070847325,0.212,0.223,0.21785000000000002,0.221,0.004596466033813372,0.014,0.015,0.014050000000000002,0.014,0.0002179449471770335,32,32,4096,11008,32768,True,2032,1
0.051000000000000004,0.059000000000000004,0.057619047619047625,0.058,0.00170367083999984,0.024,0.025,0.024650000000000005,0.025,0.0004769696007084733,0.277,0.28200000000000003,0.27979999999999994,0.281,0.0017204650534085267,0.04,0.041,0.04020000000000001,0.04,0.00040000000000000034,0.093,0.097,0.09530000000000001,0.096,0.001228820572744452,0.027,0.028,0.027100000000000003,0.027,0.00030000000000000024,0.487,0.492,0.48985,0.4905,0.0016815171720800254,0.069,0.07,0.06925,0.069,0.00043301270189221973,0.212,0.221,0.21649999999999997,0.218,0.002889636655359981,0.013000000000000001,0.014,0.013750000000000004,0.014,0.00043301270189221897,32,32,4096,11008,32768,True,2016,1
0.049,0.059000000000000004,0.056190476190476187,0.056,0.0018418171053155926,0.024,0.025,0.024100000000000003,0.024,0.00030000000000000024,0.276,0.278,0.2773000000000001,0.278,0.0008426149773176366,0.039,0.04,0.039950000000000006,0.04,0.00021794494717703385,0.092,0.094,0.09330000000000001,0.093,0.0005567764362830027,0.026000000000000002,0.027,0.026800000000000008,0.027,0.00039999999999999893,0.484,0.488,0.48644999999999994,0.487,0.001160818676624391,0.068,0.069,0.0686,0.069,0.0004898979485566361,0.213,0.217,0.21485000000000004,0.2145,0.0013143439428094927,0.013000000000000001,0.014,0.013500000000000003,0.013500000000000002,0.0004999999999999995,32,32,4096,11008,32768,True,2000,1
0.049,0.058,0.05628571428571429,0.057,0.0018032472598820467,0.024,0.025,0.024250000000000004,0.024,0.00043301270189221973,0.276,0.281,0.27880000000000005,0.28,0.0016000000000000016,0.039,0.041,0.03975000000000001,0.04,0.0005361902647381809,0.093,0.096,0.09485000000000002,0.0945,0.0010136567466356656,0.026000000000000002,0.028,0.026750000000000006,0.027,0.0005361902647381794,0.485,0.491,0.4875,0.488,0.001857417562100673,0.068,0.069,0.06855,0.069,0.0004974937185533104,0.216,0.221,0.2185,0.2185,0.0013964240043768954,0.013000000000000001,0.014,0.013300000000000003,0.013000000000000001,0.00045825756949558356,32,32,4096,11008,32768,True,1984,1
0.049,0.057,0.05490476190476191,0.055,0.001540091583694879,0.023,0.024,0.023950000000000006,0.024,0.00021794494717703385,0.274,0.277,0.27545000000000003,0.275,0.0007399324293474377,0.039,0.04,0.03910000000000001,0.039,0.0003000000000000003,0.092,0.093,0.0927,0.093,0.00045825756949558437,0.026000000000000002,0.027,0.026200000000000008,0.026000000000000002,0.00039999999999999893,0.483,0.485,0.4842999999999999,0.484,0.0007141428428542857,0.067,0.068,0.06770000000000001,0.068,0.0004582575694955844,0.218,0.227,0.22195,0.222,0.0021788758569500945,0.013000000000000001,0.014,0.013150000000000004,0.013000000000000001,0.0003570714214271422,32,32,4096,11008,32768,True,1968,1
0.049,0.058,0.05576190476190476,0.056,0.0016876233473018432,0.024,0.024,0.024000000000000004,0.024,3.469446951953614e-18,0.277,0.279,0.27775000000000005,0.278,0.0007664854858377953,0.038,0.04,0.03905000000000001,0.039,0.00038405728739343076,0.094,0.096,0.09465,0.095,0.0005722761571129803,0.026000000000000002,0.027,0.026200000000000008,0.026000000000000002,0.00039999999999999893,0.485,0.488,0.48625000000000007,0.486,0.0007664854858377954,0.067,0.068,0.06755000000000003,0.068,0.0004974937185533105,0.217,0.222,0.2193,0.219,0.001228820572744452,0.013000000000000001,0.014,0.013050000000000003,0.013000000000000001,0.00021794494717703353,32,32,4096,11008,32768,True,1952,1
0.048,0.058,0.0551904761904762,0.055,0.0017893613550529468,0.023,0.026000000000000002,0.024000000000000004,0.024,0.0005477225575051665,0.275,0.295,0.27945000000000003,0.279,0.003827205246651914,0.038,0.04,0.03875000000000001,0.039,0.0005361902647381809,0.093,0.10200000000000001,0.09555000000000001,0.0955,0.001716828471338941,0.026000000000000002,0.028,0.026150000000000007,0.026000000000000002,0.00047696960070847227,0.484,0.507,0.48745000000000005,0.486,0.00493431859530777,0.067,0.069,0.06755000000000001,0.0675,0.0005894913061275802,0.22,0.24,0.22690000000000002,0.227,0.005028916384272063,0.013000000000000001,0.014,0.013100000000000004,0.013000000000000001,0.00029999999999999976,32,32,4096,11008,32768,True,1936,1
0.047,0.057,0.054714285714285715,0.055,0.001930774755496504,0.023,0.024,0.023800000000000005,0.024,0.0004000000000000003,0.257,0.261,0.2596,0.26,0.0011575836902790236,0.038,0.04,0.038950000000000005,0.039,0.00038405728739343076,0.093,0.096,0.09495,0.095,0.0010712142642814286,0.025,0.027,0.025850000000000005,0.026000000000000002,0.00047696960070847287,0.468,0.47300000000000003,0.47004999999999997,0.47000000000000003,0.0012835497652993447,0.066,0.067,0.06670000000000001,0.067,0.00045825756949558437,0.21,0.219,0.21614999999999998,0.216,0.001930673457630784,0.013000000000000001,0.014,0.013050000000000003,0.013000000000000001,0.00021794494717703353,32,32,4096,11008,32768,True,1920,1
0.046,0.057,0.055571428571428584,0.056,0.0024018133738892373,0.023,0.025,0.024550000000000006,0.025,0.0006689544080129834,0.256,0.267,0.2649,0.266,0.0025865034312755144,0.038,0.04,0.03910000000000001,0.039,0.00043588989435406776,0.093,0.099,0.09785000000000002,0.098,0.0016815171720800251,0.025,0.027,0.026650000000000007,0.027,0.0006538348415311001,0.466,0.47800000000000004,0.4751,0.47600000000000003,0.0027910571473905754,0.066,0.068,0.06689999999999999,0.067,0.00043588989435406776,0.216,0.229,0.22775000000000004,0.229,0.0037533318531672664,0.013000000000000001,0.013000000000000001,0.013000000000000003,0.013000000000000001,1.734723475976807e-18,32,32,4096,11008,32768,True,1904,1
0.046,0.056,0.05495238095238096,0.055,0.00210387828898805,0.023,0.025,0.024000000000000004,0.024,0.0003162277660168382,0.261,0.264,0.26275,0.263,0.0009420721840708395,0.038,0.039,0.038650000000000004,0.039,0.0004769696007084733,0.094,0.098,0.09705000000000001,0.097,0.0008046738469715546,0.025,0.026000000000000002,0.025400000000000006,0.025,0.000489897948556636,0.47000000000000003,0.47700000000000004,0.47295000000000015,0.47300000000000003,0.001687453703068622,0.065,0.067,0.06635,0.066,0.0005722761571129803,0.221,0.225,0.223,0.223,0.0011832159566199242,0.012,0.013000000000000001,0.012850000000000004,0.013000000000000001,0.0003570714214271428,32,32,4096,11008,32768,True,1888,1
0.047,0.054,0.05295238095238096,0.053,0.0014301578493029715,0.023,0.024,0.023150000000000004,0.023,0.0003570714214271428,0.258,0.262,0.25960000000000005,0.259,0.0009165151389911689,0.037,0.039,0.038000000000000006,0.038,0.0003162277660168382,0.094,0.095,0.09445,0.094,0.0004974937185533104,0.024,0.025,0.024150000000000005,0.024,0.0003570714214271428,0.466,0.47200000000000003,0.469,0.46950000000000003,0.0018708286933869723,0.065,0.066,0.0653,0.065,0.0004582575694955844,0.222,0.23500000000000001,0.22800000000000004,0.2265,0.004711687595755902,0.012,0.013000000000000001,0.012850000000000004,0.013000000000000001,0.00035707142142714284,32,32,4096,11008,32768,True,1872,1
0.045,0.055,0.05280952380952382,0.053,0.001867492528678817,0.022,0.023,0.022050000000000004,0.022,0.00021794494717703388,0.255,0.258,0.2567,0.257,0.0007810249675906661,0.037,0.038,0.03765,0.038,0.0004769696007084733,0.093,0.095,0.09380000000000002,0.094,0.0006000000000000005,0.023,0.024,0.023150000000000004,0.023,0.00035707142142714284,0.464,0.46900000000000003,0.4666,0.467,0.001319090595827293,0.064,0.065,0.06420000000000001,0.064,0.0004000000000000003,0.221,0.23,0.22649999999999998,0.2275,0.0028195744359743396,0.012,0.013000000000000001,0.012800000000000002,0.013000000000000001,0.00040000000000000034,32,32,4096,11008,32768,True,1856,1
0.045,0.053,0.05166666666666667,0.052000000000000005,0.0015532863266952475,0.021,0.022,0.021400000000000002,0.021,0.0004898979485566344,0.256,0.261,0.2573,0.257,0.0010535653752852749,0.037,0.038,0.03715,0.037,0.00035707142142714284,0.094,0.105,0.09770000000000002,0.097,0.003318132004607412,0.023,0.023,0.023000000000000003,0.023,3.469446951953614e-18,0.463,0.47200000000000003,0.46560000000000007,0.465,0.00200997512422418,0.061,0.063,0.062,0.062,0.0005477225575051667,0.216,0.226,0.22025,0.219,0.0031760824926314523,0.012,0.013000000000000001,0.012100000000000003,0.012,0.00030000000000000024,32,32,4096,11008,32768,True,1840,1
0.044,0.052000000000000005,0.0510952380952381,0.051000000000000004,0.0016591667990651772,0.021,0.021,0.021000000000000005,0.021,3.469446951953614e-18,0.254,0.257,0.25555000000000005,0.256,0.0008046738469715548,0.037,0.037,0.037000000000000005,0.037,6.938893903907228e-18,0.092,0.093,0.09295,0.093,0.00021794494717703385,0.022,0.023,0.022800000000000004,0.023,0.00040000000000000034,0.461,0.467,0.46385,0.4635,0.0016815171720800254,0.061,0.062,0.06150000000000001,0.0615,0.0005000000000000004,0.216,0.226,0.22095000000000004,0.221,0.00280133896556629,0.012,0.013000000000000001,0.012050000000000002,0.012,0.00021794494717703388,32,32,4096,11008,32768,True,1824,1
0.043000000000000003,0.053,0.05080952380952382,0.051000000000000004,0.0018418171053155917,0.021,0.021,0.021000000000000005,0.021,3.469446951953614e-18,0.254,0.257,0.25555000000000005,0.256,0.0006689544080129832,0.036000000000000004,0.037,0.03660000000000001,0.037,0.0004898979485566326,0.092,0.093,0.09230000000000002,0.092,0.0004582575694955844,0.022,0.023,0.022750000000000003,0.023,0.00043301270189221973,0.46,0.466,0.46315,0.463,0.0013883443376914834,0.061,0.062,0.06109999999999999,0.061,0.00030000000000000024,0.219,0.233,0.2259,0.2245,0.0047423622805517545,0.012,0.013000000000000001,0.012100000000000003,0.012,0.00030000000000000024,32,32,4096,11008,32768,True,1808,1
0.044,0.053,0.05157142857142858,0.052000000000000005,0.0018145294174531103,0.021,0.022,0.02125,0.021,0.00043301270189221826,0.247,0.252,0.24964999999999998,0.25,0.001061838029079766,0.034,0.036000000000000004,0.03505000000000001,0.035,0.00038405728739343076,0.092,0.095,0.09425000000000001,0.094,0.0008874119674649433,0.022,0.023,0.022650000000000003,0.023,0.0004769696007084733,0.434,0.439,0.43689999999999996,0.437,0.0013379088160259663,0.061,0.062,0.0612,0.061,0.00040000000000000034,0.20700000000000002,0.218,0.21564999999999998,0.216,0.002868361901852688,0.012,0.012,0.012000000000000002,0.012,1.734723475976807e-18,32,32,4096,11008,32768,True,1792,1
0.043000000000000003,0.053,0.05090476190476191,0.051000000000000004,0.001997731139371717,0.021,0.022,0.021200000000000004,0.021,0.00039999999999999893,0.247,0.251,0.24900000000000003,0.249,0.0008944271909999167,0.034,0.035,0.03440000000000001,0.034,0.000489897948556636,0.092,0.094,0.09375000000000003,0.094,0.0005361902647381809,0.021,0.022,0.021950000000000004,0.022,0.0002179449471770331,0.433,0.439,0.4358999999999999,0.436,0.001300000000000001,0.06,0.061,0.0606,0.061,0.0004898979485566361,0.21,0.217,0.21480000000000002,0.2145,0.0016000000000000014,0.012,0.012,0.012000000000000002,0.012,1.734723475976807e-18,32,32,4096,11008,32768,True,1776,1
0.042,0.053,0.051285714285714296,0.052000000000000005,0.002291658936288755,0.02,0.022,0.02185,0.022,0.0004769696007084723,0.247,0.255,0.25125000000000003,0.251,0.0016695807857064014,0.034,0.036000000000000004,0.03455000000000001,0.0345,0.0005894913061275802,0.092,0.097,0.09575,0.096,0.001336974195712095,0.022,0.023,0.022800000000000004,0.023,0.0004000000000000003,0.431,0.44,0.43735,0.4375,0.0019817921182606435,0.06,0.061,0.06054999999999999,0.061,0.0004974937185533104,0.20600000000000002,0.228,0.22275,0.223,0.004229361653961503,0.011,0.012,0.011750000000000002,0.012,0.00043301270189221973,32,32,4096,11008,32768,True,1760,1
0.042,0.054,0.050047619047619056,0.05,0.0022985749306946982,0.02,0.022,0.020950000000000003,0.021,0.000668954408012982,0.245,0.258,0.24825,0.246,0.004481908075808788,0.033,0.035,0.03405000000000001,0.034,0.0004974937185533105,0.092,0.098,0.09315000000000001,0.092,0.00230813777751676,0.021,0.023,0.021950000000000004,0.022,0.0006689544080129819,0.43,0.442,0.43410000000000004,0.432,0.0038196858509568594,0.059000000000000004,0.061,0.059999999999999984,0.06,0.0006324555320336743,0.20700000000000002,0.232,0.2132,0.20800000000000002,0.009368030742904293,0.011,0.012,0.011200000000000002,0.011,0.00040000000000000034,32,32,4096,11008,32768,True,1744,1
0.042,0.051000000000000004,0.049809523809523824,0.05,0.0018674925286788174,0.02,0.021,0.020850000000000004,0.021,0.00035707142142714284,0.245,0.251,0.24794999999999998,0.2485,0.0019868316486305547,0.033,0.034,0.03370000000000001,0.034,0.00045825756949558437,0.092,0.096,0.09425,0.095,0.0014097872179871696,0.02,0.022,0.0211,0.021,0.0004358898943540667,0.43,0.437,0.43384999999999996,0.434,0.0022197972880423134,0.059000000000000004,0.06,0.059750000000000004,0.06,0.00043301270189221664,0.20800000000000002,0.221,0.21555,0.218,0.004421255477802658,0.011,0.011,0.011000000000000001,0.011,1.734723475976807e-18,32,32,4096,11008,32768,True,1728,1
0.042,0.05,0.0481904761904762,0.048,0.0014998110236212974,0.02,0.021,0.020400000000000005,0.02,0.000489897948556636,0.245,0.252,0.24724999999999997,0.2465,0.0021418449990603912,0.033,0.034,0.033400000000000006,0.033,0.000489897948556636,0.092,0.095,0.09315,0.092,0.0013883443376914834,0.02,0.021,0.020850000000000004,0.021,0.00035707142142714284,0.429,0.437,0.43285,0.432,0.002151162476429897,0.059000000000000004,0.06,0.0593,0.059000000000000004,0.00045825756949558123,0.209,0.222,0.21460000000000004,0.212,0.005238320341483522,0.011,0.011,0.011000000000000001,0.011,1.734723475976807e-18,32,32,4096,11008,32768,True,1712,1
0.04,0.049,0.04752380952380954,0.048,0.0017353206817417714,0.02,0.02,0.020000000000000004,0.02,3.469446951953614e-18,0.242,0.246,0.24430000000000002,0.244,0.0014177446878757838,0.032,0.033,0.03295000000000001,0.033,0.00021794494717703385,0.09,0.093,0.09154999999999999,0.092,0.0009205976319760994,0.02,0.021,0.020150000000000005,0.02,0.00035707142142714284,0.427,0.433,0.429,0.429,0.0016124515496597114,0.058,0.06,0.05865,0.059000000000000004,0.0005722761571129795,0.202,0.21,0.20635000000000003,0.20750000000000002,0.0030540956108150797,0.011,0.011,0.011000000000000001,0.011,1.734723475976807e-18,32,32,4096,11008,32768,True,1696,1
0.04,0.049,0.0472857142857143,0.048,0.001749635530559413,0.02,0.02,0.020000000000000004,0.02,3.469446951953614e-18,0.24,0.246,0.24264999999999998,0.242,0.0012757350822173083,0.032,0.033,0.032600000000000004,0.033,0.0004898979485566361,0.09,0.092,0.09085,0.091,0.0006538348415311016,0.02,0.021,0.020050000000000005,0.02,0.00021794494717703388,0.426,0.43,0.42790000000000006,0.428,0.000994987437106621,0.058,0.059000000000000004,0.05825000000000001,0.058,0.0004330127018922198,0.203,0.20800000000000002,0.20445000000000002,0.20400000000000001,0.0017741194999210189,0.011,0.012,0.011100000000000002,0.011,0.00030000000000000024,32,32,4096,11008,32768,True,1680,1
0.04,0.05,0.04766666666666667,0.048,0.002031498000733481,0.02,0.021,0.020200000000000003,0.02,0.00040000000000000034,0.23800000000000002,0.247,0.24130000000000001,0.24,0.002647640458974741,0.034,0.035,0.03425000000000001,0.034,0.0004330127018922198,0.092,0.098,0.09395000000000002,0.093,0.0022907422377910634,0.02,0.021,0.020250000000000004,0.02,0.00043301270189221973,0.39,0.42,0.40004999999999996,0.399,0.006538157232737674,0.058,0.06,0.05875000000000001,0.059000000000000004,0.0006224949798994358,0.209,0.23,0.21450000000000005,0.21,0.008291561975888507,0.011,0.011,0.011000000000000001,0.011,1.734723475976807e-18,32,32,4096,11008,32768,True,1664,1
0.039,0.048,0.04680952380952382,0.047,0.0018928197061287423,0.02,0.02,0.020000000000000004,0.02,3.469446951953614e-18,0.23500000000000001,0.242,0.2392,0.23850000000000002,0.0020396078054371034,0.033,0.035,0.03400000000000001,0.034,0.00044721359549995833,0.08700000000000001,0.09,0.08850000000000001,0.0885,0.0012041594578792254,0.02,0.021,0.020400000000000005,0.02,0.000489897948556636,0.418,0.425,0.42214999999999997,0.422,0.0018781639970992965,0.057,0.058,0.05790000000000001,0.058,0.0003000000000000003,0.20500000000000002,0.216,0.20995000000000003,0.20800000000000002,0.0037878093933037247,0.01,0.011,0.010900000000000002,0.011,0.00029999999999999976,32,32,4096,11008,32768,True,1648,1
0.039,0.047,0.045523809523809536,0.046,0.0016218463205644193,0.019,0.02,0.019500000000000003,0.0195,0.0005000000000000004,0.23500000000000001,0.242,0.23745000000000002,0.23750000000000002,0.002060946384552492,0.033,0.034,0.03325000000000001,0.033,0.0004330127018922198,0.08600000000000001,0.09,0.0875,0.0875,0.0012449899597988682,0.019,0.021,0.020000000000000004,0.02,0.0003162277660168382,0.419,0.425,0.42190000000000005,0.422,0.0017000000000000016,0.056,0.058,0.057050000000000003,0.057,0.0004974937185533105,0.202,0.212,0.20535,0.203,0.0035252659474144577,0.01,0.011,0.010600000000000002,0.011,0.0004898979485566354,32,32,4096,11008,32768,True,1632,1
0.038,0.047,0.045428571428571436,0.046,0.0017340134720031553,0.019,0.02,0.019500000000000003,0.0195,0.0005000000000000004,0.23500000000000001,0.23900000000000002,0.2367,0.23600000000000002,0.0012688577540449532,0.033,0.034,0.033100000000000004,0.033,0.00030000000000000024,0.08600000000000001,0.088,0.0871,0.08700000000000001,0.0006999999999999953,0.02,0.02,0.020000000000000004,0.02,3.469446951953614e-18,0.424,0.427,0.42495000000000005,0.425,0.0008046738469715547,0.056,0.057,0.0566,0.057,0.000489897948556636,0.203,0.209,0.20465,0.203,0.002219797288042308,0.01,0.011,0.0102,0.01,0.0003999999999999996,32,32,4096,11008,32768,True,1616,1
0.038,0.048,0.0461904761904762,0.046,0.001942483624225823,0.02,0.021,0.020050000000000005,0.02,0.00021794494717703388,0.241,0.245,0.24225,0.242,0.0009420721840708395,0.033,0.034,0.033100000000000004,0.033,0.00030000000000000024,0.088,0.093,0.0911,0.091,0.000994987437106621,0.019,0.021,0.020000000000000004,0.02,0.0003162277660168382,0.425,0.431,0.42924999999999996,0.429,0.0012599603168354163,0.056,0.057,0.0563,0.056,0.0004582575694955844,0.218,0.221,0.21895000000000003,0.218,0.00135922772190682,0.01,0.011,0.01025,0.01,0.000433012701892219,32,32,4096,11008,32768,True,1600,1
0.038,0.047,0.045333333333333344,0.046,0.0018082702424807172,0.018000000000000002,0.019,0.018800000000000004,0.019,0.00039999999999999893,0.23700000000000002,0.241,0.23825000000000007,0.23800000000000002,0.000887411967464939,0.031,0.032,0.031150000000000004,0.031,0.00035707142142714284,0.088,0.09,0.08830000000000002,0.088,0.0006403124237432853,0.018000000000000002,0.019,0.018950000000000005,0.019,0.0002179449471770331,0.424,0.426,0.42525,0.4255,0.0008291561975888506,0.054,0.055,0.05405000000000001,0.054,0.00021794494717703385,0.21,0.212,0.2109,0.2105,0.0009433981132056612,0.01,0.01,0.010000000000000002,0.01,1.734723475976807e-18,32,32,4096,11008,32768,True,1584,1
0.037,0.046,0.04433333333333334,0.045,0.0017548119783512652,0.018000000000000002,0.019,0.018100000000000005,0.018000000000000002,0.0002999999999999992,0.23700000000000002,0.241,0.23815000000000003,0.23800000000000002,0.0011521718621802842,0.03,0.032,0.030800000000000004,0.031,0.000509901951359279,0.088,0.09,0.08845,0.088,0.0006689544080129832,0.018000000000000002,0.019,0.018250000000000006,0.018000000000000002,0.0004330127018922182,0.422,0.426,0.4244,0.424,0.0010198039027185578,0.052000000000000005,0.053,0.05250000000000001,0.052500000000000005,0.000499999999999997,0.20800000000000002,0.211,0.20885000000000004,0.209,0.0009630680142129009,0.01,0.01,0.010000000000000002,0.01,1.734723475976807e-18,32,32,4096,11008,32768,True,1568,1
0.037,0.047,0.04438095238095239,0.045,0.0018120283419467097,0.018000000000000002,0.019,0.018150000000000006,0.018000000000000002,0.0003570714214271416,0.23600000000000002,0.243,0.238,0.23700000000000002,0.0018973665961010205,0.03,0.031,0.030450000000000005,0.03,0.0004974937185533104,0.08700000000000001,0.091,0.0885,0.088,0.001204159457879228,0.018000000000000002,0.019,0.018300000000000004,0.018000000000000002,0.0004582575694955828,0.422,0.431,0.42494999999999994,0.424,0.002438749679651442,0.052000000000000005,0.053,0.052250000000000005,0.052000000000000005,0.0004330127018922167,0.209,0.224,0.21280000000000002,0.211,0.004643274706497564,0.01,0.01,0.010000000000000002,0.01,1.734723475976807e-18,32,32,4096,11008,32768,True,1552,1
0.036000000000000004,0.046,0.044523809523809535,0.045,0.0020614153163727,0.018000000000000002,0.019,0.018750000000000006,0.019,0.00043301270189221816,0.214,0.22,0.21795,0.218,0.0015960889699512383,0.03,0.031,0.030450000000000005,0.03,0.0004974937185533104,0.081,0.085,0.08310000000000001,0.083,0.0008888194417315596,0.018000000000000002,0.019,0.018900000000000007,0.019,0.0002999999999999992,0.417,0.426,0.42169999999999996,0.4215,0.0021000000000000016,0.052000000000000005,0.054,0.05295000000000001,0.053,0.0004974937185533083,0.171,0.18,0.17719999999999997,0.178,0.0025806975801127806,0.009000000000000001,0.009000000000000001,0.009000000000000003,0.009000000000000001,1.734723475976807e-18,32,32,4096,11008,32768,True,1536,1
0.036000000000000004,0.047,0.043857142857142865,0.044,0.0018844151368961298,0.018000000000000002,0.019,0.018200000000000004,0.018000000000000002,0.00039999999999999893,0.214,0.219,0.2157,0.2155,0.0011874342087037928,0.029,0.03,0.029950000000000004,0.03,0.0002179449471770331,0.083,0.08600000000000001,0.0837,0.0835,0.0008426149773176365,0.018000000000000002,0.019,0.018950000000000005,0.019,0.0002179449471770331,0.37,0.375,0.37175,0.3715,0.0011346805717910226,0.051000000000000004,0.052000000000000005,0.05195000000000001,0.052000000000000005,0.00021794494717703385,0.17300000000000001,0.18,0.1746,0.17400000000000002,0.001799999999999993,0.009000000000000001,0.01,0.009100000000000002,0.009000000000000001,0.00029999999999999976,32,32,4096,11008,32768,True,1520,1
0.036000000000000004,0.045,0.04347619047619048,0.044,0.0017625481450782602,0.018000000000000002,0.018000000000000002,0.018000000000000006,0.018000000000000002,3.469446951953614e-18,0.213,0.217,0.21455000000000002,0.2145,0.0009205976319760994,0.029,0.031,0.029750000000000006,0.03,0.0005361902647381794,0.083,0.08700000000000001,0.0858,0.08600000000000001,0.0011661903789690613,0.018000000000000002,0.019,0.018200000000000004,0.018000000000000002,0.000399999999999999,0.368,0.372,0.3699,0.37,0.0008888194417315596,0.051000000000000004,0.052000000000000005,0.05145000000000001,0.051000000000000004,0.0004974937185533104,0.171,0.17400000000000002,0.17245000000000002,0.17200000000000001,0.0006689544080129832,0.009000000000000001,0.01,0.009050000000000002,0.009000000000000001,0.00021794494717703353,32,32,4096,11008,32768,True,1504,1
0.035,0.044,0.04290476190476191,0.043000000000000003,0.0018232561637215843,0.018000000000000002,0.018000000000000002,0.018000000000000006,0.018000000000000002,3.469446951953614e-18,0.213,0.216,0.21395,0.214,0.0008046738469715547,0.029,0.03,0.029200000000000004,0.029,0.000399999999999999,0.08700000000000001,0.09,0.0884,0.088,0.0009695359714832626,0.018000000000000002,0.019,0.018050000000000004,0.018000000000000002,0.00021794494717703315,0.368,0.371,0.36934999999999996,0.369,0.0007262919523166982,0.051000000000000004,0.052000000000000005,0.05130000000000001,0.051000000000000004,0.0004582575694955844,0.171,0.17400000000000002,0.17250000000000001,0.17250000000000001,0.0006708203932499375,0.009000000000000001,0.01,0.009050000000000002,0.009000000000000001,0.00021794494717703353,32,32,4096,11008,32768,True,1488,1
0.035,0.043000000000000003,0.0421904761904762,0.043000000000000003,0.0016795421036712762,0.017,0.018000000000000002,0.017950000000000004,0.018000000000000002,0.00021794494717703388,0.213,0.216,0.21375000000000002,0.214,0.0007664854858377953,0.029,0.029,0.029000000000000005,0.029,3.469446951953614e-18,0.09,0.093,0.09115,0.091,0.0009096702699330135,0.018000000000000002,0.018000000000000002,0.018000000000000006,0.018000000000000002,3.469446951953614e-18,0.367,0.37,0.3681,0.368,0.0008306623862918082,0.05,0.051000000000000004,0.050550000000000005,0.051000000000000004,0.0004974937185533104,0.17,0.17200000000000001,0.17095,0.171,0.0006689544080129832,0.009000000000000001,0.009000000000000001,0.009000000000000003,0.009000000000000001,1.734723475976807e-18,32,32,4096,11008,32768,True,1472,1
0.035,0.043000000000000003,0.042142857142857156,0.042,0.0016700645635000174,0.017,0.018000000000000002,0.017250000000000005,0.017,0.00043301270189221973,0.212,0.215,0.21285000000000004,0.213,0.0008529361054615997,0.028,0.029,0.028900000000000002,0.029,0.0003000000000000003,0.088,0.092,0.09,0.09,0.001095445115010333,0.017,0.018000000000000002,0.017950000000000004,0.018000000000000002,0.00021794494717703385,0.366,0.369,0.36745,0.367,0.0006689544080129832,0.05,0.051000000000000004,0.05020000000000001,0.05,0.0004000000000000003,0.17,0.17300000000000001,0.17135000000000003,0.171,0.0006538348415311016,0.009000000000000001,0.009000000000000001,0.009000000000000003,0.009000000000000001,1.734723475976807e-18,32,32,4096,11008,32768,True,1456,1
0.034,0.043000000000000003,0.041285714285714294,0.041,0.001776643629159775,0.017,0.018000000000000002,0.017250000000000005,0.017,0.00043301270189221973,0.212,0.216,0.2132,0.213,0.0009797958971132722,0.028,0.029,0.028450000000000003,0.028,0.0004974937185533104,0.088,0.092,0.08995,0.09,0.0009733961166965902,0.017,0.018000000000000002,0.017200000000000003,0.017,0.00040000000000000034,0.366,0.37,0.3671,0.367,0.0010908712114635723,0.05,0.051000000000000004,0.05015000000000001,0.05,0.0003570714214271428,0.171,0.178,0.17320000000000002,0.17300000000000001,0.0018601075237738214,0.008,0.009000000000000001,0.008950000000000003,0.009000000000000001,0.00021794494717703385,32,32,4096,11008,32768,True,1440,1
0.034,0.043000000000000003,0.041476190476190486,0.042,0.0018418171053155926,0.017,0.018000000000000002,0.017200000000000003,0.017,0.00040000000000000034,0.211,0.218,0.21309999999999998,0.212,0.0019974984355438197,0.028,0.029,0.028100000000000003,0.028,0.0003000000000000003,0.08600000000000001,0.091,0.08864999999999999,0.089,0.001107925990308014,0.017,0.018000000000000002,0.017400000000000006,0.017,0.000489897948556636,0.365,0.37,0.36675,0.366,0.001728438601744362,0.049,0.05,0.04955000000000001,0.05,0.0004974937185533104,0.17,0.179,0.17495,0.1755,0.00305736814924208,0.008,0.009000000000000001,0.008850000000000002,0.009000000000000001,0.0003570714214271428,32,32,4096,11008,32768,True,1424,1
0.033,0.041,0.03966666666666668,0.04,0.0015532863266952469,0.017,0.017,0.017000000000000005,0.017,3.469446951953614e-18,0.195,0.211,0.20435000000000003,0.20400000000000001,0.003889408695418878,0.028,0.029,0.028200000000000003,0.028,0.00040000000000000034,0.067,0.069,0.06760000000000001,0.0675,0.0006633249580710806,0.018000000000000002,0.018000000000000002,0.018000000000000006,0.018000000000000002,3.469446951953614e-18,0.41400000000000003,0.421,0.41724999999999995,0.4175,0.0016393596310754826,0.049,0.049,0.04900000000000001,0.049,6.938893903907228e-18,0.19,0.197,0.1942,0.1945,0.0018330302779823377,0.008,0.009000000000000001,0.008500000000000002,0.0085,0.0005000000000000004,32,32,4096,11008,32768,True,1408,1
0.033,0.041,0.04009523809523811,0.04,0.0016591667990651757,0.017,0.017,0.017000000000000005,0.017,3.469446951953614e-18,0.199,0.203,0.2003,0.2,0.0009000000000000008,0.027,0.028,0.027750000000000004,0.028,0.00043301270189221973,0.067,0.069,0.06815000000000002,0.068,0.0004769696007084733,0.018000000000000002,0.019,0.018150000000000006,0.018000000000000002,0.0003570714214271416,0.363,0.366,0.36505,0.365,0.0008645808232895299,0.049,0.049,0.04900000000000001,0.049,6.938893903907228e-18,0.189,0.197,0.1937,0.194,0.0025317977802344345,0.008,0.009000000000000001,0.008250000000000002,0.008,0.0004330127018922198,32,32,4096,11008,32768,True,1392,1
0.033,0.04,0.03923809523809525,0.04,0.0014769583256448405,0.017,0.018000000000000002,0.017050000000000003,0.017,0.00021794494717703388,0.198,0.203,0.19970000000000002,0.2,0.0011874342087037925,0.027,0.028,0.02765,0.028,0.0004769696007084733,0.068,0.069,0.06855,0.069,0.0004974937185533104,0.018000000000000002,0.018000000000000002,0.018000000000000006,0.018000000000000002,3.469446951953614e-18,0.364,0.366,0.3650999999999999,0.365,0.0006244997998398403,0.048,0.049,0.04850000000000001,0.0485,0.0005000000000000004,0.193,0.201,0.19725,0.198,0.0019202864369671536,0.008,0.009000000000000001,0.008050000000000002,0.008,0.0002179449471770339,32,32,4096,11008,32768,True,1376,1
0.033,0.041,0.039238095238095246,0.039,0.0015400915836948788,0.017,0.018000000000000002,0.017100000000000004,0.017,0.0003000000000000003,0.198,0.203,0.19965,0.199,0.0013518505834595785,0.027,0.028,0.027250000000000003,0.027,0.00043301270189221973,0.067,0.07,0.0683,0.068,0.0008426149773176366,0.018000000000000002,0.018000000000000002,0.018000000000000006,0.018000000000000002,3.469446951953614e-18,0.363,0.367,0.36465000000000003,0.3645,0.001061838029079766,0.048,0.049,0.04835000000000001,0.048,0.0004769696007084732,0.193,0.20500000000000002,0.19765,0.198,0.003335790760824189,0.008,0.009000000000000001,0.008050000000000002,0.008,0.0002179449471770339,32,32,4096,11008,32768,True,1360,1
0.032,0.039,0.038000000000000006,0.038,0.001414213562373095,0.016,0.017,0.016950000000000003,0.017,0.00021794494717703385,0.195,0.203,0.19715,0.197,0.001651514456491376,0.027,0.027,0.027000000000000003,0.027,3.469446951953614e-18,0.066,0.069,0.0674,0.0675,0.0008000000000000007,0.018000000000000002,0.018000000000000002,0.018000000000000006,0.018000000000000002,3.469446951953614e-18,0.36,0.364,0.3617,0.362,0.0011445523142259606,0.047,0.048,0.04755000000000001,0.048,0.0004974937185533104,0.187,0.197,0.1905,0.19,0.002224859546128701,0.008,0.009000000000000001,0.008100000000000001,0.008,0.0003000000000000003,32,32,4096,11008,32768,True,1344,1
0.031,0.039,0.038190476190476205,0.039,0.001679542103671276,0.016,0.017,0.016850000000000004,0.017,0.00035707142142714284,0.196,0.201,0.19735000000000003,0.197,0.0015898113095584657,0.026000000000000002,0.028,0.02695000000000001,0.027,0.0004974937185533094,0.066,0.069,0.06755,0.068,0.0008046738469715548,0.017,0.018000000000000002,0.017750000000000005,0.018000000000000002,0.0004330127018922198,0.359,0.365,0.36110000000000003,0.361,0.0015779733838059513,0.047,0.047,0.04700000000000001,0.047,6.938893903907228e-18,0.194,0.20600000000000002,0.19924999999999998,0.1995,0.003462296925452816,0.008,0.008,0.008000000000000002,0.008,1.734723475976807e-18,32,32,4096,11008,32768,True,1328,1
0.031,0.039,0.0372857142857143,0.038,0.0015163507931514912,0.015,0.016,0.015600000000000003,0.016,0.0004898979485566361,0.196,0.2,0.19740000000000002,0.197,0.0009695359714832667,0.026000000000000002,0.027,0.026350000000000005,0.026000000000000002,0.00047696960070847157,0.067,0.069,0.06775,0.068,0.0006224949798994371,0.016,0.017,0.016250000000000004,0.016,0.00043301270189221973,0.36,0.364,0.36119999999999997,0.361,0.0009797958971132722,0.044,0.045,0.044250000000000005,0.044,0.0004330127018922198,0.194,0.203,0.19890000000000002,0.1985,0.0029137604568666956,0.008,0.008,0.008000000000000002,0.008,1.734723475976807e-18,32,32,4096,11008,32768,True,1312,1
0.031,0.038,0.03690476190476191,0.037,0.0013768411709334247,0.015,0.016,0.015350000000000003,0.015,0.0004769696007084732,0.195,0.199,0.19625000000000004,0.196,0.0009420721840708396,0.026000000000000002,0.027,0.026150000000000007,0.026000000000000002,0.0003570714214271416,0.066,0.068,0.06715,0.067,0.0005722761571129803,0.016,0.017,0.016250000000000004,0.016,0.00043301270189221973,0.359,0.363,0.36010000000000003,0.36,0.0010440306508910557,0.043000000000000003,0.044,0.0437,0.044,0.0004582575694955812,0.192,0.198,0.19555000000000003,0.196,0.0015644487847162028,0.008,0.008,0.008000000000000002,0.008,1.734723475976807e-18,32,32,4096,11008,32768,True,1296,1
0.03,0.038,0.03661904761904763,0.037,0.0015576597365520115,0.015,0.016,0.015150000000000002,0.015,0.0003570714214271428,0.17300000000000001,0.176,0.17444999999999997,0.17400000000000002,0.00066895440801298,0.026000000000000002,0.027,0.026050000000000007,0.026000000000000002,0.00021794494717703312,0.066,0.069,0.06745,0.067,0.0008046738469715548,0.015,0.016,0.0158,0.016,0.0004000000000000004,0.307,0.309,0.30779999999999996,0.308,0.0006782329983125274,0.043000000000000003,0.044,0.04390000000000001,0.044,0.0002999999999999982,0.155,0.159,0.15675000000000003,0.157,0.0009937303457175904,0.008,0.008,0.008000000000000002,0.008,1.734723475976807e-18,32,32,4096,11008,32768,True,1280,1
0.03,0.037,0.036285714285714296,0.037,0.0014846149779161799,0.015,0.016,0.015200000000000002,0.015,0.00040000000000000034,0.17400000000000002,0.176,0.17459999999999998,0.17500000000000002,0.0005830951894845273,0.026000000000000002,0.027,0.026050000000000007,0.026000000000000002,0.00021794494717703312,0.066,0.068,0.06695,0.067,0.0004974937185533105,0.016,0.016,0.016000000000000004,0.016,3.469446951953614e-18,0.307,0.309,0.3078,0.308,0.0006000000000000005,0.043000000000000003,0.044,0.04340000000000001,0.043000000000000003,0.0004898979485566326,0.155,0.159,0.1567,0.156,0.0011874342087037928,0.008,0.008,0.008000000000000002,0.008,1.734723475976807e-18,32,32,4096,11008,32768,True,1264,1
0.029,0.036000000000000004,0.0351904761904762,0.035,0.0014677176197545189,0.015,0.015,0.015000000000000003,0.015,3.469446951953614e-18,0.17300000000000001,0.176,0.17345,0.17300000000000001,0.0007399324293474329,0.025,0.026000000000000002,0.025700000000000008,0.026000000000000002,0.0004582575694955844,0.065,0.067,0.06645,0.0665,0.0005894913061275802,0.015,0.016,0.015300000000000003,0.015,0.0004582575694955843,0.312,0.314,0.31284999999999996,0.313,0.0007262919523166983,0.042,0.044,0.04290000000000001,0.043000000000000003,0.00043588989435406684,0.154,0.156,0.15549999999999994,0.156,0.0005916079783099621,0.008,0.009000000000000001,0.008050000000000002,0.008,0.0002179449471770339,32,32,4096,11008,32768,True,1248,1
0.029,0.036000000000000004,0.03500000000000001,0.035,0.0014142135623730957,0.015,0.016,0.015050000000000003,0.015,0.00021794494717703385,0.17200000000000001,0.176,0.17320000000000002,0.17300000000000001,0.0007483314773547838,0.025,0.026000000000000002,0.025250000000000005,0.025,0.00043301270189221973,0.066,0.067,0.06635,0.066,0.00047696960070847314,0.015,0.016,0.015350000000000003,0.015,0.00047696960070847314,0.311,0.313,0.31170000000000003,0.312,0.0006403124237432854,0.042,0.044,0.043000000000000003,0.043000000000000003,0.0003162277660168371,0.154,0.158,0.15589999999999998,0.156,0.000994987437106621,0.008,0.008,0.008000000000000002,0.008,1.734723475976807e-18,32,32,4096,11008,32768,True,1232,1
0.028,0.035,0.034047619047619056,0.034,0.0014301578493029728,0.015,0.015,0.015000000000000003,0.015,3.469446951953614e-18,0.17200000000000001,0.17500000000000002,0.17345000000000002,0.17300000000000001,0.0006689544080129831,0.025,0.026000000000000002,0.025150000000000006,0.025,0.00035707142142714284,0.066,0.067,0.06645000000000001,0.066,0.0004974937185533104,0.015,0.016,0.015050000000000003,0.015,0.00021794494717703385,0.311,0.313,0.3117,0.312,0.0007141428428542856,0.042,0.043000000000000003,0.04280000000000001,0.043000000000000003,0.0004000000000000003,0.155,0.158,0.15650000000000003,0.1565,0.0008062257748298556,0.008,0.008,0.008000000000000002,0.008,1.734723475976807e-18,32,32,4096,11008,32768,True,1216,1
0.028,0.035,0.03380952380952382,0.034,0.001331631567058054,0.015,0.015,0.015000000000000003,0.015,3.469446951953614e-18,0.17200000000000001,0.176,0.17325000000000002,0.17300000000000001,0.0008291561975888462,0.024,0.025,0.024950000000000007,0.025,0.00021794494717703385,0.066,0.067,0.06620000000000001,0.066,0.0004000000000000003,0.015,0.015,0.015000000000000003,0.015,3.469446951953614e-18,0.31,0.313,0.31079999999999997,0.311,0.0009273618495495711,0.041,0.042,0.04185000000000001,0.042,0.0003570714214271428,0.156,0.159,0.15715,0.157,0.0007921489758877437,0.008,0.008,0.008000000000000002,0.008,1.734723475976807e-18,32,32,4096,11008,32768,True,1200,1
0.028,0.035,0.03323809523809525,0.033,0.001305838971504961,0.014,0.015,0.014650000000000002,0.015,0.0004769696007084724,0.171,0.176,0.17304999999999998,0.17300000000000001,0.0010234744745229328,0.024,0.025,0.024650000000000005,0.025,0.0004769696007084733,0.065,0.068,0.0665,0.066,0.0007416198487095669,0.015,0.015,0.015000000000000003,0.015,3.469446951953614e-18,0.309,0.312,0.31105000000000005,0.311,0.0008046738469715548,0.041,0.042,0.04155000000000001,0.042,0.0004974937185533104,0.156,0.162,0.15735000000000002,0.157,0.0017965244223221697,0.008,0.008,0.008000000000000002,0.008,1.734723475976807e-18,32,32,4096,11008,32768,True,1184,1
0.028,0.034,0.03300000000000001,0.033,0.001195228609334394,0.014,0.015,0.014500000000000002,0.014499999999999999,0.0004999999999999996,0.171,0.17400000000000002,0.1723,0.17200000000000001,0.0008426149773176366,0.024,0.025,0.024400000000000005,0.024,0.000489897948556636,0.065,0.067,0.0654,0.065,0.0006633249580710806,0.014,0.015,0.014950000000000001,0.015,0.00021794494717703347,0.308,0.312,0.3091999999999999,0.309,0.001166190378969061,0.04,0.042,0.04105000000000001,0.041,0.0003840572873934307,0.154,0.16,0.15629999999999997,0.156,0.001819340539866027,0.008,0.008,0.008000000000000002,0.008,1.734723475976807e-18,32,32,4096,11008,32768,True,1168,1
0.027,0.033,0.03252380952380953,0.033,0.0012953781436890906,0.014,0.015,0.014250000000000002,0.014,0.00043301270189221897,0.171,0.17500000000000002,0.1717,0.17200000000000001,0.0009000000000000007,0.024,0.025,0.024050000000000005,0.024,0.00021794494717703388,0.065,0.067,0.06595000000000001,0.066,0.0007399324293474377,0.014,0.015,0.014800000000000002,0.015,0.0003999999999999997,0.289,0.303,0.29599999999999993,0.2955,0.004312771730569568,0.04,0.042,0.04100000000000001,0.041,0.00044721359549995833,0.155,0.157,0.1561,0.156,0.0007000000000000006,0.008,0.008,0.008000000000000002,0.008,1.734723475976807e-18,32,32,4096,11008,32768,True,1152,1
0.027,0.033,0.03176190476190477,0.032,0.0011086139739831255,0.014,0.015,0.014150000000000001,0.014,0.00035707142142714214,0.171,0.17500000000000002,0.17175,0.17200000000000001,0.0008874119674649433,0.023,0.025,0.024000000000000004,0.024,0.0003162277660168382,0.065,0.067,0.06545000000000001,0.065,0.0005894913061275802,0.014,0.015,0.014700000000000001,0.015,0.00045825756949558367,0.307,0.31,0.30795,0.308,0.0008645808232895299,0.04,0.041,0.04035000000000001,0.04,0.0004769696007084732,0.155,0.158,0.1561,0.156,0.0007000000000000008,0.007,0.008,0.007850000000000001,0.008,0.0003570714214271425,32,32,4096,11008,32768,True,1136,1
0.027,0.033,0.03171428571428572,0.032,0.0011187942975686414,0.014,0.014,0.014000000000000002,0.014,1.734723475976807e-18,0.17200000000000001,0.17500000000000002,0.17230000000000006,0.17200000000000001,0.0007141428428542856,0.023,0.024,0.023650000000000004,0.024,0.0004769696007084733,0.065,0.067,0.0663,0.066,0.0006403124237432856,0.014,0.015,0.014850000000000002,0.015,0.0003570714214271422,0.308,0.311,0.30900000000000005,0.309,0.0007745966692414841,0.04,0.041,0.040150000000000005,0.04,0.00035707142142714284,0.156,0.159,0.1575,0.1575,0.0006708203932499375,0.007,0.008,0.007650000000000001,0.008,0.00047696960070847287,32,32,4096,11008,32768,True,1120,1
0.026000000000000002,0.032,0.031000000000000007,0.031,0.0011952286093343933,0.014,0.014,0.014000000000000002,0.014,1.734723475976807e-18,0.17,0.17200000000000001,0.1707,0.171,0.0005567764362830027,0.023,0.024,0.023300000000000005,0.023,0.0004582575694955844,0.065,0.066,0.06520000000000001,0.065,0.0004000000000000003,0.014,0.015,0.014450000000000001,0.014,0.0004974937185533096,0.305,0.308,0.3064,0.306,0.0008602325267042634,0.04,0.04,0.04000000000000001,0.04,6.938893903907228e-18,0.154,0.157,0.15545,0.155,0.0006689544080129831,0.007,0.008,0.007350000000000001,0.007,0.0004769696007084729,32,32,4096,11008,32768,True,1104,1
0.026000000000000002,0.032,0.030761904761904768,0.031,0.0011507662831994826,0.014,0.014,0.014000000000000002,0.014,1.734723475976807e-18,0.17,0.17300000000000001,0.17099999999999999,0.171,0.0006324555320336764,0.023,0.024,0.023100000000000002,0.023,0.00030000000000000024,0.065,0.066,0.0655,0.0655,0.0005000000000000004,0.014,0.015,0.014250000000000002,0.014,0.00043301270189221897,0.306,0.308,0.30700000000000005,0.307,0.0007071067811865481,0.039,0.041,0.03960000000000001,0.04,0.0005830951894845307,0.155,0.158,0.1567,0.157,0.0006403124237432853,0.007,0.008,0.007150000000000001,0.007,0.0003570714214271425,32,32,4096,11008,32768,True,1088,1
0.025,0.031,0.030000000000000006,0.03,0.0011952286093343933,0.014,0.014,0.014000000000000002,0.014,1.734723475976807e-18,0.169,0.17200000000000001,0.17015,0.17,0.0005722761571129804,0.022,0.023,0.022900000000000004,0.023,0.0003000000000000003,0.064,0.066,0.06489999999999999,0.065,0.0007000000000000006,0.014,0.014,0.014000000000000002,0.014,1.734723475976807e-18,0.304,0.306,0.3049,0.305,0.0007000000000000008,0.039,0.04,0.039150000000000004,0.039,0.00035707142142714284,0.155,0.158,0.1559,0.156,0.0007000000000000006,0.007,0.007,0.007000000000000001,0.007,8.673617379884035e-19,32,32,4096,11008,32768,True,1072,1
0.025,0.031,0.029857142857142863,0.03,0.0011248582677159725,0.012,0.013000000000000001,0.012950000000000003,0.013000000000000001,0.00021794494717703385,0.17,0.17300000000000001,0.1704,0.17,0.0007348469228349541,0.02,0.021,0.020950000000000003,0.021,0.00021794494717703385,0.064,0.066,0.06534999999999999,0.065,0.0005722761571129803,0.013000000000000001,0.013000000000000001,0.013000000000000003,0.013000000000000001,1.734723475976807e-18,0.304,0.307,0.3059,0.306,0.0007000000000000008,0.035,0.037,0.03575000000000001,0.036000000000000004,0.00053619026473818,0.155,0.159,0.15714999999999998,0.157,0.0010136567466356656,0.007,0.007,0.007000000000000001,0.007,8.673617379884035e-19,32,32,4096,11008,32768,True,1056,1
0.025,0.03,0.02933333333333334,0.03,0.0010837911120705748,0.012,0.013000000000000001,0.012800000000000002,0.013000000000000001,0.00040000000000000034,0.169,0.17200000000000001,0.17034999999999997,0.17,0.0007921489758877437,0.02,0.021,0.020300000000000006,0.02,0.0004582575694955844,0.064,0.066,0.06510000000000002,0.065,0.0005385164807134509,0.013000000000000001,0.013000000000000001,0.013000000000000003,0.013000000000000001,1.734723475976807e-18,0.303,0.307,0.3045999999999999,0.305,0.0010198039027185578,0.035,0.036000000000000004,0.03505000000000001,0.035,0.00021794494717703385,0.155,0.16,0.1574,0.157,0.0014282856857085714,0.007,0.007,0.007000000000000001,0.007,8.673617379884035e-19,32,32,4096,11008,32768,True,1040,1
0.025,0.031,0.02971428571428572,0.03,0.0011187942975686403,0.012,0.013000000000000001,0.012900000000000003,0.013000000000000001,0.00030000000000000024,0.148,0.152,0.14935,0.149,0.0007921489758877436,0.02,0.021,0.020800000000000006,0.021,0.0004000000000000003,0.048,0.048,0.04800000000000001,0.048,6.938893903907228e-18,0.013000000000000001,0.014,0.013100000000000004,0.013000000000000001,0.00029999999999999976,0.25,0.254,0.25155,0.251,0.0008645808232895299,0.035,0.036000000000000004,0.03595000000000001,0.036000000000000004,0.00021794494717703385,0.106,0.109,0.10665,0.107,0.0007262919523166982,0.006,0.006,0.006000000000000001,0.006,8.673617379884035e-19,32,32,4096,11008,32768,True,1024,1
0.024,0.03,0.02890476190476191,0.029,0.0011507662831994829,0.012,0.013000000000000001,0.012900000000000003,0.013000000000000001,0.00030000000000000024,0.148,0.152,0.149,0.149,0.0007745966692414841,0.02,0.021,0.020400000000000005,0.02,0.000489897948556636,0.048,0.048,0.04800000000000001,0.048,6.938893903907228e-18,0.013000000000000001,0.013000000000000001,0.013000000000000003,0.013000000000000001,1.734723475976807e-18,0.25,0.252,0.2508500000000001,0.251,0.0005722761571129803,0.035,0.036000000000000004,0.03560000000000001,0.036000000000000004,0.0004898979485566361,0.105,0.107,0.10574999999999998,0.106,0.0006224949798994372,0.006,0.006,0.006000000000000001,0.006,8.673617379884035e-19,32,32,4096,11008,32768,True,1016,1
0.024,0.03,0.02866666666666667,0.029,0.0011268723396380223,0.012,0.013000000000000001,0.012850000000000004,0.013000000000000001,0.00035707142142714284,0.148,0.152,0.14924999999999997,0.149,0.0008291561975888507,0.02,0.021,0.020450000000000003,0.02,0.0004974937185533104,0.048,0.048,0.04800000000000001,0.048,6.938893903907228e-18,0.013000000000000001,0.014,0.013200000000000003,0.013000000000000001,0.00039999999999999964,0.25,0.252,0.2508500000000001,0.251,0.0006538348415311016,0.035,0.036000000000000004,0.03555000000000001,0.036000000000000004,0.0004974937185533104,0.106,0.107,0.10634999999999999,0.106,0.0004769696007084732,0.006,0.006,0.006000000000000001,0.006,8.673617379884035e-19,32,32,4096,11008,32768,True,1008,1
0.024,0.03,0.028809523809523813,0.029,0.0011799534946060823,0.012,0.013000000000000001,0.012750000000000003,0.013000000000000001,0.0004330127018922198,0.148,0.151,0.1486,0.1485,0.0007348469228349541,0.02,0.021,0.020300000000000006,0.02,0.0004582575694955844,0.048,0.048,0.04800000000000001,0.048,6.938893903907228e-18,0.013000000000000001,0.014,0.013050000000000003,0.013000000000000001,0.00021794494717703353,0.248,0.252,0.25040000000000007,0.25,0.0008602325267042635,0.035,0.036000000000000004,0.03520000000000001,0.035,0.0004000000000000003,0.105,0.107,0.10565,0.106,0.0005722761571129803,0.006,0.006,0.006000000000000001,0.006,8.673617379884035e-19,32,32,4096,11008,32768,True,1000,1
0.024,0.029,0.028761904761904773,0.029,0.0010647942749999002,0.012,0.013000000000000001,0.012700000000000003,0.013000000000000001,0.0004582575694955844,0.148,0.152,0.1492,0.149,0.0007483314773547891,0.02,0.021,0.020150000000000005,0.02,0.00035707142142714284,0.048,0.048,0.04800000000000001,0.048,6.938893903907228e-18,0.013000000000000001,0.014,0.013050000000000003,0.013000000000000001,0.00021794494717703353,0.249,0.252,0.25070000000000003,0.251,0.0009539392014169466,0.035,0.036000000000000004,0.035100000000000006,0.035,0.00030000000000000024,0.106,0.107,0.10655,0.107,0.0004974937185533104,0.006,0.006,0.006000000000000001,0.006,8.673617379884035e-19,32,32,4096,11008,32768,True,992,1
0.024,0.029,0.027904761904761915,0.028,0.0009209085526577962,0.012,0.013000000000000001,0.012650000000000003,0.013000000000000001,0.00047696960070847325,0.147,0.151,0.14830000000000002,0.148,0.0007810249675906661,0.02,0.021,0.020050000000000005,0.02,0.00021794494717703388,0.048,0.048,0.04800000000000001,0.048,6.938893903907228e-18,0.013000000000000001,0.013000000000000001,0.013000000000000003,0.013000000000000001,1.734723475976807e-18,0.248,0.251,0.24994999999999998,0.25,0.0006689544080129832,0.035,0.036000000000000004,0.035100000000000006,0.035,0.00030000000000000024,0.105,0.106,0.10569999999999999,0.106,0.0004582575694955844,0.006,0.006,0.006000000000000001,0.006,8.673617379884035e-19,32,32,4096,11008,32768,True,984,1
0.023,0.029,0.027761904761904772,0.028,0.0011086139739831258,0.012,0.013000000000000001,0.012600000000000004,0.013000000000000001,0.0004898979485566361,0.148,0.151,0.14884999999999998,0.149,0.0007921489758877437,0.02,0.021,0.020050000000000005,0.02,0.00021794494717703388,0.048,0.048,0.04800000000000001,0.048,6.938893903907228e-18,0.013000000000000001,0.013000000000000001,0.013000000000000003,0.013000000000000001,1.734723475976807e-18,0.25,0.252,0.25065000000000004,0.251,0.0005722761571129803,0.034,0.035,0.03495000000000001,0.035,0.00021794494717703385,0.106,0.108,0.10645,0.106,0.0005894913061275804,0.006,0.006,0.006000000000000001,0.006,8.673617379884035e-19,32,32,4096,11008,32768,True,976,1
0.023,0.029,0.02780952380952382,0.028,0.0010962728031639374,0.012,0.013000000000000001,0.012400000000000003,0.012,0.000489897948556636,0.147,0.15,0.14805000000000001,0.148,0.0005894913061275802,0.019,0.02,0.019900000000000004,0.02,0.0003000000000000003,0.047,0.048,0.04780000000000001,0.048,0.00040000000000000034,0.013000000000000001,0.013000000000000001,0.013000000000000003,0.013000000000000001,1.734723475976807e-18,0.248,0.259,0.2513,0.25,0.003179622619116932,0.034,0.035,0.03465000000000001,0.035,0.0004769696007084733,0.105,0.117,0.10770000000000002,0.1065,0.0030675723300355963,0.006,0.006,0.006000000000000001,0.006,8.673617379884035e-19,32,32,4096,11008,32768,True,968,1
0.023,0.029,0.02780952380952382,0.028,0.001138881975533467,0.012,0.013000000000000001,0.012250000000000002,0.012,0.0004330127018922198,0.147,0.151,0.14814999999999998,0.148,0.0007921489758877437,0.019,0.02,0.019750000000000004,0.02,0.0004330127018922197,0.047,0.048,0.04730000000000001,0.047,0.0004582575694955844,0.013000000000000001,0.013000000000000001,0.013000000000000003,0.013000000000000001,1.734723475976807e-18,0.25,0.265,0.2539,0.252,0.004357751713900188,0.034,0.035,0.034350000000000006,0.034,0.00047696960070847314,0.106,0.112,0.10695000000000002,0.107,0.0013592277219068199,0.006,0.006,0.006000000000000001,0.006,8.673617379884035e-19,32,32,4096,11008,32768,True,960,1
0.023,0.028,0.027047619047619056,0.027,0.0009988655696858589,0.012,0.012,0.012000000000000002,0.012,1.734723475976807e-18,0.146,0.15,0.14755000000000001,0.1475,0.0008046738469715547,0.019,0.02,0.019600000000000003,0.02,0.0004898979485566361,0.047,0.048,0.04710000000000001,0.047,0.0003000000000000003,0.013000000000000001,0.013000000000000001,0.013000000000000003,0.013000000000000001,1.734723475976807e-18,0.249,0.267,0.25294999999999995,0.2505,0.00549977272257682,0.034,0.035,0.03405000000000001,0.034,0.00021794494717703385,0.105,0.11800000000000001,0.11245000000000001,0.114,0.00399343210784909,0.006,0.006,0.006000000000000001,0.006,8.673617379884035e-19,32,32,4096,11008,32768,True,952,1
0.022,0.028,0.026809523809523818,0.027,0.0011388819755334667,0.012,0.012,0.012000000000000002,0.012,1.734723475976807e-18,0.147,0.149,0.14719999999999994,0.147,0.000509901951359279,0.019,0.02,0.019250000000000003,0.019,0.00043301270189221973,0.047,0.048,0.04705000000000001,0.047,0.00021794494717703385,0.013000000000000001,0.013000000000000001,0.013000000000000003,0.013000000000000001,1.734723475976807e-18,0.248,0.271,0.2534,0.2505,0.006545227268781434,0.034,0.035,0.03405000000000001,0.034,0.00021794494717703385,0.105,0.113,0.1075,0.106,0.0025000000000000022,0.006,0.006,0.006000000000000001,0.006,8.673617379884035e-19,32,32,4096,11008,32768,True,944,1
0.022,0.028,0.026666666666666675,0.027,0.0011268723396380223,0.012,0.012,0.012000000000000002,0.012,1.734723475976807e-18,0.146,0.148,0.14689999999999995,0.147,0.0004358898943540677,0.019,0.02,0.019250000000000003,0.019,0.00043301270189221973,0.047,0.049,0.04725000000000001,0.047,0.0005361902647381809,0.012,0.013000000000000001,0.012900000000000003,0.013000000000000001,0.00030000000000000024,0.251,0.275,0.26185,0.26,0.0072544813736062546,0.033,0.035,0.033850000000000005,0.034,0.0004769696007084733,0.117,0.122,0.11979999999999999,0.1195,0.0015684387141358075,0.006,0.006,0.006000000000000001,0.006,8.673617379884035e-19,32,32,4096,11008,32768,True,936,1
0.023,0.028,0.02695238095238096,0.027,0.0009499970163457148,0.012,0.012,0.012000000000000002,0.012,1.734723475976807e-18,0.147,0.151,0.14810000000000004,0.148,0.0007000000000000004,0.019,0.02,0.019100000000000002,0.019,0.00030000000000000024,0.047,0.047,0.04700000000000001,0.047,6.938893903907228e-18,0.012,0.013000000000000001,0.012950000000000003,0.013000000000000001,0.00021794494717703385,0.253,0.28400000000000003,0.26915000000000006,0.269,0.009018176090540711,0.033,0.034,0.03345000000000001,0.033,0.0004974937185533104,0.111,0.116,0.11415000000000002,0.115,0.0015898113095584659,0.006,0.006,0.006000000000000001,0.006,8.673617379884035e-19,32,32,4096,11008,32768,True,928,1
0.022,0.027,0.026095238095238102,0.026000000000000002,0.0010190921218586997,0.012,0.012,0.012000000000000002,0.012,1.734723475976807e-18,0.146,0.149,0.14704999999999996,0.147,0.0005894913061275804,0.018000000000000002,0.02,0.019000000000000006,0.019,0.00031622776601683767,0.047,0.047,0.04700000000000001,0.047,6.938893903907228e-18,0.012,0.013000000000000001,0.012100000000000003,0.012,0.00030000000000000024,0.252,0.28500000000000003,0.2723,0.273,0.009083501527494788,0.033,0.034,0.03345000000000001,0.033,0.0004974937185533104,0.106,0.109,0.10730000000000002,0.107,0.0007810249675906661,0.005,0.006,0.005900000000000001,0.006,0.00030000000000000003,32,32,4096,11008,32768,True,920,1
0.022,0.027,0.025857142857142863,0.026000000000000002,0.0008883218145798878,0.012,0.012,0.012000000000000002,0.012,1.734723475976807e-18,0.152,0.155,0.15250000000000002,0.152,0.0008062257748298557,0.017,0.018000000000000002,0.017850000000000005,0.018000000000000002,0.00035707142142714284,0.047,0.047,0.04700000000000001,0.047,6.938893903907228e-18,0.012,0.013000000000000001,0.012150000000000003,0.012,0.0003570714214271428,0.256,0.259,0.25715,0.257,0.0009096702699330135,0.032,0.033,0.032200000000000006,0.032,0.0004000000000000003,0.117,0.122,0.12049999999999998,0.121,0.0013964240043768908,0.005,0.006,0.005900000000000001,0.006,0.00030000000000000003,32,32,4096,11008,32768,True,912,1
0.022,0.027,0.025666666666666674,0.026000000000000002,0.000942809041582064,0.012,0.012,0.012000000000000002,0.012,1.734723475976807e-18,0.17400000000000002,0.177,0.17509999999999998,0.17500000000000002,0.0010908712114635615,0.016,0.017,0.016500000000000004,0.0165,0.0005000000000000004,0.047,0.048,0.04705000000000001,0.047,0.00021794494717703385,0.012,0.013000000000000001,0.012100000000000003,0.012,0.00030000000000000024,0.254,0.259,0.2557499999999999,0.2555,0.0011779218989389755,0.032,0.033,0.03205000000000001,0.032,0.00021794494717703385,0.115,0.123,0.11959999999999997,0.11900000000000001,0.0021540659228537974,0.005,0.006,0.0056500000000000005,0.006,0.0004769696007084729,32,32,4096,11008,32768,True,904,1
0.022,0.027,0.02576190476190477,0.026000000000000002,0.0009209085526577966,0.012,0.012,0.012000000000000002,0.012,1.734723475976807e-18,0.145,0.148,0.14569999999999997,0.146,0.0007141428428542856,0.018000000000000002,0.02,0.018650000000000007,0.019,0.0005722761571129788,0.047,0.047,0.04700000000000001,0.047,6.938893903907228e-18,0.012,0.013000000000000001,0.012150000000000003,0.012,0.0003570714214271428,0.248,0.253,0.25015000000000004,0.25,0.0013143439428094927,0.032,0.032,0.03200000000000001,0.032,6.938893903907228e-18,0.107,0.115,0.11290000000000003,0.1135,0.00172916164657906,0.005,0.006,0.005750000000000001,0.006,0.00043301270189221935,32,32,4096,11008,32768,True,896,1
0.021,0.026000000000000002,0.025523809523809532,0.026000000000000002,0.0010962728031639372,0.012,0.012,0.012000000000000002,0.012,1.734723475976807e-18,0.14400000000000002,0.147,0.1451,0.145,0.0006244997998398355,0.018000000000000002,0.019,0.018450000000000005,0.018000000000000002,0.0004974937185533087,0.047,0.047,0.04700000000000001,0.047,6.938893903907228e-18,0.012,0.013000000000000001,0.012050000000000002,0.012,0.0002179449471770339,0.246,0.25,0.24710000000000001,0.247,0.000994987437106621,0.032,0.034,0.03280000000000001,0.033,0.0005099019513592789,0.111,0.12,0.11425,0.113,0.0026433879775772614,0.005,0.005,0.005000000000000001,0.005,8.673617379884035e-19,32,32,4096,11008,32768,True,888,1
0.021,0.026000000000000002,0.024904761904761912,0.025,0.0009209085526577962,0.012,0.012,0.012000000000000002,0.012,1.734723475976807e-18,0.14400000000000002,0.149,0.1456,0.145,0.0010198039027185556,0.018000000000000002,0.019,0.018150000000000006,0.018000000000000002,0.0003570714214271416,0.047,0.047,0.04700000000000001,0.047,6.938893903907228e-18,0.012,0.012,0.012000000000000002,0.012,1.734723475976807e-18,0.247,0.252,0.24815,0.248,0.0010136567466356653,0.032,0.033,0.032400000000000005,0.032,0.000489897948556636,0.106,0.114,0.11145000000000001,0.1125,0.0024994999499899995,0.005,0.005,0.005000000000000001,0.005,8.673617379884035e-19,32,32,4096,11008,32768,True,880,1
0.021,0.026000000000000002,0.02476190476190477,0.025,0.0009209085526577961,0.012,0.012,0.012000000000000002,0.012,1.734723475976807e-18,0.14400000000000002,0.148,0.14505,0.145,0.0008046738469715493,0.018000000000000002,0.019,0.018100000000000005,0.018000000000000002,0.0002999999999999992,0.047,0.047,0.04700000000000001,0.047,6.938893903907228e-18,0.012,0.013000000000000001,0.012100000000000003,0.012,0.00030000000000000024,0.246,0.251,0.2474,0.247,0.001019803902718558,0.032,0.033,0.032200000000000006,0.032,0.0004000000000000003,0.108,0.11900000000000001,0.11275000000000002,0.112,0.003344772040064916,0.005,0.005,0.005000000000000001,0.005,8.673617379884035e-19,32,32,4096,11008,32768,True,872,1
0.021,0.026000000000000002,0.02476190476190477,0.025,0.0009209085526577961,0.011,0.012,0.011700000000000002,0.012,0.0004582575694955844,0.14400000000000002,0.148,0.14455,0.14400000000000002,0.0009205976319760894,0.017,0.019,0.018000000000000006,0.018000000000000002,0.00031622776601683767,0.047,0.047,0.04700000000000001,0.047,6.938893903907228e-18,0.012,0.012,0.012000000000000002,0.012,1.734723475976807e-18,0.246,0.248,0.24655000000000005,0.246,0.0006689544080129832,0.032,0.033,0.03205000000000001,0.032,0.00021794494717703385,0.108,0.113,0.11015000000000001,0.1105,0.0016815171720800251,0.005,0.005,0.005000000000000001,0.005,8.673617379884035e-19,32,32,4096,11008,32768,True,864,1
0.02,0.025,0.024190476190476196,0.024,0.001051939144494025,0.011,0.012,0.011600000000000003,0.012,0.0004898979485566361,0.14300000000000002,0.147,0.1439,0.14400000000000002,0.0008306623862918031,0.018000000000000002,0.018000000000000002,0.018000000000000006,0.018000000000000002,3.469446951953614e-18,0.046,0.048,0.04630000000000001,0.046,0.0005567764362830027,0.012,0.012,0.012000000000000002,0.012,1.734723475976807e-18,0.244,0.247,0.2452,0.245,0.0006782329983125274,0.032,0.032,0.03200000000000001,0.032,6.938893903907228e-18,0.105,0.123,0.1133,0.113,0.005311308689955801,0.005,0.005,0.005000000000000001,0.005,8.673617379884035e-19,32,32,4096,11008,32768,True,856,1
0.02,0.025,0.02385714285714286,0.024,0.0008883218145798872,0.011,0.012,0.011350000000000002,0.011,0.00047696960070847314,0.14300000000000002,0.146,0.1436,0.14350000000000002,0.0007348469228349496,0.017,0.019,0.018050000000000004,0.018000000000000002,0.0003840572873934299,0.046,0.046,0.046000000000000006,0.046,6.938893903907228e-18,0.012,0.012,0.012000000000000002,0.012,1.734723475976807e-18,0.244,0.247,0.24515000000000006,0.245,0.0007262919523166983,0.032,0.032,0.03200000000000001,0.032,6.938893903907228e-18,0.111,0.115,0.1127,0.112,0.00100498756211209,0.005,0.005,0.005000000000000001,0.005,8.673617379884035e-19,32,32,4096,11008,32768,True,848,1
0.02,0.024,0.023809523809523815,0.024,0.0008518354199999199,0.011,0.012,0.011500000000000002,0.0115,0.0005000000000000004,0.14300000000000002,0.146,0.14375000000000004,0.14400000000000002,0.0006982120021884431,0.017,0.018000000000000002,0.017650000000000006,0.018000000000000002,0.0004769696007084733,0.046,0.047,0.04615000000000001,0.046,0.00035707142142714273,0.012,0.012,0.012000000000000002,0.012,1.734723475976807e-18,0.244,0.246,0.24480000000000005,0.245,0.0007483314773547889,0.032,0.033,0.03205000000000001,0.032,0.00021794494717703385,0.113,0.127,0.11675000000000002,0.116,0.0027726341266023544,0.005,0.005,0.005000000000000001,0.005,8.673617379884035e-19,32,32,4096,11008,32768,True,840,1
0.02,0.024,0.023809523809523815,0.024,0.0008518354199999199,0.011,0.012,0.011350000000000002,0.011,0.00047696960070847314,0.14400000000000002,0.148,0.14515,0.145,0.000909670269933008,0.017,0.018000000000000002,0.017750000000000005,0.018000000000000002,0.00043301270189221973,0.046,0.047,0.04610000000000001,0.046,0.0003000000000000003,0.012,0.012,0.012000000000000002,0.012,1.734723475976807e-18,0.265,0.274,0.269,0.27,0.002121320343559644,0.03,0.031,0.030500000000000006,0.0305,0.0005000000000000006,0.107,0.111,0.10894999999999999,0.109,0.0012439855304624738,0.005,0.005,0.005000000000000001,0.005,8.673617379884035e-19,32,32,4096,11008,32768,True,832,1
0.02,0.024,0.02376190476190477,0.024,0.0008676603408708857,0.011,0.012,0.011200000000000002,0.011,0.00040000000000000034,0.14300000000000002,0.147,0.1446,0.145,0.0008602325267042525,0.017,0.018000000000000002,0.017400000000000006,0.017,0.0004898979485566361,0.046,0.047,0.04610000000000001,0.046,0.0003000000000000003,0.012,0.012,0.012000000000000002,0.012,1.734723475976807e-18,0.245,0.247,0.24600000000000008,0.246,0.0006324555320336764,0.031,0.032,0.03135,0.031,0.00047696960070847314,0.116,0.124,0.11945000000000001,0.11800000000000001,0.0030736785778607335,0.005,0.005,0.005000000000000001,0.005,8.673617379884035e-19,32,32,4096,11008,32768,True,824,1
0.02,0.024,0.023190476190476195,0.023,0.00085183541999992,0.011,0.012,0.01105,0.011,0.0002179449471770339,0.145,0.147,0.1452,0.145,0.0005099019513592789,0.017,0.018000000000000002,0.017350000000000004,0.017,0.00047696960070847314,0.047,0.051000000000000004,0.04890000000000001,0.049,0.001044030650891056,0.012,0.012,0.012000000000000002,0.012,1.734723475976807e-18,0.246,0.248,0.24710000000000001,0.247,0.00043588989435406776,0.031,0.032,0.031200000000000006,0.031,0.0004000000000000003,0.12,0.123,0.12200000000000003,0.122,0.0009486832980505147,0.004,0.005,0.004950000000000001,0.005,0.00021794494717703366,32,32,4096,11008,32768,True,816,1
0.019,0.024,0.022952380952380957,0.023,0.0009499970163457146,0.011,0.012,0.011100000000000002,0.011,0.00030000000000000024,0.14300000000000002,0.147,0.14445000000000002,0.14400000000000002,0.0008046738469715437,0.017,0.018000000000000002,0.017050000000000003,0.017,0.00021794494717703388,0.046,0.046,0.046000000000000006,0.046,6.938893903907228e-18,0.012,0.012,0.012000000000000002,0.012,1.734723475976807e-18,0.245,0.247,0.24625000000000002,0.246,0.0006982120021884477,0.031,0.031,0.031000000000000007,0.031,6.938893903907228e-18,0.11800000000000001,0.124,0.12025000000000004,0.1195,0.0017284386017443563,0.005,0.005,0.005000000000000001,0.005,8.673617379884035e-19,32,32,4096,11008,32768,True,808,1
0.019,0.024,0.022952380952380957,0.023,0.0009499970163457146,0.011,0.011,0.011000000000000001,0.011,1.734723475976807e-18,0.14400000000000002,0.148,0.1451,0.145,0.0007681145747868575,0.017,0.018000000000000002,0.017050000000000003,0.017,0.00021794494717703388,0.05,0.052000000000000005,0.05110000000000001,0.051000000000000004,0.0005385164807134509,0.012,0.012,0.012000000000000002,0.012,1.734723475976807e-18,0.246,0.248,0.24699999999999997,0.247,0.00044721359549995833,0.03,0.031,0.030550000000000004,0.031,0.0004974937185533105,0.122,0.125,0.12265000000000001,0.123,0.0007262919523166982,0.005,0.005,0.005000000000000001,0.005,8.673617379884035e-19,32,32,4096,11008,32768,True,800,1
0.019,0.024,0.02285714285714286,0.023,0.0008883218145798872,0.01,0.01,0.010000000000000002,0.01,1.734723475976807e-18,0.14300000000000002,0.147,0.14420000000000005,0.14400000000000002,0.0007483314773547808,0.017,0.018000000000000002,0.017100000000000004,0.017,0.00030000000000000024,0.046,0.046,0.046000000000000006,0.046,6.938893903907228e-18,0.01,0.011,0.010150000000000001,0.01,0.00035707142142714214,0.244,0.247,0.2455,0.245,0.0008660254037844396,0.027,0.028,0.027250000000000003,0.027,0.00043301270189221973,0.115,0.123,0.11990000000000003,0.1195,0.001757839583124691,0.004,0.005,0.004950000000000001,0.005,0.00021794494717703366,32,32,4096,11008,32768,True,792,1
0.019,0.023,0.022047619047619052,0.022,0.000785353452498602,0.01,0.01,0.010000000000000002,0.01,1.734723475976807e-18,0.14200000000000002,0.147,0.14400000000000004,0.14400000000000002,0.0009999999999999926,0.017,0.018000000000000002,0.017050000000000003,0.017,0.00021794494717703388,0.052000000000000005,0.053,0.05245000000000001,0.052000000000000005,0.0004974937185533069,0.01,0.011,0.010400000000000001,0.01,0.0004898979485566352,0.244,0.248,0.24584999999999999,0.246,0.0009096702699330132,0.026000000000000002,0.027,0.02695000000000001,0.027,0.00021794494717703315,0.11900000000000001,0.124,0.12214999999999998,0.122,0.001107925990308016,0.005,0.005,0.005000000000000001,0.005,8.673617379884035e-19,32,32,4096,11008,32768,True,784,1
0.018000000000000002,0.023,0.02185714285714286,0.022,0.0008883218145798865,0.01,0.01,0.010000000000000002,0.01,1.734723475976807e-18,0.14,0.145,0.14245,0.14300000000000002,0.0010234744745229334,0.017,0.017,0.017000000000000005,0.017,3.469446951953614e-18,0.051000000000000004,0.059000000000000004,0.05220000000000001,0.052000000000000005,0.0016911534525287757,0.01,0.011,0.010150000000000001,0.01,0.00035707142142714214,0.24,0.245,0.24309999999999996,0.2435,0.0012609520212918503,0.026000000000000002,0.027,0.026750000000000006,0.027,0.00043301270189221816,0.11900000000000001,0.123,0.12075,0.1205,0.0010428326807307103,0.004,0.005,0.004950000000000001,0.005,0.0002179449471770337,32,32,4096,11008,32768,True,776,1
0.019,0.023,0.021952380952380956,0.022,0.0007221786137191953,0.01,0.01,0.010000000000000002,0.01,1.734723475976807e-18,0.11900000000000001,0.138,0.1246,0.122,0.006429618962271409,0.015,0.016,0.015700000000000002,0.016,0.0004582575694955845,0.044,0.045,0.04415000000000001,0.044,0.0003570714214271428,0.01,0.01,0.010000000000000002,0.01,1.734723475976807e-18,0.243,0.249,0.24580000000000002,0.246,0.0014696938456699082,0.025,0.026000000000000002,0.025400000000000006,0.025,0.000489897948556636,0.105,0.107,0.10575000000000001,0.106,0.0005361902647381809,0.004,0.005,0.004900000000000002,0.005,0.00030000000000000003,32,32,4096,11008,32768,True,768,1
0.018000000000000002,0.023,0.02190476190476191,0.022,0.0009209085526577955,0.01,0.01,0.010000000000000002,0.01,1.734723475976807e-18,0.11900000000000001,0.137,0.12445000000000002,0.121,0.006719188939150325,0.015,0.016,0.015550000000000003,0.016,0.0004974937185533105,0.044,0.044,0.044000000000000004,0.044,6.938893903907228e-18,0.01,0.01,0.010000000000000002,0.01,1.734723475976807e-18,0.244,0.247,0.2454,0.245,0.0008000000000000007,0.025,0.026000000000000002,0.025100000000000004,0.025,0.00030000000000000024,0.10400000000000001,0.105,0.10420000000000003,0.10400000000000001,0.00039999999999999476,0.004,0.005,0.004750000000000002,0.005,0.00043301270189221935,32,32,4096,11008,32768,True,760,1
0.018000000000000002,0.022,0.02123809523809524,0.021,0.0008676603408708847,0.009000000000000001,0.01,0.009950000000000002,0.01,0.0002179449471770335,0.11900000000000001,0.137,0.12329999999999999,0.121,0.005701754116059377,0.015,0.016,0.015450000000000002,0.015,0.0004974937185533104,0.044,0.044,0.044000000000000004,0.044,6.938893903907228e-18,0.01,0.01,0.010000000000000002,0.01,1.734723475976807e-18,0.243,0.247,0.24525000000000002,0.2455,0.0014097872179871698,0.024,0.025,0.024700000000000007,0.025,0.00045825756949558437,0.105,0.106,0.10545,0.105,0.0004974937185533104,0.004,0.005,0.004500000000000001,0.0045000000000000005,0.0005,32,32,4096,11008,32768,True,752,1
0.018000000000000002,0.022,0.021095238095238097,0.021,0.0008109231602822086,0.009000000000000001,0.01,0.009850000000000003,0.01,0.00035707142142714224,0.139,0.14200000000000002,0.1405,0.1405,0.0008062257748298558,0.014,0.016,0.014950000000000001,0.015,0.0003840572873934304,0.044,0.045,0.044050000000000006,0.044,0.00021794494717703385,0.01,0.01,0.010000000000000002,0.01,1.734723475976807e-18,0.242,0.247,0.24485,0.245,0.001525614630239237,0.024,0.025,0.024450000000000006,0.024,0.0004974937185533104,0.10400000000000001,0.105,0.10435000000000001,0.10400000000000001,0.00047696960070846663,0.004,0.005,0.004250000000000001,0.004,0.00043301270189221935,32,32,4096,11008,32768,True,744,1
0.018000000000000002,0.022,0.02104761904761905,0.021,0.0007853534524986012,0.009000000000000001,0.01,0.009850000000000003,0.01,0.0003570714214271422,0.12,0.137,0.12335000000000003,0.121,0.005433921236087256,0.014,0.016,0.015250000000000003,0.015,0.0005361902647381806,0.043000000000000003,0.045,0.04395,0.044,0.0004974937185533084,0.01,0.01,0.010000000000000002,0.01,1.734723475976807e-18,0.242,0.247,0.24445,0.245,0.0013219304066402298,0.024,0.025,0.024350000000000004,0.024,0.00047696960070847314,0.10400000000000001,0.107,0.10550000000000001,0.106,0.0010246950765959557,0.004,0.005,0.004100000000000001,0.004,0.00030000000000000003,32,32,4096,11008,32768,True,736,1
0.018000000000000002,0.021,0.020857142857142866,0.021,0.0006388765649999395,0.009000000000000001,0.01,0.009650000000000002,0.01,0.0004769696007084724,0.11900000000000001,0.139,0.12735000000000002,0.1225,0.00781840776629104,0.014,0.016,0.015000000000000003,0.015,0.000316227766016838,0.043000000000000003,0.044,0.04365000000000001,0.044,0.00047696960070846994,0.009000000000000001,0.01,0.009950000000000004,0.01,0.00021794494717703353,0.242,0.247,0.24419999999999997,0.244,0.0014352700094407336,0.024,0.025,0.024250000000000004,0.024,0.00043301270189221973,0.10300000000000001,0.106,0.10460000000000003,0.105,0.000734846922834948,0.004,0.005,0.004100000000000001,0.004,0.00030000000000000003,32,32,4096,11008,32768,True,728,1
0.017,0.022,0.020380952380952385,0.02,0.0009499970163457143,0.009000000000000001,0.01,0.009650000000000002,0.01,0.0004769696007084724,0.12,0.137,0.12589999999999998,0.122,0.006905794668247824,0.014,0.015,0.014800000000000002,0.015,0.00039999999999999964,0.044,0.045,0.04415000000000001,0.044,0.0003570714214271428,0.009000000000000001,0.01,0.009950000000000002,0.01,0.00021794494717703347,0.241,0.246,0.24364999999999998,0.244,0.0014924811556599313,0.024,0.024,0.024000000000000004,0.024,3.469446951953614e-18,0.105,0.107,0.10590000000000002,0.106,0.0006244997998398403,0.004,0.005,0.004050000000000001,0.004,0.0002179449471770337,32,32,4096,11008,32768,True,720,1
0.017,0.021,0.01995238095238096,0.02,0.0007221786137191954,0.009000000000000001,0.01,0.009350000000000002,0.009000000000000001,0.0004769696007084724,0.145,0.148,0.14619999999999997,0.146,0.0008717797887081354,0.013000000000000001,0.014,0.013800000000000003,0.014,0.0003999999999999997,0.043000000000000003,0.044,0.04395,0.044,0.00021794494717703236,0.009000000000000001,0.01,0.009950000000000004,0.01,0.00021794494717703353,0.241,0.245,0.24294999999999994,0.243,0.0012835497652993449,0.023,0.025,0.024050000000000005,0.024,0.0003840572873934307,0.10400000000000001,0.106,0.10430000000000003,0.10400000000000001,0.0005567764362829971,0.004,0.004,0.004000000000000001,0.004,8.673617379884035e-19,32,32,4096,11008,32768,True,712,1
0.017,0.021,0.01995238095238096,0.02,0.0007221786137191954,0.009000000000000001,0.01,0.009600000000000003,0.01,0.0004898979485566352,0.115,0.133,0.12535000000000002,0.131,0.007329904501424285,0.015,0.016,0.015600000000000003,0.016,0.0004898979485566361,0.043000000000000003,0.044,0.043250000000000004,0.043000000000000003,0.0004330127018922167,0.009000000000000001,0.01,0.009950000000000004,0.01,0.00021794494717703353,0.24,0.245,0.24264999999999998,0.2425,0.0013143439428094927,0.023,0.024,0.023650000000000004,0.024,0.0004769696007084733,0.10400000000000001,0.105,0.10405000000000002,0.10400000000000001,0.00021794494717703084,0.004,0.004,0.004000000000000001,0.004,8.673617379884035e-19,32,32,4096,11008,32768,True,704,1
0.017,0.021,0.01995238095238096,0.02,0.0007221786137191954,0.009000000000000001,0.01,0.009100000000000002,0.009000000000000001,0.00029999999999999976,0.115,0.133,0.12279999999999999,0.11800000000000001,0.007366138744281158,0.015,0.016,0.0158,0.016,0.00040000000000000034,0.044,0.044,0.044000000000000004,0.044,6.938893903907228e-18,0.009000000000000001,0.01,0.009900000000000003,0.01,0.00029999999999999976,0.241,0.245,0.24269999999999997,0.2425,0.0013453624047073721,0.023,0.024,0.023350000000000003,0.023,0.00047696960070847314,0.10400000000000001,0.107,0.10510000000000001,0.105,0.0006999999999999974,0.004,0.005,0.004800000000000001,0.005,0.0004,32,32,4096,11008,32768,True,696,1
0.017,0.02,0.01957142857142858,0.02,0.0007284313590846836,0.009000000000000001,0.01,0.009300000000000003,0.009000000000000001,0.00045825756949558356,0.146,0.148,0.14715,0.147,0.0007921489758877436,0.013000000000000001,0.014,0.013400000000000004,0.013000000000000001,0.0004898979485566351,0.044,0.045,0.044050000000000006,0.044,0.00021794494717703385,0.009000000000000001,0.01,0.009850000000000003,0.01,0.0003570714214271422,0.23900000000000002,0.247,0.24245,0.242,0.0017168284713389383,0.023,0.024,0.023200000000000005,0.023,0.0004000000000000003,0.105,0.108,0.10569999999999999,0.1055,0.0008426149773176365,0.004,0.005,0.004800000000000001,0.005,0.0004,32,32,4096,11008,32768,True,688,1
0.016,0.02,0.019190476190476195,0.019,0.00085183541999992,0.009000000000000001,0.01,0.009300000000000003,0.009000000000000001,0.00045825756949558356,0.146,0.149,0.14705,0.147,0.0008046738469715547,0.013000000000000001,0.014,0.013300000000000003,0.013000000000000001,0.00045825756949558356,0.044,0.045,0.044300000000000006,0.044,0.0004582575694955844,0.009000000000000001,0.01,0.009650000000000002,0.01,0.0004769696007084724,0.24,0.245,0.24330000000000002,0.243,0.0012688577540449532,0.023,0.024,0.023300000000000005,0.023,0.0004582575694955844,0.106,0.109,0.10669999999999999,0.106,0.0010049875621120899,0.004,0.005,0.004450000000000001,0.004,0.0004974937185533101,32,32,4096,11008,32768,True,680,1
0.016,0.02,0.01928571428571429,0.019,0.0008806305718527111,0.009000000000000001,0.01,0.009100000000000002,0.009000000000000001,0.00029999999999999976,0.14400000000000002,0.148,0.1465,0.1465,0.0010723805294763585,0.013000000000000001,0.014,0.013350000000000004,0.013000000000000001,0.0004769696007084724,0.044,0.045,0.04460000000000001,0.045,0.000489897948556636,0.009000000000000001,0.01,0.009950000000000004,0.01,0.00021794494717703353,0.24,0.245,0.24245,0.242,0.001243985530462474,0.023,0.024,0.023150000000000004,0.023,0.00035707142142714284,0.105,0.107,0.10570000000000002,0.105,0.0008426149773176365,0.004,0.004,0.004000000000000001,0.004,8.673617379884035e-19,32,32,4096,11008,32768,True,672,1
0.016,0.02,0.019000000000000006,0.019,0.0007559289460184545,0.009000000000000001,0.01,0.009050000000000002,0.009000000000000001,0.0002179449471770335,0.145,0.149,0.14705,0.147,0.0009733961166965902,0.013000000000000001,0.014,0.013100000000000004,0.013000000000000001,0.00029999999999999976,0.044,0.045,0.04440000000000001,0.044,0.0004898979485566361,0.009000000000000001,0.01,0.009550000000000003,0.01,0.0004974937185533095,0.24,0.247,0.24264999999999998,0.242,0.001739971264130533,0.022,0.023,0.022850000000000002,0.023,0.0003570714214271428,0.10400000000000001,0.107,0.10525,0.105,0.0006224949798994358,0.004,0.004,0.004000000000000001,0.004,8.673617379884035e-19,32,32,4096,11008,32768,True,664,1
0.016,0.02,0.018809523809523814,0.019,0.0007315376902732005,0.009000000000000001,0.009000000000000001,0.009000000000000003,0.009000000000000001,1.734723475976807e-18,0.145,0.148,0.14629999999999999,0.146,0.0006403124237432854,0.013000000000000001,0.013000000000000001,0.013000000000000003,0.013000000000000001,1.734723475976807e-18,0.044,0.045,0.044050000000000006,0.044,0.00021794494717703385,0.009000000000000001,0.009000000000000001,0.009000000000000003,0.009000000000000001,1.734723475976807e-18,0.24,0.245,0.24174999999999996,0.2415,0.0015124483462254188,0.022,0.023,0.022250000000000002,0.022,0.00043301270189221973,0.10400000000000001,0.105,0.10415,0.10400000000000001,0.0003570714214271379,0.004,0.004,0.004000000000000001,0.004,8.673617379884035e-19,32,32,4096,11008,32768,True,656,1
0.016,0.019,0.018238095238095244,0.018000000000000002,0.0006834619092574908,0.009000000000000001,0.009000000000000001,0.009000000000000003,0.009000000000000001,1.734723475976807e-18,0.14400000000000002,0.147,0.1455,0.146,0.0007416198487095615,0.013000000000000001,0.014,0.013050000000000003,0.013000000000000001,0.00021794494717703353,0.044,0.044,0.044000000000000004,0.044,6.938893903907228e-18,0.009000000000000001,0.009000000000000001,0.009000000000000003,0.009000000000000001,1.734723475976807e-18,0.23900000000000002,0.244,0.24100000000000002,0.241,0.0013038404810405265,0.022,0.023,0.022250000000000002,0.022,0.00043301270189221973,0.10400000000000001,0.105,0.10420000000000003,0.10400000000000001,0.00039999999999999476,0.004,0.004,0.004000000000000001,0.004,8.673617379884035e-19,32,32,4096,11008,32768,True,648,1
0.015,0.019,0.018142857142857148,0.018000000000000002,0.0008329931278350428,0.009000000000000001,0.009000000000000001,0.009000000000000003,0.009000000000000001,1.734723475976807e-18,0.10400000000000001,0.11,0.10610000000000001,0.106,0.001337908816025964,0.012,0.013000000000000001,0.012200000000000003,0.012,0.00040000000000000034,0.041,0.045,0.0422,0.042,0.0010770329614268998,0.009000000000000001,0.01,0.009050000000000002,0.009000000000000001,0.00021794494717703353,0.17,0.17400000000000002,0.17114999999999997,0.171,0.0009096702699330135,0.023,0.024,0.023300000000000005,0.023,0.0004582575694955844,0.10400000000000001,0.105,0.10445000000000002,0.10400000000000001,0.0004974937185533034,0.004,0.004,0.004000000000000001,0.004,8.673617379884035e-19,32,32,4096,11008,32768,True,640,1
0.016,0.019,0.018190476190476194,0.018000000000000002,0.0006632565846278148,0.009000000000000001,0.009000000000000001,0.009000000000000003,0.009000000000000001,1.734723475976807e-18,0.10400000000000001,0.112,0.10675000000000001,0.1065,0.0016085707942145415,0.012,0.013000000000000001,0.012050000000000002,0.012,0.0002179449471770339,0.041,0.043000000000000003,0.04170000000000001,0.042,0.0006403124237432854,0.009000000000000001,0.009000000000000001,0.009000000000000003,0.009000000000000001,1.734723475976807e-18,0.17,0.17500000000000002,0.17059999999999997,0.17,0.0011575836902790234,0.023,0.024,0.023500000000000004,0.0235,0.0005000000000000004,0.106,0.107,0.10615000000000001,0.106,0.0003570714214271428,0.004,0.004,0.004000000000000001,0.004,8.673617379884035e-19,32,32,4096,11008,32768,True,632,1
0.015,0.019,0.018190476190476194,0.018000000000000002,0.0008518354199999196,0.009000000000000001,0.009000000000000001,0.009000000000000003,0.009000000000000001,1.734723475976807e-18,0.10400000000000001,0.11,0.1066,0.106,0.0015297058540778357,0.012,0.013000000000000001,0.012200000000000003,0.012,0.00040000000000000034,0.041,0.044,0.04190000000000001,0.0415,0.0009949874371066201,0.009000000000000001,0.009000000000000001,0.009000000000000003,0.009000000000000001,1.734723475976807e-18,0.171,0.176,0.17149999999999999,0.171,0.0011180339887498902,0.023,0.024,0.023150000000000004,0.023,0.0003570714214271428,0.105,0.107,0.10550000000000001,0.105,0.0006708203932499375,0.004,0.004,0.004000000000000001,0.004,8.673617379884035e-19,32,32,4096,11008,32768,True,624,1
0.015,0.018000000000000002,0.017761904761904767,0.018000000000000002,0.0006834619092574922,0.009000000000000001,0.009000000000000001,0.009000000000000003,0.009000000000000001,1.734723475976807e-18,0.10400000000000001,0.111,0.10660000000000003,0.106,0.0017999999999999986,0.012,0.013000000000000001,0.012100000000000003,0.012,0.00030000000000000024,0.041,0.043000000000000003,0.04170000000000001,0.042,0.0006403124237432854,0.009000000000000001,0.009000000000000001,0.009000000000000003,0.009000000000000001,1.734723475976807e-18,0.169,0.17400000000000002,0.17039999999999997,0.17,0.0009695359714832667,0.023,0.024,0.023050000000000005,0.023,0.00021794494717703388,0.105,0.107,0.10569999999999999,0.106,0.0005567764362830027,0.004,0.004,0.004000000000000001,0.004,8.673617379884035e-19,32,32,4096,11008,32768,True,616,1
0.015,0.019,0.017476190476190482,0.018000000000000002,0.000793968190501575,0.009000000000000001,0.009000000000000001,0.009000000000000003,0.009000000000000001,1.734723475976807e-18,0.10400000000000001,0.113,0.10625,0.106,0.0019202864369671532,0.012,0.013000000000000001,0.012150000000000003,0.012,0.0003570714214271428,0.04,0.043000000000000003,0.04195000000000001,0.042,0.0008645808232895299,0.009000000000000001,0.009000000000000001,0.009000000000000003,0.009000000000000001,1.734723475976807e-18,0.17,0.176,0.17085,0.171,0.0013143439428094875,0.023,0.024,0.023050000000000005,0.023,0.00021794494717703388,0.105,0.106,0.10510000000000001,0.105,0.00030000000000000024,0.004,0.004,0.004000000000000001,0.004,8.673617379884035e-19,32,32,4096,11008,32768,True,608,1
0.015,0.018000000000000002,0.017619047619047624,0.018000000000000002,0.0007221786137191959,0.009000000000000001,0.009000000000000001,0.009000000000000003,0.009000000000000001,1.734723475976807e-18,0.10400000000000001,0.111,0.10645000000000002,0.106,0.0018020821290940087,0.012,0.013000000000000001,0.012100000000000003,0.012,0.00030000000000000024,0.041,0.043000000000000003,0.04150000000000001,0.041,0.0005916079783099621,0.009000000000000001,0.009000000000000001,0.009000000000000003,0.009000000000000001,1.734723475976807e-18,0.169,0.17500000000000002,0.17005,0.17,0.0012835497652993447,0.022,0.023,0.022850000000000002,0.023,0.0003570714214271428,0.106,0.107,0.10625000000000002,0.106,0.0004330127018922197,0.004,0.004,0.004000000000000001,0.004,8.673617379884035e-19,32,32,4096,11008,32768,True,600,1
0.015,0.018000000000000002,0.017142857142857147,0.017,0.0006388765649999404,0.009000000000000001,0.009000000000000001,0.009000000000000003,0.009000000000000001,1.734723475976807e-18,0.10300000000000001,0.113,0.1056,0.105,0.0019849433241279192,0.012,0.012,0.012000000000000002,0.012,1.734723475976807e-18,0.04,0.043000000000000003,0.04170000000000001,0.042,0.0007141428428542857,0.009000000000000001,0.009000000000000001,0.009000000000000003,0.009000000000000001,1.734723475976807e-18,0.169,0.176,0.17070000000000002,0.1705,0.0014177446878757783,0.022,0.023,0.022550000000000004,0.023,0.0004974937185533105,0.105,0.107,0.1059,0.106,0.00043588989435406776,0.004,0.004,0.004000000000000001,0.004,8.673617379884035e-19,32,32,4096,11008,32768,True,592,1
0.014,0.017,0.016857142857142862,0.017,0.0006388765649999401,0.009000000000000001,0.009000000000000001,0.009000000000000003,0.009000000000000001,1.734723475976807e-18,0.10400000000000001,0.109,0.10640000000000001,0.1065,0.0014628738838327784,0.011,0.012,0.011850000000000003,0.012,0.00035707142142714284,0.04,0.043000000000000003,0.04135000000000001,0.041,0.0008529361054615998,0.009000000000000001,0.009000000000000001,0.009000000000000003,0.009000000000000001,1.734723475976807e-18,0.168,0.17400000000000002,0.16940000000000002,0.169,0.0011575836902790234,0.022,0.023,0.022200000000000004,0.022,0.0004000000000000003,0.105,0.107,0.10605,0.106,0.0003840572873934307,0.004,0.004,0.004000000000000001,0.004,8.673617379884035e-19,32,32,4096,11008,32768,True,584,1
0.014,0.017,0.01666666666666667,0.017,0.0007126966450997987,0.009000000000000001,0.009000000000000001,0.009000000000000003,0.009000000000000001,1.734723475976807e-18,0.094,0.115,0.10205000000000002,0.095,0.009162286832445273,0.014,0.015,0.014350000000000002,0.014,0.0004769696007084724,0.049,0.052000000000000005,0.05045000000000001,0.0505,0.0008645808232895299,0.009000000000000001,0.009000000000000001,0.009000000000000003,0.009000000000000001,1.734723475976807e-18,0.158,0.163,0.1599,0.16,0.0011357816691600557,0.022,0.022,0.022000000000000002,0.022,3.469446951953614e-18,0.112,0.113,0.11235000000000002,0.112,0.0004769696007084733,0.004,0.005,0.004950000000000001,0.005,0.00021794494717703366,32,32,4096,11008,32768,True,576,1
0.014,0.017,0.016571428571428577,0.017,0.000728431359084684,0.008,0.009000000000000001,0.008850000000000002,0.009000000000000001,0.00035707142142714284,0.094,0.115,0.11155000000000001,0.112,0.004092370950928081,0.013000000000000001,0.015,0.01395,0.014,0.0003840572873934301,0.047,0.049,0.04755000000000001,0.0475,0.0005894913061275802,0.009000000000000001,0.009000000000000001,0.009000000000000003,0.009000000000000001,1.734723475976807e-18,0.158,0.161,0.1586,0.158,0.0009695359714832665,0.022,0.023,0.022050000000000004,0.022,0.00021794494717703388,0.111,0.113,0.11205000000000002,0.112,0.0003840572873934307,0.004,0.005,0.004650000000000001,0.005,0.00047696960070847287,32,32,4096,11008,32768,True,568,1
0.014,0.017,0.016523809523809527,0.017,0.0007315376902732012,0.008,0.009000000000000001,0.008650000000000001,0.009000000000000001,0.00047696960070847325,0.10300000000000001,0.109,0.10405000000000002,0.10400000000000001,0.0013592277219068153,0.011,0.012,0.011350000000000002,0.011,0.00047696960070847314,0.047,0.048,0.047700000000000006,0.048,0.0004582575694955844,0.009000000000000001,0.009000000000000001,0.009000000000000003,0.009000000000000001,1.734723475976807e-18,0.168,0.17300000000000001,0.1698,0.17,0.001029563014098701,0.021,0.022,0.021950000000000004,0.022,0.0002179449471770331,0.111,0.113,0.11235000000000002,0.112,0.0005722761571129803,0.004,0.005,0.004500000000000001,0.0045000000000000005,0.0005,32,32,4096,11008,32768,True,560,1
0.014,0.017,0.015952380952380957,0.016,0.0004856209060564559,0.008,0.009000000000000001,0.008350000000000002,0.008,0.00047696960070847325,0.101,0.106,0.10385,0.10300000000000001,0.0014924811556599252,0.011,0.012,0.011150000000000002,0.011,0.0003570714214271428,0.047,0.048,0.04740000000000001,0.047,0.0004898979485566361,0.009000000000000001,0.009000000000000001,0.009000000000000003,0.009000000000000001,1.734723475976807e-18,0.166,0.171,0.16745,0.167,0.001160818676624391,0.021,0.022,0.021700000000000004,0.022,0.0004582575694955828,0.111,0.113,0.11185,0.112,0.0006538348415311017,0.004,0.005,0.0043500000000000014,0.004,0.0004769696007084728,32,32,4096,11008,32768,True,552,1
0.013000000000000001,0.016,0.01585714285714286,0.016,0.0006388765649999398,0.008,0.009000000000000001,0.008250000000000002,0.008,0.0004330127018922198,0.10300000000000001,0.108,0.10430000000000002,0.10400000000000001,0.0014177446878757783,0.011,0.011,0.011000000000000001,0.011,1.734723475976807e-18,0.047,0.049,0.04755000000000001,0.0475,0.0005894913061275802,0.009000000000000001,0.009000000000000001,0.009000000000000003,0.009000000000000001,1.734723475976807e-18,0.169,0.17400000000000002,0.1706,0.1705,0.001280624847486571,0.021,0.022,0.021150000000000002,0.021,0.0003570714214271416,0.112,0.114,0.1127,0.113,0.0006403124237432854,0.004,0.005,0.004100000000000001,0.004,0.00030000000000000003,32,32,4096,11008,32768,True,544,1
0.013000000000000001,0.016,0.01580952380952381,0.016,0.0006632565846278152,0.008,0.009000000000000001,0.008050000000000002,0.008,0.0002179449471770339,0.10200000000000001,0.11,0.10420000000000003,0.10350000000000001,0.001989974874213236,0.011,0.011,0.011000000000000001,0.011,1.734723475976807e-18,0.047,0.048,0.04730000000000001,0.047,0.0004582575694955844,0.008,0.009000000000000001,0.008800000000000002,0.009000000000000001,0.00040000000000000034,0.168,0.17300000000000001,0.16890000000000002,0.1685,0.0012609520212918503,0.021,0.022,0.021050000000000003,0.021,0.00021794494717703315,0.112,0.114,0.11250000000000002,0.112,0.0005916079783099621,0.004,0.005,0.004050000000000001,0.004,0.0002179449471770337,32,32,4096,11008,32768,True,536,1
0.013000000000000001,0.016,0.015761904761904765,0.016,0.0006834619092574916,0.007,0.007,0.007000000000000001,0.007,8.673617379884035e-19,0.10400000000000001,0.11,0.10550000000000001,0.105,0.0013228756555322932,0.009000000000000001,0.01,0.009450000000000004,0.009000000000000001,0.0004974937185533095,0.047,0.048,0.04740000000000001,0.047,0.0004898979485566361,0.007,0.008,0.0071,0.007,0.00030000000000000003,0.168,0.17300000000000001,0.1698,0.169,0.0012489995996796807,0.017,0.017,0.017000000000000005,0.017,3.469446951953614e-18,0.112,0.113,0.1126,0.113,0.0004898979485566361,0.004,0.004,0.004000000000000001,0.004,8.673617379884035e-19,32,32,4096,11008,32768,True,528,1
0.013000000000000001,0.016,0.015285714285714288,0.015,0.0006998542122237654,0.007,0.007,0.007000000000000001,0.007,8.673617379884035e-19,0.10300000000000001,0.109,0.10465000000000002,0.10400000000000001,0.0011947803145348484,0.009000000000000001,0.01,0.009050000000000002,0.009000000000000001,0.00021794494717703353,0.046,0.048,0.04690000000000001,0.047,0.00043588989435406776,0.007,0.007,0.007000000000000001,0.007,8.673617379884035e-19,0.166,0.17500000000000002,0.1689,0.1685,0.0021656407827707735,0.017,0.017,0.017000000000000005,0.017,3.469446951953614e-18,0.111,0.113,0.11205000000000002,0.112,0.0006689544080129832,0.004,0.005,0.004200000000000001,0.004,0.0004,32,32,4096,11008,32768,True,520,1
0.013000000000000001,0.016,0.014952380952380955,0.015,0.00048562090605645553,0.007,0.007,0.007000000000000001,0.007,8.673617379884035e-19,0.09,0.095,0.09090000000000001,0.091,0.001135781669160056,0.01,0.011,0.010350000000000002,0.01,0.0004769696007084724,0.028,0.029,0.028250000000000004,0.028,0.00043301270189221973,0.007,0.007,0.007000000000000001,0.007,8.673617379884035e-19,0.132,0.138,0.1341,0.134,0.0014456832294800972,0.016,0.017,0.016900000000000005,0.017,0.0003000000000000003,0.067,0.077,0.07385000000000001,0.074,0.002815581645060214,0.003,0.004,0.0038500000000000006,0.004,0.0003570714214271425,32,32,4096,11008,32768,True,512,1
0.012,0.015,0.01485714285714286,0.015,0.0006388765649999398,0.007,0.007,0.007000000000000001,0.007,8.673617379884035e-19,0.089,0.093,0.0898,0.09,0.0008717797887081354,0.01,0.011,0.0103,0.01,0.0004582575694955836,0.031,0.032,0.031050000000000005,0.031,0.00021794494717703388,0.007,0.007,0.007000000000000001,0.007,8.673617379884035e-19,0.131,0.138,0.13295,0.1325,0.0016575584454250794,0.016,0.017,0.016550000000000002,0.017,0.0004974937185533105,0.07100000000000001,0.077,0.074,0.074,0.0013038404810405296,0.003,0.004,0.0038500000000000006,0.004,0.0003570714214271425,32,32,4096,11008,32768,True,504,1
0.013000000000000001,0.016,0.014952380952380955,0.015,0.00048562090605645553,0.007,0.007,0.007000000000000001,0.007,8.673617379884035e-19,0.089,0.094,0.09059999999999999,0.09,0.001019803902718558,0.01,0.011,0.010400000000000001,0.01,0.0004898979485566352,0.028,0.029,0.028200000000000003,0.028,0.00040000000000000034,0.007,0.007,0.007000000000000001,0.007,8.673617379884035e-19,0.132,0.137,0.13325,0.133,0.001219631091765048,0.016,0.017,0.016350000000000003,0.016,0.00047696960070847314,0.07200000000000001,0.078,0.0759,0.076,0.001609347693943108,0.003,0.004,0.003400000000000001,0.003,0.0004898979485566357,32,32,4096,11008,32768,True,496,1
0.012,0.015,0.014523809523809526,0.015,0.0007315376902732005,0.007,0.007,0.007000000000000001,0.007,8.673617379884035e-19,0.088,0.092,0.08955,0.0895,0.0009205976319760994,0.01,0.011,0.0102,0.01,0.00039999999999999964,0.028,0.029,0.028250000000000004,0.028,0.00043301270189221973,0.007,0.007,0.007000000000000001,0.007,8.673617379884035e-19,0.131,0.136,0.13205000000000003,0.132,0.0012031209415515976,0.016,0.017,0.016150000000000005,0.016,0.00035707142142714284,0.07200000000000001,0.076,0.07425000000000001,0.074,0.0012990381056766569,0.003,0.004,0.0032000000000000006,0.003,0.00039999999999999996,32,32,4096,11008,32768,True,488,1
0.012,0.015,0.014095238095238096,0.014,0.0006098213559459852,0.007,0.007,0.007000000000000001,0.007,8.673617379884035e-19,0.089,0.093,0.09004999999999999,0.09,0.001023474474522937,0.01,0.011,0.010150000000000001,0.01,0.00035707142142714214,0.029,0.03,0.029700000000000004,0.03,0.0004582575694955828,0.007,0.007,0.007000000000000001,0.007,8.673617379884035e-19,0.131,0.137,0.13235000000000002,0.132,0.0012757350822173083,0.016,0.017,0.016100000000000003,0.016,0.00030000000000000024,0.079,0.082,0.0801,0.08,0.0009433981132056612,0.003,0.004,0.0032500000000000007,0.003,0.00043301270189221935,32,32,4096,11008,32768,True,480,1
0.012,0.015,0.014142857142857145,0.014,0.0006388765649999397,0.007,0.007,0.007000000000000001,0.007,8.673617379884035e-19,0.08700000000000001,0.092,0.08889999999999999,0.089,0.0009949874371066197,0.01,0.011,0.01005,0.01,0.00021794494717703353,0.032,0.035,0.032650000000000005,0.032,0.001061838029079766,0.007,0.007,0.007000000000000001,0.007,8.673617379884035e-19,0.13,0.135,0.13145,0.131,0.001023474474522937,0.016,0.017,0.016100000000000003,0.016,0.00030000000000000024,0.076,0.081,0.07815000000000001,0.078,0.0012359207094308285,0.003,0.004,0.0032000000000000006,0.003,0.0004,32,32,4096,11008,32768,True,472,1
0.012,0.015,0.013952380952380954,0.014,0.0004856209060564556,0.007,0.007,0.007000000000000001,0.007,8.673617379884035e-19,0.088,0.093,0.08955,0.089,0.001023474474522937,0.01,0.01,0.010000000000000002,0.01,1.734723475976807e-18,0.033,0.034,0.03305000000000001,0.033,0.00021794494717703385,0.007,0.007,0.007000000000000001,0.007,8.673617379884035e-19,0.131,0.136,0.13175000000000003,0.131,0.0012599603168354163,0.016,0.016,0.016000000000000004,0.016,3.469446951953614e-18,0.081,0.085,0.0824,0.082,0.0010198039027185578,0.003,0.004,0.0031000000000000008,0.003,0.0003,32,32,4096,11008,32768,True,464,1
0.011,0.014,0.013857142857142861,0.014,0.0006388765649999401,0.007,0.007,0.007000000000000001,0.007,8.673617379884035e-19,0.08700000000000001,0.091,0.08864999999999999,0.0885,0.0010136567466356632,0.01,0.01,0.010000000000000002,0.01,1.734723475976807e-18,0.033,0.036000000000000004,0.03355000000000001,0.033,0.0009205976319760994,0.007,0.007,0.007000000000000001,0.007,8.673617379884035e-19,0.13,0.136,0.13120000000000004,0.131,0.0012489995996796807,0.016,0.016,0.016000000000000004,0.016,3.469446951953614e-18,0.083,0.08700000000000001,0.08485000000000001,0.085,0.0013143439428094925,0.003,0.004,0.0031000000000000008,0.003,0.0003,32,32,4096,11008,32768,True,456,1
0.011,0.014,0.013238095238095242,0.013000000000000001,0.0006834619092574916,0.007,0.007,0.007000000000000001,0.007,8.673617379884035e-19,0.088,0.092,0.089,0.089,0.0009486832980505146,0.01,0.01,0.010000000000000002,0.01,1.734723475976807e-18,0.034,0.034,0.03400000000000001,0.034,6.938893903907228e-18,0.007,0.007,0.007000000000000001,0.007,8.673617379884035e-19,0.13,0.135,0.13105,0.131,0.0010712142642814286,0.015,0.016,0.015950000000000002,0.016,0.00021794494717703385,0.082,0.08600000000000001,0.08405,0.084,0.0010712142642814288,0.003,0.004,0.0030500000000000006,0.003,0.0002179449471770337,32,32,4096,11008,32768,True,448,1
0.011,0.014,0.013190476190476193,0.013000000000000001,0.0006632565846278152,0.007,0.007,0.007000000000000001,0.007,8.673617379884035e-19,0.08700000000000001,0.091,0.08864999999999998,0.089,0.001013656746635662,0.009000000000000001,0.01,0.009800000000000003,0.01,0.00039999999999999964,0.034,0.038,0.03475000000000001,0.034,0.0011779218989389738,0.007,0.007,0.007000000000000001,0.007,8.673617379884035e-19,0.129,0.134,0.13034999999999997,0.13,0.0011521718621802922,0.016,0.016,0.016000000000000004,0.016,3.469446951953614e-18,0.08,0.084,0.08195,0.082,0.0010712142642814284,0.003,0.003,0.0030000000000000005,0.003,4.336808689942018e-19,32,32,4096,11008,32768,True,440,1
0.011,0.014,0.012952380952380957,0.013000000000000001,0.00048562090605645597,0.007,0.007,0.007000000000000001,0.007,8.673617379884035e-19,0.088,0.092,0.08895,0.089,0.0009205976319760992,0.009000000000000001,0.01,0.009750000000000003,0.01,0.00043301270189221897,0.033,0.034,0.03355000000000001,0.034,0.0004974937185533104,0.007,0.007,0.007000000000000001,0.007,8.673617379884035e-19,0.129,0.134,0.13,0.13,0.001140175425099139,0.015,0.016,0.0158,0.016,0.00040000000000000034,0.084,0.088,0.0858,0.08600000000000001,0.001248999599679677,0.003,0.004,0.0030500000000000006,0.003,0.0002179449471770337,32,32,4096,11008,32768,True,432,1
0.011,0.014,0.012952380952380957,0.013000000000000001,0.00048562090605645597,0.007,0.007,0.007000000000000001,0.007,8.673617379884035e-19,0.088,0.091,0.0892,0.089,0.0008717797887081355,0.009000000000000001,0.01,0.009650000000000002,0.01,0.0004769696007084724,0.033,0.036000000000000004,0.03395000000000001,0.034,0.0009733961166965902,0.007,0.007,0.007000000000000001,0.007,8.673617379884035e-19,0.13,0.135,0.13065000000000002,0.13,0.001152171862180292,0.015,0.016,0.015450000000000002,0.015,0.0004974937185533104,0.079,0.082,0.08095000000000001,0.081,0.0008645808232895299,0.003,0.003,0.0030000000000000005,0.003,4.336808689942018e-19,32,32,4096,11008,32768,True,424,1
0.011,0.013000000000000001,0.01266666666666667,0.013000000000000001,0.0005634361698190115,0.007,0.007,0.007000000000000001,0.007,8.673617379884035e-19,0.088,0.091,0.08945,0.089,0.0006689544080129832,0.009000000000000001,0.01,0.009300000000000003,0.009000000000000001,0.00045825756949558356,0.033,0.034,0.033350000000000005,0.033,0.00047696960070847314,0.007,0.007,0.007000000000000001,0.007,8.673617379884035e-19,0.129,0.135,0.1308,0.131,0.001248999599679681,0.015,0.016,0.015550000000000003,0.016,0.0004974937185533105,0.092,0.096,0.09405000000000001,0.094,0.0011169153951844349,0.003,0.003,0.0030000000000000005,0.003,4.336808689942018e-19,32,32,4096,11008,32768,True,416,1
0.01,0.013000000000000001,0.012142857142857146,0.012,0.0006388765649999402,0.007,0.007,0.007000000000000001,0.007,8.673617379884035e-19,0.08600000000000001,0.091,0.08750000000000001,0.0875,0.0010723805294763566,0.009000000000000001,0.01,0.009200000000000003,0.009000000000000001,0.0003999999999999997,0.033,0.036000000000000004,0.033850000000000005,0.033,0.001061838029079766,0.007,0.007,0.007000000000000001,0.007,8.673617379884035e-19,0.128,0.133,0.12885,0.128,0.0012757350822173083,0.015,0.016,0.015200000000000002,0.015,0.00040000000000000034,0.08600000000000001,0.091,0.0886,0.089,0.001462873883832776,0.003,0.003,0.0030000000000000005,0.003,4.336808689942018e-19,32,32,4096,11008,32768,True,408,1
0.01,0.013000000000000001,0.012000000000000002,0.012,0.000534522483824849,0.007,0.007,0.007000000000000001,0.007,8.673617379884035e-19,0.08700000000000001,0.091,0.08904999999999999,0.089,0.0009733961166965871,0.008,0.009000000000000001,0.008950000000000003,0.009000000000000001,0.00021794494717703385,0.033,0.034,0.03305000000000001,0.033,0.00021794494717703385,0.007,0.007,0.007000000000000001,0.007,8.673617379884035e-19,0.128,0.134,0.12985,0.13,0.001152171862180292,0.015,0.016,0.015250000000000003,0.015,0.00043301270189221973,0.094,0.098,0.09590000000000001,0.096,0.0014798648586948754,0.003,0.003,0.0030000000000000005,0.003,4.336808689942018e-19,32,32,4096,11008,32768,True,400,1
0.01,0.012,0.011904761904761908,0.012,0.00042591770999995997,0.007,0.007,0.007000000000000001,0.007,8.673617379884035e-19,0.08600000000000001,0.09,0.0877,0.088,0.0010535653752852692,0.008,0.009000000000000001,0.008750000000000003,0.009000000000000001,0.0004330127018922198,0.033,0.036000000000000004,0.03325000000000001,0.033,0.0007664854858377951,0.007,0.007,0.007000000000000001,0.007,8.673617379884035e-19,0.128,0.132,0.12845,0.128,0.0009733961166965902,0.015,0.016,0.015100000000000002,0.015,0.00030000000000000024,0.09,0.095,0.09280000000000001,0.093,0.0012884098726725136,0.003,0.003,0.0030000000000000005,0.003,4.336808689942018e-19,32,32,4096,11008,32768,True,392,1
0.01,0.012,0.011809523809523811,0.012,0.0004994327848429295,0.007,0.007,0.007000000000000001,0.007,8.673617379884035e-19,0.069,0.073,0.07045,0.07,0.0008645808232895279,0.008,0.009000000000000001,0.008150000000000001,0.008,0.0003570714214271428,0.027,0.028,0.027100000000000003,0.027,0.00030000000000000024,0.007,0.007,0.007000000000000001,0.007,8.673617379884035e-19,0.139,0.149,0.14275000000000002,0.14200000000000002,0.002964371771556319,0.013000000000000001,0.014,0.013650000000000004,0.014,0.0004769696007084724,0.061,0.063,0.062150000000000004,0.062,0.0004769696007084732,0.003,0.003,0.0030000000000000005,0.003,4.336808689942018e-19,32,32,4096,11008,32768,True,384,1
0.01,0.012,0.011333333333333336,0.011,0.0005634361698190115,0.007,0.007,0.007000000000000001,0.007,8.673617379884035e-19,0.069,0.073,0.06985000000000001,0.07,0.000909670269933011,0.008,0.009000000000000001,0.008050000000000002,0.008,0.0002179449471770339,0.027,0.028,0.02715,0.027,0.0003570714214271428,0.007,0.007,0.007000000000000001,0.007,8.673617379884035e-19,0.139,0.146,0.14145000000000002,0.14100000000000001,0.0019358460682605899,0.013000000000000001,0.014,0.013850000000000005,0.014,0.00035707142142714214,0.061,0.063,0.061499999999999985,0.061,0.0005916079783099621,0.003,0.003,0.0030000000000000005,0.003,4.336808689942018e-19,32,32,4096,11008,32768,True,376,1
0.01,0.012,0.011476190476190478,0.012,0.0005870870479018077,0.007,0.007,0.007000000000000001,0.007,8.673617379884035e-19,0.069,0.073,0.07020000000000001,0.07,0.0009273618495495693,0.008,0.008,0.008000000000000002,0.008,1.734723475976807e-18,0.026000000000000002,0.027,0.02695000000000001,0.027,0.00021794494717703315,0.007,0.007,0.007000000000000001,0.007,8.673617379884035e-19,0.139,0.15,0.14275,0.14150000000000001,0.00343329288002057,0.013000000000000001,0.014,0.013750000000000004,0.014,0.000433012701892219,0.061,0.063,0.0621,0.062,0.0005385164807134509,0.003,0.003,0.0030000000000000005,0.003,4.336808689942018e-19,32,32,4096,11008,32768,True,368,1
0.009000000000000001,0.012,0.011190476190476192,0.011,0.0006632565846278154,0.006,0.007,0.006950000000000002,0.007,0.00021794494717703366,0.068,0.07100000000000001,0.06935000000000001,0.069,0.0006538348415311016,0.008,0.009000000000000001,0.008050000000000002,0.008,0.0002179449471770339,0.026000000000000002,0.028,0.027000000000000007,0.027,0.00031622776601683767,0.007,0.007,0.007000000000000001,0.007,8.673617379884035e-19,0.14,0.145,0.14215000000000003,0.14150000000000001,0.001681517172080018,0.013000000000000001,0.014,0.013500000000000003,0.013500000000000002,0.0004999999999999995,0.061,0.063,0.061450000000000005,0.061,0.0006689544080129832,0.003,0.003,0.0030000000000000005,0.003,4.336808689942018e-19,32,32,4096,11008,32768,True,360,1
0.009000000000000001,0.012,0.01104761904761905,0.011,0.0005753831415997413,0.007,0.007,0.007000000000000001,0.007,8.673617379884035e-19,0.069,0.073,0.07020000000000001,0.07,0.0010770329614269,0.008,0.008,0.008000000000000002,0.008,1.734723475976807e-18,0.027,0.028,0.027200000000000002,0.027,0.00040000000000000034,0.007,0.007,0.007000000000000001,0.007,8.673617379884035e-19,0.139,0.146,0.14205000000000004,0.14100000000000001,0.002355313142662768,0.013000000000000001,0.014,0.013550000000000003,0.014,0.0004974937185533095,0.061,0.063,0.06155000000000001,0.0615,0.0005894913061275802,0.003,0.003,0.0030000000000000005,0.003,4.336808689942018e-19,32,32,4096,11008,32768,True,352,1
0.009000000000000001,0.011,0.010904761904761907,0.011,0.0004259177099999596,0.007,0.007,0.007000000000000001,0.007,8.673617379884035e-19,0.069,0.07200000000000001,0.06985000000000001,0.07,0.0007921489758877436,0.007,0.008,0.007950000000000002,0.008,0.00021794494717703366,0.026000000000000002,0.028,0.027100000000000006,0.027,0.0004358898943540673,0.007,0.007,0.007000000000000001,0.007,8.673617379884035e-19,0.139,0.14400000000000002,0.14170000000000002,0.14150000000000001,0.0017349351572897489,0.013000000000000001,0.015,0.013350000000000004,0.013000000000000001,0.0005722761571129793,0.06,0.062,0.06115,0.061,0.00047696960070847325,0.003,0.003,0.0030000000000000005,0.003,4.336808689942018e-19,32,32,4096,11008,32768,True,344,1
0.009000000000000001,0.011,0.010761904761904764,0.011,0.000525969572247012,0.007,0.007,0.007000000000000001,0.007,8.673617379884035e-19,0.07,0.073,0.07100000000000001,0.07100000000000001,0.0009999999999999968,0.007,0.008,0.0079,0.008,0.00030000000000000003,0.026000000000000002,0.028,0.02670000000000001,0.027,0.0005567764362830012,0.006,0.007,0.006900000000000002,0.007,0.00030000000000000003,0.139,0.148,0.14205,0.14100000000000001,0.0029912372022291955,0.013000000000000001,0.014,0.013100000000000004,0.013000000000000001,0.00029999999999999976,0.06,0.062,0.0612,0.061,0.0006782329983125274,0.003,0.003,0.0030000000000000005,0.003,4.336808689942018e-19,32,32,4096,11008,32768,True,336,1
0.009000000000000001,0.011,0.010571428571428574,0.011,0.0005832118435198037,0.007,0.007,0.007000000000000001,0.007,8.673617379884035e-19,0.069,0.075,0.07205,0.07200000000000001,0.0013219304066402246,0.007,0.008,0.007650000000000001,0.008,0.00047696960070847287,0.026000000000000002,0.027,0.02670000000000001,0.027,0.0004582575694955828,0.006,0.007,0.006900000000000002,0.007,0.00030000000000000003,0.138,0.146,0.14225000000000002,0.14200000000000002,0.0022776083947860684,0.013000000000000001,0.014,0.013100000000000004,0.013000000000000001,0.00029999999999999976,0.06,0.062,0.0606,0.061,0.0005830951894845307,0.003,0.003,0.0030000000000000005,0.003,4.336808689942018e-19,32,32,4096,11008,32768,True,328,1
0.008,0.011,0.01,0.01,0.0005345224838248486,0.006,0.007,0.006750000000000002,0.007,0.0004330127018922194,0.065,0.068,0.06625,0.066,0.0006224949798994371,0.008,0.009000000000000001,0.008650000000000001,0.009000000000000001,0.00047696960070847325,0.027,0.028,0.027200000000000002,0.027,0.00040000000000000034,0.006,0.007,0.006800000000000002,0.007,0.0004,0.106,0.107,0.1066,0.107,0.0004898979485566361,0.014,0.015,0.0142,0.014,0.0003999999999999996,0.06,0.061,0.060250000000000005,0.06,0.00043301270189221973,0.003,0.003,0.0030000000000000005,0.003,4.336808689942018e-19,32,32,4096,11008,32768,True,320,1
0.008,0.01,0.009904761904761908,0.01,0.00042591770999995997,0.006,0.007,0.006900000000000002,0.007,0.00030000000000000003,0.065,0.068,0.0661,0.066,0.0008306623862918082,0.008,0.009000000000000001,0.008600000000000002,0.009000000000000001,0.000489897948556636,0.027,0.028,0.027450000000000002,0.027,0.0004974937185533104,0.007,0.007,0.007000000000000001,0.007,8.673617379884035e-19,0.106,0.108,0.1066,0.107,0.0005830951894845307,0.014,0.015,0.014150000000000001,0.014,0.0003570714214271422,0.059000000000000004,0.061,0.0602,0.06,0.0005099019513592781,0.003,0.003,0.0030000000000000005,0.003,4.336808689942018e-19,32,32,4096,11008,32768,True,312,1
0.008,0.01,0.009857142857142861,0.01,0.0004665694748158434,0.006,0.007,0.006900000000000002,0.007,0.00030000000000000003,0.065,0.068,0.06620000000000001,0.066,0.0006782329983125274,0.008,0.009000000000000001,0.008500000000000002,0.0085,0.0005000000000000004,0.026000000000000002,0.028,0.027050000000000008,0.027,0.0003840572873934303,0.007,0.007,0.007000000000000001,0.007,8.673617379884035e-19,0.105,0.108,0.1066,0.107,0.0006633249580710807,0.014,0.015,0.014050000000000002,0.014,0.00021794494717703353,0.06,0.062,0.060399999999999995,0.06,0.0005830951894845307,0.002,0.003,0.0026500000000000004,0.003,0.00047696960070847287,32,32,4096,11008,32768,True,304,1
0.008,0.01,0.009714285714285717,0.01,0.0005471012044321931,0.006,0.007,0.006650000000000001,0.007,0.00047696960070847287,0.065,0.068,0.066,0.066,0.0007071067811865483,0.008,0.009000000000000001,0.008100000000000001,0.008,0.0003000000000000003,0.026000000000000002,0.028,0.027050000000000008,0.027,0.0003840572873934303,0.006,0.007,0.006950000000000002,0.007,0.00021794494717703366,0.106,0.107,0.1062,0.106,0.0004000000000000003,0.014,0.015,0.014050000000000002,0.014,0.00021794494717703353,0.059000000000000004,0.061,0.060050000000000006,0.06,0.000497493718553309,0.002,0.003,0.0021500000000000004,0.002,0.0003570714214271425,32,32,4096,11008,32768,True,296,1
0.008,0.01,0.009190476190476193,0.009000000000000001,0.0004994327848429291,0.006,0.007,0.006700000000000002,0.007,0.00045825756949558405,0.066,0.068,0.06645000000000001,0.066,0.0005894913061275802,0.008,0.009000000000000001,0.008150000000000001,0.008,0.0003570714214271428,0.026000000000000002,0.027,0.026350000000000005,0.026000000000000002,0.0004769696007084715,0.006,0.007,0.006950000000000002,0.007,0.00021794494717703366,0.106,0.108,0.10710000000000001,0.107,0.0006244997998398403,0.014,0.014,0.014000000000000002,0.014,1.734723475976807e-18,0.059000000000000004,0.061,0.05994999999999999,0.06,0.0005894913061275782,0.002,0.003,0.0022500000000000007,0.002,0.0004330127018922193,32,32,4096,11008,32768,True,288,1
0.007,0.01,0.00904761904761905,0.009000000000000001,0.0005753831415997414,0.006,0.007,0.006400000000000001,0.006,0.0004898979485566357,0.065,0.068,0.06620000000000001,0.066,0.0008717797887081355,0.007,0.008,0.007950000000000002,0.008,0.00021794494717703366,0.026000000000000002,0.027,0.026250000000000006,0.026000000000000002,0.0004330127018922182,0.006,0.007,0.006750000000000002,0.007,0.0004330127018922194,0.106,0.108,0.1068,0.107,0.0006782329983125273,0.013000000000000001,0.014,0.013950000000000004,0.014,0.00021794494717703353,0.059000000000000004,0.06,0.0596,0.06,0.0004898979485566328,0.002,0.002,0.0020000000000000005,0.002,4.336808689942018e-19,32,32,4096,11008,32768,True,280,1
0.007,0.009000000000000001,0.00885714285714286,0.009000000000000001,0.00046656947481584377,0.006,0.007,0.006100000000000001,0.006,0.00030000000000000003,0.066,0.069,0.06730000000000001,0.067,0.0007141428428542856,0.008,0.008,0.008000000000000002,0.008,1.734723475976807e-18,0.026000000000000002,0.027,0.026400000000000007,0.026000000000000002,0.0004898979485566343,0.006,0.007,0.006400000000000001,0.006,0.0004898979485566357,0.107,0.109,0.10755,0.107,0.0007399324293474377,0.013000000000000001,0.014,0.013700000000000004,0.014,0.0004582575694955836,0.059000000000000004,0.061,0.05990000000000001,0.06,0.0005385164807134486,0.002,0.002,0.0020000000000000005,0.002,4.336808689942018e-19,32,32,4096,11008,32768,True,272,1
0.007,0.009000000000000001,0.00885714285714286,0.009000000000000001,0.00046656947481584377,0.004,0.004,0.004000000000000001,0.004,8.673617379884035e-19,0.067,0.069,0.06765000000000002,0.0675,0.0007262919523166982,0.007,0.008,0.007250000000000001,0.007,0.00043301270189221935,0.026000000000000002,0.027,0.026050000000000007,0.026000000000000002,0.00021794494717703312,0.004,0.004,0.004000000000000001,0.004,8.673617379884035e-19,0.107,0.111,0.10900000000000001,0.109,0.0010954451150103333,0.009000000000000001,0.009000000000000001,0.009000000000000003,0.009000000000000001,1.734723475976807e-18,0.059000000000000004,0.061,0.059849999999999993,0.06,0.00047696960070847075,0.002,0.003,0.0020500000000000006,0.002,0.0002179449471770337,32,32,4096,11008,32768,True,264,1
0.007,0.009000000000000001,0.008619047619047622,0.009000000000000001,0.000575383141599742,0.004,0.004,0.004000000000000001,0.004,8.673617379884035e-19,0.051000000000000004,0.053,0.051750000000000004,0.052000000000000005,0.00053619026473818,0.006,0.008,0.007000000000000001,0.007,0.000316227766016838,0.021,0.022,0.021300000000000003,0.021,0.0004582575694955828,0.004,0.004,0.004000000000000001,0.004,8.673617379884035e-19,0.116,0.126,0.1179,0.11750000000000001,0.0021656407827707696,0.008,0.008,0.008000000000000002,0.008,1.734723475976807e-18,0.055,0.057,0.055700000000000006,0.056,0.0007141428428542857,0.002,0.002,0.0020000000000000005,0.002,4.336808689942018e-19,32,32,4096,11008,32768,True,256,1
0.007,0.009000000000000001,0.008142857142857144,0.008,0.0004665694748158438,0.004,0.004,0.004000000000000001,0.004,8.673617379884035e-19,0.051000000000000004,0.053,0.051750000000000004,0.052000000000000005,0.0006224949798994358,0.007,0.008,0.007050000000000001,0.007,0.0002179449471770337,0.021,0.022,0.021200000000000004,0.021,0.00039999999999999893,0.004,0.004,0.004000000000000001,0.004,8.673617379884035e-19,0.115,0.125,0.11769999999999999,0.11800000000000001,0.0019261360284258211,0.008,0.008,0.008000000000000002,0.008,1.734723475976807e-18,0.054,0.056,0.0548,0.055,0.0006000000000000006,0.002,0.002,0.0020000000000000005,0.002,4.336808689942018e-19,32,32,4096,11008,32768,True,248,1
0.007,0.008,0.007952380952380954,0.008,0.00021295885499997998,0.004,0.004,0.004000000000000001,0.004,8.673617379884035e-19,0.051000000000000004,0.053,0.05195000000000001,0.052000000000000005,0.0005894913061275785,0.007,0.007,0.007000000000000001,0.007,8.673617379884035e-19,0.021,0.022,0.021300000000000003,0.021,0.0004582575694955828,0.004,0.004,0.004000000000000001,0.004,8.673617379884035e-19,0.114,0.11900000000000001,0.11705000000000002,0.117,0.0011169153951844349,0.008,0.008,0.008000000000000002,0.008,1.734723475976807e-18,0.054,0.056,0.05550000000000001,0.056,0.0005916079783099621,0.002,0.002,0.0020000000000000005,0.002,4.336808689942018e-19,32,32,4096,11008,32768,True,240,1
0.006,0.008,0.007904761904761906,0.008,0.00042591770999995997,0.004,0.004,0.004000000000000001,0.004,8.673617379884035e-19,0.051000000000000004,0.053,0.05150000000000001,0.051000000000000004,0.000670820393249936,0.007,0.007,0.007000000000000001,0.007,8.673617379884035e-19,0.022,0.023,0.0221,0.022,0.00030000000000000024,0.004,0.004,0.004000000000000001,0.004,8.673617379884035e-19,0.116,0.127,0.11775000000000002,0.117,0.0023210988776870313,0.007,0.009000000000000001,0.008000000000000002,0.008,0.0003162277660168381,0.054,0.056,0.0548,0.055,0.000509901951359279,0.002,0.002,0.0020000000000000005,0.002,4.336808689942018e-19,32,32,4096,11008,32768,True,232,1
0.006,0.008,0.007809523809523811,0.008,0.0004994327848429294,0.004,0.004,0.004000000000000001,0.004,8.673617379884035e-19,0.046,0.048,0.04755000000000001,0.048,0.0005894913061275802,0.005,0.005,0.005000000000000001,0.005,8.673617379884035e-19,0.023,0.024,0.023100000000000002,0.023,0.00030000000000000024,0.004,0.004,0.004000000000000001,0.004,8.673617379884035e-19,0.115,0.11800000000000001,0.1167,0.1165,0.0009000000000000007,0.008,0.008,0.008000000000000002,0.008,1.734723475976807e-18,0.055,0.057,0.0561,0.056,0.0006244997998398403,0.002,0.002,0.0020000000000000005,0.002,4.336808689942018e-19,32,32,4096,11008,32768,True,224,1
0.006,0.008,0.0075238095238095255,0.008,0.0005870870479018073,0.004,0.004,0.004000000000000001,0.004,8.673617379884035e-19,0.046,0.049,0.04730000000000001,0.047,0.0006403124237432856,0.005,0.005,0.005000000000000001,0.005,8.673617379884035e-19,0.023,0.024,0.023400000000000004,0.023,0.000489897948556636,0.004,0.004,0.004000000000000001,0.004,8.673617379884035e-19,0.115,0.11800000000000001,0.11615000000000002,0.116,0.0009096702699330135,0.007,0.008,0.007950000000000002,0.008,0.00021794494717703366,0.055,0.057,0.05605000000000001,0.056,0.00038405728739343076,0.002,0.002,0.0020000000000000005,0.002,4.336808689942018e-19,32,32,4096,11008,32768,True,216,1
0.006,0.008,0.00704761904761905,0.007,0.00037495275590532435,0.004,0.004,0.004000000000000001,0.004,8.673617379884035e-19,0.047,0.048,0.04715000000000001,0.047,0.00035707142142714273,0.005,0.005,0.005000000000000001,0.005,8.673617379884035e-19,0.024,0.025,0.024500000000000004,0.0245,0.0005000000000000004,0.004,0.004,0.004000000000000001,0.004,8.673617379884035e-19,0.115,0.11800000000000001,0.11640000000000003,0.1165,0.0008000000000000008,0.007,0.009000000000000001,0.007850000000000001,0.008,0.00047696960070847287,0.058,0.059000000000000004,0.05835000000000001,0.058,0.0004769696007084732,0.002,0.002,0.0020000000000000005,0.002,4.336808689942018e-19,32,32,4096,11008,32768,True,208,1
0.006,0.008,0.007000000000000001,0.007,0.00030860669992418383,0.004,0.004,0.004000000000000001,0.004,8.673617379884035e-19,0.046,0.048,0.046950000000000006,0.047,0.0004974937185533105,0.005,0.005,0.005000000000000001,0.005,8.673617379884035e-19,0.025,0.025,0.025000000000000005,0.025,3.469446951953614e-18,0.004,0.004,0.004000000000000001,0.004,8.673617379884035e-19,0.114,0.129,0.11645000000000003,0.116,0.003057368149242089,0.007,0.008,0.007650000000000001,0.008,0.0004769696007084728,0.057,0.059000000000000004,0.05815,0.058,0.0005722761571129803,0.002,0.002,0.0020000000000000005,0.002,4.336808689942018e-19,32,32,4096,11008,32768,True,200,1
0.006,0.007,0.006952380952380955,0.007,0.00021295885499997996,0.004,0.004,0.004000000000000001,0.004,8.673617379884035e-19,0.049,0.051000000000000004,0.050400000000000014,0.05,0.0005830951894845307,0.007,0.007,0.007000000000000001,0.007,8.673617379884035e-19,0.019,0.02,0.019550000000000005,0.02,0.0004974937185533105,0.004,0.004,0.004000000000000001,0.004,8.673617379884035e-19,0.08600000000000001,0.089,0.0875,0.0875,0.0006708203932499312,0.008,0.009000000000000001,0.008100000000000001,0.008,0.0003000000000000003,0.046,0.048,0.04680000000000001,0.047,0.0006782329983125273,0.002,0.002,0.0020000000000000005,0.002,4.336808689942018e-19,32,32,4096,11008,32768,True,192,1
0.005,0.007,0.006666666666666669,0.007,0.000563436169819011,0.003,0.004,0.00395,0.004,0.0002179449471770337,0.049,0.052000000000000005,0.05050000000000001,0.051000000000000004,0.0008660254037844393,0.006,0.007,0.006750000000000002,0.007,0.0004330127018922194,0.019,0.02,0.019250000000000003,0.019,0.00043301270189221973,0.004,0.004,0.004000000000000001,0.004,8.673617379884035e-19,0.08600000000000001,0.088,0.087,0.08700000000000001,0.0005477225575051629,0.008,0.009000000000000001,0.008050000000000002,0.008,0.0002179449471770339,0.046,0.048,0.04680000000000001,0.047,0.000509901951359279,0.002,0.002,0.0020000000000000005,0.002,4.336808689942018e-19,32,32,4096,11008,32768,True,184,1
0.005,0.007,0.006333333333333335,0.006,0.0005634361698190111,0.004,0.004,0.004000000000000001,0.004,8.673617379884035e-19,0.05,0.052000000000000005,0.05115000000000001,0.051000000000000004,0.0005722761571129803,0.006,0.007,0.006300000000000002,0.006,0.000458257569495584,0.019,0.02,0.019500000000000003,0.0195,0.0005000000000000004,0.004,0.004,0.004000000000000001,0.004,8.673617379884035e-19,0.08700000000000001,0.088,0.08745,0.08700000000000001,0.0004974937185533034,0.008,0.009000000000000001,0.008100000000000001,0.008,0.0003000000000000003,0.046,0.047,0.04640000000000001,0.046,0.0004898979485566361,0.002,0.002,0.0020000000000000005,0.002,4.336808689942018e-19,32,32,4096,11008,32768,True,176,1
0.005,0.007,0.006142857142857144,0.006,0.0004665694748158435,0.004,0.004,0.004000000000000001,0.004,8.673617379884035e-19,0.049,0.051000000000000004,0.04985000000000001,0.05,0.0005722761571129803,0.006,0.007,0.006100000000000001,0.006,0.00030000000000000003,0.019,0.02,0.019400000000000004,0.019,0.000489897948556636,0.004,0.004,0.004000000000000001,0.004,8.673617379884035e-19,0.08600000000000001,0.08700000000000001,0.08670000000000001,0.08700000000000001,0.0004582575694955844,0.008,0.008,0.008000000000000002,0.008,1.734723475976807e-18,0.046,0.047,0.046250000000000006,0.046,0.0004330127018922198,0.002,0.002,0.0020000000000000005,0.002,4.336808689942018e-19,32,32,4096,11008,32768,True,168,1
0.005,0.006,0.005952380952380954,0.006,0.00021295885499997998,0.004,0.004,0.004000000000000001,0.004,8.673617379884035e-19,0.049,0.051000000000000004,0.05000000000000001,0.05,0.00044721359549995833,0.006,0.007,0.006150000000000001,0.006,0.0003570714214271425,0.019,0.02,0.019400000000000004,0.019,0.000489897948556636,0.004,0.004,0.004000000000000001,0.004,8.673617379884035e-19,0.08600000000000001,0.088,0.08685000000000001,0.08700000000000001,0.0004769696007084716,0.008,0.009000000000000001,0.008050000000000002,0.008,0.0002179449471770339,0.046,0.048,0.04655000000000001,0.0465,0.0005894913061275802,0.002,0.002,0.0020000000000000005,0.002,4.336808689942018e-19,32,32,4096,11008,32768,True,160,1
0.004,0.006,0.005904761904761906,0.006,0.00042591770999995997,0.004,0.004,0.004000000000000001,0.004,8.673617379884035e-19,0.049,0.051000000000000004,0.049650000000000014,0.05,0.0005722761571129803,0.006,0.007,0.006100000000000001,0.006,0.00030000000000000003,0.019,0.02,0.019250000000000003,0.019,0.00043301270189221973,0.004,0.004,0.004000000000000001,0.004,8.673617379884035e-19,0.085,0.08700000000000001,0.08595000000000001,0.08600000000000001,0.0007399324293474377,0.008,0.009000000000000001,0.008050000000000002,0.008,0.0002179449471770339,0.046,0.048,0.04640000000000001,0.046,0.0006633249580710806,0.002,0.002,0.0020000000000000005,0.002,4.336808689942018e-19,32,32,4096,11008,32768,True,152,1
0.004,0.006,0.00580952380952381,0.006,0.0004994327848429294,0.004,0.004,0.004000000000000001,0.004,8.673617379884035e-19,0.049,0.051000000000000004,0.05030000000000001,0.05,0.0005567764362830027,0.006,0.006,0.006000000000000001,0.006,8.673617379884035e-19,0.019,0.02,0.019300000000000005,0.019,0.0004582575694955844,0.004,0.004,0.004000000000000001,0.004,8.673617379884035e-19,0.085,0.088,0.08605000000000002,0.08600000000000001,0.0005894913061275781,0.008,0.009000000000000001,0.008050000000000002,0.008,0.0002179449471770339,0.046,0.048,0.04660000000000001,0.047,0.0005830951894845306,0.002,0.002,0.0020000000000000005,0.002,4.336808689942018e-19,32,32,4096,11008,32768,True,144,1
0.004,0.006,0.00561904761904762,0.006,0.0005753831415997415,0.004,0.004,0.004000000000000001,0.004,8.673617379884035e-19,0.049,0.051000000000000004,0.049650000000000014,0.05,0.0005722761571129803,0.005,0.006,0.005950000000000001,0.006,0.00021794494717703366,0.019,0.02,0.019200000000000002,0.019,0.00040000000000000034,0.004,0.004,0.004000000000000001,0.004,8.673617379884035e-19,0.113,0.123,0.11764999999999999,0.1165,0.0037319565913874154,0.007,0.007,0.007000000000000001,0.007,8.673617379884035e-19,0.044,0.046,0.044550000000000006,0.044,0.0006689544080129832,0.002,0.002,0.0020000000000000005,0.002,4.336808689942018e-19,32,32,4096,11008,32768,True,136,1
0.004,0.006,0.005000000000000001,0.005,0.00030860669992418383,0.004,0.004,0.004000000000000001,0.004,8.673617379884035e-19,0.039,0.041,0.04025000000000001,0.04,0.0005361902647381809,0.004,0.004,0.004000000000000001,0.004,8.673617379884035e-19,0.019,0.02,0.019100000000000002,0.019,0.00030000000000000024,0.004,0.004,0.004000000000000001,0.004,8.673617379884035e-19,0.069,0.07100000000000001,0.0699,0.07,0.0007000000000000005,0.005,0.005,0.005000000000000001,0.005,8.673617379884035e-19,0.047,0.049,0.04800000000000001,0.048,0.0005477225575051665,0.001,0.002,0.0015000000000000002,0.0015,0.0005,32,32,4096,11008,32768,True,128,1
0.004,0.006,0.005000000000000001,0.005,0.00030860669992418383,0.003,0.004,0.00395,0.004,0.0002179449471770337,0.039,0.041,0.04000000000000001,0.04,0.0005477225575051667,0.004,0.004,0.004000000000000001,0.004,8.673617379884035e-19,0.018000000000000002,0.019,0.018050000000000004,0.018000000000000002,0.00021794494717703315,0.004,0.004,0.004000000000000001,0.004,8.673617379884035e-19,0.07100000000000001,0.074,0.07205,0.07200000000000001,0.0007399324293474332,0.007,0.008,0.007050000000000001,0.007,0.0002179449471770337,0.044,0.046,0.04530000000000001,0.045,0.0006403124237432854,0.001,0.002,0.0015500000000000004,0.002,0.0004974937185533098,32,32,4096,11008,32768,True,120,1
0.004,0.005,0.004952380952380954,0.005,0.00021295885499997998,0.003,0.004,0.0038000000000000004,0.004,0.0004,0.039,0.041,0.04000000000000001,0.04,0.00044721359549995833,0.004,0.004,0.004000000000000001,0.004,8.673617379884035e-19,0.018000000000000002,0.019,0.018200000000000004,0.018000000000000002,0.00039999999999999893,0.003,0.004,0.0039000000000000007,0.004,0.00030000000000000003,0.07,0.07200000000000001,0.07150000000000001,0.07200000000000001,0.0005916079783099621,0.007,0.008,0.007050000000000001,0.007,0.0002179449471770337,0.044,0.046,0.04505000000000001,0.045,0.0005894913061275804,0.001,0.002,0.0018500000000000003,0.002,0.0003570714214271425,32,32,4096,11008,32768,True,112,1
0.003,0.005,0.004809523809523811,0.005,0.0004994327848429294,0.003,0.004,0.0037000000000000006,0.004,0.00045825756949558405,0.039,0.04,0.039650000000000005,0.04,0.00047696960070847325,0.004,0.004,0.004000000000000001,0.004,8.673617379884035e-19,0.018000000000000002,0.018000000000000002,0.018000000000000006,0.018000000000000002,3.469446951953614e-18,0.003,0.004,0.0036500000000000005,0.004,0.0004769696007084729,0.07,0.07200000000000001,0.07165000000000002,0.07200000000000001,0.0005722761571129803,0.007,0.007,0.007000000000000001,0.007,8.673617379884035e-19,0.044,0.046,0.044750000000000005,0.045,0.0005361902647381809,0.001,0.002,0.0011000000000000003,0.001,0.00030000000000000003,32,32,4096,11008,32768,True,104,1
0.003,0.005,0.004142857142857144,0.004,0.0004665694748158435,0.003,0.004,0.0034500000000000004,0.003,0.0004974937185533101,0.063,0.065,0.06375,0.064,0.0006224949798994371,0.005,0.006,0.005950000000000001,0.006,0.00021794494717703366,0.017,0.019,0.018000000000000006,0.018000000000000002,0.00031622776601683767,0.003,0.004,0.003450000000000001,0.003,0.0004974937185533101,0.067,0.068,0.06760000000000001,0.068,0.0004898979485566361,0.007,0.007,0.007000000000000001,0.007,8.673617379884035e-19,0.043000000000000003,0.045,0.044300000000000006,0.044,0.000556776436283002,0.001,0.002,0.0011000000000000003,0.001,0.00030000000000000003,32,32,4096,11008,32768,True,96,1
0.003,0.005,0.004047619047619048,0.004,0.0003749527559053243,0.003,0.004,0.003400000000000001,0.003,0.0004898979485566357,0.063,0.065,0.0637,0.064,0.0006403124237432854,0.006,0.007,0.0060500000000000016,0.006,0.0002179449471770337,0.017,0.018000000000000002,0.017900000000000006,0.018000000000000002,0.0003000000000000003,0.003,0.004,0.003300000000000001,0.003,0.00045825756949558405,0.067,0.068,0.06735,0.067,0.00047696960070847325,0.007,0.008,0.0071,0.007,0.00030000000000000003,0.043000000000000003,0.045,0.04415000000000001,0.044,0.0005722761571129789,0.001,0.002,0.0011000000000000003,0.001,0.00030000000000000003,32,32,4096,11008,32768,True,88,1
0.003,0.005,0.004000000000000001,0.004,0.00030860669992418383,0.003,0.004,0.0034500000000000004,0.003,0.0004974937185533101,0.063,0.065,0.06395,0.064,0.00038405728739343076,0.005,0.006,0.005900000000000001,0.006,0.00030000000000000003,0.017,0.019,0.017950000000000004,0.018000000000000002,0.0003840572873934303,0.003,0.004,0.003400000000000001,0.003,0.0004898979485566357,0.066,0.068,0.06745000000000001,0.0675,0.0005894913061275802,0.007,0.007,0.007000000000000001,0.007,8.673617379884035e-19,0.043000000000000003,0.045,0.04395,0.044,0.00038405728739342903,0.001,0.001,0.0010000000000000002,0.001,2.168404344971009e-19,32,32,4096,11008,32768,True,80,1
0.003,0.004,0.003952380952380953,0.004,0.00021295885499997998,0.003,0.004,0.0032500000000000007,0.003,0.0004330127018922193,0.063,0.064,0.06355000000000002,0.064,0.0004974937185533105,0.005,0.006,0.0056500000000000005,0.006,0.00047696960070847287,0.017,0.019,0.017800000000000003,0.018000000000000002,0.0005099019513592786,0.003,0.004,0.0032000000000000006,0.003,0.0004,0.066,0.068,0.06735,0.067,0.0005722761571129803,0.007,0.007,0.007000000000000001,0.007,8.673617379884035e-19,0.043000000000000003,0.044,0.043500000000000004,0.0435,0.0004999999999999969,0.001,0.002,0.0010500000000000002,0.001,0.00021794494717703366,32,32,4096,11008,32768,True,72,1
0.003,0.004,0.003238095238095239,0.003,0.0004259177099999599,0.003,0.004,0.0031000000000000008,0.003,0.0003,0.039,0.04,0.039150000000000004,0.039,0.00035707142142714284,0.004,0.004,0.004000000000000001,0.004,8.673617379884035e-19,0.015,0.017,0.016000000000000004,0.016,0.0003162277660168382,0.003,0.004,0.0031000000000000008,0.003,0.0003,0.065,0.067,0.06570000000000001,0.066,0.0005567764362830027,0.006,0.007,0.006950000000000002,0.007,0.00021794494717703366,0.038,0.04,0.039150000000000004,0.039,0.0005722761571129803,0.001,0.001,0.0010000000000000002,0.001,2.168404344971009e-19,32,32,4096,11008,32768,True,64,1
0.003,0.004,0.003142857142857144,0.003,0.00034992710611188256,0.003,0.004,0.0031000000000000008,0.003,0.0003,0.039,0.04,0.039450000000000006,0.039,0.0004974937185533104,0.004,0.004,0.004000000000000001,0.004,8.673617379884035e-19,0.015,0.016,0.015900000000000004,0.016,0.0003000000000000003,0.003,0.004,0.003400000000000001,0.003,0.0004898979485566357,0.065,0.066,0.06580000000000001,0.066,0.00040000000000000034,0.006,0.007,0.006900000000000002,0.007,0.00030000000000000003,0.038,0.04,0.03855000000000001,0.0385,0.0005894913061275802,0.001,0.001,0.0010000000000000002,0.001,2.168404344971009e-19,32,32,4096,11008,32768,True,56,1
0.002,0.004,0.0030000000000000005,0.003,0.00030860669992418383,0.003,0.004,0.0031000000000000008,0.003,0.0003,0.039,0.04,0.039150000000000004,0.039,0.00035707142142714284,0.004,0.004,0.004000000000000001,0.004,8.673617379884035e-19,0.015,0.016,0.015900000000000004,0.016,0.0003000000000000003,0.003,0.004,0.0030500000000000006,0.003,0.0002179449471770337,0.065,0.066,0.0655,0.0655,0.0005000000000000004,0.006,0.007,0.006850000000000002,0.007,0.0003570714214271425,0.038,0.039,0.03860000000000001,0.039,0.000489897948556636,0.001,0.001,0.0010000000000000002,0.001,2.168404344971009e-19,32,32,4096,11008,32768,True,48,1
0.002,0.004,0.003047619047619048,0.003,0.0003749527559053243,0.003,0.004,0.0030500000000000006,0.003,0.0002179449471770337,0.038,0.04,0.03905000000000001,0.039,0.00038405728739343076,0.004,0.004,0.004000000000000001,0.004,8.673617379884035e-19,0.015,0.016,0.015550000000000003,0.016,0.0004974937185533105,0.003,0.004,0.0032000000000000006,0.003,0.00039999999999999996,0.064,0.066,0.0647,0.065,0.0005567764362830027,0.006,0.007,0.006900000000000002,0.007,0.00030000000000000003,0.038,0.04,0.038700000000000005,0.039,0.0005567764362830027,0.001,0.001,0.0010000000000000002,0.001,2.168404344971009e-19,32,32,4096,11008,32768,True,40,1
0.002,0.003,0.00280952380952381,0.003,0.000392676726249301,0.003,0.004,0.0031000000000000008,0.003,0.0003,0.037,0.038,0.03715,0.037,0.0003570714214271428,0.004,0.005,0.004950000000000001,0.005,0.00021794494717703366,0.016,0.017,0.016050000000000002,0.016,0.0002179449471770339,0.003,0.003,0.0030000000000000005,0.003,4.336808689942018e-19,0.065,0.066,0.06570000000000001,0.066,0.00045825756949558437,0.006,0.007,0.0065000000000000014,0.006500000000000001,0.0005,0.038,0.039,0.038400000000000004,0.038,0.000489897948556636,0.001,0.001,0.0010000000000000002,0.001,2.168404344971009e-19,32,32,4096,11008,32768,True,32,1
0.002,0.003,0.0023809523809523816,0.002,0.0004856209060564557,0.003,0.004,0.0030500000000000006,0.003,0.0002179449471770337,0.037,0.039,0.03755000000000001,0.0375,0.0005894913061275802,0.005,0.005,0.005000000000000001,0.005,8.673617379884035e-19,0.016,0.017,0.016050000000000002,0.016,0.0002179449471770339,0.003,0.003,0.0030000000000000005,0.003,4.336808689942018e-19,0.064,0.067,0.06560000000000002,0.066,0.0009695359714832667,0.006,0.007,0.006400000000000001,0.006,0.0004898979485566357,0.037,0.039,0.03785000000000001,0.038,0.0004769696007084732,0.001,0.001,0.0010000000000000002,0.001,2.168404344971009e-19,32,32,4096,11008,32768,True,24,1
0.007,0.011,0.01080952380952381,0.011,0.0008518354199999198,0.003,0.004,0.003150000000000001,0.003,0.0003570714214271425,0.039,0.041,0.04000000000000001,0.04,0.0005477225575051667,0.004,0.004,0.004000000000000001,0.004,8.673617379884035e-19,0.016,0.016,0.016000000000000004,0.016,3.469446951953614e-18,0.003,0.004,0.0030500000000000006,0.003,0.0002179449471770337,0.065,0.067,0.06550000000000002,0.065,0.0005916079783099622,0.006,0.007,0.0065000000000000014,0.006500000000000001,0.0005,0.035,0.037,0.03555000000000001,0.035500000000000004,0.0005894913061275794,0.001,0.001,0.0010000000000000002,0.001,2.168404344971009e-19,32,32,4096,11008,32768,True,16,1
0.004,0.006,0.005904761904761906,0.006,0.00042591770999995997,0.003,0.004,0.0030500000000000006,0.003,0.0002179449471770337,0.036000000000000004,0.037,0.03635000000000001,0.036000000000000004,0.0004769696007084699,0.004,0.004,0.004000000000000001,0.004,8.673617379884035e-19,0.015,0.016,0.015100000000000002,0.015,0.00030000000000000024,0.003,0.004,0.0031000000000000008,0.003,0.0003,0.063,0.065,0.06409999999999999,0.064,0.0007681145747868615,0.006,0.007,0.006300000000000002,0.006,0.000458257569495584,0.034,0.035,0.03455000000000001,0.035,0.0004974937185533104,0.001,0.002,0.0010500000000000002,0.001,0.00021794494717703366,32,32,4096,11008,32768,True,8,1
0.002,0.004,0.0037619047619047627,0.004,0.0005259695722470124,0.003,0.004,0.003150000000000001,0.003,0.0003570714214271425,0.035,0.037,0.03595000000000001,0.036000000000000004,0.0003840572873934298,0.004,0.004,0.004000000000000001,0.004,8.673617379884035e-19,0.015,0.016,0.015150000000000002,0.015,0.0003570714214271428,0.003,0.004,0.0031000000000000008,0.003,0.0003,0.062,0.064,0.06304999999999998,0.063,0.0004974937185533104,0.006,0.007,0.006150000000000001,0.006,0.0003570714214271425,0.034,0.035,0.03445000000000001,0.034,0.0004974937185533104,0.001,0.001,0.0010000000000000002,0.001,2.168404344971009e-19,32,32,4096,11008,32768,True,4,1
0.002,0.002,0.0020000000000000005,0.002,4.336808689942018e-19,0.003,0.004,0.003150000000000001,0.003,0.0003570714214271425,0.035,0.036000000000000004,0.03550000000000001,0.035500000000000004,0.0005000000000000004,0.004,0.004,0.004000000000000001,0.004,8.673617379884035e-19,0.015,0.015,0.015000000000000003,0.015,3.469446951953614e-18,0.003,0.004,0.0032000000000000006,0.003,0.0004,0.063,0.064,0.06325,0.063,0.00043301270189221973,0.006,0.007,0.006100000000000001,0.006,0.00030000000000000003,0.033,0.035,0.03425000000000001,0.034,0.0005361902647381809,0.001,0.001,0.0010000000000000002,0.001,2.168404344971009e-19,32,32,4096,11008,32768,True,2,1
0.001,0.002,0.0019523809523809528,0.002,0.00021295885499997998,0.003,0.004,0.0037000000000000006,0.004,0.00045825756949558405,0.037,0.038,0.03710000000000001,0.037,0.0003000000000000003,0.004,0.004,0.004000000000000001,0.004,8.673617379884035e-19,0.015,0.016,0.015300000000000003,0.015,0.0004582575694955844,0.003,0.004,0.003150000000000001,0.003,0.0003570714214271425,0.063,0.064,0.06349999999999999,0.0635,0.0005000000000000004,0.005,0.006,0.005950000000000001,0.006,0.00021794494717703366,0.038,0.039,0.03835000000000001,0.038,0.0004769696007084732,0.001,0.001,0.0010000000000000002,0.001,2.168404344971009e-19,32,32,4096,11008,32768,True,1,1
0.109,0.114,0.11180952380952383,0.112,0.0012580804584402777,0.06,0.062,0.060899999999999996,0.061,0.0007000000000000005,0.276,0.281,0.27840000000000004,0.278,0.0015297058540778368,0.04,0.041,0.040900000000000006,0.041,0.0003000000000000003,0.099,0.10200000000000001,0.10025000000000002,0.1,0.0010428326807307114,0.063,0.065,0.0637,0.064,0.0006403124237432853,0.495,0.5,0.49725,0.497,0.0015124483462254188,0.073,0.074,0.07335,0.073,0.0004769696007084732,0.20800000000000002,0.216,0.21115000000000003,0.209,0.0028683619018526896,0.03,0.031,0.030200000000000005,0.03,0.0004000000000000003,32,32,4096,11008,32768,True,4096,2
0.11,0.114,0.11161904761904763,0.112,0.0009499970163457153,0.06,0.061,0.0605,0.0605,0.0005000000000000004,0.276,0.28,0.2771500000000001,0.277,0.0009630680142129119,0.04,0.041,0.040900000000000006,0.041,0.0003000000000000003,0.099,0.1,0.09935000000000002,0.099,0.00047696960070847325,0.063,0.064,0.06325,0.063,0.00043301270189221973,0.495,0.499,0.49725,0.497,0.0010897247358851695,0.073,0.074,0.07319999999999999,0.073,0.00040000000000000034,0.20700000000000002,0.209,0.20825,0.20800000000000002,0.0005361902647381693,0.03,0.031,0.030200000000000005,0.03,0.0004000000000000003,32,32,4096,11008,32768,True,4096,2
0.11,0.112,0.11133333333333335,0.111,0.0005634361698190116,0.06,0.062,0.06104999999999999,0.061,0.00038405728739343076,0.278,0.281,0.2796,0.2795,0.0009165151389911687,0.04,0.041,0.04060000000000001,0.041,0.000489897948556636,0.093,0.105,0.0951,0.0945,0.002467792535850613,0.063,0.065,0.06385,0.064,0.0004769696007084733,0.497,0.5,0.4985000000000001,0.4985,0.0006708203932499375,0.07200000000000001,0.073,0.07270000000000001,0.073,0.00045825756949557803,0.212,0.215,0.21334999999999998,0.213,0.0007921489758877436,0.029,0.03,0.029800000000000004,0.03,0.000399999999999999,32,32,4096,11008,32768,True,4064,2
0.109,0.114,0.11119047619047621,0.111,0.0011799534946060836,0.06,0.062,0.0607,0.061,0.0005567764362830027,0.278,0.28300000000000003,0.2803,0.281,0.0014177446878757835,0.039,0.041,0.04005000000000001,0.04,0.00038405728739343076,0.098,0.10200000000000001,0.10000000000000002,0.1,0.0010488088481701524,0.063,0.064,0.06380000000000001,0.064,0.00040000000000000034,0.497,0.501,0.49985,0.5,0.001061838029079766,0.07200000000000001,0.073,0.07225000000000001,0.07200000000000001,0.0004330127018922137,0.212,0.22,0.21589999999999998,0.217,0.00264386081328046,0.029,0.03,0.029250000000000005,0.029,0.0004330127018922182,32,32,4096,11008,32768,True,4032,2
0.108,0.112,0.11014285714285717,0.11,0.0011664236870396096,0.059000000000000004,0.061,0.0602,0.06,0.0006782329983125256,0.277,0.28200000000000003,0.27969999999999995,0.28,0.0015524174696260036,0.039,0.04,0.03985000000000001,0.04,0.00035707142142714284,0.099,0.10200000000000001,0.10025000000000002,0.1,0.0011779218989389757,0.063,0.065,0.06394999999999999,0.064,0.0007399324293474377,0.497,0.502,0.49955,0.4995,0.0012835497652993449,0.07100000000000001,0.07200000000000001,0.07160000000000001,0.07200000000000001,0.0004898979485566361,0.234,0.243,0.2384,0.24,0.003215587038162695,0.028,0.029,0.0284,0.028,0.0004898979485566361,32,32,4096,11008,32768,True,4000,2
0.107,0.111,0.10852380952380954,0.108,0.0008518354199999206,0.057,0.059000000000000004,0.05800000000000001,0.058,0.0003162277660168382,0.277,0.28,0.27775000000000005,0.2775,0.0008874119674649432,0.039,0.04,0.03910000000000001,0.039,0.0003000000000000003,0.099,0.101,0.10029999999999999,0.1,0.0007141428428542856,0.062,0.063,0.06265,0.063,0.00047696960070847314,0.489,0.494,0.4911499999999999,0.491,0.0011947803145348531,0.07,0.07100000000000001,0.07025,0.07,0.00043301270189221973,0.212,0.216,0.21345,0.213,0.0009733961166965902,0.029,0.03,0.029550000000000003,0.03,0.0004974937185533088,32,32,4096,11008,32768,True,3968,2
0.108,0.111,0.10933333333333335,0.109,0.0009428090415820641,0.058,0.059000000000000004,0.058100000000000006,0.058,0.00030000000000000024,0.278,0.28,0.27925000000000005,0.279,0.0006224949798994371,0.039,0.04,0.03910000000000001,0.039,0.0003000000000000003,0.095,0.107,0.09845000000000001,0.097,0.003293554311074892,0.061,0.062,0.06119999999999999,0.061,0.00040000000000000034,0.498,0.501,0.49910000000000004,0.499,0.0009433981132056611,0.069,0.07,0.06985000000000001,0.07,0.0003570714214271428,0.217,0.219,0.21774999999999997,0.218,0.0007664854858377953,0.028,0.029,0.028300000000000002,0.028,0.0004582575694955844,32,32,4096,11008,32768,True,3936,2
0.106,0.111,0.10780952380952384,0.108,0.0010962728031639378,0.057,0.059000000000000004,0.05800000000000001,0.058,0.0003162277660168382,0.277,0.279,0.2779,0.278,0.0006244997998398403,0.038,0.039,0.038900000000000004,0.039,0.0003000000000000003,0.099,0.101,0.10005,0.1,0.0008046738469715547,0.06,0.062,0.060950000000000004,0.061,0.0004974937185533105,0.5,0.506,0.5024,0.502,0.0014282856857085711,0.069,0.07,0.0691,0.069,0.00030000000000000024,0.23600000000000002,0.242,0.2386,0.23800000000000002,0.0017146428199482152,0.027,0.028,0.027350000000000003,0.027,0.00047696960070847314,32,32,4096,11008,32768,True,3904,2
0.105,0.11,0.1069047619047619,0.107,0.0011086139739831264,0.057,0.059000000000000004,0.057550000000000004,0.0575,0.0005894913061275804,0.277,0.281,0.27775000000000005,0.2775,0.0009937303457175904,0.038,0.039,0.038450000000000005,0.038,0.0004974937185533104,0.099,0.10200000000000001,0.10045000000000001,0.1,0.0007399324293474377,0.06,0.062,0.0608,0.061,0.0006782329983125276,0.499,0.503,0.50085,0.501,0.0011079259903080177,0.068,0.069,0.06855,0.069,0.0004974937185533104,0.23600000000000002,0.246,0.2387,0.23800000000000002,0.002260530911091455,0.027,0.028,0.027200000000000002,0.027,0.00040000000000000034,32,32,4096,11008,32768,True,3872,2
0.10400000000000001,0.107,0.10523809523809526,0.105,0.000683461909257491,0.056,0.057,0.05685,0.057,0.00035707142142714284,0.258,0.26,0.25880000000000003,0.259,0.0008124038404635967,0.038,0.039,0.038250000000000006,0.038,0.0004330127018922198,0.088,0.089,0.0884,0.088,0.0004898979485566361,0.06,0.061,0.06015,0.06,0.00035707142142714284,0.47300000000000003,0.47800000000000004,0.4759500000000001,0.47600000000000003,0.0010712142642814286,0.069,0.07,0.06925,0.069,0.00043301270189221973,0.212,0.215,0.2136,0.214,0.0008000000000000007,0.027,0.028,0.027250000000000003,0.027,0.00043301270189221973,32,32,4096,11008,32768,True,3840,2
0.10400000000000001,0.107,0.10485714285714287,0.105,0.0010367400503370069,0.056,0.057,0.056400000000000006,0.056,0.000489897948556636,0.257,0.261,0.2590500000000001,0.259,0.00086458082328953,0.037,0.039,0.038000000000000006,0.038,0.00044721359549995833,0.088,0.09,0.08859999999999998,0.089,0.0005830951894845307,0.059000000000000004,0.061,0.05995,0.06,0.0005894913061275781,0.47500000000000003,0.47800000000000004,0.47655000000000003,0.47700000000000004,0.0009205976319760993,0.067,0.068,0.0675,0.0675,0.0005000000000000004,0.212,0.216,0.21395,0.214,0.0008645808232895299,0.027,0.028,0.02705,0.027,0.0002179449471770339,32,32,4096,11008,32768,True,3808,2
0.101,0.105,0.10261904761904764,0.10300000000000001,0.0008438116736509203,0.055,0.056,0.05565000000000001,0.056,0.00047696960070847325,0.257,0.259,0.2579,0.258,0.0007000000000000008,0.037,0.038,0.03755000000000001,0.038,0.0004974937185533104,0.088,0.089,0.0885,0.0885,0.0005000000000000004,0.059000000000000004,0.06,0.05965,0.06,0.00047696960070846994,0.47300000000000003,0.47600000000000003,0.47475000000000006,0.47500000000000003,0.0008874119674649433,0.067,0.067,0.06699999999999999,0.067,1.3877787807814457e-17,0.211,0.214,0.21234999999999998,0.212,0.0006538348415311016,0.026000000000000002,0.028,0.026900000000000007,0.027,0.0005385164807134497,32,32,4096,11008,32768,True,3776,2
0.10200000000000001,0.105,0.10323809523809527,0.10300000000000001,0.0007499055118106477,0.054,0.056,0.05450000000000001,0.054,0.0006708203932499376,0.258,0.261,0.2595,0.2595,0.0006708203932499376,0.037,0.038,0.03710000000000001,0.037,0.0003000000000000003,0.088,0.091,0.08935000000000001,0.089,0.0006538348415311016,0.059000000000000004,0.06,0.059800000000000006,0.06,0.0003999999999999976,0.47400000000000003,0.47800000000000004,0.4764500000000001,0.47700000000000004,0.0013219304066402298,0.066,0.067,0.06670000000000001,0.067,0.0004582575694955844,0.212,0.218,0.2157,0.216,0.0016763054614240224,0.026000000000000002,0.027,0.026250000000000006,0.026000000000000002,0.0004330127018922182,32,32,4096,11008,32768,True,3744,2
0.1,0.10300000000000001,0.10185714285714287,0.10200000000000001,0.0008329931278350436,0.053,0.053,0.053000000000000005,0.053,6.938893903907228e-18,0.256,0.258,0.25684999999999997,0.257,0.0007921489758877438,0.036000000000000004,0.038,0.036950000000000004,0.037,0.0004974937185533084,0.088,0.089,0.08825000000000001,0.088,0.0004330127018922197,0.058,0.06,0.059050000000000005,0.059000000000000004,0.0005894913061275782,0.483,0.488,0.485,0.485,0.0011832159566199242,0.066,0.067,0.06620000000000001,0.066,0.0004000000000000003,0.211,0.213,0.21190000000000003,0.212,0.0007000000000000006,0.026000000000000002,0.027,0.026250000000000006,0.026000000000000002,0.0004330127018922182,32,32,4096,11008,32768,True,3712,2
0.1,0.10300000000000001,0.10142857142857145,0.10200000000000001,0.000903507902905252,0.052000000000000005,0.054,0.053149999999999996,0.053,0.00047696960070847243,0.256,0.26,0.25810000000000005,0.258,0.0012206555615733715,0.036000000000000004,0.037,0.03675000000000001,0.037,0.0004330127018922167,0.088,0.09,0.0889,0.089,0.0007000000000000008,0.057,0.058,0.05755000000000001,0.058,0.0004974937185533104,0.47100000000000003,0.47600000000000003,0.47375000000000006,0.47400000000000003,0.001577181029558752,0.065,0.066,0.0653,0.065,0.0004582575694955844,0.211,0.217,0.21425000000000005,0.2145,0.002094636006565343,0.025,0.027,0.026100000000000005,0.026000000000000002,0.0004358898943540667,32,32,4096,11008,32768,True,3680,2
0.098,0.10200000000000001,0.09971428571428573,0.099,0.000982846068597634,0.052000000000000005,0.053,0.05270000000000001,0.053,0.00045825756949558123,0.254,0.257,0.25575000000000003,0.256,0.0008291561975888507,0.036000000000000004,0.037,0.03605000000000001,0.036000000000000004,0.00021794494717703236,0.08700000000000001,0.089,0.0878,0.088,0.0005099019513592735,0.056,0.058,0.05695,0.057,0.0004974937185533105,0.47000000000000003,0.47300000000000003,0.471,0.47100000000000003,0.0008366600265340762,0.064,0.065,0.06405000000000001,0.064,0.00021794494717703385,0.21,0.213,0.2117,0.212,0.0009539392014169465,0.026000000000000002,0.027,0.026250000000000006,0.026000000000000002,0.0004330127018922182,32,32,4096,11008,32768,True,3648,2
0.097,0.1,0.09814285714285716,0.098,0.0007095078297976833,0.052000000000000005,0.053,0.052050000000000006,0.052000000000000005,0.0002179449471770324,0.255,0.257,0.25604999999999994,0.256,0.0007399324293474377,0.035,0.037,0.03590000000000001,0.036000000000000004,0.00043588989435406684,0.08700000000000001,0.089,0.08820000000000001,0.088,0.0005999999999999978,0.056,0.057,0.05645,0.056,0.0004974937185533104,0.468,0.47200000000000003,0.47009999999999996,0.47000000000000003,0.0012609520212918503,0.063,0.065,0.06400000000000002,0.064,0.0003162277660168382,0.211,0.213,0.21165000000000003,0.212,0.0006538348415311016,0.025,0.026000000000000002,0.025350000000000004,0.025,0.00047696960070847314,32,32,4096,11008,32768,True,3616,2
0.097,0.1,0.09857142857142859,0.099,0.0009547589359887351,0.051000000000000004,0.052000000000000005,0.05180000000000001,0.052000000000000005,0.00040000000000000034,0.252,0.255,0.25360000000000005,0.2535,0.0008000000000000007,0.034,0.035,0.03480000000000001,0.035,0.00040000000000000034,0.082,0.091,0.08490000000000002,0.084,0.00275499546279118,0.056,0.057,0.05625,0.056,0.00043301270189221973,0.444,0.446,0.44535,0.445,0.0005722761571129803,0.063,0.064,0.06355,0.064,0.0004974937185533104,0.20800000000000002,0.212,0.20905000000000004,0.209,0.0012031209415515867,0.025,0.026000000000000002,0.025200000000000007,0.025,0.0004000000000000003,32,32,4096,11008,32768,True,3584,2
0.096,0.099,0.0973809523809524,0.097,0.000722178613719196,0.051000000000000004,0.052000000000000005,0.051250000000000004,0.051000000000000004,0.0004330127018922198,0.252,0.255,0.25365,0.254,0.0007921489758877436,0.034,0.035,0.034100000000000005,0.034,0.00030000000000000024,0.083,0.091,0.08584999999999998,0.085,0.002779838124783524,0.055,0.057,0.05615000000000001,0.056,0.0004769696007084733,0.444,0.448,0.4459999999999999,0.446,0.0010488088481701524,0.063,0.063,0.06299999999999999,0.063,1.3877787807814457e-17,0.209,0.212,0.21034999999999998,0.21,0.0008529361054615998,0.025,0.026000000000000002,0.025150000000000006,0.025,0.00035707142142714284,32,32,4096,11008,32768,True,3552,2
0.095,0.1,0.09723809523809525,0.097,0.0013418097908195605,0.051000000000000004,0.052000000000000005,0.051400000000000015,0.051000000000000004,0.000489897948556636,0.251,0.257,0.2542,0.253,0.001964688270438852,0.033,0.034,0.03395000000000001,0.034,0.00021794494717703385,0.08600000000000001,0.09,0.0876,0.08700000000000001,0.001392838827718407,0.055,0.058,0.05635000000000001,0.056,0.0007921489758877437,0.443,0.449,0.44535,0.4445,0.002056088519495211,0.062,0.064,0.06275,0.063,0.0005361902647381809,0.20700000000000002,0.219,0.21205000000000002,0.21,0.004224630161327728,0.024,0.025,0.024900000000000005,0.025,0.0003000000000000003,32,32,4096,11008,32768,True,3520,2
0.095,0.099,0.09623809523809526,0.096,0.0011086139739831264,0.05,0.052000000000000005,0.050900000000000015,0.051000000000000004,0.000538516480713451,0.253,0.257,0.2552,0.2555,0.0013638181696985867,0.033,0.034,0.033400000000000006,0.033,0.000489897948556636,0.08700000000000001,0.09,0.0885,0.089,0.0007416198487095642,0.055,0.057,0.05635,0.056,0.0006538348415311017,0.444,0.45,0.44704999999999995,0.447,0.0011608186766243912,0.062,0.063,0.06235,0.062,0.0004769696007084732,0.211,0.218,0.2143,0.2145,0.00200249843945008,0.024,0.026000000000000002,0.024300000000000006,0.024,0.0005567764362830027,32,32,4096,11008,32768,True,3488,2
0.094,0.098,0.09471428571428572,0.094,0.0010301575072754264,0.048,0.051000000000000004,0.04910000000000001,0.049,0.0009433981132056613,0.23500000000000001,0.242,0.23770000000000002,0.23700000000000002,0.0017058722109231906,0.034,0.035,0.034350000000000006,0.034,0.00047696960070847325,0.089,0.092,0.09000000000000001,0.09,0.001140175425099139,0.055,0.057,0.05565,0.0555,0.0007262919523166982,0.424,0.434,0.42824999999999996,0.4275,0.002736329658502428,0.061,0.063,0.0621,0.062,0.0005385164807134509,0.20600000000000002,0.22,0.20985,0.20800000000000002,0.0041021335911937285,0.024,0.025,0.024150000000000005,0.024,0.00035707142142714284,32,32,4096,11008,32768,True,3456,2
0.091,0.096,0.09247619047619048,0.092,0.001434906587935179,0.046,0.049,0.04710000000000001,0.047,0.0007000000000000006,0.233,0.242,0.23570000000000002,0.23500000000000001,0.002076053949202667,0.034,0.035,0.03420000000000001,0.034,0.0004000000000000003,0.084,0.093,0.0877,0.08650000000000001,0.0029171904291629604,0.052000000000000005,0.055,0.05285000000000001,0.053,0.0009096702699330104,0.422,0.432,0.42625,0.426,0.002405722344743884,0.06,0.062,0.060899999999999996,0.061,0.0005385164807134509,0.20500000000000002,0.217,0.20805,0.20600000000000002,0.0035843409436045483,0.024,0.025,0.024100000000000003,0.024,0.00030000000000000024,32,32,4096,11008,32768,True,3424,2
0.092,0.094,0.09280952380952381,0.093,0.0007315376902732014,0.047,0.048,0.04710000000000001,0.047,0.0003000000000000003,0.23500000000000001,0.23800000000000002,0.23674999999999996,0.23700000000000002,0.0008291561975888507,0.033,0.034,0.03395000000000001,0.034,0.00021794494717703385,0.08600000000000001,0.08700000000000001,0.08645,0.08600000000000001,0.0004974937185533104,0.053,0.054,0.053149999999999996,0.053,0.0003570714214271428,0.424,0.428,0.42565,0.425,0.0010618380290797658,0.061,0.061,0.060999999999999985,0.061,1.3877787807814457e-17,0.20700000000000002,0.211,0.20845000000000002,0.20800000000000002,0.0008046738469715438,0.023,0.024,0.023750000000000004,0.024,0.0004330127018922197,32,32,4096,11008,32768,True,3392,2
0.091,0.093,0.09204761904761906,0.092,0.0006529194857524811,0.046,0.047,0.04690000000000001,0.047,0.00030000000000000024,0.23500000000000001,0.23800000000000002,0.23660000000000006,0.23650000000000002,0.0008000000000000007,0.033,0.034,0.033350000000000005,0.033,0.00047696960070847325,0.08600000000000001,0.088,0.08665,0.08700000000000001,0.0005722761571129787,0.052000000000000005,0.054,0.05285000000000001,0.053,0.0005722761571129777,0.423,0.427,0.42535,0.4255,0.0011521718621802922,0.059000000000000004,0.061,0.06,0.06,0.0003162277660168371,0.20800000000000002,0.211,0.20935,0.209,0.000909670269933005,0.023,0.024,0.023050000000000005,0.023,0.00021794494717703388,32,32,4096,11008,32768,True,3360,2
0.09,0.092,0.0909047619047619,0.091,0.0006834619092574922,0.046,0.047,0.046450000000000005,0.046,0.0004974937185533104,0.231,0.233,0.23174999999999998,0.2315,0.0008291561975888507,0.031,0.032,0.031450000000000006,0.031,0.0004974937185533104,0.078,0.079,0.0784,0.078,0.0004898979485566361,0.052000000000000005,0.054,0.052600000000000015,0.053,0.0005830951894845273,0.423,0.43,0.42584999999999995,0.426,0.001768473918382741,0.06,0.061,0.06015,0.06,0.00035707142142714284,0.183,0.186,0.18409999999999999,0.184,0.0008306623862918082,0.023,0.024,0.023200000000000005,0.023,0.0004000000000000003,32,32,4096,11008,32768,True,3328,2
0.089,0.094,0.0912857142857143,0.091,0.0012399253872658613,0.046,0.047,0.04630000000000001,0.046,0.0004582575694955844,0.231,0.23600000000000002,0.23349999999999999,0.234,0.0014317821063276365,0.031,0.032,0.031100000000000006,0.031,0.00030000000000000024,0.078,0.081,0.07899999999999999,0.079,0.0007745966692414842,0.052000000000000005,0.053,0.052700000000000004,0.053,0.00045825756949558123,0.417,0.424,0.4208,0.421,0.0016613247725836165,0.059000000000000004,0.06,0.05924999999999999,0.059000000000000004,0.0004330127018922167,0.184,0.191,0.18795,0.188,0.0019358460682605953,0.023,0.024,0.023100000000000002,0.023,0.00030000000000000024,32,32,4096,11008,32768,True,3296,2
0.088,0.091,0.08942857142857141,0.089,0.0007911070345636269,0.045,0.046,0.04505000000000001,0.045,0.00021794494717703385,0.23,0.234,0.23120000000000002,0.231,0.0010770329614269018,0.03,0.031,0.030900000000000004,0.031,0.0003000000000000003,0.077,0.079,0.07835,0.078,0.0005722761571129803,0.052000000000000005,0.053,0.05220000000000001,0.052000000000000005,0.0003999999999999976,0.41600000000000004,0.422,0.41980000000000006,0.42,0.0012884098726725053,0.058,0.059000000000000004,0.05850000000000001,0.0585,0.0005000000000000004,0.182,0.185,0.18415,0.184,0.0009096702699330135,0.022,0.024,0.022750000000000003,0.023,0.0005361902647381809,32,32,4096,11008,32768,True,3264,2
0.088,0.09,0.08890476190476189,0.089,0.0005259695722470128,0.044,0.045,0.04485000000000001,0.045,0.00035707142142714284,0.229,0.233,0.23055000000000003,0.23,0.0011169153951844349,0.03,0.031,0.030500000000000006,0.0305,0.0005000000000000006,0.078,0.08,0.0785,0.078,0.0005916079783099621,0.051000000000000004,0.053,0.052050000000000006,0.052000000000000005,0.000384057287393429,0.41500000000000004,0.42,0.4173,0.4175,0.0016155494421403302,0.057,0.058,0.05790000000000001,0.058,0.0003000000000000003,0.183,0.186,0.18450000000000003,0.185,0.0008660254037844393,0.022,0.023,0.022300000000000004,0.022,0.0004582575694955844,32,32,4096,11008,32768,True,3232,2
0.085,0.089,0.08657142857142859,0.08700000000000001,0.001003395595509782,0.043000000000000003,0.045,0.043750000000000004,0.044,0.000536190264738178,0.213,0.219,0.2157,0.215,0.0019261360284258241,0.032,0.033,0.032150000000000005,0.032,0.00035707142142714284,0.076,0.079,0.07675,0.077,0.0008291561975888506,0.051000000000000004,0.053,0.051400000000000015,0.051000000000000004,0.0005830951894845297,0.398,0.405,0.3999500000000001,0.4,0.0017457090250096105,0.057,0.058,0.05715,0.057,0.0003570714214271428,0.179,0.189,0.18185,0.181,0.0022197972880423134,0.022,0.023,0.022050000000000004,0.022,0.00021794494717703388,32,32,4096,11008,32768,True,3200,2
0.085,0.089,0.08633333333333335,0.08600000000000001,0.0008357108940373435,0.041,0.043000000000000003,0.04245000000000001,0.0425,0.0005894913061275802,0.214,0.218,0.21564999999999998,0.215,0.0013518505834595785,0.031,0.032,0.031900000000000005,0.032,0.0003000000000000003,0.077,0.079,0.0776,0.078,0.0005830951894845307,0.048,0.05,0.04875000000000001,0.049,0.0006224949798994372,0.398,0.405,0.4011000000000001,0.401,0.0016093476939431097,0.056,0.057,0.056600000000000004,0.057,0.0004898979485566361,0.179,0.185,0.18185,0.181,0.0017965244223221697,0.022,0.023,0.0221,0.022,0.00030000000000000024,32,32,4096,11008,32768,True,3168,2
0.085,0.088,0.08661904761904764,0.08700000000000001,0.0008438116736509189,0.041,0.042,0.04190000000000001,0.042,0.0003000000000000003,0.216,0.221,0.21669999999999998,0.216,0.0011874342087037928,0.031,0.032,0.03135,0.031,0.00047696960070847314,0.077,0.078,0.07735,0.077,0.00047696960070847314,0.048,0.05,0.04905000000000001,0.049,0.00038405728739343076,0.398,0.402,0.40020000000000006,0.4,0.000979795897113272,0.055,0.057,0.05600000000000001,0.056,0.00044721359549995833,0.182,0.184,0.1831,0.183,0.0007681145747868615,0.021,0.023,0.022050000000000004,0.022,0.0003840572873934303,32,32,4096,11008,32768,True,3136,2
0.084,0.08600000000000001,0.0852857142857143,0.085,0.0006998542122237659,0.041,0.042,0.04150000000000001,0.0415,0.0005000000000000004,0.215,0.219,0.2169,0.217,0.0009949874371066208,0.031,0.031,0.031000000000000007,0.031,6.938893903907228e-18,0.077,0.079,0.0775,0.077,0.0005916079783099621,0.048,0.049,0.04880000000000001,0.049,0.00040000000000000034,0.399,0.404,0.40145,0.401,0.0012835497652993447,0.055,0.056,0.05545000000000001,0.055,0.0004974937185533104,0.182,0.185,0.1838,0.184,0.0008124038404635968,0.021,0.022,0.021400000000000002,0.021,0.0004898979485566344,32,32,4096,11008,32768,True,3104,2
0.083,0.08700000000000001,0.08547619047619051,0.08600000000000001,0.0009571310115353238,0.041,0.042,0.041150000000000006,0.041,0.00035707142142714284,0.214,0.219,0.21475000000000005,0.214,0.0011779218989389757,0.03,0.031,0.030250000000000006,0.03,0.0004330127018922198,0.07100000000000001,0.08,0.07490000000000001,0.075,0.0029137604568666904,0.048,0.049,0.04830000000000001,0.048,0.0004582575694955844,0.386,0.389,0.38705000000000006,0.387,0.00086458082328953,0.056,0.057,0.05625,0.056,0.00043301270189221973,0.159,0.162,0.16060000000000002,0.161,0.0006633249580710806,0.022,0.023,0.022200000000000004,0.022,0.0004000000000000003,32,32,4096,11008,32768,True,3072,2
0.082,0.085,0.08352380952380953,0.083,0.0009571310115353236,0.039,0.041,0.04005000000000001,0.04,0.00038405728739343076,0.214,0.218,0.21515,0.215,0.0009630680142129119,0.03,0.031,0.030050000000000004,0.03,0.00021794494717703388,0.07100000000000001,0.081,0.07420000000000002,0.074,0.002638181191654582,0.048,0.049,0.04825000000000001,0.048,0.0004330127018922198,0.379,0.382,0.38044999999999995,0.38,0.0009205976319760993,0.054,0.055,0.054349999999999996,0.054,0.0004769696007084733,0.161,0.163,0.16160000000000002,0.162,0.0005830951894845306,0.022,0.023,0.022050000000000004,0.022,0.00021794494717703388,32,32,4096,11008,32768,True,3040,2
0.081,0.084,0.083,0.083,0.0008164965809277268,0.039,0.04,0.039200000000000006,0.039,0.0004000000000000003,0.213,0.217,0.21534999999999999,0.215,0.0010618380290797658,0.029,0.03,0.029800000000000004,0.03,0.00039999999999999893,0.069,0.077,0.07285,0.073,0.0023932195887548602,0.048,0.049,0.04840000000000001,0.048,0.0004898979485566361,0.377,0.382,0.38065,0.381,0.0015256146302392369,0.053,0.055,0.054000000000000006,0.054,0.0005477225575051667,0.182,0.19,0.18629999999999997,0.187,0.002260530911091465,0.021,0.022,0.02125,0.021,0.00043301270189221826,32,32,4096,11008,32768,True,3008,2
0.081,0.083,0.08190476190476191,0.082,0.0007499055118106493,0.038,0.039,0.03885000000000001,0.039,0.0003570714214271428,0.212,0.216,0.21325,0.213,0.0009937303457175906,0.029,0.03,0.029150000000000002,0.029,0.0003570714214271416,0.07,0.081,0.07475000000000001,0.0745,0.0033745370052793884,0.047,0.049,0.047950000000000007,0.048,0.00038405728739343076,0.377,0.38,0.3786,0.3785,0.0008000000000000008,0.053,0.054,0.053349999999999995,0.053,0.0004769696007084733,0.182,0.186,0.18309999999999998,0.183,0.0009433981132056612,0.021,0.022,0.0211,0.021,0.00029999999999999927,32,32,4096,11008,32768,True,2976,2
0.08,0.083,0.08142857142857143,0.081,0.0007911070345636268,0.038,0.039,0.03885000000000001,0.039,0.00035707142142714284,0.212,0.214,0.21280000000000002,0.213,0.0007483314773547889,0.029,0.029,0.029000000000000005,0.029,3.469446951953614e-18,0.073,0.081,0.07675000000000001,0.076,0.0026433879775772627,0.047,0.048,0.04730000000000001,0.047,0.0004582575694955844,0.384,0.388,0.3862,0.386,0.0010770329614269018,0.053,0.054,0.053200000000000004,0.053,0.00040000000000000034,0.16,0.169,0.16235,0.162,0.002286372673034737,0.021,0.022,0.021150000000000002,0.021,0.0003570714214271416,32,32,4096,11008,32768,True,2944,2
0.079,0.082,0.08052380952380954,0.08,0.0007939681905015753,0.037,0.038,0.03735000000000001,0.037,0.0004769696007084732,0.211,0.215,0.2131,0.213,0.001044030650891056,0.028,0.029,0.028600000000000004,0.029,0.0004898979485566361,0.074,0.084,0.07805,0.078,0.0028013389655662906,0.045,0.048,0.04690000000000001,0.047,0.0006244997998398404,0.361,0.365,0.36305,0.363,0.0010712142642814288,0.052000000000000005,0.053,0.052400000000000016,0.052000000000000005,0.0004898979485566326,0.182,0.186,0.1841,0.184,0.001044030650891056,0.02,0.021,0.020100000000000003,0.02,0.00030000000000000024,32,32,4096,11008,32768,True,2912,2
0.078,0.081,0.07942857142857143,0.079,0.0006598288790738585,0.036000000000000004,0.037,0.03615000000000001,0.036000000000000004,0.0003570714214271404,0.211,0.214,0.21219999999999994,0.212,0.0008124038404635969,0.028,0.029,0.02815,0.028,0.0003570714214271428,0.068,0.08,0.07255000000000002,0.07100000000000001,0.004140953996363638,0.045,0.046,0.04515000000000001,0.045,0.00035707142142714273,0.36,0.365,0.36214999999999997,0.362,0.0012359207094308285,0.051000000000000004,0.052000000000000005,0.051550000000000006,0.052000000000000005,0.0004974937185533104,0.181,0.184,0.18284999999999998,0.183,0.0008529361054615998,0.02,0.021,0.020150000000000005,0.02,0.00035707142142714284,32,32,4096,11008,32768,True,2880,2
0.077,0.079,0.07833333333333334,0.078,0.0006424160744396215,0.036000000000000004,0.037,0.03610000000000001,0.036000000000000004,0.0002999999999999982,0.211,0.215,0.21284999999999998,0.213,0.0009630680142129119,0.028,0.028,0.028000000000000004,0.028,3.469446951953614e-18,0.069,0.082,0.07325000000000001,0.07200000000000001,0.0035899164335677766,0.044,0.046,0.04485000000000001,0.045,0.00047696960070847325,0.361,0.366,0.36275,0.3625,0.0012599603168354165,0.05,0.052000000000000005,0.051050000000000005,0.051000000000000004,0.0003840572873934307,0.183,0.187,0.18505000000000002,0.185,0.0010712142642814286,0.02,0.02,0.020000000000000004,0.02,3.469446951953614e-18,32,32,4096,11008,32768,True,2848,2
0.076,0.078,0.07671428571428571,0.077,0.0006998542122237659,0.036000000000000004,0.037,0.03605000000000001,0.036000000000000004,0.00021794494717703236,0.185,0.189,0.187,0.187,0.00122474487139159,0.025,0.026000000000000002,0.025900000000000006,0.026000000000000002,0.0003000000000000003,0.067,0.069,0.06785,0.068,0.0008529361054615997,0.044,0.046,0.044950000000000004,0.045,0.0004974937185533105,0.35100000000000003,0.354,0.3523,0.352,0.0009539392014169314,0.05,0.051000000000000004,0.050550000000000005,0.051000000000000004,0.0004974937185533104,0.156,0.161,0.1591,0.159,0.0012206555615733713,0.019,0.02,0.019700000000000002,0.02,0.0004582575694955844,32,32,4096,11008,32768,True,2816,2
0.074,0.077,0.07561904761904763,0.076,0.000652919485752481,0.035,0.036000000000000004,0.03505000000000001,0.035,0.00021794494717703385,0.192,0.195,0.19310000000000002,0.193,0.0009433981132056612,0.027,0.028,0.02765,0.028,0.0004769696007084733,0.067,0.068,0.06735,0.067,0.0004769696007084732,0.044,0.045,0.04410000000000001,0.044,0.0003000000000000003,0.34900000000000003,0.354,0.35065,0.35000000000000003,0.001710993863226846,0.05,0.051000000000000004,0.05010000000000001,0.05,0.0003000000000000003,0.156,0.159,0.15710000000000002,0.157,0.0008888194417315598,0.019,0.02,0.019150000000000004,0.019,0.00035707142142714284,32,32,4096,11008,32768,True,2784,2
0.073,0.077,0.07466666666666667,0.075,0.0008357108940373457,0.034,0.034,0.03400000000000001,0.034,6.938893903907228e-18,0.19,0.196,0.19144999999999998,0.191,0.001243985530462474,0.027,0.028,0.02715,0.027,0.0003570714214271428,0.066,0.067,0.0665,0.0665,0.0005000000000000004,0.043000000000000003,0.044,0.043550000000000005,0.044,0.0004974937185533069,0.34600000000000003,0.35100000000000003,0.34840000000000004,0.34800000000000003,0.001319090595827293,0.049,0.05,0.04940000000000001,0.049,0.0004898979485566361,0.154,0.156,0.15529999999999997,0.155,0.0007141428428542857,0.019,0.02,0.019100000000000002,0.019,0.00030000000000000024,32,32,4096,11008,32768,True,2752,2
0.073,0.076,0.07352380952380952,0.073,0.0007315376902732015,0.033,0.034,0.033900000000000007,0.034,0.0003000000000000003,0.19,0.196,0.19175000000000003,0.192,0.0011346805717910226,0.026000000000000002,0.027,0.0269,0.027,0.0002999999999999992,0.066,0.068,0.0665,0.066,0.0005916079783099621,0.043000000000000003,0.044,0.0432,0.043000000000000003,0.00039999999999999763,0.34600000000000003,0.35000000000000003,0.3480500000000001,0.34800000000000003,0.0009733961166965902,0.048,0.049,0.04895000000000001,0.049,0.00021794494717703385,0.154,0.157,0.1553,0.155,0.0008426149773176366,0.019,0.02,0.019050000000000004,0.019,0.00021794494717703388,32,32,4096,11008,32768,True,2720,2
0.07200000000000001,0.075,0.07338095238095237,0.073,0.0006529194857524795,0.033,0.034,0.03320000000000001,0.033,0.0004000000000000003,0.182,0.19,0.1843,0.183,0.002215851980616036,0.026000000000000002,0.028,0.027000000000000007,0.027,0.00031622776601683767,0.066,0.068,0.0669,0.067,0.0007000000000000005,0.043000000000000003,0.044,0.043300000000000005,0.043000000000000003,0.00045825756949558123,0.315,0.329,0.31825000000000003,0.3175,0.0029474565306379014,0.049,0.05,0.04940000000000001,0.049,0.000489897948556636,0.156,0.159,0.1571,0.157,0.0008306623862918082,0.018000000000000002,0.02,0.018700000000000005,0.019,0.000640312423743284,32,32,4096,11008,32768,True,2688,2
0.07200000000000001,0.074,0.07304761904761906,0.073,0.0005753831415997384,0.033,0.034,0.03305000000000001,0.033,0.00021794494717703385,0.192,0.195,0.19285000000000002,0.193,0.0008529361054615998,0.026000000000000002,0.027,0.026150000000000007,0.026000000000000002,0.0003570714214271416,0.067,0.068,0.0673,0.067,0.0004582575694955844,0.042,0.044,0.043100000000000006,0.043000000000000003,0.00043588989435406565,0.337,0.341,0.33905,0.339,0.001160818676624391,0.047,0.049,0.04800000000000001,0.048,0.00044721359549995833,0.157,0.159,0.15794999999999998,0.158,0.0008046738469715548,0.018000000000000002,0.019,0.018200000000000004,0.018000000000000002,0.00039999999999999893,32,32,4096,11008,32768,True,2656,2
0.07100000000000001,0.073,0.0720952380952381,0.07200000000000001,0.0005259695722470084,0.031,0.032,0.031700000000000006,0.032,0.0004582575694955844,0.191,0.194,0.1921,0.192,0.0008888194417315598,0.025,0.026000000000000002,0.025950000000000008,0.026000000000000002,0.00021794494717703385,0.066,0.068,0.06655000000000001,0.066,0.0006689544080129831,0.04,0.042,0.04055000000000001,0.0405,0.0005894913061275802,0.335,0.34,0.33665,0.337,0.0011521718621802922,0.047,0.048,0.04710000000000001,0.047,0.0003000000000000003,0.156,0.159,0.1567,0.157,0.0007810249675906662,0.018000000000000002,0.019,0.018200000000000004,0.018000000000000002,0.000399999999999999,32,32,4096,11008,32768,True,2624,2
0.07,0.073,0.07152380952380955,0.07200000000000001,0.0006632565846278143,0.031,0.032,0.031100000000000006,0.031,0.00030000000000000024,0.191,0.195,0.19230000000000003,0.192,0.0009539392014169465,0.025,0.026000000000000002,0.025600000000000005,0.026000000000000002,0.0004898979485566361,0.066,0.068,0.06675,0.067,0.0006982120021884477,0.04,0.041,0.040150000000000005,0.04,0.00035707142142714284,0.335,0.339,0.3376,0.338,0.0009695359714832667,0.046,0.047,0.04635000000000001,0.046,0.0004769696007084732,0.157,0.159,0.15794999999999998,0.158,0.0006689544080129832,0.017,0.018000000000000002,0.017950000000000004,0.018000000000000002,0.00021794494717703385,32,32,4096,11008,32768,True,2592,2
0.069,0.07200000000000001,0.06985714285714287,0.07,0.0007737179432986635,0.03,0.031,0.030950000000000005,0.031,0.00021794494717703385,0.17300000000000001,0.177,0.17350000000000002,0.17300000000000001,0.0009219544457292841,0.025,0.026000000000000002,0.025500000000000005,0.025500000000000002,0.0005000000000000004,0.059000000000000004,0.063,0.059599999999999986,0.059000000000000004,0.0010198039027185552,0.039,0.04,0.03985000000000001,0.04,0.00035707142142714284,0.315,0.319,0.31704999999999994,0.317,0.0009733961166965902,0.045,0.046,0.04590000000000001,0.046,0.0003000000000000003,0.156,0.171,0.16285,0.162,0.003953163290328397,0.017,0.018000000000000002,0.017350000000000004,0.017,0.00047696960070847314,32,32,4096,11008,32768,True,2560,2
0.068,0.07100000000000001,0.06904761904761905,0.069,0.0008438116736509222,0.03,0.031,0.030550000000000004,0.031,0.0004974937185533105,0.17300000000000001,0.177,0.17365000000000003,0.17300000000000001,0.001013656746635661,0.025,0.026000000000000002,0.025300000000000007,0.025,0.00045825756949558437,0.06,0.069,0.0628,0.062,0.002227105745132011,0.039,0.04,0.03925000000000001,0.039,0.0004330127018922198,0.316,0.318,0.31694999999999995,0.317,0.0007399324293474378,0.045,0.046,0.04535000000000001,0.045,0.0004769696007084732,0.157,0.16,0.15869999999999998,0.159,0.0008426149773176365,0.017,0.018000000000000002,0.017700000000000004,0.018000000000000002,0.0004582575694955844,32,32,4096,11008,32768,True,2528,2
0.067,0.069,0.0680952380952381,0.068,0.0005259695722470128,0.03,0.03,0.030000000000000006,0.03,6.938893903907228e-18,0.17200000000000001,0.17500000000000002,0.17260000000000003,0.17200000000000001,0.0008000000000000007,0.025,0.025,0.025000000000000005,0.025,3.469446951953614e-18,0.063,0.069,0.06715,0.0675,0.001651514456491376,0.038,0.04,0.03900000000000001,0.039,0.0005477225575051667,0.315,0.318,0.31555,0.315,0.0009205976319760995,0.044,0.045,0.04485000000000001,0.045,0.00035707142142714284,0.156,0.159,0.15739999999999998,0.157,0.0009165151389911689,0.017,0.018000000000000002,0.017200000000000003,0.017,0.00040000000000000034,32,32,4096,11008,32768,True,2496,2
0.067,0.069,0.06800000000000002,0.068,0.0006172133998483682,0.029,0.03,0.029750000000000006,0.03,0.00043301270189221816,0.17200000000000001,0.17500000000000002,0.17260000000000003,0.17250000000000001,0.0007348469228349541,0.024,0.025,0.024600000000000004,0.025,0.0004898979485566361,0.063,0.068,0.06545,0.065,0.0011169153951844349,0.038,0.039,0.038450000000000005,0.038,0.0004974937185533104,0.314,0.319,0.3153,0.315,0.0010535653752852749,0.044,0.045,0.04440000000000001,0.044,0.0004898979485566361,0.157,0.16,0.15824999999999995,0.158,0.0008874119674649432,0.017,0.018000000000000002,0.017200000000000003,0.017,0.00040000000000000034,32,32,4096,11008,32768,True,2464,2
0.065,0.068,0.06623809523809523,0.066,0.0006834619092574922,0.029,0.03,0.029250000000000005,0.029,0.0004330127018922182,0.159,0.169,0.1637,0.163,0.0034942810419312325,0.024,0.025,0.024700000000000007,0.025,0.0004582575694955844,0.058,0.061,0.05865,0.059000000000000004,0.000726291952316697,0.037,0.039,0.0379,0.038,0.00043588989435406776,0.299,0.302,0.30029999999999996,0.3,0.0008426149773176366,0.044,0.045,0.044300000000000006,0.044,0.0004582575694955844,0.157,0.166,0.16229999999999997,0.162,0.0019000000000000017,0.016,0.017,0.016150000000000005,0.016,0.00035707142142714284,32,32,4096,11008,32768,True,2432,2
0.065,0.067,0.06557142857142857,0.065,0.0006598288790738585,0.029,0.029,0.029000000000000005,0.029,3.469446951953614e-18,0.171,0.17500000000000002,0.17230000000000006,0.17200000000000001,0.000900000000000001,0.023,0.025,0.024000000000000004,0.024,0.0003162277660168382,0.063,0.067,0.06470000000000001,0.0645,0.0011874342087037925,0.036000000000000004,0.037,0.036950000000000004,0.037,0.00021794494717703236,0.298,0.302,0.30025,0.3,0.0010428326807307114,0.043000000000000003,0.044,0.04385000000000001,0.044,0.0003570714214271404,0.157,0.16,0.1586,0.159,0.0007348469228349541,0.016,0.017,0.016450000000000003,0.016,0.0004974937185533104,32,32,4096,11008,32768,True,2400,2
0.063,0.066,0.06452380952380952,0.065,0.0007315376902732014,0.027,0.027,0.027000000000000003,0.027,3.469446951953614e-18,0.169,0.17400000000000002,0.1698,0.1695,0.0011661903789690613,0.023,0.024,0.023700000000000006,0.024,0.0004582575694955844,0.063,0.069,0.06555,0.0655,0.0016271140095272996,0.035,0.036000000000000004,0.03505000000000001,0.035,0.00021794494717703385,0.296,0.3,0.297,0.297,0.001095445115010333,0.042,0.043000000000000003,0.04210000000000001,0.042,0.0003000000000000003,0.155,0.158,0.15605,0.156,0.0008046738469715547,0.016,0.016,0.016000000000000004,0.016,3.469446951953614e-18,32,32,4096,11008,32768,True,2368,2
0.062,0.064,0.06323809523809525,0.063,0.0006098213559459861,0.026000000000000002,0.027,0.026350000000000005,0.026000000000000002,0.00047696960070847157,0.168,0.17300000000000001,0.16995000000000002,0.17,0.001160818676624391,0.023,0.024,0.023200000000000005,0.023,0.0004000000000000003,0.058,0.068,0.06480000000000001,0.066,0.002580697580112789,0.034,0.035,0.03425000000000001,0.034,0.0004330127018922198,0.295,0.299,0.29664999999999997,0.297,0.001061838029079766,0.041,0.042,0.04190000000000001,0.042,0.0003000000000000003,0.154,0.159,0.15595,0.156,0.0012835497652993447,0.016,0.017,0.016150000000000005,0.016,0.00035707142142714284,32,32,4096,11008,32768,True,2336,2
0.062,0.065,0.06295238095238097,0.063,0.0008438116736509222,0.026000000000000002,0.027,0.026650000000000007,0.027,0.0004769696007084716,0.162,0.169,0.16435000000000005,0.1635,0.0021277922830953235,0.023,0.024,0.023200000000000005,0.023,0.0004000000000000003,0.055,0.065,0.05695,0.057,0.0019358460682605938,0.033,0.035,0.03405000000000001,0.034,0.0005894913061275804,0.29,0.297,0.29379999999999995,0.294,0.0019390719429665333,0.042,0.043000000000000003,0.04240000000000001,0.042,0.000489897948556636,0.129,0.156,0.1456,0.153,0.011612062693595826,0.015,0.016,0.015850000000000003,0.016,0.00035707142142714284,32,32,4096,11008,32768,True,2304,2
0.061,0.063,0.062095238095238106,0.062,0.000525969572247013,0.026000000000000002,0.027,0.026400000000000007,0.026000000000000002,0.0004898979485566343,0.161,0.166,0.16235,0.162,0.0011521718621802922,0.021,0.022,0.02135,0.021,0.0004769696007084717,0.056,0.064,0.0576,0.057,0.0022226110770892865,0.033,0.035,0.033850000000000005,0.034,0.0004769696007084733,0.28800000000000003,0.292,0.28955,0.289,0.0011169153951844234,0.042,0.043000000000000003,0.04205000000000001,0.042,0.00021794494717703385,0.132,0.157,0.14415000000000003,0.14400000000000002,0.011564060705478848,0.015,0.016,0.015200000000000002,0.015,0.00040000000000000034,32,32,4096,11008,32768,True,2272,2
0.06,0.062,0.061285714285714284,0.061,0.0006281383789653776,0.026000000000000002,0.027,0.026250000000000006,0.026000000000000002,0.0004330127018922182,0.161,0.164,0.16215,0.162,0.0009096702699330135,0.021,0.021,0.021000000000000005,0.021,3.469446951953614e-18,0.056,0.064,0.05685,0.0565,0.0017109938632268672,0.033,0.034,0.03330000000000001,0.033,0.0004582575694955844,0.28200000000000003,0.28700000000000003,0.28515000000000007,0.28500000000000003,0.001107925990308018,0.04,0.041,0.04025000000000001,0.04,0.00043301270189221973,0.13,0.155,0.13940000000000002,0.132,0.011051696702316795,0.015,0.016,0.015050000000000003,0.015,0.00021794494717703385,32,32,4096,11008,32768,True,2240,2
0.059000000000000004,0.061,0.05995238095238096,0.06,0.0006529194857524787,0.026000000000000002,0.026000000000000002,0.026000000000000006,0.026000000000000002,3.469446951953614e-18,0.16,0.163,0.16140000000000002,0.161,0.0007348469228349541,0.02,0.021,0.020900000000000005,0.021,0.0003000000000000003,0.056,0.064,0.05685,0.0565,0.0017109938632268672,0.032,0.033,0.032150000000000005,0.032,0.0003570714214271428,0.28200000000000003,0.28700000000000003,0.28450000000000003,0.28400000000000003,0.0013228756555322965,0.04,0.041,0.04005000000000001,0.04,0.00021794494717703385,0.13,0.155,0.1424,0.14250000000000002,0.011521284650593436,0.015,0.016,0.015100000000000002,0.015,0.00030000000000000024,32,32,4096,11008,32768,True,2208,2
0.059000000000000004,0.061,0.06023809523809524,0.06,0.0005259695722470122,0.026000000000000002,0.026000000000000002,0.026000000000000006,0.026000000000000002,3.469446951953614e-18,0.152,0.156,0.15365,0.154,0.0008529361054615998,0.022,0.022,0.022000000000000002,0.022,3.469446951953614e-18,0.056,0.065,0.057999999999999996,0.057,0.0030495901363953816,0.031,0.032,0.0316,0.032,0.0004898979485566361,0.274,0.278,0.27630000000000005,0.276,0.0010535653752852749,0.039,0.04,0.03950000000000001,0.0395,0.0005000000000000004,0.13,0.154,0.13225000000000003,0.131,0.005028667815634672,0.015,0.015,0.015000000000000003,0.015,3.469446951953614e-18,32,32,4096,11008,32768,True,2176,2
0.058,0.06,0.059047619047619036,0.059000000000000004,0.0005753831415997398,0.025,0.026000000000000002,0.025350000000000004,0.025,0.00047696960070847314,0.153,0.156,0.15374999999999997,0.154,0.0006982120021884476,0.021,0.022,0.021750000000000002,0.022,0.0004330127018922182,0.056,0.065,0.0598,0.057,0.0037496666518505354,0.03,0.031,0.030400000000000003,0.03,0.000489897948556636,0.274,0.278,0.27640000000000003,0.276,0.0012000000000000012,0.039,0.04,0.039200000000000006,0.039,0.00040000000000000034,0.131,0.133,0.13170000000000007,0.132,0.0007141428428542857,0.014,0.015,0.014350000000000002,0.014,0.0004769696007084724,32,32,4096,11008,32768,True,2144,2
0.057,0.059000000000000004,0.05823809523809524,0.058,0.000525969572247013,0.024,0.024,0.024000000000000004,0.024,3.469446951953614e-18,0.152,0.157,0.15295,0.153,0.0011169153951844347,0.021,0.022,0.021200000000000004,0.021,0.00039999999999999893,0.056,0.063,0.057499999999999996,0.057,0.002355843797877949,0.028,0.03,0.028950000000000004,0.029,0.00038405728739343033,0.273,0.278,0.27460000000000007,0.2745,0.0011575836902790236,0.037,0.039,0.038000000000000006,0.038,0.00044721359549995833,0.13,0.154,0.13165,0.13,0.005169864601708637,0.014,0.014,0.014000000000000002,0.014,1.734723475976807e-18,32,32,4096,11008,32768,True,2112,2
0.057,0.058,0.05757142857142857,0.058,0.0004948716593053939,0.023,0.024,0.023850000000000003,0.024,0.00035707142142714284,0.152,0.157,0.1531,0.153,0.001135781669160056,0.02,0.022,0.021050000000000003,0.021,0.0003840572873934299,0.056,0.064,0.05970000000000001,0.057,0.003522782990761707,0.028,0.029,0.028200000000000003,0.028,0.00040000000000000034,0.273,0.279,0.2752500000000001,0.275,0.001336974195712095,0.037,0.037,0.037000000000000005,0.037,6.938893903907228e-18,0.131,0.133,0.13180000000000003,0.132,0.0006000000000000005,0.014,0.015,0.014550000000000002,0.015,0.0004974937185533095,32,32,4096,11008,32768,True,2080,2
0.056,0.06,0.057,0.057,0.0008728715609439692,0.023,0.024,0.023950000000000006,0.024,0.00021794494717703385,0.14,0.14400000000000002,0.14105,0.14100000000000001,0.0009205976319760992,0.017,0.018000000000000002,0.017950000000000004,0.018000000000000002,0.00021794494717703385,0.051000000000000004,0.054,0.05250000000000001,0.052500000000000005,0.0010246950765959576,0.028,0.029,0.028500000000000004,0.0285,0.0005000000000000004,0.253,0.256,0.2544,0.254,0.0008602325267042634,0.037,0.037,0.037000000000000005,0.037,6.938893903907228e-18,0.108,0.109,0.10830000000000002,0.108,0.0004582575694955844,0.014,0.014,0.014000000000000002,0.014,1.734723475976807e-18,32,32,4096,11008,32768,True,2048,2
0.056,0.059000000000000004,0.05752380952380952,0.058,0.0007939681905015753,0.024,0.024,0.024000000000000004,0.024,3.469446951953614e-18,0.14,0.14400000000000002,0.1416,0.14100000000000001,0.0010198039027185578,0.017,0.018000000000000002,0.017950000000000004,0.018000000000000002,0.00021794494717703385,0.049,0.054,0.051250000000000004,0.051000000000000004,0.0014097872179871678,0.028,0.029,0.028450000000000003,0.028,0.0004974937185533104,0.254,0.256,0.25510000000000005,0.255,0.0007000000000000005,0.037,0.037,0.037000000000000005,0.037,6.938893903907228e-18,0.109,0.11,0.1092,0.109,0.0004000000000000003,0.014,0.015,0.014050000000000002,0.014,0.00021794494717703353,32,32,4096,11008,32768,True,2048,2
0.055,0.058,0.0560952380952381,0.056,0.0007499055118106493,0.023,0.024,0.023100000000000002,0.023,0.00030000000000000024,0.152,0.155,0.15325,0.153,0.0008291561975888507,0.019,0.02,0.019050000000000004,0.019,0.00021794494717703388,0.051000000000000004,0.055,0.0534,0.054,0.000916515138991167,0.028,0.028,0.028000000000000004,0.028,3.469446951953614e-18,0.253,0.254,0.25355,0.254,0.0004974937185533104,0.036000000000000004,0.037,0.03660000000000001,0.037,0.0004898979485566326,0.107,0.108,0.10790000000000002,0.108,0.0003000000000000003,0.014,0.014,0.014000000000000002,0.014,1.734723475976807e-18,32,32,4096,11008,32768,True,2032,2
0.054,0.057,0.05566666666666667,0.056,0.0007126966450997991,0.023,0.024,0.023050000000000005,0.023,0.00021794494717703388,0.152,0.155,0.15295,0.153,0.0008645808232895299,0.019,0.019,0.019000000000000003,0.019,3.469446951953614e-18,0.054,0.056,0.05465000000000001,0.0545,0.0007262919523166982,0.027,0.028,0.02755,0.028,0.0004974937185533104,0.252,0.254,0.25334999999999996,0.253,0.0005722761571129803,0.036000000000000004,0.037,0.03635000000000001,0.036000000000000004,0.0004769696007084699,0.107,0.109,0.10775000000000001,0.108,0.0005361902647381809,0.013000000000000001,0.014,0.013750000000000004,0.014,0.00043301270189221897,32,32,4096,11008,32768,True,2016,2
0.053,0.056,0.05538095238095239,0.056,0.0007853534524986026,0.023,0.024,0.023050000000000005,0.023,0.00021794494717703388,0.151,0.156,0.15314999999999998,0.153,0.0009630680142129121,0.018000000000000002,0.019,0.018950000000000005,0.019,0.0002179449471770331,0.054,0.057,0.05565000000000001,0.056,0.0007262919523166982,0.026000000000000002,0.027,0.02695,0.027,0.0002179449471770331,0.253,0.254,0.2537,0.254,0.0004582575694955844,0.036000000000000004,0.037,0.03620000000000001,0.036000000000000004,0.0003999999999999976,0.108,0.109,0.1085,0.1085,0.0005000000000000004,0.013000000000000001,0.014,0.013450000000000004,0.013000000000000001,0.0004974937185533095,32,32,4096,11008,32768,True,2000,2
0.053,0.057,0.05519047619047619,0.055,0.0009571310115353238,0.023,0.023,0.023000000000000003,0.023,3.469446951953614e-18,0.153,0.157,0.15424999999999997,0.154,0.0009420721840708394,0.019,0.019,0.019000000000000003,0.019,3.469446951953614e-18,0.056,0.058,0.0568,0.057,0.0008124038404635969,0.026000000000000002,0.027,0.026200000000000008,0.026000000000000002,0.00039999999999999893,0.253,0.255,0.2542,0.254,0.0006782329983125273,0.036000000000000004,0.037,0.03605000000000001,0.036000000000000004,0.00021794494717703236,0.109,0.111,0.10985,0.11,0.0005722761571129803,0.013000000000000001,0.014,0.013050000000000003,0.013000000000000001,0.00021794494717703353,32,32,4096,11008,32768,True,1984,2
0.053,0.056,0.05466666666666666,0.055,0.0007126966450997989,0.023,0.023,0.023000000000000003,0.023,3.469446951953614e-18,0.152,0.155,0.15309999999999999,0.153,0.0008306623862918082,0.018000000000000002,0.019,0.018750000000000006,0.019,0.00043301270189221816,0.055,0.062,0.05800000000000001,0.058,0.0015165750888103098,0.025,0.027,0.026000000000000006,0.026000000000000002,0.00031622776601683767,0.252,0.254,0.25304999999999994,0.253,0.0006689544080129831,0.035,0.037,0.03595000000000001,0.036000000000000004,0.0003840572873934298,0.108,0.116,0.11105000000000001,0.1105,0.0024181604578687515,0.013000000000000001,0.013000000000000001,0.013000000000000003,0.013000000000000001,1.734723475976807e-18,32,32,4096,11008,32768,True,1968,2
0.052000000000000005,0.056,0.054476190476190484,0.055,0.0007939681905015743,0.022,0.023,0.022750000000000003,0.023,0.0004330127018922198,0.152,0.155,0.15364999999999998,0.1535,0.0008529361054615997,0.018000000000000002,0.019,0.018350000000000005,0.018000000000000002,0.00047696960070847157,0.058,0.065,0.060050000000000006,0.0595,0.00201183995387307,0.025,0.027,0.026050000000000007,0.026000000000000002,0.0003840572873934299,0.252,0.254,0.253,0.253,0.0007745966692414841,0.035,0.036000000000000004,0.03540000000000001,0.035,0.000489897948556636,0.109,0.113,0.11045,0.11,0.0012031209415515976,0.013000000000000001,0.014,0.013050000000000003,0.013000000000000001,0.00021794494717703353,32,32,4096,11008,32768,True,1952,2
0.052000000000000005,0.054,0.0530952380952381,0.053,0.0006098213559459844,0.022,0.023,0.022250000000000002,0.022,0.00043301270189221973,0.151,0.155,0.15195,0.152,0.0009733961166965902,0.018000000000000002,0.018000000000000002,0.018000000000000006,0.018000000000000002,3.469446951953614e-18,0.055,0.058,0.056100000000000004,0.056,0.0009433981132056612,0.025,0.026000000000000002,0.025200000000000007,0.025,0.0004000000000000003,0.25,0.252,0.25070000000000003,0.251,0.0006403124237432856,0.035,0.036000000000000004,0.03515000000000001,0.035,0.00035707142142714284,0.108,0.117,0.11215,0.111,0.00281558164506022,0.013000000000000001,0.013000000000000001,0.013000000000000003,0.013000000000000001,1.734723475976807e-18,32,32,4096,11008,32768,True,1936,2
0.052000000000000005,0.054,0.05333333333333334,0.053,0.0005634361698190108,0.022,0.023,0.022750000000000003,0.023,0.0004330127018922198,0.131,0.135,0.13215000000000002,0.132,0.0009096702699330132,0.019,0.02,0.019950000000000002,0.02,0.00021794494717703385,0.046,0.048,0.04660000000000001,0.0465,0.0006633249580710804,0.025,0.027,0.025550000000000007,0.025500000000000002,0.0005894913061275799,0.233,0.23700000000000002,0.23465000000000003,0.23500000000000001,0.0009096702699330132,0.035,0.036000000000000004,0.03525000000000001,0.035,0.0004330127018922198,0.109,0.116,0.11240000000000001,0.1125,0.0018814887722226794,0.013000000000000001,0.013000000000000001,0.013000000000000003,0.013000000000000001,1.734723475976807e-18,32,32,4096,11008,32768,True,1920,2
0.05,0.053,0.05233333333333334,0.052000000000000005,0.000712696645099796,0.023,0.023,0.023000000000000003,0.023,3.469446951953614e-18,0.131,0.134,0.13240000000000002,0.132,0.0009165151389911689,0.019,0.02,0.019600000000000003,0.02,0.0004898979485566361,0.046,0.047,0.04640000000000001,0.046,0.0004898979485566361,0.025,0.026000000000000002,0.025700000000000008,0.026000000000000002,0.00045825756949558437,0.232,0.23600000000000002,0.23415,0.234,0.001061838029079766,0.035,0.036000000000000004,0.03515000000000001,0.035,0.0003570714214271428,0.11,0.121,0.11515,0.114,0.00377193584250846,0.013000000000000001,0.013000000000000001,0.013000000000000003,0.013000000000000001,1.734723475976807e-18,32,32,4096,11008,32768,True,1904,2
0.05,0.053,0.05223809523809525,0.052000000000000005,0.0006834619092574896,0.023,0.023,0.023000000000000003,0.023,3.469446951953614e-18,0.132,0.135,0.13269999999999998,0.1325,0.0008426149773176365,0.019,0.02,0.019550000000000005,0.02,0.0004974937185533105,0.046,0.047,0.04650000000000001,0.0465,0.0005000000000000004,0.025,0.026000000000000002,0.025800000000000007,0.026000000000000002,0.0004000000000000003,0.233,0.23600000000000002,0.23440000000000003,0.234,0.0008602325267042634,0.035,0.036000000000000004,0.03505000000000001,0.035,0.00021794494717703385,0.11,0.116,0.11400000000000002,0.115,0.0016431676725155,0.012,0.013000000000000001,0.012850000000000004,0.013000000000000001,0.0003570714214271428,32,32,4096,11008,32768,True,1888,2
0.049,0.053,0.05147619047619049,0.051000000000000004,0.0008518354199999195,0.022,0.023,0.022150000000000003,0.022,0.00035707142142714284,0.13,0.133,0.13130000000000003,0.131,0.0007141428428542856,0.019,0.02,0.019200000000000002,0.019,0.00040000000000000034,0.046,0.047,0.04640000000000001,0.046,0.0004898979485566361,0.024,0.025,0.024600000000000004,0.025,0.0004898979485566361,0.232,0.23500000000000001,0.233,0.233,0.0008944271909999167,0.034,0.035,0.03465000000000001,0.035,0.0004769696007084733,0.11,0.12,0.11404999999999998,0.1135,0.0032935543110748926,0.012,0.013000000000000001,0.012450000000000003,0.012,0.0004974937185533104,32,32,4096,11008,32768,True,1872,2
0.048,0.053,0.05152380952380953,0.052000000000000005,0.0009571310115353233,0.022,0.022,0.022000000000000002,0.022,3.469446951953614e-18,0.131,0.134,0.13210000000000005,0.132,0.0007000000000000005,0.019,0.02,0.019200000000000002,0.019,0.00040000000000000034,0.046,0.048,0.04655000000000001,0.046,0.0006689544080129831,0.024,0.025,0.024200000000000006,0.024,0.0004000000000000003,0.232,0.23600000000000002,0.23354999999999998,0.233,0.0010712142642814286,0.034,0.035,0.03425000000000001,0.034,0.00043301270189221973,0.116,0.12,0.11765000000000003,0.117,0.001152171862180291,0.012,0.013000000000000001,0.012450000000000003,0.012,0.0004974937185533104,32,32,4096,11008,32768,True,1856,2
0.048,0.052000000000000005,0.05080952380952382,0.051000000000000004,0.0009060141709733555,0.021,0.021,0.021000000000000005,0.021,3.469446951953614e-18,0.13,0.134,0.13145000000000004,0.131,0.0008046738469715548,0.019,0.019,0.019000000000000003,0.019,3.469446951953614e-18,0.046,0.047,0.04630000000000001,0.046,0.0004582575694955844,0.024,0.024,0.024000000000000004,0.024,3.469446951953614e-18,0.232,0.234,0.23270000000000005,0.2325,0.0007810249675906662,0.033,0.034,0.033150000000000006,0.033,0.00035707142142714284,0.112,0.122,0.11605000000000001,0.115,0.0034128433893163023,0.012,0.012,0.012000000000000002,0.012,1.734723475976807e-18,32,32,4096,11008,32768,True,1840,2
0.049,0.052000000000000005,0.05100000000000001,0.051000000000000004,0.0006900655593423549,0.021,0.021,0.021000000000000005,0.021,3.469446951953614e-18,0.131,0.134,0.132,0.132,0.0007745966692414841,0.019,0.02,0.019100000000000002,0.019,0.0003000000000000003,0.046,0.047,0.04635000000000001,0.046,0.0004769696007084732,0.023,0.023,0.023000000000000003,0.023,3.469446951953614e-18,0.231,0.23600000000000002,0.23295,0.233,0.0011169153951844349,0.033,0.033,0.03300000000000001,0.033,6.938893903907228e-18,0.109,0.112,0.1105,0.1105,0.0009219544457292895,0.012,0.013000000000000001,0.012050000000000002,0.012,0.0002179449471770339,32,32,4096,11008,32768,True,1824,2
0.047,0.05,0.04952380952380954,0.05,0.0007315376902732014,0.02,0.021,0.020850000000000004,0.021,0.0003570714214271428,0.132,0.134,0.13345,0.1335,0.0005894913061275802,0.018000000000000002,0.019,0.018800000000000004,0.019,0.00039999999999999893,0.046,0.046,0.046000000000000006,0.046,6.938893903907228e-18,0.022,0.022,0.022000000000000002,0.022,3.469446951953614e-18,0.234,0.23700000000000002,0.2353,0.23500000000000001,0.0007810249675906662,0.032,0.033,0.032400000000000005,0.032,0.000489897948556636,0.108,0.117,0.1115,0.1115,0.0030903074280724916,0.012,0.012,0.012000000000000002,0.012,1.734723475976807e-18,32,32,4096,11008,32768,True,1808,2
0.048,0.052000000000000005,0.05000000000000001,0.05,0.0007559289460184551,0.02,0.021,0.020800000000000006,0.021,0.0004000000000000003,0.131,0.134,0.13205,0.132,0.0009205976319760994,0.018000000000000002,0.019,0.018100000000000005,0.018000000000000002,0.0002999999999999992,0.046,0.047,0.046450000000000005,0.046,0.0004974937185533104,0.022,0.023,0.022250000000000002,0.022,0.00043301270189221973,0.225,0.228,0.22655000000000003,0.226,0.0008046738469715547,0.032,0.033,0.032100000000000004,0.032,0.00030000000000000024,0.109,0.11,0.1092,0.109,0.0004000000000000003,0.012,0.013000000000000001,0.012100000000000003,0.012,0.00030000000000000024,32,32,4096,11008,32768,True,1792,2
0.046,0.05,0.048809523809523817,0.049,0.0008518354199999206,0.02,0.021,0.020500000000000004,0.0205,0.0005000000000000004,0.13,0.135,0.13145,0.131,0.0010712142642814286,0.018000000000000002,0.019,0.018050000000000004,0.018000000000000002,0.00021794494717703315,0.045,0.047,0.04565000000000001,0.046,0.0006538348415311016,0.022,0.023,0.0221,0.022,0.00030000000000000024,0.224,0.227,0.2253,0.225,0.0007141428428542856,0.031,0.032,0.031900000000000005,0.032,0.0003000000000000003,0.108,0.109,0.10805000000000001,0.108,0.00021794494717703385,0.012,0.012,0.012000000000000002,0.012,1.734723475976807e-18,32,32,4096,11008,32768,True,1776,2
0.046,0.05,0.04900000000000001,0.049,0.0008728715609439703,0.02,0.021,0.020150000000000005,0.02,0.00035707142142714284,0.131,0.134,0.13169999999999998,0.132,0.0007810249675906661,0.018000000000000002,0.018000000000000002,0.018000000000000006,0.018000000000000002,3.469446951953614e-18,0.045,0.047,0.046250000000000006,0.046,0.0006224949798994372,0.022,0.022,0.022000000000000002,0.022,3.469446951953614e-18,0.224,0.227,0.22549999999999998,0.225,0.0007416198487095669,0.031,0.032,0.03185,0.032,0.00035707142142714284,0.108,0.11,0.10830000000000002,0.108,0.0005567764362830027,0.012,0.012,0.012000000000000002,0.012,1.734723475976807e-18,32,32,4096,11008,32768,True,1760,2
0.046,0.049,0.04809523809523811,0.048,0.0006834619092574923,0.02,0.021,0.020250000000000004,0.02,0.00043301270189221973,0.13,0.134,0.13110000000000005,0.131,0.0009949874371066208,0.018000000000000002,0.019,0.018050000000000004,0.018000000000000002,0.00021794494717703315,0.045,0.047,0.04535000000000001,0.045,0.0005722761571129803,0.021,0.022,0.021950000000000004,0.022,0.0002179449471770331,0.223,0.225,0.22435000000000005,0.224,0.0005722761571129803,0.031,0.032,0.03130000000000001,0.031,0.0004582575694955844,0.107,0.109,0.10795000000000002,0.108,0.0003840572873934307,0.011,0.012,0.011350000000000002,0.011,0.00047696960070847314,32,32,4096,11008,32768,True,1744,2
0.046,0.049,0.04809523809523811,0.048,0.0007499055118106495,0.02,0.02,0.020000000000000004,0.02,3.469446951953614e-18,0.13,0.133,0.13145,0.131,0.00086458082328953,0.017,0.018000000000000002,0.017700000000000004,0.018000000000000002,0.0004582575694955844,0.045,0.047,0.045750000000000006,0.045,0.0008874119674649433,0.022,0.022,0.022000000000000002,0.022,3.469446951953614e-18,0.224,0.226,0.22485000000000005,0.225,0.0007262919523166982,0.031,0.032,0.03125000000000001,0.031,0.00043301270189221973,0.108,0.11,0.10874999999999999,0.109,0.0006224949798994372,0.011,0.012,0.011250000000000001,0.011,0.0004330127018922198,32,32,4096,11008,32768,True,1728,2
0.044,0.049,0.04738095238095239,0.047,0.0009499970163457154,0.02,0.02,0.020000000000000004,0.02,3.469446951953614e-18,0.13,0.133,0.13105,0.131,0.0008645808232895299,0.017,0.018000000000000002,0.017450000000000004,0.017,0.0004974937185533104,0.045,0.046,0.045450000000000004,0.045,0.0004974937185533104,0.021,0.022,0.02135,0.021,0.0004769696007084717,0.223,0.226,0.2244,0.225,0.0008602325267042634,0.031,0.031,0.031000000000000007,0.031,6.938893903907228e-18,0.108,0.109,0.10805000000000002,0.108,0.00021794494717703385,0.011,0.011,0.011000000000000001,0.011,1.734723475976807e-18,32,32,4096,11008,32768,True,1712,2
0.042,0.049,0.04714285714285715,0.047,0.001283066055743569,0.02,0.02,0.020000000000000004,0.02,3.469446951953614e-18,0.13,0.133,0.13069999999999998,0.131,0.0007810249675906661,0.017,0.018000000000000002,0.017200000000000003,0.017,0.00040000000000000034,0.045,0.047,0.04560000000000001,0.046,0.0005830951894845306,0.021,0.022,0.021400000000000002,0.021,0.0004898979485566344,0.223,0.226,0.22415000000000002,0.224,0.0007921489758877438,0.03,0.031,0.030850000000000006,0.031,0.0003570714214271428,0.108,0.109,0.10880000000000001,0.109,0.0004000000000000003,0.011,0.012,0.01105,0.011,0.0002179449471770339,32,32,4096,11008,32768,True,1696,2
0.043000000000000003,0.048,0.04661904761904763,0.047,0.0010900498230723423,0.019,0.02,0.019900000000000004,0.02,0.0003000000000000003,0.129,0.132,0.1304,0.13,0.000734846922834954,0.017,0.018000000000000002,0.017150000000000006,0.017,0.00035707142142714284,0.045,0.046,0.04530000000000001,0.045,0.0004582575694955844,0.021,0.022,0.0211,0.021,0.00029999999999999927,0.222,0.225,0.2234,0.223,0.0006633249580710806,0.03,0.031,0.030400000000000003,0.03,0.000489897948556636,0.108,0.109,0.10805000000000002,0.108,0.00021794494717703385,0.011,0.011,0.011000000000000001,0.011,1.734723475976807e-18,32,32,4096,11008,32768,True,1680,2
0.043000000000000003,0.047,0.04585714285714287,0.046,0.0007737179432986624,0.019,0.02,0.019950000000000002,0.02,0.00021794494717703385,0.125,0.131,0.12725,0.127,0.0017571283390805596,0.017,0.018000000000000002,0.017300000000000003,0.017,0.0004582575694955844,0.048,0.051000000000000004,0.04940000000000001,0.049,0.0011575836902790236,0.021,0.021,0.021000000000000005,0.021,3.469446951953614e-18,0.215,0.219,0.21625,0.216,0.0008874119674649432,0.03,0.031,0.030300000000000004,0.03,0.00045825756949558437,0.108,0.11,0.10894999999999999,0.109,0.0005894913061275804,0.011,0.011,0.011000000000000001,0.011,1.734723475976807e-18,32,32,4096,11008,32768,True,1664,2
0.043000000000000003,0.047,0.045666666666666675,0.046,0.000776643163347623,0.019,0.02,0.019500000000000003,0.0195,0.0005000000000000004,0.127,0.135,0.12935000000000002,0.129,0.001739971264130533,0.017,0.018000000000000002,0.017200000000000003,0.017,0.00040000000000000034,0.045,0.045,0.045000000000000005,0.045,6.938893903907228e-18,0.02,0.021,0.020750000000000005,0.021,0.0004330127018922198,0.214,0.219,0.21685,0.217,0.0015580436450882897,0.03,0.031,0.030100000000000005,0.03,0.00030000000000000024,0.107,0.11,0.1082,0.108,0.0006000000000000005,0.011,0.011,0.011000000000000001,0.011,1.734723475976807e-18,32,32,4096,11008,32768,True,1648,2
0.042,0.046,0.045095238095238105,0.045,0.0008109231602822091,0.019,0.02,0.019500000000000003,0.0195,0.0005000000000000004,0.13,0.135,0.13255,0.132,0.0014309088021254195,0.017,0.018000000000000002,0.017100000000000004,0.017,0.00030000000000000024,0.045,0.046,0.04535000000000001,0.045,0.0004769696007084732,0.02,0.021,0.020850000000000004,0.021,0.0003570714214271428,0.214,0.217,0.2156,0.215,0.0008602325267042634,0.03,0.03,0.030000000000000006,0.03,6.938893903907228e-18,0.108,0.11,0.10894999999999999,0.109,0.00038405728739343076,0.01,0.011,0.0108,0.011,0.0003999999999999997,32,32,4096,11008,32768,True,1632,2
0.041,0.046,0.04471428571428572,0.045,0.0009828460685976327,0.019,0.02,0.019100000000000002,0.019,0.00030000000000000024,0.13,0.138,0.1339,0.134,0.001868154169226942,0.016,0.018000000000000002,0.016800000000000002,0.017,0.000509901951359279,0.045,0.046,0.045250000000000005,0.045,0.0004330127018922198,0.02,0.021,0.020050000000000005,0.02,0.00021794494717703388,0.212,0.218,0.21465,0.214,0.0020560885194952105,0.029,0.03,0.029950000000000004,0.03,0.0002179449471770331,0.107,0.108,0.10780000000000003,0.108,0.00040000000000000034,0.01,0.011,0.010600000000000002,0.011,0.0004898979485566352,32,32,4096,11008,32768,True,1616,2
0.041,0.046,0.04438095238095239,0.044,0.0009499970163457142,0.019,0.02,0.019050000000000004,0.019,0.00021794494717703388,0.131,0.14300000000000002,0.13805,0.1385,0.002974474743547172,0.016,0.017,0.016550000000000002,0.017,0.0004974937185533105,0.045,0.046,0.04535000000000001,0.045,0.0004769696007084732,0.02,0.021,0.020100000000000003,0.02,0.00030000000000000024,0.214,0.217,0.21545,0.216,0.0008046738469715548,0.029,0.03,0.029300000000000003,0.029,0.0004582575694955828,0.109,0.11,0.10925,0.109,0.0004330127018922198,0.01,0.011,0.010350000000000002,0.01,0.0004769696007084724,32,32,4096,11008,32768,True,1600,2
0.04,0.045,0.044000000000000004,0.044,0.0010235326314383172,0.018000000000000002,0.019,0.018050000000000004,0.018000000000000002,0.00021794494717703315,0.137,0.152,0.14130000000000004,0.14,0.0038353617821530153,0.015,0.016,0.015900000000000004,0.016,0.0003000000000000003,0.045,0.046,0.045450000000000004,0.045,0.0004974937185533104,0.019,0.02,0.019150000000000004,0.019,0.00035707142142714284,0.212,0.215,0.21355,0.214,0.0008046738469715547,0.028,0.029,0.02815,0.028,0.0003570714214271428,0.108,0.113,0.10969999999999999,0.109,0.0014866068747318517,0.01,0.011,0.010100000000000001,0.01,0.00029999999999999976,32,32,4096,11008,32768,True,1584,2
0.039,0.044,0.04323809523809524,0.043000000000000003,0.0010647942749998985,0.018000000000000002,0.018000000000000002,0.018000000000000006,0.018000000000000002,3.469446951953614e-18,0.132,0.138,0.13599999999999998,0.1365,0.001581138830084191,0.016,0.016,0.016000000000000004,0.016,3.469446951953614e-18,0.045,0.046,0.04535000000000001,0.045,0.00047696960070847325,0.019,0.019,0.019000000000000003,0.019,3.469446951953614e-18,0.213,0.216,0.21405000000000002,0.214,0.0008046738469715548,0.027,0.028,0.027950000000000003,0.028,0.00021794494717703385,0.108,0.11,0.10900000000000001,0.109,0.0003162277660168382,0.01,0.011,0.01005,0.01,0.00021794494717703353,32,32,4096,11008,32768,True,1568,2
0.039,0.044,0.043190476190476196,0.043000000000000003,0.0010519391444940237,0.018000000000000002,0.019,0.018050000000000004,0.018000000000000002,0.00021794494717703315,0.13,0.14,0.13555,0.136,0.002355313142662778,0.015,0.016,0.015900000000000004,0.016,0.0003000000000000003,0.045,0.046,0.04530000000000001,0.045,0.0004582575694955844,0.019,0.019,0.019000000000000003,0.019,3.469446951953614e-18,0.212,0.215,0.21339999999999998,0.213,0.000734846922834954,0.027,0.028,0.027750000000000004,0.028,0.00043301270189221973,0.108,0.109,0.1082,0.108,0.00040000000000000034,0.01,0.011,0.010050000000000002,0.01,0.0002179449471770335,32,32,4096,11008,32768,True,1552,2
0.038,0.043000000000000003,0.04233333333333335,0.043000000000000003,0.0010837911120705765,0.018000000000000002,0.018000000000000002,0.018000000000000006,0.018000000000000002,3.469446951953614e-18,0.11,0.129,0.11235000000000003,0.111,0.0039022429447690726,0.015,0.016,0.015900000000000004,0.016,0.0003000000000000003,0.041,0.044,0.04245000000000001,0.042,0.0007399324293474363,0.019,0.019,0.019000000000000003,0.019,3.469446951953614e-18,0.195,0.2,0.1972,0.197,0.0012083045973594584,0.028,0.029,0.028900000000000002,0.029,0.0003000000000000003,0.10300000000000001,0.107,0.10485,0.105,0.0011521718621802864,0.01,0.01,0.010000000000000002,0.01,1.734723475976807e-18,32,32,4096,11008,32768,True,1536,2
0.038,0.043000000000000003,0.04200000000000001,0.042,0.000975900072948534,0.018000000000000002,0.018000000000000002,0.018000000000000006,0.018000000000000002,3.469446951953614e-18,0.109,0.113,0.11015000000000001,0.11,0.0009096702699330135,0.015,0.016,0.015850000000000003,0.016,0.0003570714214271428,0.042,0.044,0.043100000000000006,0.043000000000000003,0.0006244997998398377,0.018000000000000002,0.019,0.018950000000000005,0.019,0.0002179449471770331,0.19,0.193,0.19105,0.191,0.0009733961166965902,0.027,0.028,0.0274,0.027,0.0004898979485566361,0.10300000000000001,0.108,0.10535000000000001,0.105,0.0012757350822173042,0.01,0.01,0.010000000000000002,0.01,1.734723475976807e-18,32,32,4096,11008,32768,True,1520,2
0.037,0.043000000000000003,0.041476190476190486,0.042,0.0011388819755334674,0.018000000000000002,0.018000000000000002,0.018000000000000006,0.018000000000000002,3.469446951953614e-18,0.11,0.127,0.11139999999999999,0.11,0.0036660605559646724,0.015,0.016,0.015450000000000002,0.015,0.0004974937185533104,0.043000000000000003,0.045,0.0442,0.044,0.0005999999999999992,0.019,0.019,0.019000000000000003,0.019,3.469446951953614e-18,0.19,0.193,0.1918,0.192,0.0009273618495495713,0.027,0.028,0.027200000000000002,0.027,0.00040000000000000034,0.107,0.11,0.10840000000000001,0.1085,0.0009165151389911689,0.01,0.01,0.010000000000000002,0.01,1.734723475976807e-18,32,32,4096,11008,32768,True,1504,2
0.036000000000000004,0.043000000000000003,0.04100000000000001,0.041,0.0012724180205607033,0.017,0.018000000000000002,0.017650000000000006,0.018000000000000002,0.0004769696007084733,0.109,0.128,0.1123,0.11,0.0060917977642072135,0.015,0.016,0.015250000000000003,0.015,0.00043301270189221973,0.045,0.046,0.04555000000000001,0.046,0.0004974937185533104,0.018000000000000002,0.019,0.018450000000000005,0.018000000000000002,0.0004974937185533087,0.189,0.192,0.19024999999999997,0.19,0.0008874119674649432,0.027,0.027,0.027000000000000003,0.027,3.469446951953614e-18,0.109,0.112,0.11064999999999998,0.111,0.0007921489758877436,0.009000000000000001,0.01,0.009750000000000003,0.01,0.00043301270189221897,32,32,4096,11008,32768,True,1488,2
0.036000000000000004,0.043000000000000003,0.04085714285714287,0.041,0.0012830660557435693,0.017,0.018000000000000002,0.017500000000000005,0.0175,0.0005000000000000004,0.11,0.128,0.11280000000000001,0.111,0.004975942121849892,0.015,0.016,0.015050000000000003,0.015,0.00021794494717703385,0.046,0.048,0.046700000000000005,0.047,0.0006403124237432856,0.018000000000000002,0.019,0.018700000000000005,0.019,0.0004582575694955828,0.19,0.195,0.19124999999999998,0.191,0.0010897247358851695,0.026000000000000002,0.027,0.026900000000000007,0.027,0.0002999999999999992,0.114,0.11900000000000001,0.1167,0.117,0.001187434208703793,0.009000000000000001,0.01,0.009600000000000003,0.01,0.0004898979485566352,32,32,4096,11008,32768,True,1472,2
0.036000000000000004,0.041,0.040333333333333346,0.041,0.0010837911120705752,0.017,0.018000000000000002,0.017200000000000003,0.017,0.00040000000000000034,0.109,0.127,0.11045,0.1095,0.003866199684444662,0.015,0.016,0.015050000000000003,0.015,0.00021794494717703385,0.045,0.047,0.04605000000000001,0.046,0.0007399324293474377,0.018000000000000002,0.018000000000000002,0.018000000000000006,0.018000000000000002,3.469446951953614e-18,0.189,0.192,0.1897,0.189,0.0009000000000000007,0.026000000000000002,0.027,0.026400000000000007,0.026000000000000002,0.0004898979485566343,0.115,0.12,0.11665,0.1165,0.001314343942809491,0.009000000000000001,0.01,0.009150000000000002,0.009000000000000001,0.00035707142142714214,32,32,4096,11008,32768,True,1456,2
0.035,0.041,0.03976190476190477,0.04,0.0011914281907806476,0.017,0.017,0.017000000000000005,0.017,3.469446951953614e-18,0.109,0.113,0.11040000000000001,0.11,0.0008602325267042636,0.014,0.015,0.014900000000000002,0.015,0.00029999999999999976,0.044,0.047,0.04540000000000001,0.045,0.0008000000000000007,0.018000000000000002,0.018000000000000002,0.018000000000000006,0.018000000000000002,3.469446951953614e-18,0.189,0.192,0.1901,0.19,0.0006244997998398404,0.026000000000000002,0.027,0.026050000000000007,0.026000000000000002,0.00021794494717703312,0.111,0.11800000000000001,0.11475000000000002,0.115,0.0015451537140362458,0.009000000000000001,0.01,0.009050000000000002,0.009000000000000001,0.0002179449471770335,32,32,4096,11008,32768,True,1440,2
0.035,0.04,0.0391904761904762,0.039,0.0010519391444940246,0.017,0.017,0.017000000000000005,0.017,3.469446951953614e-18,0.108,0.126,0.11174999999999999,0.109,0.005760859310901457,0.014,0.015,0.014800000000000002,0.015,0.0003999999999999997,0.045,0.047,0.045500000000000006,0.045,0.0005916079783099622,0.018000000000000002,0.018000000000000002,0.018000000000000006,0.018000000000000002,3.469446951953614e-18,0.188,0.192,0.18935,0.189,0.0011079259903080177,0.026000000000000002,0.027,0.026050000000000007,0.026000000000000002,0.00021794494717703312,0.111,0.117,0.11355000000000001,0.1135,0.001465435088975286,0.009000000000000001,0.01,0.009050000000000002,0.009000000000000001,0.00021794494717703353,32,32,4096,11008,32768,True,1424,2
0.034,0.04,0.03861904761904763,0.039,0.0011328930717495538,0.017,0.017,0.017000000000000005,0.017,3.469446951953614e-18,0.106,0.11,0.10795000000000002,0.108,0.0012835497652993447,0.015,0.016,0.015050000000000003,0.015,0.00021794494717703385,0.036000000000000004,0.045,0.04390000000000001,0.044,0.0019209372712298532,0.017,0.018000000000000002,0.017300000000000003,0.017,0.0004582575694955844,0.189,0.192,0.18995,0.19,0.0008046738469715547,0.025,0.026000000000000002,0.025950000000000008,0.026000000000000002,0.00021794494717703385,0.081,0.106,0.10255,0.105,0.0068736816917864315,0.009000000000000001,0.009000000000000001,0.009000000000000003,0.009000000000000001,1.734723475976807e-18,32,32,4096,11008,32768,True,1408,2
0.034,0.039,0.03847619047619048,0.039,0.0010962728031639365,0.017,0.017,0.017000000000000005,0.017,3.469446951953614e-18,0.107,0.115,0.11010000000000002,0.1105,0.0018411952639521988,0.014,0.015,0.014800000000000002,0.015,0.00039999999999999964,0.036000000000000004,0.045,0.04360000000000001,0.044,0.0017999999999999986,0.017,0.018000000000000002,0.017100000000000004,0.017,0.00030000000000000024,0.188,0.192,0.18945,0.189,0.001160818676624391,0.025,0.026000000000000002,0.025550000000000007,0.026000000000000002,0.0004974937185533105,0.081,0.106,0.10005000000000001,0.10400000000000001,0.009173194645269443,0.009000000000000001,0.009000000000000001,0.009000000000000003,0.009000000000000001,1.734723475976807e-18,32,32,4096,11008,32768,True,1392,2
0.033,0.038,0.03761904761904763,0.038,0.001090049823072342,0.017,0.017,0.017000000000000005,0.017,3.469446951953614e-18,0.111,0.12,0.11600000000000002,0.1155,0.002489979919597747,0.014,0.015,0.0142,0.014,0.0003999999999999996,0.036000000000000004,0.045,0.043050000000000005,0.044,0.0028892040426387318,0.017,0.018000000000000002,0.017350000000000004,0.017,0.00047696960070847314,0.188,0.191,0.18949999999999997,0.189,0.0008660254037844393,0.025,0.026000000000000002,0.025300000000000007,0.025,0.0004582575694955844,0.081,0.107,0.10415,0.105,0.0053598041008977165,0.009000000000000001,0.01,0.009050000000000002,0.009000000000000001,0.00021794494717703353,32,32,4096,11008,32768,True,1376,2
0.033,0.039,0.037571428571428575,0.038,0.0011780301787479028,0.016,0.017,0.016700000000000003,0.017,0.0004582575694955844,0.112,0.123,0.11935,0.121,0.0032446109165815214,0.014,0.015,0.014050000000000002,0.014,0.0002179449471770335,0.036000000000000004,0.045,0.04275,0.043000000000000003,0.0021880356487041057,0.017,0.018000000000000002,0.017050000000000003,0.017,0.0002179449471770339,0.187,0.191,0.18824999999999997,0.188,0.0011346805717910226,0.025,0.026000000000000002,0.025050000000000006,0.025,0.00021794494717703388,0.081,0.105,0.10065000000000002,0.10400000000000001,0.007989211475483673,0.009000000000000001,0.009000000000000001,0.009000000000000003,0.009000000000000001,1.734723475976807e-18,32,32,4096,11008,32768,True,1360,2
0.032,0.038,0.03690476190476191,0.037,0.0011914281907806474,0.016,0.017,0.016500000000000004,0.0165,0.0005000000000000004,0.123,0.13,0.12625,0.126,0.0018674849396983113,0.013000000000000001,0.014,0.013700000000000004,0.014,0.00045825756949558356,0.036000000000000004,0.045,0.042850000000000006,0.043000000000000003,0.0021971572542719823,0.017,0.018000000000000002,0.017150000000000006,0.017,0.00035707142142714284,0.187,0.191,0.18839999999999998,0.188,0.0011575836902790236,0.025,0.025,0.025000000000000005,0.025,3.469446951953614e-18,0.081,0.106,0.10205000000000002,0.10400000000000001,0.006734055241828655,0.009000000000000001,0.009000000000000001,0.009000000000000003,0.009000000000000001,1.734723475976807e-18,32,32,4096,11008,32768,True,1344,2
0.032,0.038,0.03700000000000001,0.037,0.0012344267996967349,0.016,0.017,0.016250000000000004,0.016,0.00043301270189221973,0.115,0.126,0.12215000000000001,0.123,0.002833284313301435,0.013000000000000001,0.014,0.013800000000000003,0.014,0.00039999999999999964,0.036000000000000004,0.044,0.04215000000000001,0.043000000000000003,0.0028683619018526926,0.017,0.018000000000000002,0.017050000000000003,0.017,0.0002179449471770339,0.186,0.191,0.1879,0.188,0.0011357816691600557,0.024,0.025,0.024800000000000006,0.025,0.0004000000000000003,0.081,0.105,0.09860000000000001,0.10400000000000001,0.009835649444749442,0.008,0.009000000000000001,0.008800000000000002,0.009000000000000001,0.0004000000000000004,32,32,4096,11008,32768,True,1328,2
0.031,0.037,0.03600000000000001,0.036000000000000004,0.0011952286093343933,0.015,0.016,0.015100000000000002,0.015,0.00030000000000000024,0.12,0.128,0.12375,0.124,0.001946150045602858,0.013000000000000001,0.014,0.013550000000000003,0.014,0.0004974937185533095,0.036000000000000004,0.045,0.04175,0.043000000000000003,0.002947456530637898,0.016,0.016,0.016000000000000004,0.016,3.469446951953614e-18,0.187,0.191,0.1881,0.188,0.001044030650891056,0.023,0.023,0.023000000000000003,0.023,3.469446951953614e-18,0.081,0.106,0.10240000000000002,0.105,0.0071651936470691424,0.008,0.009000000000000001,0.008950000000000003,0.009000000000000001,0.00021794494717703385,32,32,4096,11008,32768,True,1312,2
0.031,0.037,0.03600000000000001,0.036000000000000004,0.0011952286093343933,0.015,0.015,0.015000000000000003,0.015,3.469446951953614e-18,0.11800000000000001,0.126,0.12204999999999999,0.1215,0.002578274616870746,0.013000000000000001,0.014,0.013350000000000004,0.013000000000000001,0.0004769696007084724,0.043000000000000003,0.045,0.04335000000000001,0.043000000000000003,0.0005722761571129774,0.015,0.016,0.015850000000000003,0.016,0.00035707142142714284,0.186,0.19,0.18719999999999998,0.187,0.0008717797887081355,0.023,0.024,0.023050000000000005,0.023,0.00021794494717703388,0.08,0.105,0.09990000000000002,0.10400000000000001,0.009098901032542336,0.008,0.009000000000000001,0.008700000000000003,0.009000000000000001,0.0004582575694955844,32,32,4096,11008,32768,True,1296,2
0.031,0.037,0.03542857142857144,0.036000000000000004,0.001178030178747903,0.015,0.015,0.015000000000000003,0.015,3.469446951953614e-18,0.095,0.098,0.09525,0.095,0.0006982120021884477,0.012,0.012,0.012000000000000002,0.012,1.734723475976807e-18,0.035,0.037,0.03615000000000001,0.036000000000000004,0.0005722761571129777,0.015,0.016,0.015900000000000004,0.016,0.0003000000000000003,0.163,0.166,0.16420000000000004,0.164,0.0008717797887081354,0.022,0.023,0.022700000000000005,0.023,0.00045825756949558437,0.08,0.106,0.09775,0.105,0.01087140745257945,0.008,0.009000000000000001,0.008150000000000001,0.008,0.0003570714214271428,32,32,4096,11008,32768,True,1280,2
0.03,0.037,0.03561904761904763,0.036000000000000004,0.0013265131692556315,0.015,0.015,0.015000000000000003,0.015,3.469446951953614e-18,0.094,0.097,0.09475,0.095,0.0008874119674649432,0.012,0.012,0.012000000000000002,0.012,1.734723475976807e-18,0.035,0.036000000000000004,0.03545000000000001,0.035,0.0004974937185533104,0.015,0.016,0.015450000000000002,0.015,0.0004974937185533104,0.162,0.166,0.16334999999999997,0.163,0.0009630680142129121,0.022,0.023,0.022400000000000003,0.022,0.000489897948556636,0.08,0.10400000000000001,0.09405000000000001,0.10300000000000001,0.0111779917695443,0.008,0.008,0.008000000000000002,0.008,1.734723475976807e-18,32,32,4096,11008,32768,True,1264,2
0.03,0.036000000000000004,0.034619047619047626,0.035,0.0011328930717495553,0.015,0.015,0.015000000000000003,0.015,3.469446951953614e-18,0.092,0.097,0.09355000000000001,0.093,0.0009733961166965902,0.011,0.012,0.011700000000000002,0.012,0.0004582575694955844,0.035,0.045,0.03625000000000001,0.036000000000000004,0.002070627924084864,0.015,0.016,0.0158,0.016,0.00040000000000000034,0.168,0.17300000000000001,0.1701,0.17,0.0011789826122551605,0.022,0.023,0.022250000000000002,0.022,0.00043301270189221973,0.08,0.10400000000000001,0.0864,0.081,0.010056838469419705,0.008,0.009000000000000001,0.008050000000000002,0.008,0.0002179449471770339,32,32,4096,11008,32768,True,1248,2
0.03,0.036000000000000004,0.034619047619047626,0.035,0.0011328930717495553,0.015,0.015,0.015000000000000003,0.015,3.469446951953614e-18,0.092,0.096,0.09265000000000001,0.0925,0.0009096702699330133,0.011,0.012,0.011500000000000002,0.0115,0.0005000000000000004,0.035,0.043000000000000003,0.03655000000000001,0.035,0.002765411361804967,0.015,0.016,0.015050000000000003,0.015,0.00021794494717703385,0.167,0.17,0.168,0.168,0.0009486832980505146,0.022,0.022,0.022000000000000002,0.022,3.469446951953614e-18,0.079,0.10400000000000001,0.09005,0.08,0.0115259489847908,0.008,0.008,0.008000000000000002,0.008,1.734723475976807e-18,32,32,4096,11008,32768,True,1232,2
0.029,0.034,0.03366666666666668,0.034,0.0010837911120705757,0.015,0.015,0.015000000000000003,0.015,3.469446951953614e-18,0.092,0.095,0.09324999999999999,0.093,0.0006982120021884477,0.011,0.012,0.011200000000000002,0.011,0.00040000000000000034,0.035,0.036000000000000004,0.03525000000000001,0.035,0.0004330127018922198,0.015,0.016,0.015250000000000003,0.015,0.00043301270189221973,0.168,0.17200000000000001,0.16945000000000005,0.169,0.0013219304066402295,0.022,0.023,0.022050000000000004,0.022,0.00021794494717703388,0.08,0.10400000000000001,0.0861,0.0805,0.009999499987499378,0.008,0.008,0.008000000000000002,0.008,1.734723475976807e-18,32,32,4096,11008,32768,True,1216,2
0.029,0.035,0.033619047619047625,0.034,0.0011328930717495547,0.015,0.015,0.015000000000000003,0.015,3.469446951953614e-18,0.092,0.095,0.09275000000000001,0.093,0.0008291561975888507,0.011,0.012,0.01105,0.011,0.0002179449471770339,0.035,0.044,0.03585000000000001,0.035,0.002554897258208243,0.015,0.015,0.015000000000000003,0.015,3.469446951953614e-18,0.166,0.171,0.16795,0.168,0.0013219304066402295,0.021,0.022,0.021950000000000004,0.022,0.0002179449471770331,0.079,0.10400000000000001,0.09034999999999999,0.0805,0.0117570191800473,0.008,0.008,0.008000000000000002,0.008,1.734723475976807e-18,32,32,4096,11008,32768,True,1200,2
0.028,0.034,0.0330952380952381,0.033,0.0012307474269828656,0.014,0.015,0.014250000000000002,0.014,0.00043301270189221897,0.092,0.096,0.09325,0.093,0.0008291561975888507,0.011,0.011,0.011000000000000001,0.011,1.734723475976807e-18,0.035,0.043000000000000003,0.03540000000000001,0.035,0.0017435595774162695,0.015,0.015,0.015000000000000003,0.015,3.469446951953614e-18,0.168,0.17200000000000001,0.16890000000000005,0.168,0.0012206555615733713,0.021,0.022,0.02135,0.021,0.0004769696007084717,0.08,0.10400000000000001,0.08285000000000001,0.081,0.006908509245850369,0.008,0.008,0.008000000000000002,0.008,1.734723475976807e-18,32,32,4096,11008,32768,True,1184,2
0.028,0.034,0.03285714285714286,0.033,0.001166423687039609,0.014,0.015,0.014150000000000001,0.014,0.00035707142142714214,0.092,0.095,0.09280000000000001,0.093,0.0008124038404635967,0.011,0.011,0.011000000000000001,0.011,1.734723475976807e-18,0.035,0.043000000000000003,0.03665000000000001,0.035,0.0031823733281939126,0.014,0.015,0.014500000000000002,0.014499999999999999,0.0004999999999999996,0.165,0.17,0.16704999999999998,0.167,0.001243985530462474,0.021,0.021,0.021000000000000005,0.021,3.469446951953614e-18,0.079,0.10400000000000001,0.0866,0.08,0.010646126055988631,0.008,0.008,0.008000000000000002,0.008,1.734723475976807e-18,32,32,4096,11008,32768,True,1168,2
0.028,0.033,0.03195238095238096,0.032,0.0009499970163457148,0.014,0.015,0.014100000000000001,0.014,0.00029999999999999976,0.094,0.098,0.0955,0.095,0.0012449899597988744,0.011,0.012,0.011950000000000002,0.012,0.00021794494717703385,0.035,0.036000000000000004,0.035100000000000006,0.035,0.00030000000000000024,0.014,0.015,0.014800000000000002,0.015,0.0003999999999999997,0.154,0.16,0.1563,0.156,0.0016155494421403525,0.021,0.022,0.02125,0.021,0.0004330127018922182,0.08,0.10300000000000001,0.08370000000000001,0.08,0.008124653838779841,0.007,0.008,0.007950000000000002,0.008,0.00021794494717703366,32,32,4096,11008,32768,True,1152,2
0.027,0.032,0.031047619047619053,0.031,0.0009988655696858589,0.014,0.015,0.014050000000000002,0.014,0.00021794494717703353,0.08700000000000001,0.09,0.08779999999999999,0.0875,0.0009797958971132664,0.012,0.013000000000000001,0.012650000000000003,0.013000000000000001,0.00047696960070847325,0.035,0.043000000000000003,0.03540000000000001,0.035,0.0017435595774162695,0.014,0.015,0.014300000000000002,0.014,0.00045825756949558356,0.156,0.16,0.15810000000000002,0.158,0.0012206555615733713,0.021,0.021,0.021000000000000005,0.021,3.469446951953614e-18,0.079,0.10300000000000001,0.0907,0.091,0.011606463716395277,0.007,0.008,0.007350000000000001,0.007,0.00047696960070847287,32,32,4096,11008,32768,True,1136,2
0.027,0.032,0.031190476190476196,0.031,0.001051939144494025,0.014,0.014,0.014000000000000002,0.014,1.734723475976807e-18,0.088,0.091,0.08875000000000001,0.089,0.0008874119674649433,0.012,0.013000000000000001,0.012450000000000003,0.012,0.0004974937185533104,0.035,0.043000000000000003,0.03545000000000001,0.035,0.0017457090250096092,0.014,0.015,0.014500000000000002,0.014499999999999999,0.0004999999999999995,0.16,0.166,0.16335,0.1635,0.001620956507744734,0.02,0.021,0.020700000000000003,0.021,0.0004582575694955845,0.08,0.10400000000000001,0.08610000000000001,0.08,0.010113851887386926,0.007,0.008,0.007350000000000001,0.007,0.00047696960070847287,32,32,4096,11008,32768,True,1120,2
0.026000000000000002,0.031,0.030047619047619052,0.03,0.0009988655696858582,0.014,0.014,0.014000000000000002,0.014,1.734723475976807e-18,0.08700000000000001,0.089,0.0876,0.08700000000000001,0.0007348469228349479,0.012,0.013000000000000001,0.012200000000000003,0.012,0.00040000000000000034,0.034,0.035,0.034850000000000006,0.035,0.00035707142142714284,0.014,0.015,0.014050000000000002,0.014,0.00021794494717703353,0.161,0.168,0.16565000000000002,0.166,0.0020068632240389495,0.02,0.021,0.020250000000000004,0.02,0.00043301270189221973,0.079,0.10300000000000001,0.086,0.079,0.010587728746053144,0.007,0.008,0.007050000000000001,0.007,0.0002179449471770337,32,32,4096,11008,32768,True,1104,2
0.026000000000000002,0.03,0.029809523809523814,0.03,0.0008518354199999192,0.014,0.014,0.014000000000000002,0.014,1.734723475976807e-18,0.08700000000000001,0.09,0.08770000000000001,0.088,0.0007810249675906607,0.012,0.012,0.012000000000000002,0.012,1.734723475976807e-18,0.034,0.043000000000000003,0.03525000000000001,0.035,0.0018405162319305964,0.014,0.015,0.014050000000000002,0.014,0.00021794494717703353,0.164,0.17500000000000002,0.17100000000000004,0.1715,0.002915475947422653,0.02,0.02,0.020000000000000004,0.02,3.469446951953614e-18,0.079,0.10200000000000001,0.08505,0.08,0.009795279475339131,0.007,0.008,0.0071,0.007,0.00030000000000000003,32,32,4096,11008,32768,True,1088,2
0.026000000000000002,0.03,0.02952380952380953,0.03,0.0009060141709733537,0.014,0.014,0.014000000000000002,0.014,1.734723475976807e-18,0.08600000000000001,0.089,0.08714999999999999,0.08700000000000001,0.0006538348415310969,0.012,0.013000000000000001,0.012100000000000003,0.012,0.00030000000000000024,0.034,0.036000000000000004,0.03450000000000001,0.034,0.0005916079783099622,0.014,0.014,0.014000000000000002,0.014,1.734723475976807e-18,0.17,0.184,0.17520000000000002,0.17450000000000002,0.0037496666518505267,0.02,0.02,0.020000000000000004,0.02,3.469446951953614e-18,0.079,0.10300000000000001,0.09075,0.091,0.011558005883369332,0.007,0.007,0.007000000000000001,0.007,8.673617379884035e-19,32,32,4096,11008,32768,True,1072,2
0.025,0.03,0.029190476190476194,0.029,0.0010519391444940242,0.012,0.013000000000000001,0.012800000000000002,0.013000000000000001,0.00040000000000000034,0.08600000000000001,0.09,0.08735000000000001,0.08700000000000001,0.0008529361054615947,0.011,0.012,0.011100000000000002,0.011,0.00030000000000000024,0.034,0.035,0.03480000000000001,0.035,0.00040000000000000034,0.012,0.013000000000000001,0.012900000000000003,0.013000000000000001,0.00030000000000000024,0.17300000000000001,0.186,0.17930000000000001,0.178,0.003348133808556642,0.018000000000000002,0.018000000000000002,0.018000000000000006,0.018000000000000002,3.469446951953614e-18,0.079,0.10300000000000001,0.08975,0.08,0.011392431698281106,0.007,0.007,0.007000000000000001,0.007,8.673617379884035e-19,32,32,4096,11008,32768,True,1056,2
0.025,0.029,0.028714285714285723,0.029,0.0008806305718527109,0.012,0.013000000000000001,0.012250000000000002,0.012,0.0004330127018922198,0.08600000000000001,0.089,0.08680000000000002,0.08700000000000001,0.0008124038404635928,0.011,0.012,0.011100000000000002,0.011,0.00030000000000000024,0.034,0.036000000000000004,0.034600000000000006,0.035,0.0005830951894845307,0.012,0.013000000000000001,0.012550000000000002,0.013000000000000001,0.0004974937185533104,0.17300000000000001,0.192,0.18205,0.182,0.004432550056118937,0.017,0.018000000000000002,0.017950000000000004,0.018000000000000002,0.00021794494717703385,0.079,0.10300000000000001,0.09065000000000001,0.091,0.011555409988399377,0.007,0.007,0.007000000000000001,0.007,8.673617379884035e-19,32,32,4096,11008,32768,True,1040,2
0.025,0.03,0.028857142857142862,0.029,0.0009404008408634045,0.012,0.013000000000000001,0.012400000000000003,0.012,0.000489897948556636,0.089,0.091,0.09004999999999999,0.09,0.0007399324293474377,0.009000000000000001,0.01,0.009950000000000004,0.01,0.00021794494717703353,0.027,0.028,0.0279,0.028,0.0003000000000000003,0.012,0.013000000000000001,0.012700000000000003,0.013000000000000001,0.0004582575694955844,0.134,0.136,0.1346,0.135,0.0005830951894845306,0.018000000000000002,0.019,0.018550000000000004,0.019,0.0004974937185533088,0.057,0.058,0.057050000000000003,0.057,0.0002179449471770339,0.006,0.006,0.006000000000000001,0.006,8.673617379884035e-19,32,32,4096,11008,32768,True,1024,2
0.025,0.029,0.028000000000000008,0.028,0.0008164965809277262,0.012,0.013000000000000001,0.012200000000000003,0.012,0.00040000000000000034,0.079,0.092,0.08885,0.089,0.002455096739438183,0.009000000000000001,0.01,0.009950000000000004,0.01,0.00021794494717703353,0.028,0.028,0.028000000000000004,0.028,3.469446951953614e-18,0.012,0.013000000000000001,0.012650000000000003,0.013000000000000001,0.00047696960070847325,0.134,0.135,0.1343,0.134,0.0004582575694955844,0.018000000000000002,0.019,0.018350000000000005,0.018000000000000002,0.0004769696007084716,0.056,0.06,0.05689999999999999,0.057,0.0008888194417315585,0.006,0.007,0.0060500000000000016,0.006,0.0002179449471770337,32,32,4096,11008,32768,True,1016,2
0.025,0.03,0.027952380952380958,0.028,0.0008438116736509213,0.012,0.013000000000000001,0.012450000000000003,0.012,0.0004974937185533104,0.089,0.091,0.09015000000000001,0.09,0.0007262919523166982,0.009000000000000001,0.01,0.009800000000000003,0.01,0.0003999999999999997,0.027,0.028,0.0279,0.028,0.0003000000000000003,0.012,0.013000000000000001,0.012500000000000002,0.0125,0.0005000000000000004,0.134,0.136,0.13540000000000002,0.135,0.0005830951894845307,0.018000000000000002,0.019,0.018250000000000006,0.018000000000000002,0.0004330127018922182,0.057,0.058,0.057050000000000003,0.057,0.0002179449471770339,0.006,0.006,0.006000000000000001,0.006,8.673617379884035e-19,32,32,4096,11008,32768,True,1008,2
0.024,0.029,0.02780952380952382,0.028,0.0010519391444940253,0.012,0.013000000000000001,0.012150000000000003,0.012,0.0003570714214271428,0.088,0.09,0.08904999999999999,0.089,0.0004974937185533105,0.009000000000000001,0.01,0.009950000000000004,0.01,0.00021794494717703353,0.027,0.028,0.027700000000000002,0.028,0.0004582575694955844,0.012,0.013000000000000001,0.012350000000000003,0.012,0.00047696960070847314,0.133,0.135,0.13365,0.134,0.0006538348415311016,0.018000000000000002,0.019,0.018050000000000004,0.018000000000000002,0.00021794494717703315,0.056,0.057,0.056600000000000004,0.057,0.0004898979485566361,0.006,0.006,0.006000000000000001,0.006,8.673617379884035e-19,32,32,4096,11008,32768,True,1000,2
0.024,0.028,0.02757142857142858,0.028,0.0009035079029052515,0.012,0.013000000000000001,0.012250000000000002,0.012,0.0004330127018922198,0.08,0.091,0.08935,0.09,0.0022197972880423104,0.009000000000000001,0.01,0.009750000000000003,0.01,0.00043301270189221897,0.027,0.028,0.027250000000000003,0.027,0.00043301270189221973,0.012,0.013000000000000001,0.012450000000000003,0.012,0.0004974937185533104,0.133,0.135,0.13415,0.134,0.0006538348415311016,0.018000000000000002,0.019,0.018050000000000004,0.018000000000000002,0.00021794494717703315,0.056,0.058,0.05700000000000001,0.057,0.0003162277660168382,0.006,0.006,0.006000000000000001,0.006,8.673617379884035e-19,32,32,4096,11008,32768,True,992,2
0.024,0.028,0.02733333333333334,0.027,0.000890870806374748,0.012,0.013000000000000001,0.012150000000000003,0.012,0.0003570714214271428,0.08700000000000001,0.09,0.08859999999999998,0.089,0.0007999999999999979,0.009000000000000001,0.01,0.009550000000000003,0.01,0.0004974937185533095,0.027,0.028,0.027350000000000003,0.027,0.00047696960070847314,0.012,0.013000000000000001,0.012300000000000002,0.012,0.0004582575694955844,0.132,0.135,0.13369999999999999,0.134,0.0006403124237432853,0.018000000000000002,0.019,0.018150000000000006,0.018000000000000002,0.0003570714214271416,0.057,0.058,0.057100000000000005,0.057,0.00030000000000000024,0.006,0.006,0.006000000000000001,0.006,8.673617379884035e-19,32,32,4096,11008,32768,True,984,2
0.024,0.028,0.02676190476190477,0.027,0.000810923160282209,0.012,0.013000000000000001,0.012050000000000002,0.012,0.0002179449471770339,0.088,0.09,0.0889,0.089,0.0007681145747868615,0.009000000000000001,0.01,0.009250000000000003,0.009000000000000001,0.00043301270189221897,0.027,0.027,0.027000000000000003,0.027,3.469446951953614e-18,0.012,0.013000000000000001,0.012150000000000003,0.012,0.0003570714214271428,0.133,0.134,0.1334,0.133,0.000489897948556636,0.018000000000000002,0.019,0.018050000000000004,0.018000000000000002,0.00021794494717703315,0.056,0.057,0.05665,0.057,0.0004769696007084732,0.006,0.006,0.006000000000000001,0.006,8.673617379884035e-19,32,32,4096,11008,32768,True,976,2
0.024,0.028,0.027000000000000007,0.027,0.0007559289460184545,0.012,0.013000000000000001,0.012050000000000002,0.012,0.0002179449471770339,0.08700000000000001,0.09,0.08865,0.089,0.0009096702699330108,0.009000000000000001,0.01,0.009250000000000003,0.009000000000000001,0.00043301270189221897,0.027,0.027,0.027000000000000003,0.027,3.469446951953614e-18,0.012,0.013000000000000001,0.012200000000000003,0.012,0.00040000000000000034,0.132,0.135,0.1331,0.133,0.0007681145747868615,0.018000000000000002,0.019,0.018050000000000004,0.018000000000000002,0.00021794494717703315,0.056,0.057,0.05689999999999999,0.057,0.0003000000000000003,0.006,0.006,0.006000000000000001,0.006,8.673617379884035e-19,32,32,4096,11008,32768,True,968,2
0.023,0.028,0.02676190476190477,0.027,0.0009712418121129114,0.012,0.013000000000000001,0.012100000000000003,0.012,0.00030000000000000024,0.088,0.091,0.08959999999999999,0.0895,0.0008000000000000008,0.009000000000000001,0.01,0.009150000000000002,0.009000000000000001,0.00035707142142714214,0.027,0.028,0.027100000000000003,0.027,0.00030000000000000024,0.012,0.013000000000000001,0.012250000000000002,0.012,0.0004330127018922198,0.133,0.135,0.13405,0.134,0.0004974937185533105,0.018000000000000002,0.019,0.018100000000000005,0.018000000000000002,0.0002999999999999992,0.057,0.058,0.05725,0.057,0.0004330127018922198,0.006,0.006,0.006000000000000001,0.006,8.673617379884035e-19,32,32,4096,11008,32768,True,960,2
0.023,0.027,0.02614285714285715,0.026000000000000002,0.0008329931278350427,0.012,0.012,0.012000000000000002,0.012,1.734723475976807e-18,0.079,0.09,0.08795,0.088,0.002178875856950091,0.009000000000000001,0.01,0.009200000000000003,0.009000000000000001,0.00039999999999999964,0.027,0.028,0.027200000000000002,0.027,0.00040000000000000034,0.012,0.012,0.012000000000000002,0.012,1.734723475976807e-18,0.132,0.134,0.1332,0.133,0.0006000000000000005,0.017,0.018000000000000002,0.017900000000000006,0.018000000000000002,0.0003000000000000003,0.056,0.057,0.05689999999999999,0.057,0.0003000000000000003,0.006,0.006,0.006000000000000001,0.006,8.673617379884035e-19,32,32,4096,11008,32768,True,952,2
0.023,0.027,0.026047619047619056,0.026000000000000002,0.0007853534524986018,0.012,0.012,0.012000000000000002,0.012,1.734723475976807e-18,0.088,0.09,0.08935000000000001,0.089,0.0006538348415311017,0.009000000000000001,0.01,0.009050000000000002,0.009000000000000001,0.00021794494717703353,0.027,0.028,0.02705,0.027,0.0002179449471770339,0.012,0.013000000000000001,0.012250000000000002,0.012,0.0004330127018922198,0.133,0.135,0.13415,0.134,0.00047696960070847325,0.018000000000000002,0.018000000000000002,0.018000000000000006,0.018000000000000002,3.469446951953614e-18,0.057,0.058,0.057050000000000003,0.057,0.0002179449471770339,0.006,0.006,0.006000000000000001,0.006,8.673617379884035e-19,32,32,4096,11008,32768,True,944,2
0.023,0.027,0.02614285714285715,0.026000000000000002,0.0008329931278350428,0.012,0.012,0.012000000000000002,0.012,1.734723475976807e-18,0.08600000000000001,0.09,0.088,0.088,0.0009486832980505096,0.009000000000000001,0.01,0.009050000000000002,0.009000000000000001,0.00021794494717703353,0.027,0.028,0.02715,0.027,0.0003570714214271428,0.012,0.012,0.012000000000000002,0.012,1.734723475976807e-18,0.132,0.134,0.13285000000000002,0.133,0.0005722761571129804,0.017,0.018000000000000002,0.017450000000000004,0.017,0.0004974937185533104,0.056,0.057,0.05685,0.057,0.00035707142142714284,0.006,0.006,0.006000000000000001,0.006,8.673617379884035e-19,32,32,4096,11008,32768,True,936,2
0.023,0.027,0.026095238095238102,0.026000000000000002,0.0008109231602822094,0.012,0.012,0.012000000000000002,0.012,1.734723475976807e-18,0.08,0.09,0.08875,0.089,0.002070627924084864,0.009000000000000001,0.009000000000000001,0.009000000000000003,0.009000000000000001,1.734723475976807e-18,0.027,0.028,0.02705,0.027,0.0002179449471770339,0.012,0.012,0.012000000000000002,0.012,1.734723475976807e-18,0.133,0.134,0.13315000000000002,0.133,0.00035707142142714273,0.017,0.018000000000000002,0.017500000000000005,0.0175,0.0005000000000000004,0.057,0.058,0.0571,0.057,0.0003000000000000003,0.006,0.006,0.006000000000000001,0.006,8.673617379884035e-19,32,32,4096,11008,32768,True,928,2
0.022,0.026000000000000002,0.025380952380952386,0.026000000000000002,0.0008984743935292011,0.012,0.012,0.012000000000000002,0.012,1.734723475976807e-18,0.08700000000000001,0.09,0.08885,0.089,0.0008529361054615952,0.009000000000000001,0.009000000000000001,0.009000000000000003,0.009000000000000001,1.734723475976807e-18,0.027,0.028,0.027100000000000003,0.027,0.00030000000000000024,0.012,0.012,0.012000000000000002,0.012,1.734723475976807e-18,0.132,0.135,0.13285000000000002,0.133,0.0007262919523166982,0.017,0.018000000000000002,0.017150000000000006,0.017,0.0003570714214271428,0.056,0.057,0.05695,0.057,0.0002179449471770339,0.006,0.006,0.006000000000000001,0.006,8.673617379884035e-19,32,32,4096,11008,32768,True,920,2
0.022,0.026000000000000002,0.0250952380952381,0.025,0.0008109231602822103,0.012,0.012,0.012000000000000002,0.012,1.734723475976807e-18,0.08700000000000001,0.091,0.08929999999999999,0.089,0.0008426149773176347,0.008,0.009000000000000001,0.008900000000000002,0.009000000000000001,0.0003000000000000003,0.027,0.028,0.027100000000000003,0.027,0.00030000000000000024,0.012,0.012,0.012000000000000002,0.012,1.734723475976807e-18,0.136,0.138,0.13685000000000003,0.137,0.0005722761571129804,0.016,0.017,0.016600000000000004,0.017,0.0004898979485566361,0.057,0.058,0.057100000000000005,0.057,0.00030000000000000024,0.006,0.006,0.006000000000000001,0.006,8.673617379884035e-19,32,32,4096,11008,32768,True,912,2
0.022,0.026000000000000002,0.0250952380952381,0.025,0.0008109231602822103,0.011,0.012,0.011800000000000001,0.012,0.00040000000000000034,0.08700000000000001,0.09,0.0884,0.088,0.0007999999999999983,0.008,0.009000000000000001,0.008950000000000003,0.009000000000000001,0.00021794494717703385,0.027,0.03,0.027200000000000002,0.027,0.0006782329983125268,0.011,0.012,0.011950000000000002,0.012,0.00021794494717703385,0.135,0.137,0.136,0.136,0.0005477225575051667,0.016,0.017,0.016050000000000002,0.016,0.0002179449471770339,0.057,0.059000000000000004,0.05735,0.057,0.0005722761571129804,0.005,0.006,0.005850000000000001,0.006,0.0003570714214271425,32,32,4096,11008,32768,True,904,2
0.022,0.026000000000000002,0.0250952380952381,0.025,0.0008109231602822103,0.011,0.012,0.011950000000000002,0.012,0.00021794494717703385,0.088,0.09,0.089,0.089,0.0003162277660168382,0.009000000000000001,0.01,0.009200000000000003,0.009000000000000001,0.00039999999999999964,0.027,0.028,0.027350000000000003,0.027,0.00047696960070847314,0.011,0.012,0.011800000000000001,0.012,0.00040000000000000034,0.131,0.136,0.13269999999999998,0.1325,0.0011445523142259606,0.017,0.017,0.017000000000000005,0.017,3.469446951953614e-18,0.056,0.057,0.056600000000000004,0.057,0.0004898979485566361,0.005,0.006,0.0056500000000000005,0.006,0.0004769696007084729,32,32,4096,11008,32768,True,896,2
0.022,0.026000000000000002,0.025000000000000005,0.025,0.0007559289460184552,0.011,0.012,0.011550000000000001,0.012,0.0004974937185533104,0.088,0.089,0.08815000000000002,0.088,0.00035707142142714273,0.009000000000000001,0.01,0.009050000000000002,0.009000000000000001,0.00021794494717703353,0.027,0.031,0.0274,0.027,0.0009165151389911682,0.011,0.012,0.011850000000000003,0.012,0.00035707142142714284,0.132,0.136,0.13369999999999999,0.134,0.0013076696830622032,0.016,0.017,0.016550000000000002,0.017,0.0004974937185533105,0.056,0.06,0.05725,0.057,0.0007664854858377941,0.005,0.006,0.005550000000000001,0.006,0.0004974937185533101,32,32,4096,11008,32768,True,888,2
0.021,0.025,0.024238095238095243,0.024,0.0008676603408708859,0.011,0.012,0.011400000000000002,0.011,0.000489897948556636,0.08,0.09,0.088,0.0885,0.0020493901531919174,0.008,0.009000000000000001,0.008400000000000001,0.008,0.0004898979485566361,0.027,0.028,0.02755,0.028,0.0004974937185533104,0.011,0.012,0.011750000000000002,0.012,0.0004330127018922198,0.135,0.137,0.1358,0.136,0.0005099019513592789,0.016,0.017,0.016050000000000002,0.016,0.0002179449471770339,0.056,0.058,0.05695,0.057,0.0007399324293474378,0.005,0.006,0.005300000000000001,0.005,0.00045825756949558405,32,32,4096,11008,32768,True,880,2
0.021,0.025,0.023952380952380958,0.024,0.0007221786137191953,0.011,0.012,0.011800000000000001,0.012,0.0004000000000000004,0.08700000000000001,0.089,0.08805,0.088,0.0007399324293474328,0.008,0.009000000000000001,0.008250000000000002,0.008,0.0004330127018922198,0.027,0.03,0.027450000000000002,0.027,0.0010712142642814273,0.011,0.012,0.011950000000000002,0.012,0.00021794494717703385,0.135,0.138,0.13610000000000003,0.136,0.0008306623862918082,0.016,0.016,0.016000000000000004,0.016,3.469446951953614e-18,0.057,0.06,0.0576,0.057,0.0011999999999999984,0.005,0.006,0.00515,0.005,0.00035707142142714246,32,32,4096,11008,32768,True,872,2
0.021,0.025,0.024047619047619054,0.024,0.000785353452498602,0.011,0.012,0.011500000000000002,0.0115,0.0005000000000000004,0.08700000000000001,0.09,0.0885,0.089,0.0007416198487095642,0.008,0.009000000000000001,0.008150000000000001,0.008,0.0003570714214271428,0.028,0.029,0.028450000000000003,0.028,0.0004974937185533103,0.011,0.012,0.011750000000000002,0.012,0.0004330127018922198,0.136,0.137,0.13640000000000002,0.136,0.0004898979485566361,0.016,0.016,0.016000000000000004,0.016,3.469446951953614e-18,0.057,0.058,0.057050000000000003,0.057,0.0002179449471770339,0.005,0.006,0.005200000000000001,0.005,0.0004,32,32,4096,11008,32768,True,864,2
0.022,0.025,0.024000000000000004,0.024,0.0005345224838248493,0.011,0.012,0.011200000000000002,0.011,0.00040000000000000034,0.079,0.089,0.08725,0.088,0.002021756661915571,0.008,0.009000000000000001,0.008100000000000001,0.008,0.0003000000000000003,0.027,0.03,0.02715,0.027,0.0006538348415311008,0.011,0.012,0.011400000000000002,0.011,0.000489897948556636,0.134,0.137,0.13565,0.136,0.0007921489758877436,0.016,0.016,0.016000000000000004,0.016,3.469446951953614e-18,0.057,0.062,0.05884999999999999,0.058,0.0016515144564913729,0.005,0.005,0.005000000000000001,0.005,8.673617379884035e-19,32,32,4096,11008,32768,True,856,2
0.02,0.024,0.023571428571428577,0.024,0.0009035079029052514,0.011,0.012,0.011150000000000002,0.011,0.0003570714214271428,0.08700000000000001,0.09,0.08834999999999998,0.088,0.0007921489758877401,0.008,0.009000000000000001,0.008050000000000002,0.008,0.0002179449471770339,0.029,0.03,0.029100000000000004,0.029,0.0002999999999999992,0.011,0.012,0.011700000000000002,0.012,0.0004582575694955845,0.135,0.138,0.13595000000000002,0.136,0.0008046738469715547,0.016,0.016,0.016000000000000004,0.016,3.469446951953614e-18,0.057,0.058,0.057050000000000003,0.057,0.00021794494717703388,0.005,0.005,0.005000000000000001,0.005,8.673617379884035e-19,32,32,4096,11008,32768,True,848,2
0.02,0.024,0.02323809523809524,0.023,0.0008676603408708858,0.011,0.012,0.011200000000000002,0.011,0.00040000000000000034,0.078,0.089,0.087,0.0875,0.0022583179581272413,0.008,0.008,0.008000000000000002,0.008,1.734723475976807e-18,0.027,0.029,0.027100000000000003,0.027,0.0004358898943540678,0.011,0.012,0.011300000000000001,0.011,0.0004582575694955844,0.134,0.136,0.13479999999999998,0.135,0.0006782329983125274,0.015,0.016,0.015900000000000004,0.016,0.0003000000000000003,0.056,0.057,0.05650000000000001,0.0565,0.0005000000000000006,0.005,0.005,0.005000000000000001,0.005,8.673617379884035e-19,32,32,4096,11008,32768,True,840,2
0.02,0.024,0.023190476190476195,0.023,0.0008518354199999199,0.011,0.012,0.01105,0.011,0.00021794494717703388,0.08,0.089,0.08754999999999999,0.088,0.0018834808201837337,0.008,0.009000000000000001,0.008050000000000002,0.008,0.0002179449471770339,0.026000000000000002,0.027,0.026300000000000007,0.026000000000000002,0.0004582575694955828,0.011,0.012,0.011150000000000002,0.011,0.0003570714214271428,0.135,0.137,0.13570000000000002,0.136,0.0007141428428542857,0.015,0.016,0.015750000000000004,0.016,0.00043301270189221973,0.056,0.06,0.05715,0.057,0.001107925990308017,0.005,0.005,0.005000000000000001,0.005,8.673617379884035e-19,32,32,4096,11008,32768,True,832,2
0.02,0.024,0.02323809523809524,0.023,0.0008676603408708856,0.011,0.012,0.011150000000000002,0.011,0.0003570714214271428,0.085,0.089,0.08695,0.08700000000000001,0.0009733961166965851,0.008,0.008,0.008000000000000002,0.008,1.734723475976807e-18,0.026000000000000002,0.027,0.026500000000000006,0.026500000000000003,0.0004999999999999986,0.011,0.012,0.011100000000000002,0.011,0.00030000000000000024,0.134,0.137,0.13530000000000003,0.135,0.0006403124237432853,0.015,0.016,0.015200000000000002,0.015,0.00040000000000000034,0.056,0.057,0.05675,0.057,0.0004330127018922198,0.005,0.005,0.005000000000000001,0.005,8.673617379884035e-19,32,32,4096,11008,32768,True,824,2
0.02,0.024,0.02285714285714286,0.023,0.0007095078297976828,0.011,0.012,0.01105,0.011,0.0002179449471770339,0.08700000000000001,0.089,0.0883,0.088,0.0006403124237432825,0.008,0.009000000000000001,0.008050000000000002,0.008,0.0002179449471770339,0.026000000000000002,0.027,0.026550000000000008,0.027,0.0004974937185533087,0.011,0.012,0.01105,0.011,0.0002179449471770339,0.135,0.137,0.1359,0.136,0.0005385164807134509,0.015,0.016,0.015100000000000002,0.015,0.00030000000000000024,0.057,0.057,0.056999999999999995,0.057,6.938893903907228e-18,0.005,0.005,0.005000000000000001,0.005,8.673617379884035e-19,32,32,4096,11008,32768,True,816,2
0.02,0.023,0.02285714285714286,0.023,0.0006388765649999398,0.011,0.011,0.011000000000000001,0.011,1.734723475976807e-18,0.078,0.088,0.08635,0.08700000000000001,0.0027617928959282937,0.008,0.008,0.008000000000000002,0.008,1.734723475976807e-18,0.026000000000000002,0.027,0.026600000000000006,0.027,0.0004898979485566344,0.011,0.012,0.01105,0.011,0.0002179449471770339,0.137,0.139,0.1377,0.138,0.0005567764362830027,0.015,0.016,0.015050000000000003,0.015,0.00021794494717703388,0.061,0.067,0.06389999999999998,0.063,0.0022781571499789054,0.005,0.005,0.005000000000000001,0.005,8.673617379884035e-19,32,32,4096,11008,32768,True,808,2
0.02,0.023,0.022809523809523814,0.023,0.0006632565846278151,0.011,0.011,0.011000000000000001,0.011,1.734723475976807e-18,0.08700000000000001,0.089,0.08754999999999999,0.0875,0.0005894913061275738,0.008,0.008,0.008000000000000002,0.008,1.734723475976807e-18,0.026000000000000002,0.027,0.026400000000000007,0.026000000000000002,0.0004898979485566343,0.011,0.012,0.01105,0.011,0.0002179449471770339,0.134,0.137,0.13565,0.136,0.0007921489758877436,0.015,0.016,0.015100000000000002,0.015,0.00030000000000000024,0.062,0.066,0.06380000000000001,0.064,0.0011224972160321833,0.005,0.005,0.005000000000000001,0.005,8.673617379884035e-19,32,32,4096,11008,32768,True,800,2
0.02,0.024,0.022809523809523814,0.023,0.0007315376902732007,0.01,0.01,0.010000000000000002,0.01,1.734723475976807e-18,0.08600000000000001,0.088,0.0873,0.08700000000000001,0.0007141428428542794,0.008,0.008,0.008000000000000002,0.008,1.734723475976807e-18,0.026000000000000002,0.027,0.026350000000000005,0.026000000000000002,0.00047696960070847157,0.01,0.01,0.010000000000000002,0.01,1.734723475976807e-18,0.134,0.136,0.13445000000000001,0.134,0.0005894913061275802,0.013000000000000001,0.014,0.013500000000000003,0.013500000000000002,0.0004999999999999995,0.057,0.061,0.058050000000000004,0.058,0.0008645808232895288,0.005,0.005,0.005000000000000001,0.005,8.673617379884035e-19,32,32,4096,11008,32768,True,792,2
0.019,0.023,0.022000000000000002,0.022,0.0007559289460184545,0.01,0.01,0.010000000000000002,0.01,1.734723475976807e-18,0.08700000000000001,0.089,0.08795,0.088,0.0005894913061275758,0.007,0.008,0.007850000000000001,0.008,0.0003570714214271425,0.026000000000000002,0.027,0.026250000000000006,0.026000000000000002,0.0004330127018922182,0.01,0.01,0.010000000000000002,0.01,1.734723475976807e-18,0.134,0.137,0.1355,0.1355,0.0006708203932499376,0.013000000000000001,0.014,0.013650000000000004,0.014,0.0004769696007084724,0.056,0.057,0.05689999999999999,0.057,0.0003000000000000003,0.005,0.005,0.005000000000000001,0.005,8.673617379884035e-19,32,32,4096,11008,32768,True,784,2
0.019,0.023,0.022000000000000002,0.022,0.0007559289460184545,0.01,0.01,0.010000000000000002,0.01,1.734723475976807e-18,0.08600000000000001,0.089,0.0872,0.08700000000000001,0.0007483314773547835,0.007,0.008,0.007750000000000002,0.008,0.00043301270189221935,0.026000000000000002,0.027,0.026250000000000006,0.026000000000000002,0.0004330127018922182,0.01,0.01,0.010000000000000002,0.01,1.734723475976807e-18,0.134,0.136,0.13455,0.1345,0.0005894913061275802,0.013000000000000001,0.014,0.013150000000000004,0.013000000000000001,0.00035707142142714214,0.056,0.057,0.05675,0.057,0.0004330127018922198,0.005,0.005,0.005000000000000001,0.005,8.673617379884035e-19,32,32,4096,11008,32768,True,776,2
0.019,0.022,0.021809523809523813,0.022,0.0006632565846278149,0.01,0.01,0.010000000000000002,0.01,1.734723475976807e-18,0.075,0.076,0.07555,0.076,0.0004974937185533104,0.008,0.009000000000000001,0.008950000000000003,0.009000000000000001,0.00021794494717703385,0.025,0.026000000000000002,0.025350000000000004,0.025,0.00047696960070847314,0.009000000000000001,0.01,0.009950000000000004,0.01,0.00021794494717703353,0.11,0.121,0.11560000000000001,0.117,0.003679673898594821,0.012,0.013000000000000001,0.012850000000000004,0.013000000000000001,0.00035707142142714284,0.056,0.057,0.05625000000000001,0.056,0.0004330127018922198,0.005,0.005,0.005000000000000001,0.005,8.673617379884035e-19,32,32,4096,11008,32768,True,768,2
0.019,0.022,0.021714285714285717,0.022,0.0006998542122237646,0.009000000000000001,0.01,0.009850000000000003,0.01,0.00035707142142714224,0.074,0.076,0.07505,0.075,0.0006689544080129831,0.008,0.009000000000000001,0.008850000000000002,0.009000000000000001,0.0003570714214271428,0.025,0.026000000000000002,0.025300000000000007,0.025,0.0004582575694955844,0.009000000000000001,0.01,0.009800000000000003,0.01,0.0003999999999999997,0.108,0.123,0.11584999999999998,0.11800000000000001,0.004671991010265324,0.012,0.013000000000000001,0.012650000000000003,0.013000000000000001,0.00047696960070847325,0.055,0.056,0.05555000000000001,0.056,0.0004974937185533104,0.005,0.005,0.005000000000000001,0.005,8.673617379884035e-19,32,32,4096,11008,32768,True,760,2
0.018000000000000002,0.022,0.02095238095238096,0.021,0.0007221786137191948,0.009000000000000001,0.01,0.009750000000000003,0.01,0.00043301270189221897,0.074,0.077,0.07575000000000001,0.076,0.0007664854858377953,0.008,0.009000000000000001,0.008850000000000002,0.009000000000000001,0.0003570714214271428,0.025,0.026000000000000002,0.025500000000000005,0.025500000000000002,0.0005000000000000004,0.009000000000000001,0.01,0.009950000000000004,0.01,0.00021794494717703353,0.11,0.121,0.11679999999999999,0.11800000000000001,0.003370459909270544,0.012,0.013000000000000001,0.012500000000000002,0.0125,0.0005000000000000004,0.056,0.057,0.05605,0.056,0.00021794494717703388,0.005,0.005,0.005000000000000001,0.005,8.673617379884035e-19,32,32,4096,11008,32768,True,752,2
0.018000000000000002,0.022,0.02095238095238096,0.021,0.0007853534524986016,0.009000000000000001,0.01,0.009900000000000003,0.01,0.00029999999999999976,0.073,0.075,0.07404999999999999,0.074,0.0005894913061275804,0.008,0.009000000000000001,0.008900000000000002,0.009000000000000001,0.0003000000000000003,0.025,0.026000000000000002,0.025550000000000007,0.026000000000000002,0.0004974937185533105,0.01,0.01,0.010000000000000002,0.01,1.734723475976807e-18,0.109,0.122,0.11580000000000001,0.117,0.004237924020083418,0.012,0.013000000000000001,0.012600000000000004,0.013000000000000001,0.0004898979485566361,0.056,0.057,0.05605,0.056,0.00021794494717703388,0.005,0.005,0.005000000000000001,0.005,8.673617379884035e-19,32,32,4096,11008,32768,True,744,2
0.018000000000000002,0.022,0.02090476190476191,0.021,0.0006834619092574912,0.009000000000000001,0.01,0.009900000000000003,0.01,0.00029999999999999976,0.074,0.076,0.07455,0.074,0.0006689544080129832,0.008,0.009000000000000001,0.008650000000000001,0.009000000000000001,0.0004769696007084733,0.025,0.026000000000000002,0.025200000000000007,0.025,0.00040000000000000034,0.009000000000000001,0.01,0.009900000000000003,0.01,0.00029999999999999976,0.11,0.123,0.11800000000000004,0.11850000000000001,0.0032710854467592238,0.012,0.013000000000000001,0.012500000000000002,0.0125,0.0005000000000000004,0.056,0.057,0.05605,0.056,0.00021794494717703388,0.005,0.005,0.005000000000000001,0.005,8.673617379884035e-19,32,32,4096,11008,32768,True,736,2
0.018000000000000002,0.021,0.02076190476190477,0.021,0.0006834619092574916,0.009000000000000001,0.01,0.009600000000000003,0.01,0.0004898979485566352,0.07200000000000001,0.093,0.07475000000000001,0.074,0.004252940159466155,0.008,0.009000000000000001,0.008500000000000002,0.0085,0.0005000000000000004,0.025,0.026000000000000002,0.025450000000000007,0.025,0.0004974937185533104,0.009000000000000001,0.01,0.009800000000000003,0.01,0.0003999999999999997,0.109,0.124,0.11660000000000001,0.116,0.00377359245282264,0.012,0.013000000000000001,0.012500000000000002,0.0125,0.0005000000000000004,0.055,0.056,0.055700000000000006,0.056,0.00045825756949558437,0.005,0.005,0.005000000000000001,0.005,8.673617379884035e-19,32,32,4096,11008,32768,True,728,2
0.018000000000000002,0.021,0.020285714285714292,0.02,0.0006998542122237654,0.009000000000000001,0.01,0.009750000000000003,0.01,0.00043301270189221897,0.073,0.094,0.0749,0.074,0.004437341546466759,0.008,0.009000000000000001,0.008400000000000001,0.008,0.0004898979485566361,0.025,0.026000000000000002,0.025200000000000007,0.025,0.0004000000000000003,0.009000000000000001,0.01,0.009700000000000004,0.01,0.00045825756949558356,0.109,0.121,0.11435000000000002,0.1155,0.0038894086954188818,0.012,0.013000000000000001,0.012550000000000002,0.013000000000000001,0.0004974937185533105,0.056,0.057,0.056100000000000004,0.056,0.00030000000000000024,0.005,0.005,0.005000000000000001,0.005,8.673617379884035e-19,32,32,4096,11008,32768,True,720,2
0.017,0.021,0.01990476190476191,0.02,0.0006834619092574916,0.009000000000000001,0.01,0.009600000000000003,0.01,0.0004898979485566352,0.073,0.075,0.07355,0.0735,0.0005894913061275802,0.008,0.009000000000000001,0.008050000000000002,0.008,0.0002179449471770339,0.025,0.026000000000000002,0.025150000000000006,0.025,0.00035707142142714284,0.009000000000000001,0.01,0.009850000000000003,0.01,0.0003570714214271422,0.109,0.122,0.1147,0.1145,0.004484417464955733,0.012,0.013000000000000001,0.012600000000000004,0.013000000000000001,0.0004898979485566361,0.055,0.057,0.05585,0.056,0.00047696960070847325,0.005,0.005,0.005000000000000001,0.005,8.673617379884035e-19,32,32,4096,11008,32768,True,712,2
0.018000000000000002,0.02,0.019857142857142865,0.02,0.00046656947481584323,0.009000000000000001,0.01,0.009350000000000002,0.009000000000000001,0.0004769696007084724,0.073,0.094,0.0761,0.074,0.006015812497078014,0.008,0.008,0.008000000000000002,0.008,1.734723475976807e-18,0.025,0.026000000000000002,0.025150000000000006,0.025,0.0003570714214271428,0.009000000000000001,0.01,0.009650000000000002,0.01,0.0004769696007084724,0.11,0.125,0.11860000000000001,0.11850000000000001,0.0027820855486487095,0.012,0.013000000000000001,0.012450000000000003,0.012,0.0004974937185533104,0.056,0.057,0.05605000000000001,0.056,0.00021794494717703385,0.004,0.005,0.004950000000000001,0.005,0.00021794494717703366,32,32,4096,11008,32768,True,704,2
0.017,0.02,0.01976190476190477,0.02,0.0006834619092574916,0.009000000000000001,0.01,0.009200000000000003,0.009000000000000001,0.00039999999999999964,0.07200000000000001,0.075,0.07335,0.073,0.0007262919523166954,0.008,0.009000000000000001,0.008050000000000002,0.008,0.0002179449471770339,0.025,0.026000000000000002,0.025250000000000005,0.025,0.00043301270189221973,0.009000000000000001,0.01,0.009550000000000003,0.01,0.0004974937185533095,0.108,0.121,0.11450000000000002,0.115,0.004129164564412517,0.012,0.013000000000000001,0.012350000000000003,0.012,0.0004769696007084732,0.055,0.057,0.05600000000000001,0.056,0.00044721359549995833,0.004,0.005,0.004950000000000001,0.005,0.00021794494717703366,32,32,4096,11008,32768,True,696,2
0.017,0.021,0.01933333333333334,0.019,0.0007766431633476236,0.009000000000000001,0.01,0.009200000000000003,0.009000000000000001,0.0003999999999999997,0.073,0.075,0.0737,0.074,0.0007141428428542857,0.007,0.008,0.007950000000000002,0.008,0.00021794494717703366,0.025,0.026000000000000002,0.025050000000000006,0.025,0.00021794494717703388,0.009000000000000001,0.01,0.009250000000000003,0.009000000000000001,0.00043301270189221897,0.107,0.121,0.11420000000000001,0.115,0.0034727510708370698,0.012,0.013000000000000001,0.012050000000000002,0.012,0.0002179449471770339,0.055,0.056,0.05565,0.056,0.00047696960070847325,0.004,0.005,0.004850000000000002,0.005,0.0003570714214271425,32,32,4096,11008,32768,True,688,2
0.017,0.019,0.01890476190476191,0.019,0.00042591770999995954,0.009000000000000001,0.01,0.009250000000000003,0.009000000000000001,0.00043301270189221897,0.07200000000000001,0.093,0.07609999999999999,0.073,0.006992138442565337,0.007,0.008,0.007850000000000001,0.008,0.0003570714214271425,0.025,0.026000000000000002,0.025150000000000006,0.025,0.00035707142142714284,0.009000000000000001,0.01,0.009200000000000003,0.009000000000000001,0.00039999999999999964,0.108,0.123,0.11545000000000001,0.116,0.0038272052466519226,0.012,0.013000000000000001,0.012150000000000003,0.012,0.0003570714214271428,0.055,0.056,0.05575000000000001,0.056,0.0004330127018922197,0.004,0.005,0.004650000000000001,0.005,0.00047696960070847287,32,32,4096,11008,32768,True,680,2
0.017,0.02,0.019047619047619053,0.019,0.0005753831415997415,0.009000000000000001,0.01,0.009200000000000003,0.009000000000000001,0.0003999999999999997,0.07200000000000001,0.093,0.07565,0.074,0.005833309523760933,0.007,0.008,0.0079,0.008,0.00030000000000000003,0.026000000000000002,0.027,0.026050000000000007,0.026000000000000002,0.00021794494717703312,0.009000000000000001,0.01,0.009150000000000002,0.009000000000000001,0.00035707142142714214,0.108,0.121,0.11439999999999999,0.1145,0.004363484845854286,0.012,0.012,0.012000000000000002,0.012,1.734723475976807e-18,0.055,0.057,0.055950000000000014,0.056,0.0003840572873934307,0.004,0.005,0.004100000000000001,0.004,0.00030000000000000003,32,32,4096,11008,32768,True,672,2
0.017,0.02,0.01895238095238096,0.019,0.0004856209060564554,0.009000000000000001,0.009000000000000001,0.009000000000000003,0.009000000000000001,1.734723475976807e-18,0.07200000000000001,0.092,0.0739,0.073,0.004194043395102153,0.007,0.009000000000000001,0.008000000000000002,0.008,0.0003162277660168381,0.026000000000000002,0.027,0.026050000000000007,0.026000000000000002,0.00021794494717703312,0.009000000000000001,0.009000000000000001,0.009000000000000003,0.009000000000000001,1.734723475976807e-18,0.108,0.122,0.11555,0.1155,0.003879110722833262,0.012,0.012,0.012000000000000002,0.012,1.734723475976807e-18,0.055,0.056,0.05585000000000001,0.056,0.00035707142142714284,0.004,0.005,0.004050000000000001,0.004,0.0002179449471770337,32,32,4096,11008,32768,True,664,2
0.016,0.019,0.01857142857142858,0.019,0.0007284313590846829,0.009000000000000001,0.009000000000000001,0.009000000000000003,0.009000000000000001,1.734723475976807e-18,0.073,0.075,0.0738,0.074,0.0006782329983125273,0.007,0.008,0.0079,0.008,0.00030000000000000003,0.026000000000000002,0.027,0.026200000000000008,0.026000000000000002,0.00039999999999999893,0.009000000000000001,0.009000000000000001,0.009000000000000003,0.009000000000000001,1.734723475976807e-18,0.108,0.124,0.11475000000000002,0.1165,0.005252380412727168,0.012,0.012,0.012000000000000002,0.012,1.734723475976807e-18,0.055,0.056,0.0558,0.056,0.0004000000000000004,0.004,0.004,0.004000000000000001,0.004,8.673617379884035e-19,32,32,4096,11008,32768,True,656,2
0.016,0.019,0.018047619047619052,0.018000000000000002,0.0005753831415997412,0.009000000000000001,0.009000000000000001,0.009000000000000003,0.009000000000000001,1.734723475976807e-18,0.07200000000000001,0.074,0.07300000000000001,0.073,0.0007745966692414788,0.007,0.008,0.007800000000000001,0.008,0.0004,0.026000000000000002,0.027,0.026300000000000007,0.026000000000000002,0.0004582575694955828,0.009000000000000001,0.009000000000000001,0.009000000000000003,0.009000000000000001,1.734723475976807e-18,0.107,0.122,0.11610000000000002,0.11800000000000001,0.0046572524088780085,0.012,0.012,0.012000000000000002,0.012,1.734723475976807e-18,0.055,0.056,0.05585000000000001,0.056,0.00035707142142714284,0.004,0.005,0.004050000000000001,0.004,0.0002179449471770337,32,32,4096,11008,32768,True,648,2
0.016,0.019,0.01795238095238096,0.018000000000000002,0.00048562090605645586,0.009000000000000001,0.009000000000000001,0.009000000000000003,0.009000000000000001,1.734723475976807e-18,0.047,0.048,0.04705000000000001,0.047,0.00021794494717703385,0.006,0.007,0.0060500000000000016,0.006,0.0002179449471770337,0.022,0.023,0.022050000000000004,0.022,0.00021794494717703388,0.009000000000000001,0.009000000000000001,0.009000000000000003,0.009000000000000001,1.734723475976807e-18,0.10400000000000001,0.11800000000000001,0.11059999999999999,0.112,0.0037336309405188958,0.011,0.011,0.011000000000000001,0.011,1.734723475976807e-18,0.052000000000000005,0.055,0.05355000000000001,0.054,0.0007399324293474363,0.005,0.005,0.005000000000000001,0.005,8.673617379884035e-19,32,32,4096,11008,32768,True,640,2
0.016,0.018000000000000002,0.01790476190476191,0.018000000000000002,0.0004259177099999603,0.009000000000000001,0.009000000000000001,0.009000000000000003,0.009000000000000001,1.734723475976807e-18,0.047,0.048,0.04705000000000001,0.047,0.00021794494717703385,0.006,0.006,0.006000000000000001,0.006,8.673617379884035e-19,0.022,0.023,0.022050000000000004,0.022,0.00021794494717703388,0.009000000000000001,0.009000000000000001,0.009000000000000003,0.009000000000000001,1.734723475976807e-18,0.105,0.117,0.11230000000000002,0.1125,0.002703701166919157,0.011,0.011,0.011000000000000001,0.011,1.734723475976807e-18,0.052000000000000005,0.054,0.05355000000000001,0.054,0.0006689544080129816,0.004,0.005,0.004900000000000002,0.005,0.00030000000000000003,32,32,4096,11008,32768,True,632,2
0.016,0.018000000000000002,0.01790476190476191,0.018000000000000002,0.0004259177099999603,0.009000000000000001,0.009000000000000001,0.009000000000000003,0.009000000000000001,1.734723475976807e-18,0.047,0.047,0.04700000000000001,0.047,6.938893903907228e-18,0.006,0.006,0.006000000000000001,0.006,8.673617379884035e-19,0.022,0.022,0.022000000000000002,0.022,3.469446951953614e-18,0.009000000000000001,0.009000000000000001,0.009000000000000003,0.009000000000000001,1.734723475976807e-18,0.105,0.115,0.11040000000000001,0.111,0.003322649545167233,0.011,0.011,0.011000000000000001,0.011,1.734723475976807e-18,0.056,0.056,0.05600000000000001,0.056,6.938893903907228e-18,0.004,0.004,0.004000000000000001,0.004,8.673617379884035e-19,32,32,4096,11008,32768,True,624,2
0.015,0.018000000000000002,0.01728571428571429,0.017,0.0006998542122237659,0.009000000000000001,0.009000000000000001,0.009000000000000003,0.009000000000000001,1.734723475976807e-18,0.046,0.047,0.04690000000000001,0.047,0.00030000000000000024,0.006,0.007,0.006100000000000001,0.006,0.00030000000000000003,0.022,0.023,0.022050000000000004,0.022,0.00021794494717703388,0.009000000000000001,0.009000000000000001,0.009000000000000003,0.009000000000000001,1.734723475976807e-18,0.105,0.115,0.11105000000000002,0.112,0.003216753021293369,0.011,0.011,0.011000000000000001,0.011,1.734723475976807e-18,0.055,0.056,0.0558,0.056,0.00040000000000000034,0.004,0.004,0.004000000000000001,0.004,8.673617379884035e-19,32,32,4096,11008,32768,True,616,2
0.015,0.018000000000000002,0.0170952380952381,0.017,0.0006098213559459862,0.009000000000000001,0.009000000000000001,0.009000000000000003,0.009000000000000001,1.734723475976807e-18,0.046,0.047,0.04665000000000001,0.047,0.00047696960070847325,0.006,0.006,0.006000000000000001,0.006,8.673617379884035e-19,0.022,0.022,0.022000000000000002,0.022,3.469446951953614e-18,0.009000000000000001,0.009000000000000001,0.009000000000000003,0.009000000000000001,1.734723475976807e-18,0.10400000000000001,0.116,0.11050000000000001,0.1115,0.003500000000000002,0.011,0.011,0.011000000000000001,0.011,1.734723475976807e-18,0.056,0.056,0.05600000000000001,0.056,6.938893903907228e-18,0.004,0.004,0.004000000000000001,0.004,8.673617379884035e-19,32,32,4096,11008,32768,True,608,2
0.015,0.018000000000000002,0.017000000000000005,0.017,0.0005345224838248493,0.008,0.009000000000000001,0.008950000000000003,0.009000000000000001,0.00021794494717703385,0.046,0.049,0.046700000000000005,0.047,0.0007141428428542857,0.006,0.006,0.006000000000000001,0.006,8.673617379884035e-19,0.022,0.022,0.022000000000000002,0.022,3.469446951953614e-18,0.009000000000000001,0.009000000000000001,0.009000000000000003,0.009000000000000001,1.734723475976807e-18,0.10400000000000001,0.116,0.11030000000000002,0.111,0.0035369478367654806,0.011,0.011,0.011000000000000001,0.011,1.734723475976807e-18,0.055,0.056,0.05565000000000001,0.056,0.00047696960070847325,0.004,0.004,0.004000000000000001,0.004,8.673617379884035e-19,32,32,4096,11008,32768,True,600,2
0.015,0.018000000000000002,0.01704761904761905,0.017,0.000575383141599742,0.009000000000000001,0.009000000000000001,0.009000000000000003,0.009000000000000001,1.734723475976807e-18,0.046,0.048,0.04675000000000001,0.047,0.0006224949798994372,0.006,0.007,0.0060500000000000016,0.006,0.0002179449471770337,0.022,0.023,0.022050000000000004,0.022,0.00021794494717703388,0.009000000000000001,0.009000000000000001,0.009000000000000003,0.009000000000000001,1.734723475976807e-18,0.10400000000000001,0.115,0.11005000000000001,0.111,0.0036259481518631804,0.01,0.011,0.010950000000000001,0.011,0.00021794494717703347,0.056,0.057,0.05625000000000001,0.056,0.0004330127018922198,0.004,0.004,0.004000000000000001,0.004,8.673617379884035e-19,32,32,4096,11008,32768,True,592,2
0.014,0.017,0.01633333333333334,0.016,0.0007126966450997986,0.008,0.009000000000000001,0.008850000000000002,0.009000000000000001,0.0003570714214271428,0.046,0.048,0.04660000000000001,0.0465,0.0006633249580710804,0.006,0.006,0.006000000000000001,0.006,8.673617379884035e-19,0.022,0.022,0.022000000000000002,0.022,3.469446951953614e-18,0.009000000000000001,0.009000000000000001,0.009000000000000003,0.009000000000000001,1.734723475976807e-18,0.10400000000000001,0.115,0.11005000000000001,0.111,0.0036121323342314044,0.01,0.011,0.010900000000000002,0.011,0.00029999999999999976,0.055,0.056,0.05585000000000001,0.056,0.00035707142142714284,0.004,0.004,0.004000000000000001,0.004,8.673617379884035e-19,32,32,4096,11008,32768,True,584,2
0.014,0.017,0.016238095238095242,0.016,0.0006834619092574921,0.008,0.009000000000000001,0.008550000000000002,0.009000000000000001,0.0004974937185533104,0.046,0.05,0.04755000000000001,0.0475,0.0013219304066402298,0.006,0.006,0.006000000000000001,0.006,8.673617379884035e-19,0.022,0.026000000000000002,0.025600000000000005,0.026000000000000002,0.0009165151389911689,0.009000000000000001,0.009000000000000001,0.009000000000000003,0.009000000000000001,1.734723475976807e-18,0.097,0.114,0.11255,0.113,0.0035982634700644145,0.011,0.012,0.011650000000000002,0.012,0.00047696960070847325,0.059000000000000004,0.06,0.05935,0.059000000000000004,0.00047696960070846994,0.004,0.005,0.004950000000000001,0.005,0.00021794494717703366,32,32,4096,11008,32768,True,576,2
0.014,0.017,0.016000000000000004,0.016,0.000534522483824849,0.008,0.009000000000000001,0.008800000000000002,0.009000000000000001,0.00040000000000000034,0.046,0.051000000000000004,0.04735000000000001,0.047,0.0013883443376914834,0.006,0.006,0.006000000000000001,0.006,8.673617379884035e-19,0.025,0.026000000000000002,0.025750000000000006,0.026000000000000002,0.00043301270189221973,0.009000000000000001,0.009000000000000001,0.009000000000000003,0.009000000000000001,1.734723475976807e-18,0.10400000000000001,0.114,0.11025,0.1115,0.003314739808793446,0.01,0.011,0.010750000000000001,0.011,0.00043301270189221897,0.059000000000000004,0.06,0.05934999999999999,0.059000000000000004,0.00047696960070846994,0.004,0.005,0.004700000000000001,0.005,0.00045825756949558405,32,32,4096,11008,32768,True,568,2
0.014,0.016,0.015904761904761908,0.016,0.00042591770999995997,0.008,0.009000000000000001,0.008500000000000002,0.0085,0.0005000000000000004,0.046,0.05,0.04715000000000001,0.047,0.0011521718621802922,0.006,0.006,0.006000000000000001,0.006,8.673617379884035e-19,0.025,0.026000000000000002,0.025050000000000006,0.025,0.00021794494717703388,0.009000000000000001,0.009000000000000001,0.009000000000000003,0.009000000000000001,1.734723475976807e-18,0.105,0.117,0.1099,0.11,0.0033301651610693453,0.01,0.011,0.0103,0.01,0.0004582575694955836,0.059000000000000004,0.06,0.05919999999999999,0.059000000000000004,0.00039999999999999763,0.004,0.005,0.004600000000000002,0.005,0.0004898979485566356,32,32,4096,11008,32768,True,560,2
0.014,0.016,0.015619047619047623,0.016,0.0005753831415997418,0.008,0.009000000000000001,0.008350000000000002,0.008,0.0004769696007084732,0.046,0.054,0.04950000000000001,0.0485,0.002991655060330319,0.006,0.006,0.006000000000000001,0.006,8.673617379884035e-19,0.025,0.026000000000000002,0.025150000000000006,0.025,0.00035707142142714284,0.009000000000000001,0.009000000000000001,0.009000000000000003,0.009000000000000001,1.734723475976807e-18,0.10300000000000001,0.115,0.11030000000000002,0.111,0.003100000000000001,0.01,0.011,0.0102,0.01,0.0003999999999999996,0.058,0.06,0.0588,0.059000000000000004,0.0005099019513592781,0.004,0.005,0.004400000000000001,0.004,0.0004898979485566357,32,32,4096,11008,32768,True,552,2
0.014,0.016,0.015428571428571432,0.015,0.0005832118435198046,0.008,0.009000000000000001,0.008250000000000002,0.008,0.0004330127018922198,0.046,0.049,0.04655000000000001,0.046,0.0009733961166965902,0.006,0.006,0.006000000000000001,0.006,8.673617379884035e-19,0.025,0.026000000000000002,0.025250000000000005,0.025,0.00043301270189221973,0.009000000000000001,0.009000000000000001,0.009000000000000003,0.009000000000000001,1.734723475976807e-18,0.10400000000000001,0.115,0.10940000000000001,0.11,0.00356931365951495,0.01,0.01,0.010000000000000002,0.01,1.734723475976807e-18,0.058,0.06,0.058899999999999994,0.059000000000000004,0.0005385164807134494,0.004,0.005,0.004400000000000001,0.004,0.0004898979485566357,32,32,4096,11008,32768,True,544,2
0.013000000000000001,0.016,0.015238095238095242,0.015,0.0006834619092574918,0.008,0.008,0.008000000000000002,0.008,1.734723475976807e-18,0.046,0.047,0.046250000000000006,0.046,0.0004330127018922198,0.005,0.006,0.005700000000000001,0.006,0.00045825756949558405,0.025,0.025,0.025000000000000005,0.025,3.469446951953614e-18,0.009000000000000001,0.009000000000000001,0.009000000000000003,0.009000000000000001,1.734723475976807e-18,0.10300000000000001,0.115,0.10965,0.111,0.00402833712591188,0.01,0.01,0.010000000000000002,0.01,1.734723475976807e-18,0.058,0.059000000000000004,0.058699999999999995,0.059000000000000004,0.0004582575694955844,0.004,0.005,0.004200000000000001,0.004,0.0004,32,32,4096,11008,32768,True,536,2
0.013000000000000001,0.016,0.015190476190476193,0.015,0.0006632565846278152,0.007,0.007,0.007000000000000001,0.007,8.673617379884035e-19,0.046,0.049,0.04710000000000001,0.047,0.000994987437106621,0.005,0.005,0.005000000000000001,0.005,8.673617379884035e-19,0.025,0.026000000000000002,0.025100000000000004,0.025,0.00030000000000000024,0.007,0.008,0.007050000000000001,0.007,0.0002179449471770337,0.10400000000000001,0.115,0.10640000000000002,0.105,0.003056141357987226,0.008,0.009000000000000001,0.008500000000000002,0.0085,0.0005000000000000004,0.058,0.06,0.0591,0.059000000000000004,0.0004358898943540656,0.004,0.005,0.004150000000000001,0.004,0.0003570714214271425,32,32,4096,11008,32768,True,528,2
0.013000000000000001,0.016,0.014952380952380955,0.015,0.0004856209060564555,0.007,0.007,0.007000000000000001,0.007,8.673617379884035e-19,0.046,0.048,0.046450000000000005,0.046,0.0005894913061275802,0.005,0.005,0.005000000000000001,0.005,8.673617379884035e-19,0.025,0.026000000000000002,0.025350000000000004,0.025,0.0004769696007084732,0.007,0.007,0.007000000000000001,0.007,8.673617379884035e-19,0.10400000000000001,0.114,0.10775000000000001,0.1055,0.003645202326346233,0.008,0.009000000000000001,0.008550000000000002,0.009000000000000001,0.0004974937185533105,0.058,0.06,0.058750000000000004,0.059000000000000004,0.0006224949798994358,0.004,0.005,0.004100000000000001,0.004,0.00030000000000000003,32,32,4096,11008,32768,True,520,2
0.013000000000000001,0.015,0.014904761904761907,0.015,0.0004259177099999596,0.007,0.007,0.007000000000000001,0.007,8.673617379884035e-19,0.044,0.045,0.04485000000000001,0.045,0.0003570714214271428,0.005,0.006,0.005050000000000001,0.005,0.0002179449471770337,0.019,0.019,0.019000000000000003,0.019,3.469446951953614e-18,0.007,0.007,0.007000000000000001,0.007,8.673617379884035e-19,0.068,0.089,0.0851,0.088,0.006913031173081744,0.009000000000000001,0.01,0.009350000000000002,0.009000000000000001,0.0004769696007084724,0.039,0.041,0.03980000000000001,0.04,0.0006000000000000006,0.003,0.004,0.00395,0.004,0.0002179449471770337,32,32,4096,11008,32768,True,512,2
0.013000000000000001,0.015,0.014761904761904764,0.015,0.000525969572247012,0.007,0.007,0.007000000000000001,0.007,8.673617379884035e-19,0.045,0.046,0.04510000000000001,0.045,0.0003000000000000003,0.005,0.005,0.005000000000000001,0.005,8.673617379884035e-19,0.019,0.02,0.019250000000000003,0.019,0.00043301270189221973,0.007,0.007,0.007000000000000001,0.007,8.673617379884035e-19,0.068,0.09,0.08584999999999998,0.089,0.0072337749481166435,0.009000000000000001,0.01,0.009300000000000003,0.009000000000000001,0.00045825756949558356,0.039,0.04,0.039650000000000005,0.04,0.0004769696007084733,0.003,0.004,0.0039000000000000007,0.004,0.00030000000000000003,32,32,4096,11008,32768,True,504,2
0.012,0.015,0.014571428571428574,0.015,0.0007284313590846832,0.007,0.007,0.007000000000000001,0.007,8.673617379884035e-19,0.044,0.046,0.04490000000000001,0.045,0.00043588989435406776,0.005,0.005,0.005000000000000001,0.005,8.673617379884035e-19,0.019,0.019,0.019000000000000003,0.019,3.469446951953614e-18,0.007,0.007,0.007000000000000001,0.007,8.673617379884035e-19,0.069,0.089,0.08565,0.0885,0.00700910122626289,0.009000000000000001,0.01,0.009250000000000003,0.009000000000000001,0.00043301270189221897,0.039,0.041,0.03985000000000001,0.04,0.0005722761571129803,0.003,0.004,0.0038000000000000004,0.004,0.0004,32,32,4096,11008,32768,True,496,2
0.012,0.015,0.014000000000000002,0.014,0.0005345224838248486,0.007,0.007,0.007000000000000001,0.007,8.673617379884035e-19,0.044,0.045,0.04435000000000001,0.044,0.0004769696007084732,0.005,0.005,0.005000000000000001,0.005,8.673617379884035e-19,0.019,0.02,0.019750000000000004,0.02,0.0004330127018922197,0.007,0.008,0.007050000000000001,0.007,0.0002179449471770337,0.068,0.089,0.08405,0.088,0.008040366907050943,0.009000000000000001,0.01,0.009300000000000003,0.009000000000000001,0.00045825756949558356,0.04,0.042,0.04060000000000001,0.04,0.0008000000000000006,0.003,0.004,0.0030500000000000006,0.003,0.0002179449471770337,32,32,4096,11008,32768,True,488,2
0.012,0.014,0.013857142857142861,0.014,0.0004665694748158434,0.007,0.007,0.007000000000000001,0.007,8.673617379884035e-19,0.045,0.045,0.045000000000000005,0.045,6.938893903907228e-18,0.005,0.005,0.005000000000000001,0.005,8.673617379884035e-19,0.019,0.02,0.019800000000000005,0.02,0.0004000000000000003,0.007,0.007,0.007000000000000001,0.007,8.673617379884035e-19,0.069,0.09,0.08579999999999999,0.089,0.007075309180523488,0.009000000000000001,0.01,0.009150000000000002,0.009000000000000001,0.0003570714214271422,0.04,0.041,0.04075000000000001,0.041,0.0004330127018922197,0.003,0.004,0.0032000000000000006,0.003,0.00039999999999999996,32,32,4096,11008,32768,True,480,2
0.012,0.014,0.01390476190476191,0.014,0.0004259177099999599,0.007,0.007,0.007000000000000001,0.007,8.673617379884035e-19,0.044,0.045,0.044550000000000006,0.045,0.0004974937185533104,0.005,0.005,0.005000000000000001,0.005,8.673617379884035e-19,0.02,0.021,0.020250000000000004,0.02,0.00043301270189221973,0.007,0.007,0.007000000000000001,0.007,8.673617379884035e-19,0.068,0.088,0.0836,0.08700000000000001,0.007696752561957541,0.009000000000000001,0.01,0.009250000000000003,0.009000000000000001,0.00043301270189221897,0.042,0.045,0.04345,0.0435,0.0007399324293474347,0.003,0.004,0.0030500000000000006,0.003,0.0002179449471770337,32,32,4096,11008,32768,True,472,2
0.012,0.015,0.013952380952380954,0.014,0.0004856209060564556,0.007,0.007,0.007000000000000001,0.007,8.673617379884035e-19,0.044,0.045,0.04445,0.044,0.0004974937185533104,0.005,0.005,0.005000000000000001,0.005,8.673617379884035e-19,0.02,0.02,0.020000000000000004,0.02,3.469446951953614e-18,0.007,0.007,0.007000000000000001,0.007,8.673617379884035e-19,0.068,0.089,0.08270000000000001,0.08700000000000001,0.00827707677867011,0.009000000000000001,0.01,0.009250000000000003,0.009000000000000001,0.00043301270189221897,0.041,0.042,0.04175000000000001,0.042,0.0004330127018922197,0.003,0.004,0.0031000000000000008,0.003,0.0003,32,32,4096,11008,32768,True,464,2
0.012,0.014,0.01347619047619048,0.014,0.000587087047901807,0.007,0.007,0.007000000000000001,0.007,8.673617379884035e-19,0.044,0.044,0.044000000000000004,0.044,6.938893903907228e-18,0.005,0.005,0.005000000000000001,0.005,8.673617379884035e-19,0.02,0.021,0.020550000000000006,0.021,0.0004974937185533105,0.007,0.007,0.007000000000000001,0.007,8.673617379884035e-19,0.067,0.088,0.08265,0.08600000000000001,0.00772188448502048,0.009000000000000001,0.01,0.009200000000000003,0.009000000000000001,0.0003999999999999997,0.042,0.046,0.04410000000000001,0.0445,0.0016999999999999984,0.003,0.003,0.0030000000000000005,0.003,4.336808689942018e-19,32,32,4096,11008,32768,True,456,2
0.011,0.014,0.013000000000000003,0.013000000000000001,0.000534522483824849,0.007,0.007,0.007000000000000001,0.007,8.673617379884035e-19,0.044,0.046,0.044500000000000005,0.044,0.0005916079783099622,0.005,0.005,0.005000000000000001,0.005,8.673617379884035e-19,0.02,0.02,0.020000000000000004,0.02,3.469446951953614e-18,0.007,0.007,0.007000000000000001,0.007,8.673617379884035e-19,0.067,0.088,0.07745000000000002,0.07750000000000001,0.00975948256825125,0.009000000000000001,0.01,0.009500000000000003,0.009500000000000001,0.0004999999999999995,0.043000000000000003,0.045,0.043750000000000004,0.044,0.0006224949798994342,0.003,0.003,0.0030000000000000005,0.003,4.336808689942018e-19,32,32,4096,11008,32768,True,448,2
0.011,0.013000000000000001,0.012904761904761908,0.013000000000000001,0.0004259177099999603,0.007,0.007,0.007000000000000001,0.007,8.673617379884035e-19,0.044,0.045,0.04415000000000001,0.044,0.00035707142142714273,0.005,0.005,0.005000000000000001,0.005,8.673617379884035e-19,0.02,0.021,0.020350000000000004,0.02,0.0004769696007084732,0.007,0.007,0.007000000000000001,0.007,8.673617379884035e-19,0.067,0.08700000000000001,0.07855000000000001,0.08600000000000001,0.009441795380117069,0.009000000000000001,0.01,0.009250000000000003,0.009000000000000001,0.00043301270189221897,0.043000000000000003,0.048,0.04440000000000001,0.044,0.0016248076809271918,0.003,0.003,0.0030000000000000005,0.003,4.336808689942018e-19,32,32,4096,11008,32768,True,440,2
0.011,0.013000000000000001,0.012904761904761908,0.013000000000000001,0.0004259177099999603,0.007,0.007,0.007000000000000001,0.007,8.673617379884035e-19,0.044,0.045,0.044300000000000006,0.044,0.0004582575694955844,0.005,0.005,0.005000000000000001,0.005,8.673617379884035e-19,0.02,0.021,0.020500000000000004,0.0205,0.0005000000000000004,0.007,0.007,0.007000000000000001,0.007,8.673617379884035e-19,0.067,0.088,0.07725000000000001,0.07700000000000001,0.009766652445950966,0.009000000000000001,0.01,0.009450000000000004,0.009000000000000001,0.0004974937185533095,0.043000000000000003,0.045,0.044000000000000004,0.044,0.0006324555320336743,0.003,0.003,0.0030000000000000005,0.003,4.336808689942018e-19,32,32,4096,11008,32768,True,432,2
0.011,0.013000000000000001,0.012523809523809527,0.013000000000000001,0.0005870870479018079,0.007,0.007,0.007000000000000001,0.007,8.673617379884035e-19,0.044,0.045,0.044300000000000006,0.044,0.0004582575694955844,0.004,0.005,0.004500000000000001,0.0045000000000000005,0.0005,0.02,0.021,0.020300000000000006,0.02,0.00045825756949558437,0.007,0.007,0.007000000000000001,0.007,8.673617379884035e-19,0.067,0.08700000000000001,0.07945000000000002,0.08600000000000001,0.00914590072108811,0.009000000000000001,0.01,0.009050000000000002,0.009000000000000001,0.00021794494717703353,0.044,0.051000000000000004,0.047450000000000006,0.046,0.002519424537468827,0.003,0.003,0.0030000000000000005,0.003,4.336808689942018e-19,32,32,4096,11008,32768,True,424,2
0.01,0.013000000000000001,0.01223809523809524,0.012,0.0006834619092574918,0.007,0.007,0.007000000000000001,0.007,8.673617379884035e-19,0.044,0.045,0.044800000000000006,0.045,0.00040000000000000034,0.004,0.005,0.004400000000000001,0.004,0.0004898979485566357,0.021,0.021,0.021000000000000005,0.021,3.469446951953614e-18,0.007,0.007,0.007000000000000001,0.007,8.673617379884035e-19,0.067,0.08700000000000001,0.07790000000000001,0.08600000000000001,0.009570266453970864,0.009000000000000001,0.01,0.009300000000000003,0.009000000000000001,0.00045825756949558356,0.043000000000000003,0.044,0.043300000000000005,0.043000000000000003,0.00045825756949558123,0.003,0.003,0.0030000000000000005,0.003,4.336808689942018e-19,32,32,4096,11008,32768,True,416,2
0.011,0.013000000000000001,0.012000000000000002,0.012,0.0003086066999241841,0.007,0.007,0.007000000000000001,0.007,8.673617379884035e-19,0.044,0.045,0.044300000000000006,0.044,0.0004582575694955844,0.004,0.005,0.004200000000000001,0.004,0.0004,0.019,0.021,0.020150000000000005,0.02,0.00047696960070847325,0.007,0.007,0.007000000000000001,0.007,8.673617379884035e-19,0.066,0.08600000000000001,0.07725000000000001,0.085,0.00948090185583629,0.009000000000000001,0.01,0.009100000000000002,0.009000000000000001,0.00029999999999999976,0.044,0.051000000000000004,0.04680000000000001,0.0455,0.002357965224510321,0.003,0.003,0.0030000000000000005,0.003,4.336808689942018e-19,32,32,4096,11008,32768,True,408,2
0.01,0.013000000000000001,0.012000000000000002,0.012,0.000534522483824849,0.007,0.007,0.007000000000000001,0.007,8.673617379884035e-19,0.044,0.046,0.04485000000000001,0.045,0.00047696960070847325,0.004,0.005,0.004150000000000001,0.004,0.0003570714214271425,0.021,0.022,0.02135,0.021,0.0004769696007084717,0.007,0.007,0.007000000000000001,0.007,8.673617379884035e-19,0.066,0.08700000000000001,0.07200000000000001,0.067,0.008443932733033822,0.009000000000000001,0.01,0.009150000000000002,0.009000000000000001,0.00035707142142714214,0.042,0.044,0.04290000000000001,0.043000000000000003,0.00043588989435406684,0.003,0.003,0.0030000000000000005,0.003,4.336808689942018e-19,32,32,4096,11008,32768,True,400,2
0.01,0.012,0.011904761904761908,0.012,0.00042591770999995997,0.007,0.007,0.007000000000000001,0.007,8.673617379884035e-19,0.044,0.045,0.044300000000000006,0.044,0.0004582575694955844,0.004,0.004,0.004000000000000001,0.004,8.673617379884035e-19,0.019,0.021,0.019700000000000002,0.0195,0.0007810249675906662,0.007,0.007,0.007000000000000001,0.007,8.673617379884035e-19,0.066,0.08700000000000001,0.07790000000000001,0.085,0.009428149341201593,0.008,0.01,0.008800000000000002,0.009000000000000001,0.0005099019513592788,0.047,0.054,0.04970000000000001,0.048,0.0027766886753829633,0.003,0.003,0.0030000000000000005,0.003,4.336808689942018e-19,32,32,4096,11008,32768,True,392,2
0.01,0.012,0.011809523809523811,0.012,0.0004994327848429295,0.007,0.007,0.007000000000000001,0.007,8.673617379884035e-19,0.049,0.051000000000000004,0.04995000000000001,0.05,0.0006689544080129832,0.004,0.005,0.004800000000000001,0.005,0.0004,0.016,0.016,0.016000000000000004,0.016,3.469446951953614e-18,0.007,0.007,0.007000000000000001,0.007,8.673617379884035e-19,0.057,0.066,0.0615,0.0625,0.0029240383034426893,0.007,0.008,0.007300000000000001,0.007,0.00045825756949558405,0.034,0.037,0.03610000000000001,0.036000000000000004,0.0006999999999999984,0.003,0.003,0.0030000000000000005,0.003,4.336808689942018e-19,32,32,4096,11008,32768,True,384,2
0.01,0.012,0.011142857142857145,0.011,0.0004665694748158436,0.007,0.007,0.007000000000000001,0.007,8.673617379884035e-19,0.049,0.05,0.04935000000000001,0.049,0.00047696960070847325,0.004,0.005,0.004700000000000001,0.005,0.00045825756949558405,0.016,0.016,0.016000000000000004,0.016,3.469446951953614e-18,0.007,0.007,0.007000000000000001,0.007,8.673617379884035e-19,0.055,0.067,0.06169999999999999,0.062,0.0031320919526731657,0.007,0.007,0.007000000000000001,0.007,8.673617379884035e-19,0.034,0.037,0.03545000000000001,0.035500000000000004,0.0008645808232895287,0.003,0.003,0.0030000000000000005,0.003,4.336808689942018e-19,32,32,4096,11008,32768,True,376,2
0.01,0.012,0.011000000000000001,0.011,0.00030860669992418383,0.006,0.007,0.006950000000000002,0.007,0.00021794494717703366,0.049,0.051000000000000004,0.04980000000000001,0.05,0.0006000000000000006,0.004,0.005,0.004650000000000001,0.005,0.0004769696007084728,0.016,0.016,0.016000000000000004,0.016,3.469446951953614e-18,0.007,0.007,0.007000000000000001,0.007,8.673617379884035e-19,0.057,0.066,0.06165,0.062,0.0022643983748448504,0.007,0.008,0.007350000000000001,0.007,0.00047696960070847287,0.034,0.037,0.03580000000000001,0.036000000000000004,0.0005999999999999998,0.003,0.003,0.0030000000000000005,0.003,4.336808689942018e-19,32,32,4096,11008,32768,True,368,2
0.009000000000000001,0.012,0.010952380952380955,0.011,0.00048562090605645553,0.007,0.007,0.007000000000000001,0.007,8.673617379884035e-19,0.048,0.05,0.04885000000000001,0.049,0.0004769696007084732,0.004,0.005,0.004400000000000001,0.004,0.0004898979485566357,0.016,0.016,0.016000000000000004,0.016,3.469446951953614e-18,0.006,0.007,0.006950000000000002,0.007,0.00021794494717703366,0.054,0.064,0.0607,0.062,0.003001666203960727,0.006,0.008,0.007000000000000001,0.007,0.000316227766016838,0.034,0.036000000000000004,0.035350000000000006,0.035500000000000004,0.0007262919523166982,0.003,0.003,0.0030000000000000005,0.003,4.336808689942018e-19,32,32,4096,11008,32768,True,360,2
0.01,0.011,0.010952380952380955,0.011,0.00021295885499997977,0.007,0.007,0.007000000000000001,0.007,8.673617379884035e-19,0.048,0.05,0.04855000000000001,0.0485,0.0005894913061275802,0.004,0.005,0.004600000000000002,0.005,0.0004898979485566356,0.016,0.016,0.016000000000000004,0.016,3.469446951953614e-18,0.006,0.007,0.006950000000000002,0.007,0.00021794494717703366,0.056,0.063,0.06035,0.0605,0.002242208732477865,0.007,0.008,0.007050000000000001,0.007,0.0002179449471770337,0.034,0.037,0.03580000000000001,0.036000000000000004,0.0007483314773547872,0.003,0.003,0.0030000000000000005,0.003,4.336808689942018e-19,32,32,4096,11008,32768,True,352,2
0.009000000000000001,0.011,0.010285714285714287,0.01,0.0005471012044321928,0.007,0.007,0.007000000000000001,0.007,8.673617379884035e-19,0.047,0.049,0.04810000000000001,0.048,0.0005385164807134509,0.004,0.005,0.004650000000000001,0.005,0.00047696960070847287,0.016,0.016,0.016000000000000004,0.016,3.469446951953614e-18,0.006,0.007,0.006950000000000002,0.007,0.00021794494717703366,0.055,0.062,0.05895,0.0595,0.0021558061137310087,0.006,0.007,0.0069500000000000004,0.007,0.0002179449471770337,0.033,0.036000000000000004,0.035350000000000006,0.035500000000000004,0.0007921489758877436,0.003,0.003,0.0030000000000000005,0.003,4.336808689942018e-19,32,32,4096,11008,32768,True,344,2
0.009000000000000001,0.011,0.010476190476190477,0.011,0.0005870870479018069,0.007,0.007,0.007000000000000001,0.007,8.673617379884035e-19,0.047,0.049,0.04835000000000001,0.048,0.0005722761571129803,0.004,0.005,0.004500000000000001,0.0045000000000000005,0.0005,0.016,0.016,0.016000000000000004,0.016,3.469446951953614e-18,0.007,0.007,0.007000000000000001,0.007,8.673617379884035e-19,0.065,0.07100000000000001,0.06895,0.069,0.0014309088021254197,0.007,0.007,0.007000000000000001,0.007,8.673617379884035e-19,0.033,0.035,0.03455000000000001,0.035,0.0005894913061275802,0.003,0.003,0.0030000000000000005,0.003,4.336808689942018e-19,32,32,4096,11008,32768,True,336,2
0.009000000000000001,0.011,0.010095238095238096,0.01,0.0004259177099999596,0.006,0.007,0.006900000000000002,0.007,0.00030000000000000003,0.047,0.049,0.04820000000000001,0.048,0.0005099019513592789,0.004,0.005,0.004400000000000001,0.004,0.0004898979485566357,0.016,0.016,0.016000000000000004,0.016,3.469446951953614e-18,0.007,0.007,0.007000000000000001,0.007,8.673617379884035e-19,0.053,0.059000000000000004,0.05695,0.057,0.0015644487847162028,0.006,0.007,0.006800000000000002,0.007,0.0004,0.034,0.037,0.03570000000000001,0.036000000000000004,0.0006403124237432849,0.003,0.003,0.0030000000000000005,0.003,4.336808689942018e-19,32,32,4096,11008,32768,True,328,2
0.009000000000000001,0.011,0.010000000000000004,0.01,0.00030860669992418356,0.006,0.007,0.006950000000000002,0.007,0.00021794494717703366,0.037,0.041,0.03930000000000001,0.039,0.0011445523142259606,0.004,0.004,0.004000000000000001,0.004,8.673617379884035e-19,0.016,0.016,0.016000000000000004,0.016,3.469446951953614e-18,0.006,0.007,0.006950000000000002,0.007,0.00021794494717703366,0.069,0.073,0.07155,0.07200000000000001,0.001023474474522935,0.006,0.007,0.006800000000000002,0.007,0.0004,0.033,0.035,0.034100000000000005,0.034,0.0004358898943540678,0.003,0.003,0.0030000000000000005,0.003,4.336808689942018e-19,32,32,4096,11008,32768,True,320,2
0.008,0.01,0.009904761904761908,0.01,0.00042591770999995997,0.006,0.007,0.006850000000000002,0.007,0.0003570714214271425,0.036000000000000004,0.041,0.039650000000000005,0.04,0.0013883443376914825,0.004,0.004,0.004000000000000001,0.004,8.673617379884035e-19,0.016,0.016,0.016000000000000004,0.016,3.469446951953614e-18,0.007,0.007,0.007000000000000001,0.007,8.673617379884035e-19,0.055,0.06,0.057499999999999996,0.058,0.0014662878298615182,0.006,0.007,0.006650000000000001,0.007,0.00047696960070847287,0.033,0.036000000000000004,0.035350000000000006,0.035,0.000726291952316698,0.003,0.003,0.0030000000000000005,0.003,4.336808689942018e-19,32,32,4096,11008,32768,True,312,2
0.008,0.01,0.009761904761904765,0.01,0.0005259695722470123,0.006,0.007,0.006900000000000002,0.007,0.00030000000000000003,0.038,0.042,0.039650000000000005,0.04,0.0011947803145348531,0.004,0.004,0.004000000000000001,0.004,8.673617379884035e-19,0.016,0.016,0.016000000000000004,0.016,3.469446951953614e-18,0.006,0.007,0.006900000000000002,0.007,0.00030000000000000003,0.057,0.061,0.05884999999999999,0.059000000000000004,0.0011079259903080153,0.006,0.007,0.0069500000000000004,0.007,0.0002179449471770337,0.034,0.037,0.03560000000000001,0.036000000000000004,0.0006633249580710799,0.002,0.003,0.0027500000000000003,0.003,0.0004330127018922193,32,32,4096,11008,32768,True,304,2
0.008,0.01,0.009619047619047623,0.01,0.0005753831415997412,0.006,0.007,0.006800000000000002,0.007,0.0004,0.038,0.043000000000000003,0.039900000000000005,0.04,0.0012609520212918503,0.004,0.004,0.004000000000000001,0.004,8.673617379884035e-19,0.016,0.016,0.016000000000000004,0.016,3.469446951953614e-18,0.006,0.007,0.006850000000000002,0.007,0.0003570714214271425,0.06,0.065,0.061750000000000006,0.0615,0.0014790199457749053,0.006,0.007,0.0069500000000000004,0.007,0.0002179449471770337,0.033,0.036000000000000004,0.034850000000000006,0.035,0.0006538348415311017,0.002,0.003,0.0027,0.003,0.00045825756949558405,32,32,4096,11008,32768,True,296,2
0.008,0.01,0.00928571428571429,0.009000000000000001,0.0005471012044321929,0.006,0.007,0.006650000000000001,0.007,0.00047696960070847287,0.038,0.042,0.040900000000000006,0.0415,0.0013000000000000012,0.004,0.004,0.004000000000000001,0.004,8.673617379884035e-19,0.016,0.017,0.016100000000000003,0.016,0.00030000000000000024,0.006,0.007,0.006850000000000002,0.007,0.0003570714214271425,0.061,0.065,0.06309999999999999,0.063,0.0010908712114635723,0.007,0.007,0.007000000000000001,0.007,8.673617379884035e-19,0.034,0.036000000000000004,0.03480000000000001,0.035,0.0005099019513592789,0.002,0.003,0.0021500000000000004,0.002,0.0003570714214271425,32,32,4096,11008,32768,True,288,2
0.008,0.009000000000000001,0.008952380952380955,0.009000000000000001,0.00021295885499998015,0.006,0.007,0.006600000000000002,0.007,0.0004898979485566356,0.038,0.043000000000000003,0.04005000000000001,0.04,0.0014991664350564964,0.004,0.004,0.004000000000000001,0.004,8.673617379884035e-19,0.016,0.017,0.016100000000000003,0.016,0.00030000000000000024,0.006,0.007,0.006750000000000002,0.007,0.0004330127018922194,0.053,0.059000000000000004,0.05625,0.057,0.0016992645467966442,0.006,0.007,0.0060500000000000016,0.006,0.0002179449471770337,0.033,0.035,0.03475000000000001,0.035,0.0005361902647381809,0.002,0.003,0.0021000000000000003,0.002,0.00030000000000000003,32,32,4096,11008,32768,True,280,2
0.007,0.009000000000000001,0.008904761904761907,0.009000000000000001,0.0004259177099999602,0.006,0.007,0.006100000000000001,0.006,0.00030000000000000003,0.038,0.043000000000000003,0.040650000000000006,0.041,0.0013143439428094927,0.004,0.004,0.004000000000000001,0.004,8.673617379884035e-19,0.016,0.017,0.016150000000000005,0.016,0.00035707142142714284,0.006,0.007,0.006150000000000001,0.006,0.0003570714214271425,0.066,0.07100000000000001,0.06875,0.069,0.0012599603168354163,0.006,0.007,0.006150000000000001,0.006,0.0003570714214271425,0.033,0.035,0.03400000000000001,0.034,0.00044721359549995833,0.002,0.003,0.0020500000000000006,0.002,0.0002179449471770337,32,32,4096,11008,32768,True,272,2
0.007,0.009000000000000001,0.008904761904761907,0.009000000000000001,0.0004259177099999602,0.004,0.004,0.004000000000000001,0.004,8.673617379884035e-19,0.04,0.043000000000000003,0.04125000000000001,0.041,0.0006982120021884477,0.003,0.004,0.0031000000000000008,0.003,0.0003,0.016,0.016,0.016000000000000004,0.016,3.469446951953614e-18,0.004,0.004,0.004000000000000001,0.004,8.673617379884035e-19,0.053,0.056,0.0546,0.055,0.0008602325267042634,0.004,0.005,0.0043500000000000014,0.004,0.00047696960070847287,0.033,0.035,0.034350000000000006,0.034,0.0006538348415311016,0.002,0.003,0.0021000000000000003,0.002,0.00030000000000000003,32,32,4096,11008,32768,True,264,2
0.007,0.009000000000000001,0.008285714285714289,0.008,0.0005471012044321935,0.004,0.004,0.004000000000000001,0.004,8.673617379884035e-19,0.029,0.03,0.029200000000000004,0.029,0.00039999999999999893,0.003,0.004,0.0031000000000000008,0.003,0.0003,0.013000000000000001,0.013000000000000001,0.013000000000000003,0.013000000000000001,1.734723475976807e-18,0.004,0.004,0.004000000000000001,0.004,8.673617379884035e-19,0.05,0.052000000000000005,0.05080000000000001,0.051000000000000004,0.000509901951359279,0.005,0.005,0.005000000000000001,0.005,8.673617379884035e-19,0.026000000000000002,0.027,0.026550000000000008,0.027,0.0004974937185533088,0.002,0.003,0.0020500000000000006,0.002,0.0002179449471770337,32,32,4096,11008,32768,True,256,2
0.007,0.009000000000000001,0.008000000000000002,0.008,0.000308606699924184,0.004,0.004,0.004000000000000001,0.004,8.673617379884035e-19,0.028,0.03,0.029050000000000003,0.029,0.0003840572873934299,0.003,0.004,0.0030500000000000006,0.003,0.0002179449471770337,0.013000000000000001,0.013000000000000001,0.013000000000000003,0.013000000000000001,1.734723475976807e-18,0.004,0.004,0.004000000000000001,0.004,8.673617379884035e-19,0.05,0.052000000000000005,0.05045000000000001,0.05,0.0005894913061275804,0.004,0.005,0.004900000000000002,0.005,0.00030000000000000003,0.026000000000000002,0.028,0.026600000000000006,0.027,0.0005830951894845289,0.002,0.003,0.0020500000000000006,0.002,0.0002179449471770337,32,32,4096,11008,32768,True,248,2
0.007,0.008,0.007952380952380954,0.008,0.00021295885499997998,0.004,0.004,0.004000000000000001,0.004,8.673617379884035e-19,0.029,0.03,0.029150000000000002,0.029,0.0003570714214271416,0.003,0.003,0.0030000000000000005,0.003,4.336808689942018e-19,0.013000000000000001,0.014,0.013050000000000003,0.013000000000000001,0.00021794494717703353,0.004,0.004,0.004000000000000001,0.004,8.673617379884035e-19,0.05,0.051000000000000004,0.05050000000000001,0.0505,0.0005000000000000004,0.005,0.005,0.005000000000000001,0.005,8.673617379884035e-19,0.026000000000000002,0.028,0.026800000000000008,0.027,0.0005099019513592777,0.002,0.002,0.0020000000000000005,0.002,4.336808689942018e-19,32,32,4096,11008,32768,True,240,2
0.007,0.008,0.007952380952380954,0.008,0.00021295885499997998,0.004,0.004,0.004000000000000001,0.004,8.673617379884035e-19,0.028,0.03,0.029100000000000004,0.029,0.0005385164807134498,0.003,0.004,0.0032000000000000006,0.003,0.00039999999999999996,0.013000000000000001,0.014,0.013500000000000003,0.013500000000000002,0.0004999999999999996,0.004,0.004,0.004000000000000001,0.004,8.673617379884035e-19,0.05,0.052000000000000005,0.05030000000000001,0.05,0.0005567764362830027,0.004,0.005,0.004850000000000002,0.005,0.0003570714214271425,0.027,0.028,0.0279,0.028,0.0003000000000000003,0.002,0.002,0.0020000000000000005,0.002,4.336808689942018e-19,32,32,4096,11008,32768,True,232,2
0.006,0.008,0.00785714285714286,0.008,0.0004665694748158435,0.004,0.004,0.004000000000000001,0.004,8.673617379884035e-19,0.028,0.03,0.029150000000000002,0.029,0.000476969600708472,0.003,0.004,0.0030500000000000006,0.003,0.0002179449471770337,0.014,0.014,0.014000000000000002,0.014,1.734723475976807e-18,0.004,0.004,0.004000000000000001,0.004,8.673617379884035e-19,0.046,0.048,0.04730000000000001,0.047,0.0005567764362830027,0.004,0.005,0.004250000000000001,0.004,0.0004330127018922194,0.029,0.03,0.029400000000000003,0.029,0.0004898979485566344,0.002,0.002,0.0020000000000000005,0.002,4.336808689942018e-19,32,32,4096,11008,32768,True,224,2
0.006,0.008,0.0071428571428571435,0.007,0.0004665694748158434,0.004,0.004,0.004000000000000001,0.004,8.673617379884035e-19,0.028,0.03,0.029150000000000002,0.029,0.000572276157112979,0.003,0.004,0.0030500000000000006,0.003,0.0002179449471770337,0.014,0.014,0.014000000000000002,0.014,1.734723475976807e-18,0.004,0.004,0.004000000000000001,0.004,8.673617379884035e-19,0.046,0.048,0.04740000000000001,0.047,0.0005830951894845307,0.004,0.005,0.004200000000000001,0.004,0.00039999999999999996,0.029,0.031,0.030000000000000006,0.03,0.00031622776601683767,0.002,0.002,0.0020000000000000005,0.002,4.336808689942018e-19,32,32,4096,11008,32768,True,216,2
0.006,0.007,0.006952380952380955,0.007,0.00021295885499997996,0.004,0.004,0.004000000000000001,0.004,8.673617379884035e-19,0.029,0.03,0.029600000000000005,0.03,0.0004898979485566344,0.003,0.003,0.0030000000000000005,0.003,4.336808689942018e-19,0.014,0.015,0.014750000000000003,0.015,0.00043301270189221897,0.004,0.004,0.004000000000000001,0.004,8.673617379884035e-19,0.046,0.048,0.047200000000000006,0.047,0.0006000000000000005,0.004,0.005,0.004100000000000001,0.004,0.00030000000000000003,0.03,0.031,0.030300000000000004,0.03,0.0004582575694955844,0.002,0.002,0.0020000000000000005,0.002,4.336808689942018e-19,32,32,4096,11008,32768,True,208,2
0.006,0.007,0.006952380952380955,0.007,0.00021295885499997996,0.004,0.004,0.004000000000000001,0.004,8.673617379884035e-19,0.029,0.03,0.029300000000000003,0.029,0.0004582575694955828,0.003,0.004,0.003150000000000001,0.003,0.0003570714214271425,0.015,0.015,0.015000000000000003,0.015,3.469446951953614e-18,0.004,0.004,0.004000000000000001,0.004,8.673617379884035e-19,0.046,0.048,0.04685000000000001,0.047,0.0005722761571129803,0.004,0.005,0.004200000000000001,0.004,0.0004,0.031,0.032,0.03125000000000001,0.031,0.00043301270189221973,0.002,0.002,0.0020000000000000005,0.002,4.336808689942018e-19,32,32,4096,11008,32768,True,200,2
0.005,0.007,0.006904761904761907,0.007,0.0004259177099999599,0.004,0.004,0.004000000000000001,0.004,8.673617379884035e-19,0.03,0.031,0.030250000000000006,0.03,0.0004330127018922198,0.003,0.003,0.0030000000000000005,0.003,4.336808689942018e-19,0.012,0.013000000000000001,0.012050000000000002,0.012,0.00021794494717703388,0.003,0.004,0.00395,0.004,0.0002179449471770337,0.056,0.059000000000000004,0.057550000000000004,0.058,0.0006689544080129832,0.004,0.004,0.004000000000000001,0.004,8.673617379884035e-19,0.025,0.026000000000000002,0.025100000000000004,0.025,0.00030000000000000024,0.002,0.002,0.0020000000000000005,0.002,4.336808689942018e-19,32,32,4096,11008,32768,True,192,2
0.005,0.007,0.006380952380952383,0.006,0.0005753831415997415,0.004,0.004,0.004000000000000001,0.004,8.673617379884035e-19,0.028,0.029,0.028700000000000003,0.029,0.0004582575694955844,0.003,0.004,0.0030500000000000006,0.003,0.0002179449471770337,0.012,0.013000000000000001,0.012050000000000002,0.012,0.0002179449471770339,0.003,0.004,0.00395,0.004,0.0002179449471770337,0.057,0.059000000000000004,0.0573,0.057,0.0006403124237432856,0.004,0.004,0.004000000000000001,0.004,8.673617379884035e-19,0.025,0.026000000000000002,0.025050000000000006,0.025,0.00021794494717703388,0.002,0.002,0.0020000000000000005,0.002,4.336808689942018e-19,32,32,4096,11008,32768,True,184,2
0.005,0.007,0.006142857142857144,0.006,0.0004665694748158435,0.004,0.004,0.004000000000000001,0.004,8.673617379884035e-19,0.028,0.03,0.028750000000000005,0.029,0.0006224949798994365,0.003,0.004,0.003150000000000001,0.003,0.0003570714214271425,0.012,0.012,0.012000000000000002,0.012,1.734723475976807e-18,0.003,0.004,0.0039000000000000007,0.004,0.00030000000000000003,0.056,0.059000000000000004,0.057199999999999994,0.057,0.0006782329983125273,0.004,0.004,0.004000000000000001,0.004,8.673617379884035e-19,0.024,0.026000000000000002,0.024950000000000007,0.025,0.00038405728739343076,0.002,0.002,0.0020000000000000005,0.002,4.336808689942018e-19,32,32,4096,11008,32768,True,176,2
0.005,0.007,0.006095238095238096,0.006,0.00042591770999995997,0.004,0.004,0.004000000000000001,0.004,8.673617379884035e-19,0.028,0.029,0.028850000000000004,0.029,0.00035707142142714284,0.003,0.004,0.0030500000000000006,0.003,0.0002179449471770337,0.012,0.013000000000000001,0.012100000000000003,0.012,0.00030000000000000024,0.003,0.004,0.00395,0.004,0.0002179449471770337,0.049,0.054,0.050050000000000004,0.05,0.0009733961166965886,0.004,0.004,0.004000000000000001,0.004,8.673617379884035e-19,0.025,0.026000000000000002,0.025050000000000006,0.025,0.00021794494717703388,0.002,0.002,0.0020000000000000005,0.002,4.336808689942018e-19,32,32,4096,11008,32768,True,168,2
0.005,0.006,0.005952380952380954,0.006,0.00021295885499997998,0.004,0.004,0.004000000000000001,0.004,8.673617379884035e-19,0.028,0.03,0.028800000000000003,0.029,0.0005099019513592786,0.003,0.003,0.0030000000000000005,0.003,4.336808689942018e-19,0.012,0.013000000000000001,0.012200000000000003,0.012,0.00040000000000000034,0.004,0.004,0.004000000000000001,0.004,8.673617379884035e-19,0.05,0.052000000000000005,0.050550000000000005,0.0505,0.0005894913061275802,0.004,0.004,0.004000000000000001,0.004,8.673617379884035e-19,0.025,0.026000000000000002,0.025350000000000004,0.025,0.0004769696007084732,0.002,0.002,0.0020000000000000005,0.002,4.336808689942018e-19,32,32,4096,11008,32768,True,160,2
0.005,0.006,0.005952380952380954,0.006,0.00021295885499997998,0.004,0.004,0.004000000000000001,0.004,8.673617379884035e-19,0.029,0.03,0.029050000000000003,0.029,0.00021794494717703315,0.003,0.003,0.0030000000000000005,0.003,4.336808689942018e-19,0.012,0.013000000000000001,0.012350000000000003,0.012,0.00047696960070847325,0.003,0.004,0.0039000000000000007,0.004,0.00030000000000000003,0.052000000000000005,0.054,0.053200000000000004,0.053,0.0005099019513592781,0.004,0.004,0.004000000000000001,0.004,8.673617379884035e-19,0.025,0.026000000000000002,0.025100000000000004,0.025,0.00030000000000000024,0.002,0.002,0.0020000000000000005,0.002,4.336808689942018e-19,32,32,4096,11008,32768,True,152,2
0.004,0.006,0.00561904761904762,0.006,0.0005753831415997416,0.004,0.004,0.004000000000000001,0.004,8.673617379884035e-19,0.028,0.03,0.028350000000000004,0.028,0.0005722761571129798,0.003,0.003,0.0030000000000000005,0.003,4.336808689942018e-19,0.012,0.013000000000000001,0.012250000000000002,0.012,0.0004330127018922198,0.004,0.004,0.004000000000000001,0.004,8.673617379884035e-19,0.052000000000000005,0.057,0.054700000000000006,0.054,0.0018734993995195206,0.004,0.004,0.004000000000000001,0.004,8.673617379884035e-19,0.025,0.026000000000000002,0.025100000000000004,0.025,0.00030000000000000024,0.002,0.002,0.0020000000000000005,0.002,4.336808689942018e-19,32,32,4096,11008,32768,True,144,2
0.004,0.006,0.005238095238095239,0.005,0.0005259695722470124,0.004,0.004,0.004000000000000001,0.004,8.673617379884035e-19,0.028,0.029,0.028550000000000002,0.029,0.0004974937185533104,0.003,0.003,0.0030000000000000005,0.003,4.336808689942018e-19,0.012,0.012,0.012000000000000002,0.012,1.734723475976807e-18,0.004,0.004,0.004000000000000001,0.004,8.673617379884035e-19,0.048,0.051000000000000004,0.049650000000000014,0.05,0.0006538348415311016,0.004,0.004,0.004000000000000001,0.004,8.673617379884035e-19,0.024,0.025,0.024950000000000007,0.025,0.00021794494717703385,0.002,0.002,0.0020000000000000005,0.002,4.336808689942018e-19,32,32,4096,11008,32768,True,136,2
0.004,0.006,0.005000000000000001,0.005,0.00030860669992418383,0.003,0.004,0.0039000000000000007,0.004,0.00030000000000000003,0.023,0.025,0.024100000000000003,0.024,0.0004358898943540678,0.003,0.003,0.0030000000000000005,0.003,4.336808689942018e-19,0.011,0.012,0.011550000000000001,0.012,0.0004974937185533105,0.003,0.004,0.0038000000000000004,0.004,0.0004,0.037,0.038,0.03735000000000001,0.037,0.0004769696007084732,0.003,0.003,0.0030000000000000005,0.003,4.336808689942018e-19,0.024,0.025,0.024600000000000004,0.025,0.0004898979485566361,0.001,0.002,0.0018000000000000002,0.002,0.0004,32,32,4096,11008,32768,True,128,2
0.004,0.005,0.004952380952380954,0.005,0.00021295885499997998,0.003,0.004,0.0037000000000000006,0.004,0.00045825756949558405,0.022,0.023,0.022500000000000003,0.0225,0.0005000000000000004,0.003,0.003,0.0030000000000000005,0.003,4.336808689942018e-19,0.011,0.012,0.01105,0.011,0.00021794494717703388,0.003,0.004,0.00355,0.004,0.00049749371855331,0.036000000000000004,0.038,0.037300000000000014,0.037,0.0005567764362830018,0.003,0.003,0.0030000000000000005,0.003,4.336808689942018e-19,0.023,0.025,0.023900000000000005,0.024,0.00043588989435406776,0.001,0.002,0.0017000000000000006,0.002,0.000458257569495584,32,32,4096,11008,32768,True,120,2
0.004,0.005,0.004952380952380954,0.005,0.00021295885499997998,0.003,0.004,0.0036500000000000005,0.004,0.00047696960070847287,0.022,0.023,0.022300000000000004,0.022,0.0004582575694955844,0.003,0.003,0.0030000000000000005,0.003,4.336808689942018e-19,0.011,0.011,0.011000000000000001,0.011,1.734723475976807e-18,0.003,0.004,0.003300000000000001,0.003,0.00045825756949558405,0.036000000000000004,0.038,0.03715000000000001,0.037,0.000572276157112979,0.003,0.003,0.0030000000000000005,0.003,4.336808689942018e-19,0.023,0.024,0.023800000000000005,0.024,0.0004000000000000003,0.001,0.002,0.0012000000000000003,0.001,0.0004,32,32,4096,11008,32768,True,112,2
0.004,0.005,0.004761904761904763,0.005,0.0004259177099999599,0.003,0.004,0.0037000000000000006,0.004,0.000458257569495584,0.022,0.023,0.022250000000000002,0.022,0.00043301270189221973,0.003,0.003,0.0030000000000000005,0.003,4.336808689942018e-19,0.011,0.011,0.011000000000000001,0.011,1.734723475976807e-18,0.003,0.004,0.0036000000000000003,0.004,0.0004898979485566357,0.036000000000000004,0.039,0.03695000000000001,0.037,0.0007399324293474354,0.003,0.003,0.0030000000000000005,0.003,4.336808689942018e-19,0.023,0.024,0.023800000000000005,0.024,0.00040000000000000034,0.001,0.002,0.0011500000000000004,0.001,0.0003570714214271425,32,32,4096,11008,32768,True,104,2
0.003,0.005,0.004000000000000001,0.004,0.00030860669992418383,0.003,0.004,0.003300000000000001,0.003,0.00045825756949558405,0.022,0.023,0.022250000000000002,0.022,0.00043301270189221973,0.003,0.003,0.0030000000000000005,0.003,4.336808689942018e-19,0.011,0.012,0.011100000000000002,0.011,0.00030000000000000024,0.003,0.004,0.003300000000000001,0.003,0.000458257569495584,0.053,0.054,0.0531,0.053,0.00030000000000000024,0.003,0.003,0.0030000000000000005,0.003,4.336808689942018e-19,0.023,0.024,0.023950000000000006,0.024,0.00021794494717703385,0.001,0.001,0.0010000000000000002,0.001,2.168404344971009e-19,32,32,4096,11008,32768,True,96,2
0.003,0.004,0.003952380952380953,0.004,0.00021295885499997998,0.003,0.004,0.003350000000000001,0.003,0.0004769696007084729,0.022,0.023,0.022250000000000002,0.022,0.00043301270189221973,0.003,0.003,0.0030000000000000005,0.003,4.336808689942018e-19,0.011,0.011,0.011000000000000001,0.011,1.734723475976807e-18,0.003,0.004,0.0032000000000000006,0.003,0.00039999999999999996,0.053,0.053,0.053000000000000005,0.053,6.938893903907228e-18,0.003,0.003,0.0030000000000000005,0.003,4.336808689942018e-19,0.023,0.024,0.023750000000000004,0.024,0.00043301270189221973,0.001,0.001,0.0010000000000000002,0.001,2.168404344971009e-19,32,32,4096,11008,32768,True,88,2
0.003,0.004,0.003952380952380953,0.004,0.00021295885499997998,0.003,0.004,0.0032000000000000006,0.003,0.00039999999999999996,0.022,0.024,0.022450000000000005,0.022,0.0005894913061275802,0.003,0.003,0.0030000000000000005,0.003,4.336808689942018e-19,0.011,0.012,0.01105,0.011,0.0002179449471770339,0.003,0.004,0.003150000000000001,0.003,0.0003570714214271425,0.053,0.054,0.05335000000000001,0.053,0.0004769696007084732,0.003,0.003,0.0030000000000000005,0.003,4.336808689942018e-19,0.023,0.024,0.023900000000000005,0.024,0.0003000000000000003,0.001,0.002,0.0010500000000000002,0.001,0.00021794494717703366,32,32,4096,11008,32768,True,80,2
0.003,0.004,0.003952380952380953,0.004,0.00021295885499997998,0.003,0.004,0.003350000000000001,0.003,0.00047696960070847287,0.022,0.023,0.022350000000000002,0.022,0.00047696960070847314,0.003,0.003,0.0030000000000000005,0.003,4.336808689942018e-19,0.011,0.011,0.011000000000000001,0.011,1.734723475976807e-18,0.003,0.004,0.003150000000000001,0.003,0.0003570714214271425,0.04,0.041,0.04030000000000001,0.04,0.0004582575694955844,0.003,0.003,0.0030000000000000005,0.003,4.336808689942018e-19,0.024,0.025,0.024150000000000005,0.024,0.00035707142142714284,0.001,0.001,0.0010000000000000002,0.001,2.168404344971009e-19,32,32,4096,11008,32768,True,72,2
0.003,0.003,0.0030000000000000005,0.003,4.336808689942018e-19,0.003,0.004,0.003150000000000001,0.003,0.0003570714214271425,0.021,0.022,0.021300000000000003,0.021,0.0004582575694955828,0.003,0.003,0.0030000000000000005,0.003,4.336808689942018e-19,0.009000000000000001,0.01,0.009600000000000003,0.01,0.0004898979485566352,0.003,0.004,0.003150000000000001,0.003,0.0003570714214271425,0.038,0.04,0.03885000000000001,0.039,0.00047696960070847325,0.003,0.003,0.0030000000000000005,0.003,4.336808689942018e-19,0.02,0.021,0.020350000000000004,0.02,0.00047696960070847314,0.001,0.001,0.0010000000000000002,0.001,2.168404344971009e-19,32,32,4096,11008,32768,True,64,2
0.003,0.004,0.003047619047619048,0.003,0.00021295885499998,0.003,0.003,0.0030000000000000005,0.003,4.336808689942018e-19,0.021,0.022,0.02125,0.021,0.00043301270189221826,0.003,0.003,0.0030000000000000005,0.003,4.336808689942018e-19,0.009000000000000001,0.01,0.009350000000000002,0.009000000000000001,0.0004769696007084724,0.003,0.003,0.0030000000000000005,0.003,4.336808689942018e-19,0.038,0.04,0.038400000000000004,0.038,0.0005830951894845306,0.003,0.003,0.0030000000000000005,0.003,4.336808689942018e-19,0.02,0.021,0.020300000000000006,0.02,0.0004582575694955844,0.001,0.001,0.0010000000000000002,0.001,2.168404344971009e-19,32,32,4096,11008,32768,True,56,2
0.002,0.003,0.002952380952380953,0.003,0.00021295885499997998,0.003,0.004,0.0032000000000000006,0.003,0.00039999999999999996,0.021,0.022,0.021150000000000002,0.021,0.0003570714214271416,0.003,0.003,0.0030000000000000005,0.003,4.336808689942018e-19,0.009000000000000001,0.01,0.009150000000000002,0.009000000000000001,0.00035707142142714214,0.003,0.003,0.0030000000000000005,0.003,4.336808689942018e-19,0.037,0.039,0.03830000000000001,0.038,0.0005567764362830027,0.003,0.003,0.0030000000000000005,0.003,4.336808689942018e-19,0.02,0.021,0.020150000000000005,0.02,0.00035707142142714284,0.001,0.001,0.0010000000000000002,0.001,2.168404344971009e-19,32,32,4096,11008,32768,True,48,2
0.002,0.003,0.002952380952380953,0.003,0.00021295885499997998,0.003,0.004,0.003150000000000001,0.003,0.0003570714214271425,0.021,0.022,0.02125,0.021,0.00043301270189221826,0.003,0.003,0.0030000000000000005,0.003,4.336808689942018e-19,0.009000000000000001,0.01,0.009150000000000002,0.009000000000000001,0.00035707142142714214,0.003,0.003,0.0030000000000000005,0.003,4.336808689942018e-19,0.036000000000000004,0.04,0.03780000000000001,0.038,0.0009797958971132714,0.003,0.003,0.0030000000000000005,0.003,4.336808689942018e-19,0.02,0.021,0.020100000000000003,0.02,0.00030000000000000024,0.001,0.001,0.0010000000000000002,0.001,2.168404344971009e-19,32,32,4096,11008,32768,True,40,2
0.002,0.003,0.0021428571428571434,0.002,0.00034992710611188256,0.003,0.004,0.0030500000000000006,0.003,0.0002179449471770337,0.02,0.021,0.020950000000000003,0.021,0.00021794494717703385,0.003,0.003,0.0030000000000000005,0.003,4.336808689942018e-19,0.009000000000000001,0.009000000000000001,0.009000000000000003,0.009000000000000001,1.734723475976807e-18,0.003,0.004,0.0030500000000000006,0.003,0.0002179449471770337,0.034,0.035,0.03430000000000001,0.034,0.0004582575694955844,0.003,0.004,0.0032000000000000006,0.003,0.00039999999999999996,0.019,0.02,0.019250000000000003,0.019,0.00043301270189221973,0.001,0.001,0.0010000000000000002,0.001,2.168404344971009e-19,32,32,4096,11008,32768,True,32,2
0.002,0.002,0.0020000000000000005,0.002,4.336808689942018e-19,0.003,0.003,0.0030000000000000005,0.003,4.336808689942018e-19,0.02,0.022,0.020700000000000003,0.021,0.0005567764362830023,0.003,0.003,0.0030000000000000005,0.003,4.336808689942018e-19,0.009000000000000001,0.009000000000000001,0.009000000000000003,0.009000000000000001,1.734723475976807e-18,0.003,0.003,0.0030000000000000005,0.003,4.336808689942018e-19,0.034,0.036000000000000004,0.03455000000000001,0.034,0.0006689544080129831,0.003,0.004,0.0034500000000000004,0.003,0.0004974937185533101,0.019,0.02,0.019200000000000002,0.019,0.00040000000000000034,0.001,0.001,0.0010000000000000002,0.001,2.168404344971009e-19,32,32,4096,11008,32768,True,24,2
0.007,0.011,0.01080952380952381,0.011,0.0008518354199999198,0.003,0.004,0.0030500000000000006,0.003,0.0002179449471770337,0.021,0.022,0.021400000000000002,0.021,0.0004898979485566344,0.003,0.003,0.0030000000000000005,0.003,4.336808689942018e-19,0.009000000000000001,0.009000000000000001,0.009000000000000003,0.009000000000000001,1.734723475976807e-18,0.003,0.003,0.0030000000000000005,0.003,4.336808689942018e-19,0.037,0.039,0.038400000000000004,0.038,0.0005830951894845306,0.003,0.003,0.0030000000000000005,0.003,4.336808689942018e-19,0.019,0.02,0.019450000000000002,0.019,0.0004974937185533104,0.001,0.001,0.0010000000000000002,0.001,2.168404344971009e-19,32,32,4096,11008,32768,True,16,2
0.004,0.006,0.005904761904761906,0.006,0.00042591770999995997,0.003,0.004,0.003150000000000001,0.003,0.0003570714214271425,0.02,0.021,0.020700000000000003,0.021,0.0004582575694955844,0.002,0.003,0.0028500000000000005,0.003,0.0003570714214271425,0.009000000000000001,0.009000000000000001,0.009000000000000003,0.009000000000000001,1.734723475976807e-18,0.003,0.004,0.0032500000000000007,0.003,0.0004330127018922193,0.032,0.034,0.032650000000000005,0.033,0.0005722761571129804,0.003,0.003,0.0030000000000000005,0.003,4.336808689942018e-19,0.019,0.02,0.019200000000000002,0.019,0.00040000000000000034,0.001,0.001,0.0010000000000000002,0.001,2.168404344971009e-19,32,32,4096,11008,32768,True,8,2
0.002,0.004,0.003047619047619048,0.003,0.0003749527559053243,0.003,0.004,0.0030500000000000006,0.003,0.0002179449471770337,0.02,0.021,0.020650000000000005,0.021,0.0004769696007084733,0.002,0.003,0.0025,0.0025,0.0005,0.009000000000000001,0.009000000000000001,0.009000000000000003,0.009000000000000001,1.734723475976807e-18,0.003,0.004,0.0033,0.003,0.00045825756949558405,0.032,0.033,0.032350000000000004,0.032,0.0004769696007084732,0.003,0.003,0.0030000000000000005,0.003,4.336808689942018e-19,0.019,0.02,0.019350000000000003,0.019,0.00047696960070847325,0.001,0.001,0.0010000000000000002,0.001,2.168404344971009e-19,32,32,4096,11008,32768,True,4,2
0.002,0.002,0.0020000000000000005,0.002,4.336808689942018e-19,0.003,0.004,0.0030500000000000006,0.003,0.0002179449471770337,0.02,0.021,0.020250000000000004,0.02,0.00043301270189221973,0.002,0.003,0.0027000000000000006,0.003,0.00045825756949558405,0.009000000000000001,0.009000000000000001,0.009000000000000003,0.009000000000000001,1.734723475976807e-18,0.003,0.004,0.0031000000000000008,0.003,0.0003,0.032,0.033,0.032150000000000005,0.032,0.0003570714214271428,0.003,0.003,0.0030000000000000005,0.003,4.336808689942018e-19,0.019,0.02,0.019250000000000003,0.019,0.00043301270189221973,0.001,0.001,0.0010000000000000002,0.001,2.168404344971009e-19,32,32,4096,11008,32768,True,2,2
0.001,0.002,0.0019523809523809528,0.002,0.00021295885499997998,0.003,0.004,0.0031000000000000008,0.003,0.0003,0.02,0.02,0.020000000000000004,0.02,3.469446951953614e-18,0.002,0.003,0.002500000000000001,0.0025,0.0005,0.009000000000000001,0.009000000000000001,0.009000000000000003,0.009000000000000001,1.734723475976807e-18,0.003,0.004,0.0031000000000000008,0.003,0.0003,0.038,0.039,0.03830000000000001,0.038,0.0004582575694955844,0.002,0.003,0.0028500000000000005,0.003,0.0003570714214271425,0.02,0.021,0.020050000000000005,0.02,0.00021794494717703388,0.001,0.001,0.0010000000000000002,0.001,2.168404344971009e-19,32,32,4096,11008,32768,True,1,2
0.108,0.112,0.10971428571428571,0.11,0.0010301575072754264,0.06,0.062,0.061149999999999996,0.061,0.0004769696007084733,0.149,0.151,0.15049999999999994,0.151,0.0006708203932499374,0.02,0.021,0.020450000000000003,0.02,0.0004974937185533104,0.048,0.049,0.04870000000000001,0.049,0.00045825756949558437,0.063,0.065,0.06385,0.064,0.0004769696007084733,0.256,0.259,0.25775,0.258,0.0009420721840708395,0.04,0.041,0.04080000000000001,0.041,0.00040000000000000034,0.114,0.126,0.11895,0.11850000000000001,0.0032935543110748883,0.029,0.03,0.029500000000000005,0.0295,0.0004999999999999987,32,32,4096,11008,32768,True,4096,4
0.108,0.111,0.10952380952380954,0.11,0.0007939681905015753,0.06,0.062,0.061,0.061,0.0003162277660168382,0.15,0.152,0.15044999999999997,0.15,0.0005894913061275802,0.02,0.021,0.020550000000000006,0.021,0.0004974937185533105,0.048,0.049,0.04840000000000001,0.048,0.0004898979485566361,0.063,0.064,0.06365,0.064,0.0004769696007084732,0.257,0.259,0.25795,0.258,0.0005894913061275802,0.04,0.041,0.04080000000000001,0.041,0.00040000000000000034,0.109,0.125,0.11645000000000001,0.116,0.0039556921012636964,0.029,0.031,0.029450000000000004,0.029,0.0005894913061275787,32,32,4096,11008,32768,True,4096,4
0.108,0.11,0.10904761904761905,0.109,0.000652919485752481,0.06,0.062,0.06089999999999999,0.061,0.00043588989435406776,0.149,0.152,0.15084999999999998,0.151,0.0007262919523166982,0.02,0.021,0.020300000000000006,0.02,0.0004582575694955844,0.048,0.049,0.04860000000000001,0.049,0.000489897948556636,0.063,0.064,0.06390000000000001,0.064,0.00030000000000000024,0.258,0.259,0.25855000000000006,0.259,0.0004974937185533104,0.04,0.041,0.04030000000000001,0.04,0.0004582575694955844,0.117,0.12,0.11825,0.11800000000000001,0.000698212002188446,0.029,0.031,0.030050000000000004,0.03,0.0005894913061275794,32,32,4096,11008,32768,True,4064,4
0.108,0.111,0.10923809523809525,0.109,0.0007499055118106493,0.06,0.061,0.0608,0.061,0.00040000000000000034,0.15,0.152,0.15109999999999998,0.151,0.0007000000000000006,0.02,0.021,0.020150000000000005,0.02,0.00035707142142714284,0.048,0.049,0.04835000000000001,0.048,0.0004769696007084732,0.063,0.064,0.0638,0.064,0.0004000000000000003,0.256,0.26,0.2573500000000001,0.257,0.0010136567466356656,0.04,0.04,0.04000000000000001,0.04,6.938893903907228e-18,0.116,0.12,0.11820000000000001,0.11800000000000001,0.0010295630140986986,0.029,0.03,0.029250000000000005,0.029,0.0004330127018922182,32,32,4096,11008,32768,True,4032,4
0.105,0.108,0.10661904761904764,0.107,0.0007853534524986026,0.06,0.061,0.06010000000000001,0.06,0.0003000000000000003,0.149,0.152,0.15039999999999998,0.151,0.0008602325267042634,0.02,0.021,0.020050000000000005,0.02,0.00021794494717703388,0.047,0.049,0.04850000000000001,0.049,0.0005916079783099621,0.062,0.064,0.06319999999999999,0.063,0.0005099019513592789,0.254,0.257,0.25555,0.256,0.0008046738469715548,0.039,0.04,0.03930000000000001,0.039,0.0004582575694955844,0.115,0.11800000000000001,0.11640000000000003,0.1165,0.0009165151389911689,0.028,0.03,0.029150000000000002,0.029,0.000572276157112979,32,32,4096,11008,32768,True,4000,4
0.10400000000000001,0.107,0.10523809523809524,0.105,0.000749905511810646,0.057,0.06,0.0583,0.058,0.0009539392014169452,0.149,0.152,0.15064999999999998,0.151,0.0008529361054615996,0.02,0.02,0.020000000000000004,0.02,3.469446951953614e-18,0.047,0.049,0.047950000000000007,0.048,0.0005894913061275804,0.061,0.064,0.0623,0.062,0.0006403124237432853,0.254,0.257,0.2555,0.2555,0.0008062257748298557,0.039,0.04,0.039150000000000004,0.039,0.00035707142142714284,0.106,0.12,0.1135,0.115,0.004533210782657258,0.028,0.03,0.0284,0.028,0.0005830951894845301,32,32,4096,11008,32768,True,3968,4
0.10400000000000001,0.106,0.10500000000000001,0.105,0.00075592894601845,0.057,0.058,0.057600000000000005,0.058,0.0004898979485566361,0.149,0.152,0.15059999999999998,0.1505,0.0008000000000000007,0.019,0.02,0.019950000000000002,0.02,0.00021794494717703385,0.047,0.049,0.04790000000000001,0.048,0.0007681145747868615,0.06,0.062,0.06094999999999999,0.061,0.00038405728739343076,0.257,0.26,0.25855,0.259,0.0008645808232895299,0.038,0.039,0.03880000000000001,0.039,0.00040000000000000034,0.117,0.11900000000000001,0.11810000000000001,0.11800000000000001,0.0007000000000000005,0.028,0.03,0.028650000000000002,0.029,0.00057227615711298,32,32,4096,11008,32768,True,3936,4
0.10300000000000001,0.106,0.10452380952380953,0.105,0.0006632565846278097,0.056,0.058,0.05700000000000001,0.057,0.0003162277660168382,0.15,0.152,0.15069999999999997,0.1505,0.0007810249675906661,0.019,0.02,0.019750000000000004,0.02,0.00043301270189221973,0.047,0.049,0.04785000000000001,0.048,0.000726291952316698,0.06,0.061,0.06055000000000001,0.061,0.0004974937185533104,0.254,0.257,0.2555,0.2555,0.0008062257748298558,0.038,0.039,0.03830000000000001,0.038,0.0004582575694955844,0.116,0.11900000000000001,0.1176,0.11800000000000001,0.0009695359714832667,0.028,0.029,0.028250000000000004,0.028,0.00043301270189221973,32,32,4096,11008,32768,True,3904,4
0.10200000000000001,0.106,0.10380952380952384,0.10400000000000001,0.0009060141709733513,0.056,0.058,0.05675,0.057,0.0006224949798994372,0.15,0.152,0.15114999999999998,0.151,0.0007262919523166982,0.019,0.02,0.019700000000000002,0.02,0.0004582575694955844,0.047,0.049,0.04765000000000001,0.048,0.0006538348415311016,0.06,0.061,0.06054999999999999,0.061,0.0004974937185533104,0.255,0.257,0.2556,0.2555,0.0006633249580710807,0.038,0.039,0.03815,0.038,0.00035707142142714284,0.117,0.11900000000000001,0.11815000000000002,0.11800000000000001,0.0007921489758877436,0.028,0.029,0.028200000000000003,0.028,0.00040000000000000034,32,32,4096,11008,32768,True,3872,4
0.10200000000000001,0.105,0.10357142857142858,0.10300000000000001,0.0007911070345636233,0.056,0.057,0.056400000000000006,0.056,0.000489897948556636,0.133,0.135,0.13424999999999995,0.134,0.0006982120021884477,0.02,0.02,0.020000000000000004,0.02,3.469446951953614e-18,0.048,0.049,0.04840000000000001,0.048,0.0004898979485566361,0.06,0.061,0.06010000000000001,0.06,0.0003000000000000003,0.23800000000000002,0.24,0.23890000000000003,0.23900000000000002,0.0006244997998398331,0.038,0.039,0.03805000000000001,0.038,0.00021794494717703385,0.106,0.108,0.10685000000000003,0.107,0.0006538348415311016,0.028,0.03,0.0284,0.028,0.0005830951894845301,32,32,4096,11008,32768,True,3840,4
0.1,0.10400000000000001,0.10180952380952381,0.10200000000000001,0.0008518354199999206,0.055,0.057,0.05605000000000001,0.056,0.00038405728739343076,0.132,0.134,0.13305,0.133,0.0007399324293474377,0.02,0.02,0.020000000000000004,0.02,3.469446951953614e-18,0.048,0.05,0.04860000000000001,0.0485,0.0006633249580710806,0.06,0.061,0.0602,0.06,0.00040000000000000034,0.23700000000000002,0.24,0.23820000000000005,0.23800000000000002,0.0009797958971132668,0.037,0.038,0.03785000000000001,0.038,0.00035707142142714284,0.105,0.107,0.10579999999999998,0.106,0.0007483314773547889,0.028,0.029,0.028250000000000004,0.028,0.00043301270189221973,32,32,4096,11008,32768,True,3808,4
0.101,0.105,0.10204761904761905,0.10200000000000001,0.0008438116736509197,0.055,0.057,0.05565,0.056,0.0005722761571129803,0.132,0.134,0.13325,0.133,0.0005361902647381809,0.02,0.02,0.020000000000000004,0.02,3.469446951953614e-18,0.048,0.05,0.04905000000000001,0.049,0.0005894913061275804,0.059000000000000004,0.061,0.059899999999999995,0.06,0.0005385164807134486,0.23700000000000002,0.23900000000000002,0.23780000000000007,0.23800000000000002,0.0006782329983125273,0.037,0.038,0.037450000000000004,0.037,0.0004974937185533104,0.105,0.108,0.10615000000000001,0.106,0.0008529361054615998,0.027,0.029,0.028100000000000003,0.028,0.00043588989435406776,32,32,4096,11008,32768,True,3776,4
0.099,0.101,0.09985714285714285,0.1,0.0007095078297976834,0.054,0.056,0.054900000000000004,0.055,0.00043588989435406776,0.131,0.133,0.13200000000000006,0.132,0.0006324555320336764,0.019,0.02,0.019800000000000005,0.02,0.0004000000000000003,0.048,0.049,0.04855000000000001,0.049,0.0004974937185533104,0.059000000000000004,0.06,0.05934999999999999,0.059000000000000004,0.00047696960070846994,0.23500000000000001,0.23700000000000002,0.23620000000000002,0.23600000000000002,0.0007483314773547889,0.037,0.038,0.03705000000000001,0.037,0.00021794494717703385,0.10300000000000001,0.106,0.10475000000000001,0.105,0.0010428326807307056,0.027,0.029,0.02755,0.0275,0.0005894913061275802,32,32,4096,11008,32768,True,3744,4
0.099,0.101,0.09995238095238096,0.1,0.000652919485752481,0.052000000000000005,0.055,0.053750000000000006,0.054,0.0008874119674649425,0.131,0.133,0.13215000000000005,0.132,0.0006538348415311017,0.019,0.02,0.019500000000000003,0.0195,0.0005000000000000004,0.048,0.05,0.04850000000000001,0.048,0.0005916079783099621,0.059000000000000004,0.06,0.059149999999999994,0.059000000000000004,0.0003570714214271404,0.23500000000000001,0.23800000000000002,0.23604999999999995,0.23600000000000002,0.0005894913061275802,0.036000000000000004,0.037,0.03680000000000001,0.037,0.00039999999999999763,0.105,0.107,0.10575000000000001,0.106,0.0006982120021884477,0.027,0.028,0.02755,0.028,0.0004974937185533104,32,32,4096,11008,32768,True,3712,4
0.097,0.1,0.09838095238095237,0.098,0.0008984743935292011,0.052000000000000005,0.053,0.05215000000000001,0.052000000000000005,0.0003570714214271404,0.13,0.132,0.13125000000000003,0.131,0.0006224949798994372,0.019,0.02,0.019200000000000002,0.019,0.00040000000000000034,0.048,0.05,0.04855000000000001,0.0485,0.0005894913061275802,0.056,0.058,0.05655,0.0565,0.0005894913061275804,0.233,0.23600000000000002,0.23480000000000004,0.23500000000000001,0.0008717797887081354,0.036000000000000004,0.037,0.03625000000000001,0.036000000000000004,0.00043301270189221675,0.10300000000000001,0.106,0.10425000000000002,0.10400000000000001,0.0006982120021884422,0.026000000000000002,0.028,0.027250000000000003,0.027,0.0005361902647381805,32,32,4096,11008,32768,True,3680,4
0.096,0.1,0.09776190476190476,0.098,0.0009712418121129121,0.051000000000000004,0.053,0.051900000000000016,0.052000000000000005,0.0005385164807134495,0.129,0.132,0.13120000000000004,0.131,0.0007483314773547889,0.019,0.02,0.019050000000000004,0.019,0.00021794494717703388,0.048,0.049,0.04840000000000001,0.048,0.0004898979485566361,0.056,0.057,0.0563,0.056,0.0004582575694955844,0.233,0.23500000000000001,0.23440000000000003,0.23500000000000001,0.0007348469228349541,0.036000000000000004,0.037,0.03605000000000001,0.036000000000000004,0.00021794494717703236,0.10300000000000001,0.105,0.10420000000000003,0.10400000000000001,0.000748331477354783,0.026000000000000002,0.028,0.027100000000000006,0.027,0.0004358898943540673,32,32,4096,11008,32768,True,3648,4
0.096,0.099,0.097,0.097,0.0008164965809277268,0.051000000000000004,0.052000000000000005,0.051900000000000016,0.052000000000000005,0.00030000000000000024,0.13,0.132,0.13125,0.131,0.0006224949798994372,0.019,0.02,0.019050000000000004,0.019,0.00021794494717703388,0.048,0.05,0.04905000000000001,0.049,0.0006689544080129831,0.056,0.057,0.0563,0.056,0.0004582575694955844,0.233,0.23600000000000002,0.23450000000000001,0.23450000000000001,0.0006708203932499376,0.036000000000000004,0.036000000000000004,0.03600000000000001,0.036000000000000004,6.938893903907228e-18,0.10400000000000001,0.107,0.10485000000000003,0.105,0.0009630680142129064,0.026000000000000002,0.027,0.026600000000000006,0.027,0.0004898979485566344,32,32,4096,11008,32768,True,3616,4
0.094,0.097,0.09590476190476191,0.096,0.0008109231602822103,0.051000000000000004,0.052000000000000005,0.05130000000000001,0.051000000000000004,0.0004582575694955844,0.13,0.133,0.13135000000000002,0.131,0.0006538348415311016,0.018000000000000002,0.018000000000000002,0.018000000000000006,0.018000000000000002,3.469446951953614e-18,0.043000000000000003,0.044,0.04340000000000001,0.043000000000000003,0.0004898979485566326,0.056,0.057,0.0563,0.056,0.0004582575694955844,0.23,0.234,0.23170000000000002,0.232,0.0009539392014169465,0.035,0.036000000000000004,0.03570000000000001,0.036000000000000004,0.00045825756949558437,0.106,0.108,0.10725000000000003,0.107,0.0006224949798994372,0.026000000000000002,0.027,0.026350000000000005,0.026000000000000002,0.0004769696007084717,32,32,4096,11008,32768,True,3584,4
0.093,0.096,0.09490476190476192,0.095,0.0008109231602822103,0.05,0.051000000000000004,0.05065000000000001,0.051000000000000004,0.0004769696007084733,0.129,0.132,0.13080000000000003,0.131,0.0008124038404635967,0.018000000000000002,0.018000000000000002,0.018000000000000006,0.018000000000000002,3.469446951953614e-18,0.042,0.045,0.04335000000000001,0.043000000000000003,0.0007262919523166952,0.056,0.057,0.05615000000000001,0.056,0.00035707142142714273,0.231,0.233,0.23165,0.232,0.0006538348415311017,0.035,0.036000000000000004,0.035100000000000006,0.035,0.00030000000000000024,0.105,0.107,0.10569999999999999,0.106,0.0007141428428542856,0.026000000000000002,0.027,0.026300000000000007,0.026000000000000002,0.0004582575694955828,32,32,4096,11008,32768,True,3552,4
0.092,0.095,0.09347619047619049,0.094,0.0009060141709733555,0.05,0.051000000000000004,0.05015000000000001,0.05,0.00035707142142714284,0.13,0.132,0.13065000000000002,0.1305,0.0007262919523166982,0.018000000000000002,0.018000000000000002,0.018000000000000006,0.018000000000000002,3.469446951953614e-18,0.042,0.047,0.04345,0.043000000000000003,0.0011608186766243883,0.055,0.056,0.05555,0.056,0.0004974937185533104,0.229,0.233,0.23085000000000006,0.231,0.0009630680142129122,0.035,0.035,0.03500000000000001,0.035,6.938893903907228e-18,0.105,0.108,0.10610000000000001,0.106,0.0008306623862918082,0.025,0.027,0.026050000000000007,0.026000000000000002,0.0004974937185533094,32,32,4096,11008,32768,True,3520,4
0.092,0.096,0.09385714285714286,0.094,0.0009404008408634056,0.05,0.051000000000000004,0.05025,0.05,0.00043301270189221973,0.129,0.133,0.13130000000000003,0.132,0.0010049875621120899,0.017,0.018000000000000002,0.017900000000000006,0.018000000000000002,0.0003000000000000003,0.043000000000000003,0.047,0.0442,0.044,0.0009797958971132705,0.055,0.057,0.05585,0.056,0.00047696960070847325,0.231,0.234,0.23230000000000003,0.232,0.0007810249675906661,0.034,0.035,0.034350000000000006,0.034,0.0004769696007084732,0.106,0.108,0.10720000000000003,0.107,0.0008124038404635968,0.025,0.027,0.025750000000000006,0.026000000000000002,0.0006224949798994365,32,32,4096,11008,32768,True,3488,4
0.091,0.094,0.09295238095238095,0.093,0.000722178613719196,0.048,0.05,0.04930000000000001,0.049,0.0006403124237432854,0.116,0.12,0.1177,0.11750000000000001,0.0010999999999999981,0.018000000000000002,0.019,0.018600000000000005,0.019,0.0004898979485566344,0.042,0.043000000000000003,0.04225000000000001,0.042,0.00043301270189221973,0.055,0.056,0.05555000000000001,0.056,0.0004974937185533104,0.211,0.219,0.21525000000000002,0.216,0.0021650635094610984,0.034,0.035,0.03430000000000001,0.034,0.0004582575694955844,0.106,0.109,0.10750000000000001,0.1075,0.0009219544457292895,0.025,0.026000000000000002,0.025250000000000005,0.025,0.00043301270189221973,32,32,4096,11008,32768,True,3456,4
0.09,0.095,0.09204761904761904,0.092,0.0010900498230723436,0.047,0.048,0.04725000000000001,0.047,0.00043301270189221973,0.116,0.11900000000000001,0.11765000000000003,0.11800000000000001,0.0009096702699330135,0.018000000000000002,0.019,0.018250000000000006,0.018000000000000002,0.0004330127018922182,0.042,0.044,0.04270000000000001,0.043000000000000003,0.0007141428428542838,0.053,0.054,0.053200000000000004,0.053,0.0004000000000000003,0.21,0.219,0.21444999999999997,0.215,0.0019358460682605957,0.034,0.035,0.03405000000000001,0.034,0.00021794494717703385,0.106,0.108,0.10685000000000003,0.107,0.0006538348415311016,0.025,0.026000000000000002,0.025100000000000004,0.025,0.00030000000000000024,32,32,4096,11008,32768,True,3424,4
0.09,0.092,0.091,0.091,0.0007559289460184552,0.047,0.047,0.04700000000000001,0.047,6.938893903907228e-18,0.13,0.133,0.13125,0.131,0.0007664854858377951,0.017,0.018000000000000002,0.017150000000000006,0.017,0.00035707142142714284,0.042,0.044,0.04275000000000001,0.043000000000000003,0.00053619026473818,0.052000000000000005,0.054,0.053000000000000005,0.053,0.0004472135954999568,0.23,0.232,0.23115000000000002,0.231,0.00047696960070847325,0.033,0.034,0.03345000000000001,0.033,0.0004974937185533104,0.106,0.109,0.10715000000000001,0.107,0.0005722761571129804,0.024,0.025,0.024400000000000005,0.024,0.000489897948556636,32,32,4096,11008,32768,True,3392,4
0.089,0.092,0.09057142857142857,0.09,0.0007911070345636268,0.046,0.047,0.04650000000000001,0.0465,0.0005000000000000004,0.13,0.133,0.13135000000000002,0.131,0.0007262919523166982,0.017,0.018000000000000002,0.017050000000000003,0.017,0.0002179449471770339,0.042,0.044,0.04295,0.043000000000000003,0.0005894913061275785,0.052000000000000005,0.053,0.05285000000000001,0.053,0.0003570714214271404,0.231,0.233,0.23159999999999997,0.2315,0.0006633249580710806,0.033,0.034,0.03305000000000001,0.033,0.00021794494717703385,0.106,0.109,0.10740000000000002,0.107,0.0007348469228349541,0.024,0.025,0.024450000000000006,0.024,0.0004974937185533104,32,32,4096,11008,32768,True,3360,4
0.088,0.091,0.08938095238095238,0.089,0.0007853534524986027,0.046,0.047,0.04605000000000001,0.046,0.00021794494717703385,0.116,0.11900000000000001,0.11705000000000002,0.117,0.0008645808232895299,0.018000000000000002,0.018000000000000002,0.018000000000000006,0.018000000000000002,3.469446951953614e-18,0.043000000000000003,0.044,0.04335000000000001,0.043000000000000003,0.0004769696007084699,0.052000000000000005,0.053,0.052550000000000006,0.053,0.0004974937185533069,0.214,0.217,0.2153,0.215,0.0008426149773176368,0.033,0.034,0.03305000000000001,0.033,0.00021794494717703385,0.092,0.095,0.0932,0.093,0.000748331477354789,0.024,0.025,0.024200000000000006,0.024,0.0004000000000000003,32,32,4096,11008,32768,True,3328,4
0.08600000000000001,0.089,0.08771428571428572,0.088,0.0008247860988423173,0.044,0.046,0.04510000000000001,0.045,0.00043588989435406776,0.114,0.121,0.11680000000000001,0.117,0.0016613247725836148,0.018000000000000002,0.018000000000000002,0.018000000000000006,0.018000000000000002,3.469446951953614e-18,0.042,0.044,0.042850000000000006,0.043000000000000003,0.0006538348415310996,0.051000000000000004,0.053,0.052050000000000006,0.052000000000000005,0.0004974937185533084,0.211,0.215,0.2133,0.213,0.0009000000000000008,0.032,0.033,0.032100000000000004,0.032,0.00030000000000000024,0.09,0.093,0.09190000000000001,0.092,0.0008888194417315596,0.023,0.025,0.024150000000000005,0.024,0.0008529361054615998,32,32,4096,11008,32768,True,3296,4
0.085,0.09,0.08723809523809524,0.08700000000000001,0.001108613973983121,0.044,0.046,0.045000000000000005,0.045,0.0005477225575051667,0.131,0.133,0.13140000000000002,0.131,0.0005830951894845307,0.017,0.017,0.017000000000000005,0.017,3.469446951953614e-18,0.042,0.044,0.043250000000000004,0.043000000000000003,0.000536190264738178,0.051000000000000004,0.053,0.052100000000000014,0.052000000000000005,0.0005385164807134485,0.212,0.217,0.21454999999999996,0.215,0.0013592277219068199,0.032,0.033,0.032150000000000005,0.032,0.00035707142142714284,0.091,0.095,0.09305,0.093,0.0012031209415515976,0.023,0.025,0.023650000000000004,0.024,0.0006538348415311017,32,32,4096,11008,32768,True,3264,4
0.08600000000000001,0.088,0.08723809523809523,0.08700000000000001,0.0006098213559459802,0.044,0.045,0.04465000000000001,0.045,0.00047696960070847325,0.13,0.132,0.13085000000000002,0.131,0.0007262919523166982,0.016,0.017,0.016700000000000003,0.017,0.0004582575694955845,0.042,0.044,0.042850000000000006,0.043000000000000003,0.0007262919523166959,0.051000000000000004,0.053,0.052050000000000006,0.052000000000000005,0.00038405728739342903,0.212,0.215,0.2136,0.214,0.0007348469228349541,0.031,0.032,0.031950000000000006,0.032,0.00021794494717703385,0.092,0.094,0.09290000000000001,0.093,0.0006244997998398404,0.023,0.025,0.023400000000000004,0.023,0.0005830951894845306,32,32,4096,11008,32768,True,3232,4
0.085,0.088,0.0868095238095238,0.08700000000000001,0.0007315376902731982,0.043000000000000003,0.044,0.04395,0.044,0.00021794494717703236,0.112,0.132,0.11815,0.1125,0.00811341481744894,0.016,0.018000000000000002,0.017100000000000004,0.017,0.0004358898943540678,0.042,0.044,0.04315000000000001,0.043000000000000003,0.0005722761571129777,0.051000000000000004,0.052000000000000005,0.05180000000000001,0.052000000000000005,0.00040000000000000034,0.213,0.215,0.2136,0.213,0.0008000000000000007,0.031,0.032,0.031400000000000004,0.031,0.000489897948556636,0.092,0.095,0.09325,0.093,0.0009420721840708395,0.023,0.024,0.023300000000000005,0.023,0.0004582575694955844,32,32,4096,11008,32768,True,3200,4
0.084,0.088,0.08566666666666667,0.08600000000000001,0.0009428090415820625,0.042,0.044,0.042600000000000006,0.0425,0.0006633249580710791,0.111,0.13,0.11700000000000002,0.112,0.007784600182411427,0.016,0.017,0.016950000000000003,0.017,0.00021794494717703385,0.042,0.044,0.043050000000000005,0.043000000000000003,0.0006689544080129807,0.049,0.05,0.04935000000000001,0.049,0.0004769696007084732,0.211,0.215,0.21260000000000004,0.213,0.0009165151389911689,0.031,0.031,0.031000000000000007,0.031,6.938893903907228e-18,0.091,0.093,0.0925,0.093,0.0005916079783099621,0.022,0.024,0.022900000000000004,0.023,0.0005385164807134509,32,32,4096,11008,32768,True,3168,4
0.082,0.08700000000000001,0.08438095238095239,0.084,0.0011328930717495551,0.041,0.042,0.04145000000000001,0.041,0.0004974937185533104,0.11,0.13,0.11874999999999998,0.112,0.008814051281902099,0.016,0.017,0.016550000000000002,0.017,0.0004974937185533104,0.042,0.044,0.042800000000000005,0.043000000000000003,0.0007483314773547869,0.048,0.05,0.04895000000000001,0.049,0.0005894913061275802,0.21,0.214,0.2117,0.212,0.0010049875621120899,0.03,0.031,0.030800000000000004,0.031,0.0004000000000000003,0.091,0.095,0.09245,0.0925,0.0012031209415515976,0.022,0.024,0.022750000000000003,0.023,0.0005361902647381809,32,32,4096,11008,32768,True,3136,4
0.083,0.08600000000000001,0.08442857142857145,0.084,0.0008491692619108106,0.041,0.042,0.04130000000000001,0.041,0.0004582575694955844,0.111,0.131,0.11699999999999999,0.112,0.008111719916269298,0.016,0.017,0.016550000000000002,0.017,0.0004974937185533104,0.042,0.044,0.043050000000000005,0.043000000000000003,0.0008645808232895268,0.048,0.05,0.04915000000000001,0.049,0.0004769696007084732,0.211,0.213,0.2123,0.212,0.0007141428428542857,0.03,0.031,0.030500000000000006,0.0305,0.0005000000000000004,0.092,0.094,0.09295,0.093,0.0008046738469715547,0.022,0.024,0.022600000000000002,0.023,0.0005830951894845307,32,32,4096,11008,32768,True,3104,4
0.081,0.083,0.08233333333333334,0.082,0.0006424160744396216,0.04,0.041,0.040400000000000005,0.04,0.000489897948556636,0.112,0.131,0.11579999999999999,0.1135,0.00630555310817378,0.015,0.016,0.015900000000000004,0.016,0.0003000000000000003,0.037,0.039,0.0379,0.038,0.0007000000000000008,0.048,0.049,0.04870000000000001,0.049,0.00045825756949558437,0.188,0.194,0.19174999999999998,0.192,0.0017284386017443621,0.03,0.031,0.030600000000000006,0.031,0.0004898979485566361,0.094,0.096,0.0945,0.094,0.0006708203932499376,0.022,0.024,0.022700000000000005,0.023,0.0006403124237432854,32,32,4096,11008,32768,True,3072,4
0.081,0.084,0.0824761904761905,0.082,0.0007315376902732014,0.04,0.041,0.04020000000000001,0.04,0.00040000000000000034,0.111,0.131,0.1169,0.113,0.007374957626996919,0.015,0.016,0.015750000000000004,0.016,0.0004330127018922198,0.037,0.039,0.03830000000000001,0.038,0.0007141428428542856,0.048,0.049,0.04820000000000001,0.048,0.00040000000000000034,0.192,0.195,0.19305,0.193,0.0008046738469715547,0.03,0.031,0.030350000000000005,0.03,0.00047696960070847325,0.093,0.096,0.0945,0.095,0.000741619848709567,0.022,0.022,0.022000000000000002,0.022,3.469446951953614e-18,32,32,4096,11008,32768,True,3040,4
0.08,0.083,0.08104761904761905,0.081,0.000722178613719196,0.039,0.04,0.039650000000000005,0.04,0.0004769696007084733,0.112,0.116,0.11339999999999999,0.113,0.0008000000000000007,0.015,0.016,0.015850000000000003,0.016,0.00035707142142714284,0.037,0.042,0.038950000000000005,0.039,0.0013592277219068199,0.048,0.049,0.04835000000000001,0.048,0.0004769696007084732,0.192,0.195,0.1932,0.193,0.0006782329983125274,0.03,0.03,0.030000000000000006,0.03,6.938893903907228e-18,0.094,0.096,0.09465000000000001,0.095,0.0005722761571129803,0.022,0.023,0.022200000000000004,0.022,0.0004000000000000003,32,32,4096,11008,32768,True,3008,4
0.079,0.082,0.08057142857142859,0.081,0.0007284313590846843,0.038,0.039,0.03860000000000001,0.039,0.0004898979485566361,0.112,0.131,0.12049999999999998,0.114,0.008218880702382777,0.015,0.016,0.015200000000000002,0.015,0.00040000000000000034,0.037,0.04,0.03900000000000001,0.039,0.0009486832980505145,0.048,0.049,0.04825000000000001,0.048,0.0004330127018922198,0.191,0.194,0.19245,0.1925,0.0007399324293474377,0.029,0.03,0.029550000000000003,0.03,0.0004974937185533087,0.093,0.095,0.0941,0.094,0.0007000000000000005,0.021,0.023,0.022000000000000002,0.022,0.0003162277660168377,32,32,4096,11008,32768,True,2976,4
0.077,0.08,0.07885714285714285,0.079,0.0007095078297976833,0.038,0.039,0.03810000000000001,0.038,0.0003000000000000003,0.112,0.131,0.11579999999999999,0.113,0.00631347764706584,0.015,0.016,0.015150000000000002,0.015,0.0003570714214271428,0.037,0.038,0.03735000000000001,0.037,0.00047696960070847325,0.047,0.049,0.04805000000000001,0.048,0.00038405728739343076,0.182,0.186,0.18314999999999998,0.183,0.0009630680142129119,0.029,0.03,0.029400000000000003,0.029,0.0004898979485566344,0.094,0.096,0.0947,0.095,0.0007141428428542857,0.021,0.022,0.02135,0.021,0.0004769696007084717,32,32,4096,11008,32768,True,2944,4
0.076,0.078,0.07738095238095238,0.077,0.000575383141599742,0.036000000000000004,0.038,0.037000000000000005,0.037,0.0003162277660168371,0.109,0.127,0.1155,0.11,0.008059156283383516,0.015,0.016,0.015700000000000002,0.016,0.0004582575694955844,0.037,0.039,0.03755000000000001,0.0375,0.0005894913061275802,0.047,0.048,0.04725000000000001,0.047,0.0004330127018922198,0.19,0.193,0.19115,0.191,0.0006538348415311016,0.029,0.029,0.029000000000000005,0.029,3.469446951953614e-18,0.092,0.095,0.0936,0.094,0.0007348469228349541,0.021,0.022,0.021200000000000004,0.021,0.00039999999999999893,32,32,4096,11008,32768,True,2912,4
0.077,0.079,0.07733333333333332,0.077,0.0005634361698190116,0.036000000000000004,0.038,0.03640000000000001,0.036000000000000004,0.0005830951894845275,0.11,0.127,0.11610000000000001,0.111,0.007608547824650905,0.015,0.016,0.015400000000000002,0.015,0.000489897948556636,0.037,0.039,0.037450000000000004,0.037,0.0005894913061275802,0.045,0.046,0.045250000000000005,0.045,0.0004330127018922198,0.191,0.194,0.1922,0.192,0.0009273618495495713,0.028,0.029,0.028300000000000002,0.028,0.0004582575694955844,0.094,0.096,0.09530000000000001,0.095,0.0005567764362830027,0.021,0.022,0.021200000000000004,0.021,0.000399999999999999,32,32,4096,11008,32768,True,2880,4
0.076,0.078,0.07695238095238095,0.077,0.000722178613719196,0.035,0.036000000000000004,0.03595000000000001,0.036000000000000004,0.00021794494717703385,0.109,0.129,0.12059999999999997,0.126,0.008027452896155791,0.015,0.016,0.015300000000000003,0.015,0.0004582575694955843,0.037,0.039,0.03780000000000001,0.038,0.0006000000000000005,0.044,0.046,0.044950000000000004,0.045,0.0004974937185533105,0.19,0.193,0.19145,0.1915,0.0007399324293474377,0.028,0.029,0.028100000000000003,0.028,0.00030000000000000024,0.093,0.096,0.09465000000000001,0.095,0.0007262919523166982,0.021,0.022,0.021150000000000002,0.021,0.0003570714214271416,32,32,4096,11008,32768,True,2848,4
0.075,0.077,0.07566666666666667,0.076,0.000712696645099799,0.035,0.036000000000000004,0.03590000000000001,0.036000000000000004,0.0003000000000000003,0.094,0.097,0.09420000000000002,0.094,0.0006782329983125274,0.014,0.015,0.0142,0.014,0.0003999999999999996,0.037,0.039,0.037950000000000005,0.038,0.0004974937185533105,0.044,0.045,0.04440000000000001,0.044,0.0004898979485566361,0.191,0.203,0.19580000000000003,0.196,0.003443835071544516,0.027,0.028,0.02755,0.028,0.0004974937185533105,0.08,0.082,0.08085,0.081,0.000726291952316698,0.02,0.021,0.020150000000000005,0.02,0.00035707142142714284,32,32,4096,11008,32768,True,2816,4
0.074,0.077,0.07509523809523809,0.075,0.0008109231602822103,0.035,0.036000000000000004,0.03520000000000001,0.035,0.0004000000000000003,0.092,0.095,0.093,0.093,0.0005477225575051667,0.014,0.015,0.014050000000000002,0.014,0.00021794494717703353,0.037,0.038,0.03755000000000001,0.038,0.0004974937185533104,0.044,0.045,0.04410000000000001,0.044,0.0003000000000000003,0.18,0.184,0.182,0.182,0.0008944271909999167,0.027,0.028,0.027250000000000003,0.027,0.00043301270189221973,0.079,0.081,0.0799,0.08,0.0007681145747868614,0.02,0.02,0.020000000000000004,0.02,3.469446951953614e-18,32,32,4096,11008,32768,True,2784,4
0.073,0.075,0.07409523809523809,0.074,0.0007499055118106493,0.034,0.036000000000000004,0.03455000000000001,0.0345,0.0005894913061275802,0.093,0.095,0.09355,0.0935,0.0005894913061275802,0.013000000000000001,0.014,0.01395,0.014,0.0002179449471770335,0.037,0.038,0.0374,0.037,0.000489897948556636,0.043000000000000003,0.044,0.04365000000000001,0.044,0.00047696960070846994,0.181,0.184,0.18184999999999998,0.182,0.0008529361054615997,0.027,0.028,0.02705,0.027,0.0002179449471770339,0.08,0.082,0.08045000000000002,0.08,0.0005894913061275802,0.019,0.021,0.020000000000000004,0.02,0.00044721359549995833,32,32,4096,11008,32768,True,2752,4
0.07200000000000001,0.074,0.07314285714285713,0.073,0.0005593971487843183,0.033,0.034,0.033900000000000007,0.034,0.0003000000000000003,0.093,0.096,0.09335,0.093,0.0007262919523166982,0.014,0.014,0.014000000000000002,0.014,1.734723475976807e-18,0.037,0.038,0.037450000000000004,0.037,0.0004974937185533104,0.043000000000000003,0.044,0.04335000000000001,0.043000000000000003,0.0004769696007084699,0.18,0.183,0.18185,0.182,0.0006538348415311016,0.026000000000000002,0.027,0.026800000000000008,0.027,0.00039999999999999893,0.08,0.081,0.08065,0.081,0.00047696960070847314,0.019,0.021,0.019450000000000002,0.019,0.0005894913061275802,32,32,4096,11008,32768,True,2720,4
0.07200000000000001,0.073,0.07252380952380953,0.073,0.0004994327848429228,0.033,0.034,0.03350000000000001,0.0335,0.0005000000000000004,0.094,0.097,0.09420000000000002,0.094,0.0006782329983125274,0.013000000000000001,0.014,0.013900000000000004,0.014,0.00029999999999999976,0.037,0.038,0.0374,0.037,0.000489897948556636,0.043000000000000003,0.044,0.043100000000000006,0.043000000000000003,0.0002999999999999982,0.164,0.17300000000000001,0.16845000000000004,0.168,0.002957617284234053,0.027,0.027,0.027000000000000003,0.027,3.469446951953614e-18,0.08,0.082,0.0806,0.0805,0.0006633249580710806,0.019,0.02,0.019250000000000003,0.019,0.00043301270189221973,32,32,4096,11008,32768,True,2688,4
0.07200000000000001,0.073,0.07238095238095238,0.07200000000000001,0.00048562090605644935,0.032,0.033,0.03275000000000001,0.033,0.0004330127018922197,0.093,0.095,0.09315,0.093,0.0004769696007084733,0.013000000000000001,0.014,0.013550000000000003,0.014,0.0004974937185533095,0.037,0.038,0.037500000000000006,0.0375,0.0005000000000000004,0.042,0.044,0.04225000000000001,0.042,0.0005361902647381797,0.165,0.185,0.17629999999999998,0.1765,0.005050742519669752,0.026000000000000002,0.027,0.026500000000000006,0.026500000000000003,0.0004999999999999987,0.079,0.081,0.08025000000000002,0.08,0.0006224949798994372,0.019,0.02,0.019400000000000004,0.019,0.000489897948556636,32,32,4096,11008,32768,True,2656,4
0.07100000000000001,0.07200000000000001,0.07142857142857142,0.07100000000000001,0.0004948716593053938,0.031,0.032,0.031950000000000006,0.032,0.00021794494717703385,0.093,0.096,0.09405000000000001,0.094,0.0005894913061275804,0.013000000000000001,0.014,0.013100000000000004,0.013000000000000001,0.00029999999999999976,0.037,0.038,0.0374,0.037,0.000489897948556636,0.04,0.041,0.04010000000000001,0.04,0.0003000000000000003,0.165,0.191,0.182,0.1825,0.0055045435778091545,0.025,0.027,0.025900000000000006,0.026000000000000002,0.00043588989435406727,0.08,0.081,0.08035,0.08,0.00047696960070847314,0.019,0.02,0.019100000000000002,0.019,0.0003000000000000003,32,32,4096,11008,32768,True,2624,4
0.07,0.07200000000000001,0.07047619047619048,0.07,0.0005870870479018079,0.031,0.032,0.031050000000000005,0.031,0.00021794494717703388,0.092,0.095,0.09275,0.093,0.0006982120021884477,0.013000000000000001,0.013000000000000001,0.013000000000000003,0.013000000000000001,1.734723475976807e-18,0.037,0.038,0.037450000000000004,0.037,0.0004974937185533104,0.039,0.041,0.039700000000000006,0.04,0.0005567764362830027,0.171,0.189,0.178,0.178,0.004219004621945792,0.025,0.026000000000000002,0.025400000000000006,0.025,0.000489897948556636,0.079,0.081,0.0802,0.08,0.0008124038404635967,0.018000000000000002,0.019,0.018400000000000007,0.018000000000000002,0.0004898979485566343,32,32,4096,11008,32768,True,2592,4
0.068,0.07100000000000001,0.06938095238095239,0.069,0.0007853534524986026,0.03,0.031,0.030750000000000006,0.031,0.0004330127018922197,0.093,0.096,0.0935,0.093,0.0007416198487095671,0.012,0.013000000000000001,0.012850000000000004,0.013000000000000001,0.0003570714214271428,0.033,0.034,0.03350000000000001,0.0335,0.0005000000000000004,0.039,0.04,0.039900000000000005,0.04,0.0003000000000000003,0.17,0.17300000000000001,0.17155000000000004,0.17200000000000001,0.0006689544080129831,0.025,0.026000000000000002,0.025700000000000008,0.026000000000000002,0.00045825756949558437,0.076,0.083,0.0794,0.079,0.0017720045146669367,0.018000000000000002,0.019,0.018450000000000005,0.018000000000000002,0.0004974937185533087,32,32,4096,11008,32768,True,2560,4
0.067,0.069,0.06809523809523811,0.068,0.000525969572247013,0.03,0.031,0.030450000000000005,0.03,0.0004974937185533104,0.092,0.095,0.09225000000000001,0.092,0.0006982120021884477,0.012,0.013000000000000001,0.012750000000000003,0.013000000000000001,0.0004330127018922198,0.033,0.036000000000000004,0.03405000000000001,0.034,0.0007399324293474377,0.039,0.04,0.03960000000000001,0.04,0.0004898979485566361,0.17,0.17200000000000001,0.17095000000000002,0.171,0.0007399324293474377,0.025,0.026000000000000002,0.025200000000000007,0.025,0.0004000000000000003,0.078,0.08600000000000001,0.08105000000000001,0.081,0.0017457090250096107,0.018000000000000002,0.019,0.018050000000000004,0.018000000000000002,0.00021794494717703315,32,32,4096,11008,32768,True,2528,4
0.067,0.069,0.0682857142857143,0.068,0.0006281383789653776,0.03,0.031,0.030150000000000003,0.03,0.00035707142142714284,0.093,0.095,0.09319999999999999,0.093,0.000509901951359279,0.012,0.013000000000000001,0.012150000000000003,0.012,0.0003570714214271428,0.033,0.038,0.03550000000000001,0.035500000000000004,0.0012845232578665117,0.038,0.04,0.03910000000000001,0.039,0.0005385164807134509,0.17,0.17400000000000002,0.17134999999999997,0.171,0.0008529361054615998,0.025,0.026000000000000002,0.025050000000000006,0.025,0.00021794494717703388,0.081,0.084,0.0825,0.082,0.000741619848709567,0.018000000000000002,0.019,0.018200000000000004,0.018000000000000002,0.00039999999999999893,32,32,4096,11008,32768,True,2496,4
0.066,0.068,0.06657142857142859,0.066,0.0006598288790738586,0.029,0.03,0.029950000000000004,0.03,0.0002179449471770331,0.091,0.094,0.09215000000000001,0.092,0.0005722761571129803,0.012,0.013000000000000001,0.012100000000000003,0.012,0.00030000000000000024,0.036000000000000004,0.039,0.03735000000000001,0.037,0.0009630680142129101,0.037,0.039,0.03810000000000001,0.038,0.0005385164807134509,0.169,0.17200000000000001,0.17075,0.171,0.0008291561975888506,0.024,0.025,0.024300000000000006,0.024,0.00045825756949558437,0.08,0.083,0.08155,0.082,0.0008046738469715548,0.018000000000000002,0.019,0.018150000000000006,0.018000000000000002,0.0003570714214271416,32,32,4096,11008,32768,True,2464,4
0.065,0.067,0.0661904761904762,0.066,0.0004994327848429298,0.029,0.03,0.029400000000000003,0.029,0.0004898979485566344,0.093,0.096,0.09315,0.093,0.0006538348415311016,0.012,0.012,0.012000000000000002,0.012,1.734723475976807e-18,0.032,0.034,0.03250000000000001,0.032,0.0005916079783099621,0.037,0.039,0.038000000000000006,0.038,0.0003162277660168382,0.17,0.17300000000000001,0.17124999999999999,0.171,0.0006982120021884477,0.024,0.025,0.024050000000000005,0.024,0.00021794494717703388,0.076,0.082,0.07894999999999999,0.079,0.0014309088021254195,0.017,0.019,0.017900000000000006,0.018000000000000002,0.00043588989435406727,32,32,4096,11008,32768,True,2432,4
0.064,0.065,0.0643809523809524,0.064,0.00048562090605645613,0.028,0.029,0.028100000000000003,0.028,0.00030000000000000024,0.08700000000000001,0.089,0.08805,0.088,0.0006689544080129788,0.013000000000000001,0.014,0.013800000000000003,0.014,0.00039999999999999964,0.031,0.034,0.03245000000000001,0.0325,0.0008645808232895299,0.036000000000000004,0.037,0.03670000000000001,0.037,0.00045825756949558123,0.169,0.17200000000000001,0.1701,0.17,0.0008888194417315596,0.023,0.024,0.023700000000000006,0.024,0.00045825756949558437,0.079,0.084,0.08155000000000001,0.082,0.0013219304066402298,0.017,0.018000000000000002,0.017150000000000006,0.017,0.00035707142142714284,32,32,4096,11008,32768,True,2400,4
0.063,0.066,0.06404761904761906,0.064,0.000652919485752481,0.027,0.029,0.028050000000000002,0.028,0.0003840572873934307,0.088,0.09,0.08895,0.089,0.0006689544080129832,0.013000000000000001,0.014,0.013350000000000004,0.013000000000000001,0.0004769696007084724,0.032,0.036000000000000004,0.033650000000000006,0.0335,0.0009096702699330135,0.035,0.036000000000000004,0.03520000000000001,0.035,0.0004000000000000003,0.17,0.17200000000000001,0.171,0.171,0.0007745966692414842,0.023,0.024,0.023050000000000005,0.023,0.00021794494717703388,0.081,0.084,0.08240000000000001,0.082,0.0006633249580710806,0.017,0.018000000000000002,0.017200000000000003,0.017,0.00040000000000000034,32,32,4096,11008,32768,True,2368,4
0.062,0.064,0.06280952380952382,0.063,0.0005870870479018079,0.027,0.028,0.027450000000000002,0.027,0.0004974937185533104,0.08600000000000001,0.09,0.08754999999999999,0.08700000000000001,0.0008645808232895242,0.013000000000000001,0.014,0.013050000000000003,0.013000000000000001,0.00021794494717703353,0.032,0.036000000000000004,0.03375000000000001,0.034,0.0010897247358851695,0.034,0.035,0.03420000000000001,0.034,0.0004000000000000003,0.169,0.171,0.16955,0.1695,0.0005894913061275802,0.022,0.023,0.022900000000000004,0.023,0.0003000000000000003,0.08,0.082,0.0809,0.081,0.0006244997998398403,0.016,0.017,0.016950000000000003,0.017,0.00021794494717703385,32,32,4096,11008,32768,True,2336,4
0.061,0.063,0.062190476190476206,0.062,0.0004994327848429296,0.026000000000000002,0.027,0.02695000000000001,0.027,0.00021794494717703315,0.091,0.093,0.0913,0.091,0.0005567764362830027,0.011,0.011,0.011000000000000001,0.011,1.734723475976807e-18,0.031,0.035,0.032350000000000004,0.032,0.0008529361054615998,0.033,0.034,0.033650000000000006,0.034,0.0004769696007084733,0.138,0.14100000000000001,0.1391,0.139,0.0008888194417315598,0.022,0.023,0.022500000000000003,0.0225,0.0005000000000000004,0.067,0.079,0.06835000000000001,0.067,0.003409912022325502,0.016,0.018000000000000002,0.017150000000000006,0.017,0.0004769696007084732,32,32,4096,11008,32768,True,2304,4
0.06,0.063,0.06114285714285713,0.061,0.0008329931278350437,0.026000000000000002,0.027,0.026050000000000007,0.026000000000000002,0.00021794494717703312,0.09,0.094,0.09095,0.091,0.0008645808232895299,0.011,0.012,0.011100000000000002,0.011,0.00030000000000000024,0.031,0.036000000000000004,0.03305000000000001,0.032,0.0018834808201837383,0.033,0.034,0.033100000000000004,0.033,0.00030000000000000024,0.137,0.14,0.13815000000000005,0.138,0.0007921489758877438,0.022,0.022,0.022000000000000002,0.022,3.469446951953614e-18,0.066,0.068,0.0674,0.067,0.0005830951894845307,0.016,0.017,0.016450000000000003,0.016,0.0004974937185533104,32,32,4096,11008,32768,True,2272,4
0.059000000000000004,0.063,0.060571428571428575,0.06,0.0009035079029052515,0.026000000000000002,0.027,0.026100000000000005,0.026000000000000002,0.0002999999999999992,0.091,0.094,0.0916,0.0915,0.000734846922834954,0.011,0.011,0.011000000000000001,0.011,1.734723475976807e-18,0.031,0.035,0.032650000000000005,0.032,0.0011521718621802922,0.032,0.033,0.03230000000000001,0.032,0.0004582575694955844,0.15,0.152,0.15069999999999997,0.151,0.0007141428428542856,0.022,0.022,0.022000000000000002,0.022,3.469446951953614e-18,0.067,0.069,0.06749999999999999,0.067,0.0005916079783099622,0.016,0.017,0.016200000000000003,0.016,0.00040000000000000034,32,32,4096,11008,32768,True,2240,4
0.06,0.063,0.061,0.061,0.0009258200997725522,0.026000000000000002,0.027,0.026050000000000007,0.026000000000000002,0.0002179449471770331,0.091,0.093,0.09124999999999998,0.091,0.0005361902647381809,0.011,0.012,0.01105,0.011,0.0002179449471770339,0.031,0.036000000000000004,0.03330000000000001,0.033,0.0014525839046333963,0.031,0.033,0.031650000000000005,0.032,0.0005722761571129804,0.149,0.152,0.15025,0.15,0.0008291561975888506,0.021,0.022,0.021950000000000004,0.022,0.0002179449471770331,0.067,0.08,0.07165,0.068,0.005217997700267793,0.016,0.017,0.016150000000000005,0.016,0.00035707142142714284,32,32,4096,11008,32768,True,2208,4
0.057,0.061,0.05966666666666667,0.06,0.0007766431633476215,0.026000000000000002,0.026000000000000002,0.026000000000000006,0.026000000000000002,3.469446951953614e-18,0.093,0.094,0.09365000000000001,0.094,0.00047696960070847325,0.011,0.011,0.011000000000000001,0.011,1.734723475976807e-18,0.032,0.035,0.032350000000000004,0.032,0.0009096702699330135,0.03,0.033,0.031200000000000006,0.031,0.0009273618495495712,0.139,0.15,0.14355,0.14300000000000002,0.003721222917267915,0.021,0.022,0.021800000000000003,0.022,0.00039999999999999893,0.068,0.069,0.06805000000000001,0.068,0.00021794494717703385,0.016,0.017,0.016150000000000005,0.016,0.00035707142142714284,32,32,4096,11008,32768,True,2176,4
0.057,0.059000000000000004,0.05838095238095239,0.058,0.000652919485752481,0.025,0.026000000000000002,0.025350000000000004,0.025,0.00047696960070847314,0.08600000000000001,0.089,0.08745,0.08700000000000001,0.0007399324293474319,0.012,0.012,0.012000000000000002,0.012,1.734723475976807e-18,0.031,0.036000000000000004,0.032650000000000005,0.032,0.0013143439428094925,0.03,0.031,0.030450000000000005,0.03,0.0004974937185533104,0.137,0.155,0.14964999999999998,0.15,0.003965791219920683,0.021,0.021,0.021000000000000005,0.021,3.469446951953614e-18,0.067,0.078,0.06910000000000001,0.068,0.0037802116342871583,0.015,0.016,0.015600000000000003,0.016,0.0004898979485566361,32,32,4096,11008,32768,True,2144,4
0.056,0.059000000000000004,0.057857142857142864,0.058,0.0007095078297976835,0.024,0.025,0.024300000000000006,0.024,0.0004582575694955844,0.089,0.091,0.09,0.09,0.0005477225575051667,0.012,0.012,0.012000000000000002,0.012,1.734723475976807e-18,0.031,0.031,0.031000000000000007,0.031,6.938893903907228e-18,0.029,0.03,0.029300000000000003,0.029,0.0004582575694955828,0.15,0.153,0.1517,0.152,0.0007810249675906662,0.02,0.021,0.020850000000000004,0.021,0.00035707142142714284,0.068,0.08,0.07125000000000001,0.069,0.004731543088676249,0.015,0.016,0.015300000000000003,0.015,0.0004582575694955844,32,32,4096,11008,32768,True,2112,4
0.056,0.058,0.05704761904761905,0.057,0.000652919485752481,0.024,0.024,0.024000000000000004,0.024,3.469446951953614e-18,0.08600000000000001,0.089,0.0873,0.08700000000000001,0.0007141428428542798,0.011,0.012,0.011600000000000003,0.012,0.0004898979485566361,0.031,0.036000000000000004,0.032900000000000006,0.033,0.0014798648586948754,0.028,0.029,0.028200000000000003,0.028,0.00040000000000000034,0.148,0.15,0.1488,0.149,0.0006000000000000005,0.02,0.021,0.020050000000000005,0.02,0.00021794494717703388,0.067,0.079,0.07120000000000001,0.068,0.005025932749251624,0.015,0.016,0.015150000000000002,0.015,0.0003570714214271428,32,32,4096,11008,32768,True,2080,4
0.055,0.058,0.056476190476190485,0.056,0.0006632565846278158,0.023,0.024,0.023250000000000003,0.023,0.00043301270189221973,0.07,0.081,0.077,0.077,0.0024899799195977467,0.012,0.013000000000000001,0.012100000000000003,0.012,0.00030000000000000024,0.027,0.029,0.027950000000000003,0.028,0.0005894913061275802,0.027,0.028,0.027200000000000002,0.027,0.00040000000000000034,0.13,0.132,0.13090000000000002,0.131,0.000538516480713451,0.02,0.021,0.020050000000000005,0.02,0.00021794494717703388,0.059000000000000004,0.06,0.0593,0.059000000000000004,0.0004582575694955813,0.014,0.015,0.014050000000000002,0.014,0.00021794494717703353,32,32,4096,11008,32768,True,2048,4
0.055,0.058,0.056666666666666664,0.057,0.0007126966450997989,0.023,0.024,0.023500000000000004,0.0235,0.0005000000000000004,0.073,0.081,0.0789,0.079,0.0016703293088490081,0.012,0.013000000000000001,0.012050000000000002,0.012,0.0002179449471770339,0.027,0.029,0.027950000000000003,0.028,0.0004974937185533104,0.027,0.028,0.027200000000000002,0.027,0.00040000000000000034,0.131,0.134,0.13215000000000002,0.132,0.0007921489758877438,0.02,0.021,0.020100000000000003,0.02,0.00030000000000000024,0.059000000000000004,0.059000000000000004,0.059,0.059000000000000004,6.938893903907228e-18,0.014,0.015,0.014100000000000001,0.014,0.00029999999999999976,32,32,4096,11008,32768,True,2048,4
0.052000000000000005,0.056,0.05495238095238096,0.055,0.0007221786137191948,0.023,0.024,0.023350000000000003,0.023,0.00047696960070847314,0.07100000000000001,0.083,0.07849999999999999,0.079,0.002889636655359977,0.012,0.012,0.012000000000000002,0.012,1.734723475976807e-18,0.028,0.03,0.028450000000000003,0.028,0.0005894913061275798,0.027,0.027,0.027000000000000003,0.027,3.469446951953614e-18,0.13,0.133,0.13135000000000002,0.131,0.0009096702699330133,0.02,0.02,0.020000000000000004,0.02,3.469446951953614e-18,0.059000000000000004,0.06,0.05949999999999998,0.0595,0.000499999999999997,0.014,0.015,0.014100000000000001,0.014,0.00029999999999999976,32,32,4096,11008,32768,True,2032,4
0.053,0.056,0.05552380952380953,0.056,0.0007315376902732015,0.023,0.024,0.023150000000000004,0.023,0.00035707142142714284,0.08,0.084,0.08215,0.082,0.0011521718621802922,0.012,0.012,0.012000000000000002,0.012,1.734723475976807e-18,0.029,0.03,0.029300000000000003,0.029,0.0004582575694955828,0.026000000000000002,0.028,0.026900000000000007,0.027,0.00043588989435406673,0.131,0.134,0.1322,0.132,0.0006782329983125274,0.02,0.02,0.020000000000000004,0.02,3.469446951953614e-18,0.059000000000000004,0.059000000000000004,0.059,0.059000000000000004,6.938893903907228e-18,0.013000000000000001,0.015,0.013800000000000003,0.014,0.000509901951359278,32,32,4096,11008,32768,True,2016,4
0.053,0.057,0.05509523809523811,0.055,0.0009209085526577968,0.023,0.023,0.023000000000000003,0.023,3.469446951953614e-18,0.083,0.08700000000000001,0.08420000000000002,0.084,0.0010770329614269018,0.011,0.012,0.011800000000000001,0.012,0.00040000000000000034,0.03,0.032,0.030300000000000004,0.03,0.0005567764362830027,0.026000000000000002,0.027,0.026400000000000007,0.026000000000000002,0.0004898979485566343,0.129,0.133,0.13094999999999998,0.131,0.0009205976319760993,0.019,0.02,0.019900000000000004,0.02,0.0003000000000000003,0.059000000000000004,0.06,0.059099999999999986,0.059000000000000004,0.0002999999999999982,0.013000000000000001,0.014,0.013500000000000003,0.013500000000000002,0.0004999999999999995,32,32,4096,11008,32768,True,2000,4
0.052000000000000005,0.056,0.054380952380952384,0.054,0.0008438116736509213,0.023,0.023,0.023000000000000003,0.023,3.469446951953614e-18,0.084,0.08700000000000001,0.08525000000000002,0.085,0.0009937303457175904,0.011,0.012,0.011950000000000002,0.012,0.00021794494717703385,0.03,0.032,0.031000000000000007,0.031,0.0005477225575051667,0.026000000000000002,0.027,0.026050000000000007,0.026000000000000002,0.00021794494717703312,0.13,0.133,0.1312,0.131,0.0008717797887081355,0.019,0.02,0.019450000000000002,0.019,0.0004974937185533104,0.058,0.06,0.0591,0.059000000000000004,0.0004358898943540656,0.013000000000000001,0.014,0.013050000000000003,0.013000000000000001,0.00021794494717703353,32,32,4096,11008,32768,True,1984,4
0.052000000000000005,0.054,0.05352380952380954,0.054,0.0005870870479018069,0.023,0.023,0.023000000000000003,0.023,3.469446951953614e-18,0.084,0.08700000000000001,0.08505,0.085,0.0009205976319760993,0.011,0.012,0.011800000000000001,0.012,0.00040000000000000034,0.031,0.033,0.031650000000000005,0.032,0.0006538348415311017,0.025,0.027,0.025950000000000008,0.026000000000000002,0.0003840572873934303,0.129,0.132,0.13079999999999997,0.131,0.0007483314773547889,0.019,0.02,0.019200000000000002,0.019,0.00040000000000000034,0.059000000000000004,0.06,0.05924999999999999,0.059000000000000004,0.0004330127018922167,0.013000000000000001,0.014,0.013250000000000003,0.013000000000000001,0.00043301270189221897,32,32,4096,11008,32768,True,1968,4
0.052000000000000005,0.054,0.05342857142857144,0.053,0.0005832118435198041,0.023,0.023,0.023000000000000003,0.023,3.469446951953614e-18,0.083,0.088,0.0846,0.0845,0.0013564659966250532,0.011,0.012,0.011350000000000002,0.011,0.0004769696007084732,0.03,0.031,0.030450000000000005,0.03,0.0004974937185533104,0.025,0.026000000000000002,0.025800000000000007,0.026000000000000002,0.0004000000000000003,0.129,0.133,0.13104999999999997,0.131,0.0008046738469715548,0.019,0.02,0.019100000000000002,0.019,0.00030000000000000024,0.059000000000000004,0.062,0.05995,0.06,0.0008645808232895276,0.013000000000000001,0.014,0.013100000000000004,0.013000000000000001,0.00029999999999999976,32,32,4096,11008,32768,True,1952,4
0.05,0.054,0.05276190476190477,0.053,0.0007499055118106471,0.023,0.023,0.023000000000000003,0.023,3.469446951953614e-18,0.08,0.092,0.0839,0.084,0.002278157149978903,0.011,0.012,0.011200000000000002,0.011,0.00040000000000000034,0.031,0.033,0.032100000000000004,0.032,0.0007000000000000005,0.025,0.026000000000000002,0.025450000000000007,0.025,0.0004974937185533104,0.129,0.132,0.1305,0.1305,0.0008062257748298557,0.019,0.02,0.019100000000000002,0.019,0.00030000000000000024,0.059000000000000004,0.062,0.0602,0.06,0.0008124038404635947,0.013000000000000001,0.013000000000000001,0.013000000000000003,0.013000000000000001,1.734723475976807e-18,32,32,4096,11008,32768,True,1936,4
0.05,0.054,0.05295238095238096,0.053,0.0008438116736509204,0.023,0.024,0.023050000000000005,0.023,0.00021794494717703388,0.067,0.08700000000000001,0.08325000000000002,0.08600000000000001,0.006869315832017044,0.011,0.011,0.011000000000000001,0.011,1.734723475976807e-18,0.026000000000000002,0.026000000000000002,0.026000000000000006,0.026000000000000002,3.469446951953614e-18,0.025,0.026000000000000002,0.025200000000000007,0.025,0.0004000000000000003,0.134,0.14400000000000002,0.13874999999999998,0.137,0.0036996621467371886,0.019,0.02,0.019050000000000004,0.019,0.00021794494717703388,0.055,0.056,0.055200000000000006,0.055,0.0004000000000000003,0.014,0.015,0.014050000000000002,0.014,0.00021794494717703353,32,32,4096,11008,32768,True,1920,4
0.051000000000000004,0.053,0.05195238095238096,0.052000000000000005,0.00048562090605645467,0.023,0.023,0.023000000000000003,0.023,3.469446951953614e-18,0.067,0.088,0.08375,0.085,0.0056469018054150725,0.01,0.011,0.010900000000000002,0.011,0.00029999999999999976,0.026000000000000002,0.026000000000000002,0.026000000000000006,0.026000000000000002,3.469446951953614e-18,0.024,0.026000000000000002,0.025000000000000005,0.025,0.0003162277660168382,0.13,0.15,0.14385,0.145,0.005072228307164411,0.018000000000000002,0.019,0.018950000000000005,0.019,0.0002179449471770331,0.055,0.056,0.055200000000000006,0.055,0.0004000000000000003,0.014,0.014,0.014000000000000002,0.014,1.734723475976807e-18,32,32,4096,11008,32768,True,1904,4
0.05,0.053,0.05204761904761906,0.052000000000000005,0.0007221786137191937,0.022,0.023,0.022900000000000004,0.023,0.0003000000000000003,0.066,0.08600000000000001,0.08065,0.085,0.007901107517304141,0.01,0.011,0.0108,0.011,0.0003999999999999997,0.026000000000000002,0.026000000000000002,0.026000000000000006,0.026000000000000002,3.469446951953614e-18,0.024,0.025,0.024750000000000005,0.025,0.0004330127018922197,0.134,0.155,0.14015000000000002,0.138,0.005807538204781778,0.018000000000000002,0.019,0.018750000000000006,0.019,0.00043301270189221816,0.055,0.055,0.05500000000000001,0.055,6.938893903907228e-18,0.013000000000000001,0.014,0.013750000000000004,0.014,0.00043301270189221897,32,32,4096,11008,32768,True,1888,4
0.049,0.053,0.05114285714285714,0.051000000000000004,0.0007095078297976826,0.022,0.023,0.022850000000000002,0.023,0.0003570714214271428,0.067,0.08700000000000001,0.08465,0.0855,0.0041143043154341415,0.01,0.011,0.010650000000000001,0.011,0.0004769696007084724,0.026000000000000002,0.026000000000000002,0.026000000000000006,0.026000000000000002,3.469446951953614e-18,0.024,0.025,0.024600000000000004,0.025,0.0004898979485566361,0.135,0.154,0.14355,0.14400000000000002,0.0056433589288649635,0.018000000000000002,0.019,0.018400000000000007,0.018000000000000002,0.0004898979485566343,0.055,0.056,0.055349999999999996,0.055,0.0004769696007084733,0.013000000000000001,0.014,0.013250000000000003,0.013000000000000001,0.00043301270189221897,32,32,4096,11008,32768,True,1872,4
0.048,0.052000000000000005,0.050714285714285726,0.051000000000000004,0.0008806305718527116,0.022,0.023,0.022200000000000004,0.022,0.0004000000000000003,0.084,0.08700000000000001,0.08530000000000001,0.085,0.0007810249675906662,0.01,0.011,0.01025,0.01,0.00043301270189221897,0.026000000000000002,0.027,0.026350000000000005,0.026000000000000002,0.00047696960070847157,0.023,0.024,0.023950000000000006,0.024,0.00021794494717703385,0.138,0.167,0.14585,0.14250000000000002,0.008007964785137354,0.018000000000000002,0.018000000000000002,0.018000000000000006,0.018000000000000002,3.469446951953614e-18,0.055,0.056,0.055400000000000005,0.055,0.000489897948556636,0.013000000000000001,0.014,0.013100000000000004,0.013000000000000001,0.00029999999999999976,32,32,4096,11008,32768,True,1856,4
0.048,0.053,0.05052380952380953,0.05,0.0010519391444940248,0.021,0.021,0.021000000000000005,0.021,3.469446951953614e-18,0.066,0.088,0.0841,0.085,0.004253234063627347,0.01,0.011,0.01005,0.01,0.00021794494717703353,0.026000000000000002,0.027,0.026100000000000005,0.026000000000000002,0.0002999999999999992,0.023,0.023,0.023000000000000003,0.023,3.469446951953614e-18,0.14,0.155,0.14839999999999998,0.148,0.003773592452822639,0.017,0.018000000000000002,0.017950000000000004,0.018000000000000002,0.00021794494717703385,0.055,0.056,0.05515,0.055,0.00035707142142714284,0.013000000000000001,0.014,0.013050000000000003,0.013000000000000001,0.00021794494717703353,32,32,4096,11008,32768,True,1840,4
0.047,0.051000000000000004,0.05014285714285715,0.05,0.0008883218145798878,0.021,0.021,0.021000000000000005,0.021,3.469446951953614e-18,0.067,0.08700000000000001,0.084,0.085,0.003987480407475378,0.01,0.011,0.01005,0.01,0.00021794494717703353,0.026000000000000002,0.027,0.026050000000000007,0.026000000000000002,0.00021794494717703312,0.022,0.023,0.022550000000000004,0.023,0.0004974937185533105,0.137,0.154,0.14525,0.14400000000000002,0.005466946131068049,0.017,0.018000000000000002,0.017650000000000006,0.018000000000000002,0.0004769696007084733,0.055,0.056,0.0551,0.055,0.00030000000000000024,0.013000000000000001,0.014,0.013150000000000004,0.013000000000000001,0.00035707142142714214,32,32,4096,11008,32768,True,1824,4
0.048,0.051000000000000004,0.04933333333333335,0.049,0.000712696645099799,0.02,0.021,0.020900000000000005,0.021,0.0003000000000000003,0.066,0.088,0.0844,0.085,0.004328972164382674,0.01,0.011,0.01005,0.01,0.00021794494717703353,0.026000000000000002,0.026000000000000002,0.026000000000000006,0.026000000000000002,3.469446951953614e-18,0.022,0.023,0.022500000000000003,0.0225,0.0005000000000000004,0.138,0.154,0.14545000000000002,0.14400000000000002,0.005774729430891105,0.017,0.018000000000000002,0.017550000000000003,0.018000000000000002,0.0004974937185533104,0.055,0.057,0.05525,0.055,0.0005361902647381809,0.013000000000000001,0.013000000000000001,0.013000000000000003,0.013000000000000001,1.734723475976807e-18,32,32,4096,11008,32768,True,1808,4
0.046,0.051000000000000004,0.04957142857142858,0.05,0.0010942024088643873,0.02,0.021,0.020900000000000005,0.021,0.0003000000000000003,0.067,0.089,0.08360000000000001,0.08600000000000001,0.007024243731534378,0.01,0.01,0.010000000000000002,0.01,1.734723475976807e-18,0.026000000000000002,0.027,0.026050000000000007,0.026000000000000002,0.0002179449471770331,0.022,0.023,0.022300000000000004,0.022,0.0004582575694955844,0.124,0.129,0.12694999999999998,0.127,0.0013219304066402298,0.017,0.018000000000000002,0.017950000000000004,0.018000000000000002,0.00021794494717703388,0.055,0.056,0.0551,0.055,0.00030000000000000024,0.012,0.013000000000000001,0.012150000000000003,0.012,0.0003570714214271428,32,32,4096,11008,32768,True,1792,4
0.046,0.05,0.049190476190476194,0.049,0.0009060141709733556,0.02,0.021,0.020950000000000003,0.021,0.00021794494717703385,0.068,0.089,0.08554999999999999,0.08700000000000001,0.005903177110675232,0.01,0.011,0.01005,0.01,0.00021794494717703353,0.026000000000000002,0.027,0.026500000000000006,0.026500000000000003,0.0004999999999999987,0.022,0.023,0.022200000000000004,0.022,0.0004000000000000003,0.126,0.13,0.12825,0.128,0.001336974195712095,0.018000000000000002,0.018000000000000002,0.018000000000000006,0.018000000000000002,3.469446951953614e-18,0.055,0.056,0.05555,0.056,0.0004974937185533104,0.012,0.013000000000000001,0.012050000000000002,0.012,0.0002179449471770339,32,32,4096,11008,32768,True,1776,4
0.044,0.05,0.04833333333333334,0.048,0.0011268723396380231,0.02,0.021,0.020450000000000003,0.02,0.0004974937185533104,0.067,0.08600000000000001,0.08475000000000002,0.08600000000000001,0.004097255178775177,0.01,0.01,0.010000000000000002,0.01,1.734723475976807e-18,0.026000000000000002,0.026000000000000002,0.026000000000000006,0.026000000000000002,3.469446951953614e-18,0.021,0.023,0.022000000000000002,0.022,0.0003162277660168377,0.128,0.132,0.13035000000000002,0.13,0.0011521718621802922,0.017,0.018000000000000002,0.017500000000000005,0.0175,0.0005000000000000004,0.054,0.056,0.0546,0.055,0.0005830951894845307,0.012,0.013000000000000001,0.012250000000000002,0.012,0.0004330127018922198,32,32,4096,11008,32768,True,1760,4
0.045,0.048,0.047333333333333345,0.047,0.0007126966450997989,0.02,0.021,0.020100000000000003,0.02,0.00030000000000000024,0.067,0.08700000000000001,0.08405000000000001,0.08600000000000001,0.005713799086422273,0.009000000000000001,0.01,0.009750000000000003,0.01,0.000433012701892219,0.026000000000000002,0.027,0.026050000000000007,0.026000000000000002,0.00021794494717703312,0.021,0.022,0.021400000000000002,0.021,0.0004898979485566344,0.131,0.139,0.1347,0.135,0.0016763054614240224,0.017,0.017,0.017000000000000005,0.017,3.469446951953614e-18,0.055,0.056,0.055400000000000005,0.055,0.000489897948556636,0.012,0.013000000000000001,0.012100000000000003,0.012,0.00030000000000000024,32,32,4096,11008,32768,True,1744,4
0.045,0.049,0.048047619047619054,0.048,0.0008438116736509221,0.02,0.02,0.020000000000000004,0.02,3.469446951953614e-18,0.067,0.08600000000000001,0.0835,0.085,0.005536244214266564,0.009000000000000001,0.01,0.009800000000000003,0.01,0.0003999999999999997,0.026000000000000002,0.027,0.026300000000000007,0.026000000000000002,0.0004582575694955828,0.021,0.021,0.021000000000000005,0.021,3.469446951953614e-18,0.132,0.14300000000000002,0.13605000000000003,0.136,0.0021558061137310117,0.017,0.017,0.017000000000000005,0.017,3.469446951953614e-18,0.055,0.057,0.05565,0.056,0.0005722761571129803,0.012,0.013000000000000001,0.012050000000000002,0.012,0.0002179449471770339,32,32,4096,11008,32768,True,1728,4
0.043000000000000003,0.048,0.046904761904761914,0.047,0.0010190921218586994,0.02,0.02,0.020000000000000004,0.02,3.469446951953614e-18,0.067,0.08600000000000001,0.08345,0.085,0.0053523359386346454,0.009000000000000001,0.01,0.009450000000000004,0.009000000000000001,0.0004974937185533095,0.026000000000000002,0.027,0.026050000000000007,0.026000000000000002,0.00021794494717703312,0.02,0.021,0.020700000000000003,0.021,0.0004582575694955844,0.132,0.139,0.13540000000000002,0.135,0.0018547236990991427,0.017,0.017,0.017000000000000005,0.017,3.469446951953614e-18,0.055,0.056,0.05525,0.055,0.0004330127018922198,0.012,0.013000000000000001,0.012050000000000002,0.012,0.0002179449471770339,32,32,4096,11008,32768,True,1712,4
0.043000000000000003,0.048,0.04680952380952382,0.047,0.0009571310115353222,0.02,0.02,0.020000000000000004,0.02,3.469446951953614e-18,0.066,0.08600000000000001,0.08105000000000002,0.0845,0.007552979544524136,0.009000000000000001,0.01,0.009400000000000002,0.009000000000000001,0.0004898979485566352,0.026000000000000002,0.027,0.026100000000000005,0.026000000000000002,0.0002999999999999992,0.02,0.021,0.020350000000000004,0.02,0.00047696960070847314,0.137,0.149,0.14204999999999998,0.14200000000000002,0.0029406631905065164,0.016,0.017,0.016650000000000005,0.017,0.0004769696007084733,0.055,0.057,0.05545,0.055,0.0006689544080129832,0.012,0.013000000000000001,0.012050000000000002,0.012,0.0002179449471770339,32,32,4096,11008,32768,True,1696,4
0.042,0.048,0.04657142857142858,0.047,0.0011780301787479028,0.02,0.02,0.020000000000000004,0.02,3.469446951953614e-18,0.066,0.08600000000000001,0.08220000000000002,0.0845,0.006577233460962141,0.009000000000000001,0.01,0.009200000000000003,0.009000000000000001,0.0003999999999999997,0.026000000000000002,0.027,0.026050000000000007,0.026000000000000002,0.00021794494717703312,0.02,0.021,0.020200000000000003,0.02,0.00040000000000000034,0.138,0.156,0.1442,0.14300000000000002,0.0036414282912066187,0.016,0.017,0.016400000000000005,0.016,0.000489897948556636,0.055,0.056,0.05555,0.056,0.0004974937185533104,0.011,0.012,0.011750000000000002,0.012,0.00043301270189221973,32,32,4096,11008,32768,True,1680,4
0.043000000000000003,0.048,0.04604761904761906,0.046,0.000843811673650921,0.02,0.02,0.020000000000000004,0.02,3.469446951953614e-18,0.067,0.08600000000000001,0.08375000000000002,0.08600000000000001,0.0056024548190949305,0.009000000000000001,0.01,0.009300000000000003,0.009000000000000001,0.00045825756949558356,0.025,0.026000000000000002,0.025800000000000007,0.026000000000000002,0.0004000000000000003,0.02,0.021,0.020200000000000003,0.02,0.00040000000000000034,0.126,0.139,0.13415,0.1365,0.0045086028878134786,0.015,0.016,0.015950000000000002,0.016,0.00021794494717703385,0.055,0.057,0.055900000000000005,0.056,0.00043588989435406776,0.011,0.011,0.011000000000000001,0.011,1.734723475976807e-18,32,32,4096,11008,32768,True,1664,4
0.042,0.047,0.04557142857142858,0.046,0.0010033955955097843,0.019,0.02,0.019950000000000002,0.02,0.00021794494717703385,0.067,0.09,0.08365,0.08700000000000001,0.007995467466008474,0.009000000000000001,0.01,0.009200000000000003,0.009000000000000001,0.00039999999999999964,0.026000000000000002,0.026000000000000002,0.026000000000000006,0.026000000000000002,3.469446951953614e-18,0.02,0.021,0.020600000000000004,0.021,0.0004898979485566361,0.132,0.14300000000000002,0.13880000000000003,0.1385,0.002638181191654586,0.016,0.016,0.016000000000000004,0.016,3.469446951953614e-18,0.056,0.057,0.05605000000000001,0.056,0.00021794494717703385,0.011,0.012,0.011100000000000002,0.011,0.00030000000000000024,32,32,4096,11008,32768,True,1648,4
0.041,0.047,0.04514285714285715,0.045,0.0010816968277714803,0.019,0.02,0.019800000000000005,0.02,0.0004000000000000003,0.066,0.08600000000000001,0.0834,0.085,0.005651548460377918,0.009000000000000001,0.01,0.009200000000000003,0.009000000000000001,0.0003999999999999997,0.026000000000000002,0.027,0.026050000000000007,0.026000000000000002,0.00021794494717703312,0.02,0.02,0.020000000000000004,0.02,3.469446951953614e-18,0.128,0.14300000000000002,0.13675,0.1385,0.004570284455042163,0.015,0.016,0.015900000000000004,0.016,0.0003000000000000003,0.055,0.056,0.05545,0.055,0.0004974937185533104,0.011,0.012,0.01105,0.011,0.0002179449471770339,32,32,4096,11008,32768,True,1632,4
0.041,0.046,0.045095238095238105,0.045,0.0010190921218586994,0.019,0.02,0.019500000000000003,0.0195,0.0005000000000000004,0.066,0.08600000000000001,0.08355000000000001,0.084,0.004067861846228311,0.009000000000000001,0.01,0.009050000000000002,0.009000000000000001,0.00021794494717703353,0.025,0.026000000000000002,0.025900000000000006,0.026000000000000002,0.0003000000000000003,0.02,0.02,0.020000000000000004,0.02,3.469446951953614e-18,0.136,0.147,0.14220000000000002,0.14250000000000002,0.0026191601707417525,0.015,0.015,0.015000000000000003,0.015,3.469446951953614e-18,0.055,0.056,0.055700000000000006,0.056,0.0004582575694955844,0.011,0.012,0.011100000000000002,0.011,0.00030000000000000024,32,32,4096,11008,32768,True,1616,4
0.04,0.045,0.04395238095238096,0.044,0.0010900498230723415,0.019,0.02,0.019100000000000002,0.019,0.00030000000000000024,0.066,0.08600000000000001,0.08375,0.085,0.004109440351191388,0.009000000000000001,0.01,0.009050000000000002,0.009000000000000001,0.00021794494717703353,0.026000000000000002,0.027,0.026100000000000005,0.026000000000000002,0.0002999999999999992,0.019,0.02,0.019850000000000003,0.02,0.00035707142142714284,0.131,0.152,0.14109999999999995,0.14150000000000001,0.0054027770636960355,0.015,0.016,0.015250000000000003,0.015,0.00043301270189221973,0.055,0.056,0.0551,0.055,0.00030000000000000024,0.011,0.011,0.011000000000000001,0.011,1.734723475976807e-18,32,32,4096,11008,32768,True,1600,4
0.04,0.045,0.04404761904761906,0.044,0.000998865569685858,0.018000000000000002,0.019,0.018050000000000004,0.018000000000000002,0.00021794494717703315,0.066,0.08600000000000001,0.0839,0.085,0.004158124577258359,0.008,0.009000000000000001,0.008950000000000003,0.009000000000000001,0.00021794494717703385,0.026000000000000002,0.026000000000000002,0.026000000000000006,0.026000000000000002,3.469446951953614e-18,0.018000000000000002,0.019,0.01895,0.019,0.0002179449471770331,0.137,0.152,0.14384999999999998,0.14350000000000002,0.0041985116410461374,0.015,0.015,0.015000000000000003,0.015,3.469446951953614e-18,0.055,0.057,0.05600000000000001,0.056,0.0003162277660168382,0.011,0.011,0.011000000000000001,0.011,1.734723475976807e-18,32,32,4096,11008,32768,True,1584,4
0.039,0.044,0.04314285714285715,0.043000000000000003,0.0010367400503370106,0.018000000000000002,0.018000000000000002,0.018000000000000006,0.018000000000000002,3.469446951953614e-18,0.066,0.08600000000000001,0.08299999999999999,0.085,0.005700877125495691,0.009000000000000001,0.01,0.009050000000000002,0.009000000000000001,0.00021794494717703353,0.026000000000000002,0.027,0.026100000000000005,0.026000000000000002,0.0002999999999999992,0.018000000000000002,0.019,0.018150000000000006,0.018000000000000002,0.0003570714214271416,0.13,0.145,0.1389,0.14,0.004311612227462022,0.015,0.015,0.015000000000000003,0.015,3.469446951953614e-18,0.055,0.057,0.05585000000000001,0.056,0.0004769696007084732,0.01,0.011,0.010950000000000001,0.011,0.00021794494717703347,32,32,4096,11008,32768,True,1568,4
0.04,0.044,0.0430952380952381,0.043000000000000003,0.0008109231602822086,0.018000000000000002,0.018000000000000002,0.018000000000000006,0.018000000000000002,3.469446951953614e-18,0.066,0.08600000000000001,0.08085,0.084,0.007444964741353716,0.008,0.009000000000000001,0.008800000000000002,0.009000000000000001,0.00040000000000000034,0.026000000000000002,0.026000000000000002,0.026000000000000006,0.026000000000000002,3.469446951953614e-18,0.018000000000000002,0.019,0.018100000000000005,0.018000000000000002,0.0002999999999999992,0.134,0.146,0.14155,0.14200000000000002,0.003216753021293361,0.014,0.015,0.014850000000000002,0.015,0.00035707142142714224,0.055,0.056,0.05575000000000001,0.056,0.0004330127018922197,0.01,0.011,0.010650000000000001,0.011,0.0004769696007084724,32,32,4096,11008,32768,True,1552,4
0.037,0.043000000000000003,0.0421904761904762,0.042,0.001258080458440278,0.018000000000000002,0.018000000000000002,0.018000000000000006,0.018000000000000002,3.469446951953614e-18,0.067,0.068,0.06765000000000002,0.068,0.00047696960070847325,0.008,0.009000000000000001,0.008100000000000001,0.008,0.0003000000000000003,0.023,0.024,0.023850000000000003,0.024,0.00035707142142714284,0.018000000000000002,0.018000000000000002,0.018000000000000006,0.018000000000000002,3.469446951953614e-18,0.095,0.097,0.09590000000000001,0.096,0.0006244997998398404,0.014,0.014,0.014000000000000002,0.014,1.734723475976807e-18,0.054,0.057,0.05505,0.055,0.0009205976319760992,0.011,0.012,0.011100000000000002,0.011,0.00030000000000000024,32,32,4096,11008,32768,True,1536,4
0.038,0.044,0.042761904761904765,0.043000000000000003,0.0012307474269828652,0.018000000000000002,0.018000000000000002,0.018000000000000006,0.018000000000000002,3.469446951953614e-18,0.068,0.069,0.06820000000000001,0.068,0.0004000000000000003,0.008,0.009000000000000001,0.008450000000000003,0.008,0.0004974937185533104,0.024,0.025,0.024100000000000003,0.024,0.00030000000000000024,0.018000000000000002,0.019,0.018150000000000006,0.018000000000000002,0.0003570714214271416,0.096,0.098,0.09715,0.097,0.0005722761571129803,0.014,0.014,0.014000000000000002,0.014,1.734723475976807e-18,0.055,0.057,0.055600000000000004,0.056,0.0005830951894845307,0.011,0.011,0.011000000000000001,0.011,1.734723475976807e-18,32,32,4096,11008,32768,True,1520,4
0.038,0.042,0.0411904761904762,0.041,0.0008518354199999206,0.017,0.018000000000000002,0.017900000000000006,0.018000000000000002,0.0003000000000000003,0.067,0.068,0.06745000000000001,0.067,0.0004974937185533104,0.008,0.009000000000000001,0.008100000000000001,0.008,0.0003000000000000003,0.024,0.026000000000000002,0.024850000000000004,0.025,0.0004769696007084733,0.018000000000000002,0.018000000000000002,0.018000000000000006,0.018000000000000002,3.469446951953614e-18,0.095,0.097,0.09540000000000001,0.095,0.0005830951894845307,0.013000000000000001,0.014,0.013950000000000004,0.014,0.00021794494717703353,0.055,0.059000000000000004,0.05665,0.0565,0.0009096702699330133,0.01,0.011,0.010950000000000001,0.011,0.00021794494717703347,32,32,4096,11008,32768,True,1504,4
0.037,0.042,0.04142857142857144,0.042,0.0010942024088643873,0.017,0.018000000000000002,0.017900000000000006,0.018000000000000002,0.0003000000000000003,0.067,0.069,0.06810000000000001,0.068,0.0004358898943540678,0.008,0.009000000000000001,0.008150000000000001,0.008,0.0003570714214271428,0.025,0.026000000000000002,0.025150000000000006,0.025,0.00035707142142714284,0.018000000000000002,0.019,0.018050000000000004,0.018000000000000002,0.00021794494717703315,0.096,0.098,0.09685000000000002,0.097,0.0005722761571129803,0.013000000000000001,0.014,0.013850000000000005,0.014,0.0003570714214271422,0.059000000000000004,0.06,0.0593,0.059000000000000004,0.00045825756949558123,0.01,0.011,0.010650000000000001,0.011,0.0004769696007084724,32,32,4096,11008,32768,True,1488,4
0.035,0.042,0.04042857142857144,0.041,0.0013299276232160895,0.017,0.018000000000000002,0.017550000000000003,0.018000000000000002,0.0004974937185533105,0.066,0.068,0.06705,0.067,0.0004974937185533105,0.008,0.009000000000000001,0.008050000000000002,0.008,0.0002179449471770339,0.026000000000000002,0.027,0.026050000000000007,0.026000000000000002,0.00021794494717703312,0.017,0.018000000000000002,0.017900000000000006,0.018000000000000002,0.0003000000000000003,0.094,0.096,0.0952,0.095,0.0005099019513592789,0.013000000000000001,0.014,0.013700000000000004,0.014,0.0004582575694955836,0.059000000000000004,0.063,0.06115,0.061,0.0011079259903080173,0.01,0.011,0.010150000000000001,0.01,0.00035707142142714214,32,32,4096,11008,32768,True,1472,4
0.037,0.041,0.04061904761904763,0.041,0.0008984743935292011,0.017,0.018000000000000002,0.017300000000000003,0.017,0.0004582575694955844,0.067,0.069,0.06800000000000002,0.068,0.0003162277660168382,0.008,0.008,0.008000000000000002,0.008,1.734723475976807e-18,0.025,0.026000000000000002,0.025850000000000005,0.026000000000000002,0.00035707142142714284,0.017,0.018000000000000002,0.017500000000000005,0.0175,0.0005000000000000004,0.096,0.097,0.0965,0.0965,0.0005000000000000004,0.013000000000000001,0.013000000000000001,0.013000000000000003,0.013000000000000001,1.734723475976807e-18,0.061,0.064,0.061950000000000005,0.062,0.000668954408012983,0.01,0.011,0.010100000000000001,0.01,0.00029999999999999976,32,32,4096,11008,32768,True,1456,4
0.035,0.041,0.039571428571428584,0.04,0.0011368891796488874,0.017,0.018000000000000002,0.017050000000000003,0.017,0.0002179449471770339,0.067,0.068,0.06725,0.067,0.0004330127018922198,0.008,0.008,0.008000000000000002,0.008,1.734723475976807e-18,0.025,0.026000000000000002,0.025800000000000007,0.026000000000000002,0.00040000000000000034,0.017,0.018000000000000002,0.017250000000000005,0.017,0.00043301270189221973,0.095,0.097,0.09590000000000001,0.096,0.00043588989435406776,0.013000000000000001,0.013000000000000001,0.013000000000000003,0.013000000000000001,1.734723475976807e-18,0.058,0.061,0.059699999999999996,0.06,0.0007810249675906631,0.01,0.01,0.010000000000000002,0.01,1.734723475976807e-18,32,32,4096,11008,32768,True,1440,4
0.034,0.04,0.0391904761904762,0.039,0.0012580804584402766,0.017,0.017,0.017000000000000005,0.017,3.469446951953614e-18,0.067,0.069,0.06775,0.068,0.0005361902647381809,0.008,0.008,0.008000000000000002,0.008,1.734723475976807e-18,0.027,0.028,0.02765,0.028,0.0004769696007084733,0.017,0.018000000000000002,0.017100000000000004,0.017,0.00030000000000000024,0.096,0.098,0.09655000000000001,0.096,0.0006689544080129832,0.013000000000000001,0.013000000000000001,0.013000000000000003,0.013000000000000001,1.734723475976807e-18,0.058,0.061,0.059699999999999996,0.06,0.0007141428428542828,0.01,0.011,0.010100000000000001,0.01,0.00029999999999999976,32,32,4096,11008,32768,True,1424,4
0.034,0.04,0.03895238095238097,0.039,0.0011741740958036144,0.017,0.017,0.017000000000000005,0.017,3.469446951953614e-18,0.057,0.061,0.0591,0.059000000000000004,0.000994987437106618,0.008,0.009000000000000001,0.008950000000000003,0.009000000000000001,0.00021794494717703385,0.021,0.024,0.023850000000000003,0.024,0.0006538348415311007,0.017,0.018000000000000002,0.017050000000000003,0.017,0.0002179449471770339,0.095,0.098,0.09655000000000001,0.097,0.0006689544080129832,0.013000000000000001,0.013000000000000001,0.013000000000000003,0.013000000000000001,1.734723475976807e-18,0.054,0.055,0.0548,0.055,0.00040000000000000034,0.009000000000000001,0.009000000000000001,0.009000000000000003,0.009000000000000001,1.734723475976807e-18,32,32,4096,11008,32768,True,1408,4
0.034,0.04,0.03885714285714287,0.039,0.0011248582677159725,0.017,0.017,0.017000000000000005,0.017,3.469446951953614e-18,0.059000000000000004,0.064,0.06144999999999999,0.0615,0.0015960889699512366,0.009000000000000001,0.009000000000000001,0.009000000000000003,0.009000000000000001,1.734723475976807e-18,0.021,0.024,0.023550000000000005,0.024,0.0010712142642814273,0.017,0.017,0.017000000000000005,0.017,3.469446951953614e-18,0.096,0.097,0.09655000000000001,0.097,0.0004974937185533104,0.012,0.013000000000000001,0.012950000000000003,0.013000000000000001,0.00021794494717703385,0.044,0.055,0.05415000000000001,0.055,0.0023722352328552922,0.009000000000000001,0.01,0.009200000000000003,0.009000000000000001,0.0003999999999999997,32,32,4096,11008,32768,True,1392,4
0.033,0.039,0.038000000000000006,0.038,0.0011952286093343933,0.017,0.017,0.017000000000000005,0.017,3.469446951953614e-18,0.062,0.066,0.06495,0.065,0.001160818676624391,0.009000000000000001,0.009000000000000001,0.009000000000000003,0.009000000000000001,1.734723475976807e-18,0.021,0.024,0.023550000000000005,0.024,0.0010712142642814273,0.017,0.017,0.017000000000000005,0.017,3.469446951953614e-18,0.095,0.097,0.09610000000000002,0.096,0.00043588989435406776,0.012,0.013000000000000001,0.012950000000000003,0.013000000000000001,0.00021794494717703385,0.044,0.055,0.0543,0.055,0.002389560629069705,0.009000000000000001,0.009000000000000001,0.009000000000000003,0.009000000000000001,1.734723475976807e-18,32,32,4096,11008,32768,True,1376,4
0.033,0.038,0.037571428571428575,0.038,0.001094202408864386,0.017,0.017,0.017000000000000005,0.017,3.469446951953614e-18,0.066,0.069,0.06795000000000001,0.068,0.0010712142642814286,0.008,0.009000000000000001,0.008900000000000002,0.009000000000000001,0.0003000000000000003,0.021,0.024,0.023550000000000005,0.024,0.0010712142642814273,0.017,0.017,0.017000000000000005,0.017,3.469446951953614e-18,0.096,0.097,0.09635,0.096,0.0004769696007084732,0.012,0.013000000000000001,0.012650000000000003,0.013000000000000001,0.00047696960070847325,0.044,0.055,0.05445,0.055,0.0023973944189473713,0.009000000000000001,0.009000000000000001,0.009000000000000003,0.009000000000000001,1.734723475976807e-18,32,32,4096,11008,32768,True,1360,4
0.032,0.039,0.03733333333333334,0.038,0.0013213749452868197,0.016,0.017,0.016900000000000005,0.017,0.0003000000000000003,0.065,0.07100000000000001,0.06925,0.07,0.0016695807857064016,0.008,0.009000000000000001,0.008600000000000002,0.009000000000000001,0.000489897948556636,0.021,0.024,0.023850000000000003,0.024,0.0006538348415311007,0.017,0.017,0.017000000000000005,0.017,3.469446951953614e-18,0.10300000000000001,0.107,0.1059,0.106,0.0010440306508910527,0.012,0.012,0.012000000000000002,0.012,1.734723475976807e-18,0.043000000000000003,0.055,0.053100000000000015,0.054,0.003389690251335657,0.009000000000000001,0.009000000000000001,0.009000000000000003,0.009000000000000001,1.734723475976807e-18,32,32,4096,11008,32768,True,1344,4
0.033,0.038,0.03695238095238096,0.037,0.000949997016345714,0.016,0.017,0.016550000000000002,0.017,0.0004974937185533105,0.069,0.07100000000000001,0.0703,0.07,0.0006403124237432856,0.008,0.009000000000000001,0.008100000000000001,0.008,0.0003000000000000003,0.021,0.024,0.023850000000000003,0.024,0.0006538348415311007,0.016,0.017,0.016750000000000004,0.017,0.00043301270189221973,0.105,0.111,0.1092,0.11,0.0014000000000000015,0.012,0.012,0.012000000000000002,0.012,1.734723475976807e-18,0.043000000000000003,0.056,0.053600000000000016,0.054,0.0024779023386727727,0.008,0.009000000000000001,0.008950000000000003,0.009000000000000001,0.00021794494717703385,32,32,4096,11008,32768,True,1328,4
0.031,0.038,0.03642857142857144,0.037,0.0013299276232160886,0.015,0.016,0.015100000000000002,0.015,0.00030000000000000024,0.067,0.07,0.0685,0.0685,0.0006708203932499376,0.008,0.008,0.008000000000000002,0.008,1.734723475976807e-18,0.024,0.024,0.024000000000000004,0.024,3.469446951953614e-18,0.015,0.016,0.015050000000000003,0.015,0.00021794494717703385,0.095,0.096,0.09515,0.095,0.0003570714214271428,0.012,0.012,0.012000000000000002,0.012,1.734723475976807e-18,0.044,0.055,0.05405000000000001,0.055,0.002355313142662776,0.008,0.009000000000000001,0.008300000000000002,0.008,0.0004582575694955844,32,32,4096,11008,32768,True,1312,4
0.031,0.038,0.03600000000000001,0.036000000000000004,0.001272418020560703,0.015,0.016,0.015200000000000002,0.015,0.00040000000000000034,0.068,0.07,0.06890000000000002,0.069,0.0007681145747868615,0.008,0.009000000000000001,0.008100000000000001,0.008,0.0003000000000000003,0.024,0.024,0.024000000000000004,0.024,3.469446951953614e-18,0.015,0.016,0.015100000000000002,0.015,0.00030000000000000024,0.095,0.097,0.096,0.096,0.00044721359549995833,0.012,0.012,0.012000000000000002,0.012,1.734723475976807e-18,0.044,0.055,0.05445,0.055,0.0023973944189473713,0.008,0.009000000000000001,0.008400000000000001,0.008,0.0004898979485566361,32,32,4096,11008,32768,True,1296,4
0.03,0.037,0.035952380952380965,0.036000000000000004,0.0014301578493029717,0.015,0.016,0.015100000000000002,0.015,0.00030000000000000024,0.047,0.047,0.04700000000000001,0.047,6.938893903907228e-18,0.006,0.007,0.006950000000000002,0.007,0.00021794494717703366,0.021,0.021,0.021000000000000005,0.021,3.469446951953614e-18,0.015,0.016,0.015250000000000003,0.015,0.00043301270189221973,0.093,0.095,0.09375,0.094,0.0005361902647381809,0.011,0.011,0.011000000000000001,0.011,1.734723475976807e-18,0.043000000000000003,0.055,0.05075,0.054,0.005290321351298047,0.008,0.009000000000000001,0.008450000000000003,0.008,0.0004974937185533104,32,32,4096,11008,32768,True,1280,4
0.03,0.036000000000000004,0.03561904761904763,0.036000000000000004,0.0012901159222994361,0.015,0.016,0.015050000000000003,0.015,0.00021794494717703385,0.047,0.047,0.04700000000000001,0.047,6.938893903907228e-18,0.006,0.007,0.006900000000000002,0.007,0.00030000000000000003,0.021,0.021,0.021000000000000005,0.021,3.469446951953614e-18,0.015,0.016,0.015200000000000002,0.015,0.00040000000000000034,0.094,0.095,0.0946,0.095,0.0004898979485566361,0.011,0.011,0.011000000000000001,0.011,1.734723475976807e-18,0.043000000000000003,0.055,0.051250000000000004,0.054,0.00520456530365409,0.008,0.009000000000000001,0.008300000000000002,0.008,0.0004582575694955844,32,32,4096,11008,32768,True,1264,4
0.029,0.036000000000000004,0.034952380952380964,0.035,0.0013964645998681127,0.015,0.016,0.015050000000000003,0.015,0.00021794494717703385,0.047,0.047,0.04700000000000001,0.047,6.938893903907228e-18,0.006,0.007,0.0063500000000000015,0.006,0.0004769696007084728,0.021,0.024,0.021150000000000002,0.021,0.0006538348415311008,0.015,0.016,0.015100000000000002,0.015,0.00030000000000000024,0.092,0.093,0.0925,0.0925,0.0005000000000000004,0.011,0.012,0.011800000000000001,0.012,0.00040000000000000034,0.044,0.055,0.05425,0.055,0.002384848003542365,0.008,0.009000000000000001,0.008600000000000002,0.009000000000000001,0.000489897948556636,32,32,4096,11008,32768,True,1248,4
0.029,0.037,0.03500000000000001,0.035,0.001447493728911492,0.015,0.015,0.015000000000000003,0.015,3.469446951953614e-18,0.047,0.047,0.04700000000000001,0.047,6.938893903907228e-18,0.006,0.007,0.006600000000000002,0.007,0.0004898979485566356,0.021,0.024,0.021150000000000002,0.021,0.0006538348415311008,0.015,0.016,0.015050000000000003,0.015,0.00021794494717703385,0.092,0.094,0.09275,0.093,0.0006224949798994371,0.011,0.012,0.011200000000000002,0.011,0.00040000000000000034,0.044,0.055,0.052900000000000016,0.054,0.0037669616403674736,0.008,0.009000000000000001,0.008100000000000001,0.008,0.0003000000000000003,32,32,4096,11008,32768,True,1232,4
0.029,0.035,0.034142857142857155,0.034,0.0012453996981544784,0.015,0.015,0.015000000000000003,0.015,3.469446951953614e-18,0.046,0.047,0.04660000000000001,0.047,0.0004898979485566361,0.006,0.007,0.0063500000000000015,0.006,0.00047696960070847287,0.021,0.024,0.021150000000000002,0.021,0.0006538348415311008,0.015,0.016,0.015100000000000002,0.015,0.00030000000000000024,0.092,0.093,0.09255000000000001,0.093,0.0004974937185533104,0.011,0.012,0.011200000000000002,0.011,0.00040000000000000034,0.044,0.055,0.05385000000000001,0.055,0.00329051667675458,0.008,0.009000000000000001,0.008050000000000002,0.008,0.00021794494717703388,32,32,4096,11008,32768,True,1216,4
0.029,0.035,0.03380952380952382,0.034,0.0012196427118919715,0.015,0.015,0.015000000000000003,0.015,3.469446951953614e-18,0.046,0.047,0.04685000000000001,0.047,0.00035707142142714284,0.006,0.007,0.006100000000000001,0.006,0.00030000000000000003,0.021,0.021,0.021000000000000005,0.021,3.469446951953614e-18,0.015,0.015,0.015000000000000003,0.015,3.469446951953614e-18,0.092,0.094,0.0928,0.093,0.0006000000000000005,0.011,0.011,0.011000000000000001,0.011,1.734723475976807e-18,0.044,0.055,0.05335000000000001,0.055,0.003927785635698569,0.008,0.008,0.008000000000000002,0.008,1.734723475976807e-18,32,32,4096,11008,32768,True,1200,4
0.028,0.034,0.032809523809523816,0.033,0.0010962728031639372,0.014,0.015,0.0142,0.014,0.0003999999999999996,0.046,0.046,0.046000000000000006,0.046,6.938893903907228e-18,0.006,0.006,0.006000000000000001,0.006,8.673617379884035e-19,0.021,0.024,0.021150000000000006,0.021,0.0006538348415311008,0.014,0.015,0.014550000000000002,0.015,0.0004974937185533095,0.091,0.093,0.0918,0.092,0.000509901951359279,0.011,0.011,0.011000000000000001,0.011,1.734723475976807e-18,0.043000000000000003,0.055,0.05295000000000001,0.054,0.0033237779709240495,0.008,0.008,0.008000000000000002,0.008,1.734723475976807e-18,32,32,4096,11008,32768,True,1184,4
0.028,0.034,0.0331904761904762,0.033,0.0012580804584402772,0.014,0.015,0.014400000000000001,0.014,0.0004898979485566352,0.046,0.047,0.046450000000000005,0.046,0.0004974937185533104,0.006,0.007,0.006150000000000001,0.006,0.0003570714214271425,0.021,0.024,0.021150000000000002,0.021,0.0006538348415311008,0.014,0.015,0.014800000000000002,0.015,0.00039999999999999964,0.092,0.094,0.09305,0.093,0.0004974937185533105,0.011,0.011,0.011000000000000001,0.011,1.734723475976807e-18,0.044,0.055,0.05445,0.055,0.0023973944189473713,0.008,0.008,0.008000000000000002,0.008,1.734723475976807e-18,32,32,4096,11008,32768,True,1168,4
0.027,0.033,0.032047619047619054,0.032,0.0012140522651411395,0.014,0.014,0.014000000000000002,0.014,1.734723475976807e-18,0.046,0.046,0.046000000000000006,0.046,6.938893903907228e-18,0.006,0.007,0.0060500000000000016,0.006,0.0002179449471770337,0.02,0.024,0.020900000000000005,0.021,0.0008306623862918076,0.014,0.015,0.014100000000000001,0.014,0.00029999999999999976,0.088,0.089,0.0881,0.088,0.00030000000000000024,0.012,0.013000000000000001,0.012100000000000003,0.012,0.00030000000000000024,0.043000000000000003,0.054,0.04355000000000001,0.043000000000000003,0.002397394418947369,0.007,0.008,0.007950000000000002,0.008,0.00021794494717703366,32,32,4096,11008,32768,True,1152,4
0.027,0.032,0.03128571428571429,0.031,0.001075389503870116,0.014,0.015,0.014050000000000002,0.014,0.00021794494717703353,0.046,0.046,0.046000000000000006,0.046,6.938893903907228e-18,0.006,0.007,0.006100000000000001,0.006,0.00030000000000000003,0.02,0.021,0.020900000000000005,0.021,0.0003000000000000003,0.014,0.015,0.014150000000000001,0.014,0.00035707142142714214,0.088,0.089,0.08850000000000001,0.0885,0.0005000000000000004,0.012,0.012,0.012000000000000002,0.012,1.734723475976807e-18,0.043000000000000003,0.054,0.04410000000000001,0.043000000000000003,0.0032999999999999982,0.007,0.008,0.007850000000000001,0.008,0.0003570714214271425,32,32,4096,11008,32768,True,1136,4
0.027,0.032,0.03142857142857144,0.032,0.0010942024088643866,0.014,0.014,0.014000000000000002,0.014,1.734723475976807e-18,0.046,0.046,0.046000000000000006,0.046,6.938893903907228e-18,0.006,0.006,0.006000000000000001,0.006,8.673617379884035e-19,0.02,0.021,0.020650000000000005,0.021,0.0004769696007084733,0.014,0.014,0.014000000000000002,0.014,1.734723475976807e-18,0.08700000000000001,0.088,0.0879,0.088,0.00029999999999999607,0.012,0.012,0.012000000000000002,0.012,1.734723475976807e-18,0.043000000000000003,0.054,0.04415000000000001,0.043000000000000003,0.003290516676754578,0.007,0.008,0.007250000000000001,0.007,0.00043301270189221935,32,32,4096,11008,32768,True,1120,4
0.026000000000000002,0.032,0.030761904761904768,0.031,0.0011507662831994826,0.014,0.014,0.014000000000000002,0.014,1.734723475976807e-18,0.046,0.046,0.046000000000000006,0.046,6.938893903907228e-18,0.006,0.006,0.006000000000000001,0.006,8.673617379884035e-19,0.02,0.021,0.020650000000000005,0.021,0.0004769696007084733,0.014,0.014,0.014000000000000002,0.014,1.734723475976807e-18,0.08700000000000001,0.089,0.08810000000000001,0.088,0.00043588989435406597,0.012,0.012,0.012000000000000002,0.012,1.734723475976807e-18,0.043000000000000003,0.054,0.04465000000000001,0.043000000000000003,0.003927785635698567,0.007,0.008,0.0071,0.007,0.00030000000000000003,32,32,4096,11008,32768,True,1104,4
0.026000000000000002,0.031,0.030714285714285722,0.031,0.0010753895038701153,0.014,0.014,0.014000000000000002,0.014,1.734723475976807e-18,0.045,0.046,0.04580000000000001,0.046,0.00040000000000000034,0.006,0.007,0.0060500000000000016,0.006,0.0002179449471770337,0.02,0.021,0.020650000000000005,0.021,0.0004769696007084733,0.014,0.014,0.014000000000000002,0.014,1.734723475976807e-18,0.08700000000000001,0.088,0.0876,0.088,0.0004898979485566293,0.012,0.012,0.012000000000000002,0.012,1.734723475976807e-18,0.043000000000000003,0.054,0.04355000000000001,0.043000000000000003,0.0023973944189473696,0.007,0.007,0.007000000000000001,0.007,8.673617379884035e-19,32,32,4096,11008,32768,True,1088,4
0.025,0.032,0.030095238095238102,0.03,0.0012688488185213548,0.014,0.014,0.014000000000000002,0.014,1.734723475976807e-18,0.046,0.046,0.046000000000000006,0.046,6.938893903907228e-18,0.006,0.006,0.006000000000000001,0.006,8.673617379884035e-19,0.02,0.021,0.020600000000000004,0.021,0.0004898979485566361,0.014,0.014,0.014000000000000002,0.014,1.734723475976807e-18,0.08700000000000001,0.089,0.0879,0.088,0.0004358898943540634,0.011,0.012,0.011550000000000001,0.012,0.0004974937185533104,0.043000000000000003,0.054,0.04410000000000001,0.043000000000000003,0.0032999999999999982,0.007,0.008,0.007050000000000001,0.007,0.0002179449471770337,32,32,4096,11008,32768,True,1072,4
0.025,0.031,0.029809523809523814,0.03,0.0010962728031639365,0.012,0.013000000000000001,0.012850000000000004,0.013000000000000001,0.0003570714214271428,0.045,0.046,0.045500000000000006,0.0455,0.0005000000000000004,0.005,0.006,0.005350000000000001,0.005,0.00047696960070847287,0.02,0.021,0.020650000000000005,0.021,0.0004769696007084733,0.012,0.013000000000000001,0.012900000000000003,0.013000000000000001,0.00030000000000000024,0.08600000000000001,0.105,0.08804999999999999,0.08700000000000001,0.0039175885439897825,0.011,0.011,0.011000000000000001,0.011,1.734723475976807e-18,0.043000000000000003,0.054,0.0442,0.043000000000000003,0.0032802438933713434,0.007,0.008,0.007050000000000001,0.007,0.0002179449471770337,32,32,4096,11008,32768,True,1056,4
0.025,0.03,0.02895238095238096,0.029,0.0009499970163457141,0.012,0.013000000000000001,0.012550000000000002,0.013000000000000001,0.0004974937185533105,0.045,0.046,0.045500000000000006,0.0455,0.0005000000000000004,0.005,0.006,0.0055000000000000005,0.0055,0.0005,0.02,0.021,0.020650000000000005,0.021,0.0004769696007084733,0.012,0.013000000000000001,0.012600000000000004,0.013000000000000001,0.0004898979485566361,0.08700000000000001,0.088,0.08780000000000002,0.088,0.00039999999999999476,0.01,0.011,0.010950000000000001,0.011,0.00021794494717703347,0.043000000000000003,0.054,0.04415000000000001,0.043000000000000003,0.003290516676754578,0.007,0.008,0.007050000000000001,0.007,0.0002179449471770337,32,32,4096,11008,32768,True,1040,4
0.025,0.03,0.028809523809523813,0.029,0.0009060141709733544,0.012,0.013000000000000001,0.012400000000000003,0.012,0.000489897948556636,0.044,0.045,0.04415000000000001,0.044,0.0003570714214271428,0.005,0.006,0.00525,0.005,0.00043301270189221935,0.017,0.017,0.017000000000000005,0.017,3.469446951953614e-18,0.012,0.013000000000000001,0.012100000000000003,0.012,0.00030000000000000024,0.075,0.097,0.08074999999999999,0.076,0.00859578385023728,0.01,0.011,0.0103,0.01,0.0004582575694955836,0.032,0.035,0.033850000000000005,0.034,0.0011521718621802922,0.006,0.006,0.006000000000000001,0.006,8.673617379884035e-19,32,32,4096,11008,32768,True,1024,4
0.024,0.03,0.028571428571428574,0.029,0.001136889179648888,0.012,0.013000000000000001,0.012400000000000003,0.012,0.000489897948556636,0.044,0.045,0.04445,0.044,0.0004974937185533104,0.005,0.006,0.005350000000000001,0.005,0.00047696960070847287,0.017,0.017,0.017000000000000005,0.017,3.469446951953614e-18,0.012,0.013000000000000001,0.012200000000000003,0.012,0.00040000000000000034,0.075,0.097,0.0841,0.077,0.00993931587182941,0.01,0.011,0.01055,0.011,0.0004974937185533095,0.032,0.035,0.03325000000000001,0.034,0.0010428326807307114,0.006,0.007,0.0060500000000000016,0.006,0.0002179449471770337,32,32,4096,11008,32768,True,1016,4
0.024,0.029,0.028142857142857153,0.028,0.0010367400503370117,0.012,0.013000000000000001,0.012250000000000002,0.012,0.0004330127018922198,0.044,0.045,0.044250000000000005,0.044,0.0004330127018922198,0.005,0.006,0.005200000000000001,0.005,0.00039999999999999996,0.017,0.017,0.017000000000000005,0.017,3.469446951953614e-18,0.012,0.013000000000000001,0.012250000000000002,0.012,0.0004330127018922198,0.075,0.096,0.08174999999999999,0.076,0.009137149446079998,0.01,0.011,0.0105,0.010499999999999999,0.0004999999999999996,0.032,0.035,0.033650000000000006,0.034,0.0010136567466356656,0.006,0.006,0.006000000000000001,0.006,8.673617379884035e-19,32,32,4096,11008,32768,True,1008,4
0.024,0.029,0.028095238095238104,0.028,0.0010190921218587,0.012,0.013000000000000001,0.012150000000000003,0.012,0.0003570714214271428,0.044,0.045,0.044250000000000005,0.044,0.0004330127018922198,0.005,0.006,0.005350000000000001,0.005,0.0004769696007084728,0.017,0.017,0.017000000000000005,0.017,3.469446951953614e-18,0.012,0.013000000000000001,0.012250000000000002,0.012,0.0004330127018922198,0.075,0.097,0.08015,0.076,0.008070161088850707,0.01,0.011,0.010750000000000001,0.011,0.00043301270189221897,0.032,0.035,0.03380000000000001,0.034,0.0010295630140987008,0.006,0.006,0.006000000000000001,0.006,8.673617379884035e-19,32,32,4096,11008,32768,True,1000,4
0.024,0.029,0.027904761904761915,0.028,0.0009209085526577963,0.012,0.013000000000000001,0.012150000000000003,0.012,0.0003570714214271428,0.044,0.045,0.0442,0.044,0.00040000000000000034,0.005,0.006,0.005200000000000001,0.005,0.0004,0.017,0.017,0.017000000000000005,0.017,3.469446951953614e-18,0.012,0.012,0.012000000000000002,0.012,1.734723475976807e-18,0.075,0.095,0.0812,0.076,0.008829496021857649,0.01,0.011,0.01025,0.01,0.000433012701892219,0.032,0.035,0.03345000000000001,0.034,0.001023474474522937,0.006,0.007,0.0060500000000000016,0.006,0.0002179449471770337,32,32,4096,11008,32768,True,992,4
0.023,0.029,0.027666666666666676,0.028,0.0012084359562332882,0.012,0.012,0.012000000000000002,0.012,1.734723475976807e-18,0.044,0.045,0.044750000000000005,0.045,0.0004330127018922197,0.005,0.006,0.00515,0.005,0.00035707142142714246,0.017,0.017,0.017000000000000005,0.017,3.469446951953614e-18,0.012,0.013000000000000001,0.012300000000000002,0.012,0.0004582575694955844,0.075,0.097,0.0791,0.076,0.007542545989253233,0.01,0.011,0.010700000000000001,0.011,0.00045825756949558367,0.032,0.035,0.033600000000000005,0.034,0.0008000000000000007,0.006,0.006,0.006000000000000001,0.006,8.673617379884035e-19,32,32,4096,11008,32768,True,984,4
0.024,0.029,0.027238095238095245,0.027,0.0009209085526577962,0.012,0.013000000000000001,0.012050000000000002,0.012,0.00021794494717703388,0.044,0.045,0.0442,0.044,0.0004000000000000003,0.005,0.006,0.005200000000000001,0.005,0.00039999999999999996,0.017,0.017,0.017000000000000005,0.017,3.469446951953614e-18,0.012,0.013000000000000001,0.012100000000000003,0.012,0.00030000000000000024,0.075,0.096,0.07965,0.076,0.007945281618671552,0.01,0.011,0.0103,0.01,0.0004582575694955836,0.032,0.035,0.03380000000000001,0.034,0.0008717797887081354,0.006,0.006,0.006000000000000001,0.006,8.673617379884035e-19,32,32,4096,11008,32768,True,976,4
0.024,0.028,0.027428571428571438,0.028,0.0009035079029052512,0.012,0.012,0.012000000000000002,0.012,1.734723475976807e-18,0.044,0.045,0.044750000000000005,0.045,0.0004330127018922197,0.005,0.006,0.005200000000000001,0.005,0.00039999999999999996,0.017,0.017,0.017000000000000005,0.017,3.469446951953614e-18,0.012,0.013000000000000001,0.012100000000000003,0.012,0.00030000000000000024,0.075,0.097,0.08085,0.076,0.008889741278574987,0.01,0.011,0.010600000000000002,0.011,0.0004898979485566352,0.032,0.035,0.03380000000000001,0.034,0.001029563014098701,0.006,0.006,0.006000000000000001,0.006,8.673617379884035e-19,32,32,4096,11008,32768,True,968,4
0.024,0.028,0.027095238095238103,0.027,0.0008109231602822097,0.012,0.012,0.012000000000000002,0.012,1.734723475976807e-18,0.044,0.045,0.044050000000000006,0.044,0.00021794494717703385,0.005,0.006,0.005050000000000001,0.005,0.0002179449471770337,0.017,0.017,0.017000000000000005,0.017,3.469446951953614e-18,0.012,0.013000000000000001,0.012050000000000002,0.012,0.00021794494717703388,0.074,0.096,0.07714999999999998,0.075,0.006142271566773975,0.009000000000000001,0.011,0.010150000000000001,0.01,0.0004769696007084724,0.033,0.035,0.03395000000000001,0.034,0.00038405728739343076,0.006,0.006,0.006000000000000001,0.006,8.673617379884035e-19,32,32,4096,11008,32768,True,960,4
0.023,0.027,0.02657142857142858,0.027,0.0009035079029052509,0.012,0.012,0.012000000000000002,0.012,1.734723475976807e-18,0.044,0.045,0.04485000000000001,0.045,0.0003570714214271428,0.005,0.006,0.0051,0.005,0.00030000000000000003,0.017,0.017,0.017000000000000005,0.017,3.469446951953614e-18,0.012,0.012,0.012000000000000002,0.012,1.734723475976807e-18,0.075,0.096,0.08195,0.076,0.009107551811546285,0.009000000000000001,0.011,0.010150000000000001,0.01,0.0004769696007084724,0.032,0.035,0.033650000000000006,0.034,0.0007921489758877437,0.006,0.006,0.006000000000000001,0.006,8.673617379884035e-19,32,32,4096,11008,32768,True,952,4
0.023,0.027,0.026428571428571437,0.027,0.0009035079029052506,0.012,0.012,0.012000000000000002,0.012,1.734723475976807e-18,0.044,0.045,0.044250000000000005,0.044,0.0004330127018922198,0.005,0.006,0.005050000000000001,0.005,0.0002179449471770337,0.017,0.017,0.017000000000000005,0.017,3.469446951953614e-18,0.012,0.012,0.012000000000000002,0.012,1.734723475976807e-18,0.074,0.096,0.08105,0.075,0.009151366018251048,0.01,0.011,0.010100000000000001,0.01,0.00029999999999999976,0.032,0.036000000000000004,0.03355000000000001,0.034,0.0011169153951844349,0.006,0.006,0.006000000000000001,0.006,8.673617379884035e-19,32,32,4096,11008,32768,True,944,4
0.023,0.027,0.02614285714285715,0.026000000000000002,0.0008329931278350428,0.012,0.013000000000000001,0.012050000000000002,0.012,0.0002179449471770339,0.044,0.045,0.044750000000000005,0.045,0.0004330127018922197,0.005,0.005,0.005000000000000001,0.005,8.673617379884035e-19,0.017,0.017,0.017000000000000005,0.017,3.469446951953614e-18,0.012,0.012,0.012000000000000002,0.012,1.734723475976807e-18,0.075,0.096,0.0798,0.076,0.007871467461661771,0.009000000000000001,0.011,0.010000000000000004,0.01,0.0005477225575051657,0.032,0.035,0.03380000000000001,0.034,0.0008124038404635967,0.006,0.006,0.006000000000000001,0.006,8.673617379884035e-19,32,32,4096,11008,32768,True,936,4
0.023,0.027,0.026238095238095244,0.026000000000000002,0.0008676603408708853,0.012,0.012,0.012000000000000002,0.012,1.734723475976807e-18,0.043000000000000003,0.044,0.04395,0.044,0.00021794494717703236,0.005,0.006,0.005050000000000001,0.005,0.0002179449471770337,0.017,0.017,0.017000000000000005,0.017,3.469446951953614e-18,0.012,0.012,0.012000000000000002,0.012,1.734723475976807e-18,0.074,0.096,0.08299999999999999,0.076,0.009612491872558335,0.009000000000000001,0.011,0.009700000000000004,0.01,0.0005567764362830016,0.032,0.036000000000000004,0.03400000000000001,0.034,0.0008944271909999167,0.006,0.006,0.006000000000000001,0.006,8.673617379884035e-19,32,32,4096,11008,32768,True,928,4
0.022,0.027,0.025857142857142863,0.026000000000000002,0.0008883218145798878,0.012,0.012,0.012000000000000002,0.012,1.734723475976807e-18,0.044,0.045,0.044750000000000005,0.045,0.0004330127018922197,0.005,0.006,0.005050000000000001,0.005,0.0002179449471770337,0.017,0.017,0.017000000000000005,0.017,3.469446951953614e-18,0.012,0.012,0.012000000000000002,0.012,1.734723475976807e-18,0.075,0.096,0.08170000000000001,0.076,0.009055937278934745,0.009000000000000001,0.01,0.009700000000000004,0.01,0.00045825756949558356,0.032,0.034,0.033400000000000006,0.034,0.0009165151389911689,0.006,0.006,0.006000000000000001,0.006,8.673617379884035e-19,32,32,4096,11008,32768,True,920,4
0.022,0.026000000000000002,0.025285714285714293,0.025,0.0008806305718527116,0.011,0.012,0.011900000000000003,0.012,0.00030000000000000024,0.044,0.045,0.044050000000000006,0.044,0.00021794494717703385,0.005,0.005,0.005000000000000001,0.005,8.673617379884035e-19,0.017,0.018000000000000002,0.017050000000000003,0.017,0.00021794494717703388,0.011,0.012,0.011850000000000003,0.012,0.00035707142142714284,0.074,0.096,0.08019999999999998,0.075,0.00879545337091841,0.009000000000000001,0.011,0.009850000000000001,0.01,0.0005722761571129793,0.032,0.034,0.03370000000000001,0.034,0.0006403124237432856,0.006,0.006,0.006000000000000001,0.006,8.673617379884035e-19,32,32,4096,11008,32768,True,912,4
0.022,0.026000000000000002,0.025190476190476197,0.025,0.0008518354199999206,0.011,0.012,0.011850000000000003,0.012,0.0003570714214271428,0.044,0.045,0.04440000000000001,0.044,0.0004898979485566361,0.005,0.005,0.005000000000000001,0.005,8.673617379884035e-19,0.017,0.017,0.017000000000000005,0.017,3.469446951953614e-18,0.011,0.012,0.011900000000000003,0.012,0.00030000000000000024,0.075,0.095,0.07855,0.076,0.006938839960685072,0.009000000000000001,0.011,0.009900000000000003,0.01,0.00043588989435406695,0.032,0.034,0.03370000000000001,0.034,0.0007141428428542857,0.005,0.006,0.005950000000000001,0.006,0.00021794494717703366,32,32,4096,11008,32768,True,904,4
0.022,0.026000000000000002,0.025190476190476197,0.025,0.0008518354199999207,0.011,0.012,0.011900000000000003,0.012,0.00030000000000000024,0.039,0.041,0.03950000000000001,0.039,0.0005916079783099622,0.005,0.005,0.005000000000000001,0.005,8.673617379884035e-19,0.017,0.018000000000000002,0.017100000000000004,0.017,0.00030000000000000024,0.011,0.012,0.011450000000000002,0.011,0.0004974937185533105,0.074,0.094,0.0797,0.075,0.008264986388373549,0.009000000000000001,0.01,0.009600000000000003,0.01,0.0004898979485566354,0.032,0.034,0.03350000000000001,0.034,0.0008660254037844396,0.005,0.006,0.0054,0.005,0.0004898979485566356,32,32,4096,11008,32768,True,896,4
0.022,0.026000000000000002,0.025000000000000005,0.025,0.0007559289460184551,0.011,0.012,0.011900000000000003,0.012,0.00030000000000000024,0.044,0.045,0.0442,0.044,0.00040000000000000034,0.005,0.006,0.005050000000000001,0.005,0.0002179449471770337,0.017,0.017,0.017000000000000005,0.017,3.469446951953614e-18,0.011,0.012,0.011800000000000001,0.012,0.00040000000000000034,0.075,0.096,0.07834999999999999,0.075,0.007288861365124186,0.009000000000000001,0.01,0.009800000000000003,0.01,0.0003999999999999997,0.032,0.035,0.03375000000000001,0.034,0.0007664854858377951,0.005,0.006,0.005450000000000001,0.005,0.0004974937185533101,32,32,4096,11008,32768,True,888,4
0.021,0.025,0.024190476190476196,0.024,0.00085183541999992,0.011,0.012,0.011650000000000002,0.012,0.00047696960070847325,0.043000000000000003,0.044,0.043500000000000004,0.0435,0.0004999999999999969,0.005,0.005,0.005000000000000001,0.005,8.673617379884035e-19,0.017,0.017,0.017000000000000005,0.017,3.469446951953614e-18,0.011,0.012,0.011400000000000002,0.011,0.000489897948556636,0.074,0.096,0.08159999999999999,0.075,0.009536246641105715,0.009000000000000001,0.01,0.009400000000000002,0.009000000000000001,0.0004898979485566352,0.032,0.035,0.033400000000000006,0.034,0.0009695359714832668,0.005,0.006,0.00515,0.005,0.0003570714214271425,32,32,4096,11008,32768,True,880,4
0.021,0.025,0.02452380952380953,0.025,0.0009060141709733548,0.011,0.012,0.011650000000000002,0.012,0.0004769696007084732,0.044,0.045,0.044300000000000006,0.044,0.0004582575694955844,0.005,0.005,0.005000000000000001,0.005,8.673617379884035e-19,0.017,0.017,0.017000000000000005,0.017,3.469446951953614e-18,0.011,0.012,0.011600000000000003,0.012,0.0004898979485566361,0.074,0.095,0.08195,0.0755,0.009276179170326544,0.009000000000000001,0.01,0.009400000000000002,0.009000000000000001,0.0004898979485566352,0.032,0.034,0.033400000000000006,0.034,0.0008602325267042634,0.005,0.006,0.00515,0.005,0.0003570714214271425,32,32,4096,11008,32768,True,872,4
0.021,0.025,0.024238095238095243,0.024,0.0008676603408708858,0.011,0.012,0.011400000000000002,0.011,0.000489897948556636,0.043000000000000003,0.044,0.043750000000000004,0.044,0.00043301270189221664,0.005,0.005,0.005000000000000001,0.005,8.673617379884035e-19,0.017,0.018000000000000002,0.017150000000000006,0.017,0.00035707142142714284,0.011,0.012,0.011500000000000002,0.0115,0.0005000000000000004,0.074,0.095,0.07744999999999999,0.075,0.007109676504595692,0.009000000000000001,0.01,0.009150000000000002,0.009000000000000001,0.0003570714214271422,0.032,0.034,0.03370000000000001,0.034,0.0007141428428542857,0.005,0.006,0.005200000000000001,0.005,0.0004,32,32,4096,11008,32768,True,864,4
0.021,0.025,0.023952380952380958,0.024,0.0007221786137191953,0.011,0.012,0.011450000000000002,0.011,0.0004974937185533105,0.044,0.045,0.0442,0.044,0.0004000000000000003,0.005,0.005,0.005000000000000001,0.005,8.673617379884035e-19,0.017,0.017,0.017000000000000005,0.017,3.469446951953614e-18,0.011,0.012,0.011350000000000002,0.011,0.00047696960070847314,0.074,0.096,0.08014999999999999,0.0755,0.008598110257492634,0.009000000000000001,0.01,0.009300000000000003,0.009000000000000001,0.00045825756949558356,0.032,0.034,0.03350000000000001,0.034,0.0008660254037844395,0.005,0.006,0.0051,0.005,0.00030000000000000003,32,32,4096,11008,32768,True,856,4
0.02,0.025,0.023666666666666673,0.024,0.0009428090415820637,0.011,0.012,0.011300000000000001,0.011,0.0004582575694955844,0.043000000000000003,0.044,0.04360000000000001,0.044,0.0004898979485566326,0.005,0.005,0.005000000000000001,0.005,8.673617379884035e-19,0.017,0.017,0.017000000000000005,0.017,3.469446951953614e-18,0.011,0.012,0.011200000000000002,0.011,0.00040000000000000034,0.07200000000000001,0.094,0.0822,0.074,0.009982985525382676,0.009000000000000001,0.01,0.009300000000000003,0.009000000000000001,0.00045825756949558356,0.032,0.035,0.03320000000000001,0.034,0.001029563014098701,0.005,0.005,0.005000000000000001,0.005,8.673617379884035e-19,32,32,4096,11008,32768,True,848,4
0.021,0.025,0.023571428571428577,0.024,0.0007911070345636264,0.011,0.012,0.011400000000000002,0.011,0.000489897948556636,0.044,0.045,0.0442,0.044,0.0004000000000000003,0.005,0.005,0.005000000000000001,0.005,8.673617379884035e-19,0.017,0.017,0.017000000000000005,0.017,3.469446951953614e-18,0.011,0.012,0.011250000000000001,0.011,0.0004330127018922198,0.073,0.094,0.07980000000000001,0.074,0.008880315309717331,0.009000000000000001,0.01,0.009350000000000002,0.009000000000000001,0.0004769696007084724,0.032,0.034,0.03345000000000001,0.034,0.0008046738469715547,0.005,0.005,0.005000000000000001,0.005,8.673617379884035e-19,32,32,4096,11008,32768,True,840,4
0.02,0.024,0.023333333333333338,0.023,0.000890870806374748,0.011,0.012,0.011100000000000002,0.011,0.00030000000000000024,0.039,0.04,0.039400000000000004,0.039,0.000489897948556636,0.005,0.005,0.005000000000000001,0.005,8.673617379884035e-19,0.016,0.016,0.016000000000000004,0.016,3.469446951953614e-18,0.011,0.012,0.011100000000000002,0.011,0.00030000000000000024,0.073,0.094,0.0906,0.092,0.005894064811316551,0.009000000000000001,0.009000000000000001,0.009000000000000003,0.009000000000000001,1.734723475976807e-18,0.031,0.034,0.032150000000000005,0.032,0.0006538348415311017,0.005,0.005,0.005000000000000001,0.005,8.673617379884035e-19,32,32,4096,11008,32768,True,832,4
0.021,0.024,0.023571428571428577,0.024,0.0007284313590846836,0.011,0.012,0.011150000000000002,0.011,0.0003570714214271428,0.039,0.041,0.03985000000000001,0.04,0.00047696960070847325,0.005,0.005,0.005000000000000001,0.005,8.673617379884035e-19,0.016,0.017,0.016050000000000002,0.016,0.0002179449471770339,0.011,0.012,0.011200000000000002,0.011,0.00040000000000000034,0.073,0.094,0.0912,0.093,0.00593801313572141,0.008,0.009000000000000001,0.008950000000000003,0.009000000000000001,0.00021794494717703385,0.032,0.034,0.03230000000000001,0.032,0.0006403124237432856,0.005,0.005,0.005000000000000001,0.005,8.673617379884035e-19,32,32,4096,11008,32768,True,824,4
0.02,0.024,0.02290476190476191,0.023,0.0006834619092574917,0.011,0.012,0.011200000000000002,0.011,0.00040000000000000034,0.043000000000000003,0.044,0.043500000000000004,0.0435,0.0004999999999999969,0.004,0.005,0.004950000000000001,0.005,0.0002179449471770337,0.016,0.016,0.016000000000000004,0.016,3.469446951953614e-18,0.011,0.012,0.011100000000000002,0.011,0.00030000000000000024,0.07200000000000001,0.093,0.07985,0.074,0.009264313250317046,0.008,0.009000000000000001,0.008850000000000002,0.009000000000000001,0.0003570714214271428,0.032,0.034,0.033100000000000004,0.033,0.0008888194417315596,0.005,0.005,0.005000000000000001,0.005,8.673617379884035e-19,32,32,4096,11008,32768,True,816,4
0.02,0.023,0.022809523809523814,0.023,0.0006632565846278151,0.011,0.011,0.011000000000000001,0.011,1.734723475976807e-18,0.044,0.045,0.04415000000000001,0.044,0.00035707142142714273,0.004,0.005,0.004950000000000001,0.005,0.00021794494717703366,0.016,0.016,0.016000000000000004,0.016,3.469446951953614e-18,0.011,0.012,0.01105,0.011,0.0002179449471770339,0.07200000000000001,0.094,0.07855,0.074,0.008828788138810446,0.008,0.01,0.009000000000000003,0.009000000000000001,0.0005477225575051661,0.032,0.034,0.03345000000000001,0.034,0.0008645808232895299,0.005,0.005,0.005000000000000001,0.005,8.673617379884035e-19,32,32,4096,11008,32768,True,808,4
0.02,0.023,0.022380952380952383,0.022,0.0007221786137191953,0.011,0.011,0.011000000000000001,0.011,1.734723475976807e-18,0.044,0.044,0.044000000000000004,0.044,6.938893903907228e-18,0.004,0.005,0.004650000000000001,0.005,0.0004769696007084728,0.016,0.016,0.016000000000000004,0.016,3.469446951953614e-18,0.011,0.012,0.01105,0.011,0.0002179449471770339,0.073,0.093,0.09135000000000001,0.092,0.004234087859267921,0.008,0.009000000000000001,0.008150000000000001,0.008,0.0003570714214271428,0.031,0.033,0.03175000000000001,0.032,0.0006224949798994372,0.005,0.005,0.005000000000000001,0.005,8.673617379884035e-19,32,32,4096,11008,32768,True,800,4
0.019,0.023,0.022714285714285718,0.023,0.0008806305718527111,0.01,0.01,0.010000000000000002,0.01,1.734723475976807e-18,0.044,0.045,0.04445,0.044,0.0004974937185533104,0.004,0.005,0.004900000000000002,0.005,0.00030000000000000003,0.016,0.016,0.016000000000000004,0.016,3.469446951953614e-18,0.01,0.01,0.010000000000000002,0.01,1.734723475976807e-18,0.073,0.094,0.09019999999999999,0.093,0.006838128398911504,0.008,0.009000000000000001,0.008150000000000001,0.008,0.0003570714214271428,0.032,0.034,0.032200000000000006,0.032,0.0005099019513592789,0.005,0.005,0.005000000000000001,0.005,8.673617379884035e-19,32,32,4096,11008,32768,True,792,4
0.019,0.023,0.021952380952380956,0.022,0.0007221786137191953,0.01,0.01,0.010000000000000002,0.01,1.734723475976807e-18,0.044,0.044,0.044000000000000004,0.044,6.938893903907228e-18,0.004,0.005,0.004600000000000002,0.005,0.0004898979485566356,0.016,0.016,0.016000000000000004,0.016,3.469446951953614e-18,0.009000000000000001,0.01,0.009950000000000004,0.01,0.00021794494717703353,0.074,0.093,0.09150000000000001,0.092,0.004043513323831146,0.008,0.009000000000000001,0.008050000000000002,0.008,0.00021794494717703388,0.031,0.036000000000000004,0.032600000000000004,0.032,0.0015620499351813324,0.005,0.005,0.005000000000000001,0.005,8.673617379884035e-19,32,32,4096,11008,32768,True,784,4
0.019,0.023,0.02185714285714286,0.022,0.0007095078297976827,0.01,0.01,0.010000000000000002,0.01,1.734723475976807e-18,0.044,0.045,0.04460000000000001,0.045,0.0004898979485566361,0.004,0.005,0.004250000000000001,0.004,0.0004330127018922194,0.016,0.017,0.016050000000000002,0.016,0.0002179449471770339,0.01,0.01,0.010000000000000002,0.01,1.734723475976807e-18,0.073,0.094,0.08725,0.0925,0.008717080933431789,0.008,0.009000000000000001,0.008350000000000002,0.008,0.00047696960070847325,0.031,0.034,0.03245000000000001,0.032,0.0008645808232895299,0.005,0.005,0.005000000000000001,0.005,8.673617379884035e-19,32,32,4096,11008,32768,True,776,4
0.019,0.023,0.021761904761904767,0.022,0.0007499055118106483,0.01,0.01,0.010000000000000002,0.01,1.734723475976807e-18,0.038,0.039,0.03855000000000001,0.039,0.0004974937185533104,0.004,0.005,0.004900000000000002,0.005,0.00030000000000000003,0.016,0.016,0.016000000000000004,0.016,3.469446951953614e-18,0.009000000000000001,0.01,0.009850000000000003,0.01,0.0003570714214271422,0.048,0.049,0.04860000000000001,0.049,0.000489897948556636,0.006,0.006,0.006000000000000001,0.006,8.673617379884035e-19,0.031,0.034,0.03280000000000001,0.033,0.0006000000000000006,0.005,0.005,0.005000000000000001,0.005,8.673617379884035e-19,32,32,4096,11008,32768,True,768,4
0.019,0.023,0.02190476190476191,0.022,0.0007499055118106486,0.01,0.01,0.010000000000000002,0.01,1.734723475976807e-18,0.038,0.039,0.03880000000000001,0.039,0.00040000000000000034,0.004,0.005,0.004900000000000002,0.005,0.00030000000000000003,0.016,0.016,0.016000000000000004,0.016,3.469446951953614e-18,0.009000000000000001,0.01,0.009950000000000004,0.01,0.00021794494717703353,0.049,0.049,0.04900000000000001,0.049,6.938893903907228e-18,0.006,0.007,0.006100000000000001,0.006,0.00030000000000000003,0.032,0.034,0.033350000000000005,0.033,0.0006538348415311016,0.005,0.005,0.005000000000000001,0.005,8.673617379884035e-19,32,32,4096,11008,32768,True,760,4
0.018000000000000002,0.022,0.02090476190476191,0.021,0.0006834619092574912,0.009000000000000001,0.01,0.009900000000000003,0.01,0.00029999999999999976,0.038,0.039,0.038500000000000006,0.0385,0.0005000000000000006,0.004,0.005,0.004700000000000001,0.005,0.000458257569495584,0.016,0.016,0.016000000000000004,0.016,3.469446951953614e-18,0.009000000000000001,0.01,0.009900000000000003,0.01,0.00029999999999999976,0.048,0.049,0.04820000000000001,0.048,0.0004000000000000003,0.006,0.006,0.006000000000000001,0.006,8.673617379884035e-19,0.031,0.033,0.03250000000000001,0.033,0.0006708203932499375,0.005,0.005,0.005000000000000001,0.005,8.673617379884035e-19,32,32,4096,11008,32768,True,752,4
0.018000000000000002,0.022,0.020904761904761912,0.021,0.0006834619092574914,0.01,0.01,0.010000000000000002,0.01,1.734723475976807e-18,0.038,0.04,0.03885000000000001,0.039,0.0004769696007084732,0.004,0.005,0.004150000000000001,0.004,0.0003570714214271425,0.016,0.016,0.016000000000000004,0.016,3.469446951953614e-18,0.009000000000000001,0.01,0.009850000000000003,0.01,0.0003570714214271422,0.048,0.049,0.04830000000000001,0.048,0.0004582575694955844,0.006,0.007,0.006150000000000001,0.006,0.0003570714214271425,0.032,0.034,0.033100000000000004,0.033,0.0004358898943540678,0.005,0.005,0.005000000000000001,0.005,8.673617379884035e-19,32,32,4096,11008,32768,True,744,4
0.018000000000000002,0.021,0.020857142857142866,0.021,0.0006388765649999395,0.009000000000000001,0.01,0.009800000000000003,0.01,0.0003999999999999997,0.038,0.039,0.038500000000000006,0.0385,0.0005000000000000006,0.004,0.005,0.004150000000000001,0.004,0.0003570714214271425,0.016,0.016,0.016000000000000004,0.016,3.469446951953614e-18,0.009000000000000001,0.01,0.009750000000000003,0.01,0.00043301270189221897,0.048,0.049,0.04805000000000001,0.048,0.00021794494717703385,0.006,0.007,0.0060500000000000016,0.006,0.0002179449471770337,0.031,0.033,0.032600000000000004,0.033,0.0005830951894845307,0.005,0.005,0.005000000000000001,0.005,8.673617379884035e-19,32,32,4096,11008,32768,True,736,4
0.018000000000000002,0.022,0.02095238095238096,0.021,0.0007221786137191948,0.009000000000000001,0.01,0.009800000000000003,0.01,0.00039999999999999964,0.038,0.04,0.03875000000000001,0.039,0.0005361902647381809,0.004,0.005,0.004200000000000001,0.004,0.00039999999999999996,0.016,0.017,0.016050000000000002,0.016,0.0002179449471770339,0.009000000000000001,0.01,0.009900000000000003,0.01,0.00029999999999999976,0.048,0.049,0.04875000000000001,0.049,0.0004330127018922197,0.006,0.007,0.0060500000000000016,0.006,0.0002179449471770337,0.032,0.035,0.033600000000000005,0.034,0.0008602325267042635,0.005,0.005,0.005000000000000001,0.005,8.673617379884035e-19,32,32,4096,11008,32768,True,728,4
0.017,0.021,0.020428571428571435,0.021,0.0009035079029052514,0.009000000000000001,0.01,0.009750000000000003,0.01,0.00043301270189221897,0.038,0.039,0.03835000000000001,0.038,0.0004769696007084732,0.004,0.005,0.004050000000000001,0.004,0.0002179449471770337,0.016,0.016,0.016000000000000004,0.016,3.469446951953614e-18,0.009000000000000001,0.01,0.009500000000000003,0.009500000000000001,0.0004999999999999996,0.048,0.048,0.04800000000000001,0.048,6.938893903907228e-18,0.006,0.006,0.006000000000000001,0.006,8.673617379884035e-19,0.031,0.033,0.03245000000000001,0.0325,0.0005894913061275802,0.005,0.005,0.005000000000000001,0.005,8.673617379884035e-19,32,32,4096,11008,32768,True,720,4
0.017,0.021,0.020047619047619054,0.02,0.000785353452498602,0.009000000000000001,0.01,0.009700000000000004,0.01,0.00045825756949558356,0.038,0.039,0.03855000000000001,0.039,0.0004974937185533104,0.004,0.005,0.004050000000000001,0.004,0.0002179449471770337,0.016,0.017,0.016100000000000003,0.016,0.00030000000000000024,0.009000000000000001,0.01,0.009500000000000003,0.009500000000000001,0.0004999999999999995,0.048,0.049,0.04805000000000001,0.048,0.00021794494717703385,0.006,0.006,0.006000000000000001,0.006,8.673617379884035e-19,0.031,0.034,0.03325000000000001,0.033,0.0008291561975888506,0.004,0.005,0.004850000000000002,0.005,0.0003570714214271425,32,32,4096,11008,32768,True,712,4
0.017,0.02,0.019857142857142865,0.02,0.0006388765649999395,0.009000000000000001,0.01,0.009350000000000002,0.009000000000000001,0.0004769696007084724,0.043000000000000003,0.045,0.04360000000000001,0.044,0.0005830951894845274,0.004,0.005,0.004050000000000001,0.004,0.0002179449471770337,0.016,0.016,0.016000000000000004,0.016,3.469446951953614e-18,0.009000000000000001,0.01,0.009850000000000003,0.01,0.00035707142142714224,0.048,0.048,0.04800000000000001,0.048,6.938893903907228e-18,0.006,0.006,0.006000000000000001,0.006,8.673617379884035e-19,0.031,0.033,0.03275000000000001,0.033,0.0006224949798994371,0.005,0.005,0.005000000000000001,0.005,8.673617379884035e-19,32,32,4096,11008,32768,True,704,4
0.017,0.021,0.01990476190476191,0.02,0.0006834619092574917,0.009000000000000001,0.01,0.009400000000000002,0.009000000000000001,0.0004898979485566352,0.043000000000000003,0.046,0.044550000000000006,0.045,0.0008046738469715535,0.004,0.004,0.004000000000000001,0.004,8.673617379884035e-19,0.016,0.016,0.016000000000000004,0.016,3.469446951953614e-18,0.009000000000000001,0.01,0.009350000000000002,0.009000000000000001,0.0004769696007084724,0.048,0.048,0.04800000000000001,0.048,6.938893903907228e-18,0.006,0.007,0.0060500000000000016,0.006,0.0002179449471770337,0.031,0.034,0.03320000000000001,0.033,0.0007483314773547889,0.004,0.005,0.004700000000000001,0.005,0.00045825756949558405,32,32,4096,11008,32768,True,696,4
0.017,0.02,0.01952380952380953,0.02,0.0007315376902732009,0.009000000000000001,0.01,0.009200000000000003,0.009000000000000001,0.00039999999999999964,0.043000000000000003,0.046,0.0442,0.044,0.0008717797887081336,0.004,0.004,0.004000000000000001,0.004,8.673617379884035e-19,0.016,0.016,0.016000000000000004,0.016,3.469446951953614e-18,0.009000000000000001,0.01,0.009450000000000004,0.009000000000000001,0.0004974937185533094,0.048,0.048,0.04800000000000001,0.048,6.938893903907228e-18,0.006,0.006,0.006000000000000001,0.006,8.673617379884035e-19,0.031,0.033,0.03230000000000001,0.032,0.0006403124237432854,0.004,0.005,0.004600000000000002,0.005,0.0004898979485566356,32,32,4096,11008,32768,True,688,4
0.017,0.02,0.019000000000000006,0.019,0.0005345224838248486,0.009000000000000001,0.01,0.009100000000000002,0.009000000000000001,0.00029999999999999976,0.044,0.046,0.045200000000000004,0.045,0.0006000000000000005,0.004,0.005,0.004050000000000001,0.004,0.0002179449471770337,0.016,0.016,0.016000000000000004,0.016,3.469446951953614e-18,0.009000000000000001,0.01,0.009250000000000003,0.009000000000000001,0.00043301270189221897,0.048,0.048,0.04800000000000001,0.048,6.938893903907228e-18,0.006,0.006,0.006000000000000001,0.006,8.673617379884035e-19,0.032,0.034,0.033600000000000005,0.034,0.0005830951894845307,0.004,0.005,0.004300000000000001,0.004,0.0004582575694955841,32,32,4096,11008,32768,True,680,4
0.016,0.02,0.01928571428571429,0.019,0.0008806305718527111,0.009000000000000001,0.01,0.009050000000000002,0.009000000000000001,0.00021794494717703353,0.044,0.048,0.045000000000000005,0.045,0.0010954451150103333,0.004,0.004,0.004000000000000001,0.004,8.673617379884035e-19,0.017,0.017,0.017000000000000005,0.017,3.469446951953614e-18,0.009000000000000001,0.01,0.009150000000000002,0.009000000000000001,0.00035707142142714214,0.047,0.047,0.04700000000000001,0.047,6.938893903907228e-18,0.006,0.006,0.006000000000000001,0.006,8.673617379884035e-19,0.031,0.033,0.032400000000000005,0.032,0.0005830951894845306,0.004,0.005,0.004100000000000001,0.004,0.00030000000000000003,32,32,4096,11008,32768,True,672,4
0.017,0.02,0.01928571428571429,0.019,0.0006998542122237654,0.009000000000000001,0.01,0.009050000000000002,0.009000000000000001,0.00021794494717703353,0.045,0.047,0.045750000000000006,0.046,0.0006982120021884477,0.004,0.004,0.004000000000000001,0.004,8.673617379884035e-19,0.017,0.017,0.017000000000000005,0.017,3.469446951953614e-18,0.009000000000000001,0.01,0.009150000000000002,0.009000000000000001,0.00035707142142714214,0.047,0.047,0.04700000000000001,0.047,6.938893903907228e-18,0.006,0.006,0.006000000000000001,0.006,8.673617379884035e-19,0.032,0.034,0.03300000000000001,0.033,0.0003162277660168382,0.004,0.005,0.004050000000000001,0.004,0.0002179449471770337,32,32,4096,11008,32768,True,664,4
0.016,0.019,0.01866666666666667,0.019,0.0007126966450997977,0.009000000000000001,0.009000000000000001,0.009000000000000003,0.009000000000000001,1.734723475976807e-18,0.044,0.046,0.04540000000000001,0.0455,0.0006633249580710806,0.004,0.004,0.004000000000000001,0.004,8.673617379884035e-19,0.017,0.017,0.017000000000000005,0.017,3.469446951953614e-18,0.009000000000000001,0.009000000000000001,0.009000000000000003,0.009000000000000001,1.734723475976807e-18,0.046,0.047,0.046950000000000006,0.047,0.00021794494717703385,0.005,0.006,0.00525,0.005,0.00043301270189221935,0.032,0.033,0.03255000000000001,0.033,0.0004974937185533104,0.004,0.004,0.004000000000000001,0.004,8.673617379884035e-19,32,32,4096,11008,32768,True,656,4
0.016,0.019,0.01852380952380953,0.019,0.0007315376902732,0.009000000000000001,0.009000000000000001,0.009000000000000003,0.009000000000000001,1.734723475976807e-18,0.044,0.046,0.04565000000000001,0.046,0.0007262919523166982,0.004,0.004,0.004000000000000001,0.004,8.673617379884035e-19,0.017,0.017,0.017000000000000005,0.017,3.469446951953614e-18,0.009000000000000001,0.009000000000000001,0.009000000000000003,0.009000000000000001,1.734723475976807e-18,0.047,0.058,0.052100000000000014,0.051500000000000004,0.0029816103031751143,0.006,0.006,0.006000000000000001,0.006,8.673617379884035e-19,0.032,0.034,0.03305000000000001,0.033,0.00038405728739343076,0.004,0.004,0.004000000000000001,0.004,8.673617379884035e-19,32,32,4096,11008,32768,True,648,4
0.015,0.019,0.018047619047619052,0.018000000000000002,0.0007853534524986018,0.009000000000000001,0.009000000000000001,0.009000000000000003,0.009000000000000001,1.734723475976807e-18,0.027,0.029,0.0279,0.028,0.0005385164807134509,0.004,0.005,0.004050000000000001,0.004,0.0002179449471770337,0.014,0.015,0.014100000000000001,0.014,0.00029999999999999976,0.009000000000000001,0.009000000000000001,0.009000000000000003,0.009000000000000001,1.734723475976807e-18,0.047,0.048,0.04705000000000001,0.047,0.00021794494717703385,0.005,0.005,0.005000000000000001,0.005,8.673617379884035e-19,0.027,0.028,0.027850000000000003,0.028,0.00035707142142714284,0.004,0.004,0.004000000000000001,0.004,8.673617379884035e-19,32,32,4096,11008,32768,True,640,4
0.016,0.019,0.018190476190476194,0.018000000000000002,0.0006632565846278147,0.009000000000000001,0.009000000000000001,0.009000000000000003,0.009000000000000001,1.734723475976807e-18,0.027,0.029,0.027950000000000003,0.028,0.0003840572873934308,0.004,0.004,0.004000000000000001,0.004,8.673617379884035e-19,0.014,0.015,0.014300000000000002,0.014,0.00045825756949558356,0.009000000000000001,0.009000000000000001,0.009000000000000003,0.009000000000000001,1.734723475976807e-18,0.047,0.048,0.04735000000000001,0.047,0.0004769696007084732,0.005,0.006,0.005050000000000001,0.005,0.0002179449471770337,0.027,0.029,0.028200000000000003,0.028,0.0006000000000000006,0.004,0.005,0.004050000000000001,0.004,0.0002179449471770337,32,32,4096,11008,32768,True,632,4
0.016,0.019,0.01795238095238096,0.018000000000000002,0.0004856209060564558,0.009000000000000001,0.009000000000000001,0.009000000000000003,0.009000000000000001,1.734723475976807e-18,0.027,0.028,0.027750000000000004,0.028,0.00043301270189221973,0.004,0.005,0.004100000000000001,0.004,0.00030000000000000003,0.014,0.015,0.014150000000000001,0.014,0.00035707142142714214,0.009000000000000001,0.009000000000000001,0.009000000000000003,0.009000000000000001,1.734723475976807e-18,0.047,0.05,0.04715000000000001,0.047,0.0006538348415311017,0.005,0.005,0.005000000000000001,0.005,8.673617379884035e-19,0.027,0.028,0.027750000000000004,0.028,0.0004330127018922198,0.004,0.004,0.004000000000000001,0.004,8.673617379884035e-19,32,32,4096,11008,32768,True,624,4
0.015,0.018000000000000002,0.01752380952380953,0.018000000000000002,0.0007315376902732015,0.009000000000000001,0.009000000000000001,0.009000000000000003,0.009000000000000001,1.734723475976807e-18,0.027,0.029,0.027750000000000004,0.028,0.0006224949798994372,0.004,0.004,0.004000000000000001,0.004,8.673617379884035e-19,0.014,0.015,0.014350000000000002,0.014,0.0004769696007084724,0.009000000000000001,0.009000000000000001,0.009000000000000003,0.009000000000000001,1.734723475976807e-18,0.047,0.052000000000000005,0.04790000000000001,0.048,0.0012206555615733713,0.005,0.005,0.005000000000000001,0.005,8.673617379884035e-19,0.027,0.029,0.02815,0.028,0.00047696960070847325,0.004,0.004,0.004000000000000001,0.004,8.673617379884035e-19,32,32,4096,11008,32768,True,616,4
0.015,0.018000000000000002,0.01733333333333334,0.017,0.000712696645099799,0.009000000000000001,0.009000000000000001,0.009000000000000003,0.009000000000000001,1.734723475976807e-18,0.027,0.029,0.027700000000000002,0.028,0.0005567764362830027,0.004,0.004,0.004000000000000001,0.004,8.673617379884035e-19,0.014,0.015,0.014050000000000002,0.014,0.00021794494717703353,0.009000000000000001,0.009000000000000001,0.009000000000000003,0.009000000000000001,1.734723475976807e-18,0.047,0.047,0.04700000000000001,0.047,6.938893903907228e-18,0.005,0.005,0.005000000000000001,0.005,8.673617379884035e-19,0.027,0.028,0.027700000000000002,0.028,0.0004582575694955844,0.004,0.004,0.004000000000000001,0.004,8.673617379884035e-19,32,32,4096,11008,32768,True,608,4
0.015,0.018000000000000002,0.017761904761904767,0.018000000000000002,0.0006834619092574922,0.008,0.009000000000000001,0.008950000000000003,0.009000000000000001,0.00021794494717703385,0.027,0.029,0.027800000000000002,0.028,0.000509901951359279,0.004,0.004,0.004000000000000001,0.004,8.673617379884035e-19,0.014,0.015,0.014400000000000001,0.014,0.0004898979485566352,0.009000000000000001,0.009000000000000001,0.009000000000000003,0.009000000000000001,1.734723475976807e-18,0.047,0.047,0.04700000000000001,0.047,6.938893903907228e-18,0.005,0.005,0.005000000000000001,0.005,8.673617379884035e-19,0.027,0.029,0.028000000000000004,0.028,0.00044721359549995833,0.004,0.004,0.004000000000000001,0.004,8.673617379884035e-19,32,32,4096,11008,32768,True,600,4
0.015,0.018000000000000002,0.017000000000000005,0.017,0.0005345224838248493,0.008,0.009000000000000001,0.008950000000000003,0.009000000000000001,0.00021794494717703385,0.027,0.028,0.027450000000000002,0.027,0.0004974937185533104,0.004,0.005,0.004050000000000001,0.004,0.0002179449471770337,0.014,0.015,0.014050000000000002,0.014,0.00021794494717703353,0.009000000000000001,0.009000000000000001,0.009000000000000003,0.009000000000000001,1.734723475976807e-18,0.047,0.047,0.04700000000000001,0.047,6.938893903907228e-18,0.005,0.005,0.005000000000000001,0.005,8.673617379884035e-19,0.027,0.029,0.028000000000000004,0.028,0.0003162277660168382,0.004,0.004,0.004000000000000001,0.004,8.673617379884035e-19,32,32,4096,11008,32768,True,592,4
0.014,0.017,0.016761904761904766,0.017,0.0006834619092574919,0.008,0.009000000000000001,0.008900000000000002,0.009000000000000001,0.0003000000000000003,0.027,0.029,0.027700000000000002,0.028,0.0005567764362830027,0.004,0.004,0.004000000000000001,0.004,8.673617379884035e-19,0.014,0.015,0.014250000000000002,0.014,0.00043301270189221897,0.009000000000000001,0.009000000000000001,0.009000000000000003,0.009000000000000001,1.734723475976807e-18,0.047,0.047,0.04700000000000001,0.047,6.938893903907228e-18,0.005,0.005,0.005000000000000001,0.005,8.673617379884035e-19,0.027,0.029,0.028100000000000003,0.028,0.00043588989435406776,0.004,0.004,0.004000000000000001,0.004,8.673617379884035e-19,32,32,4096,11008,32768,True,584,4
0.014,0.017,0.016238095238095242,0.016,0.0006834619092574921,0.008,0.009000000000000001,0.008750000000000003,0.009000000000000001,0.0004330127018922198,0.027,0.028,0.02715,0.027,0.0003570714214271428,0.004,0.004,0.004000000000000001,0.004,8.673617379884035e-19,0.015,0.017,0.015900000000000004,0.016,0.00043588989435406776,0.008,0.009000000000000001,0.008850000000000002,0.009000000000000001,0.0003570714214271428,0.046,0.047,0.04655000000000001,0.047,0.0004974937185533104,0.005,0.005,0.005000000000000001,0.005,8.673617379884035e-19,0.031,0.033,0.03270000000000001,0.033,0.0005567764362830027,0.004,0.004,0.004000000000000001,0.004,8.673617379884035e-19,32,32,4096,11008,32768,True,576,4
0.014,0.017,0.01633333333333334,0.016,0.0007126966450997986,0.008,0.009000000000000001,0.008750000000000003,0.009000000000000001,0.0004330127018922198,0.027,0.028,0.027250000000000003,0.027,0.00043301270189221973,0.004,0.004,0.004000000000000001,0.004,8.673617379884035e-19,0.015,0.017,0.016000000000000004,0.016,0.0003162277660168382,0.008,0.009000000000000001,0.008900000000000002,0.009000000000000001,0.0003000000000000003,0.046,0.047,0.046950000000000006,0.047,0.00021794494717703385,0.005,0.005,0.005000000000000001,0.005,8.673617379884035e-19,0.032,0.034,0.03300000000000001,0.033,0.00044721359549995833,0.004,0.004,0.004000000000000001,0.004,8.673617379884035e-19,32,32,4096,11008,32768,True,568,4
0.014,0.017,0.01633333333333334,0.016,0.0007126966450997987,0.008,0.009000000000000001,0.008550000000000002,0.009000000000000001,0.0004974937185533104,0.027,0.028,0.027200000000000002,0.027,0.00040000000000000034,0.004,0.004,0.004000000000000001,0.004,8.673617379884035e-19,0.015,0.016,0.015650000000000004,0.016,0.0004769696007084733,0.008,0.009000000000000001,0.008700000000000003,0.009000000000000001,0.0004582575694955844,0.046,0.047,0.04615000000000001,0.046,0.0003570714214271428,0.005,0.005,0.005000000000000001,0.005,8.673617379884035e-19,0.031,0.033,0.032400000000000005,0.032,0.0005830951894845306,0.004,0.004,0.004000000000000001,0.004,8.673617379884035e-19,32,32,4096,11008,32768,True,560,4
0.014,0.017,0.015952380952380957,0.016,0.00048562090605645586,0.008,0.009000000000000001,0.008700000000000003,0.009000000000000001,0.0004582575694955844,0.027,0.028,0.027200000000000002,0.027,0.00040000000000000034,0.004,0.004,0.004000000000000001,0.004,8.673617379884035e-19,0.015,0.016,0.015950000000000002,0.016,0.00021794494717703385,0.008,0.009000000000000001,0.008700000000000003,0.009000000000000001,0.0004582575694955845,0.046,0.047,0.04690000000000001,0.047,0.00030000000000000024,0.005,0.005,0.005000000000000001,0.005,8.673617379884035e-19,0.032,0.033,0.03280000000000001,0.033,0.00040000000000000034,0.004,0.004,0.004000000000000001,0.004,8.673617379884035e-19,32,32,4096,11008,32768,True,552,4
0.014,0.016,0.015904761904761908,0.016,0.00042591770999995997,0.008,0.009000000000000001,0.008250000000000002,0.008,0.0004330127018922198,0.027,0.028,0.027100000000000003,0.027,0.00030000000000000024,0.004,0.004,0.004000000000000001,0.004,8.673617379884035e-19,0.015,0.016,0.0158,0.016,0.00040000000000000034,0.008,0.009000000000000001,0.008600000000000002,0.009000000000000001,0.000489897948556636,0.046,0.046,0.046000000000000006,0.046,6.938893903907228e-18,0.005,0.005,0.005000000000000001,0.005,8.673617379884035e-19,0.032,0.033,0.03275000000000001,0.033,0.0004330127018922197,0.004,0.004,0.004000000000000001,0.004,8.673617379884035e-19,32,32,4096,11008,32768,True,544,4
0.014,0.016,0.015904761904761908,0.016,0.00042591770999995997,0.008,0.009000000000000001,0.008150000000000001,0.008,0.0003570714214271428,0.027,0.028,0.02715,0.027,0.0003570714214271428,0.004,0.004,0.004000000000000001,0.004,8.673617379884035e-19,0.015,0.016,0.015900000000000004,0.016,0.0003000000000000003,0.008,0.009000000000000001,0.008350000000000002,0.008,0.00047696960070847325,0.046,0.047,0.046200000000000005,0.046,0.0004000000000000003,0.005,0.005,0.005000000000000001,0.005,8.673617379884035e-19,0.032,0.033,0.032900000000000006,0.033,0.0003000000000000003,0.004,0.004,0.004000000000000001,0.004,8.673617379884035e-19,32,32,4096,11008,32768,True,536,4
0.013000000000000001,0.016,0.01571428571428572,0.016,0.0006998542122237651,0.007,0.007,0.007000000000000001,0.007,8.673617379884035e-19,0.026000000000000002,0.028,0.027000000000000007,0.027,0.00031622776601683767,0.003,0.004,0.0031000000000000008,0.003,0.0003,0.015,0.016,0.015650000000000004,0.016,0.0004769696007084733,0.007,0.007,0.007000000000000001,0.007,8.673617379884035e-19,0.046,0.046,0.046000000000000006,0.046,6.938893903907228e-18,0.004,0.005,0.004100000000000001,0.004,0.00030000000000000003,0.032,0.033,0.03255000000000001,0.033,0.0004974937185533104,0.004,0.004,0.004000000000000001,0.004,8.673617379884035e-19,32,32,4096,11008,32768,True,528,4
0.013000000000000001,0.016,0.015095238095238097,0.015,0.0006098213559459856,0.007,0.007,0.007000000000000001,0.007,8.673617379884035e-19,0.026000000000000002,0.028,0.027000000000000003,0.027,0.0003162277660168377,0.003,0.003,0.0030000000000000005,0.003,4.336808689942018e-19,0.015,0.016,0.015950000000000002,0.016,0.00021794494717703385,0.007,0.007,0.007000000000000001,0.007,8.673617379884035e-19,0.046,0.047,0.04635000000000001,0.046,0.00047696960070847325,0.004,0.005,0.004200000000000001,0.004,0.0004,0.032,0.033,0.032850000000000004,0.033,0.0003570714214271428,0.004,0.004,0.004000000000000001,0.004,8.673617379884035e-19,32,32,4096,11008,32768,True,520,4
0.013000000000000001,0.015,0.014904761904761907,0.015,0.0004259177099999596,0.007,0.007,0.007000000000000001,0.007,8.673617379884035e-19,0.026000000000000002,0.026000000000000002,0.026000000000000006,0.026000000000000002,3.469446951953614e-18,0.003,0.003,0.0030000000000000005,0.003,4.336808689942018e-19,0.012,0.013000000000000001,0.012100000000000003,0.012,0.00030000000000000024,0.007,0.007,0.007000000000000001,0.007,8.673617379884035e-19,0.039,0.047,0.04505000000000001,0.047,0.003169779172119092,0.005,0.005,0.005000000000000001,0.005,8.673617379884035e-19,0.022,0.023,0.022950000000000005,0.023,0.00021794494717703385,0.003,0.004,0.0039000000000000007,0.004,0.00030000000000000003,32,32,4096,11008,32768,True,512,4
0.013000000000000001,0.016,0.014952380952380955,0.015,0.0004856209060564555,0.007,0.007,0.007000000000000001,0.007,8.673617379884035e-19,0.026000000000000002,0.027,0.026050000000000007,0.026000000000000002,0.00021794494717703312,0.003,0.004,0.0030500000000000006,0.003,0.0002179449471770337,0.011,0.012,0.011950000000000002,0.012,0.00021794494717703385,0.007,0.007,0.007000000000000001,0.007,8.673617379884035e-19,0.045,0.045,0.045000000000000005,0.045,6.938893903907228e-18,0.004,0.004,0.004000000000000001,0.004,8.673617379884035e-19,0.023,0.024,0.023050000000000005,0.023,0.00021794494717703388,0.004,0.004,0.004000000000000001,0.004,8.673617379884035e-19,32,32,4096,11008,32768,True,504,4
0.013000000000000001,0.015,0.014761904761904764,0.015,0.000525969572247012,0.007,0.007,0.007000000000000001,0.007,8.673617379884035e-19,0.026000000000000002,0.027,0.026050000000000007,0.026000000000000002,0.00021794494717703312,0.003,0.003,0.0030000000000000005,0.003,4.336808689942018e-19,0.011,0.012,0.011700000000000002,0.012,0.0004582575694955844,0.007,0.007,0.007000000000000001,0.007,8.673617379884035e-19,0.044,0.045,0.04415000000000001,0.044,0.0003570714214271428,0.004,0.004,0.004000000000000001,0.004,8.673617379884035e-19,0.023,0.024,0.023450000000000006,0.023,0.0004974937185533104,0.004,0.004,0.004000000000000001,0.004,8.673617379884035e-19,32,32,4096,11008,32768,True,496,4
0.012,0.015,0.014142857142857145,0.014,0.0006388765649999397,0.007,0.007,0.007000000000000001,0.007,8.673617379884035e-19,0.026000000000000002,0.027,0.026050000000000007,0.026000000000000002,0.00021794494717703312,0.003,0.003,0.0030000000000000005,0.003,4.336808689942018e-19,0.011,0.012,0.011850000000000003,0.012,0.0003570714214271428,0.007,0.007,0.007000000000000001,0.007,8.673617379884035e-19,0.044,0.045,0.044800000000000006,0.045,0.00040000000000000034,0.004,0.004,0.004000000000000001,0.004,8.673617379884035e-19,0.023,0.024,0.023950000000000006,0.024,0.00021794494717703385,0.003,0.004,0.0039000000000000007,0.004,0.00030000000000000003,32,32,4096,11008,32768,True,488,4
0.012,0.015,0.014000000000000002,0.014,0.0005345224838248486,0.007,0.007,0.007000000000000001,0.007,8.673617379884035e-19,0.026000000000000002,0.026000000000000002,0.026000000000000006,0.026000000000000002,3.469446951953614e-18,0.003,0.003,0.0030000000000000005,0.003,4.336808689942018e-19,0.012,0.013000000000000001,0.012600000000000004,0.013000000000000001,0.0004898979485566361,0.007,0.007,0.007000000000000001,0.007,8.673617379884035e-19,0.044,0.045,0.04415000000000001,0.044,0.00035707142142714273,0.004,0.005,0.004050000000000001,0.004,0.0002179449471770337,0.023,0.024,0.023400000000000004,0.023,0.000489897948556636,0.003,0.004,0.003350000000000001,0.003,0.0004769696007084728,32,32,4096,11008,32768,True,480,4
0.012,0.015,0.013952380952380957,0.014,0.0004856209060564557,0.007,0.007,0.007000000000000001,0.007,8.673617379884035e-19,0.026000000000000002,0.026000000000000002,0.026000000000000006,0.026000000000000002,3.469446951953614e-18,0.003,0.004,0.0030500000000000006,0.003,0.0002179449471770337,0.013000000000000001,0.013000000000000001,0.013000000000000003,0.013000000000000001,1.734723475976807e-18,0.007,0.007,0.007000000000000001,0.007,8.673617379884035e-19,0.044,0.045,0.044750000000000005,0.045,0.0004330127018922197,0.004,0.004,0.004000000000000001,0.004,8.673617379884035e-19,0.024,0.024,0.024000000000000004,0.024,3.469446951953614e-18,0.003,0.003,0.0030000000000000005,0.003,4.336808689942018e-19,32,32,4096,11008,32768,True,472,4
0.012,0.014,0.013857142857142861,0.014,0.0004665694748158434,0.007,0.007,0.007000000000000001,0.007,8.673617379884035e-19,0.025,0.026000000000000002,0.025650000000000006,0.026000000000000002,0.0004769696007084733,0.003,0.003,0.0030000000000000005,0.003,4.336808689942018e-19,0.013000000000000001,0.013000000000000001,0.013000000000000003,0.013000000000000001,1.734723475976807e-18,0.007,0.007,0.007000000000000001,0.007,8.673617379884035e-19,0.043000000000000003,0.044,0.04385000000000001,0.044,0.00035707142142714035,0.004,0.004,0.004000000000000001,0.004,8.673617379884035e-19,0.024,0.026000000000000002,0.024350000000000004,0.024,0.0006538348415311016,0.003,0.004,0.0030500000000000006,0.003,0.0002179449471770337,32,32,4096,11008,32768,True,464,4
0.012,0.014,0.01347619047619048,0.014,0.000587087047901807,0.007,0.007,0.007000000000000001,0.007,8.673617379884035e-19,0.026000000000000002,0.026000000000000002,0.026000000000000006,0.026000000000000002,3.469446951953614e-18,0.003,0.003,0.0030000000000000005,0.003,4.336808689942018e-19,0.013000000000000001,0.013000000000000001,0.013000000000000003,0.013000000000000001,1.734723475976807e-18,0.007,0.007,0.007000000000000001,0.007,8.673617379884035e-19,0.044,0.045,0.044500000000000005,0.0445,0.0005000000000000004,0.004,0.005,0.004050000000000001,0.004,0.0002179449471770337,0.024,0.024,0.024000000000000004,0.024,3.469446951953614e-18,0.003,0.003,0.0030000000000000005,0.003,4.336808689942018e-19,32,32,4096,11008,32768,True,456,4
0.011,0.014,0.013000000000000003,0.013000000000000001,0.000534522483824849,0.007,0.007,0.007000000000000001,0.007,8.673617379884035e-19,0.025,0.026000000000000002,0.025850000000000005,0.026000000000000002,0.0003570714214271428,0.003,0.003,0.0030000000000000005,0.003,4.336808689942018e-19,0.013000000000000001,0.014,0.013100000000000004,0.013000000000000001,0.00029999999999999976,0.007,0.007,0.007000000000000001,0.007,8.673617379884035e-19,0.043000000000000003,0.045,0.04365000000000001,0.044,0.0006538348415310986,0.004,0.005,0.004950000000000001,0.005,0.00021794494717703366,0.024,0.025,0.024550000000000006,0.025,0.0004974937185533105,0.003,0.003,0.0030000000000000005,0.003,4.336808689942018e-19,32,32,4096,11008,32768,True,448,4
0.011,0.013000000000000001,0.012904761904761908,0.013000000000000001,0.0004259177099999603,0.007,0.007,0.007000000000000001,0.007,8.673617379884035e-19,0.026000000000000002,0.026000000000000002,0.026000000000000006,0.026000000000000002,3.469446951953614e-18,0.003,0.004,0.0030500000000000006,0.003,0.0002179449471770337,0.013000000000000001,0.013000000000000001,0.013000000000000003,0.013000000000000001,1.734723475976807e-18,0.007,0.007,0.007000000000000001,0.007,8.673617379884035e-19,0.043000000000000003,0.045,0.04385000000000001,0.044,0.0007262919523166952,0.004,0.005,0.004950000000000001,0.005,0.00021794494717703366,0.025,0.025,0.025000000000000005,0.025,3.469446951953614e-18,0.003,0.003,0.0030000000000000005,0.003,4.336808689942018e-19,32,32,4096,11008,32768,True,440,4
0.011,0.013000000000000001,0.012904761904761908,0.013000000000000001,0.0004259177099999603,0.007,0.007,0.007000000000000001,0.007,8.673617379884035e-19,0.025,0.026000000000000002,0.025550000000000007,0.026000000000000002,0.0004974937185533105,0.003,0.003,0.0030000000000000005,0.003,4.336808689942018e-19,0.013000000000000001,0.014,0.013150000000000004,0.013000000000000001,0.0003570714214271422,0.007,0.007,0.007000000000000001,0.007,8.673617379884035e-19,0.042,0.045,0.043550000000000005,0.044,0.0006689544080129801,0.004,0.005,0.004300000000000001,0.004,0.00045825756949558405,0.024,0.025,0.024950000000000007,0.025,0.00021794494717703385,0.003,0.003,0.0030000000000000005,0.003,4.336808689942018e-19,32,32,4096,11008,32768,True,432,4
0.011,0.013000000000000001,0.012761904761904766,0.013000000000000001,0.000525969572247013,0.007,0.007,0.007000000000000001,0.007,8.673617379884035e-19,0.026000000000000002,0.027,0.026050000000000007,0.026000000000000002,0.00021794494717703312,0.003,0.003,0.0030000000000000005,0.003,4.336808689942018e-19,0.013000000000000001,0.013000000000000001,0.013000000000000003,0.013000000000000001,1.734723475976807e-18,0.007,0.007,0.007000000000000001,0.007,8.673617379884035e-19,0.043000000000000003,0.045,0.04385000000000001,0.044,0.0007262919523166952,0.004,0.005,0.004500000000000001,0.0045000000000000005,0.0005,0.026000000000000002,0.026000000000000002,0.026000000000000006,0.026000000000000002,3.469446951953614e-18,0.003,0.003,0.0030000000000000005,0.003,4.336808689942018e-19,32,32,4096,11008,32768,True,424,4
0.011,0.013000000000000001,0.012333333333333337,0.012,0.0005634361698190117,0.007,0.007,0.007000000000000001,0.007,8.673617379884035e-19,0.025,0.026000000000000002,0.025800000000000007,0.026000000000000002,0.0004000000000000003,0.003,0.003,0.0030000000000000005,0.003,4.336808689942018e-19,0.013000000000000001,0.013000000000000001,0.013000000000000003,0.013000000000000001,1.734723475976807e-18,0.007,0.007,0.007000000000000001,0.007,8.673617379884035e-19,0.043000000000000003,0.046,0.044300000000000006,0.044,0.0007810249675906644,0.004,0.005,0.004250000000000001,0.004,0.00043301270189221935,0.025,0.026000000000000002,0.025800000000000007,0.026000000000000002,0.0004000000000000003,0.003,0.003,0.0030000000000000005,0.003,4.336808689942018e-19,32,32,4096,11008,32768,True,416,4
0.01,0.013000000000000001,0.01204761904761905,0.012,0.0005753831415997416,0.007,0.007,0.007000000000000001,0.007,8.673617379884035e-19,0.026000000000000002,0.026000000000000002,0.026000000000000006,0.026000000000000002,3.469446951953614e-18,0.003,0.003,0.0030000000000000005,0.003,4.336808689942018e-19,0.013000000000000001,0.013000000000000001,0.013000000000000003,0.013000000000000001,1.734723475976807e-18,0.007,0.007,0.007000000000000001,0.007,8.673617379884035e-19,0.042,0.045,0.04385000000000001,0.044,0.000792148975887741,0.004,0.005,0.004200000000000001,0.004,0.0004,0.025,0.027,0.026150000000000007,0.026000000000000002,0.00047696960070847194,0.003,0.003,0.0030000000000000005,0.003,4.336808689942018e-19,32,32,4096,11008,32768,True,408,4
0.01,0.012,0.011904761904761908,0.012,0.00042591770999995997,0.007,0.007,0.007000000000000001,0.007,8.673617379884035e-19,0.025,0.026000000000000002,0.025400000000000006,0.025,0.000489897948556636,0.003,0.003,0.0030000000000000005,0.003,4.336808689942018e-19,0.013000000000000001,0.014,0.013700000000000004,0.014,0.0004582575694955836,0.007,0.007,0.007000000000000001,0.007,8.673617379884035e-19,0.042,0.044,0.04340000000000001,0.043000000000000003,0.0005830951894845273,0.004,0.005,0.004100000000000001,0.004,0.00030000000000000003,0.026000000000000002,0.027,0.026800000000000008,0.027,0.00039999999999999893,0.003,0.003,0.0030000000000000005,0.003,4.336808689942018e-19,32,32,4096,11008,32768,True,400,4
0.01,0.012,0.011904761904761908,0.012,0.00042591770999995997,0.007,0.007,0.007000000000000001,0.007,8.673617379884035e-19,0.026000000000000002,0.026000000000000002,0.026000000000000006,0.026000000000000002,3.469446951953614e-18,0.003,0.003,0.0030000000000000005,0.003,4.336808689942018e-19,0.013000000000000001,0.013000000000000001,0.013000000000000003,0.013000000000000001,1.734723475976807e-18,0.007,0.007,0.007000000000000001,0.007,8.673617379884035e-19,0.042,0.045,0.04360000000000001,0.044,0.000734846922834951,0.004,0.004,0.004000000000000001,0.004,8.673617379884035e-19,0.027,0.028,0.027750000000000004,0.028,0.0004330127018922197,0.003,0.003,0.0030000000000000005,0.003,4.336808689942018e-19,32,32,4096,11008,32768,True,392,4
0.01,0.012,0.011523809523809526,0.012,0.0005870870479018075,0.007,0.007,0.007000000000000001,0.007,8.673617379884035e-19,0.025,0.026000000000000002,0.025800000000000007,0.026000000000000002,0.00040000000000000034,0.003,0.003,0.0030000000000000005,0.003,4.336808689942018e-19,0.011,0.011,0.011000000000000001,0.011,1.734723475976807e-18,0.007,0.007,0.007000000000000001,0.007,8.673617379884035e-19,0.036000000000000004,0.038,0.03735000000000001,0.037,0.0006538348415311003,0.003,0.004,0.0038000000000000004,0.004,0.0004,0.019,0.02,0.019100000000000002,0.019,0.00030000000000000024,0.003,0.003,0.0030000000000000005,0.003,4.336808689942018e-19,32,32,4096,11008,32768,True,384,4
0.01,0.012,0.01104761904761905,0.011,0.00037495275590532446,0.007,0.007,0.007000000000000001,0.007,8.673617379884035e-19,0.025,0.025,0.025000000000000005,0.025,3.469446951953614e-18,0.003,0.003,0.0030000000000000005,0.003,4.336808689942018e-19,0.011,0.011,0.011000000000000001,0.011,1.734723475976807e-18,0.007,0.007,0.007000000000000001,0.007,8.673617379884035e-19,0.036000000000000004,0.038,0.03695000000000001,0.037,0.00038405728739342903,0.004,0.004,0.004000000000000001,0.004,8.673617379884035e-19,0.019,0.02,0.019400000000000004,0.019,0.000489897948556636,0.003,0.003,0.0030000000000000005,0.003,4.336808689942018e-19,32,32,4096,11008,32768,True,376,4
0.01,0.012,0.01104761904761905,0.011,0.00037495275590532446,0.007,0.007,0.007000000000000001,0.007,8.673617379884035e-19,0.024,0.025,0.024700000000000007,0.025,0.0004582575694955844,0.003,0.003,0.0030000000000000005,0.003,4.336808689942018e-19,0.011,0.011,0.011000000000000001,0.011,1.734723475976807e-18,0.006,0.007,0.006950000000000002,0.007,0.00021794494717703366,0.036000000000000004,0.038,0.03685000000000001,0.037,0.0005722761571129777,0.003,0.004,0.0036000000000000003,0.004,0.0004898979485566356,0.019,0.02,0.019050000000000004,0.019,0.00021794494717703388,0.003,0.003,0.0030000000000000005,0.003,4.336808689942018e-19,32,32,4096,11008,32768,True,368,4
0.009000000000000001,0.011,0.010904761904761907,0.011,0.0004259177099999596,0.007,0.007,0.007000000000000001,0.007,8.673617379884035e-19,0.025,0.025,0.025000000000000005,0.025,3.469446951953614e-18,0.003,0.003,0.0030000000000000005,0.003,4.336808689942018e-19,0.011,0.012,0.01105,0.011,0.0002179449471770339,0.006,0.007,0.006950000000000002,0.007,0.00021794494717703366,0.039,0.041,0.04010000000000001,0.04,0.0005385164807134509,0.003,0.004,0.00395,0.004,0.0002179449471770337,0.019,0.02,0.019400000000000004,0.019,0.000489897948556636,0.003,0.003,0.0030000000000000005,0.003,4.336808689942018e-19,32,32,4096,11008,32768,True,360,4
0.009000000000000001,0.011,0.010904761904761907,0.011,0.0004259177099999596,0.007,0.007,0.007000000000000001,0.007,8.673617379884035e-19,0.024,0.025,0.024750000000000005,0.025,0.00043301270189221973,0.003,0.003,0.0030000000000000005,0.003,4.336808689942018e-19,0.011,0.011,0.011000000000000001,0.011,1.734723475976807e-18,0.006,0.007,0.006900000000000002,0.007,0.00030000000000000003,0.035,0.036000000000000004,0.03570000000000001,0.036000000000000004,0.0004582575694955844,0.003,0.004,0.0035000000000000005,0.0035,0.0005,0.019,0.019,0.019000000000000003,0.019,3.469446951953614e-18,0.003,0.003,0.0030000000000000005,0.003,4.336808689942018e-19,32,32,4096,11008,32768,True,352,4
0.009000000000000001,0.011,0.010714285714285716,0.011,0.0005471012044321928,0.007,0.007,0.007000000000000001,0.007,8.673617379884035e-19,0.025,0.025,0.025000000000000005,0.025,3.469446951953614e-18,0.003,0.003,0.0030000000000000005,0.003,4.336808689942018e-19,0.011,0.012,0.011150000000000002,0.011,0.0003570714214271428,0.006,0.007,0.0069500000000000004,0.007,0.0002179449471770337,0.036000000000000004,0.037,0.03665000000000001,0.037,0.00047696960070846994,0.003,0.004,0.00355,0.004,0.00049749371855331,0.019,0.02,0.019200000000000002,0.019,0.00040000000000000034,0.003,0.003,0.0030000000000000005,0.003,4.336808689942018e-19,32,32,4096,11008,32768,True,344,4
0.009000000000000001,0.011,0.010142857142857144,0.01,0.00046656947481584307,0.006,0.007,0.006900000000000002,0.007,0.00030000000000000003,0.024,0.025,0.024300000000000006,0.024,0.0004582575694955844,0.003,0.003,0.0030000000000000005,0.003,4.336808689942018e-19,0.011,0.011,0.011000000000000001,0.011,1.734723475976807e-18,0.006,0.007,0.006850000000000002,0.007,0.0003570714214271425,0.037,0.038,0.03760000000000001,0.038,0.0004898979485566361,0.003,0.003,0.0030000000000000005,0.003,4.336808689942018e-19,0.019,0.02,0.019100000000000002,0.019,0.00030000000000000024,0.003,0.003,0.0030000000000000005,0.003,4.336808689942018e-19,32,32,4096,11008,32768,True,336,4
0.009000000000000001,0.011,0.010142857142857144,0.01,0.00046656947481584307,0.006,0.007,0.006950000000000002,0.007,0.00021794494717703366,0.025,0.025,0.025000000000000005,0.025,3.469446951953614e-18,0.003,0.003,0.0030000000000000005,0.003,4.336808689942018e-19,0.011,0.011,0.011000000000000001,0.011,1.734723475976807e-18,0.007,0.007,0.007000000000000001,0.007,8.673617379884035e-19,0.038,0.04,0.03880000000000001,0.039,0.0005099019513592789,0.003,0.004,0.003150000000000001,0.003,0.0003570714214271425,0.019,0.02,0.019350000000000003,0.019,0.00047696960070847314,0.003,0.003,0.0030000000000000005,0.003,4.336808689942018e-19,32,32,4096,11008,32768,True,328,4
0.008,0.011,0.010047619047619048,0.01,0.0005753831415997413,0.007,0.007,0.007000000000000001,0.007,8.673617379884035e-19,0.022,0.023,0.022950000000000005,0.023,0.00021794494717703385,0.003,0.003,0.0030000000000000005,0.003,4.336808689942018e-19,0.011,0.012,0.011100000000000002,0.011,0.00030000000000000024,0.006,0.007,0.006900000000000002,0.007,0.00030000000000000003,0.039,0.04,0.039650000000000005,0.04,0.0004769696007084733,0.003,0.004,0.0031000000000000008,0.003,0.0003,0.019,0.019,0.019000000000000003,0.019,3.469446951953614e-18,0.003,0.003,0.0030000000000000005,0.003,4.336808689942018e-19,32,32,4096,11008,32768,True,320,4
0.008,0.01,0.009904761904761908,0.01,0.00042591770999995997,0.007,0.007,0.007000000000000001,0.007,8.673617379884035e-19,0.023,0.024,0.023050000000000005,0.023,0.00021794494717703388,0.003,0.003,0.0030000000000000005,0.003,4.336808689942018e-19,0.011,0.012,0.011150000000000002,0.011,0.0003570714214271428,0.006,0.007,0.006950000000000002,0.007,0.00021794494717703366,0.043000000000000003,0.044,0.043300000000000005,0.043000000000000003,0.00045825756949558123,0.003,0.004,0.003350000000000001,0.003,0.00047696960070847287,0.019,0.02,0.019050000000000004,0.019,0.00021794494717703388,0.002,0.003,0.0029500000000000004,0.003,0.0002179449471770337,32,32,4096,11008,32768,True,312,4
0.008,0.01,0.009904761904761908,0.01,0.00042591770999995997,0.006,0.007,0.006850000000000002,0.007,0.0003570714214271425,0.022,0.024,0.023000000000000003,0.023,0.0003162277660168382,0.003,0.003,0.0030000000000000005,0.003,4.336808689942018e-19,0.011,0.012,0.011100000000000002,0.011,0.00030000000000000024,0.006,0.007,0.006850000000000002,0.007,0.0003570714214271425,0.043000000000000003,0.045,0.043500000000000004,0.043000000000000003,0.0005916079783099588,0.003,0.004,0.0030500000000000006,0.003,0.0002179449471770337,0.019,0.019,0.019000000000000003,0.019,3.469446951953614e-18,0.002,0.003,0.0029500000000000004,0.003,0.0002179449471770337,32,32,4096,11008,32768,True,304,4
0.008,0.01,0.009761904761904765,0.01,0.0005259695722470123,0.006,0.007,0.006700000000000002,0.007,0.00045825756949558405,0.023,0.024,0.023150000000000004,0.023,0.00035707142142714284,0.003,0.003,0.0030000000000000005,0.003,4.336808689942018e-19,0.011,0.012,0.011150000000000002,0.011,0.0003570714214271428,0.006,0.007,0.006650000000000001,0.007,0.0004769696007084728,0.043000000000000003,0.045,0.04415000000000001,0.044,0.00047696960070847243,0.003,0.004,0.003300000000000001,0.003,0.00045825756949558405,0.019,0.019,0.019000000000000003,0.019,3.469446951953614e-18,0.002,0.003,0.0026500000000000004,0.003,0.0004769696007084729,32,32,4096,11008,32768,True,296,4
0.008,0.01,0.009333333333333336,0.009000000000000001,0.0005634361698190107,0.006,0.007,0.006600000000000002,0.007,0.0004898979485566356,0.022,0.024,0.023050000000000005,0.023,0.0003840572873934307,0.003,0.003,0.0030000000000000005,0.003,4.336808689942018e-19,0.013000000000000001,0.013000000000000001,0.013000000000000003,0.013000000000000001,1.734723475976807e-18,0.006,0.007,0.006850000000000002,0.007,0.0003570714214271425,0.042,0.044,0.0427,0.043000000000000003,0.0005567764362830018,0.003,0.004,0.0032000000000000006,0.003,0.0004,0.019,0.02,0.019950000000000002,0.02,0.00021794494717703385,0.002,0.003,0.0020500000000000006,0.002,0.0002179449471770337,32,32,4096,11008,32768,True,288,4
0.007,0.009000000000000001,0.008904761904761907,0.009000000000000001,0.0004259177099999602,0.006,0.007,0.006550000000000002,0.007,0.00049749371855331,0.023,0.024,0.023200000000000005,0.023,0.00040000000000000034,0.002,0.003,0.0029500000000000004,0.003,0.0002179449471770337,0.013000000000000001,0.013000000000000001,0.013000000000000003,0.013000000000000001,1.734723475976807e-18,0.006,0.007,0.006800000000000002,0.007,0.0004,0.042,0.043000000000000003,0.04270000000000001,0.043000000000000003,0.0004582575694955844,0.003,0.003,0.0030000000000000005,0.003,4.336808689942018e-19,0.02,0.02,0.020000000000000004,0.02,3.469446951953614e-18,0.002,0.002,0.0020000000000000005,0.002,4.336808689942018e-19,32,32,4096,11008,32768,True,280,4
0.007,0.009000000000000001,0.008904761904761907,0.009000000000000001,0.0004259177099999602,0.005,0.006,0.005950000000000001,0.006,0.00021794494717703366,0.032,0.033,0.03230000000000001,0.032,0.0004582575694955844,0.003,0.003,0.0030000000000000005,0.003,4.336808689942018e-19,0.013000000000000001,0.014,0.013100000000000004,0.013000000000000001,0.00029999999999999976,0.006,0.007,0.006150000000000001,0.006,0.0003570714214271425,0.044,0.047,0.045450000000000004,0.045,0.0008046738469715548,0.003,0.004,0.0037000000000000006,0.004,0.00045825756949558405,0.019,0.02,0.019950000000000002,0.02,0.00021794494717703385,0.002,0.002,0.0020000000000000005,0.002,4.336808689942018e-19,32,32,4096,11008,32768,True,272,4
0.007,0.009000000000000001,0.008904761904761907,0.009000000000000001,0.0004259177099999602,0.004,0.004,0.004000000000000001,0.004,8.673617379884035e-19,0.032,0.033,0.03275000000000001,0.033,0.0004330127018922197,0.002,0.003,0.002300000000000001,0.002,0.0004582575694955841,0.013000000000000001,0.014,0.013100000000000004,0.013000000000000001,0.00029999999999999976,0.004,0.004,0.004000000000000001,0.004,8.673617379884035e-19,0.044,0.046,0.045250000000000005,0.045,0.0006224949798994372,0.002,0.003,0.0029000000000000007,0.003,0.00030000000000000003,0.02,0.021,0.020050000000000005,0.02,0.00021794494717703388,0.002,0.002,0.0020000000000000005,0.002,4.336808689942018e-19,32,32,4096,11008,32768,True,264,4
0.007,0.009000000000000001,0.008714285714285716,0.009000000000000001,0.0005471012044321936,0.004,0.004,0.004000000000000001,0.004,8.673617379884035e-19,0.018000000000000002,0.019,0.018550000000000004,0.019,0.0004974937185533088,0.002,0.003,0.0026000000000000003,0.003,0.0004898979485566356,0.01,0.01,0.010000000000000002,0.01,1.734723475976807e-18,0.004,0.004,0.004000000000000001,0.004,8.673617379884035e-19,0.028,0.029,0.028100000000000003,0.028,0.00030000000000000024,0.002,0.003,0.002300000000000001,0.002,0.0004582575694955841,0.015,0.016,0.015850000000000003,0.016,0.00035707142142714284,0.002,0.002,0.0020000000000000005,0.002,4.336808689942018e-19,32,32,4096,11008,32768,True,256,4
0.007,0.009000000000000001,0.00823809523809524,0.008,0.0005259695722470127,0.004,0.004,0.004000000000000001,0.004,8.673617379884035e-19,0.018000000000000002,0.019,0.018750000000000006,0.019,0.00043301270189221816,0.002,0.003,0.0021000000000000003,0.002,0.00030000000000000003,0.01,0.01,0.010000000000000002,0.01,1.734723475976807e-18,0.004,0.004,0.004000000000000001,0.004,8.673617379884035e-19,0.028,0.029,0.028050000000000002,0.028,0.0002179449471770339,0.002,0.003,0.0025,0.0025,0.0005,0.015,0.016,0.0158,0.016,0.00040000000000000034,0.002,0.002,0.0020000000000000005,0.002,4.336808689942018e-19,32,32,4096,11008,32768,True,248,4
0.007,0.008,0.007952380952380954,0.008,0.00021295885499997998,0.004,0.004,0.004000000000000001,0.004,8.673617379884035e-19,0.018000000000000002,0.019,0.018650000000000007,0.019,0.0004769696007084717,0.002,0.003,0.0022000000000000006,0.002,0.00039999999999999996,0.009000000000000001,0.01,0.009900000000000003,0.01,0.00029999999999999976,0.004,0.004,0.004000000000000001,0.004,8.673617379884035e-19,0.028,0.028,0.028000000000000004,0.028,3.469446951953614e-18,0.002,0.003,0.0023500000000000005,0.002,0.00047696960070847287,0.016,0.016,0.016000000000000004,0.016,3.469446951953614e-18,0.002,0.002,0.0020000000000000005,0.002,4.336808689942018e-19,32,32,4096,11008,32768,True,240,4
0.007,0.008,0.007952380952380954,0.008,0.00021295885499997998,0.004,0.004,0.004000000000000001,0.004,8.673617379884035e-19,0.018000000000000002,0.019,0.018750000000000006,0.019,0.00043301270189221816,0.002,0.003,0.0021500000000000004,0.002,0.0003570714214271425,0.01,0.01,0.010000000000000002,0.01,1.734723475976807e-18,0.004,0.004,0.004000000000000001,0.004,8.673617379884035e-19,0.028,0.029,0.02815,0.028,0.0003570714214271428,0.002,0.003,0.0023000000000000004,0.002,0.00045825756949558405,0.016,0.017,0.016900000000000005,0.017,0.0003000000000000003,0.002,0.002,0.0020000000000000005,0.002,4.336808689942018e-19,32,32,4096,11008,32768,True,232,4
0.006,0.008,0.007809523809523811,0.008,0.0004994327848429294,0.004,0.004,0.004000000000000001,0.004,8.673617379884035e-19,0.018000000000000002,0.019,0.018200000000000004,0.018000000000000002,0.00039999999999999893,0.002,0.003,0.0022000000000000006,0.002,0.0004,0.009000000000000001,0.01,0.009950000000000004,0.01,0.00021794494717703353,0.004,0.004,0.004000000000000001,0.004,8.673617379884035e-19,0.027,0.028,0.027200000000000002,0.027,0.00040000000000000034,0.002,0.003,0.0020500000000000006,0.002,0.0002179449471770337,0.017,0.017,0.017000000000000005,0.017,3.469446951953614e-18,0.002,0.002,0.0020000000000000005,0.002,4.336808689942018e-19,32,32,4096,11008,32768,True,224,4
0.006,0.008,0.007000000000000001,0.007,0.00030860669992418383,0.004,0.004,0.004000000000000001,0.004,8.673617379884035e-19,0.018000000000000002,0.019,0.018500000000000006,0.018500000000000003,0.0004999999999999987,0.002,0.003,0.0021500000000000004,0.002,0.0003570714214271425,0.01,0.01,0.010000000000000002,0.01,1.734723475976807e-18,0.004,0.004,0.004000000000000001,0.004,8.673617379884035e-19,0.027,0.028,0.0273,0.027,0.0004582575694955844,0.002,0.003,0.0022000000000000006,0.002,0.0004,0.017,0.017,0.017000000000000005,0.017,3.469446951953614e-18,0.002,0.003,0.0020500000000000006,0.002,0.0002179449471770337,32,32,4096,11008,32768,True,216,4
0.006,0.007,0.006952380952380955,0.007,0.00021295885499997996,0.004,0.004,0.004000000000000001,0.004,8.673617379884035e-19,0.018000000000000002,0.019,0.018350000000000005,0.018000000000000002,0.00047696960070847157,0.002,0.003,0.0020500000000000006,0.002,0.0002179449471770337,0.009000000000000001,0.01,0.009750000000000003,0.01,0.000433012701892219,0.004,0.004,0.004000000000000001,0.004,8.673617379884035e-19,0.027,0.028,0.027350000000000003,0.027,0.00047696960070847314,0.002,0.003,0.0021000000000000003,0.002,0.00030000000000000003,0.017,0.017,0.017000000000000005,0.017,3.469446951953614e-18,0.002,0.002,0.0020000000000000005,0.002,4.336808689942018e-19,32,32,4096,11008,32768,True,208,4
0.006,0.007,0.006952380952380955,0.007,0.00021295885499997996,0.004,0.004,0.004000000000000001,0.004,8.673617379884035e-19,0.018000000000000002,0.019,0.018450000000000005,0.018000000000000002,0.0004974937185533087,0.002,0.003,0.0022000000000000006,0.002,0.0004,0.01,0.01,0.010000000000000002,0.01,1.734723475976807e-18,0.004,0.004,0.004000000000000001,0.004,8.673617379884035e-19,0.027,0.029,0.0274,0.027,0.0005830951894845307,0.002,0.003,0.0021000000000000003,0.002,0.00030000000000000003,0.018000000000000002,0.019,0.018100000000000005,0.018000000000000002,0.0002999999999999992,0.002,0.002,0.0020000000000000005,0.002,4.336808689942018e-19,32,32,4096,11008,32768,True,200,4
0.006,0.007,0.006952380952380955,0.007,0.00021295885499997996,0.004,0.004,0.004000000000000001,0.004,8.673617379884035e-19,0.018000000000000002,0.019,0.018300000000000004,0.018000000000000002,0.0004582575694955828,0.002,0.003,0.0022500000000000007,0.002,0.0004330127018922193,0.009000000000000001,0.01,0.009050000000000002,0.009000000000000001,0.00021794494717703353,0.004,0.004,0.004000000000000001,0.004,8.673617379884035e-19,0.027,0.028,0.027250000000000003,0.027,0.00043301270189221973,0.002,0.002,0.0020000000000000005,0.002,4.336808689942018e-19,0.014,0.015,0.014300000000000002,0.014,0.00045825756949558356,0.002,0.002,0.0020000000000000005,0.002,4.336808689942018e-19,32,32,4096,11008,32768,True,192,4
0.005,0.007,0.006190476190476192,0.006,0.0004994327848429293,0.004,0.004,0.004000000000000001,0.004,8.673617379884035e-19,0.018000000000000002,0.019,0.018500000000000006,0.018500000000000003,0.0004999999999999986,0.002,0.003,0.0021000000000000003,0.002,0.00030000000000000003,0.009000000000000001,0.009000000000000001,0.009000000000000003,0.009000000000000001,1.734723475976807e-18,0.004,0.004,0.004000000000000001,0.004,8.673617379884035e-19,0.027,0.028,0.027250000000000003,0.027,0.00043301270189221973,0.002,0.003,0.0021000000000000003,0.002,0.00030000000000000003,0.014,0.015,0.014450000000000001,0.014,0.0004974937185533096,0.002,0.002,0.0020000000000000005,0.002,4.336808689942018e-19,32,32,4096,11008,32768,True,184,4
0.005,0.007,0.006095238095238096,0.006,0.00042591770999995997,0.003,0.004,0.00395,0.004,0.0002179449471770337,0.018000000000000002,0.019,0.018450000000000005,0.018000000000000002,0.0004974937185533087,0.002,0.003,0.0020500000000000006,0.002,0.0002179449471770337,0.009000000000000001,0.009000000000000001,0.009000000000000003,0.009000000000000001,1.734723475976807e-18,0.004,0.004,0.004000000000000001,0.004,8.673617379884035e-19,0.027,0.028,0.027200000000000002,0.027,0.00040000000000000034,0.002,0.002,0.0020000000000000005,0.002,4.336808689942018e-19,0.014,0.015,0.0142,0.014,0.0003999999999999996,0.002,0.002,0.0020000000000000005,0.002,4.336808689942018e-19,32,32,4096,11008,32768,True,176,4
0.005,0.007,0.006047619047619049,0.006,0.0003749527559053244,0.004,0.004,0.004000000000000001,0.004,8.673617379884035e-19,0.017,0.018000000000000002,0.017300000000000003,0.017,0.0004582575694955844,0.002,0.003,0.0021000000000000003,0.002,0.00030000000000000003,0.009000000000000001,0.009000000000000001,0.009000000000000003,0.009000000000000001,1.734723475976807e-18,0.003,0.004,0.00395,0.004,0.0002179449471770337,0.027,0.028,0.0274,0.027,0.0004898979485566361,0.002,0.003,0.0020500000000000006,0.002,0.0002179449471770337,0.014,0.015,0.014700000000000001,0.015,0.0004582575694955836,0.002,0.002,0.0020000000000000005,0.002,4.336808689942018e-19,32,32,4096,11008,32768,True,168,4
0.005,0.007,0.006000000000000001,0.006,0.00030860669992418383,0.004,0.004,0.004000000000000001,0.004,8.673617379884035e-19,0.017,0.018000000000000002,0.017100000000000004,0.017,0.00030000000000000024,0.002,0.003,0.0021000000000000003,0.002,0.00030000000000000003,0.009000000000000001,0.009000000000000001,0.009000000000000003,0.009000000000000001,1.734723475976807e-18,0.003,0.004,0.0038000000000000004,0.004,0.0004,0.026000000000000002,0.027,0.026200000000000008,0.026000000000000002,0.00039999999999999893,0.002,0.002,0.0020000000000000005,0.002,4.336808689942018e-19,0.015,0.016,0.015100000000000002,0.015,0.00030000000000000024,0.002,0.002,0.0020000000000000005,0.002,4.336808689942018e-19,32,32,4096,11008,32768,True,160,4
0.005,0.006,0.005952380952380954,0.006,0.00021295885499997998,0.004,0.004,0.004000000000000001,0.004,8.673617379884035e-19,0.017,0.018000000000000002,0.017250000000000005,0.017,0.00043301270189221973,0.002,0.003,0.0021000000000000003,0.002,0.00030000000000000003,0.009000000000000001,0.009000000000000001,0.009000000000000003,0.009000000000000001,1.734723475976807e-18,0.003,0.004,0.0038000000000000004,0.004,0.0004,0.026000000000000002,0.027,0.026200000000000008,0.026000000000000002,0.00039999999999999893,0.002,0.002,0.0020000000000000005,0.002,4.336808689942018e-19,0.015,0.016,0.015200000000000002,0.015,0.00040000000000000034,0.002,0.002,0.0020000000000000005,0.002,4.336808689942018e-19,32,32,4096,11008,32768,True,152,4
0.004,0.006,0.00561904761904762,0.006,0.0005753831415997416,0.004,0.004,0.004000000000000001,0.004,8.673617379884035e-19,0.017,0.018000000000000002,0.017150000000000006,0.017,0.00035707142142714284,0.002,0.003,0.0021000000000000003,0.002,0.00030000000000000003,0.009000000000000001,0.009000000000000001,0.009000000000000003,0.009000000000000001,1.734723475976807e-18,0.003,0.004,0.00395,0.004,0.0002179449471770337,0.026000000000000002,0.027,0.026200000000000008,0.026000000000000002,0.00039999999999999893,0.002,0.002,0.0020000000000000005,0.002,4.336808689942018e-19,0.015,0.016,0.015050000000000003,0.015,0.00021794494717703385,0.002,0.002,0.0020000000000000005,0.002,4.336808689942018e-19,32,32,4096,11008,32768,True,144,4
0.004,0.006,0.005571428571428573,0.006,0.0005832118435198043,0.004,0.004,0.004000000000000001,0.004,8.673617379884035e-19,0.017,0.018000000000000002,0.017050000000000003,0.017,0.0002179449471770339,0.002,0.003,0.0020500000000000006,0.002,0.0002179449471770337,0.009000000000000001,0.009000000000000001,0.009000000000000003,0.009000000000000001,1.734723475976807e-18,0.003,0.004,0.0039000000000000007,0.004,0.00030000000000000003,0.026000000000000002,0.027,0.026100000000000005,0.026000000000000002,0.0002999999999999992,0.002,0.002,0.0020000000000000005,0.002,4.336808689942018e-19,0.015,0.016,0.015100000000000002,0.015,0.00030000000000000024,0.002,0.002,0.0020000000000000005,0.002,4.336808689942018e-19,32,32,4096,11008,32768,True,136,4
0.004,0.005,0.004952380952380954,0.005,0.00021295885499997998,0.003,0.004,0.0038000000000000004,0.004,0.0004,0.014,0.015,0.014250000000000002,0.014,0.00043301270189221897,0.002,0.002,0.0020000000000000005,0.002,4.336808689942018e-19,0.008,0.009000000000000001,0.008900000000000002,0.009000000000000001,0.0003000000000000003,0.003,0.004,0.0037500000000000007,0.004,0.00043301270189221935,0.022,0.023,0.022200000000000004,0.022,0.0004000000000000003,0.002,0.002,0.0020000000000000005,0.002,4.336808689942018e-19,0.014,0.014,0.014000000000000002,0.014,1.734723475976807e-18,0.001,0.002,0.0018500000000000003,0.002,0.0003570714214271425,32,32,4096,11008,32768,True,128,4
0.004,0.005,0.004952380952380954,0.005,0.00021295885499997998,0.003,0.004,0.0036500000000000005,0.004,0.0004769696007084729,0.014,0.015,0.014250000000000002,0.014,0.00043301270189221897,0.002,0.003,0.0020500000000000006,0.002,0.0002179449471770337,0.008,0.008,0.008000000000000002,0.008,1.734723475976807e-18,0.003,0.004,0.0038000000000000004,0.004,0.0004,0.021,0.022,0.021450000000000004,0.021,0.0004974937185533087,0.002,0.002,0.0020000000000000005,0.002,4.336808689942018e-19,0.013000000000000001,0.014,0.013850000000000005,0.014,0.00035707142142714214,0.001,0.002,0.0011500000000000002,0.001,0.00035707142142714257,32,32,4096,11008,32768,True,120,4
0.004,0.005,0.004952380952380954,0.005,0.00021295885499997998,0.003,0.004,0.003500000000000001,0.0035,0.0005,0.015,0.016,0.015100000000000002,0.015,0.00030000000000000024,0.002,0.002,0.0020000000000000005,0.002,4.336808689942018e-19,0.007,0.008,0.007850000000000001,0.008,0.0003570714214271425,0.003,0.004,0.0037500000000000007,0.004,0.00043301270189221935,0.021,0.022,0.02125,0.021,0.00043301270189221826,0.002,0.002,0.0020000000000000005,0.002,4.336808689942018e-19,0.013000000000000001,0.014,0.013700000000000004,0.014,0.00045825756949558356,0.001,0.002,0.0011000000000000003,0.001,0.00030000000000000003,32,32,4096,11008,32768,True,112,4
0.004,0.005,0.004476190476190477,0.004,0.0004994327848429293,0.003,0.004,0.00355,0.004,0.0004974937185533101,0.015,0.016,0.015100000000000002,0.015,0.00030000000000000024,0.002,0.002,0.0020000000000000005,0.002,4.336808689942018e-19,0.008,0.008,0.008000000000000002,0.008,1.734723475976807e-18,0.003,0.004,0.00355,0.004,0.00049749371855331,0.021,0.022,0.0211,0.021,0.00029999999999999927,0.002,0.002,0.0020000000000000005,0.002,4.336808689942018e-19,0.013000000000000001,0.014,0.013600000000000004,0.014,0.0004898979485566352,0.001,0.002,0.0011000000000000003,0.001,0.00030000000000000003,32,32,4096,11008,32768,True,104,4
0.003,0.004,0.003952380952380953,0.004,0.00021295885499997998,0.003,0.004,0.0032500000000000007,0.003,0.00043301270189221935,0.015,0.016,0.015300000000000003,0.015,0.0004582575694955844,0.002,0.002,0.0020000000000000005,0.002,4.336808689942018e-19,0.009000000000000001,0.009000000000000001,0.009000000000000003,0.009000000000000001,1.734723475976807e-18,0.003,0.004,0.0034500000000000004,0.003,0.00049749371855331,0.021,0.022,0.021150000000000002,0.021,0.0003570714214271416,0.002,0.002,0.0020000000000000005,0.002,4.336808689942018e-19,0.013000000000000001,0.014,0.013500000000000003,0.013500000000000002,0.0004999999999999996,0.001,0.001,0.0010000000000000002,0.001,2.168404344971009e-19,32,32,4096,11008,32768,True,96,4
0.003,0.004,0.003952380952380953,0.004,0.00021295885499997998,0.003,0.004,0.003300000000000001,0.003,0.00045825756949558405,0.015,0.016,0.015150000000000002,0.015,0.0003570714214271428,0.002,0.002,0.0020000000000000005,0.002,4.336808689942018e-19,0.009000000000000001,0.009000000000000001,0.009000000000000003,0.009000000000000001,1.734723475976807e-18,0.003,0.004,0.0032000000000000006,0.003,0.00039999999999999996,0.021,0.022,0.021200000000000004,0.021,0.00039999999999999893,0.002,0.002,0.0020000000000000005,0.002,4.336808689942018e-19,0.013000000000000001,0.014,0.013600000000000004,0.014,0.0004898979485566352,0.001,0.002,0.0010500000000000002,0.001,0.00021794494717703366,32,32,4096,11008,32768,True,88,4
0.003,0.004,0.003952380952380953,0.004,0.00021295885499997998,0.003,0.004,0.003350000000000001,0.003,0.00047696960070847287,0.015,0.016,0.015300000000000003,0.015,0.0004582575694955844,0.002,0.002,0.0020000000000000005,0.002,4.336808689942018e-19,0.009000000000000001,0.009000000000000001,0.009000000000000003,0.009000000000000001,1.734723475976807e-18,0.003,0.004,0.0031000000000000008,0.003,0.0003,0.02,0.022,0.021,0.021,0.0003162277660168377,0.002,0.002,0.0020000000000000005,0.002,4.336808689942018e-19,0.013000000000000001,0.014,0.013450000000000004,0.013000000000000001,0.0004974937185533095,0.001,0.002,0.0011500000000000002,0.001,0.00035707142142714257,32,32,4096,11008,32768,True,80,4
0.003,0.004,0.003952380952380953,0.004,0.00021295885499997998,0.003,0.004,0.0032000000000000006,0.003,0.00039999999999999996,0.015,0.016,0.015200000000000002,0.015,0.00040000000000000034,0.002,0.002,0.0020000000000000005,0.002,4.336808689942018e-19,0.009000000000000001,0.009000000000000001,0.009000000000000003,0.009000000000000001,1.734723475976807e-18,0.003,0.004,0.003150000000000001,0.003,0.0003570714214271425,0.021,0.022,0.021150000000000002,0.021,0.0003570714214271416,0.002,0.002,0.0020000000000000005,0.002,4.336808689942018e-19,0.013000000000000001,0.014,0.013400000000000004,0.013000000000000001,0.0004898979485566351,0.001,0.001,0.0010000000000000002,0.001,2.168404344971009e-19,32,32,4096,11008,32768,True,72,4
0.003,0.003,0.0030000000000000005,0.003,4.336808689942018e-19,0.003,0.004,0.0031000000000000008,0.003,0.0003,0.015,0.016,0.015100000000000002,0.015,0.00030000000000000024,0.002,0.002,0.0020000000000000005,0.002,4.336808689942018e-19,0.007,0.007,0.007000000000000001,0.007,8.673617379884035e-19,0.003,0.004,0.0031000000000000008,0.003,0.0003,0.02,0.021,0.020400000000000005,0.02,0.000489897948556636,0.002,0.002,0.0020000000000000005,0.002,4.336808689942018e-19,0.011,0.012,0.011950000000000002,0.012,0.00021794494717703385,0.001,0.001,0.0010000000000000002,0.001,2.168404344971009e-19,32,32,4096,11008,32768,True,64,4
0.003,0.003,0.0030000000000000005,0.003,4.336808689942018e-19,0.003,0.004,0.0030500000000000006,0.003,0.0002179449471770337,0.014,0.015,0.014850000000000002,0.015,0.00035707142142714224,0.002,0.002,0.0020000000000000005,0.002,4.336808689942018e-19,0.007,0.007,0.007000000000000001,0.007,8.673617379884035e-19,0.003,0.004,0.0030500000000000006,0.003,0.0002179449471770337,0.02,0.021,0.020250000000000004,0.02,0.00043301270189221973,0.002,0.002,0.0020000000000000005,0.002,4.336808689942018e-19,0.012,0.012,0.012000000000000002,0.012,1.734723475976807e-18,0.001,0.001,0.0010000000000000002,0.001,2.168404344971009e-19,32,32,4096,11008,32768,True,56,4
0.002,0.003,0.002952380952380953,0.003,0.00021295885499997998,0.003,0.004,0.003150000000000001,0.003,0.0003570714214271425,0.015,0.015,0.015000000000000003,0.015,3.469446951953614e-18,0.002,0.003,0.0020500000000000006,0.002,0.0002179449471770337,0.007,0.007,0.007000000000000001,0.007,8.673617379884035e-19,0.003,0.004,0.0031000000000000008,0.003,0.0003,0.02,0.021,0.020100000000000003,0.02,0.00030000000000000024,0.002,0.002,0.0020000000000000005,0.002,4.336808689942018e-19,0.011,0.012,0.011900000000000003,0.012,0.00030000000000000024,0.001,0.001,0.0010000000000000002,0.001,2.168404344971009e-19,32,32,4096,11008,32768,True,48,4
0.002,0.003,0.002952380952380953,0.003,0.00021295885499997998,0.003,0.004,0.0031000000000000008,0.003,0.0003,0.014,0.015,0.014100000000000001,0.014,0.00029999999999999976,0.002,0.002,0.0020000000000000005,0.002,4.336808689942018e-19,0.007,0.007,0.007000000000000001,0.007,8.673617379884035e-19,0.003,0.004,0.0030500000000000006,0.003,0.0002179449471770337,0.02,0.021,0.020350000000000004,0.02,0.00047696960070847314,0.002,0.002,0.0020000000000000005,0.002,4.336808689942018e-19,0.011,0.012,0.011800000000000001,0.012,0.00040000000000000034,0.001,0.001,0.0010000000000000002,0.001,2.168404344971009e-19,32,32,4096,11008,32768,True,40,4
0.002,0.003,0.002190476190476191,0.002,0.000392676726249301,0.003,0.004,0.0031000000000000008,0.003,0.0003,0.015,0.016,0.015100000000000002,0.015,0.00030000000000000024,0.002,0.002,0.0020000000000000005,0.002,4.336808689942018e-19,0.006,0.006,0.006000000000000001,0.006,8.673617379884035e-19,0.003,0.004,0.0030500000000000006,0.003,0.0002179449471770337,0.021,0.022,0.021300000000000003,0.021,0.0004582575694955828,0.002,0.002,0.0020000000000000005,0.002,4.336808689942018e-19,0.011,0.012,0.011250000000000001,0.011,0.0004330127018922198,0.001,0.001,0.0010000000000000002,0.001,2.168404344971009e-19,32,32,4096,11008,32768,True,32,4
0.002,0.002,0.0020000000000000005,0.002,4.336808689942018e-19,0.003,0.004,0.0031000000000000008,0.003,0.0003,0.015,0.015,0.015000000000000003,0.015,3.469446951953614e-18,0.002,0.002,0.0020000000000000005,0.002,4.336808689942018e-19,0.006,0.006,0.006000000000000001,0.006,8.673617379884035e-19,0.003,0.004,0.0030500000000000006,0.003,0.0002179449471770337,0.021,0.022,0.021150000000000002,0.021,0.0003570714214271416,0.002,0.002,0.0020000000000000005,0.002,4.336808689942018e-19,0.011,0.012,0.011200000000000002,0.011,0.00040000000000000034,0.001,0.001,0.0010000000000000002,0.001,2.168404344971009e-19,32,32,4096,11008,32768,True,24,4
0.007,0.011,0.010714285714285716,0.011,0.0008806305718527108,0.003,0.004,0.0031000000000000008,0.003,0.0003,0.014,0.015,0.014100000000000001,0.014,0.00029999999999999976,0.002,0.002,0.0020000000000000005,0.002,4.336808689942018e-19,0.006,0.006,0.006000000000000001,0.006,8.673617379884035e-19,0.003,0.003,0.0030000000000000005,0.003,4.336808689942018e-19,0.018000000000000002,0.019,0.018800000000000004,0.019,0.00039999999999999893,0.002,0.002,0.0020000000000000005,0.002,4.336808689942018e-19,0.011,0.011,0.011000000000000001,0.011,1.734723475976807e-18,0.001,0.001,0.0010000000000000002,0.001,2.168404344971009e-19,32,32,4096,11008,32768,True,16,4
0.004,0.006,0.005904761904761906,0.006,0.00042591770999995997,0.003,0.004,0.003150000000000001,0.003,0.0003570714214271425,0.014,0.014,0.014000000000000002,0.014,1.734723475976807e-18,0.002,0.002,0.0020000000000000005,0.002,4.336808689942018e-19,0.006,0.006,0.006000000000000001,0.006,8.673617379884035e-19,0.003,0.004,0.0030500000000000006,0.003,0.0002179449471770337,0.018000000000000002,0.02,0.018900000000000007,0.019,0.00043588989435406673,0.002,0.002,0.0020000000000000005,0.002,4.336808689942018e-19,0.011,0.012,0.011100000000000002,0.011,0.00030000000000000024,0.001,0.001,0.0010000000000000002,0.001,2.168404344971009e-19,32,32,4096,11008,32768,True,8,4
0.002,0.004,0.0030000000000000005,0.003,0.00030860669992418383,0.003,0.004,0.0032500000000000007,0.003,0.0004330127018922193,0.014,0.014,0.014000000000000002,0.014,1.734723475976807e-18,0.002,0.002,0.0020000000000000005,0.002,4.336808689942018e-19,0.005,0.006,0.005800000000000001,0.006,0.0004,0.003,0.003,0.0030000000000000005,0.003,4.336808689942018e-19,0.018000000000000002,0.019,0.018550000000000004,0.019,0.0004974937185533088,0.002,0.002,0.0020000000000000005,0.002,4.336808689942018e-19,0.011,0.012,0.01105,0.011,0.0002179449471770339,0.001,0.001,0.0010000000000000002,0.001,2.168404344971009e-19,32,32,4096,11008,32768,True,4,4
0.002,0.002,0.0020000000000000005,0.002,4.336808689942018e-19,0.003,0.003,0.0030000000000000005,0.003,4.336808689942018e-19,0.014,0.014,0.014000000000000002,0.014,1.734723475976807e-18,0.002,0.002,0.0020000000000000005,0.002,4.336808689942018e-19,0.005,0.006,0.005550000000000001,0.006,0.00049749371855331,0.003,0.004,0.0030500000000000006,0.003,0.0002179449471770337,0.018000000000000002,0.02,0.018700000000000005,0.019,0.0005567764362830012,0.002,0.002,0.0020000000000000005,0.002,4.336808689942018e-19,0.011,0.011,0.011000000000000001,0.011,1.734723475976807e-18,0.001,0.001,0.0010000000000000002,0.001,2.168404344971009e-19,32,32,4096,11008,32768,True,2,4
0.001,0.002,0.0019523809523809528,0.002,0.00021295885499997998,0.003,0.004,0.0030500000000000006,0.003,0.0002179449471770337,0.014,0.014,0.014000000000000002,0.014,1.734723475976807e-18,0.002,0.002,0.0020000000000000005,0.002,4.336808689942018e-19,0.005,0.006,0.0055000000000000005,0.0055,0.0005,0.003,0.004,0.0030500000000000006,0.003,0.0002179449471770337,0.018000000000000002,0.019,0.018250000000000006,0.018000000000000002,0.0004330127018922182,0.001,0.002,0.0017500000000000003,0.002,0.0004330127018922193,0.011,0.011,0.011000000000000001,0.011,1.734723475976807e-18,0.001,0.001,0.0010000000000000002,0.001,2.168404344971009e-19,32,32,4096,11008,32768,True,1,4
0.105,0.109,0.10671428571428572,0.107,0.0008806305718527118,0.061,0.061,0.060999999999999985,0.061,1.3877787807814457e-17,0.084,0.08600000000000001,0.085,0.085,0.0006324555320336764,0.011,0.011,0.011000000000000001,0.011,1.734723475976807e-18,0.029,0.031,0.029650000000000003,0.0295,0.0007262919523166966,0.063,0.065,0.06405000000000001,0.064,0.00038405728739343076,0.131,0.134,0.13200000000000003,0.132,0.0007745966692414842,0.026000000000000002,0.026000000000000002,0.026000000000000006,0.026000000000000002,3.469446951953614e-18,0.069,0.073,0.0701,0.07,0.0012206555615733698,0.033,0.034,0.033350000000000005,0.033,0.00047696960070847325,32,32,4096,11008,32768,True,4096,8
0.105,0.108,0.10680952380952383,0.107,0.0009060141709733555,0.061,0.062,0.061149999999999996,0.061,0.00035707142142714284,0.085,0.088,0.08585,0.08600000000000001,0.0009096702699330117,0.011,0.011,0.011000000000000001,0.011,1.734723475976807e-18,0.029,0.031,0.030150000000000003,0.03,0.0005722761571129796,0.064,0.065,0.0644,0.064,0.0004898979485566361,0.132,0.134,0.13305,0.133,0.0008046738469715547,0.026000000000000002,0.026000000000000002,0.026000000000000006,0.026000000000000002,3.469446951953614e-18,0.068,0.07200000000000001,0.07015000000000002,0.07,0.001061838029079766,0.033,0.034,0.03330000000000001,0.033,0.0004582575694955844,32,32,4096,11008,32768,True,4096,8
0.10300000000000001,0.106,0.10452380952380953,0.105,0.0007939681905015693,0.06,0.062,0.060999999999999985,0.061,0.0003162277660168382,0.084,0.08700000000000001,0.08525,0.085,0.0008291561975888507,0.011,0.011,0.011000000000000001,0.011,1.734723475976807e-18,0.029,0.031,0.029700000000000004,0.03,0.0007141428428542841,0.063,0.065,0.06415000000000001,0.064,0.0004769696007084733,0.131,0.133,0.1318,0.132,0.0006782329983125276,0.026000000000000002,0.026000000000000002,0.026000000000000006,0.026000000000000002,3.469446951953614e-18,0.07,0.073,0.0713,0.07100000000000001,0.0007141428428542841,0.032,0.033,0.032200000000000006,0.032,0.0004000000000000003,32,32,4096,11008,32768,True,4064,8
0.10300000000000001,0.107,0.10461904761904764,0.105,0.0008984743935291956,0.06,0.061,0.06089999999999999,0.061,0.0003000000000000003,0.085,0.08700000000000001,0.0862,0.08600000000000001,0.0006782329983125273,0.011,0.011,0.011000000000000001,0.011,1.734723475976807e-18,0.03,0.031,0.030550000000000004,0.031,0.0004974937185533104,0.063,0.065,0.06400000000000002,0.064,0.00044721359549995833,0.132,0.134,0.13294999999999998,0.133,0.0006689544080129832,0.025,0.026000000000000002,0.025950000000000008,0.026000000000000002,0.00021794494717703385,0.07,0.074,0.07200000000000002,0.07200000000000001,0.0009486832980505096,0.031,0.032,0.03130000000000001,0.031,0.0004582575694955844,32,32,4096,11008,32768,True,4032,8
0.10300000000000001,0.106,0.10423809523809527,0.10400000000000001,0.0006834619092574868,0.06,0.061,0.06024999999999999,0.06,0.0004330127018922197,0.084,0.08600000000000001,0.08505000000000001,0.085,0.0007399324293474376,0.01,0.011,0.010950000000000001,0.011,0.00021794494717703347,0.03,0.031,0.030350000000000005,0.03,0.00047696960070847325,0.063,0.064,0.06334999999999999,0.063,0.00047696960070847325,0.131,0.134,0.13230000000000003,0.132,0.0007141428428542856,0.025,0.026000000000000002,0.025350000000000004,0.025,0.00047696960070847314,0.07,0.073,0.07115,0.07100000000000001,0.0009096702699330105,0.032,0.033,0.032350000000000004,0.032,0.00047696960070847314,32,32,4096,11008,32768,True,4000,8
0.10300000000000001,0.105,0.10390476190476192,0.10400000000000001,0.0006098213559459826,0.058,0.059000000000000004,0.05805000000000001,0.058,0.00021794494717703385,0.084,0.088,0.08605,0.08600000000000001,0.0010234744745229356,0.011,0.011,0.011000000000000001,0.011,1.734723475976807e-18,0.029,0.03,0.029600000000000005,0.03,0.0004898979485566344,0.062,0.064,0.063,0.063,0.0005477225575051667,0.131,0.135,0.13285000000000002,0.133,0.0009630680142129119,0.025,0.026000000000000002,0.025050000000000006,0.025,0.00021794494717703388,0.067,0.07100000000000001,0.0691,0.069,0.0011789826122551607,0.032,0.033,0.03230000000000001,0.032,0.0004582575694955844,32,32,4096,11008,32768,True,3968,8
0.1,0.10400000000000001,0.10152380952380953,0.101,0.001005652956282995,0.057,0.058,0.05750000000000001,0.0575,0.0005000000000000004,0.085,0.08700000000000001,0.08600000000000001,0.08600000000000001,0.0007071067811865482,0.01,0.011,0.010850000000000002,0.011,0.00035707142142714224,0.029,0.03,0.029350000000000005,0.029,0.00047696960070847157,0.06,0.061,0.06094999999999999,0.061,0.00021794494717703385,0.131,0.134,0.13230000000000003,0.132,0.0008426149773176365,0.025,0.025,0.025000000000000005,0.025,3.469446951953614e-18,0.07200000000000001,0.074,0.07250000000000001,0.07200000000000001,0.0005916079783099557,0.03,0.031,0.030550000000000004,0.031,0.0004974937185533105,32,32,4096,11008,32768,True,3936,8
0.1,0.10300000000000001,0.10157142857142858,0.10200000000000001,0.0007284313590846842,0.057,0.058,0.0573,0.057,0.00045825756949558437,0.085,0.08700000000000001,0.08570000000000001,0.08600000000000001,0.0005567764362830027,0.01,0.011,0.010850000000000002,0.011,0.00035707142142714224,0.03,0.031,0.030550000000000004,0.031,0.0004974937185533105,0.06,0.062,0.0611,0.061,0.0005385164807134509,0.132,0.134,0.13310000000000002,0.133,0.0007681145747868615,0.024,0.025,0.024950000000000007,0.025,0.00021794494717703385,0.069,0.073,0.0713,0.07150000000000001,0.0009539392014169452,0.031,0.032,0.031450000000000006,0.031,0.0004974937185533104,32,32,4096,11008,32768,True,3904,8
0.099,0.101,0.10000000000000002,0.1,0.0005345224838248493,0.057,0.058,0.0571,0.057,0.0003000000000000003,0.084,0.08700000000000001,0.08535000000000001,0.085,0.0007262919523166982,0.01,0.011,0.010600000000000002,0.011,0.0004898979485566352,0.029,0.031,0.030250000000000006,0.03,0.0005361902647381805,0.06,0.061,0.06035,0.06,0.0004769696007084732,0.131,0.134,0.13235000000000002,0.132,0.0007921489758877436,0.024,0.025,0.024650000000000005,0.025,0.0004769696007084733,0.07,0.074,0.07225000000000001,0.07200000000000001,0.001042832680730706,0.031,0.032,0.03135,0.031,0.00047696960070847314,32,32,4096,11008,32768,True,3872,8
0.097,0.1,0.09852380952380953,0.099,0.0007315376902732015,0.056,0.057,0.0563,0.056,0.0004582575694955844,0.067,0.088,0.07115,0.0685,0.006828433202426453,0.01,0.011,0.0102,0.01,0.0003999999999999996,0.028,0.029,0.028550000000000002,0.029,0.0004974937185533104,0.06,0.061,0.060300000000000006,0.06,0.0004582575694955844,0.131,0.138,0.13570000000000002,0.136,0.0017349351572897489,0.024,0.025,0.024150000000000005,0.024,0.00035707142142714284,0.056,0.058,0.056799999999999996,0.057,0.0006000000000000005,0.031,0.032,0.031200000000000006,0.031,0.0004000000000000003,32,32,4096,11008,32768,True,3840,8
0.098,0.10200000000000001,0.09971428571428573,0.1,0.0011605769149479954,0.056,0.057,0.05605,0.056,0.00021794494717703388,0.067,0.08700000000000001,0.07525000000000003,0.0685,0.008898735865278845,0.01,0.011,0.01005,0.01,0.00021794494717703353,0.028,0.029,0.028500000000000004,0.0285,0.0005000000000000004,0.06,0.061,0.060250000000000005,0.06,0.0004330127018922198,0.132,0.137,0.13475,0.135,0.001577181029558752,0.024,0.024,0.024000000000000004,0.024,3.469446951953614e-18,0.056,0.057,0.056400000000000006,0.056,0.000489897948556636,0.031,0.032,0.031150000000000004,0.031,0.00035707142142714284,32,32,4096,11008,32768,True,3808,8
0.097,0.099,0.0981904761904762,0.098,0.0006632565846278158,0.055,0.056,0.055900000000000005,0.056,0.0003000000000000003,0.067,0.069,0.068,0.068,0.0008366600265340764,0.01,0.01,0.010000000000000002,0.01,1.734723475976807e-18,0.028,0.029,0.028500000000000004,0.0285,0.0005000000000000004,0.059000000000000004,0.06,0.05985,0.06,0.00035707142142714035,0.135,0.14200000000000002,0.13815000000000002,0.138,0.0023510635891017518,0.024,0.024,0.024000000000000004,0.024,3.469446951953614e-18,0.056,0.058,0.057100000000000005,0.057,0.0008306623862918082,0.03,0.031,0.030600000000000006,0.031,0.000489897948556636,32,32,4096,11008,32768,True,3776,8
0.097,0.1,0.09828571428571428,0.098,0.0008247860988423232,0.055,0.056,0.05525,0.055,0.0004330127018922198,0.067,0.08600000000000001,0.07055000000000002,0.068,0.006383376849285965,0.01,0.01,0.010000000000000002,0.01,1.734723475976807e-18,0.028,0.029,0.028250000000000004,0.028,0.00043301270189221973,0.059000000000000004,0.061,0.05990000000000001,0.06,0.0004358898943540656,0.135,0.14,0.13740000000000002,0.137,0.0015297058540778368,0.023,0.024,0.023900000000000005,0.024,0.0003000000000000003,0.056,0.058,0.05675,0.057,0.0006982120021884477,0.03,0.031,0.030200000000000005,0.03,0.0004000000000000003,32,32,4096,11008,32768,True,3744,8
0.096,0.099,0.0971904761904762,0.097,0.0009060141709733556,0.052000000000000005,0.053,0.0528,0.053,0.00039999999999999763,0.067,0.069,0.06820000000000001,0.068,0.0006782329983125274,0.01,0.01,0.010000000000000002,0.01,1.734723475976807e-18,0.028,0.029,0.028450000000000003,0.028,0.0004974937185533104,0.059000000000000004,0.06,0.05934999999999999,0.059000000000000004,0.00047696960070846994,0.137,0.146,0.14215000000000005,0.14300000000000002,0.002632014437650367,0.023,0.024,0.023800000000000005,0.024,0.0004000000000000003,0.056,0.058,0.05739999999999999,0.057,0.0005830951894845306,0.03,0.03,0.030000000000000006,0.03,6.938893903907228e-18,32,32,4096,11008,32768,True,3712,8
0.095,0.097,0.09580952380952382,0.096,0.0007939681905015754,0.052000000000000005,0.053,0.052550000000000006,0.053,0.0004974937185533069,0.066,0.069,0.06765000000000002,0.068,0.0007921489758877436,0.009000000000000001,0.01,0.009900000000000003,0.01,0.00029999999999999976,0.028,0.029,0.028250000000000004,0.028,0.00043301270189221973,0.056,0.058,0.057100000000000005,0.057,0.0004358898943540678,0.136,0.14300000000000002,0.14010000000000006,0.14,0.0015779733838059513,0.023,0.024,0.023250000000000003,0.023,0.00043301270189221973,0.055,0.057,0.05620000000000001,0.056,0.0006000000000000005,0.03,0.031,0.030250000000000006,0.03,0.0004330127018922198,32,32,4096,11008,32768,True,3680,8
0.095,0.099,0.09633333333333334,0.096,0.0010837911120705763,0.052000000000000005,0.053,0.05235000000000001,0.052000000000000005,0.00047696960070846994,0.067,0.085,0.06895000000000001,0.068,0.0037346351896805127,0.009000000000000001,0.01,0.009950000000000004,0.01,0.00021794494717703353,0.028,0.029,0.028700000000000003,0.029,0.0004582575694955845,0.056,0.057,0.05685,0.057,0.0003570714214271428,0.14,0.15,0.14365,0.14450000000000002,0.002535251466817434,0.023,0.024,0.023200000000000005,0.023,0.0004000000000000003,0.056,0.058,0.05750000000000001,0.058,0.0005916079783099622,0.029,0.031,0.030000000000000006,0.03,0.0005477225575051657,32,32,4096,11008,32768,True,3648,8
0.093,0.096,0.09433333333333334,0.094,0.000776643163347624,0.052000000000000005,0.052000000000000005,0.05200000000000001,0.052000000000000005,6.938893903907228e-18,0.067,0.068,0.06745000000000001,0.067,0.0004974937185533104,0.009000000000000001,0.01,0.009850000000000003,0.01,0.0003570714214271422,0.028,0.029,0.028350000000000004,0.028,0.00047696960070847314,0.056,0.057,0.05689999999999999,0.057,0.0003000000000000003,0.14100000000000001,0.147,0.1441,0.145,0.001868154169226931,0.023,0.024,0.023050000000000005,0.023,0.00021794494717703388,0.056,0.058,0.05685000000000001,0.057,0.0006538348415311016,0.029,0.03,0.029300000000000003,0.029,0.0004582575694955828,32,32,4096,11008,32768,True,3616,8
0.092,0.095,0.09371428571428572,0.094,0.0006998542122237658,0.051000000000000004,0.052000000000000005,0.051400000000000015,0.051000000000000004,0.0004898979485566361,0.067,0.069,0.06785,0.068,0.000726291952316698,0.01,0.01,0.010000000000000002,0.01,1.734723475976807e-18,0.026000000000000002,0.028,0.027250000000000007,0.027,0.0006224949798994365,0.056,0.057,0.056499999999999995,0.0565,0.0005000000000000004,0.127,0.13,0.12835000000000002,0.1285,0.0008529361054615998,0.022,0.022,0.022000000000000002,0.022,3.469446951953614e-18,0.06,0.063,0.06165,0.062,0.0007921489758877437,0.029,0.03,0.029350000000000005,0.029,0.0004769696007084716,32,32,4096,11008,32768,True,3584,8
0.092,0.094,0.09295238095238097,0.093,0.000652919485752481,0.051000000000000004,0.051000000000000004,0.05100000000000001,0.051000000000000004,6.938893903907228e-18,0.067,0.08700000000000001,0.0684,0.067,0.004305810028322198,0.009000000000000001,0.01,0.009950000000000004,0.01,0.00021794494717703353,0.026000000000000002,0.028,0.026400000000000007,0.026000000000000002,0.000583095189484529,0.056,0.058,0.05645,0.056,0.0005894913061275804,0.127,0.13,0.12819999999999998,0.128,0.0008717797887081354,0.022,0.022,0.022000000000000002,0.022,3.469446951953614e-18,0.061,0.064,0.06255000000000001,0.063,0.0006689544080129831,0.027,0.029,0.028100000000000003,0.028,0.00043588989435406776,32,32,4096,11008,32768,True,3552,8
0.091,0.094,0.09261904761904763,0.093,0.0008438116736509221,0.05,0.051000000000000004,0.05070000000000001,0.051000000000000004,0.00045825756949558437,0.067,0.069,0.06775,0.068,0.0006224949798994372,0.009000000000000001,0.01,0.009450000000000004,0.009000000000000001,0.0004974937185533095,0.027,0.028,0.0274,0.027,0.0004898979485566361,0.056,0.057,0.056100000000000004,0.056,0.00030000000000000024,0.127,0.13,0.12845,0.1285,0.0007399324293474377,0.022,0.022,0.022000000000000002,0.022,3.469446951953614e-18,0.064,0.068,0.06534999999999999,0.065,0.0009630680142129119,0.028,0.03,0.029100000000000004,0.029,0.0004358898943540667,32,32,4096,11008,32768,True,3520,8
0.09,0.092,0.09095238095238095,0.091,0.000575383141599742,0.049,0.05,0.04940000000000001,0.049,0.0004898979485566361,0.066,0.068,0.06735000000000001,0.067,0.0006538348415311016,0.009000000000000001,0.009000000000000001,0.009000000000000003,0.009000000000000001,1.734723475976807e-18,0.027,0.028,0.027250000000000003,0.027,0.00043301270189221973,0.055,0.056,0.055900000000000005,0.056,0.0003000000000000003,0.127,0.129,0.12795,0.128,0.000668954408012983,0.021,0.022,0.021950000000000004,0.022,0.0002179449471770331,0.063,0.066,0.0641,0.064,0.0009433981132056613,0.028,0.029,0.028700000000000003,0.029,0.0004582575694955844,32,32,4096,11008,32768,True,3488,8
0.088,0.09,0.08923809523809524,0.089,0.0006834619092574922,0.047,0.048,0.04785000000000001,0.048,0.0003570714214271428,0.067,0.069,0.06785,0.068,0.0005722761571129803,0.009000000000000001,0.01,0.009250000000000003,0.009000000000000001,0.00043301270189221897,0.026000000000000002,0.027,0.026500000000000006,0.026500000000000003,0.0004999999999999987,0.055,0.056,0.05555,0.056,0.0004974937185533104,0.127,0.13,0.12840000000000001,0.128,0.0008602325267042635,0.021,0.022,0.021650000000000003,0.022,0.0004769696007084716,0.059000000000000004,0.062,0.060899999999999996,0.061,0.0008306623862918074,0.028,0.029,0.02815,0.028,0.0003570714214271428,32,32,4096,11008,32768,True,3456,8
0.088,0.09,0.08857142857142856,0.089,0.0005832118435198048,0.047,0.048,0.04725000000000001,0.047,0.00043301270189221973,0.066,0.068,0.06685,0.067,0.0005722761571129804,0.009000000000000001,0.009000000000000001,0.009000000000000003,0.009000000000000001,1.734723475976807e-18,0.026000000000000002,0.029,0.02745000000000001,0.028,0.0010712142642814268,0.053,0.054,0.0533,0.053,0.0004582575694955844,0.127,0.129,0.12774999999999997,0.128,0.0006982120021884477,0.021,0.022,0.02125,0.021,0.00043301270189221826,0.062,0.066,0.0635,0.063,0.0008660254037844396,0.026000000000000002,0.028,0.027000000000000007,0.027,0.0006324555320336752,32,32,4096,11008,32768,True,3424,8
0.088,0.09,0.0888095238095238,0.089,0.0004994327848429296,0.047,0.048,0.04710000000000001,0.047,0.0003000000000000003,0.067,0.068,0.06740000000000002,0.067,0.000489897948556636,0.009000000000000001,0.009000000000000001,0.009000000000000003,0.009000000000000001,1.734723475976807e-18,0.027,0.029,0.027800000000000002,0.028,0.0006000000000000006,0.053,0.054,0.053200000000000004,0.053,0.00040000000000000034,0.127,0.129,0.12805,0.128,0.0006689544080129831,0.021,0.022,0.021050000000000003,0.021,0.00021794494717703315,0.062,0.066,0.0641,0.064,0.0009433981132056612,0.027,0.029,0.027850000000000003,0.028,0.0005722761571129803,32,32,4096,11008,32768,True,3392,8
0.08700000000000001,0.089,0.08766666666666667,0.088,0.0006424160744396154,0.046,0.047,0.04665000000000001,0.047,0.00047696960070847325,0.066,0.067,0.06620000000000001,0.066,0.0004000000000000003,0.009000000000000001,0.009000000000000001,0.009000000000000003,0.009000000000000001,1.734723475976807e-18,0.026000000000000002,0.027,0.026650000000000007,0.027,0.0004769696007084717,0.052000000000000005,0.054,0.053000000000000005,0.053,0.0004472135954999568,0.127,0.129,0.12754999999999997,0.1275,0.0005894913061275802,0.021,0.022,0.021050000000000003,0.021,0.00021794494717703315,0.061,0.066,0.06305,0.063,0.001160818676624391,0.027,0.028,0.0274,0.027,0.0004898979485566361,32,32,4096,11008,32768,True,3360,8
0.08600000000000001,0.088,0.08652380952380954,0.08600000000000001,0.0005870870479018061,0.046,0.047,0.04610000000000001,0.046,0.0003000000000000003,0.066,0.068,0.06695000000000001,0.067,0.0005894913061275802,0.009000000000000001,0.009000000000000001,0.009000000000000003,0.009000000000000001,1.734723475976807e-18,0.025,0.026000000000000002,0.025450000000000007,0.025,0.0004974937185533104,0.052000000000000005,0.053,0.05245000000000001,0.052000000000000005,0.0004974937185533069,0.127,0.129,0.12790000000000004,0.128,0.0007000000000000006,0.021,0.021,0.021000000000000005,0.021,3.469446951953614e-18,0.05,0.051000000000000004,0.05045000000000001,0.05,0.0004974937185533104,0.027,0.028,0.027200000000000002,0.027,0.00040000000000000034,32,32,4096,11008,32768,True,3328,8
0.085,0.088,0.08647619047619048,0.08600000000000001,0.0007315376902731987,0.045,0.046,0.04565000000000001,0.046,0.0004769696007084732,0.066,0.067,0.06655,0.067,0.0004974937185533104,0.009000000000000001,0.009000000000000001,0.009000000000000003,0.009000000000000001,1.734723475976807e-18,0.025,0.026000000000000002,0.025400000000000006,0.025,0.000489897948556636,0.052000000000000005,0.053,0.052400000000000016,0.052000000000000005,0.0004898979485566326,0.127,0.129,0.12755,0.127,0.0006689544080129831,0.02,0.021,0.020950000000000003,0.021,0.00021794494717703385,0.05,0.051000000000000004,0.05025,0.05,0.0004330127018922198,0.026000000000000002,0.028,0.02695000000000001,0.027,0.0004974937185533094,32,32,4096,11008,32768,True,3296,8
0.085,0.08700000000000001,0.08561904761904764,0.08600000000000001,0.0005753831415997421,0.044,0.045,0.044750000000000005,0.045,0.0004330127018922197,0.066,0.068,0.067,0.067,0.0007071067811865482,0.009000000000000001,0.009000000000000001,0.009000000000000003,0.009000000000000001,1.734723475976807e-18,0.025,0.026000000000000002,0.025500000000000005,0.025500000000000002,0.0005000000000000004,0.051000000000000004,0.053,0.052050000000000006,0.052000000000000005,0.0004974937185533085,0.127,0.129,0.12774999999999997,0.128,0.0006982120021884477,0.02,0.021,0.020300000000000006,0.02,0.0004582575694955844,0.05,0.052000000000000005,0.050550000000000005,0.0505,0.0005894913061275802,0.026000000000000002,0.028,0.026550000000000008,0.026000000000000002,0.0006689544080129817,32,32,4096,11008,32768,True,3264,8
0.084,0.08600000000000001,0.08461904761904765,0.085,0.0005753831415997421,0.044,0.045,0.0442,0.044,0.0004000000000000003,0.066,0.068,0.06625,0.066,0.0005361902647381809,0.008,0.009000000000000001,0.008700000000000003,0.009000000000000001,0.0004582575694955844,0.025,0.026000000000000002,0.025100000000000004,0.025,0.00030000000000000024,0.052000000000000005,0.053,0.052100000000000014,0.052000000000000005,0.0002999999999999982,0.127,0.128,0.1275,0.1275,0.0005000000000000004,0.02,0.021,0.020200000000000003,0.02,0.00040000000000000034,0.05,0.051000000000000004,0.050050000000000004,0.05,0.0002179449471770339,0.026000000000000002,0.027,0.026450000000000008,0.026000000000000002,0.0004974937185533088,32,32,4096,11008,32768,True,3232,8
0.082,0.085,0.0839047619047619,0.084,0.0007499055118106495,0.042,0.044,0.04310000000000001,0.043000000000000003,0.00043588989435406565,0.066,0.068,0.06675,0.067,0.0006982120021884477,0.008,0.009000000000000001,0.008550000000000002,0.009000000000000001,0.0004974937185533104,0.025,0.026000000000000002,0.025600000000000005,0.026000000000000002,0.0004898979485566361,0.051000000000000004,0.052000000000000005,0.051600000000000014,0.052000000000000005,0.0004898979485566361,0.114,0.12,0.11800000000000002,0.11900000000000001,0.0016124515496597105,0.019,0.02,0.019750000000000004,0.02,0.00043301270189221973,0.05,0.051000000000000004,0.05045000000000001,0.05,0.0004974937185533104,0.025,0.027,0.025950000000000008,0.026000000000000002,0.000668954408012982,32,32,4096,11008,32768,True,3200,8
0.082,0.084,0.08323809523809524,0.083,0.000525969572247013,0.042,0.043000000000000003,0.04205000000000001,0.042,0.00021794494717703385,0.065,0.067,0.06615000000000001,0.066,0.0006538348415311016,0.008,0.009000000000000001,0.008450000000000003,0.008,0.0004974937185533105,0.025,0.026000000000000002,0.025300000000000007,0.025,0.00045825756949558437,0.049,0.05,0.04960000000000001,0.05,0.000489897948556636,0.113,0.12,0.1172,0.117,0.0016000000000000005,0.019,0.02,0.019100000000000002,0.019,0.00030000000000000024,0.049,0.051000000000000004,0.05000000000000001,0.05,0.0005477225575051665,0.025,0.026000000000000002,0.025450000000000007,0.025,0.0004974937185533104,32,32,4096,11008,32768,True,3168,8
0.082,0.084,0.08338095238095239,0.083,0.000575383141599742,0.041,0.042,0.04150000000000001,0.0415,0.0005000000000000006,0.066,0.068,0.0669,0.067,0.0006244997998398403,0.008,0.009000000000000001,0.008150000000000001,0.008,0.0003570714214271428,0.025,0.026000000000000002,0.025500000000000005,0.025500000000000002,0.0005000000000000004,0.049,0.05,0.04940000000000001,0.049,0.0004898979485566361,0.113,0.12,0.11735,0.11800000000000001,0.0017965244223221676,0.019,0.019,0.019000000000000003,0.019,3.469446951953614e-18,0.05,0.052000000000000005,0.05080000000000001,0.051000000000000004,0.0007483314773547889,0.025,0.025,0.025000000000000005,0.025,3.469446951953614e-18,32,32,4096,11008,32768,True,3136,8
0.08,0.083,0.08171428571428571,0.082,0.0006998542122237659,0.041,0.042,0.04105000000000001,0.041,0.00021794494717703385,0.065,0.067,0.0663,0.066,0.0005567764362830027,0.008,0.009000000000000001,0.008050000000000002,0.008,0.0002179449471770339,0.025,0.026000000000000002,0.025200000000000007,0.025,0.0004000000000000003,0.048,0.05,0.04900000000000001,0.049,0.00044721359549995833,0.115,0.11900000000000001,0.11710000000000001,0.117,0.001044030650891056,0.019,0.019,0.019000000000000003,0.019,3.469446951953614e-18,0.05,0.051000000000000004,0.05025,0.05,0.00043301270189221973,0.024,0.026000000000000002,0.025000000000000005,0.025,0.0005477225575051665,32,32,4096,11008,32768,True,3104,8
0.079,0.083,0.08080952380952382,0.081,0.0008518354199999206,0.04,0.041,0.04075000000000001,0.041,0.0004330127018922197,0.062,0.064,0.06325,0.063,0.0005361902647381809,0.008,0.009000000000000001,0.008300000000000002,0.008,0.0004582575694955844,0.024,0.026000000000000002,0.025100000000000004,0.025,0.0006244997998398403,0.048,0.049,0.04835000000000001,0.048,0.0004769696007084732,0.093,0.095,0.09390000000000001,0.094,0.000538516480713451,0.018000000000000002,0.018000000000000002,0.018000000000000006,0.018000000000000002,3.469446951953614e-18,0.053,0.057,0.054000000000000006,0.054,0.0010488088481701524,0.024,0.026000000000000002,0.024850000000000004,0.025,0.0005722761571129803,32,32,4096,11008,32768,True,3072,8
0.079,0.082,0.08047619047619049,0.08,0.0007315376902732014,0.039,0.041,0.04005000000000001,0.04,0.00038405728739343076,0.062,0.065,0.06360000000000002,0.064,0.0008602325267042634,0.008,0.009000000000000001,0.008050000000000002,0.008,0.0002179449471770339,0.024,0.026000000000000002,0.024750000000000005,0.025,0.0005361902647381809,0.048,0.049,0.04830000000000001,0.048,0.0004582575694955844,0.093,0.093,0.093,0.093,0.0,0.018000000000000002,0.018000000000000002,0.018000000000000006,0.018000000000000002,3.469446951953614e-18,0.053,0.056,0.054400000000000004,0.054,0.0008602325267042634,0.024,0.025,0.024100000000000003,0.024,0.00030000000000000024,32,32,4096,11008,32768,True,3040,8
0.078,0.081,0.07933333333333333,0.079,0.0007766431633476241,0.039,0.04,0.03980000000000001,0.04,0.00040000000000000034,0.063,0.066,0.0646,0.065,0.0008000000000000007,0.008,0.009000000000000001,0.008150000000000001,0.008,0.0003570714214271428,0.024,0.026000000000000002,0.025050000000000006,0.025,0.0003840572873934307,0.047,0.049,0.04800000000000001,0.048,0.0003162277660168382,0.093,0.094,0.09365000000000001,0.094,0.00047696960070847325,0.017,0.018000000000000002,0.017550000000000003,0.018000000000000002,0.0004974937185533105,0.055,0.058,0.056600000000000004,0.057,0.0008602325267042634,0.024,0.025,0.024300000000000006,0.024,0.0004582575694955844,32,32,4096,11008,32768,True,3008,8
0.078,0.08,0.07880952380952382,0.079,0.0005870870479018079,0.039,0.04,0.039200000000000006,0.039,0.0004000000000000003,0.063,0.066,0.06439999999999999,0.065,0.0009695359714832667,0.008,0.008,0.008000000000000002,0.008,1.734723475976807e-18,0.024,0.025,0.024800000000000006,0.025,0.0004000000000000003,0.047,0.049,0.04760000000000001,0.048,0.0005830951894845307,0.092,0.093,0.09280000000000001,0.093,0.00040000000000000034,0.017,0.018000000000000002,0.017650000000000006,0.018000000000000002,0.00047696960070847325,0.055,0.057,0.05575,0.056,0.0006982120021884477,0.024,0.025,0.024150000000000005,0.024,0.0003570714214271428,32,32,4096,11008,32768,True,2976,8
0.076,0.079,0.07733333333333334,0.077,0.0008908708063747486,0.038,0.039,0.038700000000000005,0.039,0.00045825756949558437,0.063,0.067,0.065,0.065,0.0008366600265340764,0.008,0.009000000000000001,0.008150000000000001,0.008,0.0003570714214271428,0.023,0.025,0.023200000000000005,0.023,0.000509901951359279,0.047,0.049,0.04775000000000001,0.048,0.0005361902647381809,0.093,0.094,0.09370000000000002,0.094,0.00045825756949558437,0.017,0.017,0.017000000000000005,0.017,3.469446951953614e-18,0.053,0.056,0.05405,0.054,0.00086458082328953,0.023,0.025,0.023800000000000005,0.024,0.0006000000000000006,32,32,4096,11008,32768,True,2944,8
0.077,0.078,0.07704761904761905,0.077,0.00021295885499998015,0.037,0.038,0.037200000000000004,0.037,0.0004000000000000003,0.063,0.067,0.06539999999999999,0.065,0.0011575836902790236,0.008,0.008,0.008000000000000002,0.008,1.734723475976807e-18,0.023,0.024,0.023050000000000005,0.023,0.00021794494717703388,0.046,0.048,0.04715000000000001,0.047,0.00047696960070847325,0.092,0.094,0.09230000000000002,0.092,0.0005567764362830027,0.017,0.017,0.017000000000000005,0.017,3.469446951953614e-18,0.055,0.058,0.05605,0.056,0.0007399324293474378,0.022,0.023,0.022750000000000003,0.023,0.00043301270189221973,32,32,4096,11008,32768,True,2912,8
0.075,0.078,0.07671428571428571,0.077,0.0008247860988423233,0.036000000000000004,0.037,0.03650000000000001,0.036500000000000005,0.0004999999999999971,0.065,0.066,0.0655,0.0655,0.0005000000000000004,0.008,0.008,0.008000000000000002,0.008,1.734723475976807e-18,0.024,0.025,0.024200000000000006,0.024,0.0004000000000000003,0.044,0.046,0.044750000000000005,0.045,0.0005361902647381809,0.092,0.094,0.09319999999999999,0.093,0.0006000000000000006,0.017,0.017,0.017000000000000005,0.017,3.469446951953614e-18,0.055,0.058,0.05625,0.056,0.0008874119674649432,0.023,0.024,0.023200000000000005,0.023,0.0004000000000000003,32,32,4096,11008,32768,True,2880,8
0.075,0.077,0.07557142857142858,0.076,0.0005832118435198048,0.036000000000000004,0.037,0.03605000000000001,0.036000000000000004,0.00021794494717703236,0.064,0.066,0.06509999999999999,0.065,0.0006244997998398404,0.008,0.008,0.008000000000000002,0.008,1.734723475976807e-18,0.024,0.025,0.024200000000000006,0.024,0.0004000000000000003,0.044,0.045,0.0442,0.044,0.00040000000000000034,0.092,0.093,0.09220000000000002,0.092,0.00040000000000000034,0.017,0.017,0.017000000000000005,0.017,3.469446951953614e-18,0.054,0.058,0.05625000000000001,0.056,0.0010897247358851695,0.022,0.024,0.022900000000000004,0.023,0.0005385164807134509,32,32,4096,11008,32768,True,2848,8
0.074,0.076,0.07495238095238095,0.075,0.000575383141599742,0.035,0.036000000000000004,0.03585000000000001,0.036000000000000004,0.00035707142142714284,0.049,0.049,0.04900000000000001,0.049,6.938893903907228e-18,0.007,0.007,0.007000000000000001,0.007,8.673617379884035e-19,0.022,0.023,0.022950000000000005,0.023,0.00021794494717703385,0.044,0.046,0.044700000000000004,0.045,0.0005567764362830027,0.092,0.093,0.09240000000000001,0.092,0.0004898979485566361,0.016,0.016,0.016000000000000004,0.016,3.469446951953614e-18,0.044,0.045,0.044250000000000005,0.044,0.00043301270189221973,0.022,0.023,0.022200000000000004,0.022,0.0004000000000000003,32,32,4096,11008,32768,True,2816,8
0.07200000000000001,0.075,0.07323809523809523,0.073,0.0007499055118106461,0.035,0.036000000000000004,0.035350000000000006,0.035,0.0004769696007084732,0.048,0.049,0.04805000000000001,0.048,0.00021794494717703385,0.007,0.007,0.007000000000000001,0.007,8.673617379884035e-19,0.022,0.023,0.022750000000000003,0.023,0.0004330127018922198,0.044,0.045,0.044250000000000005,0.044,0.0004330127018922198,0.091,0.092,0.09160000000000001,0.092,0.000489897948556636,0.016,0.016,0.016000000000000004,0.016,3.469446951953614e-18,0.044,0.045,0.044050000000000006,0.044,0.00021794494717703385,0.022,0.023,0.022150000000000003,0.022,0.00035707142142714284,32,32,4096,11008,32768,True,2784,8
0.07200000000000001,0.073,0.07242857142857144,0.07200000000000001,0.0004948716593053871,0.035,0.036000000000000004,0.03505000000000001,0.035,0.00021794494717703385,0.048,0.049,0.04895000000000001,0.049,0.00021794494717703385,0.007,0.007,0.007000000000000001,0.007,8.673617379884035e-19,0.023,0.023,0.023000000000000003,0.023,3.469446951953614e-18,0.043000000000000003,0.045,0.04390000000000001,0.044,0.0004358898943540656,0.092,0.093,0.09235,0.092,0.00047696960070847325,0.015,0.016,0.015950000000000002,0.016,0.00021794494717703385,0.044,0.045,0.0442,0.044,0.0004000000000000003,0.022,0.023,0.0221,0.022,0.00030000000000000024,32,32,4096,11008,32768,True,2752,8
0.07100000000000001,0.073,0.07214285714285715,0.07200000000000001,0.0005593971487843159,0.034,0.035,0.03415000000000001,0.034,0.00035707142142714284,0.048,0.048,0.04800000000000001,0.048,6.938893903907228e-18,0.006,0.007,0.006750000000000002,0.007,0.00043301270189221935,0.022,0.023,0.022650000000000003,0.023,0.0004769696007084733,0.043000000000000003,0.044,0.04345,0.043000000000000003,0.000497493718553307,0.091,0.092,0.09145,0.091,0.0004974937185533104,0.016,0.016,0.016000000000000004,0.016,3.469446951953614e-18,0.044,0.045,0.044050000000000006,0.044,0.00021794494717703385,0.021,0.022,0.021800000000000003,0.022,0.00039999999999999893,32,32,4096,11008,32768,True,2720,8
0.07,0.073,0.071,0.07100000000000001,0.0006900655593423529,0.033,0.034,0.033150000000000006,0.033,0.00035707142142714284,0.048,0.049,0.04805000000000001,0.048,0.00021794494717703385,0.006,0.007,0.006900000000000002,0.007,0.00030000000000000003,0.022,0.023,0.022550000000000004,0.023,0.0004974937185533105,0.043000000000000003,0.044,0.04340000000000001,0.043000000000000003,0.0004898979485566326,0.092,0.093,0.09240000000000001,0.092,0.0004898979485566361,0.015,0.016,0.015400000000000002,0.015,0.000489897948556636,0.044,0.045,0.0442,0.044,0.0004000000000000003,0.021,0.022,0.021500000000000002,0.0215,0.0004999999999999987,32,32,4096,11008,32768,True,2688,8
0.069,0.07100000000000001,0.07009523809523811,0.07,0.0005259695722470128,0.032,0.033,0.032100000000000004,0.032,0.00030000000000000024,0.048,0.048,0.04800000000000001,0.048,6.938893903907228e-18,0.006,0.007,0.006300000000000002,0.006,0.000458257569495584,0.022,0.023,0.022250000000000002,0.022,0.00043301270189221973,0.042,0.043000000000000003,0.04260000000000001,0.043000000000000003,0.000489897948556636,0.091,0.092,0.09109999999999999,0.091,0.00030000000000000024,0.015,0.016,0.015300000000000003,0.015,0.0004582575694955843,0.044,0.044,0.044000000000000004,0.044,6.938893903907228e-18,0.021,0.022,0.021150000000000002,0.021,0.0003570714214271416,32,32,4096,11008,32768,True,2656,8
0.068,0.07,0.06933333333333333,0.069,0.0006424160744396216,0.032,0.033,0.03205000000000001,0.032,0.00021794494717703385,0.048,0.048,0.04800000000000001,0.048,6.938893903907228e-18,0.006,0.007,0.0065000000000000014,0.006500000000000001,0.0005,0.022,0.023,0.022450000000000005,0.022,0.0004974937185533104,0.04,0.041,0.04055000000000001,0.041,0.0004974937185533104,0.092,0.093,0.09215000000000001,0.092,0.0003570714214271428,0.015,0.015,0.015000000000000003,0.015,3.469446951953614e-18,0.044,0.045,0.0442,0.044,0.0004000000000000003,0.02,0.021,0.020900000000000005,0.021,0.0003000000000000003,32,32,4096,11008,32768,True,2624,8
0.067,0.069,0.06804761904761905,0.068,0.000575383141599742,0.031,0.032,0.03150000000000001,0.0315,0.0005000000000000004,0.047,0.048,0.04775000000000001,0.048,0.0004330127018922197,0.006,0.007,0.0060500000000000016,0.006,0.0002179449471770337,0.022,0.022,0.022000000000000002,0.022,3.469446951953614e-18,0.04,0.041,0.04005000000000001,0.04,0.00021794494717703385,0.09,0.091,0.09084999999999999,0.091,0.00035707142142714273,0.015,0.016,0.015050000000000003,0.015,0.00021794494717703385,0.043000000000000003,0.044,0.04390000000000001,0.044,0.0002999999999999982,0.02,0.021,0.020300000000000006,0.02,0.00045825756949558437,32,32,4096,11008,32768,True,2592,8
0.067,0.069,0.06833333333333333,0.068,0.0005634361698190116,0.031,0.032,0.03135,0.031,0.00047696960070847314,0.047,0.047,0.04700000000000001,0.047,6.938893903907228e-18,0.006,0.007,0.006100000000000001,0.006,0.00030000000000000003,0.021,0.022,0.021300000000000003,0.021,0.0004582575694955828,0.039,0.04,0.039450000000000006,0.039,0.0004974937185533104,0.091,0.092,0.09185000000000001,0.092,0.00035707142142714284,0.014,0.015,0.014600000000000002,0.015,0.0004898979485566352,0.045,0.049,0.04630000000000001,0.046,0.0008426149773176366,0.02,0.021,0.020150000000000005,0.02,0.00035707142142714284,32,32,4096,11008,32768,True,2560,8
0.066,0.068,0.06690476190476191,0.067,0.0006098213559459861,0.031,0.031,0.031000000000000007,0.031,6.938893903907228e-18,0.046,0.047,0.04690000000000001,0.047,0.00030000000000000024,0.006,0.007,0.006100000000000001,0.006,0.00030000000000000003,0.021,0.022,0.021300000000000003,0.021,0.0004582575694955828,0.038,0.039,0.03885000000000001,0.039,0.00035707142142714284,0.09,0.091,0.09054999999999999,0.091,0.0004974937185533104,0.014,0.015,0.014300000000000002,0.014,0.00045825756949558356,0.045,0.049,0.04710000000000001,0.047,0.0009433981132056612,0.02,0.021,0.020250000000000004,0.02,0.00043301270189221973,32,32,4096,11008,32768,True,2528,8
0.065,0.067,0.06590476190476191,0.066,0.0006834619092574922,0.03,0.031,0.030200000000000005,0.03,0.0004000000000000003,0.046,0.047,0.04675000000000001,0.047,0.0004330127018922197,0.006,0.007,0.006100000000000001,0.006,0.00030000000000000003,0.021,0.022,0.021950000000000004,0.022,0.0002179449471770331,0.038,0.039,0.03835000000000001,0.038,0.0004769696007084732,0.091,0.092,0.09169999999999999,0.092,0.0004582575694955844,0.014,0.014,0.014000000000000002,0.014,1.734723475976807e-18,0.048,0.05,0.04885000000000001,0.049,0.0006538348415311016,0.019,0.02,0.019750000000000004,0.02,0.0004330127018922198,32,32,4096,11008,32768,True,2496,8
0.065,0.066,0.06547619047619047,0.065,0.0004994327848429298,0.029,0.03,0.029950000000000004,0.03,0.0002179449471770331,0.046,0.047,0.04635000000000001,0.046,0.0004769696007084732,0.006,0.006,0.006000000000000001,0.006,8.673617379884035e-19,0.021,0.022,0.021700000000000004,0.022,0.0004582575694955828,0.037,0.038,0.0379,0.038,0.0003000000000000003,0.09,0.092,0.09075000000000001,0.091,0.0005361902647381809,0.014,0.014,0.014000000000000002,0.014,1.734723475976807e-18,0.048,0.05,0.04850000000000001,0.048,0.0005916079783099622,0.019,0.02,0.019300000000000005,0.019,0.0004582575694955844,32,32,4096,11008,32768,True,2464,8
0.063,0.066,0.0650952380952381,0.065,0.0007499055118106493,0.029,0.03,0.029050000000000003,0.029,0.00021794494717703315,0.046,0.047,0.04630000000000001,0.046,0.0004582575694955844,0.006,0.006,0.006000000000000001,0.006,8.673617379884035e-19,0.02,0.02,0.020000000000000004,0.02,3.469446951953614e-18,0.037,0.039,0.03755000000000001,0.0375,0.0005894913061275802,0.091,0.094,0.09285,0.093,0.0011079259903080177,0.016,0.017,0.016150000000000005,0.016,0.00035707142142714284,0.045,0.046,0.045700000000000005,0.046,0.0004582575694955844,0.019,0.02,0.019300000000000005,0.019,0.0004582575694955844,32,32,4096,11008,32768,True,2432,8
0.061,0.063,0.06266666666666668,0.063,0.0005634361698190116,0.028,0.029,0.028450000000000003,0.028,0.0004974937185533104,0.046,0.047,0.04605000000000001,0.046,0.00021794494717703385,0.006,0.006,0.006000000000000001,0.006,8.673617379884035e-19,0.02,0.021,0.020050000000000005,0.02,0.00021794494717703388,0.035,0.037,0.03665000000000001,0.037,0.0005722761571129774,0.09,0.092,0.09115000000000001,0.091,0.0007262919523166982,0.016,0.016,0.016000000000000004,0.016,3.469446951953614e-18,0.047,0.048,0.04780000000000001,0.048,0.00040000000000000034,0.019,0.02,0.019200000000000002,0.019,0.00040000000000000034,32,32,4096,11008,32768,True,2400,8
0.06,0.063,0.06176190476190477,0.062,0.0007499055118106493,0.027,0.028,0.027850000000000003,0.028,0.00035707142142714284,0.046,0.046,0.046000000000000006,0.046,6.938893903907228e-18,0.006,0.006,0.006000000000000001,0.006,8.673617379884035e-19,0.021,0.022,0.021150000000000002,0.021,0.0003570714214271416,0.034,0.036000000000000004,0.03495000000000001,0.035,0.00038405728739343076,0.091,0.094,0.0927,0.093,0.0006403124237432856,0.016,0.016,0.016000000000000004,0.016,3.469446951953614e-18,0.047,0.049,0.04800000000000001,0.048,0.000774596669241484,0.018000000000000002,0.019,0.018250000000000006,0.018000000000000002,0.0004330127018922182,32,32,4096,11008,32768,True,2368,8
0.061,0.065,0.06257142857142858,0.062,0.0010497813183356485,0.027,0.028,0.027100000000000003,0.027,0.00030000000000000024,0.046,0.046,0.046000000000000006,0.046,6.938893903907228e-18,0.006,0.006,0.006000000000000001,0.006,8.673617379884035e-19,0.021,0.023,0.022050000000000004,0.022,0.0003840572873934303,0.034,0.035,0.03425000000000001,0.034,0.00043301270189221973,0.09,0.094,0.0913,0.091,0.0011000000000000012,0.015,0.016,0.0158,0.016,0.00040000000000000034,0.047,0.049,0.04775000000000001,0.048,0.0006982120021884477,0.018000000000000002,0.019,0.018150000000000006,0.018000000000000002,0.0003570714214271416,32,32,4096,11008,32768,True,2336,8
0.059000000000000004,0.062,0.06109523809523809,0.061,0.0006834619092574912,0.027,0.027,0.027000000000000003,0.027,3.469446951953614e-18,0.045,0.046,0.04515000000000001,0.045,0.00035707142142714273,0.006,0.006,0.006000000000000001,0.006,8.673617379884035e-19,0.019,0.02,0.019900000000000004,0.02,0.0003000000000000003,0.034,0.035,0.034100000000000005,0.034,0.00030000000000000024,0.077,0.08700000000000001,0.08160000000000002,0.082,0.002782085548648714,0.015,0.016,0.0158,0.016,0.0004000000000000004,0.037,0.038,0.03735000000000001,0.037,0.0004769696007084732,0.017,0.019,0.017850000000000005,0.018000000000000002,0.00047696960070847287,32,32,4096,11008,32768,True,2304,8
0.058,0.062,0.060285714285714276,0.06,0.0009331389496316861,0.026000000000000002,0.027,0.02670000000000001,0.027,0.00045825756949558285,0.045,0.046,0.04505000000000001,0.045,0.00021794494717703385,0.005,0.006,0.005950000000000001,0.006,0.00021794494717703366,0.019,0.02,0.019700000000000002,0.02,0.0004582575694955844,0.033,0.034,0.03355000000000001,0.034,0.0004974937185533104,0.083,0.089,0.08580000000000002,0.0855,0.001435270009440729,0.015,0.016,0.015150000000000002,0.015,0.0003570714214271428,0.037,0.038,0.03715,0.037,0.00035707142142714284,0.017,0.018000000000000002,0.017150000000000006,0.017,0.0003570714214271428,32,32,4096,11008,32768,True,2272,8
0.058,0.06,0.059476190476190474,0.06,0.0005870870479018046,0.026000000000000002,0.026000000000000002,0.026000000000000006,0.026000000000000002,3.469446951953614e-18,0.045,0.045,0.045000000000000005,0.045,6.938893903907228e-18,0.005,0.006,0.005850000000000001,0.006,0.0003570714214271425,0.02,0.02,0.020000000000000004,0.02,3.469446951953614e-18,0.032,0.033,0.03275000000000001,0.033,0.0004330127018922197,0.085,0.091,0.08814999999999999,0.089,0.0015898113095584602,0.015,0.015,0.015000000000000003,0.015,3.469446951953614e-18,0.037,0.038,0.03715,0.037,0.00035707142142714284,0.017,0.018000000000000002,0.017050000000000003,0.017,0.0002179449471770339,32,32,4096,11008,32768,True,2240,8
0.057,0.06,0.058428571428571434,0.058,0.0007284313590846826,0.026000000000000002,0.026000000000000002,0.026000000000000006,0.026000000000000002,3.469446951953614e-18,0.045,0.045,0.045000000000000005,0.045,6.938893903907228e-18,0.005,0.006,0.0056500000000000005,0.006,0.00047696960070847287,0.019,0.02,0.019900000000000004,0.02,0.0003000000000000003,0.031,0.032,0.031950000000000006,0.032,0.00021794494717703385,0.08600000000000001,0.09,0.08750000000000001,0.088,0.001024695076595955,0.015,0.015,0.015000000000000003,0.015,3.469446951953614e-18,0.037,0.037,0.037000000000000005,0.037,6.938893903907228e-18,0.016,0.017,0.016900000000000005,0.017,0.0003000000000000003,32,32,4096,11008,32768,True,2208,8
0.056,0.059000000000000004,0.05780952380952382,0.058,0.0007315376902732014,0.025,0.026000000000000002,0.025150000000000006,0.025,0.00035707142142714284,0.045,0.045,0.045000000000000005,0.045,6.938893903907228e-18,0.005,0.006,0.005600000000000001,0.006,0.0004898979485566356,0.019,0.02,0.019950000000000002,0.02,0.00021794494717703385,0.031,0.032,0.031100000000000006,0.031,0.00030000000000000024,0.069,0.082,0.0761,0.075,0.003419064199455751,0.015,0.015,0.015000000000000003,0.015,3.469446951953614e-18,0.037,0.039,0.03780000000000001,0.038,0.000509901951359279,0.016,0.017,0.016300000000000002,0.016,0.0004582575694955844,32,32,4096,11008,32768,True,2176,8
0.055,0.058,0.05728571428571428,0.057,0.0006998542122237658,0.025,0.025,0.025000000000000005,0.025,3.469446951953614e-18,0.044,0.045,0.0442,0.044,0.0004000000000000003,0.006,0.006,0.006000000000000001,0.006,8.673617379884035e-19,0.019,0.02,0.019050000000000004,0.019,0.00021794494717703388,0.03,0.031,0.030300000000000004,0.03,0.0004582575694955844,0.082,0.084,0.08265000000000002,0.0825,0.0007262919523166982,0.014,0.015,0.014450000000000001,0.014,0.0004974937185533096,0.037,0.038,0.03705000000000001,0.037,0.00021794494717703385,0.016,0.017,0.016150000000000005,0.016,0.00035707142142714284,32,32,4096,11008,32768,True,2144,8
0.055,0.057,0.05642857142857144,0.056,0.0005832118435198048,0.024,0.024,0.024000000000000004,0.024,3.469446951953614e-18,0.044,0.045,0.04435000000000001,0.044,0.0004769696007084732,0.006,0.006,0.006000000000000001,0.006,8.673617379884035e-19,0.019,0.02,0.019100000000000002,0.019,0.00030000000000000024,0.028,0.03,0.029050000000000003,0.029,0.0003840572873934299,0.084,0.08600000000000001,0.08495,0.085,0.0005894913061275804,0.014,0.014,0.014000000000000002,0.014,1.734723475976807e-18,0.037,0.039,0.037250000000000005,0.037,0.0005361902647381809,0.016,0.017,0.016100000000000003,0.016,0.00030000000000000024,32,32,4096,11008,32768,True,2112,8
0.054,0.057,0.05604761904761905,0.056,0.0007221786137191959,0.023,0.024,0.023600000000000003,0.024,0.0004898979485566361,0.044,0.044,0.044000000000000004,0.044,6.938893903907228e-18,0.006,0.006,0.006000000000000001,0.006,8.673617379884035e-19,0.019,0.02,0.019050000000000004,0.019,0.00021794494717703388,0.028,0.029,0.0284,0.028,0.0004898979485566361,0.084,0.092,0.08614999999999999,0.08600000000000001,0.002197157254271981,0.014,0.014,0.014000000000000002,0.014,1.734723475976807e-18,0.037,0.038,0.03710000000000001,0.037,0.0003000000000000003,0.015,0.016,0.015650000000000004,0.016,0.0004769696007084733,32,32,4096,11008,32768,True,2080,8
0.052000000000000005,0.056,0.055285714285714285,0.055,0.0008806305718527106,0.023,0.024,0.023350000000000003,0.023,0.00047696960070847314,0.044,0.045,0.044800000000000006,0.045,0.00040000000000000034,0.005,0.006,0.0051,0.005,0.00030000000000000003,0.018000000000000002,0.018000000000000002,0.018000000000000006,0.018000000000000002,3.469446951953614e-18,0.027,0.028,0.027600000000000003,0.028,0.0004898979485566361,0.068,0.069,0.06815000000000002,0.068,0.00035707142142714273,0.013000000000000001,0.014,0.013550000000000003,0.014,0.0004974937185533095,0.039,0.04,0.03905000000000001,0.039,0.00021794494717703385,0.015,0.016,0.015250000000000003,0.015,0.00043301270189221973,32,32,4096,11008,32768,True,2048,8
0.053,0.056,0.055142857142857146,0.055,0.0007095078297976834,0.023,0.024,0.023300000000000005,0.023,0.0004582575694955844,0.044,0.045,0.04460000000000001,0.045,0.0004898979485566361,0.005,0.006,0.005050000000000001,0.005,0.0002179449471770337,0.018000000000000002,0.018000000000000002,0.018000000000000006,0.018000000000000002,3.469446951953614e-18,0.027,0.028,0.027700000000000002,0.028,0.0004582575694955844,0.067,0.068,0.06780000000000001,0.068,0.00040000000000000034,0.013000000000000001,0.014,0.013250000000000003,0.013000000000000001,0.00043301270189221897,0.038,0.039,0.038900000000000004,0.039,0.0003000000000000003,0.015,0.016,0.015050000000000003,0.015,0.00021794494717703385,32,32,4096,11008,32768,True,2048,8
0.052000000000000005,0.055,0.05414285714285715,0.054,0.0006388765649999393,0.023,0.024,0.023150000000000004,0.023,0.00035707142142714284,0.044,0.045,0.044550000000000006,0.045,0.0004974937185533104,0.005,0.006,0.005050000000000001,0.005,0.0002179449471770337,0.018000000000000002,0.018000000000000002,0.018000000000000006,0.018000000000000002,3.469446951953614e-18,0.027,0.028,0.02715,0.027,0.0003570714214271428,0.068,0.08700000000000001,0.06915000000000002,0.068,0.0041143043154341415,0.013000000000000001,0.014,0.013150000000000004,0.013000000000000001,0.00035707142142714214,0.039,0.04,0.03930000000000001,0.039,0.0004582575694955844,0.015,0.016,0.015200000000000002,0.015,0.00040000000000000034,32,32,4096,11008,32768,True,2032,8
0.053,0.056,0.05452380952380952,0.055,0.0006632565846278159,0.023,0.024,0.023200000000000005,0.023,0.00040000000000000034,0.044,0.045,0.04440000000000001,0.044,0.0004898979485566361,0.005,0.005,0.005000000000000001,0.005,8.673617379884035e-19,0.018000000000000002,0.019,0.018050000000000004,0.018000000000000002,0.00021794494717703315,0.026000000000000002,0.027,0.026800000000000008,0.027,0.00039999999999999893,0.067,0.068,0.06775,0.068,0.00043301270189221973,0.013000000000000001,0.013000000000000001,0.013000000000000003,0.013000000000000001,1.734723475976807e-18,0.039,0.041,0.039700000000000006,0.04,0.0005567764362830027,0.015,0.016,0.015050000000000003,0.015,0.00021794494717703388,32,32,4096,11008,32768,True,2016,8
0.051000000000000004,0.054,0.0530952380952381,0.053,0.0006834619092574907,0.023,0.024,0.023100000000000002,0.023,0.00030000000000000024,0.044,0.045,0.04415000000000001,0.044,0.00035707142142714273,0.005,0.005,0.005000000000000001,0.005,8.673617379884035e-19,0.018000000000000002,0.019,0.018150000000000006,0.018000000000000002,0.0003570714214271416,0.026000000000000002,0.027,0.026600000000000006,0.027,0.0004898979485566344,0.068,0.069,0.0683,0.068,0.00045825756949558437,0.013000000000000001,0.014,0.013050000000000003,0.013000000000000001,0.00021794494717703353,0.04,0.041,0.04030000000000001,0.04,0.0004582575694955844,0.015,0.016,0.015100000000000002,0.015,0.00030000000000000024,32,32,4096,11008,32768,True,2000,8
0.05,0.054,0.0530952380952381,0.053,0.0009209085526577948,0.023,0.023,0.023000000000000003,0.023,3.469446951953614e-18,0.044,0.044,0.044000000000000004,0.044,6.938893903907228e-18,0.005,0.005,0.005000000000000001,0.005,8.673617379884035e-19,0.018000000000000002,0.019,0.018650000000000007,0.019,0.0004769696007084716,0.026000000000000002,0.027,0.026250000000000006,0.026000000000000002,0.0004330127018922182,0.067,0.08700000000000001,0.06855000000000003,0.068,0.004259988262894631,0.012,0.013000000000000001,0.012950000000000003,0.013000000000000001,0.00021794494717703385,0.04,0.043000000000000003,0.04125000000000001,0.041,0.0006982120021884477,0.015,0.015,0.015000000000000003,0.015,3.469446951953614e-18,32,32,4096,11008,32768,True,1984,8
0.051000000000000004,0.054,0.05247619047619048,0.052000000000000005,0.0007315376902731984,0.023,0.024,0.023100000000000002,0.023,0.00030000000000000024,0.044,0.045,0.04435000000000001,0.044,0.0004769696007084732,0.005,0.005,0.005000000000000001,0.005,8.673617379884035e-19,0.018000000000000002,0.02,0.018850000000000006,0.019,0.000476969600708472,0.025,0.027,0.026050000000000007,0.026000000000000002,0.0003840572873934299,0.068,0.069,0.06835000000000002,0.068,0.00047696960070847325,0.013000000000000001,0.014,0.013050000000000003,0.013000000000000001,0.00021794494717703353,0.04,0.042,0.04120000000000001,0.041,0.0005099019513592789,0.014,0.015,0.014500000000000002,0.014499999999999999,0.0004999999999999995,32,32,4096,11008,32768,True,1968,8
0.049,0.053,0.0520952380952381,0.052000000000000005,0.0008676603408708843,0.023,0.023,0.023000000000000003,0.023,3.469446951953614e-18,0.044,0.044,0.044000000000000004,0.044,6.938893903907228e-18,0.005,0.005,0.005000000000000001,0.005,8.673617379884035e-19,0.018000000000000002,0.019,0.018500000000000006,0.018500000000000003,0.0004999999999999987,0.025,0.026000000000000002,0.025450000000000007,0.025,0.0004974937185533104,0.067,0.069,0.06785,0.068,0.00047696960070847325,0.013000000000000001,0.013000000000000001,0.013000000000000003,0.013000000000000001,1.734723475976807e-18,0.04,0.042,0.04070000000000001,0.041,0.0005567764362830027,0.014,0.015,0.014150000000000001,0.014,0.00035707142142714214,32,32,4096,11008,32768,True,1952,8
0.051000000000000004,0.054,0.052428571428571435,0.053,0.0007911070345636239,0.022,0.023,0.022950000000000005,0.023,0.00021794494717703385,0.044,0.045,0.04465000000000001,0.045,0.00047696960070847325,0.005,0.005,0.005000000000000001,0.005,8.673617379884035e-19,0.018000000000000002,0.019,0.018550000000000004,0.019,0.0004974937185533088,0.024,0.026000000000000002,0.025000000000000005,0.025,0.00044721359549995833,0.068,0.069,0.06835,0.068,0.0004769696007084732,0.013000000000000001,0.013000000000000001,0.013000000000000003,0.013000000000000001,1.734723475976807e-18,0.04,0.041,0.04050000000000001,0.0405,0.0005000000000000004,0.014,0.015,0.014100000000000001,0.014,0.00029999999999999976,32,32,4096,11008,32768,True,1936,8
0.049,0.052000000000000005,0.05114285714285714,0.051000000000000004,0.0006388765649999405,0.022,0.023,0.022950000000000005,0.023,0.00021794494717703385,0.044,0.045,0.044050000000000006,0.044,0.00021794494717703385,0.005,0.005,0.005000000000000001,0.005,8.673617379884035e-19,0.018000000000000002,0.019,0.018150000000000006,0.018000000000000002,0.0003570714214271416,0.024,0.026000000000000002,0.024700000000000007,0.025,0.0005567764362830027,0.069,0.07200000000000001,0.07065000000000002,0.07100000000000001,0.0008529361054615998,0.012,0.013000000000000001,0.012400000000000003,0.012,0.000489897948556636,0.031,0.032,0.03150000000000001,0.0315,0.0005000000000000006,0.014,0.015,0.014100000000000001,0.014,0.00029999999999999976,32,32,4096,11008,32768,True,1920,8
0.048,0.052000000000000005,0.05057142857142857,0.051000000000000004,0.0008491692619108106,0.022,0.023,0.022800000000000004,0.023,0.0004000000000000003,0.044,0.045,0.044050000000000006,0.044,0.00021794494717703385,0.005,0.006,0.005200000000000001,0.005,0.0004,0.017,0.018000000000000002,0.017050000000000003,0.017,0.0002179449471770339,0.024,0.025,0.024550000000000006,0.025,0.0004974937185533105,0.07,0.07200000000000001,0.07110000000000002,0.07100000000000001,0.0007681145747868615,0.012,0.013000000000000001,0.012050000000000002,0.012,0.0002179449471770339,0.031,0.032,0.03185,0.032,0.0003570714214271428,0.014,0.015,0.014050000000000002,0.014,0.00021794494717703353,32,32,4096,11008,32768,True,1904,8
0.048,0.052000000000000005,0.05057142857142859,0.051000000000000004,0.0008491692619108107,0.022,0.023,0.022400000000000003,0.022,0.000489897948556636,0.043000000000000003,0.044,0.04360000000000001,0.044,0.0004898979485566326,0.005,0.006,0.005200000000000001,0.005,0.00039999999999999996,0.017,0.018000000000000002,0.017050000000000003,0.017,0.0002179449471770339,0.024,0.025,0.024100000000000003,0.024,0.00030000000000000024,0.069,0.07200000000000001,0.07065,0.07100000000000001,0.0007921489758877437,0.012,0.012,0.012000000000000002,0.012,1.734723475976807e-18,0.031,0.032,0.031400000000000004,0.031,0.000489897948556636,0.014,0.014,0.014000000000000002,0.014,1.734723475976807e-18,32,32,4096,11008,32768,True,1888,8
0.047,0.052000000000000005,0.0502857142857143,0.05,0.0009331389496316879,0.022,0.023,0.0221,0.022,0.00030000000000000024,0.044,0.044,0.044000000000000004,0.044,6.938893903907228e-18,0.005,0.006,0.00515,0.005,0.00035707142142714246,0.017,0.018000000000000002,0.017750000000000005,0.018000000000000002,0.00043301270189221973,0.023,0.024,0.023950000000000006,0.024,0.00021794494717703385,0.07,0.07200000000000001,0.07075000000000001,0.07100000000000001,0.0006224949798994372,0.012,0.012,0.012000000000000002,0.012,1.734723475976807e-18,0.031,0.032,0.031650000000000005,0.032,0.0004769696007084733,0.013000000000000001,0.014,0.013850000000000005,0.014,0.0003570714214271422,32,32,4096,11008,32768,True,1872,8
0.046,0.051000000000000004,0.049952380952380956,0.05,0.0010454523047666747,0.021,0.022,0.021950000000000004,0.022,0.0002179449471770331,0.043000000000000003,0.044,0.04340000000000001,0.043000000000000003,0.0004898979485566326,0.005,0.006,0.005050000000000001,0.005,0.0002179449471770337,0.017,0.019,0.018000000000000006,0.018000000000000002,0.00031622776601683767,0.023,0.024,0.023350000000000003,0.023,0.0004769696007084732,0.069,0.07100000000000001,0.07040000000000002,0.07050000000000001,0.0006633249580710806,0.012,0.012,0.012000000000000002,0.012,1.734723475976807e-18,0.031,0.033,0.0316,0.032,0.0005830951894845306,0.013000000000000001,0.014,0.013300000000000003,0.013000000000000001,0.00045825756949558356,32,32,4096,11008,32768,True,1856,8
0.047,0.051000000000000004,0.04942857142857144,0.049,0.0008491692619108107,0.02,0.021,0.020950000000000003,0.021,0.00021794494717703385,0.044,0.044,0.044000000000000004,0.044,6.938893903907228e-18,0.005,0.006,0.005050000000000001,0.005,0.0002179449471770337,0.018000000000000002,0.019,0.018350000000000005,0.018000000000000002,0.00047696960070847157,0.023,0.023,0.023000000000000003,0.023,3.469446951953614e-18,0.07,0.07200000000000001,0.07095000000000001,0.07100000000000001,0.0007399324293474377,0.011,0.012,0.011950000000000002,0.012,0.00021794494717703388,0.031,0.033,0.03155000000000001,0.0315,0.0005894913061275802,0.013000000000000001,0.014,0.013100000000000004,0.013000000000000001,0.00029999999999999976,32,32,4096,11008,32768,True,1840,8
0.045,0.05,0.04923809523809525,0.049,0.0010647942749999007,0.02,0.021,0.020900000000000005,0.021,0.0003000000000000003,0.043000000000000003,0.044,0.04335000000000001,0.043000000000000003,0.00047696960070846994,0.005,0.006,0.0051,0.005,0.00030000000000000003,0.017,0.018000000000000002,0.017850000000000005,0.018000000000000002,0.00035707142142714284,0.022,0.023,0.022550000000000004,0.023,0.0004974937185533104,0.069,0.07100000000000001,0.06995,0.07,0.0007399324293474377,0.011,0.012,0.011600000000000003,0.012,0.0004898979485566361,0.031,0.033,0.031900000000000005,0.032,0.0007000000000000006,0.013000000000000001,0.014,0.013050000000000003,0.013000000000000001,0.00021794494717703353,32,32,4096,11008,32768,True,1824,8
0.045,0.049,0.04852380952380953,0.049,0.0009060141709733554,0.02,0.021,0.020700000000000003,0.021,0.0004582575694955845,0.044,0.044,0.044000000000000004,0.044,6.938893903907228e-18,0.005,0.005,0.005000000000000001,0.005,8.673617379884035e-19,0.017,0.019,0.017700000000000004,0.018000000000000002,0.0006403124237432847,0.022,0.023,0.022050000000000004,0.022,0.00021794494717703388,0.069,0.07200000000000001,0.07055000000000002,0.07050000000000001,0.0007399324293474377,0.011,0.012,0.011600000000000003,0.012,0.0004898979485566361,0.032,0.033,0.032200000000000006,0.032,0.0004000000000000003,0.013000000000000001,0.013000000000000001,0.013000000000000003,0.013000000000000001,1.734723475976807e-18,32,32,4096,11008,32768,True,1808,8
0.044,0.05,0.04842857142857143,0.049,0.0011780301787479041,0.02,0.021,0.020450000000000003,0.02,0.0004974937185533104,0.044,0.046,0.04485000000000001,0.045,0.0004769696007084732,0.005,0.005,0.005000000000000001,0.005,8.673617379884035e-19,0.017,0.017,0.017000000000000005,0.017,3.469446951953614e-18,0.022,0.023,0.022050000000000004,0.022,0.00021794494717703388,0.066,0.07200000000000001,0.06900000000000002,0.07,0.002190890230020666,0.012,0.012,0.012000000000000002,0.012,1.734723475976807e-18,0.031,0.032,0.03185,0.032,0.0003570714214271428,0.012,0.013000000000000001,0.012700000000000003,0.013000000000000001,0.0004582575694955845,32,32,4096,11008,32768,True,1792,8
0.045,0.049,0.048047619047619054,0.048,0.0008438116736509221,0.02,0.021,0.020400000000000005,0.02,0.0004898979485566361,0.044,0.046,0.044950000000000004,0.045,0.00038405728739343076,0.005,0.005,0.005000000000000001,0.005,8.673617379884035e-19,0.017,0.017,0.017000000000000005,0.017,3.469446951953614e-18,0.021,0.022,0.021950000000000004,0.022,0.0002179449471770331,0.066,0.075,0.0703,0.07100000000000001,0.0034799425282610592,0.011,0.012,0.011600000000000003,0.012,0.0004898979485566361,0.031,0.033,0.03180000000000001,0.032,0.000509901951359279,0.012,0.013000000000000001,0.012200000000000003,0.012,0.00040000000000000034,32,32,4096,11008,32768,True,1776,8
0.044,0.049,0.047952380952380955,0.048,0.0010454523047666747,0.02,0.021,0.020050000000000005,0.02,0.00021794494717703388,0.044,0.046,0.044950000000000004,0.045,0.0004974937185533105,0.004,0.005,0.004900000000000002,0.005,0.00030000000000000003,0.017,0.017,0.017000000000000005,0.017,3.469446951953614e-18,0.021,0.022,0.021550000000000003,0.022,0.0004974937185533088,0.066,0.07200000000000001,0.0678,0.067,0.002039607805437116,0.011,0.012,0.011450000000000002,0.011,0.0004974937185533104,0.031,0.032,0.031700000000000006,0.032,0.0004582575694955844,0.012,0.013000000000000001,0.012200000000000003,0.012,0.00040000000000000034,32,32,4096,11008,32768,True,1760,8
0.043000000000000003,0.048,0.04657142857142858,0.047,0.0010033955955097843,0.02,0.02,0.020000000000000004,0.02,3.469446951953614e-18,0.044,0.044,0.044000000000000004,0.044,6.938893903907228e-18,0.004,0.005,0.004650000000000001,0.005,0.00047696960070847287,0.017,0.017,0.017000000000000005,0.017,3.469446951953614e-18,0.021,0.022,0.021500000000000002,0.0215,0.0004999999999999987,0.066,0.074,0.07005,0.07100000000000001,0.0030736785778607335,0.011,0.012,0.011400000000000002,0.011,0.000489897948556636,0.031,0.032,0.03175000000000001,0.032,0.0004330127018922197,0.012,0.013000000000000001,0.012100000000000003,0.012,0.00030000000000000024,32,32,4096,11008,32768,True,1744,8
0.044,0.049,0.0471904761904762,0.047,0.0009060141709733557,0.02,0.021,0.020050000000000005,0.02,0.00021794494717703388,0.044,0.045,0.04410000000000001,0.044,0.0003000000000000003,0.004,0.005,0.004450000000000001,0.004,0.0004974937185533101,0.016,0.017,0.016900000000000005,0.017,0.0003000000000000003,0.021,0.022,0.021150000000000002,0.021,0.0003570714214271416,0.066,0.07200000000000001,0.0685,0.0685,0.0020615528128088323,0.011,0.012,0.011350000000000002,0.011,0.0004769696007084732,0.031,0.032,0.03155000000000001,0.032,0.0004974937185533104,0.012,0.013000000000000001,0.012050000000000002,0.012,0.0002179449471770339,32,32,4096,11008,32768,True,1728,8
0.043000000000000003,0.047,0.046238095238095245,0.046,0.0008676603408708851,0.02,0.02,0.020000000000000004,0.02,3.469446951953614e-18,0.044,0.045,0.04415000000000001,0.044,0.00035707142142714273,0.004,0.005,0.0043500000000000014,0.004,0.00047696960070847287,0.017,0.017,0.017000000000000005,0.017,3.469446951953614e-18,0.021,0.021,0.021000000000000005,0.021,3.469446951953614e-18,0.067,0.074,0.07015,0.069,0.002779838124783524,0.011,0.012,0.01105,0.011,0.0002179449471770339,0.031,0.032,0.031650000000000005,0.032,0.0004769696007084733,0.012,0.013000000000000001,0.012050000000000002,0.012,0.0002179449471770339,32,32,4096,11008,32768,True,1712,8
0.042,0.047,0.046000000000000006,0.046,0.0010235326314383176,0.02,0.02,0.020000000000000004,0.02,3.469446951953614e-18,0.044,0.044,0.044000000000000004,0.044,6.938893903907228e-18,0.004,0.005,0.004400000000000001,0.004,0.0004898979485566357,0.017,0.017,0.017000000000000005,0.017,3.469446951953614e-18,0.02,0.021,0.020700000000000003,0.021,0.0004582575694955844,0.065,0.07200000000000001,0.068,0.067,0.002121320343559644,0.011,0.012,0.01105,0.011,0.0002179449471770339,0.031,0.032,0.0316,0.032,0.0004898979485566361,0.012,0.012,0.012000000000000002,0.012,1.734723475976807e-18,32,32,4096,11008,32768,True,1696,8
0.041,0.046,0.04538095238095239,0.046,0.0010900498230723423,0.019,0.02,0.019950000000000002,0.02,0.00021794494717703385,0.044,0.045,0.04410000000000001,0.044,0.0003000000000000003,0.004,0.005,0.0043500000000000014,0.004,0.00047696960070847287,0.017,0.017,0.017000000000000005,0.017,3.469446951953614e-18,0.02,0.021,0.020250000000000004,0.02,0.00043301270189221973,0.066,0.073,0.07085,0.07250000000000001,0.0025154522456210496,0.011,0.011,0.011000000000000001,0.011,1.734723475976807e-18,0.031,0.032,0.03135,0.031,0.00047696960070847314,0.011,0.012,0.011550000000000001,0.012,0.0004974937185533104,32,32,4096,11008,32768,True,1680,8
0.041,0.045,0.044095238095238104,0.044,0.0008109231602822091,0.019,0.02,0.019600000000000003,0.02,0.0004898979485566361,0.044,0.044,0.044000000000000004,0.044,6.938893903907228e-18,0.004,0.005,0.004100000000000001,0.004,0.00030000000000000003,0.016,0.017,0.016850000000000004,0.017,0.0003570714214271428,0.02,0.021,0.020050000000000005,0.02,0.00021794494717703388,0.065,0.07100000000000001,0.06770000000000001,0.0665,0.0023895606290697063,0.011,0.011,0.011000000000000001,0.011,1.734723475976807e-18,0.033,0.036000000000000004,0.03415000000000001,0.034,0.0007921489758877437,0.011,0.012,0.01105,0.011,0.0002179449471770339,32,32,4096,11008,32768,True,1664,8
0.041,0.045,0.04404761904761906,0.044,0.0007853534524986016,0.019,0.02,0.019600000000000003,0.02,0.0004898979485566361,0.037,0.038,0.03780000000000001,0.038,0.00040000000000000034,0.005,0.005,0.005000000000000001,0.005,8.673617379884035e-19,0.017,0.017,0.017000000000000005,0.017,3.469446951953614e-18,0.02,0.02,0.020000000000000004,0.02,3.469446951953614e-18,0.066,0.074,0.06960000000000001,0.0685,0.003120897306865444,0.011,0.011,0.011000000000000001,0.011,1.734723475976807e-18,0.031,0.032,0.03175000000000001,0.032,0.0004330127018922197,0.011,0.012,0.011150000000000002,0.011,0.0003570714214271428,32,32,4096,11008,32768,True,1648,8
0.04,0.045,0.04404761904761906,0.044,0.0010454523047666732,0.019,0.02,0.019300000000000005,0.019,0.0004582575694955844,0.036000000000000004,0.038,0.037500000000000006,0.038,0.000670820393249936,0.005,0.005,0.005000000000000001,0.005,8.673617379884035e-19,0.017,0.017,0.017000000000000005,0.017,3.469446951953614e-18,0.02,0.02,0.020000000000000004,0.02,3.469446951953614e-18,0.065,0.07100000000000001,0.06755,0.0665,0.0022242976419535243,0.01,0.011,0.010950000000000001,0.011,0.00021794494717703347,0.031,0.032,0.031700000000000006,0.032,0.00045825756949558437,0.011,0.012,0.011100000000000002,0.011,0.00030000000000000024,32,32,4096,11008,32768,True,1632,8
0.04,0.045,0.04404761904761906,0.044,0.0009988655696858582,0.019,0.02,0.019350000000000003,0.019,0.00047696960070847314,0.036000000000000004,0.039,0.037750000000000006,0.038,0.0006224949798994361,0.005,0.005,0.005000000000000001,0.005,8.673617379884035e-19,0.017,0.017,0.017000000000000005,0.017,3.469446951953614e-18,0.02,0.02,0.020000000000000004,0.02,3.469446951953614e-18,0.066,0.073,0.0689,0.068,0.0029647934160747158,0.01,0.011,0.0108,0.011,0.0003999999999999997,0.031,0.032,0.031650000000000005,0.032,0.00047696960070847325,0.011,0.012,0.01105,0.011,0.0002179449471770339,32,32,4096,11008,32768,True,1616,8
0.039,0.044,0.04333333333333334,0.044,0.0010837911120705744,0.019,0.02,0.019050000000000004,0.019,0.00021794494717703388,0.036000000000000004,0.038,0.03755000000000001,0.038,0.0005894913061275794,0.005,0.005,0.005000000000000001,0.005,8.673617379884035e-19,0.016,0.017,0.016900000000000005,0.017,0.0003000000000000003,0.019,0.02,0.019850000000000003,0.02,0.00035707142142714284,0.065,0.07100000000000001,0.06755,0.067,0.0023973944189473726,0.01,0.011,0.010600000000000002,0.011,0.0004898979485566352,0.031,0.033,0.03180000000000001,0.032,0.000509901951359279,0.011,0.011,0.011000000000000001,0.011,1.734723475976807e-18,32,32,4096,11008,32768,True,1600,8
0.038,0.043000000000000003,0.04261904761904763,0.043000000000000003,0.0010900498230723436,0.018000000000000002,0.018000000000000002,0.018000000000000006,0.018000000000000002,3.469446951953614e-18,0.036000000000000004,0.038,0.03740000000000001,0.037,0.0005830951894845298,0.005,0.005,0.005000000000000001,0.005,8.673617379884035e-19,0.017,0.017,0.017000000000000005,0.017,3.469446951953614e-18,0.018000000000000002,0.019,0.018700000000000005,0.019,0.0004582575694955828,0.065,0.073,0.06910000000000001,0.0685,0.0028442925306655783,0.01,0.011,0.0102,0.01,0.0003999999999999996,0.031,0.033,0.03185,0.032,0.0004769696007084733,0.011,0.011,0.011000000000000001,0.011,1.734723475976807e-18,32,32,4096,11008,32768,True,1584,8
0.039,0.044,0.042714285714285725,0.043000000000000003,0.0009331389496316873,0.018000000000000002,0.018000000000000002,0.018000000000000006,0.018000000000000002,3.469446951953614e-18,0.044,0.044,0.044000000000000004,0.044,6.938893903907228e-18,0.004,0.005,0.0043500000000000014,0.004,0.00047696960070847287,0.016,0.017,0.016950000000000003,0.017,0.00021794494717703385,0.018000000000000002,0.019,0.018050000000000004,0.018000000000000002,0.00021794494717703315,0.065,0.074,0.06705000000000001,0.066,0.002654712790491658,0.01,0.011,0.01005,0.01,0.00021794494717703353,0.031,0.032,0.03180000000000001,0.032,0.00040000000000000034,0.01,0.012,0.010950000000000001,0.011,0.0003840572873934303,32,32,4096,11008,32768,True,1568,8
0.039,0.044,0.04261904761904763,0.043000000000000003,0.0009499970163457148,0.018000000000000002,0.018000000000000002,0.018000000000000006,0.018000000000000002,3.469446951953614e-18,0.044,0.045,0.04440000000000001,0.044,0.0004898979485566361,0.004,0.005,0.004700000000000001,0.005,0.00045825756949558405,0.017,0.017,0.017000000000000005,0.017,3.469446951953614e-18,0.018000000000000002,0.018000000000000002,0.018000000000000006,0.018000000000000002,3.469446951953614e-18,0.065,0.073,0.06805,0.0665,0.003201171660501824,0.01,0.011,0.01005,0.01,0.00021794494717703353,0.031,0.032,0.031950000000000006,0.032,0.00021794494717703385,0.01,0.011,0.01025,0.01,0.00043301270189221897,32,32,4096,11008,32768,True,1552,8
0.037,0.042,0.0411904761904762,0.041,0.001051939144494026,0.018000000000000002,0.018000000000000002,0.018000000000000006,0.018000000000000002,3.469446951953614e-18,0.035,0.037,0.03575000000000001,0.036000000000000004,0.00053619026473818,0.005,0.005,0.005000000000000001,0.005,8.673617379884035e-19,0.015,0.016,0.015450000000000002,0.015,0.0004974937185533104,0.018000000000000002,0.018000000000000002,0.018000000000000006,0.018000000000000002,3.469446951953614e-18,0.048,0.049,0.04830000000000001,0.048,0.0004582575694955844,0.008,0.008,0.008000000000000002,0.008,1.734723475976807e-18,0.031,0.033,0.03125000000000001,0.031,0.0005361902647381809,0.01,0.011,0.010750000000000001,0.011,0.00043301270189221897,32,32,4096,11008,32768,True,1536,8
0.038,0.043000000000000003,0.041714285714285725,0.042,0.0009331389496316878,0.018000000000000002,0.018000000000000002,0.018000000000000006,0.018000000000000002,3.469446951953614e-18,0.035,0.036000000000000004,0.03595000000000001,0.036000000000000004,0.00021794494717703385,0.005,0.005,0.005000000000000001,0.005,8.673617379884035e-19,0.015,0.016,0.0158,0.016,0.00040000000000000034,0.018000000000000002,0.018000000000000002,0.018000000000000006,0.018000000000000002,3.469446951953614e-18,0.048,0.049,0.04880000000000001,0.049,0.00040000000000000034,0.008,0.008,0.008000000000000002,0.008,1.734723475976807e-18,0.031,0.033,0.031950000000000006,0.032,0.0004974937185533104,0.01,0.011,0.0102,0.01,0.0003999999999999996,32,32,4096,11008,32768,True,1520,8
0.036000000000000004,0.041,0.04042857142857144,0.041,0.001094202408864386,0.017,0.018000000000000002,0.017950000000000004,0.018000000000000002,0.00021794494717703385,0.035,0.036000000000000004,0.03555000000000001,0.036000000000000004,0.0004974937185533104,0.004,0.005,0.004950000000000001,0.005,0.00021794494717703366,0.015,0.016,0.015050000000000003,0.015,0.00021794494717703388,0.018000000000000002,0.018000000000000002,0.018000000000000006,0.018000000000000002,3.469446951953614e-18,0.048,0.049,0.04805000000000001,0.048,0.00021794494717703385,0.008,0.008,0.008000000000000002,0.008,1.734723475976807e-18,0.031,0.033,0.03185,0.032,0.0006538348415311016,0.01,0.011,0.010100000000000001,0.01,0.00029999999999999976,32,32,4096,11008,32768,True,1504,8
0.036000000000000004,0.041,0.04014285714285716,0.04,0.0010367400503370112,0.017,0.018000000000000002,0.017850000000000005,0.018000000000000002,0.00035707142142714284,0.035,0.036000000000000004,0.03575000000000001,0.036000000000000004,0.0004330127018922197,0.004,0.005,0.004950000000000001,0.005,0.00021794494717703366,0.016,0.017,0.016200000000000003,0.016,0.00040000000000000034,0.018000000000000002,0.018000000000000002,0.018000000000000006,0.018000000000000002,3.469446951953614e-18,0.048,0.049,0.04825000000000001,0.048,0.0004330127018922198,0.008,0.008,0.008000000000000002,0.008,1.734723475976807e-18,0.033,0.034,0.03330000000000001,0.033,0.0004582575694955844,0.01,0.011,0.010050000000000002,0.01,0.0002179449471770335,32,32,4096,11008,32768,True,1488,8
0.035,0.041,0.03961904761904763,0.04,0.0011741740958036142,0.017,0.018000000000000002,0.017400000000000006,0.017,0.000489897948556636,0.035,0.036000000000000004,0.03590000000000001,0.036000000000000004,0.0003000000000000003,0.004,0.005,0.004900000000000002,0.005,0.00030000000000000003,0.016,0.017,0.016100000000000003,0.016,0.00030000000000000024,0.017,0.018000000000000002,0.017900000000000006,0.018000000000000002,0.0003000000000000003,0.048,0.048,0.04800000000000001,0.048,6.938893903907228e-18,0.008,0.008,0.008000000000000002,0.008,1.734723475976807e-18,0.033,0.035,0.03380000000000001,0.034,0.0006782329983125274,0.01,0.01,0.010000000000000002,0.01,1.734723475976807e-18,32,32,4096,11008,32768,True,1472,8
0.035,0.041,0.03985714285714287,0.04,0.0011664236870396081,0.017,0.018000000000000002,0.017050000000000003,0.017,0.0002179449471770339,0.035,0.036000000000000004,0.03585000000000001,0.036000000000000004,0.00035707142142714284,0.004,0.005,0.004700000000000001,0.005,0.000458257569495584,0.016,0.017,0.016650000000000005,0.017,0.0004769696007084733,0.017,0.018000000000000002,0.017700000000000004,0.018000000000000002,0.0004582575694955845,0.048,0.048,0.04800000000000001,0.048,6.938893903907228e-18,0.008,0.008,0.008000000000000002,0.008,1.734723475976807e-18,0.034,0.035,0.03440000000000001,0.034,0.000489897948556636,0.009000000000000001,0.01,0.009950000000000004,0.01,0.00021794494717703353,32,32,4096,11008,32768,True,1456,8
0.035,0.041,0.0392857142857143,0.039,0.0011187942975686407,0.017,0.017,0.017000000000000005,0.017,3.469446951953614e-18,0.035,0.036000000000000004,0.03575000000000001,0.036000000000000004,0.0004330127018922197,0.004,0.005,0.004650000000000001,0.005,0.00047696960070847287,0.016,0.016,0.016000000000000004,0.016,3.469446951953614e-18,0.017,0.017,0.017000000000000005,0.017,3.469446951953614e-18,0.048,0.048,0.04800000000000001,0.048,6.938893903907228e-18,0.007,0.008,0.007200000000000001,0.007,0.00039999999999999996,0.032,0.035,0.03325000000000001,0.033,0.0008291561975888507,0.009000000000000001,0.01,0.009750000000000003,0.01,0.00043301270189221897,32,32,4096,11008,32768,True,1440,8
0.034,0.04,0.03895238095238097,0.039,0.0011741740958036144,0.017,0.017,0.017000000000000005,0.017,3.469446951953614e-18,0.035,0.036000000000000004,0.03585000000000001,0.036000000000000004,0.00035707142142714284,0.004,0.005,0.004700000000000001,0.005,0.000458257569495584,0.016,0.017,0.016200000000000003,0.016,0.00040000000000000034,0.017,0.018000000000000002,0.017050000000000003,0.017,0.0002179449471770339,0.048,0.048,0.04800000000000001,0.048,6.938893903907228e-18,0.007,0.008,0.007750000000000002,0.008,0.00043301270189221935,0.032,0.034,0.033150000000000006,0.033,0.0005722761571129803,0.009000000000000001,0.01,0.009400000000000002,0.009000000000000001,0.0004898979485566352,32,32,4096,11008,32768,True,1424,8
0.033,0.039,0.0381904761904762,0.038,0.0012580804584402766,0.017,0.017,0.017000000000000005,0.017,3.469446951953614e-18,0.031,0.033,0.031700000000000006,0.032,0.0007141428428542857,0.004,0.004,0.004000000000000001,0.004,8.673617379884035e-19,0.015,0.016,0.015250000000000003,0.015,0.00043301270189221973,0.017,0.018000000000000002,0.017050000000000003,0.017,0.00021794494717703388,0.048,0.049,0.04805000000000001,0.048,0.00021794494717703385,0.007,0.008,0.007050000000000001,0.007,0.0002179449471770337,0.025,0.031,0.026550000000000008,0.026000000000000002,0.0016271140095272972,0.009000000000000001,0.011,0.009900000000000003,0.01,0.00043588989435406695,32,32,4096,11008,32768,True,1408,8
0.033,0.04,0.03847619047619048,0.039,0.0013669238185149834,0.017,0.017,0.017000000000000005,0.017,3.469446951953614e-18,0.031,0.034,0.032150000000000005,0.032,0.0009096702699330135,0.004,0.004,0.004000000000000001,0.004,8.673617379884035e-19,0.015,0.016,0.015450000000000002,0.015,0.0004974937185533104,0.017,0.017,0.017000000000000005,0.017,3.469446951953614e-18,0.048,0.048,0.04800000000000001,0.048,6.938893903907228e-18,0.007,0.008,0.007200000000000001,0.007,0.00039999999999999996,0.025,0.031,0.02670000000000001,0.026000000000000002,0.001819340539866024,0.009000000000000001,0.01,0.009250000000000003,0.009000000000000001,0.00043301270189221897,32,32,4096,11008,32768,True,1392,8
0.032,0.038,0.03742857142857144,0.038,0.001293626448305345,0.017,0.017,0.017000000000000005,0.017,3.469446951953614e-18,0.033,0.036000000000000004,0.034100000000000005,0.034,0.0008306623862918081,0.004,0.004,0.004000000000000001,0.004,8.673617379884035e-19,0.015,0.016,0.015950000000000002,0.016,0.00021794494717703385,0.017,0.017,0.017000000000000005,0.017,3.469446951953614e-18,0.047,0.048,0.04730000000000001,0.047,0.0004582575694955844,0.007,0.007,0.007000000000000001,0.007,8.673617379884035e-19,0.025,0.031,0.026450000000000008,0.026000000000000002,0.0013955285736952851,0.009000000000000001,0.01,0.009250000000000003,0.009000000000000001,0.00043301270189221897,32,32,4096,11008,32768,True,1376,8
0.033,0.038,0.03714285714285715,0.037,0.001036740050337011,0.017,0.017,0.017000000000000005,0.017,3.469446951953614e-18,0.035,0.037,0.03565000000000001,0.036000000000000004,0.0005722761571129796,0.004,0.004,0.004000000000000001,0.004,8.673617379884035e-19,0.015,0.016,0.015300000000000003,0.015,0.0004582575694955844,0.016,0.017,0.016950000000000003,0.017,0.00021794494717703385,0.047,0.048,0.04780000000000001,0.048,0.00040000000000000034,0.007,0.007,0.007000000000000001,0.007,8.673617379884035e-19,0.025,0.031,0.026850000000000006,0.026000000000000002,0.0017965244223221671,0.009000000000000001,0.009000000000000001,0.009000000000000003,0.009000000000000001,1.734723475976807e-18,32,32,4096,11008,32768,True,1360,8
0.032,0.038,0.03690476190476192,0.037,0.0011914281907806474,0.016,0.017,0.016850000000000004,0.017,0.00035707142142714284,0.035,0.037,0.03640000000000001,0.037,0.0008602325267042604,0.004,0.004,0.004000000000000001,0.004,8.673617379884035e-19,0.015,0.016,0.015050000000000003,0.015,0.00021794494717703385,0.017,0.017,0.017000000000000005,0.017,3.469446951953614e-18,0.047,0.048,0.04710000000000001,0.047,0.0003000000000000003,0.007,0.007,0.007000000000000001,0.007,8.673617379884035e-19,0.026000000000000002,0.031,0.027350000000000006,0.027,0.0015898113095584635,0.009000000000000001,0.01,0.009150000000000002,0.009000000000000001,0.00035707142142714214,32,32,4096,11008,32768,True,1344,8
0.031,0.038,0.03657142857142858,0.037,0.0013652639225553752,0.016,0.017,0.016350000000000003,0.016,0.00047696960070847314,0.036000000000000004,0.037,0.03685000000000001,0.037,0.0003570714214271403,0.004,0.004,0.004000000000000001,0.004,8.673617379884035e-19,0.016,0.017,0.016150000000000005,0.016,0.00035707142142714284,0.016,0.017,0.016550000000000002,0.017,0.0004974937185533104,0.052000000000000005,0.058,0.05545000000000001,0.056,0.0012835497652993438,0.007,0.008,0.0079,0.008,0.00030000000000000003,0.026000000000000002,0.031,0.027150000000000007,0.027,0.001681517172080023,0.009000000000000001,0.01,0.009050000000000002,0.009000000000000001,0.00021794494717703353,32,32,4096,11008,32768,True,1328,8
0.031,0.037,0.03580952380952382,0.036000000000000004,0.0010962728031639376,0.015,0.015,0.015000000000000003,0.015,3.469446951953614e-18,0.036000000000000004,0.039,0.03805000000000001,0.038,0.0005894913061275793,0.004,0.004,0.004000000000000001,0.004,8.673617379884035e-19,0.016,0.016,0.016000000000000004,0.016,3.469446951953614e-18,0.015,0.016,0.015100000000000002,0.015,0.00030000000000000024,0.047,0.053,0.04835000000000001,0.048,0.00176847391838274,0.007,0.007,0.007000000000000001,0.007,8.673617379884035e-19,0.026000000000000002,0.029,0.02720000000000001,0.027,0.0008717797887081342,0.009000000000000001,0.009000000000000001,0.009000000000000003,0.009000000000000001,1.734723475976807e-18,32,32,4096,11008,32768,True,1312,8
0.031,0.037,0.035857142857142865,0.036000000000000004,0.0011248582677159734,0.015,0.015,0.015000000000000003,0.015,3.469446951953614e-18,0.036000000000000004,0.04,0.039550000000000016,0.04,0.0009205976319760979,0.004,0.004,0.004000000000000001,0.004,8.673617379884035e-19,0.015,0.016,0.015050000000000003,0.015,0.00021794494717703385,0.015,0.015,0.015000000000000003,0.015,3.469446951953614e-18,0.047,0.047,0.04700000000000001,0.047,6.938893903907228e-18,0.007,0.007,0.007000000000000001,0.007,8.673617379884035e-19,0.026000000000000002,0.031,0.027850000000000003,0.0275,0.0015256146302392354,0.009000000000000001,0.009000000000000001,0.009000000000000003,0.009000000000000001,1.734723475976807e-18,32,32,4096,11008,32768,True,1296,8
0.031,0.036000000000000004,0.034952380952380964,0.035,0.0009988655696858597,0.015,0.015,0.015000000000000003,0.015,3.469446951953614e-18,0.03,0.031,0.030200000000000005,0.03,0.0004000000000000003,0.004,0.004,0.004000000000000001,0.004,8.673617379884035e-19,0.014,0.014,0.014000000000000002,0.014,1.734723475976807e-18,0.015,0.015,0.015000000000000003,0.015,3.469446951953614e-18,0.046,0.046,0.046000000000000006,0.046,6.938893903907228e-18,0.007,0.007,0.007000000000000001,0.007,8.673617379884035e-19,0.025,0.026000000000000002,0.025900000000000006,0.026000000000000002,0.0003000000000000003,0.008,0.009000000000000001,0.008050000000000002,0.008,0.00021794494717703388,32,32,4096,11008,32768,True,1280,8
0.03,0.036000000000000004,0.034952380952380964,0.035,0.0012140522651411403,0.015,0.015,0.015000000000000003,0.015,3.469446951953614e-18,0.026000000000000002,0.026000000000000002,0.026000000000000006,0.026000000000000002,3.469446951953614e-18,0.004,0.005,0.004150000000000001,0.004,0.0003570714214271425,0.014,0.014,0.014000000000000002,0.014,1.734723475976807e-18,0.015,0.015,0.015000000000000003,0.015,3.469446951953614e-18,0.045,0.046,0.04590000000000001,0.046,0.00030000000000000024,0.007,0.007,0.007000000000000001,0.007,8.673617379884035e-19,0.025,0.027,0.026000000000000006,0.026000000000000002,0.00031622776601683767,0.008,0.008,0.008000000000000002,0.008,1.734723475976807e-18,32,32,4096,11008,32768,True,1264,8
0.03,0.035,0.03438095238095239,0.035,0.0010900498230723434,0.015,0.015,0.015000000000000003,0.015,3.469446951953614e-18,0.026000000000000002,0.026000000000000002,0.026000000000000006,0.026000000000000002,3.469446951953614e-18,0.004,0.005,0.004100000000000001,0.004,0.00030000000000000003,0.014,0.014,0.014000000000000002,0.014,1.734723475976807e-18,0.015,0.015,0.015000000000000003,0.015,3.469446951953614e-18,0.045,0.046,0.045450000000000004,0.045,0.0004974937185533104,0.007,0.007,0.007000000000000001,0.007,8.673617379884035e-19,0.025,0.026000000000000002,0.025650000000000006,0.026000000000000002,0.00047696960070847325,0.008,0.009000000000000001,0.008050000000000002,0.008,0.0002179449471770339,32,32,4096,11008,32768,True,1248,8
0.029,0.036000000000000004,0.0341904761904762,0.034,0.0012953781436890904,0.015,0.015,0.015000000000000003,0.015,3.469446951953614e-18,0.026000000000000002,0.026000000000000002,0.026000000000000006,0.026000000000000002,3.469446951953614e-18,0.004,0.004,0.004000000000000001,0.004,8.673617379884035e-19,0.014,0.014,0.014000000000000002,0.014,1.734723475976807e-18,0.015,0.015,0.015000000000000003,0.015,3.469446951953614e-18,0.045,0.046,0.045750000000000006,0.046,0.00043301270189221973,0.007,0.007,0.007000000000000001,0.007,8.673617379884035e-19,0.025,0.031,0.026100000000000005,0.026000000000000002,0.0011789826122551592,0.008,0.008,0.008000000000000002,0.008,1.734723475976807e-18,32,32,4096,11008,32768,True,1232,8
0.029,0.035,0.033714285714285724,0.034,0.0011187942975686414,0.015,0.015,0.015000000000000003,0.015,3.469446951953614e-18,0.026000000000000002,0.026000000000000002,0.026000000000000006,0.026000000000000002,3.469446951953614e-18,0.004,0.005,0.004050000000000001,0.004,0.0002179449471770337,0.014,0.014,0.014000000000000002,0.014,1.734723475976807e-18,0.015,0.015,0.015000000000000003,0.015,3.469446951953614e-18,0.045,0.046,0.04515000000000001,0.045,0.00035707142142714284,0.006,0.007,0.006550000000000002,0.007,0.00049749371855331,0.025,0.026000000000000002,0.025650000000000006,0.026000000000000002,0.0004769696007084733,0.008,0.008,0.008000000000000002,0.008,1.734723475976807e-18,32,32,4096,11008,32768,True,1216,8
0.029,0.035,0.03385714285714286,0.034,0.001166423687039609,0.015,0.015,0.015000000000000003,0.015,3.469446951953614e-18,0.026000000000000002,0.026000000000000002,0.026000000000000006,0.026000000000000002,3.469446951953614e-18,0.004,0.004,0.004000000000000001,0.004,8.673617379884035e-19,0.014,0.014,0.014000000000000002,0.014,1.734723475976807e-18,0.015,0.015,0.015000000000000003,0.015,3.469446951953614e-18,0.045,0.046,0.045450000000000004,0.045,0.0004974937185533104,0.006,0.007,0.006550000000000002,0.007,0.00049749371855331,0.025,0.026000000000000002,0.025950000000000008,0.026000000000000002,0.00021794494717703385,0.007,0.008,0.007650000000000001,0.008,0.00047696960070847287,32,32,4096,11008,32768,True,1200,8
0.028,0.034,0.032380952380952385,0.033,0.0011328930717495545,0.014,0.015,0.014250000000000002,0.014,0.00043301270189221897,0.026000000000000002,0.026000000000000002,0.026000000000000006,0.026000000000000002,3.469446951953614e-18,0.004,0.005,0.004050000000000001,0.004,0.0002179449471770337,0.013000000000000001,0.014,0.013950000000000004,0.014,0.00021794494717703353,0.014,0.015,0.014300000000000002,0.014,0.00045825756949558356,0.045,0.045,0.045000000000000005,0.045,6.938893903907228e-18,0.006,0.006,0.006000000000000001,0.006,8.673617379884035e-19,0.025,0.026000000000000002,0.025750000000000006,0.026000000000000002,0.00043301270189221973,0.007,0.008,0.007600000000000001,0.008,0.0004898979485566356,32,32,4096,11008,32768,True,1184,8
0.028,0.033,0.0321904761904762,0.032,0.0010519391444940253,0.014,0.015,0.014250000000000002,0.014,0.00043301270189221897,0.026000000000000002,0.026000000000000002,0.026000000000000006,0.026000000000000002,3.469446951953614e-18,0.004,0.004,0.004000000000000001,0.004,8.673617379884035e-19,0.013000000000000001,0.014,0.013950000000000004,0.014,0.00021794494717703353,0.014,0.015,0.014050000000000002,0.014,0.00021794494717703353,0.045,0.046,0.04510000000000001,0.045,0.0003000000000000003,0.006,0.006,0.006000000000000001,0.006,8.673617379884035e-19,0.025,0.026000000000000002,0.025900000000000006,0.026000000000000002,0.0003000000000000003,0.007,0.008,0.007150000000000001,0.007,0.0003570714214271425,32,32,4096,11008,32768,True,1168,8
0.027,0.033,0.03228571428571429,0.033,0.00127775312999988,0.014,0.015,0.014050000000000002,0.014,0.00021794494717703353,0.027,0.03,0.027950000000000003,0.028,0.0009205976319760985,0.004,0.004,0.004000000000000001,0.004,8.673617379884035e-19,0.014,0.014,0.014000000000000002,0.014,1.734723475976807e-18,0.014,0.014,0.014000000000000002,0.014,1.734723475976807e-18,0.045,0.045,0.045000000000000005,0.045,6.938893903907228e-18,0.006,0.006,0.006000000000000001,0.006,8.673617379884035e-19,0.025,0.026000000000000002,0.025650000000000006,0.026000000000000002,0.0004769696007084733,0.007,0.008,0.007200000000000001,0.007,0.0004,32,32,4096,11008,32768,True,1152,8
0.027,0.033,0.031809523809523815,0.032,0.0010962728031639372,0.014,0.015,0.014100000000000001,0.014,0.00029999999999999976,0.026000000000000002,0.026000000000000002,0.026000000000000006,0.026000000000000002,3.469446951953614e-18,0.004,0.004,0.004000000000000001,0.004,8.673617379884035e-19,0.014,0.014,0.014000000000000002,0.014,1.734723475976807e-18,0.014,0.014,0.014000000000000002,0.014,1.734723475976807e-18,0.045,0.045,0.045000000000000005,0.045,6.938893903907228e-18,0.006,0.006,0.006000000000000001,0.006,8.673617379884035e-19,0.025,0.026000000000000002,0.025850000000000005,0.026000000000000002,0.0003570714214271428,0.007,0.008,0.007200000000000001,0.007,0.0004,32,32,4096,11008,32768,True,1136,8
0.027,0.032,0.030809523809523814,0.031,0.000957131011535323,0.014,0.014,0.014000000000000002,0.014,1.734723475976807e-18,0.026000000000000002,0.026000000000000002,0.026000000000000006,0.026000000000000002,3.469446951953614e-18,0.004,0.004,0.004000000000000001,0.004,8.673617379884035e-19,0.013000000000000001,0.014,0.013850000000000005,0.014,0.0003570714214271422,0.014,0.014,0.014000000000000002,0.014,1.734723475976807e-18,0.044,0.045,0.04490000000000001,0.045,0.00030000000000000024,0.006,0.006,0.006000000000000001,0.006,8.673617379884035e-19,0.025,0.026000000000000002,0.025400000000000006,0.025,0.000489897948556636,0.007,0.008,0.007050000000000001,0.007,0.0002179449471770337,32,32,4096,11008,32768,True,1120,8
0.026000000000000002,0.031,0.030047619047619052,0.03,0.0009988655696858582,0.014,0.014,0.014000000000000002,0.014,1.734723475976807e-18,0.026000000000000002,0.026000000000000002,0.026000000000000006,0.026000000000000002,3.469446951953614e-18,0.004,0.004,0.004000000000000001,0.004,8.673617379884035e-19,0.014,0.014,0.014000000000000002,0.014,1.734723475976807e-18,0.014,0.014,0.014000000000000002,0.014,1.734723475976807e-18,0.045,0.045,0.045000000000000005,0.045,6.938893903907228e-18,0.006,0.006,0.006000000000000001,0.006,8.673617379884035e-19,0.025,0.027,0.026000000000000006,0.026000000000000002,0.00031622776601683767,0.007,0.007,0.007000000000000001,0.007,8.673617379884035e-19,32,32,4096,11008,32768,True,1104,8
0.026000000000000002,0.031,0.030000000000000006,0.03,0.0009759000729485327,0.014,0.014,0.014000000000000002,0.014,1.734723475976807e-18,0.026000000000000002,0.026000000000000002,0.026000000000000006,0.026000000000000002,3.469446951953614e-18,0.004,0.004,0.004000000000000001,0.004,8.673617379884035e-19,0.013000000000000001,0.014,0.013800000000000003,0.014,0.0003999999999999997,0.014,0.014,0.014000000000000002,0.014,1.734723475976807e-18,0.044,0.045,0.044550000000000006,0.045,0.0004974937185533104,0.006,0.006,0.006000000000000001,0.006,8.673617379884035e-19,0.025,0.026000000000000002,0.025350000000000004,0.025,0.0004769696007084732,0.007,0.008,0.007050000000000001,0.007,0.0002179449471770337,32,32,4096,11008,32768,True,1088,8
0.025,0.031,0.02966666666666667,0.03,0.0011268723396380214,0.014,0.014,0.014000000000000002,0.014,1.734723475976807e-18,0.026000000000000002,0.026000000000000002,0.026000000000000006,0.026000000000000002,3.469446951953614e-18,0.004,0.004,0.004000000000000001,0.004,8.673617379884035e-19,0.013000000000000001,0.014,0.013800000000000003,0.014,0.0003999999999999997,0.014,0.014,0.014000000000000002,0.014,1.734723475976807e-18,0.044,0.045,0.044950000000000004,0.045,0.00021794494717703385,0.006,0.006,0.006000000000000001,0.006,8.673617379884035e-19,0.025,0.026000000000000002,0.025700000000000008,0.026000000000000002,0.00045825756949558437,0.007,0.008,0.007050000000000001,0.007,0.0002179449471770337,32,32,4096,11008,32768,True,1072,8
0.025,0.031,0.029142857142857147,0.029,0.0010816968277714803,0.012,0.013000000000000001,0.012950000000000003,0.013000000000000001,0.00021794494717703385,0.026000000000000002,0.026000000000000002,0.026000000000000006,0.026000000000000002,3.469446951953614e-18,0.003,0.004,0.0038500000000000006,0.004,0.0003570714214271425,0.013000000000000001,0.014,0.013950000000000004,0.014,0.00021794494717703353,0.012,0.013000000000000001,0.012950000000000003,0.013000000000000001,0.00021794494717703385,0.044,0.045,0.044750000000000005,0.045,0.0004330127018922197,0.006,0.006,0.006000000000000001,0.006,8.673617379884035e-19,0.025,0.026000000000000002,0.025400000000000006,0.025,0.000489897948556636,0.007,0.007,0.007000000000000001,0.007,8.673617379884035e-19,32,32,4096,11008,32768,True,1056,8
0.024,0.029,0.028523809523809535,0.029,0.0010962728031639374,0.012,0.013000000000000001,0.012650000000000003,0.013000000000000001,0.0004769696007084732,0.026000000000000002,0.026000000000000002,0.026000000000000006,0.026000000000000002,3.469446951953614e-18,0.003,0.004,0.003300000000000001,0.003,0.00045825756949558405,0.013000000000000001,0.014,0.013950000000000004,0.014,0.00021794494717703353,0.012,0.013000000000000001,0.012750000000000003,0.013000000000000001,0.0004330127018922198,0.044,0.045,0.044750000000000005,0.045,0.0004330127018922197,0.005,0.006,0.005950000000000001,0.006,0.0002179449471770337,0.025,0.026000000000000002,0.025950000000000008,0.026000000000000002,0.00021794494717703385,0.007,0.008,0.007050000000000001,0.007,0.0002179449471770337,32,32,4096,11008,32768,True,1040,8
0.025,0.029,0.028714285714285723,0.029,0.0008806305718527111,0.012,0.013000000000000001,0.012400000000000003,0.012,0.000489897948556636,0.025,0.026000000000000002,0.025950000000000008,0.026000000000000002,0.00021794494717703385,0.003,0.004,0.0032000000000000006,0.003,0.00039999999999999996,0.012,0.012,0.012000000000000002,0.012,1.734723475976807e-18,0.012,0.013000000000000001,0.012500000000000002,0.0125,0.0005000000000000004,0.044,0.044,0.044000000000000004,0.044,6.938893903907228e-18,0.005,0.006,0.005550000000000001,0.006,0.0004974937185533101,0.02,0.021,0.020650000000000005,0.021,0.0004769696007084733,0.006,0.007,0.0060500000000000016,0.006,0.0002179449471770337,32,32,4096,11008,32768,True,1024,8
0.025,0.029,0.028476190476190485,0.029,0.0009060141709733548,0.012,0.013000000000000001,0.012400000000000003,0.012,0.000489897948556636,0.026000000000000002,0.026000000000000002,0.026000000000000006,0.026000000000000002,3.469446951953614e-18,0.003,0.004,0.003150000000000001,0.003,0.0003570714214271425,0.012,0.012,0.012000000000000002,0.012,1.734723475976807e-18,0.012,0.013000000000000001,0.012400000000000003,0.012,0.000489897948556636,0.044,0.045,0.04415000000000001,0.044,0.0003570714214271428,0.005,0.006,0.0054,0.005,0.0004898979485566356,0.02,0.021,0.020900000000000005,0.021,0.0003000000000000003,0.006,0.007,0.0060500000000000016,0.006,0.0002179449471770337,32,32,4096,11008,32768,True,1016,8
0.024,0.029,0.028238095238095246,0.028,0.0010647942749999002,0.012,0.013000000000000001,0.012250000000000002,0.012,0.0004330127018922198,0.026000000000000002,0.026000000000000002,0.026000000000000006,0.026000000000000002,3.469446951953614e-18,0.003,0.004,0.0031000000000000008,0.003,0.0003,0.012,0.012,0.012000000000000002,0.012,1.734723475976807e-18,0.012,0.013000000000000001,0.012250000000000002,0.012,0.0004330127018922198,0.044,0.044,0.044000000000000004,0.044,6.938893903907228e-18,0.005,0.006,0.0054,0.005,0.0004898979485566357,0.02,0.021,0.020800000000000006,0.021,0.0004000000000000003,0.006,0.007,0.0060500000000000016,0.006,0.0002179449471770337,32,32,4096,11008,32768,True,1008,8
0.025,0.029,0.02842857142857144,0.029,0.0009035079029052512,0.012,0.013000000000000001,0.012250000000000002,0.012,0.0004330127018922198,0.026000000000000002,0.026000000000000002,0.026000000000000006,0.026000000000000002,3.469446951953614e-18,0.003,0.004,0.0032000000000000006,0.003,0.0004,0.012,0.012,0.012000000000000002,0.012,1.734723475976807e-18,0.012,0.013000000000000001,0.012150000000000003,0.012,0.0003570714214271428,0.044,0.045,0.04410000000000001,0.044,0.0003000000000000003,0.005,0.006,0.0051,0.005,0.00030000000000000003,0.02,0.021,0.020800000000000006,0.021,0.0004000000000000003,0.006,0.006,0.006000000000000001,0.006,8.673617379884035e-19,32,32,4096,11008,32768,True,1000,8
0.024,0.028,0.02780952380952382,0.028,0.0008518354199999198,0.012,0.013000000000000001,0.012100000000000003,0.012,0.00030000000000000024,0.025,0.026000000000000002,0.025850000000000005,0.026000000000000002,0.0003570714214271428,0.003,0.004,0.0032000000000000006,0.003,0.0004,0.012,0.012,0.012000000000000002,0.012,1.734723475976807e-18,0.012,0.013000000000000001,0.012100000000000003,0.012,0.00030000000000000024,0.044,0.045,0.044700000000000004,0.045,0.0004582575694955844,0.006,0.006,0.006000000000000001,0.006,8.673617379884035e-19,0.02,0.021,0.020550000000000006,0.021,0.0004974937185533105,0.006,0.006,0.006000000000000001,0.006,8.673617379884035e-19,32,32,4096,11008,32768,True,992,8
0.023,0.028,0.027238095238095245,0.027,0.0010647942749999002,0.012,0.013000000000000001,0.012200000000000003,0.012,0.00040000000000000034,0.026000000000000002,0.026000000000000002,0.026000000000000006,0.026000000000000002,3.469446951953614e-18,0.003,0.004,0.0031000000000000008,0.003,0.0003,0.012,0.012,0.012000000000000002,0.012,1.734723475976807e-18,0.012,0.013000000000000001,0.012050000000000002,0.012,0.00021794494717703388,0.044,0.046,0.045000000000000005,0.045,0.0003162277660168382,0.006,0.006,0.006000000000000001,0.006,8.673617379884035e-19,0.02,0.021,0.020650000000000005,0.021,0.0004769696007084733,0.006,0.007,0.0060500000000000016,0.006,0.0002179449471770337,32,32,4096,11008,32768,True,984,8
0.023,0.029,0.0271904761904762,0.027,0.0010962728031639374,0.012,0.013000000000000001,0.012050000000000002,0.012,0.0002179449471770339,0.025,0.026000000000000002,0.025950000000000008,0.026000000000000002,0.00021794494717703385,0.003,0.004,0.0031000000000000008,0.003,0.0003,0.012,0.013000000000000001,0.012050000000000002,0.012,0.0002179449471770339,0.012,0.013000000000000001,0.012200000000000003,0.012,0.00040000000000000034,0.044,0.045,0.04445,0.044,0.0004974937185533104,0.006,0.006,0.006000000000000001,0.006,8.673617379884035e-19,0.02,0.021,0.020750000000000005,0.021,0.00043301270189221973,0.006,0.007,0.0060500000000000016,0.006,0.0002179449471770337,32,32,4096,11008,32768,True,976,8
0.024,0.028,0.026857142857142864,0.027,0.0007737179432986624,0.012,0.013000000000000001,0.012050000000000002,0.012,0.0002179449471770339,0.026000000000000002,0.026000000000000002,0.026000000000000006,0.026000000000000002,3.469446951953614e-18,0.003,0.004,0.0030500000000000006,0.003,0.0002179449471770337,0.012,0.012,0.012000000000000002,0.012,1.734723475976807e-18,0.012,0.012,0.012000000000000002,0.012,1.734723475976807e-18,0.044,0.045,0.04490000000000001,0.045,0.00030000000000000024,0.006,0.006,0.006000000000000001,0.006,8.673617379884035e-19,0.02,0.021,0.020500000000000004,0.0205,0.0005000000000000004,0.006,0.006,0.006000000000000001,0.006,8.673617379884035e-19,32,32,4096,11008,32768,True,968,8
0.023,0.028,0.027047619047619056,0.027,0.0009988655696858589,0.012,0.012,0.012000000000000002,0.012,1.734723475976807e-18,0.026000000000000002,0.026000000000000002,0.026000000000000006,0.026000000000000002,3.469446951953614e-18,0.003,0.004,0.0030500000000000006,0.003,0.0002179449471770337,0.012,0.012,0.012000000000000002,0.012,1.734723475976807e-18,0.012,0.012,0.012000000000000002,0.012,1.734723475976807e-18,0.044,0.045,0.044750000000000005,0.045,0.0004330127018922197,0.005,0.006,0.005950000000000001,0.006,0.00021794494717703366,0.02,0.021,0.020400000000000005,0.02,0.000489897948556636,0.006,0.006,0.006000000000000001,0.006,8.673617379884035e-19,32,32,4096,11008,32768,True,960,8
0.023,0.028,0.026238095238095244,0.026000000000000002,0.0009209085526577955,0.012,0.012,0.012000000000000002,0.012,1.734723475976807e-18,0.026000000000000002,0.026000000000000002,0.026000000000000006,0.026000000000000002,3.469446951953614e-18,0.003,0.004,0.0030500000000000006,0.003,0.0002179449471770337,0.012,0.012,0.012000000000000002,0.012,1.734723475976807e-18,0.012,0.012,0.012000000000000002,0.012,1.734723475976807e-18,0.044,0.045,0.044950000000000004,0.045,0.00021794494717703385,0.006,0.006,0.006000000000000001,0.006,8.673617379884035e-19,0.02,0.021,0.020650000000000005,0.021,0.0004769696007084733,0.006,0.006,0.006000000000000001,0.006,8.673617379884035e-19,32,32,4096,11008,32768,True,952,8
0.023,0.027,0.025904761904761913,0.026000000000000002,0.0006834619092574921,0.012,0.012,0.012000000000000002,0.012,1.734723475976807e-18,0.025,0.026000000000000002,0.025800000000000007,0.026000000000000002,0.0004000000000000003,0.003,0.003,0.0030000000000000005,0.003,4.336808689942018e-19,0.012,0.012,0.012000000000000002,0.012,1.734723475976807e-18,0.012,0.012,0.012000000000000002,0.012,1.734723475976807e-18,0.044,0.045,0.04435000000000001,0.044,0.0004769696007084732,0.005,0.006,0.005800000000000001,0.006,0.0004,0.02,0.021,0.020600000000000004,0.021,0.0004898979485566361,0.006,0.006,0.006000000000000001,0.006,8.673617379884035e-19,32,32,4096,11008,32768,True,944,8
0.023,0.027,0.02595238095238096,0.026000000000000002,0.0007221786137191955,0.012,0.012,0.012000000000000002,0.012,1.734723475976807e-18,0.026000000000000002,0.026000000000000002,0.026000000000000006,0.026000000000000002,3.469446951953614e-18,0.003,0.004,0.0030500000000000006,0.003,0.0002179449471770337,0.012,0.012,0.012000000000000002,0.012,1.734723475976807e-18,0.012,0.012,0.012000000000000002,0.012,1.734723475976807e-18,0.044,0.045,0.04490000000000001,0.045,0.00030000000000000024,0.006,0.006,0.006000000000000001,0.006,8.673617379884035e-19,0.02,0.021,0.020850000000000004,0.021,0.00035707142142714284,0.006,0.006,0.006000000000000001,0.006,8.673617379884035e-19,32,32,4096,11008,32768,True,936,8
0.022,0.027,0.026047619047619056,0.026000000000000002,0.0009988655696858589,0.012,0.012,0.012000000000000002,0.012,1.734723475976807e-18,0.025,0.026000000000000002,0.025950000000000008,0.026000000000000002,0.00021794494717703385,0.003,0.003,0.0030000000000000005,0.003,4.336808689942018e-19,0.012,0.012,0.012000000000000002,0.012,1.734723475976807e-18,0.012,0.012,0.012000000000000002,0.012,1.734723475976807e-18,0.044,0.045,0.04435000000000001,0.044,0.0004769696007084732,0.005,0.006,0.005900000000000001,0.006,0.00030000000000000003,0.02,0.021,0.020750000000000005,0.021,0.00043301270189221973,0.006,0.006,0.006000000000000001,0.006,8.673617379884035e-19,32,32,4096,11008,32768,True,928,8
0.022,0.027,0.025904761904761913,0.026000000000000002,0.0009712418121129118,0.012,0.012,0.012000000000000002,0.012,1.734723475976807e-18,0.026000000000000002,0.026000000000000002,0.026000000000000006,0.026000000000000002,3.469446951953614e-18,0.003,0.003,0.0030000000000000005,0.003,4.336808689942018e-19,0.012,0.012,0.012000000000000002,0.012,1.734723475976807e-18,0.012,0.012,0.012000000000000002,0.012,1.734723475976807e-18,0.044,0.045,0.044750000000000005,0.045,0.0004330127018922197,0.006,0.006,0.006000000000000001,0.006,8.673617379884035e-19,0.02,0.021,0.020900000000000005,0.021,0.0003000000000000003,0.006,0.006,0.006000000000000001,0.006,8.673617379884035e-19,32,32,4096,11008,32768,True,920,8
0.022,0.026000000000000002,0.025428571428571436,0.026000000000000002,0.000903507902905252,0.011,0.012,0.011900000000000003,0.012,0.00030000000000000024,0.025,0.026000000000000002,0.025900000000000006,0.026000000000000002,0.0003000000000000003,0.003,0.003,0.0030000000000000005,0.003,4.336808689942018e-19,0.012,0.012,0.012000000000000002,0.012,1.734723475976807e-18,0.011,0.012,0.011900000000000003,0.012,0.00030000000000000024,0.044,0.045,0.04435000000000001,0.044,0.0004769696007084732,0.005,0.006,0.005700000000000001,0.006,0.000458257569495584,0.02,0.022,0.020950000000000003,0.021,0.00038405728739343033,0.006,0.006,0.006000000000000001,0.006,8.673617379884035e-19,32,32,4096,11008,32768,True,912,8
0.022,0.026000000000000002,0.025428571428571436,0.026000000000000002,0.0009035079029052519,0.011,0.012,0.011750000000000002,0.012,0.0004330127018922198,0.026000000000000002,0.026000000000000002,0.026000000000000006,0.026000000000000002,3.469446951953614e-18,0.003,0.003,0.0030000000000000005,0.003,4.336808689942018e-19,0.012,0.012,0.012000000000000002,0.012,1.734723475976807e-18,0.011,0.012,0.011800000000000001,0.012,0.00040000000000000034,0.044,0.045,0.04460000000000001,0.045,0.0004898979485566361,0.005,0.006,0.005450000000000001,0.005,0.0004974937185533101,0.02,0.021,0.020950000000000003,0.021,0.00021794494717703385,0.005,0.006,0.005750000000000001,0.006,0.00043301270189221935,32,32,4096,11008,32768,True,904,8
0.022,0.026000000000000002,0.0250952380952381,0.025,0.0008109231602822103,0.011,0.012,0.011750000000000002,0.012,0.0004330127018922198,0.025,0.026000000000000002,0.025850000000000005,0.026000000000000002,0.00035707142142714284,0.003,0.003,0.0030000000000000005,0.003,4.336808689942018e-19,0.012,0.012,0.012000000000000002,0.012,1.734723475976807e-18,0.011,0.012,0.011650000000000002,0.012,0.0004769696007084732,0.042,0.048,0.04465000000000001,0.045,0.0013143439428094912,0.005,0.005,0.005000000000000001,0.005,8.673617379884035e-19,0.02,0.021,0.020100000000000003,0.02,0.00030000000000000024,0.005,0.006,0.005750000000000001,0.006,0.00043301270189221935,32,32,4096,11008,32768,True,896,8
0.021,0.026000000000000002,0.024857142857142862,0.025,0.0008883218145798872,0.011,0.012,0.011800000000000001,0.012,0.00040000000000000034,0.026000000000000002,0.026000000000000002,0.026000000000000006,0.026000000000000002,3.469446951953614e-18,0.003,0.003,0.0030000000000000005,0.003,4.336808689942018e-19,0.012,0.012,0.012000000000000002,0.012,1.734723475976807e-18,0.011,0.012,0.011550000000000001,0.012,0.0004974937185533104,0.043000000000000003,0.047,0.04440000000000001,0.044,0.0011135528725660035,0.005,0.006,0.005050000000000001,0.005,0.0002179449471770337,0.02,0.021,0.020050000000000005,0.02,0.00021794494717703388,0.005,0.006,0.0055000000000000005,0.0055,0.0005,32,32,4096,11008,32768,True,888,8
0.021,0.025,0.024428571428571435,0.025,0.0009035079029052517,0.011,0.012,0.011500000000000002,0.0115,0.0005000000000000004,0.025,0.026000000000000002,0.025950000000000008,0.026000000000000002,0.00021794494717703385,0.003,0.003,0.0030000000000000005,0.003,4.336808689942018e-19,0.012,0.012,0.012000000000000002,0.012,1.734723475976807e-18,0.011,0.012,0.011400000000000002,0.011,0.000489897948556636,0.042,0.047,0.04490000000000001,0.045,0.00122065556157337,0.005,0.005,0.005000000000000001,0.005,8.673617379884035e-19,0.02,0.02,0.020000000000000004,0.02,3.469446951953614e-18,0.005,0.006,0.005600000000000001,0.006,0.0004898979485566356,32,32,4096,11008,32768,True,880,8
0.021,0.025,0.024666666666666674,0.025,0.0008908708063747481,0.011,0.012,0.011450000000000002,0.011,0.0004974937185533104,0.026000000000000002,0.026000000000000002,0.026000000000000006,0.026000000000000002,3.469446951953614e-18,0.003,0.003,0.0030000000000000005,0.003,4.336808689942018e-19,0.012,0.013000000000000001,0.012050000000000002,0.012,0.0002179449471770339,0.011,0.012,0.011500000000000002,0.0115,0.0005000000000000004,0.043000000000000003,0.047,0.044800000000000006,0.045,0.0008717797887081348,0.005,0.005,0.005000000000000001,0.005,8.673617379884035e-19,0.02,0.021,0.020950000000000003,0.021,0.00021794494717703385,0.005,0.006,0.005050000000000001,0.005,0.0002179449471770337,32,32,4096,11008,32768,True,872,8
0.021,0.025,0.02390476190476191,0.024,0.0006834619092574917,0.011,0.012,0.011400000000000002,0.011,0.000489897948556636,0.025,0.026000000000000002,0.025800000000000007,0.026000000000000002,0.0004000000000000003,0.003,0.003,0.0030000000000000005,0.003,4.336808689942018e-19,0.012,0.013000000000000001,0.012050000000000002,0.012,0.0002179449471770339,0.011,0.012,0.011200000000000002,0.011,0.00040000000000000034,0.044,0.045,0.0442,0.044,0.0004000000000000003,0.005,0.005,0.005000000000000001,0.005,8.673617379884035e-19,0.02,0.022,0.0211,0.021,0.0006244997998398391,0.005,0.006,0.005050000000000001,0.005,0.0002179449471770337,32,32,4096,11008,32768,True,864,8
0.021,0.026000000000000002,0.024380952380952385,0.024,0.0009499970163457148,0.011,0.012,0.011350000000000002,0.011,0.0004769696007084732,0.026000000000000002,0.026000000000000002,0.026000000000000006,0.026000000000000002,3.469446951953614e-18,0.003,0.003,0.0030000000000000005,0.003,4.336808689942018e-19,0.012,0.012,0.012000000000000002,0.012,1.734723475976807e-18,0.011,0.012,0.011450000000000002,0.011,0.0004974937185533104,0.044,0.046,0.04490000000000001,0.045,0.00043588989435406776,0.005,0.005,0.005000000000000001,0.005,8.673617379884035e-19,0.02,0.021,0.020950000000000003,0.021,0.00021794494717703385,0.005,0.006,0.0051,0.005,0.00030000000000000003,32,32,4096,11008,32768,True,856,8
0.02,0.024,0.02371428571428572,0.024,0.0008806305718527111,0.011,0.012,0.011250000000000001,0.011,0.00043301270189221973,0.025,0.026000000000000002,0.025950000000000008,0.026000000000000002,0.00021794494717703385,0.003,0.003,0.0030000000000000005,0.003,4.336808689942018e-19,0.012,0.012,0.012000000000000002,0.012,1.734723475976807e-18,0.011,0.012,0.011200000000000002,0.011,0.00040000000000000034,0.044,0.045,0.04410000000000001,0.044,0.0003000000000000003,0.005,0.006,0.005050000000000001,0.005,0.0002179449471770337,0.022,0.024,0.022650000000000003,0.022,0.0009096702699330135,0.005,0.006,0.005050000000000001,0.005,0.0002179449471770337,32,32,4096,11008,32768,True,848,8
0.021,0.024,0.02352380952380953,0.024,0.0007315376902732009,0.011,0.012,0.011400000000000002,0.011,0.000489897948556636,0.026000000000000002,0.026000000000000002,0.026000000000000006,0.026000000000000002,3.469446951953614e-18,0.003,0.003,0.0030000000000000005,0.003,4.336808689942018e-19,0.012,0.012,0.012000000000000002,0.012,1.734723475976807e-18,0.011,0.012,0.011200000000000002,0.011,0.00040000000000000034,0.044,0.045,0.044700000000000004,0.045,0.0004582575694955844,0.005,0.005,0.005000000000000001,0.005,8.673617379884035e-19,0.02,0.021,0.020550000000000006,0.021,0.0004974937185533105,0.005,0.005,0.005000000000000001,0.005,8.673617379884035e-19,32,32,4096,11008,32768,True,840,8
0.02,0.024,0.023000000000000003,0.023,0.0007559289460184545,0.011,0.012,0.01105,0.011,0.0002179449471770339,0.025,0.026000000000000002,0.025250000000000005,0.025,0.00043301270189221973,0.003,0.003,0.0030000000000000005,0.003,4.336808689942018e-19,0.011,0.011,0.011000000000000001,0.011,1.734723475976807e-18,0.011,0.012,0.011100000000000002,0.011,0.00030000000000000024,0.044,0.044,0.044000000000000004,0.044,6.938893903907228e-18,0.005,0.005,0.005000000000000001,0.005,8.673617379884035e-19,0.019,0.019,0.019000000000000003,0.019,3.469446951953614e-18,0.005,0.006,0.005050000000000001,0.005,0.0002179449471770337,32,32,4096,11008,32768,True,832,8
0.02,0.024,0.02314285714285715,0.023,0.0008329931278350432,0.011,0.012,0.011150000000000002,0.011,0.0003570714214271428,0.025,0.026000000000000002,0.025800000000000007,0.026000000000000002,0.0004000000000000003,0.003,0.003,0.0030000000000000005,0.003,4.336808689942018e-19,0.011,0.012,0.011150000000000002,0.011,0.0003570714214271428,0.011,0.012,0.01105,0.011,0.0002179449471770339,0.044,0.045,0.04415000000000001,0.044,0.0003570714214271428,0.005,0.005,0.005000000000000001,0.005,8.673617379884035e-19,0.019,0.02,0.019250000000000003,0.019,0.00043301270189221973,0.005,0.005,0.005000000000000001,0.005,8.673617379884035e-19,32,32,4096,11008,32768,True,824,8
0.02,0.024,0.023000000000000003,0.023,0.0007559289460184545,0.011,0.012,0.011100000000000002,0.011,0.00030000000000000024,0.025,0.026000000000000002,0.025250000000000005,0.025,0.00043301270189221973,0.003,0.003,0.0030000000000000005,0.003,4.336808689942018e-19,0.011,0.012,0.01105,0.011,0.0002179449471770339,0.011,0.011,0.011000000000000001,0.011,1.734723475976807e-18,0.044,0.044,0.044000000000000004,0.044,6.938893903907228e-18,0.005,0.005,0.005000000000000001,0.005,8.673617379884035e-19,0.019,0.02,0.019100000000000002,0.019,0.00030000000000000024,0.005,0.005,0.005000000000000001,0.005,8.673617379884035e-19,32,32,4096,11008,32768,True,816,8
0.019,0.024,0.022809523809523814,0.023,0.0009571310115353231,0.011,0.012,0.01105,0.011,0.0002179449471770339,0.025,0.026000000000000002,0.025650000000000006,0.026000000000000002,0.0004769696007084733,0.003,0.003,0.0030000000000000005,0.003,4.336808689942018e-19,0.011,0.012,0.011150000000000002,0.011,0.0003570714214271428,0.011,0.012,0.01105,0.011,0.0002179449471770339,0.044,0.045,0.04410000000000001,0.044,0.0003000000000000003,0.005,0.005,0.005000000000000001,0.005,8.673617379884035e-19,0.019,0.02,0.019150000000000004,0.019,0.00035707142142714284,0.005,0.005,0.005000000000000001,0.005,8.673617379884035e-19,32,32,4096,11008,32768,True,808,8
0.02,0.023,0.022333333333333337,0.022,0.0007126966450997984,0.011,0.011,0.011000000000000001,0.011,1.734723475976807e-18,0.025,0.026000000000000002,0.025050000000000006,0.025,0.00021794494717703388,0.003,0.003,0.0030000000000000005,0.003,4.336808689942018e-19,0.011,0.012,0.01105,0.011,0.00021794494717703388,0.011,0.011,0.011000000000000001,0.011,1.734723475976807e-18,0.044,0.044,0.044000000000000004,0.044,6.938893903907228e-18,0.005,0.005,0.005000000000000001,0.005,8.673617379884035e-19,0.019,0.02,0.019200000000000002,0.019,0.00040000000000000034,0.005,0.005,0.005000000000000001,0.005,8.673617379884035e-19,32,32,4096,11008,32768,True,800,8
0.02,0.024,0.022190476190476194,0.022,0.0007315376902732009,0.01,0.01,0.010000000000000002,0.01,1.734723475976807e-18,0.026000000000000002,0.026000000000000002,0.026000000000000006,0.026000000000000002,3.469446951953614e-18,0.003,0.003,0.0030000000000000005,0.003,4.336808689942018e-19,0.011,0.011,0.011000000000000001,0.011,1.734723475976807e-18,0.01,0.01,0.010000000000000002,0.01,1.734723475976807e-18,0.044,0.045,0.04415000000000001,0.044,0.00035707142142714273,0.005,0.005,0.005000000000000001,0.005,8.673617379884035e-19,0.019,0.02,0.019250000000000003,0.019,0.00043301270189221973,0.005,0.005,0.005000000000000001,0.005,8.673617379884035e-19,32,32,4096,11008,32768,True,792,8
0.019,0.023,0.021809523809523813,0.022,0.0007315376902732005,0.009000000000000001,0.01,0.009950000000000004,0.01,0.00021794494717703353,0.025,0.026000000000000002,0.025100000000000004,0.025,0.00030000000000000024,0.003,0.003,0.0030000000000000005,0.003,4.336808689942018e-19,0.011,0.012,0.01105,0.011,0.0002179449471770339,0.01,0.01,0.010000000000000002,0.01,1.734723475976807e-18,0.044,0.044,0.044000000000000004,0.044,6.938893903907228e-18,0.004,0.005,0.004900000000000002,0.005,0.00030000000000000003,0.019,0.019,0.019000000000000003,0.019,3.469446951953614e-18,0.005,0.005,0.005000000000000001,0.005,8.673617379884035e-19,32,32,4096,11008,32768,True,784,8
0.019,0.023,0.021952380952380956,0.022,0.0007221786137191953,0.01,0.01,0.010000000000000002,0.01,1.734723475976807e-18,0.025,0.026000000000000002,0.025950000000000008,0.026000000000000002,0.00021794494717703385,0.003,0.003,0.0030000000000000005,0.003,4.336808689942018e-19,0.011,0.011,0.011000000000000001,0.011,1.734723475976807e-18,0.009000000000000001,0.01,0.009950000000000004,0.01,0.00021794494717703353,0.044,0.045,0.04410000000000001,0.044,0.0003000000000000003,0.004,0.005,0.004900000000000002,0.005,0.00030000000000000003,0.019,0.02,0.019350000000000003,0.019,0.00047696960070847325,0.005,0.005,0.005000000000000001,0.005,8.673617379884035e-19,32,32,4096,11008,32768,True,776,8
0.019,0.023,0.02190476190476191,0.022,0.0006834619092574917,0.01,0.01,0.010000000000000002,0.01,1.734723475976807e-18,0.024,0.025,0.024100000000000003,0.024,0.00030000000000000024,0.003,0.003,0.0030000000000000005,0.003,4.336808689942018e-19,0.011,0.011,0.011000000000000001,0.011,1.734723475976807e-18,0.009000000000000001,0.01,0.009900000000000003,0.01,0.00029999999999999976,0.032,0.036000000000000004,0.03430000000000001,0.034,0.0012688577540449532,0.004,0.004,0.004000000000000001,0.004,8.673617379884035e-19,0.019,0.019,0.019000000000000003,0.019,3.469446951953614e-18,0.005,0.005,0.005000000000000001,0.005,8.673617379884035e-19,32,32,4096,11008,32768,True,768,8
0.019,0.022,0.021761904761904767,0.022,0.0006834619092574911,0.01,0.01,0.010000000000000002,0.01,1.734723475976807e-18,0.024,0.025,0.024600000000000004,0.025,0.0004898979485566361,0.003,0.003,0.0030000000000000005,0.003,4.336808689942018e-19,0.011,0.011,0.011000000000000001,0.011,1.734723475976807e-18,0.01,0.01,0.010000000000000002,0.01,1.734723475976807e-18,0.033,0.035,0.03420000000000001,0.034,0.0007483314773547891,0.004,0.004,0.004000000000000001,0.004,8.673617379884035e-19,0.019,0.02,0.019050000000000004,0.019,0.00021794494717703388,0.005,0.005,0.005000000000000001,0.005,8.673617379884035e-19,32,32,4096,11008,32768,True,760,8
0.018000000000000002,0.022,0.021,0.021,0.0007559289460184539,0.009000000000000001,0.01,0.009950000000000004,0.01,0.00021794494717703353,0.024,0.025,0.024050000000000005,0.024,0.00021794494717703388,0.003,0.003,0.0030000000000000005,0.003,4.336808689942018e-19,0.011,0.012,0.01105,0.011,0.0002179449471770339,0.009000000000000001,0.01,0.009900000000000003,0.01,0.00029999999999999976,0.032,0.036000000000000004,0.034100000000000005,0.0345,0.0013747727084867532,0.004,0.004,0.004000000000000001,0.004,8.673617379884035e-19,0.019,0.019,0.019000000000000003,0.019,3.469446951953614e-18,0.005,0.005,0.005000000000000001,0.005,8.673617379884035e-19,32,32,4096,11008,32768,True,752,8
0.018000000000000002,0.021,0.020857142857142866,0.021,0.0006388765649999395,0.009000000000000001,0.01,0.009700000000000004,0.01,0.00045825756949558356,0.024,0.025,0.024850000000000004,0.025,0.00035707142142714284,0.003,0.003,0.0030000000000000005,0.003,4.336808689942018e-19,0.011,0.012,0.011100000000000002,0.011,0.00030000000000000024,0.009000000000000001,0.01,0.009750000000000003,0.01,0.00043301270189221897,0.032,0.035,0.03375000000000001,0.034,0.0009420721840708396,0.004,0.004,0.004000000000000001,0.004,8.673617379884035e-19,0.019,0.019,0.019000000000000003,0.019,3.469446951953614e-18,0.005,0.005,0.005000000000000001,0.005,8.673617379884035e-19,32,32,4096,11008,32768,True,744,8
0.018000000000000002,0.022,0.02090476190476191,0.021,0.0006834619092574912,0.009000000000000001,0.01,0.009750000000000003,0.01,0.00043301270189221897,0.024,0.025,0.024100000000000003,0.024,0.00030000000000000024,0.003,0.003,0.0030000000000000005,0.003,4.336808689942018e-19,0.011,0.011,0.011000000000000001,0.011,1.734723475976807e-18,0.009000000000000001,0.01,0.009600000000000003,0.01,0.0004898979485566352,0.031,0.036000000000000004,0.03420000000000001,0.0345,0.0012489995996796807,0.004,0.004,0.004000000000000001,0.004,8.673617379884035e-19,0.019,0.019,0.019000000000000003,0.019,3.469446951953614e-18,0.005,0.005,0.005000000000000001,0.005,8.673617379884035e-19,32,32,4096,11008,32768,True,736,8
0.018000000000000002,0.022,0.02104761904761905,0.021,0.0007853534524986012,0.009000000000000001,0.01,0.009600000000000003,0.01,0.0004898979485566352,0.024,0.025,0.024750000000000005,0.025,0.0004330127018922198,0.003,0.003,0.0030000000000000005,0.003,4.336808689942018e-19,0.011,0.011,0.011000000000000001,0.011,1.734723475976807e-18,0.009000000000000001,0.01,0.009700000000000004,0.01,0.00045825756949558356,0.031,0.035,0.033350000000000005,0.033,0.0010136567466356656,0.004,0.004,0.004000000000000001,0.004,8.673617379884035e-19,0.019,0.02,0.019050000000000004,0.019,0.00021794494717703388,0.005,0.005,0.005000000000000001,0.005,8.673617379884035e-19,32,32,4096,11008,32768,True,728,8
0.017,0.021,0.020238095238095246,0.02,0.0008676603408708857,0.009000000000000001,0.01,0.009500000000000003,0.009500000000000001,0.0004999999999999995,0.024,0.025,0.024150000000000005,0.024,0.00035707142142714284,0.003,0.003,0.0030000000000000005,0.003,4.336808689942018e-19,0.011,0.011,0.011000000000000001,0.011,1.734723475976807e-18,0.009000000000000001,0.01,0.009600000000000003,0.01,0.0004898979485566352,0.034,0.038,0.03675000000000001,0.037,0.001336974195712092,0.004,0.004,0.004000000000000001,0.004,8.673617379884035e-19,0.019,0.019,0.019000000000000003,0.019,3.469446951953614e-18,0.005,0.005,0.005000000000000001,0.005,8.673617379884035e-19,32,32,4096,11008,32768,True,720,8
0.017,0.021,0.020190476190476196,0.02,0.00085183541999992,0.009000000000000001,0.01,0.009350000000000002,0.009000000000000001,0.0004769696007084724,0.024,0.025,0.024550000000000006,0.025,0.0004974937185533105,0.003,0.003,0.0030000000000000005,0.003,4.336808689942018e-19,0.011,0.011,0.011000000000000001,0.011,1.734723475976807e-18,0.009000000000000001,0.01,0.009550000000000003,0.01,0.0004974937185533095,0.037,0.04,0.03830000000000001,0.038,0.0011000000000000012,0.004,0.004,0.004000000000000001,0.004,8.673617379884035e-19,0.019,0.019,0.019000000000000003,0.019,3.469446951953614e-18,0.005,0.005,0.005000000000000001,0.005,8.673617379884035e-19,32,32,4096,11008,32768,True,712,8
0.017,0.02,0.019857142857142865,0.02,0.0006388765649999395,0.009000000000000001,0.01,0.009400000000000002,0.009000000000000001,0.0004898979485566352,0.024,0.025,0.024150000000000005,0.024,0.0003570714214271428,0.003,0.003,0.0030000000000000005,0.003,4.336808689942018e-19,0.011,0.011,0.011000000000000001,0.011,1.734723475976807e-18,0.009000000000000001,0.01,0.009300000000000003,0.009000000000000001,0.00045825756949558356,0.033,0.036000000000000004,0.033900000000000007,0.034,0.0008888194417315596,0.004,0.004,0.004000000000000001,0.004,8.673617379884035e-19,0.019,0.019,0.019000000000000003,0.019,3.469446951953614e-18,0.005,0.005,0.005000000000000001,0.005,8.673617379884035e-19,32,32,4096,11008,32768,True,704,8
0.017,0.021,0.020047619047619054,0.02,0.000785353452498602,0.009000000000000001,0.01,0.009300000000000003,0.009000000000000001,0.00045825756949558356,0.024,0.025,0.024750000000000005,0.025,0.00043301270189221973,0.003,0.003,0.0030000000000000005,0.003,4.336808689942018e-19,0.011,0.011,0.011000000000000001,0.011,1.734723475976807e-18,0.009000000000000001,0.01,0.009200000000000003,0.009000000000000001,0.00039999999999999964,0.036000000000000004,0.04,0.03815,0.038,0.0010136567466356647,0.004,0.004,0.004000000000000001,0.004,8.673617379884035e-19,0.019,0.019,0.019000000000000003,0.019,3.469446951953614e-18,0.004,0.005,0.004950000000000001,0.005,0.00021794494717703366,32,32,4096,11008,32768,True,696,8
0.017,0.02,0.019666666666666673,0.02,0.0007126966450997983,0.009000000000000001,0.01,0.009100000000000002,0.009000000000000001,0.00029999999999999976,0.024,0.025,0.024250000000000004,0.024,0.00043301270189221973,0.003,0.003,0.0030000000000000005,0.003,4.336808689942018e-19,0.011,0.011,0.011000000000000001,0.011,1.734723475976807e-18,0.009000000000000001,0.01,0.009100000000000002,0.009000000000000001,0.00029999999999999976,0.035,0.04,0.03745000000000001,0.0385,0.0019615045245933017,0.004,0.004,0.004000000000000001,0.004,8.673617379884035e-19,0.019,0.019,0.019000000000000003,0.019,3.469446951953614e-18,0.004,0.005,0.004800000000000001,0.005,0.0004,32,32,4096,11008,32768,True,688,8
0.017,0.02,0.019476190476190484,0.02,0.0007315376902732009,0.009000000000000001,0.01,0.009250000000000003,0.009000000000000001,0.00043301270189221897,0.024,0.025,0.024750000000000005,0.025,0.00043301270189221973,0.003,0.003,0.0030000000000000005,0.003,4.336808689942018e-19,0.011,0.011,0.011000000000000001,0.011,1.734723475976807e-18,0.009000000000000001,0.01,0.009050000000000002,0.009000000000000001,0.00021794494717703353,0.037,0.04,0.038450000000000005,0.0385,0.0008645808232895299,0.004,0.004,0.004000000000000001,0.004,8.673617379884035e-19,0.019,0.019,0.019000000000000003,0.019,3.469446951953614e-18,0.004,0.005,0.004650000000000001,0.005,0.0004769696007084728,32,32,4096,11008,32768,True,680,8
0.016,0.02,0.01895238095238096,0.019,0.0007221786137191954,0.009000000000000001,0.01,0.009300000000000003,0.009000000000000001,0.00045825756949558356,0.028,0.029,0.028650000000000002,0.029,0.0004769696007084733,0.003,0.003,0.0030000000000000005,0.003,4.336808689942018e-19,0.013000000000000001,0.013000000000000001,0.013000000000000003,0.013000000000000001,1.734723475976807e-18,0.009000000000000001,0.009000000000000001,0.009000000000000003,0.009000000000000001,1.734723475976807e-18,0.035,0.04,0.038750000000000014,0.039,0.0016992645467966418,0.004,0.004,0.004000000000000001,0.004,8.673617379884035e-19,0.02,0.02,0.020000000000000004,0.02,3.469446951953614e-18,0.004,0.004,0.004000000000000001,0.004,8.673617379884035e-19,32,32,4096,11008,32768,True,672,8
0.017,0.02,0.019000000000000006,0.019,0.0005345224838248486,0.009000000000000001,0.009000000000000001,0.009000000000000003,0.009000000000000001,1.734723475976807e-18,0.028,0.03,0.028950000000000004,0.029,0.00038405728739343033,0.003,0.003,0.0030000000000000005,0.003,4.336808689942018e-19,0.013000000000000001,0.013000000000000001,0.013000000000000003,0.013000000000000001,1.734723475976807e-18,0.009000000000000001,0.009000000000000001,0.009000000000000003,0.009000000000000001,1.734723475976807e-18,0.033,0.035,0.034100000000000005,0.034,0.0004358898943540678,0.004,0.004,0.004000000000000001,0.004,8.673617379884035e-19,0.02,0.021,0.020100000000000003,0.02,0.00030000000000000024,0.004,0.004,0.004000000000000001,0.004,8.673617379884035e-19,32,32,4096,11008,32768,True,664,8
0.016,0.02,0.018809523809523814,0.019,0.0007315376902732005,0.009000000000000001,0.009000000000000001,0.009000000000000003,0.009000000000000001,1.734723475976807e-18,0.029,0.03,0.029450000000000004,0.029,0.0004974937185533087,0.003,0.003,0.0030000000000000005,0.003,4.336808689942018e-19,0.012,0.013000000000000001,0.012950000000000003,0.013000000000000001,0.00021794494717703385,0.009000000000000001,0.009000000000000001,0.009000000000000003,0.009000000000000001,1.734723475976807e-18,0.033,0.035,0.034350000000000006,0.0345,0.000726291952316698,0.004,0.004,0.004000000000000001,0.004,8.673617379884035e-19,0.02,0.02,0.020000000000000004,0.02,3.469446951953614e-18,0.004,0.005,0.004050000000000001,0.004,0.0002179449471770337,32,32,4096,11008,32768,True,656,8
0.016,0.019,0.018380952380952387,0.018000000000000002,0.0007221786137191945,0.009000000000000001,0.009000000000000001,0.009000000000000003,0.009000000000000001,1.734723475976807e-18,0.029,0.03,0.029650000000000003,0.03,0.0004769696007084716,0.002,0.003,0.0029500000000000004,0.003,0.0002179449471770337,0.013000000000000001,0.013000000000000001,0.013000000000000003,0.013000000000000001,1.734723475976807e-18,0.009000000000000001,0.009000000000000001,0.009000000000000003,0.009000000000000001,1.734723475976807e-18,0.033,0.035,0.03420000000000001,0.034,0.0006782329983125274,0.004,0.004,0.004000000000000001,0.004,8.673617379884035e-19,0.02,0.021,0.020050000000000005,0.02,0.00021794494717703388,0.004,0.004,0.004000000000000001,0.004,8.673617379884035e-19,32,32,4096,11008,32768,True,648,8
0.016,0.019,0.01795238095238096,0.018000000000000002,0.00048562090605645586,0.009000000000000001,0.009000000000000001,0.009000000000000003,0.009000000000000001,1.734723475976807e-18,0.021,0.022,0.0211,0.021,0.00029999999999999927,0.002,0.003,0.0026500000000000004,0.003,0.0004769696007084729,0.01,0.011,0.010700000000000001,0.011,0.0004582575694955836,0.009000000000000001,0.009000000000000001,0.009000000000000003,0.009000000000000001,1.734723475976807e-18,0.027,0.031,0.028500000000000004,0.028,0.0011180339887498947,0.004,0.005,0.004050000000000001,0.004,0.0002179449471770337,0.017,0.018000000000000002,0.017050000000000003,0.017,0.0002179449471770339,0.004,0.004,0.004000000000000001,0.004,8.673617379884035e-19,32,32,4096,11008,32768,True,640,8
0.016,0.019,0.018000000000000006,0.018000000000000002,0.0005345224838248486,0.009000000000000001,0.009000000000000001,0.009000000000000003,0.009000000000000001,1.734723475976807e-18,0.021,0.022,0.021500000000000002,0.0215,0.0004999999999999987,0.002,0.003,0.0024000000000000002,0.002,0.0004898979485566356,0.011,0.011,0.011000000000000001,0.011,1.734723475976807e-18,0.009000000000000001,0.009000000000000001,0.009000000000000003,0.009000000000000001,1.734723475976807e-18,0.027,0.031,0.028900000000000002,0.029,0.0014106735979665882,0.004,0.004,0.004000000000000001,0.004,8.673617379884035e-19,0.017,0.017,0.017000000000000005,0.017,3.469446951953614e-18,0.004,0.004,0.004000000000000001,0.004,8.673617379884035e-19,32,32,4096,11008,32768,True,632,8
0.015,0.018000000000000002,0.017809523809523813,0.018000000000000002,0.0006632565846278159,0.009000000000000001,0.009000000000000001,0.009000000000000003,0.009000000000000001,1.734723475976807e-18,0.022,0.023,0.022250000000000002,0.022,0.00043301270189221973,0.002,0.003,0.0025500000000000006,0.003,0.00049749371855331,0.01,0.012,0.010850000000000002,0.011,0.0004769696007084727,0.009000000000000001,0.009000000000000001,0.009000000000000003,0.009000000000000001,1.734723475976807e-18,0.027,0.031,0.028550000000000002,0.028,0.0013592277219068186,0.004,0.004,0.004000000000000001,0.004,8.673617379884035e-19,0.017,0.017,0.017000000000000005,0.017,3.469446951953614e-18,0.004,0.004,0.004000000000000001,0.004,8.673617379884035e-19,32,32,4096,11008,32768,True,624,8
0.015,0.018000000000000002,0.017476190476190482,0.018000000000000002,0.0007315376902732013,0.008,0.009000000000000001,0.008950000000000003,0.009000000000000001,0.00021794494717703385,0.022,0.023,0.022350000000000002,0.022,0.0004769696007084732,0.002,0.003,0.0024500000000000004,0.002,0.0004974937185533101,0.01,0.011,0.010950000000000001,0.011,0.00021794494717703347,0.008,0.009000000000000001,0.008950000000000003,0.009000000000000001,0.00021794494717703385,0.027,0.031,0.028750000000000005,0.029,0.0013738631664034085,0.004,0.004,0.004000000000000001,0.004,8.673617379884035e-19,0.017,0.018000000000000002,0.017100000000000004,0.017,0.00030000000000000024,0.004,0.004,0.004000000000000001,0.004,8.673617379884035e-19,32,32,4096,11008,32768,True,616,8
0.015,0.018000000000000002,0.01704761904761905,0.017,0.000575383141599742,0.009000000000000001,0.009000000000000001,0.009000000000000003,0.009000000000000001,1.734723475976807e-18,0.017,0.018000000000000002,0.017850000000000005,0.018000000000000002,0.0003570714214271428,0.003,0.003,0.0030000000000000005,0.003,4.336808689942018e-19,0.01,0.011,0.010700000000000001,0.011,0.0004582575694955836,0.008,0.009000000000000001,0.008950000000000003,0.009000000000000001,0.00021794494717703385,0.027,0.031,0.028550000000000002,0.029,0.0011608186766243899,0.004,0.004,0.004000000000000001,0.004,8.673617379884035e-19,0.017,0.018000000000000002,0.017050000000000003,0.017,0.00021794494717703388,0.004,0.004,0.004000000000000001,0.004,8.673617379884035e-19,32,32,4096,11008,32768,True,608,8
0.015,0.017,0.01690476190476191,0.017,0.0004259177099999603,0.009000000000000001,0.009000000000000001,0.009000000000000003,0.009000000000000001,1.734723475976807e-18,0.017,0.019,0.017950000000000004,0.018000000000000002,0.00038405728739343033,0.002,0.003,0.0029500000000000004,0.003,0.0002179449471770337,0.01,0.011,0.010850000000000002,0.011,0.00035707142142714224,0.008,0.009000000000000001,0.008850000000000002,0.009000000000000001,0.00035707142142714284,0.027,0.031,0.029050000000000003,0.029,0.001071214264281427,0.004,0.004,0.004000000000000001,0.004,8.673617379884035e-19,0.017,0.017,0.017000000000000005,0.017,3.469446951953614e-18,0.004,0.004,0.004000000000000001,0.004,8.673617379884035e-19,32,32,4096,11008,32768,True,600,8
0.015,0.017,0.01690476190476191,0.017,0.0004259177099999603,0.008,0.009000000000000001,0.008950000000000003,0.009000000000000001,0.00021794494717703385,0.017,0.018000000000000002,0.017700000000000004,0.018000000000000002,0.0004582575694955845,0.002,0.003,0.0029500000000000004,0.003,0.0002179449471770337,0.01,0.011,0.010750000000000001,0.011,0.00043301270189221897,0.008,0.009000000000000001,0.008900000000000002,0.009000000000000001,0.0003000000000000003,0.027,0.031,0.029500000000000005,0.0295,0.0010723805294763603,0.004,0.004,0.004000000000000001,0.004,8.673617379884035e-19,0.017,0.017,0.017000000000000005,0.017,3.469446951953614e-18,0.004,0.004,0.004000000000000001,0.004,8.673617379884035e-19,32,32,4096,11008,32768,True,592,8
0.015,0.017,0.01666666666666667,0.017,0.0005634361698190115,0.008,0.009000000000000001,0.008950000000000003,0.009000000000000001,0.00021794494717703385,0.017,0.018000000000000002,0.017850000000000005,0.018000000000000002,0.00035707142142714284,0.002,0.003,0.0029500000000000004,0.003,0.0002179449471770337,0.01,0.011,0.010750000000000001,0.011,0.00043301270189221897,0.008,0.009000000000000001,0.008950000000000003,0.009000000000000001,0.00021794494717703385,0.027,0.031,0.028800000000000003,0.029,0.0013638181696985854,0.004,0.004,0.004000000000000001,0.004,8.673617379884035e-19,0.017,0.018000000000000002,0.017100000000000004,0.017,0.00030000000000000024,0.004,0.004,0.004000000000000001,0.004,8.673617379884035e-19,32,32,4096,11008,32768,True,584,8
0.014,0.017,0.01604761904761905,0.016,0.0005753831415997416,0.009000000000000001,0.009000000000000001,0.009000000000000003,0.009000000000000001,1.734723475976807e-18,0.017,0.018000000000000002,0.017450000000000004,0.017,0.0004974937185533104,0.003,0.003,0.0030000000000000005,0.003,4.336808689942018e-19,0.012,0.013000000000000001,0.012700000000000003,0.013000000000000001,0.0004582575694955844,0.008,0.009000000000000001,0.008750000000000003,0.009000000000000001,0.0004330127018922198,0.026000000000000002,0.026000000000000002,0.026000000000000006,0.026000000000000002,3.469446951953614e-18,0.004,0.004,0.004000000000000001,0.004,8.673617379884035e-19,0.018000000000000002,0.02,0.019100000000000006,0.019,0.0006999999999999996,0.004,0.004,0.004000000000000001,0.004,8.673617379884035e-19,32,32,4096,11008,32768,True,576,8
0.014,0.017,0.016142857142857146,0.016,0.0006388765649999402,0.008,0.009000000000000001,0.008850000000000002,0.009000000000000001,0.0003570714214271428,0.017,0.019,0.017750000000000005,0.018000000000000002,0.0005361902647381805,0.003,0.003,0.0030000000000000005,0.003,4.336808689942018e-19,0.01,0.011,0.0108,0.011,0.0003999999999999997,0.008,0.009000000000000001,0.008650000000000001,0.009000000000000001,0.00047696960070847325,0.026000000000000002,0.027,0.026050000000000007,0.026000000000000002,0.00021794494717703312,0.004,0.004,0.004000000000000001,0.004,8.673617379884035e-19,0.018000000000000002,0.02,0.018850000000000006,0.019,0.00047696960070847205,0.004,0.004,0.004000000000000001,0.004,8.673617379884035e-19,32,32,4096,11008,32768,True,568,8
0.014,0.017,0.016142857142857146,0.016,0.0006388765649999402,0.008,0.009000000000000001,0.008550000000000002,0.009000000000000001,0.0004974937185533104,0.017,0.018000000000000002,0.017200000000000003,0.017,0.00040000000000000034,0.003,0.003,0.0030000000000000005,0.003,4.336808689942018e-19,0.01,0.011,0.010850000000000002,0.011,0.00035707142142714224,0.008,0.009000000000000001,0.008750000000000003,0.009000000000000001,0.0004330127018922198,0.026000000000000002,0.026000000000000002,0.026000000000000006,0.026000000000000002,3.469446951953614e-18,0.004,0.004,0.004000000000000001,0.004,8.673617379884035e-19,0.019,0.02,0.019050000000000004,0.019,0.00021794494717703388,0.004,0.004,0.004000000000000001,0.004,8.673617379884035e-19,32,32,4096,11008,32768,True,560,8
0.014,0.016,0.015904761904761908,0.016,0.00042591770999995997,0.008,0.009000000000000001,0.008550000000000002,0.009000000000000001,0.0004974937185533105,0.017,0.018000000000000002,0.017300000000000003,0.017,0.0004582575694955844,0.003,0.003,0.0030000000000000005,0.003,4.336808689942018e-19,0.01,0.011,0.010900000000000002,0.011,0.00029999999999999976,0.008,0.009000000000000001,0.008850000000000002,0.009000000000000001,0.00035707142142714284,0.026000000000000002,0.027,0.026200000000000008,0.026000000000000002,0.00039999999999999893,0.004,0.004,0.004000000000000001,0.004,8.673617379884035e-19,0.019,0.02,0.019100000000000002,0.019,0.00030000000000000024,0.004,0.004,0.004000000000000001,0.004,8.673617379884035e-19,32,32,4096,11008,32768,True,552,8
0.014,0.016,0.01571428571428572,0.016,0.0005471012044321934,0.008,0.009000000000000001,0.008150000000000001,0.008,0.0003570714214271428,0.017,0.018000000000000002,0.017150000000000006,0.017,0.00035707142142714284,0.002,0.003,0.0029500000000000004,0.003,0.0002179449471770337,0.01,0.011,0.010850000000000002,0.011,0.0003570714214271422,0.008,0.009000000000000001,0.008550000000000002,0.009000000000000001,0.0004974937185533104,0.026000000000000002,0.028,0.026550000000000008,0.026000000000000002,0.0006689544080129817,0.004,0.004,0.004000000000000001,0.004,8.673617379884035e-19,0.019,0.02,0.019050000000000004,0.019,0.00021794494717703388,0.004,0.004,0.004000000000000001,0.004,8.673617379884035e-19,32,32,4096,11008,32768,True,544,8
0.013000000000000001,0.016,0.015619047619047623,0.016,0.0007221786137191953,0.008,0.009000000000000001,0.008250000000000002,0.008,0.0004330127018922198,0.017,0.018000000000000002,0.017400000000000006,0.017,0.000489897948556636,0.002,0.003,0.0029500000000000004,0.003,0.0002179449471770337,0.01,0.011,0.0108,0.011,0.0003999999999999997,0.008,0.009000000000000001,0.008500000000000002,0.0085,0.0005000000000000004,0.028,0.031,0.030000000000000006,0.03,0.0009999999999999992,0.003,0.004,0.0036500000000000005,0.004,0.0004769696007084729,0.019,0.019,0.019000000000000003,0.019,3.469446951953614e-18,0.004,0.004,0.004000000000000001,0.004,8.673617379884035e-19,32,32,4096,11008,32768,True,536,8
0.014,0.016,0.015523809523809527,0.016,0.0005870870479018075,0.007,0.007,0.007000000000000001,0.007,8.673617379884035e-19,0.017,0.018000000000000002,0.017250000000000005,0.017,0.00043301270189221973,0.002,0.003,0.0029500000000000004,0.003,0.0002179449471770337,0.01,0.011,0.010900000000000002,0.011,0.00029999999999999976,0.007,0.007,0.007000000000000001,0.007,8.673617379884035e-19,0.029,0.032,0.029900000000000003,0.03,0.0009433981132056599,0.003,0.004,0.0036000000000000003,0.004,0.0004898979485566357,0.019,0.02,0.019050000000000004,0.019,0.00021794494717703388,0.004,0.004,0.004000000000000001,0.004,8.673617379884035e-19,32,32,4096,11008,32768,True,528,8
0.013000000000000001,0.016,0.015095238095238097,0.015,0.0006098213559459857,0.007,0.007,0.007000000000000001,0.007,8.673617379884035e-19,0.017,0.018000000000000002,0.017250000000000005,0.017,0.00043301270189221973,0.003,0.003,0.0030000000000000005,0.003,4.336808689942018e-19,0.01,0.011,0.010700000000000001,0.011,0.0004582575694955836,0.007,0.007,0.007000000000000001,0.007,8.673617379884035e-19,0.028,0.032,0.029500000000000005,0.029,0.0010246950765959591,0.003,0.004,0.0032000000000000006,0.003,0.0004,0.019,0.019,0.019000000000000003,0.019,3.469446951953614e-18,0.004,0.004,0.004000000000000001,0.004,8.673617379884035e-19,32,32,4096,11008,32768,True,520,8
0.013000000000000001,0.015,0.014904761904761907,0.015,0.0004259177099999596,0.007,0.007,0.007000000000000001,0.007,8.673617379884035e-19,0.016,0.018000000000000002,0.017000000000000005,0.017,0.0003162277660168382,0.002,0.003,0.0029500000000000004,0.003,0.0002179449471770337,0.009000000000000001,0.01,0.009250000000000003,0.009000000000000001,0.00043301270189221897,0.007,0.007,0.007000000000000001,0.007,8.673617379884035e-19,0.025,0.026000000000000002,0.025550000000000007,0.026000000000000002,0.0004974937185533105,0.003,0.003,0.0030000000000000005,0.003,4.336808689942018e-19,0.014,0.015,0.014800000000000002,0.015,0.0003999999999999997,0.003,0.004,0.00395,0.004,0.0002179449471770337,32,32,4096,11008,32768,True,512,8
0.013000000000000001,0.015,0.014761904761904764,0.015,0.000525969572247012,0.007,0.007,0.007000000000000001,0.007,8.673617379884035e-19,0.016,0.018000000000000002,0.016650000000000005,0.017,0.0006538348415311017,0.002,0.003,0.0029000000000000007,0.003,0.00030000000000000003,0.009000000000000001,0.01,0.009500000000000003,0.009500000000000001,0.0004999999999999996,0.007,0.007,0.007000000000000001,0.007,8.673617379884035e-19,0.026000000000000002,0.026000000000000002,0.026000000000000006,0.026000000000000002,3.469446951953614e-18,0.003,0.004,0.0031000000000000008,0.003,0.0003,0.014,0.015,0.014950000000000001,0.015,0.00021794494717703347,0.003,0.004,0.0037000000000000006,0.004,0.000458257569495584,32,32,4096,11008,32768,True,504,8
0.013000000000000001,0.015,0.014809523809523812,0.015,0.000499432784842929,0.007,0.007,0.007000000000000001,0.007,8.673617379884035e-19,0.016,0.017,0.016500000000000004,0.0165,0.0005000000000000004,0.003,0.003,0.0030000000000000005,0.003,4.336808689942018e-19,0.009000000000000001,0.01,0.009250000000000003,0.009000000000000001,0.00043301270189221897,0.007,0.007,0.007000000000000001,0.007,8.673617379884035e-19,0.025,0.026000000000000002,0.025550000000000007,0.026000000000000002,0.0004974937185533105,0.003,0.003,0.0030000000000000005,0.003,4.336808689942018e-19,0.015,0.015,0.015000000000000003,0.015,3.469446951953614e-18,0.003,0.004,0.003350000000000001,0.003,0.0004769696007084729,32,32,4096,11008,32768,True,496,8
0.012,0.015,0.014142857142857145,0.014,0.0006388765649999397,0.007,0.007,0.007000000000000001,0.007,8.673617379884035e-19,0.016,0.017,0.016800000000000002,0.017,0.00040000000000000034,0.003,0.003,0.0030000000000000005,0.003,4.336808689942018e-19,0.009000000000000001,0.01,0.009700000000000004,0.01,0.00045825756949558356,0.007,0.007,0.007000000000000001,0.007,8.673617379884035e-19,0.026000000000000002,0.026000000000000002,0.026000000000000006,0.026000000000000002,3.469446951953614e-18,0.003,0.004,0.0030500000000000006,0.003,0.0002179449471770337,0.015,0.015,0.015000000000000003,0.015,3.469446951953614e-18,0.003,0.004,0.0032000000000000006,0.003,0.00039999999999999996,32,32,4096,11008,32768,True,488,8
0.012,0.014,0.01390476190476191,0.014,0.0004259177099999599,0.007,0.007,0.007000000000000001,0.007,8.673617379884035e-19,0.016,0.017,0.016450000000000003,0.016,0.0004974937185533103,0.003,0.003,0.0030000000000000005,0.003,4.336808689942018e-19,0.009000000000000001,0.01,0.009250000000000003,0.009000000000000001,0.00043301270189221897,0.007,0.007,0.007000000000000001,0.007,8.673617379884035e-19,0.025,0.026000000000000002,0.025350000000000004,0.025,0.00047696960070847325,0.003,0.004,0.0030500000000000006,0.003,0.0002179449471770337,0.015,0.015,0.015000000000000003,0.015,3.469446951953614e-18,0.003,0.004,0.0030500000000000006,0.003,0.0002179449471770337,32,32,4096,11008,32768,True,480,8
0.012,0.015,0.014000000000000002,0.014,0.0005345224838248486,0.007,0.007,0.007000000000000001,0.007,8.673617379884035e-19,0.016,0.017,0.016700000000000003,0.017,0.0004582575694955845,0.003,0.003,0.0030000000000000005,0.003,4.336808689942018e-19,0.009000000000000001,0.01,0.009700000000000004,0.01,0.00045825756949558356,0.007,0.007,0.007000000000000001,0.007,8.673617379884035e-19,0.026000000000000002,0.026000000000000002,0.026000000000000006,0.026000000000000002,3.469446951953614e-18,0.003,0.003,0.0030000000000000005,0.003,4.336808689942018e-19,0.015,0.015,0.015000000000000003,0.015,3.469446951953614e-18,0.003,0.004,0.0031000000000000008,0.003,0.0003,32,32,4096,11008,32768,True,472,8
0.012,0.015,0.013952380952380954,0.014,0.00048562090605645564,0.007,0.007,0.007000000000000001,0.007,8.673617379884035e-19,0.016,0.017,0.016450000000000003,0.016,0.0004974937185533103,0.003,0.003,0.0030000000000000005,0.003,4.336808689942018e-19,0.009000000000000001,0.01,0.009250000000000003,0.009000000000000001,0.00043301270189221897,0.007,0.007,0.007000000000000001,0.007,8.673617379884035e-19,0.025,0.026000000000000002,0.025450000000000007,0.025,0.0004974937185533104,0.003,0.004,0.0030500000000000006,0.003,0.0002179449471770337,0.015,0.016,0.015200000000000002,0.015,0.00040000000000000034,0.003,0.004,0.0030500000000000006,0.003,0.0002179449471770337,32,32,4096,11008,32768,True,464,8
0.011,0.015,0.013904761904761906,0.014,0.0006834619092574917,0.007,0.007,0.007000000000000001,0.007,8.673617379884035e-19,0.016,0.017,0.016900000000000005,0.017,0.0003000000000000003,0.002,0.003,0.0029500000000000004,0.003,0.0002179449471770337,0.009000000000000001,0.01,0.009950000000000004,0.01,0.00021794494717703353,0.007,0.007,0.007000000000000001,0.007,8.673617379884035e-19,0.026000000000000002,0.026000000000000002,0.026000000000000006,0.026000000000000002,3.469446951953614e-18,0.003,0.003,0.0030000000000000005,0.003,4.336808689942018e-19,0.015,0.015,0.015000000000000003,0.015,3.469446951953614e-18,0.003,0.004,0.0030500000000000006,0.003,0.0002179449471770337,32,32,4096,11008,32768,True,456,8
0.011,0.014,0.013190476190476193,0.013000000000000001,0.0006632565846278152,0.007,0.007,0.007000000000000001,0.007,8.673617379884035e-19,0.016,0.017,0.016550000000000002,0.017,0.0004974937185533105,0.002,0.003,0.0029500000000000004,0.003,0.0002179449471770337,0.009000000000000001,0.01,0.009100000000000002,0.009000000000000001,0.00029999999999999976,0.007,0.007,0.007000000000000001,0.007,8.673617379884035e-19,0.025,0.026000000000000002,0.025500000000000005,0.025500000000000002,0.0005000000000000004,0.003,0.003,0.0030000000000000005,0.003,4.336808689942018e-19,0.015,0.016,0.015750000000000004,0.016,0.0004330127018922198,0.003,0.003,0.0030000000000000005,0.003,4.336808689942018e-19,32,32,4096,11008,32768,True,448,8
0.011,0.014,0.013047619047619051,0.013000000000000001,0.0005753831415997416,0.007,0.007,0.007000000000000001,0.007,8.673617379884035e-19,0.016,0.017,0.016450000000000003,0.016,0.0004974937185533104,0.002,0.003,0.0029500000000000004,0.003,0.0002179449471770337,0.009000000000000001,0.01,0.009150000000000002,0.009000000000000001,0.00035707142142714214,0.007,0.007,0.007000000000000001,0.007,8.673617379884035e-19,0.026000000000000002,0.026000000000000002,0.026000000000000006,0.026000000000000002,3.469446951953614e-18,0.003,0.003,0.0030000000000000005,0.003,4.336808689942018e-19,0.015,0.016,0.015600000000000003,0.016,0.0004898979485566361,0.003,0.003,0.0030000000000000005,0.003,4.336808689942018e-19,32,32,4096,11008,32768,True,440,8
0.011,0.013000000000000001,0.012904761904761908,0.013000000000000001,0.0004259177099999603,0.007,0.007,0.007000000000000001,0.007,8.673617379884035e-19,0.016,0.017,0.016450000000000003,0.016,0.0004974937185533104,0.002,0.003,0.0029500000000000004,0.003,0.0002179449471770337,0.009000000000000001,0.01,0.009150000000000002,0.009000000000000001,0.00035707142142714214,0.007,0.007,0.007000000000000001,0.007,8.673617379884035e-19,0.025,0.026000000000000002,0.025250000000000005,0.025,0.00043301270189221973,0.003,0.003,0.0030000000000000005,0.003,4.336808689942018e-19,0.015,0.016,0.015750000000000004,0.016,0.0004330127018922198,0.003,0.003,0.0030000000000000005,0.003,4.336808689942018e-19,32,32,4096,11008,32768,True,432,8
0.011,0.014,0.012952380952380957,0.013000000000000001,0.00048562090605645597,0.007,0.007,0.007000000000000001,0.007,8.673617379884035e-19,0.016,0.017,0.016650000000000005,0.017,0.00047696960070847325,0.002,0.003,0.0029500000000000004,0.003,0.0002179449471770337,0.009000000000000001,0.01,0.009100000000000002,0.009000000000000001,0.00029999999999999976,0.007,0.007,0.007000000000000001,0.007,8.673617379884035e-19,0.026000000000000002,0.026000000000000002,0.026000000000000006,0.026000000000000002,3.469446951953614e-18,0.003,0.003,0.0030000000000000005,0.003,4.336808689942018e-19,0.015,0.016,0.015700000000000002,0.016,0.0004582575694955844,0.003,0.003,0.0030000000000000005,0.003,4.336808689942018e-19,32,32,4096,11008,32768,True,424,8
0.011,0.013000000000000001,0.012285714285714289,0.012,0.0005471012044321936,0.007,0.007,0.007000000000000001,0.007,8.673617379884035e-19,0.016,0.017,0.016400000000000005,0.016,0.000489897948556636,0.002,0.003,0.0029500000000000004,0.003,0.0002179449471770337,0.009000000000000001,0.009000000000000001,0.009000000000000003,0.009000000000000001,1.734723475976807e-18,0.007,0.007,0.007000000000000001,0.007,8.673617379884035e-19,0.025,0.026000000000000002,0.025050000000000006,0.025,0.00021794494717703388,0.003,0.003,0.0030000000000000005,0.003,4.336808689942018e-19,0.015,0.016,0.015450000000000002,0.015,0.0004974937185533104,0.003,0.003,0.0030000000000000005,0.003,4.336808689942018e-19,32,32,4096,11008,32768,True,416,8
0.011,0.013000000000000001,0.012333333333333337,0.012,0.0005634361698190117,0.007,0.007,0.007000000000000001,0.007,8.673617379884035e-19,0.016,0.017,0.016400000000000005,0.016,0.000489897948556636,0.003,0.003,0.0030000000000000005,0.003,4.336808689942018e-19,0.009000000000000001,0.01,0.009100000000000002,0.009000000000000001,0.00029999999999999976,0.007,0.007,0.007000000000000001,0.007,8.673617379884035e-19,0.026000000000000002,0.026000000000000002,0.026000000000000006,0.026000000000000002,3.469446951953614e-18,0.003,0.003,0.0030000000000000005,0.003,4.336808689942018e-19,0.015,0.016,0.015850000000000003,0.016,0.00035707142142714284,0.003,0.003,0.0030000000000000005,0.003,4.336808689942018e-19,32,32,4096,11008,32768,True,408,8
0.01,0.013000000000000001,0.012000000000000002,0.012,0.000534522483824849,0.007,0.007,0.007000000000000001,0.007,8.673617379884035e-19,0.016,0.017,0.016400000000000005,0.016,0.000489897948556636,0.002,0.003,0.0029500000000000004,0.003,0.0002179449471770337,0.009000000000000001,0.009000000000000001,0.009000000000000003,0.009000000000000001,1.734723475976807e-18,0.006,0.007,0.006950000000000002,0.007,0.00021794494717703366,0.025,0.026000000000000002,0.025100000000000004,0.025,0.00030000000000000024,0.003,0.003,0.0030000000000000005,0.003,4.336808689942018e-19,0.015,0.016,0.015650000000000004,0.016,0.0004769696007084733,0.003,0.003,0.0030000000000000005,0.003,4.336808689942018e-19,32,32,4096,11008,32768,True,400,8
0.01,0.012,0.011904761904761908,0.012,0.00042591770999995997,0.007,0.007,0.007000000000000001,0.007,8.673617379884035e-19,0.016,0.017,0.016400000000000005,0.016,0.000489897948556636,0.002,0.003,0.0029000000000000007,0.003,0.00030000000000000003,0.009000000000000001,0.01,0.009100000000000002,0.009000000000000001,0.00029999999999999976,0.007,0.007,0.007000000000000001,0.007,8.673617379884035e-19,0.026000000000000002,0.026000000000000002,0.026000000000000006,0.026000000000000002,3.469446951953614e-18,0.003,0.003,0.0030000000000000005,0.003,4.336808689942018e-19,0.015,0.016,0.015150000000000002,0.015,0.0003570714214271428,0.003,0.003,0.0030000000000000005,0.003,4.336808689942018e-19,32,32,4096,11008,32768,True,392,8
0.01,0.012,0.01185714285714286,0.012,0.0004665694748158436,0.007,0.007,0.007000000000000001,0.007,8.673617379884035e-19,0.017,0.017,0.017000000000000005,0.017,3.469446951953614e-18,0.002,0.003,0.0024000000000000007,0.002,0.0004898979485566356,0.008,0.009000000000000001,0.008900000000000002,0.009000000000000001,0.0003000000000000003,0.007,0.007,0.007000000000000001,0.007,8.673617379884035e-19,0.023,0.024,0.023200000000000005,0.023,0.0004000000000000003,0.003,0.003,0.0030000000000000005,0.003,4.336808689942018e-19,0.013000000000000001,0.013000000000000001,0.013000000000000003,0.013000000000000001,1.734723475976807e-18,0.003,0.003,0.0030000000000000005,0.003,4.336808689942018e-19,32,32,4096,11008,32768,True,384,8
0.01,0.012,0.01142857142857143,0.011,0.0005832118435198047,0.007,0.007,0.007000000000000001,0.007,8.673617379884035e-19,0.015,0.016,0.015850000000000003,0.016,0.00035707142142714284,0.002,0.003,0.0020500000000000006,0.002,0.0002179449471770337,0.009000000000000001,0.009000000000000001,0.009000000000000003,0.009000000000000001,1.734723475976807e-18,0.007,0.007,0.007000000000000001,0.007,8.673617379884035e-19,0.023,0.024,0.023450000000000006,0.023,0.0004974937185533104,0.003,0.003,0.0030000000000000005,0.003,4.336808689942018e-19,0.013000000000000001,0.013000000000000001,0.013000000000000003,0.013000000000000001,1.734723475976807e-18,0.003,0.003,0.0030000000000000005,0.003,4.336808689942018e-19,32,32,4096,11008,32768,True,376,8
0.01,0.012,0.011095238095238097,0.011,0.0004259177099999601,0.007,0.007,0.007000000000000001,0.007,8.673617379884035e-19,0.015,0.016,0.0158,0.016,0.00040000000000000034,0.002,0.003,0.0021000000000000003,0.002,0.00030000000000000003,0.008,0.009000000000000001,0.008950000000000003,0.009000000000000001,0.00021794494717703385,0.007,0.007,0.007000000000000001,0.007,8.673617379884035e-19,0.022,0.024,0.022900000000000004,0.023,0.0004358898943540677,0.003,0.003,0.0030000000000000005,0.003,4.336808689942018e-19,0.013000000000000001,0.014,0.013050000000000003,0.013000000000000001,0.00021794494717703353,0.003,0.003,0.0030000000000000005,0.003,4.336808689942018e-19,32,32,4096,11008,32768,True,368,8
0.01,0.012,0.01104761904761905,0.011,0.00037495275590532446,0.007,0.007,0.007000000000000001,0.007,8.673617379884035e-19,0.015,0.016,0.015550000000000003,0.016,0.0004974937185533105,0.002,0.003,0.0020500000000000006,0.002,0.0002179449471770337,0.009000000000000001,0.009000000000000001,0.009000000000000003,0.009000000000000001,1.734723475976807e-18,0.007,0.007,0.007000000000000001,0.007,8.673617379884035e-19,0.022,0.024,0.023050000000000005,0.023,0.0003840572873934307,0.003,0.003,0.0030000000000000005,0.003,4.336808689942018e-19,0.013000000000000001,0.013000000000000001,0.013000000000000003,0.013000000000000001,1.734723475976807e-18,0.003,0.003,0.0030000000000000005,0.003,4.336808689942018e-19,32,32,4096,11008,32768,True,360,8
0.009000000000000001,0.011,0.010904761904761907,0.011,0.0004259177099999596,0.007,0.007,0.007000000000000001,0.007,8.673617379884035e-19,0.015,0.016,0.015550000000000003,0.016,0.0004974937185533104,0.002,0.003,0.0020500000000000006,0.002,0.0002179449471770337,0.008,0.009000000000000001,0.008800000000000002,0.009000000000000001,0.00040000000000000034,0.007,0.007,0.007000000000000001,0.007,8.673617379884035e-19,0.024,0.025,0.024200000000000006,0.024,0.0004000000000000003,0.003,0.003,0.0030000000000000005,0.003,4.336808689942018e-19,0.013000000000000001,0.014,0.013050000000000003,0.013000000000000001,0.00021794494717703353,0.003,0.003,0.0030000000000000005,0.003,4.336808689942018e-19,32,32,4096,11008,32768,True,352,8
0.009000000000000001,0.011,0.010714285714285716,0.011,0.0005471012044321928,0.007,0.007,0.007000000000000001,0.007,8.673617379884035e-19,0.015,0.016,0.015600000000000003,0.016,0.0004898979485566361,0.002,0.003,0.0020500000000000006,0.002,0.0002179449471770337,0.008,0.009000000000000001,0.008950000000000003,0.009000000000000001,0.00021794494717703385,0.007,0.007,0.007000000000000001,0.007,8.673617379884035e-19,0.024,0.025,0.024550000000000006,0.025,0.0004974937185533105,0.002,0.003,0.0029000000000000007,0.003,0.00030000000000000003,0.013000000000000001,0.013000000000000001,0.013000000000000003,0.013000000000000001,1.734723475976807e-18,0.003,0.003,0.0030000000000000005,0.003,4.336808689942018e-19,32,32,4096,11008,32768,True,344,8
0.009000000000000001,0.011,0.010380952380952383,0.01,0.0005753831415997411,0.007,0.007,0.007000000000000001,0.007,8.673617379884035e-19,0.015,0.016,0.015500000000000003,0.0155,0.0005000000000000004,0.002,0.003,0.0020500000000000006,0.002,0.0002179449471770337,0.008,0.009000000000000001,0.008800000000000002,0.009000000000000001,0.00040000000000000034,0.007,0.007,0.007000000000000001,0.007,8.673617379884035e-19,0.027,0.029,0.0273,0.027,0.0005567764362830027,0.003,0.003,0.0030000000000000005,0.003,4.336808689942018e-19,0.013000000000000001,0.013000000000000001,0.013000000000000003,0.013000000000000001,1.734723475976807e-18,0.003,0.003,0.0030000000000000005,0.003,4.336808689942018e-19,32,32,4096,11008,32768,True,336,8
0.009000000000000001,0.011,0.010142857142857144,0.01,0.00046656947481584307,0.007,0.007,0.007000000000000001,0.007,8.673617379884035e-19,0.015,0.016,0.015550000000000003,0.016,0.0004974937185533105,0.002,0.002,0.0020000000000000005,0.002,4.336808689942018e-19,0.008,0.009000000000000001,0.008800000000000002,0.009000000000000001,0.00040000000000000034,0.007,0.007,0.007000000000000001,0.007,8.673617379884035e-19,0.027,0.029,0.027850000000000003,0.028,0.0004769696007084733,0.002,0.003,0.0027,0.003,0.00045825756949558405,0.013000000000000001,0.013000000000000001,0.013000000000000003,0.013000000000000001,1.734723475976807e-18,0.003,0.003,0.0030000000000000005,0.003,4.336808689942018e-19,32,32,4096,11008,32768,True,328,8
0.009000000000000001,0.01,0.009952380952380956,0.01,0.00021295885499997977,0.006,0.007,0.006850000000000002,0.007,0.0003570714214271425,0.015,0.015,0.015000000000000003,0.015,3.469446951953614e-18,0.002,0.003,0.0022500000000000007,0.002,0.00043301270189221935,0.008,0.009000000000000001,0.008550000000000002,0.009000000000000001,0.0004974937185533104,0.006,0.007,0.006900000000000002,0.007,0.00030000000000000003,0.018000000000000002,0.018000000000000002,0.018000000000000006,0.018000000000000002,3.469446951953614e-18,0.002,0.003,0.0029500000000000004,0.003,0.0002179449471770337,0.013000000000000001,0.013000000000000001,0.013000000000000003,0.013000000000000001,1.734723475976807e-18,0.003,0.003,0.0030000000000000005,0.003,4.336808689942018e-19,32,32,4096,11008,32768,True,320,8
0.008,0.01,0.009523809523809526,0.01,0.000587087047901807,0.006,0.007,0.006900000000000002,0.007,0.00030000000000000003,0.015,0.015,0.015000000000000003,0.015,3.469446951953614e-18,0.002,0.003,0.0020500000000000006,0.002,0.0002179449471770337,0.008,0.009000000000000001,0.008850000000000002,0.009000000000000001,0.0003570714214271428,0.007,0.007,0.007000000000000001,0.007,8.673617379884035e-19,0.018000000000000002,0.018000000000000002,0.018000000000000006,0.018000000000000002,3.469446951953614e-18,0.002,0.003,0.0026500000000000004,0.003,0.00047696960070847287,0.013000000000000001,0.013000000000000001,0.013000000000000003,0.013000000000000001,1.734723475976807e-18,0.002,0.003,0.0029000000000000007,0.003,0.00030000000000000003,32,32,4096,11008,32768,True,312,8
0.008,0.01,0.009523809523809526,0.01,0.000587087047901807,0.006,0.007,0.006750000000000002,0.007,0.0004330127018922194,0.015,0.016,0.015650000000000004,0.016,0.0004769696007084733,0.002,0.003,0.0021500000000000004,0.002,0.0003570714214271425,0.008,0.009000000000000001,0.008550000000000002,0.009000000000000001,0.0004974937185533105,0.007,0.007,0.007000000000000001,0.007,8.673617379884035e-19,0.017,0.018000000000000002,0.017950000000000004,0.018000000000000002,0.00021794494717703385,0.002,0.003,0.0027500000000000003,0.003,0.0004330127018922193,0.013000000000000001,0.014,0.013050000000000003,0.013000000000000001,0.00021794494717703353,0.002,0.003,0.0023500000000000005,0.002,0.0004769696007084728,32,32,4096,11008,32768,True,304,8
0.008,0.01,0.009428571428571432,0.009000000000000001,0.0005832118435198041,0.006,0.007,0.006800000000000002,0.007,0.0004,0.015,0.016,0.015150000000000002,0.015,0.0003570714214271428,0.002,0.003,0.0022500000000000007,0.002,0.00043301270189221935,0.008,0.009000000000000001,0.008950000000000003,0.009000000000000001,0.00021794494717703385,0.007,0.007,0.007000000000000001,0.007,8.673617379884035e-19,0.018000000000000002,0.018000000000000002,0.018000000000000006,0.018000000000000002,3.469446951953614e-18,0.002,0.003,0.0025000000000000005,0.0025,0.0005,0.013000000000000001,0.014,0.013050000000000003,0.013000000000000001,0.00021794494717703353,0.002,0.003,0.0021000000000000003,0.002,0.00030000000000000003,32,32,4096,11008,32768,True,296,8
0.008,0.01,0.009000000000000003,0.009000000000000001,0.00030860669992418383,0.006,0.007,0.006550000000000002,0.007,0.0004974937185533101,0.015,0.016,0.0158,0.016,0.00040000000000000034,0.002,0.003,0.0021000000000000003,0.002,0.00030000000000000003,0.008,0.009000000000000001,0.008050000000000002,0.008,0.0002179449471770339,0.006,0.007,0.006900000000000002,0.007,0.00030000000000000003,0.018000000000000002,0.018000000000000002,0.018000000000000006,0.018000000000000002,3.469446951953614e-18,0.002,0.003,0.0022000000000000006,0.002,0.0004,0.013000000000000001,0.014,0.01395,0.014,0.0002179449471770335,0.002,0.003,0.0021000000000000003,0.002,0.00030000000000000003,32,32,4096,11008,32768,True,288,8
0.008,0.009000000000000001,0.008952380952380955,0.009000000000000001,0.00021295885499998015,0.006,0.007,0.006400000000000001,0.006,0.0004898979485566357,0.015,0.016,0.015850000000000003,0.016,0.00035707142142714284,0.002,0.003,0.0020500000000000006,0.002,0.0002179449471770337,0.008,0.009000000000000001,0.008400000000000001,0.008,0.0004898979485566361,0.007,0.007,0.007000000000000001,0.007,8.673617379884035e-19,0.018000000000000002,0.019,0.018050000000000004,0.018000000000000002,0.00021794494717703312,0.002,0.003,0.0021000000000000003,0.002,0.00030000000000000003,0.013000000000000001,0.014,0.013750000000000004,0.014,0.000433012701892219,0.002,0.002,0.0020000000000000005,0.002,4.336808689942018e-19,32,32,4096,11008,32768,True,280,8
0.007,0.009000000000000001,0.008809523809523812,0.009000000000000001,0.0004994327848429296,0.006,0.007,0.006250000000000001,0.006,0.00043301270189221935,0.015,0.016,0.015950000000000002,0.016,0.00021794494717703385,0.002,0.003,0.0021000000000000003,0.002,0.00030000000000000003,0.008,0.009000000000000001,0.008250000000000002,0.008,0.0004330127018922198,0.006,0.007,0.006400000000000001,0.006,0.0004898979485566357,0.026000000000000002,0.027,0.026400000000000007,0.026000000000000002,0.0004898979485566343,0.002,0.002,0.0020000000000000005,0.002,4.336808689942018e-19,0.013000000000000001,0.014,0.013750000000000004,0.014,0.00043301270189221897,0.002,0.003,0.0021000000000000003,0.002,0.00030000000000000003,32,32,4096,11008,32768,True,272,8
0.007,0.009000000000000001,0.008761904761904764,0.009000000000000001,0.0005259695722470127,0.004,0.004,0.004000000000000001,0.004,8.673617379884035e-19,0.016,0.016,0.016000000000000004,0.016,3.469446951953614e-18,0.002,0.002,0.0020000000000000005,0.002,4.336808689942018e-19,0.008,0.009000000000000001,0.008250000000000002,0.008,0.0004330127018922198,0.004,0.004,0.004000000000000001,0.004,8.673617379884035e-19,0.026000000000000002,0.026000000000000002,0.026000000000000006,0.026000000000000002,3.469446951953614e-18,0.002,0.002,0.0020000000000000005,0.002,4.336808689942018e-19,0.013000000000000001,0.014,0.013850000000000005,0.014,0.00035707142142714214,0.002,0.002,0.0020000000000000005,0.002,4.336808689942018e-19,32,32,4096,11008,32768,True,264,8
0.007,0.009000000000000001,0.008142857142857144,0.008,0.0004665694748158438,0.004,0.004,0.004000000000000001,0.004,8.673617379884035e-19,0.012,0.013000000000000001,0.012250000000000002,0.012,0.0004330127018922198,0.002,0.003,0.0021000000000000003,0.002,0.00030000000000000003,0.006,0.007,0.0065000000000000014,0.006500000000000001,0.0005,0.004,0.004,0.004000000000000001,0.004,8.673617379884035e-19,0.018000000000000002,0.018000000000000002,0.018000000000000006,0.018000000000000002,3.469446951953614e-18,0.002,0.002,0.0020000000000000005,0.002,4.336808689942018e-19,0.011,0.011,0.011000000000000001,0.011,1.734723475976807e-18,0.002,0.002,0.0020000000000000005,0.002,4.336808689942018e-19,32,32,4096,11008,32768,True,256,8
0.007,0.008,0.007952380952380954,0.008,0.00021295885499997998,0.004,0.004,0.004000000000000001,0.004,8.673617379884035e-19,0.012,0.013000000000000001,0.012150000000000003,0.012,0.0003570714214271428,0.002,0.002,0.0020000000000000005,0.002,4.336808689942018e-19,0.006,0.007,0.006850000000000002,0.007,0.0003570714214271425,0.004,0.004,0.004000000000000001,0.004,8.673617379884035e-19,0.018000000000000002,0.019,0.018200000000000004,0.018000000000000002,0.00039999999999999893,0.002,0.002,0.0020000000000000005,0.002,4.336808689942018e-19,0.011,0.012,0.011100000000000002,0.011,0.00030000000000000024,0.002,0.002,0.0020000000000000005,0.002,4.336808689942018e-19,32,32,4096,11008,32768,True,248,8
0.007,0.008,0.007952380952380954,0.008,0.00021295885499997998,0.004,0.004,0.004000000000000001,0.004,8.673617379884035e-19,0.012,0.012,0.012000000000000002,0.012,1.734723475976807e-18,0.002,0.002,0.0020000000000000005,0.002,4.336808689942018e-19,0.006,0.007,0.006250000000000001,0.006,0.00043301270189221935,0.004,0.004,0.004000000000000001,0.004,8.673617379884035e-19,0.018000000000000002,0.019,0.018100000000000005,0.018000000000000002,0.0002999999999999992,0.002,0.002,0.0020000000000000005,0.002,4.336808689942018e-19,0.011,0.012,0.01105,0.011,0.0002179449471770339,0.002,0.002,0.0020000000000000005,0.002,4.336808689942018e-19,32,32,4096,11008,32768,True,240,8
0.006,0.008,0.007904761904761906,0.008,0.00042591770999995997,0.004,0.004,0.004000000000000001,0.004,8.673617379884035e-19,0.012,0.012,0.012000000000000002,0.012,1.734723475976807e-18,0.002,0.002,0.0020000000000000005,0.002,4.336808689942018e-19,0.006,0.007,0.006700000000000002,0.007,0.00045825756949558405,0.004,0.004,0.004000000000000001,0.004,8.673617379884035e-19,0.018000000000000002,0.019,0.018200000000000004,0.018000000000000002,0.00039999999999999893,0.002,0.002,0.0020000000000000005,0.002,4.336808689942018e-19,0.011,0.011,0.011000000000000001,0.011,1.734723475976807e-18,0.002,0.002,0.0020000000000000005,0.002,4.336808689942018e-19,32,32,4096,11008,32768,True,232,8
0.006,0.008,0.00723809523809524,0.007,0.0005259695722470124,0.004,0.004,0.004000000000000001,0.004,8.673617379884035e-19,0.012,0.013000000000000001,0.012450000000000003,0.012,0.0004974937185533104,0.002,0.002,0.0020000000000000005,0.002,4.336808689942018e-19,0.007,0.007,0.007000000000000001,0.007,8.673617379884035e-19,0.004,0.004,0.004000000000000001,0.004,8.673617379884035e-19,0.018000000000000002,0.019,0.018100000000000005,0.018000000000000002,0.0002999999999999992,0.002,0.002,0.0020000000000000005,0.002,4.336808689942018e-19,0.011,0.012,0.011700000000000002,0.012,0.0004582575694955844,0.002,0.002,0.0020000000000000005,0.002,4.336808689942018e-19,32,32,4096,11008,32768,True,224,8
0.006,0.008,0.007047619047619048,0.007,0.0003749527559053243,0.004,0.004,0.004000000000000001,0.004,8.673617379884035e-19,0.012,0.013000000000000001,0.012400000000000003,0.012,0.000489897948556636,0.002,0.002,0.0020000000000000005,0.002,4.336808689942018e-19,0.007,0.007,0.007000000000000001,0.007,8.673617379884035e-19,0.004,0.004,0.004000000000000001,0.004,8.673617379884035e-19,0.018000000000000002,0.019,0.018100000000000005,0.018000000000000002,0.0002999999999999992,0.002,0.002,0.0020000000000000005,0.002,4.336808689942018e-19,0.011,0.012,0.011950000000000002,0.012,0.00021794494717703385,0.002,0.002,0.0020000000000000005,0.002,4.336808689942018e-19,32,32,4096,11008,32768,True,216,8
0.006,0.008,0.007000000000000001,0.007,0.00030860669992418383,0.003,0.004,0.00395,0.004,0.0002179449471770337,0.012,0.013000000000000001,0.012500000000000002,0.0125,0.0005000000000000004,0.002,0.002,0.0020000000000000005,0.002,4.336808689942018e-19,0.007,0.007,0.007000000000000001,0.007,8.673617379884035e-19,0.004,0.004,0.004000000000000001,0.004,8.673617379884035e-19,0.018000000000000002,0.019,0.018100000000000005,0.018000000000000002,0.0002999999999999992,0.002,0.002,0.0020000000000000005,0.002,4.336808689942018e-19,0.012,0.012,0.012000000000000002,0.012,1.734723475976807e-18,0.002,0.002,0.0020000000000000005,0.002,4.336808689942018e-19,32,32,4096,11008,32768,True,208,8
0.006,0.007,0.006952380952380955,0.007,0.00021295885499997996,0.004,0.004,0.004000000000000001,0.004,8.673617379884035e-19,0.012,0.013000000000000001,0.012450000000000003,0.012,0.0004974937185533104,0.002,0.002,0.0020000000000000005,0.002,4.336808689942018e-19,0.007,0.007,0.007000000000000001,0.007,8.673617379884035e-19,0.004,0.004,0.004000000000000001,0.004,8.673617379884035e-19,0.018000000000000002,0.019,0.018050000000000004,0.018000000000000002,0.00021794494717703312,0.002,0.002,0.0020000000000000005,0.002,4.336808689942018e-19,0.012,0.012,0.012000000000000002,0.012,1.734723475976807e-18,0.002,0.002,0.0020000000000000005,0.002,4.336808689942018e-19,32,32,4096,11008,32768,True,200,8
0.005,0.007,0.006857142857142859,0.007,0.0004665694748158435,0.004,0.004,0.004000000000000001,0.004,8.673617379884035e-19,0.013000000000000001,0.013000000000000001,0.013000000000000003,0.013000000000000001,1.734723475976807e-18,0.002,0.002,0.0020000000000000005,0.002,4.336808689942018e-19,0.006,0.006,0.006000000000000001,0.006,8.673617379884035e-19,0.004,0.004,0.004000000000000001,0.004,8.673617379884035e-19,0.017,0.018000000000000002,0.017700000000000004,0.018000000000000002,0.0004582575694955844,0.002,0.002,0.0020000000000000005,0.002,4.336808689942018e-19,0.01,0.011,0.01005,0.01,0.00021794494717703353,0.002,0.002,0.0020000000000000005,0.002,4.336808689942018e-19,32,32,4096,11008,32768,True,192,8
0.005,0.007,0.00623809523809524,0.006,0.0005259695722470124,0.004,0.004,0.004000000000000001,0.004,8.673617379884035e-19,0.013000000000000001,0.013000000000000001,0.013000000000000003,0.013000000000000001,1.734723475976807e-18,0.002,0.003,0.0021000000000000003,0.002,0.00030000000000000003,0.006,0.006,0.006000000000000001,0.006,8.673617379884035e-19,0.004,0.004,0.004000000000000001,0.004,8.673617379884035e-19,0.017,0.019,0.018050000000000004,0.018000000000000002,0.0003840572873934299,0.002,0.002,0.0020000000000000005,0.002,4.336808689942018e-19,0.01,0.011,0.010100000000000001,0.01,0.00029999999999999976,0.002,0.002,0.0020000000000000005,0.002,4.336808689942018e-19,32,32,4096,11008,32768,True,184,8
0.005,0.007,0.006047619047619049,0.006,0.0003749527559053244,0.004,0.004,0.004000000000000001,0.004,8.673617379884035e-19,0.013000000000000001,0.014,0.013050000000000003,0.013000000000000001,0.00021794494717703353,0.002,0.002,0.0020000000000000005,0.002,4.336808689942018e-19,0.006,0.006,0.006000000000000001,0.006,8.673617379884035e-19,0.003,0.004,0.00395,0.004,0.0002179449471770337,0.017,0.018000000000000002,0.017950000000000004,0.018000000000000002,0.00021794494717703385,0.002,0.002,0.0020000000000000005,0.002,4.336808689942018e-19,0.01,0.01,0.010000000000000002,0.01,1.734723475976807e-18,0.002,0.002,0.0020000000000000005,0.002,4.336808689942018e-19,32,32,4096,11008,32768,True,176,8
0.005,0.006,0.005952380952380954,0.006,0.00021295885499997998,0.004,0.004,0.004000000000000001,0.004,8.673617379884035e-19,0.013000000000000001,0.013000000000000001,0.013000000000000003,0.013000000000000001,1.734723475976807e-18,0.002,0.002,0.0020000000000000005,0.002,4.336808689942018e-19,0.006,0.006,0.006000000000000001,0.006,8.673617379884035e-19,0.003,0.004,0.00395,0.004,0.0002179449471770337,0.016,0.018000000000000002,0.016900000000000005,0.017,0.00043588989435406776,0.002,0.002,0.0020000000000000005,0.002,4.336808689942018e-19,0.01,0.011,0.0103,0.01,0.0004582575694955836,0.002,0.002,0.0020000000000000005,0.002,4.336808689942018e-19,32,32,4096,11008,32768,True,168,8
0.005,0.006,0.005952380952380954,0.006,0.00021295885499997998,0.004,0.004,0.004000000000000001,0.004,8.673617379884035e-19,0.013000000000000001,0.013000000000000001,0.013000000000000003,0.013000000000000001,1.734723475976807e-18,0.002,0.002,0.0020000000000000005,0.002,4.336808689942018e-19,0.006,0.007,0.0060500000000000016,0.006,0.0002179449471770337,0.004,0.004,0.004000000000000001,0.004,8.673617379884035e-19,0.017,0.018000000000000002,0.017100000000000004,0.017,0.00030000000000000024,0.002,0.002,0.0020000000000000005,0.002,4.336808689942018e-19,0.01,0.011,0.010150000000000001,0.01,0.00035707142142714214,0.002,0.002,0.0020000000000000005,0.002,4.336808689942018e-19,32,32,4096,11008,32768,True,160,8
0.005,0.006,0.005904761904761906,0.006,0.00029354352395090366,0.003,0.004,0.00395,0.004,0.0002179449471770337,0.013000000000000001,0.013000000000000001,0.013000000000000003,0.013000000000000001,1.734723475976807e-18,0.002,0.002,0.0020000000000000005,0.002,4.336808689942018e-19,0.006,0.007,0.0060500000000000016,0.006,0.0002179449471770337,0.003,0.004,0.00395,0.004,0.0002179449471770337,0.017,0.018000000000000002,0.017050000000000003,0.017,0.0002179449471770339,0.002,0.002,0.0020000000000000005,0.002,4.336808689942018e-19,0.01,0.011,0.010150000000000001,0.01,0.00035707142142714214,0.002,0.002,0.0020000000000000005,0.002,4.336808689942018e-19,32,32,4096,11008,32768,True,152,8
0.004,0.006,0.005571428571428573,0.006,0.0005832118435198043,0.003,0.004,0.00395,0.004,0.0002179449471770337,0.014,0.015,0.014900000000000002,0.015,0.00029999999999999976,0.002,0.002,0.0020000000000000005,0.002,4.336808689942018e-19,0.006,0.006,0.006000000000000001,0.006,8.673617379884035e-19,0.004,0.004,0.004000000000000001,0.004,8.673617379884035e-19,0.017,0.017,0.017000000000000005,0.017,3.469446951953614e-18,0.002,0.002,0.0020000000000000005,0.002,4.336808689942018e-19,0.01,0.011,0.010100000000000001,0.01,0.00029999999999999976,0.002,0.002,0.0020000000000000005,0.002,4.336808689942018e-19,32,32,4096,11008,32768,True,144,8
0.004,0.006,0.0051428571428571435,0.005,0.0004665694748158434,0.004,0.004,0.004000000000000001,0.004,8.673617379884035e-19,0.013000000000000001,0.013000000000000001,0.013000000000000003,0.013000000000000001,1.734723475976807e-18,0.002,0.002,0.0020000000000000005,0.002,4.336808689942018e-19,0.006,0.006,0.006000000000000001,0.006,8.673617379884035e-19,0.004,0.004,0.004000000000000001,0.004,8.673617379884035e-19,0.017,0.018000000000000002,0.017050000000000003,0.017,0.0002179449471770339,0.002,0.002,0.0020000000000000005,0.002,4.336808689942018e-19,0.01,0.011,0.01005,0.01,0.00021794494717703353,0.001,0.002,0.0018500000000000003,0.002,0.0003570714214271425,32,32,4096,11008,32768,True,136,8
0.004,0.006,0.005000000000000001,0.005,0.00030860669992418383,0.003,0.004,0.00395,0.004,0.0002179449471770337,0.011,0.011,0.011000000000000001,0.011,1.734723475976807e-18,0.002,0.002,0.0020000000000000005,0.002,4.336808689942018e-19,0.006,0.006,0.006000000000000001,0.006,8.673617379884035e-19,0.004,0.004,0.004000000000000001,0.004,8.673617379884035e-19,0.014,0.015,0.014050000000000002,0.014,0.00021794494717703353,0.002,0.002,0.0020000000000000005,0.002,4.336808689942018e-19,0.01,0.011,0.0102,0.01,0.0003999999999999996,0.001,0.002,0.0017000000000000001,0.002,0.00045825756949558405,32,32,4096,11008,32768,True,128,8
0.004,0.005,0.004952380952380954,0.005,0.00021295885499997998,0.003,0.004,0.0039000000000000007,0.004,0.00030000000000000003,0.011,0.011,0.011000000000000001,0.011,1.734723475976807e-18,0.002,0.002,0.0020000000000000005,0.002,4.336808689942018e-19,0.006,0.006,0.006000000000000001,0.006,8.673617379884035e-19,0.003,0.004,0.00395,0.004,0.0002179449471770337,0.014,0.015,0.014050000000000002,0.014,0.00021794494717703353,0.001,0.002,0.0019500000000000003,0.002,0.0002179449471770337,0.01,0.011,0.01005,0.01,0.00021794494717703353,0.001,0.002,0.00125,0.001,0.0004330127018922193,32,32,4096,11008,32768,True,120,8
0.004,0.005,0.004952380952380954,0.005,0.00021295885499997998,0.003,0.004,0.0036500000000000005,0.004,0.00047696960070847287,0.011,0.011,0.011000000000000001,0.011,1.734723475976807e-18,0.002,0.002,0.0020000000000000005,0.002,4.336808689942018e-19,0.006,0.006,0.006000000000000001,0.006,8.673617379884035e-19,0.003,0.004,0.0037500000000000007,0.004,0.00043301270189221935,0.014,0.014,0.014000000000000002,0.014,1.734723475976807e-18,0.002,0.002,0.0020000000000000005,0.002,4.336808689942018e-19,0.01,0.01,0.010000000000000002,0.01,1.734723475976807e-18,0.001,0.002,0.0011000000000000003,0.001,0.00030000000000000003,32,32,4096,11008,32768,True,112,8
0.004,0.005,0.004666666666666668,0.005,0.0004714045207910317,0.003,0.004,0.0038000000000000004,0.004,0.0004,0.011,0.011,0.011000000000000001,0.011,1.734723475976807e-18,0.002,0.002,0.0020000000000000005,0.002,4.336808689942018e-19,0.006,0.006,0.006000000000000001,0.006,8.673617379884035e-19,0.003,0.004,0.0036000000000000003,0.004,0.0004898979485566356,0.014,0.015,0.014100000000000001,0.014,0.00029999999999999976,0.001,0.002,0.0018500000000000003,0.002,0.0003570714214271425,0.01,0.011,0.01005,0.01,0.00021794494717703353,0.001,0.002,0.0011000000000000003,0.001,0.00030000000000000003,32,32,4096,11008,32768,True,104,8
0.003,0.005,0.004000000000000001,0.004,0.00030860669992418383,0.003,0.004,0.003450000000000001,0.003,0.0004974937185533101,0.011,0.011,0.011000000000000001,0.011,1.734723475976807e-18,0.002,0.002,0.0020000000000000005,0.002,4.336808689942018e-19,0.006,0.006,0.006000000000000001,0.006,8.673617379884035e-19,0.003,0.004,0.0036500000000000005,0.004,0.0004769696007084729,0.014,0.014,0.014000000000000002,0.014,1.734723475976807e-18,0.002,0.002,0.0020000000000000005,0.002,4.336808689942018e-19,0.011,0.012,0.011100000000000002,0.011,0.00030000000000000024,0.001,0.002,0.0013000000000000002,0.001,0.00045825756949558405,32,32,4096,11008,32768,True,96,8
0.003,0.004,0.003952380952380953,0.004,0.00021295885499997998,0.003,0.004,0.003300000000000001,0.003,0.00045825756949558405,0.011,0.011,0.011000000000000001,0.011,1.734723475976807e-18,0.002,0.002,0.0020000000000000005,0.002,4.336808689942018e-19,0.006,0.006,0.006000000000000001,0.006,8.673617379884035e-19,0.003,0.004,0.00355,0.004,0.00049749371855331,0.013000000000000001,0.014,0.013950000000000004,0.014,0.00021794494717703353,0.001,0.002,0.0017000000000000006,0.002,0.000458257569495584,0.011,0.012,0.011550000000000001,0.012,0.0004974937185533105,0.001,0.002,0.0010500000000000002,0.001,0.00021794494717703366,32,32,4096,11008,32768,True,88,8
0.003,0.004,0.003952380952380953,0.004,0.00021295885499997998,0.003,0.004,0.0035000000000000005,0.0035,0.0005,0.011,0.011,0.011000000000000001,0.011,1.734723475976807e-18,0.002,0.002,0.0020000000000000005,0.002,4.336808689942018e-19,0.006,0.006,0.006000000000000001,0.006,8.673617379884035e-19,0.003,0.004,0.0035000000000000005,0.0035,0.0005,0.014,0.014,0.014000000000000002,0.014,1.734723475976807e-18,0.002,0.002,0.0020000000000000005,0.002,4.336808689942018e-19,0.011,0.012,0.011400000000000002,0.011,0.000489897948556636,0.001,0.001,0.0010000000000000002,0.001,2.168404344971009e-19,32,32,4096,11008,32768,True,80,8
0.003,0.004,0.003952380952380953,0.004,0.00021295885499997998,0.003,0.004,0.003350000000000001,0.003,0.00047696960070847287,0.011,0.011,0.011000000000000001,0.011,1.734723475976807e-18,0.002,0.002,0.0020000000000000005,0.002,4.336808689942018e-19,0.006,0.006,0.006000000000000001,0.006,8.673617379884035e-19,0.003,0.004,0.003350000000000001,0.003,0.00047696960070847287,0.014,0.014,0.014000000000000002,0.014,1.734723475976807e-18,0.001,0.002,0.0015000000000000002,0.0015,0.0005,0.011,0.012,0.011350000000000002,0.011,0.00047696960070847314,0.001,0.001,0.0010000000000000002,0.001,2.168404344971009e-19,32,32,4096,11008,32768,True,72,8
0.003,0.004,0.003095238095238096,0.003,0.0002935435239509036,0.003,0.004,0.0032500000000000007,0.003,0.0004330127018922193,0.01,0.011,0.01025,0.01,0.000433012701892219,0.002,0.002,0.0020000000000000005,0.002,4.336808689942018e-19,0.005,0.005,0.005000000000000001,0.005,8.673617379884035e-19,0.003,0.004,0.0032000000000000006,0.003,0.0004,0.013000000000000001,0.014,0.013850000000000005,0.014,0.0003570714214271422,0.001,0.002,0.0011000000000000003,0.001,0.00030000000000000003,0.008,0.009000000000000001,0.008050000000000002,0.008,0.0002179449471770339,0.001,0.001,0.0010000000000000002,0.001,2.168404344971009e-19,32,32,4096,11008,32768,True,64,8
0.003,0.003,0.0030000000000000005,0.003,4.336808689942018e-19,0.003,0.004,0.0032500000000000007,0.003,0.00043301270189221935,0.01,0.011,0.010150000000000001,0.01,0.00035707142142714214,0.002,0.002,0.0020000000000000005,0.002,4.336808689942018e-19,0.005,0.005,0.005000000000000001,0.005,8.673617379884035e-19,0.003,0.004,0.0032500000000000007,0.003,0.00043301270189221935,0.013000000000000001,0.014,0.013650000000000004,0.014,0.00047696960070847243,0.001,0.001,0.0010000000000000002,0.001,2.168404344971009e-19,0.008,0.009000000000000001,0.008050000000000002,0.008,0.0002179449471770339,0.001,0.001,0.0010000000000000002,0.001,2.168404344971009e-19,32,32,4096,11008,32768,True,56,8
0.002,0.003,0.002952380952380953,0.003,0.00021295885499997998,0.003,0.003,0.0030000000000000005,0.003,4.336808689942018e-19,0.01,0.01,0.010000000000000002,0.01,1.734723475976807e-18,0.002,0.002,0.0020000000000000005,0.002,4.336808689942018e-19,0.005,0.005,0.005000000000000001,0.005,8.673617379884035e-19,0.003,0.004,0.0032000000000000006,0.003,0.0004,0.013000000000000001,0.014,0.013250000000000003,0.013000000000000001,0.00043301270189221897,0.001,0.002,0.0011000000000000003,0.001,0.00030000000000000003,0.008,0.009000000000000001,0.008050000000000002,0.008,0.0002179449471770339,0.001,0.001,0.0010000000000000002,0.001,2.168404344971009e-19,32,32,4096,11008,32768,True,48,8
0.002,0.003,0.002952380952380953,0.003,0.00021295885499997998,0.003,0.004,0.003150000000000001,0.003,0.0003570714214271425,0.01,0.011,0.01005,0.01,0.00021794494717703353,0.002,0.002,0.0020000000000000005,0.002,4.336808689942018e-19,0.005,0.005,0.005000000000000001,0.005,8.673617379884035e-19,0.003,0.004,0.003150000000000001,0.003,0.0003570714214271425,0.013000000000000001,0.013000000000000001,0.013000000000000003,0.013000000000000001,1.734723475976807e-18,0.001,0.002,0.0011000000000000003,0.001,0.00030000000000000003,0.008,0.008,0.008000000000000002,0.008,1.734723475976807e-18,0.001,0.001,0.0010000000000000002,0.001,2.168404344971009e-19,32,32,4096,11008,32768,True,40,8
0.002,0.003,0.0020952380952380958,0.002,0.00029354352395090366,0.003,0.004,0.0032000000000000006,0.003,0.0004,0.008,0.009000000000000001,0.008050000000000002,0.008,0.0002179449471770339,0.002,0.002,0.0020000000000000005,0.002,4.336808689942018e-19,0.004,0.004,0.004000000000000001,0.004,8.673617379884035e-19,0.003,0.004,0.0032000000000000006,0.003,0.00039999999999999996,0.014,0.015,0.014050000000000002,0.014,0.00021794494717703353,0.001,0.002,0.00125,0.001,0.0004330127018922193,0.007,0.008,0.0079,0.008,0.00030000000000000003,0.001,0.001,0.0010000000000000002,0.001,2.168404344971009e-19,32,32,4096,11008,32768,True,32,8
0.002,0.003,0.002047619047619048,0.002,0.00021295885499998,0.003,0.004,0.0032000000000000006,0.003,0.0004,0.008,0.009000000000000001,0.008150000000000001,0.008,0.0003570714214271428,0.002,0.002,0.0020000000000000005,0.002,4.336808689942018e-19,0.004,0.004,0.004000000000000001,0.004,8.673617379884035e-19,0.003,0.003,0.0030000000000000005,0.003,4.336808689942018e-19,0.014,0.014,0.014000000000000002,0.014,1.734723475976807e-18,0.001,0.001,0.0010000000000000002,0.001,2.168404344971009e-19,0.007,0.008,0.007550000000000001,0.008,0.00049749371855331,0.001,0.001,0.0010000000000000002,0.001,2.168404344971009e-19,32,32,4096,11008,32768,True,24,8
0.007,0.011,0.01080952380952381,0.011,0.0008518354199999198,0.003,0.003,0.0030000000000000005,0.003,4.336808689942018e-19,0.008,0.008,0.008000000000000002,0.008,1.734723475976807e-18,0.002,0.002,0.0020000000000000005,0.002,4.336808689942018e-19,0.004,0.004,0.004000000000000001,0.004,8.673617379884035e-19,0.003,0.004,0.0031000000000000008,0.003,0.0003,0.014,0.014,0.014000000000000002,0.014,1.734723475976807e-18,0.001,0.001,0.0010000000000000002,0.001,2.168404344971009e-19,0.007,0.008,0.007950000000000002,0.008,0.00021794494717703366,0.001,0.001,0.0010000000000000002,0.001,2.168404344971009e-19,32,32,4096,11008,32768,True,16,8
0.004,0.006,0.005904761904761906,0.006,0.00042591770999995997,0.003,0.004,0.003350000000000001,0.003,0.00047696960070847287,0.008,0.008,0.008000000000000002,0.008,1.734723475976807e-18,0.002,0.002,0.0020000000000000005,0.002,4.336808689942018e-19,0.005,0.005,0.005000000000000001,0.005,8.673617379884035e-19,0.003,0.004,0.0032000000000000006,0.003,0.0004,0.013000000000000001,0.014,0.013750000000000004,0.014,0.00043301270189221897,0.001,0.001,0.0010000000000000002,0.001,2.168404344971009e-19,0.007,0.007,0.007000000000000001,0.007,8.673617379884035e-19,0.001,0.001,0.0010000000000000002,0.001,2.168404344971009e-19,32,32,4096,11008,32768,True,8,8
0.002,0.004,0.0037619047619047627,0.004,0.0005259695722470124,0.003,0.004,0.0032500000000000007,0.003,0.0004330127018922193,0.008,0.008,0.008000000000000002,0.008,1.734723475976807e-18,0.002,0.002,0.0020000000000000005,0.002,4.336808689942018e-19,0.005,0.005,0.005000000000000001,0.005,8.673617379884035e-19,0.003,0.004,0.0030500000000000006,0.003,0.0002179449471770337,0.013000000000000001,0.014,0.013250000000000003,0.013000000000000001,0.00043301270189221897,0.001,0.001,0.0010000000000000002,0.001,2.168404344971009e-19,0.007,0.008,0.007050000000000001,0.007,0.0002179449471770337,0.001,0.001,0.0010000000000000002,0.001,2.168404344971009e-19,32,32,4096,11008,32768,True,4,8
0.002,0.002,0.0020000000000000005,0.002,4.336808689942018e-19,0.003,0.004,0.0032000000000000006,0.003,0.00039999999999999996,0.008,0.008,0.008000000000000002,0.008,1.734723475976807e-18,0.002,0.002,0.0020000000000000005,0.002,4.336808689942018e-19,0.005,0.005,0.005000000000000001,0.005,8.673617379884035e-19,0.003,0.004,0.0030500000000000006,0.003,0.0002179449471770337,0.011,0.012,0.01105,0.011,0.0002179449471770339,0.001,0.001,0.0010000000000000002,0.001,2.168404344971009e-19,0.007,0.007,0.007000000000000001,0.007,8.673617379884035e-19,0.001,0.001,0.0010000000000000002,0.001,2.168404344971009e-19,32,32,4096,11008,32768,True,2,8
0.001,0.002,0.0010476190476190479,0.001,0.00021295885499997996,0.003,0.004,0.003400000000000001,0.003,0.0004898979485566357,0.007,0.007,0.007000000000000001,0.007,8.673617379884035e-19,0.001,0.002,0.0018000000000000002,0.002,0.0004,0.003,0.004,0.0039000000000000007,0.004,0.00030000000000000003,0.003,0.004,0.0032500000000000007,0.003,0.0004330127018922193,0.011,0.012,0.011350000000000002,0.011,0.0004769696007084732,0.001,0.001,0.0010000000000000002,0.001,2.168404344971009e-19,0.006,0.006,0.006000000000000001,0.006,8.673617379884035e-19,0.001,0.001,0.0010000000000000002,0.001,2.168404344971009e-19,32,32,4096,11008,32768,True,1,8
