n_embd,n_q_head,n_kv_head,block_size,num_tensor_parallel_workers,max_model_len,batch_size,prefill_chunk_size,kv_cache_size,is_prefill,attention_backend,time_stats.attn_kv_cache_save.min,time_stats.attn_kv_cache_save.max,time_stats.attn_kv_cache_save.mean,time_stats.attn_kv_cache_save.median,time_stats.attn_kv_cache_save.std,time_stats.attn_decode.min,time_stats.attn_decode.max,time_stats.attn_decode.mean,time_stats.attn_decode.median,time_stats.attn_decode.std,time_stats.attn_input_reshape.min,time_stats.attn_input_reshape.max,time_stats.attn_input_reshape.mean,time_stats.attn_input_reshape.median,time_stats.attn_input_reshape.std,time_stats.attn_output_reshape.min,time_stats.attn_output_reshape.max,time_stats.attn_output_reshape.mean,time_stats.attn_output_reshape.median,time_stats.attn_output_reshape.std,time_stats.attn_prefill.min,time_stats.attn_prefill.max,time_stats.attn_prefill.mean,time_stats.attn_prefill.median,time_stats.attn_prefill.std
4096,32,32,16,1,4096,1,0,32,False,vllm_0.5.1_flash_attn,0.002,0.002,0.002,0.002,0.0,0.004,0.004,0.004,0.004,0.0,0.0,0.0,0.0,0.0,0.0,0.0,0.0,0.0,0.0,0.0,,,,,
4096,32,32,16,1,4096,2,0,32,False,vllm_0.5.1_flash_attn,0.002,0.002,0.002,0.002,0.0,0.004,0.004,0.004,0.004,0.0,0.0,0.0,0.0,0.0,0.0,0.0,0.0,0.0,0.0,0.0,,,,,
4096,32,32,16,1,4096,3,0,32,False,vllm_0.5.1_flash_attn,0.002,0.002,0.002,0.002,0.0,0.005,0.005,0.005,0.005,0.0,0.0,0.0,0.0,0.0,0.0,0.0,0.0,0.0,0.0,0.0,,,,,
4096,32,32,16,1,4096,4,0,32,False,vllm_0.5.1_flash_attn,0.002,0.002,0.002,0.002,0.0,0.005,0.005,0.005,0.005,0.0,0.0,0.0,0.0,0.0,0.0,0.0,0.0,0.0,0.0,0.0,,,,,
4096,32,32,16,1,4096,5,0,32,False,vllm_0.5.1_flash_attn,0.002,0.002,0.002,0.002,0.0,0.006,0.006,0.006,0.006,0.0,0.0,0.0,0.0,0.0,0.0,0.0,0.0,0.0,0.0,0.0,,,,,
4096,32,32,16,1,4096,6,0,32,False,vllm_0.5.1_flash_attn,0.002,0.002,0.002,0.002,0.0,0.006,0.006,0.006,0.006,0.0,0.0,0.0,0.0,0.0,0.0,0.0,0.0,0.0,0.0,0.0,,,,,
4096,32,32,16,1,4096,7,0,32,False,vllm_0.5.1_flash_attn,0.002,0.002,0.002,0.002,0.0,0.006,0.006,0.006,0.006,0.0,0.0,0.0,0.0,0.0,0.0,0.0,0.0,0.0,0.0,0.0,,,,,
4096,32,32,16,1,4096,8,0,32,False,vllm_0.5.1_flash_attn,0.002,0.002,0.002,0.002,0.0,0.006,0.006,0.006,0.006,0.0,0.0,0.0,0.0,0.0,0.0,0.0,0.0,0.0,0.0,0.0,,,,,
4096,32,32,16,1,4096,1,0,64,False,vllm_0.5.1_flash_attn,0.002,0.002,0.002,0.002,0.0,0.004,0.004,0.004,0.004,0.0,0.0,0.0,0.0,0.0,0.0,0.0,0.0,0.0,0.0,0.0,,,,,
4096,32,32,16,1,4096,2,0,64,False,vllm_0.5.1_flash_attn,0.002,0.002,0.002,0.002,0.0,0.004,0.005,0.004200000000000001,0.004,0.0004,0.0,0.0,0.0,0.0,0.0,0.0,0.0,0.0,0.0,0.0,,,,,
4096,32,32,16,1,4096,3,0,64,False,vllm_0.5.1_flash_attn,0.002,0.002,0.002,0.002,0.0,0.005,0.005,0.005,0.005,0.0,0.0,0.0,0.0,0.0,0.0,0.0,0.0,0.0,0.0,0.0,,,,,
4096,32,32,16,1,4096,4,0,64,False,vllm_0.5.1_flash_attn,0.002,0.002,0.002,0.002,0.0,0.005,0.005,0.005,0.005,0.0,0.0,0.0,0.0,0.0,0.0,0.0,0.0,0.0,0.0,0.0,,,,,
4096,32,32,16,1,4096,5,0,64,False,vllm_0.5.1_flash_attn,0.002,0.002,0.002,0.002,0.0,0.006,0.006,0.006,0.006,0.0,0.0,0.0,0.0,0.0,0.0,0.0,0.0,0.0,0.0,0.0,,,,,
4096,32,32,16,1,4096,6,0,64,False,vllm_0.5.1_flash_attn,0.002,0.002,0.002,0.002,0.0,0.006,0.006,0.006,0.006,0.0,0.0,0.0,0.0,0.0,0.0,0.0,0.0,0.0,0.0,0.0,,,,,
4096,32,32,16,1,4096,7,0,64,False,vllm_0.5.1_flash_attn,0.002,0.002,0.002,0.002,0.0,0.007,0.007,0.007000000000000001,0.007,0.0,0.0,0.0,0.0,0.0,0.0,0.0,0.0,0.0,0.0,0.0,,,,,
4096,32,32,16,1,4096,8,0,64,False,vllm_0.5.1_flash_attn,0.002,0.002,0.002,0.002,0.0,0.007,0.007,0.007000000000000001,0.007,0.0,0.0,0.0,0.0,0.0,0.0,0.0,0.0,0.0,0.0,0.0,,,,,
4096,32,32,16,1,4096,1,0,96,False,vllm_0.5.1_flash_attn,0.002,0.002,0.002,0.002,0.0,0.004,0.005,0.0048000000000000004,0.005,0.0004,0.0,0.0,0.0,0.0,0.0,0.0,0.0,0.0,0.0,0.0,,,,,
4096,32,32,16,1,4096,2,0,96,False,vllm_0.5.1_flash_attn,0.002,0.002,0.002,0.002,0.0,0.005,0.005,0.005,0.005,0.0,0.0,0.0,0.0,0.0,0.0,0.0,0.0,0.0,0.0,0.0,,,,,
4096,32,32,16,1,4096,3,0,96,False,vllm_0.5.1_flash_attn,0.002,0.002,0.002,0.002,0.0,0.005,0.005,0.005,0.005,0.0,0.0,0.0,0.0,0.0,0.0,0.0,0.0,0.0,0.0,0.0,,,,,
4096,32,32,16,1,4096,4,0,96,False,vllm_0.5.1_flash_attn,0.002,0.002,0.002,0.002,0.0,0.005,0.005,0.005,0.005,0.0,0.0,0.0,0.0,0.0,0.0,0.0,0.0,0.0,0.0,0.0,,,,,
4096,32,32,16,1,4096,5,0,96,False,vllm_0.5.1_flash_attn,0.002,0.002,0.002,0.002,0.0,0.007,0.007,0.007000000000000001,0.007,0.0,0.0,0.0,0.0,0.0,0.0,0.0,0.0,0.0,0.0,0.0,,,,,
4096,32,32,16,1,4096,6,0,96,False,vllm_0.5.1_flash_attn,0.002,0.002,0.002,0.002,0.0,0.007,0.007,0.007000000000000001,0.007,0.0,0.0,0.0,0.0,0.0,0.0,0.0,0.0,0.0,0.0,0.0,,,,,
4096,32,32,16,1,4096,7,0,96,False,vllm_0.5.1_flash_attn,0.002,0.002,0.002,0.002,0.0,0.007,0.007,0.007000000000000001,0.007,0.0,0.0,0.0,0.0,0.0,0.0,0.0,0.0,0.0,0.0,0.0,,,,,
4096,32,32,16,1,4096,8,0,96,False,vllm_0.5.1_flash_attn,0.002,0.002,0.002,0.002,0.0,0.007,0.007,0.007000000000000001,0.007,0.0,0.0,0.0,0.0,0.0,0.0,0.0,0.0,0.0,0.0,0.0,,,,,
4096,32,32,16,1,4096,1,0,128,False,vllm_0.5.1_flash_attn,0.002,0.002,0.002,0.002,0.0,0.008,0.013000000000000001,0.009,0.008,0.0020000000000000005,0.0,0.0,0.0,0.0,0.0,0.0,0.0,0.0,0.0,0.0,,,,,
4096,32,32,16,1,4096,2,0,128,False,vllm_0.5.1_flash_attn,0.002,0.002,0.002,0.002,0.0,0.008,0.013000000000000001,0.0094,0.009000000000000001,0.001854723699099141,0.0,0.0,0.0,0.0,0.0,0.0,0.0,0.0,0.0,0.0,,,,,
4096,32,32,16,1,4096,3,0,128,False,vllm_0.5.1_flash_attn,0.002,0.002,0.002,0.002,0.0,0.01,0.012,0.0106,0.01,0.0007999999999999999,0.0,0.0,0.0,0.0,0.0,0.0,0.0,0.0,0.0,0.0,,,,,
4096,32,32,16,1,4096,4,0,128,False,vllm_0.5.1_flash_attn,0.002,0.002,0.002,0.002,0.0,0.01,0.012,0.0106,0.01,0.0007999999999999999,0.0,0.0,0.0,0.0,0.0,0.0,0.0,0.0,0.0,0.0,,,,,
4096,32,32,16,1,4096,5,0,128,False,vllm_0.5.1_flash_attn,0.002,0.002,0.002,0.002,0.0,0.01,0.01,0.01,0.01,0.0,0.0,0.0,0.0,0.0,0.0,0.0,0.0,0.0,0.0,0.0,,,,,
4096,32,32,16,1,4096,6,0,128,False,vllm_0.5.1_flash_attn,0.002,0.002,0.002,0.002,0.0,0.01,0.01,0.01,0.01,0.0,0.0,0.0,0.0,0.0,0.0,0.0,0.0,0.0,0.0,0.0,,,,,
4096,32,32,16,1,4096,7,0,128,False,vllm_0.5.1_flash_attn,0.002,0.002,0.002,0.002,0.0,0.01,0.01,0.01,0.01,0.0,0.0,0.0,0.0,0.0,0.0,0.0,0.0,0.0,0.0,0.0,,,,,
4096,32,32,16,1,4096,8,0,128,False,vllm_0.5.1_flash_attn,0.002,0.002,0.002,0.002,0.0,0.01,0.01,0.01,0.01,0.0,0.0,0.0,0.0,0.0,0.0,0.0,0.0,0.0,0.0,0.0,,,,,
4096,32,32,16,1,4096,1,0,160,False,vllm_0.5.1_flash_attn,0.002,0.002,0.002,0.002,0.0,0.008,0.012,0.009,0.008,0.0015491933384829666,0.0,0.0,0.0,0.0,0.0,0.0,0.0,0.0,0.0,0.0,,,,,
4096,32,32,16,1,4096,2,0,160,False,vllm_0.5.1_flash_attn,0.002,0.002,0.002,0.002,0.0,0.008,0.012,0.0092,0.009000000000000001,0.001469693845669907,0.0,0.0,0.0,0.0,0.0,0.0,0.0,0.0,0.0,0.0,,,,,
4096,32,32,16,1,4096,3,0,160,False,vllm_0.5.1_flash_attn,0.002,0.002,0.002,0.002,0.0,0.01,0.013000000000000001,0.011,0.011,0.0010954451150103327,0.0,0.0,0.0,0.0,0.0,0.0,0.0,0.0,0.0,0.0,,,,,
4096,32,32,16,1,4096,4,0,160,False,vllm_0.5.1_flash_attn,0.002,0.002,0.002,0.002,0.0,0.01,0.012,0.011,0.011,0.0006324555320336759,0.0,0.0,0.0,0.0,0.0,0.0,0.0,0.0,0.0,0.0,,,,,
4096,32,32,16,1,4096,5,0,160,False,vllm_0.5.1_flash_attn,0.002,0.002,0.002,0.002,0.0,0.01,0.01,0.01,0.01,0.0,0.0,0.0,0.0,0.0,0.0,0.0,0.0,0.0,0.0,0.0,,,,,
4096,32,32,16,1,4096,6,0,160,False,vllm_0.5.1_flash_attn,0.002,0.002,0.002,0.002,0.0,0.01,0.01,0.01,0.01,0.0,0.0,0.0,0.0,0.0,0.0,0.0,0.0,0.0,0.0,0.0,,,,,
4096,32,32,16,1,4096,7,0,160,False,vllm_0.5.1_flash_attn,0.002,0.002,0.002,0.002,0.0,0.01,0.01,0.01,0.01,0.0,0.0,0.0,0.0,0.0,0.0,0.0,0.0,0.0,0.0,0.0,,,,,
4096,32,32,16,1,4096,8,0,160,False,vllm_0.5.1_flash_attn,0.002,0.002,0.002,0.002,0.0,0.01,0.01,0.01,0.01,0.0,0.0,0.0,0.0,0.0,0.0,0.0,0.0,0.0,0.0,0.0,,,,,
4096,32,32,16,1,4096,1,0,192,False,vllm_0.5.1_flash_attn,0.002,0.002,0.002,0.002,0.0,0.008,0.012,0.009,0.008,0.0015491933384829666,0.0,0.0,0.0,0.0,0.0,0.0,0.0,0.0,0.0,0.0,,,,,
4096,32,32,16,1,4096,2,0,192,False,vllm_0.5.1_flash_attn,0.002,0.002,0.002,0.002,0.0,0.008,0.012,0.0092,0.009000000000000001,0.001469693845669907,0.0,0.0,0.0,0.0,0.0,0.0,0.0,0.0,0.0,0.0,,,,,
4096,32,32,16,1,4096,3,0,192,False,vllm_0.5.1_flash_attn,0.002,0.002,0.002,0.002,0.0,0.01,0.012,0.0108,0.011,0.0007483314773547883,0.0,0.0,0.0,0.0,0.0,0.0,0.0,0.0,0.0,0.0,,,,,
4096,32,32,16,1,4096,4,0,192,False,vllm_0.5.1_flash_attn,0.002,0.002,0.002,0.002,0.0,0.01,0.012,0.011,0.011,0.0006324555320336759,0.0,0.0,0.0,0.0,0.0,0.0,0.0,0.0,0.0,0.0,,,,,
4096,32,32,16,1,4096,5,0,192,False,vllm_0.5.1_flash_attn,0.002,0.002,0.002,0.002,0.0,0.01,0.01,0.01,0.01,0.0,0.0,0.0,0.0,0.0,0.0,0.0,0.0,0.0,0.0,0.0,,,,,
4096,32,32,16,1,4096,6,0,192,False,vllm_0.5.1_flash_attn,0.002,0.002,0.002,0.002,0.0,0.01,0.01,0.01,0.01,0.0,0.0,0.0,0.0,0.0,0.0,0.0,0.0,0.0,0.0,0.0,,,,,
4096,32,32,16,1,4096,7,0,192,False,vllm_0.5.1_flash_attn,0.002,0.002,0.002,0.002,0.0,0.01,0.01,0.01,0.01,0.0,0.0,0.0,0.0,0.0,0.0,0.0,0.0,0.0,0.0,0.0,,,,,
4096,32,32,16,1,4096,8,0,192,False,vllm_0.5.1_flash_attn,0.002,0.002,0.002,0.002,0.0,0.01,0.011,0.0106,0.011,0.0004898979485566352,0.0,0.0,0.0,0.0,0.0,0.0,0.0,0.0,0.0,0.0,,,,,
4096,32,32,16,1,4096,1,0,224,False,vllm_0.5.1_flash_attn,0.002,0.002,0.002,0.002,0.0,0.008,0.012,0.009,0.008,0.0015491933384829666,0.0,0.0,0.0,0.0,0.0,0.0,0.0,0.0,0.0,0.0,,,,,
4096,32,32,16,1,4096,2,0,224,False,vllm_0.5.1_flash_attn,0.002,0.002,0.002,0.002,0.0,0.008,0.011,0.008799999999999999,0.008,0.0011661903789690598,0.0,0.0,0.0,0.0,0.0,0.0,0.0,0.0,0.0,0.0,,,,,
4096,32,32,16,1,4096,3,0,224,False,vllm_0.5.1_flash_attn,0.002,0.002,0.002,0.002,0.0,0.01,0.012,0.0106,0.01,0.0007999999999999999,0.0,0.0,0.0,0.0,0.0,0.0,0.0,0.0,0.0,0.0,,,,,
4096,32,32,16,1,4096,4,0,224,False,vllm_0.5.1_flash_attn,0.002,0.002,0.002,0.002,0.0,0.011,0.012,0.011199999999999998,0.011,0.00040000000000000034,0.0,0.0,0.0,0.0,0.0,0.0,0.0,0.0,0.0,0.0,,,,,
4096,32,32,16,1,4096,5,0,224,False,vllm_0.5.1_flash_attn,0.002,0.002,0.002,0.002,0.0,0.01,0.01,0.01,0.01,0.0,0.0,0.0,0.0,0.0,0.0,0.0,0.0,0.0,0.0,0.0,,,,,
4096,32,32,16,1,4096,6,0,224,False,vllm_0.5.1_flash_attn,0.002,0.002,0.002,0.002,0.0,0.01,0.011,0.0104,0.01,0.0004898979485566352,0.0,0.0,0.0,0.0,0.0,0.0,0.0,0.0,0.0,0.0,,,,,
4096,32,32,16,1,4096,7,0,224,False,vllm_0.5.1_flash_attn,0.002,0.002,0.002,0.002,0.0,0.01,0.011,0.0108,0.011,0.0003999999999999997,0.0,0.0,0.0,0.0,0.0,0.0,0.0,0.0,0.0,0.0,,,,,
4096,32,32,16,1,4096,8,0,224,False,vllm_0.5.1_flash_attn,0.002,0.002,0.002,0.002,0.0,0.011,0.011,0.011,0.011,0.0,0.0,0.0,0.0,0.0,0.0,0.0,0.0,0.0,0.0,0.0,,,,,
4096,32,32,16,1,4096,1,0,256,False,vllm_0.5.1_flash_attn,0.002,0.002,0.002,0.002,0.0,0.008,0.013000000000000001,0.009,0.008,0.0020000000000000005,0.0,0.0,0.0,0.0,0.0,0.0,0.0,0.0,0.0,0.0,,,,,
4096,32,32,16,1,4096,2,0,256,False,vllm_0.5.1_flash_attn,0.002,0.002,0.002,0.002,0.0,0.01,0.013000000000000001,0.010600000000000002,0.01,0.0012000000000000003,0.0,0.0,0.0,0.0,0.0,0.0,0.0,0.0,0.0,0.0,,,,,
4096,32,32,16,1,4096,3,0,256,False,vllm_0.5.1_flash_attn,0.002,0.002,0.002,0.002,0.0,0.014,0.014,0.014000000000000002,0.014,0.0,0.0,0.0,0.0,0.0,0.0,0.0,0.0,0.0,0.0,0.0,,,,,
4096,32,32,16,1,4096,4,0,256,False,vllm_0.5.1_flash_attn,0.002,0.002,0.002,0.002,0.0,0.014,0.014,0.014000000000000002,0.014,0.0,0.0,0.0,0.0,0.0,0.0,0.0,0.0,0.0,0.0,0.0,,,,,
4096,32,32,16,1,4096,5,0,256,False,vllm_0.5.1_flash_attn,0.002,0.002,0.002,0.002,0.0,0.016,0.017,0.0162,0.016,0.00040000000000000034,0.0,0.0,0.0,0.0,0.0,0.0,0.0,0.0,0.0,0.0,,,,,
4096,32,32,16,1,4096,6,0,256,False,vllm_0.5.1_flash_attn,0.002,0.002,0.002,0.002,0.0,0.013000000000000001,0.013000000000000001,0.013000000000000001,0.013000000000000001,0.0,0.0,0.0,0.0,0.0,0.0,0.0,0.0,0.0,0.0,0.0,,,,,
4096,32,32,16,1,4096,7,0,256,False,vllm_0.5.1_flash_attn,0.002,0.002,0.002,0.002,0.0,0.013000000000000001,0.014,0.0132,0.013000000000000001,0.0003999999999999997,0.0,0.0,0.0,0.0,0.0,0.0,0.0,0.0,0.0,0.0,,,,,
4096,32,32,16,1,4096,8,0,256,False,vllm_0.5.1_flash_attn,0.002,0.002,0.002,0.002,0.0,0.013000000000000001,0.014,0.013800000000000002,0.014,0.0003999999999999997,0.0,0.0,0.0,0.0,0.0,0.0,0.0,0.0,0.0,0.0,,,,,
4096,32,32,16,1,4096,1,0,288,False,vllm_0.5.1_flash_attn,0.002,0.002,0.002,0.002,0.0,0.008,0.013000000000000001,0.01,0.009000000000000001,0.0020976176963403035,0.0,0.0,0.0,0.0,0.0,0.0,0.0,0.0,0.0,0.0,,,,,
4096,32,32,16,1,4096,2,0,288,False,vllm_0.5.1_flash_attn,0.002,0.002,0.002,0.002,0.0,0.01,0.012,0.0106,0.01,0.0007999999999999999,0.0,0.0,0.0,0.0,0.0,0.0,0.0,0.0,0.0,0.0,,,,,
4096,32,32,16,1,4096,3,0,288,False,vllm_0.5.1_flash_attn,0.002,0.002,0.002,0.002,0.0,0.013000000000000001,0.015,0.014000000000000002,0.014,0.0006324555320336753,0.0,0.0,0.0,0.0,0.0,0.0,0.0,0.0,0.0,0.0,,,,,
4096,32,32,16,1,4096,4,0,288,False,vllm_0.5.1_flash_attn,0.002,0.002,0.002,0.002,0.0,0.014,0.015,0.0144,0.014,0.0004898979485566352,0.0,0.0,0.0,0.0,0.0,0.0,0.0,0.0,0.0,0.0,,,,,
4096,32,32,16,1,4096,5,0,288,False,vllm_0.5.1_flash_attn,0.002,0.002,0.002,0.002,0.0,0.017,0.017,0.017,0.017,0.0,0.0,0.0,0.0,0.0,0.0,0.0,0.0,0.0,0.0,0.0,,,,,
4096,32,32,16,1,4096,6,0,288,False,vllm_0.5.1_flash_attn,0.002,0.002,0.002,0.002,0.0,0.013000000000000001,0.013000000000000001,0.013000000000000001,0.013000000000000001,0.0,0.0,0.0,0.0,0.0,0.0,0.0,0.0,0.0,0.0,0.0,,,,,
4096,32,32,16,1,4096,7,0,288,False,vllm_0.5.1_flash_attn,0.002,0.002,0.002,0.002,0.0,0.014,0.014,0.014000000000000002,0.014,0.0,0.0,0.0,0.0,0.0,0.0,0.0,0.0,0.0,0.0,0.0,,,,,
4096,32,32,16,1,4096,8,0,288,False,vllm_0.5.1_flash_attn,0.002,0.002,0.002,0.002,0.0,0.014,0.014,0.014000000000000002,0.014,0.0,0.0,0.0,0.0,0.0,0.0,0.0,0.0,0.0,0.0,0.0,,,,,
4096,32,32,16,1,4096,1,0,320,False,vllm_0.5.1_flash_attn,0.002,0.002,0.002,0.002,0.0,0.008,0.013000000000000001,0.0092,0.008,0.001939071942966532,0.0,0.0,0.0,0.0,0.0,0.0,0.0,0.0,0.0,0.0,,,,,
4096,32,32,16,1,4096,2,0,320,False,vllm_0.5.1_flash_attn,0.002,0.002,0.002,0.002,0.0,0.01,0.012,0.010400000000000001,0.01,0.0008,0.0,0.0,0.0,0.0,0.0,0.0,0.0,0.0,0.0,0.0,,,,,
4096,32,32,16,1,4096,3,0,320,False,vllm_0.5.1_flash_attn,0.002,0.002,0.002,0.002,0.0,0.014,0.014,0.014000000000000002,0.014,0.0,0.0,0.0,0.0,0.0,0.0,0.0,0.0,0.0,0.0,0.0,,,,,
4096,32,32,16,1,4096,4,0,320,False,vllm_0.5.1_flash_attn,0.002,0.002,0.002,0.002,0.0,0.014,0.015,0.0142,0.014,0.0003999999999999997,0.0,0.0,0.0,0.0,0.0,0.0,0.0,0.0,0.0,0.0,,,,,
4096,32,32,16,1,4096,5,0,320,False,vllm_0.5.1_flash_attn,0.002,0.002,0.002,0.002,0.0,0.017,0.017,0.017,0.017,0.0,0.0,0.0,0.0,0.0,0.0,0.0,0.0,0.0,0.0,0.0,,,,,
4096,32,32,16,1,4096,6,0,320,False,vllm_0.5.1_flash_attn,0.002,0.002,0.002,0.002,0.0,0.014,0.014,0.014000000000000002,0.014,0.0,0.0,0.0,0.0,0.0,0.0,0.0,0.0,0.0,0.0,0.0,,,,,
4096,32,32,16,1,4096,7,0,320,False,vllm_0.5.1_flash_attn,0.002,0.002,0.002,0.002,0.0,0.014,0.014,0.014000000000000002,0.014,0.0,0.0,0.0,0.0,0.0,0.0,0.0,0.0,0.0,0.0,0.0,,,,,
4096,32,32,16,1,4096,8,0,320,False,vllm_0.5.1_flash_attn,0.002,0.002,0.002,0.002,0.0,0.014,0.015,0.014799999999999999,0.015,0.0003999999999999997,0.0,0.0,0.0,0.0,0.0,0.0,0.0,0.0,0.0,0.0,,,,,
4096,32,32,16,1,4096,1,0,352,False,vllm_0.5.1_flash_attn,0.002,0.002,0.002,0.002,0.0,0.008,0.013000000000000001,0.009600000000000001,0.009000000000000001,0.0017435595774162695,0.0,0.0,0.0,0.0,0.0,0.0,0.0,0.0,0.0,0.0,,,,,
4096,32,32,16,1,4096,2,0,352,False,vllm_0.5.1_flash_attn,0.002,0.002,0.002,0.002,0.0,0.01,0.013000000000000001,0.0112,0.011,0.0009797958971132718,0.0,0.0,0.0,0.0,0.0,0.0,0.0,0.0,0.0,0.0,,,,,
4096,32,32,16,1,4096,3,0,352,False,vllm_0.5.1_flash_attn,0.002,0.002,0.002,0.002,0.0,0.014,0.014,0.014000000000000002,0.014,0.0,0.0,0.0,0.0,0.0,0.0,0.0,0.0,0.0,0.0,0.0,,,,,
4096,32,32,16,1,4096,4,0,352,False,vllm_0.5.1_flash_attn,0.002,0.002,0.002,0.002,0.0,0.014,0.015,0.014599999999999998,0.015,0.0004898979485566352,0.0,0.0,0.0,0.0,0.0,0.0,0.0,0.0,0.0,0.0,,,,,
4096,32,32,16,1,4096,5,0,352,False,vllm_0.5.1_flash_attn,0.002,0.002,0.002,0.002,0.0,0.017,0.017,0.017,0.017,0.0,0.0,0.0,0.0,0.0,0.0,0.0,0.0,0.0,0.0,0.0,,,,,
4096,32,32,16,1,4096,6,0,352,False,vllm_0.5.1_flash_attn,0.002,0.002,0.002,0.002,0.0,0.014,0.014,0.014000000000000002,0.014,0.0,0.0,0.0,0.0,0.0,0.0,0.0,0.0,0.0,0.0,0.0,,,,,
4096,32,32,16,1,4096,7,0,352,False,vllm_0.5.1_flash_attn,0.002,0.002,0.002,0.002,0.0,0.014,0.014,0.014000000000000002,0.014,0.0,0.0,0.0,0.0,0.0,0.0,0.0,0.0,0.0,0.0,0.0,,,,,
4096,32,32,16,1,4096,8,0,352,False,vllm_0.5.1_flash_attn,0.002,0.002,0.002,0.002,0.0,0.017,0.018000000000000002,0.0172,0.017,0.00040000000000000034,0.0,0.0,0.0,0.0,0.0,0.0,0.0,0.0,0.0,0.0,,,,,
4096,32,32,16,1,4096,1,0,384,False,vllm_0.5.1_flash_attn,0.002,0.002,0.002,0.002,0.0,0.008,0.012,0.009,0.008,0.0015491933384829666,0.0,0.0,0.0,0.0,0.0,0.0,0.0,0.0,0.0,0.0,,,,,
4096,32,32,16,1,4096,2,0,384,False,vllm_0.5.1_flash_attn,0.002,0.002,0.002,0.002,0.0,0.01,0.012,0.0108,0.011,0.0007483314773547883,0.0,0.0,0.0,0.0,0.0,0.0,0.0,0.0,0.0,0.0,,,,,
4096,32,32,16,1,4096,3,0,384,False,vllm_0.5.1_flash_attn,0.002,0.002,0.002,0.002,0.0,0.013000000000000001,0.014,0.013800000000000002,0.014,0.0003999999999999997,0.0,0.0,0.0,0.0,0.0,0.0,0.0,0.0,0.0,0.0,,,,,
4096,32,32,16,1,4096,4,0,384,False,vllm_0.5.1_flash_attn,0.002,0.002,0.002,0.002,0.0,0.014,0.015,0.014599999999999998,0.015,0.0004898979485566352,0.0,0.0,0.0,0.0,0.0,0.0,0.0,0.0,0.0,0.0,,,,,
4096,32,32,16,1,4096,5,0,384,False,vllm_0.5.1_flash_attn,0.002,0.002,0.002,0.002,0.0,0.021,0.022,0.0218,0.022,0.000399999999999999,0.0,0.0,0.0,0.0,0.0,0.0,0.0,0.0,0.0,0.0,,,,,
4096,32,32,16,1,4096,6,0,384,False,vllm_0.5.1_flash_attn,0.002,0.002,0.002,0.002,0.0,0.023,0.024,0.0236,0.024,0.000489897948556636,0.0,0.0,0.0,0.0,0.0,0.0,0.0,0.0,0.0,0.0,,,,,
4096,32,32,16,1,4096,7,0,384,False,vllm_0.5.1_flash_attn,0.002,0.002,0.002,0.002,0.0,0.018000000000000002,0.019,0.0184,0.018000000000000002,0.0004898979485566344,0.0,0.0,0.0,0.0,0.0,0.0,0.0,0.0,0.0,0.0,,,,,
4096,32,32,16,1,4096,8,0,384,False,vllm_0.5.1_flash_attn,0.002,0.002,0.002,0.002,0.0,0.023,0.024,0.0232,0.023,0.00040000000000000034,0.0,0.0,0.0,0.0,0.0,0.0,0.0,0.0,0.0,0.0,,,,,
4096,32,32,16,1,4096,1,0,416,False,vllm_0.5.1_flash_attn,0.002,0.002,0.002,0.002,0.0,0.008,0.012,0.0092,0.009000000000000001,0.001469693845669907,0.0,0.0,0.0,0.0,0.0,0.0,0.0,0.0,0.0,0.0,,,,,
4096,32,32,16,1,4096,2,0,416,False,vllm_0.5.1_flash_attn,0.002,0.002,0.002,0.002,0.0,0.011,0.013000000000000001,0.011399999999999999,0.011,0.0008000000000000007,0.0,0.0,0.0,0.0,0.0,0.0,0.0,0.0,0.0,0.0,,,,,
4096,32,32,16,1,4096,3,0,416,False,vllm_0.5.1_flash_attn,0.002,0.002,0.002,0.002,0.0,0.014,0.015,0.0144,0.014,0.0004898979485566352,0.0,0.0,0.0,0.0,0.0,0.0,0.0,0.0,0.0,0.0,,,,,
4096,32,32,16,1,4096,4,0,416,False,vllm_0.5.1_flash_attn,0.002,0.002,0.002,0.002,0.0,0.014,0.015,0.014599999999999998,0.015,0.0004898979485566352,0.0,0.0,0.0,0.0,0.0,0.0,0.0,0.0,0.0,0.0,,,,,
4096,32,32,16,1,4096,5,0,416,False,vllm_0.5.1_flash_attn,0.002,0.002,0.002,0.002,0.0,0.022,0.023,0.022199999999999998,0.022,0.00040000000000000034,0.0,0.0,0.0,0.0,0.0,0.0,0.0,0.0,0.0,0.0,,,,,
4096,32,32,16,1,4096,6,0,416,False,vllm_0.5.1_flash_attn,0.002,0.002,0.002,0.002,0.0,0.025,0.026000000000000002,0.0254,0.025,0.000489897948556636,0.0,0.0,0.0,0.0,0.0,0.0,0.0,0.0,0.0,0.0,,,,,
4096,32,32,16,1,4096,7,0,416,False,vllm_0.5.1_flash_attn,0.002,0.002,0.002,0.002,0.0,0.021,0.021,0.021,0.021,0.0,0.0,0.0,0.0,0.0,0.0,0.0,0.0,0.0,0.0,0.0,,,,,
4096,32,32,16,1,4096,8,0,416,False,vllm_0.5.1_flash_attn,0.002,0.002,0.002,0.002,0.0,0.023,0.024,0.0236,0.024,0.000489897948556636,0.0,0.0,0.0,0.0,0.0,0.0,0.0,0.0,0.0,0.0,,,,,
4096,32,32,16,1,4096,1,0,448,False,vllm_0.5.1_flash_attn,0.002,0.002,0.002,0.002,0.0,0.008,0.013000000000000001,0.009600000000000001,0.009000000000000001,0.0017435595774162695,0.0,0.0,0.0,0.0,0.0,0.0,0.0,0.0,0.0,0.0,,,,,
4096,32,32,16,1,4096,2,0,448,False,vllm_0.5.1_flash_attn,0.002,0.002,0.002,0.002,0.0,0.01,0.012,0.0106,0.01,0.0007999999999999999,0.0,0.0,0.0,0.0,0.0,0.0,0.0,0.0,0.0,0.0,,,,,
4096,32,32,16,1,4096,3,0,448,False,vllm_0.5.1_flash_attn,0.002,0.002,0.002,0.002,0.0,0.014,0.014,0.014000000000000002,0.014,0.0,0.0,0.0,0.0,0.0,0.0,0.0,0.0,0.0,0.0,0.0,,,,,
4096,32,32,16,1,4096,4,0,448,False,vllm_0.5.1_flash_attn,0.002,0.002,0.002,0.002,0.0,0.014,0.015,0.0144,0.014,0.0004898979485566352,0.0,0.0,0.0,0.0,0.0,0.0,0.0,0.0,0.0,0.0,,,,,
4096,32,32,16,1,4096,5,0,448,False,vllm_0.5.1_flash_attn,0.002,0.002,0.002,0.002,0.0,0.023,0.023,0.023,0.023,0.0,0.0,0.0,0.0,0.0,0.0,0.0,0.0,0.0,0.0,0.0,,,,,
4096,32,32,16,1,4096,6,0,448,False,vllm_0.5.1_flash_attn,0.002,0.002,0.002,0.002,0.0,0.026000000000000002,0.027,0.0262,0.026000000000000002,0.000399999999999999,0.0,0.0,0.0,0.0,0.0,0.0,0.0,0.0,0.0,0.0,,,,,
4096,32,32,16,1,4096,7,0,448,False,vllm_0.5.1_flash_attn,0.002,0.002,0.002,0.002,0.0,0.022,0.023,0.022199999999999998,0.022,0.00040000000000000034,0.0,0.0,0.0,0.0,0.0,0.0,0.0,0.0,0.0,0.0,,,,,
4096,32,32,16,1,4096,8,0,448,False,vllm_0.5.1_flash_attn,0.002,0.002,0.002,0.002,0.0,0.024,0.026000000000000002,0.024399999999999998,0.024,0.0008000000000000007,0.0,0.0,0.0,0.0,0.0,0.0,0.0,0.0,0.0,0.0,,,,,
4096,32,32,16,1,4096,1,0,480,False,vllm_0.5.1_flash_attn,0.002,0.002,0.002,0.002,0.0,0.008,0.012,0.0092,0.009000000000000001,0.001469693845669907,0.0,0.0,0.0,0.0,0.0,0.0,0.0,0.0,0.0,0.0,,,,,
4096,32,32,16,1,4096,2,0,480,False,vllm_0.5.1_flash_attn,0.002,0.002,0.002,0.002,0.0,0.01,0.012,0.011,0.011,0.0006324555320336759,0.0,0.0,0.0,0.0,0.0,0.0,0.0,0.0,0.0,0.0,,,,,
4096,32,32,16,1,4096,3,0,480,False,vllm_0.5.1_flash_attn,0.002,0.002,0.002,0.002,0.0,0.014,0.014,0.014000000000000002,0.014,0.0,0.0,0.0,0.0,0.0,0.0,0.0,0.0,0.0,0.0,0.0,,,,,
4096,32,32,16,1,4096,4,0,480,False,vllm_0.5.1_flash_attn,0.002,0.002,0.002,0.002,0.0,0.014,0.015,0.0144,0.014,0.0004898979485566352,0.0,0.0,0.0,0.0,0.0,0.0,0.0,0.0,0.0,0.0,,,,,
4096,32,32,16,1,4096,5,0,480,False,vllm_0.5.1_flash_attn,0.002,0.002,0.002,0.002,0.0,0.023,0.024,0.0236,0.024,0.000489897948556636,0.0,0.0,0.0,0.0,0.0,0.0,0.0,0.0,0.0,0.0,,,,,
4096,32,32,16,1,4096,6,0,480,False,vllm_0.5.1_flash_attn,0.002,0.002,0.002,0.002,0.0,0.028,0.029,0.028800000000000003,0.029,0.00040000000000000034,0.0,0.0,0.0,0.0,0.0,0.0,0.0,0.0,0.0,0.0,,,,,
4096,32,32,16,1,4096,7,0,480,False,vllm_0.5.1_flash_attn,0.002,0.002,0.002,0.002,0.0,0.022,0.023,0.022399999999999996,0.022,0.000489897948556636,0.0,0.0,0.0,0.0,0.0,0.0,0.0,0.0,0.0,0.0,,,,,
4096,32,32,16,1,4096,8,0,480,False,vllm_0.5.1_flash_attn,0.002,0.002,0.002,0.002,0.0,0.024,0.026000000000000002,0.025,0.025,0.0006324555320336764,0.0,0.0,0.0,0.0,0.0,0.0,0.0,0.0,0.0,0.0,,,,,
4096,32,32,16,1,4096,1,0,512,False,vllm_0.5.1_flash_attn,0.002,0.002,0.002,0.002,0.0,0.01,0.012,0.0106,0.01,0.0007999999999999999,0.0,0.0,0.0,0.0,0.0,0.0,0.0,0.0,0.0,0.0,,,,,
4096,32,32,16,1,4096,2,0,512,False,vllm_0.5.1_flash_attn,0.002,0.002,0.002,0.002,0.0,0.013000000000000001,0.014,0.013600000000000001,0.014,0.0004898979485566352,0.0,0.0,0.0,0.0,0.0,0.0,0.0,0.0,0.0,0.0,,,,,
4096,32,32,16,1,4096,3,0,512,False,vllm_0.5.1_flash_attn,0.002,0.002,0.002,0.002,0.0,0.016,0.018000000000000002,0.017,0.017,0.0006324555320336764,0.0,0.0,0.0,0.0,0.0,0.0,0.0,0.0,0.0,0.0,,,,,
4096,32,32,16,1,4096,4,0,512,False,vllm_0.5.1_flash_attn,0.002,0.002,0.002,0.002,0.0,0.017,0.018000000000000002,0.0176,0.018000000000000002,0.000489897948556636,0.0,0.0,0.0,0.0,0.0,0.0,0.0,0.0,0.0,0.0,,,,,
4096,32,32,16,1,4096,5,0,512,False,vllm_0.5.1_flash_attn,0.002,0.002,0.002,0.002,0.0,0.025,0.025,0.025,0.025,0.0,0.0,0.0,0.0,0.0,0.0,0.0,0.0,0.0,0.0,0.0,,,,,
4096,32,32,16,1,4096,6,0,512,False,vllm_0.5.1_flash_attn,0.002,0.002,0.002,0.002,0.0,0.032,0.033,0.0324,0.032,0.000489897948556636,0.0,0.0,0.0,0.0,0.0,0.0,0.0,0.0,0.0,0.0,,,,,
4096,32,32,16,1,4096,7,0,512,False,vllm_0.5.1_flash_attn,0.002,0.002,0.002,0.002,0.0,0.026000000000000002,0.026000000000000002,0.026000000000000002,0.026000000000000002,0.0,0.0,0.0,0.0,0.0,0.0,0.0,0.0,0.0,0.0,0.0,,,,,
4096,32,32,16,1,4096,8,0,512,False,vllm_0.5.1_flash_attn,0.002,0.002,0.002,0.002,0.0,0.028,0.03,0.028600000000000004,0.028,0.0007999999999999995,0.0,0.0,0.0,0.0,0.0,0.0,0.0,0.0,0.0,0.0,,,,,
4096,32,32,16,1,4096,1,0,544,False,vllm_0.5.1_flash_attn,0.002,0.002,0.002,0.002,0.0,0.01,0.012,0.0106,0.01,0.0007999999999999999,0.0,0.0,0.0,0.0,0.0,0.0,0.0,0.0,0.0,0.0,,,,,
4096,32,32,16,1,4096,2,0,544,False,vllm_0.5.1_flash_attn,0.002,0.002,0.002,0.002,0.0,0.014,0.014,0.014000000000000002,0.014,0.0,0.0,0.0,0.0,0.0,0.0,0.0,0.0,0.0,0.0,0.0,,,,,
4096,32,32,16,1,4096,3,0,544,False,vllm_0.5.1_flash_attn,0.002,0.002,0.002,0.002,0.0,0.017,0.019,0.0176,0.017,0.0007999999999999995,0.0,0.0,0.0,0.0,0.0,0.0,0.0,0.0,0.0,0.0,,,,,
4096,32,32,16,1,4096,4,0,544,False,vllm_0.5.1_flash_attn,0.002,0.002,0.002,0.002,0.0,0.017,0.018000000000000002,0.017800000000000003,0.018000000000000002,0.00040000000000000034,0.0,0.0,0.0,0.0,0.0,0.0,0.0,0.0,0.0,0.0,,,,,
4096,32,32,16,1,4096,5,0,544,False,vllm_0.5.1_flash_attn,0.002,0.002,0.002,0.002,0.0,0.025,0.027,0.0258,0.026000000000000002,0.0007483314773547878,0.0,0.0,0.0,0.0,0.0,0.0,0.0,0.0,0.0,0.0,,,,,
4096,32,32,16,1,4096,6,0,544,False,vllm_0.5.1_flash_attn,0.002,0.002,0.002,0.002,0.0,0.033,0.034,0.033800000000000004,0.034,0.00040000000000000034,0.0,0.0,0.0,0.0,0.0,0.0,0.0,0.0,0.0,0.0,,,,,
4096,32,32,16,1,4096,7,0,544,False,vllm_0.5.1_flash_attn,0.002,0.002,0.002,0.002,0.0,0.026000000000000002,0.027,0.026600000000000002,0.027,0.0004898979485566344,0.0,0.0,0.0,0.0,0.0,0.0,0.0,0.0,0.0,0.0,,,,,
4096,32,32,16,1,4096,8,0,544,False,vllm_0.5.1_flash_attn,0.002,0.002,0.002,0.002,0.0,0.029,0.029,0.029000000000000005,0.029,0.0,0.0,0.0,0.0,0.0,0.0,0.0,0.0,0.0,0.0,0.0,,,,,
4096,32,32,16,1,4096,1,0,576,False,vllm_0.5.1_flash_attn,0.002,0.002,0.002,0.002,0.0,0.01,0.013000000000000001,0.010600000000000002,0.01,0.0012000000000000003,0.0,0.0,0.0,0.0,0.0,0.0,0.0,0.0,0.0,0.0,,,,,
4096,32,32,16,1,4096,2,0,576,False,vllm_0.5.1_flash_attn,0.002,0.002,0.002,0.002,0.0,0.014,0.015,0.0142,0.014,0.0003999999999999997,0.0,0.0,0.0,0.0,0.0,0.0,0.0,0.0,0.0,0.0,,,,,
4096,32,32,16,1,4096,3,0,576,False,vllm_0.5.1_flash_attn,0.002,0.002,0.002,0.002,0.0,0.017,0.018000000000000002,0.0172,0.017,0.00040000000000000034,0.0,0.0,0.0,0.0,0.0,0.0,0.0,0.0,0.0,0.0,,,,,
4096,32,32,16,1,4096,4,0,576,False,vllm_0.5.1_flash_attn,0.002,0.002,0.002,0.002,0.0,0.017,0.018000000000000002,0.017800000000000003,0.018000000000000002,0.00040000000000000034,0.0,0.0,0.0,0.0,0.0,0.0,0.0,0.0,0.0,0.0,,,,,
4096,32,32,16,1,4096,5,0,576,False,vllm_0.5.1_flash_attn,0.002,0.002,0.002,0.002,0.0,0.026000000000000002,0.027,0.0264,0.026000000000000002,0.0004898979485566344,0.0,0.0,0.0,0.0,0.0,0.0,0.0,0.0,0.0,0.0,,,,,
4096,32,32,16,1,4096,6,0,576,False,vllm_0.5.1_flash_attn,0.002,0.002,0.002,0.002,0.0,0.034,0.036000000000000004,0.034800000000000005,0.035,0.0007483314773547889,0.0,0.0,0.0,0.0,0.0,0.0,0.0,0.0,0.0,0.0,,,,,
4096,32,32,16,1,4096,7,0,576,False,vllm_0.5.1_flash_attn,0.002,0.002,0.002,0.002,0.0,0.027,0.027,0.027000000000000003,0.027,0.0,0.0,0.0,0.0,0.0,0.0,0.0,0.0,0.0,0.0,0.0,,,,,
4096,32,32,16,1,4096,8,0,576,False,vllm_0.5.1_flash_attn,0.002,0.002,0.002,0.002,0.0,0.029,0.03,0.029599999999999998,0.03,0.0004898979485566344,0.0,0.0,0.0,0.0,0.0,0.0,0.0,0.0,0.0,0.0,,,,,
4096,32,32,16,1,4096,1,0,608,False,vllm_0.5.1_flash_attn,0.002,0.002,0.002,0.002,0.0,0.01,0.012,0.010400000000000001,0.01,0.0008,0.0,0.0,0.0,0.0,0.0,0.0,0.0,0.0,0.0,0.0,,,,,
4096,32,32,16,1,4096,2,0,608,False,vllm_0.5.1_flash_attn,0.002,0.002,0.002,0.002,0.0,0.014,0.015,0.0142,0.014,0.0003999999999999997,0.0,0.0,0.0,0.0,0.0,0.0,0.0,0.0,0.0,0.0,,,,,
4096,32,32,16,1,4096,3,0,608,False,vllm_0.5.1_flash_attn,0.002,0.002,0.002,0.002,0.0,0.017,0.018000000000000002,0.0176,0.018000000000000002,0.000489897948556636,0.0,0.0,0.0,0.0,0.0,0.0,0.0,0.0,0.0,0.0,,,,,
4096,32,32,16,1,4096,4,0,608,False,vllm_0.5.1_flash_attn,0.002,0.002,0.002,0.002,0.0,0.018000000000000002,0.019,0.0184,0.018000000000000002,0.0004898979485566344,0.0,0.0,0.0,0.0,0.0,0.0,0.0,0.0,0.0,0.0,,,,,
4096,32,32,16,1,4096,5,0,608,False,vllm_0.5.1_flash_attn,0.002,0.002,0.002,0.002,0.0,0.027,0.028,0.027200000000000002,0.027,0.00040000000000000034,0.0,0.0,0.0,0.0,0.0,0.0,0.0,0.0,0.0,0.0,,,,,
4096,32,32,16,1,4096,6,0,608,False,vllm_0.5.1_flash_attn,0.002,0.002,0.002,0.002,0.0,0.034,0.035,0.0344,0.034,0.000489897948556636,0.0,0.0,0.0,0.0,0.0,0.0,0.0,0.0,0.0,0.0,,,,,
4096,32,32,16,1,4096,7,0,608,False,vllm_0.5.1_flash_attn,0.002,0.002,0.002,0.002,0.0,0.027,0.027,0.027000000000000003,0.027,0.0,0.0,0.0,0.0,0.0,0.0,0.0,0.0,0.0,0.0,0.0,,,,,
4096,32,32,16,1,4096,8,0,608,False,vllm_0.5.1_flash_attn,0.002,0.002,0.002,0.002,0.0,0.03,0.031,0.030199999999999998,0.03,0.00040000000000000034,0.0,0.0,0.0,0.0,0.0,0.0,0.0,0.0,0.0,0.0,,,,,
4096,32,32,16,1,4096,1,0,640,False,vllm_0.5.1_flash_attn,0.002,0.002,0.002,0.002,0.0,0.011,0.014,0.012,0.012,0.0010954451150103327,0.0,0.0,0.0,0.0,0.0,0.0,0.0,0.0,0.0,0.0,,,,,
4096,32,32,16,1,4096,2,0,640,False,vllm_0.5.1_flash_attn,0.002,0.002,0.002,0.002,0.0,0.014,0.015,0.0142,0.014,0.0003999999999999997,0.0,0.0,0.0,0.0,0.0,0.0,0.0,0.0,0.0,0.0,,,,,
4096,32,32,16,1,4096,3,0,640,False,vllm_0.5.1_flash_attn,0.002,0.002,0.002,0.002,0.0,0.017,0.018000000000000002,0.017400000000000002,0.017,0.000489897948556636,0.0,0.0,0.0,0.0,0.0,0.0,0.0,0.0,0.0,0.0,,,,,
4096,32,32,16,1,4096,4,0,640,False,vllm_0.5.1_flash_attn,0.002,0.002,0.002,0.002,0.0,0.018000000000000002,0.019,0.0182,0.018000000000000002,0.000399999999999999,0.0,0.0,0.0,0.0,0.0,0.0,0.0,0.0,0.0,0.0,,,,,
4096,32,32,16,1,4096,5,0,640,False,vllm_0.5.1_flash_attn,0.002,0.002,0.002,0.002,0.0,0.027,0.029,0.028000000000000004,0.028,0.0006324555320336764,0.0,0.0,0.0,0.0,0.0,0.0,0.0,0.0,0.0,0.0,,,,,
4096,32,32,16,1,4096,6,0,640,False,vllm_0.5.1_flash_attn,0.002,0.002,0.002,0.002,0.0,0.036000000000000004,0.038,0.037,0.037,0.0006324555320336743,0.0,0.0,0.0,0.0,0.0,0.0,0.0,0.0,0.0,0.0,,,,,
4096,32,32,16,1,4096,7,0,640,False,vllm_0.5.1_flash_attn,0.002,0.002,0.002,0.002,0.0,0.031,0.032,0.0314,0.031,0.000489897948556636,0.0,0.0,0.0,0.0,0.0,0.0,0.0,0.0,0.0,0.0,,,,,
4096,32,32,16,1,4096,8,0,640,False,vllm_0.5.1_flash_attn,0.002,0.002,0.002,0.002,0.0,0.034,0.035,0.0342,0.034,0.00040000000000000034,0.0,0.0,0.0,0.0,0.0,0.0,0.0,0.0,0.0,0.0,,,,,
4096,32,32,16,1,4096,1,0,672,False,vllm_0.5.1_flash_attn,0.002,0.002,0.002,0.002,0.0,0.012,0.013000000000000001,0.012199999999999999,0.012,0.00040000000000000034,0.0,0.0,0.0,0.0,0.0,0.0,0.0,0.0,0.0,0.0,,,,,
4096,32,32,16,1,4096,2,0,672,False,vllm_0.5.1_flash_attn,0.002,0.002,0.002,0.002,0.0,0.014,0.015,0.0142,0.014,0.0003999999999999997,0.0,0.0,0.0,0.0,0.0,0.0,0.0,0.0,0.0,0.0,,,,,
4096,32,32,16,1,4096,3,0,672,False,vllm_0.5.1_flash_attn,0.002,0.002,0.002,0.002,0.0,0.017,0.018000000000000002,0.017800000000000003,0.018000000000000002,0.00040000000000000034,0.0,0.0,0.0,0.0,0.0,0.0,0.0,0.0,0.0,0.0,,,,,
4096,32,32,16,1,4096,4,0,672,False,vllm_0.5.1_flash_attn,0.002,0.002,0.002,0.002,0.0,0.019,0.02,0.019200000000000002,0.019,0.00040000000000000034,0.0,0.0,0.0,0.0,0.0,0.0,0.0,0.0,0.0,0.0,,,,,
4096,32,32,16,1,4096,5,0,672,False,vllm_0.5.1_flash_attn,0.002,0.002,0.002,0.002,0.0,0.029,0.029,0.029000000000000005,0.029,0.0,0.0,0.0,0.0,0.0,0.0,0.0,0.0,0.0,0.0,0.0,,,,,
4096,32,32,16,1,4096,6,0,672,False,vllm_0.5.1_flash_attn,0.002,0.002,0.002,0.002,0.0,0.037,0.039,0.038400000000000004,0.039,0.0008000000000000007,0.0,0.0,0.0,0.0,0.0,0.0,0.0,0.0,0.0,0.0,,,,,
4096,32,32,16,1,4096,7,0,672,False,vllm_0.5.1_flash_attn,0.002,0.002,0.002,0.002,0.0,0.031,0.032,0.0312,0.031,0.00040000000000000034,0.0,0.0,0.0,0.0,0.0,0.0,0.0,0.0,0.0,0.0,,,,,
4096,32,32,16,1,4096,8,0,672,False,vllm_0.5.1_flash_attn,0.002,0.002,0.002,0.002,0.0,0.034,0.035,0.0342,0.034,0.00040000000000000034,0.0,0.0,0.0,0.0,0.0,0.0,0.0,0.0,0.0,0.0,,,,,
4096,32,32,16,1,4096,1,0,704,False,vllm_0.5.1_flash_attn,0.002,0.002,0.002,0.002,0.0,0.011,0.014,0.012,0.012,0.0010954451150103327,0.0,0.0,0.0,0.0,0.0,0.0,0.0,0.0,0.0,0.0,,,,,
4096,32,32,16,1,4096,2,0,704,False,vllm_0.5.1_flash_attn,0.002,0.002,0.002,0.002,0.0,0.014,0.015,0.0144,0.014,0.0004898979485566352,0.0,0.0,0.0,0.0,0.0,0.0,0.0,0.0,0.0,0.0,,,,,
4096,32,32,16,1,4096,3,0,704,False,vllm_0.5.1_flash_attn,0.002,0.002,0.002,0.002,0.0,0.017,0.018000000000000002,0.0176,0.018000000000000002,0.000489897948556636,0.0,0.0,0.0,0.0,0.0,0.0,0.0,0.0,0.0,0.0,,,,,
4096,32,32,16,1,4096,4,0,704,False,vllm_0.5.1_flash_attn,0.002,0.002,0.002,0.002,0.0,0.02,0.022,0.020800000000000003,0.021,0.0007483314773547878,0.0,0.0,0.0,0.0,0.0,0.0,0.0,0.0,0.0,0.0,,,,,
4096,32,32,16,1,4096,5,0,704,False,vllm_0.5.1_flash_attn,0.002,0.002,0.002,0.002,0.0,0.029,0.031,0.03,0.03,0.0006324555320336753,0.0,0.0,0.0,0.0,0.0,0.0,0.0,0.0,0.0,0.0,,,,,
4096,32,32,16,1,4096,6,0,704,False,vllm_0.5.1_flash_attn,0.002,0.002,0.002,0.002,0.0,0.039,0.04,0.0392,0.039,0.00040000000000000034,0.0,0.0,0.0,0.0,0.0,0.0,0.0,0.0,0.0,0.0,,,,,
4096,32,32,16,1,4096,7,0,704,False,vllm_0.5.1_flash_attn,0.002,0.002,0.002,0.002,0.0,0.031,0.032,0.0318,0.032,0.00040000000000000034,0.0,0.0,0.0,0.0,0.0,0.0,0.0,0.0,0.0,0.0,,,,,
4096,32,32,16,1,4096,8,0,704,False,vllm_0.5.1_flash_attn,0.002,0.002,0.002,0.002,0.0,0.034,0.035,0.034600000000000006,0.035,0.000489897948556636,0.0,0.0,0.0,0.0,0.0,0.0,0.0,0.0,0.0,0.0,,,,,
4096,32,32,16,1,4096,1,0,736,False,vllm_0.5.1_flash_attn,0.002,0.002,0.002,0.002,0.0,0.011,0.013000000000000001,0.012,0.012,0.0006324555320336764,0.0,0.0,0.0,0.0,0.0,0.0,0.0,0.0,0.0,0.0,,,,,
4096,32,32,16,1,4096,2,0,736,False,vllm_0.5.1_flash_attn,0.002,0.002,0.002,0.002,0.0,0.014,0.015,0.014599999999999998,0.015,0.0004898979485566352,0.0,0.0,0.0,0.0,0.0,0.0,0.0,0.0,0.0,0.0,,,,,
4096,32,32,16,1,4096,3,0,736,False,vllm_0.5.1_flash_attn,0.002,0.002,0.002,0.002,0.0,0.017,0.018000000000000002,0.017800000000000003,0.018000000000000002,0.00040000000000000034,0.0,0.0,0.0,0.0,0.0,0.0,0.0,0.0,0.0,0.0,,,,,
4096,32,32,16,1,4096,4,0,736,False,vllm_0.5.1_flash_attn,0.002,0.002,0.002,0.002,0.0,0.022,0.023,0.022199999999999998,0.022,0.00040000000000000034,0.0,0.0,0.0,0.0,0.0,0.0,0.0,0.0,0.0,0.0,,,,,
4096,32,32,16,1,4096,5,0,736,False,vllm_0.5.1_flash_attn,0.002,0.002,0.002,0.002,0.0,0.029,0.031,0.030199999999999998,0.03,0.0007483314773547878,0.0,0.0,0.0,0.0,0.0,0.0,0.0,0.0,0.0,0.0,,,,,
4096,32,32,16,1,4096,6,0,736,False,vllm_0.5.1_flash_attn,0.002,0.002,0.002,0.002,0.0,0.039,0.041,0.04,0.04,0.0006324555320336764,0.0,0.0,0.0,0.0,0.0,0.0,0.0,0.0,0.0,0.0,,,,,
4096,32,32,16,1,4096,7,0,736,False,vllm_0.5.1_flash_attn,0.002,0.002,0.002,0.002,0.0,0.032,0.033,0.0322,0.032,0.00040000000000000034,0.0,0.0,0.0,0.0,0.0,0.0,0.0,0.0,0.0,0.0,,,,,
4096,32,32,16,1,4096,8,0,736,False,vllm_0.5.1_flash_attn,0.002,0.002,0.002,0.002,0.0,0.035,0.036000000000000004,0.03560000000000001,0.036000000000000004,0.000489897948556636,0.0,0.0,0.0,0.0,0.0,0.0,0.0,0.0,0.0,0.0,,,,,
4096,32,32,16,1,4096,1,0,768,False,vllm_0.5.1_flash_attn,0.002,0.002,0.002,0.002,0.0,0.011,0.014,0.012199999999999999,0.012,0.0009797958971132716,0.0,0.0,0.0,0.0,0.0,0.0,0.0,0.0,0.0,0.0,,,,,
4096,32,32,16,1,4096,2,0,768,False,vllm_0.5.1_flash_attn,0.002,0.002,0.002,0.002,0.0,0.014,0.015,0.0144,0.014,0.0004898979485566352,0.0,0.0,0.0,0.0,0.0,0.0,0.0,0.0,0.0,0.0,,,,,
4096,32,32,16,1,4096,3,0,768,False,vllm_0.5.1_flash_attn,0.002,0.002,0.002,0.002,0.0,0.02,0.021,0.020800000000000003,0.021,0.00040000000000000034,0.0,0.0,0.0,0.0,0.0,0.0,0.0,0.0,0.0,0.0,,,,,
4096,32,32,16,1,4096,4,0,768,False,vllm_0.5.1_flash_attn,0.002,0.002,0.002,0.002,0.0,0.025,0.026000000000000002,0.0254,0.025,0.000489897948556636,0.0,0.0,0.0,0.0,0.0,0.0,0.0,0.0,0.0,0.0,,,,,
4096,32,32,16,1,4096,5,0,768,False,vllm_0.5.1_flash_attn,0.002,0.002,0.002,0.002,0.0,0.033,0.035,0.034,0.034,0.0006324555320336764,0.0,0.0,0.0,0.0,0.0,0.0,0.0,0.0,0.0,0.0,,,,,
4096,32,32,16,1,4096,6,0,768,False,vllm_0.5.1_flash_attn,0.002,0.002,0.002,0.002,0.0,0.039,0.04,0.0392,0.039,0.00040000000000000034,0.0,0.0,0.0,0.0,0.0,0.0,0.0,0.0,0.0,0.0,,,,,
4096,32,32,16,1,4096,7,0,768,False,vllm_0.5.1_flash_attn,0.002,0.002,0.002,0.002,0.0,0.035,0.035,0.035,0.035,0.0,0.0,0.0,0.0,0.0,0.0,0.0,0.0,0.0,0.0,0.0,,,,,
4096,32,32,16,1,4096,8,0,768,False,vllm_0.5.1_flash_attn,0.002,0.002,0.002,0.002,0.0,0.038,0.04,0.0392,0.039,0.0007483314773547889,0.0,0.0,0.0,0.0,0.0,0.0,0.0,0.0,0.0,0.0,,,,,
4096,32,32,16,1,4096,1,0,800,False,vllm_0.5.1_flash_attn,0.002,0.002,0.002,0.002,0.0,0.011,0.014,0.012199999999999999,0.012,0.0009797958971132716,0.0,0.0,0.0,0.0,0.0,0.0,0.0,0.0,0.0,0.0,,,,,
4096,32,32,16,1,4096,2,0,800,False,vllm_0.5.1_flash_attn,0.002,0.002,0.002,0.002,0.0,0.014,0.015,0.0144,0.014,0.0004898979485566352,0.0,0.0,0.0,0.0,0.0,0.0,0.0,0.0,0.0,0.0,,,,,
4096,32,32,16,1,4096,3,0,800,False,vllm_0.5.1_flash_attn,0.002,0.002,0.002,0.002,0.0,0.021,0.021,0.021,0.021,0.0,0.0,0.0,0.0,0.0,0.0,0.0,0.0,0.0,0.0,0.0,,,,,
4096,32,32,16,1,4096,4,0,800,False,vllm_0.5.1_flash_attn,0.002,0.002,0.002,0.002,0.0,0.026000000000000002,0.027,0.026600000000000002,0.027,0.0004898979485566344,0.0,0.0,0.0,0.0,0.0,0.0,0.0,0.0,0.0,0.0,,,,,
4096,32,32,16,1,4096,5,0,800,False,vllm_0.5.1_flash_attn,0.002,0.002,0.002,0.002,0.0,0.034,0.036000000000000004,0.034800000000000005,0.035,0.0007483314773547889,0.0,0.0,0.0,0.0,0.0,0.0,0.0,0.0,0.0,0.0,,,,,
4096,32,32,16,1,4096,6,0,800,False,vllm_0.5.1_flash_attn,0.002,0.002,0.002,0.002,0.0,0.039,0.04,0.039400000000000004,0.039,0.000489897948556636,0.0,0.0,0.0,0.0,0.0,0.0,0.0,0.0,0.0,0.0,,,,,
4096,32,32,16,1,4096,7,0,800,False,vllm_0.5.1_flash_attn,0.002,0.002,0.002,0.002,0.0,0.036000000000000004,0.036000000000000004,0.036000000000000004,0.036000000000000004,0.0,0.0,0.0,0.0,0.0,0.0,0.0,0.0,0.0,0.0,0.0,,,,,
4096,32,32,16,1,4096,8,0,800,False,vllm_0.5.1_flash_attn,0.002,0.002,0.002,0.002,0.0,0.039,0.041,0.0402,0.04,0.0007483314773547889,0.0,0.0,0.0,0.0,0.0,0.0,0.0,0.0,0.0,0.0,,,,,
4096,32,32,16,1,4096,1,0,832,False,vllm_0.5.1_flash_attn,0.002,0.002,0.002,0.002,0.0,0.011,0.014,0.012,0.012,0.0010954451150103327,0.0,0.0,0.0,0.0,0.0,0.0,0.0,0.0,0.0,0.0,,,,,
4096,32,32,16,1,4096,2,0,832,False,vllm_0.5.1_flash_attn,0.002,0.002,0.002,0.002,0.0,0.014,0.015,0.014799999999999999,0.015,0.0003999999999999997,0.0,0.0,0.0,0.0,0.0,0.0,0.0,0.0,0.0,0.0,,,,,
4096,32,32,16,1,4096,3,0,832,False,vllm_0.5.1_flash_attn,0.002,0.002,0.002,0.002,0.0,0.022,0.022,0.022,0.022,0.0,0.0,0.0,0.0,0.0,0.0,0.0,0.0,0.0,0.0,0.0,,,,,
4096,32,32,16,1,4096,4,0,832,False,vllm_0.5.1_flash_attn,0.002,0.002,0.002,0.002,0.0,0.026000000000000002,0.028,0.027000000000000003,0.027,0.0006324555320336753,0.0,0.0,0.0,0.0,0.0,0.0,0.0,0.0,0.0,0.0,,,,,
4096,32,32,16,1,4096,5,0,832,False,vllm_0.5.1_flash_attn,0.002,0.002,0.002,0.002,0.0,0.035,0.036000000000000004,0.0354,0.035,0.000489897948556636,0.0,0.0,0.0,0.0,0.0,0.0,0.0,0.0,0.0,0.0,,,,,
4096,32,32,16,1,4096,6,0,832,False,vllm_0.5.1_flash_attn,0.002,0.002,0.002,0.002,0.0,0.039,0.041,0.0402,0.04,0.0007483314773547889,0.0,0.0,0.0,0.0,0.0,0.0,0.0,0.0,0.0,0.0,,,,,
4096,32,32,16,1,4096,7,0,832,False,vllm_0.5.1_flash_attn,0.002,0.002,0.002,0.002,0.0,0.036000000000000004,0.037,0.0362,0.036000000000000004,0.0003999999999999976,0.0,0.0,0.0,0.0,0.0,0.0,0.0,0.0,0.0,0.0,,,,,
4096,32,32,16,1,4096,8,0,832,False,vllm_0.5.1_flash_attn,0.002,0.002,0.002,0.002,0.0,0.039,0.041,0.0402,0.04,0.0007483314773547889,0.0,0.0,0.0,0.0,0.0,0.0,0.0,0.0,0.0,0.0,,,,,
4096,32,32,16,1,4096,1,0,864,False,vllm_0.5.1_flash_attn,0.002,0.002,0.002,0.002,0.0,0.011,0.014,0.012199999999999999,0.012,0.0009797958971132716,0.0,0.0,0.0,0.0,0.0,0.0,0.0,0.0,0.0,0.0,,,,,
4096,32,32,16,1,4096,2,0,864,False,vllm_0.5.1_flash_attn,0.002,0.002,0.002,0.002,0.0,0.014,0.015,0.014799999999999999,0.015,0.0003999999999999997,0.0,0.0,0.0,0.0,0.0,0.0,0.0,0.0,0.0,0.0,,,,,
4096,32,32,16,1,4096,3,0,864,False,vllm_0.5.1_flash_attn,0.002,0.002,0.002,0.002,0.0,0.022,0.022,0.022,0.022,0.0,0.0,0.0,0.0,0.0,0.0,0.0,0.0,0.0,0.0,0.0,,,,,
4096,32,32,16,1,4096,4,0,864,False,vllm_0.5.1_flash_attn,0.002,0.002,0.002,0.002,0.0,0.027,0.028,0.027600000000000003,0.028,0.000489897948556636,0.0,0.0,0.0,0.0,0.0,0.0,0.0,0.0,0.0,0.0,,,,,
4096,32,32,16,1,4096,5,0,864,False,vllm_0.5.1_flash_attn,0.002,0.002,0.002,0.002,0.0,0.036000000000000004,0.037,0.0362,0.036000000000000004,0.0003999999999999976,0.0,0.0,0.0,0.0,0.0,0.0,0.0,0.0,0.0,0.0,,,,,
4096,32,32,16,1,4096,6,0,864,False,vllm_0.5.1_flash_attn,0.002,0.002,0.002,0.002,0.0,0.04,0.042,0.041,0.041,0.0006324555320336764,0.0,0.0,0.0,0.0,0.0,0.0,0.0,0.0,0.0,0.0,,,,,
4096,32,32,16,1,4096,7,0,864,False,vllm_0.5.1_flash_attn,0.002,0.002,0.002,0.002,0.0,0.036000000000000004,0.037,0.0366,0.037,0.0004898979485566326,0.0,0.0,0.0,0.0,0.0,0.0,0.0,0.0,0.0,0.0,,,,,
4096,32,32,16,1,4096,8,0,864,False,vllm_0.5.1_flash_attn,0.002,0.002,0.002,0.002,0.0,0.04,0.042,0.0408,0.041,0.0007483314773547889,0.0,0.0,0.0,0.0,0.0,0.0,0.0,0.0,0.0,0.0,,,,,
4096,32,32,16,1,4096,1,0,896,False,vllm_0.5.1_flash_attn,0.002,0.002,0.002,0.002,0.0,0.011,0.013000000000000001,0.0118,0.012,0.0007483314773547889,0.0,0.0,0.0,0.0,0.0,0.0,0.0,0.0,0.0,0.0,,,,,
4096,32,32,16,1,4096,2,0,896,False,vllm_0.5.1_flash_attn,0.002,0.002,0.002,0.002,0.0,0.014,0.015,0.0144,0.014,0.0004898979485566352,0.0,0.0,0.0,0.0,0.0,0.0,0.0,0.0,0.0,0.0,,,,,
4096,32,32,16,1,4096,3,0,896,False,vllm_0.5.1_flash_attn,0.002,0.002,0.002,0.002,0.0,0.026000000000000002,0.027,0.0268,0.027,0.000399999999999999,0.0,0.0,0.0,0.0,0.0,0.0,0.0,0.0,0.0,0.0,,,,,
4096,32,32,16,1,4096,4,0,896,False,vllm_0.5.1_flash_attn,0.002,0.002,0.002,0.002,0.0,0.028,0.029,0.028200000000000003,0.028,0.00040000000000000034,0.0,0.0,0.0,0.0,0.0,0.0,0.0,0.0,0.0,0.0,,,,,
4096,32,32,16,1,4096,5,0,896,False,vllm_0.5.1_flash_attn,0.002,0.002,0.002,0.002,0.0,0.036000000000000004,0.037,0.0362,0.036000000000000004,0.0003999999999999976,0.0,0.0,0.0,0.0,0.0,0.0,0.0,0.0,0.0,0.0,,,,,
4096,32,32,16,1,4096,6,0,896,False,vllm_0.5.1_flash_attn,0.002,0.002,0.002,0.002,0.0,0.042,0.044,0.042800000000000005,0.043000000000000003,0.0007483314773547867,0.0,0.0,0.0,0.0,0.0,0.0,0.0,0.0,0.0,0.0,,,,,
4096,32,32,16,1,4096,7,0,896,False,vllm_0.5.1_flash_attn,0.002,0.002,0.002,0.002,0.0,0.04,0.041,0.0402,0.04,0.00040000000000000034,0.0,0.0,0.0,0.0,0.0,0.0,0.0,0.0,0.0,0.0,,,,,
4096,32,32,16,1,4096,8,0,896,False,vllm_0.5.1_flash_attn,0.002,0.002,0.002,0.002,0.0,0.044,0.045,0.044399999999999995,0.044,0.000489897948556636,0.0,0.0,0.0,0.0,0.0,0.0,0.0,0.0,0.0,0.0,,,,,
4096,32,32,16,1,4096,1,0,928,False,vllm_0.5.1_flash_attn,0.002,0.002,0.002,0.002,0.0,0.012,0.014,0.0124,0.012,0.0008,0.0,0.0,0.0,0.0,0.0,0.0,0.0,0.0,0.0,0.0,,,,,
4096,32,32,16,1,4096,2,0,928,False,vllm_0.5.1_flash_attn,0.002,0.002,0.002,0.002,0.0,0.014,0.015,0.014799999999999999,0.015,0.0003999999999999997,0.0,0.0,0.0,0.0,0.0,0.0,0.0,0.0,0.0,0.0,,,,,
4096,32,32,16,1,4096,3,0,928,False,vllm_0.5.1_flash_attn,0.002,0.002,0.002,0.002,0.0,0.028,0.028,0.028000000000000004,0.028,0.0,0.0,0.0,0.0,0.0,0.0,0.0,0.0,0.0,0.0,0.0,,,,,
4096,32,32,16,1,4096,4,0,928,False,vllm_0.5.1_flash_attn,0.002,0.002,0.002,0.002,0.0,0.028,0.029,0.028600000000000004,0.029,0.000489897948556636,0.0,0.0,0.0,0.0,0.0,0.0,0.0,0.0,0.0,0.0,,,,,
4096,32,32,16,1,4096,5,0,928,False,vllm_0.5.1_flash_attn,0.002,0.002,0.002,0.002,0.0,0.036000000000000004,0.038,0.0366,0.036000000000000004,0.0007999999999999975,0.0,0.0,0.0,0.0,0.0,0.0,0.0,0.0,0.0,0.0,,,,,
4096,32,32,16,1,4096,6,0,928,False,vllm_0.5.1_flash_attn,0.002,0.002,0.002,0.002,0.0,0.042,0.044,0.0434,0.044,0.0007999999999999975,0.0,0.0,0.0,0.0,0.0,0.0,0.0,0.0,0.0,0.0,,,,,
4096,32,32,16,1,4096,7,0,928,False,vllm_0.5.1_flash_attn,0.002,0.002,0.002,0.002,0.0,0.04,0.042,0.041,0.041,0.0006324555320336764,0.0,0.0,0.0,0.0,0.0,0.0,0.0,0.0,0.0,0.0,,,,,
4096,32,32,16,1,4096,8,0,928,False,vllm_0.5.1_flash_attn,0.002,0.002,0.002,0.002,0.0,0.044,0.046,0.045,0.045,0.0006324555320336764,0.0,0.0,0.0,0.0,0.0,0.0,0.0,0.0,0.0,0.0,,,,,
4096,32,32,16,1,4096,1,0,960,False,vllm_0.5.1_flash_attn,0.002,0.002,0.002,0.002,0.0,0.012,0.014,0.0124,0.012,0.0008,0.0,0.0,0.0,0.0,0.0,0.0,0.0,0.0,0.0,0.0,,,,,
4096,32,32,16,1,4096,2,0,960,False,vllm_0.5.1_flash_attn,0.002,0.002,0.002,0.002,0.0,0.014,0.015,0.014799999999999999,0.015,0.0003999999999999997,0.0,0.0,0.0,0.0,0.0,0.0,0.0,0.0,0.0,0.0,,,,,
4096,32,32,16,1,4096,3,0,960,False,vllm_0.5.1_flash_attn,0.002,0.002,0.002,0.002,0.0,0.029,0.03,0.029599999999999998,0.03,0.0004898979485566344,0.0,0.0,0.0,0.0,0.0,0.0,0.0,0.0,0.0,0.0,,,,,
4096,32,32,16,1,4096,4,0,960,False,vllm_0.5.1_flash_attn,0.002,0.002,0.002,0.002,0.0,0.028,0.029,0.028800000000000003,0.029,0.00040000000000000034,0.0,0.0,0.0,0.0,0.0,0.0,0.0,0.0,0.0,0.0,,,,,
4096,32,32,16,1,4096,5,0,960,False,vllm_0.5.1_flash_attn,0.002,0.002,0.002,0.002,0.0,0.036000000000000004,0.038,0.0368,0.037,0.000748331477354786,0.0,0.0,0.0,0.0,0.0,0.0,0.0,0.0,0.0,0.0,,,,,
4096,32,32,16,1,4096,6,0,960,False,vllm_0.5.1_flash_attn,0.002,0.002,0.002,0.002,0.0,0.044,0.045,0.044199999999999996,0.044,0.00040000000000000034,0.0,0.0,0.0,0.0,0.0,0.0,0.0,0.0,0.0,0.0,,,,,
4096,32,32,16,1,4096,7,0,960,False,vllm_0.5.1_flash_attn,0.002,0.002,0.002,0.002,0.0,0.041,0.041,0.041,0.041,0.0,0.0,0.0,0.0,0.0,0.0,0.0,0.0,0.0,0.0,0.0,,,,,
4096,32,32,16,1,4096,8,0,960,False,vllm_0.5.1_flash_attn,0.002,0.002,0.002,0.002,0.0,0.045,0.046,0.0452,0.045,0.00040000000000000034,0.0,0.0,0.0,0.0,0.0,0.0,0.0,0.0,0.0,0.0,,,,,
4096,32,32,16,1,4096,1,0,992,False,vllm_0.5.1_flash_attn,0.002,0.002,0.002,0.002,0.0,0.012,0.013000000000000001,0.012199999999999999,0.012,0.00040000000000000034,0.0,0.0,0.0,0.0,0.0,0.0,0.0,0.0,0.0,0.0,,,,,
4096,32,32,16,1,4096,2,0,992,False,vllm_0.5.1_flash_attn,0.002,0.002,0.002,0.002,0.0,0.014,0.015,0.014599999999999998,0.015,0.0004898979485566352,0.0,0.0,0.0,0.0,0.0,0.0,0.0,0.0,0.0,0.0,,,,,
4096,32,32,16,1,4096,3,0,992,False,vllm_0.5.1_flash_attn,0.002,0.002,0.002,0.002,0.0,0.03,0.031,0.030199999999999998,0.03,0.00040000000000000034,0.0,0.0,0.0,0.0,0.0,0.0,0.0,0.0,0.0,0.0,,,,,
4096,32,32,16,1,4096,4,0,992,False,vllm_0.5.1_flash_attn,0.002,0.002,0.002,0.002,0.0,0.029,0.03,0.0294,0.029,0.0004898979485566344,0.0,0.0,0.0,0.0,0.0,0.0,0.0,0.0,0.0,0.0,,,,,
4096,32,32,16,1,4096,5,0,992,False,vllm_0.5.1_flash_attn,0.002,0.002,0.002,0.002,0.0,0.038,0.038,0.038,0.038,0.0,0.0,0.0,0.0,0.0,0.0,0.0,0.0,0.0,0.0,0.0,,,,,
4096,32,32,16,1,4096,6,0,992,False,vllm_0.5.1_flash_attn,0.002,0.002,0.002,0.002,0.0,0.044,0.046,0.04479999999999999,0.045,0.0007483314773547889,0.0,0.0,0.0,0.0,0.0,0.0,0.0,0.0,0.0,0.0,,,,,
4096,32,32,16,1,4096,7,0,992,False,vllm_0.5.1_flash_attn,0.002,0.002,0.002,0.002,0.0,0.041,0.042,0.041600000000000005,0.042,0.000489897948556636,0.0,0.0,0.0,0.0,0.0,0.0,0.0,0.0,0.0,0.0,,,,,
4096,32,32,16,1,4096,8,0,992,False,vllm_0.5.1_flash_attn,0.002,0.002,0.002,0.002,0.0,0.045,0.047,0.0462,0.046,0.0007483314773547889,0.0,0.0,0.0,0.0,0.0,0.0,0.0,0.0,0.0,0.0,,,,,
4096,32,32,16,1,4096,1,0,1024,False,vllm_0.5.1_flash_attn,0.002,0.002,0.002,0.002,0.0,0.014,0.015,0.0142,0.014,0.0003999999999999997,0.0,0.0,0.0,0.0,0.0,0.0,0.0,0.0,0.0,0.0,,,,,
4096,32,32,16,1,4096,2,0,1024,False,vllm_0.5.1_flash_attn,0.002,0.002,0.002,0.002,0.0,0.017,0.018000000000000002,0.017800000000000003,0.018000000000000002,0.00040000000000000034,0.0,0.0,0.0,0.0,0.0,0.0,0.0,0.0,0.0,0.0,,,,,
4096,32,32,16,1,4096,3,0,1024,False,vllm_0.5.1_flash_attn,0.002,0.002,0.002,0.002,0.0,0.028,0.03,0.029000000000000005,0.029,0.0006324555320336753,0.0,0.0,0.0,0.0,0.0,0.0,0.0,0.0,0.0,0.0,,,,,
4096,32,32,16,1,4096,4,0,1024,False,vllm_0.5.1_flash_attn,0.002,0.002,0.002,0.002,0.0,0.031,0.032,0.0312,0.031,0.00040000000000000034,0.0,0.0,0.0,0.0,0.0,0.0,0.0,0.0,0.0,0.0,,,,,
4096,32,32,16,1,4096,5,0,1024,False,vllm_0.5.1_flash_attn,0.002,0.002,0.002,0.002,0.0,0.039,0.04,0.0392,0.039,0.00040000000000000034,0.0,0.0,0.0,0.0,0.0,0.0,0.0,0.0,0.0,0.0,,,,,
4096,32,32,16,1,4096,6,0,1024,False,vllm_0.5.1_flash_attn,0.002,0.002,0.002,0.002,0.0,0.048,0.049,0.0484,0.048,0.000489897948556636,0.0,0.0,0.0,0.0,0.0,0.0,0.0,0.0,0.0,0.0,,,,,
4096,32,32,16,1,4096,7,0,1024,False,vllm_0.5.1_flash_attn,0.002,0.002,0.002,0.002,0.0,0.044,0.046,0.04479999999999999,0.045,0.0007483314773547889,0.0,0.0,0.0,0.0,0.0,0.0,0.0,0.0,0.0,0.0,,,,,
4096,32,32,16,1,4096,8,0,1024,False,vllm_0.5.1_flash_attn,0.002,0.002,0.002,0.002,0.0,0.049,0.05,0.0494,0.049,0.000489897948556636,0.0,0.0,0.0,0.0,0.0,0.0,0.0,0.0,0.0,0.0,,,,,
4096,32,32,16,1,4096,1,0,1024,False,vllm_0.5.1_flash_attn,0.002,0.002,0.002,0.002,0.0,0.014,0.015,0.0142,0.014,0.0003999999999999997,0.0,0.0,0.0,0.0,0.0,0.0,0.0,0.0,0.0,0.0,,,,,
4096,32,32,16,1,4096,2,0,1024,False,vllm_0.5.1_flash_attn,0.002,0.002,0.002,0.002,0.0,0.017,0.018000000000000002,0.0172,0.017,0.00040000000000000034,0.0,0.0,0.0,0.0,0.0,0.0,0.0,0.0,0.0,0.0,,,,,
4096,32,32,16,1,4096,3,0,1024,False,vllm_0.5.1_flash_attn,0.002,0.002,0.002,0.002,0.0,0.028,0.03,0.028800000000000003,0.029,0.0007483314773547878,0.0,0.0,0.0,0.0,0.0,0.0,0.0,0.0,0.0,0.0,,,,,
4096,32,32,16,1,4096,4,0,1024,False,vllm_0.5.1_flash_attn,0.002,0.002,0.002,0.002,0.0,0.031,0.033,0.0314,0.031,0.0008000000000000007,0.0,0.0,0.0,0.0,0.0,0.0,0.0,0.0,0.0,0.0,,,,,
4096,32,32,16,1,4096,5,0,1024,False,vllm_0.5.1_flash_attn,0.002,0.002,0.002,0.002,0.0,0.039,0.04,0.0392,0.039,0.00040000000000000034,0.0,0.0,0.0,0.0,0.0,0.0,0.0,0.0,0.0,0.0,,,,,
4096,32,32,16,1,4096,6,0,1024,False,vllm_0.5.1_flash_attn,0.002,0.002,0.002,0.002,0.0,0.047,0.049,0.048,0.048,0.0006324555320336764,0.0,0.0,0.0,0.0,0.0,0.0,0.0,0.0,0.0,0.0,,,,,
4096,32,32,16,1,4096,7,0,1024,False,vllm_0.5.1_flash_attn,0.002,0.002,0.002,0.002,0.0,0.044,0.045,0.044599999999999994,0.045,0.000489897948556636,0.0,0.0,0.0,0.0,0.0,0.0,0.0,0.0,0.0,0.0,,,,,
4096,32,32,16,1,4096,8,0,1024,False,vllm_0.5.1_flash_attn,0.002,0.002,0.002,0.002,0.0,0.049,0.051000000000000004,0.0496,0.049,0.0008000000000000007,0.0,0.0,0.0,0.0,0.0,0.0,0.0,0.0,0.0,0.0,,,,,
4096,32,32,16,1,4096,1,0,1088,False,vllm_0.5.1_flash_attn,0.002,0.002,0.002,0.002,0.0,0.014,0.014,0.014000000000000002,0.014,0.0,0.0,0.0,0.0,0.0,0.0,0.0,0.0,0.0,0.0,0.0,,,,,
4096,32,32,16,1,4096,2,0,1088,False,vllm_0.5.1_flash_attn,0.002,0.002,0.002,0.002,0.0,0.017,0.018000000000000002,0.017400000000000002,0.017,0.000489897948556636,0.0,0.0,0.0,0.0,0.0,0.0,0.0,0.0,0.0,0.0,,,,,
4096,32,32,16,1,4096,3,0,1088,False,vllm_0.5.1_flash_attn,0.002,0.002,0.002,0.002,0.0,0.029,0.031,0.0298,0.03,0.0007483314773547874,0.0,0.0,0.0,0.0,0.0,0.0,0.0,0.0,0.0,0.0,,,,,
4096,32,32,16,1,4096,4,0,1088,False,vllm_0.5.1_flash_attn,0.002,0.002,0.002,0.002,0.0,0.032,0.032,0.032,0.032,0.0,0.0,0.0,0.0,0.0,0.0,0.0,0.0,0.0,0.0,0.0,,,,,
4096,32,32,16,1,4096,5,0,1088,False,vllm_0.5.1_flash_attn,0.002,0.002,0.002,0.002,0.0,0.04,0.04,0.04,0.04,0.0,0.0,0.0,0.0,0.0,0.0,0.0,0.0,0.0,0.0,0.0,,,,,
4096,32,32,16,1,4096,6,0,1088,False,vllm_0.5.1_flash_attn,0.002,0.002,0.002,0.002,0.0,0.049,0.051000000000000004,0.0496,0.049,0.0008000000000000007,0.0,0.0,0.0,0.0,0.0,0.0,0.0,0.0,0.0,0.0,,,,,
4096,32,32,16,1,4096,7,0,1088,False,vllm_0.5.1_flash_attn,0.002,0.002,0.002,0.002,0.0,0.045,0.046,0.045799999999999993,0.046,0.00040000000000000034,0.0,0.0,0.0,0.0,0.0,0.0,0.0,0.0,0.0,0.0,,,,,
4096,32,32,16,1,4096,8,0,1088,False,vllm_0.5.1_flash_attn,0.002,0.002,0.002,0.002,0.0,0.05,0.052000000000000005,0.0514,0.052000000000000005,0.0008000000000000007,0.0,0.0,0.0,0.0,0.0,0.0,0.0,0.0,0.0,0.0,,,,,
4096,32,32,16,1,4096,1,0,1152,False,vllm_0.5.1_flash_attn,0.002,0.002,0.002,0.002,0.0,0.014,0.015,0.0142,0.014,0.0003999999999999997,0.0,0.0,0.0,0.0,0.0,0.0,0.0,0.0,0.0,0.0,,,,,
4096,32,32,16,1,4096,2,0,1152,False,vllm_0.5.1_flash_attn,0.002,0.002,0.002,0.002,0.0,0.018000000000000002,0.018000000000000002,0.018000000000000002,0.018000000000000002,0.0,0.0,0.0,0.0,0.0,0.0,0.0,0.0,0.0,0.0,0.0,,,,,
4096,32,32,16,1,4096,3,0,1152,False,vllm_0.5.1_flash_attn,0.002,0.002,0.002,0.002,0.0,0.03,0.031,0.030199999999999998,0.03,0.00040000000000000034,0.0,0.0,0.0,0.0,0.0,0.0,0.0,0.0,0.0,0.0,,,,,
4096,32,32,16,1,4096,4,0,1152,False,vllm_0.5.1_flash_attn,0.002,0.002,0.002,0.002,0.0,0.033,0.034,0.033600000000000005,0.034,0.000489897948556636,0.0,0.0,0.0,0.0,0.0,0.0,0.0,0.0,0.0,0.0,,,,,
4096,32,32,16,1,4096,5,0,1152,False,vllm_0.5.1_flash_attn,0.002,0.002,0.002,0.002,0.0,0.044,0.045,0.044599999999999994,0.045,0.000489897948556636,0.0,0.0,0.0,0.0,0.0,0.0,0.0,0.0,0.0,0.0,,,,,
4096,32,32,16,1,4096,6,0,1152,False,vllm_0.5.1_flash_attn,0.002,0.002,0.002,0.002,0.0,0.05,0.052000000000000005,0.0512,0.051000000000000004,0.0007483314773547889,0.0,0.0,0.0,0.0,0.0,0.0,0.0,0.0,0.0,0.0,,,,,
4096,32,32,16,1,4096,7,0,1152,False,vllm_0.5.1_flash_attn,0.002,0.002,0.002,0.002,0.0,0.049,0.05,0.0494,0.049,0.000489897948556636,0.0,0.0,0.0,0.0,0.0,0.0,0.0,0.0,0.0,0.0,,,,,
4096,32,32,16,1,4096,8,0,1152,False,vllm_0.5.1_flash_attn,0.002,0.002,0.002,0.002,0.0,0.054,0.055,0.0548,0.055,0.00040000000000000034,0.0,0.0,0.0,0.0,0.0,0.0,0.0,0.0,0.0,0.0,,,,,
4096,32,32,16,1,4096,1,0,1216,False,vllm_0.5.1_flash_attn,0.002,0.002,0.002,0.002,0.0,0.014,0.014,0.014000000000000002,0.014,0.0,0.0,0.0,0.0,0.0,0.0,0.0,0.0,0.0,0.0,0.0,,,,,
4096,32,32,16,1,4096,2,0,1216,False,vllm_0.5.1_flash_attn,0.002,0.002,0.002,0.002,0.0,0.018000000000000002,0.019,0.0182,0.018000000000000002,0.000399999999999999,0.0,0.0,0.0,0.0,0.0,0.0,0.0,0.0,0.0,0.0,,,,,
4096,32,32,16,1,4096,3,0,1216,False,vllm_0.5.1_flash_attn,0.002,0.002,0.002,0.002,0.0,0.031,0.032,0.0316,0.032,0.000489897948556636,0.0,0.0,0.0,0.0,0.0,0.0,0.0,0.0,0.0,0.0,,,,,
4096,32,32,16,1,4096,4,0,1216,False,vllm_0.5.1_flash_attn,0.002,0.002,0.002,0.002,0.0,0.033,0.034,0.033800000000000004,0.034,0.00040000000000000034,0.0,0.0,0.0,0.0,0.0,0.0,0.0,0.0,0.0,0.0,,,,,
4096,32,32,16,1,4096,5,0,1216,False,vllm_0.5.1_flash_attn,0.002,0.002,0.002,0.002,0.0,0.045,0.046,0.045399999999999996,0.045,0.000489897948556636,0.0,0.0,0.0,0.0,0.0,0.0,0.0,0.0,0.0,0.0,,,,,
4096,32,32,16,1,4096,6,0,1216,False,vllm_0.5.1_flash_attn,0.002,0.002,0.002,0.002,0.0,0.052000000000000005,0.054,0.053200000000000004,0.053,0.0007483314773547867,0.0,0.0,0.0,0.0,0.0,0.0,0.0,0.0,0.0,0.0,,,,,
4096,32,32,16,1,4096,7,0,1216,False,vllm_0.5.1_flash_attn,0.002,0.002,0.002,0.002,0.0,0.05,0.052000000000000005,0.0508,0.051000000000000004,0.0007483314773547889,0.0,0.0,0.0,0.0,0.0,0.0,0.0,0.0,0.0,0.0,,,,,
4096,32,32,16,1,4096,8,0,1216,False,vllm_0.5.1_flash_attn,0.002,0.002,0.002,0.002,0.0,0.055,0.057,0.05620000000000001,0.056,0.0007483314773547889,0.0,0.0,0.0,0.0,0.0,0.0,0.0,0.0,0.0,0.0,,,,,
4096,32,32,16,1,4096,1,0,1280,False,vllm_0.5.1_flash_attn,0.002,0.002,0.002,0.002,0.0,0.015,0.016,0.0154,0.015,0.000489897948556636,0.0,0.0,0.0,0.0,0.0,0.0,0.0,0.0,0.0,0.0,,,,,
4096,32,32,16,1,4096,2,0,1280,False,vllm_0.5.1_flash_attn,0.002,0.002,0.002,0.002,0.0,0.018000000000000002,0.02,0.019,0.019,0.0006324555320336753,0.0,0.0,0.0,0.0,0.0,0.0,0.0,0.0,0.0,0.0,,,,,
4096,32,32,16,1,4096,3,0,1280,False,vllm_0.5.1_flash_attn,0.002,0.002,0.002,0.002,0.0,0.038,0.038,0.038,0.038,0.0,0.0,0.0,0.0,0.0,0.0,0.0,0.0,0.0,0.0,0.0,,,,,
4096,32,32,16,1,4096,4,0,1280,False,vllm_0.5.1_flash_attn,0.002,0.002,0.002,0.002,0.0,0.037,0.038,0.0374,0.037,0.000489897948556636,0.0,0.0,0.0,0.0,0.0,0.0,0.0,0.0,0.0,0.0,,,,,
4096,32,32,16,1,4096,5,0,1280,False,vllm_0.5.1_flash_attn,0.002,0.002,0.002,0.002,0.0,0.045,0.047,0.045799999999999993,0.046,0.0007483314773547889,0.0,0.0,0.0,0.0,0.0,0.0,0.0,0.0,0.0,0.0,,,,,
4096,32,32,16,1,4096,6,0,1280,False,vllm_0.5.1_flash_attn,0.002,0.002,0.002,0.002,0.0,0.052000000000000005,0.054,0.053000000000000005,0.053,0.0006324555320336743,0.0,0.0,0.0,0.0,0.0,0.0,0.0,0.0,0.0,0.0,,,,,
4096,32,32,16,1,4096,7,0,1280,False,vllm_0.5.1_flash_attn,0.002,0.002,0.002,0.002,0.0,0.054,0.055,0.054400000000000004,0.054,0.000489897948556636,0.0,0.0,0.0,0.0,0.0,0.0,0.0,0.0,0.0,0.0,,,,,
4096,32,32,16,1,4096,8,0,1280,False,vllm_0.5.1_flash_attn,0.002,0.002,0.002,0.002,0.0,0.06,0.061,0.060399999999999995,0.06,0.000489897948556636,0.0,0.0,0.0,0.0,0.0,0.0,0.0,0.0,0.0,0.0,,,,,
4096,32,32,16,1,4096,1,0,1344,False,vllm_0.5.1_flash_attn,0.002,0.002,0.002,0.002,0.0,0.015,0.016,0.0154,0.015,0.000489897948556636,0.0,0.0,0.0,0.0,0.0,0.0,0.0,0.0,0.0,0.0,,,,,
4096,32,32,16,1,4096,2,0,1344,False,vllm_0.5.1_flash_attn,0.002,0.002,0.002,0.002,0.0,0.019,0.02,0.0198,0.02,0.00040000000000000034,0.0,0.0,0.0,0.0,0.0,0.0,0.0,0.0,0.0,0.0,,,,,
4096,32,32,16,1,4096,3,0,1344,False,vllm_0.5.1_flash_attn,0.002,0.002,0.002,0.002,0.0,0.038,0.04,0.039,0.039,0.0006324555320336764,0.0,0.0,0.0,0.0,0.0,0.0,0.0,0.0,0.0,0.0,,,,,
4096,32,32,16,1,4096,4,0,1344,False,vllm_0.5.1_flash_attn,0.002,0.002,0.002,0.002,0.0,0.038,0.039,0.038400000000000004,0.038,0.000489897948556636,0.0,0.0,0.0,0.0,0.0,0.0,0.0,0.0,0.0,0.0,,,,,
4096,32,32,16,1,4096,5,0,1344,False,vllm_0.5.1_flash_attn,0.002,0.002,0.002,0.002,0.0,0.046,0.048,0.047,0.047,0.0006324555320336764,0.0,0.0,0.0,0.0,0.0,0.0,0.0,0.0,0.0,0.0,,,,,
4096,32,32,16,1,4096,6,0,1344,False,vllm_0.5.1_flash_attn,0.002,0.002,0.002,0.002,0.0,0.055,0.056,0.0558,0.056,0.00040000000000000034,0.0,0.0,0.0,0.0,0.0,0.0,0.0,0.0,0.0,0.0,,,,,
4096,32,32,16,1,4096,7,0,1344,False,vllm_0.5.1_flash_attn,0.002,0.002,0.002,0.002,0.0,0.055,0.055,0.05500000000000001,0.055,0.0,0.0,0.0,0.0,0.0,0.0,0.0,0.0,0.0,0.0,0.0,,,,,
4096,32,32,16,1,4096,8,0,1344,False,vllm_0.5.1_flash_attn,0.002,0.002,0.002,0.002,0.0,0.061,0.063,0.0622,0.062,0.0007483314773547889,0.0,0.0,0.0,0.0,0.0,0.0,0.0,0.0,0.0,0.0,,,,,
4096,32,32,16,1,4096,1,0,1408,False,vllm_0.5.1_flash_attn,0.002,0.002,0.002,0.002,0.0,0.015,0.016,0.0154,0.015,0.000489897948556636,0.0,0.0,0.0,0.0,0.0,0.0,0.0,0.0,0.0,0.0,,,,,
4096,32,32,16,1,4096,2,0,1408,False,vllm_0.5.1_flash_attn,0.002,0.002,0.002,0.002,0.0,0.021,0.022,0.0218,0.022,0.000399999999999999,0.0,0.0,0.0,0.0,0.0,0.0,0.0,0.0,0.0,0.0,,,,,
4096,32,32,16,1,4096,3,0,1408,False,vllm_0.5.1_flash_attn,0.002,0.002,0.002,0.002,0.0,0.041,0.041,0.041,0.041,0.0,0.0,0.0,0.0,0.0,0.0,0.0,0.0,0.0,0.0,0.0,,,,,
4096,32,32,16,1,4096,4,0,1408,False,vllm_0.5.1_flash_attn,0.002,0.002,0.002,0.002,0.0,0.038,0.039,0.0386,0.039,0.000489897948556636,0.0,0.0,0.0,0.0,0.0,0.0,0.0,0.0,0.0,0.0,,,,,
4096,32,32,16,1,4096,5,0,1408,False,vllm_0.5.1_flash_attn,0.002,0.002,0.002,0.002,0.0,0.048,0.049,0.048799999999999996,0.049,0.00040000000000000034,0.0,0.0,0.0,0.0,0.0,0.0,0.0,0.0,0.0,0.0,,,,,
4096,32,32,16,1,4096,6,0,1408,False,vllm_0.5.1_flash_attn,0.002,0.002,0.002,0.002,0.0,0.058,0.059000000000000004,0.05840000000000001,0.058,0.000489897948556636,0.0,0.0,0.0,0.0,0.0,0.0,0.0,0.0,0.0,0.0,,,,,
4096,32,32,16,1,4096,7,0,1408,False,vllm_0.5.1_flash_attn,0.002,0.002,0.002,0.002,0.0,0.058,0.06,0.058600000000000006,0.058,0.0007999999999999983,0.0,0.0,0.0,0.0,0.0,0.0,0.0,0.0,0.0,0.0,,,,,
4096,32,32,16,1,4096,8,0,1408,False,vllm_0.5.1_flash_attn,0.002,0.002,0.002,0.002,0.0,0.064,0.067,0.0656,0.066,0.001019803902718558,0.0,0.0,0.0,0.0,0.0,0.0,0.0,0.0,0.0,0.0,,,,,
4096,32,32,16,1,4096,1,0,1472,False,vllm_0.5.1_flash_attn,0.002,0.002,0.002,0.002,0.0,0.015,0.016,0.0152,0.015,0.00040000000000000034,0.0,0.0,0.0,0.0,0.0,0.0,0.0,0.0,0.0,0.0,,,,,
4096,32,32,16,1,4096,2,0,1472,False,vllm_0.5.1_flash_attn,0.002,0.002,0.002,0.002,0.0,0.023,0.024,0.0236,0.024,0.000489897948556636,0.0,0.0,0.0,0.0,0.0,0.0,0.0,0.0,0.0,0.0,,,,,
4096,32,32,16,1,4096,3,0,1472,False,vllm_0.5.1_flash_attn,0.002,0.002,0.002,0.002,0.0,0.041,0.043000000000000003,0.042,0.042,0.0008944271909999167,0.0,0.0,0.0,0.0,0.0,0.0,0.0,0.0,0.0,0.0,,,,,
4096,32,32,16,1,4096,4,0,1472,False,vllm_0.5.1_flash_attn,0.002,0.002,0.002,0.002,0.0,0.038,0.039,0.0386,0.039,0.000489897948556636,0.0,0.0,0.0,0.0,0.0,0.0,0.0,0.0,0.0,0.0,,,,,
4096,32,32,16,1,4096,5,0,1472,False,vllm_0.5.1_flash_attn,0.002,0.002,0.002,0.002,0.0,0.05,0.051000000000000004,0.0502,0.05,0.00040000000000000034,0.0,0.0,0.0,0.0,0.0,0.0,0.0,0.0,0.0,0.0,,,,,
4096,32,32,16,1,4096,6,0,1472,False,vllm_0.5.1_flash_attn,0.002,0.002,0.002,0.002,0.0,0.059000000000000004,0.061,0.0598,0.06,0.000748331477354786,0.0,0.0,0.0,0.0,0.0,0.0,0.0,0.0,0.0,0.0,,,,,
4096,32,32,16,1,4096,7,0,1472,False,vllm_0.5.1_flash_attn,0.002,0.002,0.002,0.002,0.0,0.06,0.06,0.06,0.06,0.0,0.0,0.0,0.0,0.0,0.0,0.0,0.0,0.0,0.0,0.0,,,,,
4096,32,32,16,1,4096,8,0,1472,False,vllm_0.5.1_flash_attn,0.002,0.002,0.002,0.002,0.0,0.066,0.068,0.067,0.067,0.0006324555320336764,0.0,0.0,0.0,0.0,0.0,0.0,0.0,0.0,0.0,0.0,,,,,
4096,32,32,16,1,4096,1,0,1536,False,vllm_0.5.1_flash_attn,0.002,0.002,0.002,0.002,0.0,0.015,0.016,0.0158,0.016,0.00040000000000000034,0.0,0.0,0.0,0.0,0.0,0.0,0.0,0.0,0.0,0.0,,,,,
4096,32,32,16,1,4096,2,0,1536,False,vllm_0.5.1_flash_attn,0.002,0.002,0.002,0.002,0.0,0.025,0.025,0.025,0.025,0.0,0.0,0.0,0.0,0.0,0.0,0.0,0.0,0.0,0.0,0.0,,,,,
4096,32,32,16,1,4096,3,0,1536,False,vllm_0.5.1_flash_attn,0.002,0.002,0.002,0.002,0.0,0.037,0.038,0.0374,0.037,0.000489897948556636,0.0,0.0,0.0,0.0,0.0,0.0,0.0,0.0,0.0,0.0,,,,,
4096,32,32,16,1,4096,4,0,1536,False,vllm_0.5.1_flash_attn,0.002,0.002,0.002,0.002,0.0,0.042,0.042,0.042,0.042,0.0,0.0,0.0,0.0,0.0,0.0,0.0,0.0,0.0,0.0,0.0,,,,,
4096,32,32,16,1,4096,5,0,1536,False,vllm_0.5.1_flash_attn,0.002,0.002,0.002,0.002,0.0,0.054,0.055,0.054400000000000004,0.054,0.000489897948556636,0.0,0.0,0.0,0.0,0.0,0.0,0.0,0.0,0.0,0.0,,,,,
4096,32,32,16,1,4096,6,0,1536,False,vllm_0.5.1_flash_attn,0.002,0.002,0.002,0.002,0.0,0.064,0.065,0.0648,0.065,0.00040000000000000034,0.0,0.0,0.0,0.0,0.0,0.0,0.0,0.0,0.0,0.0,,,,,
4096,32,32,16,1,4096,7,0,1536,False,vllm_0.5.1_flash_attn,0.002,0.002,0.002,0.002,0.0,0.063,0.065,0.0636,0.063,0.0008000000000000007,0.0,0.0,0.0,0.0,0.0,0.0,0.0,0.0,0.0,0.0,,,,,
4096,32,32,16,1,4096,8,0,1536,False,vllm_0.5.1_flash_attn,0.002,0.002,0.002,0.002,0.0,0.07,0.07100000000000001,0.07060000000000001,0.07100000000000001,0.000489897948556636,0.0,0.0,0.0,0.0,0.0,0.0,0.0,0.0,0.0,0.0,,,,,
4096,32,32,16,1,4096,1,0,1600,False,vllm_0.5.1_flash_attn,0.002,0.002,0.002,0.002,0.0,0.015,0.016,0.0152,0.015,0.00040000000000000034,0.0,0.0,0.0,0.0,0.0,0.0,0.0,0.0,0.0,0.0,,,,,
4096,32,32,16,1,4096,2,0,1600,False,vllm_0.5.1_flash_attn,0.002,0.002,0.002,0.002,0.0,0.025,0.028,0.0262,0.026000000000000002,0.000979795897113271,0.0,0.0,0.0,0.0,0.0,0.0,0.0,0.0,0.0,0.0,,,,,
4096,32,32,16,1,4096,3,0,1600,False,vllm_0.5.1_flash_attn,0.002,0.002,0.002,0.002,0.0,0.037,0.039,0.0382,0.038,0.0007483314773547889,0.0,0.0,0.0,0.0,0.0,0.0,0.0,0.0,0.0,0.0,,,,,
4096,32,32,16,1,4096,4,0,1600,False,vllm_0.5.1_flash_attn,0.002,0.002,0.002,0.002,0.0,0.042,0.044,0.043000000000000003,0.043000000000000003,0.0006324555320336743,0.0,0.0,0.0,0.0,0.0,0.0,0.0,0.0,0.0,0.0,,,,,
4096,32,32,16,1,4096,5,0,1600,False,vllm_0.5.1_flash_attn,0.002,0.002,0.002,0.002,0.0,0.055,0.056,0.055400000000000005,0.055,0.000489897948556636,0.0,0.0,0.0,0.0,0.0,0.0,0.0,0.0,0.0,0.0,,,,,
4096,32,32,16,1,4096,6,0,1600,False,vllm_0.5.1_flash_attn,0.002,0.002,0.002,0.002,0.0,0.065,0.068,0.06620000000000001,0.066,0.000979795897113272,0.0,0.0,0.0,0.0,0.0,0.0,0.0,0.0,0.0,0.0,,,,,
4096,32,32,16,1,4096,7,0,1600,False,vllm_0.5.1_flash_attn,0.002,0.002,0.002,0.002,0.0,0.063,0.065,0.064,0.064,0.0008944271909999167,0.0,0.0,0.0,0.0,0.0,0.0,0.0,0.0,0.0,0.0,,,,,
4096,32,32,16,1,4096,8,0,1600,False,vllm_0.5.1_flash_attn,0.002,0.002,0.002,0.002,0.0,0.07100000000000001,0.073,0.07200000000000001,0.07200000000000001,0.0006324555320336721,0.0,0.0,0.0,0.0,0.0,0.0,0.0,0.0,0.0,0.0,,,,,
4096,32,32,16,1,4096,1,0,1664,False,vllm_0.5.1_flash_attn,0.002,0.002,0.002,0.002,0.0,0.015,0.016,0.0154,0.015,0.000489897948556636,0.0,0.0,0.0,0.0,0.0,0.0,0.0,0.0,0.0,0.0,,,,,
4096,32,32,16,1,4096,2,0,1664,False,vllm_0.5.1_flash_attn,0.002,0.002,0.002,0.002,0.0,0.026000000000000002,0.027,0.0264,0.026000000000000002,0.0004898979485566344,0.0,0.0,0.0,0.0,0.0,0.0,0.0,0.0,0.0,0.0,,,,,
4096,32,32,16,1,4096,3,0,1664,False,vllm_0.5.1_flash_attn,0.002,0.002,0.002,0.002,0.0,0.038,0.038,0.038,0.038,0.0,0.0,0.0,0.0,0.0,0.0,0.0,0.0,0.0,0.0,0.0,,,,,
4096,32,32,16,1,4096,4,0,1664,False,vllm_0.5.1_flash_attn,0.002,0.002,0.002,0.002,0.0,0.043000000000000003,0.045,0.0436,0.043000000000000003,0.0007999999999999975,0.0,0.0,0.0,0.0,0.0,0.0,0.0,0.0,0.0,0.0,,,,,
4096,32,32,16,1,4096,5,0,1664,False,vllm_0.5.1_flash_attn,0.002,0.002,0.002,0.002,0.0,0.055,0.057,0.05620000000000001,0.056,0.0007483314773547889,0.0,0.0,0.0,0.0,0.0,0.0,0.0,0.0,0.0,0.0,,,,,
4096,32,32,16,1,4096,6,0,1664,False,vllm_0.5.1_flash_attn,0.002,0.002,0.002,0.002,0.0,0.067,0.069,0.068,0.068,0.0006324555320336764,0.0,0.0,0.0,0.0,0.0,0.0,0.0,0.0,0.0,0.0,,,,,
4096,32,32,16,1,4096,7,0,1664,False,vllm_0.5.1_flash_attn,0.002,0.002,0.002,0.002,0.0,0.068,0.069,0.06860000000000001,0.069,0.000489897948556636,0.0,0.0,0.0,0.0,0.0,0.0,0.0,0.0,0.0,0.0,,,,,
4096,32,32,16,1,4096,8,0,1664,False,vllm_0.5.1_flash_attn,0.002,0.002,0.002,0.002,0.0,0.076,0.077,0.0762,0.076,0.00040000000000000034,0.0,0.0,0.0,0.0,0.0,0.0,0.0,0.0,0.0,0.0,,,,,
4096,32,32,16,1,4096,1,0,1728,False,vllm_0.5.1_flash_attn,0.002,0.002,0.002,0.002,0.0,0.015,0.016,0.0154,0.015,0.000489897948556636,0.0,0.0,0.0,0.0,0.0,0.0,0.0,0.0,0.0,0.0,,,,,
4096,32,32,16,1,4096,2,0,1728,False,vllm_0.5.1_flash_attn,0.002,0.002,0.002,0.002,0.0,0.026000000000000002,0.028,0.0274,0.028,0.0007999999999999995,0.0,0.0,0.0,0.0,0.0,0.0,0.0,0.0,0.0,0.0,,,,,
4096,32,32,16,1,4096,3,0,1728,False,vllm_0.5.1_flash_attn,0.002,0.002,0.002,0.002,0.0,0.039,0.04,0.0398,0.04,0.00040000000000000034,0.0,0.0,0.0,0.0,0.0,0.0,0.0,0.0,0.0,0.0,,,,,
4096,32,32,16,1,4096,4,0,1728,False,vllm_0.5.1_flash_attn,0.002,0.002,0.002,0.002,0.0,0.044,0.045,0.04479999999999999,0.045,0.00040000000000000034,0.0,0.0,0.0,0.0,0.0,0.0,0.0,0.0,0.0,0.0,,,,,
4096,32,32,16,1,4096,5,0,1728,False,vllm_0.5.1_flash_attn,0.002,0.002,0.002,0.002,0.0,0.056,0.057,0.0568,0.057,0.00040000000000000034,0.0,0.0,0.0,0.0,0.0,0.0,0.0,0.0,0.0,0.0,,,,,
4096,32,32,16,1,4096,6,0,1728,False,vllm_0.5.1_flash_attn,0.002,0.002,0.002,0.002,0.0,0.069,0.07,0.0694,0.069,0.000489897948556636,0.0,0.0,0.0,0.0,0.0,0.0,0.0,0.0,0.0,0.0,,,,,
4096,32,32,16,1,4096,7,0,1728,False,vllm_0.5.1_flash_attn,0.002,0.002,0.002,0.002,0.0,0.068,0.07,0.06920000000000001,0.069,0.0007483314773547889,0.0,0.0,0.0,0.0,0.0,0.0,0.0,0.0,0.0,0.0,,,,,
4096,32,32,16,1,4096,8,0,1728,False,vllm_0.5.1_flash_attn,0.002,0.002,0.002,0.002,0.0,0.077,0.078,0.07780000000000001,0.078,0.00040000000000000034,0.0,0.0,0.0,0.0,0.0,0.0,0.0,0.0,0.0,0.0,,,,,
4096,32,32,16,1,4096,1,0,1792,False,vllm_0.5.1_flash_attn,0.002,0.002,0.002,0.002,0.0,0.015,0.016,0.0158,0.016,0.00040000000000000034,0.0,0.0,0.0,0.0,0.0,0.0,0.0,0.0,0.0,0.0,,,,,
4096,32,32,16,1,4096,2,0,1792,False,vllm_0.5.1_flash_attn,0.002,0.002,0.002,0.002,0.0,0.027,0.029,0.028000000000000004,0.028,0.0006324555320336764,0.0,0.0,0.0,0.0,0.0,0.0,0.0,0.0,0.0,0.0,,,,,
4096,32,32,16,1,4096,3,0,1792,False,vllm_0.5.1_flash_attn,0.002,0.002,0.002,0.002,0.0,0.041,0.042,0.041400000000000006,0.041,0.000489897948556636,0.0,0.0,0.0,0.0,0.0,0.0,0.0,0.0,0.0,0.0,,,,,
4096,32,32,16,1,4096,4,0,1792,False,vllm_0.5.1_flash_attn,0.002,0.002,0.002,0.002,0.0,0.047,0.048,0.047799999999999995,0.048,0.00040000000000000034,0.0,0.0,0.0,0.0,0.0,0.0,0.0,0.0,0.0,0.0,,,,,
4096,32,32,16,1,4096,5,0,1792,False,vllm_0.5.1_flash_attn,0.002,0.002,0.002,0.002,0.0,0.058,0.06,0.058600000000000006,0.058,0.0007999999999999983,0.0,0.0,0.0,0.0,0.0,0.0,0.0,0.0,0.0,0.0,,,,,
4096,32,32,16,1,4096,6,0,1792,False,vllm_0.5.1_flash_attn,0.002,0.002,0.002,0.002,0.0,0.069,0.07100000000000001,0.07,0.07,0.0008944271909999167,0.0,0.0,0.0,0.0,0.0,0.0,0.0,0.0,0.0,0.0,,,,,
4096,32,32,16,1,4096,7,0,1792,False,vllm_0.5.1_flash_attn,0.002,0.002,0.002,0.002,0.0,0.07200000000000001,0.073,0.0728,0.073,0.0003999999999999948,0.0,0.0,0.0,0.0,0.0,0.0,0.0,0.0,0.0,0.0,,,,,
4096,32,32,16,1,4096,8,0,1792,False,vllm_0.5.1_flash_attn,0.002,0.002,0.002,0.002,0.0,0.081,0.082,0.08120000000000001,0.081,0.00040000000000000034,0.0,0.0,0.0,0.0,0.0,0.0,0.0,0.0,0.0,0.0,,,,,
4096,32,32,16,1,4096,1,0,1856,False,vllm_0.5.1_flash_attn,0.002,0.002,0.002,0.002,0.0,0.016,0.022,0.0172,0.016,0.0023999999999999994,0.0,0.0,0.0,0.0,0.0,0.0,0.0,0.0,0.0,0.0,,,,,
4096,32,32,16,1,4096,2,0,1856,False,vllm_0.5.1_flash_attn,0.002,0.002,0.002,0.002,0.0,0.028,0.028,0.028000000000000004,0.028,0.0,0.0,0.0,0.0,0.0,0.0,0.0,0.0,0.0,0.0,0.0,,,,,
4096,32,32,16,1,4096,3,0,1856,False,vllm_0.5.1_flash_attn,0.002,0.002,0.002,0.002,0.0,0.042,0.042,0.042,0.042,0.0,0.0,0.0,0.0,0.0,0.0,0.0,0.0,0.0,0.0,0.0,,,,,
4096,32,32,16,1,4096,4,0,1856,False,vllm_0.5.1_flash_attn,0.002,0.002,0.002,0.002,0.0,0.047,0.049,0.0482,0.048,0.0007483314773547889,0.0,0.0,0.0,0.0,0.0,0.0,0.0,0.0,0.0,0.0,,,,,
4096,32,32,16,1,4096,5,0,1856,False,vllm_0.5.1_flash_attn,0.002,0.002,0.002,0.002,0.0,0.059000000000000004,0.061,0.06,0.06,0.0006324555320336743,0.0,0.0,0.0,0.0,0.0,0.0,0.0,0.0,0.0,0.0,,,,,
4096,32,32,16,1,4096,6,0,1856,False,vllm_0.5.1_flash_attn,0.002,0.002,0.002,0.002,0.0,0.07100000000000001,0.07200000000000001,0.07160000000000001,0.07200000000000001,0.000489897948556636,0.0,0.0,0.0,0.0,0.0,0.0,0.0,0.0,0.0,0.0,,,,,
4096,32,32,16,1,4096,7,0,1856,False,vllm_0.5.1_flash_attn,0.002,0.002,0.002,0.002,0.0,0.073,0.074,0.0736,0.074,0.000489897948556636,0.0,0.0,0.0,0.0,0.0,0.0,0.0,0.0,0.0,0.0,,,,,
4096,32,32,16,1,4096,8,0,1856,False,vllm_0.5.1_flash_attn,0.002,0.002,0.002,0.002,0.0,0.081,0.083,0.0824,0.083,0.0008000000000000007,0.0,0.0,0.0,0.0,0.0,0.0,0.0,0.0,0.0,0.0,,,,,
4096,32,32,16,1,4096,1,0,1920,False,vllm_0.5.1_flash_attn,0.002,0.002,0.002,0.002,0.0,0.015,0.017,0.0158,0.016,0.0007483314773547889,0.0,0.0,0.0,0.0,0.0,0.0,0.0,0.0,0.0,0.0,,,,,
4096,32,32,16,1,4096,2,0,1920,False,vllm_0.5.1_flash_attn,0.002,0.002,0.002,0.002,0.0,0.028,0.029,0.028800000000000003,0.029,0.00040000000000000034,0.0,0.0,0.0,0.0,0.0,0.0,0.0,0.0,0.0,0.0,,,,,
4096,32,32,16,1,4096,3,0,1920,False,vllm_0.5.1_flash_attn,0.002,0.002,0.002,0.002,0.0,0.046,0.046,0.046,0.046,0.0,0.0,0.0,0.0,0.0,0.0,0.0,0.0,0.0,0.0,0.0,,,,,
4096,32,32,16,1,4096,4,0,1920,False,vllm_0.5.1_flash_attn,0.002,0.002,0.002,0.002,0.0,0.048,0.05,0.0486,0.048,0.0008000000000000007,0.0,0.0,0.0,0.0,0.0,0.0,0.0,0.0,0.0,0.0,,,,,
4096,32,32,16,1,4096,5,0,1920,False,vllm_0.5.1_flash_attn,0.002,0.002,0.002,0.002,0.0,0.063,0.064,0.0638,0.064,0.00040000000000000034,0.0,0.0,0.0,0.0,0.0,0.0,0.0,0.0,0.0,0.0,,,,,
4096,32,32,16,1,4096,6,0,1920,False,vllm_0.5.1_flash_attn,0.002,0.002,0.002,0.002,0.0,0.074,0.076,0.0746,0.074,0.0008000000000000007,0.0,0.0,0.0,0.0,0.0,0.0,0.0,0.0,0.0,0.0,,,,,
4096,32,32,16,1,4096,7,0,1920,False,vllm_0.5.1_flash_attn,0.002,0.002,0.002,0.002,0.0,0.078,0.079,0.0782,0.078,0.00040000000000000034,0.0,0.0,0.0,0.0,0.0,0.0,0.0,0.0,0.0,0.0,,,,,
4096,32,32,16,1,4096,8,0,1920,False,vllm_0.5.1_flash_attn,0.002,0.002,0.002,0.002,0.0,0.08600000000000001,0.08700000000000001,0.0864,0.08600000000000001,0.000489897948556636,0.0,0.0,0.0,0.0,0.0,0.0,0.0,0.0,0.0,0.0,,,,,
4096,32,32,16,1,4096,1,0,1984,False,vllm_0.5.1_flash_attn,0.002,0.002,0.002,0.002,0.0,0.016,0.017,0.0162,0.016,0.00040000000000000034,0.0,0.0,0.0,0.0,0.0,0.0,0.0,0.0,0.0,0.0,,,,,
4096,32,32,16,1,4096,2,0,1984,False,vllm_0.5.1_flash_attn,0.002,0.002,0.002,0.002,0.0,0.029,0.031,0.0298,0.03,0.0007483314773547874,0.0,0.0,0.0,0.0,0.0,0.0,0.0,0.0,0.0,0.0,,,,,
4096,32,32,16,1,4096,3,0,1984,False,vllm_0.5.1_flash_attn,0.002,0.002,0.002,0.002,0.0,0.047,0.048,0.0474,0.047,0.000489897948556636,0.0,0.0,0.0,0.0,0.0,0.0,0.0,0.0,0.0,0.0,,,,,
4096,32,32,16,1,4096,4,0,1984,False,vllm_0.5.1_flash_attn,0.002,0.002,0.002,0.002,0.0,0.049,0.051000000000000004,0.0502,0.05,0.0007483314773547889,0.0,0.0,0.0,0.0,0.0,0.0,0.0,0.0,0.0,0.0,,,,,
4096,32,32,16,1,4096,5,0,1984,False,vllm_0.5.1_flash_attn,0.002,0.002,0.002,0.002,0.0,0.064,0.065,0.0648,0.065,0.00040000000000000034,0.0,0.0,0.0,0.0,0.0,0.0,0.0,0.0,0.0,0.0,,,,,
4096,32,32,16,1,4096,6,0,1984,False,vllm_0.5.1_flash_attn,0.002,0.002,0.002,0.002,0.0,0.076,0.077,0.0762,0.076,0.00040000000000000034,0.0,0.0,0.0,0.0,0.0,0.0,0.0,0.0,0.0,0.0,,,,,
4096,32,32,16,1,4096,7,0,1984,False,vllm_0.5.1_flash_attn,0.002,0.002,0.002,0.002,0.0,0.078,0.079,0.0784,0.078,0.000489897948556636,0.0,0.0,0.0,0.0,0.0,0.0,0.0,0.0,0.0,0.0,,,,,
4096,32,32,16,1,4096,8,0,1984,False,vllm_0.5.1_flash_attn,0.002,0.002,0.002,0.002,0.0,0.08700000000000001,0.09,0.0882,0.088,0.0009797958971132688,0.0,0.0,0.0,0.0,0.0,0.0,0.0,0.0,0.0,0.0,,,,,
4096,32,32,16,1,4096,1,0,2048,False,vllm_0.5.1_flash_attn,0.002,0.002,0.002,0.002,0.0,0.018000000000000002,0.019,0.0184,0.018000000000000002,0.0004898979485566344,0.0,0.0,0.0,0.0,0.0,0.0,0.0,0.0,0.0,0.0,,,,,
4096,32,32,16,1,4096,2,0,2048,False,vllm_0.5.1_flash_attn,0.002,0.002,0.002,0.002,0.0,0.03,0.031,0.0304,0.03,0.000489897948556636,0.0,0.0,0.0,0.0,0.0,0.0,0.0,0.0,0.0,0.0,,,,,
4096,32,32,16,1,4096,3,0,2048,False,vllm_0.5.1_flash_attn,0.002,0.002,0.002,0.002,0.0,0.047,0.047,0.047,0.047,0.0,0.0,0.0,0.0,0.0,0.0,0.0,0.0,0.0,0.0,0.0,,,,,
4096,32,32,16,1,4096,4,0,2048,False,vllm_0.5.1_flash_attn,0.002,0.002,0.002,0.002,0.0,0.052000000000000005,0.054,0.0526,0.052000000000000005,0.0007999999999999975,0.0,0.0,0.0,0.0,0.0,0.0,0.0,0.0,0.0,0.0,,,,,
4096,32,32,16,1,4096,5,0,2048,False,vllm_0.5.1_flash_attn,0.002,0.002,0.002,0.002,0.0,0.065,0.066,0.0656,0.066,0.000489897948556636,0.0,0.0,0.0,0.0,0.0,0.0,0.0,0.0,0.0,0.0,,,,,
4096,32,32,16,1,4096,6,0,2048,False,vllm_0.5.1_flash_attn,0.002,0.002,0.002,0.002,0.0,0.08,0.082,0.081,0.081,0.0008944271909999167,0.0,0.0,0.0,0.0,0.0,0.0,0.0,0.0,0.0,0.0,,,,,
4096,32,32,16,1,4096,7,0,2048,False,vllm_0.5.1_flash_attn,0.002,0.002,0.002,0.002,0.0,0.082,0.084,0.08320000000000001,0.084,0.000979795897113272,0.0,0.0,0.0,0.0,0.0,0.0,0.0,0.0,0.0,0.0,,,,,
4096,32,32,16,1,4096,8,0,2048,False,vllm_0.5.1_flash_attn,0.002,0.002,0.002,0.002,0.0,0.091,0.093,0.09219999999999999,0.092,0.0007483314773547889,0.0,0.0,0.0,0.0,0.0,0.0,0.0,0.0,0.0,0.0,,,,,
4096,32,32,16,1,4096,1,0,2112,False,vllm_0.5.1_flash_attn,0.002,0.002,0.002,0.002,0.0,0.018000000000000002,0.02,0.0188,0.019,0.0007483314773547874,0.0,0.0,0.0,0.0,0.0,0.0,0.0,0.0,0.0,0.0,,,,,
4096,32,32,16,1,4096,2,0,2112,False,vllm_0.5.1_flash_attn,0.002,0.002,0.002,0.002,0.0,0.03,0.032,0.0308,0.031,0.0007483314773547889,0.0,0.0,0.0,0.0,0.0,0.0,0.0,0.0,0.0,0.0,,,,,
4096,32,32,16,1,4096,3,0,2112,False,vllm_0.5.1_flash_attn,0.002,0.002,0.002,0.002,0.0,0.047,0.048,0.047799999999999995,0.048,0.00040000000000000034,0.0,0.0,0.0,0.0,0.0,0.0,0.0,0.0,0.0,0.0,,,,,
4096,32,32,16,1,4096,4,0,2112,False,vllm_0.5.1_flash_attn,0.002,0.002,0.002,0.002,0.0,0.052000000000000005,0.054,0.0534,0.054,0.0007999999999999983,0.0,0.0,0.0,0.0,0.0,0.0,0.0,0.0,0.0,0.0,,,,,
4096,32,32,16,1,4096,5,0,2112,False,vllm_0.5.1_flash_attn,0.002,0.002,0.002,0.002,0.0,0.066,0.068,0.0668,0.067,0.0007483314773547889,0.0,0.0,0.0,0.0,0.0,0.0,0.0,0.0,0.0,0.0,,,,,
4096,32,32,16,1,4096,6,0,2112,False,vllm_0.5.1_flash_attn,0.002,0.002,0.002,0.002,0.0,0.082,0.084,0.08320000000000001,0.083,0.0007483314773547889,0.0,0.0,0.0,0.0,0.0,0.0,0.0,0.0,0.0,0.0,,,,,
4096,32,32,16,1,4096,7,0,2112,False,vllm_0.5.1_flash_attn,0.002,0.002,0.002,0.002,0.0,0.082,0.085,0.08380000000000001,0.084,0.000979795897113272,0.0,0.0,0.0,0.0,0.0,0.0,0.0,0.0,0.0,0.0,,,,,
4096,32,32,16,1,4096,8,0,2112,False,vllm_0.5.1_flash_attn,0.002,0.002,0.002,0.002,0.0,0.093,0.094,0.09359999999999999,0.094,0.000489897948556636,0.0,0.0,0.0,0.0,0.0,0.0,0.0,0.0,0.0,0.0,,,,,
4096,32,32,16,1,4096,1,0,2176,False,vllm_0.5.1_flash_attn,0.002,0.002,0.002,0.002,0.0,0.018000000000000002,0.019,0.0188,0.019,0.000399999999999999,0.0,0.0,0.0,0.0,0.0,0.0,0.0,0.0,0.0,0.0,,,,,
4096,32,32,16,1,4096,2,0,2176,False,vllm_0.5.1_flash_attn,0.002,0.002,0.002,0.002,0.0,0.031,0.033,0.032,0.032,0.0006324555320336764,0.0,0.0,0.0,0.0,0.0,0.0,0.0,0.0,0.0,0.0,,,,,
4096,32,32,16,1,4096,3,0,2176,False,vllm_0.5.1_flash_attn,0.002,0.002,0.002,0.002,0.0,0.048,0.048,0.048,0.048,0.0,0.0,0.0,0.0,0.0,0.0,0.0,0.0,0.0,0.0,0.0,,,,,
4096,32,32,16,1,4096,4,0,2176,False,vllm_0.5.1_flash_attn,0.002,0.002,0.002,0.002,0.0,0.054,0.055,0.054400000000000004,0.054,0.000489897948556636,0.0,0.0,0.0,0.0,0.0,0.0,0.0,0.0,0.0,0.0,,,,,
4096,32,32,16,1,4096,5,0,2176,False,vllm_0.5.1_flash_attn,0.002,0.002,0.002,0.002,0.0,0.068,0.069,0.06820000000000001,0.068,0.00040000000000000034,0.0,0.0,0.0,0.0,0.0,0.0,0.0,0.0,0.0,0.0,,,,,
4096,32,32,16,1,4096,6,0,2176,False,vllm_0.5.1_flash_attn,0.002,0.002,0.002,0.002,0.0,0.082,0.084,0.08280000000000001,0.083,0.0007483314773547889,0.0,0.0,0.0,0.0,0.0,0.0,0.0,0.0,0.0,0.0,,,,,
4096,32,32,16,1,4096,7,0,2176,False,vllm_0.5.1_flash_attn,0.002,0.002,0.002,0.002,0.0,0.08700000000000001,0.088,0.08720000000000001,0.08700000000000001,0.0003999999999999948,0.0,0.0,0.0,0.0,0.0,0.0,0.0,0.0,0.0,0.0,,,,,
4096,32,32,16,1,4096,8,0,2176,False,vllm_0.5.1_flash_attn,0.002,0.002,0.002,0.002,0.0,0.097,0.099,0.0978,0.098,0.0007483314773547889,0.0,0.0,0.0,0.0,0.0,0.0,0.0,0.0,0.0,0.0,,,,,
4096,32,32,16,1,4096,1,0,2240,False,vllm_0.5.1_flash_attn,0.002,0.002,0.002,0.002,0.0,0.019,0.019,0.019,0.019,0.0,0.0,0.0,0.0,0.0,0.0,0.0,0.0,0.0,0.0,0.0,,,,,
4096,32,32,16,1,4096,2,0,2240,False,vllm_0.5.1_flash_attn,0.002,0.002,0.002,0.002,0.0,0.032,0.033,0.0322,0.032,0.00040000000000000034,0.0,0.0,0.0,0.0,0.0,0.0,0.0,0.0,0.0,0.0,,,,,
4096,32,32,16,1,4096,3,0,2240,False,vllm_0.5.1_flash_attn,0.002,0.002,0.002,0.002,0.0,0.048,0.049,0.0486,0.049,0.000489897948556636,0.0,0.0,0.0,0.0,0.0,0.0,0.0,0.0,0.0,0.0,,,,,
4096,32,32,16,1,4096,4,0,2240,False,vllm_0.5.1_flash_attn,0.002,0.002,0.002,0.002,0.0,0.054,0.056,0.05500000000000001,0.055,0.0006324555320336764,0.0,0.0,0.0,0.0,0.0,0.0,0.0,0.0,0.0,0.0,,,,,
4096,32,32,16,1,4096,5,0,2240,False,vllm_0.5.1_flash_attn,0.002,0.002,0.002,0.002,0.0,0.069,0.07,0.0698,0.07,0.00040000000000000034,0.0,0.0,0.0,0.0,0.0,0.0,0.0,0.0,0.0,0.0,,,,,
4096,32,32,16,1,4096,6,0,2240,False,vllm_0.5.1_flash_attn,0.002,0.002,0.002,0.002,0.0,0.083,0.085,0.0844,0.085,0.0008000000000000007,0.0,0.0,0.0,0.0,0.0,0.0,0.0,0.0,0.0,0.0,,,,,
4096,32,32,16,1,4096,7,0,2240,False,vllm_0.5.1_flash_attn,0.002,0.002,0.002,0.002,0.0,0.088,0.088,0.088,0.088,0.0,0.0,0.0,0.0,0.0,0.0,0.0,0.0,0.0,0.0,0.0,,,,,
4096,32,32,16,1,4096,8,0,2240,False,vllm_0.5.1_flash_attn,0.002,0.002,0.002,0.002,0.0,0.098,0.099,0.0988,0.099,0.00040000000000000034,0.0,0.0,0.0,0.0,0.0,0.0,0.0,0.0,0.0,0.0,,,,,
4096,32,32,16,1,4096,1,0,2304,False,vllm_0.5.1_flash_attn,0.002,0.002,0.002,0.002,0.0,0.019,0.019,0.019,0.019,0.0,0.0,0.0,0.0,0.0,0.0,0.0,0.0,0.0,0.0,0.0,,,,,
4096,32,32,16,1,4096,2,0,2304,False,vllm_0.5.1_flash_attn,0.002,0.002,0.002,0.002,0.0,0.033,0.034,0.0334,0.033,0.000489897948556636,0.0,0.0,0.0,0.0,0.0,0.0,0.0,0.0,0.0,0.0,,,,,
4096,32,32,16,1,4096,3,0,2304,False,vllm_0.5.1_flash_attn,0.002,0.002,0.002,0.002,0.0,0.048,0.05,0.049,0.049,0.0006324555320336764,0.0,0.0,0.0,0.0,0.0,0.0,0.0,0.0,0.0,0.0,,,,,
4096,32,32,16,1,4096,4,0,2304,False,vllm_0.5.1_flash_attn,0.002,0.002,0.002,0.002,0.0,0.057,0.058,0.057600000000000005,0.058,0.000489897948556636,0.0,0.0,0.0,0.0,0.0,0.0,0.0,0.0,0.0,0.0,,,,,
4096,32,32,16,1,4096,5,0,2304,False,vllm_0.5.1_flash_attn,0.002,0.002,0.002,0.002,0.0,0.073,0.074,0.0738,0.074,0.00040000000000000034,0.0,0.0,0.0,0.0,0.0,0.0,0.0,0.0,0.0,0.0,,,,,
4096,32,32,16,1,4096,6,0,2304,False,vllm_0.5.1_flash_attn,0.002,0.002,0.002,0.002,0.0,0.084,0.08600000000000001,0.08520000000000001,0.085,0.0007483314773547889,0.0,0.0,0.0,0.0,0.0,0.0,0.0,0.0,0.0,0.0,,,,,
4096,32,32,16,1,4096,7,0,2304,False,vllm_0.5.1_flash_attn,0.002,0.002,0.002,0.002,0.0,0.092,0.093,0.09259999999999999,0.093,0.000489897948556636,0.0,0.0,0.0,0.0,0.0,0.0,0.0,0.0,0.0,0.0,,,,,
4096,32,32,16,1,4096,8,0,2304,False,vllm_0.5.1_flash_attn,0.002,0.002,0.002,0.002,0.0,0.10200000000000001,0.10300000000000001,0.1022,0.10200000000000001,0.00040000000000000034,0.0,0.0,0.0,0.0,0.0,0.0,0.0,0.0,0.0,0.0,,,,,
4096,32,32,16,1,4096,1,0,2368,False,vllm_0.5.1_flash_attn,0.002,0.002,0.002,0.002,0.0,0.019,0.019,0.019,0.019,0.0,0.0,0.0,0.0,0.0,0.0,0.0,0.0,0.0,0.0,0.0,,,,,
4096,32,32,16,1,4096,2,0,2368,False,vllm_0.5.1_flash_attn,0.002,0.002,0.002,0.002,0.0,0.033,0.034,0.0334,0.033,0.000489897948556636,0.0,0.0,0.0,0.0,0.0,0.0,0.0,0.0,0.0,0.0,,,,,
4096,32,32,16,1,4096,3,0,2368,False,vllm_0.5.1_flash_attn,0.002,0.002,0.002,0.002,0.0,0.05,0.051000000000000004,0.0502,0.05,0.00040000000000000034,0.0,0.0,0.0,0.0,0.0,0.0,0.0,0.0,0.0,0.0,,,,,
4096,32,32,16,1,4096,4,0,2368,False,vllm_0.5.1_flash_attn,0.002,0.002,0.002,0.002,0.0,0.058,0.059000000000000004,0.058600000000000006,0.059000000000000004,0.000489897948556636,0.0,0.0,0.0,0.0,0.0,0.0,0.0,0.0,0.0,0.0,,,,,
4096,32,32,16,1,4096,5,0,2368,False,vllm_0.5.1_flash_attn,0.002,0.002,0.002,0.002,0.0,0.074,0.076,0.0752,0.075,0.0007483314773547889,0.0,0.0,0.0,0.0,0.0,0.0,0.0,0.0,0.0,0.0,,,,,
4096,32,32,16,1,4096,6,0,2368,False,vllm_0.5.1_flash_attn,0.002,0.002,0.002,0.002,0.0,0.08600000000000001,0.088,0.087,0.08700000000000001,0.0008944271909999105,0.0,0.0,0.0,0.0,0.0,0.0,0.0,0.0,0.0,0.0,,,,,
4096,32,32,16,1,4096,7,0,2368,False,vllm_0.5.1_flash_attn,0.002,0.002,0.002,0.002,0.0,0.092,0.093,0.0928,0.093,0.00040000000000000034,0.0,0.0,0.0,0.0,0.0,0.0,0.0,0.0,0.0,0.0,,,,,
4096,32,32,16,1,4096,8,0,2368,False,vllm_0.5.1_flash_attn,0.002,0.002,0.002,0.002,0.0,0.10400000000000001,0.105,0.1044,0.10400000000000001,0.0004898979485566293,0.0,0.0,0.0,0.0,0.0,0.0,0.0,0.0,0.0,0.0,,,,,
4096,32,32,16,1,4096,1,0,2432,False,vllm_0.5.1_flash_attn,0.002,0.002,0.002,0.002,0.0,0.019,0.02,0.019200000000000002,0.019,0.00040000000000000034,0.0,0.0,0.0,0.0,0.0,0.0,0.0,0.0,0.0,0.0,,,,,
4096,32,32,16,1,4096,2,0,2432,False,vllm_0.5.1_flash_attn,0.002,0.002,0.002,0.002,0.0,0.034,0.035,0.0344,0.034,0.000489897948556636,0.0,0.0,0.0,0.0,0.0,0.0,0.0,0.0,0.0,0.0,,,,,
4096,32,32,16,1,4096,3,0,2432,False,vllm_0.5.1_flash_attn,0.002,0.002,0.002,0.002,0.0,0.05,0.052000000000000005,0.0512,0.051000000000000004,0.0007483314773547889,0.0,0.0,0.0,0.0,0.0,0.0,0.0,0.0,0.0,0.0,,,,,
4096,32,32,16,1,4096,4,0,2432,False,vllm_0.5.1_flash_attn,0.002,0.002,0.002,0.002,0.0,0.059000000000000004,0.061,0.06,0.06,0.0006324555320336743,0.0,0.0,0.0,0.0,0.0,0.0,0.0,0.0,0.0,0.0,,,,,
4096,32,32,16,1,4096,5,0,2432,False,vllm_0.5.1_flash_attn,0.002,0.002,0.002,0.002,0.0,0.076,0.076,0.076,0.076,0.0,0.0,0.0,0.0,0.0,0.0,0.0,0.0,0.0,0.0,0.0,,,,,
4096,32,32,16,1,4096,6,0,2432,False,vllm_0.5.1_flash_attn,0.002,0.002,0.002,0.002,0.0,0.088,0.092,0.09019999999999999,0.09,0.001326649916142161,0.0,0.0,0.0,0.0,0.0,0.0,0.0,0.0,0.0,0.0,,,,,
4096,32,32,16,1,4096,7,0,2432,False,vllm_0.5.1_flash_attn,0.002,0.002,0.002,0.002,0.0,0.097,0.098,0.09759999999999999,0.098,0.000489897948556636,0.0,0.0,0.0,0.0,0.0,0.0,0.0,0.0,0.0,0.0,,,,,
4096,32,32,16,1,4096,8,0,2432,False,vllm_0.5.1_flash_attn,0.002,0.002,0.002,0.002,0.0,0.108,0.109,0.10880000000000001,0.109,0.00040000000000000034,0.0,0.0,0.0,0.0,0.0,0.0,0.0,0.0,0.0,0.0,,,,,
4096,32,32,16,1,4096,1,0,2496,False,vllm_0.5.1_flash_attn,0.002,0.002,0.002,0.002,0.0,0.019,0.02,0.0196,0.02,0.000489897948556636,0.0,0.0,0.0,0.0,0.0,0.0,0.0,0.0,0.0,0.0,,,,,
4096,32,32,16,1,4096,2,0,2496,False,vllm_0.5.1_flash_attn,0.002,0.002,0.002,0.002,0.0,0.034,0.036000000000000004,0.035,0.035,0.0008944271909999167,0.0,0.0,0.0,0.0,0.0,0.0,0.0,0.0,0.0,0.0,,,,,
4096,32,32,16,1,4096,3,0,2496,False,vllm_0.5.1_flash_attn,0.002,0.002,0.002,0.002,0.0,0.051000000000000004,0.053,0.0518,0.052000000000000005,0.0007483314773547867,0.0,0.0,0.0,0.0,0.0,0.0,0.0,0.0,0.0,0.0,,,,,
4096,32,32,16,1,4096,4,0,2496,False,vllm_0.5.1_flash_attn,0.002,0.002,0.002,0.002,0.0,0.06,0.062,0.0608,0.061,0.0007483314773547889,0.0,0.0,0.0,0.0,0.0,0.0,0.0,0.0,0.0,0.0,,,,,
4096,32,32,16,1,4096,5,0,2496,False,vllm_0.5.1_flash_attn,0.002,0.002,0.002,0.002,0.0,0.076,0.078,0.077,0.077,0.0006324555320336764,0.0,0.0,0.0,0.0,0.0,0.0,0.0,0.0,0.0,0.0,,,,,
4096,32,32,16,1,4096,6,0,2496,False,vllm_0.5.1_flash_attn,0.002,0.002,0.002,0.002,0.0,0.091,0.093,0.092,0.092,0.0008944271909999167,0.0,0.0,0.0,0.0,0.0,0.0,0.0,0.0,0.0,0.0,,,,,
4096,32,32,16,1,4096,7,0,2496,False,vllm_0.5.1_flash_attn,0.002,0.002,0.002,0.002,0.0,0.097,0.098,0.0974,0.097,0.000489897948556636,0.0,0.0,0.0,0.0,0.0,0.0,0.0,0.0,0.0,0.0,,,,,
4096,32,32,16,1,4096,8,0,2496,False,vllm_0.5.1_flash_attn,0.002,0.002,0.002,0.002,0.0,0.109,0.11,0.1092,0.109,0.00040000000000000034,0.0,0.0,0.0,0.0,0.0,0.0,0.0,0.0,0.0,0.0,,,,,
4096,32,32,16,1,4096,1,0,2560,False,vllm_0.5.1_flash_attn,0.002,0.002,0.002,0.002,0.0,0.022,0.024,0.023,0.023,0.0008944271909999167,0.0,0.0,0.0,0.0,0.0,0.0,0.0,0.0,0.0,0.0,,,,,
4096,32,32,16,1,4096,2,0,2560,False,vllm_0.5.1_flash_attn,0.002,0.002,0.002,0.002,0.0,0.036000000000000004,0.037,0.0366,0.037,0.0004898979485566326,0.0,0.0,0.0,0.0,0.0,0.0,0.0,0.0,0.0,0.0,,,,,
4096,32,32,16,1,4096,3,0,2560,False,vllm_0.5.1_flash_attn,0.002,0.002,0.002,0.002,0.0,0.055,0.056,0.0558,0.056,0.00040000000000000034,0.0,0.0,0.0,0.0,0.0,0.0,0.0,0.0,0.0,0.0,,,,,
4096,32,32,16,1,4096,4,0,2560,False,vllm_0.5.1_flash_attn,0.002,0.002,0.002,0.002,0.0,0.062,0.063,0.0626,0.063,0.000489897948556636,0.0,0.0,0.0,0.0,0.0,0.0,0.0,0.0,0.0,0.0,,,,,
4096,32,32,16,1,4096,5,0,2560,False,vllm_0.5.1_flash_attn,0.002,0.002,0.002,0.002,0.0,0.078,0.079,0.0782,0.078,0.00040000000000000034,0.0,0.0,0.0,0.0,0.0,0.0,0.0,0.0,0.0,0.0,,,,,
4096,32,32,16,1,4096,6,0,2560,False,vllm_0.5.1_flash_attn,0.002,0.002,0.002,0.002,0.0,0.095,0.097,0.096,0.096,0.0006324555320336764,0.0,0.0,0.0,0.0,0.0,0.0,0.0,0.0,0.0,0.0,,,,,
4096,32,32,16,1,4096,7,0,2560,False,vllm_0.5.1_flash_attn,0.002,0.002,0.002,0.002,0.0,0.101,0.10200000000000001,0.1018,0.10200000000000001,0.00040000000000000034,0.0,0.0,0.0,0.0,0.0,0.0,0.0,0.0,0.0,0.0,,,,,
4096,32,32,16,1,4096,8,0,2560,False,vllm_0.5.1_flash_attn,0.002,0.002,0.002,0.002,0.0,0.113,0.114,0.11340000000000001,0.113,0.000489897948556636,0.0,0.0,0.0,0.0,0.0,0.0,0.0,0.0,0.0,0.0,,,,,
4096,32,32,16,1,4096,1,0,2624,False,vllm_0.5.1_flash_attn,0.002,0.002,0.002,0.002,0.0,0.023,0.024,0.023399999999999997,0.023,0.000489897948556636,0.0,0.0,0.0,0.0,0.0,0.0,0.0,0.0,0.0,0.0,,,,,
4096,32,32,16,1,4096,2,0,2624,False,vllm_0.5.1_flash_attn,0.002,0.002,0.002,0.002,0.0,0.036000000000000004,0.038,0.037,0.037,0.0006324555320336743,0.0,0.0,0.0,0.0,0.0,0.0,0.0,0.0,0.0,0.0,,,,,
4096,32,32,16,1,4096,3,0,2624,False,vllm_0.5.1_flash_attn,0.002,0.002,0.002,0.002,0.0,0.056,0.057,0.056600000000000004,0.057,0.000489897948556636,0.0,0.0,0.0,0.0,0.0,0.0,0.0,0.0,0.0,0.0,,,,,
4096,32,32,16,1,4096,4,0,2624,False,vllm_0.5.1_flash_attn,0.002,0.002,0.002,0.002,0.0,0.062,0.064,0.0636,0.064,0.0008000000000000007,0.0,0.0,0.0,0.0,0.0,0.0,0.0,0.0,0.0,0.0,,,,,
4096,32,32,16,1,4096,5,0,2624,False,vllm_0.5.1_flash_attn,0.002,0.002,0.002,0.002,0.0,0.081,0.082,0.0814,0.081,0.000489897948556636,0.0,0.0,0.0,0.0,0.0,0.0,0.0,0.0,0.0,0.0,,,,,
4096,32,32,16,1,4096,6,0,2624,False,vllm_0.5.1_flash_attn,0.002,0.002,0.002,0.002,0.0,0.098,0.099,0.0982,0.098,0.00040000000000000034,0.0,0.0,0.0,0.0,0.0,0.0,0.0,0.0,0.0,0.0,,,,,
4096,32,32,16,1,4096,7,0,2624,False,vllm_0.5.1_flash_attn,0.002,0.002,0.002,0.002,0.0,0.101,0.10300000000000001,0.1022,0.10200000000000001,0.0007483314773547889,0.0,0.0,0.0,0.0,0.0,0.0,0.0,0.0,0.0,0.0,,,,,
4096,32,32,16,1,4096,8,0,2624,False,vllm_0.5.1_flash_attn,0.002,0.002,0.002,0.002,0.0,0.114,0.116,0.11480000000000001,0.115,0.0007483314773547889,0.0,0.0,0.0,0.0,0.0,0.0,0.0,0.0,0.0,0.0,,,,,
4096,32,32,16,1,4096,1,0,2688,False,vllm_0.5.1_flash_attn,0.002,0.002,0.002,0.002,0.0,0.021,0.022,0.021200000000000004,0.021,0.000399999999999999,0.0,0.0,0.0,0.0,0.0,0.0,0.0,0.0,0.0,0.0,,,,,
4096,32,32,16,1,4096,2,0,2688,False,vllm_0.5.1_flash_attn,0.002,0.002,0.002,0.002,0.0,0.037,0.038,0.0374,0.037,0.000489897948556636,0.0,0.0,0.0,0.0,0.0,0.0,0.0,0.0,0.0,0.0,,,,,
4096,32,32,16,1,4096,3,0,2688,False,vllm_0.5.1_flash_attn,0.002,0.002,0.002,0.002,0.0,0.056,0.057,0.05620000000000001,0.056,0.00040000000000000034,0.0,0.0,0.0,0.0,0.0,0.0,0.0,0.0,0.0,0.0,,,,,
4096,32,32,16,1,4096,4,0,2688,False,vllm_0.5.1_flash_attn,0.002,0.002,0.002,0.002,0.0,0.064,0.065,0.0648,0.065,0.00040000000000000034,0.0,0.0,0.0,0.0,0.0,0.0,0.0,0.0,0.0,0.0,,,,,
4096,32,32,16,1,4096,5,0,2688,False,vllm_0.5.1_flash_attn,0.002,0.002,0.002,0.002,0.0,0.083,0.085,0.08420000000000001,0.084,0.0007483314773547889,0.0,0.0,0.0,0.0,0.0,0.0,0.0,0.0,0.0,0.0,,,,,
4096,32,32,16,1,4096,6,0,2688,False,vllm_0.5.1_flash_attn,0.002,0.002,0.002,0.002,0.0,0.098,0.099,0.0988,0.099,0.00040000000000000034,0.0,0.0,0.0,0.0,0.0,0.0,0.0,0.0,0.0,0.0,,,,,
4096,32,32,16,1,4096,7,0,2688,False,vllm_0.5.1_flash_attn,0.002,0.002,0.002,0.002,0.0,0.106,0.106,0.10600000000000001,0.106,0.0,0.0,0.0,0.0,0.0,0.0,0.0,0.0,0.0,0.0,0.0,,,,,
4096,32,32,16,1,4096,8,0,2688,False,vllm_0.5.1_flash_attn,0.002,0.002,0.002,0.002,0.0,0.11800000000000001,0.12,0.11880000000000002,0.11900000000000001,0.0007483314773547845,0.0,0.0,0.0,0.0,0.0,0.0,0.0,0.0,0.0,0.0,,,,,
4096,32,32,16,1,4096,1,0,2752,False,vllm_0.5.1_flash_attn,0.002,0.002,0.002,0.002,0.0,0.021,0.023,0.022,0.022,0.0008944271909999152,0.0,0.0,0.0,0.0,0.0,0.0,0.0,0.0,0.0,0.0,,,,,
4096,32,32,16,1,4096,2,0,2752,False,vllm_0.5.1_flash_attn,0.002,0.002,0.002,0.002,0.0,0.037,0.039,0.0378,0.038,0.0007483314773547889,0.0,0.0,0.0,0.0,0.0,0.0,0.0,0.0,0.0,0.0,,,,,
4096,32,32,16,1,4096,3,0,2752,False,vllm_0.5.1_flash_attn,0.002,0.002,0.002,0.002,0.0,0.056,0.058,0.057600000000000005,0.058,0.0008000000000000007,0.0,0.0,0.0,0.0,0.0,0.0,0.0,0.0,0.0,0.0,,,,,
4096,32,32,16,1,4096,4,0,2752,False,vllm_0.5.1_flash_attn,0.002,0.002,0.002,0.002,0.0,0.066,0.067,0.0664,0.066,0.000489897948556636,0.0,0.0,0.0,0.0,0.0,0.0,0.0,0.0,0.0,0.0,,,,,
4096,32,32,16,1,4096,5,0,2752,False,vllm_0.5.1_flash_attn,0.002,0.002,0.002,0.002,0.0,0.085,0.08600000000000001,0.0854,0.085,0.000489897948556636,0.0,0.0,0.0,0.0,0.0,0.0,0.0,0.0,0.0,0.0,,,,,
4096,32,32,16,1,4096,6,0,2752,False,vllm_0.5.1_flash_attn,0.002,0.002,0.002,0.002,0.0,0.099,0.10200000000000001,0.1,0.1,0.001095445115010333,0.0,0.0,0.0,0.0,0.0,0.0,0.0,0.0,0.0,0.0,,,,,
4096,32,32,16,1,4096,7,0,2752,False,vllm_0.5.1_flash_attn,0.002,0.002,0.002,0.002,0.0,0.106,0.107,0.10640000000000001,0.106,0.000489897948556636,0.0,0.0,0.0,0.0,0.0,0.0,0.0,0.0,0.0,0.0,,,,,
4096,32,32,16,1,4096,8,0,2752,False,vllm_0.5.1_flash_attn,0.002,0.002,0.002,0.002,0.0,0.11900000000000001,0.121,0.12,0.12,0.0006324555320336721,0.0,0.0,0.0,0.0,0.0,0.0,0.0,0.0,0.0,0.0,,,,,
4096,32,32,16,1,4096,1,0,2816,False,vllm_0.5.1_flash_attn,0.002,0.002,0.002,0.002,0.0,0.023,0.024,0.0232,0.023,0.00040000000000000034,0.0,0.0,0.0,0.0,0.0,0.0,0.0,0.0,0.0,0.0,,,,,
4096,32,32,16,1,4096,2,0,2816,False,vllm_0.5.1_flash_attn,0.002,0.002,0.002,0.002,0.0,0.038,0.039,0.0386,0.039,0.000489897948556636,0.0,0.0,0.0,0.0,0.0,0.0,0.0,0.0,0.0,0.0,,,,,
4096,32,32,16,1,4096,3,0,2816,False,vllm_0.5.1_flash_attn,0.002,0.002,0.002,0.002,0.0,0.057,0.058,0.05740000000000001,0.057,0.000489897948556636,0.0,0.0,0.0,0.0,0.0,0.0,0.0,0.0,0.0,0.0,,,,,
4096,32,32,16,1,4096,4,0,2816,False,vllm_0.5.1_flash_attn,0.002,0.002,0.002,0.002,0.0,0.068,0.069,0.0684,0.068,0.000489897948556636,0.0,0.0,0.0,0.0,0.0,0.0,0.0,0.0,0.0,0.0,,,,,
4096,32,32,16,1,4096,5,0,2816,False,vllm_0.5.1_flash_attn,0.002,0.002,0.002,0.002,0.0,0.085,0.08700000000000001,0.08620000000000001,0.08600000000000001,0.0007483314773547889,0.0,0.0,0.0,0.0,0.0,0.0,0.0,0.0,0.0,0.0,,,,,
4096,32,32,16,1,4096,6,0,2816,False,vllm_0.5.1_flash_attn,0.002,0.002,0.002,0.002,0.0,0.101,0.10200000000000001,0.1014,0.101,0.000489897948556636,0.0,0.0,0.0,0.0,0.0,0.0,0.0,0.0,0.0,0.0,,,,,
4096,32,32,16,1,4096,7,0,2816,False,vllm_0.5.1_flash_attn,0.002,0.002,0.002,0.002,0.0,0.111,0.112,0.11120000000000001,0.111,0.00040000000000000034,0.0,0.0,0.0,0.0,0.0,0.0,0.0,0.0,0.0,0.0,,,,,
4096,32,32,16,1,4096,8,0,2816,False,vllm_0.5.1_flash_attn,0.002,0.002,0.002,0.002,0.0,0.124,0.125,0.1244,0.124,0.000489897948556636,0.0,0.0,0.0,0.0,0.0,0.0,0.0,0.0,0.0,0.0,,,,,
4096,32,32,16,1,4096,1,0,2880,False,vllm_0.5.1_flash_attn,0.002,0.002,0.002,0.002,0.0,0.023,0.024,0.023799999999999998,0.024,0.00040000000000000034,0.0,0.0,0.0,0.0,0.0,0.0,0.0,0.0,0.0,0.0,,,,,
4096,32,32,16,1,4096,2,0,2880,False,vllm_0.5.1_flash_attn,0.002,0.002,0.002,0.002,0.0,0.038,0.039,0.0388,0.039,0.00040000000000000034,0.0,0.0,0.0,0.0,0.0,0.0,0.0,0.0,0.0,0.0,,,,,
4096,32,32,16,1,4096,3,0,2880,False,vllm_0.5.1_flash_attn,0.002,0.002,0.002,0.002,0.0,0.058,0.06,0.05900000000000001,0.059000000000000004,0.0006324555320336743,0.0,0.0,0.0,0.0,0.0,0.0,0.0,0.0,0.0,0.0,,,,,
4096,32,32,16,1,4096,4,0,2880,False,vllm_0.5.1_flash_attn,0.002,0.002,0.002,0.002,0.0,0.069,0.07,0.0694,0.069,0.000489897948556636,0.0,0.0,0.0,0.0,0.0,0.0,0.0,0.0,0.0,0.0,,,,,
4096,32,32,16,1,4096,5,0,2880,False,vllm_0.5.1_flash_attn,0.002,0.002,0.002,0.002,0.0,0.08600000000000001,0.088,0.08700000000000001,0.08700000000000001,0.0006324555320336721,0.0,0.0,0.0,0.0,0.0,0.0,0.0,0.0,0.0,0.0,,,,,
4096,32,32,16,1,4096,6,0,2880,False,vllm_0.5.1_flash_attn,0.002,0.002,0.002,0.002,0.0,0.10200000000000001,0.105,0.1032,0.10300000000000001,0.0011661903789690568,0.0,0.0,0.0,0.0,0.0,0.0,0.0,0.0,0.0,0.0,,,,,
4096,32,32,16,1,4096,7,0,2880,False,vllm_0.5.1_flash_attn,0.002,0.002,0.002,0.002,0.0,0.111,0.112,0.11140000000000001,0.111,0.000489897948556636,0.0,0.0,0.0,0.0,0.0,0.0,0.0,0.0,0.0,0.0,,,,,
4096,32,32,16,1,4096,8,0,2880,False,vllm_0.5.1_flash_attn,0.002,0.002,0.002,0.002,0.0,0.124,0.126,0.125,0.125,0.0006324555320336764,0.0,0.0,0.0,0.0,0.0,0.0,0.0,0.0,0.0,0.0,,,,,
4096,32,32,16,1,4096,1,0,2944,False,vllm_0.5.1_flash_attn,0.002,0.002,0.002,0.002,0.0,0.024,0.025,0.0246,0.025,0.000489897948556636,0.0,0.0,0.0,0.0,0.0,0.0,0.0,0.0,0.0,0.0,,,,,
4096,32,32,16,1,4096,2,0,2944,False,vllm_0.5.1_flash_attn,0.002,0.002,0.002,0.002,0.0,0.039,0.04,0.0396,0.04,0.000489897948556636,0.0,0.0,0.0,0.0,0.0,0.0,0.0,0.0,0.0,0.0,,,,,
4096,32,32,16,1,4096,3,0,2944,False,vllm_0.5.1_flash_attn,0.002,0.002,0.002,0.002,0.0,0.059000000000000004,0.06,0.059399999999999994,0.059000000000000004,0.0004898979485566326,0.0,0.0,0.0,0.0,0.0,0.0,0.0,0.0,0.0,0.0,,,,,
4096,32,32,16,1,4096,4,0,2944,False,vllm_0.5.1_flash_attn,0.002,0.002,0.002,0.002,0.0,0.069,0.07100000000000001,0.07020000000000001,0.07,0.0007483314773547889,0.0,0.0,0.0,0.0,0.0,0.0,0.0,0.0,0.0,0.0,,,,,
4096,32,32,16,1,4096,5,0,2944,False,vllm_0.5.1_flash_attn,0.002,0.002,0.002,0.002,0.0,0.088,0.089,0.08819999999999999,0.088,0.00040000000000000034,0.0,0.0,0.0,0.0,0.0,0.0,0.0,0.0,0.0,0.0,,,,,
4096,32,32,16,1,4096,6,0,2944,False,vllm_0.5.1_flash_attn,0.002,0.002,0.002,0.002,0.0,0.106,0.107,0.1062,0.106,0.00040000000000000034,0.0,0.0,0.0,0.0,0.0,0.0,0.0,0.0,0.0,0.0,,,,,
4096,32,32,16,1,4096,7,0,2944,False,vllm_0.5.1_flash_attn,0.002,0.002,0.002,0.002,0.0,0.114,0.117,0.11600000000000002,0.116,0.001095445115010333,0.0,0.0,0.0,0.0,0.0,0.0,0.0,0.0,0.0,0.0,,,,,
4096,32,32,16,1,4096,8,0,2944,False,vllm_0.5.1_flash_attn,0.002,0.002,0.002,0.002,0.0,0.129,0.13,0.12940000000000002,0.129,0.000489897948556636,0.0,0.0,0.0,0.0,0.0,0.0,0.0,0.0,0.0,0.0,,,,,
4096,32,32,16,1,4096,1,0,3008,False,vllm_0.5.1_flash_attn,0.002,0.002,0.002,0.002,0.0,0.024,0.026000000000000002,0.025,0.025,0.0006324555320336764,0.0,0.0,0.0,0.0,0.0,0.0,0.0,0.0,0.0,0.0,,,,,
4096,32,32,16,1,4096,2,0,3008,False,vllm_0.5.1_flash_attn,0.002,0.002,0.002,0.002,0.0,0.039,0.04,0.0398,0.04,0.00040000000000000034,0.0,0.0,0.0,0.0,0.0,0.0,0.0,0.0,0.0,0.0,,,,,
4096,32,32,16,1,4096,3,0,3008,False,vllm_0.5.1_flash_attn,0.002,0.002,0.002,0.002,0.0,0.059000000000000004,0.06,0.0598,0.06,0.0003999999999999976,0.0,0.0,0.0,0.0,0.0,0.0,0.0,0.0,0.0,0.0,,,,,
4096,32,32,16,1,4096,4,0,3008,False,vllm_0.5.1_flash_attn,0.002,0.002,0.002,0.002,0.0,0.07100000000000001,0.07200000000000001,0.0714,0.07100000000000001,0.000489897948556636,0.0,0.0,0.0,0.0,0.0,0.0,0.0,0.0,0.0,0.0,,,,,
4096,32,32,16,1,4096,5,0,3008,False,vllm_0.5.1_flash_attn,0.002,0.002,0.002,0.002,0.0,0.09,0.092,0.091,0.091,0.0006324555320336764,0.0,0.0,0.0,0.0,0.0,0.0,0.0,0.0,0.0,0.0,,,,,
4096,32,32,16,1,4096,6,0,3008,False,vllm_0.5.1_flash_attn,0.002,0.002,0.002,0.002,0.0,0.107,0.109,0.10800000000000001,0.108,0.0006324555320336764,0.0,0.0,0.0,0.0,0.0,0.0,0.0,0.0,0.0,0.0,,,,,
4096,32,32,16,1,4096,7,0,3008,False,vllm_0.5.1_flash_attn,0.002,0.002,0.002,0.002,0.0,0.115,0.11800000000000001,0.11680000000000001,0.117,0.000979795897113272,0.0,0.0,0.0,0.0,0.0,0.0,0.0,0.0,0.0,0.0,,,,,
4096,32,32,16,1,4096,8,0,3008,False,vllm_0.5.1_flash_attn,0.002,0.002,0.002,0.002,0.0,0.13,0.133,0.13140000000000002,0.131,0.001019803902718558,0.0,0.0,0.0,0.0,0.0,0.0,0.0,0.0,0.0,0.0,,,,,
4096,32,32,16,1,4096,1,0,3072,False,vllm_0.5.1_flash_attn,0.002,0.002,0.002,0.002,0.0,0.025,0.027,0.026000000000000002,0.026000000000000002,0.0006324555320336753,0.0,0.0,0.0,0.0,0.0,0.0,0.0,0.0,0.0,0.0,,,,,
4096,32,32,16,1,4096,2,0,3072,False,vllm_0.5.1_flash_attn,0.002,0.002,0.002,0.002,0.0,0.041,0.042,0.041800000000000004,0.042,0.00040000000000000034,0.0,0.0,0.0,0.0,0.0,0.0,0.0,0.0,0.0,0.0,,,,,
4096,32,32,16,1,4096,3,0,3072,False,vllm_0.5.1_flash_attn,0.002,0.002,0.002,0.002,0.0,0.06,0.062,0.061399999999999996,0.062,0.0008000000000000007,0.0,0.0,0.0,0.0,0.0,0.0,0.0,0.0,0.0,0.0,,,,,
4096,32,32,16,1,4096,4,0,3072,False,vllm_0.5.1_flash_attn,0.002,0.002,0.002,0.002,0.0,0.07200000000000001,0.074,0.073,0.073,0.0006324555320336721,0.0,0.0,0.0,0.0,0.0,0.0,0.0,0.0,0.0,0.0,,,,,
4096,32,32,16,1,4096,5,0,3072,False,vllm_0.5.1_flash_attn,0.002,0.002,0.002,0.002,0.0,0.093,0.094,0.0934,0.093,0.000489897948556636,0.0,0.0,0.0,0.0,0.0,0.0,0.0,0.0,0.0,0.0,,,,,
4096,32,32,16,1,4096,6,0,3072,False,vllm_0.5.1_flash_attn,0.002,0.002,0.002,0.002,0.0,0.112,0.113,0.11220000000000001,0.112,0.00040000000000000034,0.0,0.0,0.0,0.0,0.0,0.0,0.0,0.0,0.0,0.0,,,,,
4096,32,32,16,1,4096,7,0,3072,False,vllm_0.5.1_flash_attn,0.002,0.002,0.002,0.002,0.0,0.121,0.123,0.1216,0.121,0.0008000000000000007,0.0,0.0,0.0,0.0,0.0,0.0,0.0,0.0,0.0,0.0,,,,,
4096,32,32,16,1,4096,8,0,3072,False,vllm_0.5.1_flash_attn,0.002,0.002,0.002,0.002,0.0,0.133,0.135,0.13440000000000002,0.135,0.0008000000000000007,0.0,0.0,0.0,0.0,0.0,0.0,0.0,0.0,0.0,0.0,,,,,
4096,32,32,16,1,4096,1,0,3136,False,vllm_0.5.1_flash_attn,0.002,0.002,0.002,0.002,0.0,0.026000000000000002,0.028,0.0268,0.027,0.0007483314773547874,0.0,0.0,0.0,0.0,0.0,0.0,0.0,0.0,0.0,0.0,,,,,
4096,32,32,16,1,4096,2,0,3136,False,vllm_0.5.1_flash_attn,0.002,0.002,0.002,0.002,0.0,0.041,0.043000000000000003,0.041800000000000004,0.042,0.0007483314773547889,0.0,0.0,0.0,0.0,0.0,0.0,0.0,0.0,0.0,0.0,,,,,
4096,32,32,16,1,4096,3,0,3136,False,vllm_0.5.1_flash_attn,0.002,0.002,0.002,0.002,0.0,0.061,0.062,0.0618,0.062,0.00040000000000000034,0.0,0.0,0.0,0.0,0.0,0.0,0.0,0.0,0.0,0.0,,,,,
4096,32,32,16,1,4096,4,0,3136,False,vllm_0.5.1_flash_attn,0.002,0.002,0.002,0.002,0.0,0.073,0.074,0.0736,0.074,0.000489897948556636,0.0,0.0,0.0,0.0,0.0,0.0,0.0,0.0,0.0,0.0,,,,,
4096,32,32,16,1,4096,5,0,3136,False,vllm_0.5.1_flash_attn,0.002,0.002,0.002,0.002,0.0,0.094,0.096,0.095,0.095,0.0006324555320336764,0.0,0.0,0.0,0.0,0.0,0.0,0.0,0.0,0.0,0.0,,,,,
4096,32,32,16,1,4096,6,0,3136,False,vllm_0.5.1_flash_attn,0.002,0.002,0.002,0.002,0.0,0.113,0.117,0.11460000000000001,0.114,0.001356465996625055,0.0,0.0,0.0,0.0,0.0,0.0,0.0,0.0,0.0,0.0,,,,,
4096,32,32,16,1,4096,7,0,3136,False,vllm_0.5.1_flash_attn,0.002,0.002,0.002,0.002,0.0,0.12,0.124,0.12179999999999999,0.121,0.0014696938456699082,0.0,0.0,0.0,0.0,0.0,0.0,0.0,0.0,0.0,0.0,,,,,
4096,32,32,16,1,4096,8,0,3136,False,vllm_0.5.1_flash_attn,0.002,0.002,0.002,0.002,0.0,0.136,0.137,0.1366,0.137,0.000489897948556636,0.0,0.0,0.0,0.0,0.0,0.0,0.0,0.0,0.0,0.0,,,,,
4096,32,32,16,1,4096,1,0,3200,False,vllm_0.5.1_flash_attn,0.002,0.002,0.002,0.002,0.0,0.028,0.029,0.028600000000000004,0.029,0.000489897948556636,0.0,0.0,0.0,0.0,0.0,0.0,0.0,0.0,0.0,0.0,,,,,
4096,32,32,16,1,4096,2,0,3200,False,vllm_0.5.1_flash_attn,0.002,0.002,0.002,0.002,0.0,0.042,0.044,0.04240000000000001,0.042,0.000799999999999998,0.0,0.0,0.0,0.0,0.0,0.0,0.0,0.0,0.0,0.0,,,,,
4096,32,32,16,1,4096,3,0,3200,False,vllm_0.5.1_flash_attn,0.002,0.002,0.002,0.002,0.0,0.065,0.065,0.065,0.065,0.0,0.0,0.0,0.0,0.0,0.0,0.0,0.0,0.0,0.0,0.0,,,,,
4096,32,32,16,1,4096,4,0,3200,False,vllm_0.5.1_flash_attn,0.002,0.002,0.002,0.002,0.0,0.075,0.077,0.0756,0.075,0.0008000000000000007,0.0,0.0,0.0,0.0,0.0,0.0,0.0,0.0,0.0,0.0,,,,,
4096,32,32,16,1,4096,5,0,3200,False,vllm_0.5.1_flash_attn,0.002,0.002,0.002,0.002,0.0,0.095,0.096,0.0958,0.096,0.00040000000000000034,0.0,0.0,0.0,0.0,0.0,0.0,0.0,0.0,0.0,0.0,,,,,
4096,32,32,16,1,4096,6,0,3200,False,vllm_0.5.1_flash_attn,0.002,0.002,0.002,0.002,0.0,0.114,0.115,0.11480000000000001,0.115,0.00040000000000000034,0.0,0.0,0.0,0.0,0.0,0.0,0.0,0.0,0.0,0.0,,,,,
4096,32,32,16,1,4096,7,0,3200,False,vllm_0.5.1_flash_attn,0.002,0.002,0.002,0.002,0.0,0.126,0.128,0.1264,0.126,0.0008000000000000007,0.0,0.0,0.0,0.0,0.0,0.0,0.0,0.0,0.0,0.0,,,,,
4096,32,32,16,1,4096,8,0,3200,False,vllm_0.5.1_flash_attn,0.002,0.002,0.002,0.002,0.0,0.14,0.14100000000000001,0.14020000000000002,0.14,0.00040000000000000034,0.0,0.0,0.0,0.0,0.0,0.0,0.0,0.0,0.0,0.0,,,,,
4096,32,32,16,1,4096,1,0,3264,False,vllm_0.5.1_flash_attn,0.002,0.002,0.002,0.002,0.0,0.028,0.029,0.0284,0.028,0.000489897948556636,0.0,0.0,0.0,0.0,0.0,0.0,0.0,0.0,0.0,0.0,,,,,
4096,32,32,16,1,4096,2,0,3264,False,vllm_0.5.1_flash_attn,0.002,0.002,0.002,0.002,0.0,0.042,0.044,0.043,0.043000000000000003,0.0008944271909999135,0.0,0.0,0.0,0.0,0.0,0.0,0.0,0.0,0.0,0.0,,,,,
4096,32,32,16,1,4096,3,0,3264,False,vllm_0.5.1_flash_attn,0.002,0.002,0.002,0.002,0.0,0.065,0.066,0.0656,0.066,0.000489897948556636,0.0,0.0,0.0,0.0,0.0,0.0,0.0,0.0,0.0,0.0,,,,,
4096,32,32,16,1,4096,4,0,3264,False,vllm_0.5.1_flash_attn,0.002,0.002,0.002,0.002,0.0,0.077,0.077,0.077,0.077,0.0,0.0,0.0,0.0,0.0,0.0,0.0,0.0,0.0,0.0,0.0,,,,,
4096,32,32,16,1,4096,5,0,3264,False,vllm_0.5.1_flash_attn,0.002,0.002,0.002,0.002,0.0,0.096,0.097,0.0968,0.097,0.00040000000000000034,0.0,0.0,0.0,0.0,0.0,0.0,0.0,0.0,0.0,0.0,,,,,
4096,32,32,16,1,4096,6,0,3264,False,vllm_0.5.1_flash_attn,0.002,0.002,0.002,0.002,0.0,0.116,0.11800000000000001,0.11660000000000001,0.116,0.0008000000000000007,0.0,0.0,0.0,0.0,0.0,0.0,0.0,0.0,0.0,0.0,,,,,
4096,32,32,16,1,4096,7,0,3264,False,vllm_0.5.1_flash_attn,0.002,0.002,0.002,0.002,0.0,0.125,0.127,0.1258,0.126,0.0007483314773547889,0.0,0.0,0.0,0.0,0.0,0.0,0.0,0.0,0.0,0.0,,,,,
4096,32,32,16,1,4096,8,0,3264,False,vllm_0.5.1_flash_attn,0.002,0.002,0.002,0.002,0.0,0.14,0.14300000000000002,0.14120000000000002,0.14100000000000001,0.001166190378969061,0.0,0.0,0.0,0.0,0.0,0.0,0.0,0.0,0.0,0.0,,,,,
4096,32,32,16,1,4096,1,0,3328,False,vllm_0.5.1_flash_attn,0.002,0.002,0.002,0.002,0.0,0.028,0.029,0.028600000000000004,0.029,0.000489897948556636,0.0,0.0,0.0,0.0,0.0,0.0,0.0,0.0,0.0,0.0,,,,,
4096,32,32,16,1,4096,2,0,3328,False,vllm_0.5.1_flash_attn,0.002,0.002,0.002,0.002,0.0,0.043000000000000003,0.044,0.0438,0.044,0.0003999999999999976,0.0,0.0,0.0,0.0,0.0,0.0,0.0,0.0,0.0,0.0,,,,,
4096,32,32,16,1,4096,3,0,3328,False,vllm_0.5.1_flash_attn,0.002,0.002,0.002,0.002,0.0,0.066,0.067,0.0666,0.067,0.000489897948556636,0.0,0.0,0.0,0.0,0.0,0.0,0.0,0.0,0.0,0.0,,,,,
4096,32,32,16,1,4096,4,0,3328,False,vllm_0.5.1_flash_attn,0.002,0.002,0.002,0.002,0.0,0.078,0.079,0.0786,0.079,0.000489897948556636,0.0,0.0,0.0,0.0,0.0,0.0,0.0,0.0,0.0,0.0,,,,,
4096,32,32,16,1,4096,5,0,3328,False,vllm_0.5.1_flash_attn,0.002,0.002,0.002,0.002,0.0,0.098,0.099,0.0986,0.099,0.000489897948556636,0.0,0.0,0.0,0.0,0.0,0.0,0.0,0.0,0.0,0.0,,,,,
4096,32,32,16,1,4096,6,0,3328,False,vllm_0.5.1_flash_attn,0.002,0.002,0.002,0.002,0.0,0.116,0.11800000000000001,0.11700000000000002,0.117,0.0006324555320336764,0.0,0.0,0.0,0.0,0.0,0.0,0.0,0.0,0.0,0.0,,,,,
4096,32,32,16,1,4096,7,0,3328,False,vllm_0.5.1_flash_attn,0.002,0.002,0.002,0.002,0.0,0.128,0.13,0.129,0.129,0.0008944271909999167,0.0,0.0,0.0,0.0,0.0,0.0,0.0,0.0,0.0,0.0,,,,,
4096,32,32,16,1,4096,8,0,3328,False,vllm_0.5.1_flash_attn,0.002,0.002,0.002,0.002,0.0,0.14400000000000002,0.145,0.1446,0.145,0.0004898979485566225,0.0,0.0,0.0,0.0,0.0,0.0,0.0,0.0,0.0,0.0,,,,,
4096,32,32,16,1,4096,1,0,3392,False,vllm_0.5.1_flash_attn,0.002,0.002,0.002,0.002,0.0,0.028,0.029,0.028800000000000003,0.029,0.00040000000000000034,0.0,0.0,0.0,0.0,0.0,0.0,0.0,0.0,0.0,0.0,,,,,
4096,32,32,16,1,4096,2,0,3392,False,vllm_0.5.1_flash_attn,0.002,0.002,0.002,0.002,0.0,0.044,0.045,0.044399999999999995,0.044,0.000489897948556636,0.0,0.0,0.0,0.0,0.0,0.0,0.0,0.0,0.0,0.0,,,,,
4096,32,32,16,1,4096,3,0,3392,False,vllm_0.5.1_flash_attn,0.002,0.002,0.002,0.002,0.0,0.066,0.069,0.06720000000000001,0.067,0.000979795897113272,0.0,0.0,0.0,0.0,0.0,0.0,0.0,0.0,0.0,0.0,,,,,
4096,32,32,16,1,4096,4,0,3392,False,vllm_0.5.1_flash_attn,0.002,0.002,0.002,0.002,0.0,0.078,0.08,0.0792,0.079,0.0007483314773547889,0.0,0.0,0.0,0.0,0.0,0.0,0.0,0.0,0.0,0.0,,,,,
4096,32,32,16,1,4096,5,0,3392,False,vllm_0.5.1_flash_attn,0.002,0.002,0.002,0.002,0.0,0.098,0.1,0.0994,0.1,0.0008000000000000007,0.0,0.0,0.0,0.0,0.0,0.0,0.0,0.0,0.0,0.0,,,,,
4096,32,32,16,1,4096,6,0,3392,False,vllm_0.5.1_flash_attn,0.002,0.002,0.002,0.002,0.0,0.11800000000000001,0.12,0.11879999999999999,0.11800000000000001,0.0009797958971132653,0.0,0.0,0.0,0.0,0.0,0.0,0.0,0.0,0.0,0.0,,,,,
4096,32,32,16,1,4096,7,0,3392,False,vllm_0.5.1_flash_attn,0.002,0.002,0.002,0.002,0.0,0.129,0.131,0.1302,0.13,0.0007483314773547889,0.0,0.0,0.0,0.0,0.0,0.0,0.0,0.0,0.0,0.0,,,,,
4096,32,32,16,1,4096,8,0,3392,False,vllm_0.5.1_flash_attn,0.002,0.002,0.002,0.002,0.0,0.146,0.148,0.1472,0.147,0.0007483314773547889,0.0,0.0,0.0,0.0,0.0,0.0,0.0,0.0,0.0,0.0,,,,,
4096,32,32,16,1,4096,1,0,3456,False,vllm_0.5.1_flash_attn,0.002,0.002,0.002,0.002,0.0,0.028,0.029,0.028800000000000003,0.029,0.00040000000000000034,0.0,0.0,0.0,0.0,0.0,0.0,0.0,0.0,0.0,0.0,,,,,
4096,32,32,16,1,4096,2,0,3456,False,vllm_0.5.1_flash_attn,0.002,0.002,0.002,0.002,0.0,0.044,0.045,0.044599999999999994,0.045,0.000489897948556636,0.0,0.0,0.0,0.0,0.0,0.0,0.0,0.0,0.0,0.0,,,,,
4096,32,32,16,1,4096,3,0,3456,False,vllm_0.5.1_flash_attn,0.002,0.002,0.002,0.002,0.0,0.067,0.068,0.06720000000000001,0.067,0.00040000000000000034,0.0,0.0,0.0,0.0,0.0,0.0,0.0,0.0,0.0,0.0,,,,,
4096,32,32,16,1,4096,4,0,3456,False,vllm_0.5.1_flash_attn,0.002,0.002,0.002,0.002,0.0,0.079,0.08,0.0796,0.08,0.000489897948556636,0.0,0.0,0.0,0.0,0.0,0.0,0.0,0.0,0.0,0.0,,,,,
4096,32,32,16,1,4096,5,0,3456,False,vllm_0.5.1_flash_attn,0.002,0.002,0.002,0.002,0.0,0.101,0.10400000000000001,0.1026,0.10300000000000001,0.001019803902718558,0.0,0.0,0.0,0.0,0.0,0.0,0.0,0.0,0.0,0.0,,,,,
4096,32,32,16,1,4096,6,0,3456,False,vllm_0.5.1_flash_attn,0.002,0.002,0.002,0.002,0.0,0.12,0.121,0.12079999999999999,0.121,0.00040000000000000034,0.0,0.0,0.0,0.0,0.0,0.0,0.0,0.0,0.0,0.0,,,,,
4096,32,32,16,1,4096,7,0,3456,False,vllm_0.5.1_flash_attn,0.002,0.002,0.002,0.002,0.0,0.134,0.137,0.13520000000000001,0.135,0.000979795897113272,0.0,0.0,0.0,0.0,0.0,0.0,0.0,0.0,0.0,0.0,,,,,
4096,32,32,16,1,4096,8,0,3456,False,vllm_0.5.1_flash_attn,0.002,0.002,0.002,0.002,0.0,0.149,0.152,0.1506,0.151,0.001019803902718558,0.0,0.0,0.0,0.0,0.0,0.0,0.0,0.0,0.0,0.0,,,,,
4096,32,32,16,1,4096,1,0,3520,False,vllm_0.5.1_flash_attn,0.002,0.002,0.002,0.002,0.0,0.029,0.03,0.029200000000000004,0.029,0.000399999999999999,0.0,0.0,0.0,0.0,0.0,0.0,0.0,0.0,0.0,0.0,,,,,
4096,32,32,16,1,4096,2,0,3520,False,vllm_0.5.1_flash_attn,0.002,0.002,0.002,0.002,0.0,0.044,0.047,0.0452,0.045,0.000979795897113272,0.0,0.0,0.0,0.0,0.0,0.0,0.0,0.0,0.0,0.0,,,,,
4096,32,32,16,1,4096,3,0,3520,False,vllm_0.5.1_flash_attn,0.002,0.002,0.002,0.002,0.0,0.068,0.07,0.0684,0.068,0.0008000000000000007,0.0,0.0,0.0,0.0,0.0,0.0,0.0,0.0,0.0,0.0,,,,,
4096,32,32,16,1,4096,4,0,3520,False,vllm_0.5.1_flash_attn,0.002,0.002,0.002,0.002,0.0,0.082,0.083,0.08220000000000001,0.082,0.00040000000000000034,0.0,0.0,0.0,0.0,0.0,0.0,0.0,0.0,0.0,0.0,,,,,
4096,32,32,16,1,4096,5,0,3520,False,vllm_0.5.1_flash_attn,0.002,0.002,0.002,0.002,0.0,0.10400000000000001,0.105,0.1048,0.105,0.0003999999999999948,0.0,0.0,0.0,0.0,0.0,0.0,0.0,0.0,0.0,0.0,,,,,
4096,32,32,16,1,4096,6,0,3520,False,vllm_0.5.1_flash_attn,0.002,0.002,0.002,0.002,0.0,0.122,0.124,0.1232,0.123,0.0007483314773547889,0.0,0.0,0.0,0.0,0.0,0.0,0.0,0.0,0.0,0.0,,,,,
4096,32,32,16,1,4096,7,0,3520,False,vllm_0.5.1_flash_attn,0.002,0.002,0.002,0.002,0.0,0.133,0.136,0.1346,0.134,0.001200000000000001,0.0,0.0,0.0,0.0,0.0,0.0,0.0,0.0,0.0,0.0,,,,,
4096,32,32,16,1,4096,8,0,3520,False,vllm_0.5.1_flash_attn,0.002,0.002,0.002,0.002,0.0,0.15,0.153,0.1516,0.152,0.001019803902718558,0.0,0.0,0.0,0.0,0.0,0.0,0.0,0.0,0.0,0.0,,,,,
4096,32,32,16,1,4096,1,0,3584,False,vllm_0.5.1_flash_attn,0.002,0.002,0.002,0.002,0.0,0.029,0.031,0.03,0.03,0.0006324555320336753,0.0,0.0,0.0,0.0,0.0,0.0,0.0,0.0,0.0,0.0,,,,,
4096,32,32,16,1,4096,2,0,3584,False,vllm_0.5.1_flash_attn,0.002,0.002,0.002,0.002,0.0,0.046,0.049,0.0472,0.047,0.000979795897113272,0.0,0.0,0.0,0.0,0.0,0.0,0.0,0.0,0.0,0.0,,,,,
4096,32,32,16,1,4096,3,0,3584,False,vllm_0.5.1_flash_attn,0.002,0.002,0.002,0.002,0.0,0.068,0.07,0.069,0.069,0.0006324555320336764,0.0,0.0,0.0,0.0,0.0,0.0,0.0,0.0,0.0,0.0,,,,,
4096,32,32,16,1,4096,4,0,3584,False,vllm_0.5.1_flash_attn,0.002,0.002,0.002,0.002,0.0,0.084,0.085,0.08420000000000001,0.084,0.00040000000000000034,0.0,0.0,0.0,0.0,0.0,0.0,0.0,0.0,0.0,0.0,,,,,
4096,32,32,16,1,4096,5,0,3584,False,vllm_0.5.1_flash_attn,0.002,0.002,0.002,0.002,0.0,0.105,0.106,0.10540000000000001,0.105,0.000489897948556636,0.0,0.0,0.0,0.0,0.0,0.0,0.0,0.0,0.0,0.0,,,,,
4096,32,32,16,1,4096,6,0,3584,False,vllm_0.5.1_flash_attn,0.002,0.002,0.002,0.002,0.0,0.126,0.128,0.127,0.127,0.0006324555320336764,0.0,0.0,0.0,0.0,0.0,0.0,0.0,0.0,0.0,0.0,,,,,
4096,32,32,16,1,4096,7,0,3584,False,vllm_0.5.1_flash_attn,0.002,0.002,0.002,0.002,0.0,0.138,0.14200000000000002,0.1406,0.14100000000000001,0.0014966629547095778,0.0,0.0,0.0,0.0,0.0,0.0,0.0,0.0,0.0,0.0,,,,,
4096,32,32,16,1,4096,8,0,3584,False,vllm_0.5.1_flash_attn,0.002,0.002,0.002,0.002,0.0,0.154,0.156,0.155,0.155,0.0008944271909999167,0.0,0.0,0.0,0.0,0.0,0.0,0.0,0.0,0.0,0.0,,,,,
4096,32,32,16,1,4096,1,0,3648,False,vllm_0.5.1_flash_attn,0.002,0.002,0.002,0.002,0.0,0.028,0.03,0.029000000000000005,0.029,0.0006324555320336753,0.0,0.0,0.0,0.0,0.0,0.0,0.0,0.0,0.0,0.0,,,,,
4096,32,32,16,1,4096,2,0,3648,False,vllm_0.5.1_flash_attn,0.002,0.002,0.002,0.002,0.0,0.046,0.048,0.0472,0.047,0.0007483314773547889,0.0,0.0,0.0,0.0,0.0,0.0,0.0,0.0,0.0,0.0,,,,,
4096,32,32,16,1,4096,3,0,3648,False,vllm_0.5.1_flash_attn,0.002,0.002,0.002,0.002,0.0,0.069,0.07100000000000001,0.0698,0.07,0.0007483314773547889,0.0,0.0,0.0,0.0,0.0,0.0,0.0,0.0,0.0,0.0,,,,,
4096,32,32,16,1,4096,4,0,3648,False,vllm_0.5.1_flash_attn,0.002,0.002,0.002,0.002,0.0,0.085,0.08700000000000001,0.08560000000000001,0.085,0.0008000000000000007,0.0,0.0,0.0,0.0,0.0,0.0,0.0,0.0,0.0,0.0,,,,,
4096,32,32,16,1,4096,5,0,3648,False,vllm_0.5.1_flash_attn,0.002,0.002,0.002,0.002,0.0,0.106,0.107,0.1066,0.107,0.000489897948556636,0.0,0.0,0.0,0.0,0.0,0.0,0.0,0.0,0.0,0.0,,,,,
4096,32,32,16,1,4096,6,0,3648,False,vllm_0.5.1_flash_attn,0.002,0.002,0.002,0.002,0.0,0.128,0.13,0.129,0.129,0.0008944271909999167,0.0,0.0,0.0,0.0,0.0,0.0,0.0,0.0,0.0,0.0,,,,,
4096,32,32,16,1,4096,7,0,3648,False,vllm_0.5.1_flash_attn,0.002,0.002,0.002,0.002,0.0,0.139,0.14100000000000001,0.1396,0.139,0.0008000000000000007,0.0,0.0,0.0,0.0,0.0,0.0,0.0,0.0,0.0,0.0,,,,,
4096,32,32,16,1,4096,8,0,3648,False,vllm_0.5.1_flash_attn,0.002,0.002,0.002,0.002,0.0,0.157,0.158,0.1572,0.157,0.00040000000000000034,0.0,0.0,0.0,0.0,0.0,0.0,0.0,0.0,0.0,0.0,,,,,
4096,32,32,16,1,4096,1,0,3712,False,vllm_0.5.1_flash_attn,0.002,0.002,0.002,0.002,0.0,0.029,0.031,0.029400000000000003,0.029,0.0007999999999999994,0.0,0.0,0.0,0.0,0.0,0.0,0.0,0.0,0.0,0.0,,,,,
4096,32,32,16,1,4096,2,0,3712,False,vllm_0.5.1_flash_attn,0.002,0.002,0.002,0.002,0.0,0.047,0.048,0.047599999999999996,0.048,0.000489897948556636,0.0,0.0,0.0,0.0,0.0,0.0,0.0,0.0,0.0,0.0,,,,,
4096,32,32,16,1,4096,3,0,3712,False,vllm_0.5.1_flash_attn,0.002,0.002,0.002,0.002,0.0,0.07,0.07200000000000001,0.07060000000000001,0.07,0.0008000000000000007,0.0,0.0,0.0,0.0,0.0,0.0,0.0,0.0,0.0,0.0,,,,,
4096,32,32,16,1,4096,4,0,3712,False,vllm_0.5.1_flash_attn,0.002,0.002,0.002,0.002,0.0,0.085,0.08700000000000001,0.08600000000000001,0.08600000000000001,0.0006324555320336764,0.0,0.0,0.0,0.0,0.0,0.0,0.0,0.0,0.0,0.0,,,,,
4096,32,32,16,1,4096,5,0,3712,False,vllm_0.5.1_flash_attn,0.002,0.002,0.002,0.002,0.0,0.108,0.109,0.10880000000000001,0.109,0.00040000000000000034,0.0,0.0,0.0,0.0,0.0,0.0,0.0,0.0,0.0,0.0,,,,,
4096,32,32,16,1,4096,6,0,3712,False,vllm_0.5.1_flash_attn,0.002,0.002,0.002,0.002,0.0,0.13,0.131,0.13040000000000002,0.13,0.000489897948556636,0.0,0.0,0.0,0.0,0.0,0.0,0.0,0.0,0.0,0.0,,,,,
4096,32,32,16,1,4096,7,0,3712,False,vllm_0.5.1_flash_attn,0.002,0.002,0.002,0.002,0.0,0.14300000000000002,0.145,0.1446,0.145,0.0007999999999999896,0.0,0.0,0.0,0.0,0.0,0.0,0.0,0.0,0.0,0.0,,,,,
4096,32,32,16,1,4096,8,0,3712,False,vllm_0.5.1_flash_attn,0.002,0.002,0.002,0.002,0.0,0.159,0.161,0.16040000000000001,0.161,0.0008000000000000007,0.0,0.0,0.0,0.0,0.0,0.0,0.0,0.0,0.0,0.0,,,,,
4096,32,32,16,1,4096,1,0,3776,False,vllm_0.5.1_flash_attn,0.002,0.002,0.002,0.002,0.0,0.029,0.03,0.0298,0.03,0.000399999999999999,0.0,0.0,0.0,0.0,0.0,0.0,0.0,0.0,0.0,0.0,,,,,
4096,32,32,16,1,4096,2,0,3776,False,vllm_0.5.1_flash_attn,0.002,0.002,0.002,0.002,0.0,0.047,0.048,0.047799999999999995,0.048,0.00040000000000000034,0.0,0.0,0.0,0.0,0.0,0.0,0.0,0.0,0.0,0.0,,,,,
4096,32,32,16,1,4096,3,0,3776,False,vllm_0.5.1_flash_attn,0.002,0.002,0.002,0.002,0.0,0.07,0.07200000000000001,0.07160000000000001,0.07200000000000001,0.0008000000000000007,0.0,0.0,0.0,0.0,0.0,0.0,0.0,0.0,0.0,0.0,,,,,
4096,32,32,16,1,4096,4,0,3776,False,vllm_0.5.1_flash_attn,0.002,0.002,0.002,0.002,0.0,0.08700000000000001,0.088,0.0878,0.088,0.0003999999999999948,0.0,0.0,0.0,0.0,0.0,0.0,0.0,0.0,0.0,0.0,,,,,
4096,32,32,16,1,4096,5,0,3776,False,vllm_0.5.1_flash_attn,0.002,0.002,0.002,0.002,0.0,0.109,0.111,0.10980000000000001,0.11,0.0007483314773547889,0.0,0.0,0.0,0.0,0.0,0.0,0.0,0.0,0.0,0.0,,,,,
4096,32,32,16,1,4096,6,0,3776,False,vllm_0.5.1_flash_attn,0.002,0.002,0.002,0.002,0.0,0.132,0.133,0.13240000000000002,0.132,0.000489897948556636,0.0,0.0,0.0,0.0,0.0,0.0,0.0,0.0,0.0,0.0,,,,,
4096,32,32,16,1,4096,7,0,3776,False,vllm_0.5.1_flash_attn,0.002,0.002,0.002,0.002,0.0,0.14300000000000002,0.145,0.14400000000000002,0.14400000000000002,0.0006324555320336676,0.0,0.0,0.0,0.0,0.0,0.0,0.0,0.0,0.0,0.0,,,,,
4096,32,32,16,1,4096,8,0,3776,False,vllm_0.5.1_flash_attn,0.002,0.002,0.002,0.002,0.0,0.161,0.163,0.1618,0.162,0.0007483314773547889,0.0,0.0,0.0,0.0,0.0,0.0,0.0,0.0,0.0,0.0,,,,,
4096,32,32,16,1,4096,1,0,3840,False,vllm_0.5.1_flash_attn,0.002,0.002,0.002,0.002,0.0,0.031,0.032,0.0312,0.031,0.00040000000000000034,0.0,0.0,0.0,0.0,0.0,0.0,0.0,0.0,0.0,0.0,,,,,
4096,32,32,16,1,4096,2,0,3840,False,vllm_0.5.1_flash_attn,0.002,0.002,0.002,0.002,0.0,0.049,0.05,0.0492,0.049,0.00040000000000000034,0.0,0.0,0.0,0.0,0.0,0.0,0.0,0.0,0.0,0.0,,,,,
4096,32,32,16,1,4096,3,0,3840,False,vllm_0.5.1_flash_attn,0.002,0.002,0.002,0.002,0.0,0.074,0.077,0.0754,0.075,0.001019803902718558,0.0,0.0,0.0,0.0,0.0,0.0,0.0,0.0,0.0,0.0,,,,,
4096,32,32,16,1,4096,4,0,3840,False,vllm_0.5.1_flash_attn,0.002,0.002,0.002,0.002,0.0,0.089,0.09,0.08959999999999999,0.09,0.000489897948556636,0.0,0.0,0.0,0.0,0.0,0.0,0.0,0.0,0.0,0.0,,,,,
4096,32,32,16,1,4096,5,0,3840,False,vllm_0.5.1_flash_attn,0.002,0.002,0.002,0.002,0.0,0.113,0.114,0.11340000000000001,0.113,0.000489897948556636,0.0,0.0,0.0,0.0,0.0,0.0,0.0,0.0,0.0,0.0,,,,,
4096,32,32,16,1,4096,6,0,3840,False,vllm_0.5.1_flash_attn,0.002,0.002,0.002,0.002,0.0,0.131,0.133,0.1318,0.132,0.0007483314773547889,0.0,0.0,0.0,0.0,0.0,0.0,0.0,0.0,0.0,0.0,,,,,
4096,32,32,16,1,4096,7,0,3840,False,vllm_0.5.1_flash_attn,0.002,0.002,0.002,0.002,0.0,0.148,0.151,0.15,0.15,0.001095445115010333,0.0,0.0,0.0,0.0,0.0,0.0,0.0,0.0,0.0,0.0,,,,,
4096,32,32,16,1,4096,8,0,3840,False,vllm_0.5.1_flash_attn,0.002,0.002,0.002,0.002,0.0,0.166,0.168,0.1668,0.166,0.000979795897113272,0.0,0.0,0.0,0.0,0.0,0.0,0.0,0.0,0.0,0.0,,,,,
4096,32,32,16,1,4096,1,0,3904,False,vllm_0.5.1_flash_attn,0.002,0.002,0.002,0.002,0.0,0.03,0.031,0.0306,0.031,0.000489897948556636,0.0,0.0,0.0,0.0,0.0,0.0,0.0,0.0,0.0,0.0,,,,,
4096,32,32,16,1,4096,2,0,3904,False,vllm_0.5.1_flash_attn,0.002,0.002,0.002,0.002,0.0,0.049,0.051000000000000004,0.0496,0.049,0.0008000000000000007,0.0,0.0,0.0,0.0,0.0,0.0,0.0,0.0,0.0,0.0,,,,,
4096,32,32,16,1,4096,3,0,3904,False,vllm_0.5.1_flash_attn,0.002,0.002,0.002,0.002,0.0,0.075,0.077,0.0758,0.076,0.0007483314773547889,0.0,0.0,0.0,0.0,0.0,0.0,0.0,0.0,0.0,0.0,,,,,
4096,32,32,16,1,4096,4,0,3904,False,vllm_0.5.1_flash_attn,0.002,0.002,0.002,0.002,0.0,0.09,0.092,0.0914,0.092,0.0008000000000000007,0.0,0.0,0.0,0.0,0.0,0.0,0.0,0.0,0.0,0.0,,,,,
4096,32,32,16,1,4096,5,0,3904,False,vllm_0.5.1_flash_attn,0.002,0.002,0.002,0.002,0.0,0.114,0.115,0.11480000000000001,0.115,0.00040000000000000034,0.0,0.0,0.0,0.0,0.0,0.0,0.0,0.0,0.0,0.0,,,,,
4096,32,32,16,1,4096,6,0,3904,False,vllm_0.5.1_flash_attn,0.002,0.002,0.002,0.002,0.0,0.133,0.135,0.1338,0.134,0.0007483314773547889,0.0,0.0,0.0,0.0,0.0,0.0,0.0,0.0,0.0,0.0,,,,,
4096,32,32,16,1,4096,7,0,3904,False,vllm_0.5.1_flash_attn,0.002,0.002,0.002,0.002,0.0,0.148,0.151,0.1496,0.15,0.001019803902718558,0.0,0.0,0.0,0.0,0.0,0.0,0.0,0.0,0.0,0.0,,,,,
4096,32,32,16,1,4096,8,0,3904,False,vllm_0.5.1_flash_attn,0.002,0.002,0.002,0.002,0.0,0.167,0.169,0.16760000000000003,0.167,0.0008000000000000007,0.0,0.0,0.0,0.0,0.0,0.0,0.0,0.0,0.0,0.0,,,,,
4096,32,32,16,1,4096,1,0,3968,False,vllm_0.5.1_flash_attn,0.002,0.002,0.002,0.002,0.0,0.03,0.033,0.0312,0.031,0.001166190378969061,0.0,0.0,0.0,0.0,0.0,0.0,0.0,0.0,0.0,0.0,,,,,
4096,32,32,16,1,4096,2,0,3968,False,vllm_0.5.1_flash_attn,0.002,0.002,0.002,0.002,0.0,0.05,0.052000000000000005,0.0506,0.05,0.0008000000000000007,0.0,0.0,0.0,0.0,0.0,0.0,0.0,0.0,0.0,0.0,,,,,
4096,32,32,16,1,4096,3,0,3968,False,vllm_0.5.1_flash_attn,0.002,0.002,0.002,0.002,0.0,0.076,0.077,0.0764,0.076,0.000489897948556636,0.0,0.0,0.0,0.0,0.0,0.0,0.0,0.0,0.0,0.0,,,,,
4096,32,32,16,1,4096,4,0,3968,False,vllm_0.5.1_flash_attn,0.002,0.002,0.002,0.002,0.0,0.091,0.092,0.09119999999999999,0.091,0.00040000000000000034,0.0,0.0,0.0,0.0,0.0,0.0,0.0,0.0,0.0,0.0,,,,,
4096,32,32,16,1,4096,5,0,3968,False,vllm_0.5.1_flash_attn,0.002,0.002,0.002,0.002,0.0,0.114,0.116,0.11500000000000002,0.115,0.0006324555320336764,0.0,0.0,0.0,0.0,0.0,0.0,0.0,0.0,0.0,0.0,,,,,
4096,32,32,16,1,4096,6,0,3968,False,vllm_0.5.1_flash_attn,0.002,0.002,0.002,0.002,0.0,0.135,0.137,0.136,0.136,0.0006324555320336764,0.0,0.0,0.0,0.0,0.0,0.0,0.0,0.0,0.0,0.0,,,,,
4096,32,32,16,1,4096,7,0,3968,False,vllm_0.5.1_flash_attn,0.002,0.002,0.002,0.002,0.0,0.153,0.156,0.1544,0.154,0.001019803902718558,0.0,0.0,0.0,0.0,0.0,0.0,0.0,0.0,0.0,0.0,,,,,
4096,32,32,16,1,4096,8,0,3968,False,vllm_0.5.1_flash_attn,0.002,0.002,0.002,0.002,0.0,0.17200000000000001,0.17400000000000002,0.1728,0.17200000000000001,0.000979795897113272,0.0,0.0,0.0,0.0,0.0,0.0,0.0,0.0,0.0,0.0,,,,,
4096,32,32,16,1,4096,1,0,4032,False,vllm_0.5.1_flash_attn,0.002,0.002,0.002,0.002,0.0,0.03,0.032,0.0312,0.031,0.0007483314773547889,0.0,0.0,0.0,0.0,0.0,0.0,0.0,0.0,0.0,0.0,,,,,
4096,32,32,16,1,4096,2,0,4032,False,vllm_0.5.1_flash_attn,0.002,0.002,0.002,0.002,0.0,0.05,0.052000000000000005,0.051000000000000004,0.051000000000000004,0.0006324555320336764,0.0,0.0,0.0,0.0,0.0,0.0,0.0,0.0,0.0,0.0,,,,,
4096,32,32,16,1,4096,3,0,4032,False,vllm_0.5.1_flash_attn,0.002,0.002,0.002,0.002,0.0,0.076,0.078,0.0774,0.078,0.0008000000000000007,0.0,0.0,0.0,0.0,0.0,0.0,0.0,0.0,0.0,0.0,,,,,
4096,32,32,16,1,4096,4,0,4032,False,vllm_0.5.1_flash_attn,0.002,0.002,0.002,0.002,0.0,0.092,0.093,0.0924,0.092,0.000489897948556636,0.0,0.0,0.0,0.0,0.0,0.0,0.0,0.0,0.0,0.0,,,,,
4096,32,32,16,1,4096,5,0,4032,False,vllm_0.5.1_flash_attn,0.002,0.002,0.002,0.002,0.0,0.116,0.11800000000000001,0.11660000000000001,0.116,0.0008000000000000007,0.0,0.0,0.0,0.0,0.0,0.0,0.0,0.0,0.0,0.0,,,,,
4096,32,32,16,1,4096,6,0,4032,False,vllm_0.5.1_flash_attn,0.002,0.002,0.002,0.002,0.0,0.137,0.139,0.13840000000000002,0.139,0.0008000000000000007,0.0,0.0,0.0,0.0,0.0,0.0,0.0,0.0,0.0,0.0,,,,,
4096,32,32,16,1,4096,7,0,4032,False,vllm_0.5.1_flash_attn,0.002,0.002,0.002,0.002,0.0,0.152,0.156,0.1538,0.154,0.001326649916142161,0.0,0.0,0.0,0.0,0.0,0.0,0.0,0.0,0.0,0.0,,,,,
4096,32,32,16,1,4096,8,0,4032,False,vllm_0.5.1_flash_attn,0.002,0.002,0.002,0.002,0.0,0.17200000000000001,0.17400000000000002,0.1728,0.17300000000000001,0.0007483314773547889,0.0,0.0,0.0,0.0,0.0,0.0,0.0,0.0,0.0,0.0,,,,,
4096,32,32,16,1,4096,1,512,0,True,vllm_0.5.1_flash_attn,0.005,0.005,0.005,0.005,0.0,,,,,,0.0,0.0,0.0,0.0,0.0,0.0,0.0,0.0,0.0,0.0,0.019,0.019,0.019,0.019,0.0
4096,32,32,16,1,4096,1,512,512,True,vllm_0.5.1_flash_attn,0.005,0.005,0.005,0.005,0.0,,,,,,0.0,0.0,0.0,0.0,0.0,0.0,0.0,0.0,0.0,0.0,0.032,0.032,0.032,0.032,0.0
4096,32,32,16,1,4096,1,512,1024,True,vllm_0.5.1_flash_attn,0.005,0.005,0.005,0.005,0.0,,,,,,0.0,0.0,0.0,0.0,0.0,0.0,0.0,0.0,0.0,0.0,0.046,0.047,0.046799999999999994,0.047,0.00040000000000000034
4096,32,32,16,1,4096,1,512,1024,True,vllm_0.5.1_flash_attn,0.005,0.005,0.005,0.005,0.0,,,,,,0.0,0.0,0.0,0.0,0.0,0.0,0.0,0.0,0.0,0.0,0.046,0.047,0.046599999999999996,0.047,0.000489897948556636
4096,32,32,16,1,4096,1,544,0,True,vllm_0.5.1_flash_attn,0.006,0.007,0.0068000000000000005,0.007,0.0004,,,,,,0.0,0.0,0.0,0.0,0.0,0.0,0.0,0.0,0.0,0.0,0.03,0.03,0.03,0.03,0.0
4096,32,32,16,1,4096,1,544,512,True,vllm_0.5.1_flash_attn,0.006,0.007,0.0062,0.006,0.0004,,,,,,0.0,0.0,0.0,0.0,0.0,0.0,0.0,0.0,0.0,0.0,0.047,0.048,0.0472,0.047,0.00040000000000000034
4096,32,32,16,1,4096,1,544,1024,True,vllm_0.5.1_flash_attn,0.006,0.007,0.0068000000000000005,0.007,0.0004,,,,,,0.0,0.0,0.0,0.0,0.0,0.0,0.0,0.0,0.0,0.0,0.069,0.07200000000000001,0.07020000000000001,0.07,0.000979795897113272
4096,32,32,16,1,4096,1,544,1024,True,vllm_0.5.1_flash_attn,0.006,0.007,0.0066,0.007,0.0004898979485566357,,,,,,0.0,0.0,0.0,0.0,0.0,0.0,0.0,0.0,0.0,0.0,0.07,0.075,0.0714,0.07100000000000001,0.001854723699099137
4096,32,32,16,1,4096,1,576,0,True,vllm_0.5.1_flash_attn,0.007,0.007,0.007000000000000001,0.007,0.0,,,,,,0.0,0.0,0.0,0.0,0.0,0.0,0.0,0.0,0.0,0.0,0.03,0.03,0.03,0.03,0.0
4096,32,32,16,1,4096,1,576,512,True,vllm_0.5.1_flash_attn,0.007,0.007,0.007000000000000001,0.007,0.0,,,,,,0.0,0.0,0.0,0.0,0.0,0.0,0.0,0.0,0.0,0.0,0.047,0.048,0.0472,0.047,0.00040000000000000034
4096,32,32,16,1,4096,1,576,1024,True,vllm_0.5.1_flash_attn,0.006,0.007,0.0064,0.006,0.0004898979485566357,,,,,,0.0,0.0,0.0,0.0,0.0,0.0,0.0,0.0,0.0,0.0,0.07,0.074,0.07120000000000001,0.07100000000000001,0.0014696938456699028
4096,32,32,16,1,4096,1,576,1024,True,vllm_0.5.1_flash_attn,0.006,0.007,0.0068000000000000005,0.007,0.0004,,,,,,0.0,0.0,0.0,0.0,0.0,0.0,0.0,0.0,0.0,0.0,0.07,0.07200000000000001,0.07100000000000001,0.07100000000000001,0.0006324555320336764
4096,32,32,16,1,4096,1,608,0,True,vllm_0.5.1_flash_attn,0.007,0.007,0.007000000000000001,0.007,0.0,,,,,,0.0,0.0,0.0,0.0,0.0,0.0,0.0,0.0,0.0,0.0,0.032,0.032,0.032,0.032,0.0
4096,32,32,16,1,4096,1,608,512,True,vllm_0.5.1_flash_attn,0.007,0.007,0.007000000000000001,0.007,0.0,,,,,,0.0,0.0,0.0,0.0,0.0,0.0,0.0,0.0,0.0,0.0,0.049,0.049,0.049,0.049,0.0
4096,32,32,16,1,4096,1,608,1024,True,vllm_0.5.1_flash_attn,0.007,0.007,0.007000000000000001,0.007,0.0,,,,,,0.0,0.0,0.0,0.0,0.0,0.0,0.0,0.0,0.0,0.0,0.082,0.085,0.0834,0.083,0.001019803902718558
4096,32,32,16,1,4096,1,608,1024,True,vllm_0.5.1_flash_attn,0.007,0.007,0.007000000000000001,0.007,0.0,,,,,,0.0,0.0,0.0,0.0,0.0,0.0,0.0,0.0,0.0,0.0,0.082,0.085,0.08380000000000001,0.084,0.001166190378969061
4096,32,32,16,1,4096,1,640,0,True,vllm_0.5.1_flash_attn,0.007,0.007,0.007000000000000001,0.007,0.0,,,,,,0.0,0.0,0.0,0.0,0.0,0.0,0.0,0.0,0.0,0.0,0.032,0.032,0.032,0.032,0.0
4096,32,32,16,1,4096,1,640,512,True,vllm_0.5.1_flash_attn,0.007,0.007,0.007000000000000001,0.007,0.0,,,,,,0.0,0.0,0.0,0.0,0.0,0.0,0.0,0.0,0.0,0.0,0.049,0.058,0.0522,0.052000000000000005,0.00331058907144937
4096,32,32,16,1,4096,1,640,1024,True,vllm_0.5.1_flash_attn,0.007,0.008,0.0076,0.008,0.0004898979485566357,,,,,,0.0,0.0,0.0,0.0,0.0,0.0,0.0,0.0,0.0,0.0,0.085,0.08700000000000001,0.08580000000000002,0.08600000000000001,0.0007483314773547889
4096,32,32,16,1,4096,1,640,1024,True,vllm_0.5.1_flash_attn,0.007,0.008,0.0076,0.008,0.0004898979485566357,,,,,,0.0,0.0,0.0,0.0,0.0,0.0,0.0,0.0,0.0,0.0,0.085,0.08700000000000001,0.08600000000000001,0.08600000000000001,0.0006324555320336764
4096,32,32,16,1,4096,1,672,0,True,vllm_0.5.1_flash_attn,0.008,0.008,0.008,0.008,0.0,,,,,,0.0,0.0,0.0,0.0,0.0,0.0,0.0,0.0,0.0,0.0,0.036000000000000004,0.037,0.0366,0.037,0.0004898979485566326
4096,32,32,16,1,4096,1,672,512,True,vllm_0.5.1_flash_attn,0.008,0.008,0.008,0.008,0.0,,,,,,0.0,0.0,0.0,0.0,0.0,0.0,0.0,0.0,0.0,0.0,0.059000000000000004,0.061,0.06,0.06,0.0008944271909999135
4096,32,32,16,1,4096,1,672,1024,True,vllm_0.5.1_flash_attn,0.008,0.009000000000000001,0.008400000000000001,0.008,0.000489897948556636,,,,,,0.0,0.0,0.0,0.0,0.0,0.0,0.0,0.0,0.0,0.0,0.08700000000000001,0.092,0.08940000000000001,0.09,0.0017435595774162671
4096,32,32,16,1,4096,1,672,1024,True,vllm_0.5.1_flash_attn,0.008,0.009000000000000001,0.008400000000000001,0.008,0.000489897948556636,,,,,,0.0,0.0,0.0,0.0,0.0,0.0,0.0,0.0,0.0,0.0,0.08700000000000001,0.091,0.0892,0.09,0.001469693845669904
4096,32,32,16,1,4096,1,704,0,True,vllm_0.5.1_flash_attn,0.008,0.008,0.008,0.008,0.0,,,,,,0.0,0.0,0.0,0.0,0.0,0.0,0.0,0.0,0.0,0.0,0.037,0.037,0.037,0.037,0.0
4096,32,32,16,1,4096,1,704,512,True,vllm_0.5.1_flash_attn,0.008,0.008,0.008,0.008,0.0,,,,,,0.0,0.0,0.0,0.0,0.0,0.0,0.0,0.0,0.0,0.0,0.06,0.062,0.0608,0.061,0.0007483314773547889
4096,32,32,16,1,4096,1,704,1024,True,vllm_0.5.1_flash_attn,0.008,0.008,0.008,0.008,0.0,,,,,,0.0,0.0,0.0,0.0,0.0,0.0,0.0,0.0,0.0,0.0,0.088,0.092,0.08979999999999999,0.089,0.0014696938456699082
4096,32,32,16,1,4096,1,704,1024,True,vllm_0.5.1_flash_attn,0.008,0.008,0.008,0.008,0.0,,,,,,0.0,0.0,0.0,0.0,0.0,0.0,0.0,0.0,0.0,0.0,0.089,0.092,0.09,0.09,0.001095445115010333
4096,32,32,16,1,4096,1,736,0,True,vllm_0.5.1_flash_attn,0.008,0.008,0.008,0.008,0.0,,,,,,0.0,0.0,0.0,0.0,0.0,0.0,0.0,0.0,0.0,0.0,0.04,0.04,0.04,0.04,0.0
4096,32,32,16,1,4096,1,736,512,True,vllm_0.5.1_flash_attn,0.008,0.009000000000000001,0.0082,0.008,0.00040000000000000034,,,,,,0.0,0.0,0.0,0.0,0.0,0.0,0.0,0.0,0.0,0.0,0.061,0.065,0.063,0.063,0.0014142135623730963
4096,32,32,16,1,4096,1,736,1024,True,vllm_0.5.1_flash_attn,0.009000000000000001,0.009000000000000001,0.009000000000000001,0.009000000000000001,0.0,,,,,,0.0,0.0,0.0,0.0,0.0,0.0,0.0,0.0,0.0,0.0,0.091,0.095,0.093,0.093,0.0014142135623730963
4096,32,32,16,1,4096,1,736,1024,True,vllm_0.5.1_flash_attn,0.009000000000000001,0.009000000000000001,0.009000000000000001,0.009000000000000001,0.0,,,,,,0.0,0.0,0.0,0.0,0.0,0.0,0.0,0.0,0.0,0.0,0.088,0.095,0.09259999999999999,0.094,0.002727636339397174
4096,32,32,16,1,4096,1,768,0,True,vllm_0.5.1_flash_attn,0.008,0.008,0.008,0.008,0.0,,,,,,0.0,0.0,0.0,0.0,0.0,0.0,0.0,0.0,0.0,0.0,0.04,0.041,0.0402,0.04,0.00040000000000000034
4096,32,32,16,1,4096,1,768,512,True,vllm_0.5.1_flash_attn,0.008,0.009000000000000001,0.0086,0.009000000000000001,0.000489897948556636,,,,,,0.0,0.0,0.0,0.0,0.0,0.0,0.0,0.0,0.0,0.0,0.062,0.065,0.064,0.065,0.0012649110640673528
4096,32,32,16,1,4096,1,768,1024,True,vllm_0.5.1_flash_attn,0.009000000000000001,0.01,0.009200000000000002,0.009000000000000001,0.0003999999999999997,,,,,,0.0,0.0,0.0,0.0,0.0,0.0,0.0,0.0,0.0,0.0,0.09,0.096,0.09359999999999999,0.094,0.002059126028197402
4096,32,32,16,1,4096,1,768,1024,True,vllm_0.5.1_flash_attn,0.009000000000000001,0.009000000000000001,0.009000000000000001,0.009000000000000001,0.0,,,,,,0.0,0.0,0.0,0.0,0.0,0.0,0.0,0.0,0.0,0.0,0.091,0.094,0.0928,0.093,0.000979795897113272
4096,32,32,16,1,4096,1,800,0,True,vllm_0.5.1_flash_attn,0.009000000000000001,0.009000000000000001,0.009000000000000001,0.009000000000000001,0.0,,,,,,0.0,0.0,0.0,0.0,0.0,0.0,0.0,0.0,0.0,0.0,0.042,0.043000000000000003,0.042600000000000006,0.043000000000000003,0.000489897948556636
4096,32,32,16,1,4096,1,800,512,True,vllm_0.5.1_flash_attn,0.009000000000000001,0.009000000000000001,0.009000000000000001,0.009000000000000001,0.0,,,,,,0.0,0.0,0.0,0.0,0.0,0.0,0.0,0.0,0.0,0.0,0.068,0.069,0.0688,0.069,0.00040000000000000034
4096,32,32,16,1,4096,1,800,1024,True,vllm_0.5.1_flash_attn,0.009000000000000001,0.009000000000000001,0.009000000000000001,0.009000000000000001,0.0,,,,,,0.0,0.0,0.0,0.0,0.0,0.0,0.0,0.0,0.0,0.0,0.095,0.099,0.0968,0.096,0.0014696938456699082
4096,32,32,16,1,4096,1,800,1024,True,vllm_0.5.1_flash_attn,0.009000000000000001,0.009000000000000001,0.009000000000000001,0.009000000000000001,0.0,,,,,,0.0,0.0,0.0,0.0,0.0,0.0,0.0,0.0,0.0,0.0,0.095,0.1,0.0978,0.097,0.0019390719429665333
4096,32,32,16,1,4096,1,832,0,True,vllm_0.5.1_flash_attn,0.01,0.01,0.01,0.01,0.0,,,,,,0.0,0.0,0.0,0.0,0.0,0.0,0.0,0.0,0.0,0.0,0.042,0.043000000000000003,0.042800000000000005,0.043000000000000003,0.00040000000000000034
4096,32,32,16,1,4096,1,832,512,True,vllm_0.5.1_flash_attn,0.01,0.01,0.01,0.01,0.0,,,,,,0.0,0.0,0.0,0.0,0.0,0.0,0.0,0.0,0.0,0.0,0.068,0.07100000000000001,0.06960000000000001,0.07,0.001019803902718558
4096,32,32,16,1,4096,1,832,1024,True,vllm_0.5.1_flash_attn,0.009000000000000001,0.009000000000000001,0.009000000000000001,0.009000000000000001,0.0,,,,,,0.0,0.0,0.0,0.0,0.0,0.0,0.0,0.0,0.0,0.0,0.095,0.1,0.0978,0.098,0.0017204650534085267
4096,32,32,16,1,4096,1,832,1024,True,vllm_0.5.1_flash_attn,0.009000000000000001,0.01,0.009200000000000002,0.009000000000000001,0.0003999999999999997,,,,,,0.0,0.0,0.0,0.0,0.0,0.0,0.0,0.0,0.0,0.0,0.097,0.101,0.099,0.099,0.0014142135623730963
4096,32,32,16,1,4096,1,864,0,True,vllm_0.5.1_flash_attn,0.01,0.011,0.0102,0.01,0.0003999999999999997,,,,,,0.0,0.0,0.0,0.0,0.0,0.0,0.0,0.0,0.0,0.0,0.046,0.047,0.0462,0.046,0.00040000000000000034
4096,32,32,16,1,4096,1,864,512,True,vllm_0.5.1_flash_attn,0.011,0.011,0.011,0.011,0.0,,,,,,0.0,0.0,0.0,0.0,0.0,0.0,0.0,0.0,0.0,0.0,0.07200000000000001,0.074,0.073,0.073,0.0008944271909999105
4096,32,32,16,1,4096,1,864,1024,True,vllm_0.5.1_flash_attn,0.009000000000000001,0.01,0.0098,0.01,0.0003999999999999997,,,,,,0.0,0.0,0.0,0.0,0.0,0.0,0.0,0.0,0.0,0.0,0.098,0.10400000000000001,0.1012,0.101,0.0021354156504062643
4096,32,32,16,1,4096,1,864,1024,True,vllm_0.5.1_flash_attn,0.009000000000000001,0.01,0.009200000000000002,0.009000000000000001,0.0003999999999999997,,,,,,0.0,0.0,0.0,0.0,0.0,0.0,0.0,0.0,0.0,0.0,0.099,0.10300000000000001,0.1008,0.1,0.0014696938456699082
4096,32,32,16,1,4096,1,896,0,True,vllm_0.5.1_flash_attn,0.01,0.011,0.0102,0.01,0.0003999999999999997,,,,,,0.0,0.0,0.0,0.0,0.0,0.0,0.0,0.0,0.0,0.0,0.046,0.047,0.046599999999999996,0.047,0.000489897948556636
4096,32,32,16,1,4096,1,896,512,True,vllm_0.5.1_flash_attn,0.011,0.011,0.011,0.011,0.0,,,,,,0.0,0.0,0.0,0.0,0.0,0.0,0.0,0.0,0.0,0.0,0.07100000000000001,0.075,0.07339999999999999,0.074,0.00135646599662505
4096,32,32,16,1,4096,1,896,1024,True,vllm_0.5.1_flash_attn,0.01,0.011,0.0108,0.011,0.0003999999999999997,,,,,,0.0,0.0,0.0,0.0,0.0,0.0,0.0,0.0,0.0,0.0,0.101,0.10300000000000001,0.10200000000000001,0.10200000000000001,0.0008944271909999167
4096,32,32,16,1,4096,1,896,1024,True,vllm_0.5.1_flash_attn,0.01,0.011,0.0106,0.011,0.0004898979485566352,,,,,,0.0,0.0,0.0,0.0,0.0,0.0,0.0,0.0,0.0,0.0,0.101,0.10400000000000001,0.1026,0.10300000000000001,0.001019803902718558
4096,32,32,16,1,4096,1,928,0,True,vllm_0.5.1_flash_attn,0.011,0.011,0.011,0.011,0.0,,,,,,0.0,0.0,0.0,0.0,0.0,0.0,0.0,0.0,0.0,0.0,0.049,0.049,0.049,0.049,0.0
4096,32,32,16,1,4096,1,928,512,True,vllm_0.5.1_flash_attn,0.011,0.012,0.011399999999999999,0.011,0.000489897948556636,,,,,,0.0,0.0,0.0,0.0,0.0,0.0,0.0,0.0,0.0,0.0,0.081,0.084,0.082,0.082,0.001095445115010333
4096,32,32,16,1,4096,1,928,1024,True,vllm_0.5.1_flash_attn,0.011,0.012,0.011399999999999999,0.011,0.000489897948556636,,,,,,0.0,0.0,0.0,0.0,0.0,0.0,0.0,0.0,0.0,0.0,0.106,0.112,0.10980000000000001,0.11,0.002227105745132011
4096,32,32,16,1,4096,1,928,1024,True,vllm_0.5.1_flash_attn,0.012,0.012,0.012,0.012,0.0,,,,,,0.0,0.0,0.0,0.0,0.0,0.0,0.0,0.0,0.0,0.0,0.109,0.112,0.11080000000000001,0.111,0.001166190378969061
4096,32,32,16,1,4096,1,960,0,True,vllm_0.5.1_flash_attn,0.012,0.012,0.012,0.012,0.0,,,,,,0.0,0.0,0.0,0.0,0.0,0.0,0.0,0.0,0.0,0.0,0.049,0.05,0.0494,0.049,0.000489897948556636
4096,32,32,16,1,4096,1,960,512,True,vllm_0.5.1_flash_attn,0.012,0.013000000000000001,0.0126,0.013000000000000001,0.000489897948556636,,,,,,0.0,0.0,0.0,0.0,0.0,0.0,0.0,0.0,0.0,0.0,0.077,0.082,0.0796,0.08,0.0016248076809271936
4096,32,32,16,1,4096,1,960,1024,True,vllm_0.5.1_flash_attn,0.011,0.012,0.011399999999999999,0.011,0.000489897948556636,,,,,,0.0,0.0,0.0,0.0,0.0,0.0,0.0,0.0,0.0,0.0,0.107,0.111,0.10900000000000001,0.109,0.0017888543819998333
4096,32,32,16,1,4096,1,960,1024,True,vllm_0.5.1_flash_attn,0.011,0.012,0.0116,0.012,0.000489897948556636,,,,,,0.0,0.0,0.0,0.0,0.0,0.0,0.0,0.0,0.0,0.0,0.107,0.112,0.10980000000000001,0.11,0.0017204650534085267
4096,32,32,16,1,4096,1,992,0,True,vllm_0.5.1_flash_attn,0.012,0.012,0.012,0.012,0.0,,,,,,0.0,0.0,0.0,0.0,0.0,0.0,0.0,0.0,0.0,0.0,0.05,0.051000000000000004,0.0506,0.051000000000000004,0.000489897948556636
4096,32,32,16,1,4096,1,992,512,True,vllm_0.5.1_flash_attn,0.013000000000000001,0.013000000000000001,0.013000000000000001,0.013000000000000001,0.0,,,,,,0.0,0.0,0.0,0.0,0.0,0.0,0.0,0.0,0.0,0.0,0.083,0.08700000000000001,0.0854,0.085,0.0014966629547095778
4096,32,32,16,1,4096,1,992,1024,True,vllm_0.5.1_flash_attn,0.012,0.013000000000000001,0.0128,0.013000000000000001,0.00040000000000000034,,,,,,0.0,0.0,0.0,0.0,0.0,0.0,0.0,0.0,0.0,0.0,0.112,0.116,0.11380000000000001,0.113,0.0014696938456699082
4096,32,32,16,1,4096,1,992,1024,True,vllm_0.5.1_flash_attn,0.012,0.013000000000000001,0.0128,0.013000000000000001,0.00040000000000000034,,,,,,0.0,0.0,0.0,0.0,0.0,0.0,0.0,0.0,0.0,0.0,0.111,0.116,0.11380000000000001,0.114,0.0016000000000000014
4096,32,32,16,1,4096,1,1024,0,True,vllm_0.5.1_flash_attn,0.012,0.012,0.012,0.012,0.0,,,,,,0.0,0.0,0.0,0.0,0.0,0.0,0.0,0.0,0.0,0.0,0.052000000000000005,0.053,0.0528,0.053,0.0003999999999999976
4096,32,32,16,1,4096,1,1024,512,True,vllm_0.5.1_flash_attn,0.013000000000000001,0.013000000000000001,0.013000000000000001,0.013000000000000001,0.0,,,,,,0.0,0.0,0.0,0.0,0.0,0.0,0.0,0.0,0.0,0.0,0.085,0.088,0.08620000000000001,0.08600000000000001,0.0011661903789690568
4096,32,32,16,1,4096,1,1024,1024,True,vllm_0.5.1_flash_attn,0.013000000000000001,0.013000000000000001,0.013000000000000001,0.013000000000000001,0.0,,,,,,0.0,0.0,0.0,0.0,0.0,0.0,0.0,0.0,0.0,0.0,0.113,0.11800000000000001,0.11580000000000001,0.116,0.0017204650534085267
4096,32,32,16,1,4096,1,1024,1024,True,vllm_0.5.1_flash_attn,0.013000000000000001,0.013000000000000001,0.013000000000000001,0.013000000000000001,0.0,,,,,,0.0,0.0,0.0,0.0,0.0,0.0,0.0,0.0,0.0,0.0,0.11,0.11900000000000001,0.11400000000000002,0.114,0.0028982753492378904
4096,32,32,16,1,4096,1,1024,0,True,vllm_0.5.1_flash_attn,0.012,0.012,0.012,0.012,0.0,,,,,,0.0,0.0,0.0,0.0,0.0,0.0,0.0,0.0,0.0,0.0,0.051000000000000004,0.051000000000000004,0.051000000000000004,0.051000000000000004,0.0
4096,32,32,16,1,4096,1,1024,512,True,vllm_0.5.1_flash_attn,0.013000000000000001,0.014,0.0134,0.013000000000000001,0.0004898979485566352,,,,,,0.0,0.0,0.0,0.0,0.0,0.0,0.0,0.0,0.0,0.0,0.085,0.088,0.08600000000000001,0.08600000000000001,0.001095445115010328
4096,32,32,16,1,4096,1,1024,1024,True,vllm_0.5.1_flash_attn,0.013000000000000001,0.013000000000000001,0.013000000000000001,0.013000000000000001,0.0,,,,,,0.0,0.0,0.0,0.0,0.0,0.0,0.0,0.0,0.0,0.0,0.112,0.117,0.11460000000000001,0.115,0.0018547236990991425
4096,32,32,16,1,4096,1,1024,1024,True,vllm_0.5.1_flash_attn,0.013000000000000001,0.013000000000000001,0.013000000000000001,0.013000000000000001,0.0,,,,,,0.0,0.0,0.0,0.0,0.0,0.0,0.0,0.0,0.0,0.0,0.112,0.12,0.11600000000000002,0.116,0.0028284271247461888
4096,32,32,16,1,4096,1,1088,0,True,vllm_0.5.1_flash_attn,0.013000000000000001,0.014,0.0134,0.013000000000000001,0.0004898979485566352,,,,,,0.0,0.0,0.0,0.0,0.0,0.0,0.0,0.0,0.0,0.0,0.059000000000000004,0.062,0.0608,0.061,0.001166190378969059
4096,32,32,16,1,4096,1,1088,512,True,vllm_0.5.1_flash_attn,0.013000000000000001,0.014,0.013800000000000002,0.014,0.0003999999999999997,,,,,,0.0,0.0,0.0,0.0,0.0,0.0,0.0,0.0,0.0,0.0,0.089,0.092,0.091,0.091,0.001095445115010333
4096,32,32,16,1,4096,1,1088,1024,True,vllm_0.5.1_flash_attn,0.014,0.015,0.0142,0.014,0.0003999999999999997,,,,,,0.0,0.0,0.0,0.0,0.0,0.0,0.0,0.0,0.0,0.0,0.13,0.139,0.13340000000000002,0.133,0.003136877428271627
4096,32,32,16,1,4096,1,1088,1024,True,vllm_0.5.1_flash_attn,0.014,0.015,0.0142,0.014,0.0003999999999999997,,,,,,0.0,0.0,0.0,0.0,0.0,0.0,0.0,0.0,0.0,0.0,0.124,0.132,0.12840000000000001,0.129,0.0030066592756745844
4096,32,32,16,1,4096,1,1152,0,True,vllm_0.5.1_flash_attn,0.016,0.017,0.0162,0.016,0.00040000000000000034,,,,,,0.0,0.0,0.0,0.0,0.0,0.0,0.0,0.0,0.0,0.0,0.062,0.066,0.06420000000000001,0.064,0.0016000000000000014
4096,32,32,16,1,4096,1,1152,512,True,vllm_0.5.1_flash_attn,0.015,0.016,0.0152,0.015,0.00040000000000000034,,,,,,0.0,0.0,0.0,0.0,0.0,0.0,0.0,0.0,0.0,0.0,0.097,0.101,0.0986,0.098,0.001356465996625055
4096,32,32,16,1,4096,1,1152,1024,True,vllm_0.5.1_flash_attn,0.015,0.016,0.0156,0.016,0.000489897948556636,,,,,,0.0,0.0,0.0,0.0,0.0,0.0,0.0,0.0,0.0,0.0,0.138,0.14300000000000002,0.1406,0.14,0.0017435595774162708
4096,32,32,16,1,4096,1,1152,1024,True,vllm_0.5.1_flash_attn,0.016,0.016,0.016,0.016,0.0,,,,,,0.0,0.0,0.0,0.0,0.0,0.0,0.0,0.0,0.0,0.0,0.136,0.147,0.14200000000000002,0.14300000000000002,0.003577708763999659
4096,32,32,16,1,4096,1,1216,0,True,vllm_0.5.1_flash_attn,0.018000000000000002,0.019,0.0182,0.018000000000000002,0.000399999999999999,,,,,,0.0,0.0,0.0,0.0,0.0,0.0,0.0,0.0,0.0,0.0,0.07200000000000001,0.074,0.073,0.073,0.0006324555320336721
4096,32,32,16,1,4096,1,1216,512,True,vllm_0.5.1_flash_attn,0.017,0.018000000000000002,0.0172,0.017,0.00040000000000000034,,,,,,0.0,0.0,0.0,0.0,0.0,0.0,0.0,0.0,0.0,0.0,0.105,0.109,0.1066,0.106,0.001356465996625055
4096,32,32,16,1,4096,1,1216,1024,True,vllm_0.5.1_flash_attn,0.017,0.018000000000000002,0.0172,0.017,0.00040000000000000034,,,,,,0.0,0.0,0.0,0.0,0.0,0.0,0.0,0.0,0.0,0.0,0.146,0.154,0.1506,0.152,0.0028000000000000026
4096,32,32,16,1,4096,1,1216,1024,True,vllm_0.5.1_flash_attn,0.017,0.018000000000000002,0.0172,0.017,0.00040000000000000034,,,,,,0.0,0.0,0.0,0.0,0.0,0.0,0.0,0.0,0.0,0.0,0.146,0.154,0.1512,0.152,0.0029933259094191557
4096,32,32,16,1,4096,1,1280,0,True,vllm_0.5.1_flash_attn,0.02,0.021,0.0206,0.021,0.000489897948556636,,,,,,0.0,0.0,0.0,0.0,0.0,0.0,0.0,0.0,0.0,0.0,0.077,0.081,0.0782,0.078,0.0014696938456699082
4096,32,32,16,1,4096,1,1280,512,True,vllm_0.5.1_flash_attn,0.02,0.021,0.0204,0.02,0.000489897948556636,,,,,,0.0,0.0,0.0,0.0,0.0,0.0,0.0,0.0,0.0,0.0,0.113,0.122,0.11760000000000001,0.11800000000000001,0.0028705400188814632
4096,32,32,16,1,4096,1,1280,1024,True,vllm_0.5.1_flash_attn,0.019,0.02,0.0198,0.02,0.00040000000000000034,,,,,,0.0,0.0,0.0,0.0,0.0,0.0,0.0,0.0,0.0,0.0,0.155,0.161,0.1578,0.157,0.0023151673805580472
4096,32,32,16,1,4096,1,1280,1024,True,vllm_0.5.1_flash_attn,0.019,0.02,0.0198,0.02,0.00040000000000000034,,,,,,0.0,0.0,0.0,0.0,0.0,0.0,0.0,0.0,0.0,0.0,0.153,0.163,0.15860000000000002,0.16,0.003611094017053561
4096,32,32,16,1,4096,1,1344,0,True,vllm_0.5.1_flash_attn,0.021,0.022,0.0216,0.022,0.0004898979485566344,,,,,,0.0,0.0,0.0,0.0,0.0,0.0,0.0,0.0,0.0,0.0,0.084,0.091,0.0872,0.088,0.0024819347291981674
4096,32,32,16,1,4096,1,1344,512,True,vllm_0.5.1_flash_attn,0.021,0.022,0.0218,0.022,0.000399999999999999,,,,,,0.0,0.0,0.0,0.0,0.0,0.0,0.0,0.0,0.0,0.0,0.122,0.129,0.1248,0.125,0.002400000000000002
4096,32,32,16,1,4096,1,1344,1024,True,vllm_0.5.1_flash_attn,0.021,0.021,0.021,0.021,0.0,,,,,,0.0,0.0,0.0,0.0,0.0,0.0,0.0,0.0,0.0,0.0,0.16,0.167,0.16440000000000002,0.165,0.0024166091947189165
4096,32,32,16,1,4096,1,1344,1024,True,vllm_0.5.1_flash_attn,0.021,0.022,0.0214,0.021,0.0004898979485566344,,,,,,0.0,0.0,0.0,0.0,0.0,0.0,0.0,0.0,0.0,0.0,0.161,0.17,0.1658,0.168,0.0036000000000000034
4096,32,32,16,1,4096,1,1408,0,True,vllm_0.5.1_flash_attn,0.022,0.023,0.022799999999999997,0.023,0.00040000000000000034,,,,,,0.0,0.0,0.0,0.0,0.0,0.0,0.0,0.0,0.0,0.0,0.084,0.095,0.0908,0.092,0.00396988664825584
4096,32,32,16,1,4096,1,1408,512,True,vllm_0.5.1_flash_attn,0.023,0.023,0.023,0.023,0.0,,,,,,0.0,0.0,0.0,0.0,0.0,0.0,0.0,0.0,0.0,0.0,0.128,0.137,0.13140000000000002,0.13,0.003072458299147446
4096,32,32,16,1,4096,1,1408,1024,True,vllm_0.5.1_flash_attn,0.022,0.023,0.022399999999999996,0.022,0.000489897948556636,,,,,,0.0,0.0,0.0,0.0,0.0,0.0,0.0,0.0,0.0,0.0,0.171,0.177,0.1736,0.17200000000000001,0.002799999999999989
4096,32,32,16,1,4096,1,1408,1024,True,vllm_0.5.1_flash_attn,0.022,0.023,0.022399999999999996,0.022,0.000489897948556636,,,,,,0.0,0.0,0.0,0.0,0.0,0.0,0.0,0.0,0.0,0.0,0.168,0.179,0.1746,0.176,0.004079215610874219
4096,32,32,16,1,4096,1,1472,0,True,vllm_0.5.1_flash_attn,0.024,0.025,0.0242,0.024,0.00040000000000000034,,,,,,0.0,0.0,0.0,0.0,0.0,0.0,0.0,0.0,0.0,0.0,0.099,0.10300000000000001,0.1012,0.101,0.001326649916142161
4096,32,32,16,1,4096,1,1472,512,True,vllm_0.5.1_flash_attn,0.023,0.024,0.023799999999999998,0.024,0.00040000000000000034,,,,,,0.0,0.0,0.0,0.0,0.0,0.0,0.0,0.0,0.0,0.0,0.134,0.14400000000000002,0.14100000000000001,0.14200000000000002,0.0035777087639996667
4096,32,32,16,1,4096,1,1472,1024,True,vllm_0.5.1_flash_attn,0.023,0.024,0.023799999999999998,0.024,0.00040000000000000034,,,,,,0.0,0.0,0.0,0.0,0.0,0.0,0.0,0.0,0.0,0.0,0.178,0.186,0.18239999999999998,0.184,0.003261901286060021
4096,32,32,16,1,4096,1,1472,1024,True,vllm_0.5.1_flash_attn,0.023,0.024,0.0236,0.024,0.000489897948556636,,,,,,0.0,0.0,0.0,0.0,0.0,0.0,0.0,0.0,0.0,0.0,0.18,0.188,0.1834,0.182,0.0034409301068170535
4096,32,32,16,1,4096,1,1536,0,True,vllm_0.5.1_flash_attn,0.024,0.025,0.0246,0.025,0.000489897948556636,,,,,,0.0,0.0,0.0,0.0,0.0,0.0,0.0,0.0,0.0,0.0,0.099,0.106,0.1022,0.101,0.0027856776554368197
4096,32,32,16,1,4096,1,1536,512,True,vllm_0.5.1_flash_attn,0.024,0.025,0.0246,0.025,0.000489897948556636,,,,,,0.0,0.0,0.0,0.0,0.0,0.0,0.0,0.0,0.0,0.0,0.14400000000000002,0.15,0.14679999999999999,0.145,0.0026381811916545805
4096,32,32,16,1,4096,1,1536,1024,True,vllm_0.5.1_flash_attn,0.024,0.025,0.024399999999999998,0.024,0.000489897948556636,,,,,,0.0,0.0,0.0,0.0,0.0,0.0,0.0,0.0,0.0,0.0,0.193,0.199,0.1962,0.196,0.0024819347291981735
4096,32,32,16,1,4096,1,1536,1024,True,vllm_0.5.1_flash_attn,0.024,0.025,0.024399999999999998,0.024,0.000489897948556636,,,,,,0.0,0.0,0.0,0.0,0.0,0.0,0.0,0.0,0.0,0.0,0.188,0.198,0.1936,0.194,0.004079215610874232
4096,32,32,16,1,4096,1,1600,0,True,vllm_0.5.1_flash_attn,0.027,0.027,0.027000000000000003,0.027,0.0,,,,,,0.0,0.0,0.0,0.0,0.0,0.0,0.0,0.0,0.0,0.0,0.11,0.122,0.11699999999999999,0.11800000000000001,0.0041952353926806045
4096,32,32,16,1,4096,1,1600,512,True,vllm_0.5.1_flash_attn,0.027,0.027,0.027000000000000003,0.027,0.0,,,,,,0.0,0.0,0.0,0.0,0.0,0.0,0.0,0.0,0.0,0.0,0.154,0.16,0.1562,0.156,0.002039607805437116
4096,32,32,16,1,4096,1,1600,1024,True,vllm_0.5.1_flash_attn,0.027,0.027,0.027000000000000003,0.027,0.0,,,,,,0.0,0.0,0.0,0.0,0.0,0.0,0.0,0.0,0.0,0.0,0.196,0.214,0.20180000000000003,0.2,0.006273754856543244
4096,32,32,16,1,4096,1,1600,1024,True,vllm_0.5.1_flash_attn,0.027,0.027,0.027000000000000003,0.027,0.0,,,,,,0.0,0.0,0.0,0.0,0.0,0.0,0.0,0.0,0.0,0.0,0.195,0.20800000000000002,0.2028,0.20400000000000001,0.004534313619501858
4096,32,32,16,1,4096,1,1664,0,True,vllm_0.5.1_flash_attn,0.028,0.029,0.028200000000000003,0.028,0.00040000000000000034,,,,,,0.0,0.0,0.0,0.0,0.0,0.0,0.0,0.0,0.0,0.0,0.109,0.121,0.1162,0.11800000000000001,0.0045343136195018525
4096,32,32,16,1,4096,1,1664,512,True,vllm_0.5.1_flash_attn,0.028,0.029,0.028200000000000003,0.028,0.00040000000000000034,,,,,,0.0,0.0,0.0,0.0,0.0,0.0,0.0,0.0,0.0,0.0,0.162,0.165,0.1632,0.163,0.000979795897113272
4096,32,32,16,1,4096,1,1664,1024,True,vllm_0.5.1_flash_attn,0.028,0.029,0.028200000000000003,0.028,0.00040000000000000034,,,,,,0.0,0.0,0.0,0.0,0.0,0.0,0.0,0.0,0.0,0.0,0.212,0.217,0.215,0.216,0.0017888543819998333
4096,32,32,16,1,4096,1,1664,1024,True,vllm_0.5.1_flash_attn,0.028,0.028,0.028000000000000004,0.028,0.0,,,,,,0.0,0.0,0.0,0.0,0.0,0.0,0.0,0.0,0.0,0.0,0.20800000000000002,0.216,0.2122,0.212,0.002712931993250101
4096,32,32,16,1,4096,1,1728,0,True,vllm_0.5.1_flash_attn,0.028,0.03,0.029000000000000005,0.029,0.0006324555320336753,,,,,,0.0,0.0,0.0,0.0,0.0,0.0,0.0,0.0,0.0,0.0,0.128,0.134,0.1308,0.129,0.002638181191654586
4096,32,32,16,1,4096,1,1728,512,True,vllm_0.5.1_flash_attn,0.028,0.029,0.028600000000000004,0.029,0.000489897948556636,,,,,,0.0,0.0,0.0,0.0,0.0,0.0,0.0,0.0,0.0,0.0,0.167,0.17500000000000002,0.1718,0.17300000000000001,0.002925747767665561
4096,32,32,16,1,4096,1,1728,1024,True,vllm_0.5.1_flash_attn,0.028,0.029,0.028800000000000003,0.029,0.00040000000000000034,,,,,,0.0,0.0,0.0,0.0,0.0,0.0,0.0,0.0,0.0,0.0,0.216,0.223,0.22000000000000003,0.222,0.0028982753492378904
4096,32,32,16,1,4096,1,1728,1024,True,vllm_0.5.1_flash_attn,0.028,0.03,0.029000000000000005,0.029,0.0006324555320336753,,,,,,0.0,0.0,0.0,0.0,0.0,0.0,0.0,0.0,0.0,0.0,0.221,0.226,0.2232,0.223,0.002039607805437116
4096,32,32,16,1,4096,1,1792,0,True,vllm_0.5.1_flash_attn,0.029,0.03,0.029200000000000004,0.029,0.000399999999999999,,,,,,0.0,0.0,0.0,0.0,0.0,0.0,0.0,0.0,0.0,0.0,0.129,0.138,0.13440000000000002,0.137,0.00402988833592198
4096,32,32,16,1,4096,1,1792,512,True,vllm_0.5.1_flash_attn,0.029,0.03,0.0294,0.029,0.0004898979485566344,,,,,,0.0,0.0,0.0,0.0,0.0,0.0,0.0,0.0,0.0,0.0,0.178,0.187,0.18239999999999998,0.183,0.003136877428271627
4096,32,32,16,1,4096,1,1792,1024,True,vllm_0.5.1_flash_attn,0.029,0.03,0.029200000000000004,0.029,0.000399999999999999,,,,,,0.0,0.0,0.0,0.0,0.0,0.0,0.0,0.0,0.0,0.0,0.23,0.23800000000000002,0.23480000000000004,0.234,0.0029933259094191557
4096,32,32,16,1,4096,1,1792,1024,True,vllm_0.5.1_flash_attn,0.029,0.03,0.0294,0.029,0.0004898979485566344,,,,,,0.0,0.0,0.0,0.0,0.0,0.0,0.0,0.0,0.0,0.0,0.229,0.241,0.23479999999999998,0.23600000000000002,0.004621688003316533
4096,32,32,16,1,4096,1,1856,0,True,vllm_0.5.1_flash_attn,0.03,0.031,0.030199999999999998,0.03,0.00040000000000000034,,,,,,0.0,0.0,0.0,0.0,0.0,0.0,0.0,0.0,0.0,0.0,0.132,0.145,0.1398,0.14300000000000002,0.0052687759489277956
4096,32,32,16,1,4096,1,1856,512,True,vllm_0.5.1_flash_attn,0.03,0.031,0.0304,0.03,0.000489897948556636,,,,,,0.0,0.0,0.0,0.0,0.0,0.0,0.0,0.0,0.0,0.0,0.186,0.194,0.18860000000000002,0.188,0.0029393876913398165
4096,32,32,16,1,4096,1,1856,1024,True,vllm_0.5.1_flash_attn,0.03,0.031,0.030199999999999998,0.03,0.00040000000000000034,,,,,,0.0,0.0,0.0,0.0,0.0,0.0,0.0,0.0,0.0,0.0,0.23800000000000002,0.247,0.2428,0.243,0.002925747767665552
4096,32,32,16,1,4096,1,1856,1024,True,vllm_0.5.1_flash_attn,0.03,0.031,0.0304,0.03,0.000489897948556636,,,,,,0.0,0.0,0.0,0.0,0.0,0.0,0.0,0.0,0.0,0.0,0.23700000000000002,0.246,0.24180000000000001,0.242,0.002925747767665552
4096,32,32,16,1,4096,1,1920,0,True,vllm_0.5.1_flash_attn,0.03,0.031,0.0306,0.031,0.000489897948556636,,,,,,0.0,0.0,0.0,0.0,0.0,0.0,0.0,0.0,0.0,0.0,0.14200000000000002,0.147,0.1444,0.145,0.002059126028197389
4096,32,32,16,1,4096,1,1920,512,True,vllm_0.5.1_flash_attn,0.031,0.031,0.031,0.031,0.0,,,,,,0.0,0.0,0.0,0.0,0.0,0.0,0.0,0.0,0.0,0.0,0.196,0.20700000000000002,0.1992,0.198,0.003969886648255845
4096,32,32,16,1,4096,1,1920,1024,True,vllm_0.5.1_flash_attn,0.031,0.031,0.031,0.031,0.0,,,,,,0.0,0.0,0.0,0.0,0.0,0.0,0.0,0.0,0.0,0.0,0.252,0.263,0.2564,0.255,0.0038262252939418014
4096,32,32,16,1,4096,1,1920,1024,True,vllm_0.5.1_flash_attn,0.031,0.031,0.031,0.031,0.0,,,,,,0.0,0.0,0.0,0.0,0.0,0.0,0.0,0.0,0.0,0.0,0.253,0.261,0.2556,0.255,0.0029393876913398165
4096,32,32,16,1,4096,1,1984,0,True,vllm_0.5.1_flash_attn,0.031,0.032,0.0314,0.031,0.000489897948556636,,,,,,0.0,0.0,0.0,0.0,0.0,0.0,0.0,0.0,0.0,0.0,0.151,0.162,0.15660000000000002,0.156,0.003979949748426483
4096,32,32,16,1,4096,1,1984,512,True,vllm_0.5.1_flash_attn,0.031,0.032,0.0312,0.031,0.00040000000000000034,,,,,,0.0,0.0,0.0,0.0,0.0,0.0,0.0,0.0,0.0,0.0,0.202,0.21,0.20540000000000003,0.20500000000000002,0.0028705400188814584
4096,32,32,16,1,4096,1,1984,1024,True,vllm_0.5.1_flash_attn,0.031,0.032,0.0314,0.031,0.000489897948556636,,,,,,0.0,0.0,0.0,0.0,0.0,0.0,0.0,0.0,0.0,0.0,0.259,0.272,0.26580000000000004,0.266,0.004833218389437833
4096,32,32,16,1,4096,1,1984,1024,True,vllm_0.5.1_flash_attn,0.031,0.032,0.0316,0.032,0.000489897948556636,,,,,,0.0,0.0,0.0,0.0,0.0,0.0,0.0,0.0,0.0,0.0,0.265,0.279,0.27140000000000003,0.272,0.005314132102234574
4096,32,32,16,1,4096,1,2048,0,True,vllm_0.5.1_flash_attn,0.032,0.033,0.0324,0.032,0.000489897948556636,,,,,,0.0,0.0,0.0,0.0,0.0,0.0,0.0,0.0,0.0,0.0,0.16,0.166,0.163,0.163,0.0018973665961010292
4096,32,32,16,1,4096,1,2048,512,True,vllm_0.5.1_flash_attn,0.032,0.033,0.0324,0.032,0.000489897948556636,,,,,,0.0,0.0,0.0,0.0,0.0,0.0,0.0,0.0,0.0,0.0,0.219,0.22,0.2198,0.22,0.00040000000000000034
4096,32,32,16,1,4096,1,2048,1024,True,vllm_0.5.1_flash_attn,0.032,0.033,0.032600000000000004,0.033,0.000489897948556636,,,,,,0.0,0.0,0.0,0.0,0.0,0.0,0.0,0.0,0.0,0.0,0.271,0.28700000000000003,0.27880000000000005,0.279,0.005528109984434106
4096,32,32,16,1,4096,1,2048,1024,True,vllm_0.5.1_flash_attn,0.032,0.033,0.0324,0.032,0.000489897948556636,,,,,,0.0,0.0,0.0,0.0,0.0,0.0,0.0,0.0,0.0,0.0,0.274,0.289,0.2822,0.28200000000000003,0.004955804677345536
4096,32,32,16,1,4096,1,2112,0,True,vllm_0.5.1_flash_attn,0.033,0.034,0.0334,0.033,0.000489897948556636,,,,,,0.0,0.0,0.0,0.0,0.0,0.0,0.0,0.0,0.0,0.0,0.17500000000000002,0.183,0.179,0.18,0.0027568097504180387
4096,32,32,16,1,4096,1,2112,512,True,vllm_0.5.1_flash_attn,0.033,0.034,0.0332,0.033,0.00040000000000000034,,,,,,0.0,0.0,0.0,0.0,0.0,0.0,0.0,0.0,0.0,0.0,0.231,0.23700000000000002,0.2334,0.233,0.002059126028197402
4096,32,32,16,1,4096,1,2112,1024,True,vllm_0.5.1_flash_attn,0.033,0.034,0.0334,0.033,0.000489897948556636,,,,,,0.0,0.0,0.0,0.0,0.0,0.0,0.0,0.0,0.0,0.0,0.29,0.303,0.2956,0.295,0.004363484845854289
4096,32,32,16,1,4096,1,2112,1024,True,vllm_0.5.1_flash_attn,0.033,0.034,0.033600000000000005,0.034,0.000489897948556636,,,,,,0.0,0.0,0.0,0.0,0.0,0.0,0.0,0.0,0.0,0.0,0.28500000000000003,0.298,0.2918,0.291,0.004261455150532489
4096,32,32,16,1,4096,1,2176,0,True,vllm_0.5.1_flash_attn,0.035,0.036000000000000004,0.03560000000000001,0.036000000000000004,0.000489897948556636,,,,,,0.0,0.0,0.0,0.0,0.0,0.0,0.0,0.0,0.0,0.0,0.177,0.188,0.185,0.186,0.0040987803063838426
4096,32,32,16,1,4096,1,2176,512,True,vllm_0.5.1_flash_attn,0.035,0.036000000000000004,0.0352,0.035,0.00040000000000000034,,,,,,0.0,0.0,0.0,0.0,0.0,0.0,0.0,0.0,0.0,0.0,0.23800000000000002,0.244,0.24180000000000001,0.243,0.0023999999999999933
4096,32,32,16,1,4096,1,2176,1024,True,vllm_0.5.1_flash_attn,0.035,0.036000000000000004,0.03560000000000001,0.036000000000000004,0.000489897948556636,,,,,,0.0,0.0,0.0,0.0,0.0,0.0,0.0,0.0,0.0,0.0,0.296,0.304,0.29979999999999996,0.3,0.0029933259094191557
4096,32,32,16,1,4096,1,2176,1024,True,vllm_0.5.1_flash_attn,0.035,0.036000000000000004,0.0354,0.035,0.000489897948556636,,,,,,0.0,0.0,0.0,0.0,0.0,0.0,0.0,0.0,0.0,0.0,0.3,0.311,0.305,0.306,0.0037947331922020583
4096,32,32,16,1,4096,1,2240,0,True,vllm_0.5.1_flash_attn,0.036000000000000004,0.037,0.0362,0.036000000000000004,0.0003999999999999976,,,,,,0.0,0.0,0.0,0.0,0.0,0.0,0.0,0.0,0.0,0.0,0.184,0.198,0.1894,0.189,0.004800000000000004
4096,32,32,16,1,4096,1,2240,512,True,vllm_0.5.1_flash_attn,0.036000000000000004,0.037,0.0362,0.036000000000000004,0.0003999999999999976,,,,,,0.0,0.0,0.0,0.0,0.0,0.0,0.0,0.0,0.0,0.0,0.249,0.259,0.255,0.256,0.003949683531626304
4096,32,32,16,1,4096,1,2240,1024,True,vllm_0.5.1_flash_attn,0.036000000000000004,0.037,0.0364,0.036000000000000004,0.0004898979485566326,,,,,,0.0,0.0,0.0,0.0,0.0,0.0,0.0,0.0,0.0,0.0,0.316,0.319,0.318,0.318,0.001095445115010333
4096,32,32,16,1,4096,1,2240,1024,True,vllm_0.5.1_flash_attn,0.036000000000000004,0.037,0.0362,0.036000000000000004,0.0003999999999999976,,,,,,0.0,0.0,0.0,0.0,0.0,0.0,0.0,0.0,0.0,0.0,0.311,0.327,0.31880000000000003,0.319,0.005153639490690054
4096,32,32,16,1,4096,1,2304,0,True,vllm_0.5.1_flash_attn,0.037,0.037,0.037,0.037,0.0,,,,,,0.0,0.0,0.0,0.0,0.0,0.0,0.0,0.0,0.0,0.0,0.192,0.201,0.1956,0.194,0.0037202150475476583
4096,32,32,16,1,4096,1,2304,512,True,vllm_0.5.1_flash_attn,0.036000000000000004,0.037,0.0366,0.037,0.0004898979485566326,,,,,,0.0,0.0,0.0,0.0,0.0,0.0,0.0,0.0,0.0,0.0,0.253,0.268,0.2616,0.26,0.00546260011349907
4096,32,32,16,1,4096,1,2304,1024,True,vllm_0.5.1_flash_attn,0.037,0.037,0.037,0.037,0.0,,,,,,0.0,0.0,0.0,0.0,0.0,0.0,0.0,0.0,0.0,0.0,0.323,0.33,0.3258,0.325,0.002785677655436826
4096,32,32,16,1,4096,1,2304,1024,True,vllm_0.5.1_flash_attn,0.037,0.037,0.037,0.037,0.0,,,,,,0.0,0.0,0.0,0.0,0.0,0.0,0.0,0.0,0.0,0.0,0.324,0.339,0.328,0.325,0.005692099788303088
4096,32,32,16,1,4096,1,2368,0,True,vllm_0.5.1_flash_attn,0.037,0.038,0.0374,0.037,0.000489897948556636,,,,,,0.0,0.0,0.0,0.0,0.0,0.0,0.0,0.0,0.0,0.0,0.203,0.221,0.2112,0.211,0.007054076835419353
4096,32,32,16,1,4096,1,2368,512,True,vllm_0.5.1_flash_attn,0.037,0.038,0.0378,0.038,0.00040000000000000034,,,,,,0.0,0.0,0.0,0.0,0.0,0.0,0.0,0.0,0.0,0.0,0.262,0.28,0.2732,0.275,0.0063686733312362685
4096,32,32,16,1,4096,1,2368,1024,True,vllm_0.5.1_flash_attn,0.037,0.039,0.0376,0.037,0.0008000000000000007,,,,,,0.0,0.0,0.0,0.0,0.0,0.0,0.0,0.0,0.0,0.0,0.333,0.343,0.33840000000000003,0.34,0.004127953488110062
4096,32,32,16,1,4096,1,2368,1024,True,vllm_0.5.1_flash_attn,0.037,0.038,0.0376,0.038,0.000489897948556636,,,,,,0.0,0.0,0.0,0.0,0.0,0.0,0.0,0.0,0.0,0.0,0.335,0.34800000000000003,0.33920000000000006,0.338,0.00479165942028438
4096,32,32,16,1,4096,1,2432,0,True,vllm_0.5.1_flash_attn,0.038,0.039,0.0382,0.038,0.00040000000000000034,,,,,,0.0,0.0,0.0,0.0,0.0,0.0,0.0,0.0,0.0,0.0,0.20600000000000002,0.213,0.2096,0.209,0.0025768197453450163
4096,32,32,16,1,4096,1,2432,512,True,vllm_0.5.1_flash_attn,0.038,0.039,0.038400000000000004,0.038,0.000489897948556636,,,,,,0.0,0.0,0.0,0.0,0.0,0.0,0.0,0.0,0.0,0.0,0.28,0.291,0.2852,0.28500000000000003,0.003969886648255829
4096,32,32,16,1,4096,1,2432,1024,True,vllm_0.5.1_flash_attn,0.038,0.039,0.038400000000000004,0.038,0.000489897948556636,,,,,,0.0,0.0,0.0,0.0,0.0,0.0,0.0,0.0,0.0,0.0,0.34800000000000003,0.365,0.35300000000000004,0.35100000000000003,0.006164414002968963
4096,32,32,16,1,4096,1,2432,1024,True,vllm_0.5.1_flash_attn,0.038,0.039,0.038400000000000004,0.038,0.000489897948556636,,,,,,0.0,0.0,0.0,0.0,0.0,0.0,0.0,0.0,0.0,0.0,0.34400000000000003,0.354,0.34940000000000004,0.34900000000000003,0.0034409301068170305
4096,32,32,16,1,4096,1,2496,0,True,vllm_0.5.1_flash_attn,0.039,0.039,0.039,0.039,0.0,,,,,,0.0,0.0,0.0,0.0,0.0,0.0,0.0,0.0,0.0,0.0,0.215,0.228,0.2206,0.22,0.004223742416388579
4096,32,32,16,1,4096,1,2496,512,True,vllm_0.5.1_flash_attn,0.039,0.04,0.039400000000000004,0.039,0.000489897948556636,,,,,,0.0,0.0,0.0,0.0,0.0,0.0,0.0,0.0,0.0,0.0,0.28700000000000003,0.298,0.2922,0.291,0.004534313619501834
4096,32,32,16,1,4096,1,2496,1024,True,vllm_0.5.1_flash_attn,0.039,0.04,0.0392,0.039,0.00040000000000000034,,,,,,0.0,0.0,0.0,0.0,0.0,0.0,0.0,0.0,0.0,0.0,0.364,0.373,0.3684,0.368,0.003261901286060021
4096,32,32,16,1,4096,1,2496,1024,True,vllm_0.5.1_flash_attn,0.039,0.04,0.039400000000000004,0.039,0.000489897948556636,,,,,,0.0,0.0,0.0,0.0,0.0,0.0,0.0,0.0,0.0,0.0,0.367,0.375,0.3706,0.369,0.003261901286060021
4096,32,32,16,1,4096,1,2560,0,True,vllm_0.5.1_flash_attn,0.04,0.04,0.04,0.04,0.0,,,,,,0.0,0.0,0.0,0.0,0.0,0.0,0.0,0.0,0.0,0.0,0.216,0.226,0.2212,0.221,0.0031874754901018484
4096,32,32,16,1,4096,1,2560,512,True,vllm_0.5.1_flash_attn,0.039,0.04,0.0398,0.04,0.00040000000000000034,,,,,,0.0,0.0,0.0,0.0,0.0,0.0,0.0,0.0,0.0,0.0,0.297,0.312,0.307,0.309,0.005176871642217918
4096,32,32,16,1,4096,1,2560,1024,True,vllm_0.5.1_flash_attn,0.039,0.04,0.0398,0.04,0.00040000000000000034,,,,,,0.0,0.0,0.0,0.0,0.0,0.0,0.0,0.0,0.0,0.0,0.374,0.381,0.3782,0.378,0.002638181191654586
4096,32,32,16,1,4096,1,2560,1024,True,vllm_0.5.1_flash_attn,0.039,0.04,0.0398,0.04,0.00040000000000000034,,,,,,0.0,0.0,0.0,0.0,0.0,0.0,0.0,0.0,0.0,0.0,0.374,0.386,0.38,0.379,0.004427188724235735
4096,32,32,16,1,4096,1,2624,0,True,vllm_0.5.1_flash_attn,0.04,0.041,0.040600000000000004,0.041,0.000489897948556636,,,,,,0.0,0.0,0.0,0.0,0.0,0.0,0.0,0.0,0.0,0.0,0.231,0.25,0.24180000000000001,0.241,0.006368673331236259
4096,32,32,16,1,4096,1,2624,512,True,vllm_0.5.1_flash_attn,0.04,0.041,0.040400000000000005,0.04,0.000489897948556636,,,,,,0.0,0.0,0.0,0.0,0.0,0.0,0.0,0.0,0.0,0.0,0.31,0.321,0.31520000000000004,0.314,0.0038678159211627465
4096,32,32,16,1,4096,1,2624,1024,True,vllm_0.5.1_flash_attn,0.04,0.041,0.0402,0.04,0.00040000000000000034,,,,,,0.0,0.0,0.0,0.0,0.0,0.0,0.0,0.0,0.0,0.0,0.387,0.393,0.39080000000000004,0.392,0.0021354156504062643
4096,32,32,16,1,4096,1,2624,1024,True,vllm_0.5.1_flash_attn,0.04,0.041,0.040600000000000004,0.041,0.000489897948556636,,,,,,0.0,0.0,0.0,0.0,0.0,0.0,0.0,0.0,0.0,0.0,0.389,0.40700000000000003,0.3966,0.397,0.006151422599691885
4096,32,32,16,1,4096,1,2688,0,True,vllm_0.5.1_flash_attn,0.042,0.043000000000000003,0.04240000000000001,0.042,0.000489897948556636,,,,,,0.0,0.0,0.0,0.0,0.0,0.0,0.0,0.0,0.0,0.0,0.23600000000000002,0.255,0.2464,0.245,0.006916646586316231
4096,32,32,16,1,4096,1,2688,512,True,vllm_0.5.1_flash_attn,0.043000000000000003,0.043000000000000003,0.043000000000000003,0.043000000000000003,0.0,,,,,,0.0,0.0,0.0,0.0,0.0,0.0,0.0,0.0,0.0,0.0,0.318,0.331,0.324,0.324,0.004147288270665548
4096,32,32,16,1,4096,1,2688,1024,True,vllm_0.5.1_flash_attn,0.042,0.043000000000000003,0.042800000000000005,0.043000000000000003,0.00040000000000000034,,,,,,0.0,0.0,0.0,0.0,0.0,0.0,0.0,0.0,0.0,0.0,0.4,0.41400000000000003,0.4074,0.40900000000000003,0.00588557558782487
4096,32,32,16,1,4096,1,2688,1024,True,vllm_0.5.1_flash_attn,0.042,0.043000000000000003,0.042800000000000005,0.043000000000000003,0.00040000000000000034,,,,,,0.0,0.0,0.0,0.0,0.0,0.0,0.0,0.0,0.0,0.0,0.399,0.418,0.40840000000000004,0.40800000000000003,0.007282856582413242
4096,32,32,16,1,4096,1,2752,0,True,vllm_0.5.1_flash_attn,0.043000000000000003,0.044,0.0436,0.044,0.0004898979485566326,,,,,,0.0,0.0,0.0,0.0,0.0,0.0,0.0,0.0,0.0,0.0,0.258,0.273,0.262,0.26,0.005549774770204649
4096,32,32,16,1,4096,1,2752,512,True,vllm_0.5.1_flash_attn,0.043000000000000003,0.044,0.0438,0.044,0.0003999999999999976,,,,,,0.0,0.0,0.0,0.0,0.0,0.0,0.0,0.0,0.0,0.0,0.338,0.35000000000000003,0.34340000000000004,0.343,0.004270831300812529
4096,32,32,16,1,4096,1,2752,1024,True,vllm_0.5.1_flash_attn,0.043000000000000003,0.044,0.0436,0.044,0.0004898979485566326,,,,,,0.0,0.0,0.0,0.0,0.0,0.0,0.0,0.0,0.0,0.0,0.40800000000000003,0.424,0.4194,0.422,0.005851495535331101
4096,32,32,16,1,4096,1,2752,1024,True,vllm_0.5.1_flash_attn,0.044,0.044,0.044,0.044,0.0,,,,,,0.0,0.0,0.0,0.0,0.0,0.0,0.0,0.0,0.0,0.0,0.421,0.426,0.4236,0.425,0.0021540659228538035
4096,32,32,16,1,4096,1,2816,0,True,vllm_0.5.1_flash_attn,0.044,0.045,0.044399999999999995,0.044,0.000489897948556636,,,,,,0.0,0.0,0.0,0.0,0.0,0.0,0.0,0.0,0.0,0.0,0.261,0.267,0.2638,0.264,0.0021354156504062643
4096,32,32,16,1,4096,1,2816,512,True,vllm_0.5.1_flash_attn,0.044,0.045,0.044399999999999995,0.044,0.000489897948556636,,,,,,0.0,0.0,0.0,0.0,0.0,0.0,0.0,0.0,0.0,0.0,0.35100000000000003,0.364,0.3556,0.354,0.004923413450036452
4096,32,32,16,1,4096,1,2816,1024,True,vllm_0.5.1_flash_attn,0.044,0.045,0.044199999999999996,0.044,0.00040000000000000034,,,,,,0.0,0.0,0.0,0.0,0.0,0.0,0.0,0.0,0.0,0.0,0.431,0.439,0.4342,0.434,0.0030594117081556736
4096,32,32,16,1,4096,1,2816,1024,True,vllm_0.5.1_flash_attn,0.044,0.045,0.04479999999999999,0.045,0.00040000000000000034,,,,,,0.0,0.0,0.0,0.0,0.0,0.0,0.0,0.0,0.0,0.0,0.433,0.44,0.4356,0.435,0.0024166091947189165
4096,32,32,16,1,4096,1,2880,0,True,vllm_0.5.1_flash_attn,0.045,0.046,0.0452,0.045,0.00040000000000000034,,,,,,0.0,0.0,0.0,0.0,0.0,0.0,0.0,0.0,0.0,0.0,0.274,0.289,0.2816,0.28300000000000003,0.0049638694583963305
4096,32,32,16,1,4096,1,2880,512,True,vllm_0.5.1_flash_attn,0.044,0.045,0.04479999999999999,0.045,0.00040000000000000034,,,,,,0.0,0.0,0.0,0.0,0.0,0.0,0.0,0.0,0.0,0.0,0.359,0.379,0.3666,0.365,0.006651315659326362
4096,32,32,16,1,4096,1,2880,1024,True,vllm_0.5.1_flash_attn,0.044,0.046,0.045,0.045,0.0006324555320336764,,,,,,0.0,0.0,0.0,0.0,0.0,0.0,0.0,0.0,0.0,0.0,0.441,0.457,0.44880000000000003,0.447,0.006584831053261737
4096,32,32,16,1,4096,1,2880,1024,True,vllm_0.5.1_flash_attn,0.045,0.045,0.045,0.045,0.0,,,,,,0.0,0.0,0.0,0.0,0.0,0.0,0.0,0.0,0.0,0.0,0.438,0.454,0.446,0.445,0.00695701085237044
4096,32,32,16,1,4096,1,2944,0,True,vllm_0.5.1_flash_attn,0.045,0.046,0.045399999999999996,0.045,0.000489897948556636,,,,,,0.0,0.0,0.0,0.0,0.0,0.0,0.0,0.0,0.0,0.0,0.281,0.289,0.2854,0.28700000000000003,0.002939387691339803
4096,32,32,16,1,4096,1,2944,512,True,vllm_0.5.1_flash_attn,0.045,0.046,0.045399999999999996,0.045,0.000489897948556636,,,,,,0.0,0.0,0.0,0.0,0.0,0.0,0.0,0.0,0.0,0.0,0.371,0.387,0.3792,0.38,0.005230678732248813
4096,32,32,16,1,4096,1,2944,1024,True,vllm_0.5.1_flash_attn,0.045,0.046,0.045599999999999995,0.046,0.000489897948556636,,,,,,0.0,0.0,0.0,0.0,0.0,0.0,0.0,0.0,0.0,0.0,0.454,0.47300000000000003,0.4666,0.46900000000000003,0.006529931086925809
4096,32,32,16,1,4096,1,2944,1024,True,vllm_0.5.1_flash_attn,0.045,0.046,0.045599999999999995,0.046,0.000489897948556636,,,,,,0.0,0.0,0.0,0.0,0.0,0.0,0.0,0.0,0.0,0.0,0.46,0.462,0.4612,0.461,0.0007483314773547889
4096,32,32,16,1,4096,1,3008,0,True,vllm_0.5.1_flash_attn,0.046,0.047,0.0464,0.046,0.000489897948556636,,,,,,0.0,0.0,0.0,0.0,0.0,0.0,0.0,0.0,0.0,0.0,0.291,0.312,0.3006,0.297,0.008014985963805558
4096,32,32,16,1,4096,1,3008,512,True,vllm_0.5.1_flash_attn,0.046,0.047,0.0464,0.046,0.000489897948556636,,,,,,0.0,0.0,0.0,0.0,0.0,0.0,0.0,0.0,0.0,0.0,0.388,0.403,0.3952,0.396,0.005564171097297428
4096,32,32,16,1,4096,1,3008,1024,True,vllm_0.5.1_flash_attn,0.046,0.047,0.0464,0.046,0.000489897948556636,,,,,,0.0,0.0,0.0,0.0,0.0,0.0,0.0,0.0,0.0,0.0,0.47100000000000003,0.485,0.479,0.48,0.0045166359162544705
4096,32,32,16,1,4096,1,3008,1024,True,vllm_0.5.1_flash_attn,0.046,0.047,0.0464,0.046,0.000489897948556636,,,,,,0.0,0.0,0.0,0.0,0.0,0.0,0.0,0.0,0.0,0.0,0.47600000000000003,0.488,0.48,0.47800000000000004,0.004560701700396532
4096,32,32,16,1,4096,1,3072,0,True,vllm_0.5.1_flash_attn,0.047,0.048,0.0474,0.047,0.000489897948556636,,,,,,0.0,0.0,0.0,0.0,0.0,0.0,0.0,0.0,0.0,0.0,0.294,0.305,0.29979999999999996,0.301,0.004166533331199936
4096,32,32,16,1,4096,1,3072,512,True,vllm_0.5.1_flash_attn,0.047,0.048,0.0472,0.047,0.00040000000000000034,,,,,,0.0,0.0,0.0,0.0,0.0,0.0,0.0,0.0,0.0,0.0,0.401,0.40800000000000003,0.4042,0.404,0.0023151673805580472
4096,32,32,16,1,4096,1,3072,1024,True,vllm_0.5.1_flash_attn,0.047,0.048,0.0472,0.047,0.00040000000000000034,,,,,,0.0,0.0,0.0,0.0,0.0,0.0,0.0,0.0,0.0,0.0,0.48,0.497,0.49139999999999995,0.492,0.006053098380168627
4096,32,32,16,1,4096,1,3072,1024,True,vllm_0.5.1_flash_attn,0.047,0.048,0.0474,0.047,0.000489897948556636,,,,,,0.0,0.0,0.0,0.0,0.0,0.0,0.0,0.0,0.0,0.0,0.484,0.502,0.49420000000000003,0.496,0.006209669878504015
4096,32,32,16,1,4096,1,3136,0,True,vllm_0.5.1_flash_attn,0.047,0.048,0.047799999999999995,0.048,0.00040000000000000034,,,,,,0.0,0.0,0.0,0.0,0.0,0.0,0.0,0.0,0.0,0.0,0.31,0.327,0.31880000000000003,0.318,0.005635601121442153
4096,32,32,16,1,4096,1,3136,512,True,vllm_0.5.1_flash_attn,0.048,0.049,0.0482,0.048,0.00040000000000000034,,,,,,0.0,0.0,0.0,0.0,0.0,0.0,0.0,0.0,0.0,0.0,0.41400000000000003,0.41600000000000004,0.4156000000000001,0.41600000000000004,0.0008000000000000007
4096,32,32,16,1,4096,1,3200,0,True,vllm_0.5.1_flash_attn,0.049,0.05,0.0498,0.05,0.00040000000000000034,,,,,,0.0,0.0,0.0,0.0,0.0,0.0,0.0,0.0,0.0,0.0,0.321,0.335,0.33,0.333,0.0055856960175075816
4096,32,32,16,1,4096,1,3200,512,True,vllm_0.5.1_flash_attn,0.05,0.05,0.05,0.05,0.0,,,,,,0.0,0.0,0.0,0.0,0.0,0.0,0.0,0.0,0.0,0.0,0.419,0.436,0.4282,0.429,0.006431174076325416
4096,32,32,16,1,4096,1,3264,0,True,vllm_0.5.1_flash_attn,0.051000000000000004,0.051000000000000004,0.051000000000000004,0.051000000000000004,0.0,,,,,,0.0,0.0,0.0,0.0,0.0,0.0,0.0,0.0,0.0,0.0,0.338,0.359,0.3478,0.34700000000000003,0.007025667228100107
4096,32,32,16,1,4096,1,3264,512,True,vllm_0.5.1_flash_attn,0.05,0.051000000000000004,0.0508,0.051000000000000004,0.00040000000000000034,,,,,,0.0,0.0,0.0,0.0,0.0,0.0,0.0,0.0,0.0,0.0,0.445,0.452,0.4486,0.449,0.003136877428271627
4096,32,32,16,1,4096,1,3328,0,True,vllm_0.5.1_flash_attn,0.051000000000000004,0.052000000000000005,0.0514,0.051000000000000004,0.000489897948556636,,,,,,0.0,0.0,0.0,0.0,0.0,0.0,0.0,0.0,0.0,0.0,0.339,0.357,0.34500000000000003,0.343,0.006228964600958959
4096,32,32,16,1,4096,1,3328,512,True,vllm_0.5.1_flash_attn,0.051000000000000004,0.052000000000000005,0.0514,0.051000000000000004,0.000489897948556636,,,,,,0.0,0.0,0.0,0.0,0.0,0.0,0.0,0.0,0.0,0.0,0.449,0.47200000000000003,0.45640000000000003,0.455,0.008428523002282199
4096,32,32,16,1,4096,1,3392,0,True,vllm_0.5.1_flash_attn,0.052000000000000005,0.053,0.0524,0.052000000000000005,0.0004898979485566326,,,,,,0.0,0.0,0.0,0.0,0.0,0.0,0.0,0.0,0.0,0.0,0.358,0.378,0.36920000000000003,0.37,0.006523802572120042
4096,32,32,16,1,4096,1,3392,512,True,vllm_0.5.1_flash_attn,0.052000000000000005,0.053,0.0524,0.052000000000000005,0.0004898979485566326,,,,,,0.0,0.0,0.0,0.0,0.0,0.0,0.0,0.0,0.0,0.0,0.464,0.481,0.47400000000000003,0.47500000000000003,0.0058309518948452925
4096,32,32,16,1,4096,1,3456,0,True,vllm_0.5.1_flash_attn,0.052000000000000005,0.053,0.0528,0.053,0.0003999999999999976,,,,,,0.0,0.0,0.0,0.0,0.0,0.0,0.0,0.0,0.0,0.0,0.356,0.376,0.367,0.37,0.008438009243891603
4096,32,32,16,1,4096,1,3456,512,True,vllm_0.5.1_flash_attn,0.052000000000000005,0.054,0.053000000000000005,0.053,0.0006324555320336743,,,,,,0.0,0.0,0.0,0.0,0.0,0.0,0.0,0.0,0.0,0.0,0.47600000000000003,0.491,0.487,0.49,0.005692099788303066
4096,32,32,16,1,4096,1,3520,0,True,vllm_0.5.1_flash_attn,0.053,0.054,0.0536,0.054,0.000489897948556636,,,,,,0.0,0.0,0.0,0.0,0.0,0.0,0.0,0.0,0.0,0.0,0.371,0.393,0.3856,0.391,0.008475848040166843
4096,32,32,16,1,4096,1,3520,512,True,vllm_0.5.1_flash_attn,0.053,0.054,0.0536,0.054,0.000489897948556636,,,,,,0.0,0.0,0.0,0.0,0.0,0.0,0.0,0.0,0.0,0.0,0.495,0.509,0.5025999999999999,0.504,0.004758150901348132
4096,32,32,16,1,4096,1,3584,0,True,vllm_0.5.1_flash_attn,0.054,0.055,0.0548,0.055,0.00040000000000000034,,,,,,0.0,0.0,0.0,0.0,0.0,0.0,0.0,0.0,0.0,0.0,0.378,0.391,0.385,0.386,0.004560701700396556
4096,32,32,16,1,4096,1,3584,512,True,vllm_0.5.1_flash_attn,0.054,0.055,0.0546,0.055,0.000489897948556636,,,,,,0.0,0.0,0.0,0.0,0.0,0.0,0.0,0.0,0.0,0.0,0.512,0.52,0.517,0.518,0.00268328157299975
4096,32,32,16,1,4096,1,3648,0,True,vllm_0.5.1_flash_attn,0.055,0.056,0.055600000000000004,0.056,0.000489897948556636,,,,,,0.0,0.0,0.0,0.0,0.0,0.0,0.0,0.0,0.0,0.0,0.396,0.419,0.4086,0.41400000000000003,0.009624967532412768
4096,32,32,16,1,4096,1,3712,0,True,vllm_0.5.1_flash_attn,0.057,0.057,0.05700000000000001,0.057,0.0,,,,,,0.0,0.0,0.0,0.0,0.0,0.0,0.0,0.0,0.0,0.0,0.406,0.423,0.41559999999999997,0.417,0.0056071383075504575
4096,32,32,16,1,4096,1,3776,0,True,vllm_0.5.1_flash_attn,0.057,0.059000000000000004,0.05800000000000001,0.058,0.0006324555320336764,,,,,,0.0,0.0,0.0,0.0,0.0,0.0,0.0,0.0,0.0,0.0,0.43,0.441,0.4364,0.439,0.004498888751680801
4096,32,32,16,1,4096,1,3840,0,True,vllm_0.5.1_flash_attn,0.058,0.059000000000000004,0.058800000000000005,0.059000000000000004,0.00040000000000000034,,,,,,0.0,0.0,0.0,0.0,0.0,0.0,0.0,0.0,0.0,0.0,0.432,0.449,0.4378,0.434,0.006431174076325416
4096,32,32,16,1,4096,1,3904,0,True,vllm_0.5.1_flash_attn,0.059000000000000004,0.06,0.0598,0.06,0.0003999999999999976,,,,,,0.0,0.0,0.0,0.0,0.0,0.0,0.0,0.0,0.0,0.0,0.447,0.464,0.4582,0.461,0.0062417946137309
4096,32,32,16,1,4096,1,3968,0,True,vllm_0.5.1_flash_attn,0.06,0.061,0.060399999999999995,0.06,0.000489897948556636,,,,,,0.0,0.0,0.0,0.0,0.0,0.0,0.0,0.0,0.0,0.0,0.455,0.47600000000000003,0.466,0.463,0.007874007874011818
4096,32,32,16,1,4096,1,4032,0,True,vllm_0.5.1_flash_attn,0.06,0.061,0.0608,0.061,0.00040000000000000034,,,,,,0.0,0.0,0.0,0.0,0.0,0.0,0.0,0.0,0.0,0.0,0.465,0.504,0.4822,0.483,0.013196969349058887
4096,32,32,16,1,4096,1,4096,0,True,vllm_0.5.1_flash_attn,0.061,0.062,0.0618,0.062,0.00040000000000000034,,,,,,0.0,0.0,0.0,0.0,0.0,0.0,0.0,0.0,0.0,0.0,0.47500000000000003,0.48,0.47780000000000006,0.47800000000000004,0.0017204650534085127
4096,32,32,16,1,4096,1,4096,0,True,vllm_0.5.1_flash_attn,0.061,0.062,0.0616,0.062,0.000489897948556636,,,,,,0.0,0.0,0.0,0.0,0.0,0.0,0.0,0.0,0.0,0.0,0.48,0.491,0.48579999999999995,0.485,0.0038678159211627465
4096,32,32,16,2,4096,1,0,32,False,vllm_0.5.1_flash_attn,0.002,0.002,0.002,0.002,0.0,0.004,0.004,0.004,0.004,0.0,0.0,0.0,0.0,0.0,0.0,0.0,0.0,0.0,0.0,0.0,,,,,
4096,32,32,16,2,4096,2,0,32,False,vllm_0.5.1_flash_attn,0.002,0.002,0.002,0.002,0.0,0.004,0.005,0.0046,0.005,0.0004898979485566357,0.0,0.0,0.0,0.0,0.0,0.0,0.0,0.0,0.0,0.0,,,,,
4096,32,32,16,2,4096,3,0,32,False,vllm_0.5.1_flash_attn,0.002,0.002,0.002,0.002,0.0,0.004,0.004,0.004,0.004,0.0,0.0,0.0,0.0,0.0,0.0,0.0,0.0,0.0,0.0,0.0,,,,,
4096,32,32,16,2,4096,4,0,32,False,vllm_0.5.1_flash_attn,0.002,0.002,0.002,0.002,0.0,0.004,0.005,0.004399999999999999,0.004,0.0004898979485566357,0.0,0.0,0.0,0.0,0.0,0.0,0.0,0.0,0.0,0.0,,,,,
4096,32,32,16,2,4096,5,0,32,False,vllm_0.5.1_flash_attn,0.002,0.002,0.002,0.002,0.0,0.005,0.005,0.005,0.005,0.0,0.0,0.0,0.0,0.0,0.0,0.0,0.0,0.0,0.0,0.0,,,,,
4096,32,32,16,2,4096,6,0,32,False,vllm_0.5.1_flash_attn,0.002,0.002,0.002,0.002,0.0,0.005,0.005,0.005,0.005,0.0,0.0,0.0,0.0,0.0,0.0,0.0,0.0,0.0,0.0,0.0,,,,,
4096,32,32,16,2,4096,7,0,32,False,vllm_0.5.1_flash_attn,0.002,0.002,0.002,0.002,0.0,0.005,0.005,0.005,0.005,0.0,0.0,0.0,0.0,0.0,0.0,0.0,0.0,0.0,0.0,0.0,,,,,
4096,32,32,16,2,4096,8,0,32,False,vllm_0.5.1_flash_attn,0.002,0.002,0.002,0.002,0.0,0.005,0.005,0.005,0.005,0.0,0.0,0.0,0.0,0.0,0.0,0.0,0.0,0.0,0.0,0.0,,,,,
4096,32,32,16,2,4096,1,0,64,False,vllm_0.5.1_flash_attn,0.002,0.002,0.002,0.002,0.0,0.004,0.004,0.004,0.004,0.0,0.0,0.0,0.0,0.0,0.0,0.0,0.0,0.0,0.0,0.0,,,,,
4096,32,32,16,2,4096,2,0,64,False,vllm_0.5.1_flash_attn,0.002,0.002,0.002,0.002,0.0,0.004,0.005,0.004200000000000001,0.004,0.0004,0.0,0.0,0.0,0.0,0.0,0.0,0.0,0.0,0.0,0.0,,,,,
4096,32,32,16,2,4096,3,0,64,False,vllm_0.5.1_flash_attn,0.002,0.002,0.002,0.002,0.0,0.004,0.005,0.0048000000000000004,0.005,0.0004,0.0,0.0,0.0,0.0,0.0,0.0,0.0,0.0,0.0,0.0,,,,,
4096,32,32,16,2,4096,4,0,64,False,vllm_0.5.1_flash_attn,0.002,0.002,0.002,0.002,0.0,0.005,0.005,0.005,0.005,0.0,0.0,0.0,0.0,0.0,0.0,0.0,0.0,0.0,0.0,0.0,,,,,
4096,32,32,16,2,4096,5,0,64,False,vllm_0.5.1_flash_attn,0.002,0.002,0.002,0.002,0.0,0.005,0.005,0.005,0.005,0.0,0.0,0.0,0.0,0.0,0.0,0.0,0.0,0.0,0.0,0.0,,,,,
4096,32,32,16,2,4096,6,0,64,False,vllm_0.5.1_flash_attn,0.002,0.002,0.002,0.002,0.0,0.005,0.005,0.005,0.005,0.0,0.0,0.0,0.0,0.0,0.0,0.0,0.0,0.0,0.0,0.0,,,,,
4096,32,32,16,2,4096,7,0,64,False,vllm_0.5.1_flash_attn,0.002,0.002,0.002,0.002,0.0,0.005,0.005,0.005,0.005,0.0,0.0,0.0,0.0,0.0,0.0,0.0,0.0,0.0,0.0,0.0,,,,,
4096,32,32,16,2,4096,8,0,64,False,vllm_0.5.1_flash_attn,0.002,0.002,0.002,0.002,0.0,0.005,0.005,0.005,0.005,0.0,0.0,0.0,0.0,0.0,0.0,0.0,0.0,0.0,0.0,0.0,,,,,
4096,32,32,16,2,4096,1,0,96,False,vllm_0.5.1_flash_attn,0.002,0.002,0.002,0.002,0.0,0.004,0.004,0.004,0.004,0.0,0.0,0.0,0.0,0.0,0.0,0.0,0.0,0.0,0.0,0.0,,,,,
4096,32,32,16,2,4096,2,0,96,False,vllm_0.5.1_flash_attn,0.002,0.002,0.002,0.002,0.0,0.005,0.005,0.005,0.005,0.0,0.0,0.0,0.0,0.0,0.0,0.0,0.0,0.0,0.0,0.0,,,,,
4096,32,32,16,2,4096,3,0,96,False,vllm_0.5.1_flash_attn,0.002,0.002,0.002,0.002,0.0,0.005,0.005,0.005,0.005,0.0,0.0,0.0,0.0,0.0,0.0,0.0,0.0,0.0,0.0,0.0,,,,,
4096,32,32,16,2,4096,4,0,96,False,vllm_0.5.1_flash_attn,0.002,0.002,0.002,0.002,0.0,0.005,0.005,0.005,0.005,0.0,0.0,0.0,0.0,0.0,0.0,0.0,0.0,0.0,0.0,0.0,,,,,
4096,32,32,16,2,4096,5,0,96,False,vllm_0.5.1_flash_attn,0.002,0.002,0.002,0.002,0.0,0.005,0.005,0.005,0.005,0.0,0.0,0.0,0.0,0.0,0.0,0.0,0.0,0.0,0.0,0.0,,,,,
4096,32,32,16,2,4096,6,0,96,False,vllm_0.5.1_flash_attn,0.002,0.002,0.002,0.002,0.0,0.005,0.005,0.005,0.005,0.0,0.0,0.0,0.0,0.0,0.0,0.0,0.0,0.0,0.0,0.0,,,,,
4096,32,32,16,2,4096,7,0,96,False,vllm_0.5.1_flash_attn,0.002,0.002,0.002,0.002,0.0,0.005,0.005,0.005,0.005,0.0,0.0,0.0,0.0,0.0,0.0,0.0,0.0,0.0,0.0,0.0,,,,,
4096,32,32,16,2,4096,8,0,96,False,vllm_0.5.1_flash_attn,0.002,0.002,0.002,0.002,0.0,0.005,0.005,0.005,0.005,0.0,0.0,0.0,0.0,0.0,0.0,0.0,0.0,0.0,0.0,0.0,,,,,
4096,32,32,16,2,4096,1,0,128,False,vllm_0.5.1_flash_attn,0.002,0.002,0.002,0.002,0.0,0.008,0.019,0.010600000000000002,0.009000000000000001,0.004223742416388575,0.0,0.0,0.0,0.0,0.0,0.0,0.0,0.0,0.0,0.0,,,,,
4096,32,32,16,2,4096,2,0,128,False,vllm_0.5.1_flash_attn,0.002,0.002,0.002,0.002,0.0,0.008,0.016,0.0102,0.009000000000000001,0.0029257477676655585,0.0,0.0,0.0,0.0,0.0,0.0,0.0,0.0,0.0,0.0,,,,,
4096,32,32,16,2,4096,3,0,128,False,vllm_0.5.1_flash_attn,0.002,0.002,0.002,0.002,0.0,0.008,0.024,0.011800000000000001,0.009000000000000001,0.00611228271597445,0.0,0.0,0.0,0.0,0.0,0.0,0.0,0.0,0.0,0.0,,,,,
4096,32,32,16,2,4096,4,0,128,False,vllm_0.5.1_flash_attn,0.002,0.002,0.002,0.002,0.0,0.008,0.015,0.01,0.009000000000000001,0.002529822128134703,0.0,0.0,0.0,0.0,0.0,0.0,0.0,0.0,0.0,0.0,,,,,
4096,32,32,16,2,4096,5,0,128,False,vllm_0.5.1_flash_attn,0.002,0.002,0.002,0.002,0.0,0.01,0.013000000000000001,0.0112,0.011,0.0009797958971132718,0.0,0.0,0.0,0.0,0.0,0.0,0.0,0.0,0.0,0.0,,,,,
4096,32,32,16,2,4096,6,0,128,False,vllm_0.5.1_flash_attn,0.002,0.002,0.002,0.002,0.0,0.01,0.013000000000000001,0.0112,0.011,0.0009797958971132718,0.0,0.0,0.0,0.0,0.0,0.0,0.0,0.0,0.0,0.0,,,,,
4096,32,32,16,2,4096,7,0,128,False,vllm_0.5.1_flash_attn,0.002,0.002,0.002,0.002,0.0,0.011,0.016,0.012,0.011,0.0020000000000000005,0.0,0.0,0.0,0.0,0.0,0.0,0.0,0.0,0.0,0.0,,,,,
4096,32,32,16,2,4096,8,0,128,False,vllm_0.5.1_flash_attn,0.002,0.002,0.002,0.002,0.0,0.01,0.013000000000000001,0.0112,0.011,0.0009797958971132718,0.0,0.0,0.0,0.0,0.0,0.0,0.0,0.0,0.0,0.0,,,,,
4096,32,32,16,2,4096,1,0,160,False,vllm_0.5.1_flash_attn,0.002,0.002,0.002,0.002,0.0,0.008,0.014,0.010400000000000001,0.009000000000000001,0.0025768197453450254,0.0,0.0,0.0,0.0,0.0,0.0,0.0,0.0,0.0,0.0,,,,,
4096,32,32,16,2,4096,2,0,160,False,vllm_0.5.1_flash_attn,0.002,0.002,0.002,0.002,0.0,0.008,0.012,0.0092,0.009000000000000001,0.001469693845669907,0.0,0.0,0.0,0.0,0.0,0.0,0.0,0.0,0.0,0.0,,,,,
4096,32,32,16,2,4096,3,0,160,False,vllm_0.5.1_flash_attn,0.002,0.002,0.002,0.002,0.0,0.009000000000000001,0.013000000000000001,0.0098,0.009000000000000001,0.0016,0.0,0.0,0.0,0.0,0.0,0.0,0.0,0.0,0.0,0.0,,,,,
4096,32,32,16,2,4096,4,0,160,False,vllm_0.5.1_flash_attn,0.002,0.002,0.002,0.002,0.0,0.009000000000000001,0.022,0.011600000000000001,0.009000000000000001,0.005199999999999999,0.0,0.0,0.0,0.0,0.0,0.0,0.0,0.0,0.0,0.0,,,,,
4096,32,32,16,2,4096,5,0,160,False,vllm_0.5.1_flash_attn,0.002,0.002,0.002,0.002,0.0,0.011,0.014,0.0116,0.011,0.0012000000000000003,0.0,0.0,0.0,0.0,0.0,0.0,0.0,0.0,0.0,0.0,,,,,
4096,32,32,16,2,4096,6,0,160,False,vllm_0.5.1_flash_attn,0.002,0.002,0.002,0.002,0.0,0.011,0.015,0.0118,0.011,0.0016,0.0,0.0,0.0,0.0,0.0,0.0,0.0,0.0,0.0,0.0,,,,,
4096,32,32,16,2,4096,7,0,160,False,vllm_0.5.1_flash_attn,0.002,0.002,0.002,0.002,0.0,0.011,0.014,0.0116,0.011,0.0012000000000000003,0.0,0.0,0.0,0.0,0.0,0.0,0.0,0.0,0.0,0.0,,,,,
4096,32,32,16,2,4096,8,0,160,False,vllm_0.5.1_flash_attn,0.002,0.002,0.002,0.002,0.0,0.011,0.013000000000000001,0.011399999999999999,0.011,0.0008000000000000007,0.0,0.0,0.0,0.0,0.0,0.0,0.0,0.0,0.0,0.0,,,,,
4096,32,32,16,2,4096,1,0,192,False,vllm_0.5.1_flash_attn,0.002,0.002,0.002,0.002,0.0,0.008,0.013000000000000001,0.009600000000000001,0.009000000000000001,0.0017435595774162695,0.0,0.0,0.0,0.0,0.0,0.0,0.0,0.0,0.0,0.0,,,,,
4096,32,32,16,2,4096,2,0,192,False,vllm_0.5.1_flash_attn,0.002,0.002,0.002,0.002,0.0,0.009000000000000001,0.014,0.01,0.009000000000000001,0.0019999999999999996,0.0,0.0,0.0,0.0,0.0,0.0,0.0,0.0,0.0,0.0,,,,,
4096,32,32,16,2,4096,3,0,192,False,vllm_0.5.1_flash_attn,0.002,0.002,0.002,0.002,0.0,0.009000000000000001,0.013000000000000001,0.0098,0.009000000000000001,0.0016,0.0,0.0,0.0,0.0,0.0,0.0,0.0,0.0,0.0,0.0,,,,,
4096,32,32,16,2,4096,4,0,192,False,vllm_0.5.1_flash_attn,0.002,0.002,0.002,0.002,0.0,0.009000000000000001,0.012,0.009600000000000001,0.009000000000000001,0.0011999999999999997,0.0,0.0,0.0,0.0,0.0,0.0,0.0,0.0,0.0,0.0,,,,,
4096,32,32,16,2,4096,5,0,192,False,vllm_0.5.1_flash_attn,0.002,0.002,0.002,0.002,0.0,0.01,0.013000000000000001,0.0112,0.011,0.0009797958971132718,0.0,0.0,0.0,0.0,0.0,0.0,0.0,0.0,0.0,0.0,,,,,
4096,32,32,16,2,4096,6,0,192,False,vllm_0.5.1_flash_attn,0.002,0.002,0.002,0.002,0.0,0.011,0.014,0.0116,0.011,0.0012000000000000003,0.0,0.0,0.0,0.0,0.0,0.0,0.0,0.0,0.0,0.0,,,,,
4096,32,32,16,2,4096,7,0,192,False,vllm_0.5.1_flash_attn,0.002,0.002,0.002,0.002,0.0,0.011,0.013000000000000001,0.0116,0.011,0.0008000000000000007,0.0,0.0,0.0,0.0,0.0,0.0,0.0,0.0,0.0,0.0,,,,,
4096,32,32,16,2,4096,8,0,192,False,vllm_0.5.1_flash_attn,0.002,0.002,0.002,0.002,0.0,0.011,0.013000000000000001,0.0116,0.011,0.0008000000000000007,0.0,0.0,0.0,0.0,0.0,0.0,0.0,0.0,0.0,0.0,,,,,
4096,32,32,16,2,4096,1,0,224,False,vllm_0.5.1_flash_attn,0.002,0.002,0.002,0.002,0.0,0.008,0.013000000000000001,0.009600000000000001,0.009000000000000001,0.0017435595774162695,0.0,0.0,0.0,0.0,0.0,0.0,0.0,0.0,0.0,0.0,,,,,
4096,32,32,16,2,4096,2,0,224,False,vllm_0.5.1_flash_attn,0.002,0.002,0.002,0.002,0.0,0.009000000000000001,0.013000000000000001,0.0098,0.009000000000000001,0.0016,0.0,0.0,0.0,0.0,0.0,0.0,0.0,0.0,0.0,0.0,,,,,
4096,32,32,16,2,4096,3,0,224,False,vllm_0.5.1_flash_attn,0.002,0.002,0.002,0.002,0.0,0.009000000000000001,0.017,0.010600000000000002,0.009000000000000001,0.0032,0.0,0.0,0.0,0.0,0.0,0.0,0.0,0.0,0.0,0.0,,,,,
4096,32,32,16,2,4096,4,0,224,False,vllm_0.5.1_flash_attn,0.002,0.002,0.002,0.002,0.0,0.009000000000000001,0.013000000000000001,0.0098,0.009000000000000001,0.0016,0.0,0.0,0.0,0.0,0.0,0.0,0.0,0.0,0.0,0.0,,,,,
4096,32,32,16,2,4096,5,0,224,False,vllm_0.5.1_flash_attn,0.002,0.002,0.002,0.002,0.0,0.011,0.013000000000000001,0.011399999999999999,0.011,0.0008000000000000007,0.0,0.0,0.0,0.0,0.0,0.0,0.0,0.0,0.0,0.0,,,,,
4096,32,32,16,2,4096,6,0,224,False,vllm_0.5.1_flash_attn,0.002,0.002,0.002,0.002,0.0,0.011,0.013000000000000001,0.011399999999999999,0.011,0.0008000000000000007,0.0,0.0,0.0,0.0,0.0,0.0,0.0,0.0,0.0,0.0,,,,,
4096,32,32,16,2,4096,7,0,224,False,vllm_0.5.1_flash_attn,0.002,0.002,0.002,0.002,0.0,0.011,0.013000000000000001,0.0118,0.012,0.0007483314773547889,0.0,0.0,0.0,0.0,0.0,0.0,0.0,0.0,0.0,0.0,,,,,
4096,32,32,16,2,4096,8,0,224,False,vllm_0.5.1_flash_attn,0.002,0.002,0.002,0.002,0.0,0.011,0.015,0.012199999999999999,0.012,0.001469693845669907,0.0,0.0,0.0,0.0,0.0,0.0,0.0,0.0,0.0,0.0,,,,,
4096,32,32,16,2,4096,1,0,256,False,vllm_0.5.1_flash_attn,0.002,0.002,0.002,0.002,0.0,0.008,0.015,0.0098,0.009000000000000001,0.0026381811916545836,0.0,0.0,0.0,0.0,0.0,0.0,0.0,0.0,0.0,0.0,,,,,
4096,32,32,16,2,4096,2,0,256,False,vllm_0.5.1_flash_attn,0.002,0.002,0.002,0.002,0.0,0.009000000000000001,0.013000000000000001,0.0098,0.009000000000000001,0.0016,0.0,0.0,0.0,0.0,0.0,0.0,0.0,0.0,0.0,0.0,,,,,
4096,32,32,16,2,4096,3,0,256,False,vllm_0.5.1_flash_attn,0.002,0.002,0.002,0.002,0.0,0.01,0.013000000000000001,0.0112,0.011,0.0009797958971132718,0.0,0.0,0.0,0.0,0.0,0.0,0.0,0.0,0.0,0.0,,,,,
4096,32,32,16,2,4096,4,0,256,False,vllm_0.5.1_flash_attn,0.002,0.002,0.002,0.002,0.0,0.01,0.013000000000000001,0.0112,0.011,0.0009797958971132718,0.0,0.0,0.0,0.0,0.0,0.0,0.0,0.0,0.0,0.0,,,,,
4096,32,32,16,2,4096,5,0,256,False,vllm_0.5.1_flash_attn,0.002,0.002,0.002,0.002,0.0,0.011,0.012,0.011199999999999998,0.011,0.00040000000000000034,0.0,0.0,0.0,0.0,0.0,0.0,0.0,0.0,0.0,0.0,,,,,
4096,32,32,16,2,4096,6,0,256,False,vllm_0.5.1_flash_attn,0.002,0.002,0.002,0.002,0.0,0.014,0.015,0.0144,0.014,0.0004898979485566352,0.0,0.0,0.0,0.0,0.0,0.0,0.0,0.0,0.0,0.0,,,,,
4096,32,32,16,2,4096,7,0,256,False,vllm_0.5.1_flash_attn,0.002,0.002,0.002,0.002,0.0,0.014,0.015,0.0142,0.014,0.0003999999999999997,0.0,0.0,0.0,0.0,0.0,0.0,0.0,0.0,0.0,0.0,,,,,
4096,32,32,16,2,4096,8,0,256,False,vllm_0.5.1_flash_attn,0.002,0.002,0.002,0.002,0.0,0.014,0.018000000000000002,0.0152,0.015,0.0014696938456699076,0.0,0.0,0.0,0.0,0.0,0.0,0.0,0.0,0.0,0.0,,,,,
4096,32,32,16,2,4096,1,0,288,False,vllm_0.5.1_flash_attn,0.002,0.002,0.002,0.002,0.0,0.008,0.017,0.010400000000000001,0.009000000000000001,0.00332264954516723,0.0,0.0,0.0,0.0,0.0,0.0,0.0,0.0,0.0,0.0,,,,,
4096,32,32,16,2,4096,2,0,288,False,vllm_0.5.1_flash_attn,0.002,0.002,0.002,0.002,0.0,0.009000000000000001,0.013000000000000001,0.01,0.009000000000000001,0.0015491933384829666,0.0,0.0,0.0,0.0,0.0,0.0,0.0,0.0,0.0,0.0,,,,,
4096,32,32,16,2,4096,3,0,288,False,vllm_0.5.1_flash_attn,0.002,0.002,0.002,0.002,0.0,0.011,0.013000000000000001,0.011399999999999999,0.011,0.0008000000000000007,0.0,0.0,0.0,0.0,0.0,0.0,0.0,0.0,0.0,0.0,,,,,
4096,32,32,16,2,4096,4,0,288,False,vllm_0.5.1_flash_attn,0.002,0.002,0.002,0.002,0.0,0.011,0.013000000000000001,0.011399999999999999,0.011,0.0008000000000000007,0.0,0.0,0.0,0.0,0.0,0.0,0.0,0.0,0.0,0.0,,,,,
4096,32,32,16,2,4096,5,0,288,False,vllm_0.5.1_flash_attn,0.002,0.002,0.002,0.002,0.0,0.011,0.014,0.0118,0.011,0.0011661903789690605,0.0,0.0,0.0,0.0,0.0,0.0,0.0,0.0,0.0,0.0,,,,,
4096,32,32,16,2,4096,6,0,288,False,vllm_0.5.1_flash_attn,0.002,0.002,0.002,0.002,0.0,0.014,0.015,0.014799999999999999,0.015,0.0003999999999999997,0.0,0.0,0.0,0.0,0.0,0.0,0.0,0.0,0.0,0.0,,,,,
4096,32,32,16,2,4096,7,0,288,False,vllm_0.5.1_flash_attn,0.002,0.002,0.002,0.002,0.0,0.014,0.015,0.014599999999999998,0.015,0.0004898979485566352,0.0,0.0,0.0,0.0,0.0,0.0,0.0,0.0,0.0,0.0,,,,,
4096,32,32,16,2,4096,8,0,288,False,vllm_0.5.1_flash_attn,0.002,0.002,0.002,0.002,0.0,0.014,0.015,0.014799999999999999,0.015,0.0003999999999999997,0.0,0.0,0.0,0.0,0.0,0.0,0.0,0.0,0.0,0.0,,,,,
4096,32,32,16,2,4096,1,0,320,False,vllm_0.5.1_flash_attn,0.002,0.002,0.002,0.002,0.0,0.008,0.013000000000000001,0.009600000000000001,0.009000000000000001,0.0017435595774162695,0.0,0.0,0.0,0.0,0.0,0.0,0.0,0.0,0.0,0.0,,,,,
4096,32,32,16,2,4096,2,0,320,False,vllm_0.5.1_flash_attn,0.002,0.002,0.002,0.002,0.0,0.008,0.019,0.011,0.009000000000000001,0.004049691346263317,0.0,0.0,0.0,0.0,0.0,0.0,0.0,0.0,0.0,0.0,,,,,
4096,32,32,16,2,4096,3,0,320,False,vllm_0.5.1_flash_attn,0.002,0.002,0.002,0.002,0.0,0.011,0.016,0.012,0.011,0.0020000000000000005,0.0,0.0,0.0,0.0,0.0,0.0,0.0,0.0,0.0,0.0,,,,,
4096,32,32,16,2,4096,4,0,320,False,vllm_0.5.1_flash_attn,0.002,0.002,0.002,0.002,0.0,0.011,0.017,0.012199999999999999,0.011,0.0024000000000000007,0.0,0.0,0.0,0.0,0.0,0.0,0.0,0.0,0.0,0.0,,,,,
4096,32,32,16,2,4096,5,0,320,False,vllm_0.5.1_flash_attn,0.002,0.002,0.002,0.002,0.0,0.011,0.017,0.0124,0.011,0.002332380757938121,0.0,0.0,0.0,0.0,0.0,0.0,0.0,0.0,0.0,0.0,,,,,
4096,32,32,16,2,4096,6,0,320,False,vllm_0.5.1_flash_attn,0.002,0.002,0.002,0.002,0.0,0.014,0.015,0.014599999999999998,0.015,0.0004898979485566352,0.0,0.0,0.0,0.0,0.0,0.0,0.0,0.0,0.0,0.0,,,,,
4096,32,32,16,2,4096,7,0,320,False,vllm_0.5.1_flash_attn,0.002,0.002,0.002,0.002,0.0,0.015,0.015,0.015,0.015,0.0,0.0,0.0,0.0,0.0,0.0,0.0,0.0,0.0,0.0,0.0,,,,,
4096,32,32,16,2,4096,8,0,320,False,vllm_0.5.1_flash_attn,0.002,0.002,0.002,0.002,0.0,0.014,0.015,0.014799999999999999,0.015,0.0003999999999999997,0.0,0.0,0.0,0.0,0.0,0.0,0.0,0.0,0.0,0.0,,,,,
4096,32,32,16,2,4096,1,0,352,False,vllm_0.5.1_flash_attn,0.002,0.002,0.002,0.002,0.0,0.009000000000000001,0.017,0.0108,0.009000000000000001,0.003124099870362662,0.0,0.0,0.0,0.0,0.0,0.0,0.0,0.0,0.0,0.0,,,,,
4096,32,32,16,2,4096,2,0,352,False,vllm_0.5.1_flash_attn,0.002,0.002,0.002,0.002,0.0,0.009000000000000001,0.014,0.01,0.009000000000000001,0.0019999999999999996,0.0,0.0,0.0,0.0,0.0,0.0,0.0,0.0,0.0,0.0,,,,,
4096,32,32,16,2,4096,3,0,352,False,vllm_0.5.1_flash_attn,0.002,0.002,0.002,0.002,0.0,0.011,0.013000000000000001,0.011399999999999999,0.011,0.0008000000000000007,0.0,0.0,0.0,0.0,0.0,0.0,0.0,0.0,0.0,0.0,,,,,
4096,32,32,16,2,4096,4,0,352,False,vllm_0.5.1_flash_attn,0.002,0.002,0.002,0.002,0.0,0.011,0.013000000000000001,0.011399999999999999,0.011,0.0008000000000000007,0.0,0.0,0.0,0.0,0.0,0.0,0.0,0.0,0.0,0.0,,,,,
4096,32,32,16,2,4096,5,0,352,False,vllm_0.5.1_flash_attn,0.002,0.002,0.002,0.002,0.0,0.011,0.013000000000000001,0.012,0.012,0.0006324555320336764,0.0,0.0,0.0,0.0,0.0,0.0,0.0,0.0,0.0,0.0,,,,,
4096,32,32,16,2,4096,6,0,352,False,vllm_0.5.1_flash_attn,0.002,0.002,0.002,0.002,0.0,0.014,0.015,0.014599999999999998,0.015,0.0004898979485566352,0.0,0.0,0.0,0.0,0.0,0.0,0.0,0.0,0.0,0.0,,,,,
4096,32,32,16,2,4096,7,0,352,False,vllm_0.5.1_flash_attn,0.002,0.002,0.002,0.002,0.0,0.015,0.015,0.015,0.015,0.0,0.0,0.0,0.0,0.0,0.0,0.0,0.0,0.0,0.0,0.0,,,,,
4096,32,32,16,2,4096,8,0,352,False,vllm_0.5.1_flash_attn,0.002,0.002,0.002,0.002,0.0,0.015,0.015,0.015,0.015,0.0,0.0,0.0,0.0,0.0,0.0,0.0,0.0,0.0,0.0,0.0,,,,,
4096,32,32,16,2,4096,1,0,384,False,vllm_0.5.1_flash_attn,0.002,0.002,0.002,0.002,0.0,0.009000000000000001,0.013000000000000001,0.0098,0.009000000000000001,0.0016,0.0,0.0,0.0,0.0,0.0,0.0,0.0,0.0,0.0,0.0,,,,,
4096,32,32,16,2,4096,2,0,384,False,vllm_0.5.1_flash_attn,0.002,0.002,0.002,0.002,0.0,0.009000000000000001,0.014,0.01,0.009000000000000001,0.0019999999999999996,0.0,0.0,0.0,0.0,0.0,0.0,0.0,0.0,0.0,0.0,,,,,
4096,32,32,16,2,4096,3,0,384,False,vllm_0.5.1_flash_attn,0.002,0.002,0.002,0.002,0.0,0.01,0.013000000000000001,0.0112,0.011,0.0009797958971132718,0.0,0.0,0.0,0.0,0.0,0.0,0.0,0.0,0.0,0.0,,,,,
4096,32,32,16,2,4096,4,0,384,False,vllm_0.5.1_flash_attn,0.002,0.002,0.002,0.002,0.0,0.011,0.013000000000000001,0.011399999999999999,0.011,0.0008000000000000007,0.0,0.0,0.0,0.0,0.0,0.0,0.0,0.0,0.0,0.0,,,,,
4096,32,32,16,2,4096,5,0,384,False,vllm_0.5.1_flash_attn,0.002,0.002,0.002,0.002,0.0,0.014,0.015,0.0144,0.014,0.0004898979485566352,0.0,0.0,0.0,0.0,0.0,0.0,0.0,0.0,0.0,0.0,,,,,
4096,32,32,16,2,4096,6,0,384,False,vllm_0.5.1_flash_attn,0.002,0.002,0.002,0.002,0.0,0.014,0.015,0.014799999999999999,0.015,0.0003999999999999997,0.0,0.0,0.0,0.0,0.0,0.0,0.0,0.0,0.0,0.0,,,,,
4096,32,32,16,2,4096,7,0,384,False,vllm_0.5.1_flash_attn,0.002,0.002,0.002,0.002,0.0,0.014,0.015,0.014599999999999998,0.015,0.0004898979485566352,0.0,0.0,0.0,0.0,0.0,0.0,0.0,0.0,0.0,0.0,,,,,
4096,32,32,16,2,4096,8,0,384,False,vllm_0.5.1_flash_attn,0.002,0.002,0.002,0.002,0.0,0.014,0.015,0.014799999999999999,0.015,0.0003999999999999997,0.0,0.0,0.0,0.0,0.0,0.0,0.0,0.0,0.0,0.0,,,,,
4096,32,32,16,2,4096,1,0,416,False,vllm_0.5.1_flash_attn,0.002,0.002,0.002,0.002,0.0,0.009000000000000001,0.014,0.01,0.009000000000000001,0.0019999999999999996,0.0,0.0,0.0,0.0,0.0,0.0,0.0,0.0,0.0,0.0,,,,,
4096,32,32,16,2,4096,2,0,416,False,vllm_0.5.1_flash_attn,0.002,0.002,0.002,0.002,0.0,0.009000000000000001,0.013000000000000001,0.0098,0.009000000000000001,0.0016,0.0,0.0,0.0,0.0,0.0,0.0,0.0,0.0,0.0,0.0,,,,,
4096,32,32,16,2,4096,3,0,416,False,vllm_0.5.1_flash_attn,0.002,0.002,0.002,0.002,0.0,0.01,0.014,0.011399999999999999,0.011,0.0013564659966250538,0.0,0.0,0.0,0.0,0.0,0.0,0.0,0.0,0.0,0.0,,,,,
4096,32,32,16,2,4096,4,0,416,False,vllm_0.5.1_flash_attn,0.002,0.002,0.002,0.002,0.0,0.011,0.016,0.012199999999999999,0.011,0.001939071942966532,0.0,0.0,0.0,0.0,0.0,0.0,0.0,0.0,0.0,0.0,,,,,
4096,32,32,16,2,4096,5,0,416,False,vllm_0.5.1_flash_attn,0.002,0.002,0.002,0.002,0.0,0.014,0.019,0.0156,0.015,0.0017435595774162693,0.0,0.0,0.0,0.0,0.0,0.0,0.0,0.0,0.0,0.0,,,,,
4096,32,32,16,2,4096,6,0,416,False,vllm_0.5.1_flash_attn,0.002,0.002,0.002,0.002,0.0,0.015,0.016,0.0152,0.015,0.00040000000000000034,0.0,0.0,0.0,0.0,0.0,0.0,0.0,0.0,0.0,0.0,,,,,
4096,32,32,16,2,4096,7,0,416,False,vllm_0.5.1_flash_attn,0.002,0.002,0.002,0.002,0.0,0.015,0.016,0.0152,0.015,0.00040000000000000034,0.0,0.0,0.0,0.0,0.0,0.0,0.0,0.0,0.0,0.0,,,,,
4096,32,32,16,2,4096,8,0,416,False,vllm_0.5.1_flash_attn,0.002,0.002,0.002,0.002,0.0,0.014,0.016,0.015,0.015,0.0006324555320336759,0.0,0.0,0.0,0.0,0.0,0.0,0.0,0.0,0.0,0.0,,,,,
4096,32,32,16,2,4096,1,0,448,False,vllm_0.5.1_flash_attn,0.002,0.002,0.002,0.002,0.0,0.009000000000000001,0.015,0.0102,0.009000000000000001,0.0023999999999999994,0.0,0.0,0.0,0.0,0.0,0.0,0.0,0.0,0.0,0.0,,,,,
4096,32,32,16,2,4096,2,0,448,False,vllm_0.5.1_flash_attn,0.002,0.002,0.002,0.002,0.0,0.009000000000000001,0.016,0.011,0.01,0.0025298221281347035,0.0,0.0,0.0,0.0,0.0,0.0,0.0,0.0,0.0,0.0,,,,,
4096,32,32,16,2,4096,3,0,448,False,vllm_0.5.1_flash_attn,0.002,0.002,0.002,0.002,0.0,0.011,0.015,0.0118,0.011,0.0016,0.0,0.0,0.0,0.0,0.0,0.0,0.0,0.0,0.0,0.0,,,,,
4096,32,32,16,2,4096,4,0,448,False,vllm_0.5.1_flash_attn,0.002,0.002,0.002,0.002,0.0,0.011,0.016,0.012199999999999999,0.011,0.001939071942966532,0.0,0.0,0.0,0.0,0.0,0.0,0.0,0.0,0.0,0.0,,,,,
4096,32,32,16,2,4096,5,0,448,False,vllm_0.5.1_flash_attn,0.002,0.002,0.002,0.002,0.0,0.014,0.016,0.014599999999999998,0.014,0.0007999999999999999,0.0,0.0,0.0,0.0,0.0,0.0,0.0,0.0,0.0,0.0,,,,,
4096,32,32,16,2,4096,6,0,448,False,vllm_0.5.1_flash_attn,0.002,0.002,0.002,0.002,0.0,0.014,0.015,0.014599999999999998,0.015,0.0004898979485566352,0.0,0.0,0.0,0.0,0.0,0.0,0.0,0.0,0.0,0.0,,,,,
4096,32,32,16,2,4096,7,0,448,False,vllm_0.5.1_flash_attn,0.002,0.002,0.002,0.002,0.0,0.014,0.015,0.0144,0.014,0.0004898979485566352,0.0,0.0,0.0,0.0,0.0,0.0,0.0,0.0,0.0,0.0,,,,,
4096,32,32,16,2,4096,8,0,448,False,vllm_0.5.1_flash_attn,0.002,0.002,0.002,0.002,0.0,0.015,0.015,0.015,0.015,0.0,0.0,0.0,0.0,0.0,0.0,0.0,0.0,0.0,0.0,0.0,,,,,
4096,32,32,16,2,4096,1,0,480,False,vllm_0.5.1_flash_attn,0.002,0.002,0.002,0.002,0.0,0.009000000000000001,0.013000000000000001,0.0098,0.009000000000000001,0.0016,0.0,0.0,0.0,0.0,0.0,0.0,0.0,0.0,0.0,0.0,,,,,
4096,32,32,16,2,4096,2,0,480,False,vllm_0.5.1_flash_attn,0.002,0.002,0.002,0.002,0.0,0.009000000000000001,0.012,0.0098,0.009000000000000001,0.0011661903789690598,0.0,0.0,0.0,0.0,0.0,0.0,0.0,0.0,0.0,0.0,,,,,
4096,32,32,16,2,4096,3,0,480,False,vllm_0.5.1_flash_attn,0.002,0.002,0.002,0.002,0.0,0.011,0.013000000000000001,0.011399999999999999,0.011,0.0008000000000000007,0.0,0.0,0.0,0.0,0.0,0.0,0.0,0.0,0.0,0.0,,,,,
4096,32,32,16,2,4096,4,0,480,False,vllm_0.5.1_flash_attn,0.002,0.002,0.002,0.002,0.0,0.011,0.013000000000000001,0.0118,0.012,0.0007483314773547889,0.0,0.0,0.0,0.0,0.0,0.0,0.0,0.0,0.0,0.0,,,,,
4096,32,32,16,2,4096,5,0,480,False,vllm_0.5.1_flash_attn,0.002,0.002,0.002,0.002,0.0,0.015,0.015,0.015,0.015,0.0,0.0,0.0,0.0,0.0,0.0,0.0,0.0,0.0,0.0,0.0,,,,,
4096,32,32,16,2,4096,6,0,480,False,vllm_0.5.1_flash_attn,0.002,0.002,0.002,0.002,0.0,0.015,0.015,0.015,0.015,0.0,0.0,0.0,0.0,0.0,0.0,0.0,0.0,0.0,0.0,0.0,,,,,
4096,32,32,16,2,4096,7,0,480,False,vllm_0.5.1_flash_attn,0.002,0.002,0.002,0.002,0.0,0.015,0.015,0.015,0.015,0.0,0.0,0.0,0.0,0.0,0.0,0.0,0.0,0.0,0.0,0.0,,,,,
4096,32,32,16,2,4096,8,0,480,False,vllm_0.5.1_flash_attn,0.002,0.002,0.002,0.002,0.0,0.015,0.016,0.0152,0.015,0.00040000000000000034,0.0,0.0,0.0,0.0,0.0,0.0,0.0,0.0,0.0,0.0,,,,,
4096,32,32,16,2,4096,1,0,512,False,vllm_0.5.1_flash_attn,0.002,0.002,0.002,0.002,0.0,0.008,0.012,0.0094,0.009000000000000001,0.0013564659966250536,0.0,0.0,0.0,0.0,0.0,0.0,0.0,0.0,0.0,0.0,,,,,
4096,32,32,16,2,4096,2,0,512,False,vllm_0.5.1_flash_attn,0.002,0.002,0.002,0.002,0.0,0.012,0.014,0.0124,0.012,0.0008,0.0,0.0,0.0,0.0,0.0,0.0,0.0,0.0,0.0,0.0,,,,,
4096,32,32,16,2,4096,3,0,512,False,vllm_0.5.1_flash_attn,0.002,0.002,0.002,0.002,0.0,0.011,0.014,0.012199999999999999,0.012,0.0009797958971132716,0.0,0.0,0.0,0.0,0.0,0.0,0.0,0.0,0.0,0.0,,,,,
4096,32,32,16,2,4096,4,0,512,False,vllm_0.5.1_flash_attn,0.002,0.002,0.002,0.002,0.0,0.014,0.015,0.0144,0.014,0.0004898979485566352,0.0,0.0,0.0,0.0,0.0,0.0,0.0,0.0,0.0,0.0,,,,,
4096,32,32,16,2,4096,5,0,512,False,vllm_0.5.1_flash_attn,0.002,0.002,0.002,0.002,0.0,0.015,0.015,0.015,0.015,0.0,0.0,0.0,0.0,0.0,0.0,0.0,0.0,0.0,0.0,0.0,,,,,
4096,32,32,16,2,4096,6,0,512,False,vllm_0.5.1_flash_attn,0.002,0.002,0.002,0.002,0.0,0.018000000000000002,0.019,0.0182,0.018000000000000002,0.000399999999999999,0.0,0.0,0.0,0.0,0.0,0.0,0.0,0.0,0.0,0.0,,,,,
4096,32,32,16,2,4096,7,0,512,False,vllm_0.5.1_flash_attn,0.002,0.002,0.002,0.002,0.0,0.018000000000000002,0.019,0.0182,0.018000000000000002,0.000399999999999999,0.0,0.0,0.0,0.0,0.0,0.0,0.0,0.0,0.0,0.0,,,,,
4096,32,32,16,2,4096,8,0,512,False,vllm_0.5.1_flash_attn,0.002,0.002,0.002,0.002,0.0,0.018000000000000002,0.019,0.0184,0.018000000000000002,0.0004898979485566344,0.0,0.0,0.0,0.0,0.0,0.0,0.0,0.0,0.0,0.0,,,,,
4096,32,32,16,2,4096,1,0,544,False,vllm_0.5.1_flash_attn,0.002,0.002,0.002,0.002,0.0,0.008,0.013000000000000001,0.009600000000000001,0.009000000000000001,0.0017435595774162695,0.0,0.0,0.0,0.0,0.0,0.0,0.0,0.0,0.0,0.0,,,,,
4096,32,32,16,2,4096,2,0,544,False,vllm_0.5.1_flash_attn,0.002,0.002,0.002,0.002,0.0,0.011,0.014,0.012199999999999999,0.012,0.0009797958971132716,0.0,0.0,0.0,0.0,0.0,0.0,0.0,0.0,0.0,0.0,,,,,
4096,32,32,16,2,4096,3,0,544,False,vllm_0.5.1_flash_attn,0.002,0.002,0.002,0.002,0.0,0.011,0.014,0.012199999999999999,0.012,0.0009797958971132716,0.0,0.0,0.0,0.0,0.0,0.0,0.0,0.0,0.0,0.0,,,,,
4096,32,32,16,2,4096,4,0,544,False,vllm_0.5.1_flash_attn,0.002,0.002,0.002,0.002,0.0,0.014,0.015,0.014799999999999999,0.015,0.0003999999999999997,0.0,0.0,0.0,0.0,0.0,0.0,0.0,0.0,0.0,0.0,,,,,
4096,32,32,16,2,4096,5,0,544,False,vllm_0.5.1_flash_attn,0.002,0.002,0.002,0.002,0.0,0.015,0.015,0.015,0.015,0.0,0.0,0.0,0.0,0.0,0.0,0.0,0.0,0.0,0.0,0.0,,,,,
4096,32,32,16,2,4096,6,0,544,False,vllm_0.5.1_flash_attn,0.002,0.002,0.002,0.002,0.0,0.018000000000000002,0.019,0.0186,0.019,0.0004898979485566344,0.0,0.0,0.0,0.0,0.0,0.0,0.0,0.0,0.0,0.0,,,,,
4096,32,32,16,2,4096,7,0,544,False,vllm_0.5.1_flash_attn,0.002,0.002,0.002,0.002,0.0,0.018000000000000002,0.018000000000000002,0.018000000000000002,0.018000000000000002,0.0,0.0,0.0,0.0,0.0,0.0,0.0,0.0,0.0,0.0,0.0,,,,,
4096,32,32,16,2,4096,8,0,544,False,vllm_0.5.1_flash_attn,0.002,0.002,0.002,0.002,0.0,0.018000000000000002,0.018000000000000002,0.018000000000000002,0.018000000000000002,0.0,0.0,0.0,0.0,0.0,0.0,0.0,0.0,0.0,0.0,0.0,,,,,
4096,32,32,16,2,4096,1,0,576,False,vllm_0.5.1_flash_attn,0.002,0.002,0.002,0.002,0.0,0.009000000000000001,0.012,0.009600000000000001,0.009000000000000001,0.0011999999999999997,0.0,0.0,0.0,0.0,0.0,0.0,0.0,0.0,0.0,0.0,,,,,
4096,32,32,16,2,4096,2,0,576,False,vllm_0.5.1_flash_attn,0.002,0.002,0.002,0.002,0.0,0.011,0.013000000000000001,0.0118,0.012,0.0007483314773547889,0.0,0.0,0.0,0.0,0.0,0.0,0.0,0.0,0.0,0.0,,,,,
4096,32,32,16,2,4096,3,0,576,False,vllm_0.5.1_flash_attn,0.002,0.002,0.002,0.002,0.0,0.012,0.014,0.0124,0.012,0.0008,0.0,0.0,0.0,0.0,0.0,0.0,0.0,0.0,0.0,0.0,,,,,
4096,32,32,16,2,4096,4,0,576,False,vllm_0.5.1_flash_attn,0.002,0.002,0.002,0.002,0.0,0.014,0.015,0.014799999999999999,0.015,0.0003999999999999997,0.0,0.0,0.0,0.0,0.0,0.0,0.0,0.0,0.0,0.0,,,,,
4096,32,32,16,2,4096,5,0,576,False,vllm_0.5.1_flash_attn,0.002,0.002,0.002,0.002,0.0,0.014,0.016,0.015,0.015,0.0006324555320336759,0.0,0.0,0.0,0.0,0.0,0.0,0.0,0.0,0.0,0.0,,,,,
4096,32,32,16,2,4096,6,0,576,False,vllm_0.5.1_flash_attn,0.002,0.002,0.002,0.002,0.0,0.018000000000000002,0.019,0.0186,0.019,0.0004898979485566344,0.0,0.0,0.0,0.0,0.0,0.0,0.0,0.0,0.0,0.0,,,,,
4096,32,32,16,2,4096,7,0,576,False,vllm_0.5.1_flash_attn,0.002,0.002,0.002,0.002,0.0,0.018000000000000002,0.018000000000000002,0.018000000000000002,0.018000000000000002,0.0,0.0,0.0,0.0,0.0,0.0,0.0,0.0,0.0,0.0,0.0,,,,,
4096,32,32,16,2,4096,8,0,576,False,vllm_0.5.1_flash_attn,0.002,0.002,0.002,0.002,0.0,0.018000000000000002,0.019,0.0186,0.019,0.0004898979485566344,0.0,0.0,0.0,0.0,0.0,0.0,0.0,0.0,0.0,0.0,,,,,
4096,32,32,16,2,4096,1,0,608,False,vllm_0.5.1_flash_attn,0.002,0.002,0.002,0.002,0.0,0.009000000000000001,0.012,0.009600000000000001,0.009000000000000001,0.0011999999999999997,0.0,0.0,0.0,0.0,0.0,0.0,0.0,0.0,0.0,0.0,,,,,
4096,32,32,16,2,4096,2,0,608,False,vllm_0.5.1_flash_attn,0.002,0.002,0.002,0.002,0.0,0.011,0.013000000000000001,0.012,0.012,0.0006324555320336764,0.0,0.0,0.0,0.0,0.0,0.0,0.0,0.0,0.0,0.0,,,,,
4096,32,32,16,2,4096,3,0,608,False,vllm_0.5.1_flash_attn,0.002,0.002,0.002,0.002,0.0,0.012,0.014,0.0126,0.012,0.0008,0.0,0.0,0.0,0.0,0.0,0.0,0.0,0.0,0.0,0.0,,,,,
4096,32,32,16,2,4096,4,0,608,False,vllm_0.5.1_flash_attn,0.002,0.002,0.002,0.002,0.0,0.014,0.015,0.014799999999999999,0.015,0.0003999999999999997,0.0,0.0,0.0,0.0,0.0,0.0,0.0,0.0,0.0,0.0,,,,,
4096,32,32,16,2,4096,5,0,608,False,vllm_0.5.1_flash_attn,0.002,0.002,0.002,0.002,0.0,0.014,0.015,0.014799999999999999,0.015,0.0003999999999999997,0.0,0.0,0.0,0.0,0.0,0.0,0.0,0.0,0.0,0.0,,,,,
4096,32,32,16,2,4096,6,0,608,False,vllm_0.5.1_flash_attn,0.002,0.002,0.002,0.002,0.0,0.018000000000000002,0.019,0.0188,0.019,0.000399999999999999,0.0,0.0,0.0,0.0,0.0,0.0,0.0,0.0,0.0,0.0,,,,,
4096,32,32,16,2,4096,7,0,608,False,vllm_0.5.1_flash_attn,0.002,0.002,0.002,0.002,0.0,0.018000000000000002,0.019,0.0188,0.019,0.000399999999999999,0.0,0.0,0.0,0.0,0.0,0.0,0.0,0.0,0.0,0.0,,,,,
4096,32,32,16,2,4096,8,0,608,False,vllm_0.5.1_flash_attn,0.002,0.002,0.002,0.002,0.0,0.018000000000000002,0.019,0.0186,0.019,0.0004898979485566344,0.0,0.0,0.0,0.0,0.0,0.0,0.0,0.0,0.0,0.0,,,,,
4096,32,32,16,2,4096,1,0,640,False,vllm_0.5.1_flash_attn,0.002,0.002,0.002,0.002,0.0,0.01,0.014,0.0108,0.01,0.0016,0.0,0.0,0.0,0.0,0.0,0.0,0.0,0.0,0.0,0.0,,,,,
4096,32,32,16,2,4096,2,0,640,False,vllm_0.5.1_flash_attn,0.002,0.002,0.002,0.002,0.0,0.012,0.014,0.0124,0.012,0.0008,0.0,0.0,0.0,0.0,0.0,0.0,0.0,0.0,0.0,0.0,,,,,
4096,32,32,16,2,4096,3,0,640,False,vllm_0.5.1_flash_attn,0.002,0.002,0.002,0.002,0.0,0.014,0.015,0.014799999999999999,0.015,0.0003999999999999997,0.0,0.0,0.0,0.0,0.0,0.0,0.0,0.0,0.0,0.0,,,,,
4096,32,32,16,2,4096,4,0,640,False,vllm_0.5.1_flash_attn,0.002,0.002,0.002,0.002,0.0,0.014,0.015,0.014599999999999998,0.015,0.0004898979485566352,0.0,0.0,0.0,0.0,0.0,0.0,0.0,0.0,0.0,0.0,,,,,
4096,32,32,16,2,4096,5,0,640,False,vllm_0.5.1_flash_attn,0.002,0.002,0.002,0.002,0.0,0.014,0.015,0.014599999999999998,0.015,0.0004898979485566352,0.0,0.0,0.0,0.0,0.0,0.0,0.0,0.0,0.0,0.0,,,,,
4096,32,32,16,2,4096,6,0,640,False,vllm_0.5.1_flash_attn,0.002,0.002,0.002,0.002,0.0,0.018000000000000002,0.018000000000000002,0.018000000000000002,0.018000000000000002,0.0,0.0,0.0,0.0,0.0,0.0,0.0,0.0,0.0,0.0,0.0,,,,,
4096,32,32,16,2,4096,7,0,640,False,vllm_0.5.1_flash_attn,0.002,0.002,0.002,0.002,0.0,0.018000000000000002,0.019,0.0184,0.018000000000000002,0.0004898979485566344,0.0,0.0,0.0,0.0,0.0,0.0,0.0,0.0,0.0,0.0,,,,,
4096,32,32,16,2,4096,8,0,640,False,vllm_0.5.1_flash_attn,0.002,0.002,0.002,0.002,0.0,0.018000000000000002,0.019,0.0188,0.019,0.000399999999999999,0.0,0.0,0.0,0.0,0.0,0.0,0.0,0.0,0.0,0.0,,,,,
4096,32,32,16,2,4096,1,0,672,False,vllm_0.5.1_flash_attn,0.002,0.002,0.002,0.002,0.0,0.01,0.014,0.0108,0.01,0.0016,0.0,0.0,0.0,0.0,0.0,0.0,0.0,0.0,0.0,0.0,,,,,
4096,32,32,16,2,4096,2,0,672,False,vllm_0.5.1_flash_attn,0.002,0.002,0.002,0.002,0.0,0.012,0.016,0.0128,0.012,0.0016,0.0,0.0,0.0,0.0,0.0,0.0,0.0,0.0,0.0,0.0,,,,,
4096,32,32,16,2,4096,3,0,672,False,vllm_0.5.1_flash_attn,0.002,0.002,0.002,0.002,0.0,0.014,0.015,0.014599999999999998,0.015,0.0004898979485566352,0.0,0.0,0.0,0.0,0.0,0.0,0.0,0.0,0.0,0.0,,,,,
4096,32,32,16,2,4096,4,0,672,False,vllm_0.5.1_flash_attn,0.002,0.002,0.002,0.002,0.0,0.015,0.015,0.015,0.015,0.0,0.0,0.0,0.0,0.0,0.0,0.0,0.0,0.0,0.0,0.0,,,,,
4096,32,32,16,2,4096,5,0,672,False,vllm_0.5.1_flash_attn,0.002,0.002,0.002,0.002,0.0,0.014,0.015,0.014799999999999999,0.015,0.0003999999999999997,0.0,0.0,0.0,0.0,0.0,0.0,0.0,0.0,0.0,0.0,,,,,
4096,32,32,16,2,4096,6,0,672,False,vllm_0.5.1_flash_attn,0.002,0.002,0.002,0.002,0.0,0.018000000000000002,0.018000000000000002,0.018000000000000002,0.018000000000000002,0.0,0.0,0.0,0.0,0.0,0.0,0.0,0.0,0.0,0.0,0.0,,,,,
4096,32,32,16,2,4096,7,0,672,False,vllm_0.5.1_flash_attn,0.002,0.002,0.002,0.002,0.0,0.018000000000000002,0.019,0.0184,0.018000000000000002,0.0004898979485566344,0.0,0.0,0.0,0.0,0.0,0.0,0.0,0.0,0.0,0.0,,,,,
4096,32,32,16,2,4096,8,0,672,False,vllm_0.5.1_flash_attn,0.002,0.002,0.002,0.002,0.0,0.02,0.02,0.02,0.02,0.0,0.0,0.0,0.0,0.0,0.0,0.0,0.0,0.0,0.0,0.0,,,,,
4096,32,32,16,2,4096,1,0,704,False,vllm_0.5.1_flash_attn,0.002,0.002,0.002,0.002,0.0,0.01,0.013000000000000001,0.010600000000000002,0.01,0.0012000000000000003,0.0,0.0,0.0,0.0,0.0,0.0,0.0,0.0,0.0,0.0,,,,,
4096,32,32,16,2,4096,2,0,704,False,vllm_0.5.1_flash_attn,0.002,0.002,0.002,0.002,0.0,0.012,0.014,0.0124,0.012,0.0008,0.0,0.0,0.0,0.0,0.0,0.0,0.0,0.0,0.0,0.0,,,,,
4096,32,32,16,2,4096,3,0,704,False,vllm_0.5.1_flash_attn,0.002,0.002,0.002,0.002,0.0,0.014,0.015,0.014799999999999999,0.015,0.0003999999999999997,0.0,0.0,0.0,0.0,0.0,0.0,0.0,0.0,0.0,0.0,,,,,
4096,32,32,16,2,4096,4,0,704,False,vllm_0.5.1_flash_attn,0.002,0.002,0.002,0.002,0.0,0.014,0.015,0.014799999999999999,0.015,0.0003999999999999997,0.0,0.0,0.0,0.0,0.0,0.0,0.0,0.0,0.0,0.0,,,,,
4096,32,32,16,2,4096,5,0,704,False,vllm_0.5.1_flash_attn,0.002,0.002,0.002,0.002,0.0,0.015,0.015,0.015,0.015,0.0,0.0,0.0,0.0,0.0,0.0,0.0,0.0,0.0,0.0,0.0,,,,,
4096,32,32,16,2,4096,6,0,704,False,vllm_0.5.1_flash_attn,0.002,0.002,0.002,0.002,0.0,0.018000000000000002,0.018000000000000002,0.018000000000000002,0.018000000000000002,0.0,0.0,0.0,0.0,0.0,0.0,0.0,0.0,0.0,0.0,0.0,,,,,
4096,32,32,16,2,4096,7,0,704,False,vllm_0.5.1_flash_attn,0.002,0.002,0.002,0.002,0.0,0.018000000000000002,0.019,0.0188,0.019,0.000399999999999999,0.0,0.0,0.0,0.0,0.0,0.0,0.0,0.0,0.0,0.0,,,,,
4096,32,32,16,2,4096,8,0,704,False,vllm_0.5.1_flash_attn,0.002,0.002,0.002,0.002,0.0,0.021,0.022,0.0216,0.022,0.0004898979485566344,0.0,0.0,0.0,0.0,0.0,0.0,0.0,0.0,0.0,0.0,,,,,
4096,32,32,16,2,4096,1,0,736,False,vllm_0.5.1_flash_attn,0.002,0.002,0.002,0.002,0.0,0.01,0.014,0.0108,0.01,0.0016,0.0,0.0,0.0,0.0,0.0,0.0,0.0,0.0,0.0,0.0,,,,,
4096,32,32,16,2,4096,2,0,736,False,vllm_0.5.1_flash_attn,0.002,0.002,0.002,0.002,0.0,0.012,0.015,0.0128,0.012,0.0011661903789690598,0.0,0.0,0.0,0.0,0.0,0.0,0.0,0.0,0.0,0.0,,,,,
4096,32,32,16,2,4096,3,0,736,False,vllm_0.5.1_flash_attn,0.002,0.002,0.002,0.002,0.0,0.015,0.015,0.015,0.015,0.0,0.0,0.0,0.0,0.0,0.0,0.0,0.0,0.0,0.0,0.0,,,,,
4096,32,32,16,2,4096,4,0,736,False,vllm_0.5.1_flash_attn,0.002,0.002,0.002,0.002,0.0,0.014,0.015,0.014799999999999999,0.015,0.0003999999999999997,0.0,0.0,0.0,0.0,0.0,0.0,0.0,0.0,0.0,0.0,,,,,
4096,32,32,16,2,4096,5,0,736,False,vllm_0.5.1_flash_attn,0.002,0.002,0.002,0.002,0.0,0.015,0.015,0.015,0.015,0.0,0.0,0.0,0.0,0.0,0.0,0.0,0.0,0.0,0.0,0.0,,,,,
4096,32,32,16,2,4096,6,0,736,False,vllm_0.5.1_flash_attn,0.002,0.002,0.002,0.002,0.0,0.018000000000000002,0.019,0.0182,0.018000000000000002,0.000399999999999999,0.0,0.0,0.0,0.0,0.0,0.0,0.0,0.0,0.0,0.0,,,,,
4096,32,32,16,2,4096,7,0,736,False,vllm_0.5.1_flash_attn,0.002,0.002,0.002,0.002,0.0,0.019,0.02,0.0198,0.02,0.00040000000000000034,0.0,0.0,0.0,0.0,0.0,0.0,0.0,0.0,0.0,0.0,,,,,
4096,32,32,16,2,4096,8,0,736,False,vllm_0.5.1_flash_attn,0.002,0.002,0.002,0.002,0.0,0.022,0.023,0.022399999999999996,0.022,0.000489897948556636,0.0,0.0,0.0,0.0,0.0,0.0,0.0,0.0,0.0,0.0,,,,,
4096,32,32,16,2,4096,1,0,768,False,vllm_0.5.1_flash_attn,0.002,0.002,0.002,0.002,0.0,0.009000000000000001,0.013000000000000001,0.010400000000000001,0.01,0.0013564659966250538,0.0,0.0,0.0,0.0,0.0,0.0,0.0,0.0,0.0,0.0,,,,,
4096,32,32,16,2,4096,2,0,768,False,vllm_0.5.1_flash_attn,0.002,0.002,0.002,0.002,0.0,0.012,0.014,0.0124,0.012,0.0008,0.0,0.0,0.0,0.0,0.0,0.0,0.0,0.0,0.0,0.0,,,,,
4096,32,32,16,2,4096,3,0,768,False,vllm_0.5.1_flash_attn,0.002,0.002,0.002,0.002,0.0,0.014,0.015,0.014799999999999999,0.015,0.0003999999999999997,0.0,0.0,0.0,0.0,0.0,0.0,0.0,0.0,0.0,0.0,,,,,
4096,32,32,16,2,4096,4,0,768,False,vllm_0.5.1_flash_attn,0.002,0.002,0.002,0.002,0.0,0.015,0.015,0.015,0.015,0.0,0.0,0.0,0.0,0.0,0.0,0.0,0.0,0.0,0.0,0.0,,,,,
4096,32,32,16,2,4096,5,0,768,False,vllm_0.5.1_flash_attn,0.002,0.002,0.002,0.002,0.0,0.018000000000000002,0.019,0.0182,0.018000000000000002,0.000399999999999999,0.0,0.0,0.0,0.0,0.0,0.0,0.0,0.0,0.0,0.0,,,,,
4096,32,32,16,2,4096,6,0,768,False,vllm_0.5.1_flash_attn,0.002,0.002,0.002,0.002,0.0,0.021,0.022,0.0216,0.022,0.0004898979485566344,0.0,0.0,0.0,0.0,0.0,0.0,0.0,0.0,0.0,0.0,,,,,
4096,32,32,16,2,4096,7,0,768,False,vllm_0.5.1_flash_attn,0.002,0.002,0.002,0.002,0.0,0.022,0.023,0.022399999999999996,0.022,0.000489897948556636,0.0,0.0,0.0,0.0,0.0,0.0,0.0,0.0,0.0,0.0,,,,,
4096,32,32,16,2,4096,8,0,768,False,vllm_0.5.1_flash_attn,0.002,0.002,0.002,0.002,0.0,0.026000000000000002,0.026000000000000002,0.026000000000000002,0.026000000000000002,0.0,0.0,0.0,0.0,0.0,0.0,0.0,0.0,0.0,0.0,0.0,,,,,
4096,32,32,16,2,4096,1,0,800,False,vllm_0.5.1_flash_attn,0.002,0.002,0.002,0.002,0.0,0.009000000000000001,0.014,0.010600000000000002,0.01,0.0017435595774162693,0.0,0.0,0.0,0.0,0.0,0.0,0.0,0.0,0.0,0.0,,,,,
4096,32,32,16,2,4096,2,0,800,False,vllm_0.5.1_flash_attn,0.002,0.002,0.002,0.002,0.0,0.012,0.014,0.0124,0.012,0.0008,0.0,0.0,0.0,0.0,0.0,0.0,0.0,0.0,0.0,0.0,,,,,
4096,32,32,16,2,4096,3,0,800,False,vllm_0.5.1_flash_attn,0.002,0.002,0.002,0.002,0.0,0.014,0.015,0.014799999999999999,0.015,0.0003999999999999997,0.0,0.0,0.0,0.0,0.0,0.0,0.0,0.0,0.0,0.0,,,,,
4096,32,32,16,2,4096,4,0,800,False,vllm_0.5.1_flash_attn,0.002,0.002,0.002,0.002,0.0,0.015,0.015,0.015,0.015,0.0,0.0,0.0,0.0,0.0,0.0,0.0,0.0,0.0,0.0,0.0,,,,,
4096,32,32,16,2,4096,5,0,800,False,vllm_0.5.1_flash_attn,0.002,0.002,0.002,0.002,0.0,0.018000000000000002,0.019,0.0184,0.018000000000000002,0.0004898979485566344,0.0,0.0,0.0,0.0,0.0,0.0,0.0,0.0,0.0,0.0,,,,,
4096,32,32,16,2,4096,6,0,800,False,vllm_0.5.1_flash_attn,0.002,0.002,0.002,0.002,0.0,0.022,0.022,0.022,0.022,0.0,0.0,0.0,0.0,0.0,0.0,0.0,0.0,0.0,0.0,0.0,,,,,
4096,32,32,16,2,4096,7,0,800,False,vllm_0.5.1_flash_attn,0.002,0.002,0.002,0.002,0.0,0.022,0.023,0.022799999999999997,0.023,0.00040000000000000034,0.0,0.0,0.0,0.0,0.0,0.0,0.0,0.0,0.0,0.0,,,,,
4096,32,32,16,2,4096,8,0,800,False,vllm_0.5.1_flash_attn,0.002,0.002,0.002,0.002,0.0,0.027,0.028,0.027200000000000002,0.027,0.00040000000000000034,0.0,0.0,0.0,0.0,0.0,0.0,0.0,0.0,0.0,0.0,,,,,
4096,32,32,16,2,4096,1,0,832,False,vllm_0.5.1_flash_attn,0.002,0.002,0.002,0.002,0.0,0.01,0.014,0.0108,0.01,0.0016,0.0,0.0,0.0,0.0,0.0,0.0,0.0,0.0,0.0,0.0,,,,,
4096,32,32,16,2,4096,2,0,832,False,vllm_0.5.1_flash_attn,0.002,0.002,0.002,0.002,0.0,0.012,0.014,0.0124,0.012,0.0008,0.0,0.0,0.0,0.0,0.0,0.0,0.0,0.0,0.0,0.0,,,,,
4096,32,32,16,2,4096,3,0,832,False,vllm_0.5.1_flash_attn,0.002,0.002,0.002,0.002,0.0,0.014,0.015,0.014799999999999999,0.015,0.0003999999999999997,0.0,0.0,0.0,0.0,0.0,0.0,0.0,0.0,0.0,0.0,,,,,
4096,32,32,16,2,4096,4,0,832,False,vllm_0.5.1_flash_attn,0.002,0.002,0.002,0.002,0.0,0.014,0.015,0.014799999999999999,0.015,0.0003999999999999997,0.0,0.0,0.0,0.0,0.0,0.0,0.0,0.0,0.0,0.0,,,,,
4096,32,32,16,2,4096,5,0,832,False,vllm_0.5.1_flash_attn,0.002,0.002,0.002,0.002,0.0,0.018000000000000002,0.019,0.0182,0.018000000000000002,0.000399999999999999,0.0,0.0,0.0,0.0,0.0,0.0,0.0,0.0,0.0,0.0,,,,,
4096,32,32,16,2,4096,6,0,832,False,vllm_0.5.1_flash_attn,0.002,0.002,0.002,0.002,0.0,0.022,0.023,0.022199999999999998,0.022,0.00040000000000000034,0.0,0.0,0.0,0.0,0.0,0.0,0.0,0.0,0.0,0.0,,,,,
4096,32,32,16,2,4096,7,0,832,False,vllm_0.5.1_flash_attn,0.002,0.002,0.002,0.002,0.0,0.023,0.024,0.023399999999999997,0.023,0.000489897948556636,0.0,0.0,0.0,0.0,0.0,0.0,0.0,0.0,0.0,0.0,,,,,
4096,32,32,16,2,4096,8,0,832,False,vllm_0.5.1_flash_attn,0.002,0.002,0.002,0.002,0.0,0.027,0.029,0.028000000000000004,0.028,0.0006324555320336764,0.0,0.0,0.0,0.0,0.0,0.0,0.0,0.0,0.0,0.0,,,,,
4096,32,32,16,2,4096,1,0,864,False,vllm_0.5.1_flash_attn,0.002,0.002,0.002,0.002,0.0,0.01,0.013000000000000001,0.010600000000000002,0.01,0.0012000000000000003,0.0,0.0,0.0,0.0,0.0,0.0,0.0,0.0,0.0,0.0,,,,,
4096,32,32,16,2,4096,2,0,864,False,vllm_0.5.1_flash_attn,0.002,0.002,0.002,0.002,0.0,0.012,0.014,0.0126,0.012,0.0008,0.0,0.0,0.0,0.0,0.0,0.0,0.0,0.0,0.0,0.0,,,,,
4096,32,32,16,2,4096,3,0,864,False,vllm_0.5.1_flash_attn,0.002,0.002,0.002,0.002,0.0,0.015,0.015,0.015,0.015,0.0,0.0,0.0,0.0,0.0,0.0,0.0,0.0,0.0,0.0,0.0,,,,,
4096,32,32,16,2,4096,4,0,864,False,vllm_0.5.1_flash_attn,0.002,0.002,0.002,0.002,0.0,0.015,0.016,0.0154,0.015,0.000489897948556636,0.0,0.0,0.0,0.0,0.0,0.0,0.0,0.0,0.0,0.0,,,,,
4096,32,32,16,2,4096,5,0,864,False,vllm_0.5.1_flash_attn,0.002,0.002,0.002,0.002,0.0,0.018000000000000002,0.019,0.0182,0.018000000000000002,0.000399999999999999,0.0,0.0,0.0,0.0,0.0,0.0,0.0,0.0,0.0,0.0,,,,,
4096,32,32,16,2,4096,6,0,864,False,vllm_0.5.1_flash_attn,0.002,0.002,0.002,0.002,0.0,0.022,0.023,0.022399999999999996,0.022,0.000489897948556636,0.0,0.0,0.0,0.0,0.0,0.0,0.0,0.0,0.0,0.0,,,,,
4096,32,32,16,2,4096,7,0,864,False,vllm_0.5.1_flash_attn,0.002,0.002,0.002,0.002,0.0,0.025,0.026000000000000002,0.0256,0.026000000000000002,0.000489897948556636,0.0,0.0,0.0,0.0,0.0,0.0,0.0,0.0,0.0,0.0,,,,,
4096,32,32,16,2,4096,8,0,864,False,vllm_0.5.1_flash_attn,0.002,0.002,0.002,0.002,0.0,0.028,0.029,0.028600000000000004,0.029,0.000489897948556636,0.0,0.0,0.0,0.0,0.0,0.0,0.0,0.0,0.0,0.0,,,,,
4096,32,32,16,2,4096,1,0,896,False,vllm_0.5.1_flash_attn,0.002,0.002,0.002,0.002,0.0,0.009000000000000001,0.016,0.011,0.01,0.0025298221281347035,0.0,0.0,0.0,0.0,0.0,0.0,0.0,0.0,0.0,0.0,,,,,
4096,32,32,16,2,4096,2,0,896,False,vllm_0.5.1_flash_attn,0.002,0.002,0.002,0.002,0.0,0.012,0.017,0.013000000000000001,0.012,0.0020000000000000005,0.0,0.0,0.0,0.0,0.0,0.0,0.0,0.0,0.0,0.0,,,,,
4096,32,32,16,2,4096,3,0,896,False,vllm_0.5.1_flash_attn,0.002,0.002,0.002,0.002,0.0,0.015,0.017,0.0154,0.015,0.0008000000000000007,0.0,0.0,0.0,0.0,0.0,0.0,0.0,0.0,0.0,0.0,,,,,
4096,32,32,16,2,4096,4,0,896,False,vllm_0.5.1_flash_attn,0.002,0.002,0.002,0.002,0.0,0.015,0.015,0.015,0.015,0.0,0.0,0.0,0.0,0.0,0.0,0.0,0.0,0.0,0.0,0.0,,,,,
4096,32,32,16,2,4096,5,0,896,False,vllm_0.5.1_flash_attn,0.002,0.002,0.002,0.002,0.0,0.018000000000000002,0.019,0.0188,0.019,0.000399999999999999,0.0,0.0,0.0,0.0,0.0,0.0,0.0,0.0,0.0,0.0,,,,,
4096,32,32,16,2,4096,6,0,896,False,vllm_0.5.1_flash_attn,0.002,0.002,0.002,0.002,0.0,0.027,0.028,0.027200000000000002,0.027,0.00040000000000000034,0.0,0.0,0.0,0.0,0.0,0.0,0.0,0.0,0.0,0.0,,,,,
4096,32,32,16,2,4096,7,0,896,False,vllm_0.5.1_flash_attn,0.002,0.002,0.002,0.002,0.0,0.025,0.026000000000000002,0.0258,0.026000000000000002,0.00040000000000000034,0.0,0.0,0.0,0.0,0.0,0.0,0.0,0.0,0.0,0.0,,,,,
4096,32,32,16,2,4096,8,0,896,False,vllm_0.5.1_flash_attn,0.002,0.002,0.002,0.002,0.0,0.028,0.029,0.0284,0.028,0.000489897948556636,0.0,0.0,0.0,0.0,0.0,0.0,0.0,0.0,0.0,0.0,,,,,
4096,32,32,16,2,4096,1,0,928,False,vllm_0.5.1_flash_attn,0.002,0.002,0.002,0.002,0.0,0.01,0.014,0.0108,0.01,0.0016,0.0,0.0,0.0,0.0,0.0,0.0,0.0,0.0,0.0,0.0,,,,,
4096,32,32,16,2,4096,2,0,928,False,vllm_0.5.1_flash_attn,0.002,0.002,0.002,0.002,0.0,0.012,0.013000000000000001,0.0128,0.013000000000000001,0.00040000000000000034,0.0,0.0,0.0,0.0,0.0,0.0,0.0,0.0,0.0,0.0,,,,,
4096,32,32,16,2,4096,3,0,928,False,vllm_0.5.1_flash_attn,0.002,0.002,0.002,0.002,0.0,0.014,0.017,0.0152,0.015,0.0009797958971132718,0.0,0.0,0.0,0.0,0.0,0.0,0.0,0.0,0.0,0.0,,,,,
4096,32,32,16,2,4096,4,0,928,False,vllm_0.5.1_flash_attn,0.002,0.002,0.002,0.002,0.0,0.015,0.016,0.0154,0.015,0.000489897948556636,0.0,0.0,0.0,0.0,0.0,0.0,0.0,0.0,0.0,0.0,,,,,
4096,32,32,16,2,4096,5,0,928,False,vllm_0.5.1_flash_attn,0.002,0.002,0.002,0.002,0.0,0.018000000000000002,0.019,0.0188,0.019,0.000399999999999999,0.0,0.0,0.0,0.0,0.0,0.0,0.0,0.0,0.0,0.0,,,,,
4096,32,32,16,2,4096,6,0,928,False,vllm_0.5.1_flash_attn,0.002,0.002,0.002,0.002,0.0,0.028,0.029,0.028800000000000003,0.029,0.00040000000000000034,0.0,0.0,0.0,0.0,0.0,0.0,0.0,0.0,0.0,0.0,,,,,
4096,32,32,16,2,4096,7,0,928,False,vllm_0.5.1_flash_attn,0.002,0.002,0.002,0.002,0.0,0.027,0.028,0.027200000000000002,0.027,0.00040000000000000034,0.0,0.0,0.0,0.0,0.0,0.0,0.0,0.0,0.0,0.0,,,,,
4096,32,32,16,2,4096,8,0,928,False,vllm_0.5.1_flash_attn,0.002,0.002,0.002,0.002,0.0,0.029,0.029,0.029000000000000005,0.029,0.0,0.0,0.0,0.0,0.0,0.0,0.0,0.0,0.0,0.0,0.0,,,,,
4096,32,32,16,2,4096,1,0,960,False,vllm_0.5.1_flash_attn,0.002,0.002,0.002,0.002,0.0,0.01,0.014,0.0108,0.01,0.0016,0.0,0.0,0.0,0.0,0.0,0.0,0.0,0.0,0.0,0.0,,,,,
4096,32,32,16,2,4096,2,0,960,False,vllm_0.5.1_flash_attn,0.002,0.002,0.002,0.002,0.0,0.012,0.014,0.0124,0.012,0.0008,0.0,0.0,0.0,0.0,0.0,0.0,0.0,0.0,0.0,0.0,,,,,
4096,32,32,16,2,4096,3,0,960,False,vllm_0.5.1_flash_attn,0.002,0.002,0.002,0.002,0.0,0.014,0.015,0.014799999999999999,0.015,0.0003999999999999997,0.0,0.0,0.0,0.0,0.0,0.0,0.0,0.0,0.0,0.0,,,,,
4096,32,32,16,2,4096,4,0,960,False,vllm_0.5.1_flash_attn,0.002,0.002,0.002,0.002,0.0,0.015,0.016,0.0154,0.015,0.000489897948556636,0.0,0.0,0.0,0.0,0.0,0.0,0.0,0.0,0.0,0.0,,,,,
4096,32,32,16,2,4096,5,0,960,False,vllm_0.5.1_flash_attn,0.002,0.002,0.002,0.002,0.0,0.019,0.019,0.019,0.019,0.0,0.0,0.0,0.0,0.0,0.0,0.0,0.0,0.0,0.0,0.0,,,,,
4096,32,32,16,2,4096,6,0,960,False,vllm_0.5.1_flash_attn,0.002,0.002,0.002,0.002,0.0,0.029,0.031,0.030199999999999998,0.03,0.0007483314773547878,0.0,0.0,0.0,0.0,0.0,0.0,0.0,0.0,0.0,0.0,,,,,
4096,32,32,16,2,4096,7,0,960,False,vllm_0.5.1_flash_attn,0.002,0.002,0.002,0.002,0.0,0.027,0.028,0.0274,0.027,0.000489897948556636,0.0,0.0,0.0,0.0,0.0,0.0,0.0,0.0,0.0,0.0,,,,,
4096,32,32,16,2,4096,8,0,960,False,vllm_0.5.1_flash_attn,0.002,0.002,0.002,0.002,0.0,0.03,0.03,0.03,0.03,0.0,0.0,0.0,0.0,0.0,0.0,0.0,0.0,0.0,0.0,0.0,,,,,
4096,32,32,16,2,4096,1,0,992,False,vllm_0.5.1_flash_attn,0.002,0.002,0.002,0.002,0.0,0.01,0.013000000000000001,0.010600000000000002,0.01,0.0012000000000000003,0.0,0.0,0.0,0.0,0.0,0.0,0.0,0.0,0.0,0.0,,,,,
4096,32,32,16,2,4096,2,0,992,False,vllm_0.5.1_flash_attn,0.002,0.002,0.002,0.002,0.0,0.012,0.014,0.0126,0.012,0.0008,0.0,0.0,0.0,0.0,0.0,0.0,0.0,0.0,0.0,0.0,,,,,
4096,32,32,16,2,4096,3,0,992,False,vllm_0.5.1_flash_attn,0.002,0.002,0.002,0.002,0.0,0.015,0.015,0.015,0.015,0.0,0.0,0.0,0.0,0.0,0.0,0.0,0.0,0.0,0.0,0.0,,,,,
4096,32,32,16,2,4096,4,0,992,False,vllm_0.5.1_flash_attn,0.002,0.002,0.002,0.002,0.0,0.015,0.016,0.0154,0.015,0.000489897948556636,0.0,0.0,0.0,0.0,0.0,0.0,0.0,0.0,0.0,0.0,,,,,
4096,32,32,16,2,4096,5,0,992,False,vllm_0.5.1_flash_attn,0.002,0.002,0.002,0.002,0.0,0.019,0.019,0.019,0.019,0.0,0.0,0.0,0.0,0.0,0.0,0.0,0.0,0.0,0.0,0.0,,,,,
4096,32,32,16,2,4096,6,0,992,False,vllm_0.5.1_flash_attn,0.002,0.002,0.002,0.002,0.0,0.03,0.031,0.030199999999999998,0.03,0.00040000000000000034,0.0,0.0,0.0,0.0,0.0,0.0,0.0,0.0,0.0,0.0,,,,,
4096,32,32,16,2,4096,7,0,992,False,vllm_0.5.1_flash_attn,0.002,0.002,0.002,0.002,0.0,0.027,0.028,0.027600000000000003,0.028,0.000489897948556636,0.0,0.0,0.0,0.0,0.0,0.0,0.0,0.0,0.0,0.0,,,,,
4096,32,32,16,2,4096,8,0,992,False,vllm_0.5.1_flash_attn,0.002,0.002,0.002,0.002,0.0,0.03,0.031,0.0304,0.03,0.000489897948556636,0.0,0.0,0.0,0.0,0.0,0.0,0.0,0.0,0.0,0.0,,,,,
4096,32,32,16,2,4096,1,0,1024,False,vllm_0.5.1_flash_attn,0.002,0.002,0.002,0.002,0.0,0.012,0.016,0.0128,0.012,0.0016,0.0,0.0,0.0,0.0,0.0,0.0,0.0,0.0,0.0,0.0,,,,,
4096,32,32,16,2,4096,2,0,1024,False,vllm_0.5.1_flash_attn,0.002,0.002,0.002,0.002,0.0,0.015,0.016,0.0154,0.015,0.000489897948556636,0.0,0.0,0.0,0.0,0.0,0.0,0.0,0.0,0.0,0.0,,,,,
4096,32,32,16,2,4096,3,0,1024,False,vllm_0.5.1_flash_attn,0.002,0.002,0.002,0.002,0.0,0.014,0.016,0.0152,0.015,0.0007483314773547884,0.0,0.0,0.0,0.0,0.0,0.0,0.0,0.0,0.0,0.0,,,,,
4096,32,32,16,2,4096,4,0,1024,False,vllm_0.5.1_flash_attn,0.002,0.002,0.002,0.002,0.0,0.018000000000000002,0.018000000000000002,0.018000000000000002,0.018000000000000002,0.0,0.0,0.0,0.0,0.0,0.0,0.0,0.0,0.0,0.0,0.0,,,,,
4096,32,32,16,2,4096,5,0,1024,False,vllm_0.5.1_flash_attn,0.002,0.002,0.002,0.002,0.0,0.018000000000000002,0.019,0.0188,0.019,0.000399999999999999,0.0,0.0,0.0,0.0,0.0,0.0,0.0,0.0,0.0,0.0,,,,,
4096,32,32,16,2,4096,6,0,1024,False,vllm_0.5.1_flash_attn,0.002,0.002,0.002,0.002,0.0,0.029,0.03,0.0294,0.029,0.0004898979485566344,0.0,0.0,0.0,0.0,0.0,0.0,0.0,0.0,0.0,0.0,,,,,
4096,32,32,16,2,4096,7,0,1024,False,vllm_0.5.1_flash_attn,0.002,0.002,0.002,0.002,0.0,0.03,0.031,0.0306,0.031,0.000489897948556636,0.0,0.0,0.0,0.0,0.0,0.0,0.0,0.0,0.0,0.0,,,,,
4096,32,32,16,2,4096,8,0,1024,False,vllm_0.5.1_flash_attn,0.002,0.002,0.002,0.002,0.0,0.032,0.032,0.032,0.032,0.0,0.0,0.0,0.0,0.0,0.0,0.0,0.0,0.0,0.0,0.0,,,,,
4096,32,32,16,2,4096,1,0,1024,False,vllm_0.5.1_flash_attn,0.002,0.002,0.002,0.002,0.0,0.012,0.015,0.0126,0.012,0.0011999999999999997,0.0,0.0,0.0,0.0,0.0,0.0,0.0,0.0,0.0,0.0,,,,,
4096,32,32,16,2,4096,2,0,1024,False,vllm_0.5.1_flash_attn,0.002,0.002,0.002,0.002,0.0,0.014,0.015,0.014799999999999999,0.015,0.0003999999999999997,0.0,0.0,0.0,0.0,0.0,0.0,0.0,0.0,0.0,0.0,,,,,
4096,32,32,16,2,4096,3,0,1024,False,vllm_0.5.1_flash_attn,0.002,0.002,0.002,0.002,0.0,0.016,0.016,0.016,0.016,0.0,0.0,0.0,0.0,0.0,0.0,0.0,0.0,0.0,0.0,0.0,,,,,
4096,32,32,16,2,4096,4,0,1024,False,vllm_0.5.1_flash_attn,0.002,0.002,0.002,0.002,0.0,0.018000000000000002,0.018000000000000002,0.018000000000000002,0.018000000000000002,0.0,0.0,0.0,0.0,0.0,0.0,0.0,0.0,0.0,0.0,0.0,,,,,
4096,32,32,16,2,4096,5,0,1024,False,vllm_0.5.1_flash_attn,0.002,0.002,0.002,0.002,0.0,0.019,0.019,0.019,0.019,0.0,0.0,0.0,0.0,0.0,0.0,0.0,0.0,0.0,0.0,0.0,,,,,
4096,32,32,16,2,4096,6,0,1024,False,vllm_0.5.1_flash_attn,0.002,0.002,0.002,0.002,0.0,0.029,0.03,0.0294,0.029,0.0004898979485566344,0.0,0.0,0.0,0.0,0.0,0.0,0.0,0.0,0.0,0.0,,,,,
4096,32,32,16,2,4096,7,0,1024,False,vllm_0.5.1_flash_attn,0.002,0.002,0.002,0.002,0.0,0.03,0.03,0.03,0.03,0.0,0.0,0.0,0.0,0.0,0.0,0.0,0.0,0.0,0.0,0.0,,,,,
4096,32,32,16,2,4096,8,0,1024,False,vllm_0.5.1_flash_attn,0.002,0.002,0.002,0.002,0.0,0.031,0.032,0.0318,0.032,0.00040000000000000034,0.0,0.0,0.0,0.0,0.0,0.0,0.0,0.0,0.0,0.0,,,,,
4096,32,32,16,2,4096,1,0,1088,False,vllm_0.5.1_flash_attn,0.002,0.002,0.002,0.002,0.0,0.012,0.015,0.0126,0.012,0.0011999999999999997,0.0,0.0,0.0,0.0,0.0,0.0,0.0,0.0,0.0,0.0,,,,,
4096,32,32,16,2,4096,2,0,1088,False,vllm_0.5.1_flash_attn,0.002,0.002,0.002,0.002,0.0,0.014,0.015,0.014799999999999999,0.015,0.0003999999999999997,0.0,0.0,0.0,0.0,0.0,0.0,0.0,0.0,0.0,0.0,,,,,
4096,32,32,16,2,4096,3,0,1088,False,vllm_0.5.1_flash_attn,0.002,0.002,0.002,0.002,0.0,0.016,0.016,0.016,0.016,0.0,0.0,0.0,0.0,0.0,0.0,0.0,0.0,0.0,0.0,0.0,,,,,
4096,32,32,16,2,4096,4,0,1088,False,vllm_0.5.1_flash_attn,0.002,0.002,0.002,0.002,0.0,0.018000000000000002,0.019,0.0184,0.018000000000000002,0.0004898979485566344,0.0,0.0,0.0,0.0,0.0,0.0,0.0,0.0,0.0,0.0,,,,,
4096,32,32,16,2,4096,5,0,1088,False,vllm_0.5.1_flash_attn,0.002,0.002,0.002,0.002,0.0,0.02,0.02,0.02,0.02,0.0,0.0,0.0,0.0,0.0,0.0,0.0,0.0,0.0,0.0,0.0,,,,,
4096,32,32,16,2,4096,6,0,1088,False,vllm_0.5.1_flash_attn,0.002,0.002,0.002,0.002,0.0,0.03,0.031,0.030199999999999998,0.03,0.00040000000000000034,0.0,0.0,0.0,0.0,0.0,0.0,0.0,0.0,0.0,0.0,,,,,
4096,32,32,16,2,4096,7,0,1088,False,vllm_0.5.1_flash_attn,0.002,0.002,0.002,0.002,0.0,0.03,0.031,0.0308,0.031,0.00040000000000000034,0.0,0.0,0.0,0.0,0.0,0.0,0.0,0.0,0.0,0.0,,,,,
4096,32,32,16,2,4096,8,0,1088,False,vllm_0.5.1_flash_attn,0.002,0.002,0.002,0.002,0.0,0.033,0.034,0.0332,0.033,0.00040000000000000034,0.0,0.0,0.0,0.0,0.0,0.0,0.0,0.0,0.0,0.0,,,,,
4096,32,32,16,2,4096,1,0,1152,False,vllm_0.5.1_flash_attn,0.002,0.002,0.002,0.002,0.0,0.012,0.014,0.0124,0.012,0.0008,0.0,0.0,0.0,0.0,0.0,0.0,0.0,0.0,0.0,0.0,,,,,
4096,32,32,16,2,4096,2,0,1152,False,vllm_0.5.1_flash_attn,0.002,0.002,0.002,0.002,0.0,0.014,0.015,0.014799999999999999,0.015,0.0003999999999999997,0.0,0.0,0.0,0.0,0.0,0.0,0.0,0.0,0.0,0.0,,,,,
4096,32,32,16,2,4096,3,0,1152,False,vllm_0.5.1_flash_attn,0.002,0.002,0.002,0.002,0.0,0.016,0.016,0.016,0.016,0.0,0.0,0.0,0.0,0.0,0.0,0.0,0.0,0.0,0.0,0.0,,,,,
4096,32,32,16,2,4096,4,0,1152,False,vllm_0.5.1_flash_attn,0.002,0.002,0.002,0.002,0.0,0.018000000000000002,0.019,0.0188,0.019,0.000399999999999999,0.0,0.0,0.0,0.0,0.0,0.0,0.0,0.0,0.0,0.0,,,,,
4096,32,32,16,2,4096,5,0,1152,False,vllm_0.5.1_flash_attn,0.002,0.002,0.002,0.002,0.0,0.023,0.024,0.023799999999999998,0.024,0.00040000000000000034,0.0,0.0,0.0,0.0,0.0,0.0,0.0,0.0,0.0,0.0,,,,,
4096,32,32,16,2,4096,6,0,1152,False,vllm_0.5.1_flash_attn,0.002,0.002,0.002,0.002,0.0,0.031,0.031,0.031,0.031,0.0,0.0,0.0,0.0,0.0,0.0,0.0,0.0,0.0,0.0,0.0,,,,,
4096,32,32,16,2,4096,7,0,1152,False,vllm_0.5.1_flash_attn,0.002,0.002,0.002,0.002,0.0,0.031,0.031,0.031,0.031,0.0,0.0,0.0,0.0,0.0,0.0,0.0,0.0,0.0,0.0,0.0,,,,,
4096,32,32,16,2,4096,8,0,1152,False,vllm_0.5.1_flash_attn,0.002,0.002,0.002,0.002,0.0,0.034,0.035,0.0342,0.034,0.00040000000000000034,0.0,0.0,0.0,0.0,0.0,0.0,0.0,0.0,0.0,0.0,,,,,
4096,32,32,16,2,4096,1,0,1216,False,vllm_0.5.1_flash_attn,0.002,0.002,0.002,0.002,0.0,0.011,0.014,0.0124,0.012,0.0010198039027185574,0.0,0.0,0.0,0.0,0.0,0.0,0.0,0.0,0.0,0.0,,,,,
4096,32,32,16,2,4096,2,0,1216,False,vllm_0.5.1_flash_attn,0.002,0.002,0.002,0.002,0.0,0.015,0.016,0.0154,0.015,0.000489897948556636,0.0,0.0,0.0,0.0,0.0,0.0,0.0,0.0,0.0,0.0,,,,,
4096,32,32,16,2,4096,3,0,1216,False,vllm_0.5.1_flash_attn,0.002,0.002,0.002,0.002,0.0,0.015,0.017,0.0158,0.016,0.0007483314773547889,0.0,0.0,0.0,0.0,0.0,0.0,0.0,0.0,0.0,0.0,,,,,
4096,32,32,16,2,4096,4,0,1216,False,vllm_0.5.1_flash_attn,0.002,0.002,0.002,0.002,0.0,0.019,0.02,0.019200000000000002,0.019,0.00040000000000000034,0.0,0.0,0.0,0.0,0.0,0.0,0.0,0.0,0.0,0.0,,,,,
4096,32,32,16,2,4096,5,0,1216,False,vllm_0.5.1_flash_attn,0.002,0.002,0.002,0.002,0.0,0.026000000000000002,0.026000000000000002,0.026000000000000002,0.026000000000000002,0.0,0.0,0.0,0.0,0.0,0.0,0.0,0.0,0.0,0.0,0.0,,,,,
4096,32,32,16,2,4096,6,0,1216,False,vllm_0.5.1_flash_attn,0.002,0.002,0.002,0.002,0.0,0.031,0.033,0.032,0.032,0.0006324555320336764,0.0,0.0,0.0,0.0,0.0,0.0,0.0,0.0,0.0,0.0,,,,,
4096,32,32,16,2,4096,7,0,1216,False,vllm_0.5.1_flash_attn,0.002,0.002,0.002,0.002,0.0,0.031,0.032,0.0316,0.032,0.000489897948556636,0.0,0.0,0.0,0.0,0.0,0.0,0.0,0.0,0.0,0.0,,,,,
4096,32,32,16,2,4096,8,0,1216,False,vllm_0.5.1_flash_attn,0.002,0.002,0.002,0.002,0.0,0.034,0.035,0.034600000000000006,0.035,0.000489897948556636,0.0,0.0,0.0,0.0,0.0,0.0,0.0,0.0,0.0,0.0,,,,,
4096,32,32,16,2,4096,1,0,1280,False,vllm_0.5.1_flash_attn,0.002,0.002,0.002,0.002,0.0,0.013000000000000001,0.015,0.0134,0.013000000000000001,0.0007999999999999994,0.0,0.0,0.0,0.0,0.0,0.0,0.0,0.0,0.0,0.0,,,,,
4096,32,32,16,2,4096,2,0,1280,False,vllm_0.5.1_flash_attn,0.002,0.002,0.002,0.002,0.0,0.016,0.016,0.016,0.016,0.0,0.0,0.0,0.0,0.0,0.0,0.0,0.0,0.0,0.0,0.0,,,,,
4096,32,32,16,2,4096,3,0,1280,False,vllm_0.5.1_flash_attn,0.002,0.002,0.002,0.002,0.0,0.02,0.02,0.02,0.02,0.0,0.0,0.0,0.0,0.0,0.0,0.0,0.0,0.0,0.0,0.0,,,,,
4096,32,32,16,2,4096,4,0,1280,False,vllm_0.5.1_flash_attn,0.002,0.002,0.002,0.002,0.0,0.02,0.02,0.02,0.02,0.0,0.0,0.0,0.0,0.0,0.0,0.0,0.0,0.0,0.0,0.0,,,,,
4096,32,32,16,2,4096,5,0,1280,False,vllm_0.5.1_flash_attn,0.002,0.002,0.002,0.002,0.0,0.027,0.027,0.027000000000000003,0.027,0.0,0.0,0.0,0.0,0.0,0.0,0.0,0.0,0.0,0.0,0.0,,,,,
4096,32,32,16,2,4096,6,0,1280,False,vllm_0.5.1_flash_attn,0.002,0.002,0.002,0.002,0.0,0.038,0.04,0.039,0.039,0.0006324555320336764,0.0,0.0,0.0,0.0,0.0,0.0,0.0,0.0,0.0,0.0,,,,,
4096,32,32,16,2,4096,7,0,1280,False,vllm_0.5.1_flash_attn,0.002,0.002,0.002,0.002,0.0,0.034,0.035,0.0344,0.034,0.000489897948556636,0.0,0.0,0.0,0.0,0.0,0.0,0.0,0.0,0.0,0.0,,,,,
4096,32,32,16,2,4096,8,0,1280,False,vllm_0.5.1_flash_attn,0.002,0.002,0.002,0.002,0.0,0.037,0.038,0.0372,0.037,0.00040000000000000034,0.0,0.0,0.0,0.0,0.0,0.0,0.0,0.0,0.0,0.0,,,,,
4096,32,32,16,2,4096,1,0,1344,False,vllm_0.5.1_flash_attn,0.002,0.002,0.002,0.002,0.0,0.013000000000000001,0.015,0.0134,0.013000000000000001,0.0007999999999999994,0.0,0.0,0.0,0.0,0.0,0.0,0.0,0.0,0.0,0.0,,,,,
4096,32,32,16,2,4096,2,0,1344,False,vllm_0.5.1_flash_attn,0.002,0.002,0.002,0.002,0.0,0.015,0.016,0.0154,0.015,0.000489897948556636,0.0,0.0,0.0,0.0,0.0,0.0,0.0,0.0,0.0,0.0,,,,,
4096,32,32,16,2,4096,3,0,1344,False,vllm_0.5.1_flash_attn,0.002,0.002,0.002,0.002,0.0,0.02,0.02,0.02,0.02,0.0,0.0,0.0,0.0,0.0,0.0,0.0,0.0,0.0,0.0,0.0,,,,,
4096,32,32,16,2,4096,4,0,1344,False,vllm_0.5.1_flash_attn,0.002,0.002,0.002,0.002,0.0,0.02,0.021,0.0206,0.021,0.000489897948556636,0.0,0.0,0.0,0.0,0.0,0.0,0.0,0.0,0.0,0.0,,,,,
4096,32,32,16,2,4096,5,0,1344,False,vllm_0.5.1_flash_attn,0.002,0.002,0.002,0.002,0.0,0.027,0.028,0.027200000000000002,0.027,0.00040000000000000034,0.0,0.0,0.0,0.0,0.0,0.0,0.0,0.0,0.0,0.0,,,,,
4096,32,32,16,2,4096,6,0,1344,False,vllm_0.5.1_flash_attn,0.002,0.002,0.002,0.002,0.0,0.04,0.041,0.0402,0.04,0.00040000000000000034,0.0,0.0,0.0,0.0,0.0,0.0,0.0,0.0,0.0,0.0,,,,,
4096,32,32,16,2,4096,7,0,1344,False,vllm_0.5.1_flash_attn,0.002,0.002,0.002,0.002,0.0,0.035,0.036000000000000004,0.0352,0.035,0.00040000000000000034,0.0,0.0,0.0,0.0,0.0,0.0,0.0,0.0,0.0,0.0,,,,,
4096,32,32,16,2,4096,8,0,1344,False,vllm_0.5.1_flash_attn,0.002,0.002,0.002,0.002,0.0,0.038,0.039,0.0386,0.039,0.000489897948556636,0.0,0.0,0.0,0.0,0.0,0.0,0.0,0.0,0.0,0.0,,,,,
4096,32,32,16,2,4096,1,0,1408,False,vllm_0.5.1_flash_attn,0.002,0.002,0.002,0.002,0.0,0.013000000000000001,0.016,0.013800000000000002,0.013000000000000001,0.0011661903789690598,0.0,0.0,0.0,0.0,0.0,0.0,0.0,0.0,0.0,0.0,,,,,
4096,32,32,16,2,4096,2,0,1408,False,vllm_0.5.1_flash_attn,0.002,0.002,0.002,0.002,0.0,0.015,0.016,0.0158,0.016,0.00040000000000000034,0.0,0.0,0.0,0.0,0.0,0.0,0.0,0.0,0.0,0.0,,,,,
4096,32,32,16,2,4096,3,0,1408,False,vllm_0.5.1_flash_attn,0.002,0.002,0.002,0.002,0.0,0.018000000000000002,0.018000000000000002,0.018000000000000002,0.018000000000000002,0.0,0.0,0.0,0.0,0.0,0.0,0.0,0.0,0.0,0.0,0.0,,,,,
4096,32,32,16,2,4096,4,0,1408,False,vllm_0.5.1_flash_attn,0.002,0.002,0.002,0.002,0.0,0.021,0.022,0.0218,0.022,0.000399999999999999,0.0,0.0,0.0,0.0,0.0,0.0,0.0,0.0,0.0,0.0,,,,,
4096,32,32,16,2,4096,5,0,1408,False,vllm_0.5.1_flash_attn,0.002,0.002,0.002,0.002,0.0,0.027,0.029,0.028000000000000004,0.028,0.0006324555320336764,0.0,0.0,0.0,0.0,0.0,0.0,0.0,0.0,0.0,0.0,,,,,
4096,32,32,16,2,4096,6,0,1408,False,vllm_0.5.1_flash_attn,0.002,0.002,0.002,0.002,0.0,0.042,0.043000000000000003,0.0422,0.042,0.00040000000000000034,0.0,0.0,0.0,0.0,0.0,0.0,0.0,0.0,0.0,0.0,,,,,
4096,32,32,16,2,4096,7,0,1408,False,vllm_0.5.1_flash_attn,0.002,0.002,0.002,0.002,0.0,0.035,0.037,0.035800000000000005,0.036000000000000004,0.0007483314773547867,0.0,0.0,0.0,0.0,0.0,0.0,0.0,0.0,0.0,0.0,,,,,
4096,32,32,16,2,4096,8,0,1408,False,vllm_0.5.1_flash_attn,0.002,0.002,0.002,0.002,0.0,0.039,0.041,0.0398,0.04,0.0007483314773547889,0.0,0.0,0.0,0.0,0.0,0.0,0.0,0.0,0.0,0.0,,,,,
4096,32,32,16,2,4096,1,0,1472,False,vllm_0.5.1_flash_attn,0.002,0.002,0.002,0.002,0.0,0.013000000000000001,0.015,0.0134,0.013000000000000001,0.0007999999999999994,0.0,0.0,0.0,0.0,0.0,0.0,0.0,0.0,0.0,0.0,,,,,
4096,32,32,16,2,4096,2,0,1472,False,vllm_0.5.1_flash_attn,0.002,0.002,0.002,0.002,0.0,0.015,0.018000000000000002,0.0162,0.016,0.000979795897113272,0.0,0.0,0.0,0.0,0.0,0.0,0.0,0.0,0.0,0.0,,,,,
4096,32,32,16,2,4096,3,0,1472,False,vllm_0.5.1_flash_attn,0.002,0.002,0.002,0.002,0.0,0.018000000000000002,0.018000000000000002,0.018000000000000002,0.018000000000000002,0.0,0.0,0.0,0.0,0.0,0.0,0.0,0.0,0.0,0.0,0.0,,,,,
4096,32,32,16,2,4096,4,0,1472,False,vllm_0.5.1_flash_attn,0.002,0.002,0.002,0.002,0.0,0.022,0.022,0.022,0.022,0.0,0.0,0.0,0.0,0.0,0.0,0.0,0.0,0.0,0.0,0.0,,,,,
4096,32,32,16,2,4096,5,0,1472,False,vllm_0.5.1_flash_attn,0.002,0.002,0.002,0.002,0.0,0.028,0.029,0.028600000000000004,0.029,0.000489897948556636,0.0,0.0,0.0,0.0,0.0,0.0,0.0,0.0,0.0,0.0,,,,,
4096,32,32,16,2,4096,6,0,1472,False,vllm_0.5.1_flash_attn,0.002,0.002,0.002,0.002,0.0,0.043000000000000003,0.044,0.0432,0.043000000000000003,0.0003999999999999976,0.0,0.0,0.0,0.0,0.0,0.0,0.0,0.0,0.0,0.0,,,,,
4096,32,32,16,2,4096,7,0,1472,False,vllm_0.5.1_flash_attn,0.002,0.002,0.002,0.002,0.0,0.036000000000000004,0.037,0.0366,0.037,0.0004898979485566326,0.0,0.0,0.0,0.0,0.0,0.0,0.0,0.0,0.0,0.0,,,,,
4096,32,32,16,2,4096,8,0,1472,False,vllm_0.5.1_flash_attn,0.002,0.002,0.002,0.002,0.0,0.04,0.041,0.040400000000000005,0.04,0.000489897948556636,0.0,0.0,0.0,0.0,0.0,0.0,0.0,0.0,0.0,0.0,,,,,
4096,32,32,16,2,4096,1,0,1536,False,vllm_0.5.1_flash_attn,0.002,0.002,0.002,0.002,0.0,0.013000000000000001,0.015,0.013600000000000001,0.013000000000000001,0.0007999999999999994,0.0,0.0,0.0,0.0,0.0,0.0,0.0,0.0,0.0,0.0,,,,,
4096,32,32,16,2,4096,2,0,1536,False,vllm_0.5.1_flash_attn,0.002,0.002,0.002,0.002,0.0,0.015,0.016,0.0158,0.016,0.00040000000000000034,0.0,0.0,0.0,0.0,0.0,0.0,0.0,0.0,0.0,0.0,,,,,
4096,32,32,16,2,4096,3,0,1536,False,vllm_0.5.1_flash_attn,0.002,0.002,0.002,0.002,0.0,0.02,0.02,0.02,0.02,0.0,0.0,0.0,0.0,0.0,0.0,0.0,0.0,0.0,0.0,0.0,,,,,
4096,32,32,16,2,4096,4,0,1536,False,vllm_0.5.1_flash_attn,0.002,0.002,0.002,0.002,0.0,0.025,0.026000000000000002,0.0256,0.026000000000000002,0.000489897948556636,0.0,0.0,0.0,0.0,0.0,0.0,0.0,0.0,0.0,0.0,,,,,
4096,32,32,16,2,4096,5,0,1536,False,vllm_0.5.1_flash_attn,0.002,0.002,0.002,0.002,0.0,0.03,0.031,0.0306,0.031,0.000489897948556636,0.0,0.0,0.0,0.0,0.0,0.0,0.0,0.0,0.0,0.0,,,,,
4096,32,32,16,2,4096,6,0,1536,False,vllm_0.5.1_flash_attn,0.002,0.002,0.002,0.002,0.0,0.038,0.039,0.0382,0.038,0.00040000000000000034,0.0,0.0,0.0,0.0,0.0,0.0,0.0,0.0,0.0,0.0,,,,,
4096,32,32,16,2,4096,7,0,1536,False,vllm_0.5.1_flash_attn,0.002,0.002,0.002,0.002,0.0,0.039,0.04,0.0392,0.039,0.00040000000000000034,0.0,0.0,0.0,0.0,0.0,0.0,0.0,0.0,0.0,0.0,,,,,
4096,32,32,16,2,4096,8,0,1536,False,vllm_0.5.1_flash_attn,0.002,0.002,0.002,0.002,0.0,0.042,0.043000000000000003,0.0422,0.042,0.00040000000000000034,0.0,0.0,0.0,0.0,0.0,0.0,0.0,0.0,0.0,0.0,,,,,
4096,32,32,16,2,4096,1,0,1600,False,vllm_0.5.1_flash_attn,0.002,0.002,0.002,0.002,0.0,0.013000000000000001,0.015,0.0134,0.013000000000000001,0.0007999999999999994,0.0,0.0,0.0,0.0,0.0,0.0,0.0,0.0,0.0,0.0,,,,,
4096,32,32,16,2,4096,2,0,1600,False,vllm_0.5.1_flash_attn,0.002,0.002,0.002,0.002,0.0,0.016,0.016,0.016,0.016,0.0,0.0,0.0,0.0,0.0,0.0,0.0,0.0,0.0,0.0,0.0,,,,,
4096,32,32,16,2,4096,3,0,1600,False,vllm_0.5.1_flash_attn,0.002,0.002,0.002,0.002,0.0,0.019,0.02,0.0194,0.019,0.000489897948556636,0.0,0.0,0.0,0.0,0.0,0.0,0.0,0.0,0.0,0.0,,,,,
4096,32,32,16,2,4096,4,0,1600,False,vllm_0.5.1_flash_attn,0.002,0.002,0.002,0.002,0.0,0.026000000000000002,0.027,0.026600000000000002,0.027,0.0004898979485566344,0.0,0.0,0.0,0.0,0.0,0.0,0.0,0.0,0.0,0.0,,,,,
4096,32,32,16,2,4096,5,0,1600,False,vllm_0.5.1_flash_attn,0.002,0.002,0.002,0.002,0.0,0.03,0.031,0.0308,0.031,0.00040000000000000034,0.0,0.0,0.0,0.0,0.0,0.0,0.0,0.0,0.0,0.0,,,,,
4096,32,32,16,2,4096,6,0,1600,False,vllm_0.5.1_flash_attn,0.002,0.002,0.002,0.002,0.0,0.038,0.039,0.0388,0.039,0.00040000000000000034,0.0,0.0,0.0,0.0,0.0,0.0,0.0,0.0,0.0,0.0,,,,,
4096,32,32,16,2,4096,7,0,1600,False,vllm_0.5.1_flash_attn,0.002,0.002,0.002,0.002,0.0,0.04,0.041,0.0402,0.04,0.00040000000000000034,0.0,0.0,0.0,0.0,0.0,0.0,0.0,0.0,0.0,0.0,,,,,
4096,32,32,16,2,4096,8,0,1600,False,vllm_0.5.1_flash_attn,0.002,0.002,0.002,0.002,0.0,0.044,0.045,0.044399999999999995,0.044,0.000489897948556636,0.0,0.0,0.0,0.0,0.0,0.0,0.0,0.0,0.0,0.0,,,,,
4096,32,32,16,2,4096,1,0,1664,False,vllm_0.5.1_flash_attn,0.002,0.002,0.002,0.002,0.0,0.013000000000000001,0.015,0.0134,0.013000000000000001,0.0007999999999999994,0.0,0.0,0.0,0.0,0.0,0.0,0.0,0.0,0.0,0.0,,,,,
4096,32,32,16,2,4096,2,0,1664,False,vllm_0.5.1_flash_attn,0.002,0.002,0.002,0.002,0.0,0.016,0.016,0.016,0.016,0.0,0.0,0.0,0.0,0.0,0.0,0.0,0.0,0.0,0.0,0.0,,,,,
4096,32,32,16,2,4096,3,0,1664,False,vllm_0.5.1_flash_attn,0.002,0.002,0.002,0.002,0.0,0.019,0.019,0.019,0.019,0.0,0.0,0.0,0.0,0.0,0.0,0.0,0.0,0.0,0.0,0.0,,,,,
4096,32,32,16,2,4096,4,0,1664,False,vllm_0.5.1_flash_attn,0.002,0.002,0.002,0.002,0.0,0.026000000000000002,0.028,0.027000000000000003,0.027,0.0006324555320336753,0.0,0.0,0.0,0.0,0.0,0.0,0.0,0.0,0.0,0.0,,,,,
4096,32,32,16,2,4096,5,0,1664,False,vllm_0.5.1_flash_attn,0.002,0.002,0.002,0.002,0.0,0.032,0.033,0.0322,0.032,0.00040000000000000034,0.0,0.0,0.0,0.0,0.0,0.0,0.0,0.0,0.0,0.0,,,,,
4096,32,32,16,2,4096,6,0,1664,False,vllm_0.5.1_flash_attn,0.002,0.002,0.002,0.002,0.0,0.039,0.04,0.0396,0.04,0.000489897948556636,0.0,0.0,0.0,0.0,0.0,0.0,0.0,0.0,0.0,0.0,,,,,
4096,32,32,16,2,4096,7,0,1664,False,vllm_0.5.1_flash_attn,0.002,0.002,0.002,0.002,0.0,0.04,0.041,0.040400000000000005,0.04,0.000489897948556636,0.0,0.0,0.0,0.0,0.0,0.0,0.0,0.0,0.0,0.0,,,,,
4096,32,32,16,2,4096,8,0,1664,False,vllm_0.5.1_flash_attn,0.002,0.002,0.002,0.002,0.0,0.044,0.045,0.04479999999999999,0.045,0.00040000000000000034,0.0,0.0,0.0,0.0,0.0,0.0,0.0,0.0,0.0,0.0,,,,,
4096,32,32,16,2,4096,1,0,1728,False,vllm_0.5.1_flash_attn,0.002,0.002,0.002,0.002,0.0,0.013000000000000001,0.015,0.0134,0.013000000000000001,0.0007999999999999994,0.0,0.0,0.0,0.0,0.0,0.0,0.0,0.0,0.0,0.0,,,,,
4096,32,32,16,2,4096,2,0,1728,False,vllm_0.5.1_flash_attn,0.002,0.002,0.002,0.002,0.0,0.016,0.016,0.016,0.016,0.0,0.0,0.0,0.0,0.0,0.0,0.0,0.0,0.0,0.0,0.0,,,,,
4096,32,32,16,2,4096,3,0,1728,False,vllm_0.5.1_flash_attn,0.002,0.002,0.002,0.002,0.0,0.021,0.021,0.021,0.021,0.0,0.0,0.0,0.0,0.0,0.0,0.0,0.0,0.0,0.0,0.0,,,,,
4096,32,32,16,2,4096,4,0,1728,False,vllm_0.5.1_flash_attn,0.002,0.002,0.002,0.002,0.0,0.028,0.028,0.028000000000000004,0.028,0.0,0.0,0.0,0.0,0.0,0.0,0.0,0.0,0.0,0.0,0.0,,,,,
4096,32,32,16,2,4096,5,0,1728,False,vllm_0.5.1_flash_attn,0.002,0.002,0.002,0.002,0.0,0.032,0.033,0.0322,0.032,0.00040000000000000034,0.0,0.0,0.0,0.0,0.0,0.0,0.0,0.0,0.0,0.0,,,,,
4096,32,32,16,2,4096,6,0,1728,False,vllm_0.5.1_flash_attn,0.002,0.002,0.002,0.002,0.0,0.04,0.041,0.040400000000000005,0.04,0.000489897948556636,0.0,0.0,0.0,0.0,0.0,0.0,0.0,0.0,0.0,0.0,,,,,
4096,32,32,16,2,4096,7,0,1728,False,vllm_0.5.1_flash_attn,0.002,0.002,0.002,0.002,0.0,0.04,0.042,0.041,0.041,0.0006324555320336764,0.0,0.0,0.0,0.0,0.0,0.0,0.0,0.0,0.0,0.0,,,,,
4096,32,32,16,2,4096,8,0,1728,False,vllm_0.5.1_flash_attn,0.002,0.002,0.002,0.002,0.0,0.045,0.046,0.045399999999999996,0.045,0.000489897948556636,0.0,0.0,0.0,0.0,0.0,0.0,0.0,0.0,0.0,0.0,,,,,
4096,32,32,16,2,4096,1,0,1792,False,vllm_0.5.1_flash_attn,0.002,0.002,0.002,0.002,0.0,0.013000000000000001,0.016,0.013600000000000001,0.013000000000000001,0.0011999999999999997,0.0,0.0,0.0,0.0,0.0,0.0,0.0,0.0,0.0,0.0,,,,,
4096,32,32,16,2,4096,2,0,1792,False,vllm_0.5.1_flash_attn,0.002,0.002,0.002,0.002,0.0,0.016,0.017,0.0162,0.016,0.00040000000000000034,0.0,0.0,0.0,0.0,0.0,0.0,0.0,0.0,0.0,0.0,,,,,
4096,32,32,16,2,4096,3,0,1792,False,vllm_0.5.1_flash_attn,0.002,0.002,0.002,0.002,0.0,0.021,0.023,0.021400000000000002,0.021,0.0007999999999999994,0.0,0.0,0.0,0.0,0.0,0.0,0.0,0.0,0.0,0.0,,,,,
4096,32,32,16,2,4096,4,0,1792,False,vllm_0.5.1_flash_attn,0.002,0.002,0.002,0.002,0.0,0.028,0.029,0.0284,0.028,0.000489897948556636,0.0,0.0,0.0,0.0,0.0,0.0,0.0,0.0,0.0,0.0,,,,,
4096,32,32,16,2,4096,5,0,1792,False,vllm_0.5.1_flash_attn,0.002,0.002,0.002,0.002,0.0,0.032,0.033,0.0328,0.033,0.00040000000000000034,0.0,0.0,0.0,0.0,0.0,0.0,0.0,0.0,0.0,0.0,,,,,
4096,32,32,16,2,4096,6,0,1792,False,vllm_0.5.1_flash_attn,0.002,0.002,0.002,0.002,0.0,0.042,0.042,0.042,0.042,0.0,0.0,0.0,0.0,0.0,0.0,0.0,0.0,0.0,0.0,0.0,,,,,
4096,32,32,16,2,4096,7,0,1792,False,vllm_0.5.1_flash_attn,0.002,0.002,0.002,0.002,0.0,0.043000000000000003,0.045,0.0438,0.044,0.000748331477354786,0.0,0.0,0.0,0.0,0.0,0.0,0.0,0.0,0.0,0.0,,,,,
4096,32,32,16,2,4096,8,0,1792,False,vllm_0.5.1_flash_attn,0.002,0.002,0.002,0.002,0.0,0.048,0.049,0.0482,0.048,0.00040000000000000034,0.0,0.0,0.0,0.0,0.0,0.0,0.0,0.0,0.0,0.0,,,,,
4096,32,32,16,2,4096,1,0,1856,False,vllm_0.5.1_flash_attn,0.002,0.002,0.002,0.002,0.0,0.013000000000000001,0.014,0.0132,0.013000000000000001,0.0003999999999999997,0.0,0.0,0.0,0.0,0.0,0.0,0.0,0.0,0.0,0.0,,,,,
4096,32,32,16,2,4096,2,0,1856,False,vllm_0.5.1_flash_attn,0.002,0.002,0.002,0.002,0.0,0.016,0.016,0.016,0.016,0.0,0.0,0.0,0.0,0.0,0.0,0.0,0.0,0.0,0.0,0.0,,,,,
4096,32,32,16,2,4096,3,0,1856,False,vllm_0.5.1_flash_attn,0.002,0.002,0.002,0.002,0.0,0.023,0.024,0.023399999999999997,0.023,0.000489897948556636,0.0,0.0,0.0,0.0,0.0,0.0,0.0,0.0,0.0,0.0,,,,,
4096,32,32,16,2,4096,4,0,1856,False,vllm_0.5.1_flash_attn,0.002,0.002,0.002,0.002,0.0,0.029,0.03,0.0294,0.029,0.0004898979485566344,0.0,0.0,0.0,0.0,0.0,0.0,0.0,0.0,0.0,0.0,,,,,
4096,32,32,16,2,4096,5,0,1856,False,vllm_0.5.1_flash_attn,0.002,0.002,0.002,0.002,0.0,0.033,0.034,0.0334,0.033,0.000489897948556636,0.0,0.0,0.0,0.0,0.0,0.0,0.0,0.0,0.0,0.0,,,,,
4096,32,32,16,2,4096,6,0,1856,False,vllm_0.5.1_flash_attn,0.002,0.002,0.002,0.002,0.0,0.043000000000000003,0.044,0.0436,0.044,0.0004898979485566326,0.0,0.0,0.0,0.0,0.0,0.0,0.0,0.0,0.0,0.0,,,,,
4096,32,32,16,2,4096,7,0,1856,False,vllm_0.5.1_flash_attn,0.002,0.002,0.002,0.002,0.0,0.044,0.046,0.045,0.045,0.0006324555320336764,0.0,0.0,0.0,0.0,0.0,0.0,0.0,0.0,0.0,0.0,,,,,
4096,32,32,16,2,4096,8,0,1856,False,vllm_0.5.1_flash_attn,0.002,0.002,0.002,0.002,0.0,0.048,0.049,0.0486,0.049,0.000489897948556636,0.0,0.0,0.0,0.0,0.0,0.0,0.0,0.0,0.0,0.0,,,,,
4096,32,32,16,2,4096,1,0,1920,False,vllm_0.5.1_flash_attn,0.002,0.002,0.002,0.002,0.0,0.014,0.016,0.014400000000000001,0.014,0.0008,0.0,0.0,0.0,0.0,0.0,0.0,0.0,0.0,0.0,0.0,,,,,
4096,32,32,16,2,4096,2,0,1920,False,vllm_0.5.1_flash_attn,0.002,0.002,0.002,0.002,0.0,0.016,0.017,0.0166,0.017,0.000489897948556636,0.0,0.0,0.0,0.0,0.0,0.0,0.0,0.0,0.0,0.0,,,,,
4096,32,32,16,2,4096,3,0,1920,False,vllm_0.5.1_flash_attn,0.002,0.002,0.002,0.002,0.0,0.031,0.033,0.0318,0.032,0.0007483314773547889,0.0,0.0,0.0,0.0,0.0,0.0,0.0,0.0,0.0,0.0,,,,,
4096,32,32,16,2,4096,4,0,1920,False,vllm_0.5.1_flash_attn,0.002,0.002,0.002,0.002,0.0,0.029,0.031,0.029599999999999998,0.029,0.0007999999999999992,0.0,0.0,0.0,0.0,0.0,0.0,0.0,0.0,0.0,0.0,,,,,
4096,32,32,16,2,4096,5,0,1920,False,vllm_0.5.1_flash_attn,0.002,0.002,0.002,0.002,0.0,0.035,0.036000000000000004,0.03560000000000001,0.036000000000000004,0.000489897948556636,0.0,0.0,0.0,0.0,0.0,0.0,0.0,0.0,0.0,0.0,,,,,
4096,32,32,16,2,4096,6,0,1920,False,vllm_0.5.1_flash_attn,0.002,0.002,0.002,0.002,0.0,0.046,0.047,0.046599999999999996,0.047,0.000489897948556636,0.0,0.0,0.0,0.0,0.0,0.0,0.0,0.0,0.0,0.0,,,,,
4096,32,32,16,2,4096,7,0,1920,False,vllm_0.5.1_flash_attn,0.002,0.002,0.002,0.002,0.0,0.044,0.046,0.04479999999999999,0.045,0.0007483314773547889,0.0,0.0,0.0,0.0,0.0,0.0,0.0,0.0,0.0,0.0,,,,,
4096,32,32,16,2,4096,8,0,1920,False,vllm_0.5.1_flash_attn,0.002,0.002,0.002,0.002,0.0,0.049,0.05,0.0494,0.049,0.000489897948556636,0.0,0.0,0.0,0.0,0.0,0.0,0.0,0.0,0.0,0.0,,,,,
4096,32,32,16,2,4096,1,0,1984,False,vllm_0.5.1_flash_attn,0.002,0.002,0.002,0.002,0.0,0.014,0.016,0.014599999999999998,0.014,0.0007999999999999999,0.0,0.0,0.0,0.0,0.0,0.0,0.0,0.0,0.0,0.0,,,,,
4096,32,32,16,2,4096,2,0,1984,False,vllm_0.5.1_flash_attn,0.002,0.002,0.002,0.002,0.0,0.016,0.019,0.0166,0.016,0.0011999999999999997,0.0,0.0,0.0,0.0,0.0,0.0,0.0,0.0,0.0,0.0,,,,,
4096,32,32,16,2,4096,3,0,1984,False,vllm_0.5.1_flash_attn,0.002,0.002,0.002,0.002,0.0,0.032,0.033,0.032600000000000004,0.033,0.000489897948556636,0.0,0.0,0.0,0.0,0.0,0.0,0.0,0.0,0.0,0.0,,,,,
4096,32,32,16,2,4096,4,0,1984,False,vllm_0.5.1_flash_attn,0.002,0.002,0.002,0.002,0.0,0.03,0.031,0.030199999999999998,0.03,0.00040000000000000034,0.0,0.0,0.0,0.0,0.0,0.0,0.0,0.0,0.0,0.0,,,,,
4096,32,32,16,2,4096,5,0,1984,False,vllm_0.5.1_flash_attn,0.002,0.002,0.002,0.002,0.0,0.035,0.037,0.036000000000000004,0.036000000000000004,0.0006324555320336743,0.0,0.0,0.0,0.0,0.0,0.0,0.0,0.0,0.0,0.0,,,,,
4096,32,32,16,2,4096,6,0,1984,False,vllm_0.5.1_flash_attn,0.002,0.002,0.002,0.002,0.0,0.048,0.049,0.0482,0.048,0.00040000000000000034,0.0,0.0,0.0,0.0,0.0,0.0,0.0,0.0,0.0,0.0,,,,,
4096,32,32,16,2,4096,7,0,1984,False,vllm_0.5.1_flash_attn,0.002,0.002,0.002,0.002,0.0,0.045,0.046,0.045599999999999995,0.046,0.000489897948556636,0.0,0.0,0.0,0.0,0.0,0.0,0.0,0.0,0.0,0.0,,,,,
4096,32,32,16,2,4096,8,0,1984,False,vllm_0.5.1_flash_attn,0.002,0.002,0.002,0.002,0.0,0.05,0.051000000000000004,0.0508,0.051000000000000004,0.00040000000000000034,0.0,0.0,0.0,0.0,0.0,0.0,0.0,0.0,0.0,0.0,,,,,
4096,32,32,16,2,4096,1,0,2048,False,vllm_0.5.1_flash_attn,0.002,0.002,0.002,0.002,0.0,0.015,0.016,0.0158,0.016,0.00040000000000000034,0.0,0.0,0.0,0.0,0.0,0.0,0.0,0.0,0.0,0.0,,,,,
4096,32,32,16,2,4096,2,0,2048,False,vllm_0.5.1_flash_attn,0.002,0.002,0.002,0.002,0.0,0.019,0.02,0.0196,0.02,0.000489897948556636,0.0,0.0,0.0,0.0,0.0,0.0,0.0,0.0,0.0,0.0,,,,,
4096,32,32,16,2,4096,3,0,2048,False,vllm_0.5.1_flash_attn,0.002,0.002,0.002,0.002,0.0,0.026000000000000002,0.028,0.027000000000000003,0.027,0.0006324555320336753,0.0,0.0,0.0,0.0,0.0,0.0,0.0,0.0,0.0,0.0,,,,,
4096,32,32,16,2,4096,4,0,2048,False,vllm_0.5.1_flash_attn,0.002,0.002,0.002,0.002,0.0,0.031,0.032,0.0316,0.032,0.000489897948556636,0.0,0.0,0.0,0.0,0.0,0.0,0.0,0.0,0.0,0.0,,,,,
4096,32,32,16,2,4096,5,0,2048,False,vllm_0.5.1_flash_attn,0.002,0.002,0.002,0.002,0.0,0.036000000000000004,0.037,0.0366,0.037,0.0004898979485566326,0.0,0.0,0.0,0.0,0.0,0.0,0.0,0.0,0.0,0.0,,,,,
4096,32,32,16,2,4096,6,0,2048,False,vllm_0.5.1_flash_attn,0.002,0.002,0.002,0.002,0.0,0.047,0.048,0.047799999999999995,0.048,0.00040000000000000034,0.0,0.0,0.0,0.0,0.0,0.0,0.0,0.0,0.0,0.0,,,,,
4096,32,32,16,2,4096,7,0,2048,False,vllm_0.5.1_flash_attn,0.002,0.002,0.002,0.002,0.0,0.048,0.049,0.0484,0.048,0.000489897948556636,0.0,0.0,0.0,0.0,0.0,0.0,0.0,0.0,0.0,0.0,,,,,
4096,32,32,16,2,4096,8,0,2048,False,vllm_0.5.1_flash_attn,0.002,0.002,0.002,0.002,0.0,0.053,0.053,0.053000000000000005,0.053,0.0,0.0,0.0,0.0,0.0,0.0,0.0,0.0,0.0,0.0,0.0,,,,,
4096,32,32,16,2,4096,1,0,2112,False,vllm_0.5.1_flash_attn,0.002,0.002,0.002,0.002,0.0,0.015,0.016,0.0158,0.016,0.00040000000000000034,0.0,0.0,0.0,0.0,0.0,0.0,0.0,0.0,0.0,0.0,,,,,
4096,32,32,16,2,4096,2,0,2112,False,vllm_0.5.1_flash_attn,0.002,0.002,0.002,0.002,0.0,0.019,0.02,0.0194,0.019,0.000489897948556636,0.0,0.0,0.0,0.0,0.0,0.0,0.0,0.0,0.0,0.0,,,,,
4096,32,32,16,2,4096,3,0,2112,False,vllm_0.5.1_flash_attn,0.002,0.002,0.002,0.002,0.0,0.027,0.028,0.0274,0.027,0.000489897948556636,0.0,0.0,0.0,0.0,0.0,0.0,0.0,0.0,0.0,0.0,,,,,
4096,32,32,16,2,4096,4,0,2112,False,vllm_0.5.1_flash_attn,0.002,0.002,0.002,0.002,0.0,0.032,0.033,0.0328,0.033,0.00040000000000000034,0.0,0.0,0.0,0.0,0.0,0.0,0.0,0.0,0.0,0.0,,,,,
4096,32,32,16,2,4096,5,0,2112,False,vllm_0.5.1_flash_attn,0.002,0.002,0.002,0.002,0.0,0.037,0.038,0.0374,0.037,0.000489897948556636,0.0,0.0,0.0,0.0,0.0,0.0,0.0,0.0,0.0,0.0,,,,,
4096,32,32,16,2,4096,6,0,2112,False,vllm_0.5.1_flash_attn,0.002,0.002,0.002,0.002,0.0,0.048,0.049,0.0484,0.048,0.000489897948556636,0.0,0.0,0.0,0.0,0.0,0.0,0.0,0.0,0.0,0.0,,,,,
4096,32,32,16,2,4096,7,0,2112,False,vllm_0.5.1_flash_attn,0.002,0.002,0.002,0.002,0.0,0.049,0.049,0.049,0.049,0.0,0.0,0.0,0.0,0.0,0.0,0.0,0.0,0.0,0.0,0.0,,,,,
4096,32,32,16,2,4096,8,0,2112,False,vllm_0.5.1_flash_attn,0.002,0.002,0.002,0.002,0.0,0.054,0.055,0.0546,0.055,0.000489897948556636,0.0,0.0,0.0,0.0,0.0,0.0,0.0,0.0,0.0,0.0,,,,,
4096,32,32,16,2,4096,1,0,2176,False,vllm_0.5.1_flash_attn,0.002,0.002,0.002,0.002,0.0,0.015,0.016,0.0156,0.016,0.000489897948556636,0.0,0.0,0.0,0.0,0.0,0.0,0.0,0.0,0.0,0.0,,,,,
4096,32,32,16,2,4096,2,0,2176,False,vllm_0.5.1_flash_attn,0.002,0.002,0.002,0.002,0.0,0.019,0.02,0.019200000000000002,0.019,0.00040000000000000034,0.0,0.0,0.0,0.0,0.0,0.0,0.0,0.0,0.0,0.0,,,,,
4096,32,32,16,2,4096,3,0,2176,False,vllm_0.5.1_flash_attn,0.002,0.002,0.002,0.002,0.0,0.027,0.029,0.027600000000000003,0.027,0.0008000000000000007,0.0,0.0,0.0,0.0,0.0,0.0,0.0,0.0,0.0,0.0,,,,,
4096,32,32,16,2,4096,4,0,2176,False,vllm_0.5.1_flash_attn,0.002,0.002,0.002,0.002,0.0,0.032,0.035,0.0332,0.033,0.000979795897113272,0.0,0.0,0.0,0.0,0.0,0.0,0.0,0.0,0.0,0.0,,,,,
4096,32,32,16,2,4096,5,0,2176,False,vllm_0.5.1_flash_attn,0.002,0.002,0.002,0.002,0.0,0.038,0.039,0.038400000000000004,0.038,0.000489897948556636,0.0,0.0,0.0,0.0,0.0,0.0,0.0,0.0,0.0,0.0,,,,,
4096,32,32,16,2,4096,6,0,2176,False,vllm_0.5.1_flash_attn,0.002,0.002,0.002,0.002,0.0,0.048,0.05,0.049,0.049,0.0006324555320336764,0.0,0.0,0.0,0.0,0.0,0.0,0.0,0.0,0.0,0.0,,,,,
4096,32,32,16,2,4096,7,0,2176,False,vllm_0.5.1_flash_attn,0.002,0.002,0.002,0.002,0.0,0.049,0.05,0.0494,0.049,0.000489897948556636,0.0,0.0,0.0,0.0,0.0,0.0,0.0,0.0,0.0,0.0,,,,,
4096,32,32,16,2,4096,8,0,2176,False,vllm_0.5.1_flash_attn,0.002,0.002,0.002,0.002,0.0,0.054,0.056,0.0548,0.055,0.0007483314773547889,0.0,0.0,0.0,0.0,0.0,0.0,0.0,0.0,0.0,0.0,,,,,
4096,32,32,16,2,4096,1,0,2240,False,vllm_0.5.1_flash_attn,0.002,0.002,0.002,0.002,0.0,0.015,0.016,0.0158,0.016,0.00040000000000000034,0.0,0.0,0.0,0.0,0.0,0.0,0.0,0.0,0.0,0.0,,,,,
4096,32,32,16,2,4096,2,0,2240,False,vllm_0.5.1_flash_attn,0.002,0.002,0.002,0.002,0.0,0.019,0.02,0.0194,0.019,0.000489897948556636,0.0,0.0,0.0,0.0,0.0,0.0,0.0,0.0,0.0,0.0,,,,,
4096,32,32,16,2,4096,3,0,2240,False,vllm_0.5.1_flash_attn,0.002,0.002,0.002,0.002,0.0,0.028,0.028,0.028000000000000004,0.028,0.0,0.0,0.0,0.0,0.0,0.0,0.0,0.0,0.0,0.0,0.0,,,,,
4096,32,32,16,2,4096,4,0,2240,False,vllm_0.5.1_flash_attn,0.002,0.002,0.002,0.002,0.0,0.032,0.033,0.0328,0.033,0.00040000000000000034,0.0,0.0,0.0,0.0,0.0,0.0,0.0,0.0,0.0,0.0,,,,,
4096,32,32,16,2,4096,5,0,2240,False,vllm_0.5.1_flash_attn,0.002,0.002,0.002,0.002,0.0,0.038,0.039,0.038400000000000004,0.038,0.000489897948556636,0.0,0.0,0.0,0.0,0.0,0.0,0.0,0.0,0.0,0.0,,,,,
4096,32,32,16,2,4096,6,0,2240,False,vllm_0.5.1_flash_attn,0.002,0.002,0.002,0.002,0.0,0.049,0.05,0.0496,0.05,0.000489897948556636,0.0,0.0,0.0,0.0,0.0,0.0,0.0,0.0,0.0,0.0,,,,,
4096,32,32,16,2,4096,7,0,2240,False,vllm_0.5.1_flash_attn,0.002,0.002,0.002,0.002,0.0,0.05,0.051000000000000004,0.0506,0.051000000000000004,0.000489897948556636,0.0,0.0,0.0,0.0,0.0,0.0,0.0,0.0,0.0,0.0,,,,,
4096,32,32,16,2,4096,8,0,2240,False,vllm_0.5.1_flash_attn,0.002,0.002,0.002,0.002,0.0,0.055,0.056,0.0558,0.056,0.00040000000000000034,0.0,0.0,0.0,0.0,0.0,0.0,0.0,0.0,0.0,0.0,,,,,
4096,32,32,16,2,4096,1,0,2304,False,vllm_0.5.1_flash_attn,0.002,0.002,0.002,0.002,0.0,0.016,0.016,0.016,0.016,0.0,0.0,0.0,0.0,0.0,0.0,0.0,0.0,0.0,0.0,0.0,,,,,
4096,32,32,16,2,4096,2,0,2304,False,vllm_0.5.1_flash_attn,0.002,0.002,0.002,0.002,0.0,0.02,0.02,0.02,0.02,0.0,0.0,0.0,0.0,0.0,0.0,0.0,0.0,0.0,0.0,0.0,,,,,
4096,32,32,16,2,4096,3,0,2304,False,vllm_0.5.1_flash_attn,0.002,0.002,0.002,0.002,0.0,0.028,0.03,0.0294,0.03,0.0007999999999999992,0.0,0.0,0.0,0.0,0.0,0.0,0.0,0.0,0.0,0.0,,,,,
4096,32,32,16,2,4096,4,0,2304,False,vllm_0.5.1_flash_attn,0.002,0.002,0.002,0.002,0.0,0.034,0.034,0.034,0.034,0.0,0.0,0.0,0.0,0.0,0.0,0.0,0.0,0.0,0.0,0.0,,,,,
4096,32,32,16,2,4096,5,0,2304,False,vllm_0.5.1_flash_attn,0.002,0.002,0.002,0.002,0.0,0.04,0.041,0.040400000000000005,0.04,0.000489897948556636,0.0,0.0,0.0,0.0,0.0,0.0,0.0,0.0,0.0,0.0,,,,,
4096,32,32,16,2,4096,6,0,2304,False,vllm_0.5.1_flash_attn,0.002,0.002,0.002,0.002,0.0,0.05,0.05,0.05,0.05,0.0,0.0,0.0,0.0,0.0,0.0,0.0,0.0,0.0,0.0,0.0,,,,,
4096,32,32,16,2,4096,7,0,2304,False,vllm_0.5.1_flash_attn,0.002,0.002,0.002,0.002,0.0,0.052000000000000005,0.054,0.053000000000000005,0.053,0.0006324555320336743,0.0,0.0,0.0,0.0,0.0,0.0,0.0,0.0,0.0,0.0,,,,,
4096,32,32,16,2,4096,8,0,2304,False,vllm_0.5.1_flash_attn,0.002,0.002,0.002,0.002,0.0,0.058,0.06,0.058800000000000005,0.059000000000000004,0.0007483314773547867,0.0,0.0,0.0,0.0,0.0,0.0,0.0,0.0,0.0,0.0,,,,,
4096,32,32,16,2,4096,1,0,2368,False,vllm_0.5.1_flash_attn,0.002,0.002,0.002,0.002,0.0,0.015,0.016,0.0158,0.016,0.00040000000000000034,0.0,0.0,0.0,0.0,0.0,0.0,0.0,0.0,0.0,0.0,,,,,
4096,32,32,16,2,4096,2,0,2368,False,vllm_0.5.1_flash_attn,0.002,0.002,0.002,0.002,0.0,0.02,0.02,0.02,0.02,0.0,0.0,0.0,0.0,0.0,0.0,0.0,0.0,0.0,0.0,0.0,,,,,
4096,32,32,16,2,4096,3,0,2368,False,vllm_0.5.1_flash_attn,0.002,0.002,0.002,0.002,0.0,0.029,0.03,0.0298,0.03,0.000399999999999999,0.0,0.0,0.0,0.0,0.0,0.0,0.0,0.0,0.0,0.0,,,,,
4096,32,32,16,2,4096,4,0,2368,False,vllm_0.5.1_flash_attn,0.002,0.002,0.002,0.002,0.0,0.034,0.035,0.0344,0.034,0.000489897948556636,0.0,0.0,0.0,0.0,0.0,0.0,0.0,0.0,0.0,0.0,,,,,
4096,32,32,16,2,4096,5,0,2368,False,vllm_0.5.1_flash_attn,0.002,0.002,0.002,0.002,0.0,0.04,0.042,0.041,0.041,0.0006324555320336764,0.0,0.0,0.0,0.0,0.0,0.0,0.0,0.0,0.0,0.0,,,,,
4096,32,32,16,2,4096,6,0,2368,False,vllm_0.5.1_flash_attn,0.002,0.002,0.002,0.002,0.0,0.05,0.051000000000000004,0.0508,0.051000000000000004,0.00040000000000000034,0.0,0.0,0.0,0.0,0.0,0.0,0.0,0.0,0.0,0.0,,,,,
4096,32,32,16,2,4096,7,0,2368,False,vllm_0.5.1_flash_attn,0.002,0.002,0.002,0.002,0.0,0.053,0.055,0.054000000000000006,0.054,0.0006324555320336764,0.0,0.0,0.0,0.0,0.0,0.0,0.0,0.0,0.0,0.0,,,,,
4096,32,32,16,2,4096,8,0,2368,False,vllm_0.5.1_flash_attn,0.002,0.002,0.002,0.002,0.0,0.059000000000000004,0.061,0.05940000000000001,0.059000000000000004,0.000799999999999998,0.0,0.0,0.0,0.0,0.0,0.0,0.0,0.0,0.0,0.0,,,,,
4096,32,32,16,2,4096,1,0,2432,False,vllm_0.5.1_flash_attn,0.002,0.002,0.002,0.002,0.0,0.015,0.016,0.0158,0.016,0.00040000000000000034,0.0,0.0,0.0,0.0,0.0,0.0,0.0,0.0,0.0,0.0,,,,,
4096,32,32,16,2,4096,2,0,2432,False,vllm_0.5.1_flash_attn,0.002,0.002,0.002,0.002,0.0,0.02,0.02,0.02,0.02,0.0,0.0,0.0,0.0,0.0,0.0,0.0,0.0,0.0,0.0,0.0,,,,,
4096,32,32,16,2,4096,3,0,2432,False,vllm_0.5.1_flash_attn,0.002,0.002,0.002,0.002,0.0,0.03,0.03,0.03,0.03,0.0,0.0,0.0,0.0,0.0,0.0,0.0,0.0,0.0,0.0,0.0,,,,,
4096,32,32,16,2,4096,4,0,2432,False,vllm_0.5.1_flash_attn,0.002,0.002,0.002,0.002,0.0,0.035,0.037,0.035800000000000005,0.036000000000000004,0.0007483314773547867,0.0,0.0,0.0,0.0,0.0,0.0,0.0,0.0,0.0,0.0,,,,,
4096,32,32,16,2,4096,5,0,2432,False,vllm_0.5.1_flash_attn,0.002,0.002,0.002,0.002,0.0,0.041,0.042,0.041800000000000004,0.042,0.00040000000000000034,0.0,0.0,0.0,0.0,0.0,0.0,0.0,0.0,0.0,0.0,,,,,
4096,32,32,16,2,4096,6,0,2432,False,vllm_0.5.1_flash_attn,0.002,0.002,0.002,0.002,0.0,0.052000000000000005,0.053,0.0526,0.053,0.0004898979485566326,0.0,0.0,0.0,0.0,0.0,0.0,0.0,0.0,0.0,0.0,,,,,
4096,32,32,16,2,4096,7,0,2432,False,vllm_0.5.1_flash_attn,0.002,0.002,0.002,0.002,0.0,0.054,0.055,0.054400000000000004,0.054,0.000489897948556636,0.0,0.0,0.0,0.0,0.0,0.0,0.0,0.0,0.0,0.0,,,,,
4096,32,32,16,2,4096,8,0,2432,False,vllm_0.5.1_flash_attn,0.002,0.002,0.002,0.002,0.0,0.059000000000000004,0.061,0.060399999999999995,0.061,0.0007999999999999983,0.0,0.0,0.0,0.0,0.0,0.0,0.0,0.0,0.0,0.0,,,,,
4096,32,32,16,2,4096,1,0,2496,False,vllm_0.5.1_flash_attn,0.002,0.002,0.002,0.002,0.0,0.016,0.016,0.016,0.016,0.0,0.0,0.0,0.0,0.0,0.0,0.0,0.0,0.0,0.0,0.0,,,,,
4096,32,32,16,2,4096,2,0,2496,False,vllm_0.5.1_flash_attn,0.002,0.002,0.002,0.002,0.0,0.019,0.021,0.02,0.02,0.0006324555320336764,0.0,0.0,0.0,0.0,0.0,0.0,0.0,0.0,0.0,0.0,,,,,
4096,32,32,16,2,4096,3,0,2496,False,vllm_0.5.1_flash_attn,0.002,0.002,0.002,0.002,0.0,0.029,0.031,0.030199999999999998,0.03,0.0007483314773547878,0.0,0.0,0.0,0.0,0.0,0.0,0.0,0.0,0.0,0.0,,,,,
4096,32,32,16,2,4096,4,0,2496,False,vllm_0.5.1_flash_attn,0.002,0.002,0.002,0.002,0.0,0.035,0.037,0.035800000000000005,0.036000000000000004,0.0007483314773547867,0.0,0.0,0.0,0.0,0.0,0.0,0.0,0.0,0.0,0.0,,,,,
4096,32,32,16,2,4096,5,0,2496,False,vllm_0.5.1_flash_attn,0.002,0.002,0.002,0.002,0.0,0.042,0.043000000000000003,0.04240000000000001,0.042,0.000489897948556636,0.0,0.0,0.0,0.0,0.0,0.0,0.0,0.0,0.0,0.0,,,,,
4096,32,32,16,2,4096,6,0,2496,False,vllm_0.5.1_flash_attn,0.002,0.002,0.002,0.002,0.0,0.054,0.054,0.054000000000000006,0.054,0.0,0.0,0.0,0.0,0.0,0.0,0.0,0.0,0.0,0.0,0.0,,,,,
4096,32,32,16,2,4096,7,0,2496,False,vllm_0.5.1_flash_attn,0.002,0.002,0.002,0.002,0.0,0.055,0.056,0.055400000000000005,0.055,0.000489897948556636,0.0,0.0,0.0,0.0,0.0,0.0,0.0,0.0,0.0,0.0,,,,,
4096,32,32,16,2,4096,8,0,2496,False,vllm_0.5.1_flash_attn,0.002,0.002,0.002,0.002,0.0,0.06,0.062,0.0612,0.061,0.0007483314773547889,0.0,0.0,0.0,0.0,0.0,0.0,0.0,0.0,0.0,0.0,,,,,
4096,32,32,16,2,4096,1,0,2560,False,vllm_0.5.1_flash_attn,0.002,0.002,0.002,0.002,0.0,0.017,0.017,0.017,0.017,0.0,0.0,0.0,0.0,0.0,0.0,0.0,0.0,0.0,0.0,0.0,,,,,
4096,32,32,16,2,4096,2,0,2560,False,vllm_0.5.1_flash_attn,0.002,0.002,0.002,0.002,0.0,0.023,0.024,0.023799999999999998,0.024,0.00040000000000000034,0.0,0.0,0.0,0.0,0.0,0.0,0.0,0.0,0.0,0.0,,,,,
4096,32,32,16,2,4096,3,0,2560,False,vllm_0.5.1_flash_attn,0.002,0.002,0.002,0.002,0.0,0.03,0.033,0.0314,0.031,0.001019803902718558,0.0,0.0,0.0,0.0,0.0,0.0,0.0,0.0,0.0,0.0,,,,,
4096,32,32,16,2,4096,4,0,2560,False,vllm_0.5.1_flash_attn,0.002,0.002,0.002,0.002,0.0,0.036000000000000004,0.037,0.0366,0.037,0.0004898979485566326,0.0,0.0,0.0,0.0,0.0,0.0,0.0,0.0,0.0,0.0,,,,,
4096,32,32,16,2,4096,5,0,2560,False,vllm_0.5.1_flash_attn,0.002,0.002,0.002,0.002,0.0,0.043000000000000003,0.043000000000000003,0.043000000000000003,0.043000000000000003,0.0,0.0,0.0,0.0,0.0,0.0,0.0,0.0,0.0,0.0,0.0,,,,,
4096,32,32,16,2,4096,6,0,2560,False,vllm_0.5.1_flash_attn,0.002,0.002,0.002,0.002,0.0,0.057,0.058,0.05720000000000001,0.057,0.00040000000000000034,0.0,0.0,0.0,0.0,0.0,0.0,0.0,0.0,0.0,0.0,,,,,
4096,32,32,16,2,4096,7,0,2560,False,vllm_0.5.1_flash_attn,0.002,0.002,0.002,0.002,0.0,0.057,0.058,0.05720000000000001,0.057,0.00040000000000000034,0.0,0.0,0.0,0.0,0.0,0.0,0.0,0.0,0.0,0.0,,,,,
4096,32,32,16,2,4096,8,0,2560,False,vllm_0.5.1_flash_attn,0.002,0.002,0.002,0.002,0.0,0.063,0.064,0.0636,0.064,0.000489897948556636,0.0,0.0,0.0,0.0,0.0,0.0,0.0,0.0,0.0,0.0,,,,,
4096,32,32,16,2,4096,1,0,2624,False,vllm_0.5.1_flash_attn,0.002,0.002,0.002,0.002,0.0,0.016,0.017,0.016800000000000002,0.017,0.00040000000000000034,0.0,0.0,0.0,0.0,0.0,0.0,0.0,0.0,0.0,0.0,,,,,
4096,32,32,16,2,4096,2,0,2624,False,vllm_0.5.1_flash_attn,0.002,0.002,0.002,0.002,0.0,0.024,0.024,0.024,0.024,0.0,0.0,0.0,0.0,0.0,0.0,0.0,0.0,0.0,0.0,0.0,,,,,
4096,32,32,16,2,4096,3,0,2624,False,vllm_0.5.1_flash_attn,0.002,0.002,0.002,0.002,0.0,0.031,0.033,0.032,0.032,0.0006324555320336764,0.0,0.0,0.0,0.0,0.0,0.0,0.0,0.0,0.0,0.0,,,,,
4096,32,32,16,2,4096,4,0,2624,False,vllm_0.5.1_flash_attn,0.002,0.002,0.002,0.002,0.0,0.036000000000000004,0.037,0.0368,0.037,0.0003999999999999976,0.0,0.0,0.0,0.0,0.0,0.0,0.0,0.0,0.0,0.0,,,,,
4096,32,32,16,2,4096,5,0,2624,False,vllm_0.5.1_flash_attn,0.002,0.002,0.002,0.002,0.0,0.043000000000000003,0.044,0.0434,0.043000000000000003,0.0004898979485566326,0.0,0.0,0.0,0.0,0.0,0.0,0.0,0.0,0.0,0.0,,,,,
4096,32,32,16,2,4096,6,0,2624,False,vllm_0.5.1_flash_attn,0.002,0.002,0.002,0.002,0.0,0.057,0.059000000000000004,0.05820000000000001,0.058,0.0007483314773547889,0.0,0.0,0.0,0.0,0.0,0.0,0.0,0.0,0.0,0.0,,,,,
4096,32,32,16,2,4096,7,0,2624,False,vllm_0.5.1_flash_attn,0.002,0.002,0.002,0.002,0.0,0.057,0.059000000000000004,0.05840000000000001,0.059000000000000004,0.0008000000000000007,0.0,0.0,0.0,0.0,0.0,0.0,0.0,0.0,0.0,0.0,,,,,
4096,32,32,16,2,4096,8,0,2624,False,vllm_0.5.1_flash_attn,0.002,0.002,0.002,0.002,0.0,0.064,0.065,0.0644,0.064,0.000489897948556636,0.0,0.0,0.0,0.0,0.0,0.0,0.0,0.0,0.0,0.0,,,,,
4096,32,32,16,2,4096,1,0,2688,False,vllm_0.5.1_flash_attn,0.002,0.002,0.002,0.002,0.0,0.017,0.017,0.017,0.017,0.0,0.0,0.0,0.0,0.0,0.0,0.0,0.0,0.0,0.0,0.0,,,,,
4096,32,32,16,2,4096,2,0,2688,False,vllm_0.5.1_flash_attn,0.002,0.002,0.002,0.002,0.0,0.022,0.023,0.0226,0.023,0.000489897948556636,0.0,0.0,0.0,0.0,0.0,0.0,0.0,0.0,0.0,0.0,,,,,
4096,32,32,16,2,4096,3,0,2688,False,vllm_0.5.1_flash_attn,0.002,0.002,0.002,0.002,0.0,0.032,0.033,0.0322,0.032,0.00040000000000000034,0.0,0.0,0.0,0.0,0.0,0.0,0.0,0.0,0.0,0.0,,,,,
4096,32,32,16,2,4096,4,0,2688,False,vllm_0.5.1_flash_attn,0.002,0.002,0.002,0.002,0.0,0.037,0.038,0.0374,0.037,0.000489897948556636,0.0,0.0,0.0,0.0,0.0,0.0,0.0,0.0,0.0,0.0,,,,,
4096,32,32,16,2,4096,5,0,2688,False,vllm_0.5.1_flash_attn,0.002,0.002,0.002,0.002,0.0,0.045,0.046,0.0452,0.045,0.00040000000000000034,0.0,0.0,0.0,0.0,0.0,0.0,0.0,0.0,0.0,0.0,,,,,
4096,32,32,16,2,4096,6,0,2688,False,vllm_0.5.1_flash_attn,0.002,0.002,0.002,0.002,0.0,0.057,0.058,0.057600000000000005,0.058,0.000489897948556636,0.0,0.0,0.0,0.0,0.0,0.0,0.0,0.0,0.0,0.0,,,,,
4096,32,32,16,2,4096,7,0,2688,False,vllm_0.5.1_flash_attn,0.002,0.002,0.002,0.002,0.0,0.058,0.06,0.058800000000000005,0.059000000000000004,0.0007483314773547867,0.0,0.0,0.0,0.0,0.0,0.0,0.0,0.0,0.0,0.0,,,,,
4096,32,32,16,2,4096,8,0,2688,False,vllm_0.5.1_flash_attn,0.002,0.002,0.002,0.002,0.0,0.065,0.066,0.0658,0.066,0.00040000000000000034,0.0,0.0,0.0,0.0,0.0,0.0,0.0,0.0,0.0,0.0,,,,,
4096,32,32,16,2,4096,1,0,2752,False,vllm_0.5.1_flash_attn,0.002,0.002,0.002,0.002,0.0,0.017,0.017,0.017,0.017,0.0,0.0,0.0,0.0,0.0,0.0,0.0,0.0,0.0,0.0,0.0,,,,,
4096,32,32,16,2,4096,2,0,2752,False,vllm_0.5.1_flash_attn,0.002,0.002,0.002,0.002,0.0,0.022,0.023,0.022799999999999997,0.023,0.00040000000000000034,0.0,0.0,0.0,0.0,0.0,0.0,0.0,0.0,0.0,0.0,,,,,
4096,32,32,16,2,4096,3,0,2752,False,vllm_0.5.1_flash_attn,0.002,0.002,0.002,0.002,0.0,0.032,0.033,0.0322,0.032,0.00040000000000000034,0.0,0.0,0.0,0.0,0.0,0.0,0.0,0.0,0.0,0.0,,,,,
4096,32,32,16,2,4096,4,0,2752,False,vllm_0.5.1_flash_attn,0.002,0.002,0.002,0.002,0.0,0.038,0.04,0.038400000000000004,0.038,0.0008000000000000007,0.0,0.0,0.0,0.0,0.0,0.0,0.0,0.0,0.0,0.0,,,,,
4096,32,32,16,2,4096,5,0,2752,False,vllm_0.5.1_flash_attn,0.002,0.002,0.002,0.002,0.0,0.045,0.046,0.045799999999999993,0.046,0.00040000000000000034,0.0,0.0,0.0,0.0,0.0,0.0,0.0,0.0,0.0,0.0,,,,,
4096,32,32,16,2,4096,6,0,2752,False,vllm_0.5.1_flash_attn,0.002,0.002,0.002,0.002,0.0,0.058,0.06,0.05900000000000001,0.059000000000000004,0.0006324555320336743,0.0,0.0,0.0,0.0,0.0,0.0,0.0,0.0,0.0,0.0,,,,,
4096,32,32,16,2,4096,7,0,2752,False,vllm_0.5.1_flash_attn,0.002,0.002,0.002,0.002,0.0,0.059000000000000004,0.06,0.05920000000000001,0.059000000000000004,0.0003999999999999976,0.0,0.0,0.0,0.0,0.0,0.0,0.0,0.0,0.0,0.0,,,,,
4096,32,32,16,2,4096,8,0,2752,False,vllm_0.5.1_flash_attn,0.002,0.002,0.002,0.002,0.0,0.066,0.067,0.0664,0.066,0.000489897948556636,0.0,0.0,0.0,0.0,0.0,0.0,0.0,0.0,0.0,0.0,,,,,
4096,32,32,16,2,4096,1,0,2816,False,vllm_0.5.1_flash_attn,0.002,0.002,0.002,0.002,0.0,0.016,0.017,0.016800000000000002,0.017,0.00040000000000000034,0.0,0.0,0.0,0.0,0.0,0.0,0.0,0.0,0.0,0.0,,,,,
4096,32,32,16,2,4096,2,0,2816,False,vllm_0.5.1_flash_attn,0.002,0.002,0.002,0.002,0.0,0.023,0.025,0.024,0.024,0.0006324555320336764,0.0,0.0,0.0,0.0,0.0,0.0,0.0,0.0,0.0,0.0,,,,,
4096,32,32,16,2,4096,3,0,2816,False,vllm_0.5.1_flash_attn,0.002,0.002,0.002,0.002,0.0,0.033,0.034,0.0332,0.033,0.00040000000000000034,0.0,0.0,0.0,0.0,0.0,0.0,0.0,0.0,0.0,0.0,,,,,
4096,32,32,16,2,4096,4,0,2816,False,vllm_0.5.1_flash_attn,0.002,0.002,0.002,0.002,0.0,0.039,0.041,0.0402,0.04,0.0007483314773547889,0.0,0.0,0.0,0.0,0.0,0.0,0.0,0.0,0.0,0.0,,,,,
4096,32,32,16,2,4096,5,0,2816,False,vllm_0.5.1_flash_attn,0.002,0.002,0.002,0.002,0.0,0.046,0.047,0.046599999999999996,0.047,0.000489897948556636,0.0,0.0,0.0,0.0,0.0,0.0,0.0,0.0,0.0,0.0,,,,,
4096,32,32,16,2,4096,6,0,2816,False,vllm_0.5.1_flash_attn,0.002,0.002,0.002,0.002,0.0,0.058,0.059000000000000004,0.058600000000000006,0.059000000000000004,0.000489897948556636,0.0,0.0,0.0,0.0,0.0,0.0,0.0,0.0,0.0,0.0,,,,,
4096,32,32,16,2,4096,7,0,2816,False,vllm_0.5.1_flash_attn,0.002,0.002,0.002,0.002,0.0,0.061,0.063,0.062,0.062,0.0006324555320336764,0.0,0.0,0.0,0.0,0.0,0.0,0.0,0.0,0.0,0.0,,,,,
4096,32,32,16,2,4096,8,0,2816,False,vllm_0.5.1_flash_attn,0.002,0.002,0.002,0.002,0.0,0.068,0.07,0.0688,0.069,0.0007483314773547889,0.0,0.0,0.0,0.0,0.0,0.0,0.0,0.0,0.0,0.0,,,,,
4096,32,32,16,2,4096,1,0,2880,False,vllm_0.5.1_flash_attn,0.002,0.002,0.002,0.002,0.0,0.017,0.017,0.017,0.017,0.0,0.0,0.0,0.0,0.0,0.0,0.0,0.0,0.0,0.0,0.0,,,,,
4096,32,32,16,2,4096,2,0,2880,False,vllm_0.5.1_flash_attn,0.002,0.002,0.002,0.002,0.0,0.024,0.027,0.0248,0.024,0.0011661903789690598,0.0,0.0,0.0,0.0,0.0,0.0,0.0,0.0,0.0,0.0,,,,,
4096,32,32,16,2,4096,3,0,2880,False,vllm_0.5.1_flash_attn,0.002,0.002,0.002,0.002,0.0,0.033,0.034,0.0334,0.033,0.000489897948556636,0.0,0.0,0.0,0.0,0.0,0.0,0.0,0.0,0.0,0.0,,,,,
4096,32,32,16,2,4096,4,0,2880,False,vllm_0.5.1_flash_attn,0.002,0.002,0.002,0.002,0.0,0.039,0.04,0.0398,0.04,0.00040000000000000034,0.0,0.0,0.0,0.0,0.0,0.0,0.0,0.0,0.0,0.0,,,,,
4096,32,32,16,2,4096,5,0,2880,False,vllm_0.5.1_flash_attn,0.002,0.002,0.002,0.002,0.0,0.047,0.048,0.0472,0.047,0.00040000000000000034,0.0,0.0,0.0,0.0,0.0,0.0,0.0,0.0,0.0,0.0,,,,,
4096,32,32,16,2,4096,6,0,2880,False,vllm_0.5.1_flash_attn,0.002,0.002,0.002,0.002,0.0,0.06,0.061,0.0602,0.06,0.00040000000000000034,0.0,0.0,0.0,0.0,0.0,0.0,0.0,0.0,0.0,0.0,,,,,
4096,32,32,16,2,4096,7,0,2880,False,vllm_0.5.1_flash_attn,0.002,0.002,0.002,0.002,0.0,0.062,0.063,0.0626,0.063,0.000489897948556636,0.0,0.0,0.0,0.0,0.0,0.0,0.0,0.0,0.0,0.0,,,,,
4096,32,32,16,2,4096,8,0,2880,False,vllm_0.5.1_flash_attn,0.002,0.002,0.002,0.002,0.0,0.07,0.07,0.07,0.07,0.0,0.0,0.0,0.0,0.0,0.0,0.0,0.0,0.0,0.0,0.0,,,,,
4096,32,32,16,2,4096,1,0,2944,False,vllm_0.5.1_flash_attn,0.002,0.002,0.002,0.002,0.0,0.016,0.017,0.016800000000000002,0.017,0.00040000000000000034,0.0,0.0,0.0,0.0,0.0,0.0,0.0,0.0,0.0,0.0,,,,,
4096,32,32,16,2,4096,2,0,2944,False,vllm_0.5.1_flash_attn,0.002,0.002,0.002,0.002,0.0,0.024,0.025,0.0248,0.025,0.00040000000000000034,0.0,0.0,0.0,0.0,0.0,0.0,0.0,0.0,0.0,0.0,,,,,
4096,32,32,16,2,4096,3,0,2944,False,vllm_0.5.1_flash_attn,0.002,0.002,0.002,0.002,0.0,0.033,0.034,0.033600000000000005,0.034,0.000489897948556636,0.0,0.0,0.0,0.0,0.0,0.0,0.0,0.0,0.0,0.0,,,,,
4096,32,32,16,2,4096,4,0,2944,False,vllm_0.5.1_flash_attn,0.002,0.002,0.002,0.002,0.0,0.04,0.041,0.0408,0.041,0.00040000000000000034,0.0,0.0,0.0,0.0,0.0,0.0,0.0,0.0,0.0,0.0,,,,,
4096,32,32,16,2,4096,5,0,2944,False,vllm_0.5.1_flash_attn,0.002,0.002,0.002,0.002,0.0,0.048,0.048,0.048,0.048,0.0,0.0,0.0,0.0,0.0,0.0,0.0,0.0,0.0,0.0,0.0,,,,,
4096,32,32,16,2,4096,6,0,2944,False,vllm_0.5.1_flash_attn,0.002,0.002,0.002,0.002,0.0,0.06,0.06,0.06,0.06,0.0,0.0,0.0,0.0,0.0,0.0,0.0,0.0,0.0,0.0,0.0,,,,,
4096,32,32,16,2,4096,7,0,2944,False,vllm_0.5.1_flash_attn,0.002,0.002,0.002,0.002,0.0,0.063,0.064,0.0634,0.063,0.000489897948556636,0.0,0.0,0.0,0.0,0.0,0.0,0.0,0.0,0.0,0.0,,,,,
4096,32,32,16,2,4096,8,0,2944,False,vllm_0.5.1_flash_attn,0.002,0.002,0.002,0.002,0.0,0.07,0.07200000000000001,0.07100000000000001,0.07100000000000001,0.0006324555320336764,0.0,0.0,0.0,0.0,0.0,0.0,0.0,0.0,0.0,0.0,,,,,
4096,32,32,16,2,4096,1,0,3008,False,vllm_0.5.1_flash_attn,0.002,0.002,0.002,0.002,0.0,0.017,0.017,0.017,0.017,0.0,0.0,0.0,0.0,0.0,0.0,0.0,0.0,0.0,0.0,0.0,,,,,
4096,32,32,16,2,4096,2,0,3008,False,vllm_0.5.1_flash_attn,0.002,0.002,0.002,0.002,0.0,0.025,0.025,0.025,0.025,0.0,0.0,0.0,0.0,0.0,0.0,0.0,0.0,0.0,0.0,0.0,,,,,
4096,32,32,16,2,4096,3,0,3008,False,vllm_0.5.1_flash_attn,0.002,0.002,0.002,0.002,0.0,0.034,0.035,0.0344,0.034,0.000489897948556636,0.0,0.0,0.0,0.0,0.0,0.0,0.0,0.0,0.0,0.0,,,,,
4096,32,32,16,2,4096,4,0,3008,False,vllm_0.5.1_flash_attn,0.002,0.002,0.002,0.002,0.0,0.04,0.042,0.041,0.041,0.0006324555320336764,0.0,0.0,0.0,0.0,0.0,0.0,0.0,0.0,0.0,0.0,,,,,
4096,32,32,16,2,4096,5,0,3008,False,vllm_0.5.1_flash_attn,0.002,0.002,0.002,0.002,0.0,0.048,0.049,0.0482,0.048,0.00040000000000000034,0.0,0.0,0.0,0.0,0.0,0.0,0.0,0.0,0.0,0.0,,,,,
4096,32,32,16,2,4096,6,0,3008,False,vllm_0.5.1_flash_attn,0.002,0.002,0.002,0.002,0.0,0.06,0.063,0.0618,0.062,0.000979795897113272,0.0,0.0,0.0,0.0,0.0,0.0,0.0,0.0,0.0,0.0,,,,,
4096,32,32,16,2,4096,7,0,3008,False,vllm_0.5.1_flash_attn,0.002,0.002,0.002,0.002,0.0,0.063,0.065,0.064,0.064,0.0006324555320336764,0.0,0.0,0.0,0.0,0.0,0.0,0.0,0.0,0.0,0.0,,,,,
4096,32,32,16,2,4096,8,0,3008,False,vllm_0.5.1_flash_attn,0.002,0.002,0.002,0.002,0.0,0.07100000000000001,0.07200000000000001,0.07160000000000001,0.07200000000000001,0.000489897948556636,0.0,0.0,0.0,0.0,0.0,0.0,0.0,0.0,0.0,0.0,,,,,
4096,32,32,16,2,4096,1,0,3072,False,vllm_0.5.1_flash_attn,0.002,0.002,0.002,0.002,0.0,0.017,0.017,0.017,0.017,0.0,0.0,0.0,0.0,0.0,0.0,0.0,0.0,0.0,0.0,0.0,,,,,
4096,32,32,16,2,4096,2,0,3072,False,vllm_0.5.1_flash_attn,0.002,0.002,0.002,0.002,0.0,0.027,0.027,0.027000000000000003,0.027,0.0,0.0,0.0,0.0,0.0,0.0,0.0,0.0,0.0,0.0,0.0,,,,,
4096,32,32,16,2,4096,3,0,3072,False,vllm_0.5.1_flash_attn,0.002,0.002,0.002,0.002,0.0,0.035,0.036000000000000004,0.0352,0.035,0.00040000000000000034,0.0,0.0,0.0,0.0,0.0,0.0,0.0,0.0,0.0,0.0,,,,,
4096,32,32,16,2,4096,4,0,3072,False,vllm_0.5.1_flash_attn,0.002,0.002,0.002,0.002,0.0,0.042,0.043000000000000003,0.042600000000000006,0.043000000000000003,0.000489897948556636,0.0,0.0,0.0,0.0,0.0,0.0,0.0,0.0,0.0,0.0,,,,,
4096,32,32,16,2,4096,5,0,3072,False,vllm_0.5.1_flash_attn,0.002,0.002,0.002,0.002,0.0,0.05,0.051000000000000004,0.0504,0.05,0.000489897948556636,0.0,0.0,0.0,0.0,0.0,0.0,0.0,0.0,0.0,0.0,,,,,
4096,32,32,16,2,4096,6,0,3072,False,vllm_0.5.1_flash_attn,0.002,0.002,0.002,0.002,0.0,0.062,0.063,0.0626,0.063,0.000489897948556636,0.0,0.0,0.0,0.0,0.0,0.0,0.0,0.0,0.0,0.0,,,,,
4096,32,32,16,2,4096,7,0,3072,False,vllm_0.5.1_flash_attn,0.002,0.002,0.002,0.002,0.0,0.066,0.068,0.067,0.067,0.0006324555320336764,0.0,0.0,0.0,0.0,0.0,0.0,0.0,0.0,0.0,0.0,,,,,
4096,32,32,16,2,4096,8,0,3072,False,vllm_0.5.1_flash_attn,0.002,0.002,0.002,0.002,0.0,0.073,0.075,0.0742,0.074,0.0007483314773547889,0.0,0.0,0.0,0.0,0.0,0.0,0.0,0.0,0.0,0.0,,,,,
4096,32,32,16,2,4096,1,0,3136,False,vllm_0.5.1_flash_attn,0.002,0.002,0.002,0.002,0.0,0.017,0.017,0.017,0.017,0.0,0.0,0.0,0.0,0.0,0.0,0.0,0.0,0.0,0.0,0.0,,,,,
4096,32,32,16,2,4096,2,0,3136,False,vllm_0.5.1_flash_attn,0.002,0.002,0.002,0.002,0.0,0.027,0.028,0.027200000000000002,0.027,0.00040000000000000034,0.0,0.0,0.0,0.0,0.0,0.0,0.0,0.0,0.0,0.0,,,,,
4096,32,32,16,2,4096,3,0,3136,False,vllm_0.5.1_flash_attn,0.002,0.002,0.002,0.002,0.0,0.035,0.036000000000000004,0.0352,0.035,0.00040000000000000034,0.0,0.0,0.0,0.0,0.0,0.0,0.0,0.0,0.0,0.0,,,,,
4096,32,32,16,2,4096,4,0,3136,False,vllm_0.5.1_flash_attn,0.002,0.002,0.002,0.002,0.0,0.043000000000000003,0.044,0.0434,0.043000000000000003,0.0004898979485566326,0.0,0.0,0.0,0.0,0.0,0.0,0.0,0.0,0.0,0.0,,,,,
4096,32,32,16,2,4096,5,0,3136,False,vllm_0.5.1_flash_attn,0.002,0.002,0.002,0.002,0.0,0.05,0.051000000000000004,0.0508,0.051000000000000004,0.00040000000000000034,0.0,0.0,0.0,0.0,0.0,0.0,0.0,0.0,0.0,0.0,,,,,
4096,32,32,16,2,4096,6,0,3136,False,vllm_0.5.1_flash_attn,0.002,0.002,0.002,0.002,0.0,0.062,0.064,0.0632,0.063,0.0007483314773547889,0.0,0.0,0.0,0.0,0.0,0.0,0.0,0.0,0.0,0.0,,,,,
4096,32,32,16,2,4096,7,0,3136,False,vllm_0.5.1_flash_attn,0.002,0.002,0.002,0.002,0.0,0.067,0.068,0.06760000000000001,0.068,0.000489897948556636,0.0,0.0,0.0,0.0,0.0,0.0,0.0,0.0,0.0,0.0,,,,,
4096,32,32,16,2,4096,8,0,3136,False,vllm_0.5.1_flash_attn,0.002,0.002,0.002,0.002,0.0,0.075,0.076,0.0752,0.075,0.00040000000000000034,0.0,0.0,0.0,0.0,0.0,0.0,0.0,0.0,0.0,0.0,,,,,
4096,32,32,16,2,4096,1,0,3200,False,vllm_0.5.1_flash_attn,0.002,0.002,0.002,0.002,0.0,0.016,0.017,0.016800000000000002,0.017,0.00040000000000000034,0.0,0.0,0.0,0.0,0.0,0.0,0.0,0.0,0.0,0.0,,,,,
4096,32,32,16,2,4096,2,0,3200,False,vllm_0.5.1_flash_attn,0.002,0.002,0.002,0.002,0.0,0.029,0.029,0.029000000000000005,0.029,0.0,0.0,0.0,0.0,0.0,0.0,0.0,0.0,0.0,0.0,0.0,,,,,
4096,32,32,16,2,4096,3,0,3200,False,vllm_0.5.1_flash_attn,0.002,0.002,0.002,0.002,0.0,0.036000000000000004,0.037,0.0364,0.036000000000000004,0.0004898979485566326,0.0,0.0,0.0,0.0,0.0,0.0,0.0,0.0,0.0,0.0,,,,,
4096,32,32,16,2,4096,4,0,3200,False,vllm_0.5.1_flash_attn,0.002,0.002,0.002,0.002,0.0,0.043000000000000003,0.044,0.0438,0.044,0.0003999999999999976,0.0,0.0,0.0,0.0,0.0,0.0,0.0,0.0,0.0,0.0,,,,,
4096,32,32,16,2,4096,5,0,3200,False,vllm_0.5.1_flash_attn,0.002,0.002,0.002,0.002,0.0,0.051000000000000004,0.052000000000000005,0.0514,0.051000000000000004,0.000489897948556636,0.0,0.0,0.0,0.0,0.0,0.0,0.0,0.0,0.0,0.0,,,,,
4096,32,32,16,2,4096,6,0,3200,False,vllm_0.5.1_flash_attn,0.002,0.002,0.002,0.002,0.0,0.066,0.068,0.0668,0.067,0.0007483314773547889,0.0,0.0,0.0,0.0,0.0,0.0,0.0,0.0,0.0,0.0,,,,,
4096,32,32,16,2,4096,7,0,3200,False,vllm_0.5.1_flash_attn,0.002,0.002,0.002,0.002,0.0,0.067,0.069,0.0678,0.068,0.0007483314773547889,0.0,0.0,0.0,0.0,0.0,0.0,0.0,0.0,0.0,0.0,,,,,
4096,32,32,16,2,4096,8,0,3200,False,vllm_0.5.1_flash_attn,0.002,0.002,0.002,0.002,0.0,0.075,0.076,0.0758,0.076,0.00040000000000000034,0.0,0.0,0.0,0.0,0.0,0.0,0.0,0.0,0.0,0.0,,,,,
4096,32,32,16,2,4096,1,0,3264,False,vllm_0.5.1_flash_attn,0.002,0.002,0.002,0.002,0.0,0.017,0.018000000000000002,0.0172,0.017,0.00040000000000000034,0.0,0.0,0.0,0.0,0.0,0.0,0.0,0.0,0.0,0.0,,,,,
4096,32,32,16,2,4096,2,0,3264,False,vllm_0.5.1_flash_attn,0.002,0.002,0.002,0.002,0.0,0.029,0.029,0.029000000000000005,0.029,0.0,0.0,0.0,0.0,0.0,0.0,0.0,0.0,0.0,0.0,0.0,,,,,
4096,32,32,16,2,4096,3,0,3264,False,vllm_0.5.1_flash_attn,0.002,0.002,0.002,0.002,0.0,0.037,0.037,0.037,0.037,0.0,0.0,0.0,0.0,0.0,0.0,0.0,0.0,0.0,0.0,0.0,,,,,
4096,32,32,16,2,4096,4,0,3264,False,vllm_0.5.1_flash_attn,0.002,0.002,0.002,0.002,0.0,0.044,0.044,0.044,0.044,0.0,0.0,0.0,0.0,0.0,0.0,0.0,0.0,0.0,0.0,0.0,,,,,
4096,32,32,16,2,4096,5,0,3264,False,vllm_0.5.1_flash_attn,0.002,0.002,0.002,0.002,0.0,0.052000000000000005,0.053,0.0524,0.052000000000000005,0.0004898979485566326,0.0,0.0,0.0,0.0,0.0,0.0,0.0,0.0,0.0,0.0,,,,,
4096,32,32,16,2,4096,6,0,3264,False,vllm_0.5.1_flash_attn,0.002,0.002,0.002,0.002,0.0,0.067,0.068,0.06760000000000001,0.068,0.000489897948556636,0.0,0.0,0.0,0.0,0.0,0.0,0.0,0.0,0.0,0.0,,,,,
4096,32,32,16,2,4096,7,0,3264,False,vllm_0.5.1_flash_attn,0.002,0.002,0.002,0.002,0.0,0.068,0.07,0.069,0.069,0.0006324555320336764,0.0,0.0,0.0,0.0,0.0,0.0,0.0,0.0,0.0,0.0,,,,,
4096,32,32,16,2,4096,8,0,3264,False,vllm_0.5.1_flash_attn,0.002,0.002,0.002,0.002,0.0,0.076,0.078,0.07680000000000001,0.077,0.0007483314773547889,0.0,0.0,0.0,0.0,0.0,0.0,0.0,0.0,0.0,0.0,,,,,
4096,32,32,16,2,4096,1,0,3328,False,vllm_0.5.1_flash_attn,0.002,0.002,0.002,0.002,0.0,0.017,0.017,0.017,0.017,0.0,0.0,0.0,0.0,0.0,0.0,0.0,0.0,0.0,0.0,0.0,,,,,
4096,32,32,16,2,4096,2,0,3328,False,vllm_0.5.1_flash_attn,0.002,0.002,0.002,0.002,0.0,0.029,0.03,0.029200000000000004,0.029,0.000399999999999999,0.0,0.0,0.0,0.0,0.0,0.0,0.0,0.0,0.0,0.0,,,,,
4096,32,32,16,2,4096,3,0,3328,False,vllm_0.5.1_flash_attn,0.002,0.002,0.002,0.002,0.0,0.037,0.038,0.0372,0.037,0.00040000000000000034,0.0,0.0,0.0,0.0,0.0,0.0,0.0,0.0,0.0,0.0,,,,,
4096,32,32,16,2,4096,4,0,3328,False,vllm_0.5.1_flash_attn,0.002,0.002,0.002,0.002,0.0,0.044,0.045,0.044199999999999996,0.044,0.00040000000000000034,0.0,0.0,0.0,0.0,0.0,0.0,0.0,0.0,0.0,0.0,,,,,
4096,32,32,16,2,4096,5,0,3328,False,vllm_0.5.1_flash_attn,0.002,0.002,0.002,0.002,0.0,0.053,0.053,0.053000000000000005,0.053,0.0,0.0,0.0,0.0,0.0,0.0,0.0,0.0,0.0,0.0,0.0,,,,,
4096,32,32,16,2,4096,6,0,3328,False,vllm_0.5.1_flash_attn,0.002,0.002,0.002,0.002,0.0,0.067,0.068,0.06760000000000001,0.068,0.000489897948556636,0.0,0.0,0.0,0.0,0.0,0.0,0.0,0.0,0.0,0.0,,,,,
4096,32,32,16,2,4096,7,0,3328,False,vllm_0.5.1_flash_attn,0.002,0.002,0.002,0.002,0.0,0.07100000000000001,0.07200000000000001,0.07160000000000001,0.07200000000000001,0.000489897948556636,0.0,0.0,0.0,0.0,0.0,0.0,0.0,0.0,0.0,0.0,,,,,
4096,32,32,16,2,4096,8,0,3328,False,vllm_0.5.1_flash_attn,0.002,0.002,0.002,0.002,0.0,0.079,0.08,0.0796,0.08,0.000489897948556636,0.0,0.0,0.0,0.0,0.0,0.0,0.0,0.0,0.0,0.0,,,,,
4096,32,32,16,2,4096,1,0,3392,False,vllm_0.5.1_flash_attn,0.002,0.002,0.002,0.002,0.0,0.017,0.018000000000000002,0.0172,0.017,0.00040000000000000034,0.0,0.0,0.0,0.0,0.0,0.0,0.0,0.0,0.0,0.0,,,,,
4096,32,32,16,2,4096,2,0,3392,False,vllm_0.5.1_flash_attn,0.002,0.002,0.002,0.002,0.0,0.029,0.03,0.0294,0.029,0.0004898979485566344,0.0,0.0,0.0,0.0,0.0,0.0,0.0,0.0,0.0,0.0,,,,,
4096,32,32,16,2,4096,3,0,3392,False,vllm_0.5.1_flash_attn,0.002,0.002,0.002,0.002,0.0,0.037,0.039,0.0376,0.037,0.0008000000000000007,0.0,0.0,0.0,0.0,0.0,0.0,0.0,0.0,0.0,0.0,,,,,
4096,32,32,16,2,4096,4,0,3392,False,vllm_0.5.1_flash_attn,0.002,0.002,0.002,0.002,0.0,0.044,0.045,0.04479999999999999,0.045,0.00040000000000000034,0.0,0.0,0.0,0.0,0.0,0.0,0.0,0.0,0.0,0.0,,,,,
4096,32,32,16,2,4096,5,0,3392,False,vllm_0.5.1_flash_attn,0.002,0.002,0.002,0.002,0.0,0.053,0.054,0.0536,0.054,0.000489897948556636,0.0,0.0,0.0,0.0,0.0,0.0,0.0,0.0,0.0,0.0,,,,,
4096,32,32,16,2,4096,6,0,3392,False,vllm_0.5.1_flash_attn,0.002,0.002,0.002,0.002,0.0,0.069,0.07,0.06920000000000001,0.069,0.00040000000000000034,0.0,0.0,0.0,0.0,0.0,0.0,0.0,0.0,0.0,0.0,,,,,
4096,32,32,16,2,4096,7,0,3392,False,vllm_0.5.1_flash_attn,0.002,0.002,0.002,0.002,0.0,0.07100000000000001,0.074,0.0726,0.073,0.001019803902718552,0.0,0.0,0.0,0.0,0.0,0.0,0.0,0.0,0.0,0.0,,,,,
4096,32,32,16,2,4096,8,0,3392,False,vllm_0.5.1_flash_attn,0.002,0.002,0.002,0.002,0.0,0.08,0.081,0.0804,0.08,0.000489897948556636,0.0,0.0,0.0,0.0,0.0,0.0,0.0,0.0,0.0,0.0,,,,,
4096,32,32,16,2,4096,1,0,3456,False,vllm_0.5.1_flash_attn,0.002,0.002,0.002,0.002,0.0,0.017,0.017,0.017,0.017,0.0,0.0,0.0,0.0,0.0,0.0,0.0,0.0,0.0,0.0,0.0,,,,,
4096,32,32,16,2,4096,2,0,3456,False,vllm_0.5.1_flash_attn,0.002,0.002,0.002,0.002,0.0,0.029,0.03,0.0298,0.03,0.000399999999999999,0.0,0.0,0.0,0.0,0.0,0.0,0.0,0.0,0.0,0.0,,,,,
4096,32,32,16,2,4096,3,0,3456,False,vllm_0.5.1_flash_attn,0.002,0.002,0.002,0.002,0.0,0.038,0.038,0.038,0.038,0.0,0.0,0.0,0.0,0.0,0.0,0.0,0.0,0.0,0.0,0.0,,,,,
4096,32,32,16,2,4096,4,0,3456,False,vllm_0.5.1_flash_attn,0.002,0.002,0.002,0.002,0.0,0.045,0.046,0.045399999999999996,0.045,0.000489897948556636,0.0,0.0,0.0,0.0,0.0,0.0,0.0,0.0,0.0,0.0,,,,,
4096,32,32,16,2,4096,5,0,3456,False,vllm_0.5.1_flash_attn,0.002,0.002,0.002,0.002,0.0,0.055,0.056,0.055400000000000005,0.055,0.000489897948556636,0.0,0.0,0.0,0.0,0.0,0.0,0.0,0.0,0.0,0.0,,,,,
4096,32,32,16,2,4096,6,0,3456,False,vllm_0.5.1_flash_attn,0.002,0.002,0.002,0.002,0.0,0.068,0.069,0.0684,0.068,0.000489897948556636,0.0,0.0,0.0,0.0,0.0,0.0,0.0,0.0,0.0,0.0,,,,,
4096,32,32,16,2,4096,7,0,3456,False,vllm_0.5.1_flash_attn,0.002,0.002,0.002,0.002,0.0,0.07100000000000001,0.073,0.0722,0.07200000000000001,0.000748331477354783,0.0,0.0,0.0,0.0,0.0,0.0,0.0,0.0,0.0,0.0,,,,,
4096,32,32,16,2,4096,8,0,3456,False,vllm_0.5.1_flash_attn,0.002,0.002,0.002,0.002,0.0,0.081,0.083,0.08180000000000001,0.082,0.0007483314773547889,0.0,0.0,0.0,0.0,0.0,0.0,0.0,0.0,0.0,0.0,,,,,
4096,32,32,16,2,4096,1,0,3520,False,vllm_0.5.1_flash_attn,0.002,0.002,0.002,0.002,0.0,0.017,0.017,0.017,0.017,0.0,0.0,0.0,0.0,0.0,0.0,0.0,0.0,0.0,0.0,0.0,,,,,
4096,32,32,16,2,4096,2,0,3520,False,vllm_0.5.1_flash_attn,0.002,0.002,0.002,0.002,0.0,0.03,0.03,0.03,0.03,0.0,0.0,0.0,0.0,0.0,0.0,0.0,0.0,0.0,0.0,0.0,,,,,
4096,32,32,16,2,4096,3,0,3520,False,vllm_0.5.1_flash_attn,0.002,0.002,0.002,0.002,0.0,0.038,0.039,0.0388,0.039,0.00040000000000000034,0.0,0.0,0.0,0.0,0.0,0.0,0.0,0.0,0.0,0.0,,,,,
4096,32,32,16,2,4096,4,0,3520,False,vllm_0.5.1_flash_attn,0.002,0.002,0.002,0.002,0.0,0.045,0.047,0.045799999999999993,0.046,0.0007483314773547889,0.0,0.0,0.0,0.0,0.0,0.0,0.0,0.0,0.0,0.0,,,,,
4096,32,32,16,2,4096,5,0,3520,False,vllm_0.5.1_flash_attn,0.002,0.002,0.002,0.002,0.0,0.054,0.057,0.055400000000000005,0.055,0.001019803902718558,0.0,0.0,0.0,0.0,0.0,0.0,0.0,0.0,0.0,0.0,,,,,
4096,32,32,16,2,4096,6,0,3520,False,vllm_0.5.1_flash_attn,0.002,0.002,0.002,0.002,0.0,0.069,0.07100000000000001,0.07,0.07,0.0008944271909999167,0.0,0.0,0.0,0.0,0.0,0.0,0.0,0.0,0.0,0.0,,,,,
4096,32,32,16,2,4096,7,0,3520,False,vllm_0.5.1_flash_attn,0.002,0.002,0.002,0.002,0.0,0.073,0.074,0.0738,0.074,0.00040000000000000034,0.0,0.0,0.0,0.0,0.0,0.0,0.0,0.0,0.0,0.0,,,,,
4096,32,32,16,2,4096,8,0,3520,False,vllm_0.5.1_flash_attn,0.002,0.002,0.002,0.002,0.0,0.081,0.082,0.0816,0.082,0.000489897948556636,0.0,0.0,0.0,0.0,0.0,0.0,0.0,0.0,0.0,0.0,,,,,
4096,32,32,16,2,4096,1,0,3584,False,vllm_0.5.1_flash_attn,0.002,0.002,0.002,0.002,0.0,0.017,0.018000000000000002,0.0172,0.017,0.00040000000000000034,0.0,0.0,0.0,0.0,0.0,0.0,0.0,0.0,0.0,0.0,,,,,
4096,32,32,16,2,4096,2,0,3584,False,vllm_0.5.1_flash_attn,0.002,0.002,0.002,0.002,0.0,0.029,0.031,0.0298,0.03,0.0007483314773547874,0.0,0.0,0.0,0.0,0.0,0.0,0.0,0.0,0.0,0.0,,,,,
4096,32,32,16,2,4096,3,0,3584,False,vllm_0.5.1_flash_attn,0.002,0.002,0.002,0.002,0.0,0.038,0.039,0.0386,0.039,0.000489897948556636,0.0,0.0,0.0,0.0,0.0,0.0,0.0,0.0,0.0,0.0,,,,,
4096,32,32,16,2,4096,4,0,3584,False,vllm_0.5.1_flash_attn,0.002,0.002,0.002,0.002,0.0,0.046,0.048,0.047,0.047,0.0006324555320336764,0.0,0.0,0.0,0.0,0.0,0.0,0.0,0.0,0.0,0.0,,,,,
4096,32,32,16,2,4096,5,0,3584,False,vllm_0.5.1_flash_attn,0.002,0.002,0.002,0.002,0.0,0.056,0.057,0.056600000000000004,0.057,0.000489897948556636,0.0,0.0,0.0,0.0,0.0,0.0,0.0,0.0,0.0,0.0,,,,,
4096,32,32,16,2,4096,6,0,3584,False,vllm_0.5.1_flash_attn,0.002,0.002,0.002,0.002,0.0,0.07,0.07100000000000001,0.0704,0.07,0.000489897948556636,0.0,0.0,0.0,0.0,0.0,0.0,0.0,0.0,0.0,0.0,,,,,
4096,32,32,16,2,4096,7,0,3584,False,vllm_0.5.1_flash_attn,0.002,0.002,0.002,0.002,0.0,0.076,0.077,0.0764,0.076,0.000489897948556636,0.0,0.0,0.0,0.0,0.0,0.0,0.0,0.0,0.0,0.0,,,,,
4096,32,32,16,2,4096,8,0,3584,False,vllm_0.5.1_flash_attn,0.002,0.002,0.002,0.002,0.0,0.085,0.08600000000000001,0.0854,0.085,0.000489897948556636,0.0,0.0,0.0,0.0,0.0,0.0,0.0,0.0,0.0,0.0,,,,,
4096,32,32,16,2,4096,1,0,3648,False,vllm_0.5.1_flash_attn,0.002,0.002,0.002,0.002,0.0,0.017,0.018000000000000002,0.0172,0.017,0.00040000000000000034,0.0,0.0,0.0,0.0,0.0,0.0,0.0,0.0,0.0,0.0,,,,,
4096,32,32,16,2,4096,2,0,3648,False,vllm_0.5.1_flash_attn,0.002,0.002,0.002,0.002,0.0,0.029,0.03,0.029599999999999998,0.03,0.0004898979485566344,0.0,0.0,0.0,0.0,0.0,0.0,0.0,0.0,0.0,0.0,,,,,
4096,32,32,16,2,4096,3,0,3648,False,vllm_0.5.1_flash_attn,0.002,0.002,0.002,0.002,0.0,0.039,0.04,0.0396,0.04,0.000489897948556636,0.0,0.0,0.0,0.0,0.0,0.0,0.0,0.0,0.0,0.0,,,,,
4096,32,32,16,2,4096,4,0,3648,False,vllm_0.5.1_flash_attn,0.002,0.002,0.002,0.002,0.0,0.047,0.049,0.0482,0.048,0.0007483314773547889,0.0,0.0,0.0,0.0,0.0,0.0,0.0,0.0,0.0,0.0,,,,,
4096,32,32,16,2,4096,5,0,3648,False,vllm_0.5.1_flash_attn,0.002,0.002,0.002,0.002,0.0,0.056,0.059000000000000004,0.056600000000000004,0.056,0.001200000000000001,0.0,0.0,0.0,0.0,0.0,0.0,0.0,0.0,0.0,0.0,,,,,
4096,32,32,16,2,4096,6,0,3648,False,vllm_0.5.1_flash_attn,0.002,0.002,0.002,0.002,0.0,0.07,0.07200000000000001,0.07120000000000001,0.07100000000000001,0.0007483314773547889,0.0,0.0,0.0,0.0,0.0,0.0,0.0,0.0,0.0,0.0,,,,,
4096,32,32,16,2,4096,7,0,3648,False,vllm_0.5.1_flash_attn,0.002,0.002,0.002,0.002,0.0,0.076,0.077,0.0766,0.077,0.000489897948556636,0.0,0.0,0.0,0.0,0.0,0.0,0.0,0.0,0.0,0.0,,,,,
4096,32,32,16,2,4096,8,0,3648,False,vllm_0.5.1_flash_attn,0.002,0.002,0.002,0.002,0.0,0.084,0.08600000000000001,0.085,0.085,0.0006324555320336764,0.0,0.0,0.0,0.0,0.0,0.0,0.0,0.0,0.0,0.0,,,,,
4096,32,32,16,2,4096,1,0,3712,False,vllm_0.5.1_flash_attn,0.002,0.002,0.002,0.002,0.0,0.017,0.017,0.017,0.017,0.0,0.0,0.0,0.0,0.0,0.0,0.0,0.0,0.0,0.0,0.0,,,,,
4096,32,32,16,2,4096,2,0,3712,False,vllm_0.5.1_flash_attn,0.002,0.002,0.002,0.002,0.0,0.03,0.031,0.0304,0.03,0.000489897948556636,0.0,0.0,0.0,0.0,0.0,0.0,0.0,0.0,0.0,0.0,,,,,
4096,32,32,16,2,4096,3,0,3712,False,vllm_0.5.1_flash_attn,0.002,0.002,0.002,0.002,0.0,0.04,0.04,0.04,0.04,0.0,0.0,0.0,0.0,0.0,0.0,0.0,0.0,0.0,0.0,0.0,,,,,
4096,32,32,16,2,4096,4,0,3712,False,vllm_0.5.1_flash_attn,0.002,0.002,0.002,0.002,0.0,0.049,0.049,0.049,0.049,0.0,0.0,0.0,0.0,0.0,0.0,0.0,0.0,0.0,0.0,0.0,,,,,
4096,32,32,16,2,4096,5,0,3712,False,vllm_0.5.1_flash_attn,0.002,0.002,0.002,0.002,0.0,0.057,0.058,0.057600000000000005,0.058,0.000489897948556636,0.0,0.0,0.0,0.0,0.0,0.0,0.0,0.0,0.0,0.0,,,,,
4096,32,32,16,2,4096,6,0,3712,False,vllm_0.5.1_flash_attn,0.002,0.002,0.002,0.002,0.0,0.07100000000000001,0.07200000000000001,0.07160000000000001,0.07200000000000001,0.000489897948556636,0.0,0.0,0.0,0.0,0.0,0.0,0.0,0.0,0.0,0.0,,,,,
4096,32,32,16,2,4096,7,0,3712,False,vllm_0.5.1_flash_attn,0.002,0.002,0.002,0.002,0.0,0.076,0.077,0.0764,0.076,0.000489897948556636,0.0,0.0,0.0,0.0,0.0,0.0,0.0,0.0,0.0,0.0,,,,,
4096,32,32,16,2,4096,8,0,3712,False,vllm_0.5.1_flash_attn,0.002,0.002,0.002,0.002,0.0,0.08600000000000001,0.08700000000000001,0.08620000000000001,0.08600000000000001,0.00040000000000000034,0.0,0.0,0.0,0.0,0.0,0.0,0.0,0.0,0.0,0.0,,,,,
4096,32,32,16,2,4096,1,0,3776,False,vllm_0.5.1_flash_attn,0.002,0.002,0.002,0.002,0.0,0.017,0.018000000000000002,0.0172,0.017,0.00040000000000000034,0.0,0.0,0.0,0.0,0.0,0.0,0.0,0.0,0.0,0.0,,,,,
4096,32,32,16,2,4096,2,0,3776,False,vllm_0.5.1_flash_attn,0.002,0.002,0.002,0.002,0.0,0.029,0.031,0.03,0.03,0.0006324555320336753,0.0,0.0,0.0,0.0,0.0,0.0,0.0,0.0,0.0,0.0,,,,,
4096,32,32,16,2,4096,3,0,3776,False,vllm_0.5.1_flash_attn,0.002,0.002,0.002,0.002,0.0,0.04,0.041,0.040400000000000005,0.04,0.000489897948556636,0.0,0.0,0.0,0.0,0.0,0.0,0.0,0.0,0.0,0.0,,,,,
4096,32,32,16,2,4096,4,0,3776,False,vllm_0.5.1_flash_attn,0.002,0.002,0.002,0.002,0.0,0.048,0.05,0.0496,0.05,0.0008000000000000007,0.0,0.0,0.0,0.0,0.0,0.0,0.0,0.0,0.0,0.0,,,,,
4096,32,32,16,2,4096,5,0,3776,False,vllm_0.5.1_flash_attn,0.002,0.002,0.002,0.002,0.0,0.058,0.06,0.058600000000000006,0.058,0.0007999999999999983,0.0,0.0,0.0,0.0,0.0,0.0,0.0,0.0,0.0,0.0,,,,,
4096,32,32,16,2,4096,6,0,3776,False,vllm_0.5.1_flash_attn,0.002,0.002,0.002,0.002,0.0,0.07200000000000001,0.074,0.073,0.073,0.0006324555320336721,0.0,0.0,0.0,0.0,0.0,0.0,0.0,0.0,0.0,0.0,,,,,
4096,32,32,16,2,4096,7,0,3776,False,vllm_0.5.1_flash_attn,0.002,0.002,0.002,0.002,0.0,0.078,0.079,0.0784,0.078,0.000489897948556636,0.0,0.0,0.0,0.0,0.0,0.0,0.0,0.0,0.0,0.0,,,,,
4096,32,32,16,2,4096,8,0,3776,False,vllm_0.5.1_flash_attn,0.002,0.002,0.002,0.002,0.0,0.08600000000000001,0.088,0.0872,0.08700000000000001,0.000748331477354783,0.0,0.0,0.0,0.0,0.0,0.0,0.0,0.0,0.0,0.0,,,,,
4096,32,32,16,2,4096,1,0,3840,False,vllm_0.5.1_flash_attn,0.002,0.002,0.002,0.002,0.0,0.018000000000000002,0.019,0.0184,0.018000000000000002,0.0004898979485566344,0.0,0.0,0.0,0.0,0.0,0.0,0.0,0.0,0.0,0.0,,,,,
4096,32,32,16,2,4096,2,0,3840,False,vllm_0.5.1_flash_attn,0.002,0.002,0.002,0.002,0.0,0.031,0.032,0.0314,0.031,0.000489897948556636,0.0,0.0,0.0,0.0,0.0,0.0,0.0,0.0,0.0,0.0,,,,,
4096,32,32,16,2,4096,3,0,3840,False,vllm_0.5.1_flash_attn,0.002,0.002,0.002,0.002,0.0,0.041,0.042,0.041400000000000006,0.041,0.000489897948556636,0.0,0.0,0.0,0.0,0.0,0.0,0.0,0.0,0.0,0.0,,,,,
4096,32,32,16,2,4096,4,0,3840,False,vllm_0.5.1_flash_attn,0.002,0.002,0.002,0.002,0.0,0.049,0.05,0.0494,0.049,0.000489897948556636,0.0,0.0,0.0,0.0,0.0,0.0,0.0,0.0,0.0,0.0,,,,,
4096,32,32,16,2,4096,5,0,3840,False,vllm_0.5.1_flash_attn,0.002,0.002,0.002,0.002,0.0,0.06,0.061,0.060399999999999995,0.06,0.000489897948556636,0.0,0.0,0.0,0.0,0.0,0.0,0.0,0.0,0.0,0.0,,,,,
4096,32,32,16,2,4096,6,0,3840,False,vllm_0.5.1_flash_attn,0.002,0.002,0.002,0.002,0.0,0.075,0.076,0.0758,0.076,0.00040000000000000034,0.0,0.0,0.0,0.0,0.0,0.0,0.0,0.0,0.0,0.0,,,,,
4096,32,32,16,2,4096,7,0,3840,False,vllm_0.5.1_flash_attn,0.002,0.002,0.002,0.002,0.0,0.081,0.081,0.081,0.081,0.0,0.0,0.0,0.0,0.0,0.0,0.0,0.0,0.0,0.0,0.0,,,,,
4096,32,32,16,2,4096,8,0,3840,False,vllm_0.5.1_flash_attn,0.002,0.002,0.002,0.002,0.0,0.09,0.09,0.09,0.09,0.0,0.0,0.0,0.0,0.0,0.0,0.0,0.0,0.0,0.0,0.0,,,,,
4096,32,32,16,2,4096,1,0,3904,False,vllm_0.5.1_flash_attn,0.002,0.002,0.002,0.002,0.0,0.018000000000000002,0.019,0.0186,0.019,0.0004898979485566344,0.0,0.0,0.0,0.0,0.0,0.0,0.0,0.0,0.0,0.0,,,,,
4096,32,32,16,2,4096,2,0,3904,False,vllm_0.5.1_flash_attn,0.002,0.002,0.002,0.002,0.0,0.031,0.032,0.0316,0.032,0.000489897948556636,0.0,0.0,0.0,0.0,0.0,0.0,0.0,0.0,0.0,0.0,,,,,
4096,32,32,16,2,4096,3,0,3904,False,vllm_0.5.1_flash_attn,0.002,0.002,0.002,0.002,0.0,0.041,0.042,0.041800000000000004,0.042,0.00040000000000000034,0.0,0.0,0.0,0.0,0.0,0.0,0.0,0.0,0.0,0.0,,,,,
4096,32,32,16,2,4096,4,0,3904,False,vllm_0.5.1_flash_attn,0.002,0.002,0.002,0.002,0.0,0.05,0.051000000000000004,0.0502,0.05,0.00040000000000000034,0.0,0.0,0.0,0.0,0.0,0.0,0.0,0.0,0.0,0.0,,,,,
4096,32,32,16,2,4096,5,0,3904,False,vllm_0.5.1_flash_attn,0.002,0.002,0.002,0.002,0.0,0.059000000000000004,0.062,0.0606,0.061,0.0010198039027185556,0.0,0.0,0.0,0.0,0.0,0.0,0.0,0.0,0.0,0.0,,,,,
4096,32,32,16,2,4096,6,0,3904,False,vllm_0.5.1_flash_attn,0.002,0.002,0.002,0.002,0.0,0.077,0.078,0.07780000000000001,0.078,0.00040000000000000034,0.0,0.0,0.0,0.0,0.0,0.0,0.0,0.0,0.0,0.0,,,,,
4096,32,32,16,2,4096,7,0,3904,False,vllm_0.5.1_flash_attn,0.002,0.002,0.002,0.002,0.0,0.081,0.083,0.08220000000000001,0.082,0.0007483314773547889,0.0,0.0,0.0,0.0,0.0,0.0,0.0,0.0,0.0,0.0,,,,,
4096,32,32,16,2,4096,8,0,3904,False,vllm_0.5.1_flash_attn,0.002,0.002,0.002,0.002,0.0,0.089,0.091,0.09,0.09,0.0006324555320336764,0.0,0.0,0.0,0.0,0.0,0.0,0.0,0.0,0.0,0.0,,,,,
4096,32,32,16,2,4096,1,0,3968,False,vllm_0.5.1_flash_attn,0.002,0.002,0.002,0.002,0.0,0.018000000000000002,0.025,0.0196,0.018000000000000002,0.002727636339397171,0.0,0.0,0.0,0.0,0.0,0.0,0.0,0.0,0.0,0.0,,,,,
4096,32,32,16,2,4096,2,0,3968,False,vllm_0.5.1_flash_attn,0.002,0.002,0.002,0.002,0.0,0.031,0.035,0.0324,0.032,0.001356465996625055,0.0,0.0,0.0,0.0,0.0,0.0,0.0,0.0,0.0,0.0,,,,,
4096,32,32,16,2,4096,3,0,3968,False,vllm_0.5.1_flash_attn,0.002,0.002,0.002,0.002,0.0,0.042,0.043000000000000003,0.04240000000000001,0.042,0.000489897948556636,0.0,0.0,0.0,0.0,0.0,0.0,0.0,0.0,0.0,0.0,,,,,
4096,32,32,16,2,4096,4,0,3968,False,vllm_0.5.1_flash_attn,0.002,0.002,0.002,0.002,0.0,0.05,0.052000000000000005,0.051000000000000004,0.051000000000000004,0.0008944271909999167,0.0,0.0,0.0,0.0,0.0,0.0,0.0,0.0,0.0,0.0,,,,,
4096,32,32,16,2,4096,5,0,3968,False,vllm_0.5.1_flash_attn,0.002,0.002,0.002,0.002,0.0,0.061,0.062,0.061399999999999996,0.061,0.000489897948556636,0.0,0.0,0.0,0.0,0.0,0.0,0.0,0.0,0.0,0.0,,,,,
4096,32,32,16,2,4096,6,0,3968,False,vllm_0.5.1_flash_attn,0.002,0.002,0.002,0.002,0.0,0.077,0.078,0.0772,0.077,0.00040000000000000034,0.0,0.0,0.0,0.0,0.0,0.0,0.0,0.0,0.0,0.0,,,,,
4096,32,32,16,2,4096,7,0,3968,False,vllm_0.5.1_flash_attn,0.002,0.002,0.002,0.002,0.0,0.081,0.083,0.0824,0.083,0.0008000000000000007,0.0,0.0,0.0,0.0,0.0,0.0,0.0,0.0,0.0,0.0,,,,,
4096,32,32,16,2,4096,8,0,3968,False,vllm_0.5.1_flash_attn,0.002,0.002,0.002,0.002,0.0,0.091,0.092,0.09159999999999999,0.092,0.000489897948556636,0.0,0.0,0.0,0.0,0.0,0.0,0.0,0.0,0.0,0.0,,,,,
4096,32,32,16,2,4096,1,0,4032,False,vllm_0.5.1_flash_attn,0.002,0.002,0.002,0.002,0.0,0.018000000000000002,0.018000000000000002,0.018000000000000002,0.018000000000000002,0.0,0.0,0.0,0.0,0.0,0.0,0.0,0.0,0.0,0.0,0.0,,,,,
4096,32,32,16,2,4096,2,0,4032,False,vllm_0.5.1_flash_attn,0.002,0.002,0.002,0.002,0.0,0.032,0.033,0.0322,0.032,0.00040000000000000034,0.0,0.0,0.0,0.0,0.0,0.0,0.0,0.0,0.0,0.0,,,,,
4096,32,32,16,2,4096,3,0,4032,False,vllm_0.5.1_flash_attn,0.002,0.002,0.002,0.002,0.0,0.042,0.043000000000000003,0.0422,0.042,0.00040000000000000034,0.0,0.0,0.0,0.0,0.0,0.0,0.0,0.0,0.0,0.0,,,,,
4096,32,32,16,2,4096,4,0,4032,False,vllm_0.5.1_flash_attn,0.002,0.002,0.002,0.002,0.0,0.05,0.052000000000000005,0.0512,0.051000000000000004,0.0007483314773547889,0.0,0.0,0.0,0.0,0.0,0.0,0.0,0.0,0.0,0.0,,,,,
4096,32,32,16,2,4096,5,0,4032,False,vllm_0.5.1_flash_attn,0.002,0.002,0.002,0.002,0.0,0.062,0.063,0.0624,0.062,0.000489897948556636,0.0,0.0,0.0,0.0,0.0,0.0,0.0,0.0,0.0,0.0,,,,,
4096,32,32,16,2,4096,6,0,4032,False,vllm_0.5.1_flash_attn,0.002,0.002,0.002,0.002,0.0,0.077,0.079,0.0784,0.079,0.0008000000000000007,0.0,0.0,0.0,0.0,0.0,0.0,0.0,0.0,0.0,0.0,,,,,
4096,32,32,16,2,4096,7,0,4032,False,vllm_0.5.1_flash_attn,0.002,0.002,0.002,0.002,0.0,0.083,0.084,0.08320000000000001,0.083,0.00040000000000000034,0.0,0.0,0.0,0.0,0.0,0.0,0.0,0.0,0.0,0.0,,,,,
4096,32,32,16,2,4096,8,0,4032,False,vllm_0.5.1_flash_attn,0.002,0.002,0.002,0.002,0.0,0.092,0.093,0.0928,0.093,0.00040000000000000034,0.0,0.0,0.0,0.0,0.0,0.0,0.0,0.0,0.0,0.0,,,,,
4096,32,32,16,2,4096,1,512,0,True,vllm_0.5.1_flash_attn,0.004,0.004,0.004,0.004,0.0,,,,,,0.0,0.0,0.0,0.0,0.0,0.0,0.0,0.0,0.0,0.0,0.019,0.019,0.019,0.019,0.0
4096,32,32,16,2,4096,1,512,512,True,vllm_0.5.1_flash_attn,0.004,0.004,0.004,0.004,0.0,,,,,,0.0,0.0,0.0,0.0,0.0,0.0,0.0,0.0,0.0,0.0,0.022,0.022,0.022,0.022,0.0
4096,32,32,16,2,4096,1,512,1024,True,vllm_0.5.1_flash_attn,0.004,0.004,0.004,0.004,0.0,,,,,,0.0,0.0,0.0,0.0,0.0,0.0,0.0,0.0,0.0,0.0,0.031,0.032,0.0316,0.032,0.000489897948556636
4096,32,32,16,2,4096,1,512,1024,True,vllm_0.5.1_flash_attn,0.004,0.004,0.004,0.004,0.0,,,,,,0.0,0.0,0.0,0.0,0.0,0.0,0.0,0.0,0.0,0.0,0.031,0.032,0.0316,0.032,0.000489897948556636
4096,32,32,16,2,4096,1,544,0,True,vllm_0.5.1_flash_attn,0.004,0.005,0.004200000000000001,0.004,0.0004,,,,,,0.0,0.0,0.0,0.0,0.0,0.0,0.0,0.0,0.0,0.0,0.02,0.02,0.02,0.02,0.0
4096,32,32,16,2,4096,1,544,512,True,vllm_0.5.1_flash_attn,0.004,0.004,0.004,0.004,0.0,,,,,,0.0,0.0,0.0,0.0,0.0,0.0,0.0,0.0,0.0,0.0,0.035,0.035,0.035,0.035,0.0
4096,32,32,16,2,4096,1,544,1024,True,vllm_0.5.1_flash_attn,0.004,0.004,0.004,0.004,0.0,,,,,,0.0,0.0,0.0,0.0,0.0,0.0,0.0,0.0,0.0,0.0,0.048,0.05,0.0492,0.049,0.0007483314773547889
4096,32,32,16,2,4096,1,544,1024,True,vllm_0.5.1_flash_attn,0.004,0.004,0.004,0.004,0.0,,,,,,0.0,0.0,0.0,0.0,0.0,0.0,0.0,0.0,0.0,0.0,0.048,0.05,0.0486,0.048,0.0008000000000000007
4096,32,32,16,2,4096,1,576,0,True,vllm_0.5.1_flash_attn,0.004,0.004,0.004,0.004,0.0,,,,,,0.0,0.0,0.0,0.0,0.0,0.0,0.0,0.0,0.0,0.0,0.021,0.021,0.021,0.021,0.0
4096,32,32,16,2,4096,1,576,512,True,vllm_0.5.1_flash_attn,0.004,0.005,0.004200000000000001,0.004,0.0004,,,,,,0.0,0.0,0.0,0.0,0.0,0.0,0.0,0.0,0.0,0.0,0.035,0.036000000000000004,0.0354,0.035,0.000489897948556636
4096,32,32,16,2,4096,1,576,1024,True,vllm_0.5.1_flash_attn,0.004,0.004,0.004,0.004,0.0,,,,,,0.0,0.0,0.0,0.0,0.0,0.0,0.0,0.0,0.0,0.0,0.048,0.051000000000000004,0.0494,0.05,0.001200000000000001
4096,32,32,16,2,4096,1,576,1024,True,vllm_0.5.1_flash_attn,0.004,0.004,0.004,0.004,0.0,,,,,,0.0,0.0,0.0,0.0,0.0,0.0,0.0,0.0,0.0,0.0,0.048,0.05,0.0494,0.05,0.0008000000000000007
4096,32,32,16,2,4096,1,608,0,True,vllm_0.5.1_flash_attn,0.004,0.005,0.0048000000000000004,0.005,0.0004,,,,,,0.0,0.0,0.0,0.0,0.0,0.0,0.0,0.0,0.0,0.0,0.022,0.022,0.022,0.022,0.0
4096,32,32,16,2,4096,1,608,512,True,vllm_0.5.1_flash_attn,0.004,0.005,0.004399999999999999,0.004,0.0004898979485566357,,,,,,0.0,0.0,0.0,0.0,0.0,0.0,0.0,0.0,0.0,0.0,0.034,0.036000000000000004,0.0352,0.035,0.0007483314773547889
4096,32,32,16,2,4096,1,608,1024,True,vllm_0.5.1_flash_attn,0.004,0.005,0.004200000000000001,0.004,0.0004,,,,,,0.0,0.0,0.0,0.0,0.0,0.0,0.0,0.0,0.0,0.0,0.049,0.05,0.0498,0.05,0.00040000000000000034
4096,32,32,16,2,4096,1,608,1024,True,vllm_0.5.1_flash_attn,0.004,0.005,0.004399999999999999,0.004,0.0004898979485566357,,,,,,0.0,0.0,0.0,0.0,0.0,0.0,0.0,0.0,0.0,0.0,0.05,0.051000000000000004,0.0502,0.05,0.00040000000000000034
4096,32,32,16,2,4096,1,640,0,True,vllm_0.5.1_flash_attn,0.004,0.005,0.0048000000000000004,0.005,0.0004,,,,,,0.0,0.0,0.0,0.0,0.0,0.0,0.0,0.0,0.0,0.0,0.022,0.023,0.022799999999999997,0.023,0.00040000000000000034
4096,32,32,16,2,4096,1,640,512,True,vllm_0.5.1_flash_attn,0.004,0.005,0.0046,0.005,0.0004898979485566357,,,,,,0.0,0.0,0.0,0.0,0.0,0.0,0.0,0.0,0.0,0.0,0.035,0.036000000000000004,0.03560000000000001,0.036000000000000004,0.000489897948556636
4096,32,32,16,2,4096,1,640,1024,True,vllm_0.5.1_flash_attn,0.004,0.005,0.0046,0.005,0.0004898979485566357,,,,,,0.0,0.0,0.0,0.0,0.0,0.0,0.0,0.0,0.0,0.0,0.05,0.051000000000000004,0.0504,0.05,0.000489897948556636
4096,32,32,16,2,4096,1,640,1024,True,vllm_0.5.1_flash_attn,0.004,0.005,0.004399999999999999,0.004,0.0004898979485566357,,,,,,0.0,0.0,0.0,0.0,0.0,0.0,0.0,0.0,0.0,0.0,0.049,0.051000000000000004,0.05,0.05,0.0006324555320336764
4096,32,32,16,2,4096,1,672,0,True,vllm_0.5.1_flash_attn,0.005,0.005,0.005,0.005,0.0,,,,,,0.0,0.0,0.0,0.0,0.0,0.0,0.0,0.0,0.0,0.0,0.024,0.024,0.024,0.024,0.0
4096,32,32,16,2,4096,1,672,512,True,vllm_0.5.1_flash_attn,0.005,0.005,0.005,0.005,0.0,,,,,,0.0,0.0,0.0,0.0,0.0,0.0,0.0,0.0,0.0,0.0,0.038,0.04,0.039,0.039,0.0006324555320336764
4096,32,32,16,2,4096,1,672,1024,True,vllm_0.5.1_flash_attn,0.005,0.005,0.005,0.005,0.0,,,,,,0.0,0.0,0.0,0.0,0.0,0.0,0.0,0.0,0.0,0.0,0.052000000000000005,0.054,0.053000000000000005,0.053,0.0006324555320336743
4096,32,32,16,2,4096,1,672,1024,True,vllm_0.5.1_flash_attn,0.005,0.005,0.005,0.005,0.0,,,,,,0.0,0.0,0.0,0.0,0.0,0.0,0.0,0.0,0.0,0.0,0.052000000000000005,0.054,0.053200000000000004,0.053,0.0007483314773547867
4096,32,32,16,2,4096,1,704,0,True,vllm_0.5.1_flash_attn,0.005,0.005,0.005,0.005,0.0,,,,,,0.0,0.0,0.0,0.0,0.0,0.0,0.0,0.0,0.0,0.0,0.024,0.024,0.024,0.024,0.0
4096,32,32,16,2,4096,1,704,512,True,vllm_0.5.1_flash_attn,0.005,0.005,0.005,0.005,0.0,,,,,,0.0,0.0,0.0,0.0,0.0,0.0,0.0,0.0,0.0,0.0,0.038,0.04,0.0392,0.039,0.0007483314773547889
4096,32,32,16,2,4096,1,704,1024,True,vllm_0.5.1_flash_attn,0.005,0.005,0.005,0.005,0.0,,,,,,0.0,0.0,0.0,0.0,0.0,0.0,0.0,0.0,0.0,0.0,0.051000000000000004,0.052000000000000005,0.0512,0.051000000000000004,0.00040000000000000034
4096,32,32,16,2,4096,1,704,1024,True,vllm_0.5.1_flash_attn,0.005,0.005,0.005,0.005,0.0,,,,,,0.0,0.0,0.0,0.0,0.0,0.0,0.0,0.0,0.0,0.0,0.052000000000000005,0.054,0.0528,0.052000000000000005,0.0009797958971132688
4096,32,32,16,2,4096,1,736,0,True,vllm_0.5.1_flash_attn,0.005,0.005,0.005,0.005,0.0,,,,,,0.0,0.0,0.0,0.0,0.0,0.0,0.0,0.0,0.0,0.0,0.026000000000000002,0.026000000000000002,0.026000000000000002,0.026000000000000002,0.0
4096,32,32,16,2,4096,1,736,512,True,vllm_0.5.1_flash_attn,0.005,0.005,0.005,0.005,0.0,,,,,,0.0,0.0,0.0,0.0,0.0,0.0,0.0,0.0,0.0,0.0,0.038,0.04,0.0388,0.039,0.0007483314773547889
4096,32,32,16,2,4096,1,736,1024,True,vllm_0.5.1_flash_attn,0.005,0.005,0.005,0.005,0.0,,,,,,0.0,0.0,0.0,0.0,0.0,0.0,0.0,0.0,0.0,0.0,0.052000000000000005,0.053,0.0526,0.053,0.0004898979485566326
4096,32,32,16,2,4096,1,736,1024,True,vllm_0.5.1_flash_attn,0.005,0.005,0.005,0.005,0.0,,,,,,0.0,0.0,0.0,0.0,0.0,0.0,0.0,0.0,0.0,0.0,0.052000000000000005,0.055,0.0538,0.054,0.001166190378969059
4096,32,32,16,2,4096,1,768,0,True,vllm_0.5.1_flash_attn,0.005,0.005,0.005,0.005,0.0,,,,,,0.0,0.0,0.0,0.0,0.0,0.0,0.0,0.0,0.0,0.0,0.026000000000000002,0.026000000000000002,0.026000000000000002,0.026000000000000002,0.0
4096,32,32,16,2,4096,1,768,512,True,vllm_0.5.1_flash_attn,0.005,0.005,0.005,0.005,0.0,,,,,,0.0,0.0,0.0,0.0,0.0,0.0,0.0,0.0,0.0,0.0,0.038,0.04,0.039400000000000004,0.04,0.0008000000000000007
4096,32,32,16,2,4096,1,768,1024,True,vllm_0.5.1_flash_attn,0.005,0.005,0.005,0.005,0.0,,,,,,0.0,0.0,0.0,0.0,0.0,0.0,0.0,0.0,0.0,0.0,0.053,0.055,0.054400000000000004,0.055,0.0008000000000000007
4096,32,32,16,2,4096,1,768,1024,True,vllm_0.5.1_flash_attn,0.005,0.005,0.005,0.005,0.0,,,,,,0.0,0.0,0.0,0.0,0.0,0.0,0.0,0.0,0.0,0.0,0.053,0.053,0.053000000000000005,0.053,0.0
4096,32,32,16,2,4096,1,800,0,True,vllm_0.5.1_flash_attn,0.005,0.006,0.005200000000000001,0.005,0.0004,,,,,,0.0,0.0,0.0,0.0,0.0,0.0,0.0,0.0,0.0,0.0,0.028,0.028,0.028000000000000004,0.028,0.0
4096,32,32,16,2,4096,1,800,512,True,vllm_0.5.1_flash_attn,0.005,0.006,0.005200000000000001,0.005,0.0004,,,,,,0.0,0.0,0.0,0.0,0.0,0.0,0.0,0.0,0.0,0.0,0.041,0.042,0.041800000000000004,0.042,0.00040000000000000034
4096,32,32,16,2,4096,1,800,1024,True,vllm_0.5.1_flash_attn,0.005,0.006,0.005200000000000001,0.005,0.0004,,,,,,0.0,0.0,0.0,0.0,0.0,0.0,0.0,0.0,0.0,0.0,0.056,0.057,0.056400000000000006,0.056,0.000489897948556636
4096,32,32,16,2,4096,1,800,1024,True,vllm_0.5.1_flash_attn,0.005,0.005,0.005,0.005,0.0,,,,,,0.0,0.0,0.0,0.0,0.0,0.0,0.0,0.0,0.0,0.0,0.056,0.058,0.05720000000000001,0.057,0.0007483314773547889
4096,32,32,16,2,4096,1,832,0,True,vllm_0.5.1_flash_attn,0.005,0.006,0.0058000000000000005,0.006,0.0004,,,,,,0.0,0.0,0.0,0.0,0.0,0.0,0.0,0.0,0.0,0.0,0.028,0.028,0.028000000000000004,0.028,0.0
4096,32,32,16,2,4096,1,832,512,True,vllm_0.5.1_flash_attn,0.005,0.006,0.0058000000000000005,0.006,0.0004,,,,,,0.0,0.0,0.0,0.0,0.0,0.0,0.0,0.0,0.0,0.0,0.042,0.044,0.042800000000000005,0.043000000000000003,0.0007483314773547867
4096,32,32,16,2,4096,1,832,1024,True,vllm_0.5.1_flash_attn,0.005,0.006,0.0056,0.006,0.0004898979485566357,,,,,,0.0,0.0,0.0,0.0,0.0,0.0,0.0,0.0,0.0,0.0,0.056,0.057,0.056400000000000006,0.056,0.000489897948556636
4096,32,32,16,2,4096,1,832,1024,True,vllm_0.5.1_flash_attn,0.005,0.006,0.0056,0.006,0.0004898979485566357,,,,,,0.0,0.0,0.0,0.0,0.0,0.0,0.0,0.0,0.0,0.0,0.055,0.057,0.056400000000000006,0.057,0.0008000000000000007
4096,32,32,16,2,4096,1,864,0,True,vllm_0.5.1_flash_attn,0.006,0.006,0.006,0.006,0.0,,,,,,0.0,0.0,0.0,0.0,0.0,0.0,0.0,0.0,0.0,0.0,0.029,0.03,0.0294,0.029,0.0004898979485566344
4096,32,32,16,2,4096,1,864,512,True,vllm_0.5.1_flash_attn,0.005,0.006,0.0058000000000000005,0.006,0.0004,,,,,,0.0,0.0,0.0,0.0,0.0,0.0,0.0,0.0,0.0,0.0,0.041,0.043000000000000003,0.04240000000000001,0.043000000000000003,0.0008000000000000007
4096,32,32,16,2,4096,1,864,1024,True,vllm_0.5.1_flash_attn,0.006,0.006,0.006,0.006,0.0,,,,,,0.0,0.0,0.0,0.0,0.0,0.0,0.0,0.0,0.0,0.0,0.056,0.059000000000000004,0.057800000000000004,0.058,0.000979795897113272
4096,32,32,16,2,4096,1,864,1024,True,vllm_0.5.1_flash_attn,0.005,0.006,0.0058000000000000005,0.006,0.0004,,,,,,0.0,0.0,0.0,0.0,0.0,0.0,0.0,0.0,0.0,0.0,0.056,0.058,0.05720000000000001,0.057,0.0007483314773547889
4096,32,32,16,2,4096,1,896,0,True,vllm_0.5.1_flash_attn,0.006,0.006,0.006,0.006,0.0,,,,,,0.0,0.0,0.0,0.0,0.0,0.0,0.0,0.0,0.0,0.0,0.029,0.03,0.0298,0.03,0.000399999999999999
4096,32,32,16,2,4096,1,896,512,True,vllm_0.5.1_flash_attn,0.006,0.006,0.006,0.006,0.0,,,,,,0.0,0.0,0.0,0.0,0.0,0.0,0.0,0.0,0.0,0.0,0.043000000000000003,0.044,0.0434,0.043000000000000003,0.0004898979485566326
4096,32,32,16,2,4096,1,896,1024,True,vllm_0.5.1_flash_attn,0.006,0.006,0.006,0.006,0.0,,,,,,0.0,0.0,0.0,0.0,0.0,0.0,0.0,0.0,0.0,0.0,0.058,0.059000000000000004,0.058800000000000005,0.059000000000000004,0.00040000000000000034
4096,32,32,16,2,4096,1,896,1024,True,vllm_0.5.1_flash_attn,0.006,0.006,0.006,0.006,0.0,,,,,,0.0,0.0,0.0,0.0,0.0,0.0,0.0,0.0,0.0,0.0,0.058,0.059000000000000004,0.05820000000000001,0.058,0.00040000000000000034
4096,32,32,16,2,4096,1,928,0,True,vllm_0.5.1_flash_attn,0.006,0.006,0.006,0.006,0.0,,,,,,0.0,0.0,0.0,0.0,0.0,0.0,0.0,0.0,0.0,0.0,0.031,0.031,0.031,0.031,0.0
4096,32,32,16,2,4096,1,928,512,True,vllm_0.5.1_flash_attn,0.006,0.006,0.006,0.006,0.0,,,,,,0.0,0.0,0.0,0.0,0.0,0.0,0.0,0.0,0.0,0.0,0.045,0.046,0.045799999999999993,0.046,0.00040000000000000034
4096,32,32,16,2,4096,1,928,1024,True,vllm_0.5.1_flash_attn,0.006,0.006,0.006,0.006,0.0,,,,,,0.0,0.0,0.0,0.0,0.0,0.0,0.0,0.0,0.0,0.0,0.059000000000000004,0.062,0.0606,0.061,0.0010198039027185556
4096,32,32,16,2,4096,1,928,1024,True,vllm_0.5.1_flash_attn,0.006,0.006,0.006,0.006,0.0,,,,,,0.0,0.0,0.0,0.0,0.0,0.0,0.0,0.0,0.0,0.0,0.059000000000000004,0.06,0.059399999999999994,0.059000000000000004,0.0004898979485566326
4096,32,32,16,2,4096,1,960,0,True,vllm_0.5.1_flash_attn,0.006,0.007,0.0064,0.006,0.0004898979485566357,,,,,,0.0,0.0,0.0,0.0,0.0,0.0,0.0,0.0,0.0,0.0,0.031,0.031,0.031,0.031,0.0
4096,32,32,16,2,4096,1,960,512,True,vllm_0.5.1_flash_attn,0.006,0.007,0.0062,0.006,0.0004,,,,,,0.0,0.0,0.0,0.0,0.0,0.0,0.0,0.0,0.0,0.0,0.046,0.047,0.0464,0.046,0.000489897948556636
4096,32,32,16,2,4096,1,960,1024,True,vllm_0.5.1_flash_attn,0.006,0.006,0.006,0.006,0.0,,,,,,0.0,0.0,0.0,0.0,0.0,0.0,0.0,0.0,0.0,0.0,0.06,0.062,0.061,0.061,0.0008944271909999167
4096,32,32,16,2,4096,1,960,1024,True,vllm_0.5.1_flash_attn,0.006,0.006,0.006,0.006,0.0,,,,,,0.0,0.0,0.0,0.0,0.0,0.0,0.0,0.0,0.0,0.0,0.059000000000000004,0.063,0.061,0.061,0.0017888543819998303
4096,32,32,16,2,4096,1,992,0,True,vllm_0.5.1_flash_attn,0.006,0.007,0.0062,0.006,0.0004,,,,,,0.0,0.0,0.0,0.0,0.0,0.0,0.0,0.0,0.0,0.0,0.033,0.033,0.033,0.033,0.0
4096,32,32,16,2,4096,1,992,512,True,vllm_0.5.1_flash_attn,0.006,0.007,0.0062,0.006,0.0004,,,,,,0.0,0.0,0.0,0.0,0.0,0.0,0.0,0.0,0.0,0.0,0.047,0.048,0.0474,0.047,0.000489897948556636
4096,32,32,16,2,4096,1,992,1024,True,vllm_0.5.1_flash_attn,0.006,0.007,0.0062,0.006,0.0004,,,,,,0.0,0.0,0.0,0.0,0.0,0.0,0.0,0.0,0.0,0.0,0.06,0.062,0.0612,0.061,0.0007483314773547889
4096,32,32,16,2,4096,1,992,1024,True,vllm_0.5.1_flash_attn,0.006,0.007,0.0062,0.006,0.0004,,,,,,0.0,0.0,0.0,0.0,0.0,0.0,0.0,0.0,0.0,0.0,0.06,0.062,0.061399999999999996,0.062,0.0008000000000000007
4096,32,32,16,2,4096,1,1024,0,True,vllm_0.5.1_flash_attn,0.006,0.007,0.0062,0.006,0.0004,,,,,,0.0,0.0,0.0,0.0,0.0,0.0,0.0,0.0,0.0,0.0,0.033,0.033,0.033,0.033,0.0
4096,32,32,16,2,4096,1,1024,512,True,vllm_0.5.1_flash_attn,0.006,0.007,0.0064,0.006,0.0004898979485566357,,,,,,0.0,0.0,0.0,0.0,0.0,0.0,0.0,0.0,0.0,0.0,0.047,0.048,0.047599999999999996,0.048,0.000489897948556636
4096,32,32,16,2,4096,1,1024,1024,True,vllm_0.5.1_flash_attn,0.006,0.007,0.0062,0.006,0.0004,,,,,,0.0,0.0,0.0,0.0,0.0,0.0,0.0,0.0,0.0,0.0,0.061,0.063,0.062,0.062,0.0008944271909999167
4096,32,32,16,2,4096,1,1024,1024,True,vllm_0.5.1_flash_attn,0.006,0.007,0.0062,0.006,0.0004,,,,,,0.0,0.0,0.0,0.0,0.0,0.0,0.0,0.0,0.0,0.0,0.06,0.062,0.061399999999999996,0.062,0.0008000000000000007
4096,32,32,16,2,4096,1,1024,0,True,vllm_0.5.1_flash_attn,0.006,0.007,0.0062,0.006,0.0004,,,,,,0.0,0.0,0.0,0.0,0.0,0.0,0.0,0.0,0.0,0.0,0.033,0.033,0.033,0.033,0.0
4096,32,32,16,2,4096,1,1024,512,True,vllm_0.5.1_flash_attn,0.006,0.007,0.0064,0.006,0.0004898979485566357,,,,,,0.0,0.0,0.0,0.0,0.0,0.0,0.0,0.0,0.0,0.0,0.047,0.048,0.0474,0.047,0.000489897948556636
4096,32,32,16,2,4096,1,1024,1024,True,vllm_0.5.1_flash_attn,0.006,0.007,0.0064,0.006,0.0004898979485566357,,,,,,0.0,0.0,0.0,0.0,0.0,0.0,0.0,0.0,0.0,0.0,0.06,0.062,0.061399999999999996,0.062,0.0008000000000000007
4096,32,32,16,2,4096,1,1024,1024,True,vllm_0.5.1_flash_attn,0.006,0.007,0.0066,0.007,0.0004898979485566357,,,,,,0.0,0.0,0.0,0.0,0.0,0.0,0.0,0.0,0.0,0.0,0.061,0.062,0.0616,0.062,0.000489897948556636
4096,32,32,16,2,4096,1,1088,0,True,vllm_0.5.1_flash_attn,0.007,0.007,0.007000000000000001,0.007,0.0,,,,,,0.0,0.0,0.0,0.0,0.0,0.0,0.0,0.0,0.0,0.0,0.054,0.054,0.054000000000000006,0.054,0.0
4096,32,32,16,2,4096,1,1088,512,True,vllm_0.5.1_flash_attn,0.007,0.007,0.007000000000000001,0.007,0.0,,,,,,0.0,0.0,0.0,0.0,0.0,0.0,0.0,0.0,0.0,0.0,0.06,0.062,0.0608,0.061,0.0007483314773547889
4096,32,32,16,2,4096,1,1088,1024,True,vllm_0.5.1_flash_attn,0.007,0.007,0.007000000000000001,0.007,0.0,,,,,,0.0,0.0,0.0,0.0,0.0,0.0,0.0,0.0,0.0,0.0,0.082,0.084,0.083,0.083,0.0008944271909999167
4096,32,32,16,2,4096,1,1088,1024,True,vllm_0.5.1_flash_attn,0.007,0.007,0.007000000000000001,0.007,0.0,,,,,,0.0,0.0,0.0,0.0,0.0,0.0,0.0,0.0,0.0,0.0,0.084,0.085,0.0844,0.084,0.000489897948556636
4096,32,32,16,2,4096,1,1152,0,True,vllm_0.5.1_flash_attn,0.007,0.007,0.007000000000000001,0.007,0.0,,,,,,0.0,0.0,0.0,0.0,0.0,0.0,0.0,0.0,0.0,0.0,0.057,0.058,0.05720000000000001,0.057,0.00040000000000000034
4096,32,32,16,2,4096,1,1152,512,True,vllm_0.5.1_flash_attn,0.007,0.007,0.007000000000000001,0.007,0.0,,,,,,0.0,0.0,0.0,0.0,0.0,0.0,0.0,0.0,0.0,0.0,0.062,0.067,0.0638,0.063,0.0017204650534085267
4096,32,32,16,2,4096,1,1152,1024,True,vllm_0.5.1_flash_attn,0.007,0.007,0.007000000000000001,0.007,0.0,,,,,,0.0,0.0,0.0,0.0,0.0,0.0,0.0,0.0,0.0,0.0,0.097,0.1,0.0984,0.098,0.001019803902718558
4096,32,32,16,2,4096,1,1152,1024,True,vllm_0.5.1_flash_attn,0.007,0.007,0.007000000000000001,0.007,0.0,,,,,,0.0,0.0,0.0,0.0,0.0,0.0,0.0,0.0,0.0,0.0,0.097,0.099,0.0982,0.098,0.0007483314773547889
4096,32,32,16,2,4096,1,1216,0,True,vllm_0.5.1_flash_attn,0.007,0.008,0.0073999999999999995,0.007,0.0004898979485566357,,,,,,0.0,0.0,0.0,0.0,0.0,0.0,0.0,0.0,0.0,0.0,0.059000000000000004,0.06,0.05920000000000001,0.059000000000000004,0.0003999999999999976
4096,32,32,16,2,4096,1,1216,512,True,vllm_0.5.1_flash_attn,0.008,0.008,0.008,0.008,0.0,,,,,,0.0,0.0,0.0,0.0,0.0,0.0,0.0,0.0,0.0,0.0,0.066,0.068,0.067,0.067,0.0006324555320336764
4096,32,32,16,2,4096,1,1216,1024,True,vllm_0.5.1_flash_attn,0.007,0.008,0.0073999999999999995,0.007,0.0004898979485566357,,,,,,0.0,0.0,0.0,0.0,0.0,0.0,0.0,0.0,0.0,0.0,0.094,0.10300000000000001,0.0998,0.101,0.0030594117081556736
4096,32,32,16,2,4096,1,1216,1024,True,vllm_0.5.1_flash_attn,0.007,0.008,0.0078,0.008,0.0004,,,,,,0.0,0.0,0.0,0.0,0.0,0.0,0.0,0.0,0.0,0.0,0.095,0.10300000000000001,0.1006,0.10200000000000001,0.0030066592756745844
4096,32,32,16,2,4096,1,1280,0,True,vllm_0.5.1_flash_attn,0.008,0.008,0.008,0.008,0.0,,,,,,0.0,0.0,0.0,0.0,0.0,0.0,0.0,0.0,0.0,0.0,0.061,0.062,0.0612,0.061,0.00040000000000000034
4096,32,32,16,2,4096,1,1280,512,True,vllm_0.5.1_flash_attn,0.008,0.008,0.008,0.008,0.0,,,,,,0.0,0.0,0.0,0.0,0.0,0.0,0.0,0.0,0.0,0.0,0.067,0.07200000000000001,0.0694,0.069,0.0018547236990991425
4096,32,32,16,2,4096,1,1280,1024,True,vllm_0.5.1_flash_attn,0.008,0.008,0.008,0.008,0.0,,,,,,0.0,0.0,0.0,0.0,0.0,0.0,0.0,0.0,0.0,0.0,0.091,0.10200000000000001,0.099,0.101,0.004049691346263321
4096,32,32,16,2,4096,1,1280,1024,True,vllm_0.5.1_flash_attn,0.008,0.008,0.008,0.008,0.0,,,,,,0.0,0.0,0.0,0.0,0.0,0.0,0.0,0.0,0.0,0.0,0.094,0.105,0.1002,0.101,0.0038678159211627434
4096,32,32,16,2,4096,1,1344,0,True,vllm_0.5.1_flash_attn,0.008,0.009000000000000001,0.0082,0.008,0.00040000000000000034,,,,,,0.0,0.0,0.0,0.0,0.0,0.0,0.0,0.0,0.0,0.0,0.066,0.066,0.066,0.066,0.0
4096,32,32,16,2,4096,1,1344,512,True,vllm_0.5.1_flash_attn,0.009000000000000001,0.009000000000000001,0.009000000000000001,0.009000000000000001,0.0,,,,,,0.0,0.0,0.0,0.0,0.0,0.0,0.0,0.0,0.0,0.0,0.074,0.082,0.0784,0.079,0.002727636339397174
4096,32,32,16,2,4096,1,1344,1024,True,vllm_0.5.1_flash_attn,0.009000000000000001,0.009000000000000001,0.009000000000000001,0.009000000000000001,0.0,,,,,,0.0,0.0,0.0,0.0,0.0,0.0,0.0,0.0,0.0,0.0,0.108,0.113,0.11000000000000001,0.11,0.0016733200530681526
4096,32,32,16,2,4096,1,1344,1024,True,vllm_0.5.1_flash_attn,0.008,0.009000000000000001,0.0088,0.009000000000000001,0.00040000000000000034,,,,,,0.0,0.0,0.0,0.0,0.0,0.0,0.0,0.0,0.0,0.0,0.108,0.111,0.10940000000000001,0.109,0.001019803902718558
4096,32,32,16,2,4096,1,1408,0,True,vllm_0.5.1_flash_attn,0.008,0.009000000000000001,0.0082,0.008,0.00040000000000000034,,,,,,0.0,0.0,0.0,0.0,0.0,0.0,0.0,0.0,0.0,0.0,0.069,0.07,0.0694,0.069,0.000489897948556636
4096,32,32,16,2,4096,1,1408,512,True,vllm_0.5.1_flash_attn,0.009000000000000001,0.009000000000000001,0.009000000000000001,0.009000000000000001,0.0,,,,,,0.0,0.0,0.0,0.0,0.0,0.0,0.0,0.0,0.0,0.0,0.082,0.088,0.084,0.084,0.0021908902300206614
4096,32,32,16,2,4096,1,1408,1024,True,vllm_0.5.1_flash_attn,0.008,0.009000000000000001,0.0086,0.009000000000000001,0.000489897948556636,,,,,,0.0,0.0,0.0,0.0,0.0,0.0,0.0,0.0,0.0,0.0,0.11,0.112,0.11140000000000001,0.112,0.0008000000000000007
4096,32,32,16,2,4096,1,1408,1024,True,vllm_0.5.1_flash_attn,0.008,0.009000000000000001,0.008400000000000001,0.008,0.000489897948556636,,,,,,0.0,0.0,0.0,0.0,0.0,0.0,0.0,0.0,0.0,0.0,0.112,0.115,0.1126,0.112,0.001200000000000001
4096,32,32,16,2,4096,1,1472,0,True,vllm_0.5.1_flash_attn,0.009000000000000001,0.009000000000000001,0.009000000000000001,0.009000000000000001,0.0,,,,,,0.0,0.0,0.0,0.0,0.0,0.0,0.0,0.0,0.0,0.0,0.069,0.069,0.069,0.069,0.0
4096,32,32,16,2,4096,1,1472,512,True,vllm_0.5.1_flash_attn,0.009000000000000001,0.01,0.009200000000000002,0.009000000000000001,0.0003999999999999997,,,,,,0.0,0.0,0.0,0.0,0.0,0.0,0.0,0.0,0.0,0.0,0.083,0.089,0.085,0.084,0.0020976176963402996
4096,32,32,16,2,4096,1,1472,1024,True,vllm_0.5.1_flash_attn,0.009000000000000001,0.009000000000000001,0.009000000000000001,0.009000000000000001,0.0,,,,,,0.0,0.0,0.0,0.0,0.0,0.0,0.0,0.0,0.0,0.0,0.113,0.12,0.1162,0.116,0.0023151673805580425
4096,32,32,16,2,4096,1,1472,1024,True,vllm_0.5.1_flash_attn,0.009000000000000001,0.009000000000000001,0.009000000000000001,0.009000000000000001,0.0,,,,,,0.0,0.0,0.0,0.0,0.0,0.0,0.0,0.0,0.0,0.0,0.113,0.122,0.11600000000000002,0.115,0.003162277660168377
4096,32,32,16,2,4096,1,1536,0,True,vllm_0.5.1_flash_attn,0.009000000000000001,0.01,0.009200000000000002,0.009000000000000001,0.0003999999999999997,,,,,,0.0,0.0,0.0,0.0,0.0,0.0,0.0,0.0,0.0,0.0,0.068,0.068,0.068,0.068,0.0
4096,32,32,16,2,4096,1,1536,512,True,vllm_0.5.1_flash_attn,0.009000000000000001,0.01,0.009600000000000001,0.01,0.0004898979485566352,,,,,,0.0,0.0,0.0,0.0,0.0,0.0,0.0,0.0,0.0,0.0,0.088,0.097,0.0928,0.094,0.0033105890714493725
4096,32,32,16,2,4096,1,1536,1024,True,vllm_0.5.1_flash_attn,0.009000000000000001,0.01,0.0098,0.01,0.0003999999999999997,,,,,,0.0,0.0,0.0,0.0,0.0,0.0,0.0,0.0,0.0,0.0,0.117,0.123,0.1202,0.12,0.0019390719429665288
4096,32,32,16,2,4096,1,1536,1024,True,vllm_0.5.1_flash_attn,0.009000000000000001,0.01,0.009600000000000001,0.01,0.0004898979485566352,,,,,,0.0,0.0,0.0,0.0,0.0,0.0,0.0,0.0,0.0,0.0,0.116,0.121,0.11939999999999999,0.12,0.0018547236990991366
4096,32,32,16,2,4096,1,1600,0,True,vllm_0.5.1_flash_attn,0.01,0.01,0.01,0.01,0.0,,,,,,0.0,0.0,0.0,0.0,0.0,0.0,0.0,0.0,0.0,0.0,0.077,0.078,0.07780000000000001,0.078,0.00040000000000000034
4096,32,32,16,2,4096,1,1600,512,True,vllm_0.5.1_flash_attn,0.01,0.011,0.0102,0.01,0.0003999999999999997,,,,,,0.0,0.0,0.0,0.0,0.0,0.0,0.0,0.0,0.0,0.0,0.1,0.10300000000000001,0.1014,0.101,0.001019803902718558
4096,32,32,16,2,4096,1,1600,1024,True,vllm_0.5.1_flash_attn,0.01,0.01,0.01,0.01,0.0,,,,,,0.0,0.0,0.0,0.0,0.0,0.0,0.0,0.0,0.0,0.0,0.128,0.13,0.1286,0.128,0.0008000000000000007
4096,32,32,16,2,4096,1,1600,1024,True,vllm_0.5.1_flash_attn,0.01,0.011,0.0102,0.01,0.0003999999999999997,,,,,,0.0,0.0,0.0,0.0,0.0,0.0,0.0,0.0,0.0,0.0,0.128,0.133,0.1308,0.131,0.0016000000000000014
4096,32,32,16,2,4096,1,1664,0,True,vllm_0.5.1_flash_attn,0.01,0.01,0.01,0.01,0.0,,,,,,0.0,0.0,0.0,0.0,0.0,0.0,0.0,0.0,0.0,0.0,0.076,0.077,0.0764,0.076,0.000489897948556636
4096,32,32,16,2,4096,1,1664,512,True,vllm_0.5.1_flash_attn,0.011,0.011,0.011,0.011,0.0,,,,,,0.0,0.0,0.0,0.0,0.0,0.0,0.0,0.0,0.0,0.0,0.101,0.107,0.1034,0.10300000000000001,0.002059126028197397
4096,32,32,16,2,4096,1,1664,1024,True,vllm_0.5.1_flash_attn,0.01,0.01,0.01,0.01,0.0,,,,,,0.0,0.0,0.0,0.0,0.0,0.0,0.0,0.0,0.0,0.0,0.13,0.133,0.13140000000000002,0.131,0.001019803902718558
4096,32,32,16,2,4096,1,1664,1024,True,vllm_0.5.1_flash_attn,0.01,0.011,0.0102,0.01,0.0003999999999999997,,,,,,0.0,0.0,0.0,0.0,0.0,0.0,0.0,0.0,0.0,0.0,0.127,0.136,0.1328,0.135,0.0033704599092705466
4096,32,32,16,2,4096,1,1728,0,True,vllm_0.5.1_flash_attn,0.011,0.011,0.011,0.011,0.0,,,,,,0.0,0.0,0.0,0.0,0.0,0.0,0.0,0.0,0.0,0.0,0.083,0.084,0.08320000000000001,0.083,0.00040000000000000034
4096,32,32,16,2,4096,1,1728,512,True,vllm_0.5.1_flash_attn,0.011,0.011,0.011,0.011,0.0,,,,,,0.0,0.0,0.0,0.0,0.0,0.0,0.0,0.0,0.0,0.0,0.108,0.113,0.11100000000000002,0.111,0.0016733200530681526
4096,32,32,16,2,4096,1,1728,1024,True,vllm_0.5.1_flash_attn,0.01,0.01,0.01,0.01,0.0,,,,,,0.0,0.0,0.0,0.0,0.0,0.0,0.0,0.0,0.0,0.0,0.136,0.14100000000000001,0.1376,0.137,0.0017435595774162708
4096,32,32,16,2,4096,1,1728,1024,True,vllm_0.5.1_flash_attn,0.01,0.01,0.01,0.01,0.0,,,,,,0.0,0.0,0.0,0.0,0.0,0.0,0.0,0.0,0.0,0.0,0.136,0.138,0.137,0.137,0.0006324555320336764
4096,32,32,16,2,4096,1,1792,0,True,vllm_0.5.1_flash_attn,0.011,0.012,0.0118,0.012,0.00040000000000000034,,,,,,0.0,0.0,0.0,0.0,0.0,0.0,0.0,0.0,0.0,0.0,0.08600000000000001,0.08700000000000001,0.08680000000000002,0.08700000000000001,0.00040000000000000034
4096,32,32,16,2,4096,1,1792,512,True,vllm_0.5.1_flash_attn,0.012,0.012,0.012,0.012,0.0,,,,,,0.0,0.0,0.0,0.0,0.0,0.0,0.0,0.0,0.0,0.0,0.10400000000000001,0.111,0.1076,0.107,0.002332380757938118
4096,32,32,16,2,4096,1,1792,1024,True,vllm_0.5.1_flash_attn,0.011,0.012,0.011199999999999998,0.011,0.00040000000000000034,,,,,,0.0,0.0,0.0,0.0,0.0,0.0,0.0,0.0,0.0,0.0,0.136,0.139,0.1378,0.138,0.001166190378969061
4096,32,32,16,2,4096,1,1792,1024,True,vllm_0.5.1_flash_attn,0.011,0.012,0.011399999999999999,0.011,0.000489897948556636,,,,,,0.0,0.0,0.0,0.0,0.0,0.0,0.0,0.0,0.0,0.0,0.134,0.139,0.13640000000000002,0.136,0.0016248076809271936
4096,32,32,16,2,4096,1,1856,0,True,vllm_0.5.1_flash_attn,0.011,0.012,0.0118,0.012,0.00040000000000000034,,,,,,0.0,0.0,0.0,0.0,0.0,0.0,0.0,0.0,0.0,0.0,0.088,0.09,0.089,0.089,0.0006324555320336764
4096,32,32,16,2,4096,1,1856,512,True,vllm_0.5.1_flash_attn,0.012,0.013000000000000001,0.012199999999999999,0.012,0.00040000000000000034,,,,,,0.0,0.0,0.0,0.0,0.0,0.0,0.0,0.0,0.0,0.0,0.108,0.12,0.11379999999999998,0.111,0.004791659420284377
4096,32,32,16,2,4096,1,1856,1024,True,vllm_0.5.1_flash_attn,0.012,0.013000000000000001,0.0124,0.012,0.000489897948556636,,,,,,0.0,0.0,0.0,0.0,0.0,0.0,0.0,0.0,0.0,0.0,0.14300000000000002,0.148,0.1462,0.147,0.0019390719429665242
4096,32,32,16,2,4096,1,1856,1024,True,vllm_0.5.1_flash_attn,0.012,0.012,0.012,0.012,0.0,,,,,,0.0,0.0,0.0,0.0,0.0,0.0,0.0,0.0,0.0,0.0,0.14,0.15,0.1446,0.14400000000000002,0.0031999999999999928
4096,32,32,16,2,4096,1,1920,0,True,vllm_0.5.1_flash_attn,0.012,0.012,0.012,0.012,0.0,,,,,,0.0,0.0,0.0,0.0,0.0,0.0,0.0,0.0,0.0,0.0,0.093,0.095,0.0938,0.094,0.0007483314773547889
4096,32,32,16,2,4096,1,1920,512,True,vllm_0.5.1_flash_attn,0.012,0.013000000000000001,0.0128,0.013000000000000001,0.00040000000000000034,,,,,,0.0,0.0,0.0,0.0,0.0,0.0,0.0,0.0,0.0,0.0,0.111,0.122,0.118,0.12,0.004049691346263315
4096,32,32,16,2,4096,1,1920,1024,True,vllm_0.5.1_flash_attn,0.013000000000000001,0.013000000000000001,0.013000000000000001,0.013000000000000001,0.0,,,,,,0.0,0.0,0.0,0.0,0.0,0.0,0.0,0.0,0.0,0.0,0.146,0.155,0.1498,0.148,0.003919183588453088
4096,32,32,16,2,4096,1,1920,1024,True,vllm_0.5.1_flash_attn,0.012,0.013000000000000001,0.0128,0.013000000000000001,0.00040000000000000034,,,,,,0.0,0.0,0.0,0.0,0.0,0.0,0.0,0.0,0.0,0.0,0.148,0.156,0.152,0.152,0.0026076809620810618
4096,32,32,16,2,4096,1,1984,0,True,vllm_0.5.1_flash_attn,0.013000000000000001,0.013000000000000001,0.013000000000000001,0.013000000000000001,0.0,,,,,,0.0,0.0,0.0,0.0,0.0,0.0,0.0,0.0,0.0,0.0,0.096,0.098,0.0964,0.096,0.0008000000000000007
4096,32,32,16,2,4096,1,1984,512,True,vllm_0.5.1_flash_attn,0.013000000000000001,0.014,0.0132,0.013000000000000001,0.0003999999999999997,,,,,,0.0,0.0,0.0,0.0,0.0,0.0,0.0,0.0,0.0,0.0,0.125,0.132,0.12840000000000001,0.128,0.002727636339397174
4096,32,32,16,2,4096,1,1984,1024,True,vllm_0.5.1_flash_attn,0.013000000000000001,0.014,0.0132,0.013000000000000001,0.0003999999999999997,,,,,,0.0,0.0,0.0,0.0,0.0,0.0,0.0,0.0,0.0,0.0,0.157,0.165,0.15960000000000002,0.158,0.002870540018881467
4096,32,32,16,2,4096,1,1984,1024,True,vllm_0.5.1_flash_attn,0.013000000000000001,0.014,0.0132,0.013000000000000001,0.0003999999999999997,,,,,,0.0,0.0,0.0,0.0,0.0,0.0,0.0,0.0,0.0,0.0,0.156,0.165,0.16140000000000002,0.162,0.0032000000000000028
4096,32,32,16,2,4096,1,2048,0,True,vllm_0.5.1_flash_attn,0.014,0.015,0.0142,0.014,0.0003999999999999997,,,,,,0.0,0.0,0.0,0.0,0.0,0.0,0.0,0.0,0.0,0.0,0.1,0.10200000000000001,0.101,0.101,0.0006324555320336764
4096,32,32,16,2,4096,1,2048,512,True,vllm_0.5.1_flash_attn,0.014,0.015,0.0144,0.014,0.0004898979485566352,,,,,,0.0,0.0,0.0,0.0,0.0,0.0,0.0,0.0,0.0,0.0,0.13,0.134,0.1326,0.133,0.0014966629547095778
4096,32,32,16,2,4096,1,2048,1024,True,vllm_0.5.1_flash_attn,0.014,0.014,0.014000000000000002,0.014,0.0,,,,,,0.0,0.0,0.0,0.0,0.0,0.0,0.0,0.0,0.0,0.0,0.165,0.17,0.16740000000000002,0.168,0.002059126028197402
4096,32,32,16,2,4096,1,2048,1024,True,vllm_0.5.1_flash_attn,0.014,0.014,0.014000000000000002,0.014,0.0,,,,,,0.0,0.0,0.0,0.0,0.0,0.0,0.0,0.0,0.0,0.0,0.165,0.167,0.16620000000000001,0.167,0.000979795897113272
4096,32,32,16,2,4096,1,2112,0,True,vllm_0.5.1_flash_attn,0.015,0.015,0.015,0.015,0.0,,,,,,0.0,0.0,0.0,0.0,0.0,0.0,0.0,0.0,0.0,0.0,0.1,0.106,0.1036,0.10300000000000001,0.002244994432064361
4096,32,32,16,2,4096,1,2112,512,True,vllm_0.5.1_flash_attn,0.015,0.015,0.015,0.015,0.0,,,,,,0.0,0.0,0.0,0.0,0.0,0.0,0.0,0.0,0.0,0.0,0.135,0.14200000000000002,0.1388,0.139,0.002561249694973142
4096,32,32,16,2,4096,1,2112,1024,True,vllm_0.5.1_flash_attn,0.014,0.015,0.0144,0.014,0.0004898979485566352,,,,,,0.0,0.0,0.0,0.0,0.0,0.0,0.0,0.0,0.0,0.0,0.17400000000000002,0.176,0.1752,0.17500000000000002,0.0007483314773547771
4096,32,32,16,2,4096,1,2112,1024,True,vllm_0.5.1_flash_attn,0.014,0.015,0.0144,0.014,0.0004898979485566352,,,,,,0.0,0.0,0.0,0.0,0.0,0.0,0.0,0.0,0.0,0.0,0.171,0.176,0.17320000000000002,0.17300000000000001,0.002039607805437108
4096,32,32,16,2,4096,1,2176,0,True,vllm_0.5.1_flash_attn,0.015,0.016,0.0156,0.016,0.000489897948556636,,,,,,0.0,0.0,0.0,0.0,0.0,0.0,0.0,0.0,0.0,0.0,0.10300000000000001,0.108,0.1058,0.106,0.0017204650534085224
4096,32,32,16,2,4096,1,2176,512,True,vllm_0.5.1_flash_attn,0.015,0.016,0.0154,0.015,0.000489897948556636,,,,,,0.0,0.0,0.0,0.0,0.0,0.0,0.0,0.0,0.0,0.0,0.14200000000000002,0.149,0.14679999999999999,0.148,0.0024819347291981627
4096,32,32,16,2,4096,1,2176,1024,True,vllm_0.5.1_flash_attn,0.015,0.015,0.015,0.015,0.0,,,,,,0.0,0.0,0.0,0.0,0.0,0.0,0.0,0.0,0.0,0.0,0.176,0.183,0.18039999999999998,0.18,0.002576819745345027
4096,32,32,16,2,4096,1,2176,1024,True,vllm_0.5.1_flash_attn,0.015,0.015,0.015,0.015,0.0,,,,,,0.0,0.0,0.0,0.0,0.0,0.0,0.0,0.0,0.0,0.0,0.178,0.184,0.18039999999999998,0.18,0.002059126028197402
4096,32,32,16,2,4096,1,2240,0,True,vllm_0.5.1_flash_attn,0.016,0.017,0.0164,0.016,0.000489897948556636,,,,,,0.0,0.0,0.0,0.0,0.0,0.0,0.0,0.0,0.0,0.0,0.112,0.12,0.11640000000000002,0.116,0.0028705400188814637
4096,32,32,16,2,4096,1,2240,512,True,vllm_0.5.1_flash_attn,0.016,0.016,0.016,0.016,0.0,,,,,,0.0,0.0,0.0,0.0,0.0,0.0,0.0,0.0,0.0,0.0,0.146,0.155,0.15,0.15,0.0028982753492378904
4096,32,32,16,2,4096,1,2240,1024,True,vllm_0.5.1_flash_attn,0.016,0.016,0.016,0.016,0.0,,,,,,0.0,0.0,0.0,0.0,0.0,0.0,0.0,0.0,0.0,0.0,0.177,0.19,0.1834,0.181,0.004841487374764086
4096,32,32,16,2,4096,1,2240,1024,True,vllm_0.5.1_flash_attn,0.016,0.016,0.016,0.016,0.0,,,,,,0.0,0.0,0.0,0.0,0.0,0.0,0.0,0.0,0.0,0.0,0.18,0.19,0.1834,0.182,0.0035552777669262386
4096,32,32,16,2,4096,1,2304,0,True,vllm_0.5.1_flash_attn,0.017,0.017,0.017,0.017,0.0,,,,,,0.0,0.0,0.0,0.0,0.0,0.0,0.0,0.0,0.0,0.0,0.11800000000000001,0.122,0.1192,0.11800000000000001,0.001599999999999995
4096,32,32,16,2,4096,1,2304,512,True,vllm_0.5.1_flash_attn,0.017,0.017,0.017,0.017,0.0,,,,,,0.0,0.0,0.0,0.0,0.0,0.0,0.0,0.0,0.0,0.0,0.155,0.16,0.157,0.156,0.002097617696340305
4096,32,32,16,2,4096,1,2304,1024,True,vllm_0.5.1_flash_attn,0.017,0.018000000000000002,0.017400000000000002,0.017,0.000489897948556636,,,,,,0.0,0.0,0.0,0.0,0.0,0.0,0.0,0.0,0.0,0.0,0.188,0.196,0.1922,0.193,0.002638181191654586
4096,32,32,16,2,4096,1,2304,1024,True,vllm_0.5.1_flash_attn,0.017,0.017,0.017,0.017,0.0,,,,,,0.0,0.0,0.0,0.0,0.0,0.0,0.0,0.0,0.0,0.0,0.191,0.199,0.19340000000000002,0.192,0.002870540018881467
4096,32,32,16,2,4096,1,2368,0,True,vllm_0.5.1_flash_attn,0.018000000000000002,0.019,0.0188,0.019,0.000399999999999999,,,,,,0.0,0.0,0.0,0.0,0.0,0.0,0.0,0.0,0.0,0.0,0.123,0.124,0.1236,0.124,0.000489897948556636
4096,32,32,16,2,4096,1,2368,512,True,vllm_0.5.1_flash_attn,0.018000000000000002,0.018000000000000002,0.018000000000000002,0.018000000000000002,0.0,,,,,,0.0,0.0,0.0,0.0,0.0,0.0,0.0,0.0,0.0,0.0,0.156,0.164,0.15860000000000002,0.158,0.0029393876913398165
4096,32,32,16,2,4096,1,2368,1024,True,vllm_0.5.1_flash_attn,0.018000000000000002,0.018000000000000002,0.018000000000000002,0.018000000000000002,0.0,,,,,,0.0,0.0,0.0,0.0,0.0,0.0,0.0,0.0,0.0,0.0,0.196,0.21,0.20220000000000002,0.20400000000000001,0.0051536394906900465
4096,32,32,16,2,4096,1,2368,1024,True,vllm_0.5.1_flash_attn,0.018000000000000002,0.019,0.0182,0.018000000000000002,0.000399999999999999,,,,,,0.0,0.0,0.0,0.0,0.0,0.0,0.0,0.0,0.0,0.0,0.193,0.20600000000000002,0.1988,0.196,0.005564171097297428
4096,32,32,16,2,4096,1,2432,0,True,vllm_0.5.1_flash_attn,0.019,0.02,0.0198,0.02,0.00040000000000000034,,,,,,0.0,0.0,0.0,0.0,0.0,0.0,0.0,0.0,0.0,0.0,0.124,0.127,0.126,0.126,0.001095445115010333
4096,32,32,16,2,4096,1,2432,512,True,vllm_0.5.1_flash_attn,0.019,0.019,0.019,0.019,0.0,,,,,,0.0,0.0,0.0,0.0,0.0,0.0,0.0,0.0,0.0,0.0,0.162,0.171,0.165,0.163,0.0032863353450309995
4096,32,32,16,2,4096,1,2432,1024,True,vllm_0.5.1_flash_attn,0.019,0.019,0.019,0.019,0.0,,,,,,0.0,0.0,0.0,0.0,0.0,0.0,0.0,0.0,0.0,0.0,0.203,0.20800000000000002,0.20540000000000003,0.20500000000000002,0.0018547236990991425
4096,32,32,16,2,4096,1,2432,1024,True,vllm_0.5.1_flash_attn,0.019,0.019,0.019,0.019,0.0,,,,,,0.0,0.0,0.0,0.0,0.0,0.0,0.0,0.0,0.0,0.0,0.20600000000000002,0.20700000000000002,0.20660000000000003,0.20700000000000002,0.000489897948556636
4096,32,32,16,2,4096,1,2496,0,True,vllm_0.5.1_flash_attn,0.02,0.021,0.020800000000000003,0.021,0.00040000000000000034,,,,,,0.0,0.0,0.0,0.0,0.0,0.0,0.0,0.0,0.0,0.0,0.134,0.14100000000000001,0.139,0.14,0.0025298221281347057
4096,32,32,16,2,4096,1,2496,512,True,vllm_0.5.1_flash_attn,0.02,0.02,0.02,0.02,0.0,,,,,,0.0,0.0,0.0,0.0,0.0,0.0,0.0,0.0,0.0,0.0,0.17400000000000002,0.178,0.1764,0.176,0.001496662954709569
4096,32,32,16,2,4096,1,2496,1024,True,vllm_0.5.1_flash_attn,0.02,0.02,0.02,0.02,0.0,,,,,,0.0,0.0,0.0,0.0,0.0,0.0,0.0,0.0,0.0,0.0,0.21,0.222,0.21600000000000003,0.215,0.004427188724235735
4096,32,32,16,2,4096,1,2496,1024,True,vllm_0.5.1_flash_attn,0.019,0.02,0.0198,0.02,0.00040000000000000034,,,,,,0.0,0.0,0.0,0.0,0.0,0.0,0.0,0.0,0.0,0.0,0.214,0.225,0.21739999999999998,0.216,0.003929376540877704
4096,32,32,16,2,4096,1,2560,0,True,vllm_0.5.1_flash_attn,0.021,0.022,0.0214,0.021,0.0004898979485566344,,,,,,0.0,0.0,0.0,0.0,0.0,0.0,0.0,0.0,0.0,0.0,0.137,0.147,0.14220000000000002,0.14200000000000002,0.0033105890714493647
4096,32,32,16,2,4096,1,2560,512,True,vllm_0.5.1_flash_attn,0.021,0.022,0.0214,0.021,0.0004898979485566344,,,,,,0.0,0.0,0.0,0.0,0.0,0.0,0.0,0.0,0.0,0.0,0.179,0.192,0.186,0.184,0.005176871642217918
4096,32,32,16,2,4096,1,2560,1024,True,vllm_0.5.1_flash_attn,0.021,0.021,0.021,0.021,0.0,,,,,,0.0,0.0,0.0,0.0,0.0,0.0,0.0,0.0,0.0,0.0,0.22,0.228,0.225,0.226,0.00268328157299975
4096,32,32,16,2,4096,1,2560,1024,True,vllm_0.5.1_flash_attn,0.02,0.021,0.0206,0.021,0.000489897948556636,,,,,,0.0,0.0,0.0,0.0,0.0,0.0,0.0,0.0,0.0,0.0,0.219,0.227,0.2222,0.222,0.002638181191654586
4096,32,32,16,2,4096,1,2624,0,True,vllm_0.5.1_flash_attn,0.022,0.023,0.0226,0.023,0.000489897948556636,,,,,,0.0,0.0,0.0,0.0,0.0,0.0,0.0,0.0,0.0,0.0,0.146,0.15,0.1486,0.149,0.001356465996625055
4096,32,32,16,2,4096,1,2624,512,True,vllm_0.5.1_flash_attn,0.022,0.022,0.022,0.022,0.0,,,,,,0.0,0.0,0.0,0.0,0.0,0.0,0.0,0.0,0.0,0.0,0.184,0.192,0.188,0.187,0.003033150177620623
4096,32,32,16,2,4096,1,2624,1024,True,vllm_0.5.1_flash_attn,0.022,0.022,0.022,0.022,0.0,,,,,,0.0,0.0,0.0,0.0,0.0,0.0,0.0,0.0,0.0,0.0,0.222,0.23900000000000002,0.22920000000000001,0.229,0.005528109984434106
4096,32,32,16,2,4096,1,2624,1024,True,vllm_0.5.1_flash_attn,0.022,0.022,0.022,0.022,0.0,,,,,,0.0,0.0,0.0,0.0,0.0,0.0,0.0,0.0,0.0,0.0,0.227,0.24,0.23200000000000004,0.231,0.004979959839195488
4096,32,32,16,2,4096,1,2688,0,True,vllm_0.5.1_flash_attn,0.023,0.023,0.023,0.023,0.0,,,,,,0.0,0.0,0.0,0.0,0.0,0.0,0.0,0.0,0.0,0.0,0.145,0.153,0.1494,0.149,0.002870540018881467
4096,32,32,16,2,4096,1,2688,512,True,vllm_0.5.1_flash_attn,0.023,0.024,0.023399999999999997,0.023,0.000489897948556636,,,,,,0.0,0.0,0.0,0.0,0.0,0.0,0.0,0.0,0.0,0.0,0.192,0.201,0.1956,0.194,0.0037202150475476583
4096,32,32,16,2,4096,1,2688,1024,True,vllm_0.5.1_flash_attn,0.023,0.023,0.023,0.023,0.0,,,,,,0.0,0.0,0.0,0.0,0.0,0.0,0.0,0.0,0.0,0.0,0.234,0.241,0.2374,0.23800000000000002,0.00257681974534502
4096,32,32,16,2,4096,1,2688,1024,True,vllm_0.5.1_flash_attn,0.023,0.024,0.0232,0.023,0.00040000000000000034,,,,,,0.0,0.0,0.0,0.0,0.0,0.0,0.0,0.0,0.0,0.0,0.234,0.242,0.23820000000000002,0.23700000000000002,0.0029257477676655486
4096,32,32,16,2,4096,1,2752,0,True,vllm_0.5.1_flash_attn,0.024,0.024,0.024,0.024,0.0,,,,,,0.0,0.0,0.0,0.0,0.0,0.0,0.0,0.0,0.0,0.0,0.155,0.168,0.1638,0.167,0.005114684741017774
4096,32,32,16,2,4096,1,2752,512,True,vllm_0.5.1_flash_attn,0.024,0.025,0.0242,0.024,0.00040000000000000034,,,,,,0.0,0.0,0.0,0.0,0.0,0.0,0.0,0.0,0.0,0.0,0.197,0.21,0.2056,0.20700000000000002,0.004630334761116085
4096,32,32,16,2,4096,1,2752,1024,True,vllm_0.5.1_flash_attn,0.024,0.024,0.024,0.024,0.0,,,,,,0.0,0.0,0.0,0.0,0.0,0.0,0.0,0.0,0.0,0.0,0.23800000000000002,0.243,0.2404,0.24,0.001854723699099131
4096,32,32,16,2,4096,1,2752,1024,True,vllm_0.5.1_flash_attn,0.024,0.025,0.0242,0.024,0.00040000000000000034,,,,,,0.0,0.0,0.0,0.0,0.0,0.0,0.0,0.0,0.0,0.0,0.242,0.253,0.2466,0.246,0.00402988833592198
4096,32,32,16,2,4096,1,2816,0,True,vllm_0.5.1_flash_attn,0.024,0.025,0.0246,0.025,0.000489897948556636,,,,,,0.0,0.0,0.0,0.0,0.0,0.0,0.0,0.0,0.0,0.0,0.158,0.167,0.1632,0.163,0.0031874754901018484
4096,32,32,16,2,4096,1,2816,512,True,vllm_0.5.1_flash_attn,0.024,0.025,0.0246,0.025,0.000489897948556636,,,,,,0.0,0.0,0.0,0.0,0.0,0.0,0.0,0.0,0.0,0.0,0.20600000000000002,0.212,0.209,0.20800000000000002,0.0025298221281346927
4096,32,32,16,2,4096,1,2816,1024,True,vllm_0.5.1_flash_attn,0.024,0.025,0.024399999999999998,0.024,0.000489897948556636,,,,,,0.0,0.0,0.0,0.0,0.0,0.0,0.0,0.0,0.0,0.0,0.247,0.256,0.25179999999999997,0.252,0.002925747767665561
4096,32,32,16,2,4096,1,2816,1024,True,vllm_0.5.1_flash_attn,0.024,0.025,0.0248,0.025,0.00040000000000000034,,,,,,0.0,0.0,0.0,0.0,0.0,0.0,0.0,0.0,0.0,0.0,0.25,0.262,0.2548,0.254,0.003969886648255845
4096,32,32,16,2,4096,1,2880,0,True,vllm_0.5.1_flash_attn,0.025,0.026000000000000002,0.0252,0.025,0.00040000000000000034,,,,,,0.0,0.0,0.0,0.0,0.0,0.0,0.0,0.0,0.0,0.0,0.166,0.179,0.17160000000000003,0.17,0.004758150901348124
4096,32,32,16,2,4096,1,2880,512,True,vllm_0.5.1_flash_attn,0.025,0.026000000000000002,0.0252,0.025,0.00040000000000000034,,,,,,0.0,0.0,0.0,0.0,0.0,0.0,0.0,0.0,0.0,0.0,0.20600000000000002,0.216,0.211,0.209,0.004195235392680599
4096,32,32,16,2,4096,1,2880,1024,True,vllm_0.5.1_flash_attn,0.025,0.026000000000000002,0.0252,0.025,0.00040000000000000034,,,,,,0.0,0.0,0.0,0.0,0.0,0.0,0.0,0.0,0.0,0.0,0.258,0.264,0.2606,0.259,0.0028000000000000026
4096,32,32,16,2,4096,1,2880,1024,True,vllm_0.5.1_flash_attn,0.025,0.025,0.025,0.025,0.0,,,,,,0.0,0.0,0.0,0.0,0.0,0.0,0.0,0.0,0.0,0.0,0.258,0.271,0.264,0.263,0.004560701700396556
4096,32,32,16,2,4096,1,2944,0,True,vllm_0.5.1_flash_attn,0.025,0.026000000000000002,0.0254,0.025,0.000489897948556636,,,,,,0.0,0.0,0.0,0.0,0.0,0.0,0.0,0.0,0.0,0.0,0.169,0.179,0.17240000000000003,0.171,0.003440930106817043
4096,32,32,16,2,4096,1,2944,512,True,vllm_0.5.1_flash_attn,0.025,0.026000000000000002,0.0258,0.026000000000000002,0.00040000000000000034,,,,,,0.0,0.0,0.0,0.0,0.0,0.0,0.0,0.0,0.0,0.0,0.216,0.224,0.2198,0.221,0.002925747767665561
4096,32,32,16,2,4096,1,2944,1024,True,vllm_0.5.1_flash_attn,0.025,0.026000000000000002,0.0256,0.026000000000000002,0.000489897948556636,,,,,,0.0,0.0,0.0,0.0,0.0,0.0,0.0,0.0,0.0,0.0,0.266,0.272,0.2692,0.269,0.0019390719429665333
4096,32,32,16,2,4096,1,2944,1024,True,vllm_0.5.1_flash_attn,0.025,0.026000000000000002,0.0254,0.025,0.000489897948556636,,,,,,0.0,0.0,0.0,0.0,0.0,0.0,0.0,0.0,0.0,0.0,0.26,0.273,0.2676,0.268,0.004223742416388579
4096,32,32,16,2,4096,1,3008,0,True,vllm_0.5.1_flash_attn,0.026000000000000002,0.027,0.0264,0.026000000000000002,0.0004898979485566344,,,,,,0.0,0.0,0.0,0.0,0.0,0.0,0.0,0.0,0.0,0.0,0.179,0.188,0.183,0.182,0.0034641016151377574
4096,32,32,16,2,4096,1,3008,512,True,vllm_0.5.1_flash_attn,0.026000000000000002,0.027,0.0264,0.026000000000000002,0.0004898979485566344,,,,,,0.0,0.0,0.0,0.0,0.0,0.0,0.0,0.0,0.0,0.0,0.228,0.23700000000000002,0.23120000000000002,0.23,0.0031874754901018484
4096,32,32,16,2,4096,1,3008,1024,True,vllm_0.5.1_flash_attn,0.026000000000000002,0.027,0.0264,0.026000000000000002,0.0004898979485566344,,,,,,0.0,0.0,0.0,0.0,0.0,0.0,0.0,0.0,0.0,0.0,0.273,0.291,0.2814,0.279,0.0066211781428987294
4096,32,32,16,2,4096,1,3008,1024,True,vllm_0.5.1_flash_attn,0.026000000000000002,0.027,0.0262,0.026000000000000002,0.000399999999999999,,,,,,0.0,0.0,0.0,0.0,0.0,0.0,0.0,0.0,0.0,0.0,0.276,0.28200000000000003,0.27940000000000004,0.279,0.002332380757938122
4096,32,32,16,2,4096,1,3072,0,True,vllm_0.5.1_flash_attn,0.026000000000000002,0.027,0.0268,0.027,0.000399999999999999,,,,,,0.0,0.0,0.0,0.0,0.0,0.0,0.0,0.0,0.0,0.0,0.185,0.197,0.1896,0.189,0.004079215610874232
4096,32,32,16,2,4096,1,3072,512,True,vllm_0.5.1_flash_attn,0.026000000000000002,0.027,0.026600000000000002,0.027,0.0004898979485566344,,,,,,0.0,0.0,0.0,0.0,0.0,0.0,0.0,0.0,0.0,0.0,0.234,0.244,0.2378,0.23600000000000002,0.003487119154832532
4096,32,32,16,2,4096,1,3072,1024,True,vllm_0.5.1_flash_attn,0.026000000000000002,0.027,0.0268,0.027,0.000399999999999999,,,,,,0.0,0.0,0.0,0.0,0.0,0.0,0.0,0.0,0.0,0.0,0.28300000000000003,0.297,0.2898,0.289,0.004833218389437811
4096,32,32,16,2,4096,1,3072,1024,True,vllm_0.5.1_flash_attn,0.026000000000000002,0.027,0.0268,0.027,0.000399999999999999,,,,,,0.0,0.0,0.0,0.0,0.0,0.0,0.0,0.0,0.0,0.0,0.278,0.28500000000000003,0.281,0.281,0.002280350850198278
4096,32,32,16,2,4096,1,3136,0,True,vllm_0.5.1_flash_attn,0.027,0.028,0.0274,0.027,0.000489897948556636,,,,,,0.0,0.0,0.0,0.0,0.0,0.0,0.0,0.0,0.0,0.0,0.196,0.203,0.20020000000000002,0.2,0.002400000000000002
4096,32,32,16,2,4096,1,3136,512,True,vllm_0.5.1_flash_attn,0.027,0.028,0.0274,0.027,0.000489897948556636,,,,,,0.0,0.0,0.0,0.0,0.0,0.0,0.0,0.0,0.0,0.0,0.241,0.253,0.246,0.245,0.0048166378315169225
4096,32,32,16,2,4096,1,3200,0,True,vllm_0.5.1_flash_attn,0.027,0.028,0.027600000000000003,0.028,0.000489897948556636,,,,,,0.0,0.0,0.0,0.0,0.0,0.0,0.0,0.0,0.0,0.0,0.192,0.20700000000000002,0.1972,0.196,0.005564171097297428
4096,32,32,16,2,4096,1,3200,512,True,vllm_0.5.1_flash_attn,0.027,0.028,0.0274,0.027,0.000489897948556636,,,,,,0.0,0.0,0.0,0.0,0.0,0.0,0.0,0.0,0.0,0.0,0.251,0.264,0.2572,0.259,0.0049558046773455515
4096,32,32,16,2,4096,1,3264,0,True,vllm_0.5.1_flash_attn,0.028,0.029,0.0284,0.028,0.000489897948556636,,,,,,0.0,0.0,0.0,0.0,0.0,0.0,0.0,0.0,0.0,0.0,0.213,0.224,0.21760000000000002,0.216,0.003929376540877704
4096,32,32,16,2,4096,1,3264,512,True,vllm_0.5.1_flash_attn,0.028,0.029,0.028600000000000004,0.029,0.000489897948556636,,,,,,0.0,0.0,0.0,0.0,0.0,0.0,0.0,0.0,0.0,0.0,0.252,0.269,0.25880000000000003,0.259,0.006144916598294892
4096,32,32,16,2,4096,1,3328,0,True,vllm_0.5.1_flash_attn,0.028,0.029,0.028600000000000004,0.029,0.000489897948556636,,,,,,0.0,0.0,0.0,0.0,0.0,0.0,0.0,0.0,0.0,0.0,0.217,0.228,0.2232,0.223,0.0037629775444453593
4096,32,32,16,2,4096,1,3328,512,True,vllm_0.5.1_flash_attn,0.028,0.029,0.028800000000000003,0.029,0.00040000000000000034,,,,,,0.0,0.0,0.0,0.0,0.0,0.0,0.0,0.0,0.0,0.0,0.265,0.274,0.2696,0.271,0.0034985711369071833
4096,32,32,16,2,4096,1,3392,0,True,vllm_0.5.1_flash_attn,0.029,0.03,0.029200000000000004,0.029,0.000399999999999999,,,,,,0.0,0.0,0.0,0.0,0.0,0.0,0.0,0.0,0.0,0.0,0.225,0.244,0.23500000000000001,0.23500000000000001,0.006033241251599339
4096,32,32,16,2,4096,1,3392,512,True,vllm_0.5.1_flash_attn,0.029,0.03,0.0294,0.029,0.0004898979485566344,,,,,,0.0,0.0,0.0,0.0,0.0,0.0,0.0,0.0,0.0,0.0,0.273,0.28,0.27680000000000005,0.277,0.0023151673805580472
4096,32,32,16,2,4096,1,3456,0,True,vllm_0.5.1_flash_attn,0.029,0.03,0.029599999999999998,0.03,0.0004898979485566344,,,,,,0.0,0.0,0.0,0.0,0.0,0.0,0.0,0.0,0.0,0.0,0.23,0.25,0.24,0.24,0.006449806198638835
4096,32,32,16,2,4096,1,3456,512,True,vllm_0.5.1_flash_attn,0.029,0.03,0.029599999999999998,0.03,0.0004898979485566344,,,,,,0.0,0.0,0.0,0.0,0.0,0.0,0.0,0.0,0.0,0.0,0.276,0.28600000000000003,0.2796,0.279,0.0034985711369071833
4096,32,32,16,2,4096,1,3520,0,True,vllm_0.5.1_flash_attn,0.03,0.031,0.0304,0.03,0.000489897948556636,,,,,,0.0,0.0,0.0,0.0,0.0,0.0,0.0,0.0,0.0,0.0,0.23900000000000002,0.262,0.24900000000000003,0.249,0.007563068160475614
4096,32,32,16,2,4096,1,3520,512,True,vllm_0.5.1_flash_attn,0.03,0.031,0.030199999999999998,0.03,0.00040000000000000034,,,,,,0.0,0.0,0.0,0.0,0.0,0.0,0.0,0.0,0.0,0.0,0.28200000000000003,0.296,0.2904,0.292,0.0046303347611160745
4096,32,32,16,2,4096,1,3584,0,True,vllm_0.5.1_flash_attn,0.03,0.031,0.0306,0.031,0.000489897948556636,,,,,,0.0,0.0,0.0,0.0,0.0,0.0,0.0,0.0,0.0,0.0,0.243,0.264,0.252,0.248,0.008074651695274547
4096,32,32,16,2,4096,1,3584,512,True,vllm_0.5.1_flash_attn,0.03,0.031,0.0308,0.031,0.00040000000000000034,,,,,,0.0,0.0,0.0,0.0,0.0,0.0,0.0,0.0,0.0,0.0,0.29,0.308,0.297,0.295,0.005966573556070525
4096,32,32,16,2,4096,1,3648,0,True,vllm_0.5.1_flash_attn,0.031,0.031,0.031,0.031,0.0,,,,,,0.0,0.0,0.0,0.0,0.0,0.0,0.0,0.0,0.0,0.0,0.252,0.273,0.26139999999999997,0.257,0.008452218643646184
4096,32,32,16,2,4096,1,3712,0,True,vllm_0.5.1_flash_attn,0.031,0.032,0.0318,0.032,0.00040000000000000034,,,,,,0.0,0.0,0.0,0.0,0.0,0.0,0.0,0.0,0.0,0.0,0.248,0.268,0.26,0.26,0.006841052550594834
4096,32,32,16,2,4096,1,3776,0,True,vllm_0.5.1_flash_attn,0.032,0.033,0.032600000000000004,0.033,0.000489897948556636,,,,,,0.0,0.0,0.0,0.0,0.0,0.0,0.0,0.0,0.0,0.0,0.253,0.28300000000000003,0.26580000000000004,0.266,0.00994786409235672
4096,32,32,16,2,4096,1,3840,0,True,vllm_0.5.1_flash_attn,0.032,0.033,0.0328,0.033,0.00040000000000000034,,,,,,0.0,0.0,0.0,0.0,0.0,0.0,0.0,0.0,0.0,0.0,0.266,0.28,0.274,0.277,0.005176871642217918
4096,32,32,16,2,4096,1,3904,0,True,vllm_0.5.1_flash_attn,0.033,0.034,0.033600000000000005,0.034,0.000489897948556636,,,,,,0.0,0.0,0.0,0.0,0.0,0.0,0.0,0.0,0.0,0.0,0.28700000000000003,0.293,0.2904,0.292,0.00241660919471889
4096,32,32,16,2,4096,1,3968,0,True,vllm_0.5.1_flash_attn,0.034,0.034,0.034,0.034,0.0,,,,,,0.0,0.0,0.0,0.0,0.0,0.0,0.0,0.0,0.0,0.0,0.281,0.307,0.2954,0.3,0.009478396488858213
4096,32,32,16,2,4096,1,4032,0,True,vllm_0.5.1_flash_attn,0.034,0.035,0.0344,0.034,0.000489897948556636,,,,,,0.0,0.0,0.0,0.0,0.0,0.0,0.0,0.0,0.0,0.0,0.28500000000000003,0.308,0.29660000000000003,0.294,0.008333066662399856
4096,32,32,16,2,4096,1,4096,0,True,vllm_0.5.1_flash_attn,0.035,0.035,0.035,0.035,0.0,,,,,,0.0,0.0,0.0,0.0,0.0,0.0,0.0,0.0,0.0,0.0,0.302,0.314,0.3074,0.307,0.00458693797647189
4096,32,32,16,2,4096,1,4096,0,True,vllm_0.5.1_flash_attn,0.035,0.035,0.035,0.035,0.0,,,,,,0.0,0.0,0.0,0.0,0.0,0.0,0.0,0.0,0.0,0.0,0.297,0.315,0.3036,0.301,0.006118823416311347
4096,32,32,16,4,4096,1,0,32,False,vllm_0.5.1_flash_attn,0.001,0.001,0.001,0.001,0.0,0.004,0.004,0.004,0.004,0.0,0.0,0.0,0.0,0.0,0.0,0.0,0.0,0.0,0.0,0.0,,,,,
4096,32,32,16,4,4096,2,0,32,False,vllm_0.5.1_flash_attn,0.001,0.001,0.001,0.001,0.0,0.004,0.005,0.004200000000000001,0.004,0.0004,0.0,0.0,0.0,0.0,0.0,0.0,0.0,0.0,0.0,0.0,,,,,
4096,32,32,16,4,4096,3,0,32,False,vllm_0.5.1_flash_attn,0.001,0.001,0.001,0.001,0.0,0.004,0.004,0.004,0.004,0.0,0.0,0.0,0.0,0.0,0.0,0.0,0.0,0.0,0.0,0.0,,,,,
4096,32,32,16,4,4096,4,0,32,False,vllm_0.5.1_flash_attn,0.001,0.001,0.001,0.001,0.0,0.004,0.004,0.004,0.004,0.0,0.0,0.0,0.0,0.0,0.0,0.0,0.0,0.0,0.0,0.0,,,,,
4096,32,32,16,4,4096,5,0,32,False,vllm_0.5.1_flash_attn,0.001,0.001,0.001,0.001,0.0,0.004,0.005,0.004200000000000001,0.004,0.0004,0.0,0.0,0.0,0.0,0.0,0.0,0.0,0.0,0.0,0.0,,,,,
4096,32,32,16,4,4096,6,0,32,False,vllm_0.5.1_flash_attn,0.001,0.001,0.001,0.001,0.0,0.004,0.005,0.0048000000000000004,0.005,0.0004,0.0,0.0,0.0,0.0,0.0,0.0,0.0,0.0,0.0,0.0,,,,,
4096,32,32,16,4,4096,7,0,32,False,vllm_0.5.1_flash_attn,0.001,0.001,0.001,0.001,0.0,0.004,0.005,0.0046,0.005,0.0004898979485566357,0.0,0.0,0.0,0.0,0.0,0.0,0.0,0.0,0.0,0.0,,,,,
4096,32,32,16,4,4096,8,0,32,False,vllm_0.5.1_flash_attn,0.001,0.001,0.001,0.001,0.0,0.005,0.005,0.005,0.005,0.0,0.0,0.0,0.0,0.0,0.0,0.0,0.0,0.0,0.0,0.0,,,,,
4096,32,32,16,4,4096,1,0,64,False,vllm_0.5.1_flash_attn,0.001,0.001,0.001,0.001,0.0,0.004,0.004,0.004,0.004,0.0,0.0,0.0,0.0,0.0,0.0,0.0,0.0,0.0,0.0,0.0,,,,,
4096,32,32,16,4,4096,2,0,64,False,vllm_0.5.1_flash_attn,0.001,0.001,0.001,0.001,0.0,0.004,0.004,0.004,0.004,0.0,0.0,0.0,0.0,0.0,0.0,0.0,0.0,0.0,0.0,0.0,,,,,
4096,32,32,16,4,4096,3,0,64,False,vllm_0.5.1_flash_attn,0.001,0.001,0.001,0.001,0.0,0.004,0.004,0.004,0.004,0.0,0.0,0.0,0.0,0.0,0.0,0.0,0.0,0.0,0.0,0.0,,,,,
4096,32,32,16,4,4096,4,0,64,False,vllm_0.5.1_flash_attn,0.001,0.001,0.001,0.001,0.0,0.004,0.004,0.004,0.004,0.0,0.0,0.0,0.0,0.0,0.0,0.0,0.0,0.0,0.0,0.0,,,,,
4096,32,32,16,4,4096,5,0,64,False,vllm_0.5.1_flash_attn,0.001,0.001,0.001,0.001,0.0,0.004,0.005,0.004399999999999999,0.004,0.0004898979485566357,0.0,0.0,0.0,0.0,0.0,0.0,0.0,0.0,0.0,0.0,,,,,
4096,32,32,16,4,4096,6,0,64,False,vllm_0.5.1_flash_attn,0.001,0.001,0.001,0.001,0.0,0.004,0.005,0.0048000000000000004,0.005,0.0004,0.0,0.0,0.0,0.0,0.0,0.0,0.0,0.0,0.0,0.0,,,,,
4096,32,32,16,4,4096,7,0,64,False,vllm_0.5.1_flash_attn,0.001,0.001,0.001,0.001,0.0,0.004,0.005,0.0048000000000000004,0.005,0.0004,0.0,0.0,0.0,0.0,0.0,0.0,0.0,0.0,0.0,0.0,,,,,
4096,32,32,16,4,4096,8,0,64,False,vllm_0.5.1_flash_attn,0.001,0.001,0.001,0.001,0.0,0.005,0.005,0.005,0.005,0.0,0.0,0.0,0.0,0.0,0.0,0.0,0.0,0.0,0.0,0.0,,,,,
4096,32,32,16,4,4096,1,0,96,False,vllm_0.5.1_flash_attn,0.001,0.001,0.001,0.001,0.0,0.004,0.004,0.004,0.004,0.0,0.0,0.0,0.0,0.0,0.0,0.0,0.0,0.0,0.0,0.0,,,,,
4096,32,32,16,4,4096,2,0,96,False,vllm_0.5.1_flash_attn,0.001,0.001,0.001,0.001,0.0,0.004,0.004,0.004,0.004,0.0,0.0,0.0,0.0,0.0,0.0,0.0,0.0,0.0,0.0,0.0,,,,,
4096,32,32,16,4,4096,3,0,96,False,vllm_0.5.1_flash_attn,0.001,0.001,0.001,0.001,0.0,0.004,0.005,0.004200000000000001,0.004,0.0004,0.0,0.0,0.0,0.0,0.0,0.0,0.0,0.0,0.0,0.0,,,,,
4096,32,32,16,4,4096,4,0,96,False,vllm_0.5.1_flash_attn,0.001,0.001,0.001,0.001,0.0,0.005,0.005,0.005,0.005,0.0,0.0,0.0,0.0,0.0,0.0,0.0,0.0,0.0,0.0,0.0,,,,,
4096,32,32,16,4,4096,5,0,96,False,vllm_0.5.1_flash_attn,0.001,0.001,0.001,0.001,0.0,0.005,0.005,0.005,0.005,0.0,0.0,0.0,0.0,0.0,0.0,0.0,0.0,0.0,0.0,0.0,,,,,
4096,32,32,16,4,4096,6,0,96,False,vllm_0.5.1_flash_attn,0.001,0.001,0.001,0.001,0.0,0.005,0.005,0.005,0.005,0.0,0.0,0.0,0.0,0.0,0.0,0.0,0.0,0.0,0.0,0.0,,,,,
4096,32,32,16,4,4096,7,0,96,False,vllm_0.5.1_flash_attn,0.001,0.001,0.001,0.001,0.0,0.005,0.005,0.005,0.005,0.0,0.0,0.0,0.0,0.0,0.0,0.0,0.0,0.0,0.0,0.0,,,,,
4096,32,32,16,4,4096,8,0,96,False,vllm_0.5.1_flash_attn,0.001,0.001,0.001,0.001,0.0,0.005,0.005,0.005,0.005,0.0,0.0,0.0,0.0,0.0,0.0,0.0,0.0,0.0,0.0,0.0,,,,,
4096,32,32,16,4,4096,1,0,128,False,vllm_0.5.1_flash_attn,0.001,0.001,0.001,0.001,0.0,0.009000000000000001,0.014,0.01,0.009000000000000001,0.0019999999999999996,0.0,0.0,0.0,0.0,0.0,0.0,0.0,0.0,0.0,0.0,,,,,
4096,32,32,16,4,4096,2,0,128,False,vllm_0.5.1_flash_attn,0.001,0.001,0.001,0.001,0.0,0.009000000000000001,0.018000000000000002,0.0108,0.009000000000000001,0.0036000000000000003,0.0,0.0,0.0,0.0,0.0,0.0,0.0,0.0,0.0,0.0,,,,,
4096,32,32,16,4,4096,3,0,128,False,vllm_0.5.1_flash_attn,0.001,0.001,0.001,0.001,0.0,0.009000000000000001,0.023,0.011800000000000001,0.009000000000000001,0.005599999999999999,0.0,0.0,0.0,0.0,0.0,0.0,0.0,0.0,0.0,0.0,,,,,
4096,32,32,16,4,4096,4,0,128,False,vllm_0.5.1_flash_attn,0.001,0.001,0.001,0.001,0.0,0.009000000000000001,0.014,0.01,0.009000000000000001,0.0019999999999999996,0.0,0.0,0.0,0.0,0.0,0.0,0.0,0.0,0.0,0.0,,,,,
4096,32,32,16,4,4096,5,0,128,False,vllm_0.5.1_flash_attn,0.001,0.001,0.001,0.001,0.0,0.009000000000000001,0.014,0.01,0.009000000000000001,0.0019999999999999996,0.0,0.0,0.0,0.0,0.0,0.0,0.0,0.0,0.0,0.0,,,,,
4096,32,32,16,4,4096,6,0,128,False,vllm_0.5.1_flash_attn,0.001,0.001,0.001,0.001,0.0,0.008,0.014,0.0098,0.009000000000000001,0.002135415650406262,0.0,0.0,0.0,0.0,0.0,0.0,0.0,0.0,0.0,0.0,,,,,
4096,32,32,16,4,4096,7,0,128,False,vllm_0.5.1_flash_attn,0.001,0.001,0.001,0.001,0.0,0.009000000000000001,0.013000000000000001,0.0098,0.009000000000000001,0.0016,0.0,0.0,0.0,0.0,0.0,0.0,0.0,0.0,0.0,0.0,,,,,
4096,32,32,16,4,4096,8,0,128,False,vllm_0.5.1_flash_attn,0.001,0.001,0.001,0.001,0.0,0.009000000000000001,0.013000000000000001,0.01,0.009000000000000001,0.0015491933384829666,0.0,0.0,0.0,0.0,0.0,0.0,0.0,0.0,0.0,0.0,,,,,
4096,32,32,16,4,4096,1,0,160,False,vllm_0.5.1_flash_attn,0.001,0.001,0.001,0.001,0.0,0.008,0.013000000000000001,0.0092,0.008,0.001939071942966532,0.0,0.0,0.0,0.0,0.0,0.0,0.0,0.0,0.0,0.0,,,,,
4096,32,32,16,4,4096,2,0,160,False,vllm_0.5.1_flash_attn,0.001,0.001,0.001,0.001,0.0,0.008,0.012,0.0094,0.009000000000000001,0.0013564659966250536,0.0,0.0,0.0,0.0,0.0,0.0,0.0,0.0,0.0,0.0,,,,,
4096,32,32,16,4,4096,3,0,160,False,vllm_0.5.1_flash_attn,0.001,0.001,0.001,0.001,0.0,0.009000000000000001,0.013000000000000001,0.0098,0.009000000000000001,0.0016,0.0,0.0,0.0,0.0,0.0,0.0,0.0,0.0,0.0,0.0,,,,,
4096,32,32,16,4,4096,4,0,160,False,vllm_0.5.1_flash_attn,0.001,0.001,0.001,0.001,0.0,0.009000000000000001,0.013000000000000001,0.0098,0.009000000000000001,0.0016,0.0,0.0,0.0,0.0,0.0,0.0,0.0,0.0,0.0,0.0,,,,,
4096,32,32,16,4,4096,5,0,160,False,vllm_0.5.1_flash_attn,0.001,0.001,0.001,0.001,0.0,0.009000000000000001,0.014,0.01,0.009000000000000001,0.0019999999999999996,0.0,0.0,0.0,0.0,0.0,0.0,0.0,0.0,0.0,0.0,,,,,
4096,32,32,16,4,4096,6,0,160,False,vllm_0.5.1_flash_attn,0.001,0.001,0.001,0.001,0.0,0.009000000000000001,0.013000000000000001,0.0098,0.009000000000000001,0.0016,0.0,0.0,0.0,0.0,0.0,0.0,0.0,0.0,0.0,0.0,,,,,
4096,32,32,16,4,4096,7,0,160,False,vllm_0.5.1_flash_attn,0.001,0.001,0.001,0.001,0.0,0.009000000000000001,0.014,0.01,0.009000000000000001,0.0019999999999999996,0.0,0.0,0.0,0.0,0.0,0.0,0.0,0.0,0.0,0.0,,,,,
4096,32,32,16,4,4096,8,0,160,False,vllm_0.5.1_flash_attn,0.001,0.001,0.001,0.001,0.0,0.009000000000000001,0.013000000000000001,0.0098,0.009000000000000001,0.0016,0.0,0.0,0.0,0.0,0.0,0.0,0.0,0.0,0.0,0.0,,,,,
4096,32,32,16,4,4096,1,0,192,False,vllm_0.5.1_flash_attn,0.001,0.001,0.001,0.001,0.0,0.008,0.013000000000000001,0.009600000000000001,0.009000000000000001,0.0017435595774162695,0.0,0.0,0.0,0.0,0.0,0.0,0.0,0.0,0.0,0.0,,,,,
4096,32,32,16,4,4096,2,0,192,False,vllm_0.5.1_flash_attn,0.001,0.001,0.001,0.001,0.0,0.009000000000000001,0.013000000000000001,0.0098,0.009000000000000001,0.0016,0.0,0.0,0.0,0.0,0.0,0.0,0.0,0.0,0.0,0.0,,,,,
4096,32,32,16,4,4096,3,0,192,False,vllm_0.5.1_flash_attn,0.001,0.001,0.001,0.001,0.0,0.009000000000000001,0.013000000000000001,0.0098,0.009000000000000001,0.0016,0.0,0.0,0.0,0.0,0.0,0.0,0.0,0.0,0.0,0.0,,,,,
4096,32,32,16,4,4096,4,0,192,False,vllm_0.5.1_flash_attn,0.001,0.001,0.001,0.001,0.0,0.009000000000000001,0.012,0.009600000000000001,0.009000000000000001,0.0011999999999999997,0.0,0.0,0.0,0.0,0.0,0.0,0.0,0.0,0.0,0.0,,,,,
4096,32,32,16,4,4096,5,0,192,False,vllm_0.5.1_flash_attn,0.001,0.001,0.001,0.001,0.0,0.009000000000000001,0.013000000000000001,0.0098,0.009000000000000001,0.0016,0.0,0.0,0.0,0.0,0.0,0.0,0.0,0.0,0.0,0.0,,,,,
4096,32,32,16,4,4096,6,0,192,False,vllm_0.5.1_flash_attn,0.001,0.001,0.001,0.001,0.0,0.009000000000000001,0.013000000000000001,0.0098,0.009000000000000001,0.0016,0.0,0.0,0.0,0.0,0.0,0.0,0.0,0.0,0.0,0.0,,,,,
4096,32,32,16,4,4096,7,0,192,False,vllm_0.5.1_flash_attn,0.001,0.001,0.001,0.001,0.0,0.009000000000000001,0.014,0.01,0.009000000000000001,0.0019999999999999996,0.0,0.0,0.0,0.0,0.0,0.0,0.0,0.0,0.0,0.0,,,,,
4096,32,32,16,4,4096,8,0,192,False,vllm_0.5.1_flash_attn,0.001,0.001,0.001,0.001,0.0,0.009000000000000001,0.014,0.0102,0.009000000000000001,0.0019390719429665314,0.0,0.0,0.0,0.0,0.0,0.0,0.0,0.0,0.0,0.0,,,,,
4096,32,32,16,4,4096,1,0,224,False,vllm_0.5.1_flash_attn,0.001,0.001,0.001,0.001,0.0,0.009000000000000001,0.014,0.01,0.009000000000000001,0.0019999999999999996,0.0,0.0,0.0,0.0,0.0,0.0,0.0,0.0,0.0,0.0,,,,,
4096,32,32,16,4,4096,2,0,224,False,vllm_0.5.1_flash_attn,0.001,0.001,0.001,0.001,0.0,0.009000000000000001,0.013000000000000001,0.0098,0.009000000000000001,0.0016,0.0,0.0,0.0,0.0,0.0,0.0,0.0,0.0,0.0,0.0,,,,,
4096,32,32,16,4,4096,3,0,224,False,vllm_0.5.1_flash_attn,0.001,0.001,0.001,0.001,0.0,0.009000000000000001,0.013000000000000001,0.010400000000000001,0.009000000000000001,0.0017435595774162693,0.0,0.0,0.0,0.0,0.0,0.0,0.0,0.0,0.0,0.0,,,,,
4096,32,32,16,4,4096,4,0,224,False,vllm_0.5.1_flash_attn,0.001,0.001,0.001,0.001,0.0,0.009000000000000001,0.012,0.009600000000000001,0.009000000000000001,0.0011999999999999997,0.0,0.0,0.0,0.0,0.0,0.0,0.0,0.0,0.0,0.0,,,,,
4096,32,32,16,4,4096,5,0,224,False,vllm_0.5.1_flash_attn,0.001,0.001,0.001,0.001,0.0,0.009000000000000001,0.013000000000000001,0.0098,0.009000000000000001,0.0016,0.0,0.0,0.0,0.0,0.0,0.0,0.0,0.0,0.0,0.0,,,,,
4096,32,32,16,4,4096,6,0,224,False,vllm_0.5.1_flash_attn,0.001,0.001,0.001,0.001,0.0,0.009000000000000001,0.013000000000000001,0.0098,0.009000000000000001,0.0016,0.0,0.0,0.0,0.0,0.0,0.0,0.0,0.0,0.0,0.0,,,,,
4096,32,32,16,4,4096,7,0,224,False,vllm_0.5.1_flash_attn,0.001,0.001,0.001,0.001,0.0,0.009000000000000001,0.013000000000000001,0.01,0.009000000000000001,0.0015491933384829666,0.0,0.0,0.0,0.0,0.0,0.0,0.0,0.0,0.0,0.0,,,,,
4096,32,32,16,4,4096,8,0,224,False,vllm_0.5.1_flash_attn,0.001,0.001,0.001,0.001,0.0,0.009000000000000001,0.013000000000000001,0.0098,0.009000000000000001,0.0016,0.0,0.0,0.0,0.0,0.0,0.0,0.0,0.0,0.0,0.0,,,,,
4096,32,32,16,4,4096,1,0,256,False,vllm_0.5.1_flash_attn,0.001,0.001,0.001,0.001,0.0,0.009000000000000001,0.014,0.01,0.009000000000000001,0.0019999999999999996,0.0,0.0,0.0,0.0,0.0,0.0,0.0,0.0,0.0,0.0,,,,,
4096,32,32,16,4,4096,2,0,256,False,vllm_0.5.1_flash_attn,0.001,0.001,0.001,0.001,0.0,0.009000000000000001,0.014,0.01,0.009000000000000001,0.0019999999999999996,0.0,0.0,0.0,0.0,0.0,0.0,0.0,0.0,0.0,0.0,,,,,
4096,32,32,16,4,4096,3,0,256,False,vllm_0.5.1_flash_attn,0.001,0.001,0.001,0.001,0.0,0.009000000000000001,0.013000000000000001,0.0098,0.009000000000000001,0.0016,0.0,0.0,0.0,0.0,0.0,0.0,0.0,0.0,0.0,0.0,,,,,
4096,32,32,16,4,4096,4,0,256,False,vllm_0.5.1_flash_attn,0.001,0.001,0.001,0.001,0.0,0.009000000000000001,0.014,0.01,0.009000000000000001,0.0019999999999999996,0.0,0.0,0.0,0.0,0.0,0.0,0.0,0.0,0.0,0.0,,,,,
4096,32,32,16,4,4096,5,0,256,False,vllm_0.5.1_flash_attn,0.001,0.001,0.001,0.001,0.0,0.009000000000000001,0.013000000000000001,0.0098,0.009000000000000001,0.0016,0.0,0.0,0.0,0.0,0.0,0.0,0.0,0.0,0.0,0.0,,,,,
4096,32,32,16,4,4096,6,0,256,False,vllm_0.5.1_flash_attn,0.001,0.001,0.001,0.001,0.0,0.01,0.014,0.011399999999999999,0.011,0.0013564659966250538,0.0,0.0,0.0,0.0,0.0,0.0,0.0,0.0,0.0,0.0,,,,,
4096,32,32,16,4,4096,7,0,256,False,vllm_0.5.1_flash_attn,0.001,0.001,0.001,0.001,0.0,0.011,0.013000000000000001,0.011399999999999999,0.011,0.0008000000000000007,0.0,0.0,0.0,0.0,0.0,0.0,0.0,0.0,0.0,0.0,,,,,
4096,32,32,16,4,4096,8,0,256,False,vllm_0.5.1_flash_attn,0.001,0.001,0.001,0.001,0.0,0.011,0.014,0.0116,0.011,0.0012000000000000003,0.0,0.0,0.0,0.0,0.0,0.0,0.0,0.0,0.0,0.0,,,,,
4096,32,32,16,4,4096,1,0,288,False,vllm_0.5.1_flash_attn,0.001,0.001,0.001,0.001,0.0,0.009000000000000001,0.013000000000000001,0.0098,0.009000000000000001,0.0016,0.0,0.0,0.0,0.0,0.0,0.0,0.0,0.0,0.0,0.0,,,,,
4096,32,32,16,4,4096,2,0,288,False,vllm_0.5.1_flash_attn,0.001,0.001,0.001,0.001,0.0,0.009000000000000001,0.013000000000000001,0.0098,0.009000000000000001,0.0016,0.0,0.0,0.0,0.0,0.0,0.0,0.0,0.0,0.0,0.0,,,,,
4096,32,32,16,4,4096,3,0,288,False,vllm_0.5.1_flash_attn,0.001,0.001,0.001,0.001,0.0,0.009000000000000001,0.014,0.01,0.009000000000000001,0.0019999999999999996,0.0,0.0,0.0,0.0,0.0,0.0,0.0,0.0,0.0,0.0,,,,,
4096,32,32,16,4,4096,4,0,288,False,vllm_0.5.1_flash_attn,0.001,0.001,0.001,0.001,0.0,0.009000000000000001,0.016,0.010400000000000001,0.009000000000000001,0.0027999999999999995,0.0,0.0,0.0,0.0,0.0,0.0,0.0,0.0,0.0,0.0,,,,,
4096,32,32,16,4,4096,5,0,288,False,vllm_0.5.1_flash_attn,0.001,0.001,0.001,0.001,0.0,0.009000000000000001,0.012,0.009600000000000001,0.009000000000000001,0.0011999999999999997,0.0,0.0,0.0,0.0,0.0,0.0,0.0,0.0,0.0,0.0,,,,,
4096,32,32,16,4,4096,6,0,288,False,vllm_0.5.1_flash_attn,0.001,0.001,0.001,0.001,0.0,0.011,0.014,0.0116,0.011,0.0012000000000000003,0.0,0.0,0.0,0.0,0.0,0.0,0.0,0.0,0.0,0.0,,,,,
4096,32,32,16,4,4096,7,0,288,False,vllm_0.5.1_flash_attn,0.001,0.001,0.001,0.001,0.0,0.011,0.015,0.0118,0.011,0.0016,0.0,0.0,0.0,0.0,0.0,0.0,0.0,0.0,0.0,0.0,,,,,
4096,32,32,16,4,4096,8,0,288,False,vllm_0.5.1_flash_attn,0.001,0.001,0.001,0.001,0.0,0.011,0.015,0.012,0.011,0.0015491933384829666,0.0,0.0,0.0,0.0,0.0,0.0,0.0,0.0,0.0,0.0,,,,,
4096,32,32,16,4,4096,1,0,320,False,vllm_0.5.1_flash_attn,0.001,0.001,0.001,0.001,0.0,0.009000000000000001,0.014,0.01,0.009000000000000001,0.0019999999999999996,0.0,0.0,0.0,0.0,0.0,0.0,0.0,0.0,0.0,0.0,,,,,
4096,32,32,16,4,4096,2,0,320,False,vllm_0.5.1_flash_attn,0.001,0.001,0.001,0.001,0.0,0.009000000000000001,0.013000000000000001,0.0098,0.009000000000000001,0.0016,0.0,0.0,0.0,0.0,0.0,0.0,0.0,0.0,0.0,0.0,,,,,
4096,32,32,16,4,4096,3,0,320,False,vllm_0.5.1_flash_attn,0.001,0.001,0.001,0.001,0.0,0.009000000000000001,0.014,0.01,0.009000000000000001,0.0019999999999999996,0.0,0.0,0.0,0.0,0.0,0.0,0.0,0.0,0.0,0.0,,,,,
4096,32,32,16,4,4096,4,0,320,False,vllm_0.5.1_flash_attn,0.001,0.001,0.001,0.001,0.0,0.009000000000000001,0.014,0.01,0.009000000000000001,0.0019999999999999996,0.0,0.0,0.0,0.0,0.0,0.0,0.0,0.0,0.0,0.0,,,,,
4096,32,32,16,4,4096,5,0,320,False,vllm_0.5.1_flash_attn,0.001,0.001,0.001,0.001,0.0,0.009000000000000001,0.013000000000000001,0.0098,0.009000000000000001,0.0016,0.0,0.0,0.0,0.0,0.0,0.0,0.0,0.0,0.0,0.0,,,,,
4096,32,32,16,4,4096,6,0,320,False,vllm_0.5.1_flash_attn,0.001,0.001,0.001,0.001,0.0,0.011,0.013000000000000001,0.011399999999999999,0.011,0.0008000000000000007,0.0,0.0,0.0,0.0,0.0,0.0,0.0,0.0,0.0,0.0,,,,,
4096,32,32,16,4,4096,7,0,320,False,vllm_0.5.1_flash_attn,0.001,0.001,0.001,0.001,0.0,0.011,0.014,0.0116,0.011,0.0012000000000000003,0.0,0.0,0.0,0.0,0.0,0.0,0.0,0.0,0.0,0.0,,,,,
4096,32,32,16,4,4096,8,0,320,False,vllm_0.5.1_flash_attn,0.001,0.001,0.001,0.001,0.0,0.011,0.014,0.0116,0.011,0.0012000000000000003,0.0,0.0,0.0,0.0,0.0,0.0,0.0,0.0,0.0,0.0,,,,,
4096,32,32,16,4,4096,1,0,352,False,vllm_0.5.1_flash_attn,0.001,0.001,0.001,0.001,0.0,0.009000000000000001,0.013000000000000001,0.0098,0.009000000000000001,0.0016,0.0,0.0,0.0,0.0,0.0,0.0,0.0,0.0,0.0,0.0,,,,,
4096,32,32,16,4,4096,2,0,352,False,vllm_0.5.1_flash_attn,0.001,0.001,0.001,0.001,0.0,0.009000000000000001,0.012,0.009600000000000001,0.009000000000000001,0.0011999999999999997,0.0,0.0,0.0,0.0,0.0,0.0,0.0,0.0,0.0,0.0,,,,,
4096,32,32,16,4,4096,3,0,352,False,vllm_0.5.1_flash_attn,0.001,0.001,0.001,0.001,0.0,0.009000000000000001,0.013000000000000001,0.0098,0.009000000000000001,0.0016,0.0,0.0,0.0,0.0,0.0,0.0,0.0,0.0,0.0,0.0,,,,,
4096,32,32,16,4,4096,4,0,352,False,vllm_0.5.1_flash_attn,0.001,0.001,0.001,0.001,0.0,0.009000000000000001,0.014,0.01,0.009000000000000001,0.0019999999999999996,0.0,0.0,0.0,0.0,0.0,0.0,0.0,0.0,0.0,0.0,,,,,
4096,32,32,16,4,4096,5,0,352,False,vllm_0.5.1_flash_attn,0.001,0.001,0.001,0.001,0.0,0.009000000000000001,0.013000000000000001,0.0098,0.009000000000000001,0.0016,0.0,0.0,0.0,0.0,0.0,0.0,0.0,0.0,0.0,0.0,,,,,
4096,32,32,16,4,4096,6,0,352,False,vllm_0.5.1_flash_attn,0.001,0.001,0.001,0.001,0.0,0.011,0.013000000000000001,0.011399999999999999,0.011,0.0008000000000000007,0.0,0.0,0.0,0.0,0.0,0.0,0.0,0.0,0.0,0.0,,,,,
4096,32,32,16,4,4096,7,0,352,False,vllm_0.5.1_flash_attn,0.001,0.001,0.001,0.001,0.0,0.011,0.014,0.0118,0.011,0.0011661903789690605,0.0,0.0,0.0,0.0,0.0,0.0,0.0,0.0,0.0,0.0,,,,,
4096,32,32,16,4,4096,8,0,352,False,vllm_0.5.1_flash_attn,0.001,0.001,0.001,0.001,0.0,0.011,0.013000000000000001,0.011399999999999999,0.011,0.0008000000000000007,0.0,0.0,0.0,0.0,0.0,0.0,0.0,0.0,0.0,0.0,,,,,
4096,32,32,16,4,4096,1,0,384,False,vllm_0.5.1_flash_attn,0.001,0.001,0.001,0.001,0.0,0.009000000000000001,0.014,0.01,0.009000000000000001,0.0019999999999999996,0.0,0.0,0.0,0.0,0.0,0.0,0.0,0.0,0.0,0.0,,,,,
4096,32,32,16,4,4096,2,0,384,False,vllm_0.5.1_flash_attn,0.001,0.001,0.001,0.001,0.0,0.009000000000000001,0.014,0.01,0.009000000000000001,0.0019999999999999996,0.0,0.0,0.0,0.0,0.0,0.0,0.0,0.0,0.0,0.0,,,,,
4096,32,32,16,4,4096,3,0,384,False,vllm_0.5.1_flash_attn,0.001,0.001,0.001,0.001,0.0,0.009000000000000001,0.015,0.0102,0.009000000000000001,0.0023999999999999994,0.0,0.0,0.0,0.0,0.0,0.0,0.0,0.0,0.0,0.0,,,,,
4096,32,32,16,4,4096,4,0,384,False,vllm_0.5.1_flash_attn,0.001,0.001,0.001,0.001,0.0,0.009000000000000001,0.014,0.01,0.009000000000000001,0.0019999999999999996,0.0,0.0,0.0,0.0,0.0,0.0,0.0,0.0,0.0,0.0,,,,,
4096,32,32,16,4,4096,5,0,384,False,vllm_0.5.1_flash_attn,0.001,0.001,0.001,0.001,0.0,0.011,0.014,0.0116,0.011,0.0012000000000000003,0.0,0.0,0.0,0.0,0.0,0.0,0.0,0.0,0.0,0.0,,,,,
4096,32,32,16,4,4096,6,0,384,False,vllm_0.5.1_flash_attn,0.001,0.001,0.001,0.001,0.0,0.011,0.014,0.0116,0.011,0.0012000000000000003,0.0,0.0,0.0,0.0,0.0,0.0,0.0,0.0,0.0,0.0,,,,,
4096,32,32,16,4,4096,7,0,384,False,vllm_0.5.1_flash_attn,0.001,0.001,0.001,0.001,0.0,0.011,0.015,0.0118,0.011,0.0016,0.0,0.0,0.0,0.0,0.0,0.0,0.0,0.0,0.0,0.0,,,,,
4096,32,32,16,4,4096,8,0,384,False,vllm_0.5.1_flash_attn,0.001,0.001,0.001,0.001,0.0,0.011,0.014,0.0116,0.011,0.0012000000000000003,0.0,0.0,0.0,0.0,0.0,0.0,0.0,0.0,0.0,0.0,,,,,
4096,32,32,16,4,4096,1,0,416,False,vllm_0.5.1_flash_attn,0.001,0.001,0.001,0.001,0.0,0.009000000000000001,0.013000000000000001,0.0098,0.009000000000000001,0.0016,0.0,0.0,0.0,0.0,0.0,0.0,0.0,0.0,0.0,0.0,,,,,
4096,32,32,16,4,4096,2,0,416,False,vllm_0.5.1_flash_attn,0.001,0.001,0.001,0.001,0.0,0.009000000000000001,0.013000000000000001,0.0098,0.009000000000000001,0.0016,0.0,0.0,0.0,0.0,0.0,0.0,0.0,0.0,0.0,0.0,,,,,
4096,32,32,16,4,4096,3,0,416,False,vllm_0.5.1_flash_attn,0.001,0.001,0.001,0.001,0.0,0.009000000000000001,0.013000000000000001,0.0098,0.009000000000000001,0.0016,0.0,0.0,0.0,0.0,0.0,0.0,0.0,0.0,0.0,0.0,,,,,
4096,32,32,16,4,4096,4,0,416,False,vllm_0.5.1_flash_attn,0.001,0.001,0.001,0.001,0.0,0.009000000000000001,0.015,0.011000000000000001,0.009000000000000001,0.002529822128134703,0.0,0.0,0.0,0.0,0.0,0.0,0.0,0.0,0.0,0.0,,,,,
4096,32,32,16,4,4096,5,0,416,False,vllm_0.5.1_flash_attn,0.001,0.001,0.001,0.001,0.0,0.011,0.013000000000000001,0.011399999999999999,0.011,0.0008000000000000007,0.0,0.0,0.0,0.0,0.0,0.0,0.0,0.0,0.0,0.0,,,,,
4096,32,32,16,4,4096,6,0,416,False,vllm_0.5.1_flash_attn,0.001,0.001,0.001,0.001,0.0,0.011,0.013000000000000001,0.011399999999999999,0.011,0.0008000000000000007,0.0,0.0,0.0,0.0,0.0,0.0,0.0,0.0,0.0,0.0,,,,,
4096,32,32,16,4,4096,7,0,416,False,vllm_0.5.1_flash_attn,0.001,0.001,0.001,0.001,0.0,0.011,0.014,0.0116,0.011,0.0012000000000000003,0.0,0.0,0.0,0.0,0.0,0.0,0.0,0.0,0.0,0.0,,,,,
4096,32,32,16,4,4096,8,0,416,False,vllm_0.5.1_flash_attn,0.001,0.001,0.001,0.001,0.0,0.011,0.014,0.0118,0.011,0.0011661903789690605,0.0,0.0,0.0,0.0,0.0,0.0,0.0,0.0,0.0,0.0,,,,,
4096,32,32,16,4,4096,1,0,448,False,vllm_0.5.1_flash_attn,0.001,0.001,0.001,0.001,0.0,0.009000000000000001,0.014,0.01,0.009000000000000001,0.0019999999999999996,0.0,0.0,0.0,0.0,0.0,0.0,0.0,0.0,0.0,0.0,,,,,
4096,32,32,16,4,4096,2,0,448,False,vllm_0.5.1_flash_attn,0.001,0.001,0.001,0.001,0.0,0.009000000000000001,0.014,0.01,0.009000000000000001,0.0019999999999999996,0.0,0.0,0.0,0.0,0.0,0.0,0.0,0.0,0.0,0.0,,,,,
4096,32,32,16,4,4096,3,0,448,False,vllm_0.5.1_flash_attn,0.001,0.001,0.001,0.001,0.0,0.009000000000000001,0.013000000000000001,0.0098,0.009000000000000001,0.0016,0.0,0.0,0.0,0.0,0.0,0.0,0.0,0.0,0.0,0.0,,,,,
4096,32,32,16,4,4096,4,0,448,False,vllm_0.5.1_flash_attn,0.001,0.001,0.001,0.001,0.0,0.009000000000000001,0.015,0.0102,0.009000000000000001,0.0023999999999999994,0.0,0.0,0.0,0.0,0.0,0.0,0.0,0.0,0.0,0.0,,,,,
4096,32,32,16,4,4096,5,0,448,False,vllm_0.5.1_flash_attn,0.001,0.001,0.001,0.001,0.0,0.011,0.012,0.011199999999999998,0.011,0.00040000000000000034,0.0,0.0,0.0,0.0,0.0,0.0,0.0,0.0,0.0,0.0,,,,,
4096,32,32,16,4,4096,6,0,448,False,vllm_0.5.1_flash_attn,0.001,0.001,0.001,0.001,0.0,0.011,0.013000000000000001,0.011399999999999999,0.011,0.0008000000000000007,0.0,0.0,0.0,0.0,0.0,0.0,0.0,0.0,0.0,0.0,,,,,
4096,32,32,16,4,4096,7,0,448,False,vllm_0.5.1_flash_attn,0.001,0.001,0.001,0.001,0.0,0.011,0.014,0.0116,0.011,0.0012000000000000003,0.0,0.0,0.0,0.0,0.0,0.0,0.0,0.0,0.0,0.0,,,,,
4096,32,32,16,4,4096,8,0,448,False,vllm_0.5.1_flash_attn,0.001,0.001,0.001,0.001,0.0,0.011,0.013000000000000001,0.0116,0.011,0.0008000000000000007,0.0,0.0,0.0,0.0,0.0,0.0,0.0,0.0,0.0,0.0,,,,,
4096,32,32,16,4,4096,1,0,480,False,vllm_0.5.1_flash_attn,0.001,0.001,0.001,0.001,0.0,0.009000000000000001,0.013000000000000001,0.0098,0.009000000000000001,0.0016,0.0,0.0,0.0,0.0,0.0,0.0,0.0,0.0,0.0,0.0,,,,,
4096,32,32,16,4,4096,2,0,480,False,vllm_0.5.1_flash_attn,0.001,0.001,0.001,0.001,0.0,0.009000000000000001,0.014,0.01,0.009000000000000001,0.0019999999999999996,0.0,0.0,0.0,0.0,0.0,0.0,0.0,0.0,0.0,0.0,,,,,
4096,32,32,16,4,4096,3,0,480,False,vllm_0.5.1_flash_attn,0.001,0.001,0.001,0.001,0.0,0.009000000000000001,0.014,0.01,0.009000000000000001,0.0019999999999999996,0.0,0.0,0.0,0.0,0.0,0.0,0.0,0.0,0.0,0.0,,,,,
4096,32,32,16,4,4096,4,0,480,False,vllm_0.5.1_flash_attn,0.001,0.001,0.001,0.001,0.0,0.009000000000000001,0.014,0.01,0.009000000000000001,0.0019999999999999996,0.0,0.0,0.0,0.0,0.0,0.0,0.0,0.0,0.0,0.0,,,,,
4096,32,32,16,4,4096,5,0,480,False,vllm_0.5.1_flash_attn,0.001,0.001,0.001,0.001,0.0,0.011,0.014,0.0116,0.011,0.0012000000000000003,0.0,0.0,0.0,0.0,0.0,0.0,0.0,0.0,0.0,0.0,,,,,
4096,32,32,16,4,4096,6,0,480,False,vllm_0.5.1_flash_attn,0.001,0.001,0.001,0.001,0.0,0.011,0.018000000000000002,0.0124,0.011,0.0028000000000000013,0.0,0.0,0.0,0.0,0.0,0.0,0.0,0.0,0.0,0.0,,,,,
4096,32,32,16,4,4096,7,0,480,False,vllm_0.5.1_flash_attn,0.001,0.001,0.001,0.001,0.0,0.011,0.014,0.0118,0.011,0.0011661903789690605,0.0,0.0,0.0,0.0,0.0,0.0,0.0,0.0,0.0,0.0,,,,,
4096,32,32,16,4,4096,8,0,480,False,vllm_0.5.1_flash_attn,0.001,0.001,0.001,0.001,0.0,0.012,0.014,0.0124,0.012,0.0008,0.0,0.0,0.0,0.0,0.0,0.0,0.0,0.0,0.0,0.0,,,,,
4096,32,32,16,4,4096,1,0,512,False,vllm_0.5.1_flash_attn,0.001,0.001,0.001,0.001,0.0,0.009000000000000001,0.014,0.01,0.009000000000000001,0.0019999999999999996,0.0,0.0,0.0,0.0,0.0,0.0,0.0,0.0,0.0,0.0,,,,,
4096,32,32,16,4,4096,2,0,512,False,vllm_0.5.1_flash_attn,0.001,0.001,0.001,0.001,0.0,0.009000000000000001,0.013000000000000001,0.0098,0.009000000000000001,0.0016,0.0,0.0,0.0,0.0,0.0,0.0,0.0,0.0,0.0,0.0,,,,,
4096,32,32,16,4,4096,3,0,512,False,vllm_0.5.1_flash_attn,0.001,0.001,0.001,0.001,0.0,0.009000000000000001,0.014,0.010600000000000002,0.01,0.0017435595774162693,0.0,0.0,0.0,0.0,0.0,0.0,0.0,0.0,0.0,0.0,,,,,
4096,32,32,16,4,4096,4,0,512,False,vllm_0.5.1_flash_attn,0.001,0.001,0.001,0.001,0.0,0.011,0.014,0.012199999999999999,0.012,0.0009797958971132716,0.0,0.0,0.0,0.0,0.0,0.0,0.0,0.0,0.0,0.0,,,,,
4096,32,32,16,4,4096,5,0,512,False,vllm_0.5.1_flash_attn,0.001,0.001,0.001,0.001,0.0,0.011,0.014,0.0118,0.011,0.0011661903789690605,0.0,0.0,0.0,0.0,0.0,0.0,0.0,0.0,0.0,0.0,,,,,
4096,32,32,16,4,4096,6,0,512,False,vllm_0.5.1_flash_attn,0.001,0.001,0.001,0.001,0.0,0.012,0.015,0.0128,0.012,0.0011661903789690598,0.0,0.0,0.0,0.0,0.0,0.0,0.0,0.0,0.0,0.0,,,,,
4096,32,32,16,4,4096,7,0,512,False,vllm_0.5.1_flash_attn,0.001,0.001,0.001,0.001,0.0,0.014,0.015,0.014799999999999999,0.015,0.0003999999999999997,0.0,0.0,0.0,0.0,0.0,0.0,0.0,0.0,0.0,0.0,,,,,
4096,32,32,16,4,4096,8,0,512,False,vllm_0.5.1_flash_attn,0.001,0.001,0.001,0.001,0.0,0.014,0.017,0.0152,0.015,0.0009797958971132718,0.0,0.0,0.0,0.0,0.0,0.0,0.0,0.0,0.0,0.0,,,,,
4096,32,32,16,4,4096,1,0,544,False,vllm_0.5.1_flash_attn,0.001,0.001,0.001,0.001,0.0,0.009000000000000001,0.013000000000000001,0.0098,0.009000000000000001,0.0016,0.0,0.0,0.0,0.0,0.0,0.0,0.0,0.0,0.0,0.0,,,,,
4096,32,32,16,4,4096,2,0,544,False,vllm_0.5.1_flash_attn,0.001,0.001,0.001,0.001,0.0,0.009000000000000001,0.016,0.010400000000000001,0.009000000000000001,0.0027999999999999995,0.0,0.0,0.0,0.0,0.0,0.0,0.0,0.0,0.0,0.0,,,,,
4096,32,32,16,4,4096,3,0,544,False,vllm_0.5.1_flash_attn,0.001,0.001,0.001,0.001,0.0,0.009000000000000001,0.014,0.010600000000000002,0.01,0.0017435595774162693,0.0,0.0,0.0,0.0,0.0,0.0,0.0,0.0,0.0,0.0,,,,,
4096,32,32,16,4,4096,4,0,544,False,vllm_0.5.1_flash_attn,0.001,0.001,0.001,0.001,0.0,0.012,0.014,0.0124,0.012,0.0008,0.0,0.0,0.0,0.0,0.0,0.0,0.0,0.0,0.0,0.0,,,,,
4096,32,32,16,4,4096,5,0,544,False,vllm_0.5.1_flash_attn,0.001,0.001,0.001,0.001,0.0,0.011,0.015,0.012,0.011,0.0015491933384829666,0.0,0.0,0.0,0.0,0.0,0.0,0.0,0.0,0.0,0.0,,,,,
4096,32,32,16,4,4096,6,0,544,False,vllm_0.5.1_flash_attn,0.001,0.001,0.001,0.001,0.0,0.012,0.014,0.0126,0.012,0.0008,0.0,0.0,0.0,0.0,0.0,0.0,0.0,0.0,0.0,0.0,,,,,
4096,32,32,16,4,4096,7,0,544,False,vllm_0.5.1_flash_attn,0.001,0.001,0.001,0.001,0.0,0.014,0.015,0.014799999999999999,0.015,0.0003999999999999997,0.0,0.0,0.0,0.0,0.0,0.0,0.0,0.0,0.0,0.0,,,,,
4096,32,32,16,4,4096,8,0,544,False,vllm_0.5.1_flash_attn,0.001,0.001,0.001,0.001,0.0,0.015,0.015,0.015,0.015,0.0,0.0,0.0,0.0,0.0,0.0,0.0,0.0,0.0,0.0,0.0,,,,,
4096,32,32,16,4,4096,1,0,576,False,vllm_0.5.1_flash_attn,0.001,0.001,0.001,0.001,0.0,0.009000000000000001,0.013000000000000001,0.0098,0.009000000000000001,0.0016,0.0,0.0,0.0,0.0,0.0,0.0,0.0,0.0,0.0,0.0,,,,,
4096,32,32,16,4,4096,2,0,576,False,vllm_0.5.1_flash_attn,0.001,0.001,0.001,0.001,0.0,0.009000000000000001,0.012,0.009600000000000001,0.009000000000000001,0.0011999999999999997,0.0,0.0,0.0,0.0,0.0,0.0,0.0,0.0,0.0,0.0,,,,,
4096,32,32,16,4,4096,3,0,576,False,vllm_0.5.1_flash_attn,0.001,0.001,0.001,0.001,0.0,0.009000000000000001,0.014,0.010600000000000002,0.01,0.0017435595774162693,0.0,0.0,0.0,0.0,0.0,0.0,0.0,0.0,0.0,0.0,,,,,
4096,32,32,16,4,4096,4,0,576,False,vllm_0.5.1_flash_attn,0.001,0.001,0.001,0.001,0.0,0.012,0.014,0.0126,0.012,0.0008,0.0,0.0,0.0,0.0,0.0,0.0,0.0,0.0,0.0,0.0,,,,,
4096,32,32,16,4,4096,5,0,576,False,vllm_0.5.1_flash_attn,0.001,0.001,0.001,0.001,0.0,0.011,0.013000000000000001,0.0116,0.011,0.0008000000000000007,0.0,0.0,0.0,0.0,0.0,0.0,0.0,0.0,0.0,0.0,,,,,
4096,32,32,16,4,4096,6,0,576,False,vllm_0.5.1_flash_attn,0.001,0.001,0.001,0.001,0.0,0.012,0.015,0.0128,0.012,0.0011661903789690598,0.0,0.0,0.0,0.0,0.0,0.0,0.0,0.0,0.0,0.0,,,,,
4096,32,32,16,4,4096,7,0,576,False,vllm_0.5.1_flash_attn,0.001,0.001,0.001,0.001,0.0,0.015,0.015,0.015,0.015,0.0,0.0,0.0,0.0,0.0,0.0,0.0,0.0,0.0,0.0,0.0,,,,,
4096,32,32,16,4,4096,8,0,576,False,vllm_0.5.1_flash_attn,0.001,0.001,0.001,0.001,0.0,0.015,0.015,0.015,0.015,0.0,0.0,0.0,0.0,0.0,0.0,0.0,0.0,0.0,0.0,0.0,,,,,
4096,32,32,16,4,4096,1,0,608,False,vllm_0.5.1_flash_attn,0.001,0.001,0.001,0.001,0.0,0.008,0.014,0.0098,0.009000000000000001,0.002135415650406262,0.0,0.0,0.0,0.0,0.0,0.0,0.0,0.0,0.0,0.0,,,,,
4096,32,32,16,4,4096,2,0,608,False,vllm_0.5.1_flash_attn,0.001,0.001,0.001,0.001,0.0,0.009000000000000001,0.013000000000000001,0.0098,0.009000000000000001,0.0016,0.0,0.0,0.0,0.0,0.0,0.0,0.0,0.0,0.0,0.0,,,,,
4096,32,32,16,4,4096,3,0,608,False,vllm_0.5.1_flash_attn,0.001,0.001,0.001,0.001,0.0,0.01,0.019,0.0118,0.01,0.0036,0.0,0.0,0.0,0.0,0.0,0.0,0.0,0.0,0.0,0.0,,,,,
4096,32,32,16,4,4096,4,0,608,False,vllm_0.5.1_flash_attn,0.001,0.001,0.001,0.001,0.0,0.012,0.016,0.0128,0.012,0.0016,0.0,0.0,0.0,0.0,0.0,0.0,0.0,0.0,0.0,0.0,,,,,
4096,32,32,16,4,4096,5,0,608,False,vllm_0.5.1_flash_attn,0.001,0.001,0.001,0.001,0.0,0.011,0.013000000000000001,0.012,0.012,0.0006324555320336764,0.0,0.0,0.0,0.0,0.0,0.0,0.0,0.0,0.0,0.0,,,,,
4096,32,32,16,4,4096,6,0,608,False,vllm_0.5.1_flash_attn,0.001,0.001,0.001,0.001,0.0,0.011,0.014,0.0124,0.012,0.0010198039027185574,0.0,0.0,0.0,0.0,0.0,0.0,0.0,0.0,0.0,0.0,,,,,
4096,32,32,16,4,4096,7,0,608,False,vllm_0.5.1_flash_attn,0.001,0.001,0.001,0.001,0.0,0.015,0.015,0.015,0.015,0.0,0.0,0.0,0.0,0.0,0.0,0.0,0.0,0.0,0.0,0.0,,,,,
4096,32,32,16,4,4096,8,0,608,False,vllm_0.5.1_flash_attn,0.001,0.001,0.001,0.001,0.0,0.015,0.015,0.015,0.015,0.0,0.0,0.0,0.0,0.0,0.0,0.0,0.0,0.0,0.0,0.0,,,,,
4096,32,32,16,4,4096,1,0,640,False,vllm_0.5.1_flash_attn,0.001,0.001,0.001,0.001,0.0,0.01,0.015,0.011,0.01,0.0019999999999999996,0.0,0.0,0.0,0.0,0.0,0.0,0.0,0.0,0.0,0.0,,,,,
4096,32,32,16,4,4096,2,0,640,False,vllm_0.5.1_flash_attn,0.001,0.001,0.001,0.001,0.0,0.01,0.014,0.0108,0.01,0.0016,0.0,0.0,0.0,0.0,0.0,0.0,0.0,0.0,0.0,0.0,,,,,
4096,32,32,16,4,4096,3,0,640,False,vllm_0.5.1_flash_attn,0.001,0.001,0.001,0.001,0.0,0.012,0.014,0.0126,0.012,0.0008,0.0,0.0,0.0,0.0,0.0,0.0,0.0,0.0,0.0,0.0,,,,,
4096,32,32,16,4,4096,4,0,640,False,vllm_0.5.1_flash_attn,0.001,0.001,0.001,0.001,0.0,0.012,0.015,0.0126,0.012,0.0011999999999999997,0.0,0.0,0.0,0.0,0.0,0.0,0.0,0.0,0.0,0.0,,,,,
4096,32,32,16,4,4096,5,0,640,False,vllm_0.5.1_flash_attn,0.001,0.001,0.001,0.001,0.0,0.012,0.017,0.013000000000000001,0.012,0.0020000000000000005,0.0,0.0,0.0,0.0,0.0,0.0,0.0,0.0,0.0,0.0,,,,,
4096,32,32,16,4,4096,6,0,640,False,vllm_0.5.1_flash_attn,0.001,0.001,0.001,0.001,0.0,0.014,0.016,0.014599999999999998,0.014,0.0007999999999999999,0.0,0.0,0.0,0.0,0.0,0.0,0.0,0.0,0.0,0.0,,,,,
4096,32,32,16,4,4096,7,0,640,False,vllm_0.5.1_flash_attn,0.001,0.001,0.001,0.001,0.0,0.014,0.018000000000000002,0.0154,0.015,0.0013564659966250545,0.0,0.0,0.0,0.0,0.0,0.0,0.0,0.0,0.0,0.0,,,,,
4096,32,32,16,4,4096,8,0,640,False,vllm_0.5.1_flash_attn,0.001,0.001,0.001,0.001,0.0,0.014,0.015,0.014799999999999999,0.015,0.0003999999999999997,0.0,0.0,0.0,0.0,0.0,0.0,0.0,0.0,0.0,0.0,,,,,
4096,32,32,16,4,4096,1,0,672,False,vllm_0.5.1_flash_attn,0.001,0.001,0.001,0.001,0.0,0.01,0.019,0.0118,0.01,0.0036,0.0,0.0,0.0,0.0,0.0,0.0,0.0,0.0,0.0,0.0,,,,,
4096,32,32,16,4,4096,2,0,672,False,vllm_0.5.1_flash_attn,0.001,0.001,0.001,0.001,0.0,0.009000000000000001,0.016,0.011,0.01,0.0025298221281347035,0.0,0.0,0.0,0.0,0.0,0.0,0.0,0.0,0.0,0.0,,,,,
4096,32,32,16,4,4096,3,0,672,False,vllm_0.5.1_flash_attn,0.001,0.001,0.001,0.001,0.0,0.012,0.016,0.0128,0.012,0.0016,0.0,0.0,0.0,0.0,0.0,0.0,0.0,0.0,0.0,0.0,,,,,
4096,32,32,16,4,4096,4,0,672,False,vllm_0.5.1_flash_attn,0.001,0.001,0.001,0.001,0.0,0.012,0.016,0.013000000000000001,0.012,0.0015491933384829666,0.0,0.0,0.0,0.0,0.0,0.0,0.0,0.0,0.0,0.0,,,,,
4096,32,32,16,4,4096,5,0,672,False,vllm_0.5.1_flash_attn,0.001,0.001,0.001,0.001,0.0,0.012,0.017,0.0132,0.012,0.001939071942966532,0.0,0.0,0.0,0.0,0.0,0.0,0.0,0.0,0.0,0.0,,,,,
4096,32,32,16,4,4096,6,0,672,False,vllm_0.5.1_flash_attn,0.001,0.001,0.001,0.001,0.0,0.014,0.049,0.0216,0.015,0.013705473359209451,0.0,0.0,0.0,0.0,0.0,0.0,0.0,0.0,0.0,0.0,,,,,
4096,32,32,16,4,4096,7,0,672,False,vllm_0.5.1_flash_attn,0.001,0.001,0.001,0.001,0.0,0.015,0.015,0.015,0.015,0.0,0.0,0.0,0.0,0.0,0.0,0.0,0.0,0.0,0.0,0.0,,,,,
4096,32,32,16,4,4096,8,0,672,False,vllm_0.5.1_flash_attn,0.001,0.001,0.001,0.001,0.0,0.015,0.018000000000000002,0.0156,0.015,0.001200000000000001,0.0,0.0,0.0,0.0,0.0,0.0,0.0,0.0,0.0,0.0,,,,,
4096,32,32,16,4,4096,1,0,704,False,vllm_0.5.1_flash_attn,0.001,0.001,0.001,0.001,0.0,0.01,0.014,0.0108,0.01,0.0016,0.0,0.0,0.0,0.0,0.0,0.0,0.0,0.0,0.0,0.0,,,,,
4096,32,32,16,4,4096,2,0,704,False,vllm_0.5.1_flash_attn,0.001,0.001,0.001,0.001,0.0,0.01,0.018000000000000002,0.011600000000000001,0.01,0.003200000000000001,0.0,0.0,0.0,0.0,0.0,0.0,0.0,0.0,0.0,0.0,,,,,
4096,32,32,16,4,4096,3,0,704,False,vllm_0.5.1_flash_attn,0.001,0.001,0.001,0.001,0.0,0.012,0.015,0.0126,0.012,0.0011999999999999997,0.0,0.0,0.0,0.0,0.0,0.0,0.0,0.0,0.0,0.0,,,,,
4096,32,32,16,4,4096,4,0,704,False,vllm_0.5.1_flash_attn,0.001,0.001,0.001,0.001,0.0,0.012,0.015,0.0126,0.012,0.0011999999999999997,0.0,0.0,0.0,0.0,0.0,0.0,0.0,0.0,0.0,0.0,,,,,
4096,32,32,16,4,4096,5,0,704,False,vllm_0.5.1_flash_attn,0.001,0.001,0.001,0.001,0.0,0.012,0.015,0.0126,0.012,0.0011999999999999997,0.0,0.0,0.0,0.0,0.0,0.0,0.0,0.0,0.0,0.0,,,,,
4096,32,32,16,4,4096,6,0,704,False,vllm_0.5.1_flash_attn,0.001,0.001,0.001,0.001,0.0,0.015,0.018000000000000002,0.0156,0.015,0.001200000000000001,0.0,0.0,0.0,0.0,0.0,0.0,0.0,0.0,0.0,0.0,,,,,
4096,32,32,16,4,4096,7,0,704,False,vllm_0.5.1_flash_attn,0.001,0.001,0.001,0.001,0.0,0.015,0.015,0.015,0.015,0.0,0.0,0.0,0.0,0.0,0.0,0.0,0.0,0.0,0.0,0.0,,,,,
4096,32,32,16,4,4096,8,0,704,False,vllm_0.5.1_flash_attn,0.001,0.001,0.001,0.001,0.0,0.014,0.015,0.014799999999999999,0.015,0.0003999999999999997,0.0,0.0,0.0,0.0,0.0,0.0,0.0,0.0,0.0,0.0,,,,,
4096,32,32,16,4,4096,1,0,736,False,vllm_0.5.1_flash_attn,0.001,0.001,0.001,0.001,0.0,0.01,0.015,0.011,0.01,0.0019999999999999996,0.0,0.0,0.0,0.0,0.0,0.0,0.0,0.0,0.0,0.0,,,,,
4096,32,32,16,4,4096,2,0,736,False,vllm_0.5.1_flash_attn,0.001,0.001,0.001,0.001,0.0,0.01,0.016,0.0112,0.01,0.0024,0.0,0.0,0.0,0.0,0.0,0.0,0.0,0.0,0.0,0.0,,,,,
4096,32,32,16,4,4096,3,0,736,False,vllm_0.5.1_flash_attn,0.001,0.001,0.001,0.001,0.0,0.012,0.015,0.0126,0.012,0.0011999999999999997,0.0,0.0,0.0,0.0,0.0,0.0,0.0,0.0,0.0,0.0,,,,,
4096,32,32,16,4,4096,4,0,736,False,vllm_0.5.1_flash_attn,0.001,0.001,0.001,0.001,0.0,0.012,0.015,0.0128,0.012,0.0011661903789690598,0.0,0.0,0.0,0.0,0.0,0.0,0.0,0.0,0.0,0.0,,,,,
4096,32,32,16,4,4096,5,0,736,False,vllm_0.5.1_flash_attn,0.001,0.001,0.001,0.001,0.0,0.013000000000000001,0.015,0.0134,0.013000000000000001,0.0007999999999999994,0.0,0.0,0.0,0.0,0.0,0.0,0.0,0.0,0.0,0.0,,,,,
4096,32,32,16,4,4096,6,0,736,False,vllm_0.5.1_flash_attn,0.001,0.001,0.001,0.001,0.0,0.015,0.015,0.015,0.015,0.0,0.0,0.0,0.0,0.0,0.0,0.0,0.0,0.0,0.0,0.0,,,,,
4096,32,32,16,4,4096,7,0,736,False,vllm_0.5.1_flash_attn,0.001,0.001,0.001,0.001,0.0,0.015,0.016,0.0152,0.015,0.00040000000000000034,0.0,0.0,0.0,0.0,0.0,0.0,0.0,0.0,0.0,0.0,,,,,
4096,32,32,16,4,4096,8,0,736,False,vllm_0.5.1_flash_attn,0.001,0.001,0.001,0.001,0.0,0.015,0.015,0.015,0.015,0.0,0.0,0.0,0.0,0.0,0.0,0.0,0.0,0.0,0.0,0.0,,,,,
4096,32,32,16,4,4096,1,0,768,False,vllm_0.5.1_flash_attn,0.001,0.001,0.001,0.001,0.0,0.01,0.014,0.0108,0.01,0.0016,0.0,0.0,0.0,0.0,0.0,0.0,0.0,0.0,0.0,0.0,,,,,
4096,32,32,16,4,4096,2,0,768,False,vllm_0.5.1_flash_attn,0.001,0.001,0.001,0.001,0.0,0.01,0.014,0.0108,0.01,0.0016,0.0,0.0,0.0,0.0,0.0,0.0,0.0,0.0,0.0,0.0,,,,,
4096,32,32,16,4,4096,3,0,768,False,vllm_0.5.1_flash_attn,0.001,0.001,0.001,0.001,0.0,0.012,0.014,0.0124,0.012,0.0008,0.0,0.0,0.0,0.0,0.0,0.0,0.0,0.0,0.0,0.0,,,,,
4096,32,32,16,4,4096,4,0,768,False,vllm_0.5.1_flash_attn,0.001,0.001,0.001,0.001,0.0,0.012,0.014,0.0126,0.012,0.0008,0.0,0.0,0.0,0.0,0.0,0.0,0.0,0.0,0.0,0.0,,,,,
4096,32,32,16,4,4096,5,0,768,False,vllm_0.5.1_flash_attn,0.001,0.001,0.001,0.001,0.0,0.015,0.016,0.0152,0.015,0.00040000000000000034,0.0,0.0,0.0,0.0,0.0,0.0,0.0,0.0,0.0,0.0,,,,,
4096,32,32,16,4,4096,6,0,768,False,vllm_0.5.1_flash_attn,0.001,0.001,0.001,0.001,0.0,0.014,0.015,0.014799999999999999,0.015,0.0003999999999999997,0.0,0.0,0.0,0.0,0.0,0.0,0.0,0.0,0.0,0.0,,,,,
4096,32,32,16,4,4096,7,0,768,False,vllm_0.5.1_flash_attn,0.001,0.001,0.001,0.001,0.0,0.015,0.015,0.015,0.015,0.0,0.0,0.0,0.0,0.0,0.0,0.0,0.0,0.0,0.0,0.0,,,,,
4096,32,32,16,4,4096,8,0,768,False,vllm_0.5.1_flash_attn,0.001,0.001,0.001,0.001,0.0,0.015,0.015,0.015,0.015,0.0,0.0,0.0,0.0,0.0,0.0,0.0,0.0,0.0,0.0,0.0,,,,,
4096,32,32,16,4,4096,1,0,800,False,vllm_0.5.1_flash_attn,0.001,0.001,0.001,0.001,0.0,0.01,0.018000000000000002,0.0124,0.01,0.0032000000000000006,0.0,0.0,0.0,0.0,0.0,0.0,0.0,0.0,0.0,0.0,,,,,
4096,32,32,16,4,4096,2,0,800,False,vllm_0.5.1_flash_attn,0.001,0.001,0.001,0.001,0.0,0.01,0.014,0.0108,0.01,0.0016,0.0,0.0,0.0,0.0,0.0,0.0,0.0,0.0,0.0,0.0,,,,,
4096,32,32,16,4,4096,3,0,800,False,vllm_0.5.1_flash_attn,0.001,0.001,0.001,0.001,0.0,0.012,0.014,0.0124,0.012,0.0008,0.0,0.0,0.0,0.0,0.0,0.0,0.0,0.0,0.0,0.0,,,,,
4096,32,32,16,4,4096,4,0,800,False,vllm_0.5.1_flash_attn,0.001,0.001,0.001,0.001,0.0,0.012,0.014,0.0124,0.012,0.0008,0.0,0.0,0.0,0.0,0.0,0.0,0.0,0.0,0.0,0.0,,,,,
4096,32,32,16,4,4096,5,0,800,False,vllm_0.5.1_flash_attn,0.001,0.001,0.001,0.001,0.0,0.014,0.015,0.014599999999999998,0.015,0.0004898979485566352,0.0,0.0,0.0,0.0,0.0,0.0,0.0,0.0,0.0,0.0,,,,,
4096,32,32,16,4,4096,6,0,800,False,vllm_0.5.1_flash_attn,0.001,0.001,0.001,0.001,0.0,0.014,0.015,0.014799999999999999,0.015,0.0003999999999999997,0.0,0.0,0.0,0.0,0.0,0.0,0.0,0.0,0.0,0.0,,,,,
4096,32,32,16,4,4096,7,0,800,False,vllm_0.5.1_flash_attn,0.001,0.001,0.001,0.001,0.0,0.015,0.015,0.015,0.015,0.0,0.0,0.0,0.0,0.0,0.0,0.0,0.0,0.0,0.0,0.0,,,,,
4096,32,32,16,4,4096,8,0,800,False,vllm_0.5.1_flash_attn,0.001,0.001,0.001,0.001,0.0,0.015,0.015,0.015,0.015,0.0,0.0,0.0,0.0,0.0,0.0,0.0,0.0,0.0,0.0,0.0,,,,,
4096,32,32,16,4,4096,1,0,832,False,vllm_0.5.1_flash_attn,0.001,0.001,0.001,0.001,0.0,0.01,0.015,0.011,0.01,0.0019999999999999996,0.0,0.0,0.0,0.0,0.0,0.0,0.0,0.0,0.0,0.0,,,,,
4096,32,32,16,4,4096,2,0,832,False,vllm_0.5.1_flash_attn,0.001,0.001,0.001,0.001,0.0,0.01,0.014,0.0108,0.01,0.0016,0.0,0.0,0.0,0.0,0.0,0.0,0.0,0.0,0.0,0.0,,,,,
4096,32,32,16,4,4096,3,0,832,False,vllm_0.5.1_flash_attn,0.001,0.001,0.001,0.001,0.0,0.012,0.014,0.0124,0.012,0.0008,0.0,0.0,0.0,0.0,0.0,0.0,0.0,0.0,0.0,0.0,,,,,
4096,32,32,16,4,4096,4,0,832,False,vllm_0.5.1_flash_attn,0.001,0.001,0.001,0.001,0.0,0.012,0.015,0.013000000000000001,0.013000000000000001,0.001095445115010332,0.0,0.0,0.0,0.0,0.0,0.0,0.0,0.0,0.0,0.0,,,,,
4096,32,32,16,4,4096,5,0,832,False,vllm_0.5.1_flash_attn,0.001,0.001,0.001,0.001,0.0,0.014,0.015,0.014799999999999999,0.015,0.0003999999999999997,0.0,0.0,0.0,0.0,0.0,0.0,0.0,0.0,0.0,0.0,,,,,
4096,32,32,16,4,4096,6,0,832,False,vllm_0.5.1_flash_attn,0.001,0.001,0.001,0.001,0.0,0.014,0.015,0.014799999999999999,0.015,0.0003999999999999997,0.0,0.0,0.0,0.0,0.0,0.0,0.0,0.0,0.0,0.0,,,,,
4096,32,32,16,4,4096,7,0,832,False,vllm_0.5.1_flash_attn,0.001,0.001,0.001,0.001,0.0,0.015,0.015,0.015,0.015,0.0,0.0,0.0,0.0,0.0,0.0,0.0,0.0,0.0,0.0,0.0,,,,,
4096,32,32,16,4,4096,8,0,832,False,vllm_0.5.1_flash_attn,0.001,0.001,0.001,0.001,0.0,0.015,0.015,0.015,0.015,0.0,0.0,0.0,0.0,0.0,0.0,0.0,0.0,0.0,0.0,0.0,,,,,
4096,32,32,16,4,4096,1,0,864,False,vllm_0.5.1_flash_attn,0.001,0.001,0.001,0.001,0.0,0.01,0.015,0.011,0.01,0.0019999999999999996,0.0,0.0,0.0,0.0,0.0,0.0,0.0,0.0,0.0,0.0,,,,,
4096,32,32,16,4,4096,2,0,864,False,vllm_0.5.1_flash_attn,0.001,0.001,0.001,0.001,0.0,0.01,0.014,0.0108,0.01,0.0016,0.0,0.0,0.0,0.0,0.0,0.0,0.0,0.0,0.0,0.0,,,,,
4096,32,32,16,4,4096,3,0,864,False,vllm_0.5.1_flash_attn,0.001,0.001,0.001,0.001,0.0,0.012,0.017,0.0134,0.012,0.0019595917942265427,0.0,0.0,0.0,0.0,0.0,0.0,0.0,0.0,0.0,0.0,,,,,
4096,32,32,16,4,4096,4,0,864,False,vllm_0.5.1_flash_attn,0.001,0.001,0.001,0.001,0.0,0.013000000000000001,0.015,0.0134,0.013000000000000001,0.0007999999999999994,0.0,0.0,0.0,0.0,0.0,0.0,0.0,0.0,0.0,0.0,,,,,
4096,32,32,16,4,4096,5,0,864,False,vllm_0.5.1_flash_attn,0.001,0.001,0.001,0.001,0.0,0.015,0.015,0.015,0.015,0.0,0.0,0.0,0.0,0.0,0.0,0.0,0.0,0.0,0.0,0.0,,,,,
4096,32,32,16,4,4096,6,0,864,False,vllm_0.5.1_flash_attn,0.001,0.001,0.001,0.001,0.0,0.015,0.015,0.015,0.015,0.0,0.0,0.0,0.0,0.0,0.0,0.0,0.0,0.0,0.0,0.0,,,,,
4096,32,32,16,4,4096,7,0,864,False,vllm_0.5.1_flash_attn,0.001,0.001,0.001,0.001,0.0,0.015,0.015,0.015,0.015,0.0,0.0,0.0,0.0,0.0,0.0,0.0,0.0,0.0,0.0,0.0,,,,,
4096,32,32,16,4,4096,8,0,864,False,vllm_0.5.1_flash_attn,0.001,0.001,0.001,0.001,0.0,0.015,0.015,0.015,0.015,0.0,0.0,0.0,0.0,0.0,0.0,0.0,0.0,0.0,0.0,0.0,,,,,
4096,32,32,16,4,4096,1,0,896,False,vllm_0.5.1_flash_attn,0.001,0.001,0.001,0.001,0.0,0.01,0.013000000000000001,0.010600000000000002,0.01,0.0012000000000000003,0.0,0.0,0.0,0.0,0.0,0.0,0.0,0.0,0.0,0.0,,,,,
4096,32,32,16,4,4096,2,0,896,False,vllm_0.5.1_flash_attn,0.001,0.001,0.001,0.001,0.0,0.01,0.014,0.0108,0.01,0.0016,0.0,0.0,0.0,0.0,0.0,0.0,0.0,0.0,0.0,0.0,,,,,
4096,32,32,16,4,4096,3,0,896,False,vllm_0.5.1_flash_attn,0.001,0.001,0.001,0.001,0.0,0.012,0.014,0.0124,0.012,0.0008,0.0,0.0,0.0,0.0,0.0,0.0,0.0,0.0,0.0,0.0,,,,,
4096,32,32,16,4,4096,4,0,896,False,vllm_0.5.1_flash_attn,0.001,0.001,0.001,0.001,0.0,0.012,0.015,0.0126,0.012,0.0011999999999999997,0.0,0.0,0.0,0.0,0.0,0.0,0.0,0.0,0.0,0.0,,,,,
4096,32,32,16,4,4096,5,0,896,False,vllm_0.5.1_flash_attn,0.001,0.001,0.001,0.001,0.0,0.015,0.015,0.015,0.015,0.0,0.0,0.0,0.0,0.0,0.0,0.0,0.0,0.0,0.0,0.0,,,,,
4096,32,32,16,4,4096,6,0,896,False,vllm_0.5.1_flash_attn,0.001,0.001,0.001,0.001,0.0,0.015,0.015,0.015,0.015,0.0,0.0,0.0,0.0,0.0,0.0,0.0,0.0,0.0,0.0,0.0,,,,,
4096,32,32,16,4,4096,7,0,896,False,vllm_0.5.1_flash_attn,0.001,0.001,0.001,0.001,0.0,0.015,0.015,0.015,0.015,0.0,0.0,0.0,0.0,0.0,0.0,0.0,0.0,0.0,0.0,0.0,,,,,
4096,32,32,16,4,4096,8,0,896,False,vllm_0.5.1_flash_attn,0.001,0.001,0.001,0.001,0.0,0.015,0.016,0.0152,0.015,0.00040000000000000034,0.0,0.0,0.0,0.0,0.0,0.0,0.0,0.0,0.0,0.0,,,,,
4096,32,32,16,4,4096,1,0,928,False,vllm_0.5.1_flash_attn,0.001,0.001,0.001,0.001,0.0,0.01,0.014,0.0108,0.01,0.0016,0.0,0.0,0.0,0.0,0.0,0.0,0.0,0.0,0.0,0.0,,,,,
4096,32,32,16,4,4096,2,0,928,False,vllm_0.5.1_flash_attn,0.001,0.001,0.001,0.001,0.0,0.01,0.014,0.011,0.01,0.0015491933384829666,0.0,0.0,0.0,0.0,0.0,0.0,0.0,0.0,0.0,0.0,,,,,
4096,32,32,16,4,4096,3,0,928,False,vllm_0.5.1_flash_attn,0.001,0.001,0.001,0.001,0.0,0.012,0.015,0.0126,0.012,0.0011999999999999997,0.0,0.0,0.0,0.0,0.0,0.0,0.0,0.0,0.0,0.0,,,,,
4096,32,32,16,4,4096,4,0,928,False,vllm_0.5.1_flash_attn,0.001,0.001,0.001,0.001,0.0,0.012,0.015,0.0126,0.012,0.0011999999999999997,0.0,0.0,0.0,0.0,0.0,0.0,0.0,0.0,0.0,0.0,,,,,
4096,32,32,16,4,4096,5,0,928,False,vllm_0.5.1_flash_attn,0.001,0.001,0.001,0.001,0.0,0.015,0.015,0.015,0.015,0.0,0.0,0.0,0.0,0.0,0.0,0.0,0.0,0.0,0.0,0.0,,,,,
4096,32,32,16,4,4096,6,0,928,False,vllm_0.5.1_flash_attn,0.001,0.001,0.001,0.001,0.0,0.014,0.015,0.014599999999999998,0.015,0.0004898979485566352,0.0,0.0,0.0,0.0,0.0,0.0,0.0,0.0,0.0,0.0,,,,,
4096,32,32,16,4,4096,7,0,928,False,vllm_0.5.1_flash_attn,0.001,0.001,0.001,0.001,0.0,0.015,0.015,0.015,0.015,0.0,0.0,0.0,0.0,0.0,0.0,0.0,0.0,0.0,0.0,0.0,,,,,
4096,32,32,16,4,4096,8,0,928,False,vllm_0.5.1_flash_attn,0.001,0.001,0.001,0.001,0.0,0.015,0.02,0.016,0.015,0.0020000000000000005,0.0,0.0,0.0,0.0,0.0,0.0,0.0,0.0,0.0,0.0,,,,,
4096,32,32,16,4,4096,1,0,960,False,vllm_0.5.1_flash_attn,0.001,0.001,0.001,0.001,0.0,0.01,0.019,0.0118,0.01,0.0036,0.0,0.0,0.0,0.0,0.0,0.0,0.0,0.0,0.0,0.0,,,,,
4096,32,32,16,4,4096,2,0,960,False,vllm_0.5.1_flash_attn,0.001,0.001,0.001,0.001,0.0,0.01,0.014,0.0108,0.01,0.0016,0.0,0.0,0.0,0.0,0.0,0.0,0.0,0.0,0.0,0.0,,,,,
4096,32,32,16,4,4096,3,0,960,False,vllm_0.5.1_flash_attn,0.001,0.001,0.001,0.001,0.0,0.012,0.014,0.0124,0.012,0.0008,0.0,0.0,0.0,0.0,0.0,0.0,0.0,0.0,0.0,0.0,,,,,
4096,32,32,16,4,4096,4,0,960,False,vllm_0.5.1_flash_attn,0.001,0.001,0.001,0.001,0.0,0.012,0.015,0.013000000000000001,0.013000000000000001,0.001095445115010332,0.0,0.0,0.0,0.0,0.0,0.0,0.0,0.0,0.0,0.0,,,,,
4096,32,32,16,4,4096,5,0,960,False,vllm_0.5.1_flash_attn,0.001,0.001,0.001,0.001,0.0,0.014,0.015,0.014799999999999999,0.015,0.0003999999999999997,0.0,0.0,0.0,0.0,0.0,0.0,0.0,0.0,0.0,0.0,,,,,
4096,32,32,16,4,4096,6,0,960,False,vllm_0.5.1_flash_attn,0.001,0.001,0.001,0.001,0.0,0.015,0.015,0.015,0.015,0.0,0.0,0.0,0.0,0.0,0.0,0.0,0.0,0.0,0.0,0.0,,,,,
4096,32,32,16,4,4096,7,0,960,False,vllm_0.5.1_flash_attn,0.001,0.001,0.001,0.001,0.0,0.014,0.015,0.014799999999999999,0.015,0.0003999999999999997,0.0,0.0,0.0,0.0,0.0,0.0,0.0,0.0,0.0,0.0,,,,,
4096,32,32,16,4,4096,8,0,960,False,vllm_0.5.1_flash_attn,0.001,0.001,0.001,0.001,0.0,0.015,0.015,0.015,0.015,0.0,0.0,0.0,0.0,0.0,0.0,0.0,0.0,0.0,0.0,0.0,,,,,
4096,32,32,16,4,4096,1,0,992,False,vllm_0.5.1_flash_attn,0.001,0.001,0.001,0.001,0.0,0.01,0.014,0.0108,0.01,0.0016,0.0,0.0,0.0,0.0,0.0,0.0,0.0,0.0,0.0,0.0,,,,,
4096,32,32,16,4,4096,2,0,992,False,vllm_0.5.1_flash_attn,0.001,0.001,0.001,0.001,0.0,0.01,0.014,0.0108,0.01,0.0016,0.0,0.0,0.0,0.0,0.0,0.0,0.0,0.0,0.0,0.0,,,,,
4096,32,32,16,4,4096,3,0,992,False,vllm_0.5.1_flash_attn,0.001,0.001,0.001,0.001,0.0,0.012,0.014,0.0124,0.012,0.0008,0.0,0.0,0.0,0.0,0.0,0.0,0.0,0.0,0.0,0.0,,,,,
4096,32,32,16,4,4096,4,0,992,False,vllm_0.5.1_flash_attn,0.001,0.001,0.001,0.001,0.0,0.012,0.016,0.0132,0.013000000000000001,0.001469693845669907,0.0,0.0,0.0,0.0,0.0,0.0,0.0,0.0,0.0,0.0,,,,,
4096,32,32,16,4,4096,5,0,992,False,vllm_0.5.1_flash_attn,0.001,0.001,0.001,0.001,0.0,0.015,0.015,0.015,0.015,0.0,0.0,0.0,0.0,0.0,0.0,0.0,0.0,0.0,0.0,0.0,,,,,
4096,32,32,16,4,4096,6,0,992,False,vllm_0.5.1_flash_attn,0.001,0.001,0.001,0.001,0.0,0.014,0.016,0.015,0.015,0.0006324555320336759,0.0,0.0,0.0,0.0,0.0,0.0,0.0,0.0,0.0,0.0,,,,,
4096,32,32,16,4,4096,7,0,992,False,vllm_0.5.1_flash_attn,0.001,0.001,0.001,0.001,0.0,0.015,0.015,0.015,0.015,0.0,0.0,0.0,0.0,0.0,0.0,0.0,0.0,0.0,0.0,0.0,,,,,
4096,32,32,16,4,4096,8,0,992,False,vllm_0.5.1_flash_attn,0.001,0.001,0.001,0.001,0.0,0.015,0.016,0.0154,0.015,0.000489897948556636,0.0,0.0,0.0,0.0,0.0,0.0,0.0,0.0,0.0,0.0,,,,,
4096,32,32,16,4,4096,1,0,1024,False,vllm_0.5.1_flash_attn,0.001,0.001,0.001,0.001,0.0,0.01,0.014,0.0108,0.01,0.0016,0.0,0.0,0.0,0.0,0.0,0.0,0.0,0.0,0.0,0.0,,,,,
4096,32,32,16,4,4096,2,0,1024,False,vllm_0.5.1_flash_attn,0.001,0.001,0.001,0.001,0.0,0.012,0.014,0.0124,0.012,0.0008,0.0,0.0,0.0,0.0,0.0,0.0,0.0,0.0,0.0,0.0,,,,,
4096,32,32,16,4,4096,3,0,1024,False,vllm_0.5.1_flash_attn,0.001,0.001,0.001,0.001,0.0,0.012,0.015,0.0126,0.012,0.0011999999999999997,0.0,0.0,0.0,0.0,0.0,0.0,0.0,0.0,0.0,0.0,,,,,
4096,32,32,16,4,4096,4,0,1024,False,vllm_0.5.1_flash_attn,0.001,0.001,0.001,0.001,0.0,0.015,0.016,0.0156,0.016,0.000489897948556636,0.0,0.0,0.0,0.0,0.0,0.0,0.0,0.0,0.0,0.0,,,,,
4096,32,32,16,4,4096,5,0,1024,False,vllm_0.5.1_flash_attn,0.001,0.001,0.001,0.001,0.0,0.015,0.018000000000000002,0.016,0.016,0.001095445115010333,0.0,0.0,0.0,0.0,0.0,0.0,0.0,0.0,0.0,0.0,,,,,
4096,32,32,16,4,4096,6,0,1024,False,vllm_0.5.1_flash_attn,0.001,0.001,0.001,0.001,0.0,0.015,0.017,0.016,0.016,0.0006324555320336764,0.0,0.0,0.0,0.0,0.0,0.0,0.0,0.0,0.0,0.0,,,,,
4096,32,32,16,4,4096,7,0,1024,False,vllm_0.5.1_flash_attn,0.001,0.001,0.001,0.001,0.0,0.019,0.019,0.019,0.019,0.0,0.0,0.0,0.0,0.0,0.0,0.0,0.0,0.0,0.0,0.0,,,,,
4096,32,32,16,4,4096,8,0,1024,False,vllm_0.5.1_flash_attn,0.001,0.001,0.001,0.001,0.0,0.018000000000000002,0.019,0.0184,0.018000000000000002,0.0004898979485566344,0.0,0.0,0.0,0.0,0.0,0.0,0.0,0.0,0.0,0.0,,,,,
4096,32,32,16,4,4096,1,0,1024,False,vllm_0.5.1_flash_attn,0.001,0.001,0.001,0.001,0.0,0.01,0.015,0.011,0.01,0.0019999999999999996,0.0,0.0,0.0,0.0,0.0,0.0,0.0,0.0,0.0,0.0,,,,,
4096,32,32,16,4,4096,2,0,1024,False,vllm_0.5.1_flash_attn,0.001,0.001,0.001,0.001,0.0,0.012,0.015,0.0126,0.012,0.0011999999999999997,0.0,0.0,0.0,0.0,0.0,0.0,0.0,0.0,0.0,0.0,,,,,
4096,32,32,16,4,4096,3,0,1024,False,vllm_0.5.1_flash_attn,0.001,0.001,0.001,0.001,0.0,0.012,0.015,0.0128,0.012,0.0011661903789690598,0.0,0.0,0.0,0.0,0.0,0.0,0.0,0.0,0.0,0.0,,,,,
4096,32,32,16,4,4096,4,0,1024,False,vllm_0.5.1_flash_attn,0.001,0.001,0.001,0.001,0.0,0.015,0.015,0.015,0.015,0.0,0.0,0.0,0.0,0.0,0.0,0.0,0.0,0.0,0.0,0.0,,,,,
4096,32,32,16,4,4096,5,0,1024,False,vllm_0.5.1_flash_attn,0.001,0.001,0.001,0.001,0.0,0.015,0.016,0.0158,0.016,0.00040000000000000034,0.0,0.0,0.0,0.0,0.0,0.0,0.0,0.0,0.0,0.0,,,,,
4096,32,32,16,4,4096,6,0,1024,False,vllm_0.5.1_flash_attn,0.001,0.001,0.001,0.001,0.0,0.016,0.016,0.016,0.016,0.0,0.0,0.0,0.0,0.0,0.0,0.0,0.0,0.0,0.0,0.0,,,,,
4096,32,32,16,4,4096,7,0,1024,False,vllm_0.5.1_flash_attn,0.001,0.001,0.001,0.001,0.0,0.018000000000000002,0.019,0.0188,0.019,0.000399999999999999,0.0,0.0,0.0,0.0,0.0,0.0,0.0,0.0,0.0,0.0,,,,,
4096,32,32,16,4,4096,8,0,1024,False,vllm_0.5.1_flash_attn,0.001,0.001,0.001,0.001,0.0,0.018000000000000002,0.019,0.0182,0.018000000000000002,0.000399999999999999,0.0,0.0,0.0,0.0,0.0,0.0,0.0,0.0,0.0,0.0,,,,,
4096,32,32,16,4,4096,1,0,1088,False,vllm_0.5.1_flash_attn,0.001,0.001,0.001,0.001,0.0,0.009000000000000001,0.014,0.010600000000000002,0.01,0.0017435595774162693,0.0,0.0,0.0,0.0,0.0,0.0,0.0,0.0,0.0,0.0,,,,,
4096,32,32,16,4,4096,2,0,1088,False,vllm_0.5.1_flash_attn,0.001,0.001,0.001,0.001,0.0,0.012,0.015,0.0126,0.012,0.0011999999999999997,0.0,0.0,0.0,0.0,0.0,0.0,0.0,0.0,0.0,0.0,,,,,
4096,32,32,16,4,4096,3,0,1088,False,vllm_0.5.1_flash_attn,0.001,0.001,0.001,0.001,0.0,0.012,0.015,0.0126,0.012,0.0011999999999999997,0.0,0.0,0.0,0.0,0.0,0.0,0.0,0.0,0.0,0.0,,,,,
4096,32,32,16,4,4096,4,0,1088,False,vllm_0.5.1_flash_attn,0.001,0.001,0.001,0.001,0.0,0.015,0.015,0.015,0.015,0.0,0.0,0.0,0.0,0.0,0.0,0.0,0.0,0.0,0.0,0.0,,,,,
4096,32,32,16,4,4096,5,0,1088,False,vllm_0.5.1_flash_attn,0.001,0.001,0.001,0.001,0.0,0.015,0.016,0.0154,0.015,0.000489897948556636,0.0,0.0,0.0,0.0,0.0,0.0,0.0,0.0,0.0,0.0,,,,,
4096,32,32,16,4,4096,6,0,1088,False,vllm_0.5.1_flash_attn,0.001,0.001,0.001,0.001,0.0,0.016,0.016,0.016,0.016,0.0,0.0,0.0,0.0,0.0,0.0,0.0,0.0,0.0,0.0,0.0,,,,,
4096,32,32,16,4,4096,7,0,1088,False,vllm_0.5.1_flash_attn,0.001,0.001,0.001,0.001,0.0,0.019,0.02,0.019200000000000002,0.019,0.00040000000000000034,0.0,0.0,0.0,0.0,0.0,0.0,0.0,0.0,0.0,0.0,,,,,
4096,32,32,16,4,4096,8,0,1088,False,vllm_0.5.1_flash_attn,0.001,0.001,0.001,0.001,0.0,0.018000000000000002,0.019,0.0186,0.019,0.0004898979485566344,0.0,0.0,0.0,0.0,0.0,0.0,0.0,0.0,0.0,0.0,,,,,
4096,32,32,16,4,4096,1,0,1152,False,vllm_0.5.1_flash_attn,0.001,0.001,0.001,0.001,0.0,0.01,0.018000000000000002,0.011600000000000001,0.01,0.003200000000000001,0.0,0.0,0.0,0.0,0.0,0.0,0.0,0.0,0.0,0.0,,,,,
4096,32,32,16,4,4096,2,0,1152,False,vllm_0.5.1_flash_attn,0.001,0.001,0.001,0.001,0.0,0.012,0.016,0.0128,0.012,0.0016,0.0,0.0,0.0,0.0,0.0,0.0,0.0,0.0,0.0,0.0,,,,,
4096,32,32,16,4,4096,3,0,1152,False,vllm_0.5.1_flash_attn,0.001,0.001,0.001,0.001,0.0,0.012,0.016,0.0134,0.013000000000000001,0.0013564659966250536,0.0,0.0,0.0,0.0,0.0,0.0,0.0,0.0,0.0,0.0,,,,,
4096,32,32,16,4,4096,4,0,1152,False,vllm_0.5.1_flash_attn,0.001,0.001,0.001,0.001,0.0,0.014,0.015,0.0144,0.014,0.0004898979485566352,0.0,0.0,0.0,0.0,0.0,0.0,0.0,0.0,0.0,0.0,,,,,
4096,32,32,16,4,4096,5,0,1152,False,vllm_0.5.1_flash_attn,0.001,0.001,0.001,0.001,0.0,0.016,0.016,0.016,0.016,0.0,0.0,0.0,0.0,0.0,0.0,0.0,0.0,0.0,0.0,0.0,,,,,
4096,32,32,16,4,4096,6,0,1152,False,vllm_0.5.1_flash_attn,0.001,0.001,0.001,0.001,0.0,0.016,0.016,0.016,0.016,0.0,0.0,0.0,0.0,0.0,0.0,0.0,0.0,0.0,0.0,0.0,,,,,
4096,32,32,16,4,4096,7,0,1152,False,vllm_0.5.1_flash_attn,0.001,0.001,0.001,0.001,0.0,0.018000000000000002,0.019,0.0186,0.019,0.0004898979485566344,0.0,0.0,0.0,0.0,0.0,0.0,0.0,0.0,0.0,0.0,,,,,
4096,32,32,16,4,4096,8,0,1152,False,vllm_0.5.1_flash_attn,0.001,0.001,0.001,0.001,0.0,0.019,0.019,0.019,0.019,0.0,0.0,0.0,0.0,0.0,0.0,0.0,0.0,0.0,0.0,0.0,,,,,
4096,32,32,16,4,4096,1,0,1216,False,vllm_0.5.1_flash_attn,0.001,0.001,0.001,0.001,0.0,0.01,0.018000000000000002,0.011600000000000001,0.01,0.003200000000000001,0.0,0.0,0.0,0.0,0.0,0.0,0.0,0.0,0.0,0.0,,,,,
4096,32,32,16,4,4096,2,0,1216,False,vllm_0.5.1_flash_attn,0.001,0.001,0.001,0.001,0.0,0.012,0.015,0.0126,0.012,0.0011999999999999997,0.0,0.0,0.0,0.0,0.0,0.0,0.0,0.0,0.0,0.0,,,,,
4096,32,32,16,4,4096,3,0,1216,False,vllm_0.5.1_flash_attn,0.001,0.001,0.001,0.001,0.0,0.013000000000000001,0.016,0.013600000000000001,0.013000000000000001,0.0011999999999999997,0.0,0.0,0.0,0.0,0.0,0.0,0.0,0.0,0.0,0.0,,,,,
4096,32,32,16,4,4096,4,0,1216,False,vllm_0.5.1_flash_attn,0.001,0.001,0.001,0.001,0.0,0.015,0.015,0.015,0.015,0.0,0.0,0.0,0.0,0.0,0.0,0.0,0.0,0.0,0.0,0.0,,,,,
4096,32,32,16,4,4096,5,0,1216,False,vllm_0.5.1_flash_attn,0.001,0.001,0.001,0.001,0.0,0.015,0.016,0.0158,0.016,0.00040000000000000034,0.0,0.0,0.0,0.0,0.0,0.0,0.0,0.0,0.0,0.0,,,,,
4096,32,32,16,4,4096,6,0,1216,False,vllm_0.5.1_flash_attn,0.001,0.001,0.001,0.001,0.0,0.016,0.018000000000000002,0.0166,0.016,0.0008000000000000007,0.0,0.0,0.0,0.0,0.0,0.0,0.0,0.0,0.0,0.0,,,,,
4096,32,32,16,4,4096,7,0,1216,False,vllm_0.5.1_flash_attn,0.001,0.001,0.001,0.001,0.0,0.018000000000000002,0.019,0.0188,0.019,0.000399999999999999,0.0,0.0,0.0,0.0,0.0,0.0,0.0,0.0,0.0,0.0,,,,,
4096,32,32,16,4,4096,8,0,1216,False,vllm_0.5.1_flash_attn,0.001,0.001,0.001,0.001,0.0,0.019,0.019,0.019,0.019,0.0,0.0,0.0,0.0,0.0,0.0,0.0,0.0,0.0,0.0,0.0,,,,,
4096,32,32,16,4,4096,1,0,1280,False,vllm_0.5.1_flash_attn,0.001,0.001,0.001,0.001,0.0,0.011,1.476,0.3048,0.011,0.5856020491767425,0.0,0.0,0.0,0.0,0.0,0.0,0.0,0.0,0.0,0.0,,,,,
4096,32,32,16,4,4096,2,0,1280,False,vllm_0.5.1_flash_attn,0.001,0.001,0.001,0.001,0.0,0.013000000000000001,0.016,0.013600000000000001,0.013000000000000001,0.0011999999999999997,0.0,0.0,0.0,0.0,0.0,0.0,0.0,0.0,0.0,0.0,,,,,
4096,32,32,16,4,4096,3,0,1280,False,vllm_0.5.1_flash_attn,0.001,0.001,0.001,0.001,0.0,0.013000000000000001,0.017,0.0142,0.014,0.001469693845669907,0.0,0.0,0.0,0.0,0.0,0.0,0.0,0.0,0.0,0.0,,,,,
4096,32,32,16,4,4096,4,0,1280,False,vllm_0.5.1_flash_attn,0.001,0.001,0.001,0.001,0.0,0.016,0.016,0.016,0.016,0.0,0.0,0.0,0.0,0.0,0.0,0.0,0.0,0.0,0.0,0.0,,,,,
4096,32,32,16,4,4096,5,0,1280,False,vllm_0.5.1_flash_attn,0.001,0.001,0.001,0.001,0.0,0.016,0.016,0.016,0.016,0.0,0.0,0.0,0.0,0.0,0.0,0.0,0.0,0.0,0.0,0.0,,,,,
4096,32,32,16,4,4096,6,0,1280,False,vllm_0.5.1_flash_attn,0.001,0.001,0.001,0.001,0.0,0.02,0.02,0.02,0.02,0.0,0.0,0.0,0.0,0.0,0.0,0.0,0.0,0.0,0.0,0.0,,,,,
4096,32,32,16,4,4096,7,0,1280,False,vllm_0.5.1_flash_attn,0.001,0.001,0.001,0.001,0.0,0.018000000000000002,0.019,0.0184,0.018000000000000002,0.0004898979485566344,0.0,0.0,0.0,0.0,0.0,0.0,0.0,0.0,0.0,0.0,,,,,
4096,32,32,16,4,4096,8,0,1280,False,vllm_0.5.1_flash_attn,0.001,0.001,0.001,0.001,0.0,0.019,0.02,0.0194,0.019,0.000489897948556636,0.0,0.0,0.0,0.0,0.0,0.0,0.0,0.0,0.0,0.0,,,,,
4096,32,32,16,4,4096,1,0,1344,False,vllm_0.5.1_flash_attn,0.001,0.001,0.001,0.001,0.0,0.011,0.02,0.0128,0.011,0.0036000000000000003,0.0,0.0,0.0,0.0,0.0,0.0,0.0,0.0,0.0,0.0,,,,,
4096,32,32,16,4,4096,2,0,1344,False,vllm_0.5.1_flash_attn,0.001,0.001,0.001,0.001,0.0,0.013000000000000001,0.017,0.013800000000000002,0.013000000000000001,0.0016,0.0,0.0,0.0,0.0,0.0,0.0,0.0,0.0,0.0,0.0,,,,,
4096,32,32,16,4,4096,3,0,1344,False,vllm_0.5.1_flash_attn,0.001,0.001,0.001,0.001,0.0,0.014,0.017,0.014600000000000002,0.014,0.0012000000000000003,0.0,0.0,0.0,0.0,0.0,0.0,0.0,0.0,0.0,0.0,,,,,
4096,32,32,16,4,4096,4,0,1344,False,vllm_0.5.1_flash_attn,0.001,0.001,0.001,0.001,0.0,0.015,0.019,0.0164,0.016,0.0013564659966250536,0.0,0.0,0.0,0.0,0.0,0.0,0.0,0.0,0.0,0.0,,,,,
4096,32,32,16,4,4096,5,0,1344,False,vllm_0.5.1_flash_attn,0.001,0.001,0.001,0.001,0.0,0.016,0.017,0.0162,0.016,0.00040000000000000034,0.0,0.0,0.0,0.0,0.0,0.0,0.0,0.0,0.0,0.0,,,,,
4096,32,32,16,4,4096,6,0,1344,False,vllm_0.5.1_flash_attn,0.001,0.001,0.001,0.001,0.0,0.02,0.021,0.0204,0.02,0.000489897948556636,0.0,0.0,0.0,0.0,0.0,0.0,0.0,0.0,0.0,0.0,,,,,
4096,32,32,16,4,4096,7,0,1344,False,vllm_0.5.1_flash_attn,0.001,0.001,0.001,0.001,0.0,0.019,0.019,0.019,0.019,0.0,0.0,0.0,0.0,0.0,0.0,0.0,0.0,0.0,0.0,0.0,,,,,
4096,32,32,16,4,4096,8,0,1344,False,vllm_0.5.1_flash_attn,0.001,0.001,0.001,0.001,0.0,0.02,0.021,0.020200000000000003,0.02,0.00040000000000000034,0.0,0.0,0.0,0.0,0.0,0.0,0.0,0.0,0.0,0.0,,,,,
4096,32,32,16,4,4096,1,0,1408,False,vllm_0.5.1_flash_attn,0.001,0.001,0.001,0.001,0.0,0.011,0.016,0.012,0.011,0.0020000000000000005,0.0,0.0,0.0,0.0,0.0,0.0,0.0,0.0,0.0,0.0,,,,,
4096,32,32,16,4,4096,2,0,1408,False,vllm_0.5.1_flash_attn,0.001,0.001,0.001,0.001,0.0,0.013000000000000001,0.016,0.013800000000000002,0.013000000000000001,0.0011661903789690598,0.0,0.0,0.0,0.0,0.0,0.0,0.0,0.0,0.0,0.0,,,,,
4096,32,32,16,4,4096,3,0,1408,False,vllm_0.5.1_flash_attn,0.001,0.001,0.001,0.001,0.0,0.016,0.016,0.016,0.016,0.0,0.0,0.0,0.0,0.0,0.0,0.0,0.0,0.0,0.0,0.0,,,,,
4096,32,32,16,4,4096,4,0,1408,False,vllm_0.5.1_flash_attn,0.001,0.001,0.001,0.001,0.0,0.015,0.024,0.0174,0.016,0.00332264954516723,0.0,0.0,0.0,0.0,0.0,0.0,0.0,0.0,0.0,0.0,,,,,
4096,32,32,16,4,4096,5,0,1408,False,vllm_0.5.1_flash_attn,0.001,0.001,0.001,0.001,0.0,0.016,0.016,0.016,0.016,0.0,0.0,0.0,0.0,0.0,0.0,0.0,0.0,0.0,0.0,0.0,,,,,
4096,32,32,16,4,4096,6,0,1408,False,vllm_0.5.1_flash_attn,0.001,0.001,0.001,0.001,0.0,0.018000000000000002,0.018000000000000002,0.018000000000000002,0.018000000000000002,0.0,0.0,0.0,0.0,0.0,0.0,0.0,0.0,0.0,0.0,0.0,,,,,
4096,32,32,16,4,4096,7,0,1408,False,vllm_0.5.1_flash_attn,0.001,0.001,0.001,0.001,0.0,0.018000000000000002,0.019,0.0188,0.019,0.000399999999999999,0.0,0.0,0.0,0.0,0.0,0.0,0.0,0.0,0.0,0.0,,,,,
4096,32,32,16,4,4096,8,0,1408,False,vllm_0.5.1_flash_attn,0.001,0.001,0.001,0.001,0.0,0.02,0.021,0.020800000000000003,0.021,0.00040000000000000034,0.0,0.0,0.0,0.0,0.0,0.0,0.0,0.0,0.0,0.0,,,,,
4096,32,32,16,4,4096,1,0,1472,False,vllm_0.5.1_flash_attn,0.001,0.001,0.001,0.001,0.0,0.011,0.015,0.0118,0.011,0.0016,0.0,0.0,0.0,0.0,0.0,0.0,0.0,0.0,0.0,0.0,,,,,
4096,32,32,16,4,4096,2,0,1472,False,vllm_0.5.1_flash_attn,0.001,0.001,0.001,0.001,0.0,0.013000000000000001,0.018000000000000002,0.0142,0.013000000000000001,0.001939071942966532,0.0,0.0,0.0,0.0,0.0,0.0,0.0,0.0,0.0,0.0,,,,,
4096,32,32,16,4,4096,3,0,1472,False,vllm_0.5.1_flash_attn,0.001,0.001,0.001,0.001,0.0,0.016,0.018000000000000002,0.0164,0.016,0.0008000000000000007,0.0,0.0,0.0,0.0,0.0,0.0,0.0,0.0,0.0,0.0,,,,,
4096,32,32,16,4,4096,4,0,1472,False,vllm_0.5.1_flash_attn,0.001,0.001,0.001,0.001,0.0,0.015,0.016,0.0158,0.016,0.00040000000000000034,0.0,0.0,0.0,0.0,0.0,0.0,0.0,0.0,0.0,0.0,,,,,
4096,32,32,16,4,4096,5,0,1472,False,vllm_0.5.1_flash_attn,0.001,0.001,0.001,0.001,0.0,0.016,0.017,0.0162,0.016,0.00040000000000000034,0.0,0.0,0.0,0.0,0.0,0.0,0.0,0.0,0.0,0.0,,,,,
4096,32,32,16,4,4096,6,0,1472,False,vllm_0.5.1_flash_attn,0.001,0.001,0.001,0.001,0.0,0.018000000000000002,0.019,0.0184,0.018000000000000002,0.0004898979485566344,0.0,0.0,0.0,0.0,0.0,0.0,0.0,0.0,0.0,0.0,,,,,
4096,32,32,16,4,4096,7,0,1472,False,vllm_0.5.1_flash_attn,0.001,0.001,0.001,0.001,0.0,0.019,0.019,0.019,0.019,0.0,0.0,0.0,0.0,0.0,0.0,0.0,0.0,0.0,0.0,0.0,,,,,
4096,32,32,16,4,4096,8,0,1472,False,vllm_0.5.1_flash_attn,0.001,0.001,0.001,0.001,0.0,0.021,0.023,0.022,0.022,0.0006324555320336753,0.0,0.0,0.0,0.0,0.0,0.0,0.0,0.0,0.0,0.0,,,,,
4096,32,32,16,4,4096,1,0,1536,False,vllm_0.5.1_flash_attn,0.001,0.001,0.001,0.001,0.0,0.011,0.016,0.012,0.011,0.0020000000000000005,0.0,0.0,0.0,0.0,0.0,0.0,0.0,0.0,0.0,0.0,,,,,
4096,32,32,16,4,4096,2,0,1536,False,vllm_0.5.1_flash_attn,0.001,0.001,0.001,0.001,0.0,0.013000000000000001,0.015,0.013600000000000001,0.013000000000000001,0.0007999999999999994,0.0,0.0,0.0,0.0,0.0,0.0,0.0,0.0,0.0,0.0,,,,,
4096,32,32,16,4,4096,3,0,1536,False,vllm_0.5.1_flash_attn,0.001,0.001,0.001,0.001,0.0,0.016,0.016,0.016,0.016,0.0,0.0,0.0,0.0,0.0,0.0,0.0,0.0,0.0,0.0,0.0,,,,,
4096,32,32,16,4,4096,4,0,1536,False,vllm_0.5.1_flash_attn,0.001,0.001,0.001,0.001,0.0,0.016,0.018000000000000002,0.0164,0.016,0.0008000000000000007,0.0,0.0,0.0,0.0,0.0,0.0,0.0,0.0,0.0,0.0,,,,,
4096,32,32,16,4,4096,5,0,1536,False,vllm_0.5.1_flash_attn,0.001,0.001,0.001,0.001,0.0,0.02,0.02,0.02,0.02,0.0,0.0,0.0,0.0,0.0,0.0,0.0,0.0,0.0,0.0,0.0,,,,,
4096,32,32,16,4,4096,6,0,1536,False,vllm_0.5.1_flash_attn,0.001,0.001,0.001,0.001,0.0,0.02,0.02,0.02,0.02,0.0,0.0,0.0,0.0,0.0,0.0,0.0,0.0,0.0,0.0,0.0,,,,,
4096,32,32,16,4,4096,7,0,1536,False,vllm_0.5.1_flash_attn,0.001,0.001,0.001,0.001,0.0,0.023,0.023,0.023,0.023,0.0,0.0,0.0,0.0,0.0,0.0,0.0,0.0,0.0,0.0,0.0,,,,,
4096,32,32,16,4,4096,8,0,1536,False,vllm_0.5.1_flash_attn,0.001,0.001,0.001,0.001,0.0,0.025,0.027,0.026000000000000002,0.026000000000000002,0.0006324555320336753,0.0,0.0,0.0,0.0,0.0,0.0,0.0,0.0,0.0,0.0,,,,,
4096,32,32,16,4,4096,1,0,1600,False,vllm_0.5.1_flash_attn,0.001,0.001,0.001,0.001,0.0,0.011,0.016,0.012,0.011,0.0020000000000000005,0.0,0.0,0.0,0.0,0.0,0.0,0.0,0.0,0.0,0.0,,,,,
4096,32,32,16,4,4096,2,0,1600,False,vllm_0.5.1_flash_attn,0.001,0.001,0.001,0.001,0.0,0.013000000000000001,0.016,0.014000000000000002,0.013000000000000001,0.001264911064067351,0.0,0.0,0.0,0.0,0.0,0.0,0.0,0.0,0.0,0.0,,,,,
4096,32,32,16,4,4096,3,0,1600,False,vllm_0.5.1_flash_attn,0.001,0.001,0.001,0.001,0.0,0.016,0.016,0.016,0.016,0.0,0.0,0.0,0.0,0.0,0.0,0.0,0.0,0.0,0.0,0.0,,,,,
4096,32,32,16,4,4096,4,0,1600,False,vllm_0.5.1_flash_attn,0.001,0.001,0.001,0.001,0.0,0.016,0.016,0.016,0.016,0.0,0.0,0.0,0.0,0.0,0.0,0.0,0.0,0.0,0.0,0.0,,,,,
4096,32,32,16,4,4096,5,0,1600,False,vllm_0.5.1_flash_attn,0.001,0.001,0.001,0.001,0.0,0.02,0.02,0.02,0.02,0.0,0.0,0.0,0.0,0.0,0.0,0.0,0.0,0.0,0.0,0.0,,,,,
4096,32,32,16,4,4096,6,0,1600,False,vllm_0.5.1_flash_attn,0.001,0.001,0.001,0.001,0.0,0.019,0.02,0.0198,0.02,0.00040000000000000034,0.0,0.0,0.0,0.0,0.0,0.0,0.0,0.0,0.0,0.0,,,,,
4096,32,32,16,4,4096,7,0,1600,False,vllm_0.5.1_flash_attn,0.001,0.001,0.001,0.001,0.0,0.023,0.024,0.023399999999999997,0.023,0.000489897948556636,0.0,0.0,0.0,0.0,0.0,0.0,0.0,0.0,0.0,0.0,,,,,
4096,32,32,16,4,4096,8,0,1600,False,vllm_0.5.1_flash_attn,0.001,0.001,0.001,0.001,0.0,0.027,0.028,0.027200000000000002,0.027,0.00040000000000000034,0.0,0.0,0.0,0.0,0.0,0.0,0.0,0.0,0.0,0.0,,,,,
4096,32,32,16,4,4096,1,0,1664,False,vllm_0.5.1_flash_attn,0.001,0.001,0.001,0.001,0.0,0.011,0.015,0.0118,0.011,0.0016,0.0,0.0,0.0,0.0,0.0,0.0,0.0,0.0,0.0,0.0,,,,,
4096,32,32,16,4,4096,2,0,1664,False,vllm_0.5.1_flash_attn,0.001,0.001,0.001,0.001,0.0,0.013000000000000001,0.016,0.013800000000000002,0.013000000000000001,0.0011661903789690598,0.0,0.0,0.0,0.0,0.0,0.0,0.0,0.0,0.0,0.0,,,,,
4096,32,32,16,4,4096,3,0,1664,False,vllm_0.5.1_flash_attn,0.001,0.001,0.001,0.001,0.0,0.016,0.016,0.016,0.016,0.0,0.0,0.0,0.0,0.0,0.0,0.0,0.0,0.0,0.0,0.0,,,,,
4096,32,32,16,4,4096,4,0,1664,False,vllm_0.5.1_flash_attn,0.001,0.001,0.001,0.001,0.0,0.016,0.016,0.016,0.016,0.0,0.0,0.0,0.0,0.0,0.0,0.0,0.0,0.0,0.0,0.0,,,,,
4096,32,32,16,4,4096,5,0,1664,False,vllm_0.5.1_flash_attn,0.001,0.001,0.001,0.001,0.0,0.019,0.02,0.019200000000000002,0.019,0.00040000000000000034,0.0,0.0,0.0,0.0,0.0,0.0,0.0,0.0,0.0,0.0,,,,,
4096,32,32,16,4,4096,6,0,1664,False,vllm_0.5.1_flash_attn,0.001,0.001,0.001,0.001,0.0,0.019,0.02,0.0198,0.02,0.00040000000000000034,0.0,0.0,0.0,0.0,0.0,0.0,0.0,0.0,0.0,0.0,,,,,
4096,32,32,16,4,4096,7,0,1664,False,vllm_0.5.1_flash_attn,0.001,0.001,0.001,0.001,0.0,0.024,0.025,0.0242,0.024,0.00040000000000000034,0.0,0.0,0.0,0.0,0.0,0.0,0.0,0.0,0.0,0.0,,,,,
4096,32,32,16,4,4096,8,0,1664,False,vllm_0.5.1_flash_attn,0.001,0.001,0.001,0.001,0.0,0.027,0.028,0.027800000000000002,0.028,0.00040000000000000034,0.0,0.0,0.0,0.0,0.0,0.0,0.0,0.0,0.0,0.0,,,,,
4096,32,32,16,4,4096,1,0,1728,False,vllm_0.5.1_flash_attn,0.001,0.001,0.001,0.001,0.0,0.011,0.016,0.012,0.011,0.0020000000000000005,0.0,0.0,0.0,0.0,0.0,0.0,0.0,0.0,0.0,0.0,,,,,
4096,32,32,16,4,4096,2,0,1728,False,vllm_0.5.1_flash_attn,0.001,0.001,0.001,0.001,0.0,0.013000000000000001,0.016,0.013800000000000002,0.013000000000000001,0.0011661903789690598,0.0,0.0,0.0,0.0,0.0,0.0,0.0,0.0,0.0,0.0,,,,,
4096,32,32,16,4,4096,3,0,1728,False,vllm_0.5.1_flash_attn,0.001,0.001,0.001,0.001,0.0,0.016,0.016,0.016,0.016,0.0,0.0,0.0,0.0,0.0,0.0,0.0,0.0,0.0,0.0,0.0,,,,,
4096,32,32,16,4,4096,4,0,1728,False,vllm_0.5.1_flash_attn,0.001,0.001,0.001,0.001,0.0,0.016,0.016,0.016,0.016,0.0,0.0,0.0,0.0,0.0,0.0,0.0,0.0,0.0,0.0,0.0,,,,,
4096,32,32,16,4,4096,5,0,1728,False,vllm_0.5.1_flash_attn,0.001,0.001,0.001,0.001,0.0,0.019,0.02,0.0194,0.019,0.000489897948556636,0.0,0.0,0.0,0.0,0.0,0.0,0.0,0.0,0.0,0.0,,,,,
4096,32,32,16,4,4096,6,0,1728,False,vllm_0.5.1_flash_attn,0.001,0.001,0.001,0.001,0.0,0.02,0.021,0.020200000000000003,0.02,0.00040000000000000034,0.0,0.0,0.0,0.0,0.0,0.0,0.0,0.0,0.0,0.0,,,,,
4096,32,32,16,4,4096,7,0,1728,False,vllm_0.5.1_flash_attn,0.001,0.001,0.001,0.001,0.0,0.026000000000000002,0.026000000000000002,0.026000000000000002,0.026000000000000002,0.0,0.0,0.0,0.0,0.0,0.0,0.0,0.0,0.0,0.0,0.0,,,,,
4096,32,32,16,4,4096,8,0,1728,False,vllm_0.5.1_flash_attn,0.001,0.001,0.001,0.001,0.0,0.027,0.028,0.027800000000000002,0.028,0.00040000000000000034,0.0,0.0,0.0,0.0,0.0,0.0,0.0,0.0,0.0,0.0,,,,,
4096,32,32,16,4,4096,1,0,1792,False,vllm_0.5.1_flash_attn,0.001,0.001,0.001,0.001,0.0,0.011,0.016,0.0126,0.012,0.0017435595774162695,0.0,0.0,0.0,0.0,0.0,0.0,0.0,0.0,0.0,0.0,,,,,
4096,32,32,16,4,4096,2,0,1792,False,vllm_0.5.1_flash_attn,0.001,0.001,0.001,0.001,0.0,0.013000000000000001,0.017,0.014400000000000001,0.014,0.0013564659966250538,0.0,0.0,0.0,0.0,0.0,0.0,0.0,0.0,0.0,0.0,,,,,
4096,32,32,16,4,4096,3,0,1792,False,vllm_0.5.1_flash_attn,0.001,0.001,0.001,0.001,0.0,0.016,0.017,0.0162,0.016,0.00040000000000000034,0.0,0.0,0.0,0.0,0.0,0.0,0.0,0.0,0.0,0.0,,,,,
4096,32,32,16,4,4096,4,0,1792,False,vllm_0.5.1_flash_attn,0.001,0.001,0.001,0.001,0.0,0.016,0.017,0.0162,0.016,0.00040000000000000034,0.0,0.0,0.0,0.0,0.0,0.0,0.0,0.0,0.0,0.0,,,,,
4096,32,32,16,4,4096,5,0,1792,False,vllm_0.5.1_flash_attn,0.001,0.001,0.001,0.001,0.0,0.019,0.02,0.0194,0.019,0.000489897948556636,0.0,0.0,0.0,0.0,0.0,0.0,0.0,0.0,0.0,0.0,,,,,
4096,32,32,16,4,4096,6,0,1792,False,vllm_0.5.1_flash_attn,0.001,0.001,0.001,0.001,0.0,0.021,0.021,0.021,0.021,0.0,0.0,0.0,0.0,0.0,0.0,0.0,0.0,0.0,0.0,0.0,,,,,
4096,32,32,16,4,4096,7,0,1792,False,vllm_0.5.1_flash_attn,0.001,0.001,0.001,0.001,0.0,0.026000000000000002,0.027,0.0262,0.026000000000000002,0.000399999999999999,0.0,0.0,0.0,0.0,0.0,0.0,0.0,0.0,0.0,0.0,,,,,
4096,32,32,16,4,4096,8,0,1792,False,vllm_0.5.1_flash_attn,0.001,0.001,0.001,0.001,0.0,0.028,0.029,0.028200000000000003,0.028,0.00040000000000000034,0.0,0.0,0.0,0.0,0.0,0.0,0.0,0.0,0.0,0.0,,,,,
4096,32,32,16,4,4096,1,0,1856,False,vllm_0.5.1_flash_attn,0.001,0.001,0.001,0.001,0.0,0.012,0.021,0.013800000000000002,0.012,0.0036000000000000003,0.0,0.0,0.0,0.0,0.0,0.0,0.0,0.0,0.0,0.0,,,,,
4096,32,32,16,4,4096,2,0,1856,False,vllm_0.5.1_flash_attn,0.001,0.001,0.001,0.001,0.0,0.014,0.016,0.014400000000000001,0.014,0.0008,0.0,0.0,0.0,0.0,0.0,0.0,0.0,0.0,0.0,0.0,,,,,
4096,32,32,16,4,4096,3,0,1856,False,vllm_0.5.1_flash_attn,0.001,0.001,0.001,0.001,0.0,0.016,0.017,0.0162,0.016,0.00040000000000000034,0.0,0.0,0.0,0.0,0.0,0.0,0.0,0.0,0.0,0.0,,,,,
4096,32,32,16,4,4096,4,0,1856,False,vllm_0.5.1_flash_attn,0.001,0.001,0.001,0.001,0.0,0.016,0.016,0.016,0.016,0.0,0.0,0.0,0.0,0.0,0.0,0.0,0.0,0.0,0.0,0.0,,,,,
4096,32,32,16,4,4096,5,0,1856,False,vllm_0.5.1_flash_attn,0.001,0.001,0.001,0.001,0.0,0.02,0.02,0.02,0.02,0.0,0.0,0.0,0.0,0.0,0.0,0.0,0.0,0.0,0.0,0.0,,,,,
4096,32,32,16,4,4096,6,0,1856,False,vllm_0.5.1_flash_attn,0.001,0.001,0.001,0.001,0.0,0.021,0.022,0.0214,0.021,0.0004898979485566344,0.0,0.0,0.0,0.0,0.0,0.0,0.0,0.0,0.0,0.0,,,,,
4096,32,32,16,4,4096,7,0,1856,False,vllm_0.5.1_flash_attn,0.001,0.001,0.001,0.001,0.0,0.026000000000000002,0.027,0.0268,0.027,0.000399999999999999,0.0,0.0,0.0,0.0,0.0,0.0,0.0,0.0,0.0,0.0,,,,,
4096,32,32,16,4,4096,8,0,1856,False,vllm_0.5.1_flash_attn,0.001,0.001,0.001,0.001,0.0,0.029,0.03,0.029599999999999998,0.03,0.0004898979485566344,0.0,0.0,0.0,0.0,0.0,0.0,0.0,0.0,0.0,0.0,,,,,
4096,32,32,16,4,4096,1,0,1920,False,vllm_0.5.1_flash_attn,0.001,0.001,0.001,0.001,0.0,0.012,0.017,0.013000000000000001,0.012,0.0020000000000000005,0.0,0.0,0.0,0.0,0.0,0.0,0.0,0.0,0.0,0.0,,,,,
4096,32,32,16,4,4096,2,0,1920,False,vllm_0.5.1_flash_attn,0.001,0.001,0.001,0.001,0.0,0.014,0.018000000000000002,0.0152,0.015,0.0014696938456699076,0.0,0.0,0.0,0.0,0.0,0.0,0.0,0.0,0.0,0.0,,,,,
4096,32,32,16,4,4096,3,0,1920,False,vllm_0.5.1_flash_attn,0.001,0.001,0.001,0.001,0.0,0.016,0.023,0.0174,0.016,0.0027999999999999995,0.0,0.0,0.0,0.0,0.0,0.0,0.0,0.0,0.0,0.0,,,,,
4096,32,32,16,4,4096,4,0,1920,False,vllm_0.5.1_flash_attn,0.001,0.001,0.001,0.001,0.0,0.016,0.016,0.016,0.016,0.0,0.0,0.0,0.0,0.0,0.0,0.0,0.0,0.0,0.0,0.0,,,,,
4096,32,32,16,4,4096,5,0,1920,False,vllm_0.5.1_flash_attn,0.001,0.001,0.001,0.001,0.0,0.02,0.02,0.02,0.02,0.0,0.0,0.0,0.0,0.0,0.0,0.0,0.0,0.0,0.0,0.0,,,,,
4096,32,32,16,4,4096,6,0,1920,False,vllm_0.5.1_flash_attn,0.001,0.001,0.001,0.001,0.0,0.032,0.032,0.032,0.032,0.0,0.0,0.0,0.0,0.0,0.0,0.0,0.0,0.0,0.0,0.0,,,,,
4096,32,32,16,4,4096,7,0,1920,False,vllm_0.5.1_flash_attn,0.001,0.001,0.001,0.001,0.0,0.027,0.028,0.0274,0.027,0.000489897948556636,0.0,0.0,0.0,0.0,0.0,0.0,0.0,0.0,0.0,0.0,,,,,
4096,32,32,16,4,4096,8,0,1920,False,vllm_0.5.1_flash_attn,0.001,0.001,0.001,0.001,0.0,0.03,0.03,0.03,0.03,0.0,0.0,0.0,0.0,0.0,0.0,0.0,0.0,0.0,0.0,0.0,,,,,
4096,32,32,16,4,4096,1,0,1984,False,vllm_0.5.1_flash_attn,0.001,0.001,0.001,0.001,0.0,0.012,0.017,0.013000000000000001,0.012,0.0020000000000000005,0.0,0.0,0.0,0.0,0.0,0.0,0.0,0.0,0.0,0.0,,,,,
4096,32,32,16,4,4096,2,0,1984,False,vllm_0.5.1_flash_attn,0.001,0.001,0.001,0.001,0.0,0.014,0.017,0.015,0.015,0.0010954451150103327,0.0,0.0,0.0,0.0,0.0,0.0,0.0,0.0,0.0,0.0,,,,,
4096,32,32,16,4,4096,3,0,1984,False,vllm_0.5.1_flash_attn,0.001,0.001,0.001,0.001,0.0,0.015,0.016,0.0158,0.016,0.00040000000000000034,0.0,0.0,0.0,0.0,0.0,0.0,0.0,0.0,0.0,0.0,,,,,
4096,32,32,16,4,4096,4,0,1984,False,vllm_0.5.1_flash_attn,0.001,0.001,0.001,0.001,0.0,0.016,0.017,0.0164,0.016,0.000489897948556636,0.0,0.0,0.0,0.0,0.0,0.0,0.0,0.0,0.0,0.0,,,,,
4096,32,32,16,4,4096,5,0,1984,False,vllm_0.5.1_flash_attn,0.001,0.001,0.001,0.001,0.0,0.02,0.021,0.020200000000000003,0.02,0.00040000000000000034,0.0,0.0,0.0,0.0,0.0,0.0,0.0,0.0,0.0,0.0,,,,,
4096,32,32,16,4,4096,6,0,1984,False,vllm_0.5.1_flash_attn,0.001,0.001,0.001,0.001,0.0,0.032,0.033,0.032600000000000004,0.033,0.000489897948556636,0.0,0.0,0.0,0.0,0.0,0.0,0.0,0.0,0.0,0.0,,,,,
4096,32,32,16,4,4096,7,0,1984,False,vllm_0.5.1_flash_attn,0.001,0.001,0.001,0.001,0.0,0.027,0.028,0.027800000000000002,0.028,0.00040000000000000034,0.0,0.0,0.0,0.0,0.0,0.0,0.0,0.0,0.0,0.0,,,,,
4096,32,32,16,4,4096,8,0,1984,False,vllm_0.5.1_flash_attn,0.001,0.001,0.001,0.001,0.0,0.03,0.031,0.0308,0.031,0.00040000000000000034,0.0,0.0,0.0,0.0,0.0,0.0,0.0,0.0,0.0,0.0,,,,,
4096,32,32,16,4,4096,1,0,2048,False,vllm_0.5.1_flash_attn,0.001,0.001,0.001,0.001,0.0,0.014,0.017,0.014600000000000002,0.014,0.0012000000000000003,0.0,0.0,0.0,0.0,0.0,0.0,0.0,0.0,0.0,0.0,,,,,
4096,32,32,16,4,4096,2,0,2048,False,vllm_0.5.1_flash_attn,0.001,0.001,0.001,0.001,0.0,0.016,0.016,0.016,0.016,0.0,0.0,0.0,0.0,0.0,0.0,0.0,0.0,0.0,0.0,0.0,,,,,
4096,32,32,16,4,4096,3,0,2048,False,vllm_0.5.1_flash_attn,0.001,0.001,0.001,0.001,0.0,0.016,0.018000000000000002,0.0164,0.016,0.0008000000000000007,0.0,0.0,0.0,0.0,0.0,0.0,0.0,0.0,0.0,0.0,,,,,
4096,32,32,16,4,4096,4,0,2048,False,vllm_0.5.1_flash_attn,0.001,0.001,0.001,0.001,0.0,0.019,0.02,0.0196,0.02,0.000489897948556636,0.0,0.0,0.0,0.0,0.0,0.0,0.0,0.0,0.0,0.0,,,,,
4096,32,32,16,4,4096,5,0,2048,False,vllm_0.5.1_flash_attn,0.001,0.001,0.001,0.001,0.0,0.02,0.021,0.020200000000000003,0.02,0.00040000000000000034,0.0,0.0,0.0,0.0,0.0,0.0,0.0,0.0,0.0,0.0,,,,,
4096,32,32,16,4,4096,6,0,2048,False,vllm_0.5.1_flash_attn,0.001,0.001,0.001,0.001,0.0,0.026000000000000002,0.027,0.026600000000000002,0.027,0.0004898979485566344,0.0,0.0,0.0,0.0,0.0,0.0,0.0,0.0,0.0,0.0,,,,,
4096,32,32,16,4,4096,7,0,2048,False,vllm_0.5.1_flash_attn,0.001,0.001,0.001,0.001,0.0,0.029,0.03,0.029599999999999998,0.03,0.0004898979485566344,0.0,0.0,0.0,0.0,0.0,0.0,0.0,0.0,0.0,0.0,,,,,
4096,32,32,16,4,4096,8,0,2048,False,vllm_0.5.1_flash_attn,0.001,0.001,0.001,0.001,0.0,0.032,0.033,0.0324,0.032,0.000489897948556636,0.0,0.0,0.0,0.0,0.0,0.0,0.0,0.0,0.0,0.0,,,,,
4096,32,32,16,4,4096,1,0,2112,False,vllm_0.5.1_flash_attn,0.001,0.001,0.001,0.001,0.0,0.014,0.016,0.014400000000000001,0.014,0.0008,0.0,0.0,0.0,0.0,0.0,0.0,0.0,0.0,0.0,0.0,,,,,
4096,32,32,16,4,4096,2,0,2112,False,vllm_0.5.1_flash_attn,0.001,0.001,0.001,0.001,0.0,0.015,0.016,0.0158,0.016,0.00040000000000000034,0.0,0.0,0.0,0.0,0.0,0.0,0.0,0.0,0.0,0.0,,,,,
4096,32,32,16,4,4096,3,0,2112,False,vllm_0.5.1_flash_attn,0.001,0.001,0.001,0.001,0.0,0.016,0.016,0.016,0.016,0.0,0.0,0.0,0.0,0.0,0.0,0.0,0.0,0.0,0.0,0.0,,,,,
4096,32,32,16,4,4096,4,0,2112,False,vllm_0.5.1_flash_attn,0.001,0.001,0.001,0.001,0.0,0.019,0.02,0.0198,0.02,0.00040000000000000034,0.0,0.0,0.0,0.0,0.0,0.0,0.0,0.0,0.0,0.0,,,,,
4096,32,32,16,4,4096,5,0,2112,False,vllm_0.5.1_flash_attn,0.001,0.001,0.001,0.001,0.0,0.02,0.021,0.020200000000000003,0.02,0.00040000000000000034,0.0,0.0,0.0,0.0,0.0,0.0,0.0,0.0,0.0,0.0,,,,,
4096,32,32,16,4,4096,6,0,2112,False,vllm_0.5.1_flash_attn,0.001,0.001,0.001,0.001,0.0,0.027,0.028,0.027800000000000002,0.028,0.00040000000000000034,0.0,0.0,0.0,0.0,0.0,0.0,0.0,0.0,0.0,0.0,,,,,
4096,32,32,16,4,4096,7,0,2112,False,vllm_0.5.1_flash_attn,0.001,0.001,0.001,0.001,0.0,0.03,0.03,0.03,0.03,0.0,0.0,0.0,0.0,0.0,0.0,0.0,0.0,0.0,0.0,0.0,,,,,
4096,32,32,16,4,4096,8,0,2112,False,vllm_0.5.1_flash_attn,0.001,0.001,0.001,0.001,0.0,0.033,0.034,0.0332,0.033,0.00040000000000000034,0.0,0.0,0.0,0.0,0.0,0.0,0.0,0.0,0.0,0.0,,,,,
4096,32,32,16,4,4096,1,0,2176,False,vllm_0.5.1_flash_attn,0.001,0.001,0.001,0.001,0.0,0.014,0.023,0.0158,0.014,0.0036,0.0,0.0,0.0,0.0,0.0,0.0,0.0,0.0,0.0,0.0,,,,,
4096,32,32,16,4,4096,2,0,2176,False,vllm_0.5.1_flash_attn,0.001,0.001,0.001,0.001,0.0,0.015,0.016,0.0156,0.016,0.000489897948556636,0.0,0.0,0.0,0.0,0.0,0.0,0.0,0.0,0.0,0.0,,,,,
4096,32,32,16,4,4096,3,0,2176,False,vllm_0.5.1_flash_attn,0.001,0.001,0.001,0.001,0.0,0.016,0.016,0.016,0.016,0.0,0.0,0.0,0.0,0.0,0.0,0.0,0.0,0.0,0.0,0.0,,,,,
4096,32,32,16,4,4096,4,0,2176,False,vllm_0.5.1_flash_attn,0.001,0.001,0.001,0.001,0.0,0.019,0.02,0.019200000000000002,0.019,0.00040000000000000034,0.0,0.0,0.0,0.0,0.0,0.0,0.0,0.0,0.0,0.0,,,,,
4096,32,32,16,4,4096,5,0,2176,False,vllm_0.5.1_flash_attn,0.001,0.001,0.001,0.001,0.0,0.02,0.021,0.0206,0.021,0.000489897948556636,0.0,0.0,0.0,0.0,0.0,0.0,0.0,0.0,0.0,0.0,,,,,
4096,32,32,16,4,4096,6,0,2176,False,vllm_0.5.1_flash_attn,0.001,0.001,0.001,0.001,0.0,0.027,0.029,0.027800000000000002,0.028,0.0007483314773547889,0.0,0.0,0.0,0.0,0.0,0.0,0.0,0.0,0.0,0.0,,,,,
4096,32,32,16,4,4096,7,0,2176,False,vllm_0.5.1_flash_attn,0.001,0.001,0.001,0.001,0.0,0.03,0.031,0.0304,0.03,0.000489897948556636,0.0,0.0,0.0,0.0,0.0,0.0,0.0,0.0,0.0,0.0,,,,,
4096,32,32,16,4,4096,8,0,2176,False,vllm_0.5.1_flash_attn,0.001,0.001,0.001,0.001,0.0,0.033,0.035,0.033800000000000004,0.034,0.0007483314773547889,0.0,0.0,0.0,0.0,0.0,0.0,0.0,0.0,0.0,0.0,,,,,
4096,32,32,16,4,4096,1,0,2240,False,vllm_0.5.1_flash_attn,0.001,0.001,0.001,0.001,0.0,0.014,0.018000000000000002,0.014800000000000002,0.014,0.0016000000000000007,0.0,0.0,0.0,0.0,0.0,0.0,0.0,0.0,0.0,0.0,,,,,
4096,32,32,16,4,4096,2,0,2240,False,vllm_0.5.1_flash_attn,0.001,0.001,0.001,0.001,0.0,0.016,0.016,0.016,0.016,0.0,0.0,0.0,0.0,0.0,0.0,0.0,0.0,0.0,0.0,0.0,,,,,
4096,32,32,16,4,4096,3,0,2240,False,vllm_0.5.1_flash_attn,0.001,0.001,0.001,0.001,0.0,0.016,0.016,0.016,0.016,0.0,0.0,0.0,0.0,0.0,0.0,0.0,0.0,0.0,0.0,0.0,,,,,
4096,32,32,16,4,4096,4,0,2240,False,vllm_0.5.1_flash_attn,0.001,0.001,0.001,0.001,0.0,0.019,0.02,0.0198,0.02,0.00040000000000000034,0.0,0.0,0.0,0.0,0.0,0.0,0.0,0.0,0.0,0.0,,,,,
4096,32,32,16,4,4096,5,0,2240,False,vllm_0.5.1_flash_attn,0.001,0.001,0.001,0.001,0.0,0.021,0.022,0.0218,0.022,0.000399999999999999,0.0,0.0,0.0,0.0,0.0,0.0,0.0,0.0,0.0,0.0,,,,,
4096,32,32,16,4,4096,6,0,2240,False,vllm_0.5.1_flash_attn,0.001,0.001,0.001,0.001,0.0,0.027,0.028,0.027800000000000002,0.028,0.00040000000000000034,0.0,0.0,0.0,0.0,0.0,0.0,0.0,0.0,0.0,0.0,,,,,
4096,32,32,16,4,4096,7,0,2240,False,vllm_0.5.1_flash_attn,0.001,0.001,0.001,0.001,0.0,0.031,0.032,0.0314,0.031,0.000489897948556636,0.0,0.0,0.0,0.0,0.0,0.0,0.0,0.0,0.0,0.0,,,,,
4096,32,32,16,4,4096,8,0,2240,False,vllm_0.5.1_flash_attn,0.001,0.001,0.001,0.001,0.0,0.033,0.034,0.033800000000000004,0.034,0.00040000000000000034,0.0,0.0,0.0,0.0,0.0,0.0,0.0,0.0,0.0,0.0,,,,,
4096,32,32,16,4,4096,1,0,2304,False,vllm_0.5.1_flash_attn,0.001,0.001,0.001,0.001,0.0,0.014,0.017,0.014600000000000002,0.014,0.0012000000000000003,0.0,0.0,0.0,0.0,0.0,0.0,0.0,0.0,0.0,0.0,,,,,
4096,32,32,16,4,4096,2,0,2304,False,vllm_0.5.1_flash_attn,0.001,0.001,0.001,0.001,0.0,0.016,0.016,0.016,0.016,0.0,0.0,0.0,0.0,0.0,0.0,0.0,0.0,0.0,0.0,0.0,,,,,
4096,32,32,16,4,4096,3,0,2304,False,vllm_0.5.1_flash_attn,0.001,0.001,0.001,0.001,0.0,0.016,0.017,0.016800000000000002,0.017,0.00040000000000000034,0.0,0.0,0.0,0.0,0.0,0.0,0.0,0.0,0.0,0.0,,,,,
4096,32,32,16,4,4096,4,0,2304,False,vllm_0.5.1_flash_attn,0.001,0.001,0.001,0.001,0.0,0.02,0.02,0.02,0.02,0.0,0.0,0.0,0.0,0.0,0.0,0.0,0.0,0.0,0.0,0.0,,,,,
4096,32,32,16,4,4096,5,0,2304,False,vllm_0.5.1_flash_attn,0.001,0.001,0.001,0.001,0.0,0.032,0.033,0.0328,0.033,0.00040000000000000034,0.0,0.0,0.0,0.0,0.0,0.0,0.0,0.0,0.0,0.0,,,,,
4096,32,32,16,4,4096,6,0,2304,False,vllm_0.5.1_flash_attn,0.001,0.001,0.001,0.001,0.0,0.028,0.03,0.029199999999999997,0.029,0.0007483314773547874,0.0,0.0,0.0,0.0,0.0,0.0,0.0,0.0,0.0,0.0,,,,,
4096,32,32,16,4,4096,7,0,2304,False,vllm_0.5.1_flash_attn,0.001,0.001,0.001,0.001,0.0,0.031,0.032,0.0312,0.031,0.00040000000000000034,0.0,0.0,0.0,0.0,0.0,0.0,0.0,0.0,0.0,0.0,,,,,
4096,32,32,16,4,4096,8,0,2304,False,vllm_0.5.1_flash_attn,0.001,0.001,0.001,0.001,0.0,0.034,0.035,0.0342,0.034,0.00040000000000000034,0.0,0.0,0.0,0.0,0.0,0.0,0.0,0.0,0.0,0.0,,,,,
4096,32,32,16,4,4096,1,0,2368,False,vllm_0.5.1_flash_attn,0.001,0.001,0.001,0.001,0.0,0.014,0.018000000000000002,0.014800000000000002,0.014,0.0016000000000000007,0.0,0.0,0.0,0.0,0.0,0.0,0.0,0.0,0.0,0.0,,,,,
4096,32,32,16,4,4096,2,0,2368,False,vllm_0.5.1_flash_attn,0.001,0.001,0.001,0.001,0.0,0.016,0.017,0.0166,0.017,0.000489897948556636,0.0,0.0,0.0,0.0,0.0,0.0,0.0,0.0,0.0,0.0,,,,,
4096,32,32,16,4,4096,3,0,2368,False,vllm_0.5.1_flash_attn,0.001,0.001,0.001,0.001,0.0,0.017,0.018000000000000002,0.0172,0.017,0.00040000000000000034,0.0,0.0,0.0,0.0,0.0,0.0,0.0,0.0,0.0,0.0,,,,,
4096,32,32,16,4,4096,4,0,2368,False,vllm_0.5.1_flash_attn,0.001,0.001,0.001,0.001,0.0,0.02,0.02,0.02,0.02,0.0,0.0,0.0,0.0,0.0,0.0,0.0,0.0,0.0,0.0,0.0,,,,,
4096,32,32,16,4,4096,5,0,2368,False,vllm_0.5.1_flash_attn,0.001,0.001,0.001,0.001,0.0,0.034,0.035,0.0344,0.034,0.000489897948556636,0.0,0.0,0.0,0.0,0.0,0.0,0.0,0.0,0.0,0.0,,,,,
4096,32,32,16,4,4096,6,0,2368,False,vllm_0.5.1_flash_attn,0.001,0.001,0.001,0.001,0.0,0.029,0.031,0.029599999999999998,0.029,0.0007999999999999992,0.0,0.0,0.0,0.0,0.0,0.0,0.0,0.0,0.0,0.0,,,,,
4096,32,32,16,4,4096,7,0,2368,False,vllm_0.5.1_flash_attn,0.001,0.001,0.001,0.001,0.0,0.032,0.032,0.032,0.032,0.0,0.0,0.0,0.0,0.0,0.0,0.0,0.0,0.0,0.0,0.0,,,,,
4096,32,32,16,4,4096,8,0,2368,False,vllm_0.5.1_flash_attn,0.001,0.001,0.001,0.001,0.0,0.034,0.035,0.034600000000000006,0.035,0.000489897948556636,0.0,0.0,0.0,0.0,0.0,0.0,0.0,0.0,0.0,0.0,,,,,
4096,32,32,16,4,4096,1,0,2432,False,vllm_0.5.1_flash_attn,0.001,0.001,0.001,0.001,0.0,0.014,0.017,0.014600000000000002,0.014,0.0012000000000000003,0.0,0.0,0.0,0.0,0.0,0.0,0.0,0.0,0.0,0.0,,,,,
4096,32,32,16,4,4096,2,0,2432,False,vllm_0.5.1_flash_attn,0.001,0.001,0.001,0.001,0.0,0.016,0.017,0.0166,0.017,0.000489897948556636,0.0,0.0,0.0,0.0,0.0,0.0,0.0,0.0,0.0,0.0,,,,,
4096,32,32,16,4,4096,3,0,2432,False,vllm_0.5.1_flash_attn,0.001,0.001,0.001,0.001,0.0,0.017,0.018000000000000002,0.0172,0.017,0.00040000000000000034,0.0,0.0,0.0,0.0,0.0,0.0,0.0,0.0,0.0,0.0,,,,,
4096,32,32,16,4,4096,4,0,2432,False,vllm_0.5.1_flash_attn,0.001,0.001,0.001,0.001,0.0,0.02,0.02,0.02,0.02,0.0,0.0,0.0,0.0,0.0,0.0,0.0,0.0,0.0,0.0,0.0,,,,,
4096,32,32,16,4,4096,5,0,2432,False,vllm_0.5.1_flash_attn,0.001,0.001,0.001,0.001,0.0,0.027,0.028,0.027200000000000002,0.027,0.00040000000000000034,0.0,0.0,0.0,0.0,0.0,0.0,0.0,0.0,0.0,0.0,,,,,
4096,32,32,16,4,4096,6,0,2432,False,vllm_0.5.1_flash_attn,0.001,0.001,0.001,0.001,0.0,0.03,0.03,0.03,0.03,0.0,0.0,0.0,0.0,0.0,0.0,0.0,0.0,0.0,0.0,0.0,,,,,
4096,32,32,16,4,4096,7,0,2432,False,vllm_0.5.1_flash_attn,0.001,0.001,0.001,0.001,0.0,0.032,0.033,0.0324,0.032,0.000489897948556636,0.0,0.0,0.0,0.0,0.0,0.0,0.0,0.0,0.0,0.0,,,,,
4096,32,32,16,4,4096,8,0,2432,False,vllm_0.5.1_flash_attn,0.001,0.001,0.001,0.001,0.0,0.035,0.036000000000000004,0.0354,0.035,0.000489897948556636,0.0,0.0,0.0,0.0,0.0,0.0,0.0,0.0,0.0,0.0,,,,,
4096,32,32,16,4,4096,1,0,2496,False,vllm_0.5.1_flash_attn,0.001,0.001,0.001,0.001,0.0,0.014,0.018000000000000002,0.014800000000000002,0.014,0.0016000000000000007,0.0,0.0,0.0,0.0,0.0,0.0,0.0,0.0,0.0,0.0,,,,,
4096,32,32,16,4,4096,2,0,2496,False,vllm_0.5.1_flash_attn,0.001,0.001,0.001,0.001,0.0,0.016,0.017,0.016800000000000002,0.017,0.00040000000000000034,0.0,0.0,0.0,0.0,0.0,0.0,0.0,0.0,0.0,0.0,,,,,
4096,32,32,16,4,4096,3,0,2496,False,vllm_0.5.1_flash_attn,0.001,0.001,0.001,0.001,0.0,0.017,0.018000000000000002,0.0172,0.017,0.00040000000000000034,0.0,0.0,0.0,0.0,0.0,0.0,0.0,0.0,0.0,0.0,,,,,
4096,32,32,16,4,4096,4,0,2496,False,vllm_0.5.1_flash_attn,0.001,0.001,0.001,0.001,0.0,0.02,0.02,0.02,0.02,0.0,0.0,0.0,0.0,0.0,0.0,0.0,0.0,0.0,0.0,0.0,,,,,
4096,32,32,16,4,4096,5,0,2496,False,vllm_0.5.1_flash_attn,0.001,0.001,0.001,0.001,0.0,0.026000000000000002,0.028,0.0268,0.027,0.0007483314773547874,0.0,0.0,0.0,0.0,0.0,0.0,0.0,0.0,0.0,0.0,,,,,
4096,32,32,16,4,4096,6,0,2496,False,vllm_0.5.1_flash_attn,0.001,0.001,0.001,0.001,0.0,0.03,0.031,0.0306,0.031,0.000489897948556636,0.0,0.0,0.0,0.0,0.0,0.0,0.0,0.0,0.0,0.0,,,,,
4096,32,32,16,4,4096,7,0,2496,False,vllm_0.5.1_flash_attn,0.001,0.001,0.001,0.001,0.0,0.033,0.034,0.0334,0.033,0.000489897948556636,0.0,0.0,0.0,0.0,0.0,0.0,0.0,0.0,0.0,0.0,,,,,
4096,32,32,16,4,4096,8,0,2496,False,vllm_0.5.1_flash_attn,0.001,0.001,0.001,0.001,0.0,0.036000000000000004,0.037,0.0362,0.036000000000000004,0.0003999999999999976,0.0,0.0,0.0,0.0,0.0,0.0,0.0,0.0,0.0,0.0,,,,,
4096,32,32,16,4,4096,1,0,2560,False,vllm_0.5.1_flash_attn,0.001,0.001,0.001,0.001,0.0,0.015,0.018000000000000002,0.0158,0.015,0.001166190378969061,0.0,0.0,0.0,0.0,0.0,0.0,0.0,0.0,0.0,0.0,,,,,
4096,32,32,16,4,4096,2,0,2560,False,vllm_0.5.1_flash_attn,0.001,0.001,0.001,0.001,0.0,0.017,0.017,0.017,0.017,0.0,0.0,0.0,0.0,0.0,0.0,0.0,0.0,0.0,0.0,0.0,,,,,
4096,32,32,16,4,4096,3,0,2560,False,vllm_0.5.1_flash_attn,0.001,0.001,0.001,0.001,0.0,0.017,0.025,0.0188,0.017,0.0031240998703626617,0.0,0.0,0.0,0.0,0.0,0.0,0.0,0.0,0.0,0.0,,,,,
4096,32,32,16,4,4096,4,0,2560,False,vllm_0.5.1_flash_attn,0.001,0.001,0.001,0.001,0.0,0.024,0.024,0.024,0.024,0.0,0.0,0.0,0.0,0.0,0.0,0.0,0.0,0.0,0.0,0.0,,,,,
4096,32,32,16,4,4096,5,0,2560,False,vllm_0.5.1_flash_attn,0.001,0.001,0.001,0.001,0.0,0.027,0.029,0.027800000000000002,0.028,0.0007483314773547889,0.0,0.0,0.0,0.0,0.0,0.0,0.0,0.0,0.0,0.0,,,,,
4096,32,32,16,4,4096,6,0,2560,False,vllm_0.5.1_flash_attn,0.001,0.001,0.001,0.001,0.0,0.032,0.032,0.032,0.032,0.0,0.0,0.0,0.0,0.0,0.0,0.0,0.0,0.0,0.0,0.0,,,,,
4096,32,32,16,4,4096,7,0,2560,False,vllm_0.5.1_flash_attn,0.001,0.001,0.001,0.001,0.0,0.033,0.035,0.034,0.034,0.0006324555320336764,0.0,0.0,0.0,0.0,0.0,0.0,0.0,0.0,0.0,0.0,,,,,
4096,32,32,16,4,4096,8,0,2560,False,vllm_0.5.1_flash_attn,0.001,0.001,0.001,0.001,0.0,0.037,0.037,0.037,0.037,0.0,0.0,0.0,0.0,0.0,0.0,0.0,0.0,0.0,0.0,0.0,,,,,
4096,32,32,16,4,4096,1,0,2624,False,vllm_0.5.1_flash_attn,0.001,0.001,0.001,0.001,0.0,0.015,0.019,0.0158,0.015,0.0016,0.0,0.0,0.0,0.0,0.0,0.0,0.0,0.0,0.0,0.0,,,,,
4096,32,32,16,4,4096,2,0,2624,False,vllm_0.5.1_flash_attn,0.001,0.001,0.001,0.001,0.0,0.017,0.017,0.017,0.017,0.0,0.0,0.0,0.0,0.0,0.0,0.0,0.0,0.0,0.0,0.0,,,,,
4096,32,32,16,4,4096,3,0,2624,False,vllm_0.5.1_flash_attn,0.001,0.001,0.001,0.001,0.0,0.017,0.022,0.0184,0.018000000000000002,0.0018547236990991397,0.0,0.0,0.0,0.0,0.0,0.0,0.0,0.0,0.0,0.0,,,,,
4096,32,32,16,4,4096,4,0,2624,False,vllm_0.5.1_flash_attn,0.001,0.001,0.001,0.001,0.0,0.024,0.024,0.024,0.024,0.0,0.0,0.0,0.0,0.0,0.0,0.0,0.0,0.0,0.0,0.0,,,,,
4096,32,32,16,4,4096,5,0,2624,False,vllm_0.5.1_flash_attn,0.001,0.001,0.001,0.001,0.0,0.027,0.029,0.027800000000000002,0.028,0.0007483314773547889,0.0,0.0,0.0,0.0,0.0,0.0,0.0,0.0,0.0,0.0,,,,,
4096,32,32,16,4,4096,6,0,2624,False,vllm_0.5.1_flash_attn,0.001,0.001,0.001,0.001,0.0,0.032,0.033,0.0322,0.032,0.00040000000000000034,0.0,0.0,0.0,0.0,0.0,0.0,0.0,0.0,0.0,0.0,,,,,
4096,32,32,16,4,4096,7,0,2624,False,vllm_0.5.1_flash_attn,0.001,0.001,0.001,0.001,0.0,0.034,0.036000000000000004,0.035,0.035,0.0006324555320336764,0.0,0.0,0.0,0.0,0.0,0.0,0.0,0.0,0.0,0.0,,,,,
4096,32,32,16,4,4096,8,0,2624,False,vllm_0.5.1_flash_attn,0.001,0.001,0.001,0.001,0.0,0.038,0.038,0.038,0.038,0.0,0.0,0.0,0.0,0.0,0.0,0.0,0.0,0.0,0.0,0.0,,,,,
4096,32,32,16,4,4096,1,0,2688,False,vllm_0.5.1_flash_attn,0.001,0.001,0.001,0.001,0.0,0.015,0.017,0.0154,0.015,0.0008000000000000007,0.0,0.0,0.0,0.0,0.0,0.0,0.0,0.0,0.0,0.0,,,,,
4096,32,32,16,4,4096,2,0,2688,False,vllm_0.5.1_flash_attn,0.001,0.001,0.001,0.001,0.0,0.016,0.017,0.016800000000000002,0.017,0.00040000000000000034,0.0,0.0,0.0,0.0,0.0,0.0,0.0,0.0,0.0,0.0,,,,,
4096,32,32,16,4,4096,3,0,2688,False,vllm_0.5.1_flash_attn,0.001,0.001,0.001,0.001,0.0,0.017,0.018000000000000002,0.017400000000000002,0.017,0.000489897948556636,0.0,0.0,0.0,0.0,0.0,0.0,0.0,0.0,0.0,0.0,,,,,
4096,32,32,16,4,4096,4,0,2688,False,vllm_0.5.1_flash_attn,0.001,0.001,0.001,0.001,0.0,0.021,0.021,0.021,0.021,0.0,0.0,0.0,0.0,0.0,0.0,0.0,0.0,0.0,0.0,0.0,,,,,
4096,32,32,16,4,4096,5,0,2688,False,vllm_0.5.1_flash_attn,0.001,0.001,0.001,0.001,0.0,0.028,0.029,0.028800000000000003,0.029,0.00040000000000000034,0.0,0.0,0.0,0.0,0.0,0.0,0.0,0.0,0.0,0.0,,,,,
4096,32,32,16,4,4096,6,0,2688,False,vllm_0.5.1_flash_attn,0.001,0.001,0.001,0.001,0.0,0.032,0.034,0.033,0.033,0.0006324555320336764,0.0,0.0,0.0,0.0,0.0,0.0,0.0,0.0,0.0,0.0,,,,,
4096,32,32,16,4,4096,7,0,2688,False,vllm_0.5.1_flash_attn,0.001,0.001,0.001,0.001,0.0,0.035,0.035,0.035,0.035,0.0,0.0,0.0,0.0,0.0,0.0,0.0,0.0,0.0,0.0,0.0,,,,,
4096,32,32,16,4,4096,8,0,2688,False,vllm_0.5.1_flash_attn,0.001,0.001,0.001,0.001,0.0,0.038,0.039,0.0382,0.038,0.00040000000000000034,0.0,0.0,0.0,0.0,0.0,0.0,0.0,0.0,0.0,0.0,,,,,
4096,32,32,16,4,4096,1,0,2752,False,vllm_0.5.1_flash_attn,0.001,0.001,0.001,0.001,0.0,0.015,0.017,0.0154,0.015,0.0008000000000000007,0.0,0.0,0.0,0.0,0.0,0.0,0.0,0.0,0.0,0.0,,,,,
4096,32,32,16,4,4096,2,0,2752,False,vllm_0.5.1_flash_attn,0.001,0.001,0.001,0.001,0.0,0.017,0.017,0.017,0.017,0.0,0.0,0.0,0.0,0.0,0.0,0.0,0.0,0.0,0.0,0.0,,,,,
4096,32,32,16,4,4096,3,0,2752,False,vllm_0.5.1_flash_attn,0.001,0.001,0.001,0.001,0.0,0.017,0.018000000000000002,0.0176,0.018000000000000002,0.000489897948556636,0.0,0.0,0.0,0.0,0.0,0.0,0.0,0.0,0.0,0.0,,,,,
4096,32,32,16,4,4096,4,0,2752,False,vllm_0.5.1_flash_attn,0.001,0.001,0.001,0.001,0.0,0.021,0.022,0.0214,0.021,0.0004898979485566344,0.0,0.0,0.0,0.0,0.0,0.0,0.0,0.0,0.0,0.0,,,,,
4096,32,32,16,4,4096,5,0,2752,False,vllm_0.5.1_flash_attn,0.001,0.001,0.001,0.001,0.0,0.028,0.03,0.028800000000000003,0.029,0.0007483314773547878,0.0,0.0,0.0,0.0,0.0,0.0,0.0,0.0,0.0,0.0,,,,,
4096,32,32,16,4,4096,6,0,2752,False,vllm_0.5.1_flash_attn,0.001,0.001,0.001,0.001,0.0,0.032,0.034,0.033,0.033,0.0006324555320336764,0.0,0.0,0.0,0.0,0.0,0.0,0.0,0.0,0.0,0.0,,,,,
4096,32,32,16,4,4096,7,0,2752,False,vllm_0.5.1_flash_attn,0.001,0.001,0.001,0.001,0.0,0.035,0.036000000000000004,0.0352,0.035,0.00040000000000000034,0.0,0.0,0.0,0.0,0.0,0.0,0.0,0.0,0.0,0.0,,,,,
4096,32,32,16,4,4096,8,0,2752,False,vllm_0.5.1_flash_attn,0.001,0.001,0.001,0.001,0.0,0.038,0.04,0.0386,0.038,0.0008000000000000007,0.0,0.0,0.0,0.0,0.0,0.0,0.0,0.0,0.0,0.0,,,,,
4096,32,32,16,4,4096,1,0,2816,False,vllm_0.5.1_flash_attn,0.001,0.001,0.001,0.001,0.0,0.015,0.017,0.0154,0.015,0.0008000000000000007,0.0,0.0,0.0,0.0,0.0,0.0,0.0,0.0,0.0,0.0,,,,,
4096,32,32,16,4,4096,2,0,2816,False,vllm_0.5.1_flash_attn,0.001,0.001,0.001,0.001,0.0,0.017,0.017,0.017,0.017,0.0,0.0,0.0,0.0,0.0,0.0,0.0,0.0,0.0,0.0,0.0,,,,,
4096,32,32,16,4,4096,3,0,2816,False,vllm_0.5.1_flash_attn,0.001,0.001,0.001,0.001,0.0,0.019,0.02,0.0194,0.019,0.000489897948556636,0.0,0.0,0.0,0.0,0.0,0.0,0.0,0.0,0.0,0.0,,,,,
4096,32,32,16,4,4096,4,0,2816,False,vllm_0.5.1_flash_attn,0.001,0.001,0.001,0.001,0.0,0.021,0.022,0.0216,0.022,0.0004898979485566344,0.0,0.0,0.0,0.0,0.0,0.0,0.0,0.0,0.0,0.0,,,,,
4096,32,32,16,4,4096,5,0,2816,False,vllm_0.5.1_flash_attn,0.001,0.001,0.001,0.001,0.0,0.029,0.03,0.0294,0.029,0.0004898979485566344,0.0,0.0,0.0,0.0,0.0,0.0,0.0,0.0,0.0,0.0,,,,,
4096,32,32,16,4,4096,6,0,2816,False,vllm_0.5.1_flash_attn,0.001,0.001,0.001,0.001,0.0,0.033,0.034,0.0334,0.033,0.000489897948556636,0.0,0.0,0.0,0.0,0.0,0.0,0.0,0.0,0.0,0.0,,,,,
4096,32,32,16,4,4096,7,0,2816,False,vllm_0.5.1_flash_attn,0.001,0.001,0.001,0.001,0.0,0.036000000000000004,0.036000000000000004,0.036000000000000004,0.036000000000000004,0.0,0.0,0.0,0.0,0.0,0.0,0.0,0.0,0.0,0.0,0.0,,,,,
4096,32,32,16,4,4096,8,0,2816,False,vllm_0.5.1_flash_attn,0.001,0.001,0.001,0.001,0.0,0.039,0.04,0.039400000000000004,0.039,0.000489897948556636,0.0,0.0,0.0,0.0,0.0,0.0,0.0,0.0,0.0,0.0,,,,,
4096,32,32,16,4,4096,1,0,2880,False,vllm_0.5.1_flash_attn,0.001,0.001,0.001,0.001,0.0,0.015,0.017,0.0154,0.015,0.0008000000000000007,0.0,0.0,0.0,0.0,0.0,0.0,0.0,0.0,0.0,0.0,,,,,
4096,32,32,16,4,4096,2,0,2880,False,vllm_0.5.1_flash_attn,0.001,0.001,0.001,0.001,0.0,0.016,0.017,0.0166,0.017,0.000489897948556636,0.0,0.0,0.0,0.0,0.0,0.0,0.0,0.0,0.0,0.0,,,,,
4096,32,32,16,4,4096,3,0,2880,False,vllm_0.5.1_flash_attn,0.001,0.001,0.001,0.001,0.0,0.019,0.02,0.0196,0.02,0.000489897948556636,0.0,0.0,0.0,0.0,0.0,0.0,0.0,0.0,0.0,0.0,,,,,
4096,32,32,16,4,4096,4,0,2880,False,vllm_0.5.1_flash_attn,0.001,0.001,0.001,0.001,0.0,0.022,0.024,0.022399999999999996,0.022,0.0008000000000000007,0.0,0.0,0.0,0.0,0.0,0.0,0.0,0.0,0.0,0.0,,,,,
4096,32,32,16,4,4096,5,0,2880,False,vllm_0.5.1_flash_attn,0.001,0.001,0.001,0.001,0.0,0.03,0.03,0.03,0.03,0.0,0.0,0.0,0.0,0.0,0.0,0.0,0.0,0.0,0.0,0.0,,,,,
4096,32,32,16,4,4096,6,0,2880,False,vllm_0.5.1_flash_attn,0.001,0.001,0.001,0.001,0.0,0.033,0.035,0.0342,0.034,0.0007483314773547889,0.0,0.0,0.0,0.0,0.0,0.0,0.0,0.0,0.0,0.0,,,,,
4096,32,32,16,4,4096,7,0,2880,False,vllm_0.5.1_flash_attn,0.001,0.001,0.001,0.001,0.0,0.036000000000000004,0.038,0.0364,0.036000000000000004,0.000799999999999998,0.0,0.0,0.0,0.0,0.0,0.0,0.0,0.0,0.0,0.0,,,,,
4096,32,32,16,4,4096,8,0,2880,False,vllm_0.5.1_flash_attn,0.001,0.001,0.001,0.001,0.0,0.039,0.041,0.0398,0.04,0.0007483314773547889,0.0,0.0,0.0,0.0,0.0,0.0,0.0,0.0,0.0,0.0,,,,,
4096,32,32,16,4,4096,1,0,2944,False,vllm_0.5.1_flash_attn,0.001,0.001,0.001,0.001,0.0,0.015,0.017,0.0154,0.015,0.0008000000000000007,0.0,0.0,0.0,0.0,0.0,0.0,0.0,0.0,0.0,0.0,,,,,
4096,32,32,16,4,4096,2,0,2944,False,vllm_0.5.1_flash_attn,0.001,0.001,0.001,0.001,0.0,0.017,0.017,0.017,0.017,0.0,0.0,0.0,0.0,0.0,0.0,0.0,0.0,0.0,0.0,0.0,,,,,
4096,32,32,16,4,4096,3,0,2944,False,vllm_0.5.1_flash_attn,0.001,0.001,0.001,0.001,0.0,0.019,0.02,0.019200000000000002,0.019,0.00040000000000000034,0.0,0.0,0.0,0.0,0.0,0.0,0.0,0.0,0.0,0.0,,,,,
4096,32,32,16,4,4096,4,0,2944,False,vllm_0.5.1_flash_attn,0.001,0.001,0.001,0.001,0.0,0.023,0.024,0.0236,0.024,0.000489897948556636,0.0,0.0,0.0,0.0,0.0,0.0,0.0,0.0,0.0,0.0,,,,,
4096,32,32,16,4,4096,5,0,2944,False,vllm_0.5.1_flash_attn,0.001,0.001,0.001,0.001,0.0,0.03,0.03,0.03,0.03,0.0,0.0,0.0,0.0,0.0,0.0,0.0,0.0,0.0,0.0,0.0,,,,,
4096,32,32,16,4,4096,6,0,2944,False,vllm_0.5.1_flash_attn,0.001,0.001,0.001,0.001,0.0,0.034,0.035,0.0344,0.034,0.000489897948556636,0.0,0.0,0.0,0.0,0.0,0.0,0.0,0.0,0.0,0.0,,,,,
4096,32,32,16,4,4096,7,0,2944,False,vllm_0.5.1_flash_attn,0.001,0.001,0.001,0.001,0.0,0.037,0.038,0.0372,0.037,0.00040000000000000034,0.0,0.0,0.0,0.0,0.0,0.0,0.0,0.0,0.0,0.0,,,,,
4096,32,32,16,4,4096,8,0,2944,False,vllm_0.5.1_flash_attn,0.001,0.001,0.001,0.001,0.0,0.04,0.041,0.040600000000000004,0.041,0.000489897948556636,0.0,0.0,0.0,0.0,0.0,0.0,0.0,0.0,0.0,0.0,,,,,
4096,32,32,16,4,4096,1,0,3008,False,vllm_0.5.1_flash_attn,0.001,0.001,0.001,0.001,0.0,0.015,0.017,0.0154,0.015,0.0008000000000000007,0.0,0.0,0.0,0.0,0.0,0.0,0.0,0.0,0.0,0.0,,,,,
4096,32,32,16,4,4096,2,0,3008,False,vllm_0.5.1_flash_attn,0.001,0.001,0.001,0.001,0.0,0.017,0.017,0.017,0.017,0.0,0.0,0.0,0.0,0.0,0.0,0.0,0.0,0.0,0.0,0.0,,,,,
4096,32,32,16,4,4096,3,0,3008,False,vllm_0.5.1_flash_attn,0.001,0.001,0.001,0.001,0.0,0.019,0.02,0.0198,0.02,0.00040000000000000034,0.0,0.0,0.0,0.0,0.0,0.0,0.0,0.0,0.0,0.0,,,,,
4096,32,32,16,4,4096,4,0,3008,False,vllm_0.5.1_flash_attn,0.001,0.001,0.001,0.001,0.0,0.025,0.026000000000000002,0.0252,0.025,0.00040000000000000034,0.0,0.0,0.0,0.0,0.0,0.0,0.0,0.0,0.0,0.0,,,,,
4096,32,32,16,4,4096,5,0,3008,False,vllm_0.5.1_flash_attn,0.001,0.001,0.001,0.001,0.0,0.03,0.031,0.0304,0.03,0.000489897948556636,0.0,0.0,0.0,0.0,0.0,0.0,0.0,0.0,0.0,0.0,,,,,
4096,32,32,16,4,4096,6,0,3008,False,vllm_0.5.1_flash_attn,0.001,0.001,0.001,0.001,0.0,0.035,0.036000000000000004,0.0352,0.035,0.00040000000000000034,0.0,0.0,0.0,0.0,0.0,0.0,0.0,0.0,0.0,0.0,,,,,
4096,32,32,16,4,4096,7,0,3008,False,vllm_0.5.1_flash_attn,0.001,0.001,0.001,0.001,0.0,0.037,0.038,0.0374,0.037,0.000489897948556636,0.0,0.0,0.0,0.0,0.0,0.0,0.0,0.0,0.0,0.0,,,,,
4096,32,32,16,4,4096,8,0,3008,False,vllm_0.5.1_flash_attn,0.001,0.001,0.001,0.001,0.0,0.041,0.041,0.041,0.041,0.0,0.0,0.0,0.0,0.0,0.0,0.0,0.0,0.0,0.0,0.0,,,,,
4096,32,32,16,4,4096,1,0,3072,False,vllm_0.5.1_flash_attn,0.001,0.001,0.001,0.001,0.0,0.015,0.018000000000000002,0.0164,0.016,0.001019803902718558,0.0,0.0,0.0,0.0,0.0,0.0,0.0,0.0,0.0,0.0,,,,,
4096,32,32,16,4,4096,2,0,3072,False,vllm_0.5.1_flash_attn,0.001,0.001,0.001,0.001,0.0,0.017,0.017,0.017,0.017,0.0,0.0,0.0,0.0,0.0,0.0,0.0,0.0,0.0,0.0,0.0,,,,,
4096,32,32,16,4,4096,3,0,3072,False,vllm_0.5.1_flash_attn,0.001,0.001,0.001,0.001,0.0,0.02,0.021,0.0204,0.02,0.000489897948556636,0.0,0.0,0.0,0.0,0.0,0.0,0.0,0.0,0.0,0.0,,,,,
4096,32,32,16,4,4096,4,0,3072,False,vllm_0.5.1_flash_attn,0.001,0.001,0.001,0.001,0.0,0.027,0.027,0.027000000000000003,0.027,0.0,0.0,0.0,0.0,0.0,0.0,0.0,0.0,0.0,0.0,0.0,,,,,
4096,32,32,16,4,4096,5,0,3072,False,vllm_0.5.1_flash_attn,0.001,0.001,0.001,0.001,0.0,0.035,0.035,0.035,0.035,0.0,0.0,0.0,0.0,0.0,0.0,0.0,0.0,0.0,0.0,0.0,,,,,
4096,32,32,16,4,4096,6,0,3072,False,vllm_0.5.1_flash_attn,0.001,0.001,0.001,0.001,0.0,0.035,0.036000000000000004,0.0352,0.035,0.00040000000000000034,0.0,0.0,0.0,0.0,0.0,0.0,0.0,0.0,0.0,0.0,,,,,
4096,32,32,16,4,4096,7,0,3072,False,vllm_0.5.1_flash_attn,0.001,0.001,0.001,0.001,0.0,0.038,0.039,0.0388,0.039,0.00040000000000000034,0.0,0.0,0.0,0.0,0.0,0.0,0.0,0.0,0.0,0.0,,,,,
4096,32,32,16,4,4096,8,0,3072,False,vllm_0.5.1_flash_attn,0.001,0.001,0.001,0.001,0.0,0.042,0.044,0.043000000000000003,0.043000000000000003,0.0006324555320336743,0.0,0.0,0.0,0.0,0.0,0.0,0.0,0.0,0.0,0.0,,,,,
4096,32,32,16,4,4096,1,0,3136,False,vllm_0.5.1_flash_attn,0.001,0.001,0.001,0.001,0.0,0.015,0.017,0.0154,0.015,0.0008000000000000007,0.0,0.0,0.0,0.0,0.0,0.0,0.0,0.0,0.0,0.0,,,,,
4096,32,32,16,4,4096,2,0,3136,False,vllm_0.5.1_flash_attn,0.001,0.001,0.001,0.001,0.0,0.017,0.017,0.017,0.017,0.0,0.0,0.0,0.0,0.0,0.0,0.0,0.0,0.0,0.0,0.0,,,,,
4096,32,32,16,4,4096,3,0,3136,False,vllm_0.5.1_flash_attn,0.001,0.001,0.001,0.001,0.0,0.02,0.02,0.02,0.02,0.0,0.0,0.0,0.0,0.0,0.0,0.0,0.0,0.0,0.0,0.0,,,,,
4096,32,32,16,4,4096,4,0,3136,False,vllm_0.5.1_flash_attn,0.001,0.001,0.001,0.001,0.0,0.027,0.028,0.027200000000000002,0.027,0.00040000000000000034,0.0,0.0,0.0,0.0,0.0,0.0,0.0,0.0,0.0,0.0,,,,,
4096,32,32,16,4,4096,5,0,3136,False,vllm_0.5.1_flash_attn,0.001,0.001,0.001,0.001,0.0,0.035,0.037,0.036199999999999996,0.036000000000000004,0.000748331477354786,0.0,0.0,0.0,0.0,0.0,0.0,0.0,0.0,0.0,0.0,,,,,
4096,32,32,16,4,4096,6,0,3136,False,vllm_0.5.1_flash_attn,0.001,0.001,0.001,0.001,0.0,0.035,0.036000000000000004,0.035800000000000005,0.036000000000000004,0.00040000000000000034,0.0,0.0,0.0,0.0,0.0,0.0,0.0,0.0,0.0,0.0,,,,,
4096,32,32,16,4,4096,7,0,3136,False,vllm_0.5.1_flash_attn,0.001,0.001,0.001,0.001,0.0,0.039,0.04,0.0396,0.04,0.000489897948556636,0.0,0.0,0.0,0.0,0.0,0.0,0.0,0.0,0.0,0.0,,,,,
4096,32,32,16,4,4096,8,0,3136,False,vllm_0.5.1_flash_attn,0.001,0.001,0.001,0.001,0.0,0.044,0.044,0.044,0.044,0.0,0.0,0.0,0.0,0.0,0.0,0.0,0.0,0.0,0.0,0.0,,,,,
4096,32,32,16,4,4096,1,0,3200,False,vllm_0.5.1_flash_attn,0.001,0.001,0.001,0.001,0.0,0.016,0.018000000000000002,0.0164,0.016,0.0008000000000000007,0.0,0.0,0.0,0.0,0.0,0.0,0.0,0.0,0.0,0.0,,,,,
4096,32,32,16,4,4096,2,0,3200,False,vllm_0.5.1_flash_attn,0.001,0.001,0.001,0.001,0.0,0.017,0.017,0.017,0.017,0.0,0.0,0.0,0.0,0.0,0.0,0.0,0.0,0.0,0.0,0.0,,,,,
4096,32,32,16,4,4096,3,0,3200,False,vllm_0.5.1_flash_attn,0.001,0.001,0.001,0.001,0.0,0.02,0.02,0.02,0.02,0.0,0.0,0.0,0.0,0.0,0.0,0.0,0.0,0.0,0.0,0.0,,,,,
4096,32,32,16,4,4096,4,0,3200,False,vllm_0.5.1_flash_attn,0.001,0.001,0.001,0.001,0.0,0.029,0.03,0.0294,0.029,0.0004898979485566344,0.0,0.0,0.0,0.0,0.0,0.0,0.0,0.0,0.0,0.0,,,,,
4096,32,32,16,4,4096,5,0,3200,False,vllm_0.5.1_flash_attn,0.001,0.001,0.001,0.001,0.0,0.032,0.033,0.032600000000000004,0.033,0.000489897948556636,0.0,0.0,0.0,0.0,0.0,0.0,0.0,0.0,0.0,0.0,,,,,
4096,32,32,16,4,4096,6,0,3200,False,vllm_0.5.1_flash_attn,0.001,0.001,0.001,0.001,0.0,0.036000000000000004,0.037,0.0364,0.036000000000000004,0.0004898979485566326,0.0,0.0,0.0,0.0,0.0,0.0,0.0,0.0,0.0,0.0,,,,,
4096,32,32,16,4,4096,7,0,3200,False,vllm_0.5.1_flash_attn,0.001,0.001,0.001,0.001,0.0,0.04,0.041,0.0402,0.04,0.00040000000000000034,0.0,0.0,0.0,0.0,0.0,0.0,0.0,0.0,0.0,0.0,,,,,
4096,32,32,16,4,4096,8,0,3200,False,vllm_0.5.1_flash_attn,0.001,0.001,0.001,0.001,0.0,0.043000000000000003,0.045,0.0438,0.044,0.000748331477354786,0.0,0.0,0.0,0.0,0.0,0.0,0.0,0.0,0.0,0.0,,,,,
4096,32,32,16,4,4096,1,0,3264,False,vllm_0.5.1_flash_attn,0.001,0.001,0.001,0.001,0.0,0.016,0.018000000000000002,0.0164,0.016,0.0008000000000000007,0.0,0.0,0.0,0.0,0.0,0.0,0.0,0.0,0.0,0.0,,,,,
4096,32,32,16,4,4096,2,0,3264,False,vllm_0.5.1_flash_attn,0.001,0.001,0.001,0.001,0.0,0.017,0.017,0.017,0.017,0.0,0.0,0.0,0.0,0.0,0.0,0.0,0.0,0.0,0.0,0.0,,,,,
4096,32,32,16,4,4096,3,0,3264,False,vllm_0.5.1_flash_attn,0.001,0.001,0.001,0.001,0.0,0.02,0.02,0.02,0.02,0.0,0.0,0.0,0.0,0.0,0.0,0.0,0.0,0.0,0.0,0.0,,,,,
4096,32,32,16,4,4096,4,0,3264,False,vllm_0.5.1_flash_attn,0.001,0.001,0.001,0.001,0.0,0.029,0.03,0.0294,0.029,0.0004898979485566344,0.0,0.0,0.0,0.0,0.0,0.0,0.0,0.0,0.0,0.0,,,,,
4096,32,32,16,4,4096,5,0,3264,False,vllm_0.5.1_flash_attn,0.001,0.001,0.001,0.001,0.0,0.032,0.033,0.0324,0.032,0.000489897948556636,0.0,0.0,0.0,0.0,0.0,0.0,0.0,0.0,0.0,0.0,,,,,
4096,32,32,16,4,4096,6,0,3264,False,vllm_0.5.1_flash_attn,0.001,0.001,0.001,0.001,0.0,0.037,0.037,0.037,0.037,0.0,0.0,0.0,0.0,0.0,0.0,0.0,0.0,0.0,0.0,0.0,,,,,
4096,32,32,16,4,4096,7,0,3264,False,vllm_0.5.1_flash_attn,0.001,0.001,0.001,0.001,0.0,0.04,0.041,0.040400000000000005,0.04,0.000489897948556636,0.0,0.0,0.0,0.0,0.0,0.0,0.0,0.0,0.0,0.0,,,,,
4096,32,32,16,4,4096,8,0,3264,False,vllm_0.5.1_flash_attn,0.001,0.001,0.001,0.001,0.0,0.044,0.045,0.044399999999999995,0.044,0.000489897948556636,0.0,0.0,0.0,0.0,0.0,0.0,0.0,0.0,0.0,0.0,,,,,
4096,32,32,16,4,4096,1,0,3328,False,vllm_0.5.1_flash_attn,0.001,0.001,0.001,0.001,0.0,0.016,0.019,0.0166,0.016,0.0011999999999999997,0.0,0.0,0.0,0.0,0.0,0.0,0.0,0.0,0.0,0.0,,,,,
4096,32,32,16,4,4096,2,0,3328,False,vllm_0.5.1_flash_attn,0.001,0.001,0.001,0.001,0.0,0.017,0.017,0.017,0.017,0.0,0.0,0.0,0.0,0.0,0.0,0.0,0.0,0.0,0.0,0.0,,,,,
4096,32,32,16,4,4096,3,0,3328,False,vllm_0.5.1_flash_attn,0.001,0.001,0.001,0.001,0.0,0.02,0.02,0.02,0.02,0.0,0.0,0.0,0.0,0.0,0.0,0.0,0.0,0.0,0.0,0.0,,,,,
4096,32,32,16,4,4096,4,0,3328,False,vllm_0.5.1_flash_attn,0.001,0.001,0.001,0.001,0.0,0.029,0.03,0.029599999999999998,0.03,0.0004898979485566344,0.0,0.0,0.0,0.0,0.0,0.0,0.0,0.0,0.0,0.0,,,,,
4096,32,32,16,4,4096,5,0,3328,False,vllm_0.5.1_flash_attn,0.001,0.001,0.001,0.001,0.0,0.032,0.033,0.032600000000000004,0.033,0.000489897948556636,0.0,0.0,0.0,0.0,0.0,0.0,0.0,0.0,0.0,0.0,,,,,
4096,32,32,16,4,4096,6,0,3328,False,vllm_0.5.1_flash_attn,0.001,0.001,0.001,0.001,0.0,0.037,0.038,0.0378,0.038,0.00040000000000000034,0.0,0.0,0.0,0.0,0.0,0.0,0.0,0.0,0.0,0.0,,,,,
4096,32,32,16,4,4096,7,0,3328,False,vllm_0.5.1_flash_attn,0.001,0.001,0.001,0.001,0.0,0.04,0.041,0.040600000000000004,0.041,0.000489897948556636,0.0,0.0,0.0,0.0,0.0,0.0,0.0,0.0,0.0,0.0,,,,,
4096,32,32,16,4,4096,8,0,3328,False,vllm_0.5.1_flash_attn,0.001,0.001,0.001,0.001,0.0,0.044,0.045,0.044199999999999996,0.044,0.00040000000000000034,0.0,0.0,0.0,0.0,0.0,0.0,0.0,0.0,0.0,0.0,,,,,
4096,32,32,16,4,4096,1,0,3392,False,vllm_0.5.1_flash_attn,0.001,0.001,0.001,0.001,0.0,0.016,0.019,0.017,0.017,0.001095445115010332,0.0,0.0,0.0,0.0,0.0,0.0,0.0,0.0,0.0,0.0,,,,,
4096,32,32,16,4,4096,2,0,3392,False,vllm_0.5.1_flash_attn,0.001,0.001,0.001,0.001,0.0,0.017,0.017,0.017,0.017,0.0,0.0,0.0,0.0,0.0,0.0,0.0,0.0,0.0,0.0,0.0,,,,,
4096,32,32,16,4,4096,3,0,3392,False,vllm_0.5.1_flash_attn,0.001,0.001,0.001,0.001,0.0,0.021,0.022,0.021200000000000004,0.021,0.000399999999999999,0.0,0.0,0.0,0.0,0.0,0.0,0.0,0.0,0.0,0.0,,,,,
4096,32,32,16,4,4096,4,0,3392,False,vllm_0.5.1_flash_attn,0.001,0.001,0.001,0.001,0.0,0.029,0.03,0.029599999999999998,0.03,0.0004898979485566344,0.0,0.0,0.0,0.0,0.0,0.0,0.0,0.0,0.0,0.0,,,,,
4096,32,32,16,4,4096,5,0,3392,False,vllm_0.5.1_flash_attn,0.001,0.001,0.001,0.001,0.0,0.033,0.034,0.033800000000000004,0.034,0.00040000000000000034,0.0,0.0,0.0,0.0,0.0,0.0,0.0,0.0,0.0,0.0,,,,,
4096,32,32,16,4,4096,6,0,3392,False,vllm_0.5.1_flash_attn,0.001,0.001,0.001,0.001,0.0,0.038,0.038,0.038,0.038,0.0,0.0,0.0,0.0,0.0,0.0,0.0,0.0,0.0,0.0,0.0,,,,,
4096,32,32,16,4,4096,7,0,3392,False,vllm_0.5.1_flash_attn,0.001,0.001,0.001,0.001,0.0,0.04,0.041,0.0408,0.041,0.00040000000000000034,0.0,0.0,0.0,0.0,0.0,0.0,0.0,0.0,0.0,0.0,,,,,
4096,32,32,16,4,4096,8,0,3392,False,vllm_0.5.1_flash_attn,0.001,0.001,0.001,0.001,0.0,0.045,0.046,0.0452,0.045,0.00040000000000000034,0.0,0.0,0.0,0.0,0.0,0.0,0.0,0.0,0.0,0.0,,,,,
4096,32,32,16,4,4096,1,0,3456,False,vllm_0.5.1_flash_attn,0.001,0.001,0.001,0.001,0.0,0.016,0.02,0.017,0.016,0.0015491933384829666,0.0,0.0,0.0,0.0,0.0,0.0,0.0,0.0,0.0,0.0,,,,,
4096,32,32,16,4,4096,2,0,3456,False,vllm_0.5.1_flash_attn,0.001,0.001,0.001,0.001,0.0,0.017,0.024,0.0184,0.017,0.0027999999999999995,0.0,0.0,0.0,0.0,0.0,0.0,0.0,0.0,0.0,0.0,,,,,
4096,32,32,16,4,4096,3,0,3456,False,vllm_0.5.1_flash_attn,0.001,0.001,0.001,0.001,0.0,0.022,0.022,0.022,0.022,0.0,0.0,0.0,0.0,0.0,0.0,0.0,0.0,0.0,0.0,0.0,,,,,
4096,32,32,16,4,4096,4,0,3456,False,vllm_0.5.1_flash_attn,0.001,0.001,0.001,0.001,0.0,0.029,0.03,0.0298,0.03,0.000399999999999999,0.0,0.0,0.0,0.0,0.0,0.0,0.0,0.0,0.0,0.0,,,,,
4096,32,32,16,4,4096,5,0,3456,False,vllm_0.5.1_flash_attn,0.001,0.001,0.001,0.001,0.0,0.033,0.034,0.033600000000000005,0.034,0.000489897948556636,0.0,0.0,0.0,0.0,0.0,0.0,0.0,0.0,0.0,0.0,,,,,
4096,32,32,16,4,4096,6,0,3456,False,vllm_0.5.1_flash_attn,0.001,0.001,0.001,0.001,0.0,0.038,0.038,0.038,0.038,0.0,0.0,0.0,0.0,0.0,0.0,0.0,0.0,0.0,0.0,0.0,,,,,
4096,32,32,16,4,4096,7,0,3456,False,vllm_0.5.1_flash_attn,0.001,0.001,0.001,0.001,0.0,0.041,0.042,0.041400000000000006,0.041,0.000489897948556636,0.0,0.0,0.0,0.0,0.0,0.0,0.0,0.0,0.0,0.0,,,,,
4096,32,32,16,4,4096,8,0,3456,False,vllm_0.5.1_flash_attn,0.001,0.001,0.001,0.001,0.0,0.046,0.046,0.046,0.046,0.0,0.0,0.0,0.0,0.0,0.0,0.0,0.0,0.0,0.0,0.0,,,,,
4096,32,32,16,4,4096,1,0,3520,False,vllm_0.5.1_flash_attn,0.001,0.001,0.001,0.001,0.0,0.016,0.019,0.0166,0.016,0.0011999999999999997,0.0,0.0,0.0,0.0,0.0,0.0,0.0,0.0,0.0,0.0,,,,,
4096,32,32,16,4,4096,2,0,3520,False,vllm_0.5.1_flash_attn,0.001,0.001,0.001,0.001,0.0,0.017,0.017,0.017,0.017,0.0,0.0,0.0,0.0,0.0,0.0,0.0,0.0,0.0,0.0,0.0,,,,,
4096,32,32,16,4,4096,3,0,3520,False,vllm_0.5.1_flash_attn,0.001,0.001,0.001,0.001,0.0,0.022,0.023,0.022399999999999996,0.022,0.000489897948556636,0.0,0.0,0.0,0.0,0.0,0.0,0.0,0.0,0.0,0.0,,,,,
4096,32,32,16,4,4096,4,0,3520,False,vllm_0.5.1_flash_attn,0.001,0.001,0.001,0.001,0.0,0.03,0.03,0.03,0.03,0.0,0.0,0.0,0.0,0.0,0.0,0.0,0.0,0.0,0.0,0.0,,,,,
4096,32,32,16,4,4096,5,0,3520,False,vllm_0.5.1_flash_attn,0.001,0.001,0.001,0.001,0.0,0.034,0.035,0.034600000000000006,0.035,0.000489897948556636,0.0,0.0,0.0,0.0,0.0,0.0,0.0,0.0,0.0,0.0,,,,,
4096,32,32,16,4,4096,6,0,3520,False,vllm_0.5.1_flash_attn,0.001,0.001,0.001,0.001,0.0,0.038,0.04,0.0386,0.038,0.0008000000000000007,0.0,0.0,0.0,0.0,0.0,0.0,0.0,0.0,0.0,0.0,,,,,
4096,32,32,16,4,4096,7,0,3520,False,vllm_0.5.1_flash_attn,0.001,0.001,0.001,0.001,0.0,0.041,0.043000000000000003,0.0422,0.042,0.0007483314773547889,0.0,0.0,0.0,0.0,0.0,0.0,0.0,0.0,0.0,0.0,,,,,
4096,32,32,16,4,4096,8,0,3520,False,vllm_0.5.1_flash_attn,0.001,0.001,0.001,0.001,0.0,0.046,0.047,0.0462,0.046,0.00040000000000000034,0.0,0.0,0.0,0.0,0.0,0.0,0.0,0.0,0.0,0.0,,,,,
4096,32,32,16,4,4096,1,0,3584,False,vllm_0.5.1_flash_attn,0.001,0.001,0.001,0.001,0.0,0.016,0.021,0.017400000000000002,0.017,0.001854723699099141,0.0,0.0,0.0,0.0,0.0,0.0,0.0,0.0,0.0,0.0,,,,,
4096,32,32,16,4,4096,2,0,3584,False,vllm_0.5.1_flash_attn,0.001,0.001,0.001,0.001,0.0,0.018000000000000002,0.019,0.0182,0.018000000000000002,0.000399999999999999,0.0,0.0,0.0,0.0,0.0,0.0,0.0,0.0,0.0,0.0,,,,,
4096,32,32,16,4,4096,3,0,3584,False,vllm_0.5.1_flash_attn,0.001,0.001,0.001,0.001,0.0,0.022,0.023,0.022199999999999998,0.022,0.00040000000000000034,0.0,0.0,0.0,0.0,0.0,0.0,0.0,0.0,0.0,0.0,,,,,
4096,32,32,16,4,4096,4,0,3584,False,vllm_0.5.1_flash_attn,0.001,0.001,0.001,0.001,0.0,0.029,0.03,0.0298,0.03,0.000399999999999999,0.0,0.0,0.0,0.0,0.0,0.0,0.0,0.0,0.0,0.0,,,,,
4096,32,32,16,4,4096,5,0,3584,False,vllm_0.5.1_flash_attn,0.001,0.001,0.001,0.001,0.0,0.034,0.035,0.034800000000000005,0.035,0.00040000000000000034,0.0,0.0,0.0,0.0,0.0,0.0,0.0,0.0,0.0,0.0,,,,,
4096,32,32,16,4,4096,6,0,3584,False,vllm_0.5.1_flash_attn,0.001,0.001,0.001,0.001,0.0,0.038,0.039,0.0388,0.039,0.00040000000000000034,0.0,0.0,0.0,0.0,0.0,0.0,0.0,0.0,0.0,0.0,,,,,
4096,32,32,16,4,4096,7,0,3584,False,vllm_0.5.1_flash_attn,0.001,0.001,0.001,0.001,0.0,0.043000000000000003,0.044,0.0434,0.043000000000000003,0.0004898979485566326,0.0,0.0,0.0,0.0,0.0,0.0,0.0,0.0,0.0,0.0,,,,,
4096,32,32,16,4,4096,8,0,3584,False,vllm_0.5.1_flash_attn,0.001,0.001,0.001,0.001,0.0,0.048,0.048,0.048,0.048,0.0,0.0,0.0,0.0,0.0,0.0,0.0,0.0,0.0,0.0,0.0,,,,,
4096,32,32,16,4,4096,1,0,3648,False,vllm_0.5.1_flash_attn,0.001,0.001,0.001,0.001,0.0,0.016,0.019,0.017,0.017,0.001095445115010332,0.0,0.0,0.0,0.0,0.0,0.0,0.0,0.0,0.0,0.0,,,,,
4096,32,32,16,4,4096,2,0,3648,False,vllm_0.5.1_flash_attn,0.001,0.001,0.001,0.001,0.0,0.018000000000000002,0.018000000000000002,0.018000000000000002,0.018000000000000002,0.0,0.0,0.0,0.0,0.0,0.0,0.0,0.0,0.0,0.0,0.0,,,,,
4096,32,32,16,4,4096,3,0,3648,False,vllm_0.5.1_flash_attn,0.001,0.001,0.001,0.001,0.0,0.022,0.028,0.023399999999999997,0.022,0.002332380757938121,0.0,0.0,0.0,0.0,0.0,0.0,0.0,0.0,0.0,0.0,,,,,
4096,32,32,16,4,4096,4,0,3648,False,vllm_0.5.1_flash_attn,0.001,0.001,0.001,0.001,0.0,0.03,0.031,0.030199999999999998,0.03,0.00040000000000000034,0.0,0.0,0.0,0.0,0.0,0.0,0.0,0.0,0.0,0.0,,,,,
4096,32,32,16,4,4096,5,0,3648,False,vllm_0.5.1_flash_attn,0.001,0.001,0.001,0.001,0.0,0.035,0.035,0.035,0.035,0.0,0.0,0.0,0.0,0.0,0.0,0.0,0.0,0.0,0.0,0.0,,,,,
4096,32,32,16,4,4096,6,0,3648,False,vllm_0.5.1_flash_attn,0.001,0.001,0.001,0.001,0.0,0.039,0.04,0.0396,0.04,0.000489897948556636,0.0,0.0,0.0,0.0,0.0,0.0,0.0,0.0,0.0,0.0,,,,,
4096,32,32,16,4,4096,7,0,3648,False,vllm_0.5.1_flash_attn,0.001,0.001,0.001,0.001,0.0,0.043000000000000003,0.044,0.0436,0.044,0.0004898979485566326,0.0,0.0,0.0,0.0,0.0,0.0,0.0,0.0,0.0,0.0,,,,,
4096,32,32,16,4,4096,8,0,3648,False,vllm_0.5.1_flash_attn,0.001,0.001,0.001,0.001,0.0,0.048,0.049,0.0482,0.048,0.00040000000000000034,0.0,0.0,0.0,0.0,0.0,0.0,0.0,0.0,0.0,0.0,,,,,
4096,32,32,16,4,4096,1,0,3712,False,vllm_0.5.1_flash_attn,0.001,0.001,0.001,0.001,0.0,0.017,0.019,0.017800000000000003,0.018000000000000002,0.0007483314773547878,0.0,0.0,0.0,0.0,0.0,0.0,0.0,0.0,0.0,0.0,,,,,
4096,32,32,16,4,4096,2,0,3712,False,vllm_0.5.1_flash_attn,0.001,0.001,0.001,0.001,0.0,0.018000000000000002,0.019,0.0182,0.018000000000000002,0.000399999999999999,0.0,0.0,0.0,0.0,0.0,0.0,0.0,0.0,0.0,0.0,,,,,
4096,32,32,16,4,4096,3,0,3712,False,vllm_0.5.1_flash_attn,0.001,0.001,0.001,0.001,0.0,0.022,0.022,0.022,0.022,0.0,0.0,0.0,0.0,0.0,0.0,0.0,0.0,0.0,0.0,0.0,,,,,
4096,32,32,16,4,4096,4,0,3712,False,vllm_0.5.1_flash_attn,0.001,0.001,0.001,0.001,0.0,0.03,0.031,0.030199999999999998,0.03,0.00040000000000000034,0.0,0.0,0.0,0.0,0.0,0.0,0.0,0.0,0.0,0.0,,,,,
4096,32,32,16,4,4096,5,0,3712,False,vllm_0.5.1_flash_attn,0.001,0.001,0.001,0.001,0.0,0.036000000000000004,0.036000000000000004,0.036000000000000004,0.036000000000000004,0.0,0.0,0.0,0.0,0.0,0.0,0.0,0.0,0.0,0.0,0.0,,,,,
4096,32,32,16,4,4096,6,0,3712,False,vllm_0.5.1_flash_attn,0.001,0.001,0.001,0.001,0.0,0.039,0.041,0.04,0.04,0.0006324555320336764,0.0,0.0,0.0,0.0,0.0,0.0,0.0,0.0,0.0,0.0,,,,,
4096,32,32,16,4,4096,7,0,3712,False,vllm_0.5.1_flash_attn,0.001,0.001,0.001,0.001,0.0,0.044,0.045,0.04479999999999999,0.045,0.00040000000000000034,0.0,0.0,0.0,0.0,0.0,0.0,0.0,0.0,0.0,0.0,,,,,
4096,32,32,16,4,4096,8,0,3712,False,vllm_0.5.1_flash_attn,0.001,0.001,0.001,0.001,0.0,0.048,0.051000000000000004,0.0492,0.049,0.000979795897113272,0.0,0.0,0.0,0.0,0.0,0.0,0.0,0.0,0.0,0.0,,,,,
4096,32,32,16,4,4096,1,0,3776,False,vllm_0.5.1_flash_attn,0.001,0.001,0.001,0.001,0.0,0.017,0.019,0.017800000000000003,0.018000000000000002,0.0007483314773547878,0.0,0.0,0.0,0.0,0.0,0.0,0.0,0.0,0.0,0.0,,,,,
4096,32,32,16,4,4096,2,0,3776,False,vllm_0.5.1_flash_attn,0.001,0.001,0.001,0.001,0.0,0.018000000000000002,0.019,0.0182,0.018000000000000002,0.000399999999999999,0.0,0.0,0.0,0.0,0.0,0.0,0.0,0.0,0.0,0.0,,,,,
4096,32,32,16,4,4096,3,0,3776,False,vllm_0.5.1_flash_attn,0.001,0.001,0.001,0.001,0.0,0.023,0.024,0.0232,0.023,0.00040000000000000034,0.0,0.0,0.0,0.0,0.0,0.0,0.0,0.0,0.0,0.0,,,,,
4096,32,32,16,4,4096,4,0,3776,False,vllm_0.5.1_flash_attn,0.001,0.001,0.001,0.001,0.0,0.03,0.031,0.0304,0.03,0.000489897948556636,0.0,0.0,0.0,0.0,0.0,0.0,0.0,0.0,0.0,0.0,,,,,
4096,32,32,16,4,4096,5,0,3776,False,vllm_0.5.1_flash_attn,0.001,0.001,0.001,0.001,0.0,0.035,0.036000000000000004,0.035800000000000005,0.036000000000000004,0.00040000000000000034,0.0,0.0,0.0,0.0,0.0,0.0,0.0,0.0,0.0,0.0,,,,,
4096,32,32,16,4,4096,6,0,3776,False,vllm_0.5.1_flash_attn,0.001,0.001,0.001,0.001,0.0,0.04,0.041,0.0408,0.041,0.00040000000000000034,0.0,0.0,0.0,0.0,0.0,0.0,0.0,0.0,0.0,0.0,,,,,
4096,32,32,16,4,4096,7,0,3776,False,vllm_0.5.1_flash_attn,0.001,0.001,0.001,0.001,0.0,0.045,0.046,0.0452,0.045,0.00040000000000000034,0.0,0.0,0.0,0.0,0.0,0.0,0.0,0.0,0.0,0.0,,,,,
4096,32,32,16,4,4096,8,0,3776,False,vllm_0.5.1_flash_attn,0.001,0.001,0.001,0.001,0.0,0.048,0.05,0.0494,0.05,0.0008000000000000007,0.0,0.0,0.0,0.0,0.0,0.0,0.0,0.0,0.0,0.0,,,,,
4096,32,32,16,4,4096,1,0,3840,False,vllm_0.5.1_flash_attn,0.001,0.001,0.001,0.001,0.0,0.017,0.019,0.017800000000000003,0.018000000000000002,0.0007483314773547878,0.0,0.0,0.0,0.0,0.0,0.0,0.0,0.0,0.0,0.0,,,,,
4096,32,32,16,4,4096,2,0,3840,False,vllm_0.5.1_flash_attn,0.001,0.001,0.001,0.001,0.0,0.018000000000000002,0.019,0.0186,0.019,0.0004898979485566344,0.0,0.0,0.0,0.0,0.0,0.0,0.0,0.0,0.0,0.0,,,,,
4096,32,32,16,4,4096,3,0,3840,False,vllm_0.5.1_flash_attn,0.001,0.001,0.001,0.001,0.0,0.024,0.024,0.024,0.024,0.0,0.0,0.0,0.0,0.0,0.0,0.0,0.0,0.0,0.0,0.0,,,,,
4096,32,32,16,4,4096,4,0,3840,False,vllm_0.5.1_flash_attn,0.001,0.001,0.001,0.001,0.0,0.031,0.032,0.0318,0.032,0.00040000000000000034,0.0,0.0,0.0,0.0,0.0,0.0,0.0,0.0,0.0,0.0,,,,,
4096,32,32,16,4,4096,5,0,3840,False,vllm_0.5.1_flash_attn,0.001,0.001,0.001,0.001,0.0,0.036000000000000004,0.036000000000000004,0.036000000000000004,0.036000000000000004,0.0,0.0,0.0,0.0,0.0,0.0,0.0,0.0,0.0,0.0,0.0,,,,,
4096,32,32,16,4,4096,6,0,3840,False,vllm_0.5.1_flash_attn,0.001,0.001,0.001,0.001,0.0,0.042,0.042,0.042,0.042,0.0,0.0,0.0,0.0,0.0,0.0,0.0,0.0,0.0,0.0,0.0,,,,,
4096,32,32,16,4,4096,7,0,3840,False,vllm_0.5.1_flash_attn,0.001,0.001,0.001,0.001,0.0,0.044,0.046,0.045399999999999996,0.046,0.0008000000000000007,0.0,0.0,0.0,0.0,0.0,0.0,0.0,0.0,0.0,0.0,,,,,
4096,32,32,16,4,4096,8,0,3840,False,vllm_0.5.1_flash_attn,0.001,0.001,0.001,0.001,0.0,0.049,0.051000000000000004,0.0498,0.05,0.0007483314773547889,0.0,0.0,0.0,0.0,0.0,0.0,0.0,0.0,0.0,0.0,,,,,
4096,32,32,16,4,4096,1,0,3904,False,vllm_0.5.1_flash_attn,0.001,0.001,0.001,0.001,0.0,0.017,0.02,0.017800000000000003,0.017,0.0011661903789690598,0.0,0.0,0.0,0.0,0.0,0.0,0.0,0.0,0.0,0.0,,,,,
4096,32,32,16,4,4096,2,0,3904,False,vllm_0.5.1_flash_attn,0.001,0.001,0.001,0.001,0.0,0.018000000000000002,0.019,0.0184,0.018000000000000002,0.0004898979485566344,0.0,0.0,0.0,0.0,0.0,0.0,0.0,0.0,0.0,0.0,,,,,
4096,32,32,16,4,4096,3,0,3904,False,vllm_0.5.1_flash_attn,0.001,0.001,0.001,0.001,0.0,0.024,0.025,0.0248,0.025,0.00040000000000000034,0.0,0.0,0.0,0.0,0.0,0.0,0.0,0.0,0.0,0.0,,,,,
4096,32,32,16,4,4096,4,0,3904,False,vllm_0.5.1_flash_attn,0.001,0.001,0.001,0.001,0.0,0.031,0.032,0.0318,0.032,0.00040000000000000034,0.0,0.0,0.0,0.0,0.0,0.0,0.0,0.0,0.0,0.0,,,,,
4096,32,32,16,4,4096,5,0,3904,False,vllm_0.5.1_flash_attn,0.001,0.001,0.001,0.001,0.0,0.036000000000000004,0.037,0.0364,0.036000000000000004,0.0004898979485566326,0.0,0.0,0.0,0.0,0.0,0.0,0.0,0.0,0.0,0.0,,,,,
4096,32,32,16,4,4096,6,0,3904,False,vllm_0.5.1_flash_attn,0.001,0.001,0.001,0.001,0.0,0.041,0.043000000000000003,0.0422,0.042,0.0007483314773547889,0.0,0.0,0.0,0.0,0.0,0.0,0.0,0.0,0.0,0.0,,,,,
4096,32,32,16,4,4096,7,0,3904,False,vllm_0.5.1_flash_attn,0.001,0.001,0.001,0.001,0.0,0.046,0.046,0.046,0.046,0.0,0.0,0.0,0.0,0.0,0.0,0.0,0.0,0.0,0.0,0.0,,,,,
4096,32,32,16,4,4096,8,0,3904,False,vllm_0.5.1_flash_attn,0.001,0.001,0.001,0.001,0.0,0.05,0.051000000000000004,0.0506,0.051000000000000004,0.000489897948556636,0.0,0.0,0.0,0.0,0.0,0.0,0.0,0.0,0.0,0.0,,,,,
4096,32,32,16,4,4096,1,0,3968,False,vllm_0.5.1_flash_attn,0.001,0.001,0.001,0.001,0.0,0.017,0.019,0.018000000000000002,0.018000000000000002,0.0006324555320336753,0.0,0.0,0.0,0.0,0.0,0.0,0.0,0.0,0.0,0.0,,,,,
4096,32,32,16,4,4096,2,0,3968,False,vllm_0.5.1_flash_attn,0.001,0.001,0.001,0.001,0.0,0.018000000000000002,0.019,0.0184,0.018000000000000002,0.0004898979485566344,0.0,0.0,0.0,0.0,0.0,0.0,0.0,0.0,0.0,0.0,,,,,
4096,32,32,16,4,4096,3,0,3968,False,vllm_0.5.1_flash_attn,0.001,0.001,0.001,0.001,0.0,0.026000000000000002,0.027,0.0262,0.026000000000000002,0.000399999999999999,0.0,0.0,0.0,0.0,0.0,0.0,0.0,0.0,0.0,0.0,,,,,
4096,32,32,16,4,4096,4,0,3968,False,vllm_0.5.1_flash_attn,0.001,0.001,0.001,0.001,0.0,0.032,0.033,0.0322,0.032,0.00040000000000000034,0.0,0.0,0.0,0.0,0.0,0.0,0.0,0.0,0.0,0.0,,,,,
4096,32,32,16,4,4096,5,0,3968,False,vllm_0.5.1_flash_attn,0.001,0.001,0.001,0.001,0.0,0.036000000000000004,0.037,0.0368,0.037,0.0003999999999999976,0.0,0.0,0.0,0.0,0.0,0.0,0.0,0.0,0.0,0.0,,,,,
4096,32,32,16,4,4096,6,0,3968,False,vllm_0.5.1_flash_attn,0.001,0.001,0.001,0.001,0.0,0.043000000000000003,0.043000000000000003,0.043000000000000003,0.043000000000000003,0.0,0.0,0.0,0.0,0.0,0.0,0.0,0.0,0.0,0.0,0.0,,,,,
4096,32,32,16,4,4096,7,0,3968,False,vllm_0.5.1_flash_attn,0.001,0.001,0.001,0.001,0.0,0.046,0.047,0.046599999999999996,0.047,0.000489897948556636,0.0,0.0,0.0,0.0,0.0,0.0,0.0,0.0,0.0,0.0,,,,,
4096,32,32,16,4,4096,8,0,3968,False,vllm_0.5.1_flash_attn,0.001,0.001,0.001,0.001,0.0,0.051000000000000004,0.052000000000000005,0.0516,0.052000000000000005,0.000489897948556636,0.0,0.0,0.0,0.0,0.0,0.0,0.0,0.0,0.0,0.0,,,,,
4096,32,32,16,4,4096,1,0,4032,False,vllm_0.5.1_flash_attn,0.001,0.001,0.001,0.001,0.0,0.018000000000000002,0.019,0.0182,0.018000000000000002,0.000399999999999999,0.0,0.0,0.0,0.0,0.0,0.0,0.0,0.0,0.0,0.0,,,,,
4096,32,32,16,4,4096,2,0,4032,False,vllm_0.5.1_flash_attn,0.001,0.001,0.001,0.001,0.0,0.018000000000000002,0.019,0.0182,0.018000000000000002,0.000399999999999999,0.0,0.0,0.0,0.0,0.0,0.0,0.0,0.0,0.0,0.0,,,,,
4096,32,32,16,4,4096,3,0,4032,False,vllm_0.5.1_flash_attn,0.001,0.001,0.001,0.001,0.0,0.027,0.027,0.027000000000000003,0.027,0.0,0.0,0.0,0.0,0.0,0.0,0.0,0.0,0.0,0.0,0.0,,,,,
4096,32,32,16,4,4096,4,0,4032,False,vllm_0.5.1_flash_attn,0.001,0.001,0.001,0.001,0.0,0.032,0.034,0.0328,0.033,0.0007483314773547889,0.0,0.0,0.0,0.0,0.0,0.0,0.0,0.0,0.0,0.0,,,,,
4096,32,32,16,4,4096,5,0,4032,False,vllm_0.5.1_flash_attn,0.001,0.001,0.001,0.001,0.0,0.037,0.038,0.0374,0.037,0.000489897948556636,0.0,0.0,0.0,0.0,0.0,0.0,0.0,0.0,0.0,0.0,,,,,
4096,32,32,16,4,4096,6,0,4032,False,vllm_0.5.1_flash_attn,0.001,0.001,0.001,0.001,0.0,0.042,0.043000000000000003,0.04240000000000001,0.042,0.000489897948556636,0.0,0.0,0.0,0.0,0.0,0.0,0.0,0.0,0.0,0.0,,,,,
4096,32,32,16,4,4096,7,0,4032,False,vllm_0.5.1_flash_attn,0.001,0.001,0.001,0.001,0.0,0.047,0.047,0.047,0.047,0.0,0.0,0.0,0.0,0.0,0.0,0.0,0.0,0.0,0.0,0.0,,,,,
4096,32,32,16,4,4096,8,0,4032,False,vllm_0.5.1_flash_attn,0.001,0.001,0.001,0.001,0.0,0.051000000000000004,0.052000000000000005,0.0518,0.052000000000000005,0.00040000000000000034,0.0,0.0,0.0,0.0,0.0,0.0,0.0,0.0,0.0,0.0,,,,,
4096,32,32,16,4,4096,1,512,0,True,vllm_0.5.1_flash_attn,0.003,0.003,0.003,0.003,0.0,,,,,,0.0,0.0,0.0,0.0,0.0,0.0,0.0,0.0,0.0,0.0,0.019,0.019,0.019,0.019,0.0
4096,32,32,16,4,4096,1,512,512,True,vllm_0.5.1_flash_attn,0.002,0.003,0.0028,0.003,0.0004,,,,,,0.0,0.0,0.0,0.0,0.0,0.0,0.0,0.0,0.0,0.0,0.022,0.022,0.022,0.022,0.0
4096,32,32,16,4,4096,1,512,1024,True,vllm_0.5.1_flash_attn,0.002,0.003,0.0028,0.003,0.0004,,,,,,0.0,0.0,0.0,0.0,0.0,0.0,0.0,0.0,0.0,0.0,0.031,0.032,0.0314,0.031,0.000489897948556636
4096,32,32,16,4,4096,1,512,1024,True,vllm_0.5.1_flash_attn,0.003,0.003,0.003,0.003,0.0,,,,,,0.0,0.0,0.0,0.0,0.0,0.0,0.0,0.0,0.0,0.0,0.031,0.032,0.0312,0.031,0.00040000000000000034
4096,32,32,16,4,4096,1,544,0,True,vllm_0.5.1_flash_attn,0.003,0.003,0.003,0.003,0.0,,,,,,0.0,0.0,0.0,0.0,0.0,0.0,0.0,0.0,0.0,0.0,0.02,0.02,0.02,0.02,0.0
4096,32,32,16,4,4096,1,544,512,True,vllm_0.5.1_flash_attn,0.003,0.003,0.003,0.003,0.0,,,,,,0.0,0.0,0.0,0.0,0.0,0.0,0.0,0.0,0.0,0.0,0.024,0.024,0.024,0.024,0.0
4096,32,32,16,4,4096,1,544,1024,True,vllm_0.5.1_flash_attn,0.003,0.003,0.003,0.003,0.0,,,,,,0.0,0.0,0.0,0.0,0.0,0.0,0.0,0.0,0.0,0.0,0.033,0.034,0.0332,0.033,0.00040000000000000034
4096,32,32,16,4,4096,1,544,1024,True,vllm_0.5.1_flash_attn,0.003,0.003,0.003,0.003,0.0,,,,,,0.0,0.0,0.0,0.0,0.0,0.0,0.0,0.0,0.0,0.0,0.033,0.033,0.033,0.033,0.0
4096,32,32,16,4,4096,1,576,0,True,vllm_0.5.1_flash_attn,0.003,0.003,0.003,0.003,0.0,,,,,,0.0,0.0,0.0,0.0,0.0,0.0,0.0,0.0,0.0,0.0,0.02,0.02,0.02,0.02,0.0
4096,32,32,16,4,4096,1,576,512,True,vllm_0.5.1_flash_attn,0.003,0.003,0.003,0.003,0.0,,,,,,0.0,0.0,0.0,0.0,0.0,0.0,0.0,0.0,0.0,0.0,0.024,0.024,0.024,0.024,0.0
4096,32,32,16,4,4096,1,576,1024,True,vllm_0.5.1_flash_attn,0.003,0.003,0.003,0.003,0.0,,,,,,0.0,0.0,0.0,0.0,0.0,0.0,0.0,0.0,0.0,0.0,0.034,0.034,0.034,0.034,0.0
4096,32,32,16,4,4096,1,576,1024,True,vllm_0.5.1_flash_attn,0.003,0.003,0.003,0.003,0.0,,,,,,0.0,0.0,0.0,0.0,0.0,0.0,0.0,0.0,0.0,0.0,0.034,0.034,0.034,0.034,0.0
4096,32,32,16,4,4096,1,608,0,True,vllm_0.5.1_flash_attn,0.003,0.003,0.003,0.003,0.0,,,,,,0.0,0.0,0.0,0.0,0.0,0.0,0.0,0.0,0.0,0.0,0.022,0.022,0.022,0.022,0.0
4096,32,32,16,4,4096,1,608,512,True,vllm_0.5.1_flash_attn,0.003,0.003,0.003,0.003,0.0,,,,,,0.0,0.0,0.0,0.0,0.0,0.0,0.0,0.0,0.0,0.0,0.024,0.025,0.0246,0.025,0.000489897948556636
4096,32,32,16,4,4096,1,608,1024,True,vllm_0.5.1_flash_attn,0.003,0.003,0.003,0.003,0.0,,,,,,0.0,0.0,0.0,0.0,0.0,0.0,0.0,0.0,0.0,0.0,0.034,0.034,0.034,0.034,0.0
4096,32,32,16,4,4096,1,608,1024,True,vllm_0.5.1_flash_attn,0.003,0.003,0.003,0.003,0.0,,,,,,0.0,0.0,0.0,0.0,0.0,0.0,0.0,0.0,0.0,0.0,0.034,0.034,0.034,0.034,0.0
4096,32,32,16,4,4096,1,640,0,True,vllm_0.5.1_flash_attn,0.003,0.003,0.003,0.003,0.0,,,,,,0.0,0.0,0.0,0.0,0.0,0.0,0.0,0.0,0.0,0.0,0.022,0.022,0.022,0.022,0.0
4096,32,32,16,4,4096,1,640,512,True,vllm_0.5.1_flash_attn,0.003,0.003,0.003,0.003,0.0,,,,,,0.0,0.0,0.0,0.0,0.0,0.0,0.0,0.0,0.0,0.0,0.025,0.025,0.025,0.025,0.0
4096,32,32,16,4,4096,1,640,1024,True,vllm_0.5.1_flash_attn,0.003,0.003,0.003,0.003,0.0,,,,,,0.0,0.0,0.0,0.0,0.0,0.0,0.0,0.0,0.0,0.0,0.034,0.034,0.034,0.034,0.0
4096,32,32,16,4,4096,1,640,1024,True,vllm_0.5.1_flash_attn,0.003,0.003,0.003,0.003,0.0,,,,,,0.0,0.0,0.0,0.0,0.0,0.0,0.0,0.0,0.0,0.0,0.034,0.034,0.034,0.034,0.0
4096,32,32,16,4,4096,1,672,0,True,vllm_0.5.1_flash_attn,0.003,0.003,0.003,0.003,0.0,,,,,,0.0,0.0,0.0,0.0,0.0,0.0,0.0,0.0,0.0,0.0,0.024,0.024,0.024,0.024,0.0
4096,32,32,16,4,4096,1,672,512,True,vllm_0.5.1_flash_attn,0.003,0.003,0.003,0.003,0.0,,,,,,0.0,0.0,0.0,0.0,0.0,0.0,0.0,0.0,0.0,0.0,0.026000000000000002,0.027,0.0268,0.027,0.000399999999999999
4096,32,32,16,4,4096,1,672,1024,True,vllm_0.5.1_flash_attn,0.003,0.003,0.003,0.003,0.0,,,,,,0.0,0.0,0.0,0.0,0.0,0.0,0.0,0.0,0.0,0.0,0.036000000000000004,0.036000000000000004,0.036000000000000004,0.036000000000000004,0.0
4096,32,32,16,4,4096,1,672,1024,True,vllm_0.5.1_flash_attn,0.003,0.004,0.0032,0.003,0.0004,,,,,,0.0,0.0,0.0,0.0,0.0,0.0,0.0,0.0,0.0,0.0,0.036000000000000004,0.036000000000000004,0.036000000000000004,0.036000000000000004,0.0
4096,32,32,16,4,4096,1,704,0,True,vllm_0.5.1_flash_attn,0.003,0.004,0.0034000000000000002,0.003,0.0004898979485566357,,,,,,0.0,0.0,0.0,0.0,0.0,0.0,0.0,0.0,0.0,0.0,0.024,0.024,0.024,0.024,0.0
4096,32,32,16,4,4096,1,704,512,True,vllm_0.5.1_flash_attn,0.003,0.004,0.0034000000000000002,0.003,0.0004898979485566357,,,,,,0.0,0.0,0.0,0.0,0.0,0.0,0.0,0.0,0.0,0.0,0.027,0.027,0.027000000000000003,0.027,0.0
4096,32,32,16,4,4096,1,704,1024,True,vllm_0.5.1_flash_attn,0.003,0.004,0.0036000000000000003,0.004,0.0004898979485566357,,,,,,0.0,0.0,0.0,0.0,0.0,0.0,0.0,0.0,0.0,0.0,0.036000000000000004,0.036000000000000004,0.036000000000000004,0.036000000000000004,0.0
4096,32,32,16,4,4096,1,704,1024,True,vllm_0.5.1_flash_attn,0.003,0.004,0.0036000000000000003,0.004,0.0004898979485566357,,,,,,0.0,0.0,0.0,0.0,0.0,0.0,0.0,0.0,0.0,0.0,0.036000000000000004,0.036000000000000004,0.036000000000000004,0.036000000000000004,0.0
4096,32,32,16,4,4096,1,736,0,True,vllm_0.5.1_flash_attn,0.003,0.004,0.0036000000000000003,0.004,0.0004898979485566357,,,,,,0.0,0.0,0.0,0.0,0.0,0.0,0.0,0.0,0.0,0.0,0.026000000000000002,0.026000000000000002,0.026000000000000002,0.026000000000000002,0.0
4096,32,32,16,4,4096,1,736,512,True,vllm_0.5.1_flash_attn,0.003,0.004,0.0036000000000000003,0.004,0.0004898979485566357,,,,,,0.0,0.0,0.0,0.0,0.0,0.0,0.0,0.0,0.0,0.0,0.027,0.027,0.027000000000000003,0.027,0.0
4096,32,32,16,4,4096,1,736,1024,True,vllm_0.5.1_flash_attn,0.004,0.004,0.004,0.004,0.0,,,,,,0.0,0.0,0.0,0.0,0.0,0.0,0.0,0.0,0.0,0.0,0.036000000000000004,0.036000000000000004,0.036000000000000004,0.036000000000000004,0.0
4096,32,32,16,4,4096,1,736,1024,True,vllm_0.5.1_flash_attn,0.003,0.004,0.0038,0.004,0.0004,,,,,,0.0,0.0,0.0,0.0,0.0,0.0,0.0,0.0,0.0,0.0,0.036000000000000004,0.036000000000000004,0.036000000000000004,0.036000000000000004,0.0
4096,32,32,16,4,4096,1,768,0,True,vllm_0.5.1_flash_attn,0.003,0.004,0.0038,0.004,0.0004,,,,,,0.0,0.0,0.0,0.0,0.0,0.0,0.0,0.0,0.0,0.0,0.026000000000000002,0.026000000000000002,0.026000000000000002,0.026000000000000002,0.0
4096,32,32,16,4,4096,1,768,512,True,vllm_0.5.1_flash_attn,0.004,0.004,0.004,0.004,0.0,,,,,,0.0,0.0,0.0,0.0,0.0,0.0,0.0,0.0,0.0,0.0,0.027,0.027,0.027000000000000003,0.027,0.0
4096,32,32,16,4,4096,1,768,1024,True,vllm_0.5.1_flash_attn,0.004,0.004,0.004,0.004,0.0,,,,,,0.0,0.0,0.0,0.0,0.0,0.0,0.0,0.0,0.0,0.0,0.036000000000000004,0.036000000000000004,0.036000000000000004,0.036000000000000004,0.0
4096,32,32,16,4,4096,1,768,1024,True,vllm_0.5.1_flash_attn,0.003,0.004,0.0038,0.004,0.0004,,,,,,0.0,0.0,0.0,0.0,0.0,0.0,0.0,0.0,0.0,0.0,0.036000000000000004,0.036000000000000004,0.036000000000000004,0.036000000000000004,0.0
4096,32,32,16,4,4096,1,800,0,True,vllm_0.5.1_flash_attn,0.004,0.004,0.004,0.004,0.0,,,,,,0.0,0.0,0.0,0.0,0.0,0.0,0.0,0.0,0.0,0.0,0.027,0.027,0.027000000000000003,0.027,0.0
4096,32,32,16,4,4096,1,800,512,True,vllm_0.5.1_flash_attn,0.004,0.004,0.004,0.004,0.0,,,,,,0.0,0.0,0.0,0.0,0.0,0.0,0.0,0.0,0.0,0.0,0.029,0.029,0.029000000000000005,0.029,0.0
4096,32,32,16,4,4096,1,800,1024,True,vllm_0.5.1_flash_attn,0.004,0.004,0.004,0.004,0.0,,,,,,0.0,0.0,0.0,0.0,0.0,0.0,0.0,0.0,0.0,0.0,0.039,0.039,0.039,0.039,0.0
4096,32,32,16,4,4096,1,800,1024,True,vllm_0.5.1_flash_attn,0.004,0.004,0.004,0.004,0.0,,,,,,0.0,0.0,0.0,0.0,0.0,0.0,0.0,0.0,0.0,0.0,0.039,0.039,0.039,0.039,0.0
4096,32,32,16,4,4096,1,832,0,True,vllm_0.5.1_flash_attn,0.004,0.004,0.004,0.004,0.0,,,,,,0.0,0.0,0.0,0.0,0.0,0.0,0.0,0.0,0.0,0.0,0.027,0.027,0.027000000000000003,0.027,0.0
4096,32,32,16,4,4096,1,832,512,True,vllm_0.5.1_flash_attn,0.004,0.004,0.004,0.004,0.0,,,,,,0.0,0.0,0.0,0.0,0.0,0.0,0.0,0.0,0.0,0.0,0.029,0.029,0.029000000000000005,0.029,0.0
4096,32,32,16,4,4096,1,832,1024,True,vllm_0.5.1_flash_attn,0.004,0.004,0.004,0.004,0.0,,,,,,0.0,0.0,0.0,0.0,0.0,0.0,0.0,0.0,0.0,0.0,0.039,0.039,0.039,0.039,0.0
4096,32,32,16,4,4096,1,832,1024,True,vllm_0.5.1_flash_attn,0.004,0.004,0.004,0.004,0.0,,,,,,0.0,0.0,0.0,0.0,0.0,0.0,0.0,0.0,0.0,0.0,0.038,0.039,0.038400000000000004,0.038,0.000489897948556636
4096,32,32,16,4,4096,1,864,0,True,vllm_0.5.1_flash_attn,0.004,0.004,0.004,0.004,0.0,,,,,,0.0,0.0,0.0,0.0,0.0,0.0,0.0,0.0,0.0,0.0,0.029,0.029,0.029000000000000005,0.029,0.0
4096,32,32,16,4,4096,1,864,512,True,vllm_0.5.1_flash_attn,0.004,0.004,0.004,0.004,0.0,,,,,,0.0,0.0,0.0,0.0,0.0,0.0,0.0,0.0,0.0,0.0,0.029,0.029,0.029000000000000005,0.029,0.0
4096,32,32,16,4,4096,1,864,1024,True,vllm_0.5.1_flash_attn,0.004,0.004,0.004,0.004,0.0,,,,,,0.0,0.0,0.0,0.0,0.0,0.0,0.0,0.0,0.0,0.0,0.039,0.039,0.039,0.039,0.0
4096,32,32,16,4,4096,1,864,1024,True,vllm_0.5.1_flash_attn,0.004,0.004,0.004,0.004,0.0,,,,,,0.0,0.0,0.0,0.0,0.0,0.0,0.0,0.0,0.0,0.0,0.039,0.039,0.039,0.039,0.0
4096,32,32,16,4,4096,1,896,0,True,vllm_0.5.1_flash_attn,0.004,0.004,0.004,0.004,0.0,,,,,,0.0,0.0,0.0,0.0,0.0,0.0,0.0,0.0,0.0,0.0,0.029,0.029,0.029000000000000005,0.029,0.0
4096,32,32,16,4,4096,1,896,512,True,vllm_0.5.1_flash_attn,0.004,0.004,0.004,0.004,0.0,,,,,,0.0,0.0,0.0,0.0,0.0,0.0,0.0,0.0,0.0,0.0,0.029,0.029,0.029000000000000005,0.029,0.0
4096,32,32,16,4,4096,1,896,1024,True,vllm_0.5.1_flash_attn,0.004,0.004,0.004,0.004,0.0,,,,,,0.0,0.0,0.0,0.0,0.0,0.0,0.0,0.0,0.0,0.0,0.039,0.039,0.039,0.039,0.0
4096,32,32,16,4,4096,1,896,1024,True,vllm_0.5.1_flash_attn,0.004,0.004,0.004,0.004,0.0,,,,,,0.0,0.0,0.0,0.0,0.0,0.0,0.0,0.0,0.0,0.0,0.039,0.039,0.039,0.039,0.0
4096,32,32,16,4,4096,1,928,0,True,vllm_0.5.1_flash_attn,0.004,0.004,0.004,0.004,0.0,,,,,,0.0,0.0,0.0,0.0,0.0,0.0,0.0,0.0,0.0,0.0,0.031,0.031,0.031,0.031,0.0
4096,32,32,16,4,4096,1,928,512,True,vllm_0.5.1_flash_attn,0.004,0.004,0.004,0.004,0.0,,,,,,0.0,0.0,0.0,0.0,0.0,0.0,0.0,0.0,0.0,0.0,0.031,0.031,0.031,0.031,0.0
4096,32,32,16,4,4096,1,928,1024,True,vllm_0.5.1_flash_attn,0.004,0.004,0.004,0.004,0.0,,,,,,0.0,0.0,0.0,0.0,0.0,0.0,0.0,0.0,0.0,0.0,0.04,0.041,0.0408,0.041,0.00040000000000000034
4096,32,32,16,4,4096,1,928,1024,True,vllm_0.5.1_flash_attn,0.004,0.004,0.004,0.004,0.0,,,,,,0.0,0.0,0.0,0.0,0.0,0.0,0.0,0.0,0.0,0.0,0.041,0.041,0.041,0.041,0.0
4096,32,32,16,4,4096,1,960,0,True,vllm_0.5.1_flash_attn,0.004,0.004,0.004,0.004,0.0,,,,,,0.0,0.0,0.0,0.0,0.0,0.0,0.0,0.0,0.0,0.0,0.031,0.031,0.031,0.031,0.0
4096,32,32,16,4,4096,1,960,512,True,vllm_0.5.1_flash_attn,0.004,0.004,0.004,0.004,0.0,,,,,,0.0,0.0,0.0,0.0,0.0,0.0,0.0,0.0,0.0,0.0,0.031,0.031,0.031,0.031,0.0
4096,32,32,16,4,4096,1,960,1024,True,vllm_0.5.1_flash_attn,0.004,0.004,0.004,0.004,0.0,,,,,,0.0,0.0,0.0,0.0,0.0,0.0,0.0,0.0,0.0,0.0,0.041,0.041,0.041,0.041,0.0
4096,32,32,16,4,4096,1,960,1024,True,vllm_0.5.1_flash_attn,0.004,0.004,0.004,0.004,0.0,,,,,,0.0,0.0,0.0,0.0,0.0,0.0,0.0,0.0,0.0,0.0,0.041,0.041,0.041,0.041,0.0
4096,32,32,16,4,4096,1,992,0,True,vllm_0.5.1_flash_attn,0.004,0.004,0.004,0.004,0.0,,,,,,0.0,0.0,0.0,0.0,0.0,0.0,0.0,0.0,0.0,0.0,0.033,0.033,0.033,0.033,0.0
4096,32,32,16,4,4096,1,992,512,True,vllm_0.5.1_flash_attn,0.004,0.004,0.004,0.004,0.0,,,,,,0.0,0.0,0.0,0.0,0.0,0.0,0.0,0.0,0.0,0.0,0.031,0.032,0.0312,0.031,0.00040000000000000034
4096,32,32,16,4,4096,1,992,1024,True,vllm_0.5.1_flash_attn,0.004,0.004,0.004,0.004,0.0,,,,,,0.0,0.0,0.0,0.0,0.0,0.0,0.0,0.0,0.0,0.0,0.041,0.041,0.041,0.041,0.0
4096,32,32,16,4,4096,1,992,1024,True,vllm_0.5.1_flash_attn,0.004,0.005,0.004200000000000001,0.004,0.0004,,,,,,0.0,0.0,0.0,0.0,0.0,0.0,0.0,0.0,0.0,0.0,0.041,0.041,0.041,0.041,0.0
4096,32,32,16,4,4096,1,1024,0,True,vllm_0.5.1_flash_attn,0.004,0.004,0.004,0.004,0.0,,,,,,0.0,0.0,0.0,0.0,0.0,0.0,0.0,0.0,0.0,0.0,0.033,0.033,0.033,0.033,0.0
4096,32,32,16,4,4096,1,1024,512,True,vllm_0.5.1_flash_attn,0.004,0.004,0.004,0.004,0.0,,,,,,0.0,0.0,0.0,0.0,0.0,0.0,0.0,0.0,0.0,0.0,0.031,0.032,0.0314,0.031,0.000489897948556636
4096,32,32,16,4,4096,1,1024,1024,True,vllm_0.5.1_flash_attn,0.004,0.004,0.004,0.004,0.0,,,,,,0.0,0.0,0.0,0.0,0.0,0.0,0.0,0.0,0.0,0.0,0.041,0.041,0.041,0.041,0.0
4096,32,32,16,4,4096,1,1024,1024,True,vllm_0.5.1_flash_attn,0.004,0.004,0.004,0.004,0.0,,,,,,0.0,0.0,0.0,0.0,0.0,0.0,0.0,0.0,0.0,0.0,0.041,0.041,0.041,0.041,0.0
4096,32,32,16,4,4096,1,1024,0,True,vllm_0.5.1_flash_attn,0.004,0.005,0.004200000000000001,0.004,0.0004,,,,,,0.0,0.0,0.0,0.0,0.0,0.0,0.0,0.0,0.0,0.0,0.033,0.033,0.033,0.033,0.0
4096,32,32,16,4,4096,1,1024,512,True,vllm_0.5.1_flash_attn,0.004,0.004,0.004,0.004,0.0,,,,,,0.0,0.0,0.0,0.0,0.0,0.0,0.0,0.0,0.0,0.0,0.032,0.032,0.032,0.032,0.0
4096,32,32,16,4,4096,1,1024,1024,True,vllm_0.5.1_flash_attn,0.004,0.004,0.004,0.004,0.0,,,,,,0.0,0.0,0.0,0.0,0.0,0.0,0.0,0.0,0.0,0.0,0.041,0.041,0.041,0.041,0.0
4096,32,32,16,4,4096,1,1024,1024,True,vllm_0.5.1_flash_attn,0.004,0.004,0.004,0.004,0.0,,,,,,0.0,0.0,0.0,0.0,0.0,0.0,0.0,0.0,0.0,0.0,0.041,0.041,0.041,0.041,0.0
4096,32,32,16,4,4096,1,1088,0,True,vllm_0.5.1_flash_attn,0.005,0.005,0.005,0.005,0.0,,,,,,0.0,0.0,0.0,0.0,0.0,0.0,0.0,0.0,0.0,0.0,0.034,0.034,0.034,0.034,0.0
4096,32,32,16,4,4096,1,1088,512,True,vllm_0.5.1_flash_attn,0.005,0.005,0.005,0.005,0.0,,,,,,0.0,0.0,0.0,0.0,0.0,0.0,0.0,0.0,0.0,0.0,0.043000000000000003,0.043000000000000003,0.043000000000000003,0.043000000000000003,0.0
4096,32,32,16,4,4096,1,1088,1024,True,vllm_0.5.1_flash_attn,0.005,0.005,0.005,0.005,0.0,,,,,,0.0,0.0,0.0,0.0,0.0,0.0,0.0,0.0,0.0,0.0,0.056,0.058,0.056400000000000006,0.056,0.0008000000000000007
4096,32,32,16,4,4096,1,1088,1024,True,vllm_0.5.1_flash_attn,0.005,0.005,0.005,0.005,0.0,,,,,,0.0,0.0,0.0,0.0,0.0,0.0,0.0,0.0,0.0,0.0,0.056,0.058,0.0568,0.057,0.0007483314773547889
4096,32,32,16,4,4096,1,1152,0,True,vllm_0.5.1_flash_attn,0.005,0.005,0.005,0.005,0.0,,,,,,0.0,0.0,0.0,0.0,0.0,0.0,0.0,0.0,0.0,0.0,0.036000000000000004,0.036000000000000004,0.036000000000000004,0.036000000000000004,0.0
4096,32,32,16,4,4096,1,1152,512,True,vllm_0.5.1_flash_attn,0.005,0.005,0.005,0.005,0.0,,,,,,0.0,0.0,0.0,0.0,0.0,0.0,0.0,0.0,0.0,0.0,0.045,0.046,0.0452,0.045,0.00040000000000000034
4096,32,32,16,4,4096,1,1152,1024,True,vllm_0.5.1_flash_attn,0.005,0.005,0.005,0.005,0.0,,,,,,0.0,0.0,0.0,0.0,0.0,0.0,0.0,0.0,0.0,0.0,0.058,0.06,0.05900000000000001,0.059000000000000004,0.0006324555320336743
4096,32,32,16,4,4096,1,1152,1024,True,vllm_0.5.1_flash_attn,0.005,0.005,0.005,0.005,0.0,,,,,,0.0,0.0,0.0,0.0,0.0,0.0,0.0,0.0,0.0,0.0,0.059000000000000004,0.06,0.0598,0.06,0.0003999999999999976
4096,32,32,16,4,4096,1,1216,0,True,vllm_0.5.1_flash_attn,0.005,0.005,0.005,0.005,0.0,,,,,,0.0,0.0,0.0,0.0,0.0,0.0,0.0,0.0,0.0,0.0,0.038,0.038,0.038,0.038,0.0
4096,32,32,16,4,4096,1,1216,512,True,vllm_0.5.1_flash_attn,0.005,0.005,0.005,0.005,0.0,,,,,,0.0,0.0,0.0,0.0,0.0,0.0,0.0,0.0,0.0,0.0,0.048,0.049,0.048799999999999996,0.049,0.00040000000000000034
4096,32,32,16,4,4096,1,1216,1024,True,vllm_0.5.1_flash_attn,0.005,0.005,0.005,0.005,0.0,,,,,,0.0,0.0,0.0,0.0,0.0,0.0,0.0,0.0,0.0,0.0,0.063,0.064,0.0636,0.064,0.000489897948556636
4096,32,32,16,4,4096,1,1216,1024,True,vllm_0.5.1_flash_attn,0.005,0.005,0.005,0.005,0.0,,,,,,0.0,0.0,0.0,0.0,0.0,0.0,0.0,0.0,0.0,0.0,0.062,0.064,0.063,0.063,0.0006324555320336764
4096,32,32,16,4,4096,1,1280,0,True,vllm_0.5.1_flash_attn,0.005,0.005,0.005,0.005,0.0,,,,,,0.0,0.0,0.0,0.0,0.0,0.0,0.0,0.0,0.0,0.0,0.04,0.04,0.04,0.04,0.0
4096,32,32,16,4,4096,1,1280,512,True,vllm_0.5.1_flash_attn,0.005,0.005,0.005,0.005,0.0,,,,,,0.0,0.0,0.0,0.0,0.0,0.0,0.0,0.0,0.0,0.0,0.053,0.054,0.0536,0.054,0.000489897948556636
4096,32,32,16,4,4096,1,1280,1024,True,vllm_0.5.1_flash_attn,0.005,0.005,0.005,0.005,0.0,,,,,,0.0,0.0,0.0,0.0,0.0,0.0,0.0,0.0,0.0,0.0,0.067,0.068,0.0678,0.068,0.00040000000000000034
4096,32,32,16,4,4096,1,1280,1024,True,vllm_0.5.1_flash_attn,0.005,0.005,0.005,0.005,0.0,,,,,,0.0,0.0,0.0,0.0,0.0,0.0,0.0,0.0,0.0,0.0,0.067,0.068,0.0678,0.068,0.00040000000000000034
4096,32,32,16,4,4096,1,1344,0,True,vllm_0.5.1_flash_attn,0.006,0.006,0.006,0.006,0.0,,,,,,0.0,0.0,0.0,0.0,0.0,0.0,0.0,0.0,0.0,0.0,0.041,0.041,0.041,0.041,0.0
4096,32,32,16,4,4096,1,1344,512,True,vllm_0.5.1_flash_attn,0.006,0.006,0.006,0.006,0.0,,,,,,0.0,0.0,0.0,0.0,0.0,0.0,0.0,0.0,0.0,0.0,0.052000000000000005,0.052000000000000005,0.052000000000000005,0.052000000000000005,0.0
4096,32,32,16,4,4096,1,1344,1024,True,vllm_0.5.1_flash_attn,0.006,0.006,0.006,0.006,0.0,,,,,,0.0,0.0,0.0,0.0,0.0,0.0,0.0,0.0,0.0,0.0,0.066,0.068,0.0668,0.067,0.0007483314773547889
4096,32,32,16,4,4096,1,1344,1024,True,vllm_0.5.1_flash_attn,0.006,0.006,0.006,0.006,0.0,,,,,,0.0,0.0,0.0,0.0,0.0,0.0,0.0,0.0,0.0,0.0,0.066,0.068,0.0674,0.068,0.0008000000000000007
4096,32,32,16,4,4096,1,1408,0,True,vllm_0.5.1_flash_attn,0.006,0.006,0.006,0.006,0.0,,,,,,0.0,0.0,0.0,0.0,0.0,0.0,0.0,0.0,0.0,0.0,0.043000000000000003,0.043000000000000003,0.043000000000000003,0.043000000000000003,0.0
4096,32,32,16,4,4096,1,1408,512,True,vllm_0.5.1_flash_attn,0.006,0.006,0.006,0.006,0.0,,,,,,0.0,0.0,0.0,0.0,0.0,0.0,0.0,0.0,0.0,0.0,0.056,0.057,0.056400000000000006,0.056,0.000489897948556636
4096,32,32,16,4,4096,1,1408,1024,True,vllm_0.5.1_flash_attn,0.006,0.006,0.006,0.006,0.0,,,,,,0.0,0.0,0.0,0.0,0.0,0.0,0.0,0.0,0.0,0.0,0.069,0.07100000000000001,0.07020000000000001,0.07,0.0007483314773547889
4096,32,32,16,4,4096,1,1408,1024,True,vllm_0.5.1_flash_attn,0.006,0.006,0.006,0.006,0.0,,,,,,0.0,0.0,0.0,0.0,0.0,0.0,0.0,0.0,0.0,0.0,0.069,0.07,0.0698,0.07,0.00040000000000000034
4096,32,32,16,4,4096,1,1472,0,True,vllm_0.5.1_flash_attn,0.006,0.006,0.006,0.006,0.0,,,,,,0.0,0.0,0.0,0.0,0.0,0.0,0.0,0.0,0.0,0.0,0.044,0.045,0.044199999999999996,0.044,0.00040000000000000034
4096,32,32,16,4,4096,1,1472,512,True,vllm_0.5.1_flash_attn,0.006,0.006,0.006,0.006,0.0,,,,,,0.0,0.0,0.0,0.0,0.0,0.0,0.0,0.0,0.0,0.0,0.058,0.059000000000000004,0.05840000000000001,0.058,0.000489897948556636
4096,32,32,16,4,4096,1,1472,1024,True,vllm_0.5.1_flash_attn,0.006,0.006,0.006,0.006,0.0,,,,,,0.0,0.0,0.0,0.0,0.0,0.0,0.0,0.0,0.0,0.0,0.07200000000000001,0.074,0.0728,0.07200000000000001,0.0009797958971132653
4096,32,32,16,4,4096,1,1472,1024,True,vllm_0.5.1_flash_attn,0.006,0.006,0.006,0.006,0.0,,,,,,0.0,0.0,0.0,0.0,0.0,0.0,0.0,0.0,0.0,0.0,0.07200000000000001,0.075,0.0738,0.075,0.0014696938456699015
4096,32,32,16,4,4096,1,1536,0,True,vllm_0.5.1_flash_attn,0.006,0.006,0.006,0.006,0.0,,,,,,0.0,0.0,0.0,0.0,0.0,0.0,0.0,0.0,0.0,0.0,0.047,0.047,0.047,0.047,0.0
4096,32,32,16,4,4096,1,1536,512,True,vllm_0.5.1_flash_attn,0.006,0.006,0.006,0.006,0.0,,,,,,0.0,0.0,0.0,0.0,0.0,0.0,0.0,0.0,0.0,0.0,0.058,0.06,0.05900000000000001,0.059000000000000004,0.0006324555320336743
4096,32,32,16,4,4096,1,1536,1024,True,vllm_0.5.1_flash_attn,0.006,0.006,0.006,0.006,0.0,,,,,,0.0,0.0,0.0,0.0,0.0,0.0,0.0,0.0,0.0,0.0,0.075,0.076,0.0752,0.075,0.00040000000000000034
4096,32,32,16,4,4096,1,1536,1024,True,vllm_0.5.1_flash_attn,0.006,0.006,0.006,0.006,0.0,,,,,,0.0,0.0,0.0,0.0,0.0,0.0,0.0,0.0,0.0,0.0,0.07200000000000001,0.075,0.073,0.073,0.001095445115010328
4096,32,32,16,4,4096,1,1600,0,True,vllm_0.5.1_flash_attn,0.006,0.007,0.0066,0.007,0.0004898979485566357,,,,,,0.0,0.0,0.0,0.0,0.0,0.0,0.0,0.0,0.0,0.0,0.048,0.048,0.048,0.048,0.0
4096,32,32,16,4,4096,1,1600,512,True,vllm_0.5.1_flash_attn,0.006,0.007,0.0062,0.006,0.0004,,,,,,0.0,0.0,0.0,0.0,0.0,0.0,0.0,0.0,0.0,0.0,0.06,0.062,0.061,0.061,0.0006324555320336764
4096,32,32,16,4,4096,1,1600,1024,True,vllm_0.5.1_flash_attn,0.006,0.007,0.0066,0.007,0.0004898979485566357,,,,,,0.0,0.0,0.0,0.0,0.0,0.0,0.0,0.0,0.0,0.0,0.075,0.076,0.0756,0.076,0.000489897948556636
4096,32,32,16,4,4096,1,1600,1024,True,vllm_0.5.1_flash_attn,0.006,0.007,0.0066,0.007,0.0004898979485566357,,,,,,0.0,0.0,0.0,0.0,0.0,0.0,0.0,0.0,0.0,0.0,0.075,0.077,0.0758,0.075,0.000979795897113272
4096,32,32,16,4,4096,1,1664,0,True,vllm_0.5.1_flash_attn,0.007,0.007,0.007000000000000001,0.007,0.0,,,,,,0.0,0.0,0.0,0.0,0.0,0.0,0.0,0.0,0.0,0.0,0.05,0.05,0.05,0.05,0.0
4096,32,32,16,4,4096,1,1664,512,True,vllm_0.5.1_flash_attn,0.006,0.007,0.0068000000000000005,0.007,0.0004,,,,,,0.0,0.0,0.0,0.0,0.0,0.0,0.0,0.0,0.0,0.0,0.062,0.065,0.064,0.064,0.001095445115010333
4096,32,32,16,4,4096,1,1664,1024,True,vllm_0.5.1_flash_attn,0.007,0.007,0.007000000000000001,0.007,0.0,,,,,,0.0,0.0,0.0,0.0,0.0,0.0,0.0,0.0,0.0,0.0,0.077,0.08,0.07880000000000001,0.079,0.000979795897113272
4096,32,32,16,4,4096,1,1664,1024,True,vllm_0.5.1_flash_attn,0.007,0.007,0.007000000000000001,0.007,0.0,,,,,,0.0,0.0,0.0,0.0,0.0,0.0,0.0,0.0,0.0,0.0,0.076,0.08,0.0776,0.077,0.0016248076809271936
4096,32,32,16,4,4096,1,1728,0,True,vllm_0.5.1_flash_attn,0.007,0.007,0.007000000000000001,0.007,0.0,,,,,,0.0,0.0,0.0,0.0,0.0,0.0,0.0,0.0,0.0,0.0,0.052000000000000005,0.052000000000000005,0.052000000000000005,0.052000000000000005,0.0
4096,32,32,16,4,4096,1,1728,512,True,vllm_0.5.1_flash_attn,0.007,0.007,0.007000000000000001,0.007,0.0,,,,,,0.0,0.0,0.0,0.0,0.0,0.0,0.0,0.0,0.0,0.0,0.066,0.066,0.066,0.066,0.0
4096,32,32,16,4,4096,1,1728,1024,True,vllm_0.5.1_flash_attn,0.007,0.007,0.007000000000000001,0.007,0.0,,,,,,0.0,0.0,0.0,0.0,0.0,0.0,0.0,0.0,0.0,0.0,0.08,0.081,0.08020000000000001,0.08,0.00040000000000000034
4096,32,32,16,4,4096,1,1728,1024,True,vllm_0.5.1_flash_attn,0.007,0.007,0.007000000000000001,0.007,0.0,,,,,,0.0,0.0,0.0,0.0,0.0,0.0,0.0,0.0,0.0,0.0,0.08,0.081,0.0804,0.08,0.000489897948556636
4096,32,32,16,4,4096,1,1792,0,True,vllm_0.5.1_flash_attn,0.007,0.007,0.007000000000000001,0.007,0.0,,,,,,0.0,0.0,0.0,0.0,0.0,0.0,0.0,0.0,0.0,0.0,0.053,0.054,0.053200000000000004,0.053,0.00040000000000000034
4096,32,32,16,4,4096,1,1792,512,True,vllm_0.5.1_flash_attn,0.007,0.007,0.007000000000000001,0.007,0.0,,,,,,0.0,0.0,0.0,0.0,0.0,0.0,0.0,0.0,0.0,0.0,0.065,0.069,0.06760000000000001,0.068,0.001356465996625055
4096,32,32,16,4,4096,1,1792,1024,True,vllm_0.5.1_flash_attn,0.007,0.007,0.007000000000000001,0.007,0.0,,,,,,0.0,0.0,0.0,0.0,0.0,0.0,0.0,0.0,0.0,0.0,0.082,0.083,0.0826,0.083,0.000489897948556636
4096,32,32,16,4,4096,1,1792,1024,True,vllm_0.5.1_flash_attn,0.007,0.007,0.007000000000000001,0.007,0.0,,,,,,0.0,0.0,0.0,0.0,0.0,0.0,0.0,0.0,0.0,0.0,0.079,0.08,0.0794,0.079,0.000489897948556636
4096,32,32,16,4,4096,1,1856,0,True,vllm_0.5.1_flash_attn,0.007,0.007,0.007000000000000001,0.007,0.0,,,,,,0.0,0.0,0.0,0.0,0.0,0.0,0.0,0.0,0.0,0.0,0.055,0.055,0.05500000000000001,0.055,0.0
4096,32,32,16,4,4096,1,1856,512,True,vllm_0.5.1_flash_attn,0.007,0.007,0.007000000000000001,0.007,0.0,,,,,,0.0,0.0,0.0,0.0,0.0,0.0,0.0,0.0,0.0,0.0,0.067,0.07,0.0688,0.069,0.000979795897113272
4096,32,32,16,4,4096,1,1856,1024,True,vllm_0.5.1_flash_attn,0.007,0.007,0.007000000000000001,0.007,0.0,,,,,,0.0,0.0,0.0,0.0,0.0,0.0,0.0,0.0,0.0,0.0,0.08,0.083,0.0816,0.081,0.001200000000000001
4096,32,32,16,4,4096,1,1856,1024,True,vllm_0.5.1_flash_attn,0.007,0.007,0.007000000000000001,0.007,0.0,,,,,,0.0,0.0,0.0,0.0,0.0,0.0,0.0,0.0,0.0,0.0,0.082,0.085,0.0834,0.083,0.001019803902718558
4096,32,32,16,4,4096,1,1920,0,True,vllm_0.5.1_flash_attn,0.007,0.008,0.0073999999999999995,0.007,0.0004898979485566357,,,,,,0.0,0.0,0.0,0.0,0.0,0.0,0.0,0.0,0.0,0.0,0.056,0.057,0.0568,0.057,0.00040000000000000034
4096,32,32,16,4,4096,1,1920,512,True,vllm_0.5.1_flash_attn,0.007,0.008,0.007200000000000001,0.007,0.0004,,,,,,0.0,0.0,0.0,0.0,0.0,0.0,0.0,0.0,0.0,0.0,0.07100000000000001,0.07200000000000001,0.0718,0.07200000000000001,0.00040000000000000034
4096,32,32,16,4,4096,1,1920,1024,True,vllm_0.5.1_flash_attn,0.007,0.008,0.0076,0.008,0.0004898979485566357,,,,,,0.0,0.0,0.0,0.0,0.0,0.0,0.0,0.0,0.0,0.0,0.085,0.08600000000000001,0.08560000000000001,0.08600000000000001,0.000489897948556636
4096,32,32,16,4,4096,1,1920,1024,True,vllm_0.5.1_flash_attn,0.007,0.008,0.007200000000000001,0.007,0.0004,,,,,,0.0,0.0,0.0,0.0,0.0,0.0,0.0,0.0,0.0,0.0,0.083,0.08600000000000001,0.0854,0.08600000000000001,0.001200000000000001
4096,32,32,16,4,4096,1,1984,0,True,vllm_0.5.1_flash_attn,0.008,0.008,0.008,0.008,0.0,,,,,,0.0,0.0,0.0,0.0,0.0,0.0,0.0,0.0,0.0,0.0,0.058,0.058,0.05800000000000001,0.058,0.0
4096,32,32,16,4,4096,1,1984,512,True,vllm_0.5.1_flash_attn,0.008,0.008,0.008,0.008,0.0,,,,,,0.0,0.0,0.0,0.0,0.0,0.0,0.0,0.0,0.0,0.0,0.073,0.074,0.07339999999999999,0.073,0.000489897948556636
4096,32,32,16,4,4096,1,1984,1024,True,vllm_0.5.1_flash_attn,0.008,0.008,0.008,0.008,0.0,,,,,,0.0,0.0,0.0,0.0,0.0,0.0,0.0,0.0,0.0,0.0,0.08700000000000001,0.09,0.0882,0.088,0.0009797958971132688
4096,32,32,16,4,4096,1,1984,1024,True,vllm_0.5.1_flash_attn,0.008,0.008,0.008,0.008,0.0,,,,,,0.0,0.0,0.0,0.0,0.0,0.0,0.0,0.0,0.0,0.0,0.08600000000000001,0.09,0.0882,0.089,0.001833030277982331
4096,32,32,16,4,4096,1,2048,0,True,vllm_0.5.1_flash_attn,0.008,0.008,0.008,0.008,0.0,,,,,,0.0,0.0,0.0,0.0,0.0,0.0,0.0,0.0,0.0,0.0,0.06,0.06,0.06,0.06,0.0
4096,32,32,16,4,4096,1,2048,512,True,vllm_0.5.1_flash_attn,0.008,0.008,0.008,0.008,0.0,,,,,,0.0,0.0,0.0,0.0,0.0,0.0,0.0,0.0,0.0,0.0,0.075,0.077,0.076,0.076,0.0006324555320336764
4096,32,32,16,4,4096,1,2048,1024,True,vllm_0.5.1_flash_attn,0.008,0.008,0.008,0.008,0.0,,,,,,0.0,0.0,0.0,0.0,0.0,0.0,0.0,0.0,0.0,0.0,0.09,0.092,0.09079999999999999,0.091,0.0007483314773547889
4096,32,32,16,4,4096,1,2048,1024,True,vllm_0.5.1_flash_attn,0.008,0.008,0.008,0.008,0.0,,,,,,0.0,0.0,0.0,0.0,0.0,0.0,0.0,0.0,0.0,0.0,0.09,0.092,0.09079999999999999,0.09,0.000979795897113272
4096,32,32,16,4,4096,1,2112,0,True,vllm_0.5.1_flash_attn,0.008,0.008,0.008,0.008,0.0,,,,,,0.0,0.0,0.0,0.0,0.0,0.0,0.0,0.0,0.0,0.0,0.078,0.079,0.0782,0.078,0.00040000000000000034
4096,32,32,16,4,4096,1,2112,512,True,vllm_0.5.1_flash_attn,0.008,0.008,0.008,0.008,0.0,,,,,,0.0,0.0,0.0,0.0,0.0,0.0,0.0,0.0,0.0,0.0,0.079,0.081,0.08,0.08,0.0006324555320336764
4096,32,32,16,4,4096,1,2112,1024,True,vllm_0.5.1_flash_attn,0.008,0.008,0.008,0.008,0.0,,,,,,0.0,0.0,0.0,0.0,0.0,0.0,0.0,0.0,0.0,0.0,0.092,0.095,0.09359999999999999,0.094,0.001019803902718558
4096,32,32,16,4,4096,1,2112,1024,True,vllm_0.5.1_flash_attn,0.008,0.008,0.008,0.008,0.0,,,,,,0.0,0.0,0.0,0.0,0.0,0.0,0.0,0.0,0.0,0.0,0.094,0.096,0.0948,0.095,0.0007483314773547889
4096,32,32,16,4,4096,1,2176,0,True,vllm_0.5.1_flash_attn,0.008,0.008,0.008,0.008,0.0,,,,,,0.0,0.0,0.0,0.0,0.0,0.0,0.0,0.0,0.0,0.0,0.08,0.08,0.08,0.08,0.0
4096,32,32,16,4,4096,1,2176,512,True,vllm_0.5.1_flash_attn,0.008,0.008,0.008,0.008,0.0,,,,,,0.0,0.0,0.0,0.0,0.0,0.0,0.0,0.0,0.0,0.0,0.089,0.09,0.08959999999999999,0.09,0.000489897948556636
4096,32,32,16,4,4096,1,2176,1024,True,vllm_0.5.1_flash_attn,0.008,0.008,0.008,0.008,0.0,,,,,,0.0,0.0,0.0,0.0,0.0,0.0,0.0,0.0,0.0,0.0,0.111,0.114,0.11280000000000001,0.113,0.001166190378969061
4096,32,32,16,4,4096,1,2176,1024,True,vllm_0.5.1_flash_attn,0.008,0.008,0.008,0.008,0.0,,,,,,0.0,0.0,0.0,0.0,0.0,0.0,0.0,0.0,0.0,0.0,0.112,0.114,0.11280000000000001,0.113,0.0007483314773547889
4096,32,32,16,4,4096,1,2240,0,True,vllm_0.5.1_flash_attn,0.008,0.009000000000000001,0.0082,0.008,0.00040000000000000034,,,,,,0.0,0.0,0.0,0.0,0.0,0.0,0.0,0.0,0.0,0.0,0.09,0.091,0.09059999999999999,0.091,0.000489897948556636
4096,32,32,16,4,4096,1,2240,512,True,vllm_0.5.1_flash_attn,0.008,0.009000000000000001,0.008400000000000001,0.008,0.000489897948556636,,,,,,0.0,0.0,0.0,0.0,0.0,0.0,0.0,0.0,0.0,0.0,0.092,0.093,0.09219999999999999,0.092,0.00040000000000000034
4096,32,32,16,4,4096,1,2240,1024,True,vllm_0.5.1_flash_attn,0.008,0.009000000000000001,0.0082,0.008,0.00040000000000000034,,,,,,0.0,0.0,0.0,0.0,0.0,0.0,0.0,0.0,0.0,0.0,0.114,0.11800000000000001,0.11620000000000001,0.117,0.0014696938456699082
4096,32,32,16,4,4096,1,2240,1024,True,vllm_0.5.1_flash_attn,0.008,0.009000000000000001,0.0082,0.008,0.00040000000000000034,,,,,,0.0,0.0,0.0,0.0,0.0,0.0,0.0,0.0,0.0,0.0,0.114,0.11800000000000001,0.11640000000000002,0.117,0.001356465996625055
4096,32,32,16,4,4096,1,2304,0,True,vllm_0.5.1_flash_attn,0.009000000000000001,0.009000000000000001,0.009000000000000001,0.009000000000000001,0.0,,,,,,0.0,0.0,0.0,0.0,0.0,0.0,0.0,0.0,0.0,0.0,0.107,0.107,0.10700000000000001,0.107,0.0
4096,32,32,16,4,4096,1,2304,512,True,vllm_0.5.1_flash_attn,0.009000000000000001,0.009000000000000001,0.009000000000000001,0.009000000000000001,0.0,,,,,,0.0,0.0,0.0,0.0,0.0,0.0,0.0,0.0,0.0,0.0,0.091,0.092,0.09159999999999999,0.092,0.000489897948556636
4096,32,32,16,4,4096,1,2304,1024,True,vllm_0.5.1_flash_attn,0.009000000000000001,0.009000000000000001,0.009000000000000001,0.009000000000000001,0.0,,,,,,0.0,0.0,0.0,0.0,0.0,0.0,0.0,0.0,0.0,0.0,0.109,0.116,0.1126,0.112,0.002576819745345027
4096,32,32,16,4,4096,1,2304,1024,True,vllm_0.5.1_flash_attn,0.009000000000000001,0.009000000000000001,0.009000000000000001,0.009000000000000001,0.0,,,,,,0.0,0.0,0.0,0.0,0.0,0.0,0.0,0.0,0.0,0.0,0.111,0.116,0.11280000000000001,0.112,0.0017204650534085267
4096,32,32,16,4,4096,1,2368,0,True,vllm_0.5.1_flash_attn,0.009000000000000001,0.009000000000000001,0.009000000000000001,0.009000000000000001,0.0,,,,,,0.0,0.0,0.0,0.0,0.0,0.0,0.0,0.0,0.0,0.0,0.101,0.101,0.101,0.101,0.0
4096,32,32,16,4,4096,1,2368,512,True,vllm_0.5.1_flash_attn,0.009000000000000001,0.009000000000000001,0.009000000000000001,0.009000000000000001,0.0,,,,,,0.0,0.0,0.0,0.0,0.0,0.0,0.0,0.0,0.0,0.0,0.093,0.095,0.094,0.094,0.0006324555320336764
4096,32,32,16,4,4096,1,2368,1024,True,vllm_0.5.1_flash_attn,0.009000000000000001,0.009000000000000001,0.009000000000000001,0.009000000000000001,0.0,,,,,,0.0,0.0,0.0,0.0,0.0,0.0,0.0,0.0,0.0,0.0,0.11800000000000001,0.12,0.1186,0.11800000000000001,0.0007999999999999958
4096,32,32,16,4,4096,1,2368,1024,True,vllm_0.5.1_flash_attn,0.009000000000000001,0.009000000000000001,0.009000000000000001,0.009000000000000001,0.0,,,,,,0.0,0.0,0.0,0.0,0.0,0.0,0.0,0.0,0.0,0.0,0.117,0.12,0.11879999999999999,0.11900000000000001,0.0011661903789690555
4096,32,32,16,4,4096,1,2432,0,True,vllm_0.5.1_flash_attn,0.009000000000000001,0.009000000000000001,0.009000000000000001,0.009000000000000001,0.0,,,,,,0.0,0.0,0.0,0.0,0.0,0.0,0.0,0.0,0.0,0.0,0.101,0.10200000000000001,0.1018,0.10200000000000001,0.00040000000000000034
4096,32,32,16,4,4096,1,2432,512,True,vllm_0.5.1_flash_attn,0.009000000000000001,0.01,0.009200000000000002,0.009000000000000001,0.0003999999999999997,,,,,,0.0,0.0,0.0,0.0,0.0,0.0,0.0,0.0,0.0,0.0,0.098,0.101,0.0998,0.1,0.001166190378969061
4096,32,32,16,4,4096,1,2432,1024,True,vllm_0.5.1_flash_attn,0.009000000000000001,0.01,0.009200000000000002,0.009000000000000001,0.0003999999999999997,,,,,,0.0,0.0,0.0,0.0,0.0,0.0,0.0,0.0,0.0,0.0,0.123,0.13,0.1252,0.125,0.002561249694973142
4096,32,32,16,4,4096,1,2432,1024,True,vllm_0.5.1_flash_attn,0.009000000000000001,0.009000000000000001,0.009000000000000001,0.009000000000000001,0.0,,,,,,0.0,0.0,0.0,0.0,0.0,0.0,0.0,0.0,0.0,0.0,0.123,0.126,0.1242,0.124,0.001166190378969061
4096,32,32,16,4,4096,1,2496,0,True,vllm_0.5.1_flash_attn,0.009000000000000001,0.01,0.009200000000000002,0.009000000000000001,0.0003999999999999997,,,,,,0.0,0.0,0.0,0.0,0.0,0.0,0.0,0.0,0.0,0.0,0.115,0.115,0.11500000000000002,0.115,0.0
4096,32,32,16,4,4096,1,2496,512,True,vllm_0.5.1_flash_attn,0.009000000000000001,0.01,0.0094,0.009000000000000001,0.0004898979485566352,,,,,,0.0,0.0,0.0,0.0,0.0,0.0,0.0,0.0,0.0,0.0,0.108,0.112,0.10980000000000001,0.109,0.0014696938456699082
4096,32,32,16,4,4096,1,2496,1024,True,vllm_0.5.1_flash_attn,0.009000000000000001,0.01,0.009200000000000002,0.009000000000000001,0.0003999999999999997,,,,,,0.0,0.0,0.0,0.0,0.0,0.0,0.0,0.0,0.0,0.0,0.139,0.14300000000000002,0.14100000000000001,0.14100000000000001,0.0014142135623730963
4096,32,32,16,4,4096,1,2496,1024,True,vllm_0.5.1_flash_attn,0.009000000000000001,0.01,0.0094,0.009000000000000001,0.0004898979485566352,,,,,,0.0,0.0,0.0,0.0,0.0,0.0,0.0,0.0,0.0,0.0,0.136,0.14300000000000002,0.139,0.138,0.0026076809620810618
4096,32,32,16,4,4096,1,2560,0,True,vllm_0.5.1_flash_attn,0.01,0.01,0.01,0.01,0.0,,,,,,0.0,0.0,0.0,0.0,0.0,0.0,0.0,0.0,0.0,0.0,0.11800000000000001,0.11800000000000001,0.11800000000000002,0.11800000000000001,0.0
4096,32,32,16,4,4096,1,2560,512,True,vllm_0.5.1_flash_attn,0.01,0.01,0.01,0.01,0.0,,,,,,0.0,0.0,0.0,0.0,0.0,0.0,0.0,0.0,0.0,0.0,0.107,0.109,0.1078,0.108,0.0007483314773547889
4096,32,32,16,4,4096,1,2560,1024,True,vllm_0.5.1_flash_attn,0.01,0.01,0.01,0.01,0.0,,,,,,0.0,0.0,0.0,0.0,0.0,0.0,0.0,0.0,0.0,0.0,0.128,0.138,0.135,0.136,0.003687817782917158
4096,32,32,16,4,4096,1,2560,1024,True,vllm_0.5.1_flash_attn,0.01,0.01,0.01,0.01,0.0,,,,,,0.0,0.0,0.0,0.0,0.0,0.0,0.0,0.0,0.0,0.0,0.134,0.14200000000000002,0.1378,0.138,0.0033704599092705466
4096,32,32,16,4,4096,1,2624,0,True,vllm_0.5.1_flash_attn,0.01,0.01,0.01,0.01,0.0,,,,,,0.0,0.0,0.0,0.0,0.0,0.0,0.0,0.0,0.0,0.0,0.123,0.123,0.123,0.123,0.0
4096,32,32,16,4,4096,1,2624,512,True,vllm_0.5.1_flash_attn,0.01,0.01,0.01,0.01,0.0,,,,,,0.0,0.0,0.0,0.0,0.0,0.0,0.0,0.0,0.0,0.0,0.112,0.11900000000000001,0.11620000000000001,0.117,0.0024819347291981735
4096,32,32,16,4,4096,1,2624,1024,True,vllm_0.5.1_flash_attn,0.01,0.01,0.01,0.01,0.0,,,,,,0.0,0.0,0.0,0.0,0.0,0.0,0.0,0.0,0.0,0.0,0.14200000000000002,0.152,0.1498,0.152,0.003919183588453078
4096,32,32,16,4,4096,1,2624,1024,True,vllm_0.5.1_flash_attn,0.01,0.01,0.01,0.01,0.0,,,,,,0.0,0.0,0.0,0.0,0.0,0.0,0.0,0.0,0.0,0.0,0.15,0.151,0.1506,0.151,0.000489897948556636
4096,32,32,16,4,4096,1,2688,0,True,vllm_0.5.1_flash_attn,0.01,0.01,0.01,0.01,0.0,,,,,,0.0,0.0,0.0,0.0,0.0,0.0,0.0,0.0,0.0,0.0,0.126,0.127,0.1264,0.126,0.000489897948556636
4096,32,32,16,4,4096,1,2688,512,True,vllm_0.5.1_flash_attn,0.01,0.01,0.01,0.01,0.0,,,,,,0.0,0.0,0.0,0.0,0.0,0.0,0.0,0.0,0.0,0.0,0.126,0.128,0.127,0.127,0.0008944271909999167
4096,32,32,16,4,4096,1,2688,1024,True,vllm_0.5.1_flash_attn,0.01,0.011,0.0106,0.011,0.0004898979485566352,,,,,,0.0,0.0,0.0,0.0,0.0,0.0,0.0,0.0,0.0,0.0,0.154,0.157,0.1558,0.156,0.000979795897113272
4096,32,32,16,4,4096,1,2688,1024,True,vllm_0.5.1_flash_attn,0.01,0.011,0.0108,0.011,0.0003999999999999997,,,,,,0.0,0.0,0.0,0.0,0.0,0.0,0.0,0.0,0.0,0.0,0.154,0.156,0.15460000000000002,0.154,0.0008000000000000007
4096,32,32,16,4,4096,1,2752,0,True,vllm_0.5.1_flash_attn,0.01,0.011,0.0106,0.011,0.0004898979485566352,,,,,,0.0,0.0,0.0,0.0,0.0,0.0,0.0,0.0,0.0,0.0,0.123,0.123,0.123,0.123,0.0
4096,32,32,16,4,4096,1,2752,512,True,vllm_0.5.1_flash_attn,0.01,0.011,0.0108,0.011,0.0003999999999999997,,,,,,0.0,0.0,0.0,0.0,0.0,0.0,0.0,0.0,0.0,0.0,0.127,0.131,0.1292,0.129,0.001326649916142161
4096,32,32,16,4,4096,1,2752,1024,True,vllm_0.5.1_flash_attn,0.01,0.011,0.0108,0.011,0.0003999999999999997,,,,,,0.0,0.0,0.0,0.0,0.0,0.0,0.0,0.0,0.0,0.0,0.16,0.162,0.1608,0.16,0.000979795897113272
4096,32,32,16,4,4096,1,2752,1024,True,vllm_0.5.1_flash_attn,0.011,0.011,0.011,0.011,0.0,,,,,,0.0,0.0,0.0,0.0,0.0,0.0,0.0,0.0,0.0,0.0,0.161,0.164,0.1628,0.163,0.001166190378969061
4096,32,32,16,4,4096,1,2816,0,True,vllm_0.5.1_flash_attn,0.011,0.011,0.011,0.011,0.0,,,,,,0.0,0.0,0.0,0.0,0.0,0.0,0.0,0.0,0.0,0.0,0.125,0.125,0.125,0.125,0.0
4096,32,32,16,4,4096,1,2816,512,True,vllm_0.5.1_flash_attn,0.011,0.011,0.011,0.011,0.0,,,,,,0.0,0.0,0.0,0.0,0.0,0.0,0.0,0.0,0.0,0.0,0.127,0.137,0.134,0.136,0.0037947331922020583
4096,32,32,16,4,4096,1,2816,1024,True,vllm_0.5.1_flash_attn,0.011,0.011,0.011,0.011,0.0,,,,,,0.0,0.0,0.0,0.0,0.0,0.0,0.0,0.0,0.0,0.0,0.162,0.167,0.1642,0.163,0.0019390719429665333
4096,32,32,16,4,4096,1,2816,1024,True,vllm_0.5.1_flash_attn,0.011,0.011,0.011,0.011,0.0,,,,,,0.0,0.0,0.0,0.0,0.0,0.0,0.0,0.0,0.0,0.0,0.165,0.168,0.16640000000000002,0.167,0.001200000000000001
4096,32,32,16,4,4096,1,2880,0,True,vllm_0.5.1_flash_attn,0.011,0.011,0.011,0.011,0.0,,,,,,0.0,0.0,0.0,0.0,0.0,0.0,0.0,0.0,0.0,0.0,0.123,0.123,0.123,0.123,0.0
4096,32,32,16,4,4096,1,2880,512,True,vllm_0.5.1_flash_attn,0.011,0.011,0.011,0.011,0.0,,,,,,0.0,0.0,0.0,0.0,0.0,0.0,0.0,0.0,0.0,0.0,0.14200000000000002,0.14300000000000002,0.1428,0.14300000000000002,0.00040000000000000034
4096,32,32,16,4,4096,1,2880,1024,True,vllm_0.5.1_flash_attn,0.011,0.011,0.011,0.011,0.0,,,,,,0.0,0.0,0.0,0.0,0.0,0.0,0.0,0.0,0.0,0.0,0.168,0.17300000000000001,0.17140000000000002,0.17200000000000001,0.0017435595774162708
4096,32,32,16,4,4096,1,2880,1024,True,vllm_0.5.1_flash_attn,0.011,0.011,0.011,0.011,0.0,,,,,,0.0,0.0,0.0,0.0,0.0,0.0,0.0,0.0,0.0,0.0,0.17200000000000001,0.17300000000000001,0.17240000000000003,0.17200000000000001,0.000489897948556636
4096,32,32,16,4,4096,1,2944,0,True,vllm_0.5.1_flash_attn,0.011,0.011,0.011,0.011,0.0,,,,,,0.0,0.0,0.0,0.0,0.0,0.0,0.0,0.0,0.0,0.0,0.138,0.138,0.138,0.138,0.0
4096,32,32,16,4,4096,1,2944,512,True,vllm_0.5.1_flash_attn,0.011,0.011,0.011,0.011,0.0,,,,,,0.0,0.0,0.0,0.0,0.0,0.0,0.0,0.0,0.0,0.0,0.14100000000000001,0.14400000000000002,0.14300000000000002,0.14300000000000002,0.001095445115010333
4096,32,32,16,4,4096,1,2944,1024,True,vllm_0.5.1_flash_attn,0.011,0.012,0.0116,0.012,0.000489897948556636,,,,,,0.0,0.0,0.0,0.0,0.0,0.0,0.0,0.0,0.0,0.0,0.171,0.17300000000000001,0.17240000000000003,0.17300000000000001,0.0008000000000000007
4096,32,32,16,4,4096,1,2944,1024,True,vllm_0.5.1_flash_attn,0.011,0.012,0.0116,0.012,0.000489897948556636,,,,,,0.0,0.0,0.0,0.0,0.0,0.0,0.0,0.0,0.0,0.0,0.167,0.17400000000000002,0.1708,0.17200000000000001,0.002785677655436826
4096,32,32,16,4,4096,1,3008,0,True,vllm_0.5.1_flash_attn,0.011,0.011,0.011,0.011,0.0,,,,,,0.0,0.0,0.0,0.0,0.0,0.0,0.0,0.0,0.0,0.0,0.134,0.135,0.1348,0.135,0.00040000000000000034
4096,32,32,16,4,4096,1,3008,512,True,vllm_0.5.1_flash_attn,0.011,0.011,0.011,0.011,0.0,,,,,,0.0,0.0,0.0,0.0,0.0,0.0,0.0,0.0,0.0,0.0,0.139,0.147,0.144,0.145,0.002828427124746181
4096,32,32,16,4,4096,1,3008,1024,True,vllm_0.5.1_flash_attn,0.011,0.012,0.011199999999999998,0.011,0.00040000000000000034,,,,,,0.0,0.0,0.0,0.0,0.0,0.0,0.0,0.0,0.0,0.0,0.165,0.17400000000000002,0.17,0.17,0.003033150177620623
4096,32,32,16,4,4096,1,3008,1024,True,vllm_0.5.1_flash_attn,0.011,0.011,0.011,0.011,0.0,,,,,,0.0,0.0,0.0,0.0,0.0,0.0,0.0,0.0,0.0,0.0,0.169,0.171,0.17,0.17,0.0008944271909999167
4096,32,32,16,4,4096,1,3072,0,True,vllm_0.5.1_flash_attn,0.011,0.012,0.011199999999999998,0.011,0.00040000000000000034,,,,,,0.0,0.0,0.0,0.0,0.0,0.0,0.0,0.0,0.0,0.0,0.138,0.139,0.1386,0.139,0.000489897948556636
4096,32,32,16,4,4096,1,3072,512,True,vllm_0.5.1_flash_attn,0.011,0.012,0.011199999999999998,0.011,0.00040000000000000034,,,,,,0.0,0.0,0.0,0.0,0.0,0.0,0.0,0.0,0.0,0.0,0.145,0.148,0.1464,0.147,0.001200000000000001
4096,32,32,16,4,4096,1,3072,1024,True,vllm_0.5.1_flash_attn,0.011,0.012,0.011199999999999998,0.011,0.00040000000000000034,,,,,,0.0,0.0,0.0,0.0,0.0,0.0,0.0,0.0,0.0,0.0,0.165,0.178,0.17120000000000002,0.17300000000000001,0.004955804677345544
4096,32,32,16,4,4096,1,3072,1024,True,vllm_0.5.1_flash_attn,0.011,0.012,0.0118,0.012,0.00040000000000000034,,,,,,0.0,0.0,0.0,0.0,0.0,0.0,0.0,0.0,0.0,0.0,0.169,0.178,0.1722,0.171,0.0031874754901018384
4096,32,32,16,4,4096,1,3136,0,True,vllm_0.5.1_flash_attn,0.012,0.012,0.012,0.012,0.0,,,,,,0.0,0.0,0.0,0.0,0.0,0.0,0.0,0.0,0.0,0.0,0.145,0.146,0.1452,0.145,0.00040000000000000034
4096,32,32,16,4,4096,1,3136,512,True,vllm_0.5.1_flash_attn,0.012,0.012,0.012,0.012,0.0,,,,,,0.0,0.0,0.0,0.0,0.0,0.0,0.0,0.0,0.0,0.0,0.14400000000000002,0.151,0.1476,0.148,0.0027276363393971665
4096,32,32,16,4,4096,1,3200,0,True,vllm_0.5.1_flash_attn,0.012,0.012,0.012,0.012,0.0,,,,,,0.0,0.0,0.0,0.0,0.0,0.0,0.0,0.0,0.0,0.0,0.146,0.147,0.1466,0.147,0.000489897948556636
4096,32,32,16,4,4096,1,3200,512,True,vllm_0.5.1_flash_attn,0.012,0.012,0.012,0.012,0.0,,,,,,0.0,0.0,0.0,0.0,0.0,0.0,0.0,0.0,0.0,0.0,0.14100000000000001,0.149,0.1452,0.145,0.0027129319932500985
4096,32,32,16,4,4096,1,3264,0,True,vllm_0.5.1_flash_attn,0.012,0.013000000000000001,0.0124,0.012,0.000489897948556636,,,,,,0.0,0.0,0.0,0.0,0.0,0.0,0.0,0.0,0.0,0.0,0.15,0.151,0.1504,0.15,0.000489897948556636
4096,32,32,16,4,4096,1,3264,512,True,vllm_0.5.1_flash_attn,0.012,0.013000000000000001,0.012199999999999999,0.012,0.00040000000000000034,,,,,,0.0,0.0,0.0,0.0,0.0,0.0,0.0,0.0,0.0,0.0,0.158,0.162,0.15960000000000002,0.16,0.0014966629547095778
4096,32,32,16,4,4096,1,3328,0,True,vllm_0.5.1_flash_attn,0.013000000000000001,0.013000000000000001,0.013000000000000001,0.013000000000000001,0.0,,,,,,0.0,0.0,0.0,0.0,0.0,0.0,0.0,0.0,0.0,0.0,0.151,0.152,0.1512,0.151,0.00040000000000000034
4096,32,32,16,4,4096,1,3328,512,True,vllm_0.5.1_flash_attn,0.012,0.013000000000000001,0.0128,0.013000000000000001,0.00040000000000000034,,,,,,0.0,0.0,0.0,0.0,0.0,0.0,0.0,0.0,0.0,0.0,0.159,0.162,0.1608,0.161,0.001166190378969061
4096,32,32,16,4,4096,1,3392,0,True,vllm_0.5.1_flash_attn,0.013000000000000001,0.013000000000000001,0.013000000000000001,0.013000000000000001,0.0,,,,,,0.0,0.0,0.0,0.0,0.0,0.0,0.0,0.0,0.0,0.0,0.151,0.153,0.152,0.152,0.0006324555320336764
4096,32,32,16,4,4096,1,3392,512,True,vllm_0.5.1_flash_attn,0.013000000000000001,0.013000000000000001,0.013000000000000001,0.013000000000000001,0.0,,,,,,0.0,0.0,0.0,0.0,0.0,0.0,0.0,0.0,0.0,0.0,0.165,0.171,0.167,0.166,0.002097617696340305
4096,32,32,16,4,4096,1,3456,0,True,vllm_0.5.1_flash_attn,0.013000000000000001,0.013000000000000001,0.013000000000000001,0.013000000000000001,0.0,,,,,,0.0,0.0,0.0,0.0,0.0,0.0,0.0,0.0,0.0,0.0,0.154,0.155,0.15460000000000002,0.155,0.000489897948556636
4096,32,32,16,4,4096,1,3456,512,True,vllm_0.5.1_flash_attn,0.013000000000000001,0.014,0.013800000000000002,0.014,0.0003999999999999997,,,,,,0.0,0.0,0.0,0.0,0.0,0.0,0.0,0.0,0.0,0.0,0.17400000000000002,0.179,0.1766,0.177,0.00185472369909913
4096,32,32,16,4,4096,1,3520,0,True,vllm_0.5.1_flash_attn,0.013000000000000001,0.013000000000000001,0.013000000000000001,0.013000000000000001,0.0,,,,,,0.0,0.0,0.0,0.0,0.0,0.0,0.0,0.0,0.0,0.0,0.157,0.158,0.1572,0.157,0.00040000000000000034
4096,32,32,16,4,4096,1,3520,512,True,vllm_0.5.1_flash_attn,0.014,0.014,0.014000000000000002,0.014,0.0,,,,,,0.0,0.0,0.0,0.0,0.0,0.0,0.0,0.0,0.0,0.0,0.165,0.17,0.16740000000000002,0.166,0.0021540659228538035
4096,32,32,16,4,4096,1,3584,0,True,vllm_0.5.1_flash_attn,0.014,0.014,0.014000000000000002,0.014,0.0,,,,,,0.0,0.0,0.0,0.0,0.0,0.0,0.0,0.0,0.0,0.0,0.156,0.157,0.1568,0.157,0.00040000000000000034
4096,32,32,16,4,4096,1,3584,512,True,vllm_0.5.1_flash_attn,0.014,0.014,0.014000000000000002,0.014,0.0,,,,,,0.0,0.0,0.0,0.0,0.0,0.0,0.0,0.0,0.0,0.0,0.17500000000000002,0.186,0.1806,0.182,0.004363484845854282
4096,32,32,16,4,4096,1,3648,0,True,vllm_0.5.1_flash_attn,0.014,0.014,0.014000000000000002,0.014,0.0,,,,,,0.0,0.0,0.0,0.0,0.0,0.0,0.0,0.0,0.0,0.0,0.163,0.164,0.16340000000000002,0.163,0.000489897948556636
4096,32,32,16,4,4096,1,3712,0,True,vllm_0.5.1_flash_attn,0.015,0.015,0.015,0.015,0.0,,,,,,0.0,0.0,0.0,0.0,0.0,0.0,0.0,0.0,0.0,0.0,0.17,0.17200000000000001,0.17060000000000003,0.17,0.0008000000000000007
4096,32,32,16,4,4096,1,3776,0,True,vllm_0.5.1_flash_attn,0.015,0.015,0.015,0.015,0.0,,,,,,0.0,0.0,0.0,0.0,0.0,0.0,0.0,0.0,0.0,0.0,0.17400000000000002,0.17500000000000002,0.17440000000000003,0.17400000000000002,0.000489897948556636
4096,32,32,16,4,4096,1,3840,0,True,vllm_0.5.1_flash_attn,0.016,0.016,0.016,0.016,0.0,,,,,,0.0,0.0,0.0,0.0,0.0,0.0,0.0,0.0,0.0,0.0,0.178,0.179,0.1786,0.179,0.000489897948556636
4096,32,32,16,4,4096,1,3904,0,True,vllm_0.5.1_flash_attn,0.016,0.017,0.016800000000000002,0.017,0.00040000000000000034,,,,,,0.0,0.0,0.0,0.0,0.0,0.0,0.0,0.0,0.0,0.0,0.182,0.183,0.18239999999999998,0.182,0.000489897948556636
4096,32,32,16,4,4096,1,3968,0,True,vllm_0.5.1_flash_attn,0.017,0.017,0.017,0.017,0.0,,,,,,0.0,0.0,0.0,0.0,0.0,0.0,0.0,0.0,0.0,0.0,0.184,0.184,0.184,0.184,0.0
4096,32,32,16,4,4096,1,4032,0,True,vllm_0.5.1_flash_attn,0.017,0.017,0.017,0.017,0.0,,,,,,0.0,0.0,0.0,0.0,0.0,0.0,0.0,0.0,0.0,0.0,0.191,0.192,0.19180000000000003,0.192,0.00040000000000000034
4096,32,32,16,4,4096,1,4096,0,True,vllm_0.5.1_flash_attn,0.017,0.018000000000000002,0.017800000000000003,0.018000000000000002,0.00040000000000000034,,,,,,0.0,0.0,0.0,0.0,0.0,0.0,0.0,0.0,0.0,0.0,0.196,0.198,0.1968,0.197,0.0007483314773547889
4096,32,32,16,4,4096,1,4096,0,True,vllm_0.5.1_flash_attn,0.017,0.018000000000000002,0.0176,0.018000000000000002,0.000489897948556636,,,,,,0.0,0.0,0.0,0.0,0.0,0.0,0.0,0.0,0.0,0.0,0.196,0.198,0.1964,0.196,0.0008000000000000007
