n_head,n_kv_head,n_embd,n_expanded_embd,vocab_size,use_gated_mlp,num_tokens,num_tensor_parallel_workers,time_stats.emb.min,time_stats.emb.max,time_stats.emb.mean,time_stats.emb.median,time_stats.emb.std,time_stats.attn_pre_proj.min,time_stats.attn_pre_proj.max,time_stats.attn_pre_proj.mean,time_stats.attn_pre_proj.median,time_stats.attn_pre_proj.std,time_stats.attn_rope.min,time_stats.attn_rope.max,time_stats.attn_rope.mean,time_stats.attn_rope.median,time_stats.attn_rope.std,time_stats.attn_post_proj.min,time_stats.attn_post_proj.max,time_stats.attn_post_proj.mean,time_stats.attn_post_proj.median,time_stats.attn_post_proj.std,time_stats.mlp_up_proj.min,time_stats.mlp_up_proj.max,time_stats.mlp_up_proj.mean,time_stats.mlp_up_proj.median,time_stats.mlp_up_proj.std,time_stats.mlp_down_proj.min,time_stats.mlp_down_proj.max,time_stats.mlp_down_proj.mean,time_stats.mlp_down_proj.median,time_stats.mlp_down_proj.std,time_stats.mlp_act.min,time_stats.mlp_act.max,time_stats.mlp_act.mean,time_stats.mlp_act.median,time_stats.mlp_act.std,time_stats.input_layernorm.min,time_stats.input_layernorm.max,time_stats.input_layernorm.mean,time_stats.input_layernorm.median,time_stats.input_layernorm.std,time_stats.post_attention_layernorm.min,time_stats.post_attention_layernorm.max,time_stats.post_attention_layernorm.mean,time_stats.post_attention_layernorm.median,time_stats.post_attention_layernorm.std,time_stats.add.min,time_stats.add.max,time_stats.add.mean,time_stats.add.median,time_stats.add.std
32,32,4096,11008,32768,True,4096,1,0.112,0.116,0.11340000000000001,0.1135,0.0010677078252031322,0.594,0.608,0.5963999999999999,0.596,0.002887905815638733,0.084,0.091,0.08585000000000001,0.085,0.0019817921182606383,0.194,0.226,0.1976,0.196,0.006590902821313633,1.0010000000000001,1.03,1.0182,1.02,0.008133879763065083,0.502,0.536,0.50675,0.505,0.006991959668075903,0.14400000000000002,0.145,0.14435,0.14400000000000002,0.00047696960070846,0.023,0.024,0.023899999999999998,0.024,0.00030000000000000024,0.023,0.024,0.023399999999999997,0.023,0.000489897948556636,0.0,0.0,0.0,0.0,0.0
32,32,4096,11008,32768,True,4096,1,0.114,0.117,0.11520000000000001,0.115,0.0009273618495495712,0.595,0.609,0.5982,0.598,0.00280356915377524,0.085,0.08600000000000001,0.08560000000000001,0.08600000000000001,0.000489897948556636,0.19,0.215,0.19785000000000003,0.1975,0.0043620522692879304,1.0010000000000001,1.0170000000000001,1.0037500000000001,1.0030000000000001,0.003222964473896674,0.482,0.502,0.4849,0.484,0.004073082370883264,0.14100000000000001,0.14300000000000002,0.14215000000000003,0.14200000000000002,0.00047696960070847325,0.026000000000000002,0.026000000000000002,0.026000000000000002,0.026000000000000002,0.0,0.026000000000000002,0.026000000000000002,0.026000000000000002,0.026000000000000002,0.0,0.0,0.0,0.0,0.0,0.0
32,32,4096,11008,32768,True,4064,1,0.11900000000000001,0.121,0.1197,0.12,0.0006403124237432794,0.5660000000000001,0.591,0.5687,0.5680000000000001,0.005177837386399828,0.08700000000000001,0.088,0.0876,0.088,0.0004898979485566293,0.199,0.227,0.202,0.201,0.0057706152185014025,1.0010000000000001,1.0210000000000001,1.0039000000000002,1.0030000000000001,0.004073082370883268,0.49,0.524,0.4928,0.491,0.0072013887549555395,0.139,0.14300000000000002,0.1398,0.139,0.0012083045973594582,0.027,0.028,0.027100000000000003,0.027,0.00030000000000000024,0.027,0.028,0.02705,0.027,0.00021794494717703385,0.0,0.0,0.0,0.0,0.0
32,32,4096,11008,32768,True,4032,1,0.11800000000000001,0.122,0.12035,0.12,0.001013656746635662,0.5630000000000001,0.586,0.56585,0.5650000000000001,0.004703987670051848,0.089,0.09,0.0894,0.089,0.000489897948556636,0.2,0.242,0.2124,0.212,0.00781280999384984,1.0,1.1320000000000001,1.0503500000000001,1.0030000000000001,0.05761013365719613,0.502,0.538,0.5065500000000001,0.5055000000000001,0.007426136276691944,0.14100000000000001,0.14300000000000002,0.14170000000000002,0.14200000000000002,0.0005567764362830027,0.026000000000000002,0.027,0.026500000000000003,0.026500000000000003,0.0004999999999999987,0.024,0.025,0.02405,0.024,0.00021794494717703385,0.0,0.0,0.0,0.0,0.0
32,32,4096,11008,32768,True,4000,1,0.11800000000000001,0.11900000000000001,0.1187,0.11900000000000001,0.0004582575694955844,0.562,0.582,0.5644500000000001,0.5630000000000001,0.004128861828639926,0.085,0.08700000000000001,0.08635000000000001,0.08600000000000001,0.0005722761571129803,0.196,0.22,0.1986,0.197,0.004983974317750843,0.998,1.078,1.0393000000000001,1.0645,0.03331831328263782,0.512,0.547,0.51635,0.515,0.0071082698316819746,0.139,0.14,0.13915000000000002,0.139,0.00035707142142714284,0.025,0.026000000000000002,0.0252,0.025,0.00040000000000000034,0.023,0.024,0.02325,0.023,0.0004330127018922197,0.0,0.0,0.0,0.0,0.0
32,32,4096,11008,32768,True,3968,1,0.115,0.11800000000000001,0.11610000000000001,0.116,0.0008306623862918082,0.545,0.5650000000000001,0.54775,0.547,0.004109440351191392,0.08600000000000001,0.088,0.08670000000000001,0.08700000000000001,0.0005567764362830011,0.196,0.223,0.198,0.197,0.0057792733107199555,0.997,1.0170000000000001,0.99895,0.998,0.004271709259769473,0.486,0.516,0.48845,0.487,0.006375539192884009,0.137,0.138,0.1378,0.138,0.00040000000000000034,0.025,0.026000000000000002,0.0251,0.025,0.00030000000000000024,0.025,0.026000000000000002,0.0252,0.025,0.00040000000000000034,0.0,0.0,0.0,0.0,0.0
32,32,4096,11008,32768,True,3936,1,0.122,0.125,0.1237,0.124,0.0007141428428542857,0.58,0.617,0.58445,0.582,0.007710220489713644,0.08700000000000001,0.089,0.08795,0.088,0.00038405728739342735,0.199,0.246,0.21075,0.212,0.011344051304538421,0.993,1.012,0.9955,0.994,0.0039560080889705,0.494,0.531,0.49844999999999995,0.497,0.007664691774624737,0.135,0.136,0.13525,0.135,0.0004330127018922197,0.024,0.025,0.02425,0.024,0.0004330127018922197,0.024,0.025,0.024149999999999998,0.024,0.00035707142142714284,0.0,0.0,0.0,0.0,0.0
32,32,4096,11008,32768,True,3904,1,0.114,0.117,0.11560000000000001,0.1155,0.0008000000000000007,0.542,0.5640000000000001,0.54505,0.544,0.004532935031522075,0.084,0.08600000000000001,0.08520000000000001,0.085,0.000509901951359279,0.198,0.226,0.20020000000000002,0.199,0.005954829972383761,0.992,1.038,1.02725,1.03,0.009939190107850831,0.538,0.5730000000000001,0.5457000000000001,0.545,0.006603786792439629,0.131,0.136,0.1331,0.132,0.0015132745950421568,0.023,0.023,0.023,0.023,0.0,0.023,0.024,0.023049999999999998,0.023,0.00021794494717703385,0.0,0.0,0.0,0.0,0.0
32,32,4096,11008,32768,True,3872,1,0.109,0.115,0.11305000000000001,0.114,0.0018020821290940115,0.541,0.561,0.5435000000000001,0.542,0.004201190307520005,0.082,0.083,0.08280000000000001,0.083,0.00040000000000000034,0.196,0.219,0.198,0.197,0.004847679857416328,0.99,1.0050000000000001,0.9925,0.992,0.0030083217912982903,0.488,0.519,0.4909,0.49,0.006495382975621997,0.132,0.133,0.1322,0.132,0.00040000000000000034,0.023,0.024,0.0231,0.023,0.00030000000000000024,0.023,0.024,0.023149999999999997,0.023,0.00035707142142714284,0.0,0.0,0.0,0.0,0.0
32,32,4096,11008,32768,True,3840,1,0.114,0.117,0.11560000000000001,0.115,0.0009695359714832667,0.551,0.577,0.5552,0.554,0.005192301994298849,0.084,0.085,0.08480000000000001,0.085,0.00040000000000000034,0.183,0.215,0.1878,0.187,0.006345076831686122,0.9490000000000001,0.995,0.9572,0.9545000000000001,0.010225458424931347,0.503,0.577,0.51295,0.505,0.020090980563426963,0.133,0.135,0.13410000000000002,0.134,0.0005385164807134509,0.024,0.025,0.0241,0.024,0.00030000000000000024,0.024,0.025,0.0242,0.024,0.00040000000000000034,0.0,0.0,0.0,0.0,0.0
32,32,4096,11008,32768,True,3808,1,0.11800000000000001,0.122,0.11935,0.11900000000000001,0.0008529361054615944,0.524,0.54,0.5265000000000001,0.526,0.0031701734968294744,0.081,0.082,0.08170000000000001,0.082,0.0004582575694955844,0.178,0.203,0.18045,0.179,0.005239036170900145,0.935,1.008,0.9734,0.9924999999999999,0.02802570248896535,0.507,0.5750000000000001,0.5288,0.532,0.020905980005730438,0.132,0.134,0.133,0.133,0.00044721359549995833,0.024,0.025,0.02425,0.024,0.0004330127018922197,0.024,0.025,0.0243,0.024,0.0004582575694955844,0.0,0.0,0.0,0.0,0.0
32,32,4096,11008,32768,True,3776,1,0.111,0.113,0.11145000000000001,0.111,0.0005894913061275804,0.524,0.541,0.52595,0.525,0.0035563323804166593,0.08,0.081,0.0809,0.081,0.00030000000000000024,0.178,0.2,0.17995,0.179,0.0046741309352648685,0.935,0.9490000000000001,0.9376000000000001,0.937,0.0029393876913398165,0.461,0.484,0.46340000000000003,0.462,0.004799999999999992,0.127,0.128,0.12730000000000002,0.127,0.0004582575694955844,0.021,0.021,0.021,0.021,0.0,0.021,0.022,0.021150000000000002,0.021,0.0003570714214271416,0.0,0.0,0.0,0.0,0.0
32,32,4096,11008,32768,True,3744,1,0.105,0.107,0.10654999999999999,0.107,0.0006689544080129832,0.523,0.536,0.5246000000000001,0.524,0.002727636339397174,0.079,0.08,0.07975,0.08,0.0004330127018922197,0.177,0.196,0.1793,0.179,0.003925557285278108,0.933,0.9450000000000001,0.9358500000000001,0.935,0.0027977669667075588,0.462,0.488,0.4645,0.463,0.0054635153518590865,0.127,0.13,0.12840000000000001,0.1285,0.001200000000000001,0.022,0.022,0.022,0.022,0.0,0.022,0.022,0.022,0.022,0.0,0.0,0.0,0.0,0.0,0.0
32,32,4096,11008,32768,True,3712,1,0.108,0.11,0.10925,0.109,0.0006224949798994372,0.551,0.5640000000000001,0.55295,0.552,0.0028718460961548783,0.079,0.08,0.0796,0.08,0.000489897948556636,0.177,0.201,0.1795,0.178,0.004984977432245812,0.931,0.9490000000000001,0.93305,0.932,0.0037479994663820355,0.481,0.517,0.48410000000000003,0.482,0.007673982017179875,0.127,0.128,0.12730000000000002,0.127,0.0004582575694955844,0.022,0.023,0.022099999999999998,0.022,0.00030000000000000024,0.021,0.021,0.021,0.021,0.0,0.0,0.0,0.0,0.0,0.0
32,32,4096,11008,32768,True,3680,1,0.105,0.108,0.1066,0.1065,0.0008000000000000007,0.521,0.541,0.5227999999999999,0.522,0.004237924020083422,0.081,0.082,0.08165,0.082,0.00047696960070847325,0.186,0.217,0.1887,0.187,0.006527633568147036,0.929,0.9520000000000001,0.932,0.931,0.0048166378315169225,0.461,0.489,0.46820000000000006,0.463,0.008529947244854449,0.124,0.125,0.1243,0.124,0.0004582575694955844,0.021,0.022,0.02145,0.021,0.0004974937185533088,0.021,0.022,0.02145,0.021,0.0004974937185533088,0.0,0.0,0.0,0.0,0.0
32,32,4096,11008,32768,True,3648,1,0.106,0.109,0.10765,0.108,0.0007262919523166982,0.518,0.535,0.5206000000000001,0.52,0.003484250278036872,0.076,0.078,0.07725,0.077,0.0005361902647381809,0.17400000000000002,0.196,0.17785,0.177,0.004292726406376258,0.926,0.982,0.96045,0.9764999999999999,0.02367588435518299,0.499,0.531,0.5019,0.5,0.006714908785679824,0.126,0.127,0.1262,0.126,0.00040000000000000034,0.023,0.023,0.023,0.023,0.0,0.021,0.022,0.021050000000000003,0.021,0.00021794494717703312,0.0,0.0,0.0,0.0,0.0
32,32,4096,11008,32768,True,3616,1,0.10400000000000001,0.107,0.10615,0.106,0.0008529361054615981,0.517,0.536,0.5196,0.519,0.003916631205513231,0.079,0.081,0.08025,0.08,0.0005361902647381809,0.186,0.217,0.18825,0.187,0.006632307290830243,0.923,1.041,0.94505,0.928,0.0376609545816353,0.493,0.529,0.49695,0.4945,0.007794068257335197,0.122,0.124,0.12275,0.123,0.0005361902647381809,0.021,0.021,0.021,0.021,0.0,0.021,0.022,0.021050000000000003,0.021,0.00021794494717703312,0.0,0.0,0.0,0.0,0.0
32,32,4096,11008,32768,True,3584,1,0.1,0.107,0.10385,0.10400000000000001,0.001930673457630778,0.502,0.52,0.5037,0.503,0.003835361782153025,0.075,0.076,0.07585,0.076,0.00035707142142714284,0.171,0.194,0.17295,0.17200000000000001,0.004873140671066246,0.9,0.9500000000000001,0.92875,0.9410000000000001,0.020186319624934126,0.507,0.538,0.5096499999999999,0.508,0.006544272304847964,0.125,0.126,0.1252,0.125,0.00040000000000000034,0.022,0.023,0.0225,0.0225,0.0005000000000000004,0.021,0.021,0.021,0.021,0.0,0.0,0.0,0.0,0.0,0.0
32,32,4096,11008,32768,True,3552,1,0.10200000000000001,0.105,0.10335000000000001,0.10300000000000001,0.0009096702699330108,0.5,0.516,0.50325,0.503,0.0031760824926314523,0.078,0.08,0.07925,0.079,0.0005361902647381809,0.188,0.216,0.19005,0.189,0.005987278179607157,0.898,0.99,0.90655,0.901,0.01991852153147918,0.494,0.525,0.49684999999999996,0.495,0.006620234134832399,0.12,0.124,0.12125,0.121,0.0008291561975888507,0.021,0.021,0.021,0.021,0.0,0.02,0.021,0.020950000000000003,0.021,0.00021794494717703385,0.0,0.0,0.0,0.0,0.0
32,32,4096,11008,32768,True,3520,1,0.10300000000000001,0.105,0.10385,0.10400000000000001,0.0007921489758877387,0.5,0.517,0.50175,0.501,0.0036176649927819496,0.075,0.076,0.0753,0.075,0.0004582575694955844,0.171,0.197,0.17395,0.17300000000000001,0.005361669516111562,0.891,0.977,0.9311999999999999,0.9315,0.036744523401453975,0.51,0.543,0.51305,0.511,0.007137751746873807,0.124,0.125,0.1242,0.124,0.00040000000000000034,0.023,0.023,0.023,0.023,0.0,0.022,0.022,0.022,0.022,0.0,0.0,0.0,0.0,0.0,0.0
32,32,4096,11008,32768,True,3488,1,0.1,0.10300000000000001,0.10175000000000001,0.10200000000000001,0.0008291561975888507,0.5,0.527,0.5037499999999999,0.503,0.005448623679425847,0.075,0.076,0.07565,0.076,0.00047696960070847325,0.17400000000000002,0.20500000000000002,0.1769,0.176,0.006495382975621993,0.89,0.913,0.89405,0.8935,0.0045218911972757635,0.453,0.47300000000000003,0.45585000000000003,0.455,0.004114304315434145,0.117,0.12,0.11835,0.11800000000000001,0.0006538348415310999,0.019,0.02,0.01985,0.02,0.00035707142142714284,0.019,0.02,0.01975,0.02,0.0004330127018922197,0.0,0.0,0.0,0.0,0.0
32,32,4096,11008,32768,True,3456,1,0.097,0.1,0.09815,0.098,0.0007921489758877437,0.47700000000000004,0.495,0.4798,0.47900000000000004,0.0037629775444453437,0.073,0.074,0.07365,0.074,0.00047696960070847325,0.17,0.195,0.17275000000000001,0.17200000000000001,0.005175664208582314,0.865,0.877,0.8675499999999999,0.867,0.0026734808770589725,0.454,0.47200000000000003,0.46725000000000005,0.4675,0.0036996621467371886,0.11800000000000001,0.11900000000000001,0.11845000000000001,0.11800000000000001,0.0004974937185533104,0.02,0.021,0.0204,0.02,0.000489897948556636,0.02,0.021,0.020050000000000002,0.02,0.00021794494717703385,0.0,0.0,0.0,0.0,0.0
32,32,4096,11008,32768,True,3424,1,0.1,0.10200000000000001,0.10070000000000001,0.101,0.0006403124237432854,0.481,0.506,0.48365,0.482,0.005246665607793206,0.07200000000000001,0.074,0.0732,0.073,0.0005999999999999978,0.169,0.193,0.17175,0.171,0.004928234978164087,0.859,0.884,0.86675,0.866,0.004784088209889115,0.452,0.47300000000000003,0.46525,0.4685,0.007482479535555049,0.113,0.115,0.11395,0.114,0.00038405728739343076,0.019,0.019,0.019,0.019,0.0,0.018000000000000002,0.019,0.01895,0.019,0.00021794494717703312,0.0,0.0,0.0,0.0,0.0
32,32,4096,11008,32768,True,3392,1,0.093,0.096,0.09415,0.094,0.0007921489758877437,0.47500000000000003,0.492,0.4779,0.47700000000000004,0.0034770677301427322,0.07100000000000001,0.075,0.07375,0.074,0.0010428326807307073,0.177,0.20400000000000001,0.1794,0.178,0.005721887800367992,0.862,0.882,0.86715,0.8665,0.004222262426709172,0.452,0.47800000000000004,0.45430000000000004,0.453,0.005469003565550132,0.114,0.116,0.1149,0.115,0.0004358898943540677,0.019,0.02,0.01975,0.02,0.0004330127018922197,0.019,0.019,0.019,0.019,0.0,0.0,0.0,0.0,0.0,0.0
32,32,4096,11008,32768,True,3360,1,0.094,0.096,0.0945,0.094,0.0005916079783099621,0.47500000000000003,0.494,0.47750000000000004,0.47700000000000004,0.0038665229858362324,0.07100000000000001,0.073,0.07210000000000001,0.07200000000000001,0.0005385164807134462,0.17,0.196,0.17255,0.171,0.005444951790420186,0.86,0.882,0.86535,0.8645,0.0043620522692879365,0.48,0.552,0.49634999999999996,0.4815,0.022314289143954395,0.116,0.117,0.11620000000000001,0.116,0.00040000000000000034,0.02,0.021,0.020950000000000003,0.021,0.00021794494717703385,0.021,0.021,0.021,0.021,0.0,0.0,0.0,0.0,0.0,0.0
32,32,4096,11008,32768,True,3328,1,0.101,0.10300000000000001,0.1016,0.10200000000000001,0.0005830951894845306,0.47000000000000003,0.502,0.47275,0.47100000000000003,0.006751851597895197,0.073,0.074,0.0738,0.074,0.00040000000000000034,0.16,0.19,0.1633,0.162,0.006197580172938467,0.895,0.92,0.90025,0.9,0.005018714974971188,0.492,0.521,0.49559999999999993,0.494,0.005894064811316556,0.114,0.116,0.11500000000000002,0.115,0.0003162277660168382,0.02,0.021,0.02015,0.02,0.00035707142142714284,0.02,0.02,0.02,0.02,0.0,0.0,0.0,0.0,0.0,0.0
32,32,4096,11008,32768,True,3296,1,0.094,0.096,0.09430000000000001,0.094,0.0005567764362830027,0.456,0.481,0.4596,0.4585,0.005003998401278714,0.07,0.07200000000000001,0.07100000000000001,0.07100000000000001,0.0003162277660168382,0.154,0.178,0.15714999999999998,0.156,0.004829855070289375,0.8240000000000001,0.863,0.84805,0.8525,0.015094618246249194,0.47900000000000004,0.509,0.48315,0.482,0.00609323395250831,0.113,0.115,0.1139,0.114,0.0004358898943540677,0.02,0.02,0.02,0.02,0.0,0.02,0.02,0.02,0.02,0.0,0.0,0.0,0.0,0.0,0.0
32,32,4096,11008,32768,True,3264,1,0.094,0.099,0.09770000000000001,0.098,0.0014177446878757838,0.456,0.47100000000000003,0.458,0.457,0.0030495901363953837,0.07100000000000001,0.073,0.07185,0.07200000000000001,0.00047696960070847157,0.157,0.184,0.1595,0.158,0.005643580423808984,0.8250000000000001,0.854,0.83005,0.8270000000000001,0.0066066254623672735,0.492,0.559,0.5164500000000001,0.525,0.018610413751445738,0.113,0.115,0.11385,0.114,0.00047696960070847325,0.019,0.019,0.019,0.019,0.0,0.019,0.019,0.019,0.019,0.0,0.0,0.0,0.0,0.0,0.0
32,32,4096,11008,32768,True,3232,1,0.093,0.096,0.09455,0.0945,0.0007399324293474378,0.454,0.47200000000000003,0.45730000000000004,0.4565,0.0035227829907617104,0.07200000000000001,0.073,0.07215,0.07200000000000001,0.00035707142142713785,0.162,0.192,0.1645,0.163,0.006360031446463138,0.8240000000000001,0.85,0.8263,0.8250000000000001,0.005523585791856572,0.488,0.545,0.5022,0.491,0.016363373735266223,0.112,0.114,0.11280000000000001,0.113,0.000509901951359279,0.018000000000000002,0.019,0.01895,0.019,0.00021794494717703312,0.018000000000000002,0.019,0.01895,0.019,0.00021794494717703312,0.0,0.0,0.0,0.0,0.0
32,32,4096,11008,32768,True,3200,1,0.092,0.096,0.09319999999999999,0.093,0.0008717797887081354,0.437,0.457,0.4412,0.441,0.0038418745424597125,0.07,0.07200000000000001,0.07085000000000001,0.07100000000000001,0.00047696960070847325,0.157,0.186,0.16015,0.159,0.005977248530887769,0.807,0.836,0.81125,0.81,0.006015604707757965,0.544,0.5720000000000001,0.54735,0.546,0.005781652013049562,0.112,0.113,0.1123,0.112,0.0004582575694955844,0.018000000000000002,0.019,0.0189,0.019,0.0002999999999999992,0.018000000000000002,0.019,0.01885,0.019,0.0003570714214271416,0.0,0.0,0.0,0.0,0.0
32,32,4096,11008,32768,True,3168,1,0.091,0.094,0.0925,0.093,0.0007416198487095669,0.437,0.453,0.43994999999999995,0.439,0.003185514087239298,0.069,0.07100000000000001,0.06985000000000001,0.07,0.00047696960070847325,0.159,0.188,0.162,0.161,0.006024948132556827,0.802,0.8250000000000001,0.80695,0.806,0.0046848158981970724,0.497,0.556,0.51655,0.52,0.017396766941015232,0.11,0.111,0.11015,0.11,0.00035707142142714284,0.018000000000000002,0.019,0.0186,0.019,0.0004898979485566344,0.018000000000000002,0.019,0.0184,0.018000000000000002,0.0004898979485566344,0.0,0.0,0.0,0.0,0.0
32,32,4096,11008,32768,True,3136,1,0.091,0.094,0.09235,0.092,0.0007921489758877437,0.436,0.451,0.4383,0.438,0.0030675723300355963,0.066,0.068,0.067,0.067,0.0005477225575051665,0.16,0.189,0.16235,0.161,0.006174746958378132,0.804,0.8220000000000001,0.8082,0.8075000000000001,0.003919183588453088,0.497,0.562,0.5237,0.531,0.01908690650681772,0.108,0.11,0.10900000000000001,0.109,0.00044721359549995833,0.019,0.02,0.0195,0.0195,0.0005000000000000004,0.019,0.02,0.019450000000000002,0.019,0.0004974937185533104,0.0,0.0,0.0,0.0,0.0
32,32,4096,11008,32768,True,3104,1,0.089,0.092,0.09054999999999999,0.09,0.0008645808232895299,0.434,0.453,0.43775000000000003,0.4375,0.003884263121880394,0.068,0.07,0.06875,0.069,0.0005361902647381809,0.161,0.19,0.16315,0.162,0.006190920771581558,0.8130000000000001,0.8260000000000001,0.8209500000000001,0.8210000000000001,0.0032476914878109987,0.494,0.561,0.52455,0.531,0.017147813271668214,0.108,0.109,0.10815,0.108,0.00035707142142714284,0.019,0.02,0.01965,0.02,0.00047696960070847325,0.018000000000000002,0.019,0.018050000000000004,0.018000000000000002,0.00021794494717703312,0.0,0.0,0.0,0.0,0.0
32,32,4096,11008,32768,True,3072,1,0.089,0.092,0.08985,0.09,0.0008529361054615998,0.448,0.463,0.45150000000000007,0.451,0.002974894956128706,0.066,0.068,0.06725,0.067,0.0005361902647381809,0.14400000000000002,0.171,0.1466,0.1455,0.005686826883245174,0.756,0.778,0.7592000000000001,0.758,0.004556314299957811,0.364,0.404,0.36895,0.3655,0.00857015169060619,0.10400000000000001,0.105,0.10425,0.10400000000000001,0.0004330127018922137,0.017,0.018000000000000002,0.01795,0.018000000000000002,0.00021794494717703385,0.018000000000000002,0.018000000000000002,0.018000000000000002,0.018000000000000002,0.0,0.0,0.0,0.0,0.0,0.0
32,32,4096,11008,32768,True,3040,1,0.08600000000000001,0.089,0.08804999999999999,0.088,0.00066895440801298,0.426,0.446,0.4293,0.4285,0.00398873413503583,0.064,0.066,0.0649,0.065,0.0005385164807134509,0.15,0.176,0.15289999999999998,0.152,0.005374941860150674,0.755,0.8,0.75995,0.757,0.009795279475339137,0.374,0.425,0.38475000000000004,0.3815,0.01199947915536337,0.106,0.107,0.1062,0.106,0.00040000000000000034,0.017,0.018000000000000002,0.01795,0.018000000000000002,0.00021794494717703385,0.018000000000000002,0.018000000000000002,0.018000000000000002,0.018000000000000002,0.0,0.0,0.0,0.0,0.0,0.0
32,32,4096,11008,32768,True,3008,1,0.08600000000000001,0.088,0.08675000000000001,0.08700000000000001,0.0006224949798994344,0.425,0.453,0.42824999999999996,0.427,0.005752173502251132,0.065,0.067,0.0659,0.066,0.0005385164807134509,0.156,0.183,0.1582,0.157,0.005732364259186605,0.756,0.776,0.7615000000000001,0.761,0.0036810324638611954,0.387,0.426,0.39225000000000004,0.3905,0.007936466468145628,0.106,0.107,0.10605,0.106,0.00021794494717703385,0.019,0.019,0.019,0.019,0.0,0.019,0.019,0.019,0.019,0.0,0.0,0.0,0.0,0.0,0.0
32,32,4096,11008,32768,True,2976,1,0.085,0.08700000000000001,0.08585000000000001,0.08600000000000001,0.0006538348415311016,0.423,0.457,0.4274,0.426,0.006902173570694965,0.063,0.064,0.06365000000000001,0.064,0.00047696960070847325,0.149,0.17500000000000002,0.1513,0.15,0.00547813836992094,0.749,0.768,0.7519,0.751,0.0038196858509568594,0.362,0.378,0.3641,0.363,0.003300000000000003,0.1,0.101,0.1004,0.1,0.000489897948556636,0.016,0.017,0.016800000000000002,0.017,0.00040000000000000034,0.016,0.017,0.01645,0.016,0.0004974937185533104,0.0,0.0,0.0,0.0,0.0
32,32,4096,11008,32768,True,2944,1,0.08,0.082,0.0811,0.081,0.0006244997998398403,0.41100000000000003,0.425,0.41355000000000003,0.41300000000000003,0.002819131071802081,0.062,0.063,0.062450000000000006,0.062,0.0004974937185533104,0.15,0.17500000000000002,0.1523,0.151,0.005264028875300747,0.737,0.754,0.7403500000000001,0.7395,0.0036643553321150536,0.358,0.379,0.36075,0.36,0.004252940159466158,0.10300000000000001,0.10300000000000001,0.10300000000000001,0.10300000000000001,0.0,0.018000000000000002,0.019,0.018250000000000002,0.018000000000000002,0.0004330127018922182,0.018000000000000002,0.019,0.0184,0.018000000000000002,0.0004898979485566344,0.0,0.0,0.0,0.0,0.0
32,32,4096,11008,32768,True,2912,1,0.083,0.08600000000000001,0.08435000000000001,0.084,0.0009096702699330135,0.41200000000000003,0.436,0.4152,0.41400000000000003,0.0048641546028061165,0.062,0.063,0.0625,0.0625,0.0005000000000000004,0.149,0.17,0.15075,0.15,0.004437059837324716,0.734,0.803,0.7542,0.739,0.02664695104510085,0.386,0.42,0.38930000000000003,0.388,0.007156116265125932,0.10300000000000001,0.10400000000000001,0.10345,0.10300000000000001,0.0004974937185533104,0.019,0.019,0.019,0.019,0.0,0.019,0.019,0.019,0.019,0.0,0.0,0.0,0.0,0.0,0.0
32,32,4096,11008,32768,True,2880,1,0.089,0.091,0.08985,0.09,0.0006538348415311016,0.40900000000000003,0.43,0.4114,0.41000000000000003,0.004328972164382664,0.063,0.065,0.0638,0.064,0.000509901951359279,0.159,0.186,0.16094999999999998,0.16,0.005774729430891113,0.735,0.758,0.73975,0.739,0.004699734035027944,0.379,0.4,0.39605,0.397,0.004092370950928084,0.1,0.1,0.1,0.1,0.0,0.018000000000000002,0.018000000000000002,0.018000000000000002,0.018000000000000002,0.0,0.018000000000000002,0.018000000000000002,0.018000000000000002,0.018000000000000002,0.0,0.0,0.0,0.0,0.0,0.0
32,32,4096,11008,32768,True,2848,1,0.08,0.083,0.08135,0.081,0.0007262919523166982,0.40900000000000003,0.434,0.41175000000000006,0.41050000000000003,0.00531859943970214,0.061,0.062,0.0616,0.062,0.000489897948556636,0.15,0.17400000000000002,0.15184999999999998,0.151,0.0051310330343898635,0.731,0.75,0.73615,0.7355,0.003705064102009576,0.372,0.425,0.3829,0.3735,0.013663454907160198,0.099,0.099,0.099,0.099,0.0,0.018000000000000002,0.018000000000000002,0.018000000000000002,0.018000000000000002,0.0,0.018000000000000002,0.018000000000000002,0.018000000000000002,0.018000000000000002,0.0,0.0,0.0,0.0,0.0,0.0
32,32,4096,11008,32768,True,2816,1,0.084,0.08700000000000001,0.08535000000000001,0.085,0.0007262919523166982,0.40700000000000003,0.421,0.40890000000000004,0.40800000000000003,0.0029478805945967264,0.06,0.062,0.06074999999999999,0.061,0.0006224949798994372,0.146,0.177,0.14855,0.147,0.006561059365681734,0.6970000000000001,0.77,0.72675,0.735,0.018928483827290527,0.368,0.401,0.37185,0.37,0.006857659950741221,0.097,0.098,0.0978,0.098,0.00040000000000000034,0.017,0.018000000000000002,0.01725,0.017,0.0004330127018922197,0.017,0.018000000000000002,0.01735,0.017,0.00047696960070847325,0.0,0.0,0.0,0.0,0.0
32,32,4096,11008,32768,True,2784,1,0.082,0.084,0.08275,0.083,0.0006224949798994372,0.388,0.41300000000000003,0.39130000000000004,0.39,0.005070502933634892,0.059000000000000004,0.061,0.05965,0.06,0.0005722761571129772,0.132,0.154,0.13455,0.134,0.0045218911972757575,0.6890000000000001,0.715,0.6929000000000001,0.6910000000000001,0.0062361847310675195,0.383,0.417,0.3867,0.385,0.007050531894828923,0.096,0.098,0.097,0.097,0.0003162277660168382,0.017,0.018000000000000002,0.01725,0.017,0.0004330127018922197,0.016,0.017,0.01635,0.016,0.00047696960070847325,0.0,0.0,0.0,0.0,0.0
32,32,4096,11008,32768,True,2752,1,0.077,0.079,0.07794999999999999,0.078,0.0005894913061275804,0.387,0.406,0.38945,0.389,0.003891978931083778,0.059000000000000004,0.061,0.05985,0.06,0.00047696960070847075,0.133,0.158,0.1357,0.135,0.005158488150611571,0.6880000000000001,0.706,0.6899000000000001,0.6890000000000001,0.00383275357934734,0.343,0.46,0.3511,0.34500000000000003,0.02499979999919999,0.092,0.094,0.09305,0.093,0.00038405728739343076,0.015,0.016,0.01595,0.016,0.00021794494717703385,0.015,0.016,0.01585,0.016,0.00035707142142714284,0.0,0.0,0.0,0.0,0.0
32,32,4096,11008,32768,True,2720,1,0.07200000000000001,0.074,0.0731,0.073,0.0006244997998398367,0.386,0.404,0.3882,0.387,0.003709447398198285,0.057,0.059000000000000004,0.058100000000000006,0.058,0.0005385164807134509,0.131,0.154,0.13365,0.133,0.004725198408532702,0.686,0.7020000000000001,0.6877500000000001,0.687,0.003389321466016468,0.34900000000000003,0.534,0.37550000000000006,0.355,0.04071056373964871,0.093,0.094,0.09390000000000001,0.094,0.00030000000000000024,0.016,0.017,0.0164,0.016,0.000489897948556636,0.016,0.016,0.016,0.016,0.0,0.0,0.0,0.0,0.0,0.0
32,32,4096,11008,32768,True,2688,1,0.074,0.076,0.07444999999999999,0.074,0.0005894913061275804,0.401,0.41400000000000003,0.4040500000000001,0.404,0.0025391927851189265,0.058,0.06,0.05885,0.059000000000000004,0.0005722761571129789,0.135,0.162,0.1373,0.136,0.005701754116059372,0.674,0.6980000000000001,0.68015,0.68,0.005198797937985285,0.34500000000000003,0.372,0.3478,0.34700000000000003,0.005591064299397738,0.092,0.093,0.09275,0.093,0.0004330127018922197,0.016,0.016,0.016,0.016,0.0,0.016,0.016,0.016,0.016,0.0,0.0,0.0,0.0,0.0,0.0
32,32,4096,11008,32768,True,2656,1,0.073,0.076,0.07404999999999999,0.074,0.0007399324293474378,0.371,0.387,0.37315,0.3725,0.0033357907608241887,0.055,0.057,0.05595,0.056,0.0004974937185533104,0.135,0.162,0.1386,0.137,0.005462600113499064,0.674,0.6900000000000001,0.6796500000000001,0.68,0.0035394208565809214,0.356,0.497,0.3657,0.358,0.030250785113778454,0.091,0.092,0.09135,0.091,0.00047696960070847325,0.016,0.016,0.016,0.016,0.0,0.015,0.016,0.01595,0.016,0.00021794494717703385,0.0,0.0,0.0,0.0,0.0
32,32,4096,11008,32768,True,2624,1,0.07200000000000001,0.074,0.07294999999999999,0.073,0.0004974937185533064,0.37,0.388,0.3721,0.371,0.0037403208418530123,0.055,0.056,0.05550000000000001,0.0555,0.0005000000000000004,0.132,0.155,0.13445000000000001,0.1335,0.004800781186432057,0.671,0.6880000000000001,0.6744000000000001,0.6735,0.0033970575502926086,0.35100000000000003,0.385,0.35614999999999997,0.355,0.006762211176826708,0.089,0.09,0.08995,0.09,0.00021794494717703385,0.016,0.016,0.016,0.016,0.0,0.016,0.016,0.016,0.016,0.0,0.0,0.0,0.0,0.0,0.0
32,32,4096,11008,32768,True,2592,1,0.07100000000000001,0.07200000000000001,0.07120000000000001,0.07100000000000001,0.00040000000000000034,0.369,0.393,0.372,0.371,0.004857983120596452,0.054,0.056,0.054900000000000004,0.055,0.0004358898943540677,0.131,0.158,0.134,0.133,0.0055587768438749175,0.667,0.6890000000000001,0.67145,0.671,0.004283398183685476,0.341,0.458,0.34840000000000004,0.3425,0.025174193135034138,0.08600000000000001,0.088,0.08725000000000001,0.08700000000000001,0.000536190264738175,0.015,0.015,0.015,0.015,0.0,0.015,0.016,0.01505,0.015,0.00021794494717703385,0.0,0.0,0.0,0.0,0.0
32,32,4096,11008,32768,True,2560,1,0.07100000000000001,0.073,0.07155,0.07100000000000001,0.0006689544080129802,0.35000000000000003,0.365,0.35105000000000003,0.35000000000000003,0.003247691487810986,0.053,0.055,0.053849999999999995,0.054,0.0005722761571129803,0.121,0.14200000000000002,0.12304999999999999,0.122,0.004455053310567679,0.626,0.642,0.6291,0.6285000000000001,0.0037134889255254315,0.34,0.361,0.3417,0.341,0.0044732538492690006,0.08600000000000001,0.088,0.08700000000000001,0.08700000000000001,0.00031622776601683604,0.015,0.015,0.015,0.015,0.0,0.015,0.015,0.015,0.015,0.0,0.0,0.0,0.0,0.0,0.0
32,32,4096,11008,32768,True,2528,1,0.067,0.069,0.06775,0.068,0.0005361902647381809,0.34800000000000003,0.363,0.3503,0.35000000000000003,0.0030347981810986946,0.052000000000000005,0.054,0.052649999999999995,0.053,0.0005722761571129772,0.129,0.151,0.13095,0.13,0.004641928478552851,0.623,0.639,0.6254500000000001,0.625,0.0032476914878109987,0.342,0.391,0.34635000000000005,0.343,0.010813301993378337,0.08600000000000001,0.08700000000000001,0.0869,0.08700000000000001,0.00030000000000000024,0.015,0.015,0.015,0.015,0.0,0.014,0.015,0.01495,0.015,0.0002179449471770335,0.0,0.0,0.0,0.0,0.0
32,32,4096,11008,32768,True,2496,1,0.066,0.068,0.06685,0.067,0.00047696960070847325,0.34600000000000003,0.364,0.34880000000000005,0.34800000000000003,0.0036414282912066165,0.051000000000000004,0.052000000000000005,0.0514,0.051000000000000004,0.000489897948556636,0.129,0.151,0.13075,0.13,0.00468908306601621,0.621,0.636,0.6239,0.623,0.0029308701779505717,0.335,0.356,0.33785000000000004,0.337,0.004245880356298318,0.085,0.08600000000000001,0.08580000000000002,0.08600000000000001,0.00040000000000000034,0.014,0.015,0.0149,0.015,0.00029999999999999976,0.014,0.015,0.01495,0.015,0.0002179449471770335,0.0,0.0,0.0,0.0,0.0
32,32,4096,11008,32768,True,2464,1,0.065,0.067,0.06625,0.066,0.0006224949798994372,0.34500000000000003,0.361,0.34775000000000006,0.34700000000000003,0.0031444395367060157,0.05,0.052000000000000005,0.051000000000000004,0.051000000000000004,0.00044721359549995833,0.129,0.151,0.13095,0.13,0.004663421490708296,0.62,0.634,0.62205,0.621,0.002889204042638736,0.373,0.398,0.37575,0.375,0.005214163403653557,0.08600000000000001,0.088,0.08695,0.08700000000000001,0.00038405728739342886,0.016,0.016,0.016,0.016,0.0,0.016,0.016,0.016,0.016,0.0,0.0,0.0,0.0,0.0,0.0
32,32,4096,11008,32768,True,2432,1,0.07,0.07200000000000001,0.0713,0.07100000000000001,0.0005567764362830027,0.34400000000000003,0.364,0.34640000000000004,0.34500000000000003,0.004140048308896882,0.049,0.05,0.04925,0.049,0.0004330127018922197,0.116,0.138,0.11850000000000001,0.11750000000000001,0.0045442271070007065,0.608,0.626,0.61175,0.611,0.0035478866949213614,0.378,0.40700000000000003,0.38029999999999997,0.379,0.006165225056719346,0.085,0.08700000000000001,0.08595,0.08600000000000001,0.00038405728739343076,0.015,0.016,0.0156,0.016,0.000489897948556636,0.015,0.016,0.0154,0.015,0.000489897948556636,0.0,0.0,0.0,0.0,0.0
32,32,4096,11008,32768,True,2400,1,0.063,0.065,0.06385,0.064,0.0005722761571129803,0.342,0.368,0.34575000000000006,0.34500000000000003,0.005194949470399103,0.048,0.049,0.0484,0.048,0.000489897948556636,0.128,0.151,0.13040000000000002,0.129,0.004768647607026544,0.607,0.624,0.6098,0.609,0.0035298725189445612,0.381,0.40900000000000003,0.38445,0.383,0.0057312738549121925,0.084,0.085,0.08480000000000001,0.085,0.00040000000000000034,0.014,0.014,0.014000000000000002,0.014,0.0,0.014,0.014,0.014000000000000002,0.014,0.0,0.0,0.0,0.0,0.0,0.0
32,32,4096,11008,32768,True,2368,1,0.06,0.062,0.060899999999999996,0.061,0.0007000000000000006,0.341,0.356,0.34385000000000004,0.343,0.002903015673398948,0.047,0.048,0.0474,0.047,0.000489897948556636,0.128,0.149,0.13,0.129,0.004449719092257396,0.605,0.624,0.6087,0.6085,0.0038483762809787747,0.35100000000000003,0.401,0.3705,0.375,0.011981235328629521,0.081,0.082,0.08185,0.082,0.00035707142142714284,0.014,0.015,0.01495,0.015,0.0002179449471770335,0.014,0.015,0.014050000000000002,0.014,0.0002179449471770335,0.0,0.0,0.0,0.0,0.0
32,32,4096,11008,32768,True,2336,1,0.061,0.062,0.0617,0.062,0.0004582575694955844,0.34,0.362,0.34330000000000005,0.342,0.004371498598878871,0.045,0.047,0.046,0.046,0.00044721359549995833,0.128,0.152,0.1303,0.129,0.005020956084253275,0.604,0.621,0.60725,0.607,0.0034332928800205817,0.35100000000000003,0.40700000000000003,0.3801,0.381,0.009528378665859162,0.08,0.081,0.08070000000000001,0.081,0.0004582575694955844,0.014,0.015,0.0149,0.015,0.00029999999999999976,0.014,0.015,0.014349999999999998,0.014,0.00047696960070847243,0.0,0.0,0.0,0.0,0.0
32,32,4096,11008,32768,True,2304,1,0.06,0.062,0.061,0.061,0.00044721359549995833,0.319,0.342,0.3216,0.3205,0.004737087712930808,0.044,0.045,0.04455,0.045,0.0004974937185533104,0.111,0.133,0.11300000000000002,0.112,0.004669047011971502,0.632,0.65,0.6353500000000001,0.6345000000000001,0.003940494892776798,0.369,0.448,0.41645000000000004,0.421,0.017727027387579676,0.081,0.082,0.08135,0.081,0.00047696960070847325,0.015,0.015,0.015,0.015,0.0,0.015,0.016,0.015099999999999999,0.015,0.00030000000000000024,0.0,0.0,0.0,0.0,0.0
32,32,4096,11008,32768,True,2272,1,0.059000000000000004,0.061,0.060050000000000006,0.06,0.0003840572873934298,0.32,0.34700000000000003,0.32280000000000003,0.321,0.005644466316668039,0.043000000000000003,0.045,0.04375,0.044,0.000536190264738178,0.111,0.134,0.11274999999999999,0.112,0.004918078893226502,0.559,0.5740000000000001,0.5614000000000001,0.561,0.0030066592756745844,0.333,0.353,0.33490000000000003,0.334,0.00421781934179262,0.076,0.078,0.07705,0.077,0.0004974937185533104,0.013000000000000001,0.014,0.0132,0.013000000000000001,0.0003999999999999997,0.014,0.014,0.014000000000000002,0.014,0.0,0.0,0.0,0.0,0.0,0.0
32,32,4096,11008,32768,True,2240,1,0.058,0.059000000000000004,0.058800000000000005,0.059000000000000004,0.00040000000000000034,0.317,0.337,0.31930000000000003,0.3185,0.004160528812542947,0.041,0.043000000000000003,0.04225,0.042,0.0005361902647381809,0.11,0.134,0.11295,0.112,0.004883390215823431,0.558,0.5730000000000001,0.56055,0.5595000000000001,0.0031060424980994734,0.338,0.365,0.34075,0.339,0.005752173502251121,0.077,0.078,0.0777,0.078,0.0004582575694955844,0.013000000000000001,0.014,0.0134,0.013000000000000001,0.0004898979485566352,0.013000000000000001,0.014,0.01345,0.013000000000000001,0.0004974937185533095,0.0,0.0,0.0,0.0,0.0
32,32,4096,11008,32768,True,2208,1,0.055,0.058,0.056400000000000006,0.056,0.0006633249580710806,0.315,0.335,0.3177,0.317,0.004026164427839483,0.04,0.041,0.04055,0.041,0.0004974937185533104,0.109,0.13,0.1115,0.1105,0.004306971093471607,0.556,0.5700000000000001,0.5583500000000001,0.558,0.0028332843133014405,0.374,0.402,0.37745,0.376,0.005748695504199197,0.076,0.079,0.0777,0.078,0.0008426149773176366,0.014,0.014,0.014000000000000002,0.014,0.0,0.014,0.014,0.014000000000000002,0.014,0.0,0.0,0.0,0.0,0.0,0.0
32,32,4096,11008,32768,True,2176,1,0.055,0.057,0.05605,0.056,0.00038405728739343076,0.305,0.328,0.3077,0.307,0.0047549973711875,0.038,0.04,0.038900000000000004,0.039,0.0004358898943540677,0.11,0.133,0.11225,0.111,0.004918078893226502,0.544,0.5640000000000001,0.5478500000000001,0.547,0.003978379066906524,0.355,0.383,0.3786,0.379,0.005961543424315557,0.076,0.078,0.0769,0.077,0.0004358898943540677,0.014,0.014,0.014000000000000002,0.014,0.0,0.013000000000000001,0.014,0.013800000000000002,0.014,0.0003999999999999997,0.0,0.0,0.0,0.0,0.0
32,32,4096,11008,32768,True,2144,1,0.055,0.057,0.05585,0.056,0.00047696960070847325,0.304,0.326,0.30695,0.306,0.00446626241951814,0.037,0.039,0.0379,0.038,0.0004358898943540677,0.11,0.133,0.1123,0.111,0.004807286136688767,0.543,0.56,0.5464,0.546,0.0034554305086342023,0.34700000000000003,0.374,0.35000000000000003,0.34900000000000003,0.0056124860801609056,0.074,0.076,0.0751,0.075,0.0005385164807134509,0.013000000000000001,0.013000000000000001,0.013000000000000001,0.013000000000000001,0.0,0.013000000000000001,0.013000000000000001,0.013000000000000001,0.013000000000000001,0.0,0.0,0.0,0.0,0.0,0.0
32,32,4096,11008,32768,True,2112,1,0.053,0.055,0.0541,0.054,0.0004358898943540677,0.303,0.325,0.3056,0.305,0.00452106182218293,0.035,0.037,0.036050000000000006,0.036000000000000004,0.00038405728739342903,0.109,0.131,0.11125,0.11,0.004667708217101837,0.542,0.557,0.54505,0.544,0.0030409702399069967,0.338,0.359,0.3396,0.3385,0.004498888751680789,0.07100000000000001,0.073,0.0718,0.07200000000000001,0.0005099019513592773,0.013000000000000001,0.014,0.01315,0.013000000000000001,0.0003570714214271422,0.013000000000000001,0.014,0.01315,0.013000000000000001,0.0003570714214271422,0.0,0.0,0.0,0.0,0.0
32,32,4096,11008,32768,True,2080,1,0.053,0.054,0.0533,0.053,0.0004582575694955844,0.302,0.358,0.3065,0.304,0.011855378526221757,0.034,0.035,0.03475,0.035,0.0004330127018922197,0.109,0.133,0.11174999999999999,0.1105,0.005175664208582316,0.54,0.561,0.5435000000000001,0.5425,0.0043069710934716095,0.377,0.404,0.38015,0.378,0.005623833212320584,0.07100000000000001,0.07200000000000001,0.07170000000000001,0.07200000000000001,0.0004582575694955844,0.013000000000000001,0.014,0.01305,0.013000000000000001,0.0002179449471770335,0.012,0.013000000000000001,0.01285,0.013000000000000001,0.00035707142142714284,0.0,0.0,0.0,0.0,0.0
32,32,4096,11008,32768,True,2048,1,0.052000000000000005,0.054,0.0523,0.052000000000000005,0.0005567764362829999,0.28200000000000003,0.305,0.2838,0.28300000000000003,0.0049050993873722805,0.032,0.034,0.033,0.033,0.0006324555320336764,0.092,0.099,0.09475,0.095,0.001299038105676659,0.497,0.514,0.49960000000000004,0.499,0.0034554305086342023,0.23900000000000002,0.244,0.24300000000000002,0.243,0.0010488088481701472,0.069,0.07,0.06985000000000001,0.07,0.00035707142142714284,0.012,0.013000000000000001,0.0121,0.012,0.00030000000000000024,0.012,0.013000000000000001,0.012199999999999999,0.012,0.00040000000000000034,0.0,0.0,0.0,0.0,0.0
32,32,4096,11008,32768,True,2048,1,0.049,0.05,0.0495,0.0495,0.0005000000000000004,0.281,0.301,0.28325000000000006,0.28200000000000003,0.004169832130913658,0.034,0.035,0.0344,0.034,0.000489897948556636,0.093,0.098,0.09459999999999999,0.095,0.0010677078252031322,0.498,0.512,0.49995,0.499,0.002940663190506525,0.23900000000000002,0.246,0.24314999999999998,0.243,0.0013143439428094884,0.069,0.07,0.06960000000000001,0.07,0.000489897948556636,0.012,0.013000000000000001,0.012199999999999999,0.012,0.00040000000000000034,0.012,0.013000000000000001,0.01205,0.012,0.00021794494717703385,0.0,0.0,0.0,0.0,0.0
32,32,4096,11008,32768,True,2032,1,0.049,0.051000000000000004,0.05,0.05,0.00044721359549995833,0.279,0.298,0.28300000000000003,0.28250000000000003,0.0036331804249169816,0.032,0.033,0.032350000000000004,0.032,0.00047696960070847325,0.093,0.097,0.09435,0.094,0.0009096702699330135,0.497,0.509,0.4993,0.499,0.002410394158638792,0.23800000000000002,0.245,0.24295,0.243,0.0013592277219068149,0.069,0.07,0.06970000000000001,0.07,0.0004582575694955844,0.012,0.013000000000000001,0.01215,0.012,0.00035707142142714284,0.012,0.013000000000000001,0.0121,0.012,0.00030000000000000024,0.0,0.0,0.0,0.0,0.0
32,32,4096,11008,32768,True,2016,1,0.048,0.05,0.048799999999999996,0.049,0.000509901951359279,0.279,0.302,0.28275,0.28200000000000003,0.0045152519309557835,0.031,0.032,0.0315,0.0315,0.0005000000000000004,0.093,0.1,0.09475,0.095,0.0013738631664034098,0.497,0.513,0.49870000000000003,0.498,0.0033926390907374777,0.245,0.262,0.24689999999999998,0.246,0.0035199431813596116,0.07100000000000001,0.07200000000000001,0.0714,0.07100000000000001,0.000489897948556636,0.013000000000000001,0.013000000000000001,0.013000000000000001,0.013000000000000001,0.0,0.013000000000000001,0.013000000000000001,0.013000000000000001,0.013000000000000001,0.0,0.0,0.0,0.0,0.0,0.0
32,32,4096,11008,32768,True,2000,1,0.052000000000000005,0.054,0.053149999999999996,0.053,0.0004769696007084724,0.28300000000000003,0.316,0.28655,0.28500000000000003,0.006815240274561119,0.033,0.035,0.034,0.034,0.00044721359549995833,0.093,0.1,0.09435,0.094,0.0013883443376914834,0.496,0.509,0.49770000000000003,0.497,0.0028301943396169837,0.23900000000000002,0.248,0.2426,0.2425,0.0015297058540778335,0.069,0.07100000000000001,0.06985000000000001,0.07,0.0005722761571129803,0.012,0.013000000000000001,0.0123,0.012,0.0004582575694955844,0.012,0.013000000000000001,0.012199999999999999,0.012,0.00040000000000000034,0.0,0.0,0.0,0.0,0.0
32,32,4096,11008,32768,True,1984,1,0.05,0.051000000000000004,0.05045000000000001,0.05,0.0004974937185533104,0.28,0.301,0.28250000000000003,0.28150000000000003,0.004318564576337829,0.031,0.032,0.03195,0.032,0.00021794494717703385,0.093,0.1,0.09425,0.094,0.0013738631664034098,0.495,0.511,0.4971,0.496,0.003300000000000003,0.23900000000000002,0.245,0.24194999999999997,0.242,0.0010234744745229328,0.068,0.069,0.06845000000000001,0.068,0.0004974937185533104,0.012,0.012,0.012,0.012,0.0,0.012,0.013000000000000001,0.01205,0.012,0.00021794494717703385,0.0,0.0,0.0,0.0,0.0
32,32,4096,11008,32768,True,1968,1,0.048,0.049,0.048799999999999996,0.049,0.00040000000000000034,0.279,0.3,0.2813,0.2805,0.004371498598878871,0.032,0.033,0.0322,0.032,0.00040000000000000034,0.093,0.099,0.09419999999999999,0.094,0.0012083045973594582,0.494,0.507,0.4958,0.495,0.002731300056749535,0.23700000000000002,0.246,0.24184999999999998,0.242,0.0014924811556599267,0.068,0.069,0.06860000000000001,0.069,0.000489897948556636,0.012,0.012,0.012,0.012,0.0,0.012,0.012,0.012,0.012,0.0,0.0,0.0,0.0,0.0,0.0
32,32,4096,11008,32768,True,1952,1,0.048,0.049,0.0481,0.048,0.00030000000000000024,0.279,0.3,0.28095000000000003,0.28,0.004421255477802649,0.029,0.031,0.02975,0.03,0.0005361902647381794,0.092,0.098,0.094,0.094,0.001095445115010333,0.493,0.505,0.49485,0.494,0.002495495942693558,0.23700000000000002,0.243,0.2413,0.241,0.0011445523142259554,0.066,0.068,0.06705000000000001,0.067,0.00038405728739343076,0.011,0.012,0.011899999999999999,0.012,0.00030000000000000024,0.012,0.013000000000000001,0.01205,0.012,0.00021794494717703385,0.0,0.0,0.0,0.0,0.0
32,32,4096,11008,32768,True,1936,1,0.048,0.05,0.04825,0.048,0.0005361902647381809,0.278,0.299,0.28025,0.2795,0.00436892435274404,0.028,0.03,0.028950000000000004,0.029,0.0003840572873934303,0.092,0.099,0.09390000000000001,0.094,0.0013379088160259665,0.492,0.507,0.49379999999999996,0.493,0.0031080540535840134,0.23800000000000002,0.245,0.24274999999999997,0.243,0.001373863166403405,0.067,0.068,0.06760000000000001,0.068,0.000489897948556636,0.011,0.012,0.01125,0.011,0.0004330127018922197,0.011,0.012,0.0116,0.012,0.000489897948556636,0.0,0.0,0.0,0.0,0.0
32,32,4096,11008,32768,True,1920,1,0.046,0.047,0.04605,0.046,0.00021794494717703385,0.259,0.279,0.26415,0.2635,0.003745330426010504,0.03,0.032,0.03055,0.0305,0.0005894913061275804,0.092,0.098,0.09375,0.094,0.0011779218989389757,0.47600000000000003,0.494,0.47835,0.47800000000000004,0.0037586566749305433,0.233,0.24,0.23845,0.23900000000000002,0.0013955285736952845,0.067,0.068,0.0675,0.0675,0.0005000000000000004,0.012,0.012,0.012,0.012,0.0,0.011,0.012,0.01185,0.012,0.00035707142142714284,0.0,0.0,0.0,0.0,0.0
32,32,4096,11008,32768,True,1904,1,0.047,0.048,0.04705,0.047,0.00021794494717703385,0.26,0.28200000000000003,0.26420000000000005,0.263,0.004273172123844303,0.028,0.03,0.028850000000000004,0.029,0.0004769696007084728,0.092,0.098,0.0935,0.093,0.0012041594578792306,0.47500000000000003,0.492,0.47890000000000005,0.47800000000000004,0.003374907406137228,0.233,0.241,0.23835,0.23850000000000002,0.0014239030865898128,0.066,0.068,0.06675,0.067,0.0005361902647381809,0.011,0.012,0.0116,0.012,0.000489897948556636,0.011,0.012,0.0115,0.0115,0.0005000000000000004,0.0,0.0,0.0,0.0,0.0
32,32,4096,11008,32768,True,1888,1,0.045,0.047,0.045950000000000005,0.046,0.00038405728739343076,0.258,0.28,0.26365000000000005,0.263,0.004040730132042974,0.026000000000000002,0.027,0.02665,0.027,0.0004769696007084716,0.093,0.097,0.09335,0.093,0.0009096702699330135,0.47300000000000003,0.49,0.47709999999999997,0.47700000000000004,0.003330165161069335,0.234,0.242,0.23810000000000003,0.23800000000000002,0.0013747727084867493,0.065,0.067,0.0661,0.066,0.0004358898943540677,0.011,0.012,0.0118,0.012,0.00040000000000000034,0.011,0.012,0.011649999999999999,0.012,0.00047696960070847325,0.0,0.0,0.0,0.0,0.0
32,32,4096,11008,32768,True,1872,1,0.046,0.046,0.046,0.046,0.0,0.259,0.28200000000000003,0.2632,0.262,0.004445222154178577,0.025,0.027,0.026000000000000002,0.026000000000000002,0.00031622776601683767,0.091,0.098,0.09319999999999999,0.093,0.0012884098726725136,0.47400000000000003,0.489,0.4774,0.47750000000000004,0.0030232432915661867,0.23900000000000002,0.246,0.24314999999999998,0.243,0.001235920709430824,0.065,0.066,0.06575,0.066,0.0004330127018922197,0.011,0.012,0.011399999999999999,0.011,0.000489897948556636,0.011,0.012,0.011399999999999999,0.011,0.000489897948556636,0.0,0.0,0.0,0.0,0.0
32,32,4096,11008,32768,True,1856,1,0.044,0.045,0.04409999999999999,0.044,0.00030000000000000024,0.257,0.28,0.26270000000000004,0.262,0.004172529209005017,0.025,0.026000000000000002,0.02555,0.026000000000000002,0.0004974937185533104,0.091,0.097,0.093,0.093,0.001095445115010333,0.47400000000000003,0.487,0.47590000000000005,0.47500000000000003,0.00289654967159204,0.247,0.263,0.24885000000000002,0.248,0.0032752862470324666,0.066,0.068,0.0668,0.067,0.000509901951359279,0.012,0.013000000000000001,0.01245,0.012,0.0004974937185533104,0.012,0.013000000000000001,0.0125,0.0125,0.0005000000000000004,0.0,0.0,0.0,0.0,0.0
32,32,4096,11008,32768,True,1840,1,0.05,0.051000000000000004,0.050850000000000006,0.051000000000000004,0.00035707142142714284,0.271,0.305,0.2746,0.273,0.007073895673530952,0.025,0.026000000000000002,0.02545,0.025,0.0004974937185533104,0.091,0.098,0.09305,0.093,0.0012835497652993447,0.47100000000000003,0.489,0.47450000000000003,0.47400000000000003,0.003667424164178442,0.23700000000000002,0.251,0.2472,0.25,0.004456455991031439,0.064,0.065,0.0643,0.064,0.0004582575694955844,0.012,0.012,0.012,0.012,0.0,0.011,0.012,0.011949999999999999,0.012,0.00021794494717703385,0.0,0.0,0.0,0.0,0.0
32,32,4096,11008,32768,True,1824,1,0.047,0.048,0.047450000000000006,0.047,0.0004974937185533104,0.259,0.289,0.26225,0.261,0.006227961143102927,0.024,0.025,0.02435,0.024,0.00047696960070847325,0.095,0.098,0.09685,0.097,0.0006538348415311016,0.47000000000000003,0.491,0.4742,0.47400000000000003,0.004166533331199924,0.249,0.263,0.25060000000000004,0.25,0.0029393876913398165,0.063,0.064,0.06365000000000001,0.064,0.00047696960070847325,0.012,0.013000000000000001,0.01235,0.012,0.00047696960070847325,0.012,0.013000000000000001,0.01225,0.012,0.0004330127018922197,0.0,0.0,0.0,0.0,0.0
32,32,4096,11008,32768,True,1808,1,0.049,0.05,0.0499,0.05,0.00030000000000000024,0.271,0.305,0.27465,0.273,0.007094187761823049,0.027,0.028,0.027350000000000003,0.027,0.00047696960070847325,0.092,0.099,0.093,0.093,0.0015491933384829681,0.46900000000000003,0.488,0.47285000000000005,0.47250000000000003,0.0038506492958980234,0.245,0.258,0.24594999999999997,0.245,0.0028013389655662906,0.063,0.064,0.06334999999999999,0.063,0.00047696960070847325,0.011,0.012,0.011899999999999999,0.012,0.00030000000000000024,0.012,0.012,0.012,0.012,0.0,0.0,0.0,0.0,0.0,0.0
32,32,4096,11008,32768,True,1792,1,0.047,0.048,0.047650000000000005,0.048,0.00047696960070847325,0.25,0.29,0.2537,0.2515,0.008450443775329195,0.025,0.026000000000000002,0.02535,0.025,0.00047696960070847325,0.09,0.097,0.09085,0.09,0.0016815171720800251,0.443,0.464,0.44630000000000003,0.445,0.004243819034784593,0.242,0.255,0.24299999999999997,0.242,0.0027928480087537908,0.061,0.063,0.0619,0.062,0.0004358898943540677,0.011,0.012,0.011649999999999999,0.012,0.00047696960070847325,0.011,0.012,0.011699999999999999,0.012,0.0004582575694955844,0.0,0.0,0.0,0.0,0.0
32,32,4096,11008,32768,True,1776,1,0.045,0.045,0.045,0.045,0.0,0.249,0.28300000000000003,0.25195,0.25,0.007158735921934827,0.025,0.025,0.025,0.025,0.0,0.091,0.101,0.093,0.093,0.0022135943621178675,0.443,0.46,0.44515000000000005,0.4445,0.0034967842369811753,0.225,0.233,0.22820000000000001,0.228,0.001326649916142161,0.061,0.062,0.0615,0.0615,0.0005000000000000004,0.011,0.011,0.011,0.011,0.0,0.011,0.012,0.011399999999999999,0.011,0.000489897948556636,0.0,0.0,0.0,0.0,0.0
32,32,4096,11008,32768,True,1760,1,0.044,0.045,0.0445,0.0445,0.0005000000000000004,0.249,0.281,0.25165000000000004,0.25,0.006791722903652657,0.023,0.024,0.0237,0.024,0.0004582575694955844,0.089,0.096,0.0901,0.09,0.0016093476939431095,0.442,0.459,0.44480000000000003,0.444,0.0033852621759621546,0.232,0.245,0.23345000000000002,0.233,0.0027106272336859566,0.061,0.062,0.061349999999999995,0.061,0.00047696960070847325,0.011,0.011,0.011,0.011,0.0,0.011,0.012,0.011149999999999998,0.011,0.00035707142142714284,0.0,0.0,0.0,0.0,0.0
32,32,4096,11008,32768,True,1744,1,0.042,0.043000000000000003,0.042800000000000005,0.043000000000000003,0.00040000000000000034,0.247,0.278,0.25055,0.249,0.006351968198912843,0.024,0.026000000000000002,0.0251,0.025,0.0004358898943540677,0.089,0.097,0.0903,0.09,0.0017635192088548413,0.442,0.46,0.44385,0.443,0.0038114957693797884,0.226,0.23700000000000002,0.22815000000000002,0.228,0.002151162476429897,0.06,0.062,0.06105000000000001,0.061,0.00038405728739343076,0.011,0.012,0.011049999999999999,0.011,0.00021794494717703385,0.011,0.012,0.011049999999999999,0.011,0.00021794494717703385,0.0,0.0,0.0,0.0,0.0
32,32,4096,11008,32768,True,1728,1,0.043000000000000003,0.043000000000000003,0.043000000000000003,0.043000000000000003,0.0,0.246,0.279,0.25005,0.2485,0.006704289671546127,0.023,0.024,0.023049999999999998,0.023,0.00021794494717703385,0.088,0.096,0.0895,0.089,0.0016583123951777014,0.44,0.456,0.44265,0.442,0.0032291639784935077,0.223,0.231,0.22755,0.227,0.001564448784716203,0.06,0.061,0.06054999999999999,0.061,0.0004974937185533104,0.01,0.011,0.0109,0.011,0.00029999999999999976,0.01,0.011,0.01095,0.011,0.0002179449471770335,0.0,0.0,0.0,0.0,0.0
32,32,4096,11008,32768,True,1712,1,0.041,0.042,0.04125,0.041,0.0004330127018922197,0.246,0.276,0.25005,0.249,0.006045452836636811,0.022,0.023,0.022799999999999997,0.023,0.00040000000000000034,0.089,0.096,0.08990000000000001,0.089,0.0016703293088490081,0.439,0.458,0.44215,0.441,0.003745330426010504,0.224,0.231,0.22705000000000003,0.227,0.0012031209415515976,0.059000000000000004,0.06,0.05965,0.06,0.00047696960070846994,0.01,0.011,0.0106,0.011,0.0004898979485566352,0.01,0.011,0.01075,0.011,0.00043301270189221897,0.0,0.0,0.0,0.0,0.0
32,32,4096,11008,32768,True,1696,1,0.04,0.041,0.04005,0.04,0.00021794494717703385,0.244,0.273,0.24845,0.247,0.005713799086422278,0.022,0.022,0.022,0.022,0.0,0.089,0.096,0.0901,0.09,0.0016401219466856739,0.438,0.458,0.44115000000000004,0.44,0.003978379066906524,0.223,0.232,0.22610000000000002,0.226,0.001545962483374032,0.058,0.06,0.059050000000000005,0.059000000000000004,0.0004974937185533084,0.01,0.011,0.01085,0.011,0.0003570714214271422,0.01,0.011,0.0108,0.011,0.0003999999999999997,0.0,0.0,0.0,0.0,0.0
32,32,4096,11008,32768,True,1680,1,0.04,0.041,0.040650000000000006,0.041,0.00047696960070847325,0.244,0.273,0.24805000000000002,0.247,0.005809259849584977,0.021,0.022,0.0219,0.022,0.0002999999999999992,0.089,0.096,0.08965,0.089,0.0016209565077447343,0.438,0.458,0.44065000000000004,0.44,0.004065402809070711,0.223,0.231,0.22785000000000002,0.228,0.0017965244223221697,0.059000000000000004,0.06,0.059750000000000004,0.06,0.0004330127018922167,0.011,0.011,0.011,0.011,0.0,0.01,0.011,0.01085,0.011,0.0003570714214271422,0.0,0.0,0.0,0.0,0.0
32,32,4096,11008,32768,True,1664,1,0.04,0.041,0.040850000000000004,0.041,0.00035707142142714284,0.23900000000000002,0.263,0.24145,0.24,0.004984726672546854,0.021,0.023,0.022,0.022,0.00031622776601683767,0.089,0.096,0.09025,0.09,0.001577181029558752,0.406,0.432,0.4191,0.4195,0.007006425622241328,0.232,0.243,0.23335,0.233,0.0022863726730347313,0.058,0.059000000000000004,0.05890000000000001,0.059000000000000004,0.00030000000000000024,0.011,0.012,0.011049999999999999,0.011,0.00021794494717703385,0.011,0.011,0.011,0.011,0.0,0.0,0.0,0.0,0.0,0.0
32,32,4096,11008,32768,True,1648,1,0.041,0.042,0.0412,0.041,0.00040000000000000034,0.24,0.268,0.24495,0.2445,0.0056433589288649765,0.022,0.022,0.022,0.022,0.0,0.088,0.108,0.09019999999999999,0.089,0.004433959855479074,0.427,0.447,0.42984999999999995,0.429,0.004040730132042974,0.222,0.23,0.22545,0.225,0.0013955285736952875,0.058,0.059000000000000004,0.05845,0.058,0.0004974937185533104,0.01,0.011,0.0107,0.011,0.0004582575694955836,0.01,0.011,0.01085,0.011,0.0003570714214271422,0.0,0.0,0.0,0.0,0.0
32,32,4096,11008,32768,True,1632,1,0.038,0.039,0.03805,0.038,0.00021794494717703385,0.23800000000000002,0.263,0.24115000000000003,0.24,0.005111506627208851,0.021,0.022,0.021050000000000003,0.021,0.00021794494717703312,0.08700000000000001,0.11,0.09025,0.089,0.005127133702177077,0.425,0.443,0.42755,0.427,0.0036806928695559513,0.221,0.229,0.22415000000000002,0.224,0.0013518505834595788,0.057,0.058,0.057550000000000004,0.058,0.0004974937185533104,0.01,0.011,0.010499999999999999,0.010499999999999999,0.0004999999999999996,0.01,0.011,0.0107,0.011,0.0004582575694955836,0.0,0.0,0.0,0.0,0.0
32,32,4096,11008,32768,True,1616,1,0.038,0.038,0.038,0.038,0.0,0.23800000000000002,0.26,0.24020000000000002,0.23900000000000002,0.004589117562233505,0.021,0.022,0.021200000000000004,0.021,0.000399999999999999,0.08700000000000001,0.107,0.08954999999999999,0.0885,0.004409931972264424,0.434,0.451,0.43695000000000006,0.436,0.0033686050525402974,0.224,0.23500000000000001,0.22535,0.225,0.002242208732477868,0.057,0.058,0.057800000000000004,0.058,0.00040000000000000034,0.01,0.011,0.01085,0.011,0.0003570714214271422,0.01,0.011,0.0107,0.011,0.0004582575694955836,0.0,0.0,0.0,0.0,0.0
32,32,4096,11008,32768,True,1600,1,0.039,0.039,0.039,0.039,0.0,0.23700000000000002,0.26,0.2399,0.23900000000000002,0.0046679760067935205,0.021,0.022,0.0211,0.021,0.0002999999999999992,0.088,0.109,0.08995,0.089,0.004695476546635071,0.431,0.453,0.4359,0.435,0.004241462012089703,0.222,0.23,0.22355,0.223,0.001564448784716203,0.056,0.057,0.05665,0.057,0.00047696960070847325,0.01,0.011,0.010499999999999999,0.010499999999999999,0.0004999999999999996,0.01,0.011,0.01075,0.011,0.00043301270189221897,0.0,0.0,0.0,0.0,0.0
32,32,4096,11008,32768,True,1584,1,0.038,0.039,0.03805,0.038,0.00021794494717703385,0.23700000000000002,0.259,0.2394,0.23800000000000002,0.004543126676640217,0.02,0.021,0.020050000000000002,0.02,0.00021794494717703385,0.08700000000000001,0.108,0.08940000000000001,0.088,0.004586937976471886,0.434,0.449,0.43535,0.435,0.0031980462785894796,0.221,0.229,0.22410000000000002,0.224,0.0013379088160259665,0.054,0.056,0.0548,0.055,0.0006782329983125274,0.01,0.011,0.01075,0.011,0.00043301270189221897,0.01,0.011,0.01045,0.01,0.0004974937185533095,0.0,0.0,0.0,0.0,0.0
32,32,4096,11008,32768,True,1568,1,0.037,0.038,0.03795,0.038,0.00021794494717703385,0.23700000000000002,0.261,0.2391,0.23800000000000002,0.005107837115648851,0.02,0.02,0.02,0.02,0.0,0.08700000000000001,0.108,0.08990000000000001,0.089,0.004448595283907045,0.432,0.448,0.4342,0.433,0.0032802438933713478,0.22,0.228,0.2232,0.223,0.001326649916142161,0.053,0.054,0.0533,0.053,0.0004582575694955844,0.01,0.011,0.010249999999999999,0.01,0.00043301270189221897,0.01,0.011,0.01045,0.01,0.0004974937185533095,0.0,0.0,0.0,0.0,0.0
32,32,4096,11008,32768,True,1552,1,0.036000000000000004,0.037,0.03655,0.037,0.0004974937185533069,0.23600000000000002,0.259,0.23880000000000004,0.23800000000000002,0.004707440918375926,0.02,0.02,0.02,0.02,0.0,0.08700000000000001,0.108,0.0892,0.088,0.004718050444834179,0.432,0.448,0.4337,0.433,0.0033926390907374777,0.227,0.232,0.231,0.231,0.001140175425099139,0.054,0.055,0.054349999999999996,0.054,0.00047696960070847325,0.01,0.011,0.01075,0.011,0.00043301270189221897,0.01,0.011,0.0106,0.011,0.0004898979485566352,0.0,0.0,0.0,0.0,0.0
32,32,4096,11008,32768,True,1536,1,0.037,0.038,0.0375,0.0375,0.0005000000000000004,0.215,0.241,0.21745,0.216,0.005444951790420186,0.02,0.02,0.02,0.02,0.0,0.08,0.101,0.08370000000000001,0.083,0.004473253849269008,0.423,0.442,0.42469999999999997,0.424,0.004050925820105822,0.193,0.217,0.19595,0.195,0.004883390215823428,0.052000000000000005,0.053,0.052500000000000005,0.052500000000000005,0.000499999999999997,0.01,0.011,0.010249999999999999,0.01,0.00043301270189221897,0.01,0.011,0.010150000000000001,0.01,0.0003570714214271422,0.0,0.0,0.0,0.0,0.0
32,32,4096,11008,32768,True,1520,1,0.036000000000000004,0.036000000000000004,0.036000000000000004,0.036000000000000004,0.0,0.214,0.23800000000000002,0.21654999999999996,0.2155,0.004954543369474128,0.02,0.02,0.02,0.02,0.0,0.082,0.10200000000000001,0.08510000000000001,0.084,0.004334743360338649,0.377,0.4,0.37945,0.3785,0.00475893895737275,0.191,0.213,0.19565000000000002,0.195,0.004162631379308043,0.052000000000000005,0.053,0.05255,0.053,0.0004974937185533069,0.01,0.011,0.0102,0.01,0.0003999999999999997,0.01,0.011,0.010150000000000001,0.01,0.0003570714214271422,0.0,0.0,0.0,0.0,0.0
32,32,4096,11008,32768,True,1504,1,0.036000000000000004,0.037,0.03685,0.037,0.00035707142142714035,0.214,0.23500000000000001,0.21595,0.215,0.0044099319722644284,0.02,0.021,0.0201,0.02,0.00030000000000000024,0.08700000000000001,0.107,0.08935,0.088,0.004327528162819971,0.376,0.4,0.37895,0.378,0.004903825037661931,0.192,0.214,0.19519999999999998,0.194,0.004399999999999998,0.052000000000000005,0.053,0.052500000000000005,0.052500000000000005,0.000499999999999997,0.01,0.011,0.010150000000000001,0.01,0.0003570714214271422,0.01,0.011,0.01055,0.011,0.0004974937185533095,0.0,0.0,0.0,0.0,0.0
32,32,4096,11008,32768,True,1488,1,0.035,0.036000000000000004,0.035800000000000005,0.036000000000000004,0.00040000000000000034,0.213,0.23700000000000002,0.21574999999999997,0.215,0.004928234978164093,0.02,0.02,0.02,0.02,0.0,0.089,0.11,0.09175,0.091,0.004515251930955792,0.375,0.398,0.3781,0.377,0.004657252408878011,0.194,0.217,0.19565000000000002,0.194,0.004942418436352793,0.051000000000000004,0.053,0.05215000000000001,0.052000000000000005,0.00047696960070847075,0.009000000000000001,0.011,0.01005,0.01,0.0003840572873934301,0.01,0.011,0.010249999999999999,0.01,0.00043301270189221897,0.0,0.0,0.0,0.0,0.0
32,32,4096,11008,32768,True,1472,1,0.035,0.036000000000000004,0.03515,0.035,0.00035707142142714284,0.213,0.23600000000000002,0.21545,0.215,0.004790354892907209,0.019,0.02,0.019450000000000002,0.019,0.0004974937185533104,0.091,0.111,0.0938,0.093,0.0042965102117881685,0.375,0.398,0.37725,0.376,0.004804945369096306,0.192,0.213,0.19465000000000002,0.194,0.004292726406376253,0.051000000000000004,0.052000000000000005,0.05145000000000001,0.051000000000000004,0.0004974937185533104,0.009000000000000001,0.011,0.01,0.01,0.0004472135954999576,0.009000000000000001,0.011,0.01,0.01,0.0004472135954999576,0.0,0.0,0.0,0.0,0.0
32,32,4096,11008,32768,True,1456,1,0.034,0.035,0.034600000000000006,0.035,0.000489897948556636,0.213,0.23700000000000002,0.21509999999999999,0.214,0.005078385570237853,0.019,0.02,0.01925,0.019,0.0004330127018922197,0.094,0.115,0.0972,0.096,0.004567274898667696,0.373,0.399,0.37679999999999997,0.376,0.005259277516921887,0.19,0.213,0.1944,0.194,0.004420407221060066,0.051000000000000004,0.052000000000000005,0.05115000000000001,0.051000000000000004,0.00035707142142714284,0.009000000000000001,0.01,0.0098,0.01,0.0003999999999999997,0.009000000000000001,0.01,0.009850000000000001,0.01,0.0003570714214271422,0.0,0.0,0.0,0.0,0.0
32,32,4096,11008,32768,True,1440,1,0.033,0.034,0.03395,0.034,0.00021794494717703385,0.212,0.23500000000000001,0.2143,0.213,0.004838388161361182,0.018000000000000002,0.019,0.01865,0.019,0.0004769696007084716,0.09,0.109,0.09225,0.091,0.004193745342769397,0.372,0.396,0.37555,0.374,0.004800781186432062,0.189,0.21,0.19385000000000002,0.193,0.003850649295898028,0.05,0.051000000000000004,0.0505,0.0505,0.0005000000000000004,0.009000000000000001,0.01,0.0098,0.01,0.0003999999999999997,0.009000000000000001,0.01,0.009850000000000001,0.01,0.0003570714214271422,0.0,0.0,0.0,0.0,0.0
32,32,4096,11008,32768,True,1424,1,0.033,0.034,0.0334,0.033,0.000489897948556636,0.212,0.23500000000000001,0.21375000000000002,0.2125,0.004928234978164093,0.018000000000000002,0.019,0.01835,0.018000000000000002,0.0004769696007084716,0.088,0.109,0.09175,0.091,0.0043229041164476465,0.372,0.396,0.3749,0.374,0.004908156476723215,0.188,0.212,0.19390000000000002,0.193,0.004403407771260798,0.05,0.051000000000000004,0.0505,0.0505,0.0005000000000000004,0.009000000000000001,0.01,0.0098,0.01,0.0003999999999999997,0.009000000000000001,0.01,0.00975,0.01,0.00043301270189221897,0.0,0.0,0.0,0.0,0.0
32,32,4096,11008,32768,True,1408,1,0.033,0.034,0.0333,0.033,0.0004582575694955844,0.199,0.22,0.20545,0.20600000000000002,0.004521891197275757,0.018000000000000002,0.019,0.018050000000000004,0.018000000000000002,0.00021794494717703312,0.069,0.08600000000000001,0.07165,0.07100000000000001,0.0037983549070617394,0.41500000000000004,0.436,0.4184,0.4175,0.00423556371690947,0.21,0.233,0.21345,0.213,0.0046848158981970724,0.05,0.052000000000000005,0.0506,0.051000000000000004,0.0005830951894845306,0.009000000000000001,0.011,0.01005,0.01,0.0005894913061275793,0.009000000000000001,0.011,0.01,0.01,0.0005477225575051657,0.0,0.0,0.0,0.0,0.0
32,32,4096,11008,32768,True,1392,1,0.035,0.035,0.035,0.035,0.0,0.199,0.225,0.2029,0.202,0.0051468436929831066,0.018000000000000002,0.019,0.018300000000000004,0.018000000000000002,0.0004582575694955828,0.069,0.089,0.0714,0.07,0.004465422712353218,0.37,0.394,0.37295,0.372,0.004914010581999193,0.20700000000000002,0.226,0.20895000000000002,0.20800000000000002,0.003968311983702892,0.049,0.051000000000000004,0.04975,0.05,0.0005361902647381809,0.009000000000000001,0.01,0.00995,0.01,0.0002179449471770335,0.009000000000000001,0.01,0.009600000000000001,0.01,0.0004898979485566352,0.0,0.0,0.0,0.0,0.0
32,32,4096,11008,32768,True,1376,1,0.032,0.033,0.032600000000000004,0.033,0.000489897948556636,0.198,0.221,0.20175,0.201,0.004493050188902855,0.018000000000000002,0.019,0.018050000000000004,0.018000000000000002,0.00021794494717703312,0.069,0.08700000000000001,0.07115,0.07,0.0038506492958980307,0.37,0.395,0.37279999999999996,0.372,0.005134199061197379,0.20500000000000002,0.227,0.20755000000000004,0.20650000000000002,0.00464192847855285,0.048,0.05,0.0492,0.049,0.000509901951359279,0.009000000000000001,0.01,0.00975,0.01,0.00043301270189221897,0.009000000000000001,0.01,0.00945,0.009000000000000001,0.0004974937185533095,0.0,0.0,0.0,0.0,0.0
32,32,4096,11008,32768,True,1360,1,0.032,0.033,0.03205,0.032,0.00021794494717703385,0.198,0.224,0.2016,0.2005,0.005219195340279954,0.018000000000000002,0.018000000000000002,0.018000000000000002,0.018000000000000002,0.0,0.069,0.092,0.07125000000000001,0.07,0.005008742357119198,0.368,0.398,0.37160000000000004,0.37,0.0061269894728161614,0.20400000000000001,0.226,0.20660000000000003,0.20500000000000002,0.004532107677449862,0.048,0.05,0.049,0.049,0.00044721359549995833,0.009000000000000001,0.01,0.009600000000000001,0.01,0.0004898979485566352,0.009000000000000001,0.01,0.009600000000000001,0.01,0.0004898979485566352,0.0,0.0,0.0,0.0,0.0
32,32,4096,11008,32768,True,1344,1,0.031,0.032,0.03165,0.032,0.00047696960070847325,0.197,0.221,0.2008,0.2,0.004718050444834178,0.018000000000000002,0.018000000000000002,0.018000000000000002,0.018000000000000002,0.0,0.069,0.08700000000000001,0.07100000000000001,0.07,0.003974921382870358,0.369,0.394,0.3709,0.37,0.005337602458033012,0.20400000000000001,0.226,0.2077,0.20700000000000002,0.004337049688440286,0.048,0.049,0.04845000000000001,0.048,0.0004974937185533104,0.009000000000000001,0.01,0.0097,0.01,0.0004582575694955836,0.009000000000000001,0.01,0.00965,0.01,0.00047696960070847243,0.0,0.0,0.0,0.0,0.0
32,32,4096,11008,32768,True,1328,1,0.032,0.032,0.032,0.032,0.0,0.196,0.222,0.20045000000000002,0.2,0.00503463007578511,0.018000000000000002,0.018000000000000002,0.018000000000000002,0.018000000000000002,0.0,0.068,0.092,0.07110000000000001,0.07,0.005127377497317706,0.367,0.393,0.3694,0.368,0.005471745608121786,0.22,0.241,0.22285,0.222,0.004245880356298324,0.047,0.049,0.04805,0.048,0.00038405728739343076,0.009000000000000001,0.01,0.00945,0.009000000000000001,0.0004974937185533095,0.009000000000000001,0.01,0.0095,0.009500000000000001,0.0004999999999999996,0.0,0.0,0.0,0.0,0.0
32,32,4096,11008,32768,True,1312,1,0.031,0.031,0.031,0.031,0.0,0.196,0.22,0.20015,0.199,0.004650537603331467,0.017,0.017,0.017,0.017,0.0,0.069,0.088,0.0708,0.069,0.00434281015012169,0.366,0.392,0.3691,0.368,0.005300000000000005,0.20600000000000002,0.227,0.20785,0.20700000000000002,0.004441565039487769,0.045,0.046,0.045099999999999994,0.045,0.00030000000000000024,0.009000000000000001,0.01,0.00945,0.009000000000000001,0.0004974937185533095,0.009000000000000001,0.01,0.00945,0.009000000000000001,0.0004974937185533095,0.0,0.0,0.0,0.0,0.0
32,32,4096,11008,32768,True,1296,1,0.03,0.031,0.0305,0.0305,0.0005000000000000004,0.196,0.219,0.1991,0.198,0.004624932431938869,0.017,0.017,0.017,0.017,0.0,0.068,0.08700000000000001,0.0703,0.069,0.0040632499307820084,0.366,0.391,0.3685,0.367,0.0052105661880452155,0.2,0.228,0.20515000000000003,0.20400000000000001,0.00569451490471313,0.044,0.046,0.04515,0.045,0.00047696960070847325,0.009000000000000001,0.01,0.0095,0.009500000000000001,0.0004999999999999996,0.009000000000000001,0.01,0.0095,0.009500000000000001,0.0004999999999999996,0.0,0.0,0.0,0.0,0.0
32,32,4096,11008,32768,True,1280,1,0.031,0.031,0.031,0.031,0.0,0.17500000000000002,0.198,0.17804999999999999,0.177,0.004631144566951028,0.017,0.017,0.017,0.017,0.0,0.067,0.08600000000000001,0.06970000000000001,0.069,0.0041121770389904175,0.315,0.333,0.3184,0.318,0.0034985711369071833,0.171,0.195,0.17450000000000002,0.17300000000000001,0.004811444689487762,0.044,0.045,0.04429999999999999,0.044,0.0004582575694955844,0.009000000000000001,0.01,0.0094,0.009000000000000001,0.0004898979485566352,0.009000000000000001,0.01,0.009300000000000001,0.009000000000000001,0.0004582575694955836,0.0,0.0,0.0,0.0,0.0
32,32,4096,11008,32768,True,1264,1,0.03,0.03,0.03,0.03,0.0,0.17400000000000002,0.195,0.1776,0.177,0.00407921561087423,0.017,0.017,0.017,0.017,0.0,0.067,0.08700000000000001,0.06965,0.068,0.004407663780280888,0.315,0.34900000000000003,0.31829999999999997,0.317,0.007085901495222756,0.171,0.193,0.17435,0.17400000000000002,0.0043734997427689395,0.044,0.045,0.04409999999999999,0.044,0.00030000000000000024,0.009000000000000001,0.01,0.0094,0.009000000000000001,0.0004898979485566352,0.009000000000000001,0.01,0.0097,0.01,0.0004582575694955836,0.0,0.0,0.0,0.0,0.0
32,32,4096,11008,32768,True,1248,1,0.029,0.029,0.029000000000000005,0.029,0.0,0.17300000000000001,0.195,0.177,0.176,0.004219004621945799,0.016,0.017,0.01675,0.017,0.0004330127018922197,0.066,0.084,0.06875,0.068,0.0038971143170299736,0.317,0.336,0.31945,0.3185,0.00390480473263389,0.17400000000000002,0.199,0.17570000000000002,0.17450000000000002,0.005367494760127856,0.044,0.045,0.044199999999999996,0.044,0.00040000000000000034,0.009000000000000001,0.01,0.0095,0.009500000000000001,0.0004999999999999996,0.009000000000000001,0.01,0.00965,0.01,0.00047696960070847243,0.0,0.0,0.0,0.0,0.0
32,32,4096,11008,32768,True,1232,1,0.029,0.03,0.0294,0.029,0.0004898979485566344,0.17400000000000002,0.195,0.17675000000000002,0.176,0.004299709292498737,0.017,0.017,0.017,0.017,0.0,0.067,0.085,0.06920000000000001,0.068,0.004007492981902776,0.317,0.337,0.31905,0.318,0.004177020469186144,0.17,0.195,0.17225000000000001,0.171,0.0052713850172416725,0.043000000000000003,0.044,0.0434,0.043000000000000003,0.0004898979485566326,0.008,0.01,0.008950000000000001,0.009000000000000001,0.0004974937185533101,0.008,0.01,0.0091,0.009000000000000001,0.0005385164807134503,0.0,0.0,0.0,0.0,0.0
32,32,4096,11008,32768,True,1216,1,0.028,0.029,0.02815,0.028,0.00035707142142714284,0.17300000000000001,0.194,0.176,0.17500000000000002,0.004195235392680604,0.016,0.017,0.0165,0.0165,0.0005000000000000004,0.066,0.085,0.06815,0.067,0.004245880356298326,0.316,0.335,0.3181,0.317,0.0039484174044799305,0.169,0.194,0.17170000000000002,0.171,0.0051778373863998455,0.043000000000000003,0.044,0.043100000000000006,0.043000000000000003,0.0002999999999999982,0.008,0.01,0.008900000000000002,0.009000000000000001,0.0005385164807134506,0.008,0.01,0.0088,0.009000000000000001,0.0006000000000000002,0.0,0.0,0.0,0.0,0.0
32,32,4096,11008,32768,True,1200,1,0.028,0.028,0.028000000000000004,0.028,0.0,0.17200000000000001,0.194,0.17585,0.17500000000000002,0.004350574674683791,0.016,0.017,0.016300000000000002,0.016,0.0004582575694955844,0.066,0.08600000000000001,0.06860000000000001,0.067,0.004487761134463375,0.315,0.335,0.3174,0.317,0.004103656905736642,0.171,0.198,0.17340000000000003,0.17200000000000001,0.005669215113223346,0.042,0.044,0.042800000000000005,0.043000000000000003,0.0005099019513592781,0.008,0.01,0.009000000000000001,0.009000000000000001,0.0006324555320336759,0.008,0.01,0.00885,0.009000000000000001,0.00047696960070847303,0.0,0.0,0.0,0.0,0.0
32,32,4096,11008,32768,True,1184,1,0.028,0.028,0.028000000000000004,0.028,0.0,0.17200000000000001,0.196,0.17515,0.17400000000000002,0.0048915743886810085,0.015,0.016,0.015099999999999999,0.015,0.00030000000000000024,0.066,0.084,0.06815,0.067,0.0040159058753910055,0.314,0.336,0.3164,0.315,0.004576024475459024,0.169,0.194,0.17135,0.17,0.0052371270750288254,0.042,0.043000000000000003,0.04240000000000001,0.042,0.000489897948556636,0.008,0.01,0.00885,0.009000000000000001,0.00057227615711298,0.008,0.009000000000000001,0.00885,0.009000000000000001,0.00035707142142714284,0.0,0.0,0.0,0.0,0.0
32,32,4096,11008,32768,True,1168,1,0.027,0.028,0.027850000000000003,0.028,0.00035707142142714284,0.17200000000000001,0.192,0.17440000000000003,0.17400000000000002,0.004103656905736636,0.015,0.016,0.01505,0.015,0.00021794494717703385,0.066,0.085,0.06810000000000001,0.067,0.004194043395102154,0.313,0.333,0.3155,0.315,0.004080441152620636,0.171,0.195,0.17300000000000001,0.17200000000000001,0.005089204259999787,0.042,0.043000000000000003,0.04240000000000001,0.042,0.000489897948556636,0.008,0.01,0.00885,0.009000000000000001,0.00057227615711298,0.008,0.009000000000000001,0.00875,0.009000000000000001,0.0004330127018922197,0.0,0.0,0.0,0.0,0.0
32,32,4096,11008,32768,True,1152,1,0.027,0.028,0.0274,0.027,0.000489897948556636,0.171,0.195,0.17450000000000002,0.17400000000000002,0.0048010415536631195,0.015,0.016,0.01505,0.015,0.00021794494717703385,0.066,0.085,0.06825,0.067,0.004205650960315181,0.28800000000000003,0.307,0.29445,0.293,0.0047484207901153834,0.168,0.194,0.17075,0.1695,0.005384004086179726,0.041,0.043000000000000003,0.042100000000000005,0.042,0.0006244997998398403,0.008,0.009000000000000001,0.008700000000000001,0.009000000000000001,0.0004582575694955844,0.008,0.009000000000000001,0.008650000000000001,0.009000000000000001,0.00047696960070847325,0.0,0.0,0.0,0.0,0.0
32,32,4096,11008,32768,True,1136,1,0.027,0.027,0.027000000000000003,0.027,0.0,0.171,0.193,0.17370000000000002,0.17300000000000001,0.00448441746495573,0.015,0.016,0.01505,0.015,0.00021794494717703385,0.066,0.08600000000000001,0.0683,0.067,0.0044955533585978045,0.312,0.334,0.31465,0.314,0.0044863682416850315,0.169,0.194,0.17105,0.17,0.005314837720946895,0.041,0.042,0.0415,0.0415,0.0005000000000000004,0.008,0.01,0.008900000000000002,0.009000000000000001,0.0005385164807134506,0.008,0.009000000000000001,0.0086,0.009000000000000001,0.000489897948556636,0.0,0.0,0.0,0.0,0.0
32,32,4096,11008,32768,True,1120,1,0.026000000000000002,0.027,0.0269,0.027,0.0002999999999999992,0.171,0.192,0.17355,0.17300000000000001,0.00432983833416445,0.015,0.015,0.015,0.015,0.0,0.066,0.083,0.06805,0.067,0.003853245385386194,0.311,0.331,0.3129,0.312,0.004229657196511324,0.167,0.191,0.16970000000000002,0.169,0.004940647730814249,0.041,0.042,0.0413,0.041,0.0004582575694955844,0.008,0.009000000000000001,0.008450000000000001,0.008,0.0004974937185533104,0.008,0.009000000000000001,0.00825,0.008,0.0004330127018922197,0.0,0.0,0.0,0.0,0.0
32,32,4096,11008,32768,True,1104,1,0.026000000000000002,0.026000000000000002,0.026000000000000002,0.026000000000000002,0.0,0.17,0.191,0.17285,0.17200000000000001,0.004269367634673779,0.015,0.016,0.01505,0.015,0.00021794494717703385,0.065,0.084,0.06765,0.0665,0.004102133591193734,0.31,0.33,0.3125,0.312,0.004080441152620636,0.167,0.191,0.16945000000000002,0.168,0.005004747745890894,0.04,0.042,0.040900000000000006,0.041,0.0005385164807134509,0.008,0.009000000000000001,0.0083,0.008,0.0004582575694955844,0.008,0.009000000000000001,0.0082,0.008,0.00040000000000000034,0.0,0.0,0.0,0.0,0.0
32,32,4096,11008,32768,True,1088,1,0.026000000000000002,0.026000000000000002,0.026000000000000002,0.026000000000000002,0.0,0.169,0.19,0.17270000000000002,0.17200000000000001,0.004112177038990416,0.015,0.015,0.015,0.015,0.0,0.065,0.083,0.0673,0.066,0.003976179070414208,0.31,0.33,0.31165,0.311,0.004234087859267924,0.167,0.191,0.16915,0.168,0.005082076347321042,0.04,0.041,0.040400000000000005,0.04,0.000489897948556636,0.008,0.009000000000000001,0.00825,0.008,0.0004330127018922197,0.007,0.009000000000000001,0.008150000000000001,0.008,0.00047696960070847314,0.0,0.0,0.0,0.0,0.0
32,32,4096,11008,32768,True,1072,1,0.025,0.025,0.025,0.025,0.0,0.169,0.191,0.17225000000000001,0.1715,0.004403123891057346,0.015,0.015,0.015,0.015,0.0,0.065,0.084,0.06785,0.067,0.0041264391428930585,0.309,0.33,0.3114,0.31,0.004340506882842145,0.167,0.192,0.1691,0.168,0.005309425580983312,0.039,0.041,0.039850000000000003,0.04,0.00047696960070847325,0.007,0.009000000000000001,0.00765,0.008,0.00057227615711298,0.007,0.008,0.007549999999999999,0.008,0.00049749371855331,0.0,0.0,0.0,0.0,0.0
32,32,4096,11008,32768,True,1056,1,0.025,0.025,0.025,0.025,0.0,0.169,0.191,0.17165000000000002,0.171,0.0045086028878134725,0.014,0.014,0.014000000000000002,0.014,0.0,0.065,0.084,0.06720000000000001,0.066,0.004237924020083418,0.308,0.328,0.31015000000000004,0.309,0.004222262426709172,0.166,0.191,0.16845000000000002,0.167,0.005248571234155061,0.036000000000000004,0.037,0.03675,0.037,0.0004330127018922167,0.007,0.007,0.007000000000000001,0.007,0.0,0.007,0.007,0.007000000000000001,0.007,0.0,0.0,0.0,0.0,0.0,0.0
32,32,4096,11008,32768,True,1040,1,0.024,0.025,0.02425,0.024,0.0004330127018922197,0.168,0.189,0.17120000000000002,0.17,0.0041545156155681955,0.013000000000000001,0.014,0.01395,0.014,0.0002179449471770335,0.065,0.083,0.06715,0.066,0.004138538389335056,0.307,0.328,0.30874999999999997,0.308,0.0044707381940793664,0.166,0.19,0.16815,0.167,0.00506236110920586,0.036000000000000004,0.037,0.03635000000000001,0.036000000000000004,0.00047696960070846994,0.007,0.007,0.007000000000000001,0.007,0.0,0.007,0.007,0.007000000000000001,0.007,0.0,0.0,0.0,0.0,0.0,0.0
32,32,4096,11008,32768,True,1024,1,0.024,0.024,0.024,0.024,0.0,0.146,0.168,0.14834999999999998,0.147,0.004596466033813373,0.013000000000000001,0.014,0.013900000000000001,0.014,0.00029999999999999976,0.047,0.05,0.047950000000000007,0.048,0.0006689544080129832,0.255,0.277,0.2598,0.259,0.0041545156155682016,0.11800000000000001,0.125,0.1212,0.121,0.0012884098726725108,0.035,0.037,0.035750000000000004,0.036000000000000004,0.00053619026473818,0.007,0.007,0.007000000000000001,0.007,0.0,0.007,0.007,0.007000000000000001,0.007,0.0,0.0,0.0,0.0,0.0,0.0
32,32,4096,11008,32768,True,1016,1,0.024,0.024,0.024,0.024,0.0,0.146,0.17200000000000001,0.14855000000000002,0.147,0.00543576121624194,0.014,0.014,0.014000000000000002,0.014,0.0,0.047,0.051000000000000004,0.04805,0.048,0.0008645808232895299,0.255,0.277,0.25955,0.259,0.004128861828639949,0.117,0.125,0.121,0.121,0.0013784048752090204,0.036000000000000004,0.037,0.03610000000000001,0.036000000000000004,0.0002999999999999982,0.006,0.007,0.0069500000000000004,0.007,0.0002179449471770337,0.006,0.007,0.00685,0.007,0.0003570714214271425,0.0,0.0,0.0,0.0,0.0
32,32,4096,11008,32768,True,1008,1,0.024,0.024,0.024,0.024,0.0,0.146,0.169,0.14805,0.147,0.004852576635149624,0.014,0.014,0.014000000000000002,0.014,0.0,0.047,0.05,0.047850000000000004,0.048,0.0007262919523166982,0.254,0.276,0.259,0.258,0.004147288270665548,0.117,0.123,0.12065,0.121,0.0011947803145348494,0.035,0.036000000000000004,0.0354,0.035,0.000489897948556636,0.006,0.007,0.006900000000000001,0.007,0.0003,0.006,0.007,0.006900000000000001,0.007,0.0003,0.0,0.0,0.0,0.0,0.0
32,32,4096,11008,32768,True,1000,1,0.023,0.024,0.02375,0.024,0.0004330127018922197,0.146,0.17,0.14789999999999998,0.147,0.005127377497317713,0.013000000000000001,0.014,0.013900000000000001,0.014,0.00029999999999999976,0.047,0.05,0.047850000000000004,0.048,0.0007262919523166982,0.255,0.28200000000000003,0.25905,0.258,0.005342986056504364,0.117,0.123,0.12065,0.121,0.0011947803145348494,0.035,0.036000000000000004,0.035350000000000006,0.035,0.00047696960070847325,0.006,0.007,0.00645,0.006,0.00049749371855331,0.006,0.007,0.0064,0.006,0.0004898979485566357,0.0,0.0,0.0,0.0,0.0
32,32,4096,11008,32768,True,992,1,0.023,0.024,0.02345,0.023,0.0004974937185533104,0.145,0.17200000000000001,0.14789999999999998,0.147,0.005557877292636106,0.014,0.014,0.014000000000000002,0.014,0.0,0.047,0.051000000000000004,0.0479,0.048,0.0008888194417315596,0.253,0.274,0.25815,0.2575,0.0038114957693797884,0.11800000000000001,0.124,0.1206,0.121,0.001199999999999998,0.035,0.036000000000000004,0.0352,0.035,0.00040000000000000034,0.006,0.006,0.006,0.006,0.0,0.006,0.007,0.0060999999999999995,0.006,0.0003,0.0,0.0,0.0,0.0,0.0
32,32,4096,11008,32768,True,984,1,0.023,0.024,0.0231,0.023,0.00030000000000000024,0.145,0.169,0.14765,0.147,0.004962610200287753,0.013000000000000001,0.014,0.013800000000000002,0.014,0.0003999999999999997,0.047,0.05,0.047799999999999995,0.048,0.0007483314773547889,0.254,0.277,0.25855,0.258,0.004432550056118942,0.117,0.124,0.12025,0.12,0.0014097872179871665,0.035,0.036000000000000004,0.0354,0.035,0.000489897948556636,0.006,0.006,0.006,0.006,0.0,0.006,0.006,0.006,0.006,0.0,0.0,0.0,0.0,0.0,0.0
32,32,4096,11008,32768,True,976,1,0.023,0.023,0.023,0.023,0.0,0.145,0.171,0.1477,0.1465,0.005404627646748669,0.013000000000000001,0.014,0.013600000000000001,0.014,0.0004898979485566352,0.047,0.05,0.04775,0.048,0.0007664854858377953,0.256,0.277,0.25895,0.258,0.004318275118609285,0.117,0.124,0.12,0.12,0.0011401754250991364,0.034,0.036000000000000004,0.034800000000000005,0.035,0.0006782329983125274,0.006,0.006,0.006,0.006,0.0,0.006,0.006,0.006,0.006,0.0,0.0,0.0,0.0,0.0,0.0
32,32,4096,11008,32768,True,968,1,0.023,0.023,0.023,0.023,0.0,0.145,0.169,0.14714999999999998,0.146,0.005082076347321048,0.013000000000000001,0.014,0.013500000000000002,0.013500000000000002,0.0004999999999999996,0.047,0.05,0.047599999999999996,0.0475,0.0007348469228349541,0.254,0.275,0.2592,0.258,0.004567274898667699,0.117,0.123,0.11984999999999998,0.12,0.0011521718621802888,0.034,0.036000000000000004,0.0349,0.035,0.0005385164807134509,0.006,0.006,0.006,0.006,0.0,0.006,0.006,0.006,0.006,0.0,0.0,0.0,0.0,0.0,0.0
32,32,4096,11008,32768,True,960,1,0.023,0.023,0.023,0.023,0.0,0.145,0.169,0.14725,0.146,0.005058408840732434,0.013000000000000001,0.014,0.013600000000000001,0.014,0.0004898979485566352,0.047,0.05,0.047850000000000004,0.048,0.0009096702699330135,0.253,0.276,0.25775000000000003,0.257,0.004380353866983812,0.117,0.123,0.1199,0.12,0.0010440306508910527,0.034,0.035,0.0344,0.034,0.000489897948556636,0.006,0.007,0.0062,0.006,0.0004,0.006,0.006,0.006,0.006,0.0,0.0,0.0,0.0,0.0,0.0
32,32,4096,11008,32768,True,952,1,0.022,0.023,0.022399999999999996,0.022,0.000489897948556636,0.145,0.169,0.14714999999999998,0.146,0.005052474641203066,0.013000000000000001,0.014,0.013300000000000001,0.013000000000000001,0.0004582575694955836,0.047,0.05,0.04775,0.048,0.0007664854858377953,0.254,0.273,0.26034999999999997,0.258,0.005275177722124634,0.117,0.123,0.1197,0.12,0.0011445523142259559,0.034,0.036000000000000004,0.03465,0.035,0.0005722761571129803,0.006,0.006,0.006,0.006,0.0,0.006,0.006,0.006,0.006,0.0,0.0,0.0,0.0,0.0,0.0
32,32,4096,11008,32768,True,944,1,0.022,0.022,0.022,0.022,0.0,0.145,0.168,0.14705,0.146,0.004831925082200679,0.013000000000000001,0.014,0.013600000000000001,0.014,0.0004898979485566352,0.047,0.051000000000000004,0.04775,0.047,0.001219631091765048,0.253,0.28500000000000003,0.26285000000000003,0.258,0.00921561175397489,0.116,0.123,0.11939999999999999,0.1195,0.0013190905958272883,0.034,0.035,0.0342,0.034,0.00040000000000000034,0.006,0.006,0.006,0.006,0.0,0.006,0.006,0.006,0.006,0.0,0.0,0.0,0.0,0.0,0.0
32,32,4096,11008,32768,True,936,1,0.022,0.022,0.022,0.022,0.0,0.14400000000000002,0.167,0.1464,0.1455,0.004779121258139411,0.013000000000000001,0.014,0.01305,0.013000000000000001,0.0002179449471770335,0.046,0.05,0.047299999999999995,0.047,0.0009539392014169465,0.253,0.279,0.26280000000000003,0.2615,0.007782030583337494,0.116,0.123,0.11915,0.11900000000000001,0.0012757350822173046,0.034,0.035,0.0344,0.034,0.000489897948556636,0.006,0.007,0.0060999999999999995,0.006,0.0003,0.006,0.007,0.00605,0.006,0.0002179449471770337,0.0,0.0,0.0,0.0,0.0
32,32,4096,11008,32768,True,928,1,0.022,0.022,0.022,0.022,0.0,0.14400000000000002,0.168,0.1465,0.1455,0.004974937185533102,0.013000000000000001,0.013000000000000001,0.013000000000000001,0.013000000000000001,0.0,0.046,0.05,0.0472,0.047,0.0008717797887081354,0.256,0.289,0.2741,0.2765,0.010506664551607238,0.116,0.123,0.11905000000000002,0.11900000000000001,0.0013219304066402256,0.034,0.035,0.034100000000000005,0.034,0.00030000000000000024,0.006,0.007,0.00615,0.006,0.0003570714214271425,0.006,0.007,0.0062,0.006,0.0004,0.0,0.0,0.0,0.0,0.0
32,32,4096,11008,32768,True,920,1,0.022,0.022,0.022,0.022,0.0,0.14400000000000002,0.169,0.1464,0.145,0.005219195340279959,0.012,0.012,0.012,0.012,0.0,0.047,0.05,0.04775,0.048,0.0007664854858377953,0.26,0.291,0.27625,0.2765,0.007803044277716227,0.115,0.122,0.119,0.11900000000000001,0.0013038404810405272,0.034,0.035,0.034300000000000004,0.034,0.0004582575694955844,0.006,0.006,0.006,0.006,0.0,0.006,0.006,0.006,0.006,0.0,0.0,0.0,0.0,0.0,0.0
32,32,4096,11008,32768,True,912,1,0.021,0.022,0.021150000000000002,0.021,0.0003570714214271416,0.147,0.17200000000000001,0.1492,0.148,0.005268775948927801,0.012,0.013000000000000001,0.01205,0.012,0.00021794494717703385,0.046,0.049,0.04705,0.047,0.0007399324293474378,0.257,0.278,0.25895,0.258,0.0044099319722644284,0.11800000000000001,0.126,0.11925000000000001,0.11900000000000001,0.001639359631075498,0.033,0.034,0.03345,0.033,0.0004974937185533104,0.006,0.006,0.006,0.006,0.0,0.006,0.006,0.006,0.006,0.0,0.0,0.0,0.0,0.0,0.0
32,32,4096,11008,32768,True,904,1,0.021,0.022,0.021050000000000003,0.021,0.00021794494717703312,0.167,0.191,0.17055,0.17,0.004842261868176895,0.012,0.012,0.012,0.012,0.0,0.046,0.05,0.04725,0.047,0.0008291561975888507,0.257,0.28,0.25905,0.258,0.004852576635149624,0.116,0.124,0.11885000000000001,0.11900000000000001,0.0014239030865898128,0.033,0.034,0.033600000000000005,0.034,0.000489897948556636,0.006,0.006,0.006,0.006,0.0,0.006,0.006,0.006,0.006,0.0,0.0,0.0,0.0,0.0,0.0
32,32,4096,11008,32768,True,896,1,0.021,0.022,0.021050000000000003,0.021,0.00021794494717703312,0.14100000000000001,0.166,0.14350000000000002,0.14300000000000002,0.005220153254455274,0.012,0.012,0.012,0.012,0.0,0.046,0.05,0.046799999999999994,0.047,0.0009273618495495712,0.249,0.27,0.25155,0.251,0.00437578564374445,0.11800000000000001,0.127,0.12125,0.121,0.0018674849396983087,0.033,0.034,0.0333,0.033,0.0004582575694955844,0.006,0.006,0.006,0.006,0.0,0.006,0.006,0.006,0.006,0.0,0.0,0.0,0.0,0.0,0.0
32,32,4096,11008,32768,True,888,1,0.021,0.021,0.021,0.021,0.0,0.14100000000000001,0.166,0.14305,0.14200000000000002,0.005342986056504358,0.012,0.013000000000000001,0.01205,0.012,0.00021794494717703385,0.046,0.049,0.0465,0.046,0.0007416198487095669,0.25,0.276,0.2523,0.251,0.00547813836992094,0.117,0.122,0.11820000000000001,0.11800000000000001,0.0009797958971132694,0.033,0.034,0.033350000000000005,0.033,0.00047696960070847325,0.006,0.006,0.006,0.006,0.0,0.006,0.006,0.006,0.006,0.0,0.0,0.0,0.0,0.0,0.0
32,32,4096,11008,32768,True,880,1,0.021,0.021,0.021,0.021,0.0,0.14100000000000001,0.165,0.14305,0.14200000000000002,0.00509386886364382,0.012,0.012,0.012,0.012,0.0,0.046,0.05,0.0467,0.047,0.0009000000000000008,0.249,0.277,0.25145,0.25,0.005903177110675239,0.12,0.128,0.12265,0.123,0.001525614630239237,0.033,0.034,0.03315,0.033,0.00035707142142714284,0.006,0.006,0.006,0.006,0.0,0.006,0.006,0.006,0.006,0.0,0.0,0.0,0.0,0.0,0.0
32,32,4096,11008,32768,True,872,1,0.021,0.021,0.021,0.021,0.0,0.14100000000000001,0.166,0.14320000000000002,0.14200000000000002,0.005259277516921881,0.012,0.012,0.012,0.012,0.0,0.046,0.049,0.04655,0.046,0.0007399324293474378,0.249,0.276,0.25095,0.25,0.005774729430891118,0.115,0.121,0.11785000000000001,0.11800000000000001,0.001107925990308016,0.032,0.034,0.0329,0.033,0.0004358898943540677,0.006,0.006,0.006,0.006,0.0,0.006,0.006,0.006,0.006,0.0,0.0,0.0,0.0,0.0,0.0
32,32,4096,11008,32768,True,864,1,0.02,0.021,0.02085,0.021,0.00035707142142714284,0.14,0.165,0.14275000000000002,0.14200000000000002,0.005175664208582314,0.012,0.012,0.012,0.012,0.0,0.046,0.049,0.0465,0.046,0.0007416198487095669,0.249,0.273,0.2512,0.25,0.00506557005676558,0.115,0.121,0.11780000000000002,0.11800000000000001,0.0010770329614268996,0.032,0.034,0.0329,0.033,0.0005385164807134509,0.006,0.006,0.006,0.006,0.0,0.006,0.006,0.006,0.006,0.0,0.0,0.0,0.0,0.0,0.0
32,32,4096,11008,32768,True,856,1,0.02,0.021,0.02035,0.02,0.00047696960070847325,0.14100000000000001,0.166,0.14305,0.14200000000000002,0.005333619783974106,0.012,0.012,0.012,0.012,0.0,0.045,0.049,0.0462,0.046,0.0007483314773547889,0.249,0.276,0.25145,0.25,0.005661051139143689,0.115,0.121,0.11755,0.11800000000000001,0.0011169153951844327,0.032,0.034,0.03275,0.033,0.0005361902647381809,0.005,0.006,0.005900000000000001,0.006,0.0003,0.005,0.006,0.005900000000000001,0.006,0.0003,0.0,0.0,0.0,0.0,0.0
32,32,4096,11008,32768,True,848,1,0.02,0.02,0.02,0.02,0.0,0.14,0.165,0.14240000000000003,0.14100000000000001,0.005238320341483516,0.012,0.012,0.012,0.012,0.0,0.045,0.049,0.046150000000000004,0.046,0.0008529361054615998,0.248,0.273,0.2504,0.249,0.00521919534027996,0.117,0.126,0.11965,0.12,0.0017965244223221652,0.032,0.033,0.03245,0.032,0.0004974937185533104,0.005,0.006,0.005900000000000001,0.006,0.0003,0.005,0.006,0.00585,0.006,0.0003570714214271425,0.0,0.0,0.0,0.0,0.0
32,32,4096,11008,32768,True,840,1,0.02,0.02,0.02,0.02,0.0,0.14,0.166,0.14225000000000002,0.14100000000000001,0.005494315243958977,0.012,0.012,0.012,0.012,0.0,0.045,0.049,0.04605,0.046,0.0008046738469715547,0.248,0.273,0.25045,0.249,0.005219913792391599,0.116,0.121,0.11855,0.11900000000000001,0.001283549765299341,0.032,0.033,0.0323,0.032,0.0004582575694955844,0.005,0.006,0.0056500000000000005,0.006,0.00047696960070847287,0.005,0.006,0.00575,0.006,0.00043301270189221935,0.0,0.0,0.0,0.0,0.0
32,32,4096,11008,32768,True,832,1,0.02,0.02,0.02,0.02,0.0,0.14,0.166,0.14240000000000003,0.14100000000000001,0.00547174560812178,0.012,0.012,0.012,0.012,0.0,0.045,0.049,0.0462,0.046,0.0007483314773547889,0.268,0.289,0.27205,0.271,0.004306680856529763,0.11900000000000001,0.126,0.12035,0.12,0.0014239030865898135,0.032,0.033,0.03215,0.032,0.00035707142142714284,0.006,0.006,0.006,0.006,0.0,0.006,0.006,0.006,0.006,0.0,0.0,0.0,0.0,0.0,0.0
32,32,4096,11008,32768,True,824,1,0.02,0.02,0.02,0.02,0.0,0.14,0.166,0.14240000000000003,0.14100000000000001,0.005489990892524321,0.012,0.012,0.012,0.012,0.0,0.048,0.05,0.0496,0.05,0.0005830951894845306,0.247,0.274,0.24955,0.248,0.005669876541865798,0.114,0.12,0.11680000000000001,0.117,0.0010770329614268996,0.032,0.033,0.03205,0.032,0.00021794494717703385,0.005,0.006,0.00575,0.006,0.00043301270189221935,0.005,0.006,0.00595,0.006,0.0002179449471770337,0.0,0.0,0.0,0.0,0.0
32,32,4096,11008,32768,True,816,1,0.019,0.02,0.01965,0.02,0.00047696960070847325,0.14,0.164,0.14205,0.14100000000000001,0.0051036751464018535,0.012,0.012,0.012,0.012,0.0,0.045,0.049,0.045899999999999996,0.046,0.0008888194417315596,0.246,0.273,0.2487,0.247,0.00563116329012044,0.115,0.12,0.11685000000000001,0.117,0.0009630680142129097,0.031,0.032,0.0314,0.031,0.000489897948556636,0.005,0.006,0.00575,0.006,0.00043301270189221935,0.005,0.006,0.0056500000000000005,0.006,0.00047696960070847287,0.0,0.0,0.0,0.0,0.0
32,32,4096,11008,32768,True,808,1,0.019,0.019,0.019,0.019,0.0,0.14,0.166,0.14195000000000002,0.14100000000000001,0.005554052574472084,0.012,0.012,0.012,0.012,0.0,0.046,0.049,0.0474,0.0475,0.001019803902718558,0.247,0.274,0.24945,0.248,0.00569627070985922,0.114,0.12,0.11655,0.1165,0.0010712142642814262,0.031,0.033,0.0314,0.031,0.0005830951894845306,0.005,0.006,0.00555,0.006,0.00049749371855331,0.005,0.006,0.0056,0.006,0.0004898979485566357,0.0,0.0,0.0,0.0,0.0
32,32,4096,11008,32768,True,800,1,0.019,0.019,0.019,0.019,0.0,0.14,0.167,0.14225000000000002,0.14100000000000001,0.0056997806975356505,0.012,0.012,0.012,0.012,0.0,0.046,0.05,0.0467,0.047,0.0009000000000000008,0.247,0.274,0.24889999999999998,0.248,0.00578705451849212,0.115,0.12,0.11655,0.1165,0.0010234744745229345,0.03,0.032,0.03115,0.031,0.00047696960070847325,0.005,0.006,0.0055,0.0055,0.0005,0.005,0.006,0.00545,0.005,0.00049749371855331,0.0,0.0,0.0,0.0,0.0
32,32,4096,11008,32768,True,792,1,0.019,0.019,0.019,0.019,0.0,0.14,0.165,0.14215000000000003,0.14100000000000001,0.005294100490168276,0.011,0.011,0.011,0.011,0.0,0.051000000000000004,0.053,0.05185000000000001,0.052000000000000005,0.0004769696007084724,0.246,0.272,0.24820000000000003,0.247,0.0054827000647491245,0.11800000000000001,0.123,0.11955,0.11900000000000001,0.0010712142642814232,0.027,0.029,0.027950000000000003,0.028,0.0004974937185533104,0.005,0.005,0.005,0.005,0.0,0.005,0.005,0.005,0.005,0.0,0.0,0.0,0.0,0.0,0.0
32,32,4096,11008,32768,True,784,1,0.019,0.019,0.019,0.019,0.0,0.139,0.163,0.14155,0.14100000000000001,0.004974685919734027,0.011,0.011,0.011,0.011,0.0,0.051000000000000004,0.053,0.05215000000000001,0.052000000000000005,0.0005722761571129778,0.245,0.271,0.24735000000000001,0.246,0.005452293095569978,0.127,0.131,0.12825,0.128,0.0008874119674649432,0.027,0.028,0.027250000000000003,0.027,0.0004330127018922197,0.005,0.005,0.005,0.005,0.0,0.005,0.005,0.005,0.005,0.0,0.0,0.0,0.0,0.0,0.0
32,32,4096,11008,32768,True,776,1,0.018000000000000002,0.019,0.01845,0.018000000000000002,0.0004974937185533088,0.139,0.161,0.1408,0.14,0.004686149805543991,0.011,0.011,0.011,0.011,0.0,0.049,0.052000000000000005,0.05045000000000001,0.05,0.0007399324293474378,0.245,0.271,0.2476,0.246,0.005435071296680482,0.115,0.123,0.11815,0.11800000000000001,0.0019563997546513828,0.027,0.028,0.027350000000000003,0.027,0.00047696960070847325,0.005,0.005,0.005,0.005,0.0,0.005,0.005,0.005,0.005,0.0,0.0,0.0,0.0,0.0,0.0
32,32,4096,11008,32768,True,768,1,0.018000000000000002,0.019,0.018150000000000003,0.018000000000000002,0.0003570714214271416,0.11900000000000001,0.139,0.13435000000000002,0.135,0.0036915443922564445,0.011,0.011,0.011,0.011,0.0,0.043000000000000003,0.048,0.0442,0.044,0.0010770329614269007,0.244,0.265,0.24710000000000001,0.246,0.004323193264243461,0.108,0.115,0.10934999999999999,0.109,0.0013883443376914834,0.027,0.028,0.027200000000000002,0.027,0.00040000000000000034,0.005,0.005,0.005,0.005,0.0,0.005,0.005,0.005,0.005,0.0,0.0,0.0,0.0,0.0,0.0
32,32,4096,11008,32768,True,760,1,0.018000000000000002,0.018000000000000002,0.018000000000000002,0.018000000000000002,0.0,0.117,0.14300000000000002,0.12079999999999999,0.11900000000000001,0.005344155686354957,0.011,0.011,0.011,0.011,0.0,0.043000000000000003,0.048,0.04375,0.043000000000000003,0.0011779218989389731,0.244,0.263,0.2476,0.247,0.0038000000000000035,0.107,0.115,0.10905000000000001,0.109,0.0014991664350564964,0.027,0.028,0.02715,0.027,0.00035707142142714284,0.005,0.005,0.005,0.005,0.0,0.005,0.005,0.005,0.005,0.0,0.0,0.0,0.0,0.0,0.0
32,32,4096,11008,32768,True,752,1,0.018000000000000002,0.018000000000000002,0.018000000000000002,0.018000000000000002,0.0,0.117,0.138,0.12005000000000002,0.11900000000000001,0.004283398183685472,0.01,0.011,0.01095,0.011,0.0002179449471770335,0.043000000000000003,0.047,0.04365,0.043000000000000003,0.001013656746635663,0.245,0.262,0.2476,0.247,0.0035552777669262386,0.107,0.115,0.10874999999999999,0.108,0.0016393596310755017,0.026000000000000002,0.027,0.026500000000000003,0.026500000000000003,0.0004999999999999987,0.005,0.005,0.005,0.005,0.0,0.005,0.005,0.005,0.005,0.0,0.0,0.0,0.0,0.0,0.0
32,32,4096,11008,32768,True,744,1,0.018000000000000002,0.018000000000000002,0.018000000000000002,0.018000000000000002,0.0,0.14,0.158,0.1433,0.14300000000000002,0.0036069377593742832,0.011,0.011,0.011,0.011,0.0,0.043000000000000003,0.047,0.04365,0.043000000000000003,0.0010618380290797634,0.243,0.261,0.24619999999999997,0.246,0.0035721142198983534,0.108,0.115,0.10869999999999999,0.108,0.0016155494421403527,0.026000000000000002,0.027,0.02665,0.027,0.0004769696007084716,0.005,0.005,0.005,0.005,0.0,0.005,0.005,0.005,0.005,0.0,0.0,0.0,0.0,0.0,0.0
32,32,4096,11008,32768,True,736,1,0.018000000000000002,0.018000000000000002,0.018000000000000002,0.018000000000000002,0.0,0.116,0.138,0.11895,0.11800000000000001,0.004477443466979791,0.01,0.011,0.0109,0.011,0.00029999999999999976,0.043000000000000003,0.047,0.04415,0.044,0.000909670269933012,0.245,0.264,0.24705,0.246,0.004067861846228315,0.108,0.115,0.1085,0.108,0.001627882059609972,0.026000000000000002,0.027,0.0264,0.026000000000000002,0.0004898979485566344,0.005,0.005,0.005,0.005,0.0,0.005,0.005,0.005,0.005,0.0,0.0,0.0,0.0,0.0,0.0
32,32,4096,11008,32768,True,728,1,0.017,0.018000000000000002,0.01795,0.018000000000000002,0.00021794494717703385,0.116,0.138,0.11960000000000001,0.11800000000000001,0.004543126676640219,0.011,0.011,0.011,0.011,0.0,0.044,0.048,0.04435,0.044,0.000963068014212912,0.243,0.263,0.2452,0.244,0.004178516483155239,0.107,0.115,0.1085,0.108,0.0016583123951777014,0.026000000000000002,0.027,0.02645,0.026000000000000002,0.0004974937185533088,0.005,0.005,0.005,0.005,0.0,0.005,0.005,0.005,0.005,0.0,0.0,0.0,0.0,0.0,0.0
32,32,4096,11008,32768,True,720,1,0.017,0.018000000000000002,0.0171,0.017,0.00030000000000000024,0.116,0.136,0.11900000000000002,0.11800000000000001,0.003987480407475378,0.011,0.011,0.011,0.011,0.0,0.043000000000000003,0.048,0.0443,0.044,0.0010049875621120895,0.242,0.265,0.24489999999999998,0.244,0.004689349635077346,0.107,0.115,0.1085,0.108,0.0016583123951777014,0.026000000000000002,0.027,0.026250000000000002,0.026000000000000002,0.0004330127018922182,0.005,0.005,0.005,0.005,0.0,0.005,0.005,0.005,0.005,0.0,0.0,0.0,0.0,0.0,0.0
32,32,4096,11008,32768,True,712,1,0.017,0.017,0.017,0.017,0.0,0.14200000000000002,0.163,0.14450000000000002,0.14300000000000002,0.004398863489584551,0.011,0.011,0.011,0.011,0.0,0.043000000000000003,0.047,0.04375,0.043000000000000003,0.00113468057179102,0.242,0.262,0.24474999999999997,0.2435,0.004241167292149654,0.107,0.115,0.10840000000000001,0.108,0.0016852299546352733,0.026000000000000002,0.027,0.02605,0.026000000000000002,0.00021794494717703312,0.005,0.005,0.005,0.005,0.0,0.005,0.005,0.005,0.005,0.0,0.0,0.0,0.0,0.0,0.0
32,32,4096,11008,32768,True,704,1,0.017,0.017,0.017,0.017,0.0,0.117,0.14,0.11875,0.11750000000000001,0.004928234978164091,0.011,0.011,0.011,0.011,0.0,0.044,0.047,0.04429999999999999,0.044,0.0007810249675906661,0.243,0.276,0.2459,0.244,0.0070278019323256466,0.107,0.115,0.10840000000000001,0.108,0.0016852299546352733,0.025,0.026000000000000002,0.0258,0.026000000000000002,0.00040000000000000034,0.005,0.005,0.005,0.005,0.0,0.005,0.005,0.005,0.005,0.0,0.0,0.0,0.0,0.0,0.0
32,32,4096,11008,32768,True,696,1,0.017,0.017,0.017,0.017,0.0,0.116,0.157,0.11995,0.11800000000000001,0.008610894262502587,0.01,0.011,0.01095,0.011,0.0002179449471770335,0.043000000000000003,0.047,0.0438,0.044,0.0009797958971132696,0.242,0.267,0.24505,0.244,0.005152426612771893,0.108,0.116,0.10915,0.1085,0.0020560885194952105,0.025,0.026000000000000002,0.025750000000000002,0.026000000000000002,0.0004330127018922197,0.005,0.005,0.005,0.005,0.0,0.005,0.005,0.005,0.005,0.0,0.0,0.0,0.0,0.0,0.0
32,32,4096,11008,32768,True,688,1,0.016,0.017,0.01625,0.016,0.0004330127018922197,0.14100000000000001,0.162,0.14320000000000002,0.14200000000000002,0.004377213725647856,0.01,0.011,0.01045,0.01,0.0004974937185533095,0.043000000000000003,0.047,0.04365,0.043000000000000003,0.0011079259903080153,0.241,0.261,0.24434999999999998,0.244,0.004028337125911885,0.107,0.115,0.10845,0.108,0.001687453703068622,0.025,0.026000000000000002,0.02525,0.025,0.0004330127018922197,0.005,0.005,0.005,0.005,0.0,0.005,0.005,0.005,0.005,0.0,0.0,0.0,0.0,0.0,0.0
32,32,4096,11008,32768,True,680,1,0.016,0.016,0.016,0.016,0.0,0.14100000000000001,0.16,0.14255,0.14200000000000002,0.00405555175037873,0.01,0.011,0.010150000000000001,0.01,0.0003570714214271422,0.043000000000000003,0.047,0.04365,0.043000000000000003,0.0010618380290797634,0.242,0.262,0.24420000000000003,0.2435,0.004202380277890143,0.107,0.115,0.10834999999999999,0.108,0.0017109938632268687,0.025,0.026000000000000002,0.02515,0.025,0.00035707142142714284,0.005,0.005,0.005,0.005,0.0,0.005,0.005,0.005,0.005,0.0,0.0,0.0,0.0,0.0,0.0
32,32,4096,11008,32768,True,672,1,0.016,0.016,0.016,0.016,0.0,0.14100000000000001,0.16,0.1427,0.14200000000000002,0.004026164427839477,0.01,0.01,0.01,0.01,0.0,0.043000000000000003,0.047,0.0438,0.0435,0.0010770329614268992,0.241,0.26,0.24459999999999998,0.244,0.0037603191353926366,0.106,0.114,0.10725,0.107,0.0017571283390805596,0.024,0.026000000000000002,0.0247,0.025,0.0005567764362830027,0.005,0.005,0.005,0.005,0.0,0.005,0.005,0.005,0.005,0.0,0.0,0.0,0.0,0.0,0.0
32,32,4096,11008,32768,True,664,1,0.016,0.016,0.016,0.016,0.0,0.14,0.164,0.1426,0.14200000000000002,0.005033885179461286,0.01,0.011,0.01005,0.01,0.0002179449471770335,0.043000000000000003,0.047,0.04375,0.044,0.000942072184070837,0.241,0.257,0.24420000000000003,0.2435,0.003155946767611903,0.107,0.114,0.10754999999999999,0.107,0.0016271140095272996,0.024,0.026000000000000002,0.025,0.025,0.0003162277660168382,0.005,0.005,0.005,0.005,0.0,0.005,0.005,0.005,0.005,0.0,0.0,0.0,0.0,0.0,0.0
32,32,4096,11008,32768,True,656,1,0.016,0.016,0.016,0.016,0.0,0.14100000000000001,0.162,0.1429,0.14200000000000002,0.004426059195266143,0.009000000000000001,0.009000000000000001,0.009000000000000001,0.009000000000000001,0.0,0.044,0.046,0.04425,0.044,0.0006224949798994372,0.241,0.266,0.24500000000000002,0.244,0.005079370039680122,0.106,0.114,0.1076,0.107,0.0017435595774162708,0.024,0.025,0.02435,0.024,0.00047696960070847325,0.004,0.004,0.004,0.004,0.0,0.004,0.004,0.004,0.004,0.0,0.0,0.0,0.0,0.0,0.0
32,32,4096,11008,32768,True,648,1,0.015,0.016,0.01585,0.016,0.00035707142142714284,0.14100000000000001,0.16,0.14305,0.14200000000000002,0.004005933099790857,0.009000000000000001,0.009000000000000001,0.009000000000000001,0.009000000000000001,0.0,0.044,0.047,0.04429999999999999,0.044,0.0007810249675906661,0.241,0.262,0.24464999999999998,0.244,0.004210403781111739,0.107,0.114,0.10765,0.107,0.0017109938632268687,0.024,0.025,0.0243,0.024,0.0004582575694955844,0.004,0.004,0.004,0.004,0.0,0.004,0.004,0.004,0.004,0.0,0.0,0.0,0.0,0.0,0.0
32,32,4096,11008,32768,True,640,1,0.016,0.016,0.016,0.016,0.0,0.10300000000000001,0.11,0.1051,0.105,0.001337908816025963,0.009000000000000001,0.009000000000000001,0.009000000000000001,0.009000000000000001,0.0,0.04,0.057,0.04225,0.041,0.003713152299596665,0.17200000000000001,0.195,0.17565000000000003,0.17500000000000002,0.00455274642386329,0.106,0.114,0.10705,0.107,0.0018296174463532005,0.023,0.024,0.0236,0.024,0.000489897948556636,0.004,0.004,0.004,0.004,0.0,0.004,0.004,0.004,0.004,0.0,0.0,0.0,0.0,0.0,0.0
32,32,4096,11008,32768,True,632,1,0.015,0.016,0.0152,0.015,0.00040000000000000034,0.10400000000000001,0.109,0.10500000000000001,0.105,0.0011401754250991354,0.009000000000000001,0.009000000000000001,0.009000000000000001,0.009000000000000001,0.0,0.04,0.057,0.042,0.041,0.0037416573867739412,0.17200000000000001,0.195,0.1751,0.17400000000000002,0.004646504062195575,0.106,0.114,0.10729999999999999,0.107,0.0017349351572897489,0.023,0.024,0.023299999999999998,0.023,0.0004582575694955844,0.004,0.004,0.004,0.004,0.0,0.004,0.004,0.004,0.004,0.0,0.0,0.0,0.0,0.0,0.0
32,32,4096,11008,32768,True,624,1,0.015,0.015,0.015,0.015,0.0,0.10200000000000001,0.11,0.10475000000000001,0.105,0.0014790199457749014,0.009000000000000001,0.009000000000000001,0.009000000000000001,0.009000000000000001,0.0,0.04,0.055,0.04240000000000001,0.042,0.003231098884280702,0.17200000000000001,0.194,0.17475000000000002,0.17400000000000002,0.004493050188902855,0.106,0.114,0.10729999999999999,0.107,0.0017349351572897489,0.022,0.024,0.022699999999999998,0.023,0.0006403124237432854,0.004,0.004,0.004,0.004,0.0,0.004,0.004,0.004,0.004,0.0,0.0,0.0,0.0,0.0,0.0
32,32,4096,11008,32768,True,616,1,0.015,0.015,0.015,0.015,0.0,0.10200000000000001,0.111,0.1048,0.10450000000000001,0.0016613247725836121,0.009000000000000001,0.009000000000000001,0.009000000000000001,0.009000000000000001,0.0,0.04,0.058,0.04255,0.0415,0.00381411850890871,0.171,0.195,0.1748,0.17400000000000002,0.004739198244429112,0.105,0.113,0.10674999999999998,0.106,0.001728438601744362,0.021,0.023,0.0222,0.022,0.0005099019513592786,0.004,0.004,0.004,0.004,0.0,0.004,0.004,0.004,0.004,0.0,0.0,0.0,0.0,0.0,0.0
32,32,4096,11008,32768,True,608,1,0.015,0.015,0.015,0.015,0.0,0.10200000000000001,0.11,0.10464999999999999,0.10450000000000001,0.001492481155659927,0.009000000000000001,0.009000000000000001,0.009000000000000001,0.009000000000000001,0.0,0.04,0.056,0.04215,0.041,0.003525265947414464,0.17200000000000001,0.191,0.1741,0.17300000000000001,0.0039484174044799245,0.106,0.113,0.10665,0.106,0.0017109938632268687,0.021,0.023,0.02175,0.022,0.0005361902647381794,0.004,0.004,0.004,0.004,0.0,0.004,0.004,0.004,0.004,0.0,0.0,0.0,0.0,0.0,0.0
32,32,4096,11008,32768,True,600,1,0.015,0.015,0.015,0.015,0.0,0.10200000000000001,0.109,0.1042,0.10400000000000001,0.00128840987267251,0.009000000000000001,0.009000000000000001,0.009000000000000001,0.009000000000000001,0.0,0.04,0.056,0.04235,0.041,0.0034536212878658245,0.17,0.193,0.17365000000000003,0.17300000000000001,0.004519679192155123,0.106,0.114,0.10665,0.106,0.0019045996954740927,0.02,0.021,0.02015,0.02,0.00035707142142714284,0.004,0.004,0.004,0.004,0.0,0.004,0.004,0.004,0.004,0.0,0.0,0.0,0.0,0.0,0.0
32,32,4096,11008,32768,True,592,1,0.014,0.015,0.01475,0.015,0.00043301270189221897,0.101,0.108,0.1038,0.10400000000000001,0.0013266499161421576,0.009000000000000001,0.009000000000000001,0.009000000000000001,0.009000000000000001,0.0,0.04,0.056,0.04190000000000001,0.041,0.0035057096285916207,0.17,0.192,0.17345000000000002,0.17300000000000001,0.004352872614722372,0.105,0.113,0.10569999999999999,0.105,0.0019000000000000017,0.019,0.021,0.020200000000000003,0.02,0.0006000000000000005,0.004,0.004,0.004,0.004,0.0,0.004,0.004,0.004,0.004,0.0,0.0,0.0,0.0,0.0,0.0
32,32,4096,11008,32768,True,584,1,0.014,0.015,0.014050000000000002,0.014,0.0002179449471770335,0.10300000000000001,0.108,0.10500000000000001,0.105,0.001095445115010328,0.009000000000000001,0.009000000000000001,0.009000000000000001,0.009000000000000001,0.0,0.04,0.056,0.04215,0.041,0.003468068626771967,0.17,0.192,0.1728,0.17200000000000001,0.004501110973970757,0.105,0.113,0.1065,0.106,0.0017464249196572996,0.018000000000000002,0.02,0.019200000000000002,0.019,0.0005099019513592786,0.004,0.004,0.004,0.004,0.0,0.004,0.004,0.004,0.004,0.0,0.0,0.0,0.0,0.0,0.0
32,32,4096,11008,32768,True,576,1,0.014,0.014,0.014000000000000002,0.014,0.0,0.093,0.116,0.0954,0.094,0.004943682837723311,0.009000000000000001,0.009000000000000001,0.009000000000000001,0.009000000000000001,0.0,0.041,0.057,0.043100000000000006,0.042,0.003491418050019218,0.159,0.18,0.1622,0.161,0.004178516483155234,0.114,0.12,0.11510000000000001,0.115,0.0011789826122551577,0.017,0.02,0.01865,0.019,0.0006538348415311002,0.004,0.004,0.004,0.004,0.0,0.004,0.004,0.004,0.004,0.0,0.0,0.0,0.0,0.0,0.0
32,32,4096,11008,32768,True,568,1,0.014,0.014,0.014000000000000002,0.014,0.0,0.092,0.115,0.09485,0.094,0.004809105946015331,0.009000000000000001,0.009000000000000001,0.009000000000000001,0.009000000000000001,0.0,0.044,0.047,0.044399999999999995,0.044,0.0008000000000000007,0.16,0.18,0.16175,0.161,0.004241167292149648,0.114,0.12,0.11510000000000001,0.115,0.0012206555615733687,0.017,0.019,0.0181,0.018000000000000002,0.0005385164807134498,0.004,0.004,0.004,0.004,0.0,0.004,0.004,0.004,0.004,0.0,0.0,0.0,0.0,0.0,0.0
32,32,4096,11008,32768,True,560,1,0.014,0.014,0.014000000000000002,0.014,0.0,0.101,0.109,0.10370000000000001,0.10350000000000001,0.001452583904633393,0.009000000000000001,0.009000000000000001,0.009000000000000001,0.009000000000000001,0.0,0.044,0.047,0.0447,0.045,0.0007810249675906661,0.169,0.191,0.17140000000000002,0.17,0.004619523784980437,0.114,0.12,0.11460000000000001,0.114,0.0013190905958272903,0.016,0.018000000000000002,0.016900000000000002,0.017,0.0006244997998398403,0.004,0.004,0.004,0.004,0.0,0.004,0.004,0.004,0.004,0.0,0.0,0.0,0.0,0.0,0.0
32,32,4096,11008,32768,True,552,1,0.013000000000000001,0.014,0.01395,0.014,0.0002179449471770335,0.10200000000000001,0.108,0.10375000000000001,0.10400000000000001,0.0011779218989389725,0.009000000000000001,0.009000000000000001,0.009000000000000001,0.009000000000000001,0.0,0.044,0.047,0.0447,0.045,0.0007810249675906661,0.168,0.193,0.17075,0.1695,0.00518531580523308,0.114,0.12,0.11445000000000001,0.114,0.0013219304066402267,0.016,0.017,0.016550000000000002,0.017,0.0004974937185533104,0.004,0.004,0.004,0.004,0.0,0.004,0.004,0.004,0.004,0.0,0.0,0.0,0.0,0.0,0.0
32,32,4096,11008,32768,True,544,1,0.013000000000000001,0.013000000000000001,0.013000000000000001,0.013000000000000001,0.0,0.10200000000000001,0.109,0.10335000000000001,0.10300000000000001,0.0014924811556599287,0.009000000000000001,0.009000000000000001,0.009000000000000001,0.009000000000000001,0.0,0.044,0.047,0.044899999999999995,0.045,0.0007000000000000006,0.168,0.19,0.1708,0.1695,0.004556314299957805,0.113,0.11900000000000001,0.1143,0.114,0.0011874342087037928,0.016,0.017,0.01625,0.016,0.0004330127018922197,0.004,0.004,0.004,0.004,0.0,0.004,0.004,0.004,0.004,0.0,0.0,0.0,0.0,0.0,0.0
32,32,4096,11008,32768,True,536,1,0.013000000000000001,0.013000000000000001,0.013000000000000001,0.013000000000000001,0.0,0.101,0.108,0.10385,0.10400000000000001,0.001275735082217305,0.009000000000000001,0.009000000000000001,0.009000000000000001,0.009000000000000001,0.0,0.044,0.046,0.04475,0.045,0.0006224949798994372,0.167,0.191,0.1701,0.169,0.0048672374094551815,0.114,0.12,0.11480000000000001,0.1145,0.0013266499161421583,0.015,0.016,0.015349999999999999,0.015,0.00047696960070847325,0.004,0.004,0.004,0.004,0.0,0.004,0.004,0.004,0.004,0.0,0.0,0.0,0.0,0.0,0.0
32,32,4096,11008,32768,True,528,1,0.013000000000000001,0.013000000000000001,0.013000000000000001,0.013000000000000001,0.0,0.10200000000000001,0.109,0.10290000000000002,0.10250000000000001,0.0015459624833740293,0.007,0.007,0.007000000000000001,0.007,0.0,0.044,0.046,0.04479999999999999,0.045,0.0006000000000000005,0.168,0.191,0.17070000000000002,0.17,0.00476550102297754,0.113,0.12,0.11425,0.114,0.0014097872179871667,0.014,0.016,0.015,0.015,0.00031622776601683794,0.004,0.004,0.004,0.004,0.0,0.004,0.004,0.004,0.004,0.0,0.0,0.0,0.0,0.0,0.0
32,32,4096,11008,32768,True,520,1,0.013000000000000001,0.013000000000000001,0.013000000000000001,0.013000000000000001,0.0,0.10200000000000001,0.108,0.10305,0.10300000000000001,0.0013219304066402272,0.007,0.007,0.007000000000000001,0.007,0.0,0.044,0.047,0.045,0.045,0.0006324555320336764,0.167,0.192,0.17075,0.17,0.005068283733178322,0.113,0.11900000000000001,0.11420000000000001,0.114,0.0012083045973594582,0.014,0.015,0.014100000000000001,0.014,0.00029999999999999976,0.004,0.004,0.004,0.004,0.0,0.004,0.004,0.004,0.004,0.0,0.0,0.0,0.0,0.0,0.0
32,32,4096,11008,32768,True,512,1,0.012,0.013000000000000001,0.0127,0.013000000000000001,0.0004582575694955844,0.09,0.109,0.09204999999999999,0.091,0.00410457062309811,0.007,0.007,0.007000000000000001,0.007,0.0,0.026000000000000002,0.028,0.0268,0.027,0.0005999999999999992,0.134,0.156,0.13605,0.135,0.004620335485654692,0.064,0.073,0.06715,0.0665,0.002515452245621054,0.013000000000000001,0.014,0.013750000000000002,0.014,0.00043301270189221897,0.004,0.004,0.004,0.004,0.0,0.004,0.004,0.004,0.004,0.0,0.0,0.0,0.0,0.0,0.0
32,32,4096,11008,32768,True,504,1,0.012,0.013000000000000001,0.01255,0.013000000000000001,0.0004974937185533104,0.09,0.11,0.09245,0.091,0.004432550056118939,0.007,0.007,0.007000000000000001,0.007,0.0,0.031,0.031,0.031,0.031,0.0,0.133,0.156,0.13540000000000002,0.134,0.0047791212581394064,0.063,0.068,0.0661,0.067,0.0014106735979665897,0.012,0.014,0.0131,0.013000000000000001,0.0005385164807134503,0.004,0.004,0.004,0.004,0.0,0.004,0.004,0.004,0.004,0.0,0.0,0.0,0.0,0.0,0.0
32,32,4096,11008,32768,True,496,1,0.012,0.013000000000000001,0.0121,0.012,0.00030000000000000024,0.09,0.109,0.09169999999999999,0.0905,0.00424381903478459,0.007,0.007,0.007000000000000001,0.007,0.0,0.026000000000000002,0.028,0.02695,0.027,0.0003840572873934299,0.133,0.153,0.13505,0.134,0.004177020469186138,0.063,0.067,0.066,0.066,0.001095445115010333,0.013000000000000001,0.014,0.013750000000000002,0.014,0.00043301270189221897,0.004,0.004,0.004,0.004,0.0,0.004,0.004,0.004,0.004,0.0,0.0,0.0,0.0,0.0,0.0
32,32,4096,11008,32768,True,488,1,0.012,0.012,0.012,0.012,0.0,0.089,0.107,0.09145,0.09,0.003891978931083775,0.007,0.007,0.007000000000000001,0.007,0.0,0.026000000000000002,0.028,0.0268,0.027,0.0005999999999999992,0.133,0.153,0.1347,0.134,0.00425558456619064,0.07100000000000001,0.079,0.07680000000000001,0.0775,0.001860107523773827,0.012,0.013000000000000001,0.0128,0.013000000000000001,0.00040000000000000034,0.004,0.004,0.004,0.004,0.0,0.004,0.004,0.004,0.004,0.0,0.0,0.0,0.0,0.0,0.0
32,32,4096,11008,32768,True,480,1,0.012,0.012,0.012,0.012,0.0,0.089,0.107,0.09129999999999999,0.09,0.003874274125562104,0.007,0.007,0.007000000000000001,0.007,0.0,0.028,0.03,0.029000000000000005,0.029,0.0005477225575051657,0.132,0.153,0.13440000000000002,0.134,0.0043520110293977865,0.063,0.07200000000000001,0.0685,0.0695,0.0027294688127912385,0.012,0.013000000000000001,0.01285,0.013000000000000001,0.00035707142142714284,0.004,0.004,0.004,0.004,0.0,0.004,0.004,0.004,0.004,0.0,0.0,0.0,0.0,0.0,0.0
32,32,4096,11008,32768,True,472,1,0.012,0.012,0.012,0.012,0.0,0.089,0.108,0.09165,0.091,0.0039404948927767944,0.007,0.007,0.007000000000000001,0.007,0.0,0.032,0.033,0.03295,0.033,0.00021794494717703385,0.132,0.154,0.13415000000000002,0.133,0.004585575209283998,0.065,0.076,0.0721,0.07200000000000001,0.002447447650104081,0.012,0.013000000000000001,0.0126,0.013000000000000001,0.000489897948556636,0.004,0.004,0.004,0.004,0.0,0.004,0.004,0.004,0.004,0.0,0.0,0.0,0.0,0.0,0.0
32,32,4096,11008,32768,True,464,1,0.012,0.012,0.012,0.012,0.0,0.089,0.109,0.0915,0.0905,0.004432832051860301,0.007,0.007,0.007000000000000001,0.007,0.0,0.033,0.033,0.033,0.033,0.0,0.132,0.153,0.13369999999999999,0.133,0.004473253849269007,0.07100000000000001,0.08,0.07654999999999999,0.076,0.0022907422377910617,0.012,0.013000000000000001,0.0124,0.012,0.000489897948556636,0.003,0.004,0.00395,0.004,0.0002179449471770337,0.003,0.004,0.00395,0.004,0.0002179449471770337,0.0,0.0,0.0,0.0,0.0
32,32,4096,11008,32768,True,456,1,0.011,0.012,0.011149999999999998,0.011,0.00035707142142714284,0.089,0.107,0.09119999999999999,0.09,0.003969886648255842,0.007,0.007,0.007000000000000001,0.007,0.0,0.034,0.034,0.034,0.034,0.0,0.131,0.154,0.13345,0.1325,0.004800781186432057,0.082,0.085,0.0834,0.083,0.0009165151389911689,0.012,0.013000000000000001,0.01265,0.013000000000000001,0.00047696960070847325,0.003,0.004,0.00395,0.004,0.0002179449471770337,0.004,0.004,0.004,0.004,0.0,0.0,0.0,0.0,0.0,0.0
32,32,4096,11008,32768,True,448,1,0.011,0.011,0.011,0.011,0.0,0.089,0.108,0.09104999999999999,0.09,0.0041770204691861405,0.007,0.007,0.007000000000000001,0.007,0.0,0.034,0.034,0.034,0.034,0.0,0.131,0.153,0.13285,0.132,0.004682680856090876,0.08,0.084,0.08095,0.081,0.001023474474522937,0.012,0.013000000000000001,0.012199999999999999,0.012,0.00040000000000000034,0.003,0.004,0.0039,0.004,0.0003,0.003,0.004,0.0039,0.004,0.0003,0.0,0.0,0.0,0.0,0.0
32,32,4096,11008,32768,True,440,1,0.011,0.011,0.011,0.011,0.0,0.089,0.108,0.09109999999999999,0.09,0.004158124577258359,0.007,0.007,0.007000000000000001,0.007,0.0,0.034,0.035,0.03465,0.035,0.00047696960070847325,0.131,0.153,0.13285,0.132,0.004671991010265322,0.074,0.08,0.07644999999999999,0.076,0.0014309088021254197,0.012,0.013000000000000001,0.0128,0.013000000000000001,0.00040000000000000034,0.004,0.004,0.004,0.004,0.0,0.003,0.004,0.00395,0.004,0.0002179449471770337,0.0,0.0,0.0,0.0,0.0
32,32,4096,11008,32768,True,432,1,0.011,0.011,0.011,0.011,0.0,0.089,0.107,0.09069999999999999,0.089,0.0040509258201058196,0.007,0.007,0.007000000000000001,0.007,0.0,0.034,0.034,0.034,0.034,0.0,0.13,0.153,0.1323,0.131,0.00481767578817836,0.089,0.093,0.0907,0.091,0.0010049875621120899,0.012,0.013000000000000001,0.01215,0.012,0.00035707142142714284,0.004,0.004,0.004,0.004,0.0,0.004,0.004,0.004,0.004,0.0,0.0,0.0,0.0,0.0,0.0
32,32,4096,11008,32768,True,424,1,0.011,0.011,0.011,0.011,0.0,0.088,0.107,0.09019999999999999,0.089,0.004069397989875162,0.007,0.007,0.007000000000000001,0.007,0.0,0.036000000000000004,0.036000000000000004,0.036000000000000004,0.036000000000000004,0.0,0.13,0.153,0.1323,0.131,0.004796873982084581,0.09,0.093,0.09175,0.092,0.0008291561975888507,0.012,0.013000000000000001,0.0121,0.012,0.00030000000000000024,0.004,0.004,0.004,0.004,0.0,0.003,0.004,0.00395,0.004,0.0002179449471770337,0.0,0.0,0.0,0.0,0.0
32,32,4096,11008,32768,True,416,1,0.01,0.01,0.01,0.01,0.0,0.088,0.107,0.09029999999999999,0.089,0.004100000000000001,0.007,0.007,0.007000000000000001,0.007,0.0,0.033,0.034,0.03315,0.033,0.00035707142142714284,0.13,0.151,0.13185,0.131,0.004430293444005711,0.091,0.094,0.09190000000000001,0.092,0.0008306623862918082,0.012,0.012,0.012,0.012,0.0,0.004,0.004,0.004,0.004,0.0,0.004,0.004,0.004,0.004,0.0,0.0,0.0,0.0,0.0,0.0
32,32,4096,11008,32768,True,408,1,0.01,0.01,0.01,0.01,0.0,0.088,0.107,0.09019999999999999,0.089,0.004057092555020159,0.007,0.007,0.007000000000000001,0.007,0.0,0.033,0.034,0.03305,0.033,0.00021794494717703385,0.129,0.153,0.13145,0.13,0.004984726672546849,0.091,0.095,0.09219999999999999,0.092,0.0009273618495495712,0.011,0.012,0.011949999999999999,0.012,0.00021794494717703385,0.003,0.004,0.00385,0.004,0.0003570714214271425,0.003,0.004,0.00385,0.004,0.0003570714214271425,0.0,0.0,0.0,0.0,0.0
32,32,4096,11008,32768,True,400,1,0.01,0.01,0.01,0.01,0.0,0.08700000000000001,0.107,0.09,0.089,0.00433589667773576,0.007,0.007,0.007000000000000001,0.007,0.0,0.038,0.038,0.038,0.038,0.0,0.129,0.151,0.1313,0.13,0.004594562003064055,0.09,0.095,0.0924,0.0925,0.001200000000000001,0.011,0.012,0.01125,0.011,0.0004330127018922197,0.003,0.004,0.0032500000000000003,0.003,0.00043301270189221935,0.003,0.004,0.0033,0.003,0.000458257569495584,0.0,0.0,0.0,0.0,0.0
32,32,4096,11008,32768,True,392,1,0.01,0.01,0.01,0.01,0.0,0.088,0.107,0.0899,0.089,0.004217819341792629,0.006,0.006,0.006,0.006,0.0,0.036000000000000004,0.037,0.0366,0.037,0.0004898979485566326,0.129,0.152,0.1311,0.13,0.004856953777832355,0.095,0.098,0.096,0.096,0.0007745966692414841,0.009000000000000001,0.011,0.00965,0.01,0.0005722761571129793,0.003,0.003,0.003,0.003,0.0,0.003,0.003,0.003,0.003,0.0,0.0,0.0,0.0,0.0,0.0
32,32,4096,11008,32768,True,384,1,0.01,0.01,0.01,0.01,0.0,0.069,0.08700000000000001,0.07145,0.07,0.003980891859872608,0.006,0.006,0.006,0.006,0.0,0.025,0.027,0.02565,0.026000000000000002,0.0006538348415311009,0.14400000000000002,0.148,0.146,0.146,0.0010954451150103307,0.058,0.062,0.0591,0.059000000000000004,0.0008888194417315575,0.009000000000000001,0.01,0.00955,0.01,0.0004974937185533095,0.003,0.003,0.003,0.003,0.0,0.003,0.003,0.003,0.003,0.0,0.0,0.0,0.0,0.0,0.0
32,32,4096,11008,32768,True,376,1,0.01,0.01,0.01,0.01,0.0,0.069,0.089,0.07220000000000001,0.07100000000000001,0.0042379240200834155,0.006,0.006,0.006,0.006,0.0,0.026000000000000002,0.027,0.0261,0.026000000000000002,0.0002999999999999992,0.14100000000000001,0.148,0.14545,0.146,0.0017457090250095997,0.058,0.062,0.05900000000000001,0.059000000000000004,0.0009486832980505124,0.009000000000000001,0.009000000000000001,0.009000000000000001,0.009000000000000001,0.0,0.003,0.003,0.003,0.003,0.0,0.003,0.003,0.003,0.003,0.0,0.0,0.0,0.0,0.0,0.0
32,32,4096,11008,32768,True,368,1,0.009000000000000001,0.01,0.00935,0.009000000000000001,0.00047696960070847243,0.07,0.106,0.08685,0.0895,0.008827655407864534,0.006,0.006,0.006,0.006,0.0,0.025,0.027,0.02595,0.026000000000000002,0.0004974937185533096,0.14200000000000002,0.148,0.1454,0.1455,0.0013190905958272855,0.058,0.062,0.05885,0.059000000000000004,0.00096306801421291,0.009000000000000001,0.01,0.00905,0.009000000000000001,0.0002179449471770335,0.003,0.003,0.003,0.003,0.0,0.003,0.003,0.003,0.003,0.0,0.0,0.0,0.0,0.0,0.0
32,32,4096,11008,32768,True,360,1,0.009000000000000001,0.009000000000000001,0.009000000000000001,0.009000000000000001,0.0,0.07100000000000001,0.095,0.08764999999999999,0.089,0.005746955715855132,0.006,0.006,0.006,0.006,0.0,0.025,0.026000000000000002,0.025500000000000002,0.025500000000000002,0.0005000000000000004,0.14300000000000002,0.147,0.145,0.145,0.0009486832980505044,0.058,0.062,0.058600000000000006,0.058,0.0009695359714832649,0.009000000000000001,0.01,0.0097,0.01,0.0004582575694955836,0.003,0.003,0.003,0.003,0.0,0.003,0.003,0.003,0.003,0.0,0.0,0.0,0.0,0.0,0.0
32,32,4096,11008,32768,True,352,1,0.009000000000000001,0.009000000000000001,0.009000000000000001,0.009000000000000001,0.0,0.069,0.08600000000000001,0.07125000000000001,0.07,0.003739986630992148,0.006,0.006,0.006,0.006,0.0,0.025,0.027,0.025500000000000002,0.025,0.0005916079783099616,0.14200000000000002,0.147,0.14465,0.14450000000000002,0.0013143439428094817,0.058,0.061,0.05850000000000001,0.058,0.000806225774829854,0.009000000000000001,0.009000000000000001,0.009000000000000001,0.009000000000000001,0.0,0.003,0.003,0.003,0.003,0.0,0.003,0.003,0.003,0.003,0.0,0.0,0.0,0.0,0.0,0.0
32,32,4096,11008,32768,True,344,1,0.009000000000000001,0.009000000000000001,0.009000000000000001,0.009000000000000001,0.0,0.07,0.106,0.0896,0.089,0.0059279001341115715,0.006,0.006,0.006,0.006,0.0,0.026000000000000002,0.027,0.02605,0.026000000000000002,0.00021794494717703312,0.14200000000000002,0.146,0.14420000000000002,0.14400000000000002,0.0010295630140986906,0.057,0.062,0.05840000000000001,0.058,0.001019803902718556,0.009000000000000001,0.009000000000000001,0.009000000000000001,0.009000000000000001,0.0,0.003,0.003,0.003,0.003,0.0,0.003,0.003,0.003,0.003,0.0,0.0,0.0,0.0,0.0,0.0
32,32,4096,11008,32768,True,336,1,0.009000000000000001,0.009000000000000001,0.009000000000000001,0.009000000000000001,0.0,0.088,0.106,0.08995,0.089,0.004055551750378733,0.006,0.006,0.006,0.006,0.0,0.025,0.027,0.02595,0.026000000000000002,0.0003840572873934303,0.14200000000000002,0.146,0.14375,0.14400000000000002,0.0013369741957120853,0.057,0.062,0.058550000000000005,0.058,0.0009733961166965889,0.009000000000000001,0.009000000000000001,0.009000000000000001,0.009000000000000001,0.0,0.003,0.003,0.003,0.003,0.0,0.003,0.003,0.003,0.003,0.0,0.0,0.0,0.0,0.0,0.0
32,32,4096,11008,32768,True,328,1,0.009000000000000001,0.009000000000000001,0.009000000000000001,0.009000000000000001,0.0,0.07100000000000001,0.089,0.0737,0.07200000000000001,0.0039887341350358235,0.006,0.006,0.006,0.006,0.0,0.025,0.026000000000000002,0.02545,0.025,0.0004974937185533104,0.14,0.147,0.14455,0.145,0.0014991664350564858,0.057,0.062,0.05820000000000001,0.058,0.0010295630140986997,0.009000000000000001,0.009000000000000001,0.009000000000000001,0.009000000000000001,0.0,0.003,0.003,0.003,0.003,0.0,0.003,0.003,0.003,0.003,0.0,0.0,0.0,0.0,0.0,0.0
32,32,4096,11008,32768,True,320,1,0.008,0.009000000000000001,0.00885,0.009000000000000001,0.00035707142142714284,0.066,0.084,0.06860000000000001,0.068,0.003773592452822642,0.006,0.006,0.006,0.006,0.0,0.025,0.026000000000000002,0.025500000000000002,0.025500000000000002,0.0005000000000000004,0.105,0.125,0.10745,0.106,0.004128861828639947,0.057,0.061,0.058100000000000006,0.058,0.000994987437106619,0.009000000000000001,0.009000000000000001,0.009000000000000001,0.009000000000000001,0.0,0.003,0.003,0.003,0.003,0.0,0.003,0.003,0.003,0.003,0.0,0.0,0.0,0.0,0.0,0.0
32,32,4096,11008,32768,True,312,1,0.008,0.008,0.008,0.008,0.0,0.066,0.084,0.0684,0.067,0.0038522720568516444,0.006,0.006,0.006,0.006,0.0,0.025,0.027,0.0259,0.026000000000000002,0.0004358898943540673,0.105,0.123,0.10729999999999999,0.106,0.0037296112397943036,0.057,0.061,0.05775,0.058,0.0009420721840708383,0.009000000000000001,0.009000000000000001,0.009000000000000001,0.009000000000000001,0.0,0.003,0.003,0.003,0.003,0.0,0.003,0.003,0.003,0.003,0.0,0.0,0.0,0.0,0.0,0.0
32,32,4096,11008,32768,True,304,1,0.008,0.008,0.008,0.008,0.0,0.066,0.084,0.06855,0.067,0.0038661996844446614,0.006,0.006,0.006,0.006,0.0,0.025,0.026000000000000002,0.02535,0.025,0.00047696960070847325,0.105,0.125,0.10745,0.1065,0.004116734142496939,0.057,0.061,0.058050000000000004,0.058,0.0008645808232895288,0.009000000000000001,0.009000000000000001,0.009000000000000001,0.009000000000000001,0.0,0.003,0.003,0.003,0.003,0.0,0.003,0.003,0.003,0.003,0.0,0.0,0.0,0.0,0.0,0.0
32,32,4096,11008,32768,True,296,1,0.008,0.008,0.008,0.008,0.0,0.066,0.085,0.0688,0.068,0.004044749683231336,0.006,0.006,0.006,0.006,0.0,0.025,0.026000000000000002,0.02595,0.026000000000000002,0.00021794494717703385,0.105,0.124,0.10785,0.107,0.003850649295898031,0.057,0.061,0.05770000000000001,0.057,0.0010049875621120888,0.009000000000000001,0.009000000000000001,0.009000000000000001,0.009000000000000001,0.0,0.003,0.003,0.003,0.003,0.0,0.003,0.003,0.003,0.003,0.0,0.0,0.0,0.0,0.0,0.0
32,32,4096,11008,32768,True,288,1,0.008,0.008,0.008,0.008,0.0,0.066,0.084,0.06865,0.068,0.003978379066906521,0.006,0.006,0.006,0.006,0.0,0.025,0.026000000000000002,0.0252,0.025,0.00040000000000000034,0.106,0.124,0.1078,0.107,0.003906404996924922,0.057,0.061,0.05820000000000001,0.058,0.0008717797887081337,0.009000000000000001,0.009000000000000001,0.009000000000000001,0.009000000000000001,0.0,0.003,0.003,0.003,0.003,0.0,0.003,0.003,0.003,0.003,0.0,0.0,0.0,0.0,0.0,0.0
32,32,4096,11008,32768,True,280,1,0.007,0.008,0.007050000000000001,0.007,0.0002179449471770337,0.066,0.084,0.06910000000000001,0.068,0.0037536648758246917,0.006,0.006,0.006,0.006,0.0,0.025,0.026000000000000002,0.0251,0.025,0.00030000000000000024,0.106,0.124,0.10785,0.107,0.0037851684242580282,0.057,0.06,0.05765,0.057,0.0009630680142129103,0.009000000000000001,0.009000000000000001,0.009000000000000001,0.009000000000000001,0.0,0.003,0.003,0.003,0.003,0.0,0.003,0.003,0.003,0.003,0.0,0.0,0.0,0.0,0.0,0.0
32,32,4096,11008,32768,True,272,1,0.007,0.007,0.007000000000000001,0.007,0.0,0.066,0.083,0.06860000000000001,0.068,0.00352703841770968,0.006,0.006,0.006,0.006,0.0,0.025,0.026000000000000002,0.02505,0.025,0.00021794494717703385,0.106,0.124,0.1082,0.107,0.0037229020937972574,0.057,0.061,0.05765,0.057,0.0010136567466356645,0.009000000000000001,0.009000000000000001,0.009000000000000001,0.009000000000000001,0.0,0.003,0.003,0.003,0.003,0.0,0.003,0.003,0.003,0.003,0.0,0.0,0.0,0.0,0.0,0.0
32,32,4096,11008,32768,True,264,1,0.007,0.007,0.007000000000000001,0.007,0.0,0.067,0.084,0.06945,0.068,0.003853245385386194,0.004,0.004,0.004,0.004,0.0,0.025,0.026000000000000002,0.02525,0.025,0.0004330127018922197,0.106,0.124,0.10880000000000001,0.108,0.003709447398198282,0.057,0.06,0.058050000000000004,0.058,0.0007399324293474368,0.006,0.006,0.006,0.006,0.0,0.003,0.003,0.003,0.003,0.0,0.003,0.003,0.003,0.003,0.0,0.0,0.0,0.0,0.0,0.0
32,32,4096,11008,32768,True,256,1,0.007,0.007,0.007000000000000001,0.007,0.0,0.05,0.052000000000000005,0.050850000000000006,0.051000000000000004,0.0006538348415311016,0.004,0.004,0.004,0.004,0.0,0.019,0.019,0.019,0.019,0.0,0.11800000000000001,0.133,0.11985000000000001,0.11900000000000001,0.0031348843678834465,0.052000000000000005,0.053,0.0523,0.052000000000000005,0.00045825756949558123,0.006,0.006,0.006,0.006,0.0,0.003,0.003,0.003,0.003,0.0,0.003,0.003,0.003,0.003,0.0,0.0,0.0,0.0,0.0,0.0
32,32,4096,11008,32768,True,248,1,0.007,0.007,0.007000000000000001,0.007,0.0,0.05,0.052000000000000005,0.0507,0.051000000000000004,0.0005567764362830027,0.004,0.004,0.004,0.004,0.0,0.019,0.019,0.019,0.019,0.0,0.115,0.14300000000000002,0.12810000000000002,0.129,0.005838664230798001,0.049,0.05,0.04965000000000001,0.05,0.00047696960070847325,0.006,0.006,0.006,0.006,0.0,0.003,0.003,0.003,0.003,0.0,0.003,0.003,0.003,0.003,0.0,0.0,0.0,0.0,0.0,0.0
32,32,4096,11008,32768,True,240,1,0.007,0.007,0.007000000000000001,0.007,0.0,0.05,0.052000000000000005,0.0505,0.05,0.0005916079783099621,0.004,0.005,0.00405,0.004,0.0002179449471770337,0.02,0.021,0.02035,0.02,0.00047696960070847325,0.115,0.14200000000000002,0.1268,0.128,0.006201612693485462,0.05,0.051000000000000004,0.05065000000000001,0.051000000000000004,0.00047696960070847325,0.006,0.006,0.006,0.006,0.0,0.002,0.003,0.0029500000000000004,0.003,0.0002179449471770337,0.003,0.003,0.003,0.003,0.0,0.0,0.0,0.0,0.0,0.0
32,32,4096,11008,32768,True,232,1,0.006,0.007,0.0066,0.007,0.0004898979485566357,0.049,0.051000000000000004,0.04995000000000001,0.05,0.0006689544080129832,0.004,0.005,0.00405,0.004,0.0002179449471770337,0.021,0.022,0.021150000000000002,0.021,0.0003570714214271416,0.115,0.133,0.122,0.11800000000000001,0.006172519744804384,0.052000000000000005,0.054,0.052849999999999994,0.053,0.00047696960070847075,0.006,0.006,0.006,0.006,0.0,0.002,0.003,0.00275,0.003,0.00043301270189221935,0.002,0.003,0.0029500000000000004,0.003,0.0002179449471770337,0.0,0.0,0.0,0.0,0.0
32,32,4096,11008,32768,True,224,1,0.006,0.006,0.006,0.006,0.0,0.046,0.049,0.047099999999999996,0.047,0.0006244997998398403,0.004,0.004,0.004,0.004,0.0,0.023,0.023,0.023,0.023,0.0,0.114,0.14200000000000002,0.12295,0.123,0.007392394740542472,0.058,0.059000000000000004,0.05820000000000001,0.058,0.00040000000000000034,0.006,0.006,0.006,0.006,0.0,0.002,0.003,0.00225,0.002,0.00043301270189221935,0.002,0.003,0.0021000000000000003,0.002,0.0003,0.0,0.0,0.0,0.0,0.0
32,32,4096,11008,32768,True,216,1,0.006,0.006,0.006,0.006,0.0,0.046,0.05,0.047299999999999995,0.047,0.0009539392014169465,0.004,0.004,0.004,0.004,0.0,0.023,0.023,0.023,0.023,0.0,0.113,0.14200000000000002,0.12284999999999999,0.126,0.00765685966960346,0.052000000000000005,0.054,0.052700000000000004,0.053,0.0005567764362829997,0.006,0.006,0.006,0.006,0.0,0.002,0.003,0.00255,0.003,0.00049749371855331,0.002,0.003,0.00265,0.003,0.00047696960070847287,0.0,0.0,0.0,0.0,0.0
32,32,4096,11008,32768,True,208,1,0.006,0.006,0.006,0.006,0.0,0.046,0.049,0.0472,0.047,0.0007483314773547889,0.004,0.004,0.004,0.004,0.0,0.024,0.025,0.02405,0.024,0.00021794494717703385,0.114,0.14200000000000002,0.12705,0.1275,0.005286539510870983,0.057,0.059000000000000004,0.057800000000000004,0.058,0.000509901951359279,0.006,0.006,0.006,0.006,0.0,0.002,0.003,0.0025,0.0025,0.0005,0.002,0.003,0.00245,0.002,0.00049749371855331,0.0,0.0,0.0,0.0,0.0
32,32,4096,11008,32768,True,200,1,0.006,0.006,0.006,0.006,0.0,0.046,0.049,0.04705,0.047,0.0006689544080129832,0.004,0.004,0.004,0.004,0.0,0.025,0.026000000000000002,0.0251,0.025,0.00030000000000000024,0.113,0.131,0.11995,0.115,0.00676368982139187,0.055,0.056,0.05565,0.056,0.00047696960070847325,0.006,0.006,0.006,0.006,0.0,0.002,0.003,0.00215,0.002,0.0003570714214271425,0.002,0.003,0.0021999999999999997,0.002,0.0004,0.0,0.0,0.0,0.0,0.0
32,32,4096,11008,32768,True,192,1,0.005,0.006,0.00585,0.006,0.0003570714214271425,0.048,0.051000000000000004,0.04905,0.049,0.0006689544080129832,0.004,0.004,0.004,0.004,0.0,0.016,0.017,0.0162,0.016,0.00040000000000000034,0.08600000000000001,0.106,0.08885,0.088,0.0042576401914675675,0.043000000000000003,0.046,0.04425,0.044,0.0006224949798994365,0.006,0.006,0.006,0.006,0.0,0.002,0.003,0.00225,0.002,0.00043301270189221935,0.002,0.003,0.00235,0.002,0.00047696960070847287,0.0,0.0,0.0,0.0,0.0
32,32,4096,11008,32768,True,184,1,0.005,0.005,0.005,0.005,0.0,0.048,0.051000000000000004,0.0492,0.049,0.0006000000000000005,0.004,0.005,0.00405,0.004,0.0002179449471770337,0.015,0.016,0.01595,0.016,0.00021794494717703385,0.08600000000000001,0.10300000000000001,0.0884,0.0875,0.003720215047547655,0.044,0.045,0.0445,0.0445,0.0005000000000000004,0.006,0.006,0.006,0.006,0.0,0.002,0.003,0.0024000000000000002,0.002,0.0004898979485566357,0.002,0.003,0.0023,0.002,0.000458257569495584,0.0,0.0,0.0,0.0,0.0
32,32,4096,11008,32768,True,176,1,0.005,0.005,0.005,0.005,0.0,0.048,0.051000000000000004,0.049,0.049,0.0006324555320336764,0.004,0.005,0.00405,0.004,0.0002179449471770337,0.016,0.016,0.016,0.016,0.0,0.08600000000000001,0.105,0.08815,0.08700000000000001,0.004222262426709166,0.044,0.045,0.044199999999999996,0.044,0.00040000000000000034,0.006,0.006,0.006,0.006,0.0,0.002,0.003,0.0021999999999999997,0.002,0.0004,0.002,0.003,0.00225,0.002,0.00043301270189221935,0.0,0.0,0.0,0.0,0.0
32,32,4096,11008,32768,True,168,1,0.005,0.005,0.005,0.005,0.0,0.048,0.05,0.04905,0.049,0.0006689544080129832,0.004,0.004,0.004,0.004,0.0,0.016,0.017,0.01695,0.017,0.00021794494717703385,0.085,0.105,0.0877,0.08600000000000001,0.004495553358597802,0.043000000000000003,0.045,0.04425,0.044,0.00053619026473818,0.006,0.006,0.006,0.006,0.0,0.002,0.003,0.00215,0.002,0.0003570714214271425,0.002,0.003,0.00215,0.002,0.0003570714214271425,0.0,0.0,0.0,0.0,0.0
32,32,4096,11008,32768,True,160,1,0.005,0.005,0.005,0.005,0.0,0.048,0.051000000000000004,0.04925,0.049,0.0008291561975888507,0.004,0.004,0.004,0.004,0.0,0.017,0.017,0.017,0.017,0.0,0.084,0.10200000000000001,0.08685000000000001,0.08600000000000001,0.003824591481452627,0.044,0.045,0.04425,0.044,0.0004330127018922197,0.006,0.006,0.006,0.006,0.0,0.002,0.002,0.002,0.002,0.0,0.002,0.002,0.002,0.002,0.0,0.0,0.0,0.0,0.0,0.0
32,32,4096,11008,32768,True,152,1,0.004,0.005,0.00405,0.004,0.0002179449471770337,0.048,0.05,0.04845000000000001,0.048,0.0005894913061275804,0.004,0.005,0.00405,0.004,0.0002179449471770337,0.016,0.017,0.016900000000000002,0.017,0.00030000000000000024,0.084,0.10300000000000001,0.0864,0.085,0.004115823125451335,0.043000000000000003,0.045,0.04415,0.044,0.0004769696007084724,0.006,0.006,0.006,0.006,0.0,0.002,0.002,0.002,0.002,0.0,0.002,0.002,0.002,0.002,0.0,0.0,0.0,0.0,0.0,0.0
32,32,4096,11008,32768,True,144,1,0.004,0.004,0.004,0.004,0.0,0.047,0.05,0.048350000000000004,0.048,0.0007262919523166982,0.004,0.004,0.004,0.004,0.0,0.017,0.017,0.017,0.017,0.0,0.084,0.10400000000000001,0.08635000000000001,0.085,0.004407663780280888,0.043000000000000003,0.045,0.0441,0.044,0.0004358898943540669,0.006,0.006,0.006,0.006,0.0,0.002,0.002,0.002,0.002,0.0,0.002,0.002,0.002,0.002,0.0,0.0,0.0,0.0,0.0,0.0
32,32,4096,11008,32768,True,136,1,0.004,0.004,0.004,0.004,0.0,0.047,0.049,0.047950000000000007,0.048,0.0005894913061275804,0.004,0.004,0.004,0.004,0.0,0.016,0.017,0.01625,0.016,0.0004330127018922197,0.112,0.128,0.11935,0.1195,0.006528973885688316,0.043000000000000003,0.045,0.0441,0.044,0.0006244997998398385,0.006,0.006,0.006,0.006,0.0,0.002,0.002,0.002,0.002,0.0,0.002,0.002,0.002,0.002,0.0,0.0,0.0,0.0,0.0,0.0
32,32,4096,11008,32768,True,128,1,0.004,0.004,0.004,0.004,0.0,0.039,0.041,0.040100000000000004,0.04,0.0006244997998398403,0.003,0.004,0.0030499999999999998,0.003,0.0002179449471770337,0.014,0.015,0.0144,0.014,0.0004898979485566352,0.069,0.07200000000000001,0.07035,0.07,0.0006538348415311016,0.044,0.046,0.044899999999999995,0.045,0.0006244997998398403,0.004,0.004,0.004,0.004,0.0,0.002,0.002,0.002,0.002,0.0,0.002,0.002,0.002,0.002,0.0,0.0,0.0,0.0,0.0,0.0
32,32,4096,11008,32768,True,120,1,0.004,0.004,0.004,0.004,0.0,0.039,0.04,0.0396,0.04,0.000489897948556636,0.003,0.003,0.003,0.003,0.0,0.014,0.014,0.014000000000000002,0.014,0.0,0.07,0.07200000000000001,0.0703,0.07,0.0005567764362830027,0.044,0.046,0.0445,0.044,0.0006708203932499375,0.004,0.004,0.004,0.004,0.0,0.002,0.002,0.002,0.002,0.0,0.002,0.002,0.002,0.002,0.0,0.0,0.0,0.0,0.0,0.0
32,32,4096,11008,32768,True,112,1,0.004,0.004,0.004,0.004,0.0,0.039,0.04,0.03955,0.04,0.0004974937185533104,0.003,0.003,0.003,0.003,0.0,0.014,0.014,0.014000000000000002,0.014,0.0,0.069,0.07100000000000001,0.07025,0.07,0.0005361902647381809,0.043000000000000003,0.045,0.04395,0.044,0.0005894913061275781,0.004,0.004,0.004,0.004,0.0,0.002,0.002,0.002,0.002,0.0,0.002,0.002,0.002,0.002,0.0,0.0,0.0,0.0,0.0,0.0
32,32,4096,11008,32768,True,104,1,0.003,0.004,0.0036999999999999997,0.004,0.000458257569495584,0.039,0.04,0.039400000000000004,0.039,0.000489897948556636,0.003,0.003,0.003,0.003,0.0,0.013000000000000001,0.014,0.013850000000000001,0.014,0.0003570714214271422,0.069,0.07100000000000001,0.07005000000000002,0.07,0.0007399324293474378,0.043000000000000003,0.045,0.04415,0.044,0.0004769696007084724,0.004,0.004,0.004,0.004,0.0,0.002,0.002,0.002,0.002,0.0,0.002,0.002,0.002,0.002,0.0,0.0,0.0,0.0,0.0,0.0
32,32,4096,11008,32768,True,96,1,0.003,0.003,0.003,0.003,0.0,0.062,0.064,0.0632,0.063,0.0006000000000000005,0.003,0.003,0.003,0.003,0.0,0.014,0.014,0.014000000000000002,0.014,0.0,0.068,0.084,0.0699,0.069,0.0034336569426778787,0.043000000000000003,0.044,0.04335,0.043000000000000003,0.00047696960070846994,0.004,0.004,0.004,0.004,0.0,0.002,0.002,0.002,0.002,0.0,0.002,0.002,0.002,0.002,0.0,0.0,0.0,0.0,0.0,0.0
32,32,4096,11008,32768,True,88,1,0.003,0.003,0.003,0.003,0.0,0.062,0.063,0.0626,0.063,0.000489897948556636,0.003,0.003,0.003,0.003,0.0,0.014,0.014,0.014000000000000002,0.014,0.0,0.067,0.084,0.06985,0.069,0.003511053972812152,0.043000000000000003,0.044,0.04315000000000001,0.043000000000000003,0.00035707142142714035,0.004,0.004,0.004,0.004,0.0,0.002,0.002,0.002,0.002,0.0,0.002,0.002,0.002,0.002,0.0,0.0,0.0,0.0,0.0,0.0
32,32,4096,11008,32768,True,80,1,0.003,0.003,0.003,0.003,0.0,0.062,0.063,0.062450000000000006,0.062,0.0004974937185533104,0.003,0.003,0.003,0.003,0.0,0.014,0.014,0.014000000000000002,0.014,0.0,0.067,0.081,0.06905,0.068,0.0029744747435471687,0.043000000000000003,0.044,0.04315000000000001,0.043000000000000003,0.00035707142142714035,0.004,0.004,0.004,0.004,0.0,0.002,0.002,0.002,0.002,0.0,0.002,0.002,0.002,0.002,0.0,0.0,0.0,0.0,0.0,0.0
32,32,4096,11008,32768,True,72,1,0.003,0.003,0.003,0.003,0.0,0.062,0.064,0.0626,0.063,0.0005830951894845306,0.003,0.003,0.003,0.003,0.0,0.014,0.014,0.014000000000000002,0.014,0.0,0.067,0.083,0.06960000000000001,0.069,0.0034263683398023624,0.042,0.044,0.043100000000000006,0.043000000000000003,0.0004358898943540656,0.004,0.004,0.004,0.004,0.0,0.002,0.002,0.002,0.002,0.0,0.002,0.002,0.002,0.002,0.0,0.0,0.0,0.0,0.0,0.0
32,32,4096,11008,32768,True,64,1,0.003,0.003,0.003,0.003,0.0,0.039,0.04,0.03925,0.039,0.0004330127018922197,0.003,0.003,0.003,0.003,0.0,0.012,0.012,0.012,0.012,0.0,0.065,0.066,0.0654,0.065,0.000489897948556636,0.038,0.04,0.03875,0.039,0.0006224949798994372,0.004,0.004,0.004,0.004,0.0,0.002,0.002,0.002,0.002,0.0,0.002,0.002,0.002,0.002,0.0,0.0,0.0,0.0,0.0,0.0
32,32,4096,11008,32768,True,56,1,0.002,0.003,0.0029500000000000004,0.003,0.0002179449471770337,0.039,0.04,0.0392,0.039,0.00040000000000000034,0.003,0.003,0.003,0.003,0.0,0.012,0.013000000000000001,0.0128,0.013000000000000001,0.00040000000000000034,0.064,0.066,0.06520000000000001,0.065,0.0006782329983125274,0.038,0.04,0.0386,0.039,0.0005830951894845306,0.004,0.004,0.004,0.004,0.0,0.002,0.002,0.002,0.002,0.0,0.002,0.002,0.002,0.002,0.0,0.0,0.0,0.0,0.0,0.0
32,32,4096,11008,32768,True,48,1,0.002,0.002,0.002,0.002,0.0,0.038,0.04,0.03885,0.039,0.0005722761571129803,0.003,0.003,0.003,0.003,0.0,0.014,0.014,0.014000000000000002,0.014,0.0,0.064,0.065,0.06470000000000001,0.065,0.0004582575694955844,0.038,0.04,0.0385,0.038,0.0005916079783099621,0.004,0.004,0.004,0.004,0.0,0.002,0.002,0.002,0.002,0.0,0.002,0.002,0.002,0.002,0.0,0.0,0.0,0.0,0.0,0.0
32,32,4096,11008,32768,True,40,1,0.002,0.002,0.002,0.002,0.0,0.038,0.04,0.038900000000000004,0.039,0.0004358898943540677,0.003,0.003,0.003,0.003,0.0,0.012,0.012,0.012,0.012,0.0,0.064,0.066,0.0649,0.065,0.0005385164807134509,0.038,0.04,0.03905,0.039,0.0005894913061275804,0.004,0.004,0.004,0.004,0.0,0.002,0.002,0.002,0.002,0.0,0.002,0.002,0.002,0.002,0.0,0.0,0.0,0.0,0.0,0.0
32,32,4096,11008,32768,True,32,1,0.002,0.002,0.002,0.002,0.0,0.036000000000000004,0.038,0.03695,0.037,0.0008046738469715519,0.003,0.003,0.003,0.003,0.0,0.011,0.011,0.011,0.011,0.0,0.064,0.066,0.065,0.065,0.0006324555320336764,0.038,0.039,0.03845,0.038,0.0004974937185533104,0.004,0.004,0.004,0.004,0.0,0.002,0.002,0.002,0.002,0.0,0.002,0.002,0.002,0.002,0.0,0.0,0.0,0.0,0.0,0.0
32,32,4096,11008,32768,True,24,1,0.002,0.002,0.002,0.002,0.0,0.036000000000000004,0.038,0.03655,0.036000000000000004,0.0006689544080129801,0.003,0.003,0.003,0.003,0.0,0.01,0.01,0.01,0.01,0.0,0.064,0.066,0.06485,0.065,0.0005722761571129803,0.037,0.039,0.03785,0.038,0.0005722761571129803,0.004,0.004,0.004,0.004,0.0,0.002,0.002,0.002,0.002,0.0,0.002,0.002,0.002,0.002,0.0,0.0,0.0,0.0,0.0,0.0
32,32,4096,11008,32768,True,16,1,0.007,0.007,0.007000000000000001,0.007,0.0,0.038,0.04,0.038400000000000004,0.038,0.0005830951894845306,0.003,0.003,0.003,0.003,0.0,0.01,0.01,0.01,0.01,0.0,0.063,0.079,0.06570000000000001,0.065,0.0032878564445547195,0.035,0.038,0.0362,0.036000000000000004,0.0007483314773547862,0.004,0.004,0.004,0.004,0.0,0.002,0.002,0.002,0.002,0.0,0.002,0.002,0.002,0.002,0.0,0.0,0.0,0.0,0.0,0.0
32,32,4096,11008,32768,True,8,1,0.004,0.004,0.004,0.004,0.0,0.035,0.037,0.03560000000000001,0.036000000000000004,0.0005830951894845298,0.003,0.003,0.003,0.003,0.0,0.009000000000000001,0.009000000000000001,0.009000000000000001,0.009000000000000001,0.0,0.061,0.063,0.06194999999999999,0.062,0.0004974937185533104,0.035,0.037,0.03585000000000001,0.036000000000000004,0.0004769696007084724,0.004,0.004,0.004,0.004,0.0,0.002,0.002,0.002,0.002,0.0,0.002,0.002,0.002,0.002,0.0,0.0,0.0,0.0,0.0,0.0
32,32,4096,11008,32768,True,4,1,0.002,0.002,0.002,0.002,0.0,0.035,0.036000000000000004,0.0354,0.035,0.000489897948556636,0.003,0.003,0.003,0.003,0.0,0.01,0.01,0.01,0.01,0.0,0.061,0.063,0.06174999999999999,0.062,0.0005361902647381809,0.034,0.037,0.0357,0.036000000000000004,0.0007141428428542844,0.004,0.004,0.004,0.004,0.0,0.002,0.002,0.002,0.002,0.0,0.002,0.002,0.002,0.002,0.0,0.0,0.0,0.0,0.0,0.0
32,32,4096,11008,32768,True,2,1,0.002,0.002,0.002,0.002,0.0,0.035,0.036000000000000004,0.0354,0.035,0.000489897948556636,0.003,0.003,0.003,0.003,0.0,0.009000000000000001,0.01,0.00995,0.01,0.0002179449471770335,0.061,0.062,0.061549999999999994,0.062,0.0004974937185533104,0.035,0.037,0.03560000000000001,0.035500000000000004,0.0006633249580710791,0.004,0.004,0.004,0.004,0.0,0.002,0.002,0.002,0.002,0.0,0.002,0.002,0.002,0.002,0.0,0.0,0.0,0.0,0.0,0.0
32,32,4096,11008,32768,True,1,1,0.001,0.001,0.001,0.001,0.0,0.036000000000000004,0.037,0.03665,0.037,0.00047696960070846994,0.003,0.003,0.003,0.003,0.0,0.01,0.01,0.01,0.01,0.0,0.061,0.062,0.06165,0.062,0.00047696960070847325,0.037,0.039,0.03815,0.038,0.00047696960070847325,0.004,0.004,0.004,0.004,0.0,0.002,0.002,0.002,0.002,0.0,0.002,0.002,0.002,0.002,0.0,0.0,0.0,0.0,0.0,0.0
32,32,4096,11008,32768,True,4096,2,0.151,0.295,0.16185,0.153,0.03172896941282524,0.28300000000000003,0.307,0.2887,0.28800000000000003,0.004495553358597794,0.034,0.035,0.03475,0.035,0.0004330127018922197,0.1,0.124,0.10300000000000001,0.10200000000000001,0.00513809303146605,0.516,0.527,0.51805,0.5175000000000001,0.0022688102609076874,0.253,0.28400000000000003,0.25529999999999997,0.254,0.006641535966928138,0.07200000000000001,0.073,0.07285,0.073,0.00035707142142713785,0.023,0.024,0.02345,0.023,0.0004974937185533104,0.023,0.024,0.02345,0.023,0.0004974937185533104,0.0,0.0,0.0,0.0,0.0
32,32,4096,11008,32768,True,4096,2,0.154,0.262,0.16085,0.156,0.02322342567322918,0.28500000000000003,0.313,0.2927,0.292,0.004970915408654628,0.034,0.035,0.0345,0.0345,0.0005000000000000004,0.101,0.127,0.10400000000000001,0.10250000000000001,0.005656854249492379,0.516,0.532,0.51915,0.5185,0.0031188940347501417,0.249,0.271,0.25365000000000004,0.253,0.004126439142893062,0.07200000000000001,0.073,0.0728,0.073,0.0003999999999999948,0.023,0.024,0.02385,0.024,0.00035707142142714284,0.023,0.024,0.02385,0.024,0.00035707142142714284,0.0,0.0,0.0,0.0,0.0
32,32,4096,11008,32768,True,4064,2,0.15,0.247,0.15645,0.151,0.020802583974112446,0.28600000000000003,0.31,0.29105,0.29,0.004554942370656297,0.034,0.035,0.03495,0.035,0.00021794494717703385,0.095,0.11900000000000001,0.09759999999999999,0.096,0.005053711507397312,0.516,0.529,0.5187,0.518,0.0025119713374160964,0.268,0.303,0.27240000000000003,0.271,0.007220803279414273,0.076,0.077,0.07680000000000001,0.077,0.00040000000000000034,0.026000000000000002,0.026000000000000002,0.026000000000000002,0.026000000000000002,0.0,0.026000000000000002,0.026000000000000002,0.026000000000000002,0.026000000000000002,0.0,0.0,0.0,0.0,0.0,0.0
32,32,4096,11008,32768,True,4032,2,0.152,0.248,0.15805,0.153,0.02065786775056903,0.28500000000000003,0.305,0.28979999999999995,0.289,0.00376297754444535,0.033,0.034,0.0332,0.033,0.00040000000000000034,0.101,0.122,0.1032,0.10200000000000001,0.004556314299957805,0.515,0.527,0.51775,0.5175000000000001,0.0023210988776870343,0.249,0.272,0.25335,0.2525,0.00445280810275943,0.07200000000000001,0.073,0.0727,0.073,0.00045825756949557803,0.023,0.024,0.023049999999999998,0.023,0.00021794494717703385,0.023,0.023,0.023,0.023,0.0,0.0,0.0,0.0,0.0,0.0
32,32,4096,11008,32768,True,4000,2,0.152,0.242,0.15835,0.154,0.019215293388340444,0.28600000000000003,0.308,0.291,0.29,0.004110960958218893,0.033,0.035,0.0337,0.034,0.0005567764362830027,0.1,0.122,0.10300000000000001,0.10200000000000001,0.004560701700396549,0.515,0.532,0.5169,0.516,0.0035902646142032513,0.265,0.293,0.27705,0.2685,0.01162099393339484,0.073,0.074,0.07365,0.074,0.00047696960070847325,0.023,0.024,0.02385,0.024,0.00035707142142714284,0.023,0.024,0.02395,0.024,0.00021794494717703385,0.0,0.0,0.0,0.0,0.0
32,32,4096,11008,32768,True,3968,2,0.158,0.246,0.16465000000000002,0.16,0.018695654575328458,0.28600000000000003,0.307,0.29009999999999997,0.29,0.004048456495999428,0.033,0.034,0.033100000000000004,0.033,0.00030000000000000024,0.10200000000000001,0.127,0.10470000000000002,0.10350000000000001,0.005235456045083368,0.505,0.527,0.5097,0.509,0.004220189569201842,0.259,0.295,0.2636,0.262,0.0073783466982786814,0.073,0.074,0.0731,0.073,0.00030000000000000024,0.024,0.024,0.024,0.024,0.0,0.023,0.024,0.02395,0.024,0.00021794494717703385,0.0,0.0,0.0,0.0,0.0
32,32,4096,11008,32768,True,3936,2,0.152,0.233,0.15705,0.153,0.017439825113802033,0.28500000000000003,0.306,0.28965,0.289,0.0038894086954188774,0.033,0.033,0.033,0.033,0.0,0.097,0.117,0.09935000000000001,0.098,0.004245880356298326,0.514,0.528,0.5162,0.516,0.00280356915377524,0.252,0.271,0.25645,0.255,0.0038402473878644885,0.07100000000000001,0.07200000000000001,0.07145000000000001,0.07100000000000001,0.0004974937185533104,0.023,0.024,0.023149999999999997,0.023,0.00035707142142714284,0.022,0.024,0.023,0.023,0.0003162277660168382,0.0,0.0,0.0,0.0,0.0
32,32,4096,11008,32768,True,3904,2,0.151,0.247,0.1578,0.152,0.02087965516956638,0.28400000000000003,0.313,0.28945000000000004,0.28800000000000003,0.005545042831214195,0.03,0.032,0.0309,0.031,0.0004358898943540677,0.10300000000000001,0.125,0.1059,0.105,0.004646504062195577,0.515,0.532,0.51735,0.5165,0.0035394208565809214,0.266,0.28800000000000003,0.26825,0.267,0.004646235034950345,0.069,0.07,0.06970000000000001,0.07,0.0004582575694955844,0.022,0.023,0.022049999999999997,0.022,0.00021794494717703385,0.022,0.023,0.022199999999999998,0.022,0.00040000000000000034,0.0,0.0,0.0,0.0,0.0
32,32,4096,11008,32768,True,3872,2,0.145,0.226,0.1505,0.147,0.01735079248910551,0.28300000000000003,0.302,0.2878,0.28700000000000003,0.0035298725189445474,0.03,0.031,0.0306,0.031,0.000489897948556636,0.1,0.123,0.10285,0.10200000000000001,0.004767336782733099,0.513,0.53,0.515,0.514,0.0035071355833500395,0.264,0.28700000000000003,0.26775000000000004,0.2665,0.00462466214982241,0.069,0.07,0.0695,0.0695,0.0005000000000000004,0.022,0.023,0.022049999999999997,0.022,0.00021794494717703385,0.022,0.022,0.022,0.022,0.0,0.0,0.0,0.0,0.0,0.0
32,32,4096,11008,32768,True,3840,2,0.14400000000000002,0.228,0.14935,0.145,0.018059000526053488,0.266,0.29,0.2718,0.271,0.0043999999999999925,0.03,0.032,0.03105,0.031,0.00038405728739343076,0.091,0.112,0.09345,0.092,0.004543952024394625,0.499,0.512,0.50095,0.5,0.002747271373563233,0.242,0.267,0.24889999999999998,0.248,0.004459820624195555,0.068,0.069,0.06895,0.069,0.00021794494717703385,0.021,0.022,0.0217,0.022,0.0004582575694955828,0.021,0.022,0.0219,0.022,0.0002999999999999992,0.0,0.0,0.0,0.0,0.0
32,32,4096,11008,32768,True,3808,2,0.14400000000000002,0.234,0.14915,0.14450000000000002,0.01948146555062016,0.266,0.28500000000000003,0.27195,0.272,0.0033387872049593127,0.029,0.03,0.029150000000000002,0.029,0.0003570714214271416,0.091,0.111,0.09315,0.092,0.004373499742768943,0.489,0.506,0.49284999999999995,0.492,0.003453621287865828,0.242,0.266,0.24855,0.248,0.004283398183685476,0.068,0.069,0.0685,0.0685,0.0005000000000000004,0.021,0.022,0.02135,0.021,0.0004769696007084716,0.021,0.022,0.0216,0.022,0.0004898979485566344,0.0,0.0,0.0,0.0,0.0
32,32,4096,11008,32768,True,3776,2,0.14200000000000002,0.23600000000000002,0.1477,0.14300000000000002,0.020285709255532577,0.266,0.28800000000000003,0.27145,0.271,0.0040432041749088096,0.028,0.029,0.028200000000000003,0.028,0.00040000000000000034,0.091,0.11,0.09315,0.092,0.004053085244600711,0.49,0.504,0.49174999999999996,0.491,0.002981191037152771,0.255,0.291,0.25834999999999997,0.257,0.007564885987243953,0.069,0.07,0.06995,0.07,0.00021794494717703385,0.022,0.023,0.022649999999999997,0.023,0.00047696960070847325,0.022,0.023,0.022699999999999998,0.023,0.0004582575694955844,0.0,0.0,0.0,0.0,0.0
32,32,4096,11008,32768,True,3744,2,0.145,0.234,0.15084999999999998,0.146,0.01909784019202172,0.267,0.28700000000000003,0.27140000000000003,0.2705,0.0037603191353926366,0.028,0.029,0.02815,0.028,0.00035707142142714284,0.091,0.113,0.09359999999999999,0.092,0.004694677837722202,0.488,0.505,0.49105,0.49,0.003442019755899147,0.245,0.274,0.2488,0.2475,0.005878775382679633,0.068,0.069,0.06845000000000001,0.068,0.0004974937185533104,0.021,0.022,0.0211,0.021,0.0002999999999999992,0.021,0.022,0.0213,0.021,0.0004582575694955828,0.0,0.0,0.0,0.0,0.0
32,32,4096,11008,32768,True,3712,2,0.139,0.242,0.14585,0.14100000000000001,0.022089081013025414,0.266,0.28600000000000003,0.26995,0.269,0.003866199684444665,0.028,0.029,0.028050000000000002,0.028,0.00021794494717703385,0.091,0.114,0.09325,0.092,0.0050087423571192015,0.505,0.516,0.5078,0.507,0.002158703314492292,0.24,0.263,0.24699999999999997,0.2465,0.004037325847637273,0.066,0.067,0.06670000000000001,0.067,0.0004582575694955844,0.02,0.021,0.02085,0.021,0.00035707142142714284,0.02,0.021,0.02075,0.021,0.0004330127018922197,0.0,0.0,0.0,0.0,0.0
32,32,4096,11008,32768,True,3680,2,0.136,0.222,0.1419,0.138,0.01839537985473526,0.264,0.28400000000000003,0.26955,0.269,0.0036121323342314057,0.027,0.028,0.027450000000000002,0.027,0.0004974937185533104,0.09,0.111,0.09259999999999999,0.091,0.004565084884205332,0.485,0.502,0.48860000000000003,0.488,0.0033970575502926086,0.242,0.262,0.2466,0.246,0.0037202150475476583,0.065,0.066,0.0659,0.066,0.00030000000000000024,0.02,0.021,0.020700000000000003,0.021,0.0004582575694955844,0.02,0.021,0.020550000000000002,0.021,0.0004974937185533104,0.0,0.0,0.0,0.0,0.0
32,32,4096,11008,32768,True,3648,2,0.136,0.228,0.14195000000000002,0.137,0.019938593230215615,0.262,0.28400000000000003,0.2685,0.268,0.003853569773599542,0.026000000000000002,0.027,0.0268,0.027,0.000399999999999999,0.09,0.111,0.09259999999999999,0.091,0.004532107677449865,0.485,0.501,0.48739999999999994,0.486,0.003426368339802366,0.243,0.265,0.2459,0.245,0.004526588119102514,0.065,0.066,0.0659,0.066,0.00030000000000000024,0.02,0.021,0.0204,0.02,0.000489897948556636,0.02,0.021,0.02035,0.02,0.00047696960070847325,0.0,0.0,0.0,0.0,0.0
32,32,4096,11008,32768,True,3616,2,0.134,0.226,0.14075000000000001,0.136,0.019628741681524058,0.263,0.28600000000000003,0.26820000000000005,0.2675,0.00424970587217516,0.026000000000000002,0.027,0.026350000000000002,0.026000000000000002,0.0004769696007084716,0.09,0.11,0.0924,0.091,0.004386342439892263,0.48,0.505,0.48414999999999997,0.483,0.0049927447361146,0.244,0.276,0.24825,0.247,0.006525909898244081,0.067,0.068,0.06705000000000001,0.067,0.00021794494717703385,0.021,0.022,0.02185,0.022,0.0003570714214271416,0.021,0.021,0.021,0.021,0.0,0.0,0.0,0.0,0.0,0.0
32,32,4096,11008,32768,True,3584,2,0.135,0.23,0.14195000000000002,0.137,0.020380076054813928,0.26,0.28600000000000003,0.26270000000000004,0.2615,0.005423098745182505,0.027,0.028,0.02705,0.027,0.00021794494717703385,0.084,0.10400000000000001,0.08660000000000001,0.085,0.004270831300812524,0.462,0.48,0.46425,0.464,0.0036861226241133023,0.231,0.253,0.23645,0.23600000000000002,0.004030818775385465,0.064,0.065,0.06465000000000001,0.065,0.00047696960070847325,0.02,0.02,0.02,0.02,0.0,0.02,0.02,0.02,0.02,0.0,0.0,0.0,0.0,0.0,0.0
32,32,4096,11008,32768,True,3552,2,0.132,0.219,0.13820000000000002,0.134,0.018567713914211408,0.257,0.28,0.2619,0.261,0.0043000000000000035,0.026000000000000002,0.027,0.0261,0.026000000000000002,0.0002999999999999992,0.084,0.10300000000000001,0.08650000000000001,0.0855,0.004177319714841084,0.461,0.47800000000000004,0.46340000000000003,0.4625,0.0034554305086342023,0.23500000000000001,0.261,0.23654999999999998,0.23500000000000001,0.005634491991297883,0.064,0.065,0.0646,0.065,0.000489897948556636,0.02,0.02,0.02,0.02,0.0,0.02,0.02,0.02,0.02,0.0,0.0,0.0,0.0,0.0,0.0
32,32,4096,11008,32768,True,3520,2,0.133,0.217,0.1388,0.1345,0.017987773625437915,0.258,0.28200000000000003,0.2616,0.261,0.0047791212581394125,0.025,0.026000000000000002,0.02515,0.025,0.00035707142142714284,0.089,0.11,0.09119999999999999,0.09,0.00465403051128804,0.46,0.47400000000000003,0.46195,0.461,0.002836811590500859,0.23500000000000001,0.266,0.23735,0.23600000000000002,0.006597537419370958,0.064,0.065,0.06470000000000001,0.065,0.0004582575694955844,0.02,0.021,0.02075,0.021,0.0004330127018922197,0.02,0.02,0.02,0.02,0.0,0.0,0.0,0.0,0.0,0.0
32,32,4096,11008,32768,True,3488,2,0.132,0.223,0.13875,0.134,0.019426463908802344,0.258,0.28300000000000003,0.2615,0.261,0.005014977567247938,0.025,0.026000000000000002,0.02535,0.025,0.00047696960070847325,0.089,0.111,0.09154999999999999,0.09,0.00485257663514962,0.459,0.47800000000000004,0.46085000000000004,0.46,0.004015905875391009,0.231,0.252,0.2354,0.23500000000000001,0.004029888335921975,0.062,0.063,0.06294999999999999,0.063,0.00021794494717703385,0.019,0.02,0.01965,0.02,0.00047696960070847325,0.019,0.02,0.01935,0.019,0.00047696960070847325,0.0,0.0,0.0,0.0,0.0
32,32,4096,11008,32768,True,3456,2,0.126,0.211,0.1326,0.128,0.018067650649710935,0.243,0.265,0.2476,0.247,0.004127953488110062,0.025,0.026000000000000002,0.02515,0.025,0.00035707142142714284,0.09,0.111,0.09245,0.091,0.004488596662655268,0.441,0.457,0.44480000000000003,0.444,0.0030430248109405904,0.234,0.261,0.23700000000000002,0.23600000000000002,0.005540758070878026,0.062,0.063,0.0628,0.063,0.00040000000000000034,0.019,0.02,0.01985,0.02,0.00035707142142714284,0.019,0.02,0.019700000000000002,0.02,0.0004582575694955844,0.0,0.0,0.0,0.0,0.0
32,32,4096,11008,32768,True,3424,2,0.126,0.209,0.13205,0.127,0.018142422660714305,0.242,0.265,0.24674999999999997,0.246,0.00433445498303997,0.024,0.025,0.02425,0.024,0.0004330127018922197,0.084,0.10200000000000001,0.08720000000000001,0.08600000000000001,0.0036276714294434104,0.441,0.453,0.44370000000000004,0.4435,0.0024919871588754247,0.23800000000000002,0.269,0.24135,0.24,0.00642864682495469,0.062,0.063,0.0621,0.062,0.00030000000000000024,0.019,0.02,0.019450000000000002,0.019,0.0004974937185533104,0.019,0.02,0.0195,0.0195,0.0005000000000000004,0.0,0.0,0.0,0.0,0.0
32,32,4096,11008,32768,True,3392,2,0.126,0.222,0.1336,0.128,0.02097474672075923,0.242,0.266,0.2468,0.246,0.004578209256903843,0.024,0.025,0.02405,0.024,0.00021794494717703385,0.088,0.11,0.09065,0.089,0.004891574388681012,0.44,0.456,0.44329999999999997,0.443,0.0031480152477394415,0.231,0.259,0.23349999999999999,0.232,0.005928743543112655,0.06,0.061,0.0607,0.061,0.0004582575694955844,0.018000000000000002,0.019,0.01895,0.019,0.00021794494717703312,0.019,0.019,0.019,0.019,0.0,0.0,0.0,0.0,0.0,0.0
32,32,4096,11008,32768,True,3360,2,0.122,0.212,0.1288,0.123,0.019622945752358387,0.23900000000000002,0.262,0.24584999999999999,0.245,0.004028337125911883,0.023,0.024,0.02385,0.024,0.00035707142142714284,0.088,0.109,0.09025,0.089,0.004678407848830627,0.439,0.454,0.44195,0.4415,0.002974474743547172,0.246,0.276,0.24965,0.248,0.00616664414410302,0.061,0.062,0.0616,0.062,0.000489897948556636,0.019,0.02,0.01905,0.019,0.00021794494717703385,0.019,0.02,0.01905,0.019,0.00021794494717703385,0.0,0.0,0.0,0.0,0.0
32,32,4096,11008,32768,True,3328,2,0.123,0.217,0.1321,0.127,0.019884416008522855,0.23900000000000002,0.261,0.24234999999999998,0.241,0.004407663780280889,0.023,0.024,0.023899999999999998,0.024,0.00030000000000000024,0.081,0.1,0.08320000000000001,0.082,0.004296510211788168,0.447,0.459,0.45055000000000006,0.45,0.002519424537468827,0.20800000000000002,0.248,0.21725,0.216,0.007347618661852287,0.059000000000000004,0.06,0.05985,0.06,0.00035707142142714035,0.018000000000000002,0.019,0.018250000000000002,0.018000000000000002,0.0004330127018922182,0.018000000000000002,0.019,0.01855,0.019,0.0004974937185533088,0.0,0.0,0.0,0.0,0.0
32,32,4096,11008,32768,True,3296,2,0.11900000000000001,0.20400000000000001,0.12535000000000002,0.12,0.018336507301010194,0.23500000000000001,0.26,0.24194999999999997,0.241,0.004477443466979792,0.023,0.024,0.02335,0.023,0.00047696960070847325,0.08,0.1,0.08255,0.081,0.0044885966626552675,0.436,0.452,0.4389,0.438,0.0033151168908501583,0.211,0.23500000000000001,0.21635,0.216,0.00445280810275943,0.059000000000000004,0.06,0.05985,0.06,0.00035707142142714035,0.018000000000000002,0.019,0.018150000000000003,0.018000000000000002,0.0003570714214271416,0.018000000000000002,0.019,0.018300000000000004,0.018000000000000002,0.0004582575694955828,0.0,0.0,0.0,0.0,0.0
32,32,4096,11008,32768,True,3264,2,0.117,0.199,0.12410000000000002,0.1195,0.01749256985122541,0.23600000000000002,0.259,0.24115000000000003,0.2405,0.004292726406376256,0.023,0.024,0.023399999999999997,0.023,0.000489897948556636,0.08,0.1,0.08275,0.082,0.0043803538669838086,0.435,0.448,0.4377,0.437,0.0027221315177632425,0.21,0.232,0.2157,0.215,0.00398873413503583,0.058,0.059000000000000004,0.058800000000000005,0.059000000000000004,0.00040000000000000034,0.018000000000000002,0.019,0.0182,0.018000000000000002,0.000399999999999999,0.018000000000000002,0.018000000000000002,0.018000000000000002,0.018000000000000002,0.0,0.0,0.0,0.0,0.0,0.0
32,32,4096,11008,32768,True,3232,2,0.116,0.197,0.1223,0.11800000000000001,0.017332339715110594,0.23700000000000002,0.257,0.24025,0.23900000000000002,0.003973348713616762,0.022,0.023,0.02275,0.023,0.0004330127018922197,0.08,0.1,0.08235,0.081,0.004350574674683795,0.432,0.449,0.4359,0.436,0.0033151168908501583,0.209,0.233,0.21515,0.215,0.004384917331033737,0.059000000000000004,0.061,0.05965,0.06,0.0006538348415310986,0.018000000000000002,0.019,0.01845,0.018000000000000002,0.0004974937185533088,0.018000000000000002,0.019,0.0184,0.018000000000000002,0.0004898979485566344,0.0,0.0,0.0,0.0,0.0
32,32,4096,11008,32768,True,3200,2,0.11900000000000001,0.20500000000000002,0.1252,0.12,0.018731257298964216,0.221,0.247,0.22765,0.227,0.004661276649159539,0.023,0.023,0.023,0.023,0.0,0.08,0.099,0.08245,0.081,0.004153010955921017,0.41400000000000003,0.433,0.41769999999999996,0.417,0.003769615364994145,0.209,0.234,0.21480000000000002,0.214,0.004632493928760192,0.057,0.058,0.05785,0.058,0.00035707142142714284,0.017,0.019,0.018000000000000002,0.018000000000000002,0.00031622776601683767,0.018000000000000002,0.019,0.018050000000000004,0.018000000000000002,0.00021794494717703312,0.0,0.0,0.0,0.0,0.0
32,32,4096,11008,32768,True,3168,2,0.113,0.196,0.1196,0.115,0.018161497735594386,0.219,0.244,0.2273,0.227,0.0043370496884402865,0.023,0.024,0.0231,0.023,0.00030000000000000024,0.079,0.098,0.08180000000000001,0.08,0.004106093033529563,0.41400000000000003,0.431,0.41685,0.41600000000000004,0.0034245437652335414,0.215,0.246,0.2184,0.217,0.006406246951218786,0.057,0.058,0.05765,0.058,0.00047696960070847325,0.018000000000000002,0.018000000000000002,0.018000000000000002,0.018000000000000002,0.0,0.018000000000000002,0.018000000000000002,0.018000000000000002,0.018000000000000002,0.0,0.0,0.0,0.0,0.0,0.0
32,32,4096,11008,32768,True,3136,2,0.117,0.20700000000000002,0.12450000000000001,0.11900000000000001,0.01999124808509964,0.22,0.251,0.22605,0.225,0.005903177110675234,0.022,0.022,0.022,0.022,0.0,0.079,0.1,0.08195,0.081,0.00452189119727576,0.41200000000000003,0.432,0.41575000000000006,0.41500000000000004,0.003922690403281902,0.20700000000000002,0.233,0.21355,0.213,0.00470611304581605,0.056,0.057,0.0563,0.056,0.0004582575694955844,0.017,0.018000000000000002,0.017550000000000003,0.018000000000000002,0.0004974937185533104,0.017,0.018000000000000002,0.017650000000000002,0.018000000000000002,0.00047696960070847325,0.0,0.0,0.0,0.0,0.0
32,32,4096,11008,32768,True,3104,2,0.111,0.202,0.11805000000000002,0.112,0.02020266071585622,0.221,0.243,0.22625,0.2255,0.0041094403511913865,0.021,0.022,0.0213,0.021,0.0004582575694955828,0.08,0.109,0.08280000000000001,0.081,0.006321392251711642,0.41200000000000003,0.432,0.41530000000000006,0.41450000000000004,0.004075536774462956,0.215,0.246,0.21800000000000003,0.217,0.006488451279003334,0.058,0.058,0.05800000000000001,0.058,0.0,0.018000000000000002,0.019,0.01875,0.019,0.0004330127018922182,0.018000000000000002,0.019,0.01875,0.019,0.0004330127018922182,0.0,0.0,0.0,0.0,0.0
32,32,4096,11008,32768,True,3072,2,0.11900000000000001,0.20400000000000001,0.1254,0.12,0.018456435192094927,0.219,0.244,0.2225,0.2215,0.005004997502496878,0.021,0.022,0.0216,0.022,0.0004898979485566344,0.073,0.093,0.07544999999999999,0.074,0.004352872614722375,0.40800000000000003,0.418,0.40985000000000005,0.40950000000000003,0.0021041625412500722,0.186,0.211,0.19190000000000002,0.191,0.004614108798023729,0.055,0.056,0.055349999999999996,0.055,0.00047696960070847325,0.017,0.018000000000000002,0.017050000000000003,0.017,0.00021794494717703385,0.017,0.018000000000000002,0.0171,0.017,0.00030000000000000024,0.0,0.0,0.0,0.0,0.0
32,32,4096,11008,32768,True,3040,2,0.108,0.2,0.11585000000000001,0.11,0.020715392827557005,0.218,0.241,0.2219,0.221,0.004482186966202992,0.021,0.022,0.021200000000000004,0.021,0.000399999999999999,0.073,0.089,0.07485,0.074,0.0034536212878658254,0.392,0.40900000000000003,0.39540000000000003,0.395,0.0032924155266308686,0.185,0.212,0.1915,0.191,0.0049648766349225625,0.055,0.057,0.0558,0.056,0.0006000000000000005,0.017,0.018000000000000002,0.0172,0.017,0.00040000000000000034,0.017,0.018000000000000002,0.01725,0.017,0.0004330127018922197,0.0,0.0,0.0,0.0,0.0
32,32,4096,11008,32768,True,3008,2,0.109,0.196,0.1162,0.1105,0.019208331525668754,0.218,0.243,0.22160000000000002,0.221,0.004963869458396341,0.021,0.022,0.0211,0.021,0.0002999999999999992,0.07200000000000001,0.09,0.0748,0.074,0.0038288379438153287,0.392,0.41000000000000003,0.3946,0.394,0.003638681079732054,0.20400000000000001,0.231,0.2071,0.20600000000000002,0.005575840743780259,0.054,0.055,0.054700000000000006,0.055,0.0004582575694955844,0.017,0.017,0.017,0.017,0.0,0.017,0.017,0.017,0.017,0.0,0.0,0.0,0.0,0.0,0.0
32,32,4096,11008,32768,True,2976,2,0.106,0.186,0.11359999999999999,0.108,0.018618270596379247,0.218,0.241,0.2206,0.22,0.004747630988187686,0.021,0.021,0.021,0.021,0.0,0.07200000000000001,0.09,0.0751,0.073,0.0044710177812216315,0.391,0.40700000000000003,0.3935,0.393,0.0032480763537823458,0.201,0.224,0.20420000000000002,0.203,0.004621688003316535,0.053,0.055,0.054000000000000006,0.054,0.0003162277660168382,0.016,0.017,0.01695,0.017,0.00021794494717703385,0.016,0.017,0.01695,0.017,0.00021794494717703385,0.0,0.0,0.0,0.0,0.0
32,32,4096,11008,32768,True,2944,2,0.10400000000000001,0.186,0.11074999999999999,0.106,0.018297199239227846,0.217,0.24,0.21995,0.219,0.004684815898197066,0.02,0.021,0.02015,0.02,0.00035707142142714284,0.076,0.093,0.07794999999999999,0.077,0.0036670833096617813,0.404,0.41500000000000004,0.4066000000000001,0.406,0.002177154105707726,0.19,0.218,0.1943,0.193,0.0055506756345511665,0.054,0.055,0.054700000000000006,0.055,0.0004582575694955844,0.017,0.017,0.017,0.017,0.0,0.017,0.017,0.017,0.017,0.0,0.0,0.0,0.0,0.0,0.0
32,32,4096,11008,32768,True,2912,2,0.106,0.195,0.11355,0.108,0.019688765832321743,0.218,0.24,0.22000000000000003,0.219,0.00463680924774785,0.02,0.021,0.020200000000000003,0.02,0.00040000000000000034,0.077,0.093,0.07915,0.078,0.0034680686267719676,0.377,0.392,0.38015,0.38,0.0029030156733989595,0.212,0.241,0.21465,0.213,0.006117801892837001,0.053,0.055,0.054400000000000004,0.054,0.0005830951894845306,0.017,0.017,0.017,0.017,0.0,0.017,0.017,0.017,0.017,0.0,0.0,0.0,0.0,0.0,0.0
32,32,4096,11008,32768,True,2880,2,0.106,0.193,0.11255,0.107,0.01953068099171148,0.216,0.246,0.21875,0.217,0.006299801584177076,0.02,0.02,0.02,0.02,0.0,0.07100000000000001,0.092,0.07385,0.07200000000000001,0.004911975162803654,0.377,0.396,0.379,0.378,0.004024922359499625,0.201,0.227,0.2041,0.203,0.00535630469633683,0.051000000000000004,0.053,0.0519,0.052000000000000005,0.0004358898943540669,0.016,0.016,0.016,0.016,0.0,0.016,0.017,0.016050000000000002,0.016,0.00021794494717703385,0.0,0.0,0.0,0.0,0.0
32,32,4096,11008,32768,True,2848,2,0.1,0.192,0.10769999999999999,0.10200000000000001,0.020445292856792245,0.215,0.23700000000000002,0.2182,0.217,0.004411349000022559,0.02,0.02,0.02,0.02,0.0,0.07100000000000001,0.092,0.07395,0.073,0.004443815927780986,0.374,0.391,0.378,0.378,0.003162277660168382,0.201,0.225,0.20305,0.202,0.0050741994442473366,0.051000000000000004,0.052000000000000005,0.051500000000000004,0.051500000000000004,0.0005000000000000004,0.016,0.016,0.016,0.016,0.0,0.016,0.016,0.016,0.016,0.0,0.0,0.0,0.0,0.0,0.0
32,32,4096,11008,32768,True,2816,2,0.099,0.198,0.1062,0.1,0.021882870012866228,0.191,0.215,0.19890000000000002,0.198,0.004134005321718876,0.019,0.02,0.019950000000000002,0.02,0.00021794494717703385,0.069,0.088,0.07185,0.07100000000000001,0.004065402809070705,0.366,0.383,0.369,0.368,0.003346640106136305,0.182,0.20700000000000002,0.1853,0.184,0.005040833264451428,0.051000000000000004,0.052000000000000005,0.051500000000000004,0.051500000000000004,0.0005000000000000004,0.016,0.016,0.016,0.016,0.0,0.016,0.016,0.016,0.016,0.0,0.0,0.0,0.0,0.0,0.0
32,32,4096,11008,32768,True,2784,2,0.099,0.195,0.10700000000000001,0.101,0.021250882334623192,0.197,0.222,0.20190000000000002,0.201,0.0047423622805517485,0.019,0.02,0.01985,0.02,0.00035707142142714284,0.069,0.088,0.0718,0.07100000000000001,0.0039824615503479726,0.366,0.382,0.3685,0.368,0.0032326459750489254,0.184,0.215,0.18745,0.186,0.006383376849285963,0.051000000000000004,0.052000000000000005,0.051750000000000004,0.052000000000000005,0.0004330127018922197,0.016,0.016,0.016,0.016,0.0,0.016,0.016,0.016,0.016,0.0,0.0,0.0,0.0,0.0,0.0
32,32,4096,11008,32768,True,2752,2,0.101,0.184,0.10805000000000001,0.10300000000000001,0.018580836902572496,0.198,0.223,0.2015,0.2,0.005014977567247932,0.019,0.02,0.01905,0.019,0.00021794494717703385,0.069,0.08700000000000001,0.07165,0.07100000000000001,0.0038894086954188805,0.365,0.384,0.3678,0.367,0.0038807215823864543,0.184,0.212,0.18685000000000002,0.1855,0.005833309523760932,0.05,0.051000000000000004,0.0505,0.0505,0.0005000000000000004,0.016,0.016,0.016,0.016,0.0,0.016,0.016,0.016,0.016,0.0,0.0,0.0,0.0,0.0,0.0
32,32,4096,11008,32768,True,2720,2,0.098,0.178,0.10475000000000001,0.1,0.01779009555904633,0.197,0.222,0.20105,0.2,0.004954543369474122,0.019,0.019,0.019,0.019,0.0,0.069,0.08700000000000001,0.07155,0.07,0.0039556921012636964,0.363,0.381,0.3652,0.3645,0.003736308338453884,0.184,0.211,0.18685000000000002,0.186,0.0055792024519639,0.05,0.051000000000000004,0.05015000000000001,0.05,0.00035707142142714284,0.015,0.016,0.01595,0.016,0.00021794494717703385,0.016,0.016,0.016,0.016,0.0,0.0,0.0,0.0,0.0,0.0
32,32,4096,11008,32768,True,2688,2,0.097,0.177,0.10275000000000001,0.0975,0.017994096254049546,0.189,0.214,0.1955,0.195,0.004620606020859167,0.019,0.019,0.019,0.019,0.0,0.069,0.088,0.07155,0.07,0.00405555175037873,0.34,0.34900000000000003,0.34270000000000006,0.342,0.0019000000000000017,0.184,0.213,0.187,0.186,0.006024948132556827,0.05,0.051000000000000004,0.05045000000000001,0.05,0.0004974937185533104,0.016,0.017,0.016050000000000002,0.016,0.00021794494717703385,0.016,0.016,0.016,0.016,0.0,0.0,0.0,0.0,0.0,0.0
32,32,4096,11008,32768,True,2656,2,0.1,0.18,0.10665,0.101,0.01796183453882147,0.197,0.221,0.2,0.199,0.004909175083453429,0.019,0.019,0.019,0.019,0.0,0.069,0.08700000000000001,0.07145,0.07,0.0038791107228332623,0.34900000000000003,0.368,0.35155000000000003,0.35100000000000003,0.0039048047326338767,0.181,0.20700000000000002,0.18385,0.183,0.005350467269313966,0.049,0.05,0.0498,0.05,0.00040000000000000034,0.015,0.016,0.015349999999999999,0.015,0.00047696960070847325,0.015,0.016,0.0153,0.015,0.0004582575694955844,0.0,0.0,0.0,0.0,0.0
32,32,4096,11008,32768,True,2624,2,0.094,0.176,0.10075,0.0955,0.01837899616409993,0.196,0.224,0.1988,0.197,0.005844655678480982,0.018000000000000002,0.019,0.018050000000000004,0.018000000000000002,0.00021794494717703312,0.069,0.08700000000000001,0.07120000000000001,0.07,0.003828837943815329,0.34800000000000003,0.369,0.35120000000000007,0.35000000000000003,0.004178516483155227,0.178,0.20600000000000002,0.1825,0.181,0.005518151864528563,0.047,0.048,0.0475,0.0475,0.0005000000000000004,0.015,0.015,0.015,0.015,0.0,0.015,0.015,0.015,0.015,0.0,0.0,0.0,0.0,0.0,0.0
32,32,4096,11008,32768,True,2592,2,0.09,0.187,0.09775,0.0915,0.02153804772954132,0.193,0.225,0.19870000000000002,0.198,0.006140846847137615,0.018000000000000002,0.018000000000000002,0.018000000000000002,0.018000000000000002,0.0,0.068,0.08700000000000001,0.07105,0.07,0.004018395202067611,0.34600000000000003,0.367,0.35015,0.34900000000000003,0.004150602365922315,0.181,0.215,0.1851,0.184,0.0069202601107183825,0.047,0.048,0.047599999999999996,0.048,0.000489897948556636,0.015,0.016,0.0154,0.015,0.000489897948556636,0.015,0.016,0.0153,0.015,0.0004582575694955844,0.0,0.0,0.0,0.0,0.0
32,32,4096,11008,32768,True,2560,2,0.094,0.188,0.10085,0.095,0.021060092592389047,0.177,0.203,0.18265,0.182,0.004840196277011919,0.018000000000000002,0.019,0.018050000000000004,0.018000000000000002,0.00021794494717703312,0.062,0.091,0.06570000000000001,0.064,0.0060671245248470045,0.327,0.343,0.3296,0.329,0.003261901286060021,0.165,0.186,0.16865000000000002,0.168,0.004245880356298324,0.046,0.047,0.046650000000000004,0.047,0.00047696960070847325,0.014,0.015,0.0149,0.015,0.00029999999999999976,0.014,0.015,0.0149,0.015,0.00029999999999999976,0.0,0.0,0.0,0.0,0.0
32,32,4096,11008,32768,True,2528,2,0.089,0.17300000000000001,0.09565,0.09,0.018839519632941816,0.177,0.198,0.1817,0.181,0.0038742741255621068,0.018000000000000002,0.018000000000000002,0.018000000000000002,0.018000000000000002,0.0,0.062,0.084,0.06445,0.063,0.004727314248069406,0.326,0.34900000000000003,0.32905,0.328,0.004706113045816052,0.17400000000000002,0.199,0.17675000000000002,0.1755,0.0052237438681466755,0.046,0.047,0.0462,0.046,0.00040000000000000034,0.014,0.015,0.0149,0.015,0.00029999999999999976,0.015,0.015,0.015,0.015,0.0,0.0,0.0,0.0,0.0,0.0
32,32,4096,11008,32768,True,2496,2,0.088,0.171,0.09475,0.089,0.01851452132786587,0.176,0.20500000000000002,0.18119999999999997,0.18,0.00558211429478115,0.017,0.018000000000000002,0.0171,0.017,0.00030000000000000024,0.067,0.097,0.07205,0.07100000000000001,0.006061971626459496,0.324,0.342,0.32795,0.3275,0.0034274626183227763,0.17200000000000001,0.198,0.17435,0.17300000000000001,0.005470603257411379,0.045,0.046,0.045799999999999993,0.046,0.00040000000000000034,0.014,0.015,0.01445,0.014,0.0004974937185533095,0.014,0.015,0.0142,0.014,0.0003999999999999997,0.0,0.0,0.0,0.0,0.0
32,32,4096,11008,32768,True,2464,2,0.085,0.196,0.09355000000000001,0.08600000000000001,0.024796118647885196,0.176,0.198,0.18039999999999998,0.1795,0.004176122603564224,0.017,0.018000000000000002,0.0171,0.017,0.00030000000000000024,0.07,0.091,0.07365000000000001,0.07200000000000001,0.004452808102759424,0.323,0.34400000000000003,0.3264,0.326,0.004223742416388579,0.17200000000000001,0.197,0.17470000000000002,0.17400000000000002,0.005197114584074512,0.045,0.046,0.04525,0.045,0.0004330127018922197,0.014,0.015,0.014050000000000002,0.014,0.0002179449471770335,0.014,0.015,0.014050000000000002,0.014,0.0002179449471770335,0.0,0.0,0.0,0.0,0.0
32,32,4096,11008,32768,True,2432,2,0.085,0.17400000000000002,0.09245,0.08650000000000001,0.019943607998554328,0.166,0.19,0.17305,0.17250000000000001,0.004212778180725872,0.017,0.017,0.017,0.017,0.0,0.06,0.081,0.06275,0.0615,0.004448314287457667,0.313,0.33,0.31515,0.315,0.0035394208565809214,0.16,0.184,0.1638,0.162,0.005211525688318152,0.045,0.046,0.04565,0.046,0.00047696960070847325,0.014,0.014,0.014000000000000002,0.014,0.0,0.014,0.014,0.014000000000000002,0.014,0.0,0.0,0.0,0.0,0.0,0.0
32,32,4096,11008,32768,True,2400,2,0.084,0.178,0.0908,0.085,0.020874865269026287,0.17400000000000002,0.2,0.17914999999999998,0.178,0.004932291556670188,0.017,0.018000000000000002,0.0171,0.017,0.00030000000000000024,0.064,0.088,0.0666,0.065,0.005063595560468864,0.311,0.329,0.3145,0.314,0.0034856850115866783,0.17300000000000001,0.199,0.17550000000000002,0.17400000000000002,0.005454356057317856,0.044,0.045,0.04445,0.044,0.0004974937185533104,0.014,0.014,0.014000000000000002,0.014,0.0,0.014,0.014,0.014000000000000002,0.014,0.0,0.0,0.0,0.0,0.0,0.0
32,32,4096,11008,32768,True,2368,2,0.083,0.178,0.0905,0.084,0.02103211829559733,0.176,0.198,0.17839999999999998,0.178,0.004597825573029064,0.016,0.017,0.0167,0.017,0.0004582575694955844,0.064,0.093,0.0695,0.068,0.006078651166171653,0.309,0.327,0.31345,0.313,0.0033387872049593127,0.17200000000000001,0.199,0.17475000000000002,0.17300000000000001,0.005682209077462742,0.042,0.044,0.04290000000000001,0.043000000000000003,0.0005385164807134495,0.014,0.014,0.014000000000000002,0.014,0.0,0.014,0.014,0.014000000000000002,0.014,0.0,0.0,0.0,0.0,0.0,0.0
32,32,4096,11008,32768,True,2336,2,0.081,0.166,0.08775000000000001,0.082,0.018954880637978178,0.17300000000000001,0.195,0.17775,0.177,0.00410944035119139,0.016,0.017,0.0162,0.016,0.00040000000000000034,0.063,0.085,0.06885,0.068,0.00441899309798058,0.309,0.326,0.31245,0.3115,0.0033834154341434368,0.171,0.197,0.17395,0.17300000000000001,0.005408095783175441,0.042,0.043000000000000003,0.042350000000000006,0.042,0.00047696960070847325,0.013000000000000001,0.014,0.013900000000000001,0.014,0.00029999999999999976,0.013000000000000001,0.014,0.013900000000000001,0.014,0.00029999999999999976,0.0,0.0,0.0,0.0,0.0
32,32,4096,11008,32768,True,2304,2,0.08,0.171,0.0867,0.081,0.02044040117023147,0.163,0.184,0.16745000000000002,0.167,0.004018395202067609,0.016,0.017,0.0161,0.016,0.00030000000000000024,0.059000000000000004,0.079,0.0611,0.06,0.004380639222761902,0.304,0.319,0.30874999999999997,0.309,0.0026622359023948296,0.15,0.17300000000000001,0.15289999999999998,0.152,0.0047212286536451546,0.041,0.042,0.04175,0.042,0.0004330127018922197,0.013000000000000001,0.014,0.01365,0.014,0.00047696960070847243,0.013000000000000001,0.014,0.013500000000000002,0.013500000000000002,0.0004999999999999996,0.0,0.0,0.0,0.0,0.0
32,32,4096,11008,32768,True,2272,2,0.079,0.17200000000000001,0.0863,0.08,0.020993094102585264,0.164,0.196,0.16825,0.167,0.006456585785072479,0.016,0.017,0.016050000000000002,0.016,0.00021794494717703385,0.059000000000000004,0.076,0.06105000000000001,0.06,0.0037346351896805127,0.303,0.319,0.3076,0.3075,0.002922327839240494,0.149,0.17300000000000001,0.15305,0.152,0.004695476546635074,0.041,0.042,0.041550000000000004,0.042,0.0004974937185533104,0.013000000000000001,0.014,0.01315,0.013000000000000001,0.0003570714214271422,0.013000000000000001,0.014,0.0131,0.013000000000000001,0.00029999999999999976,0.0,0.0,0.0,0.0,0.0
32,32,4096,11008,32768,True,2240,2,0.077,0.17500000000000002,0.0869,0.079,0.021922363011317923,0.164,0.196,0.16805,0.167,0.006476688968909963,0.016,0.016,0.016,0.016,0.0,0.059000000000000004,0.077,0.061,0.0595,0.004123105625617659,0.293,0.322,0.29815,0.297,0.005606023546151056,0.15,0.17300000000000001,0.1524,0.151,0.004789572005931223,0.04,0.041,0.04095,0.041,0.00021794494717703385,0.013000000000000001,0.013000000000000001,0.013000000000000001,0.013000000000000001,0.0,0.013000000000000001,0.014,0.01305,0.013000000000000001,0.0002179449471770335,0.0,0.0,0.0,0.0,0.0
32,32,4096,11008,32768,True,2208,2,0.077,0.157,0.0828,0.077,0.018211534806270448,0.163,0.193,0.16715,0.166,0.006010615609070338,0.015,0.016,0.0152,0.015,0.00040000000000000034,0.058,0.075,0.06065,0.06,0.0035954832776693584,0.289,0.317,0.29579999999999995,0.295,0.005075431016179813,0.15,0.177,0.15225,0.151,0.005821297106315739,0.04,0.041,0.04075,0.041,0.0004330127018922197,0.013000000000000001,0.013000000000000001,0.013000000000000001,0.013000000000000001,0.0,0.013000000000000001,0.013000000000000001,0.013000000000000001,0.013000000000000001,0.0,0.0,0.0,0.0,0.0,0.0
32,32,4096,11008,32768,True,2176,2,0.076,0.171,0.08265,0.077,0.021135929125543552,0.156,0.181,0.15914999999999999,0.158,0.005082076347321042,0.016,0.016,0.016,0.016,0.0,0.059000000000000004,0.076,0.06055000000000001,0.059000000000000004,0.003827205246651921,0.28500000000000003,0.308,0.28825,0.28700000000000003,0.004624662149822398,0.149,0.17300000000000001,0.15205,0.151,0.004873140671066253,0.04,0.041,0.0405,0.0405,0.0005000000000000004,0.013000000000000001,0.014,0.01305,0.013000000000000001,0.0002179449471770335,0.012,0.013000000000000001,0.01295,0.013000000000000001,0.00021794494717703385,0.0,0.0,0.0,0.0,0.0
32,32,4096,11008,32768,True,2144,2,0.075,0.16,0.0817,0.076,0.01904494683636581,0.155,0.179,0.15865,0.158,0.0047673367827331,0.015,0.016,0.01525,0.015,0.0004330127018922197,0.059000000000000004,0.075,0.0606,0.059000000000000004,0.003569313659514948,0.28500000000000003,0.307,0.28765,0.28700000000000003,0.004541750763747381,0.149,0.17,0.1514,0.151,0.004340506882842145,0.039,0.04,0.03995,0.04,0.00021794494717703385,0.013000000000000001,0.013000000000000001,0.013000000000000001,0.013000000000000001,0.0,0.012,0.014,0.013000000000000001,0.013000000000000001,0.00031622776601683794,0.0,0.0,0.0,0.0,0.0
32,32,4096,11008,32768,True,2112,2,0.073,0.158,0.08035,0.075,0.01886339046937215,0.155,0.17500000000000002,0.15805,0.157,0.003968311983702898,0.015,0.015,0.015,0.015,0.0,0.058,0.079,0.06055000000000001,0.059000000000000004,0.004565906262725944,0.28300000000000003,0.305,0.28690000000000004,0.28600000000000003,0.004299999999999992,0.148,0.17,0.15084999999999998,0.15,0.004464022849403891,0.038,0.039,0.038650000000000004,0.039,0.00047696960070847325,0.012,0.013000000000000001,0.01285,0.013000000000000001,0.00035707142142714284,0.012,0.013000000000000001,0.01285,0.013000000000000001,0.00035707142142714284,0.0,0.0,0.0,0.0,0.0
32,32,4096,11008,32768,True,2080,2,0.073,0.157,0.07885,0.073,0.018924256920682517,0.155,0.176,0.15789999999999998,0.157,0.004241462012089697,0.015,0.015,0.015,0.015,0.0,0.058,0.075,0.0602,0.059000000000000004,0.0036551333764994116,0.28200000000000003,0.304,0.28625,0.28500000000000003,0.004229361653961498,0.148,0.17,0.15045,0.15,0.004543952024394627,0.037,0.039,0.0379,0.038,0.0004358898943540677,0.012,0.013000000000000001,0.0128,0.013000000000000001,0.00040000000000000034,0.012,0.013000000000000001,0.012750000000000001,0.013000000000000001,0.0004330127018922197,0.0,0.0,0.0,0.0,0.0
32,32,4096,11008,32768,True,2048,2,0.07200000000000001,0.151,0.0779,0.073,0.017812635964393364,0.14300000000000002,0.164,0.14765,0.147,0.003940494892776796,0.014,0.015,0.01495,0.015,0.0002179449471770335,0.056,0.075,0.05815,0.057,0.004065402809070706,0.263,0.281,0.26515,0.2645,0.003850649295898034,0.124,0.128,0.1266,0.127,0.0010677078252031322,0.037,0.038,0.0376,0.038,0.000489897948556636,0.012,0.013000000000000001,0.012199999999999999,0.012,0.00040000000000000034,0.012,0.013000000000000001,0.0121,0.012,0.00030000000000000024,0.0,0.0,0.0,0.0,0.0
32,32,4096,11008,32768,True,2048,2,0.07200000000000001,0.155,0.0791,0.073,0.01902866259094422,0.14200000000000002,0.165,0.14765,0.147,0.004269367634673784,0.014,0.015,0.0149,0.015,0.00029999999999999976,0.053,0.07200000000000001,0.056400000000000006,0.056,0.004029888335921978,0.259,0.281,0.2653,0.265,0.004184495190581539,0.123,0.128,0.1268,0.127,0.001326649916142161,0.037,0.038,0.03735,0.037,0.00047696960070847325,0.012,0.013000000000000001,0.0121,0.012,0.00030000000000000024,0.012,0.013000000000000001,0.01215,0.012,0.00035707142142714284,0.0,0.0,0.0,0.0,0.0
32,32,4096,11008,32768,True,2032,2,0.07200000000000001,0.162,0.08025,0.073,0.020331933011890433,0.151,0.17300000000000001,0.15345,0.153,0.004543952024394627,0.014,0.015,0.01495,0.015,0.0002179449471770335,0.055,0.07200000000000001,0.05800000000000001,0.057,0.003660601043544627,0.26,0.281,0.26475,0.264,0.004205650960315184,0.124,0.13,0.12695,0.127,0.0014654350889752859,0.037,0.038,0.03745,0.037,0.0004974937185533104,0.012,0.012,0.012,0.012,0.0,0.012,0.013000000000000001,0.01205,0.012,0.00021794494717703385,0.0,0.0,0.0,0.0,0.0
32,32,4096,11008,32768,True,2016,2,0.07100000000000001,0.152,0.07830000000000001,0.07200000000000001,0.018289614539404593,0.152,0.17400000000000002,0.15355,0.1525,0.004716725559114081,0.014,0.015,0.01495,0.015,0.0002179449471770335,0.056,0.075,0.05885,0.058,0.004053085244600709,0.259,0.28,0.26435,0.264,0.003940494892776798,0.122,0.129,0.1257,0.126,0.0014177446878757838,0.037,0.038,0.03715,0.037,0.00035707142142714284,0.012,0.013000000000000001,0.01205,0.012,0.00021794494717703385,0.012,0.013000000000000001,0.01205,0.012,0.00021794494717703385,0.0,0.0,0.0,0.0,0.0
32,32,4096,11008,32768,True,2000,2,0.07,0.162,0.077,0.07100000000000001,0.020476816158768434,0.151,0.17500000000000002,0.15325,0.152,0.0050386009963084046,0.014,0.015,0.0142,0.014,0.0003999999999999997,0.058,0.076,0.060250000000000005,0.059000000000000004,0.0038454518590147493,0.26,0.28700000000000003,0.2649,0.264,0.005393514624064725,0.123,0.129,0.12635000000000002,0.126,0.0013518505834595788,0.036000000000000004,0.037,0.03675,0.037,0.0004330127018922167,0.012,0.012,0.012,0.012,0.0,0.012,0.013000000000000001,0.0121,0.012,0.00030000000000000024,0.0,0.0,0.0,0.0,0.0
32,32,4096,11008,32768,True,1984,2,0.069,0.154,0.07575000000000001,0.07,0.018970701094055537,0.151,0.17300000000000001,0.15314999999999998,0.152,0.004596466033813373,0.014,0.015,0.014100000000000001,0.014,0.00029999999999999976,0.058,0.075,0.0606,0.06,0.0035972211497209885,0.259,0.28400000000000003,0.26430000000000003,0.264,0.004817675788178366,0.123,0.129,0.126,0.126,0.0013784048752090235,0.036000000000000004,0.037,0.03675,0.037,0.0004330127018922167,0.012,0.012,0.012,0.012,0.0,0.011,0.012,0.011949999999999999,0.012,0.00021794494717703385,0.0,0.0,0.0,0.0,0.0
32,32,4096,11008,32768,True,1968,2,0.069,0.153,0.0765,0.07,0.01872832080032804,0.15,0.17500000000000002,0.15275,0.152,0.005156306817868778,0.014,0.014,0.014000000000000002,0.014,0.0,0.058,0.076,0.0607,0.06,0.003809199390948181,0.26,0.28400000000000003,0.2638,0.263,0.004905099387372293,0.123,0.128,0.12610000000000002,0.126,0.0012206555615733713,0.036000000000000004,0.037,0.036449999999999996,0.036000000000000004,0.0004974937185533069,0.012,0.012,0.012,0.012,0.0,0.012,0.012,0.012,0.012,0.0,0.0,0.0,0.0,0.0,0.0
32,32,4096,11008,32768,True,1952,2,0.069,0.15,0.07525000000000001,0.069,0.018455012869136665,0.15,0.17400000000000002,0.15265,0.1515,0.004982720140646075,0.014,0.014,0.014000000000000002,0.014,0.0,0.058,0.076,0.06065,0.059000000000000004,0.0039909272105614745,0.259,0.279,0.2624,0.262,0.0042355637169094774,0.123,0.128,0.1258,0.126,0.0011224972160321835,0.036000000000000004,0.037,0.0365,0.036500000000000005,0.000499999999999997,0.012,0.012,0.012,0.012,0.0,0.012,0.012,0.012,0.012,0.0,0.0,0.0,0.0,0.0,0.0
32,32,4096,11008,32768,True,1936,2,0.07200000000000001,0.158,0.08225,0.075,0.019164746280605962,0.15,0.17300000000000001,0.1524,0.1515,0.0047791212581394125,0.014,0.014,0.014000000000000002,0.014,0.0,0.056,0.078,0.060050000000000006,0.059000000000000004,0.004443815927780987,0.259,0.28400000000000003,0.26305,0.262,0.005210326285368321,0.122,0.128,0.1255,0.126,0.0012449899597988744,0.036000000000000004,0.037,0.03610000000000001,0.036000000000000004,0.0002999999999999982,0.011,0.012,0.01185,0.012,0.00035707142142714284,0.011,0.012,0.01185,0.012,0.00035707142142714284,0.0,0.0,0.0,0.0,0.0
32,32,4096,11008,32768,True,1920,2,0.068,0.152,0.0748,0.069,0.018969976278319377,0.135,0.155,0.1373,0.137,0.004148493702538306,0.014,0.014,0.014000000000000002,0.014,0.0,0.049,0.065,0.05115000000000001,0.05,0.0034824560298731696,0.241,0.261,0.2453,0.245,0.0038223029707232818,0.123,0.128,0.1256,0.126,0.0011575836902790236,0.035,0.036000000000000004,0.0359,0.036000000000000004,0.00030000000000000024,0.011,0.012,0.0118,0.012,0.00040000000000000034,0.011,0.012,0.01175,0.012,0.0004330127018922197,0.0,0.0,0.0,0.0,0.0
32,32,4096,11008,32768,True,1904,2,0.067,0.147,0.0744,0.068,0.017931536465121998,0.135,0.155,0.1371,0.136,0.004182104733265295,0.014,0.014,0.014000000000000002,0.014,0.0,0.049,0.066,0.0511,0.05,0.0036592348927063974,0.23900000000000002,0.261,0.24495,0.244,0.003968311983702896,0.122,0.128,0.12525,0.125,0.0012599603168354163,0.035,0.036000000000000004,0.035750000000000004,0.036000000000000004,0.0004330127018922197,0.011,0.012,0.011649999999999999,0.012,0.00047696960070847325,0.011,0.012,0.01185,0.012,0.00035707142142714284,0.0,0.0,0.0,0.0,0.0
32,32,4096,11008,32768,True,1888,2,0.07100000000000001,0.157,0.07995,0.0735,0.018930068673937768,0.134,0.157,0.13705,0.136,0.004674130935264863,0.014,0.014,0.014000000000000002,0.014,0.0,0.049,0.066,0.051050000000000005,0.05,0.0036806928695559482,0.23800000000000002,0.272,0.24375,0.2425,0.006624764146745155,0.123,0.128,0.12490000000000001,0.125,0.001044030650891056,0.035,0.036000000000000004,0.03565,0.036000000000000004,0.00047696960070847325,0.011,0.012,0.01155,0.012,0.0004974937185533104,0.011,0.012,0.0116,0.012,0.000489897948556636,0.0,0.0,0.0,0.0,0.0
32,32,4096,11008,32768,True,1872,2,0.077,0.17,0.0867,0.0795,0.02021905042280671,0.133,0.157,0.13685,0.136,0.004788266909853708,0.014,0.014,0.014000000000000002,0.014,0.0,0.049,0.066,0.051000000000000004,0.05,0.0037013511046643495,0.23800000000000002,0.26,0.24434999999999998,0.244,0.003927785635698569,0.122,0.128,0.12490000000000001,0.125,0.0013000000000000012,0.035,0.036000000000000004,0.03545,0.035,0.0004974937185533104,0.011,0.012,0.011399999999999999,0.011,0.000489897948556636,0.011,0.012,0.011349999999999999,0.011,0.00047696960070847325,0.0,0.0,0.0,0.0,0.0
32,32,4096,11008,32768,True,1856,2,0.075,0.157,0.0822,0.076,0.018178558798760697,0.133,0.155,0.1363,0.1355,0.004439594576084621,0.013000000000000001,0.014,0.013800000000000002,0.014,0.0003999999999999997,0.048,0.066,0.05075,0.049,0.00390992327290447,0.23800000000000002,0.261,0.2439,0.244,0.00420594816896262,0.123,0.129,0.12475,0.125,0.001219631091765048,0.034,0.036000000000000004,0.0349,0.035,0.0004358898943540677,0.011,0.012,0.0113,0.011,0.0004582575694955844,0.011,0.012,0.011349999999999999,0.011,0.00047696960070847325,0.0,0.0,0.0,0.0,0.0
32,32,4096,11008,32768,True,1840,2,0.078,0.159,0.08635000000000001,0.0805,0.01761043724613333,0.134,0.156,0.1361,0.135,0.004646504062195575,0.013000000000000001,0.014,0.01305,0.013000000000000001,0.0002179449471770335,0.048,0.067,0.05065000000000001,0.049,0.004089926649709015,0.23600000000000002,0.261,0.24285,0.242,0.0044189930979805815,0.123,0.129,0.12455000000000001,0.124,0.0012031209415515976,0.033,0.034,0.0335,0.0335,0.0005000000000000004,0.011,0.012,0.011099999999999999,0.011,0.00030000000000000024,0.011,0.012,0.0113,0.011,0.0004582575694955844,0.0,0.0,0.0,0.0,0.0
32,32,4096,11008,32768,True,1824,2,0.074,0.154,0.0829,0.0765,0.01746396289505907,0.134,0.158,0.13645000000000002,0.135,0.005286539510870981,0.013000000000000001,0.014,0.01305,0.013000000000000001,0.0002179449471770335,0.049,0.065,0.05095000000000001,0.05,0.003612132334231402,0.23800000000000002,0.262,0.2428,0.242,0.00455631429995781,0.122,0.128,0.1243,0.124,0.0011874342087037928,0.033,0.034,0.0334,0.033,0.000489897948556636,0.011,0.012,0.011099999999999999,0.011,0.00030000000000000024,0.011,0.012,0.011149999999999998,0.011,0.00035707142142714284,0.0,0.0,0.0,0.0,0.0
32,32,4096,11008,32768,True,1808,2,0.067,0.153,0.0758,0.069,0.018956792977716456,0.133,0.153,0.13575,0.135,0.004097255178775174,0.013000000000000001,0.013000000000000001,0.013000000000000001,0.013000000000000001,0.0,0.049,0.066,0.0506,0.049,0.0037603191353926336,0.23700000000000002,0.26,0.24274999999999997,0.242,0.0041937453427693975,0.123,0.129,0.12525,0.125,0.0011779218989389757,0.033,0.034,0.0332,0.033,0.00040000000000000034,0.011,0.012,0.011049999999999999,0.011,0.00021794494717703385,0.011,0.012,0.011049999999999999,0.011,0.00021794494717703385,0.0,0.0,0.0,0.0,0.0
32,32,4096,11008,32768,True,1792,2,0.064,0.146,0.0717,0.0655,0.018264993840677854,0.134,0.155,0.13575,0.135,0.0044595403350569645,0.013000000000000001,0.013000000000000001,0.013000000000000001,0.013000000000000001,0.0,0.048,0.07,0.0504,0.049,0.004694677837722202,0.232,0.252,0.23485,0.234,0.004040730132042968,0.11800000000000001,0.126,0.1207,0.121,0.0014177446878757825,0.033,0.034,0.03325,0.033,0.0004330127018922197,0.011,0.012,0.011099999999999999,0.011,0.00030000000000000024,0.011,0.011,0.011,0.011,0.0,0.0,0.0,0.0,0.0,0.0
32,32,4096,11008,32768,True,1776,2,0.063,0.14400000000000002,0.0722,0.066,0.017721738063745333,0.134,0.155,0.1359,0.135,0.004426059195266143,0.013000000000000001,0.013000000000000001,0.013000000000000001,0.013000000000000001,0.0,0.048,0.065,0.0502,0.049,0.003749666651850535,0.233,0.256,0.23500000000000001,0.234,0.004909175083453429,0.11900000000000001,0.126,0.1207,0.12,0.0013820274961085259,0.032,0.033,0.032850000000000004,0.033,0.00035707142142714284,0.011,0.012,0.011049999999999999,0.011,0.00021794494717703385,0.011,0.012,0.011049999999999999,0.011,0.00021794494717703385,0.0,0.0,0.0,0.0,0.0
32,32,4096,11008,32768,True,1760,2,0.064,0.14400000000000002,0.07235,0.066,0.01758486565203158,0.133,0.153,0.13535000000000003,0.1345,0.004114304315434139,0.013000000000000001,0.013000000000000001,0.013000000000000001,0.013000000000000001,0.0,0.048,0.064,0.05015000000000001,0.049,0.0034967842369811723,0.23,0.253,0.23415,0.233,0.004441565039487769,0.117,0.125,0.12035,0.12,0.0014239030865898132,0.032,0.033,0.032600000000000004,0.033,0.000489897948556636,0.011,0.011,0.011,0.011,0.0,0.011,0.011,0.011,0.011,0.0,0.0,0.0,0.0,0.0,0.0
32,32,4096,11008,32768,True,1744,2,0.07200000000000001,0.158,0.0804,0.074,0.018583325859490275,0.133,0.157,0.13535000000000003,0.134,0.00500274924416565,0.013000000000000001,0.013000000000000001,0.013000000000000001,0.013000000000000001,0.0,0.048,0.067,0.05045000000000001,0.049,0.004248234927590517,0.231,0.255,0.2339,0.233,0.004908156476723209,0.11800000000000001,0.126,0.12010000000000001,0.12,0.0015459624833740286,0.032,0.033,0.03245,0.032,0.0004974937185533104,0.011,0.011,0.011,0.011,0.0,0.01,0.011,0.0109,0.011,0.00029999999999999976,0.0,0.0,0.0,0.0,0.0
32,32,4096,11008,32768,True,1728,2,0.074,0.159,0.08305,0.076,0.01834795628946178,0.132,0.155,0.13475,0.134,0.00473154308867625,0.013000000000000001,0.013000000000000001,0.013000000000000001,0.013000000000000001,0.0,0.048,0.066,0.0502,0.049,0.004081666326391711,0.231,0.255,0.23370000000000002,0.233,0.004970915408654626,0.117,0.126,0.1197,0.1195,0.0016155494421403486,0.032,0.033,0.03245,0.032,0.0004974937185533104,0.011,0.011,0.011,0.011,0.0,0.01,0.011,0.01095,0.011,0.0002179449471770335,0.0,0.0,0.0,0.0,0.0
32,32,4096,11008,32768,True,1712,2,0.077,0.159,0.08475,0.079,0.017629166174269278,0.133,0.155,0.13465,0.133,0.004735768153108847,0.012,0.013000000000000001,0.01205,0.012,0.00021794494717703385,0.047,0.067,0.0501,0.049,0.004334743360338649,0.229,0.253,0.23345000000000002,0.233,0.004620335485654692,0.11800000000000001,0.125,0.11965,0.11900000000000001,0.001423903086589811,0.032,0.033,0.03205,0.032,0.00021794494717703385,0.01,0.011,0.01095,0.011,0.0002179449471770335,0.011,0.011,0.011,0.011,0.0,0.0,0.0,0.0,0.0,0.0
32,32,4096,11008,32768,True,1696,2,0.076,0.153,0.08375,0.078,0.01659480340347544,0.132,0.155,0.13425,0.133,0.004825712382643622,0.012,0.013000000000000001,0.01205,0.012,0.00021794494717703385,0.047,0.066,0.0498,0.048,0.004214261501141096,0.229,0.254,0.2325,0.231,0.005084289527554463,0.117,0.126,0.11950000000000001,0.11900000000000001,0.0016278820596099682,0.031,0.033,0.032,0.032,0.0003162277660168382,0.01,0.011,0.01095,0.011,0.0002179449471770335,0.01,0.011,0.01095,0.011,0.0002179449471770335,0.0,0.0,0.0,0.0,0.0
32,32,4096,11008,32768,True,1680,2,0.075,0.155,0.08235,0.077,0.01743925170412997,0.132,0.154,0.13395,0.133,0.004641928478552851,0.012,0.013000000000000001,0.01205,0.012,0.00021794494717703385,0.047,0.067,0.0497,0.048,0.004325505750776434,0.23,0.254,0.233,0.232,0.004919349550499536,0.117,0.125,0.1193,0.11900000000000001,0.0014525839046333926,0.031,0.032,0.03145,0.031,0.0004974937185533104,0.011,0.011,0.011,0.011,0.0,0.01,0.011,0.01095,0.011,0.0002179449471770335,0.0,0.0,0.0,0.0,0.0
32,32,4096,11008,32768,True,1664,2,0.076,0.151,0.08425,0.079,0.016030829672852243,0.129,0.15,0.1312,0.13,0.0044676615807377335,0.012,0.012,0.012,0.012,0.0,0.049,0.069,0.0531,0.052000000000000005,0.004264973622427224,0.221,0.246,0.22415,0.223,0.005072228307164414,0.11800000000000001,0.124,0.11900000000000002,0.11900000000000001,0.0013038404810405272,0.031,0.032,0.03165,0.032,0.00047696960070847325,0.01,0.011,0.0109,0.011,0.00029999999999999976,0.01,0.011,0.01095,0.011,0.0002179449471770335,0.0,0.0,0.0,0.0,0.0
32,32,4096,11008,32768,True,1648,2,0.077,0.152,0.08365,0.078,0.016368491072789818,0.132,0.152,0.1343,0.133,0.004196427051671455,0.012,0.012,0.012,0.012,0.0,0.048,0.063,0.0495,0.048,0.003383784863137726,0.22,0.242,0.22405,0.223,0.004248234927590514,0.11800000000000001,0.126,0.11920000000000001,0.11900000000000001,0.0017492855684535877,0.031,0.032,0.0314,0.031,0.000489897948556636,0.01,0.011,0.01095,0.011,0.0002179449471770335,0.01,0.011,0.0109,0.011,0.00029999999999999976,0.0,0.0,0.0,0.0,0.0
32,32,4096,11008,32768,True,1632,2,0.064,0.14300000000000002,0.07339999999999999,0.068,0.016886088949191285,0.136,0.152,0.1386,0.138,0.0032465366161495827,0.012,0.012,0.012,0.012,0.0,0.047,0.065,0.04955,0.048,0.003866199684444662,0.22,0.252,0.22269999999999998,0.221,0.0067535176019612175,0.11800000000000001,0.126,0.11905000000000002,0.11850000000000001,0.0018020821290940074,0.031,0.032,0.03155,0.032,0.0004974937185533104,0.01,0.011,0.0109,0.011,0.00029999999999999976,0.01,0.011,0.0108,0.011,0.0003999999999999997,0.0,0.0,0.0,0.0,0.0
32,32,4096,11008,32768,True,1616,2,0.064,0.152,0.07185,0.066,0.019095221915442617,0.137,0.154,0.1408,0.1395,0.0036414282912066213,0.012,0.012,0.012,0.012,0.0,0.047,0.064,0.0496,0.0485,0.003611094017053558,0.219,0.241,0.22280000000000003,0.222,0.004284857057125708,0.11800000000000001,0.125,0.11920000000000001,0.11900000000000001,0.0014696938456699043,0.03,0.031,0.03095,0.031,0.00021794494717703385,0.01,0.011,0.0108,0.011,0.0003999999999999997,0.01,0.011,0.01085,0.011,0.0003570714214271422,0.0,0.0,0.0,0.0,0.0
32,32,4096,11008,32768,True,1600,2,0.064,0.147,0.07175000000000001,0.067,0.01797185299294427,0.139,0.155,0.14285,0.14200000000000002,0.0033507461855532966,0.012,0.012,0.012,0.012,0.0,0.047,0.065,0.04955,0.0485,0.003917588543989785,0.219,0.242,0.2223,0.2215,0.004616275555033514,0.11800000000000001,0.125,0.11900000000000002,0.11900000000000001,0.0014832396974191306,0.03,0.031,0.0304,0.03,0.000489897948556636,0.01,0.011,0.0108,0.011,0.0003999999999999997,0.01,0.011,0.01085,0.011,0.0003570714214271422,0.0,0.0,0.0,0.0,0.0
32,32,4096,11008,32768,True,1584,2,0.075,0.156,0.08215,0.076,0.017596235392833323,0.14,0.155,0.14250000000000002,0.14200000000000002,0.0033241540277189267,0.011,0.012,0.0115,0.0115,0.0005000000000000004,0.047,0.065,0.04965,0.048,0.003902242944769072,0.219,0.241,0.2218,0.221,0.004445222154178571,0.11800000000000001,0.126,0.1193,0.11900000000000001,0.001584297951775484,0.029,0.03,0.0294,0.029,0.0004898979485566344,0.01,0.011,0.0108,0.011,0.0003999999999999997,0.01,0.011,0.0106,0.011,0.0004898979485566352,0.0,0.0,0.0,0.0,0.0
32,32,4096,11008,32768,True,1568,2,0.065,0.146,0.0723,0.067,0.01778510612844354,0.145,0.161,0.1482,0.1465,0.003944616584663207,0.011,0.012,0.01125,0.011,0.0004330127018922197,0.047,0.064,0.04925,0.048,0.0036314597615834878,0.218,0.241,0.2211,0.22,0.004678675026115833,0.11800000000000001,0.126,0.11925000000000001,0.11900000000000001,0.0016992645467966405,0.028,0.03,0.029050000000000003,0.029,0.0003840572873934299,0.01,0.011,0.01065,0.011,0.00047696960070847243,0.01,0.011,0.01045,0.01,0.0004974937185533095,0.0,0.0,0.0,0.0,0.0
32,32,4096,11008,32768,True,1552,2,0.065,0.14200000000000002,0.07175000000000001,0.0665,0.016840056413207176,0.138,0.153,0.14035000000000003,0.139,0.0031823733281939096,0.011,0.012,0.0113,0.011,0.0004582575694955844,0.047,0.064,0.0494,0.048,0.003652396473549935,0.219,0.244,0.22145,0.22,0.005229483722127834,0.11800000000000001,0.126,0.1196,0.11900000000000001,0.00159373774505092,0.028,0.029,0.028700000000000003,0.029,0.0004582575694955844,0.01,0.011,0.010499999999999999,0.010499999999999999,0.0004999999999999996,0.01,0.011,0.010249999999999999,0.01,0.00043301270189221897,0.0,0.0,0.0,0.0,0.0
32,32,4096,11008,32768,True,1536,2,0.064,0.14100000000000001,0.07115,0.065,0.016778781242986634,0.111,0.132,0.1136,0.113,0.004282522621072773,0.011,0.012,0.011099999999999999,0.011,0.00030000000000000024,0.044,0.06,0.0462,0.045,0.0034000000000000002,0.2,0.223,0.2069,0.20600000000000002,0.00402367990774614,0.107,0.153,0.1121,0.11,0.009454628496138808,0.028,0.029,0.028550000000000002,0.029,0.0004974937185533104,0.01,0.011,0.01035,0.01,0.00047696960070847243,0.01,0.011,0.0103,0.01,0.0004582575694955836,0.0,0.0,0.0,0.0,0.0
32,32,4096,11008,32768,True,1520,2,0.068,0.14200000000000002,0.07515000000000001,0.07,0.016325669970938407,0.111,0.133,0.1136,0.113,0.00454312667664022,0.011,0.012,0.011099999999999999,0.011,0.00030000000000000024,0.045,0.062,0.0467,0.046,0.0036891733491393438,0.196,0.217,0.1996,0.198,0.004270831300812523,0.111,0.131,0.11334999999999999,0.113,0.004126439142893059,0.028,0.029,0.028500000000000004,0.0285,0.0005000000000000004,0.01,0.011,0.010150000000000001,0.01,0.0003570714214271422,0.009000000000000001,0.01,0.00995,0.01,0.0002179449471770335,0.0,0.0,0.0,0.0,0.0
32,32,4096,11008,32768,True,1504,2,0.062,0.139,0.07010000000000001,0.0645,0.016627988453207444,0.111,0.134,0.1137,0.113,0.004723346271447819,0.011,0.012,0.011049999999999999,0.011,0.00021794494717703385,0.046,0.065,0.0482,0.047,0.004081666326391711,0.194,0.218,0.19925,0.199,0.0046354611421087315,0.114,0.133,0.11580000000000001,0.115,0.003994996871087636,0.028,0.029,0.028250000000000004,0.028,0.0004330127018922197,0.009000000000000001,0.011,0.0102,0.01,0.000509901951359278,0.01,0.011,0.01005,0.01,0.0002179449471770335,0.0,0.0,0.0,0.0,0.0
32,32,4096,11008,32768,True,1488,2,0.062,0.14100000000000001,0.07020000000000001,0.065,0.016874833332510282,0.111,0.137,0.11334999999999999,0.112,0.00562383321232058,0.011,0.012,0.011149999999999998,0.011,0.00035707142142714284,0.047,0.064,0.0492,0.048,0.003627671429443411,0.196,0.219,0.19970000000000002,0.199,0.0047021271782034975,0.117,0.135,0.11910000000000001,0.11800000000000001,0.003726929030716845,0.028,0.029,0.028200000000000003,0.028,0.00040000000000000034,0.01,0.011,0.01005,0.01,0.0002179449471770335,0.01,0.011,0.010100000000000001,0.01,0.00029999999999999976,0.0,0.0,0.0,0.0,0.0
32,32,4096,11008,32768,True,1472,2,0.065,0.145,0.07205,0.067,0.017347838482070322,0.111,0.149,0.11410000000000001,0.112,0.008043009387039154,0.011,0.011,0.011,0.011,0.0,0.048,0.067,0.050850000000000006,0.05,0.003927785635698568,0.195,0.217,0.1996,0.199,0.004294182110716776,0.122,0.14300000000000002,0.12375,0.123,0.0044707381940793664,0.027,0.028,0.0279,0.028,0.00030000000000000024,0.01,0.01,0.01,0.01,0.0,0.01,0.01,0.01,0.01,0.0,0.0,0.0,0.0,0.0,0.0
32,32,4096,11008,32768,True,1456,2,0.062,0.136,0.07025,0.0655,0.01574761886762567,0.11,0.133,0.11280000000000001,0.112,0.004728636167014757,0.011,0.011,0.011,0.011,0.0,0.048,0.066,0.04995,0.049,0.0038919789310837747,0.195,0.217,0.1984,0.198,0.004509988913511871,0.12,0.14100000000000001,0.12244999999999999,0.122,0.004295055296500853,0.027,0.028,0.027450000000000002,0.027,0.0004974937185533104,0.009000000000000001,0.01,0.00995,0.01,0.0002179449471770335,0.009000000000000001,0.01,0.0099,0.01,0.00029999999999999976,0.0,0.0,0.0,0.0,0.0
32,32,4096,11008,32768,True,1440,2,0.064,0.134,0.07185,0.067,0.015146864361972745,0.11,0.151,0.11365,0.112,0.008615538288464626,0.011,0.011,0.011,0.011,0.0,0.047,0.064,0.04945,0.048,0.0036121323342314026,0.195,0.225,0.20055,0.2,0.005962172422867356,0.12,0.139,0.12155,0.121,0.004055551750378736,0.027,0.028,0.027500000000000004,0.0275,0.0005000000000000004,0.009000000000000001,0.011,0.00995,0.01,0.0003840572873934301,0.01,0.011,0.01005,0.01,0.0002179449471770335,0.0,0.0,0.0,0.0,0.0
32,32,4096,11008,32768,True,1424,2,0.067,0.14400000000000002,0.0749,0.069,0.016561702811003463,0.11,0.133,0.11265,0.111,0.004901785389018986,0.01,0.011,0.01095,0.011,0.0002179449471770335,0.047,0.066,0.0497,0.049,0.003988734135035826,0.194,0.223,0.1974,0.196,0.0060116553460756545,0.11900000000000001,0.139,0.1213,0.12,0.004172529209005015,0.027,0.028,0.027100000000000003,0.027,0.00030000000000000024,0.009000000000000001,0.01,0.0099,0.01,0.00029999999999999976,0.009000000000000001,0.01,0.0098,0.01,0.0003999999999999997,0.0,0.0,0.0,0.0,0.0
32,32,4096,11008,32768,True,1408,2,0.067,0.14,0.07455,0.07,0.015487010686378441,0.11,0.129,0.11295,0.112,0.004140953996363641,0.01,0.011,0.01085,0.011,0.0003570714214271422,0.038,0.063,0.04065,0.039,0.005331744555021368,0.194,0.217,0.1973,0.196,0.0047864391775097265,0.094,0.115,0.09659999999999999,0.0955,0.004397726685459205,0.027,0.027,0.027000000000000003,0.027,0.0,0.009000000000000001,0.01,0.00995,0.01,0.0002179449471770335,0.009000000000000001,0.01,0.00995,0.01,0.0002179449471770335,0.0,0.0,0.0,0.0,0.0
32,32,4096,11008,32768,True,1392,2,0.063,0.137,0.07135,0.0655,0.015966449198240668,0.113,0.13,0.11665,0.116,0.0034536212878658254,0.01,0.011,0.01055,0.011,0.0004974937185533095,0.038,0.054,0.045450000000000004,0.047,0.004341370751271999,0.191,0.217,0.19575,0.1945,0.0050977936403899275,0.094,0.11800000000000001,0.09665,0.095,0.005312955862794271,0.026000000000000002,0.027,0.0267,0.027,0.0004582575694955828,0.009000000000000001,0.01,0.00995,0.01,0.0002179449471770335,0.009000000000000001,0.01,0.00975,0.01,0.00043301270189221897,0.0,0.0,0.0,0.0,0.0
32,32,4096,11008,32768,True,1376,2,0.066,0.148,0.0738,0.0695,0.017411490458889494,0.11900000000000001,0.137,0.12190000000000001,0.121,0.0036728735344413945,0.01,0.01,0.01,0.01,0.0,0.038,0.062,0.0403,0.039,0.0051,0.193,0.217,0.19865000000000002,0.198,0.004563715591489021,0.094,0.115,0.09625,0.095,0.004481908075808785,0.026000000000000002,0.027,0.0261,0.026000000000000002,0.0002999999999999992,0.01,0.01,0.01,0.01,0.0,0.009000000000000001,0.01,0.00995,0.01,0.0002179449471770335,0.0,0.0,0.0,0.0,0.0
32,32,4096,11008,32768,True,1360,2,0.064,0.138,0.07210000000000001,0.068,0.015575300960174093,0.122,0.14300000000000002,0.1264,0.1255,0.004305810028322201,0.01,0.011,0.010100000000000001,0.01,0.00029999999999999976,0.038,0.062,0.040400000000000005,0.039,0.0052,0.193,0.214,0.19525,0.194,0.004391753636077504,0.093,0.115,0.09595000000000001,0.095,0.004543952024394625,0.026000000000000002,0.027,0.0263,0.026000000000000002,0.0004582575694955828,0.009000000000000001,0.01,0.0099,0.01,0.00029999999999999976,0.009000000000000001,0.01,0.009850000000000001,0.01,0.0003570714214271422,0.0,0.0,0.0,0.0,0.0
32,32,4096,11008,32768,True,1344,2,0.064,0.135,0.07175000000000001,0.066,0.015426843487894729,0.126,0.14300000000000002,0.12925,0.129,0.0035053530492662253,0.01,0.01,0.01,0.01,0.0,0.038,0.055,0.0402,0.039,0.0036551333764994133,0.193,0.218,0.19665000000000002,0.1955,0.00528464757576132,0.093,0.113,0.09585,0.095,0.00418658572108586,0.024,0.025,0.02475,0.025,0.0004330127018922197,0.009000000000000001,0.01,0.0099,0.01,0.00029999999999999976,0.009000000000000001,0.01,0.0099,0.01,0.00029999999999999976,0.0,0.0,0.0,0.0,0.0
32,32,4096,11008,32768,True,1328,2,0.063,0.135,0.0712,0.065,0.016206788701035132,0.123,0.14200000000000002,0.12775,0.128,0.003766629793329844,0.01,0.01,0.01,0.01,0.0,0.04,0.055,0.04715,0.047,0.0029201883500897677,0.19,0.214,0.194,0.193,0.004669047011971499,0.094,0.113,0.09555,0.094,0.004165033013074447,0.025,0.026000000000000002,0.02555,0.026000000000000002,0.0004974937185533104,0.009000000000000001,0.01,0.00975,0.01,0.00043301270189221897,0.009000000000000001,0.01,0.00975,0.01,0.00043301270189221897,0.0,0.0,0.0,0.0,0.0
32,32,4096,11008,32768,True,1312,2,0.063,0.13,0.0693,0.065,0.014443337564427413,0.124,0.14200000000000002,0.12810000000000002,0.1265,0.0039610604640676755,0.01,0.01,0.01,0.01,0.0,0.039,0.057,0.04195,0.041,0.003734635189680513,0.192,0.213,0.19675,0.196,0.004181805830021282,0.093,0.114,0.09565,0.095,0.0043275281628199725,0.023,0.024,0.0232,0.023,0.00040000000000000034,0.009000000000000001,0.01,0.00975,0.01,0.00043301270189221897,0.009000000000000001,0.01,0.0098,0.01,0.0003999999999999997,0.0,0.0,0.0,0.0,0.0
32,32,4096,11008,32768,True,1296,2,0.062,0.131,0.06920000000000001,0.064,0.015207235120165665,0.123,0.14300000000000002,0.12610000000000002,0.125,0.004109744517606907,0.01,0.01,0.01,0.01,0.0,0.04,0.056,0.04215,0.041,0.0034967842369811723,0.19,0.214,0.1933,0.192,0.004910193478876366,0.093,0.113,0.0955,0.094,0.004306971093471607,0.023,0.024,0.0236,0.024,0.000489897948556636,0.009000000000000001,0.01,0.00975,0.01,0.00043301270189221897,0.009000000000000001,0.01,0.00945,0.009000000000000001,0.0004974937185533095,0.0,0.0,0.0,0.0,0.0
32,32,4096,11008,32768,True,1280,2,0.065,0.132,0.07055,0.066,0.014455016430291597,0.093,0.098,0.09495,0.095,0.001160818676624391,0.01,0.01,0.01,0.01,0.0,0.037,0.053,0.039400000000000004,0.038,0.003541186241925155,0.168,0.193,0.1705,0.169,0.005210566188045209,0.092,0.115,0.0943,0.093,0.005244997616777344,0.023,0.024,0.023049999999999998,0.023,0.00021794494717703385,0.009000000000000001,0.01,0.009600000000000001,0.01,0.0004898979485566352,0.009000000000000001,0.01,0.009600000000000001,0.01,0.0004898979485566352,0.0,0.0,0.0,0.0,0.0
32,32,4096,11008,32768,True,1264,2,0.068,0.136,0.07415000000000001,0.07,0.014571461834695928,0.092,0.099,0.09459999999999999,0.094,0.0014282856857085714,0.01,0.01,0.01,0.01,0.0,0.038,0.055,0.03975,0.038,0.0039354161152284775,0.167,0.194,0.17015,0.169,0.005516112761719071,0.09,0.111,0.09195,0.09,0.004790354892907207,0.022,0.023,0.022149999999999996,0.022,0.00035707142142714284,0.009000000000000001,0.01,0.00975,0.01,0.00043301270189221897,0.009000000000000001,0.01,0.00965,0.01,0.00047696960070847243,0.0,0.0,0.0,0.0,0.0
32,32,4096,11008,32768,True,1248,2,0.064,0.138,0.07035,0.066,0.015774267019421223,0.091,0.096,0.0928,0.093,0.000979795897113272,0.01,0.01,0.01,0.01,0.0,0.037,0.053,0.0391,0.038,0.003505709628591621,0.17400000000000002,0.195,0.17585,0.17500000000000002,0.004464022849403885,0.09,0.111,0.09235,0.091,0.0046826808560908794,0.022,0.023,0.02235,0.022,0.00047696960070847325,0.009000000000000001,0.01,0.00945,0.009000000000000001,0.0004974937185533095,0.009000000000000001,0.01,0.00945,0.009000000000000001,0.0004974937185533095,0.0,0.0,0.0,0.0,0.0
32,32,4096,11008,32768,True,1232,2,0.063,0.128,0.07015,0.0665,0.013631856073183872,0.091,0.096,0.09295,0.093,0.0011169153951844349,0.009000000000000001,0.01,0.00975,0.01,0.00043301270189221897,0.037,0.055,0.0396,0.038,0.004042276586281548,0.17300000000000001,0.196,0.1761,0.17500000000000002,0.004646504062195575,0.09,0.111,0.09225,0.091,0.0047315430886762525,0.021,0.022,0.021150000000000002,0.021,0.0003570714214271416,0.009000000000000001,0.01,0.0094,0.009000000000000001,0.0004898979485566352,0.009000000000000001,0.01,0.00935,0.009000000000000001,0.00047696960070847243,0.0,0.0,0.0,0.0,0.0
32,32,4096,11008,32768,True,1216,2,0.063,0.128,0.06870000000000001,0.065,0.013853158484620032,0.09,0.096,0.09295,0.093,0.0011169153951844349,0.01,0.01,0.01,0.01,0.0,0.037,0.054,0.0393,0.038,0.00364828726939094,0.17300000000000001,0.196,0.17540000000000003,0.17400000000000002,0.004799999999999998,0.089,0.112,0.09204999999999999,0.091,0.004994747240852135,0.02,0.021,0.020200000000000003,0.02,0.00040000000000000034,0.009000000000000001,0.01,0.0095,0.009500000000000001,0.0004999999999999996,0.008,0.01,0.009200000000000002,0.009000000000000001,0.0005099019513592782,0.0,0.0,0.0,0.0,0.0
32,32,4096,11008,32768,True,1200,2,0.063,0.127,0.0693,0.065,0.013542894816101912,0.091,0.095,0.0928,0.093,0.0008717797887081354,0.009000000000000001,0.01,0.00945,0.009000000000000001,0.0004974937185533095,0.037,0.053,0.0392,0.038,0.003472751070837068,0.17300000000000001,0.194,0.17520000000000002,0.17400000000000002,0.004354308211415446,0.089,0.111,0.09179999999999999,0.0905,0.004760252094164763,0.02,0.021,0.02085,0.021,0.00035707142142714284,0.009000000000000001,0.01,0.009250000000000001,0.009000000000000001,0.00043301270189221897,0.009000000000000001,0.01,0.00905,0.009000000000000001,0.0002179449471770335,0.0,0.0,0.0,0.0,0.0
32,32,4096,11008,32768,True,1184,2,0.064,0.124,0.0688,0.065,0.012921300244170476,0.09,0.095,0.0924,0.0925,0.001019803902718558,0.009000000000000001,0.009000000000000001,0.009000000000000001,0.009000000000000001,0.0,0.037,0.054,0.0391,0.038,0.003686461718233353,0.17300000000000001,0.194,0.17500000000000002,0.17400000000000002,0.004415880433163922,0.089,0.111,0.09165,0.09,0.004809105946015331,0.02,0.021,0.020300000000000002,0.02,0.0004582575694955844,0.009000000000000001,0.01,0.009150000000000002,0.009000000000000001,0.0003570714214271422,0.008,0.01,0.009150000000000002,0.009000000000000001,0.0004769696007084726,0.0,0.0,0.0,0.0,0.0
32,32,4096,11008,32768,True,1168,2,0.063,0.134,0.0688,0.0645,0.015187494855966209,0.091,0.096,0.09259999999999999,0.0925,0.0010677078252031322,0.009000000000000001,0.009000000000000001,0.009000000000000001,0.009000000000000001,0.0,0.037,0.054,0.0393,0.038,0.00375632799419859,0.17200000000000001,0.194,0.17495,0.17400000000000002,0.004432550056118935,0.09,0.111,0.09175,0.09,0.004836062447901186,0.019,0.02,0.0191,0.019,0.00030000000000000024,0.008,0.01,0.0091,0.009000000000000001,0.0004358898943540672,0.008,0.01,0.00905,0.009000000000000001,0.00038405728739343033,0.0,0.0,0.0,0.0,0.0
32,32,4096,11008,32768,True,1152,2,0.063,0.125,0.06925,0.0655,0.013137256182323613,0.09,0.099,0.09159999999999999,0.091,0.001907878402833893,0.009000000000000001,0.009000000000000001,0.009000000000000001,0.009000000000000001,0.0,0.037,0.054,0.0391,0.038,0.0037269290307168452,0.158,0.17400000000000002,0.1615,0.161,0.0034713109915419597,0.088,0.134,0.09265,0.09,0.009676130424916773,0.019,0.02,0.019200000000000002,0.019,0.00040000000000000034,0.008,0.01,0.009000000000000001,0.009000000000000001,0.00044721359549995795,0.008,0.009000000000000001,0.0088,0.009000000000000001,0.00040000000000000034,0.0,0.0,0.0,0.0,0.0
32,32,4096,11008,32768,True,1136,2,0.063,0.127,0.0688,0.066,0.013544740676735011,0.089,0.115,0.09179999999999999,0.09,0.005697367813297648,0.009000000000000001,0.009000000000000001,0.009000000000000001,0.009000000000000001,0.0,0.037,0.053,0.03945,0.038,0.0034420197558991433,0.158,0.176,0.16205,0.162,0.0035563323804166536,0.088,0.115,0.0914,0.0895,0.0059531504264548896,0.017,0.018000000000000002,0.017900000000000003,0.018000000000000002,0.00030000000000000024,0.008,0.009000000000000001,0.00885,0.009000000000000001,0.00035707142142714284,0.008,0.01,0.008700000000000001,0.009000000000000001,0.0005567764362830025,0.0,0.0,0.0,0.0,0.0
32,32,4096,11008,32768,True,1120,2,0.065,0.135,0.06995,0.066,0.014998249897904756,0.089,0.112,0.09159999999999999,0.09,0.004943682837723312,0.009000000000000001,0.009000000000000001,0.009000000000000001,0.009000000000000001,0.0,0.037,0.062,0.039400000000000004,0.038,0.005388877434122992,0.164,0.182,0.16715,0.167,0.00355351938224628,0.089,0.11,0.09109999999999999,0.09,0.004678675026115835,0.017,0.018000000000000002,0.0171,0.017,0.00030000000000000024,0.008,0.009000000000000001,0.00885,0.009000000000000001,0.00035707142142714284,0.008,0.009000000000000001,0.0088,0.009000000000000001,0.00040000000000000034,0.0,0.0,0.0,0.0,0.0
32,32,4096,11008,32768,True,1104,2,0.066,0.125,0.07055,0.067,0.01272978790082537,0.089,0.109,0.0914,0.09,0.004328972164382674,0.009000000000000001,0.009000000000000001,0.009000000000000001,0.009000000000000001,0.0,0.037,0.055,0.038900000000000004,0.038,0.003948417404479927,0.168,0.187,0.17120000000000002,0.17,0.00390640499692492,0.088,0.11,0.0905,0.089,0.0047592016137163184,0.016,0.017,0.01675,0.017,0.0004330127018922197,0.008,0.009000000000000001,0.008400000000000001,0.008,0.000489897948556636,0.008,0.009000000000000001,0.008650000000000001,0.009000000000000001,0.00047696960070847325,0.0,0.0,0.0,0.0,0.0
32,32,4096,11008,32768,True,1088,2,0.063,0.122,0.0674,0.064,0.012642784503423286,0.089,0.145,0.09315,0.09,0.012005311324576301,0.009000000000000001,0.009000000000000001,0.009000000000000001,0.009000000000000001,0.0,0.037,0.054,0.039,0.038,0.003781534080237808,0.169,0.193,0.177,0.1765,0.004254409477236527,0.088,0.11,0.09079999999999999,0.089,0.004843552415324935,0.016,0.017,0.0161,0.016,0.00030000000000000024,0.008,0.009000000000000001,0.00825,0.008,0.0004330127018922197,0.008,0.009000000000000001,0.00825,0.008,0.0004330127018922197,0.0,0.0,0.0,0.0,0.0
32,32,4096,11008,32768,True,1072,2,0.064,0.126,0.06960000000000001,0.066,0.013085870242364472,0.088,0.11,0.091,0.09,0.00472228758124704,0.009000000000000001,0.009000000000000001,0.009000000000000001,0.009000000000000001,0.0,0.037,0.061,0.0393,0.038,0.005225897052181568,0.17300000000000001,0.196,0.17925,0.179,0.00473154308867625,0.089,0.109,0.09079999999999999,0.0895,0.004512205669071392,0.016,0.017,0.016050000000000002,0.016,0.00021794494717703385,0.008,0.009000000000000001,0.00805,0.008,0.00021794494717703385,0.008,0.009000000000000001,0.0081,0.008,0.00030000000000000024,0.0,0.0,0.0,0.0,0.0
32,32,4096,11008,32768,True,1056,2,0.064,0.123,0.06825,0.064,0.013026415470113026,0.088,0.11,0.09079999999999999,0.09,0.004664761515876242,0.008,0.008,0.008,0.008,0.0,0.037,0.062,0.0393,0.038,0.005413871073455666,0.169,0.193,0.17315,0.17250000000000001,0.004819491674440364,0.088,0.108,0.09015,0.089,0.004430293444005714,0.015,0.016,0.01575,0.016,0.0004330127018922197,0.007,0.007,0.007000000000000001,0.007,0.0,0.007,0.007,0.007000000000000001,0.007,0.0,0.0,0.0,0.0,0.0,0.0
32,32,4096,11008,32768,True,1040,2,0.063,0.128,0.06795,0.0645,0.013958778599863242,0.088,0.112,0.09035,0.089,0.005312955862794271,0.008,0.008,0.008,0.008,0.0,0.036000000000000004,0.054,0.03875,0.0375,0.003871369266809872,0.168,0.188,0.17215,0.171,0.004222262426709166,0.088,0.111,0.09065,0.089,0.005072228307164418,0.014,0.015,0.01495,0.015,0.0002179449471770335,0.007,0.007,0.007000000000000001,0.007,0.0,0.007,0.007,0.007000000000000001,0.007,0.0,0.0,0.0,0.0,0.0,0.0
32,32,4096,11008,32768,True,1024,2,0.062,0.12,0.06625,0.063,0.012441362465582296,0.085,0.111,0.09345,0.093,0.004609501057598317,0.008,0.008,0.008,0.008,0.0,0.027,0.028,0.027100000000000003,0.027,0.00030000000000000024,0.134,0.157,0.13615000000000002,0.135,0.004829855070289375,0.062,0.066,0.06405000000000001,0.064,0.0009205976319760993,0.014,0.015,0.0142,0.014,0.0003999999999999997,0.007,0.007,0.007000000000000001,0.007,0.0,0.007,0.007,0.007000000000000001,0.007,0.0,0.0,0.0,0.0,0.0,0.0
32,32,4096,11008,32768,True,1016,2,0.062,0.122,0.06620000000000001,0.063,0.012890306435457615,0.092,0.113,0.09469999999999999,0.094,0.004439594576084623,0.008,0.008,0.008,0.008,0.0,0.027,0.028,0.02705,0.027,0.00021794494717703385,0.133,0.156,0.1363,0.1355,0.004616275555033514,0.062,0.066,0.064,0.064,0.0008944271909999167,0.014,0.014,0.014000000000000002,0.014,0.0,0.007,0.007,0.007000000000000001,0.007,0.0,0.007,0.007,0.007000000000000001,0.007,0.0,0.0,0.0,0.0,0.0,0.0
32,32,4096,11008,32768,True,1008,2,0.061,0.121,0.0663,0.063,0.012720455966670376,0.091,0.114,0.09469999999999999,0.0935,0.004765501022977544,0.008,0.008,0.008,0.008,0.0,0.026000000000000002,0.028,0.02705,0.027,0.0003840572873934303,0.134,0.157,0.13625,0.135,0.0048049453690963,0.063,0.068,0.06394999999999999,0.064,0.0010712142642814286,0.014,0.015,0.014050000000000002,0.014,0.0002179449471770335,0.006,0.007,0.0069500000000000004,0.007,0.0002179449471770337,0.007,0.007,0.007000000000000001,0.007,0.0,0.0,0.0,0.0,0.0,0.0
32,32,4096,11008,32768,True,1000,2,0.061,0.20600000000000002,0.071,0.063,0.03108697476436072,0.091,0.113,0.0943,0.093,0.004517742799230608,0.008,0.008,0.008,0.008,0.0,0.026000000000000002,0.027,0.026750000000000003,0.027,0.0004330127018922182,0.134,0.156,0.1361,0.135,0.004646504062195575,0.062,0.066,0.0632,0.063,0.000979795897113272,0.013000000000000001,0.014,0.01395,0.014,0.0002179449471770335,0.006,0.007,0.00635,0.006,0.00047696960070847287,0.006,0.007,0.00655,0.007,0.00049749371855331,0.0,0.0,0.0,0.0,0.0
32,32,4096,11008,32768,True,992,2,0.061,0.125,0.066,0.062,0.013874436925511607,0.083,0.113,0.09240000000000001,0.092,0.005489990892524322,0.008,0.008,0.008,0.008,0.0,0.026000000000000002,0.027,0.026600000000000002,0.027,0.0004898979485566344,0.133,0.154,0.13575,0.135,0.004288064831599446,0.062,0.065,0.06294999999999999,0.063,0.0007399324293474378,0.014,0.014,0.014000000000000002,0.014,0.0,0.006,0.007,0.00615,0.006,0.0003570714214271425,0.006,0.007,0.00605,0.006,0.0002179449471770337,0.0,0.0,0.0,0.0,0.0
32,32,4096,11008,32768,True,984,2,0.061,0.122,0.06545,0.062,0.013082335418418228,0.084,0.114,0.09355,0.093,0.005314837720946897,0.008,0.008,0.008,0.008,0.0,0.026000000000000002,0.028,0.02695,0.027,0.0003840572873934299,0.133,0.156,0.13535000000000003,0.134,0.004777813307361432,0.062,0.067,0.06315,0.063,0.001107925990308018,0.013000000000000001,0.014,0.013300000000000001,0.013000000000000001,0.0004582575694955836,0.006,0.006,0.006,0.006,0.0,0.006,0.006,0.006,0.006,0.0,0.0,0.0,0.0,0.0,0.0
32,32,4096,11008,32768,True,976,2,0.063,0.135,0.06855,0.0645,0.015363837411271966,0.083,0.113,0.0935,0.093,0.005220153254455276,0.008,0.008,0.008,0.008,0.0,0.026000000000000002,0.028,0.027000000000000003,0.027,0.00031622776601683767,0.133,0.156,0.1355,0.134,0.0047486840282335045,0.062,0.066,0.0631,0.063,0.0008888194417315596,0.013000000000000001,0.014,0.0131,0.013000000000000001,0.00029999999999999976,0.006,0.007,0.00605,0.006,0.0002179449471770337,0.006,0.007,0.0060999999999999995,0.006,0.0003,0.0,0.0,0.0,0.0,0.0
32,32,4096,11008,32768,True,968,2,0.06,0.123,0.06475,0.061,0.013445724227426353,0.09,0.113,0.09315,0.092,0.004756837184516621,0.008,0.008,0.008,0.008,0.0,0.026000000000000002,0.027,0.02645,0.026000000000000002,0.0004974937185533088,0.133,0.155,0.1355,0.135,0.0045110974274559824,0.062,0.066,0.06294999999999999,0.063,0.0009205976319760993,0.013000000000000001,0.014,0.013550000000000001,0.014,0.0004974937185533095,0.006,0.006,0.006,0.006,0.0,0.006,0.006,0.006,0.006,0.0,0.0,0.0,0.0,0.0,0.0
32,32,4096,11008,32768,True,960,2,0.06,0.124,0.0656,0.062,0.013540310188470572,0.092,0.112,0.09355,0.092,0.004443815927780989,0.008,0.008,0.008,0.008,0.0,0.026000000000000002,0.027,0.0268,0.027,0.000399999999999999,0.133,0.156,0.1355,0.135,0.004759201613716316,0.062,0.065,0.06294999999999999,0.063,0.0007399324293474378,0.013000000000000001,0.014,0.01315,0.013000000000000001,0.0003570714214271422,0.006,0.007,0.0063,0.006,0.000458257569495584,0.006,0.007,0.0064,0.006,0.0004898979485566357,0.0,0.0,0.0,0.0,0.0
32,32,4096,11008,32768,True,952,2,0.06,0.115,0.0635,0.06,0.011901680553602505,0.091,0.113,0.09345,0.092,0.004631144566951026,0.008,0.008,0.008,0.008,0.0,0.026000000000000002,0.028,0.0269,0.027,0.0004358898943540667,0.133,0.154,0.13545000000000001,0.134,0.0043182751186092785,0.062,0.066,0.0629,0.063,0.0008888194417315596,0.013000000000000001,0.014,0.0131,0.013000000000000001,0.00029999999999999976,0.006,0.006,0.006,0.006,0.0,0.006,0.007,0.0060999999999999995,0.006,0.0003,0.0,0.0,0.0,0.0,0.0
32,32,4096,11008,32768,True,944,2,0.059000000000000004,0.12,0.0636,0.06,0.013047605144240072,0.083,0.121,0.09365,0.093,0.007122324058900998,0.008,0.008,0.008,0.008,0.0,0.026000000000000002,0.027,0.026750000000000003,0.027,0.0004330127018922182,0.133,0.154,0.13475,0.134,0.0044595403350569645,0.062,0.066,0.06285,0.063,0.0009096702699330135,0.013000000000000001,0.013000000000000001,0.013000000000000001,0.013000000000000001,0.0,0.006,0.007,0.0060999999999999995,0.006,0.0003,0.006,0.007,0.00635,0.006,0.00047696960070847287,0.0,0.0,0.0,0.0,0.0
32,32,4096,11008,32768,True,936,2,0.059000000000000004,0.128,0.0637,0.06,0.01483610461003831,0.084,0.112,0.09275,0.092,0.004938370176485356,0.008,0.008,0.008,0.008,0.0,0.026000000000000002,0.027,0.0264,0.026000000000000002,0.0004898979485566344,0.132,0.154,0.1345,0.134,0.0045332107826572526,0.061,0.066,0.0626,0.0625,0.0009695359714832667,0.013000000000000001,0.013000000000000001,0.013000000000000001,0.013000000000000001,0.0,0.006,0.006,0.006,0.006,0.0,0.006,0.006,0.006,0.006,0.0,0.0,0.0,0.0,0.0,0.0
32,32,4096,11008,32768,True,928,2,0.059000000000000004,0.121,0.0636,0.06,0.013245376551838758,0.084,0.113,0.09255,0.092,0.005563047725842373,0.008,0.008,0.008,0.008,0.0,0.026000000000000002,0.027,0.02695,0.027,0.00021794494717703312,0.132,0.154,0.1349,0.134,0.004482186966202992,0.061,0.065,0.0625,0.062,0.0008062257748298557,0.012,0.013000000000000001,0.012750000000000001,0.013000000000000001,0.0004330127018922197,0.006,0.007,0.00605,0.006,0.0002179449471770337,0.006,0.007,0.0060999999999999995,0.006,0.0003,0.0,0.0,0.0,0.0,0.0
32,32,4096,11008,32768,True,920,2,0.059000000000000004,0.126,0.0632,0.0595,0.014476187343358057,0.088,0.112,0.0933,0.092,0.004473253849269009,0.007,0.008,0.007050000000000001,0.007,0.0002179449471770337,0.027,0.028,0.02705,0.027,0.00021794494717703385,0.132,0.153,0.13440000000000002,0.134,0.0043520110293977865,0.061,0.065,0.0625,0.063,0.0009219544457292895,0.012,0.012,0.012,0.012,0.0,0.006,0.006,0.006,0.006,0.0,0.006,0.006,0.006,0.006,0.0,0.0,0.0,0.0,0.0,0.0
32,32,4096,11008,32768,True,912,2,0.058,0.121,0.06295,0.059000000000000004,0.013447955234904671,0.09,0.111,0.093,0.092,0.0044609416046390935,0.007,0.007,0.007000000000000001,0.007,0.0,0.027,0.027,0.027000000000000003,0.027,0.0,0.134,0.156,0.1358,0.135,0.004675467891024382,0.061,0.065,0.0623,0.062,0.0009000000000000008,0.012,0.013000000000000001,0.0127,0.013000000000000001,0.0004582575694955844,0.006,0.006,0.006,0.006,0.0,0.006,0.006,0.006,0.006,0.0,0.0,0.0,0.0,0.0,0.0
32,32,4096,11008,32768,True,904,2,0.059000000000000004,0.11900000000000001,0.06275,0.059000000000000004,0.013003364949119902,0.084,0.111,0.0921,0.091,0.004846648326421054,0.007,0.007,0.007000000000000001,0.007,0.0,0.026000000000000002,0.027,0.026750000000000003,0.027,0.0004330127018922182,0.133,0.155,0.13535000000000003,0.134,0.004541750763747388,0.061,0.066,0.0623,0.062,0.0010535653752852749,0.012,0.013000000000000001,0.01215,0.012,0.00035707142142714284,0.006,0.006,0.006,0.006,0.0,0.006,0.006,0.006,0.006,0.0,0.0,0.0,0.0,0.0,0.0
32,32,4096,11008,32768,True,896,2,0.058,0.11900000000000001,0.06255000000000001,0.059000000000000004,0.013120499228306826,0.085,0.09,0.0864,0.08600000000000001,0.0010677078252031287,0.007,0.008,0.007050000000000001,0.007,0.0002179449471770337,0.027,0.028,0.027850000000000003,0.028,0.00035707142142714284,0.134,0.154,0.13620000000000002,0.135,0.004226109321823086,0.06,0.064,0.061399999999999996,0.061,0.0008000000000000007,0.012,0.013000000000000001,0.0123,0.012,0.0004582575694955844,0.006,0.006,0.006,0.006,0.0,0.006,0.006,0.006,0.006,0.0,0.0,0.0,0.0,0.0,0.0
32,32,4096,11008,32768,True,888,2,0.061,0.13,0.06645,0.063,0.014722346959639282,0.085,0.09,0.08635000000000001,0.08600000000000001,0.0011947803145348494,0.007,0.008,0.007050000000000001,0.007,0.0002179449471770337,0.027,0.028,0.0279,0.028,0.00030000000000000024,0.135,0.154,0.13715000000000002,0.136,0.003965791219920683,0.061,0.065,0.0621,0.062,0.0008306623862918082,0.012,0.012,0.012,0.012,0.0,0.006,0.006,0.006,0.006,0.0,0.006,0.006,0.006,0.006,0.0,0.0,0.0,0.0,0.0,0.0
32,32,4096,11008,32768,True,880,2,0.057,0.124,0.0631,0.059000000000000004,0.014215836239912164,0.09,0.111,0.0924,0.091,0.004509988913511874,0.007,0.007,0.007000000000000001,0.007,0.0,0.027,0.027,0.027000000000000003,0.027,0.0,0.132,0.157,0.1348,0.134,0.005153639490690049,0.061,0.067,0.0618,0.062,0.0012884098726725136,0.012,0.012,0.012,0.012,0.0,0.006,0.006,0.006,0.006,0.0,0.006,0.006,0.006,0.006,0.0,0.0,0.0,0.0,0.0,0.0
32,32,4096,11008,32768,True,872,2,0.057,0.136,0.0626,0.0585,0.01695405556201819,0.084,0.116,0.09395,0.093,0.005661051139143685,0.007,0.007,0.007000000000000001,0.007,0.0,0.026000000000000002,0.027,0.026750000000000003,0.027,0.0004330127018922182,0.132,0.155,0.13475,0.134,0.0047103609203541915,0.061,0.064,0.06185,0.062,0.0006538348415311016,0.012,0.012,0.012,0.012,0.0,0.006,0.006,0.006,0.006,0.0,0.006,0.006,0.006,0.006,0.0,0.0,0.0,0.0,0.0,0.0
32,32,4096,11008,32768,True,864,2,0.06,0.13,0.06595,0.062,0.014981572013643963,0.091,0.112,0.09275,0.092,0.004548351349665064,0.007,0.007,0.007000000000000001,0.007,0.0,0.027,0.027,0.027000000000000003,0.027,0.0,0.132,0.16,0.13565,0.134,0.006444183423832687,0.061,0.066,0.0619,0.062,0.001044030650891056,0.011,0.012,0.0116,0.012,0.000489897948556636,0.006,0.006,0.006,0.006,0.0,0.006,0.006,0.006,0.006,0.0,0.0,0.0,0.0,0.0,0.0
32,32,4096,11008,32768,True,856,2,0.057,0.123,0.0624,0.058,0.014136477637657833,0.09,0.113,0.09269999999999999,0.092,0.0048487111689602645,0.007,0.007,0.007000000000000001,0.007,0.0,0.029,0.029,0.029000000000000005,0.029,0.0,0.132,0.156,0.13475,0.134,0.00495857842531506,0.061,0.065,0.0618,0.062,0.0009273618495495712,0.011,0.012,0.0118,0.012,0.00040000000000000034,0.006,0.006,0.006,0.006,0.0,0.006,0.006,0.006,0.006,0.0,0.0,0.0,0.0,0.0,0.0
32,32,4096,11008,32768,True,848,2,0.056,0.122,0.0617,0.057,0.014142489172702236,0.09,0.111,0.09265,0.092,0.004384917331033735,0.007,0.007,0.007000000000000001,0.007,0.0,0.029,0.029,0.029000000000000005,0.029,0.0,0.132,0.155,0.13415000000000002,0.133,0.004881342028581892,0.061,0.065,0.0618,0.062,0.0009273618495495712,0.011,0.012,0.011349999999999999,0.011,0.00047696960070847325,0.006,0.006,0.006,0.006,0.0,0.006,0.006,0.006,0.006,0.0,0.0,0.0,0.0,0.0,0.0
32,32,4096,11008,32768,True,840,2,0.056,0.151,0.0678,0.063,0.0202869416127715,0.082,0.123,0.09309999999999999,0.092,0.007368174807915458,0.007,0.007,0.007000000000000001,0.007,0.0,0.026000000000000002,0.027,0.02605,0.026000000000000002,0.00021794494717703312,0.134,0.162,0.13635000000000003,0.135,0.005926845704082399,0.061,0.065,0.0616,0.061,0.0009165151389911689,0.011,0.012,0.0116,0.012,0.000489897948556636,0.006,0.006,0.006,0.006,0.0,0.006,0.006,0.006,0.006,0.0,0.0,0.0,0.0,0.0,0.0
32,32,4096,11008,32768,True,832,2,0.055,0.167,0.06495,0.0565,0.02467280891994262,0.082,0.111,0.09204999999999999,0.091,0.005084043666216883,0.007,0.007,0.007000000000000001,0.007,0.0,0.025,0.026000000000000002,0.0253,0.025,0.0004582575694955844,0.138,0.158,0.1405,0.14,0.00408044115262063,0.061,0.065,0.0633,0.063,0.0010535653752852749,0.011,0.012,0.011449999999999998,0.011,0.0004974937185533104,0.006,0.006,0.006,0.006,0.0,0.006,0.006,0.006,0.006,0.0,0.0,0.0,0.0,0.0,0.0
32,32,4096,11008,32768,True,824,2,0.055,0.186,0.0693,0.059000000000000004,0.029512878544798032,0.082,0.132,0.09405,0.092,0.009238371068538004,0.007,0.007,0.007000000000000001,0.007,0.0,0.025,0.026000000000000002,0.02545,0.025,0.0004974937185533104,0.138,0.164,0.1408,0.139,0.005679788728465168,0.06,0.066,0.06174999999999999,0.062,0.0011346805717910226,0.011,0.011,0.011,0.011,0.0,0.005,0.006,0.005900000000000001,0.006,0.0003,0.005,0.006,0.00585,0.006,0.0003570714214271425,0.0,0.0,0.0,0.0,0.0
32,32,4096,11008,32768,True,816,2,0.056,0.146,0.06365000000000001,0.059000000000000004,0.01911877349622616,0.089,0.114,0.0928,0.0915,0.0050950956811428,0.007,0.007,0.007000000000000001,0.007,0.0,0.025,0.026000000000000002,0.02565,0.026000000000000002,0.00047696960070847325,0.138,0.17,0.14145000000000002,0.14,0.006778458526833367,0.06,0.065,0.061149999999999996,0.061,0.001107925990308018,0.011,0.012,0.011099999999999999,0.011,0.00030000000000000024,0.006,0.006,0.006,0.006,0.0,0.006,0.006,0.006,0.006,0.0,0.0,0.0,0.0,0.0,0.0
32,32,4096,11008,32768,True,808,2,0.06,0.153,0.06949999999999999,0.0615,0.02009353129741012,0.089,0.124,0.09335,0.091,0.007913753850101733,0.007,0.007,0.007000000000000001,0.007,0.0,0.025,0.026000000000000002,0.0253,0.025,0.0004582575694955844,0.137,0.16,0.1393,0.138,0.00477598157450382,0.06,0.065,0.0612,0.061,0.0010770329614269018,0.011,0.011,0.011,0.011,0.0,0.005,0.006,0.00585,0.006,0.0003570714214271425,0.005,0.006,0.0057,0.006,0.000458257569495584,0.0,0.0,0.0,0.0,0.0
32,32,4096,11008,32768,True,800,2,0.061,0.149,0.06935,0.063,0.01894802100484375,0.082,0.112,0.0895,0.09,0.006029096117993143,0.007,0.007,0.007000000000000001,0.007,0.0,0.025,0.026000000000000002,0.0251,0.025,0.00030000000000000024,0.139,0.162,0.14215000000000003,0.14100000000000001,0.0047463143595847055,0.06,0.064,0.06105000000000001,0.061,0.0008645808232895299,0.011,0.011,0.011,0.011,0.0,0.005,0.006,0.0056,0.006,0.0004898979485566357,0.005,0.006,0.00575,0.006,0.00043301270189221935,0.0,0.0,0.0,0.0,0.0
32,32,4096,11008,32768,True,792,2,0.062,0.156,0.07555,0.066,0.02375389441754762,0.081,0.111,0.09219999999999999,0.0915,0.005211525688318154,0.006,0.007,0.0063,0.006,0.000458257569495584,0.025,0.026000000000000002,0.0252,0.025,0.00040000000000000034,0.137,0.159,0.1387,0.138,0.004680811895387378,0.06,0.064,0.060899999999999996,0.061,0.0008306623862918082,0.01,0.01,0.01,0.01,0.0,0.005,0.005,0.005,0.005,0.0,0.005,0.005,0.005,0.005,0.0,0.0,0.0,0.0,0.0,0.0
32,32,4096,11008,32768,True,784,2,0.059000000000000004,0.13,0.0641,0.06,0.015241062955056646,0.083,0.112,0.0925,0.0915,0.005248809388804285,0.006,0.007,0.00615,0.006,0.0003570714214271425,0.025,0.026000000000000002,0.0252,0.025,0.00040000000000000034,0.136,0.156,0.138,0.137,0.0041593268686170816,0.06,0.063,0.0608,0.061,0.0008124038404635968,0.01,0.011,0.010100000000000001,0.01,0.00029999999999999976,0.005,0.005,0.005,0.005,0.0,0.005,0.005,0.005,0.005,0.0,0.0,0.0,0.0,0.0,0.0
32,32,4096,11008,32768,True,776,2,0.054,0.116,0.058750000000000004,0.055,0.013254716141811564,0.09,0.11,0.09235,0.091,0.00418658572108586,0.006,0.007,0.0060999999999999995,0.006,0.0003,0.025,0.026000000000000002,0.02525,0.025,0.0004330127018922197,0.149,0.167,0.14994999999999997,0.149,0.003917588543989789,0.065,0.068,0.06615,0.066,0.0005722761571129803,0.01,0.01,0.01,0.01,0.0,0.005,0.005,0.005,0.005,0.0,0.005,0.005,0.005,0.005,0.0,0.0,0.0,0.0,0.0,0.0
32,32,4096,11008,32768,True,768,2,0.054,0.11800000000000001,0.05985,0.055,0.013864613229369221,0.07100000000000001,0.09,0.0735,0.07200000000000001,0.004043513323831144,0.006,0.007,0.00615,0.006,0.0003570714214271425,0.025,0.026000000000000002,0.0251,0.025,0.00030000000000000024,0.107,0.116,0.10834999999999999,0.108,0.001956399754651387,0.057,0.062,0.05800000000000001,0.058,0.0011401754250991377,0.01,0.011,0.010100000000000001,0.01,0.00029999999999999976,0.005,0.005,0.005,0.005,0.0,0.005,0.005,0.005,0.005,0.0,0.0,0.0,0.0,0.0,0.0
32,32,4096,11008,32768,True,760,2,0.055,0.127,0.059550000000000006,0.0555,0.015577146722041236,0.07,0.093,0.0737,0.073,0.00476550102297754,0.006,0.007,0.00605,0.006,0.0002179449471770337,0.025,0.026000000000000002,0.02505,0.025,0.00021794494717703385,0.107,0.115,0.10825,0.108,0.0016992645467966442,0.057,0.062,0.05795,0.058,0.0011169153951844336,0.01,0.01,0.01,0.01,0.0,0.005,0.005,0.005,0.005,0.0,0.005,0.005,0.005,0.005,0.0,0.0,0.0,0.0,0.0,0.0
32,32,4096,11008,32768,True,752,2,0.053,0.12,0.05835,0.055,0.01424175199896417,0.07100000000000001,0.091,0.0733,0.07200000000000001,0.004348562981031777,0.006,0.007,0.00605,0.006,0.0002179449471770337,0.025,0.025,0.025,0.025,0.0,0.106,0.114,0.10815,0.108,0.0016209565077447343,0.057,0.062,0.057600000000000005,0.057,0.0012,0.01,0.01,0.01,0.01,0.0,0.005,0.005,0.005,0.005,0.0,0.005,0.005,0.005,0.005,0.0,0.0,0.0,0.0,0.0,0.0
32,32,4096,11008,32768,True,744,2,0.053,0.115,0.057199999999999994,0.054,0.013347658970770868,0.07,0.089,0.07245,0.07100000000000001,0.004092370950928077,0.006,0.007,0.00605,0.006,0.0002179449471770337,0.025,0.026000000000000002,0.02505,0.025,0.00021794494717703385,0.106,0.115,0.10855,0.108,0.0023339880033967633,0.057,0.062,0.05765,0.057,0.001152171862180291,0.01,0.01,0.01,0.01,0.0,0.005,0.005,0.005,0.005,0.0,0.005,0.005,0.005,0.005,0.0,0.0,0.0,0.0,0.0,0.0
32,32,4096,11008,32768,True,736,2,0.057,0.139,0.06285,0.058,0.01761043724613333,0.07,0.091,0.0729,0.07200000000000001,0.004559605246071196,0.006,0.007,0.0060999999999999995,0.006,0.0003,0.025,0.026000000000000002,0.0251,0.025,0.00030000000000000024,0.105,0.115,0.1078,0.1075,0.00201494416796099,0.057,0.062,0.057800000000000004,0.0575,0.0011661903789690598,0.01,0.01,0.01,0.01,0.0,0.005,0.005,0.005,0.005,0.0,0.005,0.005,0.005,0.005,0.0,0.0,0.0,0.0,0.0,0.0
32,32,4096,11008,32768,True,728,2,0.053,0.124,0.058899999999999994,0.054,0.015247622765532994,0.07,0.09,0.07265,0.07150000000000001,0.004292726406376252,0.006,0.007,0.00605,0.006,0.0002179449471770337,0.025,0.025,0.025,0.025,0.0,0.107,0.113,0.10894999999999999,0.109,0.0013219304066402298,0.057,0.062,0.05775,0.057,0.0012196310917650466,0.01,0.01,0.01,0.01,0.0,0.005,0.005,0.005,0.005,0.0,0.005,0.005,0.005,0.005,0.0,0.0,0.0,0.0,0.0,0.0
32,32,4096,11008,32768,True,720,2,0.053,0.129,0.05835,0.054,0.016656155018490913,0.07,0.109,0.07390000000000001,0.07200000000000001,0.00820304821392633,0.006,0.007,0.00605,0.006,0.0002179449471770337,0.025,0.026000000000000002,0.02505,0.025,0.00021794494717703385,0.108,0.115,0.11095,0.1105,0.0019615045245933048,0.057,0.062,0.05750000000000001,0.057,0.0011180339887498945,0.01,0.01,0.01,0.01,0.0,0.005,0.005,0.005,0.005,0.0,0.005,0.005,0.005,0.005,0.0,0.0,0.0,0.0,0.0,0.0
32,32,4096,11008,32768,True,712,2,0.053,0.12,0.05735,0.0535,0.014488875042597337,0.07,0.091,0.07285,0.07150000000000001,0.004661276649159538,0.006,0.007,0.00605,0.006,0.0002179449471770337,0.025,0.025,0.025,0.025,0.0,0.106,0.115,0.10865,0.109,0.0018241436346954716,0.057,0.062,0.057800000000000004,0.057,0.001208304597359457,0.01,0.01,0.01,0.01,0.0,0.005,0.005,0.005,0.005,0.0,0.005,0.005,0.005,0.005,0.0,0.0,0.0,0.0,0.0,0.0
32,32,4096,11008,32768,True,704,2,0.051000000000000004,0.12,0.056100000000000004,0.052000000000000005,0.014778024225179763,0.07,0.089,0.07260000000000001,0.07100000000000001,0.004176122603564217,0.006,0.006,0.006,0.006,0.0,0.025,0.026000000000000002,0.02505,0.025,0.00021794494717703385,0.109,0.115,0.11200000000000002,0.112,0.0014491376746189452,0.057,0.062,0.057550000000000004,0.057,0.0011608186766243896,0.009000000000000001,0.01,0.00945,0.009000000000000001,0.0004974937185533095,0.005,0.005,0.005,0.005,0.0,0.005,0.005,0.005,0.005,0.0,0.0,0.0,0.0,0.0,0.0
32,32,4096,11008,32768,True,696,2,0.052000000000000005,0.113,0.05675,0.053,0.013041759850572314,0.07100000000000001,0.106,0.07345,0.07100000000000001,0.007586006854729302,0.006,0.006,0.006,0.006,0.0,0.025,0.025,0.025,0.025,0.0,0.11,0.117,0.11320000000000001,0.113,0.0021817424229271447,0.057,0.062,0.05745,0.057,0.0011169153951844334,0.009000000000000001,0.01,0.009300000000000001,0.009000000000000001,0.0004582575694955836,0.005,0.005,0.005,0.005,0.0,0.005,0.005,0.005,0.005,0.0,0.0,0.0,0.0,0.0,0.0
32,32,4096,11008,32768,True,688,2,0.051000000000000004,0.11900000000000001,0.056400000000000006,0.053,0.014454757002454246,0.07,0.09,0.07275000000000001,0.07200000000000001,0.004193745342769393,0.006,0.006,0.006,0.006,0.0,0.025,0.026000000000000002,0.02505,0.025,0.00021794494717703385,0.106,0.114,0.1082,0.108,0.001964688270438852,0.057,0.063,0.058050000000000004,0.058,0.0012835497652993434,0.009000000000000001,0.01,0.00935,0.009000000000000001,0.00047696960070847243,0.005,0.005,0.005,0.005,0.0,0.005,0.005,0.005,0.005,0.0,0.0,0.0,0.0,0.0,0.0
32,32,4096,11008,32768,True,680,2,0.051000000000000004,0.134,0.0568,0.052500000000000005,0.01775274626642312,0.07,0.089,0.07220000000000001,0.07100000000000001,0.004093897898091741,0.006,0.006,0.006,0.006,0.0,0.025,0.025,0.025,0.025,0.0,0.107,0.115,0.11069999999999999,0.111,0.0019000000000000017,0.057,0.062,0.05795,0.058,0.0012031209415515958,0.009000000000000001,0.01,0.0094,0.009000000000000001,0.0004898979485566352,0.005,0.005,0.005,0.005,0.0,0.005,0.005,0.005,0.005,0.0,0.0,0.0,0.0,0.0,0.0
32,32,4096,11008,32768,True,672,2,0.051000000000000004,0.122,0.05695,0.053,0.015064776798877572,0.07,0.089,0.07250000000000001,0.07100000000000001,0.004018706259482021,0.006,0.006,0.006,0.006,0.0,0.026000000000000002,0.027,0.02605,0.026000000000000002,0.00021794494717703312,0.11,0.117,0.11295,0.113,0.0019615045245933048,0.057,0.062,0.05765,0.057,0.0011947803145348518,0.009000000000000001,0.01,0.009250000000000001,0.009000000000000001,0.00043301270189221897,0.005,0.005,0.005,0.005,0.0,0.005,0.005,0.005,0.005,0.0,0.0,0.0,0.0,0.0,0.0
32,32,4096,11008,32768,True,664,2,0.057,0.136,0.0621,0.058,0.017043767189210256,0.07,0.091,0.0724,0.07100000000000001,0.0046303347611160875,0.006,0.006,0.006,0.006,0.0,0.025,0.026000000000000002,0.02585,0.026000000000000002,0.00035707142142714284,0.108,0.115,0.1105,0.11,0.002037154878746338,0.057,0.062,0.05750000000000001,0.057,0.0011618950038622248,0.009000000000000001,0.01,0.00905,0.009000000000000001,0.0002179449471770335,0.005,0.005,0.005,0.005,0.0,0.005,0.005,0.005,0.005,0.0,0.0,0.0,0.0,0.0,0.0
32,32,4096,11008,32768,True,656,2,0.051000000000000004,0.132,0.05670000000000001,0.052000000000000005,0.01746453549339346,0.069,0.089,0.07210000000000001,0.07100000000000001,0.004357751713900182,0.005,0.006,0.0056500000000000005,0.006,0.00047696960070847287,0.025,0.026000000000000002,0.0256,0.026000000000000002,0.000489897948556636,0.107,0.113,0.10885,0.1085,0.0018513508581573634,0.056,0.061,0.05735,0.057,0.0009630680142129107,0.008,0.008,0.008,0.008,0.0,0.004,0.004,0.004,0.004,0.0,0.004,0.004,0.004,0.004,0.0,0.0,0.0,0.0,0.0,0.0
32,32,4096,11008,32768,True,648,2,0.054,0.129,0.059399999999999994,0.055,0.016072958657322552,0.07,0.089,0.07260000000000001,0.07100000000000001,0.004103656905736635,0.006,0.006,0.006,0.006,0.0,0.025,0.026000000000000002,0.0257,0.026000000000000002,0.0004582575694955844,0.112,0.12,0.11445000000000001,0.1145,0.0022688102609076857,0.056,0.061,0.057300000000000004,0.057,0.0010535653752852736,0.008,0.008,0.008,0.008,0.0,0.004,0.004,0.004,0.004,0.0,0.004,0.004,0.004,0.004,0.0,0.0,0.0,0.0,0.0,0.0
32,32,4096,11008,32768,True,640,2,0.053,0.131,0.05965,0.055,0.01669213886834159,0.047,0.051000000000000004,0.04825,0.048,0.0008874119674649432,0.005,0.006,0.00585,0.006,0.0003570714214271425,0.027,0.045,0.028199999999999996,0.027,0.003957271787481876,0.10300000000000001,0.112,0.1052,0.105,0.0020639767440550267,0.054,0.073,0.056600000000000004,0.055,0.004176122603564219,0.008,0.008,0.008,0.008,0.0,0.004,0.004,0.004,0.004,0.0,0.004,0.004,0.004,0.004,0.0,0.0,0.0,0.0,0.0,0.0
32,32,4096,11008,32768,True,632,2,0.055,0.134,0.060250000000000005,0.0555,0.017064216946581525,0.047,0.052000000000000005,0.0485,0.048,0.0010246950765959606,0.005,0.006,0.005900000000000001,0.006,0.0003,0.025,0.04,0.027200000000000002,0.027,0.0030594117081556705,0.10300000000000001,0.114,0.10464999999999999,0.10400000000000001,0.00241402154091466,0.054,0.07,0.056600000000000004,0.056,0.003426368339802364,0.008,0.008,0.008,0.008,0.0,0.004,0.004,0.004,0.004,0.0,0.004,0.004,0.004,0.004,0.0,0.0,0.0,0.0,0.0,0.0
32,32,4096,11008,32768,True,624,2,0.05,0.122,0.055400000000000005,0.051000000000000004,0.015531902652283137,0.047,0.052000000000000005,0.0481,0.048,0.0010908712114635723,0.005,0.006,0.00595,0.006,0.0002179449471770337,0.025,0.04,0.026850000000000002,0.026000000000000002,0.0031188940347501386,0.10300000000000001,0.114,0.10640000000000001,0.1055,0.0024779023386727736,0.057,0.061,0.057550000000000004,0.057,0.0009733961166965889,0.008,0.008,0.008,0.008,0.0,0.004,0.004,0.004,0.004,0.0,0.004,0.004,0.004,0.004,0.0,0.0,0.0,0.0,0.0,0.0
32,32,4096,11008,32768,True,616,2,0.049,0.115,0.053849999999999995,0.05,0.01413603551212291,0.047,0.052000000000000005,0.048299999999999996,0.048,0.001100000000000001,0.005,0.006,0.00575,0.006,0.00043301270189221935,0.026000000000000002,0.04,0.02715,0.026000000000000002,0.003037680035816807,0.10200000000000001,0.113,0.10535000000000001,0.105,0.002372235232855289,0.056,0.061,0.057300000000000004,0.057,0.0010535653752852736,0.008,0.008,0.008,0.008,0.0,0.004,0.004,0.004,0.004,0.0,0.004,0.004,0.004,0.004,0.0,0.0,0.0,0.0,0.0,0.0
32,32,4096,11008,32768,True,608,2,0.053,0.135,0.058199999999999995,0.054,0.01768502191121063,0.046,0.052000000000000005,0.048,0.048,0.0011832159566199242,0.005,0.006,0.0056500000000000005,0.006,0.00047696960070847287,0.026000000000000002,0.042,0.02705,0.026000000000000002,0.0034996428389194234,0.10300000000000001,0.113,0.1061,0.1065,0.0022113344387495962,0.056,0.06,0.05665,0.056,0.0009630680142129108,0.008,0.008,0.008,0.008,0.0,0.004,0.004,0.004,0.004,0.0,0.004,0.004,0.004,0.004,0.0,0.0,0.0,0.0,0.0,0.0
32,32,4096,11008,32768,True,600,2,0.048,0.11900000000000001,0.0546,0.05,0.015650559095444484,0.047,0.051000000000000004,0.04805,0.048,0.0008645808232895299,0.005,0.006,0.00535,0.005,0.00047696960070847287,0.026000000000000002,0.04,0.02705,0.026000000000000002,0.003057368149242089,0.10300000000000001,0.112,0.10529999999999999,0.10400000000000001,0.0021470910553583853,0.056,0.061,0.05725,0.057,0.0009420721840708381,0.008,0.008,0.008,0.008,0.0,0.004,0.004,0.004,0.004,0.0,0.004,0.004,0.004,0.004,0.0,0.0,0.0,0.0,0.0,0.0
32,32,4096,11008,32768,True,592,2,0.049,0.121,0.05465,0.051000000000000004,0.015379450575361915,0.046,0.052000000000000005,0.047799999999999995,0.048,0.0011224972160321835,0.005,0.006,0.00545,0.005,0.00049749371855331,0.026000000000000002,0.044,0.027500000000000004,0.026000000000000002,0.003905124837953326,0.10300000000000001,0.114,0.10585,0.105,0.0022197972880423113,0.056,0.061,0.05740000000000001,0.057,0.0010198039027185567,0.008,0.008,0.008,0.008,0.0,0.004,0.004,0.004,0.004,0.0,0.004,0.004,0.004,0.004,0.0,0.0,0.0,0.0,0.0,0.0
32,32,4096,11008,32768,True,584,2,0.049,0.132,0.05475,0.05,0.01778166190208328,0.047,0.052000000000000005,0.048,0.048,0.0010488088481701524,0.005,0.006,0.00535,0.005,0.00047696960070847287,0.026000000000000002,0.04,0.027500000000000004,0.027,0.0029410882339705484,0.10300000000000001,0.113,0.1052,0.10450000000000001,0.002379075450674061,0.057,0.061,0.05745,0.057,0.0009733961166965889,0.008,0.008,0.008,0.008,0.0,0.004,0.004,0.004,0.004,0.0,0.004,0.004,0.004,0.004,0.0,0.0,0.0,0.0,0.0,0.0
32,32,4096,11008,32768,True,576,2,0.049,0.12,0.0536,0.05,0.015301633899685353,0.047,0.051000000000000004,0.048150000000000005,0.048,0.0009096702699330135,0.005,0.006,0.00535,0.005,0.00047696960070847287,0.026000000000000002,0.04,0.027700000000000002,0.027,0.002951270912674741,0.093,0.115,0.09615,0.095,0.004767336782733104,0.059000000000000004,0.063,0.060050000000000006,0.06,0.0008645808232895282,0.008,0.008,0.008,0.008,0.0,0.004,0.004,0.004,0.004,0.0,0.004,0.004,0.004,0.004,0.0,0.0,0.0,0.0,0.0,0.0
32,32,4096,11008,32768,True,568,2,0.047,0.11800000000000001,0.0526,0.0485,0.015140673697032113,0.047,0.051000000000000004,0.04825,0.048,0.0008291561975888507,0.005,0.006,0.0051,0.005,0.0003,0.026000000000000002,0.042,0.0284,0.028,0.0032619012860600188,0.10400000000000001,0.11,0.10605,0.106,0.0015960889699512346,0.059000000000000004,0.062,0.06,0.06,0.0007745966692414819,0.008,0.008,0.008,0.008,0.0,0.004,0.004,0.004,0.004,0.0,0.004,0.004,0.004,0.004,0.0,0.0,0.0,0.0,0.0,0.0
32,32,4096,11008,32768,True,560,2,0.05,0.123,0.0553,0.051000000000000004,0.015833824553783585,0.046,0.051000000000000004,0.048,0.048,0.0008944271909999167,0.005,0.006,0.00515,0.005,0.0003570714214271425,0.025,0.026000000000000002,0.02505,0.025,0.00021794494717703385,0.10400000000000001,0.112,0.10674999999999998,0.1065,0.002118372016431485,0.059000000000000004,0.063,0.060050000000000006,0.06,0.0008046738469715534,0.008,0.008,0.008,0.008,0.0,0.004,0.004,0.004,0.004,0.0,0.004,0.004,0.004,0.004,0.0,0.0,0.0,0.0,0.0,0.0
32,32,4096,11008,32768,True,552,2,0.051000000000000004,0.127,0.05700000000000001,0.053,0.01621419131501784,0.047,0.051000000000000004,0.0492,0.049,0.000979795897113272,0.005,0.006,0.005050000000000001,0.005,0.0002179449471770337,0.025,0.025,0.025,0.025,0.0,0.105,0.114,0.1078,0.108,0.0021354156504062643,0.059000000000000004,0.062,0.060050000000000006,0.06,0.0006689544080129816,0.008,0.008,0.008,0.008,0.0,0.004,0.004,0.004,0.004,0.0,0.004,0.004,0.004,0.004,0.0,0.0,0.0,0.0,0.0,0.0
32,32,4096,11008,32768,True,544,2,0.049,0.11900000000000001,0.05450000000000001,0.05,0.015121177202850314,0.046,0.051000000000000004,0.049350000000000005,0.05,0.0011521718621802922,0.005,0.005,0.005,0.005,0.0,0.024,0.025,0.02495,0.025,0.00021794494717703385,0.10400000000000001,0.11,0.10705,0.107,0.0014309088021254182,0.059000000000000004,0.062,0.059899999999999995,0.06,0.0006999999999999984,0.008,0.008,0.008,0.008,0.0,0.004,0.004,0.004,0.004,0.0,0.004,0.004,0.004,0.004,0.0,0.0,0.0,0.0,0.0,0.0
32,32,4096,11008,32768,True,536,2,0.047,0.134,0.0534,0.049,0.018602150413325875,0.047,0.05,0.047850000000000004,0.048,0.0007921489758877437,0.005,0.006,0.005050000000000001,0.005,0.0002179449471770337,0.024,0.025,0.02495,0.025,0.00021794494717703385,0.105,0.111,0.10669999999999999,0.1065,0.0013453624047073721,0.059000000000000004,0.062,0.05985,0.06,0.0007921489758877411,0.008,0.008,0.008,0.008,0.0,0.004,0.004,0.004,0.004,0.0,0.004,0.004,0.004,0.004,0.0,0.0,0.0,0.0,0.0,0.0
32,32,4096,11008,32768,True,528,2,0.047,0.125,0.05295,0.049,0.01660263533298253,0.046,0.05,0.047650000000000005,0.048,0.0007921489758877437,0.004,0.004,0.004,0.004,0.0,0.024,0.025,0.0249,0.025,0.00030000000000000024,0.10400000000000001,0.112,0.10674999999999998,0.106,0.0019202864369671517,0.059000000000000004,0.063,0.06,0.06,0.0008366600265340747,0.007,0.007,0.007000000000000001,0.007,0.0,0.004,0.004,0.004,0.004,0.0,0.004,0.004,0.004,0.004,0.0,0.0,0.0,0.0,0.0,0.0
32,32,4096,11008,32768,True,520,2,0.048,0.129,0.0533,0.049,0.017458808664969096,0.046,0.051000000000000004,0.0474,0.047,0.001019803902718558,0.004,0.004,0.004,0.004,0.0,0.025,0.025,0.025,0.025,0.0,0.10400000000000001,0.113,0.10645,0.106,0.002060946384552494,0.059000000000000004,0.062,0.059750000000000004,0.06,0.0006982120021884451,0.007,0.007,0.007000000000000001,0.007,0.0,0.004,0.004,0.004,0.004,0.0,0.004,0.004,0.004,0.004,0.0,0.0,0.0,0.0,0.0,0.0
32,32,4096,11008,32768,True,512,2,0.047,0.122,0.052149999999999995,0.048,0.016119165611159902,0.044,0.049,0.045,0.045,0.0011832159566199242,0.004,0.004,0.004,0.004,0.0,0.018000000000000002,0.019,0.018050000000000004,0.018000000000000002,0.00021794494717703312,0.07,0.089,0.0723,0.07100000000000001,0.004087786687193937,0.04,0.04,0.04,0.04,0.0,0.006,0.007,0.0069500000000000004,0.007,0.0002179449471770337,0.004,0.004,0.004,0.004,0.0,0.004,0.004,0.004,0.004,0.0,0.0,0.0,0.0,0.0,0.0
32,32,4096,11008,32768,True,504,2,0.052000000000000005,0.183,0.060450000000000004,0.053,0.028345149496871593,0.044,0.049,0.04485,0.0445,0.0012359207094308287,0.004,0.005,0.00405,0.004,0.0002179449471770337,0.018000000000000002,0.019,0.018050000000000004,0.018000000000000002,0.00021794494717703312,0.07,0.089,0.07220000000000001,0.07100000000000001,0.004226109321823085,0.039,0.04,0.039650000000000005,0.04,0.00047696960070847325,0.006,0.007,0.0069500000000000004,0.007,0.0002179449471770337,0.004,0.004,0.004,0.004,0.0,0.004,0.004,0.004,0.004,0.0,0.0,0.0,0.0,0.0,0.0
32,32,4096,11008,32768,True,496,2,0.045,0.11900000000000001,0.051000000000000004,0.047,0.015706686474237654,0.044,0.049,0.04479999999999999,0.044,0.0012489995996796807,0.004,0.005,0.00405,0.004,0.0002179449471770337,0.018000000000000002,0.02,0.01845,0.018000000000000002,0.0005894913061275787,0.07,0.08700000000000001,0.0719,0.07100000000000001,0.0037269290307168444,0.04,0.04,0.04,0.04,0.0,0.006,0.007,0.0069500000000000004,0.007,0.0002179449471770337,0.004,0.004,0.004,0.004,0.0,0.004,0.004,0.004,0.004,0.0,0.0,0.0,0.0,0.0,0.0
32,32,4096,11008,32768,True,488,2,0.045,0.11800000000000001,0.05015000000000001,0.045,0.01574571370246519,0.044,0.049,0.04479999999999999,0.044,0.0012489995996796807,0.004,0.004,0.004,0.004,0.0,0.019,0.019,0.019,0.019,0.0,0.069,0.089,0.07175000000000001,0.07100000000000001,0.004252940159466151,0.04,0.041,0.04005,0.04,0.00021794494717703385,0.006,0.007,0.0069500000000000004,0.007,0.0002179449471770337,0.004,0.004,0.004,0.004,0.0,0.004,0.004,0.004,0.004,0.0,0.0,0.0,0.0,0.0,0.0
32,32,4096,11008,32768,True,480,2,0.044,0.114,0.0492,0.045,0.014985326155943354,0.044,0.049,0.045,0.045,0.0011832159566199242,0.004,0.005,0.00405,0.004,0.0002179449471770337,0.019,0.019,0.019,0.019,0.0,0.07,0.08700000000000001,0.07165,0.07050000000000001,0.0037851684242580274,0.041,0.041,0.041,0.041,0.0,0.006,0.007,0.0069500000000000004,0.007,0.0002179449471770337,0.004,0.004,0.004,0.004,0.0,0.004,0.004,0.004,0.004,0.0,0.0,0.0,0.0,0.0,0.0
32,32,4096,11008,32768,True,472,2,0.048,0.136,0.05495,0.049,0.01894590984883017,0.044,0.049,0.044599999999999994,0.044,0.001200000000000001,0.004,0.005,0.00405,0.004,0.0002179449471770337,0.019,0.02,0.01905,0.019,0.00021794494717703385,0.069,0.088,0.0714,0.07,0.004176122603564218,0.041,0.042,0.0415,0.0415,0.0005000000000000004,0.006,0.007,0.0069500000000000004,0.007,0.0002179449471770337,0.004,0.004,0.004,0.004,0.0,0.004,0.004,0.004,0.004,0.0,0.0,0.0,0.0,0.0,0.0
32,32,4096,11008,32768,True,464,2,0.045,0.122,0.0506,0.046,0.016490603384958356,0.043000000000000003,0.049,0.04435,0.044,0.0012359207094308278,0.004,0.004,0.004,0.004,0.0,0.019,0.02,0.01935,0.019,0.00047696960070847325,0.069,0.08700000000000001,0.0713,0.07,0.003887158345115362,0.042,0.042,0.042,0.042,0.0,0.006,0.007,0.0069500000000000004,0.007,0.0002179449471770337,0.004,0.004,0.004,0.004,0.0,0.004,0.004,0.004,0.004,0.0,0.0,0.0,0.0,0.0,0.0
32,32,4096,11008,32768,True,456,2,0.045,0.132,0.05125,0.0465,0.018659782956937095,0.044,0.049,0.04465,0.044,0.0012757350822173085,0.004,0.004,0.004,0.004,0.0,0.02,0.02,0.02,0.02,0.0,0.068,0.088,0.07115,0.07,0.004210403781111732,0.043000000000000003,0.044,0.04345,0.043000000000000003,0.0004974937185533069,0.006,0.007,0.0069500000000000004,0.007,0.0002179449471770337,0.004,0.004,0.004,0.004,0.0,0.004,0.004,0.004,0.004,0.0,0.0,0.0,0.0,0.0,0.0
32,32,4096,11008,32768,True,448,2,0.044,0.11800000000000001,0.0498,0.045,0.01589842759520576,0.044,0.048,0.04475,0.0445,0.0009937303457175904,0.004,0.005,0.00405,0.004,0.0002179449471770337,0.02,0.02,0.02,0.02,0.0,0.068,0.08700000000000001,0.07085,0.07,0.003953163290328392,0.043000000000000003,0.044,0.04335,0.043000000000000003,0.00047696960070846994,0.006,0.007,0.0069500000000000004,0.007,0.0002179449471770337,0.004,0.004,0.004,0.004,0.0,0.004,0.004,0.004,0.004,0.0,0.0,0.0,0.0,0.0,0.0
32,32,4096,11008,32768,True,440,2,0.044,0.117,0.0485,0.045,0.015771810295587507,0.043000000000000003,0.047,0.0442,0.044,0.0007483314773547884,0.004,0.005,0.00405,0.004,0.0002179449471770337,0.02,0.02,0.02,0.02,0.0,0.068,0.08700000000000001,0.07060000000000001,0.069,0.0040914545090957564,0.043000000000000003,0.044,0.04395,0.044,0.00021794494717703236,0.006,0.007,0.006900000000000001,0.007,0.0003,0.004,0.004,0.004,0.004,0.0,0.003,0.004,0.00375,0.004,0.00043301270189221935,0.0,0.0,0.0,0.0,0.0
32,32,4096,11008,32768,True,432,2,0.044,0.116,0.0496,0.0455,0.015405843047363556,0.043000000000000003,0.047,0.04405,0.044,0.0009733961166965882,0.004,0.004,0.004,0.004,0.0,0.02,0.02,0.02,0.02,0.0,0.068,0.088,0.07070000000000001,0.069,0.004348562981031777,0.044,0.045,0.044199999999999996,0.044,0.00040000000000000034,0.006,0.007,0.0069500000000000004,0.007,0.0002179449471770337,0.004,0.004,0.004,0.004,0.0,0.004,0.004,0.004,0.004,0.0,0.0,0.0,0.0,0.0,0.0
32,32,4096,11008,32768,True,424,2,0.05,0.131,0.05515,0.0505,0.017539312985405103,0.043000000000000003,0.048,0.04425,0.044,0.0010897247358851682,0.004,0.005,0.00405,0.004,0.0002179449471770337,0.02,0.02,0.02,0.02,0.0,0.068,0.088,0.07045,0.069,0.004421255477802654,0.045,0.045,0.045,0.045,0.0,0.006,0.007,0.006750000000000001,0.007,0.00043301270189221935,0.003,0.004,0.0036999999999999997,0.004,0.000458257569495584,0.003,0.004,0.00395,0.004,0.0002179449471770337,0.0,0.0,0.0,0.0,0.0
32,32,4096,11008,32768,True,416,2,0.044,0.114,0.04865,0.045,0.01509395574393936,0.043000000000000003,0.047,0.04385,0.044,0.0009630680142129096,0.004,0.004,0.004,0.004,0.0,0.019,0.02,0.01975,0.02,0.0004330127018922197,0.068,0.08600000000000001,0.07015,0.069,0.003965791219920686,0.043000000000000003,0.043000000000000003,0.043000000000000003,0.043000000000000003,0.0,0.006,0.007,0.006900000000000001,0.007,0.0003,0.003,0.004,0.00395,0.004,0.0002179449471770337,0.004,0.004,0.004,0.004,0.0,0.0,0.0,0.0,0.0,0.0
32,32,4096,11008,32768,True,408,2,0.043000000000000003,0.125,0.0485,0.044,0.017777795138880413,0.044,0.047,0.04455,0.044,0.0008046738469715547,0.004,0.004,0.004,0.004,0.0,0.02,0.02,0.02,0.02,0.0,0.068,0.08700000000000001,0.07005,0.069,0.00414095399636364,0.043000000000000003,0.044,0.04315000000000001,0.043000000000000003,0.00035707142142714035,0.006,0.007,0.0066500000000000005,0.007,0.00047696960070847287,0.003,0.004,0.00375,0.004,0.00043301270189221935,0.003,0.004,0.00395,0.004,0.0002179449471770337,0.0,0.0,0.0,0.0,0.0
32,32,4096,11008,32768,True,400,2,0.043000000000000003,0.129,0.0496,0.0445,0.018448306155308677,0.044,0.048,0.0445,0.044,0.0009746794344808972,0.004,0.004,0.004,0.004,0.0,0.022,0.022,0.022,0.022,0.0,0.067,0.08600000000000001,0.07,0.069,0.003987480407475377,0.047,0.048,0.04705,0.047,0.00021794494717703385,0.006,0.007,0.00605,0.006,0.0002179449471770337,0.003,0.004,0.00335,0.003,0.00047696960070847287,0.003,0.004,0.0033,0.003,0.000458257569495584,0.0,0.0,0.0,0.0,0.0
32,32,4096,11008,32768,True,392,2,0.043000000000000003,0.123,0.0485,0.044,0.017206103568210906,0.043000000000000003,0.047,0.04375,0.044,0.000942072184070837,0.003,0.004,0.00315,0.003,0.0003570714214271425,0.019,0.02,0.019200000000000002,0.019,0.00040000000000000034,0.067,0.088,0.06995,0.0685,0.004587755442479468,0.046,0.047,0.04605,0.046,0.00021794494717703385,0.005,0.005,0.005,0.005,0.0,0.003,0.003,0.003,0.003,0.0,0.003,0.003,0.003,0.003,0.0,0.0,0.0,0.0,0.0,0.0
32,32,4096,11008,32768,True,384,2,0.047,0.14200000000000002,0.05425,0.049,0.02036633251226151,0.045,0.049,0.04655,0.046,0.0008645808232895299,0.003,0.004,0.00315,0.003,0.0003570714214271425,0.015,0.016,0.015349999999999999,0.015,0.00047696960070847325,0.057,0.06,0.058100000000000006,0.058,0.0008306623862918075,0.032,0.034,0.03255,0.0325,0.0005894913061275804,0.005,0.005,0.005,0.005,0.0,0.003,0.003,0.003,0.003,0.0,0.003,0.003,0.003,0.003,0.0,0.0,0.0,0.0,0.0,0.0
32,32,4096,11008,32768,True,376,2,0.044,0.125,0.0506,0.046,0.01731877593827,0.046,0.049,0.047099999999999996,0.047,0.0006244997998398403,0.003,0.004,0.0031,0.003,0.0003,0.015,0.016,0.01505,0.015,0.00021794494717703385,0.057,0.06,0.05800000000000001,0.058,0.0008944271909999152,0.032,0.034,0.03245,0.032,0.0006689544080129832,0.005,0.006,0.005050000000000001,0.005,0.0002179449471770337,0.003,0.003,0.003,0.003,0.0,0.003,0.003,0.003,0.003,0.0,0.0,0.0,0.0,0.0,0.0
32,32,4096,11008,32768,True,368,2,0.042,0.11900000000000001,0.048299999999999996,0.044,0.016456305782282975,0.046,0.049,0.04655,0.046,0.0007399324293474378,0.003,0.004,0.0030499999999999998,0.003,0.0002179449471770337,0.015,0.016,0.015099999999999999,0.015,0.00030000000000000024,0.056,0.06,0.057600000000000005,0.0575,0.0008602325267042625,0.032,0.034,0.0325,0.032,0.0006708203932499375,0.005,0.006,0.005050000000000001,0.005,0.0002179449471770337,0.003,0.003,0.003,0.003,0.0,0.003,0.003,0.003,0.003,0.0,0.0,0.0,0.0,0.0,0.0
32,32,4096,11008,32768,True,360,2,0.042,0.113,0.04655,0.0425,0.015350814310648149,0.046,0.048,0.0464,0.046,0.0006633249580710806,0.003,0.004,0.0030499999999999998,0.003,0.0002179449471770337,0.015,0.016,0.015099999999999999,0.015,0.00030000000000000024,0.057,0.06,0.05775,0.058,0.0008291561975888497,0.032,0.035,0.0325,0.032,0.0008062257748298557,0.005,0.006,0.005050000000000001,0.005,0.0002179449471770337,0.003,0.003,0.003,0.003,0.0,0.003,0.003,0.003,0.003,0.0,0.0,0.0,0.0,0.0,0.0
32,32,4096,11008,32768,True,352,2,0.042,0.122,0.0475,0.043000000000000003,0.017235138525698017,0.046,0.048,0.04635,0.046,0.0005722761571129803,0.003,0.004,0.0030499999999999998,0.003,0.0002179449471770337,0.015,0.016,0.0152,0.015,0.00040000000000000034,0.062,0.068,0.06405000000000001,0.064,0.0012835497652993447,0.032,0.034,0.03245,0.032,0.0006689544080129832,0.005,0.005,0.005,0.005,0.0,0.003,0.003,0.003,0.003,0.0,0.003,0.003,0.003,0.003,0.0,0.0,0.0,0.0,0.0,0.0
32,32,4096,11008,32768,True,344,2,0.043000000000000003,0.117,0.0487,0.0445,0.01580854199475714,0.045,0.048,0.046099999999999995,0.046,0.0007681145747868615,0.003,0.004,0.0030499999999999998,0.003,0.0002179449471770337,0.015,0.016,0.01515,0.015,0.00035707142142714284,0.056,0.06,0.05675,0.0565,0.0009937303457175893,0.031,0.034,0.03215,0.032,0.0006538348415311016,0.005,0.005,0.005,0.005,0.0,0.003,0.003,0.003,0.003,0.0,0.003,0.003,0.003,0.003,0.0,0.0,0.0,0.0,0.0,0.0
32,32,4096,11008,32768,True,336,2,0.043000000000000003,0.132,0.04945,0.0445,0.019098363804263444,0.045,0.048,0.046099999999999995,0.046,0.0006244997998398403,0.003,0.004,0.0030499999999999998,0.003,0.0002179449471770337,0.015,0.016,0.01505,0.015,0.00021794494717703385,0.056,0.059000000000000004,0.057600000000000005,0.0575,0.0009165151389911689,0.031,0.034,0.032350000000000004,0.032,0.0007262919523166982,0.005,0.006,0.005050000000000001,0.005,0.0002179449471770337,0.003,0.003,0.003,0.003,0.0,0.003,0.003,0.003,0.003,0.0,0.0,0.0,0.0,0.0,0.0
32,32,4096,11008,32768,True,328,2,0.042,0.12,0.047450000000000006,0.043000000000000003,0.016779377223246395,0.045,0.048,0.046,0.046,0.0007071067811865482,0.003,0.004,0.0030499999999999998,0.003,0.0002179449471770337,0.015,0.016,0.01505,0.015,0.00021794494717703385,0.056,0.058,0.056900000000000006,0.057,0.0005385164807134509,0.032,0.034,0.0324,0.032,0.0006633249580710806,0.005,0.005,0.005,0.005,0.0,0.003,0.003,0.003,0.003,0.0,0.003,0.003,0.003,0.003,0.0,0.0,0.0,0.0,0.0,0.0
32,32,4096,11008,32768,True,320,2,0.043000000000000003,0.121,0.0494,0.046,0.01657226598869328,0.037,0.039,0.0381,0.038,0.0004358898943540677,0.003,0.004,0.0030499999999999998,0.003,0.0002179449471770337,0.015,0.016,0.015099999999999999,0.015,0.00030000000000000024,0.057,0.058,0.05720000000000001,0.057,0.00040000000000000034,0.031,0.033,0.032100000000000004,0.032,0.0006244997998398403,0.005,0.005,0.005,0.005,0.0,0.003,0.003,0.003,0.003,0.0,0.003,0.003,0.003,0.003,0.0,0.0,0.0,0.0,0.0,0.0
32,32,4096,11008,32768,True,312,2,0.041,0.128,0.04705,0.042,0.018762928875844517,0.038,0.039,0.0383,0.038,0.0004582575694955844,0.003,0.003,0.003,0.003,0.0,0.015,0.016,0.01505,0.015,0.00021794494717703385,0.057,0.059000000000000004,0.05770000000000001,0.058,0.0005567764362830027,0.032,0.034,0.03215,0.032,0.00047696960070847325,0.005,0.005,0.005,0.005,0.0,0.003,0.003,0.003,0.003,0.0,0.003,0.003,0.003,0.003,0.0,0.0,0.0,0.0,0.0,0.0
32,32,4096,11008,32768,True,304,2,0.041,0.115,0.046200000000000005,0.042,0.015948667655951706,0.038,0.04,0.03885,0.039,0.0006538348415311016,0.003,0.004,0.0030499999999999998,0.003,0.0002179449471770337,0.015,0.016,0.01505,0.015,0.00021794494717703385,0.056,0.057,0.05655,0.057,0.0004974937185533104,0.031,0.033,0.0319,0.032,0.0005385164807134509,0.005,0.005,0.005,0.005,0.0,0.003,0.003,0.003,0.003,0.0,0.003,0.003,0.003,0.003,0.0,0.0,0.0,0.0,0.0,0.0
32,32,4096,11008,32768,True,296,2,0.046,0.135,0.053849999999999995,0.048,0.01930097147814068,0.038,0.04,0.0391,0.039,0.0004358898943540677,0.003,0.004,0.0030499999999999998,0.003,0.0002179449471770337,0.015,0.016,0.01505,0.015,0.00021794494717703385,0.056,0.057,0.05655,0.057,0.0004974937185533104,0.031,0.033,0.032,0.032,0.0005477225575051665,0.005,0.005,0.005,0.005,0.0,0.003,0.003,0.003,0.003,0.0,0.003,0.003,0.003,0.003,0.0,0.0,0.0,0.0,0.0,0.0
32,32,4096,11008,32768,True,288,2,0.042,0.124,0.0476,0.043000000000000003,0.01776063061943466,0.04,0.042,0.04075,0.041,0.0006224949798994372,0.003,0.004,0.0030499999999999998,0.003,0.0002179449471770337,0.016,0.016,0.016,0.016,0.0,0.057,0.059000000000000004,0.05820000000000001,0.058,0.000509901951359279,0.031,0.033,0.032,0.032,0.0005477225575051665,0.005,0.005,0.005,0.005,0.0,0.003,0.003,0.003,0.003,0.0,0.003,0.003,0.003,0.003,0.0,0.0,0.0,0.0,0.0,0.0
32,32,4096,11008,32768,True,280,2,0.041,0.116,0.04685,0.042,0.01603519566453743,0.039,0.042,0.040150000000000005,0.04,0.0006538348415311016,0.003,0.004,0.0030499999999999998,0.003,0.0002179449471770337,0.016,0.016,0.016,0.016,0.0,0.054,0.057,0.05595,0.056,0.0008645808232895299,0.031,0.033,0.03205,0.032,0.0005894913061275804,0.005,0.005,0.005,0.005,0.0,0.003,0.003,0.003,0.003,0.0,0.003,0.003,0.003,0.003,0.0,0.0,0.0,0.0,0.0,0.0
32,32,4096,11008,32768,True,272,2,0.041,0.114,0.0463,0.042,0.015707004806773315,0.039,0.041,0.040100000000000004,0.04,0.0005385164807134509,0.003,0.003,0.003,0.003,0.0,0.016,0.016,0.016,0.016,0.0,0.054,0.057,0.05500000000000001,0.055,0.0007071067811865482,0.031,0.033,0.0319,0.032,0.0006244997998398403,0.005,0.005,0.005,0.005,0.0,0.003,0.003,0.003,0.003,0.0,0.003,0.003,0.003,0.003,0.0,0.0,0.0,0.0,0.0,0.0
32,32,4096,11008,32768,True,264,2,0.042,0.125,0.047900000000000005,0.043000000000000003,0.017885468962260957,0.04,0.041,0.040400000000000005,0.04,0.000489897948556636,0.003,0.003,0.003,0.003,0.0,0.016,0.016,0.016,0.016,0.0,0.055,0.056,0.055600000000000004,0.056,0.000489897948556636,0.031,0.033,0.0318,0.032,0.0006000000000000005,0.004,0.004,0.004,0.004,0.0,0.003,0.003,0.003,0.003,0.0,0.003,0.003,0.003,0.003,0.0,0.0,0.0,0.0,0.0,0.0
32,32,4096,11008,32768,True,256,2,0.041,0.121,0.04755,0.043000000000000003,0.017089397297739905,0.028,0.029,0.028100000000000003,0.028,0.00030000000000000024,0.003,0.003,0.003,0.003,0.0,0.012,0.012,0.012,0.012,0.0,0.049,0.051000000000000004,0.04925,0.049,0.0005361902647381809,0.025,0.026000000000000002,0.025500000000000002,0.025500000000000002,0.0005000000000000004,0.004,0.004,0.004,0.004,0.0,0.003,0.003,0.003,0.003,0.0,0.003,0.003,0.003,0.003,0.0,0.0,0.0,0.0,0.0,0.0
32,32,4096,11008,32768,True,248,2,0.04,0.116,0.04625,0.0415,0.016232298050491804,0.027,0.029,0.028000000000000004,0.028,0.0003162277660168382,0.003,0.003,0.003,0.003,0.0,0.012,0.012,0.012,0.012,0.0,0.048,0.051000000000000004,0.04925,0.049,0.0006982120021884477,0.025,0.026000000000000002,0.0253,0.025,0.0004582575694955844,0.004,0.004,0.004,0.004,0.0,0.002,0.003,0.0027,0.003,0.000458257569495584,0.002,0.003,0.0028,0.003,0.0004,0.0,0.0,0.0,0.0,0.0
32,32,4096,11008,32768,True,240,2,0.041,0.131,0.0473,0.0425,0.019352260849833543,0.027,0.029,0.027850000000000003,0.028,0.00047696960070847325,0.003,0.003,0.003,0.003,0.0,0.012,0.013000000000000001,0.01205,0.012,0.00021794494717703385,0.048,0.05,0.048850000000000005,0.049,0.0006538348415311016,0.026000000000000002,0.027,0.0261,0.026000000000000002,0.0002999999999999992,0.004,0.004,0.004,0.004,0.0,0.002,0.003,0.00285,0.003,0.0003570714214271425,0.002,0.003,0.0029500000000000004,0.003,0.0002179449471770337,0.0,0.0,0.0,0.0,0.0
32,32,4096,11008,32768,True,232,2,0.039,0.116,0.04525,0.041,0.01638253643365398,0.027,0.029,0.02765,0.028,0.0005722761571129803,0.003,0.003,0.003,0.003,0.0,0.013000000000000001,0.013000000000000001,0.013000000000000001,0.013000000000000001,0.0,0.048,0.05,0.0484,0.048,0.0005830951894845306,0.026000000000000002,0.027,0.02695,0.027,0.00021794494717703312,0.004,0.004,0.004,0.004,0.0,0.002,0.003,0.00275,0.003,0.00043301270189221935,0.002,0.003,0.0029500000000000004,0.003,0.0002179449471770337,0.0,0.0,0.0,0.0,0.0
32,32,4096,11008,32768,True,224,2,0.041,0.152,0.049049999999999996,0.042,0.023844234103866702,0.027,0.029,0.027950000000000003,0.028,0.00038405728739343076,0.003,0.003,0.003,0.003,0.0,0.013000000000000001,0.014,0.013900000000000001,0.014,0.00029999999999999976,0.048,0.065,0.050850000000000006,0.05,0.0035252659474144642,0.029,0.029,0.029000000000000005,0.029,0.0,0.004,0.004,0.004,0.004,0.0,0.002,0.003,0.0024000000000000002,0.002,0.0004898979485566357,0.002,0.003,0.0024000000000000002,0.002,0.0004898979485566357,0.0,0.0,0.0,0.0,0.0
32,32,4096,11008,32768,True,216,2,0.041,0.117,0.046200000000000005,0.042,0.016421327595538677,0.027,0.028,0.02765,0.028,0.00047696960070847325,0.003,0.003,0.003,0.003,0.0,0.014,0.014,0.014000000000000002,0.014,0.0,0.048,0.065,0.0501,0.049,0.0036180105030251086,0.029,0.03,0.029100000000000004,0.029,0.0002999999999999992,0.003,0.004,0.00395,0.004,0.0002179449471770337,0.002,0.003,0.0024000000000000002,0.002,0.0004898979485566357,0.002,0.003,0.00235,0.002,0.00047696960070847287,0.0,0.0,0.0,0.0,0.0
32,32,4096,11008,32768,True,208,2,0.039,0.12,0.04585,0.041,0.01748792440514311,0.027,0.029,0.027500000000000004,0.027,0.0005916079783099621,0.003,0.003,0.003,0.003,0.0,0.014,0.014,0.014000000000000002,0.014,0.0,0.049,0.064,0.0505,0.0495,0.0033689761055846028,0.03,0.031,0.030699999999999998,0.031,0.0004582575694955844,0.004,0.004,0.004,0.004,0.0,0.002,0.003,0.00245,0.002,0.00049749371855331,0.002,0.003,0.0023,0.002,0.000458257569495584,0.0,0.0,0.0,0.0,0.0
32,32,4096,11008,32768,True,200,2,0.043000000000000003,0.127,0.04885,0.044,0.018106007290399503,0.027,0.028,0.02755,0.028,0.0004974937185533104,0.003,0.003,0.003,0.003,0.0,0.015,0.015,0.015,0.015,0.0,0.048,0.065,0.0506,0.05,0.003611094017053558,0.031,0.032,0.0318,0.032,0.00040000000000000034,0.003,0.004,0.00395,0.004,0.0002179449471770337,0.002,0.003,0.0021999999999999997,0.002,0.0004,0.002,0.003,0.00245,0.002,0.00049749371855331,0.0,0.0,0.0,0.0,0.0
32,32,4096,11008,32768,True,192,2,0.042,0.127,0.04895,0.044,0.0181231205922159,0.028,0.029,0.028550000000000002,0.029,0.0004974937185533104,0.002,0.003,0.0029500000000000004,0.003,0.0002179449471770337,0.01,0.01,0.01,0.01,0.0,0.05,0.052000000000000005,0.05115000000000001,0.051000000000000004,0.0006538348415311016,0.023,0.024,0.023399999999999997,0.023,0.000489897948556636,0.004,0.004,0.004,0.004,0.0,0.002,0.003,0.00225,0.002,0.00043301270189221935,0.002,0.003,0.00215,0.002,0.0003570714214271425,0.0,0.0,0.0,0.0,0.0
32,32,4096,11008,32768,True,184,2,0.04,0.122,0.045950000000000005,0.041,0.017915007675130927,0.027,0.028,0.02715,0.027,0.00035707142142714284,0.003,0.003,0.003,0.003,0.0,0.01,0.01,0.01,0.01,0.0,0.05,0.052000000000000005,0.0513,0.051000000000000004,0.0005567764362830027,0.023,0.024,0.02345,0.023,0.0004974937185533104,0.004,0.004,0.004,0.004,0.0,0.002,0.003,0.00205,0.002,0.0002179449471770337,0.002,0.003,0.0021000000000000003,0.002,0.0003,0.0,0.0,0.0,0.0,0.0
32,32,4096,11008,32768,True,176,2,0.041,0.137,0.047850000000000004,0.043000000000000003,0.02057735405731262,0.027,0.028,0.02705,0.027,0.00021794494717703385,0.002,0.003,0.0029000000000000002,0.003,0.0003,0.01,0.01,0.01,0.01,0.0,0.05,0.053,0.051250000000000004,0.051000000000000004,0.0007664854858377945,0.023,0.023,0.023,0.023,0.0,0.004,0.004,0.004,0.004,0.0,0.002,0.003,0.0021000000000000003,0.002,0.0003,0.002,0.003,0.0021000000000000003,0.002,0.0003,0.0,0.0,0.0,0.0,0.0
32,32,4096,11008,32768,True,168,2,0.039,0.128,0.045450000000000004,0.04,0.019093127035663907,0.027,0.028,0.02715,0.027,0.00035707142142714284,0.002,0.003,0.0029500000000000004,0.003,0.0002179449471770337,0.011,0.011,0.011,0.011,0.0,0.051000000000000004,0.052000000000000005,0.05135000000000001,0.051000000000000004,0.00047696960070847325,0.024,0.025,0.02405,0.024,0.00021794494717703385,0.004,0.004,0.004,0.004,0.0,0.002,0.002,0.002,0.002,0.0,0.002,0.003,0.0021999999999999997,0.002,0.0004,0.0,0.0,0.0,0.0,0.0
32,32,4096,11008,32768,True,160,2,0.039,0.117,0.0445,0.04,0.01673469449975111,0.026000000000000002,0.028,0.027000000000000003,0.027,0.00031622776601683767,0.002,0.003,0.0027,0.003,0.000458257569495584,0.011,0.011,0.011,0.011,0.0,0.05,0.051000000000000004,0.05095000000000001,0.051000000000000004,0.00021794494717703385,0.024,0.024,0.024,0.024,0.0,0.004,0.004,0.004,0.004,0.0,0.002,0.002,0.002,0.002,0.0,0.002,0.003,0.00205,0.002,0.0002179449471770337,0.0,0.0,0.0,0.0,0.0
32,32,4096,11008,32768,True,152,2,0.039,0.112,0.04485,0.04,0.015605367666287135,0.027,0.027,0.027000000000000003,0.027,0.0,0.002,0.003,0.00215,0.002,0.0003570714214271425,0.011,0.011,0.011,0.011,0.0,0.05,0.051000000000000004,0.05095000000000001,0.051000000000000004,0.00021794494717703385,0.024,0.024,0.024,0.024,0.0,0.004,0.004,0.004,0.004,0.0,0.002,0.002,0.002,0.002,0.0,0.002,0.003,0.00205,0.002,0.0002179449471770337,0.0,0.0,0.0,0.0,0.0
32,32,4096,11008,32768,True,144,2,0.039,0.116,0.0442,0.04,0.01664812301732541,0.026000000000000002,0.028,0.02695,0.027,0.0003840572873934299,0.002,0.003,0.0021999999999999997,0.002,0.0004,0.011,0.011,0.011,0.011,0.0,0.054,0.056,0.055700000000000006,0.056,0.0005567764362830027,0.023,0.024,0.02395,0.024,0.00021794494717703385,0.004,0.004,0.004,0.004,0.0,0.002,0.003,0.00205,0.002,0.0002179449471770337,0.002,0.003,0.00205,0.002,0.0002179449471770337,0.0,0.0,0.0,0.0,0.0
32,32,4096,11008,32768,True,136,2,0.039,0.109,0.044700000000000004,0.04,0.015169377047196104,0.026000000000000002,0.027,0.0269,0.027,0.0002999999999999992,0.002,0.002,0.002,0.002,0.0,0.011,0.011,0.011,0.011,0.0,0.052000000000000005,0.053,0.05295,0.053,0.00021794494717703236,0.023,0.024,0.02385,0.024,0.00035707142142714284,0.003,0.004,0.00395,0.004,0.0002179449471770337,0.002,0.002,0.002,0.002,0.0,0.002,0.003,0.00205,0.002,0.0002179449471770337,0.0,0.0,0.0,0.0,0.0
32,32,4096,11008,32768,True,128,2,0.04,0.115,0.0465,0.0425,0.015888675212238433,0.023,0.024,0.023049999999999998,0.023,0.00021794494717703385,0.002,0.002,0.002,0.002,0.0,0.009000000000000001,0.009000000000000001,0.009000000000000001,0.009000000000000001,0.0,0.036000000000000004,0.037,0.03665,0.037,0.00047696960070846994,0.023,0.024,0.0237,0.024,0.0004582575694955844,0.003,0.003,0.003,0.003,0.0,0.002,0.002,0.002,0.002,0.0,0.002,0.002,0.002,0.002,0.0,0.0,0.0,0.0,0.0,0.0
32,32,4096,11008,32768,True,120,2,0.038,0.124,0.0448,0.04,0.018288247592374726,0.022,0.023,0.02235,0.022,0.00047696960070847325,0.002,0.002,0.002,0.002,0.0,0.009000000000000001,0.009000000000000001,0.009000000000000001,0.009000000000000001,0.0,0.036000000000000004,0.037,0.036250000000000004,0.036000000000000004,0.0004330127018922167,0.023,0.024,0.0231,0.023,0.00030000000000000024,0.002,0.003,0.0028,0.003,0.0004,0.002,0.002,0.002,0.002,0.0,0.002,0.002,0.002,0.002,0.0,0.0,0.0,0.0,0.0,0.0
32,32,4096,11008,32768,True,112,2,0.04,0.11800000000000001,0.04575,0.041,0.01672087019266641,0.022,0.023,0.022199999999999998,0.022,0.00040000000000000034,0.002,0.002,0.002,0.002,0.0,0.009000000000000001,0.009000000000000001,0.009000000000000001,0.009000000000000001,0.0,0.036000000000000004,0.037,0.036449999999999996,0.036000000000000004,0.0004974937185533069,0.023,0.024,0.0232,0.023,0.00040000000000000034,0.002,0.003,0.00235,0.002,0.00047696960070847287,0.002,0.002,0.002,0.002,0.0,0.002,0.002,0.002,0.002,0.0,0.0,0.0,0.0,0.0,0.0
32,32,4096,11008,32768,True,104,2,0.041,0.126,0.047850000000000004,0.043000000000000003,0.018097720850980104,0.022,0.023,0.022149999999999996,0.022,0.00035707142142714284,0.002,0.002,0.002,0.002,0.0,0.009000000000000001,0.009000000000000001,0.009000000000000001,0.009000000000000001,0.0,0.036000000000000004,0.037,0.036250000000000004,0.036000000000000004,0.0004330127018922167,0.023,0.024,0.0231,0.023,0.00030000000000000024,0.002,0.003,0.0023,0.002,0.000458257569495584,0.002,0.002,0.002,0.002,0.0,0.002,0.002,0.002,0.002,0.0,0.0,0.0,0.0,0.0,0.0
32,32,4096,11008,32768,True,96,2,0.04,0.125,0.046400000000000004,0.041,0.018325937902328494,0.022,0.023,0.022149999999999996,0.022,0.00035707142142714284,0.002,0.002,0.002,0.002,0.0,0.009000000000000001,0.009000000000000001,0.009000000000000001,0.009000000000000001,0.0,0.053,0.053,0.053000000000000005,0.053,0.0,0.023,0.024,0.023049999999999998,0.023,0.00021794494717703385,0.002,0.003,0.00205,0.002,0.0002179449471770337,0.002,0.002,0.002,0.002,0.0,0.002,0.002,0.002,0.002,0.0,0.0,0.0,0.0,0.0,0.0
32,32,4096,11008,32768,True,88,2,0.039,0.116,0.0445,0.04,0.016503030024816658,0.021,0.022,0.02195,0.022,0.00021794494717703312,0.002,0.002,0.002,0.002,0.0,0.009000000000000001,0.009000000000000001,0.009000000000000001,0.009000000000000001,0.0,0.053,0.054,0.05305,0.053,0.00021794494717703385,0.023,0.024,0.023049999999999998,0.023,0.00021794494717703385,0.002,0.002,0.002,0.002,0.0,0.002,0.002,0.002,0.002,0.0,0.002,0.002,0.002,0.002,0.0,0.0,0.0,0.0,0.0,0.0
32,32,4096,11008,32768,True,80,2,0.039,0.111,0.0444,0.04,0.015431785379534022,0.021,0.023,0.022,0.022,0.00031622776601683767,0.002,0.002,0.002,0.002,0.0,0.009000000000000001,0.009000000000000001,0.009000000000000001,0.009000000000000001,0.0,0.052000000000000005,0.053,0.0529,0.053,0.0002999999999999982,0.023,0.024,0.023049999999999998,0.023,0.00021794494717703385,0.002,0.002,0.002,0.002,0.0,0.002,0.002,0.002,0.002,0.0,0.002,0.002,0.002,0.002,0.0,0.0,0.0,0.0,0.0,0.0
32,32,4096,11008,32768,True,72,2,0.038,0.109,0.0434,0.039,0.015176956216580452,0.021,0.023,0.022,0.022,0.00031622776601683767,0.002,0.002,0.002,0.002,0.0,0.009000000000000001,0.009000000000000001,0.009000000000000001,0.009000000000000001,0.0,0.042,0.059000000000000004,0.04405,0.043000000000000003,0.0035982634700644145,0.022,0.023,0.022799999999999997,0.023,0.00040000000000000034,0.002,0.002,0.002,0.002,0.0,0.002,0.002,0.002,0.002,0.0,0.002,0.002,0.002,0.002,0.0,0.0,0.0,0.0,0.0,0.0
32,32,4096,11008,32768,True,64,2,0.039,0.121,0.0448,0.04,0.01760568090134545,0.021,0.022,0.0211,0.021,0.0002999999999999992,0.002,0.002,0.002,0.002,0.0,0.007,0.007,0.007000000000000001,0.007,0.0,0.036000000000000004,0.038,0.0368,0.037,0.0005999999999999978,0.019,0.02,0.0196,0.02,0.000489897948556636,0.002,0.003,0.00205,0.002,0.0002179449471770337,0.002,0.002,0.002,0.002,0.0,0.002,0.002,0.002,0.002,0.0,0.0,0.0,0.0,0.0,0.0
32,32,4096,11008,32768,True,56,2,0.039,0.113,0.0448,0.041,0.01582276840505479,0.021,0.022,0.021200000000000004,0.021,0.000399999999999999,0.002,0.002,0.002,0.002,0.0,0.007,0.007,0.007000000000000001,0.007,0.0,0.036000000000000004,0.038,0.036699999999999997,0.037,0.0005567764362829997,0.019,0.02,0.019450000000000002,0.019,0.0004974937185533104,0.002,0.003,0.00205,0.002,0.0002179449471770337,0.002,0.002,0.002,0.002,0.0,0.002,0.002,0.002,0.002,0.0,0.0,0.0,0.0,0.0,0.0
32,32,4096,11008,32768,True,48,2,0.039,0.128,0.0451,0.04,0.019141316569139127,0.021,0.022,0.021150000000000002,0.021,0.0003570714214271416,0.002,0.002,0.002,0.002,0.0,0.007,0.007,0.007000000000000001,0.007,0.0,0.036000000000000004,0.038,0.03715,0.037,0.0007262919523166959,0.019,0.02,0.01955,0.02,0.0004974937185533104,0.002,0.003,0.00205,0.002,0.0002179449471770337,0.002,0.002,0.002,0.002,0.0,0.002,0.002,0.002,0.002,0.0,0.0,0.0,0.0,0.0,0.0
32,32,4096,11008,32768,True,40,2,0.039,0.116,0.0445,0.04,0.016509088406087117,0.02,0.021,0.020800000000000003,0.021,0.00040000000000000034,0.002,0.002,0.002,0.002,0.0,0.007,0.007,0.007000000000000001,0.007,0.0,0.035,0.037,0.03595,0.036000000000000004,0.000497493718553309,0.019,0.02,0.01915,0.019,0.00035707142142714284,0.002,0.003,0.00205,0.002,0.0002179449471770337,0.002,0.002,0.002,0.002,0.0,0.002,0.002,0.002,0.002,0.0,0.0,0.0,0.0,0.0,0.0
32,32,4096,11008,32768,True,32,2,0.039,0.115,0.04525,0.041,0.01624153625738649,0.02,0.021,0.0204,0.02,0.000489897948556636,0.002,0.002,0.002,0.002,0.0,0.005,0.006,0.0051,0.005,0.0003,0.033,0.035,0.034,0.034,0.0006324555320336764,0.019,0.02,0.01925,0.019,0.0004330127018922197,0.002,0.002,0.002,0.002,0.0,0.002,0.002,0.002,0.002,0.0,0.002,0.002,0.002,0.002,0.0,0.0,0.0,0.0,0.0,0.0
32,32,4096,11008,32768,True,24,2,0.041,0.123,0.047150000000000004,0.0425,0.017547863117770207,0.02,0.021,0.020200000000000003,0.02,0.00040000000000000034,0.002,0.002,0.002,0.002,0.0,0.005,0.006,0.005200000000000001,0.005,0.0004,0.033,0.035,0.033800000000000004,0.034,0.000509901951359279,0.019,0.019,0.019,0.019,0.0,0.002,0.002,0.002,0.002,0.0,0.002,0.002,0.002,0.002,0.0,0.002,0.002,0.002,0.002,0.0,0.0,0.0,0.0,0.0,0.0
32,32,4096,11008,32768,True,16,2,0.044,0.129,0.0509,0.046,0.018168379124181663,0.02,0.021,0.02015,0.02,0.00035707142142714284,0.002,0.002,0.002,0.002,0.0,0.006,0.006,0.006,0.006,0.0,0.034,0.037,0.035,0.035,0.0008366600265340754,0.021,0.022,0.0213,0.021,0.0004582575694955828,0.002,0.002,0.002,0.002,0.0,0.002,0.002,0.002,0.002,0.0,0.002,0.002,0.002,0.002,0.0,0.0,0.0,0.0,0.0,0.0
32,32,4096,11008,32768,True,8,2,0.04,0.12,0.0456,0.041,0.017263835031649254,0.02,0.021,0.02015,0.02,0.00035707142142714284,0.002,0.002,0.002,0.002,0.0,0.006,0.006,0.006,0.006,0.0,0.032,0.033,0.03275,0.033,0.0004330127018922197,0.02,0.022,0.021,0.021,0.0005477225575051657,0.002,0.002,0.002,0.002,0.0,0.002,0.002,0.002,0.002,0.0,0.002,0.002,0.002,0.002,0.0,0.0,0.0,0.0,0.0,0.0
32,32,4096,11008,32768,True,4,2,0.039,0.11,0.0449,0.041,0.015208221460775747,0.02,0.021,0.020050000000000002,0.02,0.00021794494717703385,0.002,0.002,0.002,0.002,0.0,0.006,0.006,0.006,0.006,0.0,0.032,0.033,0.0327,0.033,0.0004582575694955844,0.02,0.022,0.020700000000000003,0.021,0.0005567764362830023,0.002,0.002,0.002,0.002,0.0,0.002,0.002,0.002,0.002,0.0,0.002,0.002,0.002,0.002,0.0,0.0,0.0,0.0,0.0,0.0
32,32,4096,11008,32768,True,2,2,0.039,0.108,0.0436,0.04,0.014884219831754702,0.02,0.021,0.020200000000000003,0.02,0.00040000000000000034,0.002,0.002,0.002,0.002,0.0,0.006,0.006,0.006,0.006,0.0,0.032,0.033,0.03265,0.033,0.00047696960070847325,0.02,0.022,0.020550000000000002,0.02,0.0006689544080129825,0.002,0.002,0.002,0.002,0.0,0.002,0.002,0.002,0.002,0.0,0.002,0.002,0.002,0.002,0.0,0.0,0.0,0.0,0.0,0.0
32,32,4096,11008,32768,True,1,2,0.038,0.122,0.044950000000000004,0.04,0.017856301408746438,0.02,0.02,0.02,0.02,0.0,0.002,0.002,0.002,0.002,0.0,0.006,0.006,0.006,0.006,0.0,0.034,0.036000000000000004,0.035300000000000005,0.035,0.0005567764362830027,0.019,0.02,0.019950000000000002,0.02,0.00021794494717703385,0.002,0.002,0.002,0.002,0.0,0.002,0.002,0.002,0.002,0.0,0.002,0.002,0.002,0.002,0.0,0.0,0.0,0.0,0.0,0.0
32,32,4096,11008,32768,True,4096,4,0.14400000000000002,0.289,0.15425,0.145,0.03194037413681937,0.149,0.17300000000000001,0.15155,0.1505,0.005064336086793613,0.017,0.017,0.017,0.017,0.0,0.05,0.069,0.0526,0.051000000000000004,0.004066939881532551,0.263,0.28300000000000003,0.26795,0.267,0.0036534230524263166,0.127,0.15,0.13185,0.131,0.004384917331033732,0.041,0.042,0.04105,0.041,0.00021794494717703385,0.023,0.024,0.023549999999999998,0.024,0.0004974937185533104,0.023,0.024,0.0236,0.024,0.000489897948556636,0.0,0.0,0.0,0.0,0.0
32,32,4096,11008,32768,True,4096,4,0.14400000000000002,0.243,0.15005,0.145,0.021331842395817573,0.15,0.176,0.15245,0.151,0.005463286556643353,0.017,0.017,0.017,0.017,0.0,0.05,0.069,0.0528,0.051500000000000004,0.004069397989875161,0.266,0.304,0.26945,0.268,0.008021689348260747,0.13,0.15,0.13225,0.131,0.004334454983039965,0.041,0.042,0.0413,0.041,0.0004582575694955844,0.023,0.024,0.023899999999999998,0.024,0.00030000000000000024,0.023,0.024,0.02385,0.024,0.00035707142142714284,0.0,0.0,0.0,0.0,0.0
32,32,4096,11008,32768,True,4064,4,0.14400000000000002,0.245,0.1514,0.146,0.021581010170981338,0.149,0.177,0.15194999999999997,0.151,0.005792020372892346,0.017,0.017,0.017,0.017,0.0,0.05,0.069,0.05285000000000001,0.052000000000000005,0.004053085244600711,0.264,0.28700000000000003,0.268,0.267,0.004483302354291983,0.134,0.158,0.13625,0.135,0.005048514633038116,0.04,0.041,0.0408,0.041,0.00040000000000000034,0.023,0.024,0.023299999999999998,0.023,0.0004582575694955844,0.023,0.024,0.02325,0.023,0.0004330127018922197,0.0,0.0,0.0,0.0,0.0
32,32,4096,11008,32768,True,4032,4,0.14200000000000002,0.258,0.1506,0.14300000000000002,0.02554094751570505,0.149,0.17500000000000002,0.15184999999999998,0.151,0.005350467269313966,0.017,0.017,0.017,0.017,0.0,0.05,0.069,0.05285000000000001,0.051000000000000004,0.004174625731727337,0.261,0.28700000000000003,0.26660000000000006,0.266,0.004862098312457291,0.133,0.158,0.13565,0.134,0.005179527005432058,0.04,0.041,0.040600000000000004,0.041,0.000489897948556636,0.023,0.024,0.0232,0.023,0.00040000000000000034,0.023,0.023,0.023,0.023,0.0,0.0,0.0,0.0,0.0,0.0
32,32,4096,11008,32768,True,4000,4,0.14,0.23,0.14665,0.14200000000000002,0.019202278510635138,0.15,0.17400000000000002,0.15205,0.151,0.005093868863643826,0.016,0.017,0.016800000000000002,0.017,0.00040000000000000034,0.05,0.07,0.052500000000000005,0.051000000000000004,0.004272001872658766,0.261,0.28500000000000003,0.2659,0.265,0.004581484475582127,0.133,0.157,0.13575,0.134,0.004988737315193092,0.04,0.041,0.0402,0.04,0.00040000000000000034,0.022,0.024,0.023,0.023,0.0003162277660168382,0.022,0.023,0.022799999999999997,0.023,0.00040000000000000034,0.0,0.0,0.0,0.0,0.0
32,32,4096,11008,32768,True,3968,4,0.139,0.23500000000000001,0.14650000000000002,0.14100000000000001,0.020660348496576723,0.15,0.17400000000000002,0.1524,0.1515,0.005013980454688674,0.016,0.017,0.01615,0.016,0.00035707142142714284,0.05,0.07100000000000001,0.052700000000000004,0.051000000000000004,0.004517742799230608,0.262,0.28400000000000003,0.26525000000000004,0.2645,0.004437059837324716,0.126,0.149,0.12965,0.129,0.004574658457196557,0.04,0.04,0.04,0.04,0.0,0.022,0.023,0.022649999999999997,0.023,0.00047696960070847325,0.022,0.023,0.022649999999999997,0.023,0.00047696960070847325,0.0,0.0,0.0,0.0,0.0
32,32,4096,11008,32768,True,3936,4,0.136,0.231,0.14285,0.138,0.02036240408203314,0.149,0.17300000000000001,0.1517,0.151,0.004960846701924989,0.016,0.017,0.016050000000000002,0.016,0.00021794494717703385,0.05,0.069,0.0524,0.051000000000000004,0.0040792156108742286,0.263,0.28800000000000003,0.26715,0.266,0.004942418436352799,0.133,0.157,0.1353,0.134,0.0050606323715519964,0.039,0.04,0.039900000000000005,0.04,0.00030000000000000024,0.022,0.023,0.0225,0.0225,0.0005000000000000004,0.022,0.023,0.022299999999999997,0.022,0.0004582575694955844,0.0,0.0,0.0,0.0,0.0
32,32,4096,11008,32768,True,3904,4,0.137,0.233,0.14325000000000002,0.138,0.02082996639459603,0.149,0.17500000000000002,0.15215,0.151,0.005303536555921911,0.016,0.017,0.016050000000000002,0.016,0.00021794494717703385,0.05,0.069,0.0524,0.051000000000000004,0.00414004830889689,0.258,0.28400000000000003,0.26420000000000005,0.2635,0.004770744176750629,0.132,0.156,0.1345,0.133,0.005004997502496878,0.039,0.04,0.03925,0.039,0.0004330127018922197,0.022,0.023,0.022099999999999998,0.022,0.00030000000000000024,0.022,0.023,0.022049999999999997,0.022,0.00021794494717703385,0.0,0.0,0.0,0.0,0.0
32,32,4096,11008,32768,True,3872,4,0.135,0.225,0.14140000000000003,0.1365,0.019332356297151156,0.149,0.17200000000000001,0.15175,0.151,0.00472096388463204,0.016,0.017,0.016050000000000002,0.016,0.00021794494717703385,0.05,0.07100000000000001,0.052500000000000005,0.051000000000000004,0.0045000000000000005,0.259,0.28200000000000003,0.26415,0.264,0.004257640191467573,0.132,0.158,0.13485,0.134,0.005443114917030503,0.038,0.039,0.038900000000000004,0.039,0.00030000000000000024,0.022,0.022,0.022,0.022,0.0,0.022,0.022,0.022,0.022,0.0,0.0,0.0,0.0,0.0,0.0
32,32,4096,11008,32768,True,3840,4,0.133,0.241,0.14195,0.135,0.023988486821806827,0.136,0.166,0.1399,0.138,0.006171709649683789,0.016,0.016,0.016,0.016,0.0,0.05,0.07,0.0526,0.051000000000000004,0.004305810028322198,0.245,0.266,0.25015,0.25,0.0038114957693797884,0.12,0.14400000000000002,0.12255,0.1215,0.004974685919734033,0.038,0.039,0.0387,0.039,0.0004582575694955844,0.021,0.022,0.02175,0.022,0.0004330127018922182,0.021,0.022,0.0218,0.022,0.000399999999999999,0.0,0.0,0.0,0.0,0.0
32,32,4096,11008,32768,True,3808,4,0.132,0.226,0.1387,0.133,0.020411026431808862,0.136,0.159,0.13925,0.138,0.00464623503495034,0.016,0.016,0.016,0.016,0.0,0.05,0.069,0.052750000000000005,0.051500000000000004,0.00402336923485777,0.243,0.266,0.24905,0.249,0.004116734142496942,0.12,0.14300000000000002,0.12204999999999999,0.121,0.004903825037661931,0.038,0.039,0.03845,0.038,0.0004974937185533104,0.021,0.022,0.0213,0.021,0.0004582575694955828,0.021,0.022,0.02145,0.021,0.0004974937185533088,0.0,0.0,0.0,0.0,0.0
32,32,4096,11008,32768,True,3776,4,0.131,0.228,0.1378,0.132,0.021108292209461192,0.136,0.159,0.1388,0.138,0.004696807426326949,0.016,0.016,0.016,0.016,0.0,0.05,0.069,0.05235000000000001,0.051000000000000004,0.004028337125911882,0.243,0.265,0.24835,0.248,0.004102133591193737,0.12,0.14300000000000002,0.12204999999999999,0.121,0.004852576635149624,0.038,0.039,0.0381,0.038,0.00030000000000000024,0.021,0.022,0.021150000000000002,0.021,0.0003570714214271416,0.021,0.022,0.021200000000000004,0.021,0.000399999999999999,0.0,0.0,0.0,0.0,0.0
32,32,4096,11008,32768,True,3744,4,0.129,0.224,0.13595000000000002,0.131,0.02041929234816917,0.135,0.159,0.13840000000000002,0.137,0.004810405388322276,0.015,0.016,0.01585,0.016,0.00035707142142714284,0.05,0.07,0.0526,0.051000000000000004,0.004352011029397789,0.243,0.265,0.24695,0.246,0.004318275118609285,0.12,0.154,0.1232,0.121,0.008255906976220119,0.038,0.038,0.038,0.038,0.0,0.021,0.021,0.021,0.021,0.0,0.021,0.021,0.021,0.021,0.0,0.0,0.0,0.0,0.0,0.0
32,32,4096,11008,32768,True,3712,4,0.129,0.218,0.1353,0.13,0.01937808040028733,0.135,0.157,0.13785,0.137,0.004486368241685025,0.015,0.016,0.0152,0.015,0.00040000000000000034,0.05,0.069,0.05245000000000001,0.051000000000000004,0.004116734142496938,0.242,0.263,0.2466,0.246,0.003954743986657041,0.11900000000000001,0.14200000000000002,0.12150000000000001,0.121,0.00474868402823351,0.037,0.038,0.03775,0.038,0.0004330127018922197,0.021,0.022,0.021050000000000003,0.021,0.00021794494717703312,0.021,0.022,0.021050000000000003,0.021,0.00021794494717703312,0.0,0.0,0.0,0.0,0.0
32,32,4096,11008,32768,True,3680,4,0.127,0.217,0.13365,0.128,0.01961956931229633,0.134,0.158,0.1376,0.137,0.004768647607026544,0.015,0.016,0.01505,0.015,0.00021794494717703385,0.05,0.068,0.052250000000000005,0.051000000000000004,0.003897114317029974,0.243,0.264,0.24645,0.246,0.004140953996363644,0.12,0.14100000000000001,0.12155,0.1205,0.0044997222136483085,0.037,0.037,0.037,0.037,0.0,0.02,0.021,0.020450000000000003,0.02,0.0004974937185533104,0.02,0.021,0.020550000000000002,0.021,0.0004974937185533104,0.0,0.0,0.0,0.0,0.0
32,32,4096,11008,32768,True,3648,4,0.126,0.217,0.13269999999999998,0.127,0.020047693134123936,0.134,0.157,0.13720000000000002,0.136,0.004654030511288036,0.015,0.016,0.01505,0.015,0.00021794494717703385,0.05,0.067,0.052250000000000005,0.051000000000000004,0.0036996621467371856,0.24,0.262,0.24545,0.245,0.004067861846228315,0.11900000000000001,0.14300000000000002,0.1214,0.12,0.005073460357586332,0.036000000000000004,0.037,0.036699999999999997,0.037,0.00045825756949558123,0.02,0.021,0.0204,0.02,0.000489897948556636,0.02,0.022,0.02025,0.02,0.0005361902647381804,0.0,0.0,0.0,0.0,0.0
32,32,4096,11008,32768,True,3616,4,0.124,0.226,0.1315,0.125,0.02271893483418622,0.134,0.16,0.1375,0.136,0.005248809388804282,0.015,0.016,0.01505,0.015,0.00021794494717703385,0.05,0.07200000000000001,0.0524,0.051000000000000004,0.004768647607026546,0.24,0.267,0.2448,0.244,0.005230678732248813,0.11800000000000001,0.14100000000000001,0.12104999999999999,0.12,0.004641928478552855,0.036000000000000004,0.037,0.036699999999999997,0.037,0.00045825756949558123,0.02,0.021,0.02025,0.02,0.0004330127018922197,0.02,0.021,0.02015,0.02,0.00035707142142714284,0.0,0.0,0.0,0.0,0.0
32,32,4096,11008,32768,True,3584,4,0.123,0.218,0.1302,0.1245,0.02086528216919196,0.13,0.153,0.133,0.132,0.004679743582719035,0.015,0.015,0.015,0.015,0.0,0.045,0.064,0.04775,0.046,0.004060480267160525,0.233,0.261,0.2386,0.23800000000000002,0.005276362383309166,0.117,0.14200000000000002,0.11945000000000001,0.11800000000000001,0.005229483722127837,0.036000000000000004,0.037,0.0366,0.037,0.0004898979485566326,0.02,0.02,0.02,0.02,0.0,0.02,0.02,0.02,0.02,0.0,0.0,0.0,0.0,0.0,0.0
32,32,4096,11008,32768,True,3552,4,0.122,0.214,0.1295,0.1235,0.020514628926695214,0.13,0.153,0.1323,0.131,0.00481767578817836,0.015,0.015,0.015,0.015,0.0,0.045,0.063,0.047549999999999995,0.046,0.0038532453853861947,0.233,0.256,0.23840000000000003,0.23750000000000002,0.004235563716909472,0.117,0.139,0.1193,0.11800000000000001,0.004572745346069471,0.036000000000000004,0.036000000000000004,0.036000000000000004,0.036000000000000004,0.0,0.02,0.02,0.02,0.02,0.0,0.019,0.02,0.019950000000000002,0.02,0.00021794494717703385,0.0,0.0,0.0,0.0,0.0
32,32,4096,11008,32768,True,3520,4,0.121,0.218,0.1282,0.122,0.021843992309099544,0.129,0.154,0.13165,0.1305,0.005169864601708635,0.015,0.015,0.015,0.015,0.0,0.045,0.064,0.0475,0.046,0.0040681691213615995,0.233,0.26,0.23835,0.23700000000000002,0.005101715397785336,0.117,0.139,0.11910000000000001,0.11800000000000001,0.004624932431938872,0.035,0.036000000000000004,0.03585000000000001,0.036000000000000004,0.00035707142142714284,0.019,0.02,0.0198,0.02,0.00040000000000000034,0.019,0.02,0.019700000000000002,0.02,0.0004582575694955844,0.0,0.0,0.0,0.0,0.0
32,32,4096,11008,32768,True,3488,4,0.11900000000000001,0.211,0.12689999999999999,0.121,0.020400735280866715,0.13,0.153,0.13225,0.131,0.004836062447901183,0.015,0.015,0.015,0.015,0.0,0.046,0.062,0.04795,0.047,0.003556332380416656,0.232,0.255,0.23785000000000003,0.23700000000000002,0.004150602365922323,0.117,0.139,0.11905000000000002,0.11800000000000001,0.004620335485654695,0.035,0.036000000000000004,0.0354,0.035,0.000489897948556636,0.019,0.02,0.01915,0.019,0.00035707142142714284,0.019,0.02,0.019200000000000002,0.019,0.00040000000000000034,0.0,0.0,0.0,0.0,0.0
32,32,4096,11008,32768,True,3456,4,0.11800000000000001,0.213,0.12525,0.11900000000000001,0.021238820588723846,0.121,0.14400000000000002,0.12730000000000002,0.127,0.004267317658670377,0.014,0.015,0.014599999999999998,0.015,0.0004898979485566352,0.045,0.068,0.047049999999999995,0.046,0.004994747240852135,0.219,0.242,0.22835,0.228,0.004174625731727335,0.117,0.139,0.11885000000000001,0.11800000000000001,0.0046826808560908794,0.035,0.036000000000000004,0.035100000000000006,0.035,0.00030000000000000024,0.019,0.02,0.0191,0.019,0.00030000000000000024,0.019,0.02,0.01925,0.019,0.0004330127018922197,0.0,0.0,0.0,0.0,0.0
32,32,4096,11008,32768,True,3424,4,0.117,0.213,0.12450000000000001,0.11800000000000001,0.02154181979313725,0.122,0.147,0.12755,0.126,0.004748420790115382,0.014,0.015,0.014050000000000002,0.014,0.0002179449471770335,0.044,0.063,0.046849999999999996,0.046,0.004040730132042971,0.224,0.249,0.2294,0.228,0.0049030602688525035,0.117,0.14,0.1189,0.11800000000000001,0.004918333050943176,0.034,0.035,0.034850000000000006,0.035,0.00035707142142714284,0.019,0.02,0.01905,0.019,0.00021794494717703385,0.019,0.02,0.0191,0.019,0.00030000000000000024,0.0,0.0,0.0,0.0,0.0
32,32,4096,11008,32768,True,3392,4,0.116,0.212,0.1227,0.116,0.021482783804712084,0.129,0.153,0.13140000000000002,0.13,0.005023942674832187,0.014,0.015,0.014050000000000002,0.014,0.0002179449471770335,0.045,0.066,0.04775,0.046,0.004856696408053525,0.232,0.255,0.23600000000000004,0.23500000000000001,0.0044944410108488445,0.116,0.14300000000000002,0.11935,0.11750000000000001,0.005807538204781784,0.034,0.035,0.034850000000000006,0.035,0.00035707142142714284,0.019,0.019,0.019,0.019,0.0,0.019,0.02,0.0191,0.019,0.00030000000000000024,0.0,0.0,0.0,0.0,0.0
32,32,4096,11008,32768,True,3360,4,0.115,0.216,0.1222,0.116,0.02258450796453179,0.129,0.153,0.1319,0.1305,0.004958830507286974,0.014,0.015,0.014050000000000002,0.014,0.0002179449471770335,0.044,0.061,0.046549999999999994,0.0455,0.003612132334231403,0.234,0.255,0.2359,0.23500000000000001,0.0044485952839070425,0.117,0.14,0.11950000000000001,0.11900000000000001,0.004769696007084729,0.034,0.035,0.03415,0.034,0.00035707142142714284,0.018000000000000002,0.019,0.0188,0.019,0.000399999999999999,0.018000000000000002,0.019,0.0188,0.019,0.000399999999999999,0.0,0.0,0.0,0.0,0.0
32,32,4096,11008,32768,True,3328,4,0.113,0.202,0.12,0.114,0.01991481860324116,0.12,0.146,0.12484999999999999,0.124,0.004992744736114594,0.014,0.014,0.014000000000000002,0.014,0.0,0.045,0.063,0.04675,0.045,0.004145780987944251,0.219,0.243,0.2205,0.219,0.0051913389409669625,0.105,0.129,0.10825,0.107,0.004998749843710927,0.033,0.034,0.03365,0.034,0.00047696960070847325,0.018000000000000002,0.019,0.0186,0.019,0.0004898979485566344,0.018000000000000002,0.019,0.0185,0.018500000000000003,0.0004999999999999987,0.0,0.0,0.0,0.0,0.0
32,32,4096,11008,32768,True,3296,4,0.112,0.20600000000000002,0.11905000000000002,0.113,0.021228459670922902,0.122,0.149,0.1255,0.124,0.005572252686302012,0.014,0.014,0.014000000000000002,0.014,0.0,0.044,0.065,0.04695,0.0455,0.00452189119727576,0.218,0.242,0.22025,0.219,0.005048514633038116,0.105,0.128,0.1078,0.107,0.004894895300208168,0.033,0.034,0.033800000000000004,0.034,0.00040000000000000034,0.018000000000000002,0.019,0.018150000000000003,0.018000000000000002,0.0003570714214271416,0.018000000000000002,0.019,0.018150000000000003,0.018000000000000002,0.0003570714214271416,0.0,0.0,0.0,0.0,0.0
32,32,4096,11008,32768,True,3264,4,0.11,0.21,0.118,0.1115,0.022345021816950635,0.129,0.154,0.1313,0.13,0.005282991576748915,0.014,0.014,0.014000000000000002,0.014,0.0,0.045,0.065,0.047,0.0455,0.004494441010848847,0.218,0.24,0.22000000000000003,0.219,0.004647580015448898,0.105,0.129,0.1076,0.106,0.005161395160225578,0.033,0.034,0.03325,0.033,0.0004330127018922197,0.018000000000000002,0.019,0.0181,0.018000000000000002,0.0002999999999999992,0.018000000000000002,0.019,0.018150000000000003,0.018000000000000002,0.0003570714214271416,0.0,0.0,0.0,0.0,0.0
32,32,4096,11008,32768,True,3232,4,0.109,0.201,0.11665,0.111,0.020540873885986452,0.128,0.152,0.1313,0.13,0.0048072861366887645,0.014,0.014,0.014000000000000002,0.014,0.0,0.045,0.064,0.046849999999999996,0.045,0.0043275281628199725,0.217,0.241,0.22005,0.219,0.004914010581999187,0.105,0.129,0.10734999999999999,0.106,0.005179527005432062,0.033,0.033,0.033,0.033,0.0,0.018000000000000002,0.019,0.018050000000000004,0.018000000000000002,0.00021794494717703312,0.018000000000000002,0.019,0.0181,0.018000000000000002,0.0002999999999999992,0.0,0.0,0.0,0.0,0.0
32,32,4096,11008,32768,True,3200,4,0.107,0.214,0.11674999999999999,0.109,0.0256902218752583,0.114,0.155,0.11920000000000001,0.117,0.00885211839053229,0.013000000000000001,0.014,0.01395,0.014,0.0002179449471770335,0.044,0.064,0.04675,0.045,0.004299709292498739,0.217,0.23900000000000002,0.21905000000000002,0.218,0.00463114456695103,0.105,0.128,0.1072,0.106,0.00499599839871872,0.032,0.033,0.0327,0.033,0.0004582575694955844,0.017,0.018000000000000002,0.01795,0.018000000000000002,0.00021794494717703385,0.018000000000000002,0.018000000000000002,0.018000000000000002,0.018000000000000002,0.0,0.0,0.0,0.0,0.0,0.0
32,32,4096,11008,32768,True,3168,4,0.108,0.195,0.11425,0.1085,0.019616001121533413,0.113,0.148,0.11775,0.116,0.007217167034231642,0.013000000000000001,0.014,0.0131,0.013000000000000001,0.00029999999999999976,0.044,0.064,0.046799999999999994,0.046,0.004202380277890139,0.216,0.23900000000000002,0.2184,0.217,0.004789572005931223,0.105,0.128,0.10694999999999999,0.106,0.004994747240852135,0.032,0.033,0.0324,0.032,0.000489897948556636,0.017,0.018000000000000002,0.01785,0.018000000000000002,0.00035707142142714284,0.017,0.018000000000000002,0.01795,0.018000000000000002,0.00021794494717703385,0.0,0.0,0.0,0.0,0.0
32,32,4096,11008,32768,True,3136,4,0.106,0.201,0.11374999999999999,0.107,0.021144443714602664,0.113,0.136,0.11680000000000001,0.116,0.004467661580737736,0.013000000000000001,0.014,0.01305,0.013000000000000001,0.0002179449471770335,0.045,0.062,0.046599999999999996,0.0455,0.003773592452822642,0.215,0.23900000000000002,0.21764999999999998,0.217,0.004962610200287753,0.105,0.127,0.10694999999999999,0.106,0.004779905856813501,0.031,0.032,0.03195,0.032,0.00021794494717703385,0.017,0.018000000000000002,0.0177,0.018000000000000002,0.0004582575694955844,0.017,0.018000000000000002,0.01795,0.018000000000000002,0.00021794494717703385,0.0,0.0,0.0,0.0,0.0
32,32,4096,11008,32768,True,3104,4,0.105,0.199,0.11185,0.106,0.02106009259238905,0.113,0.136,0.11660000000000001,0.116,0.004565084884205332,0.013000000000000001,0.014,0.01305,0.013000000000000001,0.0002179449471770335,0.044,0.064,0.046799999999999994,0.045,0.004342810150121694,0.215,0.23800000000000002,0.21760000000000002,0.217,0.00476864760702655,0.10400000000000001,0.126,0.1062,0.105,0.00471805044483418,0.031,0.032,0.03165,0.032,0.00047696960070847325,0.017,0.018000000000000002,0.017400000000000002,0.017,0.000489897948556636,0.017,0.018000000000000002,0.017400000000000002,0.017,0.000489897948556636,0.0,0.0,0.0,0.0,0.0
32,32,4096,11008,32768,True,3072,4,0.10400000000000001,0.194,0.1106,0.105,0.02032584561586553,0.112,0.136,0.11474999999999999,0.1135,0.0049585784253150635,0.013000000000000001,0.013000000000000001,0.013000000000000001,0.013000000000000001,0.0,0.04,0.058,0.042249999999999996,0.041,0.004133702940463913,0.197,0.219,0.20329999999999998,0.203,0.0040755367744629645,0.10300000000000001,0.125,0.10505,0.10400000000000001,0.004831925082200673,0.031,0.032,0.03185,0.032,0.00035707142142714284,0.017,0.018000000000000002,0.0171,0.017,0.00030000000000000024,0.017,0.018000000000000002,0.0171,0.017,0.00030000000000000024,0.0,0.0,0.0,0.0,0.0
32,32,4096,11008,32768,True,3040,4,0.10300000000000001,0.19,0.10965,0.10400000000000001,0.019573642992555065,0.111,0.134,0.1139,0.113,0.004710626285325552,0.013000000000000001,0.013000000000000001,0.013000000000000001,0.013000000000000001,0.0,0.04,0.057,0.04205,0.041,0.0038009867139994057,0.196,0.22,0.20055,0.2,0.004631144566951024,0.10200000000000001,0.125,0.1052,0.10400000000000001,0.0048538644398046366,0.031,0.031,0.031,0.031,0.0,0.017,0.017,0.017,0.017,0.0,0.017,0.017,0.017,0.017,0.0,0.0,0.0,0.0,0.0,0.0
32,32,4096,11008,32768,True,3008,4,0.10200000000000001,0.192,0.10885,0.10300000000000001,0.020332916662397452,0.112,0.137,0.11440000000000002,0.113,0.005544366510251646,0.013000000000000001,0.013000000000000001,0.013000000000000001,0.013000000000000001,0.0,0.039,0.061,0.042749999999999996,0.0415,0.0045483513496650625,0.195,0.22,0.2,0.199,0.004753945729601883,0.10300000000000001,0.125,0.10505,0.10400000000000001,0.004964624859946618,0.03,0.031,0.03055,0.031,0.0004974937185533104,0.017,0.017,0.017,0.017,0.0,0.017,0.017,0.017,0.017,0.0,0.0,0.0,0.0,0.0,0.0
32,32,4096,11008,32768,True,2976,4,0.101,0.195,0.10795000000000002,0.10200000000000001,0.0212614087021533,0.111,0.151,0.1149,0.113,0.008324061508662701,0.013000000000000001,0.013000000000000001,0.013000000000000001,0.013000000000000001,0.0,0.04,0.057,0.042300000000000004,0.041,0.003729611239794303,0.195,0.218,0.19945000000000002,0.199,0.004443815927780986,0.10200000000000001,0.125,0.1048,0.10400000000000001,0.004843552415324932,0.03,0.031,0.03055,0.031,0.0004974937185533104,0.016,0.017,0.01685,0.017,0.00035707142142714284,0.017,0.017,0.017,0.017,0.0,0.0,0.0,0.0,0.0,0.0
32,32,4096,11008,32768,True,2944,4,0.099,0.187,0.1062,0.1,0.019787875075409182,0.111,0.133,0.11415,0.113,0.004475209492303126,0.012,0.013000000000000001,0.01295,0.013000000000000001,0.00021794494717703385,0.04,0.057,0.0421,0.04,0.004205948168962618,0.187,0.211,0.19475,0.194,0.004193745342769395,0.10300000000000001,0.125,0.10505,0.10400000000000001,0.004831925082200673,0.03,0.031,0.03015,0.03,0.00035707142142714284,0.016,0.017,0.0165,0.0165,0.0005000000000000004,0.016,0.017,0.0165,0.0165,0.0005000000000000004,0.0,0.0,0.0,0.0,0.0
32,32,4096,11008,32768,True,2912,4,0.099,0.186,0.10565,0.1,0.019652671574114294,0.11,0.152,0.11410000000000001,0.112,0.008954886933959579,0.012,0.013000000000000001,0.0123,0.012,0.0004582575694955844,0.039,0.059000000000000004,0.0417,0.04,0.004302324952859791,0.195,0.22,0.19835,0.1975,0.00506236110920586,0.10300000000000001,0.127,0.10535000000000001,0.10400000000000001,0.005479735395071552,0.029,0.03,0.0295,0.0295,0.0004999999999999987,0.016,0.017,0.01615,0.016,0.00035707142142714284,0.016,0.016,0.016,0.016,0.0,0.0,0.0,0.0,0.0,0.0
32,32,4096,11008,32768,True,2880,4,0.096,0.19,0.1036,0.0975,0.020917456824384745,0.111,0.15,0.1136,0.1115,0.008422588675698225,0.012,0.012,0.012,0.012,0.0,0.039,0.057,0.04165,0.04,0.003990927210561475,0.195,0.217,0.1976,0.197,0.004487761134463373,0.10200000000000001,0.125,0.1048,0.10300000000000001,0.004915282290977801,0.029,0.03,0.0299,0.03,0.0002999999999999992,0.016,0.016,0.016,0.016,0.0,0.016,0.016,0.016,0.016,0.0,0.0,0.0,0.0,0.0,0.0
32,32,4096,11008,32768,True,2848,4,0.096,0.188,0.10285,0.097,0.02062346964019391,0.11,0.152,0.11440000000000002,0.112,0.008754427451295715,0.012,0.012,0.012,0.012,0.0,0.04,0.058,0.0433,0.0425,0.0036345563690772494,0.194,0.217,0.19725,0.196,0.004613837881850638,0.10200000000000001,0.125,0.10525,0.10400000000000001,0.004825712382643622,0.028,0.029,0.028900000000000002,0.029,0.00030000000000000024,0.016,0.016,0.016,0.016,0.0,0.016,0.017,0.016050000000000002,0.016,0.00021794494717703385,0.0,0.0,0.0,0.0,0.0
32,32,4096,11008,32768,True,2816,4,0.095,0.18,0.1018,0.096,0.019420607611503816,0.095,0.098,0.09670000000000001,0.097,0.001100000000000001,0.012,0.012,0.012,0.012,0.0,0.039,0.057,0.04125,0.04,0.0039481008092499366,0.2,0.225,0.2063,0.20600000000000002,0.005225897052181565,0.091,0.113,0.0934,0.092,0.004820788317277581,0.028,0.029,0.028800000000000003,0.029,0.00040000000000000034,0.016,0.016,0.016,0.016,0.0,0.016,0.017,0.016050000000000002,0.016,0.00021794494717703385,0.0,0.0,0.0,0.0,0.0
32,32,4096,11008,32768,True,2784,4,0.095,0.20400000000000001,0.10285,0.095,0.024421865203133036,0.094,0.098,0.09645000000000001,0.097,0.0009733961166965902,0.012,0.012,0.012,0.012,0.0,0.039,0.057,0.041350000000000005,0.04,0.003965791219920686,0.187,0.212,0.19115,0.19,0.004911975162803654,0.091,0.113,0.09335,0.092,0.004901785389018987,0.028,0.029,0.028050000000000002,0.028,0.00021794494717703385,0.016,0.016,0.016,0.016,0.0,0.016,0.016,0.016,0.016,0.0,0.0,0.0,0.0,0.0,0.0
32,32,4096,11008,32768,True,2752,4,0.092,0.185,0.09985,0.094,0.02085251783358547,0.095,0.098,0.096,0.096,0.0007745966692414841,0.012,0.012,0.012,0.012,0.0,0.039,0.057,0.041100000000000005,0.04,0.003910242959203431,0.186,0.21,0.18985000000000002,0.189,0.004703987670051866,0.09,0.112,0.09309999999999999,0.092,0.0045923850012820145,0.028,0.029,0.028050000000000002,0.028,0.00021794494717703385,0.015,0.016,0.0157,0.016,0.0004582575694955844,0.015,0.016,0.0158,0.016,0.00040000000000000034,0.0,0.0,0.0,0.0,0.0
32,32,4096,11008,32768,True,2720,4,0.092,0.185,0.0991,0.093,0.021071070214870435,0.094,0.098,0.09595000000000001,0.096,0.0009733961166965902,0.012,0.012,0.012,0.012,0.0,0.038,0.058,0.0412,0.04,0.0044,0.186,0.212,0.1899,0.189,0.005195190083144214,0.09,0.113,0.09295,0.091,0.005014728307695245,0.027,0.028,0.027950000000000003,0.028,0.00021794494717703385,0.015,0.016,0.01545,0.015,0.0004974937185533104,0.015,0.016,0.0154,0.015,0.000489897948556636,0.0,0.0,0.0,0.0,0.0
32,32,4096,11008,32768,True,2688,4,0.091,0.19,0.09805,0.091,0.022482159593775686,0.094,0.098,0.09575,0.096,0.0009420721840708395,0.012,0.012,0.012,0.012,0.0,0.039,0.059000000000000004,0.04235,0.0405,0.0045855752092840004,0.17200000000000001,0.197,0.1786,0.178,0.004694677837722202,0.09,0.113,0.09259999999999999,0.091,0.005093132631298739,0.027,0.028,0.0273,0.027,0.0004582575694955844,0.015,0.016,0.01515,0.015,0.00035707142142714284,0.015,0.015,0.015,0.015,0.0,0.0,0.0,0.0,0.0,0.0
32,32,4096,11008,32768,True,2656,4,0.09,0.197,0.09745,0.09,0.0240530143641083,0.093,0.098,0.09519999999999999,0.095,0.0011224972160321835,0.011,0.012,0.011449999999999998,0.011,0.0004974937185533104,0.039,0.058,0.041249999999999995,0.0395,0.0043917536360775075,0.17200000000000001,0.20400000000000001,0.17804999999999999,0.1765,0.006614189292725149,0.09,0.115,0.09245,0.091,0.005499772722576818,0.027,0.028,0.02705,0.027,0.00021794494717703385,0.015,0.016,0.01505,0.015,0.00021794494717703385,0.015,0.016,0.01505,0.015,0.00021794494717703385,0.0,0.0,0.0,0.0,0.0
32,32,4096,11008,32768,True,2624,4,0.088,0.182,0.0953,0.089,0.021002618884320118,0.094,0.099,0.09535,0.095,0.001107925990308018,0.011,0.011,0.011,0.011,0.0,0.038,0.057,0.041,0.039,0.004277849927241488,0.181,0.20700000000000002,0.18614999999999998,0.1855,0.005387717513010501,0.09,0.114,0.09245,0.091,0.0052959890483270464,0.026000000000000002,0.027,0.0267,0.027,0.0004582575694955828,0.015,0.015,0.015,0.015,0.0,0.015,0.015,0.015,0.015,0.0,0.0,0.0,0.0,0.0,0.0
32,32,4096,11008,32768,True,2592,4,0.08700000000000001,0.186,0.0945,0.088,0.02212125674549256,0.093,0.098,0.09485,0.095,0.0011521718621802922,0.011,0.011,0.011,0.011,0.0,0.039,0.057,0.041400000000000006,0.0405,0.0040792156108742286,0.176,0.20400000000000001,0.18209999999999998,0.181,0.005638262143604185,0.09,0.11,0.09165,0.09,0.004563715591489024,0.026000000000000002,0.027,0.0263,0.026000000000000002,0.0004582575694955828,0.015,0.015,0.015,0.015,0.0,0.015,0.015,0.015,0.015,0.0,0.0,0.0,0.0,0.0,0.0
32,32,4096,11008,32768,True,2560,4,0.08600000000000001,0.17500000000000002,0.09295,0.08700000000000001,0.019923541351878186,0.091,0.096,0.0928,0.093,0.001029563014098701,0.011,0.011,0.011,0.011,0.0,0.035,0.053,0.03825,0.037,0.00367253318569077,0.171,0.195,0.1738,0.17300000000000001,0.004905099387372287,0.081,0.1,0.08415,0.082,0.005443114917030505,0.025,0.026000000000000002,0.0258,0.026000000000000002,0.00040000000000000034,0.014,0.015,0.01495,0.015,0.0002179449471770335,0.015,0.015,0.015,0.015,0.0,0.0,0.0,0.0,0.0,0.0
32,32,4096,11008,32768,True,2528,4,0.08600000000000001,0.17400000000000002,0.09290000000000001,0.08700000000000001,0.019717758493297356,0.091,0.097,0.0927,0.0925,0.0011874342087037928,0.011,0.011,0.011,0.011,0.0,0.037,0.053,0.03925,0.0385,0.003462296925452813,0.17,0.195,0.17345000000000002,0.17250000000000001,0.005044551516240069,0.081,0.108,0.084,0.082,0.005796550698475774,0.025,0.026000000000000002,0.02525,0.025,0.0004330127018922197,0.014,0.015,0.0147,0.015,0.0004582575694955836,0.014,0.015,0.014799999999999999,0.015,0.0003999999999999997,0.0,0.0,0.0,0.0,0.0
32,32,4096,11008,32768,True,2496,4,0.084,0.17400000000000002,0.0913,0.085,0.020293102276389387,0.091,0.096,0.09245,0.092,0.0010712142642814286,0.011,0.011,0.011,0.011,0.0,0.038,0.054,0.040650000000000006,0.04,0.0033507461855533014,0.17,0.194,0.17315,0.17200000000000001,0.004840196277011913,0.088,0.11,0.091,0.0895,0.004806245936279168,0.024,0.025,0.0249,0.025,0.00030000000000000024,0.014,0.015,0.014499999999999999,0.014499999999999999,0.0004999999999999996,0.014,0.015,0.014349999999999998,0.014,0.00047696960070847243,0.0,0.0,0.0,0.0,0.0
32,32,4096,11008,32768,True,2464,4,0.084,0.171,0.09,0.084,0.019763602910400725,0.091,0.096,0.09219999999999999,0.092,0.0010770329614269018,0.011,0.011,0.011,0.011,0.0,0.039,0.063,0.04205,0.041,0.005123231402152356,0.17,0.195,0.1728,0.17200000000000001,0.005153639490690049,0.089,0.111,0.091,0.0895,0.004979959839195494,0.024,0.025,0.024149999999999998,0.024,0.00035707142142714284,0.014,0.015,0.014100000000000001,0.014,0.00029999999999999976,0.014,0.015,0.014100000000000001,0.014,0.00029999999999999976,0.0,0.0,0.0,0.0,0.0
32,32,4096,11008,32768,True,2432,4,0.083,0.176,0.0903,0.0835,0.021083405796976918,0.09,0.096,0.09190000000000001,0.092,0.0012206555615733713,0.011,0.011,0.011,0.011,0.0,0.036000000000000004,0.054,0.0383,0.037,0.0038742741255621033,0.17,0.194,0.17245000000000002,0.171,0.004974685919734027,0.078,0.099,0.08130000000000001,0.08,0.004450842616853579,0.023,0.024,0.02345,0.023,0.0004974937185533104,0.014,0.014,0.014000000000000002,0.014,0.0,0.014,0.014,0.014000000000000002,0.014,0.0,0.0,0.0,0.0,0.0,0.0
32,32,4096,11008,32768,True,2400,4,0.082,0.183,0.0897,0.083,0.022711450856341166,0.09,0.116,0.0929,0.091,0.005752390807307864,0.011,0.011,0.011,0.011,0.0,0.037,0.07200000000000001,0.0414,0.0385,0.008163332652783422,0.169,0.194,0.17220000000000002,0.171,0.005085272854036447,0.079,0.108,0.0821,0.08,0.006307931515164063,0.023,0.024,0.023049999999999998,0.023,0.00021794494717703385,0.014,0.014,0.014000000000000002,0.014,0.0,0.014,0.014,0.014000000000000002,0.014,0.0,0.0,0.0,0.0,0.0,0.0
32,32,4096,11008,32768,True,2368,4,0.08,0.17500000000000002,0.08705,0.081,0.021150591008291,0.09,0.114,0.09265,0.091,0.005387717513010498,0.01,0.011,0.01005,0.01,0.0002179449471770335,0.037,0.054,0.039150000000000004,0.038,0.0037185346576306105,0.17,0.193,0.17160000000000003,0.1705,0.004933558553417602,0.089,0.11,0.091,0.09,0.004690415759823431,0.022,0.023,0.02225,0.022,0.0004330127018922197,0.014,0.014,0.014000000000000002,0.014,0.0,0.014,0.014,0.014000000000000002,0.014,0.0,0.0,0.0,0.0,0.0,0.0
32,32,4096,11008,32768,True,2336,4,0.08,0.17,0.08665,0.08,0.020440829239539184,0.09,0.151,0.09425,0.091,0.013232063331166458,0.01,0.01,0.01,0.01,0.0,0.037,0.057,0.0392,0.038,0.004354308211415449,0.169,0.194,0.17195,0.171,0.0051036751464018535,0.088,0.111,0.091,0.0895,0.005000000000000002,0.021,0.022,0.0215,0.0215,0.0004999999999999987,0.013000000000000001,0.014,0.01395,0.014,0.0002179449471770335,0.013000000000000001,0.014,0.01395,0.014,0.0002179449471770335,0.0,0.0,0.0,0.0,0.0
32,32,4096,11008,32768,True,2304,4,0.079,0.17400000000000002,0.08555,0.079,0.021448717910402013,0.088,0.095,0.08925,0.089,0.001577181029558752,0.01,0.01,0.01,0.01,0.0,0.036000000000000004,0.055,0.0386,0.037,0.004164132562731402,0.14300000000000002,0.203,0.14909999999999998,0.1465,0.012429400629153447,0.077,0.109,0.08549999999999999,0.08700000000000001,0.007473285756613352,0.021,0.021,0.021,0.021,0.0,0.013000000000000001,0.014,0.013500000000000002,0.013500000000000002,0.0004999999999999996,0.013000000000000001,0.014,0.013600000000000001,0.014,0.0004898979485566352,0.0,0.0,0.0,0.0,0.0
32,32,4096,11008,32768,True,2272,4,0.077,0.167,0.08449999999999999,0.078,0.020192820506308672,0.088,0.095,0.08945,0.089,0.0015321553446044575,0.01,0.01,0.01,0.01,0.0,0.037,0.057,0.041,0.04,0.003911521443121589,0.14400000000000002,0.20400000000000001,0.14889999999999998,0.146,0.012672410978184069,0.077,0.108,0.08349999999999999,0.082,0.007276675064890558,0.02,0.021,0.02015,0.02,0.00035707142142714284,0.013000000000000001,0.014,0.0132,0.013000000000000001,0.0003999999999999997,0.013000000000000001,0.014,0.013250000000000001,0.013000000000000001,0.00043301270189221897,0.0,0.0,0.0,0.0,0.0
32,32,4096,11008,32768,True,2240,4,0.076,0.186,0.0883,0.08,0.024004374601309653,0.089,0.095,0.08959999999999999,0.089,0.0016552945357246863,0.01,0.01,0.01,0.01,0.0,0.036000000000000004,0.056,0.03885,0.037,0.004407663780280887,0.152,0.176,0.1548,0.154,0.004925444142409899,0.076,0.096,0.0823,0.078,0.006496922348312315,0.019,0.02,0.01905,0.019,0.00021794494717703385,0.013000000000000001,0.014,0.01305,0.013000000000000001,0.0002179449471770335,0.013000000000000001,0.013000000000000001,0.013000000000000001,0.013000000000000001,0.0,0.0,0.0,0.0,0.0,0.0
32,32,4096,11008,32768,True,2208,4,0.075,0.17400000000000002,0.0863,0.078,0.022208331769856107,0.088,0.095,0.0895,0.089,0.0015652475842498543,0.01,0.01,0.01,0.01,0.0,0.037,0.054,0.039650000000000005,0.038,0.0038245914814526273,0.152,0.176,0.1545,0.153,0.0049949974974968685,0.077,0.107,0.0852,0.08600000000000001,0.006493073232299171,0.019,0.019,0.019,0.019,0.0,0.013000000000000001,0.013000000000000001,0.013000000000000001,0.013000000000000001,0.0,0.013000000000000001,0.013000000000000001,0.013000000000000001,0.013000000000000001,0.0,0.0,0.0,0.0,0.0,0.0
32,32,4096,11008,32768,True,2176,4,0.075,0.169,0.08295,0.076,0.02128961014203877,0.088,0.095,0.08959999999999999,0.089,0.0017146428199482262,0.01,0.01,0.01,0.01,0.0,0.036000000000000004,0.056,0.038900000000000004,0.037,0.00439203825119955,0.14100000000000001,0.17300000000000001,0.14675,0.14450000000000002,0.007013380069552767,0.077,0.097,0.0844,0.08700000000000001,0.005200000000000002,0.018000000000000002,0.019,0.018050000000000004,0.018000000000000002,0.00021794494717703312,0.013000000000000001,0.014,0.01305,0.013000000000000001,0.0002179449471770335,0.013000000000000001,0.013000000000000001,0.013000000000000001,0.013000000000000001,0.0,0.0,0.0,0.0,0.0,0.0
32,32,4096,11008,32768,True,2144,4,0.075,0.17,0.08315,0.076,0.02133371744445867,0.089,0.11,0.09179999999999999,0.091,0.004664761515876242,0.009000000000000001,0.01,0.009600000000000001,0.01,0.0004898979485566352,0.037,0.055,0.03925,0.037,0.004157823950096974,0.153,0.176,0.15665,0.156,0.004901785389018983,0.076,0.1,0.083,0.0825,0.006715653356152329,0.017,0.018000000000000002,0.0175,0.0175,0.0005000000000000004,0.013000000000000001,0.013000000000000001,0.013000000000000001,0.013000000000000001,0.0,0.013000000000000001,0.013000000000000001,0.013000000000000001,0.013000000000000001,0.0,0.0,0.0,0.0,0.0,0.0
32,32,4096,11008,32768,True,2112,4,0.07200000000000001,0.164,0.07959999999999999,0.073,0.02063589106387219,0.089,0.114,0.09165,0.09,0.005534211777660846,0.009000000000000001,0.01,0.00905,0.009000000000000001,0.0002179449471770335,0.035,0.055,0.0374,0.036000000000000004,0.00431740662898458,0.151,0.176,0.1533,0.152,0.005264028875300741,0.076,0.11,0.08285000000000001,0.082,0.0076503267904057546,0.017,0.017,0.017,0.017,0.0,0.012,0.013000000000000001,0.012750000000000001,0.013000000000000001,0.0004330127018922197,0.012,0.013000000000000001,0.01245,0.012,0.0004974937185533104,0.0,0.0,0.0,0.0,0.0
32,32,4096,11008,32768,True,2080,4,0.075,0.177,0.0851,0.078,0.02223263367214959,0.088,0.113,0.09079999999999999,0.089,0.005482700064749122,0.009000000000000001,0.01,0.00905,0.009000000000000001,0.0002179449471770335,0.036000000000000004,0.053,0.03845,0.037,0.0036942522924131756,0.151,0.176,0.15305,0.152,0.005305421755148217,0.076,0.106,0.0852,0.08650000000000001,0.006577233460962139,0.016,0.017,0.01625,0.016,0.0004330127018922197,0.012,0.013000000000000001,0.0129,0.013000000000000001,0.00030000000000000024,0.012,0.013000000000000001,0.0128,0.013000000000000001,0.00040000000000000034,0.0,0.0,0.0,0.0,0.0
32,32,4096,11008,32768,True,2048,4,0.073,0.166,0.08349999999999999,0.077,0.020367866849525507,0.076,0.112,0.08015,0.078,0.007669908734789484,0.009000000000000001,0.009000000000000001,0.009000000000000001,0.009000000000000001,0.0,0.033,0.049,0.035250000000000004,0.034,0.003314739808793444,0.133,0.156,0.13520000000000001,0.134,0.0048228622207149964,0.065,0.068,0.0666,0.067,0.0008000000000000007,0.016,0.016,0.016,0.016,0.0,0.012,0.013000000000000001,0.012199999999999999,0.012,0.00040000000000000034,0.012,0.013000000000000001,0.0123,0.012,0.0004582575694955844,0.0,0.0,0.0,0.0,0.0
32,32,4096,11008,32768,True,2048,4,0.074,0.168,0.0824,0.0755,0.020718108021728243,0.075,0.10300000000000001,0.07885,0.077,0.006109623556324892,0.009000000000000001,0.009000000000000001,0.009000000000000001,0.009000000000000001,0.0,0.033,0.048,0.034600000000000006,0.034,0.003184336665618131,0.133,0.156,0.1353,0.134,0.0048072861366887645,0.065,0.069,0.06675,0.067,0.0010897247358851695,0.016,0.016,0.016,0.016,0.0,0.012,0.013000000000000001,0.01225,0.012,0.0004330127018922197,0.012,0.013000000000000001,0.01245,0.012,0.0004974937185533104,0.0,0.0,0.0,0.0,0.0
32,32,4096,11008,32768,True,2032,4,0.07100000000000001,0.159,0.07855000000000001,0.07150000000000001,0.019785032221353596,0.077,0.10200000000000001,0.08095,0.079,0.0054173332923127425,0.009000000000000001,0.009000000000000001,0.009000000000000001,0.009000000000000001,0.0,0.033,0.049,0.035350000000000006,0.034,0.0033804585487770735,0.133,0.157,0.13535000000000003,0.134,0.00505247464120306,0.065,0.069,0.06665000000000001,0.067,0.0009096702699330135,0.015,0.016,0.0152,0.015,0.00040000000000000034,0.012,0.013000000000000001,0.01225,0.012,0.0004330127018922197,0.012,0.013000000000000001,0.012199999999999999,0.012,0.00040000000000000034,0.0,0.0,0.0,0.0,0.0
32,32,4096,11008,32768,True,2016,4,0.07100000000000001,0.162,0.08020000000000001,0.0735,0.020643643089338665,0.08,0.123,0.0853,0.083,0.008894380248224155,0.009000000000000001,0.009000000000000001,0.009000000000000001,0.009000000000000001,0.0,0.035,0.053,0.03705000000000001,0.036000000000000004,0.0037878093933037325,0.132,0.156,0.13485,0.134,0.0048915743886810085,0.065,0.069,0.0666,0.067,0.0009695359714832667,0.015,0.015,0.015,0.015,0.0,0.012,0.012,0.012,0.012,0.0,0.012,0.013000000000000001,0.0121,0.012,0.00030000000000000024,0.0,0.0,0.0,0.0,0.0
32,32,4096,11008,32768,True,2000,4,0.069,0.161,0.07885,0.07100000000000001,0.020433489667699936,0.085,0.106,0.08755,0.08600000000000001,0.004769433928675391,0.009000000000000001,0.009000000000000001,0.009000000000000001,0.009000000000000001,0.0,0.036000000000000004,0.052000000000000005,0.0381,0.037,0.003330165161069344,0.133,0.156,0.135,0.134,0.004878524367060186,0.065,0.069,0.06665000000000001,0.067,0.0009096702699330135,0.015,0.015,0.015,0.015,0.0,0.012,0.013000000000000001,0.01205,0.012,0.00021794494717703385,0.012,0.012,0.012,0.012,0.0,0.0,0.0,0.0,0.0,0.0
32,32,4096,11008,32768,True,1984,4,0.073,0.183,0.0844,0.077,0.023620753586623775,0.088,0.109,0.09065,0.0895,0.0046397737013781195,0.009000000000000001,0.009000000000000001,0.009000000000000001,0.009000000000000001,0.0,0.037,0.054,0.0392,0.038,0.003969886648255842,0.132,0.163,0.13540000000000002,0.134,0.00673349834781297,0.064,0.07,0.06634999999999999,0.066,0.0011521718621802922,0.015,0.015,0.015,0.015,0.0,0.012,0.013000000000000001,0.01205,0.012,0.00021794494717703385,0.012,0.013000000000000001,0.01205,0.012,0.00021794494717703385,0.0,0.0,0.0,0.0,0.0
32,32,4096,11008,32768,True,1968,4,0.076,0.166,0.08535000000000001,0.0785,0.019685718173335715,0.08600000000000001,0.122,0.0896,0.0875,0.007657675887630657,0.009000000000000001,0.009000000000000001,0.009000000000000001,0.009000000000000001,0.0,0.036000000000000004,0.051000000000000004,0.03765,0.037,0.003198046278589477,0.132,0.156,0.1343,0.133,0.005030904491242105,0.065,0.068,0.06620000000000001,0.066,0.0008124038404635968,0.015,0.015,0.015,0.015,0.0,0.012,0.012,0.012,0.012,0.0,0.012,0.012,0.012,0.012,0.0,0.0,0.0,0.0,0.0,0.0
32,32,4096,11008,32768,True,1952,4,0.076,0.163,0.08425,0.079,0.019010194633406575,0.089,0.13,0.093,0.0905,0.008717797887081349,0.009000000000000001,0.009000000000000001,0.009000000000000001,0.009000000000000001,0.0,0.036000000000000004,0.052000000000000005,0.03875,0.037,0.003779880950506247,0.132,0.157,0.13475,0.134,0.005156306817868772,0.065,0.069,0.06615,0.066,0.0010136567466356656,0.014,0.015,0.014299999999999998,0.014,0.0004582575694955836,0.012,0.012,0.012,0.012,0.0,0.012,0.012,0.012,0.012,0.0,0.0,0.0,0.0,0.0,0.0
32,32,4096,11008,32768,True,1936,4,0.07,0.159,0.07880000000000001,0.07200000000000001,0.01969923856396485,0.091,0.112,0.0948,0.094,0.004342810150121694,0.009000000000000001,0.009000000000000001,0.009000000000000001,0.009000000000000001,0.0,0.038,0.056,0.040400000000000005,0.039,0.003826225293941799,0.132,0.156,0.1343,0.133,0.005030904491242105,0.064,0.07,0.066,0.066,0.001140175425099139,0.014,0.015,0.0144,0.014,0.0004898979485566352,0.012,0.012,0.012,0.012,0.0,0.012,0.012,0.012,0.012,0.0,0.0,0.0,0.0,0.0,0.0
32,32,4096,11008,32768,True,1920,4,0.08,0.21,0.0979,0.0895,0.02856728898583133,0.088,0.109,0.09109999999999999,0.09,0.004581484475582124,0.008,0.009000000000000001,0.008900000000000002,0.009000000000000001,0.00030000000000000024,0.032,0.048,0.03365,0.033,0.0034099120223255027,0.133,0.16,0.13855,0.1365,0.005903177110675233,0.063,0.083,0.0655,0.064,0.004444097208657795,0.014,0.014,0.014000000000000002,0.014,0.0,0.012,0.012,0.012,0.012,0.0,0.012,0.012,0.012,0.012,0.0,0.0,0.0,0.0,0.0,0.0
32,32,4096,11008,32768,True,1904,4,0.076,0.165,0.08549999999999999,0.079,0.019174201417529756,0.088,0.109,0.09125,0.09,0.004635461142108735,0.009000000000000001,0.009000000000000001,0.009000000000000001,0.009000000000000001,0.0,0.031,0.052000000000000005,0.03325,0.032,0.004414464859980201,0.135,0.16,0.1399,0.138,0.005566866263886709,0.063,0.083,0.06545,0.064,0.004375785643744448,0.013000000000000001,0.014,0.01395,0.014,0.0002179449471770335,0.011,0.012,0.011949999999999999,0.012,0.00021794494717703385,0.012,0.012,0.012,0.012,0.0,0.0,0.0,0.0,0.0,0.0
32,32,4096,11008,32768,True,1888,4,0.076,0.159,0.0847,0.0785,0.018016936476548947,0.088,0.11,0.09095,0.0895,0.004994747240852135,0.008,0.009000000000000001,0.008900000000000002,0.009000000000000001,0.00030000000000000024,0.032,0.051000000000000004,0.03355,0.032,0.004236448984704053,0.138,0.161,0.14115000000000003,0.14,0.005111506627208848,0.063,0.081,0.0653,0.064,0.003912799509302771,0.014,0.014,0.014000000000000002,0.014,0.0,0.011,0.012,0.0118,0.012,0.00040000000000000034,0.011,0.012,0.011949999999999999,0.012,0.00021794494717703385,0.0,0.0,0.0,0.0,0.0
32,32,4096,11008,32768,True,1872,4,0.078,0.161,0.0861,0.0805,0.017874283202411224,0.088,0.108,0.09059999999999999,0.089,0.0044654227123532226,0.008,0.009000000000000001,0.0081,0.008,0.00030000000000000024,0.031,0.056,0.03375,0.032,0.005214163403653553,0.139,0.166,0.14245000000000002,0.1405,0.005886212704277681,0.063,0.082,0.06534999999999999,0.064,0.004210403781111737,0.013000000000000001,0.014,0.0134,0.013000000000000001,0.0004898979485566352,0.011,0.012,0.0118,0.012,0.00040000000000000034,0.011,0.012,0.011949999999999999,0.012,0.00021794494717703385,0.0,0.0,0.0,0.0,0.0
32,32,4096,11008,32768,True,1856,4,0.075,0.161,0.0836,0.077,0.018698663053812164,0.088,0.11,0.09065,0.089,0.004809105946015331,0.008,0.009000000000000001,0.00855,0.009000000000000001,0.0004974937185533104,0.032,0.054,0.03375,0.032,0.005327992117111285,0.14300000000000002,0.162,0.14750000000000002,0.146,0.005014977567247934,0.063,0.085,0.06520000000000001,0.064,0.00490509938737229,0.013000000000000001,0.014,0.01305,0.013000000000000001,0.0002179449471770335,0.011,0.012,0.011649999999999999,0.012,0.00047696960070847325,0.011,0.012,0.011449999999999998,0.011,0.0004974937185533104,0.0,0.0,0.0,0.0,0.0
32,32,4096,11008,32768,True,1840,4,0.074,0.163,0.08349999999999999,0.0775,0.019363625693552333,0.088,0.109,0.09065,0.089,0.00459646603381337,0.008,0.009000000000000001,0.00805,0.008,0.00021794494717703385,0.031,0.056,0.0335,0.032,0.005333854141237835,0.14,0.169,0.14535,0.14400000000000002,0.006263186090162096,0.063,0.082,0.06515,0.064,0.004281062952118319,0.013000000000000001,0.013000000000000001,0.013000000000000001,0.013000000000000001,0.0,0.011,0.012,0.011649999999999999,0.012,0.00047696960070847325,0.011,0.012,0.011199999999999998,0.011,0.00040000000000000034,0.0,0.0,0.0,0.0,0.0
32,32,4096,11008,32768,True,1824,4,0.076,0.16,0.0905,0.0835,0.019617594144033055,0.08700000000000001,0.115,0.09095,0.089,0.005894701010229444,0.008,0.008,0.008,0.008,0.0,0.031,0.056,0.033600000000000005,0.032,0.005238320341483518,0.148,0.17,0.15525,0.153,0.0062679741543819455,0.063,0.082,0.065,0.064,0.004159326868617085,0.013000000000000001,0.013000000000000001,0.013000000000000001,0.013000000000000001,0.0,0.011,0.012,0.011199999999999998,0.011,0.00040000000000000034,0.011,0.012,0.011449999999999998,0.011,0.0004974937185533104,0.0,0.0,0.0,0.0,0.0
32,32,4096,11008,32768,True,1808,4,0.07,0.161,0.07970000000000001,0.073,0.01969543094222617,0.08700000000000001,0.108,0.09,0.089,0.004494441010848847,0.008,0.008,0.008,0.008,0.0,0.031,0.053,0.0332,0.032,0.004610856753359401,0.14,0.161,0.1438,0.14300000000000002,0.004178516483155233,0.063,0.08,0.0648,0.0635,0.003867815921162744,0.013000000000000001,0.013000000000000001,0.013000000000000001,0.013000000000000001,0.0,0.011,0.012,0.011099999999999999,0.011,0.00030000000000000024,0.011,0.011,0.011,0.011,0.0,0.0,0.0,0.0,0.0,0.0
32,32,4096,11008,32768,True,1792,4,0.074,0.158,0.08245,0.076,0.01836974414628576,0.088,0.107,0.09025,0.089,0.004252940159466156,0.008,0.008,0.008,0.008,0.0,0.031,0.046,0.0323,0.031,0.0032726136343907146,0.128,0.148,0.13185,0.131,0.0038765319552404027,0.063,0.082,0.065,0.064,0.004207136793592527,0.013000000000000001,0.013000000000000001,0.013000000000000001,0.013000000000000001,0.0,0.011,0.011,0.011,0.011,0.0,0.011,0.012,0.011049999999999999,0.011,0.00021794494717703385,0.0,0.0,0.0,0.0,0.0
32,32,4096,11008,32768,True,1776,4,0.073,0.153,0.0804,0.075,0.0174911406146083,0.088,0.106,0.09025,0.089,0.0038842631218803914,0.008,0.008,0.008,0.008,0.0,0.032,0.056,0.03375,0.032,0.005214163403653553,0.13,0.157,0.13265,0.1315,0.005659284407060666,0.063,0.081,0.06495,0.064,0.004030818775385469,0.012,0.013000000000000001,0.012750000000000001,0.013000000000000001,0.0004330127018922197,0.011,0.012,0.011049999999999999,0.011,0.00021794494717703385,0.011,0.012,0.011049999999999999,0.011,0.00021794494717703385,0.0,0.0,0.0,0.0,0.0
32,32,4096,11008,32768,True,1760,4,0.066,0.149,0.07395,0.068,0.018386068095163792,0.068,0.109,0.07655,0.07,0.010814226740733707,0.008,0.008,0.008,0.008,0.0,0.03,0.053,0.033100000000000004,0.032,0.005018964036531842,0.134,0.155,0.1365,0.135,0.0043531597719357815,0.062,0.085,0.06470000000000001,0.063,0.004900000000000002,0.012,0.013000000000000001,0.01295,0.013000000000000001,0.00021794494717703385,0.011,0.011,0.011,0.011,0.0,0.011,0.012,0.011049999999999999,0.011,0.00021794494717703385,0.0,0.0,0.0,0.0,0.0
32,32,4096,11008,32768,True,1744,4,0.073,0.151,0.0809,0.075,0.017469688033848803,0.068,0.105,0.07575000000000001,0.07,0.009741021507008387,0.008,0.008,0.008,0.008,0.0,0.03,0.046,0.03175,0.031,0.0034478254016118625,0.136,0.155,0.1397,0.139,0.003729611239794301,0.063,0.081,0.06475,0.063,0.004060480267160525,0.013000000000000001,0.013000000000000001,0.013000000000000001,0.013000000000000001,0.0,0.011,0.011,0.011,0.011,0.0,0.011,0.012,0.011049999999999999,0.011,0.00021794494717703385,0.0,0.0,0.0,0.0,0.0
32,32,4096,11008,32768,True,1728,4,0.069,0.152,0.0786,0.07250000000000001,0.017808424972467384,0.068,0.106,0.07390000000000001,0.07,0.009417536832951596,0.008,0.008,0.008,0.008,0.0,0.031,0.053,0.0329,0.032,0.004699999999999999,0.139,0.17200000000000001,0.1427,0.14100000000000001,0.006885491994040803,0.062,0.081,0.06425,0.063,0.004157823950096974,0.012,0.013000000000000001,0.0127,0.013000000000000001,0.0004582575694955844,0.011,0.012,0.011049999999999999,0.011,0.00021794494717703385,0.011,0.012,0.011049999999999999,0.011,0.00021794494717703385,0.0,0.0,0.0,0.0,0.0
32,32,4096,11008,32768,True,1712,4,0.066,0.147,0.0736,0.068,0.017769074258384986,0.068,0.105,0.07655,0.07,0.0104042058803159,0.008,0.008,0.008,0.008,0.0,0.03,0.055,0.0328,0.032,0.005182663407939976,0.14100000000000001,0.161,0.14435000000000003,0.14300000000000002,0.004150602365922321,0.062,0.082,0.0645,0.063,0.004432832051860301,0.012,0.012,0.012,0.012,0.0,0.011,0.011,0.011,0.011,0.0,0.011,0.011,0.011,0.011,0.0,0.0,0.0,0.0,0.0,0.0
32,32,4096,11008,32768,True,1696,4,0.073,0.163,0.08209999999999999,0.075,0.019452249227274468,0.068,0.107,0.07685,0.07,0.011051131163822099,0.008,0.008,0.008,0.008,0.0,0.031,0.048,0.03295,0.032,0.003625948151863179,0.145,0.165,0.14789999999999998,0.146,0.0045155287619502585,0.062,0.081,0.0645,0.063,0.0040681691213615995,0.012,0.012,0.012,0.012,0.0,0.011,0.011,0.011,0.011,0.0,0.011,0.011,0.011,0.011,0.0,0.0,0.0,0.0,0.0,0.0
32,32,4096,11008,32768,True,1680,4,0.074,0.151,0.0823,0.0775,0.016477560499054463,0.068,0.108,0.07735,0.07,0.010408049769289152,0.008,0.008,0.008,0.008,0.0,0.031,0.047,0.03275,0.032,0.003374537005279391,0.137,0.157,0.14035000000000003,0.1395,0.004234087859267919,0.062,0.081,0.0643,0.063,0.0043139309220246,0.012,0.012,0.012,0.012,0.0,0.011,0.011,0.011,0.011,0.0,0.01,0.011,0.01095,0.011,0.0002179449471770335,0.0,0.0,0.0,0.0,0.0
32,32,4096,11008,32768,True,1664,4,0.079,0.162,0.09054999999999999,0.083,0.01831795567196296,0.068,0.11,0.07835,0.07350000000000001,0.010822545911198526,0.008,0.008,0.008,0.008,0.0,0.031,0.047,0.033,0.032,0.003507135583350037,0.14400000000000002,0.171,0.14675,0.1455,0.005682209077462745,0.062,0.083,0.06445,0.063,0.004609501057598318,0.012,0.012,0.012,0.012,0.0,0.011,0.011,0.011,0.011,0.0,0.011,0.011,0.011,0.011,0.0,0.0,0.0,0.0,0.0,0.0
32,32,4096,11008,32768,True,1648,4,0.078,0.156,0.0853,0.0805,0.01681695572926325,0.068,0.106,0.08120000000000001,0.0855,0.010505236789335114,0.007,0.008,0.00795,0.008,0.0002179449471770337,0.031,0.048,0.03255,0.032,0.0036397115270306794,0.14300000000000002,0.171,0.14645,0.145,0.0057225431409470414,0.062,0.088,0.06420000000000001,0.062,0.005810335618533579,0.012,0.012,0.012,0.012,0.0,0.011,0.011,0.011,0.011,0.0,0.011,0.011,0.011,0.011,0.0,0.0,0.0,0.0,0.0,0.0
32,32,4096,11008,32768,True,1632,4,0.078,0.222,0.09275,0.08600000000000001,0.029931379854594074,0.068,0.09,0.07525000000000001,0.07,0.008371827757425494,0.007,0.008,0.007549999999999999,0.008,0.00049749371855331,0.031,0.047,0.03255,0.0315,0.0035139009661628202,0.14400000000000002,0.17,0.14865,0.147,0.005294100490168281,0.061,0.08,0.06365,0.062,0.004089926649709015,0.011,0.012,0.01185,0.012,0.00035707142142714284,0.01,0.011,0.01095,0.011,0.0002179449471770335,0.01,0.011,0.01095,0.011,0.0002179449471770335,0.0,0.0,0.0,0.0,0.0
32,32,4096,11008,32768,True,1616,4,0.069,0.14300000000000002,0.07645,0.07100000000000001,0.01607630243557268,0.067,0.105,0.0737,0.069,0.00979846926820715,0.007,0.008,0.007299999999999999,0.007,0.000458257569495584,0.031,0.048,0.0324,0.031,0.0037603191353926336,0.145,0.176,0.14965,0.148,0.00628708994686731,0.062,0.083,0.0639,0.062,0.0047318072657283935,0.011,0.012,0.01175,0.012,0.0004330127018922197,0.01,0.011,0.0109,0.011,0.00029999999999999976,0.011,0.011,0.011,0.011,0.0,0.0,0.0,0.0,0.0,0.0
32,32,4096,11008,32768,True,1600,4,0.079,0.157,0.08865,0.08600000000000001,0.016465949714486557,0.068,0.106,0.0774,0.069,0.010864621484432855,0.007,0.008,0.00745,0.007,0.00049749371855331,0.031,0.055,0.0333,0.032,0.005109794516416487,0.148,0.178,0.15414999999999998,0.153,0.006085022596506935,0.062,0.082,0.06384999999999999,0.062,0.004530728418256827,0.011,0.012,0.0115,0.0115,0.0005000000000000004,0.01,0.011,0.01085,0.011,0.0003570714214271422,0.01,0.011,0.01085,0.011,0.0003570714214271422,0.0,0.0,0.0,0.0,0.0
32,32,4096,11008,32768,True,1584,4,0.075,0.152,0.08595,0.0785,0.01958692165706495,0.068,0.106,0.07495,0.069,0.009728694670920655,0.007,0.008,0.007050000000000001,0.007,0.0002179449471770337,0.031,0.054,0.0333,0.032,0.004859012245302536,0.151,0.182,0.15445,0.153,0.00651517459474418,0.061,0.083,0.06405,0.0625,0.004748420790115384,0.011,0.012,0.011099999999999999,0.011,0.00030000000000000024,0.01,0.011,0.0109,0.011,0.00029999999999999976,0.01,0.011,0.0108,0.011,0.0003999999999999997,0.0,0.0,0.0,0.0,0.0
32,32,4096,11008,32768,True,1568,4,0.076,0.154,0.08415,0.078,0.01687090691101104,0.067,0.093,0.07270000000000001,0.068,0.00832526275861609,0.007,0.007,0.007000000000000001,0.007,0.0,0.031,0.055,0.03305,0.032,0.0051524266127718895,0.148,0.177,0.15255,0.1505,0.006061971626459497,0.061,0.081,0.0638,0.062,0.004365775990588616,0.011,0.012,0.011049999999999999,0.011,0.00021794494717703385,0.01,0.011,0.01075,0.011,0.00043301270189221897,0.01,0.011,0.01085,0.011,0.0003570714214271422,0.0,0.0,0.0,0.0,0.0
32,32,4096,11008,32768,True,1552,4,0.073,0.155,0.0804,0.075,0.017602272580550502,0.067,0.09,0.07325000000000001,0.069,0.00773223770974483,0.007,0.007,0.007000000000000001,0.007,0.0,0.031,0.058,0.0333,0.032,0.005754128952326321,0.147,0.17500000000000002,0.1518,0.1505,0.005662155066756831,0.062,0.083,0.0637,0.062,0.004691481642295961,0.011,0.011,0.011,0.011,0.0,0.01,0.011,0.01075,0.011,0.00043301270189221897,0.01,0.011,0.01075,0.011,0.00043301270189221897,0.0,0.0,0.0,0.0,0.0
32,32,4096,11008,32768,True,1536,4,0.077,0.153,0.08405,0.079,0.01624953845498388,0.067,0.088,0.0699,0.0685,0.004559605246071197,0.007,0.008,0.007050000000000001,0.007,0.0002179449471770337,0.03,0.049,0.0315,0.03,0.004201190307520001,0.095,0.099,0.09715,0.097,0.000963068014212912,0.056,0.08600000000000001,0.05865,0.057,0.006498269000279999,0.011,0.011,0.011,0.011,0.0,0.01,0.011,0.010499999999999999,0.010499999999999999,0.0004999999999999996,0.01,0.011,0.0104,0.01,0.0004898979485566352,0.0,0.0,0.0,0.0,0.0
32,32,4096,11008,32768,True,1520,4,0.075,0.15,0.08255,0.078,0.015812890311388363,0.066,0.08700000000000001,0.06905,0.068,0.004466262419518137,0.007,0.007,0.007000000000000001,0.007,0.0,0.03,0.049,0.03135,0.03,0.004114304315434142,0.095,0.1,0.09715,0.097,0.001061838029079766,0.056,0.08700000000000001,0.059800000000000006,0.058,0.006508456038109193,0.011,0.011,0.011,0.011,0.0,0.01,0.011,0.01035,0.01,0.00047696960070847243,0.01,0.011,0.0104,0.01,0.0004898979485566352,0.0,0.0,0.0,0.0,0.0
32,32,4096,11008,32768,True,1504,4,0.076,0.15,0.08325,0.078,0.015677611425213983,0.067,0.08700000000000001,0.0695,0.068,0.004341658669218482,0.007,0.007,0.007000000000000001,0.007,0.0,0.031,0.045,0.0319,0.031,0.0030805843601498725,0.095,0.1,0.0968,0.097,0.001166190378969061,0.059000000000000004,0.088,0.06224999999999999,0.0605,0.006147153812944653,0.011,0.011,0.011,0.011,0.0,0.01,0.011,0.010249999999999999,0.01,0.00043301270189221897,0.01,0.011,0.010249999999999999,0.01,0.00043301270189221897,0.0,0.0,0.0,0.0,0.0
32,32,4096,11008,32768,True,1488,4,0.069,0.14200000000000002,0.07595,0.07100000000000001,0.015669955328589807,0.067,0.08700000000000001,0.0699,0.069,0.0042414620120896996,0.007,0.007,0.007000000000000001,0.007,0.0,0.031,0.047,0.03245,0.032,0.003456515586540874,0.095,0.099,0.09675,0.097,0.0010897247358851695,0.061,0.09,0.06375,0.062,0.006275946143809712,0.01,0.011,0.01045,0.01,0.0004974937185533095,0.01,0.011,0.0102,0.01,0.0003999999999999997,0.01,0.011,0.0104,0.01,0.0004898979485566352,0.0,0.0,0.0,0.0,0.0
32,32,4096,11008,32768,True,1472,4,0.074,0.153,0.08249999999999999,0.077,0.016671832532748163,0.067,0.08700000000000001,0.0695,0.068,0.004318564576337837,0.007,0.007,0.007000000000000001,0.007,0.0,0.032,0.053,0.0339,0.032,0.004784349485562274,0.095,0.099,0.09645000000000001,0.096,0.0009733961166965902,0.064,0.092,0.0665,0.065,0.0060950799830683106,0.01,0.011,0.0103,0.01,0.0004582575694955836,0.01,0.01,0.01,0.01,0.0,0.01,0.011,0.01005,0.01,0.0002179449471770335,0.0,0.0,0.0,0.0,0.0
32,32,4096,11008,32768,True,1456,4,0.068,0.14300000000000002,0.07575000000000001,0.07100000000000001,0.01594952977363283,0.067,0.08600000000000001,0.06925,0.068,0.004085033659592048,0.007,0.007,0.007000000000000001,0.007,0.0,0.031,0.05,0.03315,0.032,0.004003436024217198,0.097,0.1,0.0984,0.098,0.0006633249580710806,0.062,0.089,0.0651,0.0635,0.005717516943569122,0.01,0.01,0.01,0.01,0.0,0.01,0.01,0.01,0.01,0.0,0.01,0.011,0.01005,0.01,0.0002179449471770335,0.0,0.0,0.0,0.0,0.0
32,32,4096,11008,32768,True,1440,4,0.069,0.151,0.07685,0.07100000000000001,0.017610437246133325,0.067,0.08700000000000001,0.06885,0.068,0.004430293444005713,0.007,0.007,0.007000000000000001,0.007,0.0,0.031,0.048,0.0327,0.032,0.003620773398046335,0.096,0.1,0.0971,0.097,0.0009949874371066208,0.062,0.09,0.06495,0.064,0.0059789213073931655,0.01,0.01,0.01,0.01,0.0,0.01,0.011,0.01005,0.01,0.0002179449471770335,0.01,0.01,0.01,0.01,0.0,0.0,0.0,0.0,0.0,0.0
32,32,4096,11008,32768,True,1424,4,0.075,0.156,0.08205,0.077,0.0172814206591935,0.067,0.092,0.0695,0.068,0.005545268253204707,0.007,0.007,0.007000000000000001,0.007,0.0,0.03,0.047,0.032850000000000004,0.031,0.00478826690985371,0.098,0.1,0.09885000000000001,0.099,0.0005722761571129803,0.062,0.088,0.0646,0.063,0.005633826408401309,0.01,0.01,0.01,0.01,0.0,0.01,0.01,0.01,0.01,0.0,0.01,0.011,0.01005,0.01,0.0002179449471770335,0.0,0.0,0.0,0.0,0.0
32,32,4096,11008,32768,True,1408,4,0.07200000000000001,0.149,0.07830000000000001,0.073,0.016574377816376697,0.057,0.061,0.0598,0.06,0.0008124038404635945,0.007,0.007,0.007000000000000001,0.007,0.0,0.03,0.046,0.0341,0.031,0.005328226721902889,0.099,0.10200000000000001,0.10115,0.101,0.0008529361054615998,0.06,0.079,0.0655,0.062,0.006176568626672904,0.01,0.01,0.01,0.01,0.0,0.01,0.01,0.01,0.01,0.0,0.01,0.011,0.01005,0.01,0.0002179449471770335,0.0,0.0,0.0,0.0,0.0
32,32,4096,11008,32768,True,1392,4,0.078,0.153,0.0842,0.08,0.015945532289641507,0.061,0.063,0.0618,0.062,0.000509901951359279,0.007,0.007,0.007000000000000001,0.007,0.0,0.029,0.045,0.03105,0.03,0.0033686050525402944,0.098,0.101,0.10064999999999999,0.101,0.0007921489758877437,0.06,0.079,0.0623,0.061,0.00408778668719394,0.01,0.01,0.01,0.01,0.0,0.01,0.01,0.01,0.01,0.0,0.01,0.01,0.01,0.01,0.0,0.0,0.0,0.0,0.0,0.0
32,32,4096,11008,32768,True,1376,4,0.074,0.147,0.08015,0.076,0.015515395579874847,0.062,0.065,0.06325,0.063,0.0006224949798994372,0.006,0.007,0.0069500000000000004,0.007,0.0002179449471770337,0.03,0.046,0.03115,0.03,0.0035252659474144642,0.1,0.10300000000000001,0.1022,0.10200000000000001,0.0006782329983125274,0.06,0.078,0.06224999999999999,0.061,0.0038971143170299745,0.01,0.01,0.01,0.01,0.0,0.01,0.01,0.01,0.01,0.0,0.01,0.01,0.01,0.01,0.0,0.0,0.0,0.0,0.0,0.0
32,32,4096,11008,32768,True,1360,4,0.076,0.14400000000000002,0.08115,0.077,0.014588608569702599,0.064,0.067,0.06470000000000001,0.065,0.0007810249675906661,0.006,0.007,0.0068000000000000005,0.007,0.0004,0.03,0.045,0.0311,0.03,0.0033151168908501553,0.101,0.105,0.10364999999999999,0.10400000000000001,0.0009096702699330113,0.06,0.078,0.0628,0.061,0.004377213725647859,0.01,0.01,0.01,0.01,0.0,0.01,0.01,0.01,0.01,0.0,0.009000000000000001,0.01,0.00995,0.01,0.0002179449471770335,0.0,0.0,0.0,0.0,0.0
32,32,4096,11008,32768,True,1344,4,0.077,0.17400000000000002,0.09015,0.0845,0.020276279244476787,0.068,0.07100000000000001,0.06860000000000001,0.068,0.0009165151389911689,0.006,0.007,0.00655,0.007,0.00049749371855331,0.031,0.051000000000000004,0.034100000000000005,0.033,0.0042414620120896996,0.098,0.1,0.0994,0.099,0.0005830951894845306,0.06,0.079,0.062,0.061,0.004219004621945798,0.01,0.01,0.01,0.01,0.0,0.01,0.01,0.01,0.01,0.0,0.009000000000000001,0.01,0.00995,0.01,0.0002179449471770335,0.0,0.0,0.0,0.0,0.0
32,32,4096,11008,32768,True,1328,4,0.075,0.151,0.0824,0.0775,0.01682379267585047,0.07,0.073,0.07120000000000001,0.07100000000000001,0.0007483314773547857,0.006,0.006,0.006,0.006,0.0,0.03,0.046,0.03155,0.031,0.003456515586540874,0.108,0.109,0.10825,0.108,0.0004330127018922197,0.06,0.092,0.06315,0.061,0.00707301208821249,0.01,0.01,0.01,0.01,0.0,0.009000000000000001,0.01,0.00995,0.01,0.0002179449471770335,0.01,0.01,0.01,0.01,0.0,0.0,0.0,0.0,0.0,0.0
32,32,4096,11008,32768,True,1312,4,0.077,0.194,0.0918,0.085,0.024498163196452098,0.07200000000000001,0.074,0.07295,0.073,0.0005894913061275758,0.006,0.006,0.006,0.006,0.0,0.03,0.046,0.0312,0.03,0.0035156791662493895,0.109,0.11,0.1095,0.1095,0.0005000000000000004,0.059000000000000004,0.081,0.0622,0.0605,0.004925444142409902,0.009000000000000001,0.009000000000000001,0.009000000000000001,0.009000000000000001,0.0,0.01,0.01,0.01,0.01,0.0,0.009000000000000001,0.01,0.00995,0.01,0.0002179449471770335,0.0,0.0,0.0,0.0,0.0
32,32,4096,11008,32768,True,1296,4,0.077,0.183,0.0912,0.0845,0.022060371710376957,0.074,0.077,0.0744,0.074,0.0008000000000000007,0.006,0.006,0.006,0.006,0.0,0.03,0.05,0.03315,0.032,0.004339066719929529,0.113,0.114,0.1131,0.113,0.00030000000000000024,0.06,0.083,0.06265,0.061,0.00520840666615041,0.009000000000000001,0.009000000000000001,0.009000000000000001,0.009000000000000001,0.0,0.009000000000000001,0.01,0.009850000000000001,0.01,0.0003570714214271422,0.009000000000000001,0.01,0.00995,0.01,0.0002179449471770335,0.0,0.0,0.0,0.0,0.0
32,32,4096,11008,32768,True,1280,4,0.075,0.195,0.0878,0.0815,0.02529347742007809,0.047,0.05,0.047650000000000005,0.0475,0.0007921489758877437,0.006,0.006,0.006,0.006,0.0,0.026000000000000002,0.048,0.029000000000000005,0.027,0.00506951674225463,0.09,0.096,0.0911,0.091,0.0016093476939431095,0.048,0.083,0.05505,0.049,0.008587636461797858,0.009000000000000001,0.009000000000000001,0.009000000000000001,0.009000000000000001,0.0,0.009000000000000001,0.01,0.00995,0.01,0.0002179449471770335,0.009000000000000001,0.01,0.00995,0.01,0.0002179449471770335,0.0,0.0,0.0,0.0,0.0
32,32,4096,11008,32768,True,1264,4,0.074,0.159,0.0865,0.0835,0.017214819197424062,0.047,0.05,0.047450000000000006,0.047,0.0008046738469715547,0.006,0.006,0.006,0.006,0.0,0.026000000000000002,0.041,0.02715,0.026000000000000002,0.0033056769352131188,0.089,0.096,0.09065,0.09,0.0015580436450882897,0.049,0.077,0.05685,0.059000000000000004,0.007016231182052085,0.009000000000000001,0.009000000000000001,0.009000000000000001,0.009000000000000001,0.0,0.009000000000000001,0.01,0.0097,0.01,0.0004582575694955836,0.009000000000000001,0.01,0.00955,0.01,0.0004974937185533095,0.0,0.0,0.0,0.0,0.0
32,32,4096,11008,32768,True,1248,4,0.075,0.217,0.08375,0.076,0.030626581591813345,0.046,0.05,0.0472,0.047,0.0007483314773547889,0.006,0.006,0.006,0.006,0.0,0.03,0.046,0.03115,0.03,0.0035252659474144642,0.088,0.094,0.0903,0.09,0.0011445523142259606,0.048,0.078,0.0521,0.049,0.007777531742140304,0.009000000000000001,0.009000000000000001,0.009000000000000001,0.009000000000000001,0.0,0.009000000000000001,0.01,0.00955,0.01,0.0004974937185533095,0.009000000000000001,0.01,0.00975,0.01,0.00043301270189221897,0.0,0.0,0.0,0.0,0.0
32,32,4096,11008,32768,True,1232,4,0.074,0.148,0.0839,0.079,0.016726924403487928,0.046,0.05,0.046799999999999994,0.047,0.001029563014098701,0.006,0.006,0.006,0.006,0.0,0.03,0.045,0.032600000000000004,0.0315,0.0035693136595149498,0.088,0.094,0.09054999999999999,0.09,0.0011169153951844349,0.048,0.068,0.0546,0.0535,0.0054808758424178886,0.009000000000000001,0.009000000000000001,0.009000000000000001,0.009000000000000001,0.0,0.009000000000000001,0.01,0.00965,0.01,0.00047696960070847243,0.009000000000000001,0.01,0.009600000000000001,0.01,0.0004898979485566352,0.0,0.0,0.0,0.0,0.0
32,32,4096,11008,32768,True,1216,4,0.074,0.151,0.08349999999999999,0.0795,0.016088815991240624,0.046,0.05,0.04675,0.0465,0.0009937303457175904,0.006,0.006,0.006,0.006,0.0,0.03,0.046,0.03255,0.031,0.004224630161327735,0.088,0.095,0.0901,0.09,0.0014106735979665897,0.048,0.077,0.05115000000000001,0.049,0.006490570082820152,0.009000000000000001,0.009000000000000001,0.009000000000000001,0.009000000000000001,0.0,0.009000000000000001,0.01,0.0095,0.009500000000000001,0.0004999999999999996,0.009000000000000001,0.01,0.00945,0.009000000000000001,0.0004974937185533095,0.0,0.0,0.0,0.0,0.0
32,32,4096,11008,32768,True,1200,4,0.074,0.14300000000000002,0.08305,0.08,0.01432995115134731,0.046,0.05,0.0467,0.0465,0.0009539392014169465,0.006,0.006,0.006,0.006,0.0,0.029,0.057,0.0328,0.031,0.0058189346103904626,0.089,0.094,0.09035,0.09,0.0011947803145348531,0.047,0.07100000000000001,0.0517,0.049,0.006277738446287804,0.009000000000000001,0.009000000000000001,0.009000000000000001,0.009000000000000001,0.0,0.009000000000000001,0.01,0.0095,0.009500000000000001,0.0004999999999999996,0.009000000000000001,0.01,0.009300000000000001,0.009000000000000001,0.0004582575694955836,0.0,0.0,0.0,0.0,0.0
32,32,4096,11008,32768,True,1184,4,0.074,0.154,0.08555,0.081,0.016909982259009023,0.046,0.05,0.046450000000000005,0.046,0.0009733961166965902,0.006,0.006,0.006,0.006,0.0,0.029,0.043000000000000003,0.031,0.029,0.0037815340802378077,0.088,0.095,0.08985,0.0895,0.0014585952145814835,0.047,0.068,0.0501,0.049,0.004471017781221632,0.008,0.009000000000000001,0.00805,0.008,0.00021794494717703385,0.009000000000000001,0.01,0.009300000000000001,0.009000000000000001,0.0004582575694955836,0.009000000000000001,0.01,0.009250000000000001,0.009000000000000001,0.00043301270189221897,0.0,0.0,0.0,0.0,0.0
32,32,4096,11008,32768,True,1168,4,0.07200000000000001,0.147,0.07705,0.073,0.016163152539031486,0.046,0.05,0.0464,0.046,0.0009695359714832667,0.006,0.006,0.006,0.006,0.0,0.029,0.05,0.0313,0.03,0.004550824101193102,0.08700000000000001,0.093,0.08935,0.089,0.0013518505834595775,0.047,0.096,0.051949999999999996,0.048,0.010618262569742755,0.008,0.008,0.008,0.008,0.0,0.009000000000000001,0.01,0.00905,0.009000000000000001,0.0002179449471770335,0.008,0.01,0.0091,0.009000000000000001,0.0004358898943540672,0.0,0.0,0.0,0.0,0.0
32,32,4096,11008,32768,True,1152,4,0.07,0.147,0.08045,0.074,0.017261155812980773,0.045,0.049,0.046150000000000004,0.046,0.0007921489758877437,0.005,0.006,0.0056500000000000005,0.006,0.00047696960070847287,0.027,0.055,0.03065,0.029,0.005772997488307093,0.088,0.113,0.0909,0.089,0.005548873759602035,0.047,0.067,0.0498,0.048,0.004686149805543994,0.008,0.008,0.008,0.008,0.0,0.008,0.01,0.009000000000000001,0.009000000000000001,0.00031622776601683794,0.009000000000000001,0.01,0.00905,0.009000000000000001,0.0002179449471770335,0.0,0.0,0.0,0.0,0.0
32,32,4096,11008,32768,True,1136,4,0.07,0.157,0.08035,0.0755,0.018174914030058022,0.045,0.049,0.046,0.046,0.0008944271909999167,0.005,0.006,0.0057,0.006,0.000458257569495584,0.026000000000000002,0.048,0.0303,0.029,0.004462062303464621,0.088,0.14400000000000002,0.09195,0.089,0.01208501137773565,0.047,0.07,0.05015000000000001,0.048,0.005387717513010497,0.008,0.008,0.008,0.008,0.0,0.008,0.009000000000000001,0.008950000000000001,0.009000000000000001,0.00021794494717703385,0.008,0.009000000000000001,0.00885,0.009000000000000001,0.00035707142142714284,0.0,0.0,0.0,0.0,0.0
32,32,4096,11008,32768,True,1120,4,0.069,0.179,0.07695,0.07050000000000001,0.023671660271303317,0.045,0.05,0.045799999999999993,0.0455,0.001166190378969061,0.005,0.006,0.0057,0.006,0.000458257569495584,0.026000000000000002,0.046,0.0295,0.029,0.004189272013130681,0.088,0.113,0.09045,0.089,0.005580994535026891,0.047,0.07,0.0508,0.048,0.005591064299397747,0.008,0.008,0.008,0.008,0.0,0.008,0.009000000000000001,0.008900000000000002,0.009000000000000001,0.00030000000000000024,0.008,0.009000000000000001,0.00885,0.009000000000000001,0.00035707142142714284,0.0,0.0,0.0,0.0,0.0
32,32,4096,11008,32768,True,1104,4,0.07,0.185,0.08055,0.074,0.024684965059728156,0.045,0.049,0.045599999999999995,0.045,0.0009695359714832667,0.005,0.006,0.00515,0.005,0.0003570714214271425,0.026000000000000002,0.045,0.0301,0.029,0.003961060464067671,0.088,0.111,0.09009999999999999,0.0885,0.005175905717843016,0.046,0.083,0.0516,0.0485,0.008598837130682265,0.008,0.008,0.008,0.008,0.0,0.008,0.009000000000000001,0.008700000000000001,0.009000000000000001,0.0004582575694955844,0.008,0.009000000000000001,0.008700000000000001,0.009000000000000001,0.0004582575694955844,0.0,0.0,0.0,0.0,0.0
32,32,4096,11008,32768,True,1088,4,0.069,0.14400000000000002,0.0759,0.07,0.016093166251549135,0.045,0.049,0.04565,0.045,0.000963068014212912,0.005,0.006,0.00515,0.005,0.0003570714214271425,0.026000000000000002,0.055,0.03115,0.0295,0.00637397050510904,0.08700000000000001,0.14300000000000002,0.0915,0.088,0.012068554180182484,0.047,0.075,0.0496,0.048,0.006175759062657804,0.008,0.008,0.008,0.008,0.0,0.008,0.009000000000000001,0.008650000000000001,0.009000000000000001,0.00047696960070847325,0.008,0.009000000000000001,0.00855,0.009000000000000001,0.0004974937185533104,0.0,0.0,0.0,0.0,0.0
32,32,4096,11008,32768,True,1072,4,0.069,0.147,0.07735,0.073,0.016713093669336026,0.045,0.05,0.045899999999999996,0.046,0.0011357816691600557,0.005,0.006,0.00515,0.005,0.0003570714214271425,0.027,0.044,0.0301,0.029,0.003884584919911006,0.088,0.126,0.09145,0.089,0.00823088695099137,0.047,0.064,0.049049999999999996,0.048,0.0037346351896805127,0.008,0.008,0.008,0.008,0.0,0.008,0.009000000000000001,0.0083,0.008,0.0004582575694955844,0.008,0.009000000000000001,0.0083,0.008,0.0004582575694955844,0.0,0.0,0.0,0.0,0.0
32,32,4096,11008,32768,True,1056,4,0.065,0.135,0.0703,0.066,0.014946906034360424,0.045,0.05,0.045799999999999993,0.0455,0.001166190378969061,0.005,0.005,0.005,0.005,0.0,0.025,0.043000000000000003,0.029150000000000002,0.0285,0.0034967842369811727,0.088,0.111,0.0904,0.089,0.005180733538795449,0.047,0.064,0.049049999999999996,0.048,0.003879110722833263,0.007,0.008,0.007050000000000001,0.007,0.0002179449471770337,0.007,0.007,0.007000000000000001,0.007,0.0,0.007,0.007,0.007000000000000001,0.007,0.0,0.0,0.0,0.0,0.0,0.0
32,32,4096,11008,32768,True,1040,4,0.065,0.133,0.0698,0.066,0.014620533505997653,0.045,0.049,0.0455,0.045,0.0009746794344808972,0.005,0.005,0.005,0.005,0.0,0.025,0.049,0.029450000000000004,0.029,0.004790354892907205,0.08700000000000001,0.109,0.09065,0.0895,0.004639773701378119,0.046,0.07100000000000001,0.0492,0.0475,0.00536283507111677,0.007,0.007,0.007000000000000001,0.007,0.0,0.007,0.007,0.007000000000000001,0.007,0.0,0.007,0.007,0.007000000000000001,0.007,0.0,0.0,0.0,0.0,0.0,0.0
32,32,4096,11008,32768,True,1024,4,0.062,0.131,0.06760000000000001,0.064,0.014654009690183777,0.044,0.048,0.04445,0.044,0.0009733961166965902,0.005,0.005,0.005,0.005,0.0,0.016,0.017,0.016050000000000002,0.016,0.00021794494717703385,0.091,0.113,0.0944,0.093,0.004586937976471887,0.034,0.036000000000000004,0.0342,0.034,0.000509901951359279,0.007,0.007,0.007000000000000001,0.007,0.0,0.007,0.007,0.007000000000000001,0.007,0.0,0.007,0.007,0.007000000000000001,0.007,0.0,0.0,0.0,0.0,0.0,0.0
32,32,4096,11008,32768,True,1016,4,0.063,0.135,0.06860000000000001,0.065,0.015331014317389442,0.044,0.048,0.04435,0.044,0.000963068014212912,0.005,0.005,0.005,0.005,0.0,0.016,0.017,0.0161,0.016,0.00030000000000000024,0.091,0.1,0.09330000000000001,0.093,0.001926136028425824,0.034,0.035,0.03425,0.034,0.0004330127018922197,0.007,0.007,0.007000000000000001,0.007,0.0,0.007,0.007,0.007000000000000001,0.007,0.0,0.007,0.007,0.007000000000000001,0.007,0.0,0.0,0.0,0.0,0.0,0.0
32,32,4096,11008,32768,True,1008,4,0.064,0.136,0.0694,0.0655,0.01542530388679588,0.043000000000000003,0.048,0.0443,0.044,0.001053565375285274,0.005,0.005,0.005,0.005,0.0,0.016,0.016,0.016,0.016,0.0,0.075,0.113,0.09415,0.094,0.006498269000279999,0.034,0.036000000000000004,0.0342,0.034,0.000509901951359279,0.007,0.007,0.007000000000000001,0.007,0.0,0.007,0.007,0.007000000000000001,0.007,0.0,0.007,0.007,0.007000000000000001,0.007,0.0,0.0,0.0,0.0,0.0,0.0
32,32,4096,11008,32768,True,1000,4,0.066,0.152,0.07115,0.066,0.0186233052920259,0.044,0.048,0.04445,0.044,0.0009733961166965902,0.005,0.005,0.005,0.005,0.0,0.016,0.017,0.016050000000000002,0.016,0.00021794494717703385,0.073,0.111,0.0927,0.093,0.006173329733620262,0.034,0.036000000000000004,0.0342,0.034,0.000509901951359279,0.007,0.007,0.007000000000000001,0.007,0.0,0.007,0.007,0.007000000000000001,0.007,0.0,0.007,0.007,0.007000000000000001,0.007,0.0,0.0,0.0,0.0,0.0,0.0
32,32,4096,11008,32768,True,992,4,0.065,0.138,0.07015,0.066,0.015662933952487957,0.043000000000000003,0.048,0.0444,0.044,0.0010198039027185574,0.005,0.005,0.005,0.005,0.0,0.016,0.016,0.016,0.016,0.0,0.074,0.112,0.09319999999999999,0.093,0.006321392251711645,0.034,0.036000000000000004,0.0342,0.034,0.000509901951359279,0.007,0.007,0.007000000000000001,0.007,0.0,0.006,0.007,0.0064,0.006,0.0004898979485566357,0.006,0.007,0.0064,0.006,0.0004898979485566357,0.0,0.0,0.0,0.0,0.0
32,32,4096,11008,32768,True,984,4,0.064,0.136,0.06960000000000001,0.066,0.015334275333383057,0.044,0.048,0.044399999999999995,0.044,0.0009695359714832667,0.005,0.005,0.005,0.005,0.0,0.016,0.016,0.016,0.016,0.0,0.074,0.114,0.0928,0.092,0.006690291473471094,0.034,0.036000000000000004,0.03425,0.034,0.0005361902647381809,0.007,0.007,0.007000000000000001,0.007,0.0,0.006,0.007,0.00635,0.006,0.00047696960070847287,0.006,0.007,0.00615,0.006,0.0003570714214271425,0.0,0.0,0.0,0.0,0.0
32,32,4096,11008,32768,True,976,4,0.065,0.14200000000000002,0.0704,0.066,0.016511813952440238,0.043000000000000003,0.048,0.044,0.044,0.0012247448713915878,0.005,0.005,0.005,0.005,0.0,0.016,0.016,0.016,0.016,0.0,0.09,0.112,0.09359999999999999,0.092,0.0047053161424074385,0.033,0.035,0.0339,0.034,0.0006244997998398403,0.007,0.007,0.007000000000000001,0.007,0.0,0.006,0.007,0.0066500000000000005,0.007,0.00047696960070847287,0.006,0.007,0.00655,0.007,0.00049749371855331,0.0,0.0,0.0,0.0,0.0
32,32,4096,11008,32768,True,968,4,0.063,0.139,0.06815,0.064,0.016301150266162204,0.043000000000000003,0.048,0.04405,0.044,0.0012031209415515954,0.005,0.005,0.005,0.005,0.0,0.016,0.016,0.016,0.016,0.0,0.091,0.111,0.094,0.093,0.004312771730569566,0.033,0.035,0.034,0.034,0.0005477225575051665,0.007,0.007,0.007000000000000001,0.007,0.0,0.006,0.007,0.00645,0.006,0.00049749371855331,0.006,0.007,0.0064,0.006,0.0004898979485566357,0.0,0.0,0.0,0.0,0.0
32,32,4096,11008,32768,True,960,4,0.063,0.148,0.06945,0.064,0.018367022077625975,0.044,0.048,0.044399999999999995,0.044,0.0009695359714832667,0.005,0.005,0.005,0.005,0.0,0.016,0.016,0.016,0.016,0.0,0.075,0.11800000000000001,0.09355,0.0925,0.007200520814496687,0.033,0.036000000000000004,0.034100000000000005,0.034,0.0007000000000000006,0.007,0.007,0.007000000000000001,0.007,0.0,0.006,0.007,0.0069500000000000004,0.007,0.0002179449471770337,0.007,0.007,0.007000000000000001,0.007,0.0,0.0,0.0,0.0,0.0,0.0
32,32,4096,11008,32768,True,952,4,0.063,0.139,0.06915,0.065,0.016174903400020663,0.043000000000000003,0.048,0.04415,0.044,0.0011521718621802905,0.005,0.005,0.005,0.005,0.0,0.016,0.016,0.016,0.016,0.0,0.073,0.113,0.0908,0.092,0.007978721702127479,0.033,0.036000000000000004,0.03415,0.034,0.0006538348415311016,0.007,0.007,0.007000000000000001,0.007,0.0,0.006,0.007,0.0068000000000000005,0.007,0.0004,0.006,0.007,0.0066500000000000005,0.007,0.00047696960070847287,0.0,0.0,0.0,0.0,0.0
32,32,4096,11008,32768,True,944,4,0.062,0.133,0.0673,0.0635,0.01516608057475629,0.043000000000000003,0.048,0.0443,0.044,0.0010049875621120895,0.005,0.005,0.005,0.005,0.0,0.016,0.016,0.016,0.016,0.0,0.091,0.113,0.0938,0.0925,0.00478121323515277,0.034,0.035,0.034100000000000005,0.034,0.00030000000000000024,0.007,0.007,0.007000000000000001,0.007,0.0,0.006,0.007,0.006900000000000001,0.007,0.0003,0.006,0.007,0.0068000000000000005,0.007,0.0004,0.0,0.0,0.0,0.0,0.0
32,32,4096,11008,32768,True,936,4,0.062,0.133,0.0664,0.062,0.015363593329686908,0.044,0.048,0.04445,0.044,0.0009733961166965902,0.005,0.005,0.005,0.005,0.0,0.016,0.016,0.016,0.016,0.0,0.074,0.113,0.09154999999999999,0.092,0.007533093654004311,0.033,0.036000000000000004,0.03375,0.034,0.0007664854858377953,0.007,0.007,0.007000000000000001,0.007,0.0,0.006,0.007,0.0069500000000000004,0.007,0.0002179449471770337,0.006,0.007,0.0069500000000000004,0.007,0.0002179449471770337,0.0,0.0,0.0,0.0,0.0
32,32,4096,11008,32768,True,928,4,0.06,0.126,0.0654,0.061,0.014185908501044267,0.044,0.048,0.044399999999999995,0.044,0.0009695359714832667,0.005,0.005,0.005,0.005,0.0,0.016,0.017,0.016300000000000002,0.016,0.0004582575694955844,0.09,0.111,0.0933,0.092,0.004348562981031781,0.033,0.035,0.03375,0.034,0.0006982120021884477,0.007,0.007,0.007000000000000001,0.007,0.0,0.006,0.006,0.006,0.006,0.0,0.006,0.006,0.006,0.006,0.0,0.0,0.0,0.0,0.0,0.0
32,32,4096,11008,32768,True,920,4,0.061,0.135,0.06625,0.062,0.015999609370231514,0.044,0.048,0.04445,0.044,0.0009733961166965902,0.005,0.005,0.005,0.005,0.0,0.016,0.017,0.0161,0.016,0.00030000000000000024,0.089,0.116,0.09365,0.093,0.005703288525052894,0.033,0.036000000000000004,0.03375,0.034,0.0007664854858377953,0.006,0.007,0.0067,0.007,0.000458257569495584,0.006,0.006,0.006,0.006,0.0,0.006,0.006,0.006,0.006,0.0,0.0,0.0,0.0,0.0,0.0
32,32,4096,11008,32768,True,912,4,0.061,0.14,0.0668,0.062,0.01688668114224936,0.044,0.048,0.0445,0.044,0.0009746794344808972,0.005,0.005,0.005,0.005,0.0,0.016,0.016,0.016,0.016,0.0,0.09,0.111,0.09269999999999999,0.091,0.004605431575867783,0.033,0.035,0.03345,0.033,0.0006689544080129832,0.006,0.006,0.006,0.006,0.0,0.006,0.006,0.006,0.006,0.0,0.006,0.006,0.006,0.006,0.0,0.0,0.0,0.0,0.0,0.0
32,32,4096,11008,32768,True,904,4,0.063,0.138,0.06895,0.064,0.01607630243557268,0.043000000000000003,0.047,0.04385,0.044,0.0010618380290797634,0.004,0.005,0.0047,0.005,0.000458257569495584,0.016,0.017,0.01615,0.016,0.00035707142142714284,0.073,0.113,0.09154999999999999,0.092,0.0077296507036217375,0.033,0.035,0.03375,0.0335,0.0008291561975888507,0.006,0.007,0.0062,0.006,0.0004,0.006,0.006,0.006,0.006,0.0,0.006,0.006,0.006,0.006,0.0,0.0,0.0,0.0,0.0,0.0
32,32,4096,11008,32768,True,896,4,0.063,0.146,0.06915,0.064,0.01780245769549811,0.04,0.061,0.042749999999999996,0.041,0.004689083066016211,0.004,0.005,0.00495,0.005,0.0002179449471770337,0.016,0.016,0.016,0.016,0.0,0.073,0.094,0.0879,0.091,0.007231182475916371,0.033,0.035,0.0335,0.033,0.0006708203932499375,0.006,0.007,0.0060999999999999995,0.006,0.0003,0.006,0.006,0.006,0.006,0.0,0.006,0.006,0.006,0.006,0.0,0.0,0.0,0.0,0.0,0.0
32,32,4096,11008,32768,True,888,4,0.059000000000000004,0.155,0.06634999999999999,0.062,0.020457944667048054,0.043000000000000003,0.046,0.0434,0.043000000000000003,0.0007999999999999981,0.004,0.005,0.0049,0.005,0.0003,0.016,0.017,0.0161,0.016,0.00030000000000000024,0.089,0.099,0.0915,0.091,0.0019364916731037102,0.032,0.035,0.03315,0.033,0.0006538348415311016,0.006,0.006,0.006,0.006,0.0,0.006,0.006,0.006,0.006,0.0,0.006,0.006,0.006,0.006,0.0,0.0,0.0,0.0,0.0,0.0
32,32,4096,11008,32768,True,880,4,0.059000000000000004,0.128,0.064,0.06,0.014876155417311288,0.043000000000000003,0.045,0.04335,0.043000000000000003,0.0006538348415310989,0.004,0.005,0.0048000000000000004,0.005,0.0004,0.016,0.016,0.016,0.016,0.0,0.089,0.1,0.092,0.092,0.0021447610589527236,0.032,0.035,0.03305,0.033,0.0007399324293474378,0.006,0.006,0.006,0.006,0.0,0.006,0.006,0.006,0.006,0.0,0.006,0.006,0.006,0.006,0.0,0.0,0.0,0.0,0.0,0.0
32,32,4096,11008,32768,True,872,4,0.06,0.128,0.0646,0.061,0.014640355186948164,0.043000000000000003,0.045,0.04335,0.043000000000000003,0.0006538348415310989,0.004,0.005,0.004350000000000001,0.004,0.00047696960070847287,0.017,0.017,0.017,0.017,0.0,0.07200000000000001,0.098,0.0907,0.091,0.0047021271782034975,0.032,0.035,0.0327,0.0325,0.0008426149773176366,0.006,0.006,0.006,0.006,0.0,0.006,0.006,0.006,0.006,0.0,0.006,0.006,0.006,0.006,0.0,0.0,0.0,0.0,0.0,0.0
32,32,4096,11008,32768,True,864,4,0.06,0.126,0.0654,0.062,0.013997856978837868,0.043000000000000003,0.045,0.043300000000000005,0.043000000000000003,0.0006403124237432828,0.004,0.005,0.0046,0.005,0.0004898979485566357,0.016,0.016,0.016,0.016,0.0,0.073,0.099,0.08804999999999999,0.091,0.00731077971217845,0.032,0.035,0.03295,0.033,0.0008046738469715547,0.006,0.006,0.006,0.006,0.0,0.006,0.006,0.006,0.006,0.0,0.006,0.006,0.006,0.006,0.0,0.0,0.0,0.0,0.0,0.0
32,32,4096,11008,32768,True,856,4,0.059000000000000004,0.131,0.06775,0.062,0.019679621439448472,0.042,0.045,0.04315000000000001,0.043000000000000003,0.000726291952316696,0.004,0.005,0.00425,0.004,0.00043301270189221935,0.016,0.016,0.016,0.016,0.0,0.07200000000000001,0.093,0.08940000000000001,0.091,0.004851803788283279,0.032,0.034,0.0329,0.033,0.0006244997998398403,0.006,0.006,0.006,0.006,0.0,0.006,0.006,0.006,0.006,0.0,0.006,0.006,0.006,0.006,0.0,0.0,0.0,0.0,0.0,0.0
32,32,4096,11008,32768,True,848,4,0.061,0.145,0.06735,0.0625,0.01803129224431793,0.043000000000000003,0.045,0.043300000000000005,0.043000000000000003,0.0006403124237432828,0.004,0.005,0.0045,0.0045000000000000005,0.0005,0.016,0.016,0.016,0.016,0.0,0.089,0.098,0.09119999999999999,0.091,0.001964688270438852,0.032,0.035,0.0329,0.033,0.0007681145747868615,0.006,0.006,0.006,0.006,0.0,0.006,0.006,0.006,0.006,0.0,0.006,0.006,0.006,0.006,0.0,0.0,0.0,0.0,0.0,0.0
32,32,4096,11008,32768,True,840,4,0.061,0.131,0.06625,0.062,0.01534560197581053,0.043000000000000003,0.045,0.04325,0.043000000000000003,0.0005361902647381783,0.004,0.005,0.00425,0.004,0.00043301270189221935,0.018000000000000002,0.018000000000000002,0.018000000000000002,0.018000000000000002,0.0,0.073,0.094,0.09035,0.092,0.004962610200287748,0.032,0.034,0.032600000000000004,0.0325,0.0006633249580710806,0.006,0.006,0.006,0.006,0.0,0.006,0.006,0.006,0.006,0.0,0.006,0.006,0.006,0.006,0.0,0.0,0.0,0.0,0.0,0.0
32,32,4096,11008,32768,True,832,4,0.056,0.128,0.0624,0.058,0.0152492622772382,0.039,0.058,0.042300000000000004,0.041,0.004572745346069471,0.004,0.005,0.0041,0.004,0.0003,0.015,0.017,0.015099999999999999,0.015,0.0004358898943540677,0.075,0.108,0.09090000000000001,0.091,0.006081940479813988,0.032,0.034,0.03275,0.033,0.0006982120021884477,0.006,0.006,0.006,0.006,0.0,0.006,0.006,0.006,0.006,0.0,0.006,0.006,0.006,0.006,0.0,0.0,0.0,0.0,0.0,0.0
32,32,4096,11008,32768,True,824,4,0.061,0.154,0.06770000000000001,0.0625,0.01992260023189744,0.039,0.061,0.04245,0.041,0.004831925082200675,0.004,0.005,0.00425,0.004,0.00043301270189221935,0.015,0.016,0.01505,0.015,0.00021794494717703385,0.09,0.113,0.09295,0.0915,0.005024689045105181,0.032,0.034,0.0327,0.033,0.0007141428428542857,0.006,0.006,0.006,0.006,0.0,0.006,0.006,0.006,0.006,0.0,0.006,0.006,0.006,0.006,0.0,0.0,0.0,0.0,0.0,0.0
32,32,4096,11008,32768,True,816,4,0.061,0.136,0.06625,0.062,0.016158202251488254,0.043000000000000003,0.045,0.04325,0.043000000000000003,0.0005361902647381783,0.004,0.005,0.0041,0.004,0.0003,0.015,0.015,0.015,0.015,0.0,0.089,0.111,0.09275,0.091,0.005028667815634676,0.032,0.035,0.03305,0.033,0.0007399324293474378,0.006,0.006,0.006,0.006,0.0,0.006,0.006,0.006,0.006,0.0,0.006,0.006,0.006,0.006,0.0,0.0,0.0,0.0,0.0,0.0
32,32,4096,11008,32768,True,808,4,0.057,0.127,0.0623,0.0585,0.014956938189348781,0.043000000000000003,0.045,0.0439,0.044,0.0005385164807134486,0.004,0.005,0.004200000000000001,0.004,0.0004,0.015,0.016,0.01515,0.015,0.00035707142142714284,0.076,0.11,0.09215,0.092,0.005588157120196246,0.032,0.035,0.0327,0.0325,0.0008426149773176366,0.006,0.006,0.006,0.006,0.0,0.006,0.006,0.006,0.006,0.0,0.006,0.006,0.006,0.006,0.0,0.0,0.0,0.0,0.0,0.0
32,32,4096,11008,32768,True,800,4,0.056,0.122,0.06055000000000001,0.057,0.014196742584128234,0.044,0.048,0.04455,0.044,0.0009733961166965902,0.004,0.004,0.004,0.004,0.0,0.015,0.016,0.015099999999999999,0.015,0.00030000000000000024,0.088,0.109,0.09165,0.0905,0.004475209492303127,0.032,0.035,0.03305,0.033,0.0008046738469715547,0.006,0.006,0.006,0.006,0.0,0.006,0.006,0.006,0.006,0.0,0.005,0.006,0.00595,0.006,0.0002179449471770337,0.0,0.0,0.0,0.0,0.0
32,32,4096,11008,32768,True,792,4,0.056,0.125,0.06265000000000001,0.058,0.014609158086624979,0.044,0.048,0.0445,0.044,0.0010246950765959606,0.004,0.004,0.004,0.004,0.0,0.015,0.016,0.01505,0.015,0.00021794494717703385,0.074,0.11,0.09195,0.091,0.006012279101971232,0.032,0.034,0.0325,0.032,0.0007416198487095669,0.006,0.006,0.006,0.006,0.0,0.005,0.005,0.005,0.005,0.0,0.005,0.005,0.005,0.005,0.0,0.0,0.0,0.0,0.0,0.0
32,32,4096,11008,32768,True,784,4,0.055,0.126,0.0603,0.0565,0.015156186855538566,0.044,0.047,0.04435,0.044,0.0007921489758877437,0.004,0.004,0.004,0.004,0.0,0.015,0.016,0.015099999999999999,0.015,0.00030000000000000024,0.089,0.111,0.0925,0.091,0.004716990566028303,0.032,0.034,0.03265,0.033,0.0006538348415311016,0.006,0.006,0.006,0.006,0.0,0.005,0.005,0.005,0.005,0.0,0.005,0.005,0.005,0.005,0.0,0.0,0.0,0.0,0.0,0.0
32,32,4096,11008,32768,True,776,4,0.057,0.14100000000000001,0.06295,0.058,0.018034619485866623,0.044,0.048,0.04455,0.044,0.0009733961166965902,0.004,0.004,0.004,0.004,0.0,0.015,0.016,0.01515,0.015,0.00035707142142714284,0.074,0.11,0.09104999999999999,0.0915,0.007165716991341482,0.032,0.034,0.03255,0.032,0.0007399324293474378,0.006,0.006,0.006,0.006,0.0,0.005,0.005,0.005,0.005,0.0,0.005,0.005,0.005,0.005,0.0,0.0,0.0,0.0,0.0,0.0
32,32,4096,11008,32768,True,768,4,0.056,0.136,0.061750000000000006,0.057,0.017183931447721738,0.038,0.058,0.040600000000000004,0.039,0.004328972164382673,0.004,0.004,0.004,0.004,0.0,0.015,0.016,0.01505,0.015,0.00021794494717703385,0.048,0.052000000000000005,0.0489,0.049,0.0009433981132056612,0.031,0.034,0.032,0.032,0.0008366600265340763,0.005,0.006,0.00595,0.006,0.0002179449471770337,0.005,0.005,0.005,0.005,0.0,0.005,0.005,0.005,0.005,0.0,0.0,0.0,0.0,0.0,0.0
32,32,4096,11008,32768,True,760,4,0.055,0.123,0.060050000000000006,0.056,0.014565284068633883,0.038,0.057,0.0405,0.039,0.004092676385936226,0.004,0.004,0.004,0.004,0.0,0.015,0.016,0.01505,0.015,0.00021794494717703385,0.048,0.051000000000000004,0.04875,0.049,0.0007664854858377953,0.031,0.034,0.03195,0.032,0.0008046738469715547,0.005,0.006,0.00595,0.006,0.0002179449471770337,0.005,0.005,0.005,0.005,0.0,0.005,0.005,0.005,0.005,0.0,0.0,0.0,0.0,0.0,0.0
32,32,4096,11008,32768,True,752,4,0.054,0.14300000000000002,0.0606,0.056,0.019129558280315834,0.038,0.058,0.041,0.039,0.004494441010848847,0.004,0.004,0.004,0.004,0.0,0.015,0.016,0.01505,0.015,0.00021794494717703385,0.048,0.052000000000000005,0.048850000000000005,0.049,0.0009096702699330135,0.032,0.034,0.0323,0.032,0.0005567764362830027,0.006,0.006,0.006,0.006,0.0,0.005,0.005,0.005,0.005,0.0,0.005,0.005,0.005,0.005,0.0,0.0,0.0,0.0,0.0,0.0
32,32,4096,11008,32768,True,744,4,0.058,0.136,0.06455000000000001,0.059000000000000004,0.016818070638453152,0.04,0.059000000000000004,0.04355,0.041,0.005625611077918559,0.004,0.004,0.004,0.004,0.0,0.015,0.016,0.01505,0.015,0.00021794494717703385,0.048,0.051000000000000004,0.048799999999999996,0.049,0.0007483314773547889,0.031,0.033,0.03215,0.032,0.0005722761571129803,0.005,0.006,0.00595,0.006,0.0002179449471770337,0.005,0.005,0.005,0.005,0.0,0.005,0.005,0.005,0.005,0.0,0.0,0.0,0.0,0.0,0.0
32,32,4096,11008,32768,True,736,4,0.059000000000000004,0.145,0.06455,0.06,0.01854312541078229,0.04,0.058,0.041800000000000004,0.041,0.003944616584663204,0.004,0.004,0.004,0.004,0.0,0.015,0.016,0.01505,0.015,0.00021794494717703385,0.048,0.051000000000000004,0.048799999999999996,0.049,0.0007483314773547889,0.031,0.033,0.0318,0.032,0.0006000000000000005,0.006,0.006,0.006,0.006,0.0,0.005,0.005,0.005,0.005,0.0,0.005,0.005,0.005,0.005,0.0,0.0,0.0,0.0,0.0,0.0
32,32,4096,11008,32768,True,728,4,0.057,0.135,0.0628,0.058,0.01672602762164406,0.039,0.057,0.041249999999999995,0.04,0.004048147724577254,0.004,0.004,0.004,0.004,0.0,0.015,0.016,0.01505,0.015,0.00021794494717703385,0.048,0.051000000000000004,0.048650000000000006,0.049,0.0007262919523166982,0.031,0.033,0.032,0.032,0.00044721359549995833,0.006,0.006,0.006,0.006,0.0,0.005,0.005,0.005,0.005,0.0,0.005,0.005,0.005,0.005,0.0,0.0,0.0,0.0,0.0,0.0
32,32,4096,11008,32768,True,720,4,0.056,0.14,0.0621,0.0575,0.01802747902508834,0.038,0.057,0.0413,0.04,0.004495553358597805,0.004,0.004,0.004,0.004,0.0,0.015,0.016,0.01505,0.015,0.00021794494717703385,0.048,0.051000000000000004,0.0486,0.048,0.0008000000000000007,0.031,0.033,0.032100000000000004,0.032,0.0004358898943540677,0.005,0.006,0.00595,0.006,0.0002179449471770337,0.005,0.005,0.005,0.005,0.0,0.005,0.005,0.005,0.005,0.0,0.0,0.0,0.0,0.0,0.0
32,32,4096,11008,32768,True,712,4,0.056,0.136,0.06135,0.057,0.01720254341659977,0.037,0.057,0.04005,0.039,0.004271709259769443,0.004,0.004,0.004,0.004,0.0,0.015,0.016,0.01505,0.015,0.00021794494717703385,0.048,0.051000000000000004,0.048799999999999996,0.049,0.0007483314773547889,0.031,0.033,0.0315,0.031,0.0007416198487095669,0.005,0.006,0.005900000000000001,0.006,0.0003,0.005,0.005,0.005,0.005,0.0,0.005,0.005,0.005,0.005,0.0,0.0,0.0,0.0,0.0,0.0
32,32,4096,11008,32768,True,704,4,0.054,0.138,0.059399999999999994,0.055,0.018120154524727435,0.043000000000000003,0.044,0.04385,0.044,0.00035707142142714035,0.004,0.004,0.004,0.004,0.0,0.015,0.015,0.015,0.015,0.0,0.048,0.051000000000000004,0.0484,0.048,0.0007348469228349541,0.031,0.033,0.03155,0.031,0.0007399324293474378,0.005,0.006,0.0058000000000000005,0.006,0.0004,0.005,0.005,0.005,0.005,0.0,0.005,0.005,0.005,0.005,0.0,0.0,0.0,0.0,0.0,0.0
32,32,4096,11008,32768,True,696,4,0.053,0.129,0.0583,0.054,0.016297545827516486,0.043000000000000003,0.045,0.04425,0.044,0.00053619026473818,0.004,0.004,0.004,0.004,0.0,0.015,0.016,0.01505,0.015,0.00021794494717703385,0.048,0.05,0.0485,0.048,0.0005916079783099621,0.031,0.033,0.0316,0.0315,0.0006633249580710806,0.005,0.006,0.0056,0.006,0.0004898979485566357,0.005,0.005,0.005,0.005,0.0,0.005,0.005,0.005,0.005,0.0,0.0,0.0,0.0,0.0,0.0
32,32,4096,11008,32768,True,688,4,0.055,0.14300000000000002,0.0612,0.056,0.0188403821617291,0.044,0.045,0.04455,0.045,0.0004974937185533104,0.004,0.004,0.004,0.004,0.0,0.015,0.016,0.01505,0.015,0.00021794494717703385,0.047,0.052000000000000005,0.04825,0.048,0.0010428326807307114,0.031,0.033,0.0315,0.031,0.0007416198487095669,0.005,0.006,0.00545,0.005,0.00049749371855331,0.005,0.005,0.005,0.005,0.0,0.005,0.005,0.005,0.005,0.0,0.0,0.0,0.0,0.0,0.0
32,32,4096,11008,32768,True,680,4,0.052000000000000005,0.129,0.05715,0.053,0.016571888848287634,0.045,0.046,0.045399999999999996,0.045,0.000489897948556636,0.004,0.004,0.004,0.004,0.0,0.015,0.015,0.015,0.015,0.0,0.047,0.051000000000000004,0.049,0.049,0.001095445115010333,0.031,0.033,0.03145,0.031,0.0006689544080129832,0.005,0.006,0.0053,0.005,0.000458257569495584,0.005,0.005,0.005,0.005,0.0,0.005,0.005,0.005,0.005,0.0,0.0,0.0,0.0,0.0,0.0
32,32,4096,11008,32768,True,672,4,0.056,0.14100000000000001,0.06255000000000001,0.057,0.01826875748374804,0.046,0.047,0.04605,0.046,0.00021794494717703385,0.004,0.004,0.004,0.004,0.0,0.016,0.016,0.016,0.016,0.0,0.047,0.057,0.0503,0.049,0.002830194339616981,0.031,0.033,0.0319,0.032,0.0007000000000000006,0.005,0.006,0.005050000000000001,0.005,0.0002179449471770337,0.005,0.005,0.005,0.005,0.0,0.005,0.005,0.005,0.005,0.0,0.0,0.0,0.0,0.0,0.0
32,32,4096,11008,32768,True,664,4,0.052000000000000005,0.129,0.05725,0.053,0.01653140949828538,0.046,0.047,0.046099999999999995,0.046,0.00030000000000000024,0.004,0.004,0.004,0.004,0.0,0.016,0.016,0.016,0.016,0.0,0.049,0.058,0.05215000000000001,0.051000000000000004,0.00305409561081509,0.031,0.033,0.03165,0.032,0.0006538348415311016,0.005,0.005,0.005,0.005,0.0,0.005,0.005,0.005,0.005,0.0,0.005,0.005,0.005,0.005,0.0,0.0,0.0,0.0,0.0,0.0
32,32,4096,11008,32768,True,656,4,0.056,0.251,0.0722,0.057,0.0449250486922385,0.046,0.047,0.0462,0.046,0.00040000000000000034,0.004,0.004,0.004,0.004,0.0,0.016,0.016,0.016,0.016,0.0,0.047,0.051000000000000004,0.048150000000000005,0.048,0.001107925990308018,0.032,0.033,0.032100000000000004,0.032,0.00030000000000000024,0.005,0.005,0.005,0.005,0.0,0.004,0.004,0.004,0.004,0.0,0.004,0.004,0.004,0.004,0.0,0.0,0.0,0.0,0.0,0.0
32,32,4096,11008,32768,True,648,4,0.055,0.138,0.0603,0.0555,0.01794742321337523,0.047,0.048,0.04705,0.047,0.00021794494717703385,0.003,0.004,0.0036999999999999997,0.004,0.000458257569495584,0.016,0.016,0.016,0.016,0.0,0.047,0.051000000000000004,0.048150000000000005,0.048,0.0010136567466356656,0.031,0.033,0.0319,0.032,0.0005385164807134509,0.005,0.005,0.005,0.005,0.0,0.004,0.004,0.004,0.004,0.0,0.004,0.004,0.004,0.004,0.0,0.0,0.0,0.0,0.0,0.0
32,32,4096,11008,32768,True,640,4,0.051000000000000004,0.137,0.05685,0.052000000000000005,0.01846963724603166,0.026000000000000002,0.027,0.026350000000000002,0.026000000000000002,0.0004769696007084716,0.003,0.004,0.00355,0.004,0.00049749371855331,0.018000000000000002,0.033,0.019700000000000002,0.019,0.0031953090617340917,0.047,0.051000000000000004,0.0479,0.048,0.0008888194417315596,0.031,0.047,0.03295,0.032,0.003456515586540874,0.004,0.005,0.00495,0.005,0.0002179449471770337,0.004,0.004,0.004,0.004,0.0,0.004,0.004,0.004,0.004,0.0,0.0,0.0,0.0,0.0,0.0
32,32,4096,11008,32768,True,632,4,0.05,0.132,0.057100000000000005,0.052500000000000005,0.017366346766087566,0.026000000000000002,0.027,0.0262,0.026000000000000002,0.000399999999999999,0.003,0.004,0.0034000000000000002,0.003,0.0004898979485566357,0.018000000000000002,0.033,0.01975,0.019,0.0031760824926314493,0.047,0.051000000000000004,0.048,0.048,0.0008366600265340763,0.032,0.048,0.03445,0.033,0.003917588543989785,0.004,0.005,0.00495,0.005,0.0002179449471770337,0.004,0.004,0.004,0.004,0.0,0.004,0.004,0.004,0.004,0.0,0.0,0.0,0.0,0.0,0.0
32,32,4096,11008,32768,True,624,4,0.05,0.138,0.059750000000000004,0.051000000000000004,0.02511946456435726,0.026000000000000002,0.027,0.026250000000000002,0.026000000000000002,0.0004330127018922182,0.003,0.004,0.0032,0.003,0.0004,0.018000000000000002,0.033,0.0195,0.019,0.0032171415884290826,0.047,0.051000000000000004,0.0479,0.048,0.0008888194417315596,0.031,0.047,0.03295,0.032,0.0034420197558991438,0.004,0.005,0.00495,0.005,0.0002179449471770337,0.004,0.004,0.004,0.004,0.0,0.004,0.004,0.004,0.004,0.0,0.0,0.0,0.0,0.0,0.0
32,32,4096,11008,32768,True,616,4,0.052000000000000005,0.126,0.05700000000000001,0.053,0.015990622251807463,0.026000000000000002,0.027,0.02615,0.026000000000000002,0.0003570714214271416,0.003,0.004,0.0032500000000000003,0.003,0.00043301270189221935,0.018000000000000002,0.034,0.020200000000000003,0.019,0.003944616584663205,0.047,0.051000000000000004,0.0477,0.0475,0.0009539392014169465,0.031,0.048,0.0332,0.032,0.003627671429443411,0.004,0.005,0.00495,0.005,0.0002179449471770337,0.004,0.004,0.004,0.004,0.0,0.004,0.004,0.004,0.004,0.0,0.0,0.0,0.0,0.0,0.0
32,32,4096,11008,32768,True,608,4,0.05,0.149,0.05675,0.051000000000000004,0.02128350300115091,0.026000000000000002,0.027,0.0262,0.026000000000000002,0.000399999999999999,0.003,0.004,0.0034500000000000004,0.003,0.00049749371855331,0.018000000000000002,0.034,0.0194,0.018500000000000003,0.0034698703145794943,0.047,0.051000000000000004,0.0474,0.047,0.0009165151389911689,0.031,0.047,0.032850000000000004,0.032,0.0034680686267719676,0.004,0.005,0.00495,0.005,0.0002179449471770337,0.004,0.004,0.004,0.004,0.0,0.004,0.004,0.004,0.004,0.0,0.0,0.0,0.0,0.0,0.0
32,32,4096,11008,32768,True,600,4,0.05,0.127,0.05500000000000001,0.051000000000000004,0.016598192672697833,0.026000000000000002,0.027,0.0262,0.026000000000000002,0.000399999999999999,0.003,0.004,0.00315,0.003,0.0003570714214271425,0.018000000000000002,0.033,0.019700000000000002,0.019,0.0034655446902326914,0.046,0.05,0.0475,0.047,0.0008062257748298557,0.032,0.051000000000000004,0.03415,0.033,0.003990927210561476,0.004,0.005,0.00495,0.005,0.0002179449471770337,0.004,0.004,0.004,0.004,0.0,0.004,0.004,0.004,0.004,0.0,0.0,0.0,0.0,0.0,0.0
32,32,4096,11008,32768,True,592,4,0.054,0.146,0.0615,0.055,0.01992109434744989,0.026000000000000002,0.027,0.0262,0.026000000000000002,0.000399999999999999,0.003,0.004,0.00315,0.003,0.0003570714214271425,0.018000000000000002,0.034,0.019700000000000002,0.019,0.003392639090737475,0.05,0.054,0.052050000000000006,0.052000000000000005,0.0012031209415515947,0.032,0.051000000000000004,0.03465,0.0335,0.0040159058753910055,0.004,0.005,0.00495,0.005,0.0002179449471770337,0.004,0.004,0.004,0.004,0.0,0.004,0.004,0.004,0.004,0.0,0.0,0.0,0.0,0.0,0.0
32,32,4096,11008,32768,True,584,4,0.053,0.14,0.059250000000000004,0.054,0.018787961571176372,0.026000000000000002,0.027,0.0262,0.026000000000000002,0.000399999999999999,0.003,0.004,0.00315,0.003,0.0003570714214271425,0.018000000000000002,0.034,0.02015,0.019,0.0035394208565809188,0.046,0.051000000000000004,0.04735,0.047,0.0010136567466356656,0.032,0.052000000000000005,0.0342,0.033,0.004214261501141096,0.004,0.005,0.00495,0.005,0.0002179449471770337,0.004,0.004,0.004,0.004,0.0,0.004,0.004,0.004,0.004,0.0,0.0,0.0,0.0,0.0,0.0
32,32,4096,11008,32768,True,576,4,0.05,0.123,0.05455,0.05,0.015797072513602007,0.026000000000000002,0.027,0.0261,0.026000000000000002,0.0002999999999999992,0.003,0.004,0.0030499999999999998,0.003,0.0002179449471770337,0.02,0.056,0.024200000000000003,0.021,0.008115417426109394,0.046,0.051000000000000004,0.04755,0.047,0.0011169153951844349,0.031,0.032,0.03115,0.031,0.00035707142142714284,0.005,0.005,0.005,0.005,0.0,0.004,0.004,0.004,0.004,0.0,0.004,0.004,0.004,0.004,0.0,0.0,0.0,0.0,0.0,0.0
32,32,4096,11008,32768,True,568,4,0.052000000000000005,0.14,0.0586,0.054,0.018821264569629747,0.026000000000000002,0.027,0.02615,0.026000000000000002,0.0003570714214271416,0.003,0.004,0.0032,0.003,0.0004,0.02,0.036000000000000004,0.0218,0.021,0.0034146742157927755,0.046,0.051000000000000004,0.04705,0.047,0.0010712142642814286,0.031,0.032,0.03115,0.031,0.00035707142142714284,0.005,0.005,0.005,0.005,0.0,0.004,0.004,0.004,0.004,0.0,0.004,0.004,0.004,0.004,0.0,0.0,0.0,0.0,0.0,0.0
32,32,4096,11008,32768,True,560,4,0.052000000000000005,0.132,0.05715,0.053,0.01728084199337521,0.026000000000000002,0.027,0.0262,0.026000000000000002,0.000399999999999999,0.003,0.003,0.003,0.003,0.0,0.015,0.015,0.015,0.015,0.0,0.05,0.056,0.053349999999999995,0.053,0.0013518505834595768,0.031,0.032,0.0312,0.031,0.00040000000000000034,0.005,0.005,0.005,0.005,0.0,0.004,0.004,0.004,0.004,0.0,0.004,0.004,0.004,0.004,0.0,0.0,0.0,0.0,0.0,0.0
32,32,4096,11008,32768,True,552,4,0.05,0.133,0.05605,0.051000000000000004,0.017825473345748775,0.026000000000000002,0.027,0.026250000000000002,0.026000000000000002,0.0004330127018922182,0.003,0.003,0.003,0.003,0.0,0.015,0.015,0.015,0.015,0.0,0.046,0.05,0.047,0.047,0.0008366600265340763,0.031,0.032,0.0312,0.031,0.00040000000000000034,0.005,0.005,0.005,0.005,0.0,0.004,0.004,0.004,0.004,0.0,0.004,0.004,0.004,0.004,0.0,0.0,0.0,0.0,0.0,0.0
32,32,4096,11008,32768,True,544,4,0.05,0.135,0.055349999999999996,0.051000000000000004,0.01834196009154965,0.026000000000000002,0.027,0.02615,0.026000000000000002,0.0003570714214271416,0.003,0.004,0.0030499999999999998,0.003,0.0002179449471770337,0.015,0.016,0.01505,0.015,0.00021794494717703385,0.046,0.05,0.046599999999999996,0.046,0.0009695359714832667,0.031,0.032,0.0312,0.031,0.00040000000000000034,0.005,0.005,0.005,0.005,0.0,0.004,0.004,0.004,0.004,0.0,0.004,0.004,0.004,0.004,0.0,0.0,0.0,0.0,0.0,0.0
32,32,4096,11008,32768,True,536,4,0.05,0.14200000000000002,0.0568,0.051500000000000004,0.019699238563964855,0.025,0.027,0.02615,0.026000000000000002,0.000572276157112979,0.003,0.003,0.003,0.003,0.0,0.015,0.015,0.015,0.015,0.0,0.046,0.051000000000000004,0.0467,0.046,0.0011445523142259606,0.031,0.032,0.03115,0.031,0.00035707142142714284,0.005,0.005,0.005,0.005,0.0,0.004,0.004,0.004,0.004,0.0,0.004,0.004,0.004,0.004,0.0,0.0,0.0,0.0,0.0,0.0
32,32,4096,11008,32768,True,528,4,0.049,0.134,0.055600000000000004,0.051000000000000004,0.01805103875127412,0.026000000000000002,0.027,0.0262,0.026000000000000002,0.000399999999999999,0.003,0.003,0.003,0.003,0.0,0.015,0.015,0.015,0.015,0.0,0.049,0.055,0.052050000000000006,0.052000000000000005,0.0015960889699512355,0.031,0.032,0.0312,0.031,0.00040000000000000034,0.004,0.004,0.004,0.004,0.0,0.004,0.004,0.004,0.004,0.0,0.004,0.004,0.004,0.004,0.0,0.0,0.0,0.0,0.0,0.0
32,32,4096,11008,32768,True,520,4,0.051000000000000004,0.135,0.05650000000000001,0.052000000000000005,0.01808175876401408,0.025,0.027,0.02605,0.026000000000000002,0.0003840572873934299,0.003,0.003,0.003,0.003,0.0,0.015,0.016,0.01505,0.015,0.00021794494717703385,0.046,0.05,0.0465,0.046,0.0010246950765959606,0.031,0.032,0.03115,0.031,0.00035707142142714284,0.004,0.004,0.004,0.004,0.0,0.004,0.004,0.004,0.004,0.0,0.004,0.004,0.004,0.004,0.0,0.0,0.0,0.0,0.0,0.0
32,32,4096,11008,32768,True,512,4,0.048,0.125,0.05425,0.05,0.016339752140102984,0.025,0.026000000000000002,0.0251,0.025,0.00030000000000000024,0.003,0.003,0.003,0.003,0.0,0.012,0.013000000000000001,0.01205,0.012,0.00021794494717703385,0.042,0.06,0.0438,0.042,0.004057092555020157,0.023,0.023,0.023,0.023,0.0,0.004,0.004,0.004,0.004,0.0,0.004,0.004,0.004,0.004,0.0,0.004,0.004,0.004,0.004,0.0,0.0,0.0,0.0,0.0,0.0
32,32,4096,11008,32768,True,504,4,0.048,0.131,0.0553,0.051000000000000004,0.017748521065147935,0.025,0.026000000000000002,0.02505,0.025,0.00021794494717703385,0.003,0.003,0.003,0.003,0.0,0.011,0.011,0.011,0.011,0.0,0.044,0.048,0.04435,0.044,0.000963068014212912,0.023,0.023,0.023,0.023,0.0,0.004,0.004,0.004,0.004,0.0,0.004,0.004,0.004,0.004,0.0,0.004,0.004,0.004,0.004,0.0,0.0,0.0,0.0,0.0,0.0
32,32,4096,11008,32768,True,496,4,0.05,0.134,0.0637,0.052000000000000005,0.022682812876713507,0.025,0.026000000000000002,0.0251,0.025,0.00030000000000000024,0.003,0.003,0.003,0.003,0.0,0.011,0.011,0.011,0.011,0.0,0.044,0.047,0.044599999999999994,0.044,0.0010677078252031322,0.023,0.024,0.0237,0.024,0.0004582575694955844,0.004,0.004,0.004,0.004,0.0,0.004,0.004,0.004,0.004,0.0,0.004,0.004,0.004,0.004,0.0,0.0,0.0,0.0,0.0,0.0
32,32,4096,11008,32768,True,488,4,0.05,0.133,0.05650000000000001,0.051000000000000004,0.017786230629337967,0.025,0.026000000000000002,0.0252,0.025,0.00040000000000000034,0.003,0.003,0.003,0.003,0.0,0.011,0.011,0.011,0.011,0.0,0.044,0.047,0.044399999999999995,0.044,0.0008000000000000007,0.024,0.024,0.024,0.024,0.0,0.004,0.004,0.004,0.004,0.0,0.004,0.004,0.004,0.004,0.0,0.004,0.004,0.004,0.004,0.0,0.0,0.0,0.0,0.0,0.0
32,32,4096,11008,32768,True,480,4,0.049,0.135,0.055400000000000005,0.051000000000000004,0.018369540005128054,0.025,0.025,0.025,0.025,0.0,0.003,0.003,0.003,0.003,0.0,0.012,0.013000000000000001,0.01295,0.013000000000000001,0.00021794494717703385,0.043000000000000003,0.047,0.04405,0.044,0.0008645808232895282,0.024,0.024,0.024,0.024,0.0,0.004,0.004,0.004,0.004,0.0,0.004,0.004,0.004,0.004,0.0,0.004,0.004,0.004,0.004,0.0,0.0,0.0,0.0,0.0,0.0
32,32,4096,11008,32768,True,472,4,0.05,0.14,0.056100000000000004,0.0505,0.01943682072768075,0.025,0.026000000000000002,0.0251,0.025,0.00030000000000000024,0.003,0.003,0.003,0.003,0.0,0.013000000000000001,0.013000000000000001,0.013000000000000001,0.013000000000000001,0.0,0.043000000000000003,0.047,0.0442,0.044,0.0007483314773547884,0.025,0.025,0.025,0.025,0.0,0.004,0.004,0.004,0.004,0.0,0.004,0.004,0.004,0.004,0.0,0.004,0.004,0.004,0.004,0.0,0.0,0.0,0.0,0.0,0.0
32,32,4096,11008,32768,True,464,4,0.047,0.137,0.05555,0.05,0.0192027992751057,0.025,0.026000000000000002,0.0251,0.025,0.00030000000000000024,0.003,0.003,0.003,0.003,0.0,0.013000000000000001,0.013000000000000001,0.013000000000000001,0.013000000000000001,0.0,0.044,0.047,0.04425,0.044,0.0006982120021884477,0.025,0.025,0.025,0.025,0.0,0.004,0.004,0.004,0.004,0.0,0.004,0.004,0.004,0.004,0.0,0.004,0.004,0.004,0.004,0.0,0.0,0.0,0.0,0.0,0.0
32,32,4096,11008,32768,True,456,4,0.047,0.132,0.0531,0.048,0.018264446337077946,0.025,0.026000000000000002,0.0251,0.025,0.00030000000000000024,0.003,0.003,0.003,0.003,0.0,0.013000000000000001,0.013000000000000001,0.013000000000000001,0.013000000000000001,0.0,0.043000000000000003,0.047,0.0439,0.044,0.0008888194417315576,0.026000000000000002,0.026000000000000002,0.026000000000000002,0.026000000000000002,0.0,0.004,0.004,0.004,0.004,0.0,0.004,0.004,0.004,0.004,0.0,0.004,0.004,0.004,0.004,0.0,0.0,0.0,0.0,0.0,0.0
32,32,4096,11008,32768,True,448,4,0.047,0.131,0.05295,0.048,0.018040163524757753,0.025,0.026000000000000002,0.0251,0.025,0.00030000000000000024,0.003,0.003,0.003,0.003,0.0,0.013000000000000001,0.014,0.01305,0.013000000000000001,0.0002179449471770335,0.044,0.062,0.04575,0.0445,0.0039354161152284775,0.024,0.025,0.0241,0.024,0.00030000000000000024,0.004,0.004,0.004,0.004,0.0,0.004,0.004,0.004,0.004,0.0,0.004,0.004,0.004,0.004,0.0,0.0,0.0,0.0,0.0,0.0
32,32,4096,11008,32768,True,440,4,0.049,0.13,0.05685,0.05,0.018147382731402345,0.025,0.026000000000000002,0.02505,0.025,0.00021794494717703385,0.003,0.003,0.003,0.003,0.0,0.013000000000000001,0.013000000000000001,0.013000000000000001,0.013000000000000001,0.0,0.044,0.06,0.04554999999999999,0.044,0.0035843409436045566,0.024,0.025,0.02425,0.024,0.0004330127018922197,0.004,0.004,0.004,0.004,0.0,0.004,0.004,0.004,0.004,0.0,0.004,0.004,0.004,0.004,0.0,0.0,0.0,0.0,0.0,0.0
32,32,4096,11008,32768,True,432,4,0.044,0.14300000000000002,0.0513,0.046,0.021107107807560945,0.025,0.026000000000000002,0.02505,0.025,0.00021794494717703385,0.003,0.003,0.003,0.003,0.0,0.013000000000000001,0.013000000000000001,0.013000000000000001,0.013000000000000001,0.0,0.044,0.06,0.04575,0.045,0.003547886694921359,0.025,0.027,0.025750000000000002,0.026000000000000002,0.0005361902647381805,0.004,0.004,0.004,0.004,0.0,0.004,0.004,0.004,0.004,0.0,0.004,0.004,0.004,0.004,0.0,0.0,0.0,0.0,0.0,0.0
32,32,4096,11008,32768,True,424,4,0.045,0.126,0.05014999999999999,0.046,0.017513637543354606,0.025,0.026000000000000002,0.02515,0.025,0.00035707142142714284,0.003,0.003,0.003,0.003,0.0,0.013000000000000001,0.014,0.013750000000000002,0.014,0.00043301270189221897,0.044,0.061,0.04615,0.045,0.00422226242670917,0.025,0.026000000000000002,0.0256,0.026000000000000002,0.000489897948556636,0.004,0.004,0.004,0.004,0.0,0.004,0.004,0.004,0.004,0.0,0.004,0.004,0.004,0.004,0.0,0.0,0.0,0.0,0.0,0.0
32,32,4096,11008,32768,True,416,4,0.046,0.138,0.05295,0.0475,0.019696382916667723,0.025,0.025,0.025,0.025,0.0,0.003,0.003,0.003,0.003,0.0,0.013000000000000001,0.013000000000000001,0.013000000000000001,0.013000000000000001,0.0,0.043000000000000003,0.064,0.046049999999999994,0.044,0.004663421490708299,0.026000000000000002,0.027,0.02605,0.026000000000000002,0.00021794494717703312,0.004,0.004,0.004,0.004,0.0,0.004,0.004,0.004,0.004,0.0,0.004,0.004,0.004,0.004,0.0,0.0,0.0,0.0,0.0,0.0
32,32,4096,11008,32768,True,408,4,0.046,0.136,0.0519,0.047,0.019408503291083526,0.025,0.025,0.025,0.025,0.0,0.003,0.003,0.003,0.003,0.0,0.012,0.013000000000000001,0.01265,0.013000000000000001,0.00047696960070847325,0.043000000000000003,0.061,0.045200000000000004,0.044,0.004057092555020159,0.026000000000000002,0.027,0.026500000000000003,0.026500000000000003,0.0004999999999999987,0.004,0.004,0.004,0.004,0.0,0.003,0.004,0.0039,0.004,0.0003,0.003,0.004,0.00395,0.004,0.0002179449471770337,0.0,0.0,0.0,0.0,0.0
32,32,4096,11008,32768,True,400,4,0.046,0.14100000000000001,0.0536,0.048,0.020276587484091106,0.025,0.025,0.025,0.025,0.0,0.003,0.003,0.003,0.003,0.0,0.013000000000000001,0.013000000000000001,0.013000000000000001,0.013000000000000001,0.0,0.043000000000000003,0.061,0.0454,0.044,0.0038910152916687437,0.026000000000000002,0.028,0.0269,0.027,0.0004358898943540667,0.004,0.004,0.004,0.004,0.0,0.003,0.004,0.0035000000000000005,0.0035,0.0005,0.003,0.004,0.0035000000000000005,0.0035,0.0005,0.0,0.0,0.0,0.0,0.0
32,32,4096,11008,32768,True,392,4,0.043000000000000003,0.136,0.0496,0.045,0.01994592690250318,0.025,0.026000000000000002,0.0251,0.025,0.00030000000000000024,0.002,0.003,0.00205,0.002,0.0002179449471770337,0.013000000000000001,0.014,0.013250000000000001,0.013000000000000001,0.00043301270189221897,0.043000000000000003,0.061,0.0451,0.044,0.003948417404479926,0.027,0.028,0.027250000000000003,0.027,0.0004330127018922197,0.003,0.003,0.003,0.003,0.0,0.003,0.003,0.003,0.003,0.0,0.003,0.003,0.003,0.003,0.0,0.0,0.0,0.0,0.0,0.0
32,32,4096,11008,32768,True,384,4,0.044,0.122,0.0496,0.045,0.016716458955173492,0.025,0.026000000000000002,0.0252,0.025,0.00040000000000000034,0.002,0.002,0.002,0.002,0.0,0.01,0.011,0.0106,0.011,0.0004898979485566352,0.037,0.038,0.0371,0.037,0.00030000000000000024,0.019,0.019,0.019,0.019,0.0,0.003,0.003,0.003,0.003,0.0,0.003,0.003,0.003,0.003,0.0,0.003,0.003,0.003,0.003,0.0,0.0,0.0,0.0,0.0,0.0
32,32,4096,11008,32768,True,376,4,0.042,0.123,0.048549999999999996,0.044,0.017185677176067286,0.024,0.025,0.02405,0.024,0.00021794494717703385,0.002,0.002,0.002,0.002,0.0,0.01,0.011,0.010499999999999999,0.010499999999999999,0.0004999999999999996,0.037,0.038,0.0377,0.038,0.0004582575694955844,0.019,0.019,0.019,0.019,0.0,0.003,0.003,0.003,0.003,0.0,0.003,0.003,0.003,0.003,0.0,0.003,0.003,0.003,0.003,0.0,0.0,0.0,0.0,0.0,0.0
32,32,4096,11008,32768,True,368,4,0.045,0.135,0.05255,0.047,0.019114065501614253,0.024,0.025,0.02405,0.024,0.00021794494717703385,0.002,0.003,0.00205,0.002,0.0002179449471770337,0.01,0.011,0.010499999999999999,0.010499999999999999,0.0004999999999999996,0.039,0.04,0.0398,0.04,0.00040000000000000034,0.019,0.02,0.01905,0.019,0.00021794494717703385,0.003,0.003,0.003,0.003,0.0,0.003,0.003,0.003,0.003,0.0,0.003,0.003,0.003,0.003,0.0,0.0,0.0,0.0,0.0,0.0
32,32,4096,11008,32768,True,360,4,0.042,0.126,0.04805,0.043000000000000003,0.017990205668640923,0.024,0.025,0.02405,0.024,0.00021794494717703385,0.002,0.003,0.00205,0.002,0.0002179449471770337,0.01,0.011,0.0104,0.01,0.0004898979485566352,0.036000000000000004,0.037,0.03695,0.037,0.00021794494717703236,0.019,0.02,0.01905,0.019,0.00021794494717703385,0.003,0.003,0.003,0.003,0.0,0.003,0.003,0.003,0.003,0.0,0.003,0.003,0.003,0.003,0.0,0.0,0.0,0.0,0.0,0.0
32,32,4096,11008,32768,True,352,4,0.042,0.126,0.04945000000000001,0.043000000000000003,0.01809274716564624,0.024,0.025,0.02405,0.024,0.00021794494717703385,0.002,0.002,0.002,0.002,0.0,0.01,0.012,0.01075,0.011,0.0005361902647381801,0.036000000000000004,0.037,0.03655,0.037,0.0004974937185533069,0.019,0.019,0.019,0.019,0.0,0.003,0.003,0.003,0.003,0.0,0.003,0.003,0.003,0.003,0.0,0.003,0.003,0.003,0.003,0.0,0.0,0.0,0.0,0.0,0.0
32,32,4096,11008,32768,True,344,4,0.043000000000000003,0.129,0.04885,0.044,0.018585679971418856,0.024,0.024,0.024,0.024,0.0,0.002,0.003,0.00205,0.002,0.0002179449471770337,0.01,0.011,0.010499999999999999,0.010499999999999999,0.0004999999999999996,0.037,0.037,0.037,0.037,0.0,0.019,0.019,0.019,0.019,0.0,0.003,0.003,0.003,0.003,0.0,0.003,0.003,0.003,0.003,0.0,0.003,0.003,0.003,0.003,0.0,0.0,0.0,0.0,0.0,0.0
32,32,4096,11008,32768,True,336,4,0.043000000000000003,0.126,0.0504,0.045,0.01791200714604592,0.024,0.025,0.02405,0.024,0.00021794494717703385,0.002,0.003,0.00205,0.002,0.0002179449471770337,0.01,0.012,0.01085,0.011,0.0004769696007084726,0.038,0.039,0.03805,0.038,0.00021794494717703385,0.019,0.02,0.01905,0.019,0.00021794494717703385,0.003,0.003,0.003,0.003,0.0,0.003,0.003,0.003,0.003,0.0,0.003,0.003,0.003,0.003,0.0,0.0,0.0,0.0,0.0,0.0
32,32,4096,11008,32768,True,328,4,0.049,0.14200000000000002,0.05495,0.05,0.020048628382011578,0.024,0.025,0.02405,0.024,0.00021794494717703385,0.002,0.002,0.002,0.002,0.0,0.01,0.012,0.01055,0.010499999999999999,0.0005894913061275795,0.039,0.04,0.03905,0.039,0.00021794494717703385,0.019,0.019,0.019,0.019,0.0,0.003,0.003,0.003,0.003,0.0,0.003,0.003,0.003,0.003,0.0,0.003,0.003,0.003,0.003,0.0,0.0,0.0,0.0,0.0,0.0
32,32,4096,11008,32768,True,320,4,0.045,0.13,0.053149999999999996,0.048,0.018172162777171024,0.023,0.024,0.023049999999999998,0.023,0.00021794494717703385,0.002,0.002,0.002,0.002,0.0,0.01,0.011,0.0108,0.011,0.0003999999999999997,0.04,0.04,0.04,0.04,0.0,0.019,0.019,0.019,0.019,0.0,0.003,0.003,0.003,0.003,0.0,0.003,0.003,0.003,0.003,0.0,0.003,0.003,0.003,0.003,0.0,0.0,0.0,0.0,0.0,0.0
32,32,4096,11008,32768,True,312,4,0.043000000000000003,0.126,0.04925,0.045,0.017778849794067107,0.022,0.024,0.022449999999999998,0.022,0.0005894913061275804,0.002,0.003,0.00205,0.002,0.0002179449471770337,0.01,0.012,0.0109,0.011,0.0004358898943540672,0.041,0.041,0.041,0.041,0.0,0.019,0.019,0.019,0.019,0.0,0.003,0.003,0.003,0.003,0.0,0.003,0.003,0.003,0.003,0.0,0.003,0.003,0.003,0.003,0.0,0.0,0.0,0.0,0.0,0.0
32,32,4096,11008,32768,True,304,4,0.042,0.125,0.04775,0.043000000000000003,0.01786022116324431,0.023,0.023,0.023,0.023,0.0,0.002,0.003,0.00205,0.002,0.0002179449471770337,0.01,0.012,0.011,0.011,0.00031622776601683794,0.039,0.04,0.0395,0.0395,0.0005000000000000004,0.019,0.019,0.019,0.019,0.0,0.003,0.003,0.003,0.003,0.0,0.003,0.003,0.003,0.003,0.0,0.003,0.003,0.003,0.003,0.0,0.0,0.0,0.0,0.0,0.0
32,32,4096,11008,32768,True,296,4,0.043000000000000003,0.138,0.0502,0.0445,0.020534361446122452,0.023,0.024,0.023049999999999998,0.023,0.00021794494717703385,0.002,0.002,0.002,0.002,0.0,0.01,0.012,0.0108,0.011,0.0005099019513592782,0.042,0.043000000000000003,0.04225,0.042,0.0004330127018922197,0.019,0.019,0.019,0.019,0.0,0.003,0.003,0.003,0.003,0.0,0.003,0.003,0.003,0.003,0.0,0.003,0.003,0.003,0.003,0.0,0.0,0.0,0.0,0.0,0.0
32,32,4096,11008,32768,True,288,4,0.044,0.131,0.05084999999999999,0.046,0.018545282418987317,0.023,0.024,0.023049999999999998,0.023,0.00021794494717703385,0.002,0.002,0.002,0.002,0.0,0.01,0.011,0.010499999999999999,0.010499999999999999,0.0004999999999999996,0.041,0.042,0.041150000000000006,0.041,0.00035707142142714284,0.019,0.019,0.019,0.019,0.0,0.003,0.003,0.003,0.003,0.0,0.003,0.003,0.003,0.003,0.0,0.003,0.003,0.003,0.003,0.0,0.0,0.0,0.0,0.0,0.0
32,32,4096,11008,32768,True,280,4,0.042,0.129,0.048600000000000004,0.043000000000000003,0.01875473273603226,0.023,0.025,0.0231,0.023,0.0004358898943540677,0.002,0.002,0.002,0.002,0.0,0.01,0.011,0.01075,0.011,0.00043301270189221897,0.041,0.042,0.04125,0.041,0.0004330127018922197,0.019,0.019,0.019,0.019,0.0,0.003,0.003,0.003,0.003,0.0,0.003,0.003,0.003,0.003,0.0,0.003,0.003,0.003,0.003,0.0,0.0,0.0,0.0,0.0,0.0
32,32,4096,11008,32768,True,272,4,0.041,0.12,0.0466,0.042,0.016945205811674285,0.029,0.03,0.029100000000000004,0.029,0.0002999999999999992,0.002,0.002,0.002,0.002,0.0,0.01,0.011,0.0106,0.011,0.0004898979485566352,0.045,0.065,0.04765,0.046,0.004315958757912314,0.019,0.019,0.019,0.019,0.0,0.003,0.003,0.003,0.003,0.0,0.003,0.003,0.003,0.003,0.0,0.003,0.003,0.003,0.003,0.0,0.0,0.0,0.0,0.0,0.0
32,32,4096,11008,32768,True,264,4,0.046,0.147,0.05345,0.048,0.021652886643586344,0.03,0.03,0.03,0.03,0.0,0.002,0.002,0.002,0.002,0.0,0.01,0.011,0.01085,0.011,0.0003570714214271422,0.044,0.065,0.0469,0.0455,0.004482186966202995,0.019,0.02,0.01905,0.019,0.00021794494717703385,0.002,0.002,0.002,0.002,0.0,0.003,0.003,0.003,0.003,0.0,0.003,0.003,0.003,0.003,0.0,0.0,0.0,0.0,0.0,0.0
32,32,4096,11008,32768,True,256,4,0.047,0.138,0.05295,0.048,0.019604782579768644,0.015,0.015,0.015,0.015,0.0,0.002,0.002,0.002,0.002,0.0,0.008,0.008,0.008,0.008,0.0,0.027,0.028,0.027100000000000003,0.027,0.00030000000000000024,0.014,0.015,0.014050000000000002,0.014,0.0002179449471770335,0.002,0.002,0.002,0.002,0.0,0.003,0.003,0.003,0.003,0.0,0.003,0.003,0.003,0.003,0.0,0.0,0.0,0.0,0.0,0.0
32,32,4096,11008,32768,True,248,4,0.047,0.131,0.053700000000000005,0.048,0.017947423213375228,0.015,0.016,0.01505,0.015,0.00021794494717703385,0.002,0.002,0.002,0.002,0.0,0.008,0.008,0.008,0.008,0.0,0.027,0.028,0.02705,0.027,0.00021794494717703385,0.014,0.015,0.014249999999999999,0.014,0.00043301270189221897,0.002,0.002,0.002,0.002,0.0,0.003,0.003,0.003,0.003,0.0,0.003,0.003,0.003,0.003,0.0,0.0,0.0,0.0,0.0,0.0
32,32,4096,11008,32768,True,240,4,0.042,0.129,0.05045000000000001,0.043000000000000003,0.01895910071706989,0.015,0.015,0.015,0.015,0.0,0.002,0.002,0.002,0.002,0.0,0.008,0.008,0.008,0.008,0.0,0.027,0.028,0.02715,0.027,0.00035707142142714284,0.015,0.015,0.015,0.015,0.0,0.002,0.002,0.002,0.002,0.0,0.002,0.003,0.00275,0.003,0.00043301270189221935,0.002,0.003,0.0029500000000000004,0.003,0.0002179449471770337,0.0,0.0,0.0,0.0,0.0
32,32,4096,11008,32768,True,232,4,0.041,0.13,0.047200000000000006,0.042,0.01923954261410598,0.015,0.015,0.015,0.015,0.0,0.002,0.002,0.002,0.002,0.0,0.008,0.009000000000000001,0.00805,0.008,0.00021794494717703385,0.027,0.028,0.027250000000000003,0.027,0.0004330127018922197,0.016,0.016,0.016,0.016,0.0,0.002,0.002,0.002,0.002,0.0,0.003,0.003,0.003,0.003,0.0,0.003,0.003,0.003,0.003,0.0,0.0,0.0,0.0,0.0,0.0
32,32,4096,11008,32768,True,224,4,0.04,0.126,0.0463,0.042,0.018417654573804995,0.015,0.015,0.015,0.015,0.0,0.002,0.002,0.002,0.002,0.0,0.009000000000000001,0.009000000000000001,0.009000000000000001,0.009000000000000001,0.0,0.026000000000000002,0.027,0.026350000000000002,0.026000000000000002,0.0004769696007084716,0.016,0.017,0.01635,0.016,0.00047696960070847325,0.002,0.002,0.002,0.002,0.0,0.002,0.003,0.0029000000000000002,0.003,0.0003,0.002,0.003,0.0029500000000000004,0.003,0.0002179449471770337,0.0,0.0,0.0,0.0,0.0
32,32,4096,11008,32768,True,216,4,0.041,0.125,0.04735,0.042,0.01798687021135139,0.015,0.015,0.015,0.015,0.0,0.002,0.002,0.002,0.002,0.0,0.009000000000000001,0.009000000000000001,0.009000000000000001,0.009000000000000001,0.0,0.026000000000000002,0.027,0.026350000000000002,0.026000000000000002,0.0004769696007084716,0.017,0.018000000000000002,0.017050000000000003,0.017,0.00021794494717703385,0.002,0.002,0.002,0.002,0.0,0.002,0.003,0.0028,0.003,0.0004,0.002,0.003,0.00285,0.003,0.0003570714214271425,0.0,0.0,0.0,0.0,0.0
32,32,4096,11008,32768,True,208,4,0.042,0.121,0.047450000000000006,0.043000000000000003,0.01699845581222012,0.015,0.015,0.015,0.015,0.0,0.002,0.002,0.002,0.002,0.0,0.009000000000000001,0.01,0.009200000000000002,0.009000000000000001,0.0003999999999999997,0.026000000000000002,0.027,0.02645,0.026000000000000002,0.0004974937185533088,0.018000000000000002,0.019,0.018050000000000004,0.018000000000000002,0.00021794494717703312,0.002,0.002,0.002,0.002,0.0,0.002,0.003,0.00245,0.002,0.00049749371855331,0.002,0.003,0.00245,0.002,0.00049749371855331,0.0,0.0,0.0,0.0,0.0
32,32,4096,11008,32768,True,200,4,0.041,0.125,0.046450000000000005,0.0415,0.018189213836777005,0.015,0.015,0.015,0.015,0.0,0.002,0.002,0.002,0.002,0.0,0.01,0.01,0.01,0.01,0.0,0.026000000000000002,0.027,0.026500000000000003,0.026500000000000003,0.0004999999999999987,0.018000000000000002,0.019,0.018050000000000004,0.018000000000000002,0.00021794494717703312,0.002,0.002,0.002,0.002,0.0,0.002,0.003,0.00245,0.002,0.00049749371855331,0.002,0.003,0.0027,0.003,0.000458257569495584,0.0,0.0,0.0,0.0,0.0
32,32,4096,11008,32768,True,192,4,0.044,0.138,0.05084999999999999,0.046,0.020125295028893368,0.015,0.015,0.015,0.015,0.0,0.002,0.002,0.002,0.002,0.0,0.008,0.008,0.008,0.008,0.0,0.026000000000000002,0.027,0.026250000000000002,0.026000000000000002,0.0004330127018922182,0.012,0.012,0.012,0.012,0.0,0.002,0.002,0.002,0.002,0.0,0.002,0.003,0.0021000000000000003,0.002,0.0003,0.002,0.003,0.0023,0.002,0.000458257569495584,0.0,0.0,0.0,0.0,0.0
32,32,4096,11008,32768,True,184,4,0.047,0.14200000000000002,0.05445,0.049,0.02024716029471788,0.015,0.015,0.015,0.015,0.0,0.002,0.002,0.002,0.002,0.0,0.008,0.008,0.008,0.008,0.0,0.026000000000000002,0.027,0.02615,0.026000000000000002,0.0003570714214271416,0.012,0.012,0.012,0.012,0.0,0.002,0.002,0.002,0.002,0.0,0.002,0.003,0.00225,0.002,0.00043301270189221935,0.002,0.003,0.0021999999999999997,0.002,0.0004,0.0,0.0,0.0,0.0,0.0
32,32,4096,11008,32768,True,176,4,0.046,0.132,0.0531,0.049,0.01824527336051724,0.015,0.015,0.015,0.015,0.0,0.002,0.002,0.002,0.002,0.0,0.008,0.008,0.008,0.008,0.0,0.026000000000000002,0.027,0.02645,0.026000000000000002,0.0004974937185533088,0.012,0.012,0.012,0.012,0.0,0.002,0.002,0.002,0.002,0.0,0.002,0.003,0.0023,0.002,0.000458257569495584,0.002,0.003,0.00225,0.002,0.00043301270189221935,0.0,0.0,0.0,0.0,0.0
32,32,4096,11008,32768,True,168,4,0.045,0.13,0.051449999999999996,0.047,0.01815068869216813,0.014,0.015,0.014050000000000002,0.014,0.0002179449471770335,0.002,0.002,0.002,0.002,0.0,0.008,0.008,0.008,0.008,0.0,0.026000000000000002,0.027,0.0262,0.026000000000000002,0.000399999999999999,0.013000000000000001,0.013000000000000001,0.013000000000000001,0.013000000000000001,0.0,0.002,0.002,0.002,0.002,0.0,0.002,0.003,0.0023,0.002,0.000458257569495584,0.002,0.003,0.00205,0.002,0.0002179449471770337,0.0,0.0,0.0,0.0,0.0
32,32,4096,11008,32768,True,160,4,0.041,0.135,0.04875,0.042,0.020663675858859188,0.014,0.015,0.014150000000000001,0.014,0.0003570714214271422,0.002,0.002,0.002,0.002,0.0,0.008,0.008,0.008,0.008,0.0,0.031,0.047,0.0327,0.032,0.0034655446902326914,0.013000000000000001,0.014,0.01305,0.013000000000000001,0.0002179449471770335,0.002,0.002,0.002,0.002,0.0,0.002,0.003,0.00215,0.002,0.0003570714214271425,0.002,0.003,0.00205,0.002,0.0002179449471770337,0.0,0.0,0.0,0.0,0.0
32,32,4096,11008,32768,True,152,4,0.045,0.135,0.052349999999999994,0.0465,0.019350129198535085,0.014,0.015,0.014050000000000002,0.014,0.0002179449471770335,0.002,0.002,0.002,0.002,0.0,0.008,0.008,0.008,0.008,0.0,0.029,0.048,0.03165,0.0305,0.003990927210561476,0.013000000000000001,0.013000000000000001,0.013000000000000001,0.013000000000000001,0.0,0.002,0.002,0.002,0.002,0.0,0.002,0.002,0.002,0.002,0.0,0.002,0.002,0.002,0.002,0.0,0.0,0.0,0.0,0.0,0.0
32,32,4096,11008,32768,True,144,4,0.044,0.13,0.0514,0.046,0.018478095139921758,0.014,0.014,0.014000000000000002,0.014,0.0,0.002,0.002,0.002,0.002,0.0,0.008,0.008,0.008,0.008,0.0,0.029,0.046,0.0316,0.03,0.0036660605559646724,0.013000000000000001,0.013000000000000001,0.013000000000000001,0.013000000000000001,0.0,0.002,0.002,0.002,0.002,0.0,0.002,0.002,0.002,0.002,0.0,0.002,0.003,0.0021000000000000003,0.002,0.0003,0.0,0.0,0.0,0.0,0.0
32,32,4096,11008,32768,True,136,4,0.04,0.126,0.046400000000000004,0.041,0.018491619723539635,0.014,0.014,0.014000000000000002,0.014,0.0,0.002,0.002,0.002,0.002,0.0,0.008,0.008,0.008,0.008,0.0,0.03,0.046,0.0315,0.0305,0.0034713109915419566,0.013000000000000001,0.014,0.01305,0.013000000000000001,0.0002179449471770335,0.002,0.002,0.002,0.002,0.0,0.002,0.002,0.002,0.002,0.0,0.002,0.002,0.002,0.002,0.0,0.0,0.0,0.0,0.0,0.0
32,32,4096,11008,32768,True,128,4,0.04,0.11900000000000001,0.04585,0.041,0.016909390881992174,0.011,0.012,0.011049999999999999,0.011,0.00021794494717703385,0.001,0.002,0.00165,0.002,0.00047696960070847287,0.007,0.007,0.007000000000000001,0.007,0.0,0.021,0.022,0.0219,0.022,0.0002999999999999992,0.011,0.011,0.011,0.011,0.0,0.002,0.002,0.002,0.002,0.0,0.002,0.002,0.002,0.002,0.0,0.002,0.002,0.002,0.002,0.0,0.0,0.0,0.0,0.0,0.0
32,32,4096,11008,32768,True,120,4,0.042,0.136,0.050350000000000006,0.0445,0.019955638300991528,0.011,0.012,0.011049999999999999,0.011,0.00021794494717703385,0.001,0.002,0.0010500000000000002,0.001,0.0002179449471770337,0.006,0.007,0.00605,0.006,0.0002179449471770337,0.021,0.022,0.021050000000000003,0.021,0.00021794494717703312,0.01,0.01,0.01,0.01,0.0,0.002,0.002,0.002,0.002,0.0,0.002,0.002,0.002,0.002,0.0,0.002,0.002,0.002,0.002,0.0,0.0,0.0,0.0,0.0,0.0
32,32,4096,11008,32768,True,112,4,0.042,0.123,0.04815,0.044,0.017306862800634894,0.013000000000000001,0.013000000000000001,0.013000000000000001,0.013000000000000001,0.0,0.001,0.001,0.001,0.001,0.0,0.006,0.006,0.006,0.006,0.0,0.021,0.022,0.021050000000000003,0.021,0.00021794494717703312,0.01,0.011,0.01005,0.01,0.0002179449471770335,0.002,0.002,0.002,0.002,0.0,0.002,0.002,0.002,0.002,0.0,0.002,0.002,0.002,0.002,0.0,0.0,0.0,0.0,0.0,0.0
32,32,4096,11008,32768,True,104,4,0.045,0.132,0.051649999999999995,0.047,0.01857222388406946,0.013000000000000001,0.014,0.01305,0.013000000000000001,0.0002179449471770335,0.001,0.001,0.001,0.001,0.0,0.006,0.006,0.006,0.006,0.0,0.02,0.022,0.021050000000000003,0.021,0.0003840572873934299,0.01,0.011,0.010150000000000001,0.01,0.0003570714214271422,0.002,0.002,0.002,0.002,0.0,0.002,0.002,0.002,0.002,0.0,0.002,0.002,0.002,0.002,0.0,0.0,0.0,0.0,0.0,0.0
32,32,4096,11008,32768,True,96,4,0.043000000000000003,0.122,0.04795,0.044,0.017080617670330308,0.014,0.014,0.014000000000000002,0.014,0.0,0.001,0.001,0.001,0.001,0.0,0.007,0.007,0.007000000000000001,0.007,0.0,0.021,0.022,0.021050000000000003,0.021,0.00021794494717703312,0.011,0.011,0.011,0.011,0.0,0.002,0.002,0.002,0.002,0.0,0.002,0.002,0.002,0.002,0.0,0.002,0.002,0.002,0.002,0.0,0.0,0.0,0.0,0.0,0.0
32,32,4096,11008,32768,True,88,4,0.041,0.12,0.0499,0.0465,0.016397865714781298,0.013000000000000001,0.013000000000000001,0.013000000000000001,0.013000000000000001,0.0,0.001,0.001,0.001,0.001,0.0,0.007,0.007,0.007000000000000001,0.007,0.0,0.02,0.022,0.020950000000000003,0.021,0.0003840572873934303,0.011,0.011,0.011,0.011,0.0,0.001,0.002,0.0019,0.002,0.0003,0.002,0.002,0.002,0.002,0.0,0.002,0.002,0.002,0.002,0.0,0.0,0.0,0.0,0.0,0.0
32,32,4096,11008,32768,True,80,4,0.04,0.123,0.046,0.041,0.01779887636902959,0.014,0.015,0.014100000000000001,0.014,0.00029999999999999976,0.001,0.001,0.001,0.001,0.0,0.007,0.007,0.007000000000000001,0.007,0.0,0.02,0.021,0.02075,0.021,0.0004330127018922197,0.011,0.011,0.011,0.011,0.0,0.001,0.002,0.0017000000000000001,0.002,0.000458257569495584,0.002,0.002,0.002,0.002,0.0,0.002,0.002,0.002,0.002,0.0,0.0,0.0,0.0,0.0,0.0
32,32,4096,11008,32768,True,72,4,0.04,0.12,0.045950000000000005,0.041,0.01727852713630418,0.014,0.014,0.014000000000000002,0.014,0.0,0.001,0.001,0.001,0.001,0.0,0.007,0.007,0.007000000000000001,0.007,0.0,0.02,0.021,0.020550000000000002,0.021,0.0004974937185533104,0.011,0.011,0.011,0.011,0.0,0.001,0.002,0.0016,0.002,0.0004898979485566357,0.002,0.002,0.002,0.002,0.0,0.002,0.002,0.002,0.002,0.0,0.0,0.0,0.0,0.0,0.0
32,32,4096,11008,32768,True,64,4,0.042,0.121,0.04935,0.046,0.01658696777593783,0.011,0.015,0.011699999999999999,0.012,0.0009000000000000002,0.001,0.001,0.001,0.001,0.0,0.005,0.005,0.005,0.005,0.0,0.019,0.02,0.0196,0.02,0.000489897948556636,0.009000000000000001,0.01,0.0094,0.009000000000000001,0.0004898979485566352,0.001,0.002,0.0014,0.001,0.0004898979485566357,0.002,0.002,0.002,0.002,0.0,0.002,0.002,0.002,0.002,0.0,0.0,0.0,0.0,0.0,0.0
32,32,4096,11008,32768,True,56,4,0.041,0.134,0.048350000000000004,0.043000000000000003,0.01993056697638078,0.011,0.015,0.011649999999999999,0.0115,0.0009096702699330128,0.001,0.001,0.001,0.001,0.0,0.005,0.006,0.0053,0.005,0.000458257569495584,0.019,0.02,0.0194,0.019,0.000489897948556636,0.01,0.01,0.01,0.01,0.0,0.001,0.002,0.0015,0.0015,0.0005,0.002,0.002,0.002,0.002,0.0,0.002,0.002,0.002,0.002,0.0,0.0,0.0,0.0,0.0,0.0
32,32,4096,11008,32768,True,48,4,0.041,0.127,0.0495,0.0465,0.017973591738993072,0.011,0.014,0.011649999999999999,0.012,0.0007262919523166979,0.001,0.001,0.001,0.001,0.0,0.006,0.006,0.006,0.006,0.0,0.019,0.02,0.01925,0.019,0.0004330127018922197,0.009000000000000001,0.009000000000000001,0.009000000000000001,0.009000000000000001,0.0,0.001,0.002,0.0014500000000000001,0.001,0.00049749371855331,0.002,0.002,0.002,0.002,0.0,0.002,0.002,0.002,0.002,0.0,0.0,0.0,0.0,0.0,0.0
32,32,4096,11008,32768,True,40,4,0.048,0.139,0.05625,0.049,0.020593384860192365,0.011,0.015,0.0113,0.011,0.0009000000000000001,0.001,0.001,0.001,0.001,0.0,0.006,0.006,0.006,0.006,0.0,0.019,0.02,0.01925,0.019,0.0004330127018922197,0.01,0.01,0.01,0.01,0.0,0.001,0.002,0.0010999999999999998,0.001,0.0003,0.002,0.002,0.002,0.002,0.0,0.002,0.002,0.002,0.002,0.0,0.0,0.0,0.0,0.0,0.0
32,32,4096,11008,32768,True,32,4,0.045,0.135,0.05155,0.047,0.019247012755230358,0.009000000000000001,0.009000000000000001,0.009000000000000001,0.009000000000000001,0.0,0.001,0.001,0.001,0.001,0.0,0.004,0.004,0.004,0.004,0.0,0.022,0.024,0.023049999999999998,0.023,0.00038405728739343076,0.007,0.007,0.007000000000000001,0.007,0.0,0.001,0.002,0.00115,0.001,0.0003570714214271425,0.002,0.002,0.002,0.002,0.0,0.002,0.002,0.002,0.002,0.0,0.0,0.0,0.0,0.0,0.0
32,32,4096,11008,32768,True,24,4,0.046,0.139,0.05635,0.048,0.022532809412055127,0.009000000000000001,0.009000000000000001,0.009000000000000001,0.009000000000000001,0.0,0.001,0.001,0.001,0.001,0.0,0.004,0.004,0.004,0.004,0.0,0.022,0.024,0.022799999999999997,0.023,0.000509901951359279,0.006,0.007,0.0069500000000000004,0.007,0.0002179449471770337,0.001,0.002,0.00115,0.001,0.0003570714214271425,0.002,0.002,0.002,0.002,0.0,0.002,0.002,0.002,0.002,0.0,0.0,0.0,0.0,0.0,0.0
32,32,4096,11008,32768,True,16,4,0.045,0.134,0.051000000000000004,0.046,0.01914941252362589,0.009000000000000001,0.009000000000000001,0.009000000000000001,0.009000000000000001,0.0,0.001,0.001,0.001,0.001,0.0,0.004,0.004,0.004,0.004,0.0,0.019,0.019,0.019,0.019,0.0,0.007,0.007,0.007000000000000001,0.007,0.0,0.001,0.001,0.001,0.001,0.0,0.002,0.002,0.002,0.002,0.0,0.002,0.002,0.002,0.002,0.0,0.0,0.0,0.0,0.0,0.0
32,32,4096,11008,32768,True,8,4,0.047,0.14100000000000001,0.0539,0.049,0.020109450514621232,0.009000000000000001,0.01,0.009150000000000002,0.009000000000000001,0.0003570714214271422,0.001,0.001,0.001,0.001,0.0,0.004,0.004,0.004,0.004,0.0,0.019,0.02,0.01905,0.019,0.00021794494717703385,0.007,0.007,0.007000000000000001,0.007,0.0,0.001,0.001,0.001,0.001,0.0,0.002,0.002,0.002,0.002,0.0,0.002,0.002,0.002,0.002,0.0,0.0,0.0,0.0,0.0,0.0
32,32,4096,11008,32768,True,4,4,0.047,0.136,0.055600000000000004,0.048,0.01969873092358998,0.01,0.01,0.01,0.01,0.0,0.001,0.001,0.001,0.001,0.0,0.004,0.004,0.004,0.004,0.0,0.019,0.019,0.019,0.019,0.0,0.007,0.007,0.007000000000000001,0.007,0.0,0.001,0.001,0.001,0.001,0.0,0.002,0.002,0.002,0.002,0.0,0.002,0.002,0.002,0.002,0.0,0.0,0.0,0.0,0.0,0.0
32,32,4096,11008,32768,True,2,4,0.048,0.164,0.05575,0.049,0.025129415034974453,0.01,0.01,0.01,0.01,0.0,0.001,0.001,0.001,0.001,0.0,0.004,0.004,0.004,0.004,0.0,0.018000000000000002,0.02,0.019,0.019,0.00031622776601683767,0.007,0.007,0.007000000000000001,0.007,0.0,0.001,0.001,0.001,0.001,0.0,0.002,0.002,0.002,0.002,0.0,0.002,0.002,0.002,0.002,0.0,0.0,0.0,0.0,0.0,0.0
32,32,4096,11008,32768,True,1,4,0.045,0.137,0.0519,0.047,0.01976587969203496,0.01,0.01,0.01,0.01,0.0,0.001,0.001,0.001,0.001,0.0,0.004,0.004,0.004,0.004,0.0,0.018000000000000002,0.019,0.01875,0.019,0.0004330127018922182,0.007,0.007,0.007000000000000001,0.007,0.0,0.001,0.001,0.001,0.001,0.0,0.002,0.002,0.002,0.002,0.0,0.002,0.002,0.002,0.002,0.0,0.0,0.0,0.0,0.0,0.0
