n_head,n_kv_head,n_embd,n_expanded_embd,vocab_size,use_gated_mlp,num_tokens,num_tensor_parallel_workers,time_stats.emb.min,time_stats.emb.max,time_stats.emb.mean,time_stats.emb.median,time_stats.emb.std,time_stats.attn_pre_proj.min,time_stats.attn_pre_proj.max,time_stats.attn_pre_proj.mean,time_stats.attn_pre_proj.median,time_stats.attn_pre_proj.std,time_stats.attn_rope.min,time_stats.attn_rope.max,time_stats.attn_rope.mean,time_stats.attn_rope.median,time_stats.attn_rope.std,time_stats.attn_post_proj.min,time_stats.attn_post_proj.max,time_stats.attn_post_proj.mean,time_stats.attn_post_proj.median,time_stats.attn_post_proj.std,time_stats.mlp_up_proj.min,time_stats.mlp_up_proj.max,time_stats.mlp_up_proj.mean,time_stats.mlp_up_proj.median,time_stats.mlp_up_proj.std,time_stats.mlp_down_proj.min,time_stats.mlp_down_proj.max,time_stats.mlp_down_proj.mean,time_stats.mlp_down_proj.median,time_stats.mlp_down_proj.std,time_stats.mlp_act.min,time_stats.mlp_act.max,time_stats.mlp_act.mean,time_stats.mlp_act.median,time_stats.mlp_act.std,time_stats.input_layernorm.min,time_stats.input_layernorm.max,time_stats.input_layernorm.mean,time_stats.input_layernorm.median,time_stats.input_layernorm.std,time_stats.post_attention_layernorm.min,time_stats.post_attention_layernorm.max,time_stats.post_attention_layernorm.mean,time_stats.post_attention_layernorm.median,time_stats.post_attention_layernorm.std,time_stats.add.min,time_stats.add.max,time_stats.add.mean,time_stats.add.median,time_stats.add.std
32,32,4096,11008,32768,True,4096,2,0.152,0.309,0.16355,0.153,0.03530931180297911,0.28300000000000003,0.306,0.28905000000000003,0.28800000000000003,0.0041167341424969296,0.034,0.035,0.03495,0.035,0.00021794494717703385,0.101,0.134,0.10425,0.10200000000000001,0.007133547504573023,0.516,0.531,0.5182,0.518,0.003091924966748064,0.249,0.281,0.25405,0.253,0.006344091739563676,0.07200000000000001,0.073,0.07289999999999999,0.073,0.00029999999999999607,0.023,0.024,0.023299999999999998,0.023,0.0004582575694955844,0.023,0.024,0.023399999999999997,0.023,0.000489897948556636,0.0,0.0,0.0,0.0,0.0
32,32,4096,11008,32768,True,4096,2,0.153,0.253,0.1603,0.155,0.021291077943589424,0.28700000000000003,0.312,0.29225,0.292,0.0047420986915078026,0.034,0.035,0.0345,0.0345,0.0005000000000000004,0.101,0.124,0.1036,0.10200000000000001,0.005043808085167394,0.518,0.531,0.5196500000000001,0.519,0.0026884010117540153,0.248,0.271,0.2535,0.253,0.004236744032862976,0.074,0.076,0.075,0.075,0.0003162277660168382,0.024,0.025,0.0246,0.025,0.000489897948556636,0.023,0.024,0.023899999999999998,0.024,0.00030000000000000024,0.0,0.0,0.0,0.0,0.0
32,32,4096,11008,32768,True,4064,2,0.15,0.265,0.1587,0.153,0.0245847513715311,0.28600000000000003,0.311,0.2908,0.29,0.004802082881417186,0.034,0.036000000000000004,0.035,0.035,0.0003162277660168382,0.095,0.11800000000000001,0.0973,0.096,0.005050742519669758,0.517,0.53,0.51895,0.518,0.0026358110706194426,0.266,0.304,0.2712,0.27,0.007762731478030136,0.076,0.077,0.07685,0.077,0.00035707142142714284,0.026000000000000002,0.026000000000000002,0.026000000000000002,0.026000000000000002,0.0,0.026000000000000002,0.027,0.02605,0.026000000000000002,0.00021794494717703312,0.0,0.0,0.0,0.0,0.0
32,32,4096,11008,32768,True,4032,2,0.151,0.248,0.15775,0.153,0.020801141795584205,0.28400000000000003,0.31,0.28985,0.289,0.004809105946015325,0.033,0.034,0.03325,0.033,0.0004330127018922197,0.101,0.125,0.10375000000000001,0.10200000000000001,0.0052428522771483825,0.516,0.533,0.5184,0.518,0.003426368339802366,0.245,0.272,0.25234999999999996,0.252,0.004860812689252697,0.07200000000000001,0.073,0.07205,0.07200000000000001,0.00021794494717703084,0.022,0.024,0.022949999999999998,0.023,0.00038405728739343076,0.023,0.024,0.023049999999999998,0.023,0.00021794494717703385,0.0,0.0,0.0,0.0,0.0
32,32,4096,11008,32768,True,4000,2,0.149,0.241,0.1554,0.151,0.01966062053954554,0.28600000000000003,0.308,0.29064999999999996,0.29,0.004150602365922325,0.033,0.034,0.03375,0.034,0.0004330127018922197,0.101,0.124,0.10355,0.10200000000000001,0.004964624859946618,0.514,0.53,0.5168,0.516,0.003218695387886219,0.28200000000000003,0.317,0.28655,0.28500000000000003,0.007123727956624953,0.07200000000000001,0.074,0.073,0.073,0.00031622776601683604,0.023,0.024,0.023399999999999997,0.023,0.000489897948556636,0.023,0.024,0.0232,0.023,0.00040000000000000034,0.0,0.0,0.0,0.0,0.0
32,32,4096,11008,32768,True,3968,2,0.15,0.255,0.1572,0.151,0.02258893534454424,0.28500000000000003,0.308,0.2904,0.2895,0.004235563716909474,0.033,0.033,0.033,0.033,0.0,0.10200000000000001,0.127,0.10475000000000001,0.10300000000000001,0.005356071321407136,0.505,0.527,0.51005,0.509,0.004128861828639949,0.254,0.294,0.25755,0.256,0.008417095698636193,0.07200000000000001,0.073,0.07235,0.07200000000000001,0.00047696960070846663,0.023,0.024,0.023049999999999998,0.023,0.00021794494717703385,0.023,0.023,0.023,0.023,0.0,0.0,0.0,0.0,0.0,0.0
32,32,4096,11008,32768,True,3936,2,0.151,0.245,0.1581,0.153,0.020034719863277352,0.28500000000000003,0.309,0.29,0.289,0.004527692569068704,0.033,0.033,0.033,0.033,0.0,0.097,0.122,0.09915,0.098,0.0054522930955699725,0.514,0.529,0.5162500000000001,0.515,0.003047539991534158,0.26,0.298,0.26430000000000003,0.262,0.007887331614684393,0.07100000000000001,0.073,0.07200000000000001,0.07200000000000001,0.00044721359549995524,0.023,0.024,0.02325,0.023,0.0004330127018922197,0.023,0.024,0.0231,0.023,0.00030000000000000024,0.0,0.0,0.0,0.0,0.0
32,32,4096,11008,32768,True,3904,2,0.15,0.262,0.1574,0.151,0.024368832553078947,0.28500000000000003,0.31,0.28915,0.28800000000000003,0.004952524608722295,0.03,0.031,0.03015,0.03,0.00035707142142714284,0.101,0.126,0.10430000000000002,0.10300000000000001,0.005441507144165115,0.513,0.533,0.51675,0.516,0.003909923272904473,0.27,0.298,0.2722,0.271,0.005946427498927396,0.07100000000000001,0.07200000000000001,0.07170000000000001,0.07200000000000001,0.0004582575694955844,0.022,0.023,0.022149999999999996,0.022,0.00035707142142714284,0.022,0.023,0.022299999999999997,0.022,0.0004582575694955844,0.0,0.0,0.0,0.0,0.0
32,32,4096,11008,32768,True,3872,2,0.146,0.23900000000000002,0.1527,0.1475,0.020104974508812493,0.28400000000000003,0.306,0.28875,0.28800000000000003,0.004097255178775168,0.03,0.031,0.0306,0.031,0.000489897948556636,0.10200000000000001,0.123,0.1042,0.10300000000000001,0.004632493928760186,0.513,0.53,0.51505,0.514,0.003528101472463628,0.269,0.304,0.27645000000000003,0.275,0.006530505340323972,0.069,0.07,0.06965000000000002,0.07,0.00047696960070847325,0.022,0.023,0.022049999999999997,0.022,0.00021794494717703385,0.022,0.022,0.022,0.022,0.0,0.0,0.0,0.0,0.0,0.0
32,32,4096,11008,32768,True,3840,2,0.145,0.234,0.15089999999999998,0.146,0.019180458805774177,0.267,0.293,0.2718,0.271,0.0049959983987187115,0.031,0.032,0.0311,0.031,0.00030000000000000024,0.091,0.113,0.09325,0.092,0.004918078893226502,0.498,0.513,0.5018,0.502,0.0028390139133156805,0.25,0.28500000000000003,0.2529,0.251,0.00742226380560541,0.07,0.07100000000000001,0.07070000000000001,0.07100000000000001,0.0004582575694955844,0.022,0.023,0.022549999999999997,0.023,0.0004974937185533104,0.022,0.023,0.0226,0.023,0.000489897948556636,0.0,0.0,0.0,0.0,0.0
32,32,4096,11008,32768,True,3808,2,0.14400000000000002,0.232,0.1514,0.147,0.01871470010446334,0.268,0.289,0.2722,0.272,0.003982461550347967,0.029,0.03,0.0294,0.029,0.0004898979485566344,0.09,0.112,0.09309999999999999,0.092,0.004614108798023733,0.49,0.508,0.493,0.492,0.003591656999213597,0.252,0.28700000000000003,0.2555,0.254,0.007283543093852064,0.069,0.07,0.06985000000000001,0.07,0.00035707142142714284,0.022,0.023,0.022549999999999997,0.023,0.0004974937185533104,0.022,0.023,0.02275,0.023,0.0004330127018922197,0.0,0.0,0.0,0.0,0.0
32,32,4096,11008,32768,True,3776,2,0.152,0.232,0.15775,0.154,0.01706128658689022,0.266,0.28800000000000003,0.2715,0.271,0.004031128874149278,0.028,0.029,0.028500000000000004,0.0285,0.0005000000000000004,0.09,0.111,0.09315,0.092,0.004452808102759427,0.489,0.505,0.49165000000000003,0.491,0.003166622806713805,0.241,0.266,0.2476,0.247,0.004565084884205335,0.068,0.069,0.06870000000000001,0.069,0.0004582575694955844,0.021,0.022,0.02165,0.022,0.0004769696007084716,0.021,0.021,0.021,0.021,0.0,0.0,0.0,0.0,0.0,0.0
32,32,4096,11008,32768,True,3744,2,0.139,0.218,0.1441,0.14,0.01697321419177876,0.265,0.28800000000000003,0.2712,0.2705,0.004130375285612681,0.027,0.028,0.0279,0.028,0.00030000000000000024,0.09,0.112,0.09285,0.091,0.004829855070289378,0.488,0.506,0.49050000000000005,0.49,0.0036810324638611954,0.24,0.265,0.2486,0.248,0.004923413450036472,0.068,0.069,0.06870000000000001,0.069,0.0004582575694955844,0.021,0.022,0.02185,0.022,0.0003570714214271416,0.022,0.022,0.022,0.022,0.0,0.0,0.0,0.0,0.0,0.0
32,32,4096,11008,32768,True,3712,2,0.14,0.217,0.14475000000000002,0.14100000000000001,0.016582747058313346,0.266,0.289,0.27065,0.27,0.004350574674683786,0.028,0.029,0.028050000000000002,0.028,0.00021794494717703385,0.091,0.112,0.09315,0.092,0.00459646603381337,0.506,0.517,0.50785,0.507,0.0024550967394381855,0.267,0.301,0.2717,0.2705,0.007184010022264719,0.069,0.07,0.0693,0.069,0.0004582575694955844,0.022,0.023,0.022549999999999997,0.023,0.0004974937185533104,0.022,0.023,0.022699999999999998,0.023,0.0004582575694955844,0.0,0.0,0.0,0.0,0.0
32,32,4096,11008,32768,True,3680,2,0.14300000000000002,0.224,0.149,0.145,0.017242389625571047,0.265,0.28800000000000003,0.26980000000000004,0.269,0.004308131845707607,0.028,0.029,0.028100000000000003,0.028,0.00030000000000000024,0.09,0.115,0.09275,0.091,0.005682209077462746,0.485,0.508,0.48869999999999997,0.4875,0.004637887450122096,0.241,0.262,0.24645,0.246,0.0038532453853861977,0.065,0.066,0.06575,0.066,0.0004330127018922197,0.02,0.021,0.0206,0.021,0.000489897948556636,0.02,0.021,0.0205,0.0205,0.0005000000000000004,0.0,0.0,0.0,0.0,0.0
32,32,4096,11008,32768,True,3648,2,0.134,0.23600000000000002,0.1428,0.137,0.022166641603995858,0.264,0.28600000000000003,0.2692,0.269,0.004032369030731194,0.026000000000000002,0.027,0.0267,0.027,0.0004582575694955828,0.09,0.113,0.09435,0.091,0.007584688523598054,0.485,0.501,0.4873,0.4865,0.003348133808556644,0.23900000000000002,0.265,0.24565,0.245,0.004671991010265326,0.065,0.066,0.0651,0.065,0.00030000000000000024,0.021,0.022,0.021050000000000003,0.021,0.00021794494717703312,0.021,0.021,0.021,0.021,0.0,0.0,0.0,0.0,0.0,0.0
32,32,4096,11008,32768,True,3616,2,0.135,0.23600000000000002,0.14240000000000003,0.136,0.022206755728831712,0.262,0.28700000000000003,0.268,0.2675,0.004582575694955844,0.027,0.027,0.027000000000000003,0.027,0.0,0.09,0.114,0.09345,0.092,0.005200721103847044,0.481,0.508,0.48439999999999994,0.483,0.005508175741568169,0.23900000000000002,0.266,0.24464999999999998,0.244,0.0050623611092058644,0.064,0.065,0.06475,0.065,0.0004330127018922197,0.02,0.02,0.02,0.02,0.0,0.02,0.021,0.02015,0.02,0.00035707142142714284,0.0,0.0,0.0,0.0,0.0
32,32,4096,11008,32768,True,3584,2,0.132,0.226,0.1387,0.1335,0.020415925156602628,0.258,0.28200000000000003,0.26265,0.262,0.004585575209284004,0.026000000000000002,0.027,0.026500000000000003,0.026500000000000003,0.0004999999999999987,0.084,0.10400000000000001,0.08630000000000002,0.085,0.004382921400162225,0.462,0.481,0.46505,0.464,0.0037878093933037256,0.233,0.258,0.23720000000000002,0.23600000000000002,0.004864154602806122,0.064,0.065,0.06425,0.064,0.0004330127018922197,0.02,0.02,0.02,0.02,0.0,0.02,0.02,0.02,0.02,0.0,0.0,0.0,0.0,0.0,0.0
32,32,4096,11008,32768,True,3552,2,0.131,0.223,0.13825,0.133,0.019856673941020433,0.259,0.28,0.26185,0.261,0.004234087859267924,0.026000000000000002,0.027,0.0261,0.026000000000000002,0.0002999999999999992,0.083,0.105,0.0864,0.085,0.004768647607026544,0.461,0.47800000000000004,0.4636,0.463,0.0033823069050575557,0.244,0.276,0.2466,0.245,0.006814690014960334,0.064,0.065,0.06470000000000001,0.065,0.0004582575694955844,0.02,0.021,0.02015,0.02,0.00035707142142714284,0.02,0.021,0.020200000000000003,0.02,0.00040000000000000034,0.0,0.0,0.0,0.0,0.0
32,32,4096,11008,32768,True,3520,2,0.132,0.221,0.13825,0.133,0.019356846334049355,0.256,0.28300000000000003,0.26145,0.2605,0.005142713291638962,0.024,0.026000000000000002,0.025,0.025,0.0003162277660168382,0.089,0.112,0.0915,0.09,0.005074445782546112,0.46,0.47900000000000004,0.46235,0.4615,0.0039022429447690757,0.24,0.274,0.24255,0.241,0.00725585970095895,0.064,0.065,0.0646,0.065,0.000489897948556636,0.02,0.021,0.020050000000000002,0.02,0.00021794494717703385,0.02,0.021,0.020200000000000003,0.02,0.00040000000000000034,0.0,0.0,0.0,0.0,0.0
32,32,4096,11008,32768,True,3488,2,0.132,0.228,0.1407,0.133,0.022000227271553357,0.257,0.28300000000000003,0.2615,0.261,0.005054700782440049,0.025,0.026000000000000002,0.0253,0.025,0.0004582575694955844,0.088,0.111,0.09085,0.089,0.004982720140646072,0.459,0.47700000000000004,0.46105,0.46,0.0037479994663820355,0.233,0.262,0.23600000000000004,0.23500000000000001,0.00600832755431992,0.063,0.065,0.06385,0.064,0.00047696960070847325,0.019,0.02,0.0199,0.02,0.00030000000000000024,0.02,0.02,0.02,0.02,0.0,0.0,0.0,0.0,0.0,0.0
32,32,4096,11008,32768,True,3456,2,0.126,0.222,0.13405,0.128,0.02097254157225585,0.242,0.267,0.24769999999999998,0.247,0.004648655719667788,0.025,0.026000000000000002,0.02565,0.026000000000000002,0.00047696960070847325,0.09,0.113,0.0929,0.091,0.004958830507286977,0.442,0.46,0.44565,0.445,0.0035252659474144673,0.232,0.257,0.23545000000000002,0.234,0.005014728307695242,0.062,0.063,0.06215,0.062,0.00035707142142714284,0.019,0.019,0.019,0.019,0.0,0.019,0.019,0.019,0.019,0.0,0.0,0.0,0.0,0.0,0.0
32,32,4096,11008,32768,True,3424,2,0.124,0.217,0.1323,0.127,0.02024129442501146,0.241,0.271,0.2468,0.246,0.005741080037762934,0.024,0.025,0.0242,0.024,0.00040000000000000034,0.085,0.105,0.0877,0.08700000000000001,0.004302324952859788,0.441,0.462,0.44455,0.444,0.00416503301307445,0.232,0.261,0.2353,0.234,0.0059506302187247355,0.062,0.063,0.062349999999999996,0.062,0.00047696960070847325,0.019,0.02,0.0199,0.02,0.00030000000000000024,0.019,0.02,0.01965,0.02,0.00047696960070847325,0.0,0.0,0.0,0.0,0.0
32,32,4096,11008,32768,True,3392,2,0.125,0.224,0.13435000000000002,0.1275,0.021804300034626196,0.24,0.265,0.2466,0.246,0.004476605857119882,0.024,0.025,0.02405,0.024,0.00021794494717703385,0.088,0.111,0.09045,0.089,0.005191098149717458,0.441,0.457,0.44350000000000006,0.443,0.0032326459750489254,0.231,0.257,0.23345000000000002,0.232,0.005463286556643353,0.06,0.061,0.0607,0.061,0.0004582575694955844,0.018000000000000002,0.019,0.0189,0.019,0.0002999999999999992,0.018000000000000002,0.019,0.01885,0.019,0.0003570714214271416,0.0,0.0,0.0,0.0,0.0
32,32,4096,11008,32768,True,3360,2,0.121,0.209,0.1285,0.123,0.019625238852049674,0.24,0.264,0.24555,0.245,0.00446626241951814,0.023,0.024,0.023799999999999998,0.024,0.00040000000000000034,0.088,0.113,0.09054999999999999,0.089,0.005634491991297887,0.438,0.458,0.442,0.441,0.0038729833462074204,0.231,0.253,0.23385000000000003,0.233,0.004464022849403885,0.06,0.061,0.0601,0.06,0.00030000000000000024,0.018000000000000002,0.019,0.0188,0.019,0.000399999999999999,0.018000000000000002,0.019,0.0187,0.019,0.0004582575694955828,0.0,0.0,0.0,0.0,0.0
32,32,4096,11008,32768,True,3328,2,0.12,0.211,0.1289,0.121,0.02121061055226841,0.23600000000000002,0.264,0.2427,0.242,0.005119570294468085,0.023,0.024,0.023399999999999997,0.023,0.000489897948556636,0.08,0.101,0.08285000000000001,0.082,0.004530728418256826,0.449,0.46,0.45065,0.45,0.00230813777751676,0.211,0.232,0.21654999999999996,0.216,0.003774586070021457,0.06,0.06,0.06,0.06,0.0,0.019,0.019,0.019,0.019,0.0,0.019,0.019,0.019,0.019,0.0,0.0,0.0,0.0,0.0,0.0
32,32,4096,11008,32768,True,3296,2,0.124,0.214,0.13094999999999998,0.125,0.020008685614002732,0.23800000000000002,0.262,0.24165,0.241,0.0047778133073614355,0.023,0.024,0.023399999999999997,0.023,0.000489897948556636,0.08,0.101,0.0826,0.0815,0.0044654227123532226,0.436,0.456,0.44025,0.439,0.004010922587136285,0.213,0.244,0.21685,0.2155,0.006310903263400573,0.06,0.061,0.0606,0.061,0.000489897948556636,0.018000000000000002,0.019,0.01895,0.019,0.00021794494717703312,0.018000000000000002,0.019,0.01895,0.019,0.00021794494717703312,0.0,0.0,0.0,0.0,0.0
32,32,4096,11008,32768,True,3264,2,0.12,0.20400000000000001,0.12725,0.1215,0.01890733984462119,0.23700000000000002,0.262,0.24165,0.241,0.004809105946015333,0.023,0.024,0.023299999999999998,0.023,0.0004582575694955844,0.08,0.101,0.08280000000000001,0.0815,0.0045891175622335065,0.436,0.456,0.43804999999999994,0.437,0.004271709259769447,0.21,0.234,0.2162,0.215,0.004589117562233511,0.059000000000000004,0.06,0.059550000000000006,0.06,0.0004974937185533069,0.018000000000000002,0.019,0.01895,0.019,0.00021794494717703312,0.018000000000000002,0.019,0.01895,0.019,0.00021794494717703312,0.0,0.0,0.0,0.0,0.0
32,32,4096,11008,32768,True,3232,2,0.12,0.20600000000000002,0.12775,0.123,0.018753333037089703,0.23700000000000002,0.263,0.24180000000000001,0.241,0.005035871324805669,0.023,0.023,0.023,0.023,0.0,0.08,0.106,0.08280000000000001,0.081,0.005564171097297421,0.434,0.452,0.4365,0.436,0.003667424164178453,0.21,0.234,0.21549999999999997,0.215,0.004444097208657799,0.058,0.059000000000000004,0.058550000000000005,0.059000000000000004,0.0004974937185533104,0.018000000000000002,0.018000000000000002,0.018000000000000002,0.018000000000000002,0.0,0.018000000000000002,0.018000000000000002,0.018000000000000002,0.018000000000000002,0.0,0.0,0.0,0.0,0.0,0.0
32,32,4096,11008,32768,True,3200,2,0.114,0.20800000000000002,0.1216,0.115,0.021148049555455465,0.22,0.257,0.22795,0.227,0.006880951969022891,0.022,0.023,0.022199999999999998,0.022,0.00040000000000000034,0.08,0.10200000000000001,0.08255,0.081,0.004842261868176896,0.41400000000000003,0.438,0.41764999999999997,0.417,0.00482985507028937,0.20700000000000002,0.232,0.21495000000000003,0.214,0.004306680856529772,0.058,0.058,0.05800000000000001,0.058,0.0,0.017,0.018000000000000002,0.017900000000000003,0.018000000000000002,0.00030000000000000024,0.017,0.018000000000000002,0.017900000000000003,0.018000000000000002,0.00030000000000000024,0.0,0.0,0.0,0.0,0.0
32,32,4096,11008,32768,True,3168,2,0.112,0.215,0.12384999999999999,0.114,0.023380066295885474,0.221,0.247,0.22694999999999999,0.226,0.004842261868176895,0.023,0.023,0.023,0.023,0.0,0.079,0.10200000000000001,0.082,0.081,0.004909175083453432,0.41300000000000003,0.434,0.41735,0.417,0.0040654028090706985,0.212,0.23800000000000002,0.2149,0.214,0.0054212544673719245,0.057,0.058,0.05750000000000001,0.0575,0.0005000000000000004,0.018000000000000002,0.018000000000000002,0.018000000000000002,0.018000000000000002,0.0,0.018000000000000002,0.018000000000000002,0.018000000000000002,0.018000000000000002,0.0,0.0,0.0,0.0,0.0,0.0
32,32,4096,11008,32768,True,3136,2,0.111,0.217,0.12079999999999999,0.114,0.023453357968529792,0.218,0.247,0.22560000000000002,0.225,0.005247856705360769,0.022,0.022,0.022,0.022,0.0,0.08,0.1,0.0821,0.081,0.004459820624195552,0.41300000000000003,0.434,0.41590000000000005,0.41500000000000004,0.0043116122274620096,0.20800000000000002,0.232,0.21364999999999998,0.213,0.0044189930979805815,0.056,0.057,0.05605,0.056,0.00021794494717703385,0.017,0.018000000000000002,0.01745,0.017,0.0004974937185533104,0.017,0.018000000000000002,0.017550000000000003,0.018000000000000002,0.0004974937185533104,0.0,0.0,0.0,0.0,0.0
32,32,4096,11008,32768,True,3104,2,0.11,0.202,0.11739999999999999,0.111,0.020778354121537154,0.219,0.245,0.2262,0.2255,0.004599999999999998,0.021,0.022,0.021200000000000004,0.021,0.000399999999999999,0.079,0.101,0.08225,0.081,0.004731543088676252,0.41100000000000003,0.433,0.4151000000000001,0.41400000000000003,0.004276680956068611,0.20700000000000002,0.23,0.2132,0.213,0.004130375285612678,0.055,0.056,0.05585,0.056,0.00035707142142714284,0.017,0.018000000000000002,0.01725,0.017,0.0004330127018922197,0.017,0.018000000000000002,0.01735,0.017,0.00047696960070847325,0.0,0.0,0.0,0.0,0.0
32,32,4096,11008,32768,True,3072,2,0.108,0.199,0.11574999999999999,0.11,0.020466741313653235,0.22,0.241,0.22244999999999998,0.2215,0.004352872614722372,0.021,0.022,0.021150000000000002,0.021,0.0003570714214271416,0.073,0.092,0.07515,0.074,0.004198511641046147,0.40700000000000003,0.41600000000000004,0.40925,0.40900000000000003,0.001813146436446876,0.209,0.246,0.2136,0.212,0.0075259550888907125,0.056,0.058,0.0568,0.057,0.000509901951359279,0.018000000000000002,0.019,0.018250000000000002,0.018000000000000002,0.0004330127018922182,0.018000000000000002,0.019,0.018300000000000004,0.018000000000000002,0.0004582575694955828,0.0,0.0,0.0,0.0,0.0
32,32,4096,11008,32768,True,3040,2,0.116,0.197,0.1226,0.11750000000000001,0.01783367600916872,0.22,0.249,0.22345,0.222,0.005970552738231193,0.022,0.022,0.022,0.022,0.0,0.073,0.093,0.07565,0.074,0.0044076637802808885,0.393,0.41400000000000003,0.3952,0.394,0.004433959855479077,0.186,0.211,0.19195,0.191,0.004674130935264863,0.055,0.056,0.05505,0.055,0.00021794494717703385,0.017,0.018000000000000002,0.017050000000000003,0.017,0.00021794494717703385,0.017,0.017,0.017,0.017,0.0,0.0,0.0,0.0,0.0,0.0
32,32,4096,11008,32768,True,3008,2,0.107,0.192,0.1146,0.109,0.019360785108047663,0.219,0.243,0.2217,0.2205,0.004990991885387111,0.021,0.022,0.021050000000000003,0.021,0.00021794494717703312,0.07200000000000001,0.09,0.07485,0.0735,0.003978379066906521,0.392,0.41200000000000003,0.39455,0.394,0.00416503301307445,0.211,0.245,0.21459999999999999,0.213,0.007066823897621902,0.055,0.056,0.05585,0.056,0.00035707142142714284,0.018000000000000002,0.018000000000000002,0.018000000000000002,0.018000000000000002,0.0,0.017,0.018000000000000002,0.0171,0.017,0.00030000000000000024,0.0,0.0,0.0,0.0,0.0
32,32,4096,11008,32768,True,2976,2,0.106,0.195,0.11510000000000001,0.1095,0.019715222545028502,0.219,0.243,0.22145,0.22,0.0049947472408521315,0.021,0.021,0.021,0.021,0.0,0.07200000000000001,0.093,0.07475,0.073,0.004481908075808785,0.391,0.40700000000000003,0.39315,0.392,0.003305676935213122,0.202,0.224,0.20470000000000002,0.20400000000000001,0.004539823785126465,0.054,0.055,0.0541,0.054,0.00030000000000000024,0.016,0.017,0.01685,0.017,0.00035707142142714284,0.017,0.017,0.017,0.017,0.0,0.0,0.0,0.0,0.0,0.0
32,32,4096,11008,32768,True,2944,2,0.105,0.189,0.1125,0.107,0.018916923639957953,0.217,0.242,0.22054999999999997,0.22,0.0049947472408521315,0.02,0.021,0.020200000000000003,0.02,0.00040000000000000034,0.075,0.096,0.0782,0.077,0.004411349000022557,0.403,0.424,0.4071000000000001,0.40650000000000003,0.0040484564959994244,0.186,0.216,0.19675,0.193,0.007930163932731783,0.055,0.055,0.05500000000000001,0.055,0.0,0.017,0.018000000000000002,0.0177,0.018000000000000002,0.0004582575694955844,0.017,0.018000000000000002,0.01795,0.018000000000000002,0.00021794494717703385,0.0,0.0,0.0,0.0,0.0
32,32,4096,11008,32768,True,2912,2,0.106,0.20600000000000002,0.11679999999999999,0.1115,0.021853146226573424,0.218,0.247,0.22125,0.2195,0.006032205235235286,0.02,0.021,0.020950000000000003,0.021,0.00021794494717703385,0.077,0.098,0.0795,0.078,0.004511097427455986,0.377,0.397,0.38029999999999997,0.38,0.00398873413503583,0.20800000000000002,0.242,0.21125,0.2095,0.007112489015808741,0.053,0.054,0.05345,0.053,0.0004974937185533104,0.016,0.017,0.01695,0.017,0.00021794494717703385,0.017,0.017,0.017,0.017,0.0,0.0,0.0,0.0,0.0,0.0
32,32,4096,11008,32768,True,2880,2,0.10300000000000001,0.226,0.11215000000000001,0.10400000000000001,0.027468663964597913,0.216,0.244,0.2184,0.217,0.005911006682452659,0.02,0.02,0.02,0.02,0.0,0.07100000000000001,0.098,0.07515000000000001,0.073,0.006310903263400573,0.377,0.391,0.37895,0.378,0.002957617284234053,0.201,0.23,0.20380000000000004,0.203,0.006046486583132389,0.051000000000000004,0.053,0.0519,0.052000000000000005,0.0004358898943540669,0.016,0.016,0.016,0.016,0.0,0.016,0.017,0.016050000000000002,0.016,0.00021794494717703385,0.0,0.0,0.0,0.0,0.0
32,32,4096,11008,32768,True,2848,2,0.1,0.18,0.1065,0.101,0.017934603424664842,0.214,0.23800000000000002,0.21810000000000002,0.217,0.004667976006793527,0.02,0.02,0.02,0.02,0.0,0.07100000000000001,0.092,0.0734,0.07200000000000001,0.004597825573029057,0.376,0.392,0.3779,0.377,0.0033301651610693453,0.201,0.226,0.20350000000000001,0.202,0.0051913389409669625,0.051000000000000004,0.052000000000000005,0.051750000000000004,0.052000000000000005,0.0004330127018922197,0.016,0.017,0.016050000000000002,0.016,0.00021794494717703385,0.016,0.017,0.016050000000000002,0.016,0.00021794494717703385,0.0,0.0,0.0,0.0,0.0
32,32,4096,11008,32768,True,2816,2,0.099,0.179,0.10625,0.101,0.018038500492003205,0.19,0.216,0.19925,0.199,0.004391753636077505,0.019,0.02,0.019950000000000002,0.02,0.00021794494717703385,0.069,0.088,0.07170000000000001,0.07,0.0041243181254602525,0.367,0.386,0.37025,0.3695,0.0038193585848935456,0.182,0.21,0.18575,0.185,0.005664582950226785,0.051000000000000004,0.053,0.0517,0.052000000000000005,0.000640312423743284,0.016,0.016,0.016,0.016,0.0,0.016,0.016,0.016,0.016,0.0,0.0,0.0,0.0,0.0,0.0
32,32,4096,11008,32768,True,2784,2,0.1,0.179,0.10635000000000001,0.101,0.017754647278952065,0.198,0.224,0.2024,0.201,0.005073460357586328,0.02,0.02,0.02,0.02,0.0,0.07,0.09,0.07220000000000001,0.07100000000000001,0.00443395985547907,0.365,0.386,0.36869999999999997,0.368,0.004148493702538312,0.184,0.216,0.1879,0.186,0.0065566759871142025,0.051000000000000004,0.052000000000000005,0.05195000000000001,0.052000000000000005,0.00021794494717703385,0.017,0.017,0.017,0.017,0.0,0.016,0.017,0.016900000000000002,0.017,0.00030000000000000024,0.0,0.0,0.0,0.0,0.0
32,32,4096,11008,32768,True,2752,2,0.105,0.188,0.11179999999999998,0.106,0.01869652374105946,0.198,0.223,0.20180000000000003,0.201,0.004955804677345545,0.019,0.019,0.019,0.019,0.0,0.07,0.09,0.07235,0.07100000000000001,0.004384917331033731,0.364,0.384,0.36724999999999997,0.3665,0.0039607448794387184,0.18,0.20400000000000001,0.1845,0.184,0.004609772228646448,0.05,0.051000000000000004,0.05025,0.05,0.0004330127018922197,0.015,0.016,0.01595,0.016,0.00021794494717703385,0.016,0.016,0.016,0.016,0.0,0.0,0.0,0.0,0.0,0.0
32,32,4096,11008,32768,True,2720,2,0.096,0.178,0.10270000000000001,0.097,0.018716570198623463,0.196,0.22,0.20105,0.2,0.0044997222136483024,0.019,0.019,0.019,0.019,0.0,0.069,0.089,0.07135,0.07,0.004384917331033731,0.363,0.384,0.36615,0.365,0.004210403781111739,0.179,0.20400000000000001,0.1842,0.183,0.004749736834815171,0.049,0.05,0.049850000000000005,0.05,0.00035707142142714284,0.015,0.016,0.0154,0.015,0.000489897948556636,0.015,0.016,0.01525,0.015,0.0004330127018922197,0.0,0.0,0.0,0.0,0.0
32,32,4096,11008,32768,True,2688,2,0.094,0.188,0.10105,0.095,0.0212284596709229,0.185,0.213,0.1953,0.195,0.004796873982084581,0.019,0.019,0.019,0.019,0.0,0.069,0.089,0.0714,0.07,0.004340506882842138,0.338,0.35000000000000003,0.34255,0.342,0.002246664193866099,0.179,0.203,0.18355,0.182,0.004641928478552856,0.049,0.05,0.0492,0.049,0.00040000000000000034,0.015,0.015,0.015,0.015,0.0,0.015,0.016,0.01515,0.015,0.00035707142142714284,0.0,0.0,0.0,0.0,0.0
32,32,4096,11008,32768,True,2656,2,0.092,0.17500000000000002,0.099,0.093,0.018846750383023598,0.196,0.223,0.19970000000000002,0.199,0.0054415071441651156,0.019,0.019,0.019,0.019,0.0,0.068,0.089,0.07115,0.07,0.0044863682416850246,0.34800000000000003,0.373,0.35175,0.35100000000000003,0.00496865172858794,0.178,0.202,0.18285,0.182,0.00453072841825683,0.048,0.049,0.0486,0.049,0.000489897948556636,0.015,0.015,0.015,0.015,0.0,0.015,0.015,0.015,0.015,0.0,0.0,0.0,0.0,0.0,0.0
32,32,4096,11008,32768,True,2624,2,0.091,0.184,0.09824999999999999,0.092,0.021113680399210365,0.196,0.222,0.19970000000000002,0.199,0.005197114584074512,0.018000000000000002,0.018000000000000002,0.018000000000000002,0.018000000000000002,0.0,0.069,0.089,0.07135,0.07,0.004407663780280884,0.34800000000000003,0.373,0.35080000000000006,0.35000000000000003,0.005201922721455973,0.179,0.20400000000000001,0.18275,0.182,0.005018714974971188,0.047,0.048,0.047450000000000006,0.047,0.0004974937185533104,0.015,0.015,0.015,0.015,0.0,0.015,0.015,0.015,0.015,0.0,0.0,0.0,0.0,0.0,0.0
32,32,4096,11008,32768,True,2592,2,0.09,0.188,0.0974,0.091,0.0220893639564384,0.194,0.219,0.19845000000000002,0.197,0.004862869523234197,0.018000000000000002,0.018000000000000002,0.018000000000000002,0.018000000000000002,0.0,0.069,0.09,0.07145,0.07,0.004609501057598314,0.34800000000000003,0.368,0.3506,0.35000000000000003,0.004115823125451327,0.178,0.202,0.1823,0.182,0.004637887450122096,0.046,0.047,0.0469,0.047,0.00030000000000000024,0.015,0.015,0.015,0.015,0.0,0.015,0.015,0.015,0.015,0.0,0.0,0.0,0.0,0.0,0.0
32,32,4096,11008,32768,True,2560,2,0.09,0.182,0.0972,0.091,0.020908371529126796,0.178,0.202,0.1822,0.182,0.004696807426326955,0.018000000000000002,0.019,0.018050000000000004,0.018000000000000002,0.00021794494717703312,0.062,0.088,0.0658,0.064,0.0055099909255823636,0.326,0.34400000000000003,0.3301,0.3295,0.0034044089061098437,0.159,0.187,0.16770000000000002,0.167,0.004970915408654626,0.046,0.047,0.046950000000000006,0.047,0.00021794494717703385,0.015,0.016,0.015099999999999999,0.015,0.00030000000000000024,0.015,0.015,0.015,0.015,0.0,0.0,0.0,0.0,0.0,0.0
32,32,4096,11008,32768,True,2528,2,0.089,0.184,0.0964,0.09,0.021425218785347328,0.176,0.202,0.18145,0.18,0.004873140671066253,0.018000000000000002,0.018000000000000002,0.018000000000000002,0.018000000000000002,0.0,0.062,0.081,0.0643,0.063,0.004075536774462967,0.326,0.34600000000000003,0.32875,0.328,0.004060480267160527,0.17200000000000001,0.198,0.1749,0.17400000000000002,0.005393514624064719,0.046,0.046,0.046,0.046,0.0,0.014,0.015,0.014599999999999998,0.015,0.0004898979485566352,0.014,0.015,0.01465,0.015,0.00047696960070847243,0.0,0.0,0.0,0.0,0.0
32,32,4096,11008,32768,True,2496,2,0.08700000000000001,0.18,0.0944,0.088,0.021029503084951863,0.176,0.20500000000000002,0.18125,0.18,0.005575616557834663,0.017,0.018000000000000002,0.0171,0.017,0.00030000000000000024,0.068,0.093,0.07205,0.07050000000000001,0.005426555076657748,0.326,0.34700000000000003,0.3284,0.327,0.004363484845854289,0.17300000000000001,0.20600000000000002,0.17555,0.17400000000000002,0.007067354526270774,0.045,0.046,0.04575,0.046,0.0004330127018922197,0.014,0.015,0.014100000000000001,0.014,0.00029999999999999976,0.014,0.015,0.014299999999999998,0.014,0.0004582575694955836,0.0,0.0,0.0,0.0,0.0
32,32,4096,11008,32768,True,2464,2,0.085,0.17400000000000002,0.09235000000000002,0.08600000000000001,0.020090482821475446,0.17500000000000002,0.2,0.18025,0.179,0.004689083066016214,0.017,0.018000000000000002,0.0171,0.017,0.00030000000000000024,0.07,0.097,0.0738,0.07200000000000001,0.005714892824891818,0.324,0.34400000000000003,0.3266,0.326,0.004079215610874232,0.17200000000000001,0.199,0.17555,0.17500000000000002,0.005490673911279014,0.045,0.046,0.045450000000000004,0.045,0.0004974937185533104,0.014,0.015,0.014050000000000002,0.014,0.0002179449471770335,0.014,0.015,0.014100000000000001,0.014,0.00029999999999999976,0.0,0.0,0.0,0.0,0.0
32,32,4096,11008,32768,True,2432,2,0.085,0.17300000000000001,0.0925,0.08650000000000001,0.01995119044067296,0.164,0.193,0.1733,0.17300000000000001,0.0050109879265470185,0.017,0.017,0.017,0.017,0.0,0.06,0.08600000000000001,0.06305,0.061,0.005517925334761247,0.308,0.337,0.31385,0.313,0.005497954164959913,0.159,0.19,0.16405,0.1615,0.006924413332550275,0.044,0.045,0.04485,0.045,0.00035707142142714284,0.014,0.014,0.014000000000000002,0.014,0.0,0.014,0.015,0.014050000000000002,0.014,0.0002179449471770335,0.0,0.0,0.0,0.0,0.0
32,32,4096,11008,32768,True,2400,2,0.083,0.184,0.0927,0.0855,0.022365375024801168,0.176,0.2,0.17934999999999998,0.1785,0.0048813420285818985,0.017,0.017,0.017,0.017,0.0,0.064,0.083,0.0665,0.065,0.004141255848169732,0.31,0.33,0.31445,0.314,0.0038141185089087134,0.171,0.199,0.17400000000000002,0.17300000000000001,0.005813776741499452,0.044,0.045,0.04415,0.044,0.00035707142142714284,0.014,0.014,0.014000000000000002,0.014,0.0,0.014,0.014,0.014000000000000002,0.014,0.0,0.0,0.0,0.0,0.0,0.0
32,32,4096,11008,32768,True,2368,2,0.081,0.17500000000000002,0.08885000000000001,0.082,0.021204421708690857,0.17300000000000001,0.2,0.17825,0.177,0.0051271337021770785,0.016,0.017,0.016300000000000002,0.016,0.0004582575694955844,0.063,0.09,0.06985,0.069,0.0053877175130104945,0.308,0.329,0.3136,0.313,0.0039038442591886303,0.171,0.196,0.17405,0.17300000000000001,0.005162121656838396,0.042,0.043000000000000003,0.042550000000000004,0.043000000000000003,0.0004974937185533104,0.013000000000000001,0.014,0.01395,0.014,0.0002179449471770335,0.014,0.014,0.014000000000000002,0.014,0.0,0.0,0.0,0.0,0.0,0.0
32,32,4096,11008,32768,True,2336,2,0.08,0.196,0.0997,0.0815,0.030586107957698706,0.17400000000000002,0.199,0.1779,0.177,0.004948737212663451,0.016,0.017,0.0161,0.016,0.00030000000000000024,0.062,0.094,0.0695,0.069,0.006507687761409578,0.309,0.329,0.31265,0.312,0.003927785635698571,0.171,0.198,0.17395,0.17300000000000001,0.005589946332479409,0.042,0.043000000000000003,0.042550000000000004,0.043000000000000003,0.0004974937185533104,0.014,0.014,0.014000000000000002,0.014,0.0,0.013000000000000001,0.014,0.013850000000000001,0.014,0.0003570714214271422,0.0,0.0,0.0,0.0,0.0
32,32,4096,11008,32768,True,2304,2,0.079,0.17300000000000001,0.08765,0.08,0.021746896330281252,0.164,0.189,0.168,0.167,0.004959838707054896,0.016,0.017,0.0161,0.016,0.00030000000000000024,0.059000000000000004,0.079,0.06085,0.0595,0.0043963052669258535,0.305,0.319,0.3086,0.308,0.0026907248094147442,0.15,0.198,0.1545,0.152,0.010007497189607403,0.041,0.042,0.04190000000000001,0.042,0.00030000000000000024,0.013000000000000001,0.014,0.013500000000000002,0.013500000000000002,0.0004999999999999996,0.013000000000000001,0.014,0.013300000000000001,0.013000000000000001,0.0004582575694955836,0.0,0.0,0.0,0.0,0.0
32,32,4096,11008,32768,True,2272,2,0.078,0.166,0.08615,0.079,0.019855163056494905,0.163,0.198,0.168,0.167,0.006978538528947161,0.016,0.017,0.016050000000000002,0.016,0.00021794494717703385,0.058,0.077,0.061,0.06,0.0041109609582188926,0.302,0.319,0.3073,0.307,0.0030347981810987064,0.148,0.17300000000000001,0.1527,0.152,0.004786439177509732,0.041,0.042,0.0415,0.0415,0.0005000000000000004,0.013000000000000001,0.014,0.0131,0.013000000000000001,0.00029999999999999976,0.013000000000000001,0.013000000000000001,0.013000000000000001,0.013000000000000001,0.0,0.0,0.0,0.0,0.0,0.0
32,32,4096,11008,32768,True,2240,2,0.076,0.163,0.08395,0.077,0.01966081127522463,0.163,0.193,0.1679,0.167,0.005881326381013044,0.015,0.016,0.01575,0.016,0.0004330127018922197,0.058,0.077,0.0607,0.06,0.0041121770389904175,0.292,0.321,0.298,0.297,0.005431390245600113,0.149,0.17400000000000002,0.15289999999999998,0.152,0.004938623289946303,0.041,0.042,0.04125,0.041,0.0004330127018922197,0.013000000000000001,0.013000000000000001,0.013000000000000001,0.013000000000000001,0.0,0.013000000000000001,0.013000000000000001,0.013000000000000001,0.013000000000000001,0.0,0.0,0.0,0.0,0.0,0.0
32,32,4096,11008,32768,True,2208,2,0.076,0.159,0.0828,0.077,0.01874726646740799,0.163,0.198,0.16675,0.165,0.007231009611388993,0.015,0.016,0.01525,0.015,0.0004330127018922197,0.058,0.08,0.060950000000000004,0.059000000000000004,0.004800781186432058,0.29,0.32,0.29615,0.295,0.005685727745856291,0.149,0.17200000000000001,0.15205,0.151,0.0046848158981970724,0.04,0.041,0.040650000000000006,0.041,0.00047696960070847325,0.013000000000000001,0.013000000000000001,0.013000000000000001,0.013000000000000001,0.0,0.013000000000000001,0.013000000000000001,0.013000000000000001,0.013000000000000001,0.0,0.0,0.0,0.0,0.0,0.0
32,32,4096,11008,32768,True,2176,2,0.075,0.17200000000000001,0.0841,0.077,0.021700000000000004,0.155,0.182,0.1598,0.159,0.005259277516921881,0.015,0.016,0.01525,0.015,0.0004330127018922197,0.058,0.077,0.06015,0.059000000000000004,0.004198511641046145,0.28400000000000003,0.308,0.28790000000000004,0.28700000000000003,0.004731807265728385,0.149,0.17400000000000002,0.15205,0.151,0.005123231402152361,0.04,0.041,0.0403,0.04,0.0004582575694955844,0.013000000000000001,0.013000000000000001,0.013000000000000001,0.013000000000000001,0.0,0.013000000000000001,0.013000000000000001,0.013000000000000001,0.013000000000000001,0.0,0.0,0.0,0.0,0.0,0.0
32,32,4096,11008,32768,True,2144,2,0.077,0.161,0.08505,0.079,0.01887187060150636,0.155,0.179,0.15925,0.158,0.0047103609203541915,0.015,0.016,0.015099999999999999,0.015,0.00030000000000000024,0.058,0.078,0.0606,0.059000000000000004,0.004328972164382672,0.28400000000000003,0.314,0.28865,0.28750000000000003,0.005943694137487217,0.149,0.17500000000000002,0.15205,0.151,0.005352335938634649,0.039,0.04,0.039900000000000005,0.04,0.00030000000000000024,0.012,0.014,0.01295,0.013000000000000001,0.0003840572873934305,0.013000000000000001,0.013000000000000001,0.013000000000000001,0.013000000000000001,0.0,0.0,0.0,0.0,0.0,0.0
32,32,4096,11008,32768,True,2112,2,0.074,0.165,0.0839,0.0765,0.020228445318412388,0.154,0.179,0.15845,0.158,0.004852576635149618,0.015,0.015,0.015,0.015,0.0,0.058,0.085,0.0607,0.059000000000000004,0.005788782255362522,0.28300000000000003,0.306,0.28700000000000003,0.28600000000000003,0.004505552130427516,0.148,0.17,0.15065,0.15,0.0045086028878134786,0.038,0.039,0.03885,0.039,0.00035707142142714284,0.012,0.013000000000000001,0.0129,0.013000000000000001,0.00030000000000000024,0.012,0.013000000000000001,0.01285,0.013000000000000001,0.00035707142142714284,0.0,0.0,0.0,0.0,0.0
32,32,4096,11008,32768,True,2080,2,0.075,0.16,0.0836,0.077,0.019003683853400635,0.154,0.18,0.1577,0.157,0.0051874849397371735,0.015,0.015,0.015,0.015,0.0,0.057,0.077,0.060399999999999995,0.059000000000000004,0.004223742416388575,0.28300000000000003,0.306,0.28575000000000006,0.28500000000000003,0.004742098691507793,0.148,0.171,0.1507,0.15,0.0047549973711875,0.037,0.039,0.03785,0.038,0.00047696960070847325,0.012,0.013000000000000001,0.0126,0.013000000000000001,0.000489897948556636,0.012,0.013000000000000001,0.0127,0.013000000000000001,0.0004582575694955844,0.0,0.0,0.0,0.0,0.0
32,32,4096,11008,32768,True,2048,2,0.07100000000000001,0.151,0.07985,0.0745,0.01819416115131445,0.14300000000000002,0.167,0.14735,0.147,0.004693346354148606,0.014,0.015,0.0149,0.015,0.00029999999999999976,0.055,0.076,0.05820000000000001,0.057,0.004377213725647857,0.262,0.28400000000000003,0.2656,0.2645,0.004597825573029064,0.124,0.128,0.12669999999999998,0.127,0.0010535653752852749,0.037,0.038,0.03765,0.038,0.00047696960070847325,0.012,0.013000000000000001,0.01215,0.012,0.00035707142142714284,0.012,0.013000000000000001,0.012199999999999999,0.012,0.00040000000000000034,0.0,0.0,0.0,0.0,0.0
32,32,4096,11008,32768,True,2048,2,0.113,0.198,0.1237,0.121,0.017880436236289092,0.14300000000000002,0.165,0.14775,0.147,0.004193745342769398,0.014,0.015,0.01475,0.015,0.00043301270189221897,0.053,0.075,0.0558,0.055,0.004621688003316537,0.261,0.28200000000000003,0.26465,0.2635,0.00445280810275943,0.124,0.128,0.12675,0.127,0.0011779218989389757,0.037,0.038,0.0377,0.038,0.0004582575694955844,0.012,0.013000000000000001,0.0123,0.012,0.0004582575694955844,0.012,0.013000000000000001,0.01225,0.012,0.0004330127018922197,0.0,0.0,0.0,0.0,0.0
32,32,4096,11008,32768,True,2032,2,0.073,0.157,0.08165,0.075,0.018836865450493616,0.151,0.17500000000000002,0.15389999999999998,0.153,0.004887739763939979,0.014,0.015,0.01495,0.015,0.0002179449471770335,0.055,0.076,0.05840000000000001,0.057,0.004374928570845471,0.26,0.28200000000000003,0.26455,0.2635,0.004364344166080401,0.124,0.129,0.12664999999999998,0.127,0.0013143439428094927,0.037,0.038,0.0375,0.0375,0.0005000000000000004,0.012,0.013000000000000001,0.0121,0.012,0.00030000000000000024,0.012,0.012,0.012,0.012,0.0,0.0,0.0,0.0,0.0,0.0
32,32,4096,11008,32768,True,2016,2,0.074,0.181,0.08405,0.076,0.02356369028823796,0.151,0.176,0.15355,0.152,0.005219913792391593,0.014,0.015,0.0149,0.015,0.00029999999999999976,0.054,0.077,0.058699999999999995,0.0575,0.004528796749689701,0.261,0.28200000000000003,0.26425,0.263,0.004391753636077511,0.123,0.127,0.1255,0.126,0.001161895003862226,0.037,0.038,0.03705,0.037,0.00021794494717703385,0.012,0.012,0.012,0.012,0.0,0.012,0.012,0.012,0.012,0.0,0.0,0.0,0.0,0.0,0.0
32,32,4096,11008,32768,True,2000,2,0.078,0.171,0.10175000000000001,0.0925,0.025639569029139317,0.151,0.179,0.1534,0.152,0.005919459434779496,0.014,0.015,0.01465,0.015,0.00047696960070847243,0.066,0.122,0.08449999999999999,0.0805,0.014695237323704575,0.258,0.28300000000000003,0.26420000000000005,0.264,0.004915282290977808,0.123,0.128,0.1263,0.1265,0.0012688577540449532,0.036000000000000004,0.037,0.03685,0.037,0.00035707142142714035,0.012,0.012,0.012,0.012,0.0,0.012,0.012,0.012,0.012,0.0,0.0,0.0,0.0,0.0,0.0
32,32,4096,11008,32768,True,1984,2,0.069,0.154,0.0774,0.07,0.019100785324169263,0.151,0.178,0.15335,0.152,0.005676926985614663,0.014,0.015,0.014100000000000001,0.014,0.00029999999999999976,0.058,0.076,0.0608,0.06,0.0038935844667863564,0.26,0.281,0.26305,0.262,0.00437578564374445,0.123,0.128,0.12615,0.126,0.0012359207094308287,0.036000000000000004,0.037,0.03675,0.037,0.0004330127018922167,0.012,0.012,0.012,0.012,0.0,0.012,0.012,0.012,0.012,0.0,0.0,0.0,0.0,0.0,0.0
32,32,4096,11008,32768,True,1968,2,0.075,0.157,0.0841,0.078,0.01798860750586326,0.151,0.178,0.15325,0.152,0.005734762418792953,0.014,0.014,0.014000000000000002,0.014,0.0,0.058,0.076,0.060750000000000005,0.0595,0.0038713692668098706,0.259,0.281,0.26260000000000006,0.261,0.004619523784980443,0.123,0.128,0.12585,0.126,0.0012757350822173085,0.036000000000000004,0.037,0.0364,0.036000000000000004,0.0004898979485566326,0.012,0.012,0.012,0.012,0.0,0.012,0.012,0.012,0.012,0.0,0.0,0.0,0.0,0.0,0.0
32,32,4096,11008,32768,True,1952,2,0.074,0.158,0.08349999999999999,0.0775,0.018227726133558185,0.151,0.176,0.15294999999999997,0.152,0.005333619783974106,0.014,0.014,0.014000000000000002,0.014,0.0,0.058,0.076,0.06065,0.0595,0.003965791219920685,0.259,0.281,0.2621,0.262,0.004581484475582127,0.123,0.129,0.126,0.126,0.0013784048752090235,0.036000000000000004,0.037,0.03655,0.037,0.0004974937185533069,0.011,0.012,0.011949999999999999,0.012,0.00021794494717703385,0.011,0.012,0.011899999999999999,0.012,0.00030000000000000024,0.0,0.0,0.0,0.0,0.0
32,32,4096,11008,32768,True,1936,2,0.073,0.156,0.0831,0.076,0.01813532464556397,0.15,0.176,0.15294999999999997,0.152,0.005370986873936669,0.014,0.014,0.014000000000000002,0.014,0.0,0.058,0.08600000000000001,0.0619,0.06,0.006587108622149783,0.259,0.28,0.262,0.261,0.004438468204234433,0.122,0.129,0.12564999999999998,0.126,0.0014924811556599313,0.035,0.037,0.03615,0.036000000000000004,0.00047696960070847075,0.011,0.012,0.011899999999999999,0.012,0.00030000000000000024,0.011,0.012,0.011899999999999999,0.012,0.00030000000000000024,0.0,0.0,0.0,0.0,0.0
32,32,4096,11008,32768,True,1920,2,0.07100000000000001,0.157,0.08020000000000001,0.074,0.018988417522268673,0.135,0.155,0.13745000000000002,0.137,0.004104570623098107,0.014,0.014,0.014000000000000002,0.014,0.0,0.048,0.067,0.0513,0.05,0.003963584236521283,0.23900000000000002,0.26,0.2452,0.244,0.0038678159211627443,0.122,0.128,0.12545,0.126,0.0012031209415515976,0.035,0.036000000000000004,0.03585000000000001,0.036000000000000004,0.00035707142142714284,0.011,0.012,0.011899999999999999,0.012,0.00030000000000000024,0.011,0.012,0.011899999999999999,0.012,0.00030000000000000024,0.0,0.0,0.0,0.0,0.0
32,32,4096,11008,32768,True,1904,2,0.076,0.161,0.0841,0.077,0.018772053696918728,0.134,0.157,0.1373,0.136,0.004670117771534245,0.014,0.014,0.014000000000000002,0.014,0.0,0.048,0.066,0.051000000000000004,0.05,0.0037682887362833544,0.23900000000000002,0.262,0.2454,0.245,0.00410365690573664,0.122,0.128,0.12535000000000002,0.126,0.0013883443376914834,0.035,0.036000000000000004,0.035550000000000005,0.036000000000000004,0.0004974937185533104,0.011,0.012,0.011699999999999999,0.012,0.0004582575694955844,0.011,0.012,0.011699999999999999,0.012,0.0004582575694955844,0.0,0.0,0.0,0.0,0.0
32,32,4096,11008,32768,True,1888,2,0.07,0.156,0.08,0.073,0.018939376969689368,0.134,0.155,0.13655,0.136,0.004341370751271997,0.014,0.014,0.014000000000000002,0.014,0.0,0.049,0.068,0.05115000000000001,0.05,0.004234087859267921,0.23800000000000002,0.263,0.24295,0.242,0.004779905856813503,0.122,0.127,0.12484999999999999,0.125,0.001061838029079766,0.035,0.036000000000000004,0.035500000000000004,0.035500000000000004,0.0005000000000000004,0.011,0.012,0.011699999999999999,0.012,0.0004582575694955844,0.011,0.012,0.0118,0.012,0.00040000000000000034,0.0,0.0,0.0,0.0,0.0
32,32,4096,11008,32768,True,1872,2,0.073,0.164,0.08215,0.0765,0.019680637692920423,0.134,0.159,0.13665,0.1355,0.005189171417480828,0.014,0.014,0.014000000000000002,0.014,0.0,0.048,0.069,0.05115000000000001,0.05,0.004430293444005713,0.23700000000000002,0.262,0.24384999999999998,0.243,0.004430293444005714,0.121,0.129,0.12484999999999999,0.125,0.0015580436450882897,0.035,0.036000000000000004,0.035350000000000006,0.035,0.00047696960070847325,0.011,0.012,0.01155,0.012,0.0004974937185533104,0.011,0.012,0.0113,0.011,0.0004582575694955844,0.0,0.0,0.0,0.0,0.0
32,32,4096,11008,32768,True,1856,2,0.073,0.16,0.08415,0.077,0.019716173563853613,0.133,0.156,0.13665,0.136,0.004519679192155123,0.013000000000000001,0.014,0.013600000000000001,0.014,0.0004898979485566352,0.048,0.066,0.0509,0.0495,0.003998749804626441,0.23900000000000002,0.26,0.24365,0.243,0.003953163290328394,0.123,0.128,0.12495,0.125,0.0011169153951844349,0.035,0.035,0.035,0.035,0.0,0.011,0.012,0.01125,0.011,0.0004330127018922197,0.011,0.012,0.01125,0.011,0.0004330127018922197,0.0,0.0,0.0,0.0,0.0
32,32,4096,11008,32768,True,1840,2,0.07,0.151,0.0815,0.077,0.017365195075207188,0.133,0.155,0.1363,0.1355,0.004382921400162223,0.013000000000000001,0.013000000000000001,0.013000000000000001,0.013000000000000001,0.0,0.048,0.067,0.0508,0.05,0.004044749683231337,0.23700000000000002,0.262,0.24314999999999998,0.242,0.0046073311146476136,0.121,0.128,0.1246,0.125,0.001392838827718413,0.033,0.034,0.03345,0.033,0.0004974937185533104,0.011,0.012,0.011199999999999998,0.011,0.00040000000000000034,0.011,0.012,0.011199999999999998,0.011,0.00040000000000000034,0.0,0.0,0.0,0.0,0.0
32,32,4096,11008,32768,True,1824,2,0.07200000000000001,0.154,0.08065,0.074,0.018106007290399503,0.133,0.164,0.1373,0.1355,0.006899999999999998,0.013000000000000001,0.014,0.01305,0.013000000000000001,0.0002179449471770335,0.048,0.069,0.05095000000000001,0.0495,0.004609501057598317,0.23600000000000002,0.258,0.2428,0.2425,0.003969886648255843,0.12,0.128,0.12425,0.124,0.0014448183276799902,0.033,0.034,0.033350000000000005,0.033,0.00047696960070847325,0.011,0.012,0.011049999999999999,0.011,0.00021794494717703385,0.011,0.012,0.011199999999999998,0.011,0.00040000000000000034,0.0,0.0,0.0,0.0,0.0
32,32,4096,11008,32768,True,1808,2,0.074,0.158,0.08305,0.076,0.01839150619171796,0.133,0.157,0.13595000000000002,0.135,0.004914010581999187,0.013000000000000001,0.013000000000000001,0.013000000000000001,0.013000000000000001,0.0,0.049,0.068,0.051050000000000005,0.05,0.004236448984704053,0.23700000000000002,0.259,0.2424,0.242,0.004029888335921978,0.123,0.129,0.1252,0.125,0.0010770329614269018,0.032,0.034,0.03315,0.033,0.00047696960070847325,0.011,0.012,0.011049999999999999,0.011,0.00021794494717703385,0.011,0.012,0.011149999999999998,0.011,0.00035707142142714284,0.0,0.0,0.0,0.0,0.0
32,32,4096,11008,32768,True,1792,2,0.07200000000000001,0.153,0.07995,0.074,0.017718563711542762,0.133,0.157,0.13605,0.135,0.004893618293246827,0.013000000000000001,0.013000000000000001,0.013000000000000001,0.013000000000000001,0.0,0.047,0.066,0.05015000000000001,0.049,0.003927785635698568,0.232,0.253,0.23450000000000001,0.234,0.004283689998120777,0.11800000000000001,0.126,0.1207,0.1205,0.0015198684153570655,0.032,0.033,0.03295,0.033,0.00021794494717703385,0.011,0.011,0.011,0.011,0.0,0.011,0.011,0.011,0.011,0.0,0.0,0.0,0.0,0.0,0.0
32,32,4096,11008,32768,True,1776,2,0.067,0.146,0.07815,0.073,0.01683530516503933,0.132,0.154,0.1351,0.134,0.00445982062419555,0.013000000000000001,0.013000000000000001,0.013000000000000001,0.013000000000000001,0.0,0.048,0.066,0.0502,0.049,0.003919183588453085,0.231,0.252,0.23440000000000003,0.234,0.004127953488110057,0.11800000000000001,0.126,0.1206,0.12,0.00142828568570857,0.032,0.033,0.032600000000000004,0.033,0.000489897948556636,0.011,0.011,0.011,0.011,0.0,0.011,0.012,0.011049999999999999,0.011,0.00021794494717703385,0.0,0.0,0.0,0.0,0.0
32,32,4096,11008,32768,True,1760,2,0.068,0.149,0.07635,0.07,0.01778840914753199,0.133,0.154,0.13505,0.134,0.004398579316097413,0.013000000000000001,0.013000000000000001,0.013000000000000001,0.013000000000000001,0.0,0.048,0.066,0.0505,0.049,0.004006245124802026,0.231,0.256,0.23410000000000003,0.233,0.005088221693283419,0.11800000000000001,0.127,0.1202,0.12,0.0016613247725836145,0.032,0.033,0.0325,0.0325,0.0005000000000000004,0.011,0.011,0.011,0.011,0.0,0.011,0.011,0.011,0.011,0.0,0.0,0.0,0.0,0.0,0.0
32,32,4096,11008,32768,True,1744,2,0.07,0.152,0.07785,0.07250000000000001,0.017838932142928286,0.132,0.159,0.1353,0.134,0.005675385449465084,0.013000000000000001,0.013000000000000001,0.013000000000000001,0.013000000000000001,0.0,0.048,0.068,0.05025,0.049,0.004624662149822407,0.231,0.256,0.23360000000000003,0.2325,0.005228766584960547,0.11800000000000001,0.125,0.11985000000000001,0.12,0.0013518505834595746,0.032,0.033,0.0327,0.033,0.0004582575694955844,0.011,0.011,0.011,0.011,0.0,0.011,0.011,0.011,0.011,0.0,0.0,0.0,0.0,0.0,0.0
32,32,4096,11008,32768,True,1728,2,0.07200000000000001,0.155,0.0809,0.0755,0.01791898434621784,0.132,0.157,0.135,0.134,0.005108815909777919,0.013000000000000001,0.013000000000000001,0.013000000000000001,0.013000000000000001,0.0,0.047,0.067,0.04995,0.048,0.004329838334164453,0.231,0.255,0.23385000000000003,0.233,0.004922143841864029,0.117,0.125,0.11975,0.12,0.0014448183276799863,0.032,0.033,0.0324,0.032,0.000489897948556636,0.01,0.011,0.01095,0.011,0.0002179449471770335,0.011,0.011,0.011,0.011,0.0,0.0,0.0,0.0,0.0,0.0
32,32,4096,11008,32768,True,1712,2,0.073,0.149,0.08105,0.075,0.016466557017178786,0.132,0.155,0.1346,0.1335,0.004768647607026544,0.012,0.013000000000000001,0.01205,0.012,0.00021794494717703385,0.047,0.067,0.04995,0.049,0.004318275118609281,0.232,0.255,0.23345000000000002,0.232,0.004984726672546849,0.117,0.125,0.11965,0.1195,0.0014239030865898113,0.032,0.033,0.03215,0.032,0.00035707142142714284,0.011,0.011,0.011,0.011,0.0,0.011,0.011,0.011,0.011,0.0,0.0,0.0,0.0,0.0,0.0
32,32,4096,11008,32768,True,1696,2,0.068,0.14400000000000002,0.07795,0.074,0.016396569763215723,0.132,0.153,0.13455,0.134,0.004306680856529768,0.012,0.013000000000000001,0.01205,0.012,0.00021794494717703385,0.047,0.066,0.0499,0.0485,0.00412189276910499,0.231,0.266,0.23374999999999999,0.232,0.007448993220563435,0.117,0.127,0.11955,0.11900000000000001,0.001856744462762712,0.031,0.033,0.0319,0.032,0.0004358898943540677,0.011,0.011,0.011,0.011,0.0,0.01,0.011,0.0109,0.011,0.00029999999999999976,0.0,0.0,0.0,0.0,0.0
32,32,4096,11008,32768,True,1680,2,0.073,0.156,0.0813,0.076,0.01785525132839076,0.131,0.155,0.134,0.133,0.004898979485566355,0.012,0.013000000000000001,0.01205,0.012,0.00021794494717703385,0.048,0.065,0.0499,0.049,0.003806573262134856,0.229,0.254,0.23265000000000002,0.232,0.00500274924416565,0.11800000000000001,0.125,0.11979999999999999,0.12,0.0013266499161421572,0.031,0.032,0.03145,0.031,0.0004974937185533104,0.01,0.011,0.01095,0.011,0.0002179449471770335,0.01,0.011,0.01085,0.011,0.0003570714214271422,0.0,0.0,0.0,0.0,0.0
32,32,4096,11008,32768,True,1664,2,0.074,0.15,0.08185,0.076,0.016340976103036194,0.127,0.151,0.13065,0.13,0.004911975162803654,0.012,0.012,0.012,0.012,0.0,0.05,0.07,0.053849999999999995,0.052000000000000005,0.004563715591489023,0.222,0.245,0.22405,0.223,0.004852576635149618,0.11800000000000001,0.126,0.11939999999999999,0.11900000000000001,0.0015937377450509205,0.031,0.032,0.03165,0.032,0.00047696960070847325,0.01,0.011,0.01095,0.011,0.0002179449471770335,0.01,0.011,0.0108,0.011,0.0003999999999999997,0.0,0.0,0.0,0.0,0.0
32,32,4096,11008,32768,True,1648,2,0.075,0.157,0.0822,0.076,0.0178202132422707,0.13,0.151,0.134,0.133,0.00417133072292284,0.012,0.012,0.012,0.012,0.0,0.047,0.066,0.04965,0.048,0.004150602365922325,0.221,0.244,0.22355,0.223,0.004758938957372744,0.11800000000000001,0.126,0.11955,0.11900000000000001,0.0016271140095272952,0.031,0.032,0.03125,0.031,0.0004330127018922197,0.01,0.011,0.0109,0.011,0.00029999999999999976,0.01,0.011,0.01085,0.011,0.0003570714214271422,0.0,0.0,0.0,0.0,0.0
32,32,4096,11008,32768,True,1632,2,0.066,0.14100000000000001,0.07445,0.068,0.016326282491737062,0.135,0.153,0.13815000000000002,0.137,0.0036369630187836643,0.012,0.012,0.012,0.012,0.0,0.047,0.068,0.04985,0.048,0.004618170633486815,0.219,0.248,0.22160000000000002,0.22,0.006118823416311341,0.11800000000000001,0.125,0.11900000000000002,0.11900000000000001,0.0014832396974191306,0.031,0.032,0.0311,0.031,0.00030000000000000024,0.01,0.011,0.0109,0.011,0.00029999999999999976,0.01,0.011,0.01085,0.011,0.0003570714214271422,0.0,0.0,0.0,0.0,0.0
32,32,4096,11008,32768,True,1616,2,0.074,0.151,0.0807,0.076,0.016781239525136396,0.138,0.155,0.14035000000000003,0.139,0.003567562192870642,0.012,0.012,0.012,0.012,0.0,0.047,0.066,0.0497,0.048,0.004136423575989288,0.22,0.244,0.2225,0.2215,0.004974937185533098,0.11800000000000001,0.126,0.11920000000000001,0.11900000000000001,0.0016613247725836128,0.03,0.031,0.03095,0.031,0.00021794494717703385,0.01,0.011,0.0108,0.011,0.0003999999999999997,0.01,0.011,0.0107,0.011,0.0004582575694955836,0.0,0.0,0.0,0.0,0.0
32,32,4096,11008,32768,True,1600,2,0.073,1.225,0.1401,0.0765,0.24945538679290935,0.14,0.162,0.14355,0.14250000000000002,0.0045659062627259415,0.012,0.012,0.012,0.012,0.0,0.047,0.067,0.0495,0.048,0.004421538193886829,0.219,0.242,0.2222,0.221,0.004621688003316535,0.11800000000000001,0.125,0.11935,0.11900000000000001,0.0013883443376914795,0.03,0.031,0.03055,0.031,0.0004974937185533104,0.01,0.011,0.0108,0.011,0.0003999999999999997,0.01,0.011,0.0107,0.011,0.0004582575694955836,0.0,0.0,0.0,0.0,0.0
32,32,4096,11008,32768,True,1584,2,0.07200000000000001,0.145,0.07899999999999999,0.074,0.015946786510140528,0.137,0.156,0.14135000000000003,0.14,0.003902242944769069,0.011,0.012,0.0116,0.012,0.000489897948556636,0.047,0.066,0.0494,0.048,0.004066939881532551,0.218,0.243,0.2218,0.221,0.004945705207551294,0.11800000000000001,0.126,0.1196,0.11900000000000001,0.00159373774505092,0.029,0.03,0.029449999999999997,0.029,0.0004974937185533088,0.01,0.011,0.01065,0.011,0.00047696960070847243,0.01,0.011,0.0108,0.011,0.0003999999999999997,0.0,0.0,0.0,0.0,0.0
32,32,4096,11008,32768,True,1568,2,0.068,0.14100000000000001,0.07705,0.073,0.015487010686378443,0.14400000000000002,0.165,0.14975,0.1485,0.0048257123826436245,0.011,0.012,0.011149999999999998,0.011,0.00035707142142714284,0.047,0.066,0.0494,0.048,0.004042276586281548,0.218,0.244,0.2213,0.22,0.00532071423776921,0.117,0.124,0.11875,0.11850000000000001,0.0014448183276799865,0.029,0.03,0.029100000000000004,0.029,0.0002999999999999992,0.01,0.011,0.0106,0.011,0.0004898979485566352,0.01,0.011,0.0106,0.011,0.0004898979485566352,0.0,0.0,0.0,0.0,0.0
32,32,4096,11008,32768,True,1552,2,0.068,0.149,0.07635,0.07100000000000001,0.017324188292673338,0.135,0.157,0.1401,0.139,0.004253234063627345,0.011,0.011,0.011,0.011,0.0,0.047,0.066,0.04935,0.048,0.004210403781111736,0.219,0.241,0.22094999999999998,0.22,0.004684815898197066,0.11800000000000001,0.125,0.11939999999999999,0.11900000000000001,0.001428285685708567,0.028,0.029,0.028550000000000002,0.029,0.0004974937185533104,0.01,0.011,0.010249999999999999,0.01,0.00043301270189221897,0.01,0.011,0.01045,0.01,0.0004974937185533095,0.0,0.0,0.0,0.0,0.0
32,32,4096,11008,32768,True,1536,2,0.077,0.152,0.0853,0.081,0.01583066644206743,0.111,0.135,0.11410000000000001,0.113,0.00513711981561653,0.011,0.012,0.011049999999999999,0.011,0.00021794494717703385,0.044,0.062,0.046549999999999994,0.045,0.0039048047326338876,0.198,0.224,0.20685000000000003,0.20600000000000002,0.004396305266925852,0.108,0.134,0.11080000000000001,0.109,0.005555177764932462,0.028,0.029,0.028450000000000003,0.028,0.0004974937185533104,0.01,0.011,0.0104,0.01,0.0004898979485566352,0.01,0.011,0.01045,0.01,0.0004974937185533095,0.0,0.0,0.0,0.0,0.0
32,32,4096,11008,32768,True,1520,2,0.075,0.146,0.0828,0.078,0.015061872393563821,0.111,0.137,0.11420000000000001,0.113,0.005528109984434103,0.011,0.012,0.011049999999999999,0.011,0.00021794494717703385,0.045,0.066,0.04715,0.046,0.00465053760333147,0.196,0.223,0.19970000000000002,0.199,0.005505451843400321,0.112,0.135,0.11425,0.113,0.005127133702177076,0.028,0.029,0.028500000000000004,0.0285,0.0005000000000000004,0.01,0.011,0.010249999999999999,0.01,0.00043301270189221897,0.01,0.011,0.010100000000000001,0.01,0.00029999999999999976,0.0,0.0,0.0,0.0,0.0
32,32,4096,11008,32768,True,1504,2,0.07100000000000001,0.14200000000000002,0.079,0.074,0.015414279094398159,0.111,0.135,0.11385,0.1125,0.0051698646017086375,0.011,0.012,0.011049999999999999,0.011,0.00021794494717703385,0.046,0.067,0.04825,0.047,0.004493050188902858,0.196,0.221,0.1992,0.198,0.0052019227214559795,0.112,0.133,0.11455,0.1135,0.004466262419518138,0.028,0.029,0.02815,0.028,0.00035707142142714284,0.009000000000000001,0.011,0.010100000000000001,0.01,0.000435889894354067,0.01,0.011,0.010150000000000001,0.01,0.0003570714214271422,0.0,0.0,0.0,0.0,0.0
32,32,4096,11008,32768,True,1488,2,0.074,0.14300000000000002,0.08095,0.0765,0.014602996267889688,0.111,0.132,0.1131,0.112,0.004414748010928824,0.011,0.012,0.011049999999999999,0.011,0.00021794494717703385,0.047,0.068,0.0495,0.048,0.0045000000000000005,0.195,0.217,0.19915,0.1985,0.004418993097980578,0.116,0.139,0.1193,0.11850000000000001,0.004723346271447818,0.027,0.028,0.027950000000000003,0.028,0.00021794494717703385,0.01,0.011,0.010100000000000001,0.01,0.00029999999999999976,0.01,0.011,0.010249999999999999,0.01,0.00043301270189221897,0.0,0.0,0.0,0.0,0.0
32,32,4096,11008,32768,True,1472,2,0.07200000000000001,0.14,0.07985,0.075,0.014728458846736141,0.11,0.133,0.11285,0.1115,0.004788266909853712,0.011,0.011,0.011,0.011,0.0,0.049,0.07,0.05135000000000001,0.05,0.004530728418256826,0.195,0.217,0.19890000000000002,0.1975,0.00453762052181537,0.121,0.14200000000000002,0.12365,0.122,0.004441565039487774,0.027,0.028,0.027750000000000004,0.028,0.0004330127018922197,0.009000000000000001,0.011,0.01,0.01,0.00031622776601683767,0.01,0.011,0.01005,0.01,0.0002179449471770335,0.0,0.0,0.0,0.0,0.0
32,32,4096,11008,32768,True,1456,2,0.073,0.148,0.08109999999999999,0.0755,0.01597779709471866,0.111,0.136,0.11320000000000001,0.112,0.005381449618829486,0.011,0.011,0.011,0.011,0.0,0.048,0.068,0.0504,0.049,0.004363484845854286,0.193,0.215,0.198,0.197,0.004219004621945795,0.12,0.14300000000000002,0.12265,0.122,0.004725198408532708,0.027,0.028,0.027500000000000004,0.0275,0.0005000000000000004,0.01,0.01,0.01,0.01,0.0,0.01,0.01,0.01,0.01,0.0,0.0,0.0,0.0,0.0,0.0
32,32,4096,11008,32768,True,1440,2,0.068,0.136,0.0747,0.0695,0.014768547660484426,0.11,0.135,0.11295,0.112,0.005191098149717458,0.011,0.011,0.011,0.011,0.0,0.047,0.067,0.0497,0.0485,0.004290687590584988,0.196,0.216,0.19875,0.198,0.004264680527307993,0.11900000000000001,0.139,0.12144999999999999,0.12,0.004128861828639949,0.027,0.028,0.027350000000000003,0.027,0.00047696960070847325,0.009000000000000001,0.01,0.00995,0.01,0.0002179449471770335,0.009000000000000001,0.01,0.00995,0.01,0.0002179449471770335,0.0,0.0,0.0,0.0,0.0
32,32,4096,11008,32768,True,1424,2,0.067,0.14400000000000002,0.07425000000000001,0.0695,0.01637643123516232,0.11,0.153,0.1136,0.111,0.009118113840043893,0.01,0.011,0.0108,0.011,0.0003999999999999997,0.048,0.065,0.0494,0.048,0.003746998799039039,0.193,0.215,0.1967,0.196,0.004371498598878877,0.11800000000000001,0.137,0.12035,0.1195,0.003876531955240406,0.027,0.028,0.02715,0.027,0.00035707142142714284,0.009000000000000001,0.01,0.00995,0.01,0.0002179449471770335,0.009000000000000001,0.01,0.00995,0.01,0.0002179449471770335,0.0,0.0,0.0,0.0,0.0
32,32,4096,11008,32768,True,1408,2,0.065,0.13,0.0735,0.0695,0.01367662239004938,0.109,0.13,0.11255,0.112,0.0044212554778026575,0.01,0.011,0.0106,0.011,0.0004898979485566352,0.039,0.057,0.0417,0.041,0.0037960505792204616,0.193,0.215,0.19690000000000002,0.196,0.004392038251199548,0.093,0.116,0.09659999999999999,0.095,0.004831148931672466,0.027,0.028,0.02705,0.027,0.00021794494717703385,0.009000000000000001,0.01,0.00995,0.01,0.0002179449471770335,0.009000000000000001,0.01,0.009850000000000001,0.01,0.0003570714214271422,0.0,0.0,0.0,0.0,0.0
32,32,4096,11008,32768,True,1392,2,0.07200000000000001,0.148,0.08025,0.076,0.01588670828082394,0.114,0.14300000000000002,0.11735,0.116,0.006134125854594118,0.01,0.011,0.0103,0.01,0.0004582575694955836,0.039,0.058,0.04555,0.046,0.0048525766351496195,0.194,0.218,0.19619999999999999,0.195,0.005124451190127582,0.094,0.117,0.09635,0.095,0.00503264344057872,0.026000000000000002,0.027,0.0267,0.027,0.0004582575694955828,0.009000000000000001,0.01,0.0099,0.01,0.00029999999999999976,0.009000000000000001,0.01,0.0099,0.01,0.00029999999999999976,0.0,0.0,0.0,0.0,0.0
32,32,4096,11008,32768,True,1376,2,0.074,0.146,0.0808,0.0775,0.015147937153289222,0.11800000000000001,0.135,0.121,0.12,0.0036469165057620933,0.01,0.011,0.01005,0.01,0.0002179449471770335,0.038,0.056,0.041,0.04,0.003911521443121589,0.193,0.216,0.1973,0.1965,0.004670117771534245,0.094,0.115,0.0964,0.095,0.004454211490264019,0.025,0.027,0.0262,0.026000000000000002,0.0005099019513592776,0.009000000000000001,0.01,0.009850000000000001,0.01,0.0003570714214271422,0.009000000000000001,0.01,0.00995,0.01,0.0002179449471770335,0.0,0.0,0.0,0.0,0.0
32,32,4096,11008,32768,True,1360,2,0.075,0.138,0.08130000000000001,0.078,0.013236691429507605,0.122,0.14200000000000002,0.12555,0.124,0.0040432041749088096,0.01,0.011,0.01005,0.01,0.0002179449471770335,0.038,0.058,0.0407,0.039,0.004450842616853578,0.193,0.217,0.19545,0.194,0.005132981589680601,0.093,0.115,0.09605,0.095,0.004674130935264867,0.026000000000000002,0.027,0.026250000000000002,0.026000000000000002,0.0004330127018922182,0.009000000000000001,0.01,0.00995,0.01,0.0002179449471770335,0.009000000000000001,0.01,0.0098,0.01,0.0003999999999999997,0.0,0.0,0.0,0.0,0.0
32,32,4096,11008,32768,True,1344,2,0.076,0.14300000000000002,0.08175,0.078,0.014292917826672065,0.126,0.149,0.1302,0.13,0.004812483766206385,0.01,0.01,0.01,0.01,0.0,0.039,0.057,0.041600000000000005,0.0405,0.0038652296180175377,0.193,0.22,0.19725,0.196,0.005485207379853563,0.093,0.116,0.09595000000000001,0.094,0.004883390215823431,0.024,0.025,0.02475,0.025,0.0004330127018922197,0.009000000000000001,0.01,0.0098,0.01,0.0003999999999999997,0.009000000000000001,0.01,0.00995,0.01,0.0002179449471770335,0.0,0.0,0.0,0.0,0.0
32,32,4096,11008,32768,True,1328,2,0.077,0.147,0.0822,0.077,0.015282669923805852,0.125,0.145,0.12869999999999998,0.129,0.0040877866871939375,0.01,0.01,0.01,0.01,0.0,0.046,0.058,0.0479,0.047,0.002998332870112991,0.19,0.217,0.19445,0.193,0.005342986056504358,0.093,0.115,0.09585,0.095,0.0046826808560908794,0.025,0.026000000000000002,0.025500000000000002,0.025500000000000002,0.0005000000000000004,0.009000000000000001,0.01,0.0099,0.01,0.00029999999999999976,0.009000000000000001,0.01,0.009600000000000001,0.01,0.0004898979485566352,0.0,0.0,0.0,0.0,0.0
32,32,4096,11008,32768,True,1312,2,0.074,0.14100000000000001,0.07975,0.076,0.014222781022008323,0.124,0.14300000000000002,0.12745,0.1265,0.00416503301307445,0.01,0.01,0.01,0.01,0.0,0.039,0.058,0.0413,0.04,0.00408778668719394,0.192,0.222,0.19655,0.195,0.006135755862157489,0.093,0.115,0.09565,0.094,0.004767336782733103,0.023,0.024,0.023149999999999997,0.023,0.00035707142142714284,0.009000000000000001,0.01,0.009850000000000001,0.01,0.0003570714214271422,0.009000000000000001,0.01,0.009850000000000001,0.01,0.0003570714214271422,0.0,0.0,0.0,0.0,0.0
32,32,4096,11008,32768,True,1296,2,0.073,0.136,0.07875,0.074,0.013769077674267077,0.122,0.14,0.12545,0.125,0.0035563323804166593,0.01,0.01,0.01,0.01,0.0,0.041,0.059000000000000004,0.0432,0.042,0.003969886648255842,0.191,0.216,0.1934,0.192,0.005257375771237965,0.092,0.115,0.0954,0.094,0.004831148931672466,0.023,0.024,0.0235,0.0235,0.0005000000000000004,0.009000000000000001,0.01,0.0098,0.01,0.0003999999999999997,0.009000000000000001,0.01,0.0099,0.01,0.00029999999999999976,0.0,0.0,0.0,0.0,0.0
32,32,4096,11008,32768,True,1280,2,0.074,0.133,0.07885,0.075,0.013043293295789989,0.093,0.098,0.09490000000000001,0.095,0.0011789826122551607,0.01,0.01,0.01,0.01,0.0,0.039,0.058,0.04115,0.04,0.004269367634673782,0.168,0.193,0.17070000000000002,0.1695,0.005197114584074512,0.091,0.116,0.09409999999999999,0.092,0.005575840743780262,0.023,0.023,0.023,0.023,0.0,0.009000000000000001,0.01,0.0098,0.01,0.0003999999999999997,0.009000000000000001,0.01,0.0098,0.01,0.0003999999999999997,0.0,0.0,0.0,0.0,0.0
32,32,4096,11008,32768,True,1264,2,0.073,0.133,0.07805,0.074,0.012920816537665105,0.092,0.098,0.0944,0.094,0.001200000000000001,0.01,0.01,0.01,0.01,0.0,0.038,0.062,0.041499999999999995,0.04,0.0050249378105604444,0.168,0.194,0.17065000000000002,0.169,0.00543392123608725,0.09,0.113,0.0923,0.091,0.0051097945164164885,0.022,0.023,0.022149999999999996,0.022,0.00035707142142714284,0.009000000000000001,0.01,0.00975,0.01,0.00043301270189221897,0.009000000000000001,0.01,0.0094,0.009000000000000001,0.0004898979485566352,0.0,0.0,0.0,0.0,0.0
32,32,4096,11008,32768,True,1248,2,0.073,0.14300000000000002,0.07844999999999999,0.074,0.015180497356806204,0.091,0.096,0.09345,0.093,0.0010712142642814286,0.01,0.01,0.01,0.01,0.0,0.039,0.065,0.04145,0.04,0.005508856505664311,0.17400000000000002,0.197,0.17615,0.17500000000000002,0.004860812689252691,0.09,0.113,0.0923,0.091,0.00522589705218157,0.022,0.023,0.022149999999999996,0.022,0.00035707142142714284,0.009000000000000001,0.01,0.0094,0.009000000000000001,0.0004898979485566352,0.009000000000000001,0.01,0.0094,0.009000000000000001,0.0004898979485566352,0.0,0.0,0.0,0.0,0.0
32,32,4096,11008,32768,True,1232,2,0.07200000000000001,0.138,0.0771,0.073,0.014099290762304326,0.092,0.096,0.09330000000000001,0.093,0.0009000000000000008,0.009000000000000001,0.01,0.0099,0.01,0.00029999999999999976,0.038,0.055,0.04035,0.039,0.003837642505497353,0.17400000000000002,0.196,0.17595,0.17500000000000002,0.004706113045816046,0.09,0.113,0.09245,0.091,0.005113462623311137,0.021,0.022,0.021249999999999998,0.021,0.0004330127018922182,0.009000000000000001,0.01,0.00945,0.009000000000000001,0.0004974937185533095,0.009000000000000001,0.01,0.0094,0.009000000000000001,0.0004898979485566352,0.0,0.0,0.0,0.0,0.0
32,32,4096,11008,32768,True,1216,2,0.066,0.123,0.0708,0.0675,0.012315031465652045,0.091,0.095,0.0925,0.092,0.0008062257748298557,0.009000000000000001,0.01,0.00975,0.01,0.00043301270189221897,0.037,0.054,0.039400000000000004,0.038,0.0037603191353926336,0.17300000000000001,0.195,0.17525000000000002,0.17400000000000002,0.004635461142108731,0.089,0.111,0.09159999999999999,0.09,0.004892851929090029,0.02,0.021,0.02035,0.02,0.00047696960070847325,0.008,0.01,0.00905,0.009000000000000001,0.0005894913061275798,0.008,0.01,0.009200000000000002,0.009000000000000001,0.0005099019513592782,0.0,0.0,0.0,0.0,0.0
32,32,4096,11008,32768,True,1200,2,0.07100000000000001,0.135,0.0758,0.07200000000000001,0.013706202975295529,0.091,0.096,0.0927,0.0925,0.0011445523142259606,0.009000000000000001,0.01,0.0097,0.01,0.0004582575694955836,0.038,0.055,0.040600000000000004,0.04,0.003693237062523878,0.17300000000000001,0.196,0.17565000000000003,0.17500000000000002,0.004735768153108847,0.089,0.113,0.092,0.0905,0.00520576603392815,0.02,0.021,0.02085,0.021,0.00035707142142714284,0.009000000000000001,0.01,0.009250000000000001,0.009000000000000001,0.00043301270189221897,0.009000000000000001,0.01,0.009200000000000002,0.009000000000000001,0.0003999999999999997,0.0,0.0,0.0,0.0,0.0
32,32,4096,11008,32768,True,1184,2,0.07,0.13,0.07415000000000001,0.07100000000000001,0.012916172033539968,0.09,0.097,0.09265,0.093,0.0013143439428094927,0.009000000000000001,0.009000000000000001,0.009000000000000001,0.009000000000000001,0.0,0.037,0.057,0.039900000000000005,0.0385,0.00427668095606862,0.17200000000000001,0.195,0.17540000000000003,0.17450000000000002,0.004597825573029057,0.089,0.114,0.09195,0.09,0.005572028355993895,0.02,0.021,0.020450000000000003,0.02,0.0004974937185533104,0.008,0.01,0.00905,0.009000000000000001,0.00038405728739343033,0.009000000000000001,0.01,0.0091,0.009000000000000001,0.00029999999999999976,0.0,0.0,0.0,0.0,0.0
32,32,4096,11008,32768,True,1168,2,0.07,0.13,0.0753,0.07200000000000001,0.01276362017610991,0.091,0.095,0.09219999999999999,0.092,0.0009273618495495712,0.009000000000000001,0.009000000000000001,0.009000000000000001,0.009000000000000001,0.0,0.037,0.055,0.03935,0.038,0.003940494892776795,0.17200000000000001,0.197,0.17485,0.17400000000000002,0.005121279137090653,0.088,0.113,0.09165,0.09,0.005415487051041672,0.019,0.02,0.01905,0.019,0.00021794494717703385,0.008,0.01,0.0091,0.009000000000000001,0.0004358898943540672,0.008,0.01,0.008950000000000001,0.009000000000000001,0.0004974937185533101,0.0,0.0,0.0,0.0,0.0
32,32,4096,11008,32768,True,1152,2,0.067,0.122,0.07150000000000001,0.0685,0.011698290473398237,0.09,0.099,0.09104999999999999,0.09,0.002085065946199306,0.009000000000000001,0.009000000000000001,0.009000000000000001,0.009000000000000001,0.0,0.037,0.054,0.03905,0.038,0.0036670833096617813,0.157,0.176,0.16105,0.1605,0.0037077621282924802,0.089,0.112,0.09154999999999999,0.09,0.005219913792391596,0.019,0.02,0.0193,0.019,0.0004582575694955844,0.008,0.01,0.008950000000000001,0.009000000000000001,0.0003840572873934305,0.008,0.009000000000000001,0.008950000000000001,0.009000000000000001,0.00021794494717703385,0.0,0.0,0.0,0.0,0.0
32,32,4096,11008,32768,True,1136,2,0.069,0.128,0.07400000000000001,0.07100000000000001,0.012517987058628876,0.09,0.113,0.09185,0.09,0.005179527005432062,0.009000000000000001,0.009000000000000001,0.009000000000000001,0.009000000000000001,0.0,0.038,0.056,0.040100000000000004,0.039,0.003973663297261106,0.158,0.178,0.16185,0.161,0.004198511641046144,0.089,0.113,0.0914,0.09,0.005398147830506314,0.017,0.018000000000000002,0.01785,0.018000000000000002,0.00035707142142714284,0.008,0.01,0.009000000000000001,0.009000000000000001,0.00031622776601683794,0.008,0.009000000000000001,0.0088,0.009000000000000001,0.00040000000000000034,0.0,0.0,0.0,0.0,0.0
32,32,4096,11008,32768,True,1120,2,0.066,0.13,0.07075000000000001,0.067,0.01367433727827422,0.089,0.111,0.09154999999999999,0.09,0.004903825037661929,0.009000000000000001,0.009000000000000001,0.009000000000000001,0.009000000000000001,0.0,0.039,0.056,0.0412,0.04,0.0036000000000000003,0.164,0.181,0.16720000000000002,0.166,0.003429285639896447,0.089,0.112,0.09135,0.09,0.005198797937985282,0.017,0.018000000000000002,0.0172,0.017,0.00040000000000000034,0.008,0.009000000000000001,0.00885,0.009000000000000001,0.00035707142142714284,0.008,0.009000000000000001,0.008650000000000001,0.009000000000000001,0.00047696960070847325,0.0,0.0,0.0,0.0,0.0
32,32,4096,11008,32768,True,1104,2,0.069,0.136,0.07465000000000001,0.07,0.014464698406810977,0.089,0.113,0.0914,0.09,0.005388877434122994,0.009000000000000001,0.009000000000000001,0.009000000000000001,0.009000000000000001,0.0,0.038,0.056,0.0405,0.039,0.0037881393849751627,0.169,0.188,0.17225000000000001,0.171,0.004010922587136278,0.088,0.112,0.09095,0.089,0.005342986056504361,0.016,0.017,0.01675,0.017,0.0004330127018922197,0.008,0.009000000000000001,0.00855,0.009000000000000001,0.0004974937185533104,0.008,0.009000000000000001,0.00835,0.008,0.00047696960070847325,0.0,0.0,0.0,0.0,0.0
32,32,4096,11008,32768,True,1088,2,0.068,0.132,0.07235,0.069,0.013795923310891519,0.089,0.112,0.0915,0.09,0.005152669211195302,0.009000000000000001,0.009000000000000001,0.009000000000000001,0.009000000000000001,0.0,0.038,0.055,0.0407,0.04,0.003579106033634656,0.17200000000000001,0.193,0.17645,0.176,0.004128861828639943,0.088,0.112,0.09104999999999999,0.089,0.005370986873936672,0.016,0.017,0.01625,0.016,0.0004330127018922197,0.008,0.009000000000000001,0.0085,0.0085,0.0005000000000000004,0.008,0.009000000000000001,0.0083,0.008,0.0004582575694955844,0.0,0.0,0.0,0.0,0.0
32,32,4096,11008,32768,True,1072,2,0.068,0.136,0.07310000000000001,0.069,0.01459760254288354,0.088,0.114,0.0909,0.089,0.005726255320888165,0.009000000000000001,0.009000000000000001,0.009000000000000001,0.009000000000000001,0.0,0.038,0.055,0.0402,0.039,0.003709447398198282,0.176,0.198,0.18075,0.18,0.004403123891057352,0.088,0.11,0.0909,0.09,0.0048363209157375004,0.016,0.016,0.016,0.016,0.0,0.007,0.009000000000000001,0.00805,0.008,0.00038405728739343065,0.008,0.009000000000000001,0.0082,0.008,0.00040000000000000034,0.0,0.0,0.0,0.0,0.0
32,32,4096,11008,32768,True,1056,2,0.067,0.138,0.0723,0.068,0.015258112596255148,0.088,0.111,0.09059999999999999,0.089,0.005141984052872978,0.008,0.009000000000000001,0.00805,0.008,0.00021794494717703385,0.037,0.063,0.0393,0.037,0.005728001396647875,0.169,0.189,0.17465000000000003,0.17450000000000002,0.003965791219920681,0.08700000000000001,0.109,0.09015,0.089,0.00485051543652837,0.015,0.016,0.01565,0.016,0.00047696960070847325,0.007,0.007,0.007000000000000001,0.007,0.0,0.007,0.007,0.007000000000000001,0.007,0.0,0.0,0.0,0.0,0.0,0.0
32,32,4096,11008,32768,True,1040,2,0.066,0.127,0.0704,0.067,0.013139254164525473,0.088,0.15,0.09245,0.089,0.013365908124777755,0.008,0.008,0.008,0.008,0.0,0.037,0.056,0.0395,0.038,0.004189272013130683,0.169,0.184,0.17200000000000001,0.171,0.0033166247903553977,0.088,0.112,0.091,0.089,0.005310367218940703,0.015,0.015,0.015,0.015,0.0,0.007,0.007,0.007000000000000001,0.007,0.0,0.007,0.007,0.007000000000000001,0.007,0.0,0.0,0.0,0.0,0.0,0.0
32,32,4096,11008,32768,True,1024,2,0.067,0.137,0.07205,0.068,0.014998249897904756,0.092,0.121,0.09435,0.093,0.006405271266699015,0.008,0.008,0.008,0.008,0.0,0.027,0.028,0.027200000000000002,0.027,0.00040000000000000034,0.134,0.158,0.1365,0.135,0.004984977432245806,0.063,0.067,0.06434999999999999,0.064,0.000963068014212912,0.014,0.015,0.014050000000000002,0.014,0.0002179449471770335,0.007,0.007,0.007000000000000001,0.007,0.0,0.007,0.007,0.007000000000000001,0.007,0.0,0.0,0.0,0.0,0.0,0.0
32,32,4096,11008,32768,True,1016,2,0.065,0.13,0.07045,0.067,0.013785771650509811,0.084,0.113,0.09325,0.092,0.005185315805233082,0.008,0.008,0.008,0.008,0.0,0.026000000000000002,0.028,0.027000000000000003,0.027,0.00031622776601683767,0.134,0.157,0.13605,0.135,0.004862869523234197,0.062,0.066,0.06394999999999999,0.064,0.0009733961166965902,0.014,0.015,0.014050000000000002,0.014,0.0002179449471770335,0.007,0.007,0.007000000000000001,0.007,0.0,0.007,0.007,0.007000000000000001,0.007,0.0,0.0,0.0,0.0,0.0,0.0
32,32,4096,11008,32768,True,1008,2,0.064,0.123,0.0694,0.066,0.012567418191498203,0.092,0.11800000000000001,0.09455,0.093,0.005705041629997105,0.008,0.008,0.008,0.008,0.0,0.026000000000000002,0.027,0.026850000000000002,0.027,0.0003570714214271416,0.135,0.156,0.13625,0.135,0.004548351349665061,0.062,0.066,0.06394999999999999,0.064,0.0009733961166965902,0.014,0.014,0.014000000000000002,0.014,0.0,0.006,0.007,0.006900000000000001,0.007,0.0003,0.006,0.007,0.0069500000000000004,0.007,0.0002179449471770337,0.0,0.0,0.0,0.0,0.0
32,32,4096,11008,32768,True,1000,2,0.063,0.138,0.06855,0.0645,0.016007732506510722,0.091,0.114,0.09405,0.093,0.0048628695232342,0.008,0.008,0.008,0.008,0.0,0.026000000000000002,0.028,0.0269,0.027,0.0004358898943540667,0.134,0.156,0.1361,0.135,0.004646504062195575,0.062,0.065,0.06325,0.063,0.0008874119674649432,0.013000000000000001,0.014,0.013850000000000001,0.014,0.0003570714214271422,0.006,0.007,0.00685,0.007,0.0003570714214271425,0.006,0.007,0.0068000000000000005,0.007,0.0004,0.0,0.0,0.0,0.0,0.0
32,32,4096,11008,32768,True,992,2,0.062,0.12,0.06770000000000001,0.064,0.012645552577882866,0.091,0.114,0.09369999999999999,0.092,0.004990991885387114,0.008,0.008,0.008,0.008,0.0,0.026000000000000002,0.027,0.026600000000000002,0.027,0.0004898979485566344,0.133,0.156,0.13565,0.135,0.004725198408532702,0.061,0.065,0.0631,0.063,0.0008888194417315596,0.014,0.014,0.014000000000000002,0.014,0.0,0.006,0.007,0.0062,0.006,0.0004,0.006,0.007,0.00625,0.006,0.00043301270189221935,0.0,0.0,0.0,0.0,0.0
32,32,4096,11008,32768,True,984,2,0.066,0.14100000000000001,0.07135,0.067,0.016119165611159905,0.083,0.115,0.0922,0.092,0.006469930447848726,0.008,0.008,0.008,0.008,0.0,0.027,0.028,0.027100000000000003,0.027,0.00030000000000000024,0.133,0.158,0.13595000000000002,0.135,0.005152426612771888,0.062,0.067,0.0632,0.063,0.0010770329614269018,0.013000000000000001,0.014,0.013550000000000001,0.014,0.0004974937185533095,0.006,0.007,0.00605,0.006,0.0002179449471770337,0.006,0.006,0.006,0.006,0.0,0.0,0.0,0.0,0.0,0.0
32,32,4096,11008,32768,True,976,2,0.064,0.138,0.07060000000000001,0.066,0.015969971822141705,0.083,0.114,0.09195,0.092,0.00617636624561724,0.008,0.008,0.008,0.008,0.0,0.026000000000000002,0.027,0.0269,0.027,0.0002999999999999992,0.133,0.157,0.13505,0.134,0.0050741994442473366,0.062,0.065,0.06305000000000001,0.063,0.0007399324293474378,0.013000000000000001,0.014,0.01315,0.013000000000000001,0.0003570714214271422,0.006,0.007,0.0060999999999999995,0.006,0.0003,0.006,0.007,0.00625,0.006,0.00043301270189221935,0.0,0.0,0.0,0.0,0.0
32,32,4096,11008,32768,True,968,2,0.063,0.123,0.06795,0.064,0.012757252839071583,0.084,0.115,0.0941,0.093,0.005467174773134659,0.008,0.008,0.008,0.008,0.0,0.026000000000000002,0.027,0.026500000000000003,0.026500000000000003,0.0004999999999999987,0.133,0.157,0.13525,0.134,0.0050386009963083985,0.062,0.065,0.06285,0.063,0.0006538348415311016,0.013000000000000001,0.014,0.0134,0.013000000000000001,0.0004898979485566352,0.006,0.007,0.00605,0.006,0.0002179449471770337,0.006,0.007,0.0060999999999999995,0.006,0.0003,0.0,0.0,0.0,0.0,0.0
32,32,4096,11008,32768,True,960,2,0.062,0.122,0.06620000000000001,0.063,0.012917430084966592,0.083,0.113,0.0927,0.092,0.005719265687131522,0.008,0.008,0.008,0.008,0.0,0.026000000000000002,0.027,0.0269,0.027,0.0002999999999999992,0.132,0.155,0.1349,0.134,0.004678675026115832,0.062,0.066,0.06305000000000001,0.063,0.0009205976319760993,0.013000000000000001,0.014,0.01315,0.013000000000000001,0.0003570714214271422,0.006,0.006,0.006,0.006,0.0,0.006,0.006,0.006,0.006,0.0,0.0,0.0,0.0,0.0,0.0
32,32,4096,11008,32768,True,952,2,0.062,0.121,0.0668,0.063,0.012619825672330026,0.091,0.114,0.0935,0.092,0.004964876634922565,0.008,0.008,0.008,0.008,0.0,0.026000000000000002,0.027,0.026850000000000002,0.027,0.0003570714214271416,0.132,0.155,0.13455,0.133,0.004748420790115382,0.061,0.066,0.06285,0.063,0.0009096702699330135,0.013000000000000001,0.014,0.0132,0.013000000000000001,0.0003999999999999997,0.006,0.007,0.00605,0.006,0.0002179449471770337,0.006,0.006,0.006,0.006,0.0,0.0,0.0,0.0,0.0,0.0
32,32,4096,11008,32768,True,944,2,0.063,0.136,0.06805,0.064,0.015711381225086484,0.091,0.115,0.09405,0.093,0.005044551516240073,0.008,0.008,0.008,0.008,0.0,0.026000000000000002,0.027,0.026850000000000002,0.027,0.0003570714214271416,0.132,0.156,0.1347,0.134,0.004930517214248418,0.061,0.065,0.0627,0.063,0.0007810249675906661,0.013000000000000001,0.013000000000000001,0.013000000000000001,0.013000000000000001,0.0,0.006,0.006,0.006,0.006,0.0,0.006,0.007,0.0063,0.006,0.000458257569495584,0.0,0.0,0.0,0.0,0.0
32,32,4096,11008,32768,True,936,2,0.063,0.129,0.0679,0.064,0.014134709052541548,0.083,0.113,0.09265,0.0925,0.006085022596506935,0.008,0.008,0.008,0.008,0.0,0.026000000000000002,0.027,0.0264,0.026000000000000002,0.0004898979485566344,0.133,0.155,0.135,0.134,0.004658325879540844,0.061,0.065,0.06255,0.063,0.0009205976319760993,0.013000000000000001,0.013000000000000001,0.013000000000000001,0.013000000000000001,0.0,0.006,0.006,0.006,0.006,0.0,0.006,0.006,0.006,0.006,0.0,0.0,0.0,0.0,0.0,0.0
32,32,4096,11008,32768,True,928,2,0.062,0.134,0.06820000000000001,0.064,0.015266302761310612,0.084,0.113,0.09235,0.091,0.005160184105242758,0.008,0.008,0.008,0.008,0.0,0.027,0.027,0.027000000000000003,0.027,0.0,0.131,0.159,0.1347,0.133,0.0058403767001795346,0.061,0.065,0.0624,0.062,0.0009165151389911689,0.012,0.013000000000000001,0.01295,0.013000000000000001,0.00021794494717703385,0.006,0.007,0.0060999999999999995,0.006,0.0003,0.006,0.007,0.00605,0.006,0.0002179449471770337,0.0,0.0,0.0,0.0,0.0
32,32,4096,11008,32768,True,920,2,0.059000000000000004,0.134,0.0666,0.063,0.015755633912984904,0.091,0.116,0.094,0.093,0.005272570530585629,0.007,0.008,0.007050000000000001,0.007,0.0002179449471770337,0.027,0.027,0.027000000000000003,0.027,0.0,0.132,0.16,0.1346,0.1335,0.005911006682452659,0.061,0.066,0.0627,0.063,0.0010049875621120899,0.012,0.012,0.012,0.012,0.0,0.006,0.006,0.006,0.006,0.0,0.006,0.006,0.006,0.006,0.0,0.0,0.0,0.0,0.0,0.0
32,32,4096,11008,32768,True,912,2,0.06,0.129,0.06545,0.0615,0.014790114942082095,0.091,0.114,0.09375,0.0925,0.004928234978164091,0.007,0.008,0.007050000000000001,0.007,0.0002179449471770337,0.027,0.027,0.027000000000000003,0.027,0.0,0.133,0.157,0.13545000000000001,0.134,0.004984726672546849,0.061,0.065,0.062349999999999996,0.062,0.0009096702699330135,0.012,0.013000000000000001,0.0126,0.013000000000000001,0.000489897948556636,0.006,0.006,0.006,0.006,0.0,0.006,0.006,0.006,0.006,0.0,0.0,0.0,0.0,0.0,0.0
32,32,4096,11008,32768,True,904,2,0.063,0.127,0.0671,0.0635,0.013830762813380902,0.082,0.114,0.09245,0.091,0.005616716122433108,0.007,0.007,0.007000000000000001,0.007,0.0,0.026000000000000002,0.027,0.02655,0.027,0.0004974937185533088,0.133,0.159,0.1358,0.135,0.005390732788777421,0.061,0.066,0.0623,0.062,0.001100000000000001,0.012,0.012,0.012,0.012,0.0,0.006,0.006,0.006,0.006,0.0,0.006,0.006,0.006,0.006,0.0,0.0,0.0,0.0,0.0,0.0
32,32,4096,11008,32768,True,896,2,0.063,0.146,0.0683,0.064,0.017944637081869334,0.085,0.09,0.08585000000000001,0.0855,0.0012359207094308252,0.007,0.008,0.007050000000000001,0.007,0.0002179449471770337,0.028,0.028,0.028000000000000004,0.028,0.0,0.133,0.155,0.1363,0.1355,0.004405678154382136,0.06,0.064,0.0612,0.061,0.0008717797887081354,0.012,0.013000000000000001,0.0124,0.012,0.000489897948556636,0.006,0.006,0.006,0.006,0.0,0.006,0.006,0.006,0.006,0.0,0.0,0.0,0.0,0.0,0.0
32,32,4096,11008,32768,True,888,2,0.062,0.131,0.06735,0.063,0.01473524685914695,0.085,0.09,0.08655,0.08600000000000001,0.0010712142642814253,0.007,0.007,0.007000000000000001,0.007,0.0,0.027,0.028,0.027850000000000003,0.028,0.00035707142142714284,0.134,0.158,0.13765,0.137,0.0047673367827331,0.061,0.065,0.06194999999999999,0.062,0.0008046738469715547,0.011,0.012,0.011949999999999999,0.012,0.00021794494717703385,0.006,0.006,0.006,0.006,0.0,0.006,0.006,0.006,0.006,0.0,0.0,0.0,0.0,0.0,0.0
32,32,4096,11008,32768,True,880,2,0.061,0.139,0.0666,0.063,0.016707483353276164,0.091,0.113,0.09375,0.092,0.004773625456610522,0.007,0.007,0.007000000000000001,0.007,0.0,0.027,0.027,0.027000000000000003,0.027,0.0,0.133,0.158,0.13545000000000001,0.134,0.005219913792391593,0.061,0.065,0.062,0.062,0.0008944271909999167,0.012,0.012,0.012,0.012,0.0,0.006,0.006,0.006,0.006,0.0,0.006,0.006,0.006,0.006,0.0,0.0,0.0,0.0,0.0,0.0
32,32,4096,11008,32768,True,872,2,0.061,0.132,0.06634999999999999,0.062,0.015179838602567552,0.091,0.112,0.09335,0.092,0.004452808102759427,0.007,0.007,0.007000000000000001,0.007,0.0,0.026000000000000002,0.027,0.026250000000000002,0.026000000000000002,0.0004330127018922182,0.132,0.156,0.13505,0.134,0.004873140671066247,0.06,0.065,0.0619,0.062,0.0009433981132056612,0.011,0.012,0.011699999999999999,0.012,0.0004582575694955844,0.006,0.006,0.006,0.006,0.0,0.006,0.006,0.006,0.006,0.0,0.0,0.0,0.0,0.0,0.0
32,32,4096,11008,32768,True,864,2,0.058,0.125,0.06445,0.061,0.014015973030795971,0.082,0.112,0.091,0.0915,0.006340346993658943,0.007,0.007,0.007000000000000001,0.007,0.0,0.027,0.028,0.02705,0.027,0.00021794494717703385,0.133,0.155,0.1353,0.134,0.004616275555033514,0.061,0.064,0.0618,0.062,0.0007483314773547889,0.011,0.012,0.011699999999999999,0.012,0.0004582575694955844,0.006,0.006,0.006,0.006,0.0,0.006,0.006,0.006,0.006,0.0,0.0,0.0,0.0,0.0,0.0
32,32,4096,11008,32768,True,856,2,0.06,0.132,0.06520000000000001,0.061,0.01541622521890492,0.091,0.113,0.09345,0.092,0.004684815898197069,0.007,0.007,0.007000000000000001,0.007,0.0,0.028,0.029,0.02815,0.028,0.00035707142142714284,0.132,0.161,0.1348,0.134,0.006079473661428265,0.061,0.065,0.06185,0.062,0.0009096702699330135,0.011,0.012,0.01175,0.012,0.0004330127018922197,0.006,0.006,0.006,0.006,0.0,0.006,0.006,0.006,0.006,0.0,0.0,0.0,0.0,0.0,0.0
32,32,4096,11008,32768,True,848,2,0.06,0.129,0.06520000000000001,0.061,0.014756693396557375,0.082,0.112,0.0927,0.092,0.005187484939737175,0.007,0.007,0.007000000000000001,0.007,0.0,0.029,0.029,0.029000000000000005,0.029,0.0,0.132,0.156,0.13425,0.133,0.005058408840732428,0.061,0.065,0.062,0.062,0.0008944271909999167,0.011,0.012,0.0116,0.012,0.000489897948556636,0.006,0.006,0.006,0.006,0.0,0.005,0.006,0.00595,0.006,0.0002179449471770337,0.0,0.0,0.0,0.0,0.0
32,32,4096,11008,32768,True,840,2,0.058,0.123,0.06335,0.06,0.01386821906374427,0.089,0.113,0.09219999999999999,0.091,0.004894895300208168,0.007,0.007,0.007000000000000001,0.007,0.0,0.026000000000000002,0.027,0.02615,0.026000000000000002,0.0003570714214271416,0.134,0.163,0.1366,0.135,0.006110646446980875,0.06,0.064,0.061450000000000005,0.061,0.0008645808232895299,0.011,0.012,0.011649999999999999,0.012,0.00047696960070847325,0.006,0.006,0.006,0.006,0.0,0.006,0.006,0.006,0.006,0.0,0.0,0.0,0.0,0.0,0.0
32,32,4096,11008,32768,True,832,2,0.06,0.123,0.0646,0.061,0.013510736471414132,0.089,0.112,0.0928,0.092,0.004686149805543994,0.007,0.007,0.007000000000000001,0.007,0.0,0.025,0.026000000000000002,0.0253,0.025,0.0004582575694955844,0.138,0.159,0.1403,0.139,0.004325505750776432,0.063,0.065,0.0637,0.064,0.0006403124237432854,0.011,0.012,0.0113,0.011,0.0004582575694955844,0.006,0.006,0.006,0.006,0.0,0.006,0.006,0.006,0.006,0.0,0.0,0.0,0.0,0.0,0.0
32,32,4096,11008,32768,True,824,2,0.061,0.129,0.06584999999999999,0.062,0.014626260629429521,0.082,0.112,0.09154999999999999,0.0915,0.005995623403783797,0.007,0.007,0.007000000000000001,0.007,0.0,0.025,0.026000000000000002,0.02515,0.025,0.00035707142142714284,0.138,0.162,0.14015000000000002,0.139,0.00504256878981338,0.06,0.064,0.061149999999999996,0.061,0.0008529361054615998,0.011,0.011,0.011,0.011,0.0,0.005,0.006,0.00585,0.006,0.0003570714214271425,0.005,0.006,0.00585,0.006,0.0003570714214271425,0.0,0.0,0.0,0.0,0.0
32,32,4096,11008,32768,True,816,2,0.058,0.133,0.06375,0.06,0.01596832802769282,0.091,0.112,0.09315,0.092,0.004607331114647613,0.007,0.007,0.007000000000000001,0.007,0.0,0.025,0.026000000000000002,0.0253,0.025,0.0004582575694955844,0.139,0.16,0.14075000000000001,0.14,0.0044595403350569645,0.06,0.064,0.0612,0.061,0.0009273618495495712,0.011,0.011,0.011,0.011,0.0,0.006,0.006,0.006,0.006,0.0,0.006,0.006,0.006,0.006,0.0,0.0,0.0,0.0,0.0,0.0
32,32,4096,11008,32768,True,808,2,0.058,0.136,0.06285,0.058,0.016879795614876385,0.083,0.112,0.09219999999999999,0.0915,0.005134199061197375,0.007,0.007,0.007000000000000001,0.007,0.0,0.025,0.026000000000000002,0.0251,0.025,0.00030000000000000024,0.137,0.159,0.13920000000000002,0.138,0.0045782092569038365,0.06,0.065,0.0612,0.061,0.001029563014098701,0.011,0.011,0.011,0.011,0.0,0.005,0.006,0.005900000000000001,0.006,0.0003,0.005,0.006,0.00595,0.006,0.0002179449471770337,0.0,0.0,0.0,0.0,0.0
32,32,4096,11008,32768,True,800,2,0.057,0.12,0.0612,0.058,0.01360367597379473,0.082,0.113,0.0921,0.0915,0.005485435260760992,0.007,0.007,0.007000000000000001,0.007,0.0,0.025,0.026000000000000002,0.02515,0.025,0.00035707142142714284,0.14,0.161,0.14200000000000002,0.14100000000000001,0.004427188724235729,0.06,0.065,0.0611,0.061,0.0010908712114635723,0.011,0.011,0.011,0.011,0.0,0.005,0.006,0.005900000000000001,0.006,0.0003,0.005,0.006,0.00585,0.006,0.0003570714214271425,0.0,0.0,0.0,0.0,0.0
32,32,4096,11008,32768,True,792,2,0.061,0.176,0.06885,0.062,0.024900351403142888,0.091,0.113,0.09305,0.092,0.004831925082200677,0.006,0.007,0.00655,0.007,0.00049749371855331,0.025,0.026000000000000002,0.0252,0.025,0.00040000000000000034,0.135,0.16,0.1385,0.1375,0.005004997502496878,0.06,0.065,0.061149999999999996,0.061,0.001061838029079766,0.01,0.011,0.010100000000000001,0.01,0.00029999999999999976,0.005,0.005,0.005,0.005,0.0,0.005,0.005,0.005,0.005,0.0,0.0,0.0,0.0,0.0,0.0
32,32,4096,11008,32768,True,784,2,0.058,0.134,0.06395,0.059000000000000004,0.01623106589229432,0.081,0.113,0.09004999999999999,0.09,0.00688095196902289,0.006,0.007,0.00625,0.006,0.00043301270189221935,0.025,0.026000000000000002,0.02515,0.025,0.00035707142142714284,0.136,0.156,0.13805,0.137,0.004165033013074444,0.06,0.064,0.060899999999999996,0.061,0.0009433981132056612,0.01,0.011,0.01005,0.01,0.0002179449471770335,0.005,0.005,0.005,0.005,0.0,0.005,0.005,0.005,0.005,0.0,0.0,0.0,0.0,0.0,0.0
32,32,4096,11008,32768,True,776,2,0.056,0.11800000000000001,0.06035,0.056,0.013525069315903708,0.081,0.111,0.092,0.091,0.005224940191045253,0.006,0.007,0.00615,0.006,0.0003570714214271425,0.025,0.026000000000000002,0.0252,0.025,0.00040000000000000034,0.148,0.167,0.14984999999999998,0.149,0.003978379066906524,0.065,0.067,0.0655,0.065,0.0005916079783099621,0.01,0.01,0.01,0.01,0.0,0.005,0.005,0.005,0.005,0.0,0.005,0.005,0.005,0.005,0.0,0.0,0.0,0.0,0.0,0.0
32,32,4096,11008,32768,True,768,2,0.055,0.11900000000000001,0.0595,0.056,0.013793114224133724,0.07,0.091,0.07265,0.07100000000000001,0.004585575209283998,0.006,0.007,0.00605,0.006,0.0002179449471770337,0.025,0.025,0.025,0.025,0.0,0.107,0.113,0.10815,0.108,0.0013883443376914834,0.057,0.062,0.05795,0.058,0.0011608186766243899,0.01,0.011,0.01005,0.01,0.0002179449471770335,0.005,0.005,0.005,0.005,0.0,0.005,0.005,0.005,0.005,0.0,0.0,0.0,0.0,0.0,0.0
32,32,4096,11008,32768,True,760,2,0.059000000000000004,0.126,0.0648,0.06,0.015161134522191932,0.07100000000000001,0.093,0.07365000000000001,0.07200000000000001,0.004809105946015328,0.006,0.007,0.00615,0.006,0.0003570714214271425,0.025,0.025,0.025,0.025,0.0,0.106,0.115,0.10805000000000001,0.1075,0.0020609463845524967,0.057,0.062,0.05800000000000001,0.058,0.0011401754250991377,0.01,0.01,0.01,0.01,0.0,0.005,0.005,0.005,0.005,0.0,0.005,0.005,0.005,0.005,0.0,0.0,0.0,0.0,0.0,0.0
32,32,4096,11008,32768,True,752,2,0.059000000000000004,0.137,0.06465,0.06,0.016930076786594916,0.07,0.092,0.0728,0.07100000000000001,0.004925444142409898,0.006,0.007,0.00605,0.006,0.0002179449471770337,0.025,0.025,0.025,0.025,0.0,0.106,0.114,0.10800000000000001,0.107,0.0018973665961010292,0.057,0.062,0.05765,0.057,0.001152171862180291,0.01,0.01,0.01,0.01,0.0,0.005,0.005,0.005,0.005,0.0,0.005,0.005,0.005,0.005,0.0,0.0,0.0,0.0,0.0,0.0
32,32,4096,11008,32768,True,744,2,0.057,0.128,0.06375,0.058,0.01611171933717814,0.07100000000000001,0.091,0.07310000000000001,0.07200000000000001,0.004548626166217661,0.006,0.007,0.0060999999999999995,0.006,0.0003,0.025,0.025,0.025,0.025,0.0,0.106,0.114,0.10874999999999999,0.108,0.001728438601744362,0.057,0.062,0.057800000000000004,0.0575,0.0011661903789690598,0.01,0.01,0.01,0.01,0.0,0.005,0.005,0.005,0.005,0.0,0.005,0.005,0.005,0.005,0.0,0.0,0.0,0.0,0.0,0.0
32,32,4096,11008,32768,True,736,2,0.057,0.17400000000000002,0.06475,0.059000000000000004,0.0251234452255259,0.07,0.091,0.0728,0.07100000000000001,0.0045453272709454024,0.006,0.006,0.006,0.006,0.0,0.025,0.025,0.025,0.025,0.0,0.106,0.112,0.1078,0.107,0.0016309506430300105,0.057,0.063,0.05765,0.057,0.0013143439428094912,0.01,0.01,0.01,0.01,0.0,0.005,0.005,0.005,0.005,0.0,0.005,0.005,0.005,0.005,0.0,0.0,0.0,0.0,0.0,0.0
32,32,4096,11008,32768,True,728,2,0.055,0.13,0.06135,0.058,0.015903694539320102,0.07,0.092,0.07285,0.07100000000000001,0.0047463143595847055,0.006,0.006,0.006,0.006,0.0,0.025,0.025,0.025,0.025,0.0,0.107,0.115,0.10925,0.109,0.001728438601744362,0.057,0.062,0.057550000000000004,0.057,0.0011608186766243896,0.009000000000000001,0.01,0.00975,0.01,0.00043301270189221897,0.005,0.005,0.005,0.005,0.0,0.005,0.005,0.005,0.005,0.0,0.0,0.0,0.0,0.0,0.0
32,32,4096,11008,32768,True,720,2,0.055,0.123,0.059699999999999996,0.056,0.014611981385151022,0.07,0.089,0.0728,0.07150000000000001,0.004130375285612674,0.006,0.006,0.006,0.006,0.0,0.024,0.025,0.02495,0.025,0.00021794494717703385,0.108,0.114,0.1106,0.1105,0.0014628738838327806,0.056,0.062,0.05745,0.057,0.0012031209415515963,0.01,0.01,0.01,0.01,0.0,0.005,0.005,0.005,0.005,0.0,0.005,0.005,0.005,0.005,0.0,0.0,0.0,0.0,0.0,0.0
32,32,4096,11008,32768,True,712,2,0.056,0.121,0.0605,0.057,0.014001785600415397,0.07100000000000001,0.111,0.07390000000000001,0.07100000000000001,0.00874585616163449,0.006,0.006,0.006,0.006,0.0,0.025,0.026000000000000002,0.02505,0.025,0.00021794494717703385,0.106,0.113,0.1083,0.108,0.0016155494421403527,0.057,0.062,0.057550000000000004,0.057,0.0011608186766243896,0.009000000000000001,0.01,0.00995,0.01,0.0002179449471770335,0.005,0.005,0.005,0.005,0.0,0.005,0.005,0.005,0.005,0.0,0.0,0.0,0.0,0.0,0.0
32,32,4096,11008,32768,True,704,2,0.054,0.121,0.06055000000000001,0.057,0.014097783513730092,0.07,0.09,0.0724,0.07100000000000001,0.004386342439892259,0.006,0.006,0.006,0.006,0.0,0.025,0.025,0.025,0.025,0.0,0.11,0.114,0.11220000000000001,0.112,0.0010770329614269018,0.056,0.062,0.05735,0.057,0.0011947803145348518,0.009000000000000001,0.01,0.0094,0.009000000000000001,0.0004898979485566352,0.005,0.005,0.005,0.005,0.0,0.005,0.005,0.005,0.005,0.0,0.0,0.0,0.0,0.0,0.0
32,32,4096,11008,32768,True,696,2,0.055,0.117,0.0601,0.056,0.013367497896016293,0.07,0.091,0.07260000000000001,0.07100000000000001,0.004465422712353219,0.006,0.006,0.006,0.006,0.0,0.025,0.025,0.025,0.025,0.0,0.11,0.113,0.11185,0.112,0.0008529361054615998,0.057,0.062,0.057600000000000005,0.057,0.0012,0.009000000000000001,0.01,0.00995,0.01,0.0002179449471770335,0.005,0.005,0.005,0.005,0.0,0.005,0.005,0.005,0.005,0.0,0.0,0.0,0.0,0.0,0.0
32,32,4096,11008,32768,True,688,2,0.055,0.12,0.059750000000000004,0.056,0.013927939546106594,0.07,0.092,0.07295,0.07200000000000001,0.0047589389573727435,0.006,0.006,0.006,0.006,0.0,0.025,0.025,0.025,0.025,0.0,0.105,0.113,0.10745,0.107,0.001716828471338941,0.057,0.062,0.05770000000000001,0.057,0.0012288205727444507,0.009000000000000001,0.01,0.009300000000000001,0.009000000000000001,0.0004582575694955836,0.005,0.005,0.005,0.005,0.0,0.005,0.005,0.005,0.005,0.0,0.0,0.0,0.0,0.0,0.0
32,32,4096,11008,32768,True,680,2,0.054,0.125,0.060050000000000006,0.055,0.015314943682560507,0.07,0.091,0.0733,0.07200000000000001,0.004417012565071553,0.006,0.006,0.006,0.006,0.0,0.025,0.025,0.025,0.025,0.0,0.108,0.113,0.11000000000000001,0.11,0.0013784048752090235,0.056,0.062,0.05750000000000001,0.057,0.0012449899597988731,0.009000000000000001,0.01,0.0091,0.009000000000000001,0.00029999999999999976,0.005,0.005,0.005,0.005,0.0,0.005,0.005,0.005,0.005,0.0,0.0,0.0,0.0,0.0,0.0
32,32,4096,11008,32768,True,672,2,0.056,1.795,0.14995,0.063,0.37745880238775725,0.07,0.093,0.07260000000000001,0.07100000000000001,0.005063595560468863,0.006,0.006,0.006,0.006,0.0,0.026000000000000002,0.026000000000000002,0.026000000000000002,0.026000000000000002,0.0,0.111,0.11900000000000001,0.11435,0.1145,0.002151162476429897,0.056,0.062,0.05735,0.057,0.0012359207094308274,0.009000000000000001,0.009000000000000001,0.009000000000000001,0.009000000000000001,0.0,0.005,0.005,0.005,0.005,0.0,0.005,0.005,0.005,0.005,0.0,0.0,0.0,0.0,0.0,0.0
32,32,4096,11008,32768,True,664,2,0.056,0.129,0.062,0.058,0.015530614926653741,0.07,0.093,0.0724,0.07100000000000001,0.0052478567053607685,0.006,0.006,0.006,0.006,0.0,0.026000000000000002,0.026000000000000002,0.026000000000000002,0.026000000000000002,0.0,0.108,0.116,0.1117,0.111,0.002685144316419513,0.056,0.061,0.05725,0.057,0.0010428326807307101,0.009000000000000001,0.01,0.00905,0.009000000000000001,0.0002179449471770335,0.005,0.005,0.005,0.005,0.0,0.005,0.005,0.005,0.005,0.0,0.0,0.0,0.0,0.0,0.0
32,32,4096,11008,32768,True,656,2,0.055,0.138,0.0618,0.057,0.017645396000090224,0.07,0.09,0.0723,0.07100000000000001,0.004313930922024595,0.005,0.006,0.0056,0.006,0.0004898979485566357,0.026000000000000002,0.026000000000000002,0.026000000000000002,0.026000000000000002,0.0,0.107,0.114,0.10955,0.109,0.0020609463845524967,0.056,0.061,0.057300000000000004,0.057,0.0010049875621120886,0.008,0.008,0.008,0.008,0.0,0.004,0.004,0.004,0.004,0.0,0.004,0.004,0.004,0.004,0.0,0.0,0.0,0.0,0.0,0.0
32,32,4096,11008,32768,True,648,2,0.052000000000000005,0.122,0.0573,0.0535,0.014920120642943875,0.07,0.089,0.07250000000000001,0.07100000000000001,0.004153311931459035,0.005,0.006,0.00595,0.006,0.0002179449471770337,0.025,0.026000000000000002,0.02595,0.026000000000000002,0.00021794494717703385,0.111,0.117,0.1149,0.116,0.001757839583124696,0.056,0.061,0.05725,0.057,0.0010897247358851682,0.008,0.008,0.008,0.008,0.0,0.004,0.004,0.004,0.004,0.0,0.004,0.004,0.004,0.004,0.0,0.0,0.0,0.0,0.0,0.0
32,32,4096,11008,32768,True,640,2,0.053,0.11900000000000001,0.0635,0.0555,0.01576863976378432,0.047,0.052000000000000005,0.04845000000000001,0.0485,0.0011169153951844349,0.005,0.006,0.0058000000000000005,0.006,0.0004,0.025,0.041,0.02705,0.026000000000000002,0.003293554311074891,0.10200000000000001,0.112,0.10464999999999999,0.10400000000000001,0.00219715725427198,0.055,0.074,0.0568,0.055,0.004202380277890138,0.008,0.008,0.008,0.008,0.0,0.004,0.004,0.004,0.004,0.0,0.004,0.004,0.004,0.004,0.0,0.0,0.0,0.0,0.0,0.0
32,32,4096,11008,32768,True,632,2,0.053,0.12,0.05815,0.055,0.014329253295269784,0.047,0.052000000000000005,0.048350000000000004,0.048,0.001107925990308018,0.005,0.006,0.005900000000000001,0.006,0.0003,0.026000000000000002,0.042,0.027450000000000002,0.027,0.003456515586540874,0.10300000000000001,0.113,0.10515000000000001,0.10400000000000001,0.002414021540914659,0.054,0.07200000000000001,0.05605,0.055,0.004005933099790861,0.008,0.008,0.008,0.008,0.0,0.004,0.004,0.004,0.004,0.0,0.004,0.004,0.004,0.004,0.0,0.0,0.0,0.0,0.0,0.0
32,32,4096,11008,32768,True,624,2,0.051000000000000004,0.12,0.05775,0.053,0.015273751994843964,0.046,0.052000000000000005,0.0481,0.048,0.0011357816691600557,0.005,0.006,0.0057,0.006,0.000458257569495584,0.025,0.04,0.028050000000000002,0.027,0.003639711527030679,0.10300000000000001,0.112,0.1056,0.105,0.0018814887722226762,0.056,0.061,0.057300000000000004,0.057,0.0010535653752852736,0.008,0.008,0.008,0.008,0.0,0.004,0.004,0.004,0.004,0.0,0.004,0.004,0.004,0.004,0.0,0.0,0.0,0.0,0.0,0.0
32,32,4096,11008,32768,True,616,2,0.052000000000000005,0.123,0.057550000000000004,0.054,0.01515082506004211,0.046,0.051000000000000004,0.0481,0.048,0.0009949874371066208,0.005,0.006,0.00575,0.006,0.00043301270189221935,0.026000000000000002,0.041,0.027600000000000003,0.027,0.0032,0.10400000000000001,0.113,0.10569999999999999,0.105,0.0020999999999999986,0.057,0.062,0.05750000000000001,0.057,0.0011618950038622248,0.008,0.008,0.008,0.008,0.0,0.004,0.004,0.004,0.004,0.0,0.004,0.004,0.004,0.004,0.0,0.0,0.0,0.0,0.0,0.0
32,32,4096,11008,32768,True,608,2,0.052000000000000005,0.127,0.0578,0.054,0.01598311609167624,0.046,0.052000000000000005,0.048150000000000005,0.048,0.0011521718621802922,0.005,0.006,0.00585,0.006,0.0003570714214271425,0.026000000000000002,0.042,0.028050000000000002,0.027,0.003866199684444662,0.10400000000000001,0.113,0.10605,0.1055,0.0019098429254784282,0.056,0.061,0.05655,0.056,0.0011608186766243896,0.008,0.008,0.008,0.008,0.0,0.004,0.004,0.004,0.004,0.0,0.004,0.004,0.004,0.004,0.0,0.0,0.0,0.0,0.0,0.0
32,32,4096,11008,32768,True,600,2,0.054,0.137,0.05895,0.054,0.0179957633903094,0.047,0.051000000000000004,0.048,0.048,0.0008366600265340763,0.005,0.006,0.00555,0.006,0.00049749371855331,0.026000000000000002,0.042,0.028100000000000003,0.027,0.003330165161069343,0.10300000000000001,0.112,0.10565,0.106,0.0021277922830953183,0.056,0.061,0.05665,0.056,0.001152171862180291,0.008,0.008,0.008,0.008,0.0,0.004,0.004,0.004,0.004,0.0,0.004,0.004,0.004,0.004,0.0,0.0,0.0,0.0,0.0,0.0
32,32,4096,11008,32768,True,592,2,0.052000000000000005,0.127,0.0576,0.054,0.016038703189472644,0.047,0.051000000000000004,0.048150000000000005,0.048,0.0007921489758877437,0.005,0.006,0.0054,0.005,0.0004898979485566357,0.026000000000000002,0.043000000000000003,0.02765,0.027,0.0036506848672543625,0.10400000000000001,0.114,0.1069,0.1065,0.0023430749027719957,0.056,0.061,0.05695,0.057,0.0011169153951844336,0.008,0.008,0.008,0.008,0.0,0.004,0.004,0.004,0.004,0.0,0.004,0.004,0.004,0.004,0.0,0.0,0.0,0.0,0.0,0.0
32,32,4096,11008,32768,True,584,2,0.053,0.124,0.05795,0.054,0.015246229041963131,0.046,0.051000000000000004,0.0479,0.048,0.0009433981132056612,0.005,0.006,0.0051,0.005,0.0003,0.026000000000000002,0.046,0.028499999999999998,0.027,0.004177319714841084,0.10300000000000001,0.112,0.1056,0.105,0.0020099751242241754,0.056,0.061,0.05675,0.0565,0.0011346805717910213,0.008,0.008,0.008,0.008,0.0,0.004,0.004,0.004,0.004,0.0,0.004,0.004,0.004,0.004,0.0,0.0,0.0,0.0,0.0,0.0
32,32,4096,11008,32768,True,576,2,0.054,0.134,0.059699999999999996,0.055,0.017515992692394,0.047,0.051000000000000004,0.04825,0.048,0.0008291561975888507,0.005,0.006,0.00535,0.005,0.00047696960070847287,0.027,0.045,0.029249999999999998,0.028,0.0037399866309921477,0.093,0.116,0.09609999999999999,0.095,0.004897958758503384,0.059000000000000004,0.063,0.059899999999999995,0.06,0.0009433981132056588,0.008,0.008,0.008,0.008,0.0,0.004,0.004,0.004,0.004,0.0,0.004,0.004,0.004,0.004,0.0,0.0,0.0,0.0,0.0,0.0
32,32,4096,11008,32768,True,568,2,0.051000000000000004,0.125,0.05615,0.052000000000000005,0.01591312351488544,0.047,0.05,0.0487,0.049,0.0006403124237432854,0.005,0.006,0.005050000000000001,0.005,0.0002179449471770337,0.027,0.043000000000000003,0.028800000000000003,0.028,0.003340658617698014,0.10400000000000001,0.114,0.1065,0.106,0.002269361143582045,0.059000000000000004,0.062,0.059750000000000004,0.06,0.0008291561975888478,0.008,0.008,0.008,0.008,0.0,0.004,0.004,0.004,0.004,0.0,0.004,0.004,0.004,0.004,0.0,0.0,0.0,0.0,0.0,0.0
32,32,4096,11008,32768,True,560,2,0.052000000000000005,0.13,0.0578,0.053,0.016720047846821493,0.046,0.051000000000000004,0.0479,0.048,0.0009949874371066208,0.005,0.006,0.0051,0.005,0.0003,0.025,0.025,0.025,0.025,0.0,0.10400000000000001,0.114,0.10705,0.107,0.0020118399538730704,0.059000000000000004,0.063,0.059899999999999995,0.06,0.0008888194417315576,0.008,0.008,0.008,0.008,0.0,0.004,0.004,0.004,0.004,0.0,0.004,0.004,0.004,0.004,0.0,0.0,0.0,0.0,0.0,0.0
32,32,4096,11008,32768,True,552,2,0.052000000000000005,0.122,0.05715,0.053,0.015027558018520506,0.048,0.051000000000000004,0.049350000000000005,0.049,0.0007921489758877437,0.005,0.005,0.005,0.005,0.0,0.025,0.025,0.025,0.025,0.0,0.10400000000000001,0.115,0.1062,0.105,0.002441311123146741,0.059000000000000004,0.062,0.0596,0.059000000000000004,0.0007999999999999979,0.008,0.008,0.008,0.008,0.0,0.004,0.004,0.004,0.004,0.0,0.004,0.004,0.004,0.004,0.0,0.0,0.0,0.0,0.0,0.0
32,32,4096,11008,32768,True,544,2,0.051000000000000004,0.121,0.055400000000000005,0.051500000000000004,0.01513076336474799,0.048,0.05,0.049350000000000005,0.049,0.0005722761571129803,0.005,0.005,0.005,0.005,0.0,0.025,0.025,0.025,0.025,0.0,0.105,0.112,0.10694999999999999,0.1065,0.0016271140095272996,0.059000000000000004,0.062,0.060050000000000006,0.06,0.0007399324293474358,0.008,0.008,0.008,0.008,0.0,0.004,0.004,0.004,0.004,0.0,0.004,0.004,0.004,0.004,0.0,0.0,0.0,0.0,0.0,0.0
32,32,4096,11008,32768,True,536,2,0.052000000000000005,0.128,0.057499999999999996,0.053,0.016421023110634734,0.046,0.051000000000000004,0.047599999999999996,0.047,0.001019803902718558,0.005,0.005,0.005,0.005,0.0,0.025,0.026000000000000002,0.02505,0.025,0.00021794494717703385,0.10400000000000001,0.113,0.10654999999999999,0.107,0.0018567444627627149,0.059000000000000004,0.063,0.059899999999999995,0.06,0.0009433981132056588,0.008,0.008,0.008,0.008,0.0,0.004,0.004,0.004,0.004,0.0,0.004,0.004,0.004,0.004,0.0,0.0,0.0,0.0,0.0,0.0
32,32,4096,11008,32768,True,528,2,0.051000000000000004,0.126,0.05595,0.052000000000000005,0.016172430244091332,0.046,0.051000000000000004,0.0474,0.047,0.001019803902718558,0.004,0.004,0.004,0.004,0.0,0.025,0.025,0.025,0.025,0.0,0.10400000000000001,0.113,0.10669999999999999,0.107,0.0018466185312619385,0.059000000000000004,0.062,0.059899999999999995,0.06,0.0006999999999999984,0.007,0.007,0.007000000000000001,0.007,0.0,0.004,0.004,0.004,0.004,0.0,0.004,0.004,0.004,0.004,0.0,0.0,0.0,0.0,0.0,0.0
32,32,4096,11008,32768,True,520,2,0.051000000000000004,0.124,0.056600000000000004,0.052000000000000005,0.015573695772038182,0.046,0.051000000000000004,0.0474,0.047,0.001019803902718558,0.004,0.004,0.004,0.004,0.0,0.025,0.025,0.025,0.025,0.0,0.10300000000000001,0.113,0.10615000000000001,0.106,0.002308137777516756,0.059000000000000004,0.062,0.059750000000000004,0.06,0.0006982120021884451,0.007,0.007,0.007000000000000001,0.007,0.0,0.004,0.004,0.004,0.004,0.0,0.004,0.004,0.004,0.004,0.0,0.0,0.0,0.0,0.0,0.0
32,32,4096,11008,32768,True,512,2,0.05,0.132,0.05595,0.051000000000000004,0.01764220791170992,0.044,0.049,0.045099999999999994,0.045,0.0011357816691600557,0.004,0.004,0.004,0.004,0.0,0.018000000000000002,0.019,0.018050000000000004,0.018000000000000002,0.00021794494717703312,0.07,0.092,0.07275000000000001,0.07100000000000001,0.00479452813110946,0.04,0.04,0.04,0.04,0.0,0.007,0.007,0.007000000000000001,0.007,0.0,0.004,0.004,0.004,0.004,0.0,0.004,0.004,0.004,0.004,0.0,0.0,0.0,0.0,0.0,0.0
32,32,4096,11008,32768,True,504,2,0.05,0.131,0.05555,0.051000000000000004,0.01740538709710301,0.044,0.049,0.04485,0.0445,0.0012359207094308287,0.004,0.005,0.00405,0.004,0.0002179449471770337,0.018000000000000002,0.019,0.018050000000000004,0.018000000000000002,0.00021794494717703312,0.07,0.091,0.07250000000000001,0.07100000000000001,0.004631414470763762,0.039,0.04,0.039900000000000005,0.04,0.00030000000000000024,0.007,0.007,0.007000000000000001,0.007,0.0,0.004,0.004,0.004,0.004,0.0,0.004,0.004,0.004,0.004,0.0,0.0,0.0,0.0,0.0,0.0
32,32,4096,11008,32768,True,496,2,0.051000000000000004,0.135,0.05895,0.053,0.018744265789835568,0.044,0.049,0.04475,0.044,0.001219631091765048,0.004,0.004,0.004,0.004,0.0,0.018000000000000002,0.019,0.01855,0.019,0.0004974937185533088,0.069,0.09,0.07220000000000001,0.07100000000000001,0.0045011109739707565,0.04,0.04,0.04,0.04,0.0,0.007,0.007,0.007000000000000001,0.007,0.0,0.004,0.004,0.004,0.004,0.0,0.004,0.004,0.004,0.004,0.0,0.0,0.0,0.0,0.0,0.0
32,32,4096,11008,32768,True,488,2,0.049,0.128,0.0551,0.051000000000000004,0.016869795493721907,0.044,0.048,0.04465,0.044,0.001107925990308018,0.004,0.004,0.004,0.004,0.0,0.019,0.019,0.019,0.019,0.0,0.069,0.089,0.07185,0.07100000000000001,0.004257640191467567,0.04,0.041,0.040350000000000004,0.04,0.00047696960070847325,0.007,0.007,0.007000000000000001,0.007,0.0,0.004,0.004,0.004,0.004,0.0,0.004,0.004,0.004,0.004,0.0,0.0,0.0,0.0,0.0,0.0
32,32,4096,11008,32768,True,480,2,0.048,0.11900000000000001,0.053000000000000005,0.049,0.015241391012633986,0.044,0.048,0.044599999999999994,0.044,0.0011135528725660054,0.004,0.004,0.004,0.004,0.0,0.019,0.02,0.01905,0.019,0.00021794494717703385,0.068,0.09,0.07170000000000001,0.07,0.004583666654546333,0.041,0.041,0.041,0.041,0.0,0.007,0.007,0.007000000000000001,0.007,0.0,0.004,0.004,0.004,0.004,0.0,0.004,0.004,0.004,0.004,0.0,0.0,0.0,0.0,0.0,0.0
32,32,4096,11008,32768,True,472,2,0.049,0.126,0.05405,0.05,0.016656755386328995,0.044,0.049,0.0447,0.044,0.0012688577540449532,0.004,0.004,0.004,0.004,0.0,0.019,0.02,0.0191,0.019,0.00030000000000000024,0.069,0.09,0.07165,0.07,0.004661276649159538,0.041,0.042,0.041650000000000006,0.042,0.00047696960070847325,0.007,0.007,0.007000000000000001,0.007,0.0,0.004,0.004,0.004,0.004,0.0,0.004,0.004,0.004,0.004,0.0,0.0,0.0,0.0,0.0,0.0
32,32,4096,11008,32768,True,464,2,0.048,0.132,0.05455,0.049,0.01801520191393924,0.044,0.049,0.04465,0.044,0.0012757350822173085,0.004,0.004,0.004,0.004,0.0,0.019,0.02,0.0196,0.02,0.000489897948556636,0.069,0.09,0.07135,0.07,0.004596466033813366,0.042,0.042,0.042,0.042,0.0,0.006,0.007,0.0069500000000000004,0.007,0.0002179449471770337,0.004,0.004,0.004,0.004,0.0,0.004,0.004,0.004,0.004,0.0,0.0,0.0,0.0,0.0,0.0
32,32,4096,11008,32768,True,456,2,0.045,0.117,0.0498,0.046,0.01549386975548717,0.043000000000000003,0.048,0.0441,0.044,0.001135781669160054,0.004,0.004,0.004,0.004,0.0,0.02,0.02,0.02,0.02,0.0,0.068,0.08700000000000001,0.07100000000000001,0.07,0.003987480407475377,0.043000000000000003,0.044,0.04335,0.043000000000000003,0.00047696960070846994,0.006,0.007,0.0069500000000000004,0.007,0.0002179449471770337,0.004,0.004,0.004,0.004,0.0,0.004,0.004,0.004,0.004,0.0,0.0,0.0,0.0,0.0,0.0
32,32,4096,11008,32768,True,448,2,0.048,0.132,0.05425,0.049,0.018041272128095625,0.044,0.048,0.0447,0.044,0.0010049875621120899,0.004,0.005,0.00405,0.004,0.0002179449471770337,0.02,0.021,0.020050000000000002,0.02,0.00021794494717703385,0.068,0.09,0.0713,0.07,0.004594562003064054,0.044,0.045,0.04429999999999999,0.044,0.0004582575694955844,0.006,0.007,0.0069500000000000004,0.007,0.0002179449471770337,0.004,0.004,0.004,0.004,0.0,0.004,0.004,0.004,0.004,0.0,0.0,0.0,0.0,0.0,0.0
32,32,4096,11008,32768,True,440,2,0.048,0.121,0.05345,0.049,0.015736819882047327,0.044,0.047,0.04445,0.044,0.0008046738469715547,0.004,0.005,0.00405,0.004,0.0002179449471770337,0.02,0.02,0.02,0.02,0.0,0.069,0.088,0.07100000000000001,0.07,0.004195235392680604,0.044,0.045,0.04425,0.044,0.0004330127018922197,0.006,0.007,0.0069500000000000004,0.007,0.0002179449471770337,0.004,0.004,0.004,0.004,0.0,0.004,0.004,0.004,0.004,0.0,0.0,0.0,0.0,0.0,0.0
32,32,4096,11008,32768,True,432,2,0.047,0.122,0.053200000000000004,0.049,0.016209873534361704,0.043000000000000003,0.048,0.04435,0.044,0.0010618380290797651,0.004,0.005,0.00405,0.004,0.0002179449471770337,0.02,0.02,0.02,0.02,0.0,0.068,0.088,0.07075000000000001,0.069,0.00431132230295996,0.044,0.045,0.04435,0.044,0.00047696960070847325,0.006,0.007,0.0069500000000000004,0.007,0.0002179449471770337,0.004,0.004,0.004,0.004,0.0,0.004,0.004,0.004,0.004,0.0,0.0,0.0,0.0,0.0,0.0
32,32,4096,11008,32768,True,424,2,0.048,0.134,0.05445,0.05,0.01839694268078259,0.043000000000000003,0.047,0.0443,0.044,0.0008999999999999998,0.004,0.004,0.004,0.004,0.0,0.02,0.02,0.02,0.02,0.0,0.068,0.08700000000000001,0.07060000000000001,0.069,0.00417612260356422,0.044,0.045,0.04435,0.044,0.00047696960070847325,0.006,0.007,0.0069500000000000004,0.007,0.0002179449471770337,0.004,0.004,0.004,0.004,0.0,0.004,0.004,0.004,0.004,0.0,0.0,0.0,0.0,0.0,0.0
32,32,4096,11008,32768,True,416,2,0.048,0.122,0.054000000000000006,0.049,0.01591225942473287,0.043000000000000003,0.048,0.04395,0.044,0.0012031209415515954,0.004,0.005,0.00405,0.004,0.0002179449471770337,0.02,0.02,0.02,0.02,0.0,0.068,0.08600000000000001,0.0703,0.069,0.004124318125460255,0.043000000000000003,0.044,0.04395,0.044,0.00021794494717703236,0.006,0.007,0.006750000000000001,0.007,0.00043301270189221935,0.004,0.004,0.004,0.004,0.0,0.004,0.004,0.004,0.004,0.0,0.0,0.0,0.0,0.0,0.0
32,32,4096,11008,32768,True,408,2,0.049,0.127,0.054200000000000005,0.05,0.016839239887833417,0.043000000000000003,0.047,0.04405,0.044,0.0008645808232895282,0.004,0.005,0.00405,0.004,0.0002179449471770337,0.02,0.02,0.02,0.02,0.0,0.067,0.09,0.07015,0.069,0.0049221438418640285,0.043000000000000003,0.044,0.043050000000000005,0.043000000000000003,0.00021794494717703236,0.006,0.007,0.0062,0.006,0.0004,0.004,0.004,0.004,0.004,0.0,0.003,0.004,0.00385,0.004,0.0003570714214271425,0.0,0.0,0.0,0.0,0.0
32,32,4096,11008,32768,True,400,2,0.05,0.131,0.055349999999999996,0.051000000000000004,0.017493641702058495,0.043000000000000003,0.047,0.04405,0.044,0.0009733961166965882,0.004,0.004,0.004,0.004,0.0,0.022,0.022,0.022,0.022,0.0,0.068,0.088,0.07035,0.069,0.0043390667199295265,0.047,0.048,0.047099999999999996,0.047,0.00030000000000000024,0.006,0.006,0.006,0.006,0.0,0.003,0.004,0.00335,0.003,0.00047696960070847287,0.003,0.004,0.0036000000000000003,0.004,0.0004898979485566357,0.0,0.0,0.0,0.0,0.0
32,32,4096,11008,32768,True,392,2,0.05,0.134,0.05585,0.051000000000000004,0.018122568802462855,0.043000000000000003,0.047,0.04395,0.044,0.0009733961166965881,0.003,0.004,0.0032,0.003,0.0004,0.019,0.02,0.01925,0.019,0.0004330127018922197,0.067,0.08600000000000001,0.06970000000000001,0.069,0.004232020793899765,0.046,0.047,0.046150000000000004,0.046,0.00035707142142714284,0.005,0.005,0.005,0.005,0.0,0.003,0.003,0.003,0.003,0.0,0.003,0.003,0.003,0.003,0.0,0.0,0.0,0.0,0.0,0.0
32,32,4096,11008,32768,True,384,2,0.048,0.136,0.05465,0.049,0.018937462871250733,0.046,0.049,0.046450000000000005,0.046,0.0008046738469715547,0.003,0.004,0.0031,0.003,0.0003,0.015,0.016,0.01505,0.015,0.00021794494717703385,0.057,0.06,0.05770000000000001,0.0575,0.0008426149773176357,0.032,0.034,0.0325,0.032,0.0006708203932499375,0.005,0.005,0.005,0.005,0.0,0.003,0.003,0.003,0.003,0.0,0.003,0.003,0.003,0.003,0.0,0.0,0.0,0.0,0.0,0.0
32,32,4096,11008,32768,True,376,2,0.046,0.128,0.0523,0.048,0.01754736447447308,0.046,0.049,0.046950000000000006,0.047,0.0008046738469715547,0.003,0.004,0.0030499999999999998,0.003,0.0002179449471770337,0.015,0.016,0.01505,0.015,0.00021794494717703385,0.057,0.059000000000000004,0.05775,0.058,0.0006982120021884477,0.032,0.034,0.0323,0.032,0.0005567764362830027,0.005,0.006,0.005050000000000001,0.005,0.0002179449471770337,0.003,0.003,0.003,0.003,0.0,0.003,0.003,0.003,0.003,0.0,0.0,0.0,0.0,0.0,0.0
32,32,4096,11008,32768,True,368,2,0.044,0.122,0.05005,0.046,0.0166657583085799,0.046,0.049,0.04635,0.046,0.0007262919523166982,0.003,0.004,0.0030499999999999998,0.003,0.0002179449471770337,0.015,0.016,0.01515,0.015,0.00035707142142714284,0.056,0.059000000000000004,0.05745,0.057,0.0008645808232895299,0.032,0.034,0.0323,0.032,0.0006403124237432854,0.005,0.006,0.005050000000000001,0.005,0.0002179449471770337,0.003,0.003,0.003,0.003,0.0,0.003,0.003,0.003,0.003,0.0,0.0,0.0,0.0,0.0,0.0
32,32,4096,11008,32768,True,360,2,0.046,0.125,0.0522,0.047,0.016892601931022943,0.045,0.048,0.046299999999999994,0.046,0.0006403124237432854,0.003,0.004,0.0031,0.003,0.0003,0.015,0.016,0.01505,0.015,0.00021794494717703385,0.056,0.059000000000000004,0.05745,0.057,0.0007399324293474378,0.032,0.034,0.03225,0.032,0.0005361902647381809,0.005,0.005,0.005,0.005,0.0,0.003,0.003,0.003,0.003,0.0,0.003,0.003,0.003,0.003,0.0,0.0,0.0,0.0,0.0,0.0
32,32,4096,11008,32768,True,352,2,0.046,0.125,0.0519,0.047,0.017008527273106276,0.046,0.048,0.04635,0.046,0.0006538348415311016,0.003,0.004,0.0030499999999999998,0.003,0.0002179449471770337,0.015,0.016,0.01525,0.015,0.0004330127018922197,0.062,0.068,0.06405000000000001,0.064,0.0014309088021254197,0.032,0.034,0.032350000000000004,0.032,0.0005722761571129803,0.005,0.005,0.005,0.005,0.0,0.003,0.003,0.003,0.003,0.0,0.003,0.003,0.003,0.003,0.0,0.0,0.0,0.0,0.0,0.0
32,32,4096,11008,32768,True,344,2,0.041,0.111,0.04675,0.043000000000000003,0.01492941726927076,0.045,0.048,0.046,0.046,0.0007071067811865482,0.003,0.004,0.0030499999999999998,0.003,0.0002179449471770337,0.015,0.016,0.01505,0.015,0.00021794494717703385,0.056,0.06,0.05665,0.0565,0.0009096702699330122,0.031,0.034,0.03225,0.032,0.0006224949798994372,0.005,0.005,0.005,0.005,0.0,0.003,0.003,0.003,0.003,0.0,0.003,0.003,0.003,0.003,0.0,0.0,0.0,0.0,0.0,0.0
32,32,4096,11008,32768,True,336,2,0.047,0.125,0.05325,0.0485,0.016639936898918815,0.045,0.048,0.045899999999999996,0.046,0.0007000000000000006,0.003,0.004,0.0030499999999999998,0.003,0.0002179449471770337,0.015,0.016,0.01515,0.015,0.00035707142142714284,0.056,0.059000000000000004,0.057100000000000005,0.057,0.0007000000000000006,0.032,0.034,0.0323,0.032,0.0005567764362830027,0.005,0.006,0.005050000000000001,0.005,0.0002179449471770337,0.003,0.003,0.003,0.003,0.0,0.003,0.003,0.003,0.003,0.0,0.0,0.0,0.0,0.0,0.0
32,32,4096,11008,32768,True,328,2,0.048,0.129,0.054000000000000006,0.05,0.017352233285660955,0.045,0.049,0.046099999999999995,0.046,0.0008888194417315596,0.003,0.004,0.0030499999999999998,0.003,0.0002179449471770337,0.015,0.016,0.01505,0.015,0.00021794494717703385,0.056,0.058,0.05675,0.057,0.0006224949798994372,0.032,0.033,0.03215,0.032,0.00035707142142714284,0.005,0.005,0.005,0.005,0.0,0.003,0.003,0.003,0.003,0.0,0.003,0.003,0.003,0.003,0.0,0.0,0.0,0.0,0.0,0.0
32,32,4096,11008,32768,True,320,2,0.045,0.123,0.05125,0.046,0.01682223231322169,0.037,0.039,0.03815,0.038,0.00047696960070847325,0.003,0.003,0.003,0.003,0.0,0.015,0.016,0.0155,0.0155,0.0005000000000000004,0.057,0.058,0.05715,0.057,0.00035707142142714284,0.032,0.034,0.0322,0.032,0.000509901951359279,0.005,0.005,0.005,0.005,0.0,0.003,0.003,0.003,0.003,0.0,0.003,0.003,0.003,0.003,0.0,0.0,0.0,0.0,0.0,0.0
32,32,4096,11008,32768,True,312,2,0.047,0.126,0.053000000000000005,0.048,0.01709385854627328,0.037,0.04,0.03835,0.038,0.0006538348415311016,0.003,0.004,0.0030499999999999998,0.003,0.0002179449471770337,0.015,0.016,0.0154,0.015,0.000489897948556636,0.057,0.06,0.057800000000000004,0.058,0.0006782329983125263,0.031,0.034,0.032100000000000004,0.032,0.0006244997998398403,0.005,0.005,0.005,0.005,0.0,0.003,0.003,0.003,0.003,0.0,0.003,0.003,0.003,0.003,0.0,0.0,0.0,0.0,0.0,0.0
32,32,4096,11008,32768,True,304,2,0.042,0.114,0.04795,0.044,0.01541906287684177,0.038,0.04,0.03885,0.039,0.00047696960070847325,0.003,0.004,0.0030499999999999998,0.003,0.0002179449471770337,0.015,0.016,0.01515,0.015,0.00035707142142714284,0.055,0.059000000000000004,0.05675,0.0565,0.0009937303457175904,0.031,0.034,0.03215,0.032,0.0006538348415311016,0.005,0.005,0.005,0.005,0.0,0.003,0.003,0.003,0.003,0.0,0.003,0.003,0.003,0.003,0.0,0.0,0.0,0.0,0.0,0.0
32,32,4096,11008,32768,True,296,2,0.046,0.122,0.051949999999999996,0.048,0.016237225748261308,0.038,0.04,0.0392,0.039,0.0006000000000000005,0.003,0.004,0.0030499999999999998,0.003,0.0002179449471770337,0.015,0.016,0.01505,0.015,0.00021794494717703385,0.056,0.057,0.05635,0.056,0.00047696960070847325,0.031,0.033,0.03205,0.032,0.0004974937185533104,0.005,0.005,0.005,0.005,0.0,0.003,0.003,0.003,0.003,0.0,0.003,0.003,0.003,0.003,0.0,0.0,0.0,0.0,0.0,0.0
32,32,4096,11008,32768,True,288,2,0.041,0.113,0.0476,0.043000000000000003,0.015311433636338564,0.04,0.041,0.040650000000000006,0.041,0.00047696960070847325,0.003,0.004,0.0030499999999999998,0.003,0.0002179449471770337,0.016,0.016,0.016,0.016,0.0,0.057,0.06,0.05840000000000001,0.058,0.0006633249580710797,0.031,0.033,0.03165,0.032,0.0006538348415311016,0.005,0.005,0.005,0.005,0.0,0.003,0.003,0.003,0.003,0.0,0.003,0.003,0.003,0.003,0.0,0.0,0.0,0.0,0.0,0.0
32,32,4096,11008,32768,True,280,2,0.043000000000000003,0.11900000000000001,0.0493,0.0445,0.01624530701464272,0.039,0.041,0.03995,0.04,0.0007399324293474378,0.003,0.003,0.003,0.003,0.0,0.016,0.016,0.016,0.016,0.0,0.055,0.057,0.05605,0.056,0.00038405728739343076,0.031,0.033,0.032,0.032,0.00044721359549995833,0.005,0.005,0.005,0.005,0.0,0.003,0.003,0.003,0.003,0.0,0.003,0.003,0.003,0.003,0.0,0.0,0.0,0.0,0.0,0.0
32,32,4096,11008,32768,True,272,2,0.047,0.11900000000000001,0.052500000000000005,0.048,0.015529005119453083,0.039,0.041,0.040150000000000005,0.04,0.00047696960070847325,0.003,0.003,0.003,0.003,0.0,0.015,0.016,0.01595,0.016,0.00021794494717703385,0.053,0.056,0.055349999999999996,0.055,0.0007262919523166982,0.031,0.033,0.03175,0.032,0.0006224949798994372,0.005,0.005,0.005,0.005,0.0,0.003,0.003,0.003,0.003,0.0,0.003,0.003,0.003,0.003,0.0,0.0,0.0,0.0,0.0,0.0
32,32,4096,11008,32768,True,264,2,0.04,0.109,0.04575,0.042,0.014682898215270716,0.04,0.041,0.04025,0.04,0.0004330127018922197,0.003,0.003,0.003,0.003,0.0,0.016,0.016,0.016,0.016,0.0,0.055,0.056,0.055600000000000004,0.056,0.000489897948556636,0.031,0.033,0.03155,0.031,0.0006689544080129832,0.004,0.004,0.004,0.004,0.0,0.003,0.003,0.003,0.003,0.0,0.003,0.003,0.003,0.003,0.0,0.0,0.0,0.0,0.0,0.0
32,32,4096,11008,32768,True,256,2,0.043000000000000003,0.128,0.0495,0.0445,0.018227726133558185,0.027,0.029,0.028100000000000003,0.028,0.0004358898943540677,0.003,0.003,0.003,0.003,0.0,0.012,0.012,0.012,0.012,0.0,0.048,0.05,0.04905,0.049,0.0004974937185533104,0.025,0.026000000000000002,0.02535,0.025,0.00047696960070847325,0.004,0.004,0.004,0.004,0.0,0.003,0.003,0.003,0.003,0.0,0.003,0.003,0.003,0.003,0.0,0.0,0.0,0.0,0.0,0.0
32,32,4096,11008,32768,True,248,2,0.047,0.136,0.05525,0.0495,0.01920644423103871,0.027,0.029,0.028000000000000004,0.028,0.0003162277660168382,0.003,0.003,0.003,0.003,0.0,0.012,0.012,0.012,0.012,0.0,0.048,0.051000000000000004,0.049150000000000006,0.049,0.0007921489758877437,0.025,0.026000000000000002,0.02555,0.026000000000000002,0.0004974937185533104,0.004,0.004,0.004,0.004,0.0,0.003,0.003,0.003,0.003,0.0,0.002,0.003,0.00285,0.003,0.0003570714214271425,0.0,0.0,0.0,0.0,0.0
32,32,4096,11008,32768,True,240,2,0.047,0.124,0.0531,0.048,0.016591865476793137,0.027,0.028,0.027800000000000002,0.028,0.00040000000000000034,0.003,0.003,0.003,0.003,0.0,0.012,0.012,0.012,0.012,0.0,0.048,0.051000000000000004,0.0487,0.049,0.0007141428428542857,0.025,0.027,0.026000000000000002,0.026000000000000002,0.00031622776601683767,0.004,0.004,0.004,0.004,0.0,0.002,0.003,0.0028,0.003,0.0004,0.002,0.003,0.0029000000000000002,0.003,0.0003,0.0,0.0,0.0,0.0,0.0
32,32,4096,11008,32768,True,232,2,0.043000000000000003,0.114,0.048,0.044,0.015280706789936125,0.027,0.029,0.027750000000000004,0.028,0.0005361902647381809,0.003,0.003,0.003,0.003,0.0,0.013000000000000001,0.013000000000000001,0.013000000000000001,0.013000000000000001,0.0,0.048,0.05,0.0486,0.0485,0.0006633249580710806,0.026000000000000002,0.027,0.026850000000000002,0.027,0.0003570714214271416,0.004,0.004,0.004,0.004,0.0,0.002,0.003,0.00275,0.003,0.00043301270189221935,0.002,0.003,0.0027,0.003,0.000458257569495584,0.0,0.0,0.0,0.0,0.0
32,32,4096,11008,32768,True,224,2,0.046,0.11900000000000001,0.052500000000000005,0.0475,0.015727364687066935,0.027,0.029,0.0279,0.028,0.0004358898943540677,0.003,0.003,0.003,0.003,0.0,0.014,0.014,0.014000000000000002,0.014,0.0,0.049,0.066,0.0509,0.05,0.0037,0.029,0.029,0.029000000000000005,0.029,0.0,0.003,0.004,0.00395,0.004,0.0002179449471770337,0.002,0.003,0.00245,0.002,0.00049749371855331,0.002,0.003,0.00235,0.002,0.00047696960070847287,0.0,0.0,0.0,0.0,0.0
32,32,4096,11008,32768,True,216,2,0.04,0.11,0.04575,0.041,0.014996249531132775,0.027,0.028,0.0273,0.027,0.0004582575694955844,0.003,0.003,0.003,0.003,0.0,0.014,0.014,0.014000000000000002,0.014,0.0,0.048,0.067,0.050050000000000004,0.049,0.004236448984704053,0.029,0.03,0.0294,0.029,0.0004898979485566344,0.004,0.004,0.004,0.004,0.0,0.002,0.003,0.00235,0.002,0.00047696960070847287,0.002,0.003,0.00225,0.002,0.00043301270189221935,0.0,0.0,0.0,0.0,0.0
32,32,4096,11008,32768,True,208,2,0.042,0.112,0.047150000000000004,0.0435,0.014970888417191547,0.027,0.028,0.027500000000000004,0.0275,0.0005000000000000004,0.003,0.003,0.003,0.003,0.0,0.014,0.014,0.014000000000000002,0.014,0.0,0.048,0.065,0.0508,0.05,0.0035721142198983503,0.03,0.031,0.0309,0.031,0.00030000000000000024,0.003,0.004,0.00395,0.004,0.0002179449471770337,0.002,0.003,0.00225,0.002,0.00043301270189221935,0.002,0.003,0.0024000000000000002,0.002,0.0004898979485566357,0.0,0.0,0.0,0.0,0.0
32,32,4096,11008,32768,True,200,2,0.039,0.111,0.04475,0.04,0.015394398331860846,0.027,0.028,0.02755,0.028,0.0004974937185533104,0.002,0.003,0.0029500000000000004,0.003,0.0002179449471770337,0.015,0.015,0.015,0.015,0.0,0.047,0.073,0.050050000000000004,0.049,0.005463286556643353,0.031,0.032,0.03175,0.032,0.0004330127018922197,0.003,0.004,0.00395,0.004,0.0002179449471770337,0.002,0.003,0.00215,0.002,0.0003570714214271425,0.002,0.003,0.0023,0.002,0.000458257569495584,0.0,0.0,0.0,0.0,0.0
32,32,4096,11008,32768,True,192,2,0.042,0.11,0.047,0.043000000000000003,0.014570518178843193,0.028,0.029,0.0284,0.028,0.000489897948556636,0.002,0.003,0.0029500000000000004,0.003,0.0002179449471770337,0.01,0.01,0.01,0.01,0.0,0.05,0.053,0.0511,0.051000000000000004,0.0005385164807134497,0.023,0.024,0.023649999999999997,0.024,0.00047696960070847325,0.004,0.004,0.004,0.004,0.0,0.002,0.003,0.0021999999999999997,0.002,0.0004,0.002,0.003,0.00215,0.002,0.0003570714214271425,0.0,0.0,0.0,0.0,0.0
32,32,4096,11008,32768,True,184,2,0.045,0.129,0.051000000000000004,0.046,0.018102486017119307,0.027,0.028,0.02705,0.027,0.00021794494717703385,0.002,0.003,0.00275,0.003,0.00043301270189221935,0.01,0.01,0.01,0.01,0.0,0.05,0.052000000000000005,0.0512,0.051000000000000004,0.0006000000000000005,0.023,0.024,0.023299999999999998,0.023,0.0004582575694955844,0.004,0.004,0.004,0.004,0.0,0.002,0.003,0.0021000000000000003,0.002,0.0003,0.002,0.003,0.0021000000000000003,0.002,0.0003,0.0,0.0,0.0,0.0,0.0
32,32,4096,11008,32768,True,176,2,0.048,0.131,0.0543,0.05,0.017717505467757026,0.027,0.028,0.02715,0.027,0.00035707142142714284,0.002,0.003,0.00285,0.003,0.0003570714214271425,0.01,0.011,0.01005,0.01,0.0002179449471770335,0.05,0.053,0.0514,0.051000000000000004,0.0006633249580710797,0.023,0.023,0.023,0.023,0.0,0.004,0.004,0.004,0.004,0.0,0.002,0.003,0.00205,0.002,0.0002179449471770337,0.002,0.003,0.00215,0.002,0.0003570714214271425,0.0,0.0,0.0,0.0,0.0
32,32,4096,11008,32768,True,168,2,0.04,0.114,0.045950000000000005,0.0415,0.015844478533546,0.027,0.028,0.027200000000000002,0.027,0.00040000000000000034,0.002,0.003,0.0029500000000000004,0.003,0.0002179449471770337,0.011,0.011,0.011,0.011,0.0,0.051000000000000004,0.052000000000000005,0.051250000000000004,0.051000000000000004,0.0004330127018922197,0.024,0.025,0.02405,0.024,0.00021794494717703385,0.004,0.004,0.004,0.004,0.0,0.002,0.003,0.00205,0.002,0.0002179449471770337,0.002,0.003,0.00215,0.002,0.0003570714214271425,0.0,0.0,0.0,0.0,0.0
32,32,4096,11008,32768,True,160,2,0.042,0.11900000000000001,0.0482,0.044,0.016497272501841027,0.027,0.028,0.027200000000000002,0.027,0.00040000000000000034,0.002,0.003,0.00255,0.003,0.00049749371855331,0.011,0.011,0.011,0.011,0.0,0.051000000000000004,0.052000000000000005,0.0511,0.051000000000000004,0.00030000000000000024,0.023,0.024,0.02395,0.024,0.00021794494717703385,0.004,0.004,0.004,0.004,0.0,0.002,0.002,0.002,0.002,0.0,0.002,0.003,0.0021000000000000003,0.002,0.0003,0.0,0.0,0.0,0.0,0.0
32,32,4096,11008,32768,True,152,2,0.043000000000000003,0.135,0.0512,0.0465,0.0195616972678753,0.027,0.028,0.027200000000000002,0.027,0.00040000000000000034,0.002,0.003,0.00255,0.003,0.00049749371855331,0.011,0.011,0.011,0.011,0.0,0.05,0.052000000000000005,0.051000000000000004,0.051000000000000004,0.00044721359549995833,0.024,0.024,0.024,0.024,0.0,0.004,0.004,0.004,0.004,0.0,0.002,0.002,0.002,0.002,0.0,0.002,0.003,0.0021000000000000003,0.002,0.0003,0.0,0.0,0.0,0.0,0.0
32,32,4096,11008,32768,True,144,2,0.039,0.114,0.0454,0.04,0.016010621474508727,0.027,0.028,0.027200000000000002,0.027,0.00040000000000000034,0.002,0.003,0.00255,0.003,0.00049749371855331,0.011,0.011,0.011,0.011,0.0,0.055,0.056,0.0558,0.056,0.00040000000000000034,0.023,0.024,0.02395,0.024,0.00021794494717703385,0.004,0.004,0.004,0.004,0.0,0.002,0.002,0.002,0.002,0.0,0.002,0.003,0.00205,0.002,0.0002179449471770337,0.0,0.0,0.0,0.0,0.0
32,32,4096,11008,32768,True,136,2,0.039,0.111,0.04445,0.04,0.015425546991922199,0.027,0.027,0.027000000000000003,0.027,0.0,0.002,0.003,0.0023,0.002,0.000458257569495584,0.011,0.011,0.011,0.011,0.0,0.052000000000000005,0.054,0.0529,0.053,0.0004358898943540656,0.023,0.024,0.02375,0.024,0.0004330127018922197,0.003,0.004,0.0039,0.004,0.0003,0.002,0.002,0.002,0.002,0.0,0.002,0.003,0.00205,0.002,0.0002179449471770337,0.0,0.0,0.0,0.0,0.0
32,32,4096,11008,32768,True,128,2,0.041,0.11,0.04575,0.042,0.01490260044421778,0.023,0.024,0.023149999999999997,0.023,0.00035707142142714284,0.002,0.002,0.002,0.002,0.0,0.009000000000000001,0.009000000000000001,0.009000000000000001,0.009000000000000001,0.0,0.036000000000000004,0.037,0.03655,0.037,0.0004974937185533069,0.023,0.024,0.02375,0.024,0.0004330127018922197,0.003,0.003,0.003,0.003,0.0,0.002,0.002,0.002,0.002,0.0,0.002,0.002,0.002,0.002,0.0,0.0,0.0,0.0,0.0,0.0
32,32,4096,11008,32768,True,120,2,0.045,0.135,0.0518,0.047,0.019231744590650118,0.022,0.023,0.02225,0.022,0.0004330127018922197,0.002,0.002,0.002,0.002,0.0,0.009000000000000001,0.009000000000000001,0.009000000000000001,0.009000000000000001,0.0,0.036000000000000004,0.038,0.03635000000000001,0.036000000000000004,0.0005722761571129774,0.023,0.023,0.023,0.023,0.0,0.002,0.003,0.0029500000000000004,0.003,0.0002179449471770337,0.002,0.002,0.002,0.002,0.0,0.002,0.002,0.002,0.002,0.0,0.0,0.0,0.0,0.0,0.0
32,32,4096,11008,32768,True,112,2,0.042,0.131,0.04935,0.044,0.018945382023068315,0.022,0.023,0.022049999999999997,0.022,0.00021794494717703385,0.002,0.002,0.002,0.002,0.0,0.009000000000000001,0.009000000000000001,0.009000000000000001,0.009000000000000001,0.0,0.036000000000000004,0.037,0.036300000000000006,0.036000000000000004,0.00045825756949558123,0.023,0.024,0.0231,0.023,0.00030000000000000024,0.002,0.003,0.00285,0.003,0.0003570714214271425,0.002,0.002,0.002,0.002,0.0,0.002,0.002,0.002,0.002,0.0,0.0,0.0,0.0,0.0,0.0
32,32,4096,11008,32768,True,104,2,0.042,0.11900000000000001,0.047700000000000006,0.044,0.016489693750946378,0.022,0.023,0.022149999999999996,0.022,0.00035707142142714284,0.002,0.002,0.002,0.002,0.0,0.009000000000000001,0.009000000000000001,0.009000000000000001,0.009000000000000001,0.0,0.035,0.037,0.03610000000000001,0.036000000000000004,0.0004358898943540656,0.023,0.024,0.0231,0.023,0.00030000000000000024,0.002,0.003,0.0025,0.0025,0.0005,0.002,0.002,0.002,0.002,0.0,0.002,0.002,0.002,0.002,0.0,0.0,0.0,0.0,0.0,0.0
32,32,4096,11008,32768,True,96,2,0.042,0.117,0.049,0.045,0.015795568998931316,0.022,0.023,0.022099999999999998,0.022,0.00030000000000000024,0.002,0.002,0.002,0.002,0.0,0.009000000000000001,0.009000000000000001,0.009000000000000001,0.009000000000000001,0.0,0.053,0.054,0.05305,0.053,0.00021794494717703385,0.023,0.024,0.023049999999999998,0.023,0.00021794494717703385,0.002,0.003,0.0021000000000000003,0.002,0.0003,0.002,0.002,0.002,0.002,0.0,0.002,0.002,0.002,0.002,0.0,0.0,0.0,0.0,0.0,0.0
32,32,4096,11008,32768,True,88,2,0.044,0.116,0.0503,0.046,0.015271214751944262,0.022,0.022,0.022,0.022,0.0,0.002,0.002,0.002,0.002,0.0,0.009000000000000001,0.009000000000000001,0.009000000000000001,0.009000000000000001,0.0,0.053,0.053,0.053000000000000005,0.053,0.0,0.023,0.024,0.023049999999999998,0.023,0.00021794494717703385,0.002,0.003,0.00205,0.002,0.0002179449471770337,0.002,0.002,0.002,0.002,0.0,0.002,0.002,0.002,0.002,0.0,0.0,0.0,0.0,0.0,0.0
32,32,4096,11008,32768,True,80,2,0.044,0.115,0.0513,0.045,0.01612482558045203,0.022,0.023,0.022199999999999998,0.022,0.00040000000000000034,0.002,0.002,0.002,0.002,0.0,0.009000000000000001,0.009000000000000001,0.009000000000000001,0.009000000000000001,0.0,0.053,0.053,0.053000000000000005,0.053,0.0,0.022,0.023,0.022949999999999998,0.023,0.00021794494717703385,0.002,0.002,0.002,0.002,0.0,0.002,0.002,0.002,0.002,0.0,0.002,0.002,0.002,0.002,0.0,0.0,0.0,0.0,0.0,0.0
32,32,4096,11008,32768,True,72,2,0.046,0.124,0.05155,0.047,0.01677639711022602,0.021,0.023,0.02205,0.022,0.0003840572873934303,0.002,0.002,0.002,0.002,0.0,0.009000000000000001,0.009000000000000001,0.009000000000000001,0.009000000000000001,0.0,0.042,0.06,0.044,0.043000000000000003,0.003949683531626298,0.022,0.023,0.02275,0.023,0.0004330127018922197,0.002,0.002,0.002,0.002,0.0,0.002,0.002,0.002,0.002,0.0,0.002,0.002,0.002,0.002,0.0,0.0,0.0,0.0,0.0,0.0
32,32,4096,11008,32768,True,64,2,0.044,0.12,0.0497,0.045,0.01630368056605624,0.021,0.022,0.0213,0.021,0.0004582575694955828,0.002,0.002,0.002,0.002,0.0,0.007,0.007,0.007000000000000001,0.007,0.0,0.036000000000000004,0.038,0.03675,0.037,0.0006224949798994342,0.019,0.02,0.0195,0.0195,0.0005000000000000004,0.002,0.003,0.00205,0.002,0.0002179449471770337,0.002,0.002,0.002,0.002,0.0,0.002,0.002,0.002,0.002,0.0,0.0,0.0,0.0,0.0,0.0
32,32,4096,11008,32768,True,56,2,0.041,0.11800000000000001,0.046650000000000004,0.042,0.01650537791145662,0.021,0.022,0.021200000000000004,0.021,0.000399999999999999,0.002,0.002,0.002,0.002,0.0,0.007,0.007,0.007000000000000001,0.007,0.0,0.036000000000000004,0.038,0.036699999999999997,0.037,0.0006403124237432824,0.019,0.02,0.0194,0.019,0.000489897948556636,0.002,0.003,0.0021000000000000003,0.002,0.0003,0.002,0.002,0.002,0.002,0.0,0.002,0.002,0.002,0.002,0.0,0.0,0.0,0.0,0.0,0.0
32,32,4096,11008,32768,True,48,2,0.044,0.114,0.0489,0.0445,0.015165421194282738,0.02,0.022,0.020800000000000003,0.021,0.0005099019513592786,0.002,0.002,0.002,0.002,0.0,0.007,0.007,0.007000000000000001,0.007,0.0,0.036000000000000004,0.038,0.03655,0.036500000000000005,0.0005894913061275771,0.019,0.02,0.0194,0.019,0.000489897948556636,0.002,0.003,0.00205,0.002,0.0002179449471770337,0.002,0.002,0.002,0.002,0.0,0.002,0.002,0.002,0.002,0.0,0.0,0.0,0.0,0.0,0.0
32,32,4096,11008,32768,True,40,2,0.04,0.127,0.04635,0.042,0.018617934901594215,0.021,0.022,0.021050000000000003,0.021,0.00021794494717703312,0.002,0.002,0.002,0.002,0.0,0.007,0.007,0.007000000000000001,0.007,0.0,0.035,0.037,0.036050000000000006,0.036000000000000004,0.0004974937185533084,0.019,0.02,0.0194,0.019,0.000489897948556636,0.002,0.003,0.00205,0.002,0.0002179449471770337,0.002,0.002,0.002,0.002,0.0,0.002,0.002,0.002,0.002,0.0,0.0,0.0,0.0,0.0,0.0
32,32,4096,11008,32768,True,32,2,0.042,0.123,0.048650000000000006,0.043000000000000003,0.017350144091620678,0.02,0.021,0.020300000000000002,0.02,0.0004582575694955844,0.002,0.002,0.002,0.002,0.0,0.005,0.005,0.005,0.005,0.0,0.033,0.035,0.03375,0.034,0.0005361902647381809,0.019,0.02,0.01905,0.019,0.00021794494717703385,0.002,0.002,0.002,0.002,0.0,0.002,0.002,0.002,0.002,0.0,0.002,0.002,0.002,0.002,0.0,0.0,0.0,0.0,0.0,0.0
32,32,4096,11008,32768,True,24,2,0.042,0.112,0.048049999999999995,0.044,0.01487775184629721,0.02,0.021,0.02035,0.02,0.00047696960070847325,0.002,0.002,0.002,0.002,0.0,0.006,0.006,0.006,0.006,0.0,0.033,0.034,0.03365,0.034,0.00047696960070847325,0.018000000000000002,0.019,0.01885,0.019,0.0003570714214271416,0.002,0.002,0.002,0.002,0.0,0.002,0.002,0.002,0.002,0.0,0.002,0.002,0.002,0.002,0.0,0.0,0.0,0.0,0.0,0.0
32,32,4096,11008,32768,True,16,2,0.041,0.11,0.046150000000000004,0.042,0.014769140123920553,0.02,0.021,0.020200000000000003,0.02,0.00040000000000000034,0.002,0.002,0.002,0.002,0.0,0.006,0.006,0.006,0.006,0.0,0.035,0.036000000000000004,0.035350000000000006,0.035,0.00047696960070847325,0.021,0.022,0.0213,0.021,0.0004582575694955828,0.002,0.002,0.002,0.002,0.0,0.002,0.002,0.002,0.002,0.0,0.002,0.002,0.002,0.002,0.0,0.0,0.0,0.0,0.0,0.0
32,32,4096,11008,32768,True,8,2,0.041,0.113,0.0463,0.042,0.015411359446849586,0.02,0.021,0.020200000000000003,0.02,0.00040000000000000034,0.002,0.002,0.002,0.002,0.0,0.006,0.006,0.006,0.006,0.0,0.032,0.033,0.032850000000000004,0.033,0.00035707142142714284,0.021,0.022,0.021150000000000002,0.021,0.0003570714214271416,0.002,0.002,0.002,0.002,0.0,0.002,0.002,0.002,0.002,0.0,0.002,0.002,0.002,0.002,0.0,0.0,0.0,0.0,0.0,0.0
32,32,4096,11008,32768,True,4,2,0.044,0.112,0.048549999999999996,0.045,0.014661087954173115,0.02,0.021,0.020050000000000002,0.02,0.00021794494717703385,0.002,0.002,0.002,0.002,0.0,0.006,0.006,0.006,0.006,0.0,0.032,0.034,0.03265,0.033,0.0005722761571129803,0.02,0.021,0.020550000000000002,0.021,0.0004974937185533104,0.002,0.002,0.002,0.002,0.0,0.002,0.002,0.002,0.002,0.0,0.002,0.002,0.002,0.002,0.0,0.0,0.0,0.0,0.0,0.0
32,32,4096,11008,32768,True,2,2,0.04,0.14400000000000002,0.0478,0.042,0.022186933091349063,0.02,0.021,0.0201,0.02,0.00030000000000000024,0.002,0.002,0.002,0.002,0.0,0.006,0.006,0.006,0.006,0.0,0.032,0.033,0.0327,0.033,0.0004582575694955844,0.02,0.022,0.02065,0.021,0.0006538348415311009,0.002,0.002,0.002,0.002,0.0,0.002,0.002,0.002,0.002,0.0,0.002,0.002,0.002,0.002,0.0,0.0,0.0,0.0,0.0,0.0
32,32,4096,11008,32768,True,1,2,0.041,0.14,0.052649999999999995,0.0465,0.021045842819901513,0.02,0.021,0.020050000000000002,0.02,0.00021794494717703385,0.002,0.002,0.002,0.002,0.0,0.006,0.006,0.006,0.006,0.0,0.035,0.036000000000000004,0.035300000000000005,0.035,0.0004582575694955844,0.02,0.02,0.02,0.02,0.0,0.002,0.002,0.002,0.002,0.0,0.002,0.002,0.002,0.002,0.0,0.002,0.002,0.002,0.002,0.0,0.0,0.0,0.0,0.0,0.0
32,32,4096,11008,32768,True,4096,4,0.14300000000000002,0.293,0.15460000000000002,0.146,0.03280609699430884,0.149,0.17500000000000002,0.1517,0.15,0.005823229344616272,0.017,0.017,0.017,0.017,0.0,0.05,0.069,0.0526,0.051000000000000004,0.0042237424163885755,0.262,0.28400000000000003,0.26815,0.268,0.003953163290328396,0.13,0.15,0.13245,0.131,0.004140953996363638,0.041,0.042,0.041100000000000005,0.041,0.00030000000000000024,0.023,0.024,0.02375,0.024,0.0004330127018922197,0.023,0.024,0.0235,0.0235,0.0005000000000000004,0.0,0.0,0.0,0.0,0.0
32,32,4096,11008,32768,True,4096,4,0.14300000000000002,0.263,0.15225,0.146,0.025598583945210723,0.149,0.176,0.15189999999999998,0.151,0.00556686626388671,0.017,0.017,0.017,0.017,0.0,0.05,0.07,0.05295000000000001,0.051500000000000004,0.004352872614722375,0.264,0.28400000000000003,0.26745,0.267,0.00390480473263389,0.127,0.149,0.13185,0.131,0.00411430431543414,0.041,0.042,0.04125,0.041,0.0004330127018922197,0.023,0.025,0.024,0.024,0.0003162277660168382,0.023,0.025,0.02385,0.024,0.00047696960070847325,0.0,0.0,0.0,0.0,0.0
32,32,4096,11008,32768,True,4064,4,0.14300000000000002,0.232,0.1496,0.1455,0.01892194493174526,0.15,0.17500000000000002,0.1523,0.151,0.005273518749374088,0.017,0.017,0.017,0.017,0.0,0.05,0.069,0.0529,0.052000000000000005,0.003961060464067672,0.265,0.28500000000000003,0.2675,0.267,0.00412916456441252,0.133,0.157,0.13585,0.135,0.004922143841864029,0.041,0.041,0.041,0.041,0.0,0.023,0.024,0.02335,0.023,0.00047696960070847325,0.023,0.024,0.02335,0.023,0.00047696960070847325,0.0,0.0,0.0,0.0,0.0
32,32,4096,11008,32768,True,4032,4,0.14200000000000002,0.25,0.15050000000000002,0.14400000000000002,0.023538266716136937,0.149,0.18,0.15214999999999998,0.151,0.006436419812286952,0.017,0.017,0.017,0.017,0.0,0.051000000000000004,0.069,0.052750000000000005,0.051000000000000004,0.00414578098794425,0.261,0.28600000000000003,0.26645,0.266,0.0046526873954737214,0.133,0.159,0.13545000000000001,0.134,0.005444951790420186,0.04,0.041,0.040600000000000004,0.041,0.000489897948556636,0.023,0.024,0.023149999999999997,0.023,0.00035707142142714284,0.023,0.024,0.023149999999999997,0.023,0.00035707142142714284,0.0,0.0,0.0,0.0,0.0
32,32,4096,11008,32768,True,4000,4,0.14,0.231,0.14605,0.14100000000000001,0.019592026439345163,0.15,0.17400000000000002,0.15234999999999999,0.151,0.0050127337850717785,0.017,0.017,0.017,0.017,0.0,0.05,0.069,0.052550000000000006,0.051000000000000004,0.004043204174908806,0.262,0.28700000000000003,0.266,0.265,0.004929503017546499,0.133,0.156,0.1353,0.134,0.00481767578817836,0.04,0.041,0.040150000000000005,0.04,0.00035707142142714284,0.022,0.023,0.022799999999999997,0.023,0.00040000000000000034,0.022,0.023,0.02285,0.023,0.00035707142142714284,0.0,0.0,0.0,0.0,0.0
32,32,4096,11008,32768,True,3968,4,0.139,0.234,0.1457,0.14,0.020557480390359126,0.149,0.17300000000000001,0.15215,0.151,0.004901785389018989,0.016,0.017,0.0161,0.016,0.00030000000000000024,0.05,0.068,0.05265000000000001,0.051000000000000004,0.0038506492958980307,0.263,0.28200000000000003,0.26555,0.265,0.0038402473878644885,0.126,0.149,0.1295,0.129,0.004609772228646442,0.039,0.04,0.039850000000000003,0.04,0.00035707142142714284,0.022,0.024,0.02275,0.023,0.0006224949798994372,0.022,0.023,0.022549999999999997,0.023,0.0004974937185533104,0.0,0.0,0.0,0.0,0.0
32,32,4096,11008,32768,True,3936,4,0.137,0.217,0.14205,0.138,0.017214746585413332,0.15,0.17400000000000002,0.1522,0.151,0.00505568986390582,0.016,0.017,0.016050000000000002,0.016,0.00021794494717703385,0.05,0.068,0.05245000000000001,0.051000000000000004,0.0038532453853861942,0.264,0.28500000000000003,0.26695,0.266,0.0042246301613277385,0.134,0.156,0.13575,0.135,0.0047103609203541915,0.039,0.04,0.039650000000000005,0.04,0.00047696960070847325,0.022,0.023,0.022449999999999998,0.022,0.0004974937185533104,0.022,0.023,0.022649999999999997,0.023,0.00047696960070847325,0.0,0.0,0.0,0.0,0.0
32,32,4096,11008,32768,True,3904,4,0.136,0.26,0.14605,0.138,0.027570772568065623,0.15,0.17400000000000002,0.15245,0.1515,0.005014728307695248,0.016,0.017,0.016050000000000002,0.016,0.00021794494717703385,0.05,0.069,0.052500000000000005,0.051000000000000004,0.004177319714841085,0.261,0.28200000000000003,0.26455,0.2635,0.00416503301307445,0.133,0.155,0.1348,0.134,0.004686149805543991,0.039,0.04,0.03935,0.039,0.00047696960070847325,0.022,0.023,0.022199999999999998,0.022,0.00040000000000000034,0.022,0.023,0.022149999999999996,0.022,0.00035707142142714284,0.0,0.0,0.0,0.0,0.0
32,32,4096,11008,32768,True,3872,4,0.135,0.226,0.14155,0.1365,0.01968622614926487,0.149,0.17400000000000002,0.1523,0.151,0.00509018663704977,0.016,0.016,0.016,0.016,0.0,0.05,0.069,0.053000000000000005,0.051500000000000004,0.004195235392680606,0.259,0.28200000000000003,0.2646,0.264,0.004294182110716782,0.132,0.154,0.1346,0.134,0.004532107677449862,0.038,0.039,0.03895,0.039,0.00021794494717703385,0.021,0.023,0.022,0.022,0.00031622776601683767,0.021,0.022,0.02195,0.022,0.00021794494717703312,0.0,0.0,0.0,0.0,0.0
32,32,4096,11008,32768,True,3840,4,0.134,0.245,0.14335,0.136,0.02562084112592715,0.136,0.169,0.13985,0.138,0.00686494719571826,0.016,0.016,0.016,0.016,0.0,0.05,0.07,0.05285000000000001,0.051000000000000004,0.004693346354148605,0.245,0.267,0.2499,0.249,0.004048456495999436,0.12,0.14200000000000002,0.1224,0.121,0.004543126676640223,0.038,0.039,0.038650000000000004,0.039,0.00047696960070847325,0.021,0.022,0.02175,0.022,0.0004330127018922182,0.021,0.022,0.02175,0.022,0.0004330127018922182,0.0,0.0,0.0,0.0,0.0
32,32,4096,11008,32768,True,3808,4,0.133,0.226,0.1395,0.134,0.020289159667172024,0.136,0.158,0.1389,0.138,0.0045155287619502524,0.016,0.016,0.016,0.016,0.0,0.051000000000000004,0.069,0.05265000000000001,0.051000000000000004,0.0039404948927767944,0.245,0.265,0.24900000000000003,0.2485,0.003937003937005909,0.12,0.14200000000000002,0.12215000000000001,0.121,0.004596466033813373,0.038,0.039,0.0387,0.039,0.0004582575694955844,0.021,0.022,0.02135,0.021,0.0004769696007084716,0.021,0.022,0.02135,0.021,0.0004769696007084716,0.0,0.0,0.0,0.0,0.0
32,32,4096,11008,32768,True,3776,4,0.131,0.221,0.13735,0.132,0.019596619606452537,0.135,0.158,0.1387,0.138,0.004561797891182815,0.016,0.016,0.016,0.016,0.0,0.05,0.068,0.0524,0.051000000000000004,0.003967366884975475,0.243,0.266,0.2485,0.248,0.004260281680828162,0.12,0.14200000000000002,0.122,0.121,0.004647580015448904,0.038,0.039,0.0381,0.038,0.00030000000000000024,0.021,0.022,0.021200000000000004,0.021,0.000399999999999999,0.021,0.022,0.021150000000000002,0.021,0.0003570714214271416,0.0,0.0,0.0,0.0,0.0
32,32,4096,11008,32768,True,3744,4,0.13,0.22,0.13675,0.132,0.019441900627253497,0.135,0.157,0.13865,0.138,0.004350574674683793,0.015,0.016,0.01585,0.016,0.00035707142142714284,0.05,0.069,0.052250000000000005,0.051000000000000004,0.004133702940463913,0.243,0.265,0.24765,0.247,0.004234087859267924,0.12,0.148,0.12235,0.121,0.006002291229189066,0.037,0.038,0.0378,0.038,0.00040000000000000034,0.021,0.021,0.021,0.021,0.0,0.021,0.022,0.0211,0.021,0.0002999999999999992,0.0,0.0,0.0,0.0,0.0
32,32,4096,11008,32768,True,3712,4,0.129,0.23,0.13640000000000002,0.13,0.022096153511414605,0.135,0.158,0.13835000000000003,0.138,0.004618170633486812,0.015,0.016,0.0152,0.015,0.00040000000000000034,0.05,0.069,0.052750000000000005,0.051000000000000004,0.004559331091289598,0.241,0.265,0.24674999999999997,0.246,0.004380353866983812,0.11900000000000001,0.14200000000000002,0.12179999999999999,0.121,0.004675467891024388,0.037,0.038,0.0379,0.038,0.00030000000000000024,0.021,0.022,0.021050000000000003,0.021,0.00021794494717703312,0.02,0.022,0.021,0.021,0.00031622776601683767,0.0,0.0,0.0,0.0,0.0
32,32,4096,11008,32768,True,3680,4,0.127,0.219,0.13355,0.128,0.020140692639529556,0.135,0.164,0.13835000000000003,0.137,0.005952100469582145,0.015,0.016,0.015099999999999999,0.015,0.00030000000000000024,0.05,0.077,0.0528,0.051000000000000004,0.00577581163127746,0.24,0.263,0.24625,0.246,0.004109440351191392,0.11900000000000001,0.14200000000000002,0.12155,0.1205,0.004737879272417147,0.037,0.038,0.0371,0.037,0.00030000000000000024,0.02,0.021,0.0206,0.021,0.000489897948556636,0.02,0.021,0.0205,0.0205,0.0005000000000000004,0.0,0.0,0.0,0.0,0.0
32,32,4096,11008,32768,True,3648,4,0.126,0.339,0.13995,0.128,0.04631789610938736,0.134,0.162,0.1375,0.136,0.005826662852782885,0.015,0.016,0.015099999999999999,0.015,0.00030000000000000024,0.05,0.07,0.0523,0.051000000000000004,0.004371498598878879,0.242,0.264,0.2445,0.244,0.004588027898781789,0.11900000000000001,0.14200000000000002,0.12095,0.12,0.004862869523234201,0.036000000000000004,0.037,0.03695,0.037,0.00021794494717703236,0.02,0.021,0.02015,0.02,0.00035707142142714284,0.02,0.021,0.020200000000000003,0.02,0.00040000000000000034,0.0,0.0,0.0,0.0,0.0
32,32,4096,11008,32768,True,3616,4,0.123,0.214,0.13045,0.125,0.019890889874512905,0.133,0.154,0.13675,0.136,0.004085033659592046,0.015,0.016,0.01505,0.015,0.00021794494717703385,0.05,0.068,0.052050000000000006,0.051000000000000004,0.004067861846228311,0.23800000000000002,0.266,0.2439,0.243,0.0052716221412388835,0.11800000000000001,0.14200000000000002,0.12079999999999999,0.12,0.0049355850717012284,0.036000000000000004,0.037,0.03685,0.037,0.00035707142142714035,0.02,0.021,0.020200000000000003,0.02,0.00040000000000000034,0.02,0.021,0.020050000000000002,0.02,0.00021794494717703385,0.0,0.0,0.0,0.0,0.0
32,32,4096,11008,32768,True,3584,4,0.123,0.241,0.13194999999999998,0.125,0.02588913864924826,0.13,0.154,0.13255,0.131,0.004984726672546849,0.015,0.015,0.015,0.015,0.0,0.046,0.063,0.04765,0.046,0.003940494892776795,0.234,0.258,0.2386,0.23800000000000002,0.004586937976471884,0.117,0.14,0.11960000000000001,0.11900000000000001,0.004768647607026546,0.036000000000000004,0.037,0.036250000000000004,0.036000000000000004,0.0004330127018922167,0.02,0.021,0.020050000000000002,0.02,0.00021794494717703385,0.02,0.02,0.02,0.02,0.0,0.0,0.0,0.0,0.0,0.0
32,32,4096,11008,32768,True,3552,4,0.122,0.212,0.12894999999999998,0.123,0.020083513138890816,0.13,0.154,0.13205,0.131,0.005084043666216881,0.015,0.015,0.015,0.015,0.0,0.046,0.063,0.047549999999999995,0.046,0.003968311983702896,0.234,0.257,0.23845,0.23800000000000002,0.004409931972264423,0.117,0.14,0.11960000000000001,0.11850000000000001,0.004841487374764083,0.036000000000000004,0.037,0.036050000000000006,0.036000000000000004,0.00021794494717703236,0.02,0.02,0.02,0.02,0.0,0.019,0.02,0.019950000000000002,0.02,0.00021794494717703385,0.0,0.0,0.0,0.0,0.0
32,32,4096,11008,32768,True,3520,4,0.121,0.22,0.1293,0.123,0.022045634488487738,0.129,0.155,0.1321,0.131,0.005337602458033006,0.015,0.015,0.015,0.015,0.0,0.045,0.064,0.047349999999999996,0.046,0.004138538389335057,0.233,0.259,0.23795000000000002,0.23700000000000002,0.004954543369474122,0.117,0.14100000000000001,0.1193,0.11800000000000001,0.005070502933634888,0.035,0.036000000000000004,0.0359,0.036000000000000004,0.00030000000000000024,0.019,0.02,0.019700000000000002,0.02,0.0004582575694955844,0.019,0.02,0.019700000000000002,0.02,0.0004582575694955844,0.0,0.0,0.0,0.0,0.0
32,32,4096,11008,32768,True,3488,4,0.12,0.243,0.13074999999999998,0.121,0.028275209990378497,0.13,0.159,0.13285,0.131,0.006528973885688317,0.015,0.015,0.015,0.015,0.0,0.051000000000000004,0.068,0.053000000000000005,0.052000000000000005,0.003591656999213594,0.234,0.256,0.23785000000000003,0.23700000000000002,0.004269367634673779,0.117,0.14100000000000001,0.1193,0.11800000000000001,0.005158488150611574,0.035,0.036000000000000004,0.035750000000000004,0.036000000000000004,0.0004330127018922197,0.019,0.02,0.019200000000000002,0.019,0.00040000000000000034,0.019,0.02,0.01925,0.019,0.0004330127018922197,0.0,0.0,0.0,0.0,0.0
32,32,4096,11008,32768,True,3456,4,0.11800000000000001,0.20800000000000002,0.12510000000000002,0.12,0.019902009948746385,0.122,0.145,0.12725,0.127,0.004357464859296055,0.014,0.015,0.01465,0.015,0.00047696960070847243,0.045,0.062,0.046849999999999996,0.046,0.0037185346576306105,0.22,0.244,0.2287,0.2285,0.004196427051671456,0.117,0.14,0.11915,0.11800000000000001,0.004860812689252694,0.035,0.036000000000000004,0.035050000000000005,0.035,0.00021794494717703385,0.019,0.02,0.01915,0.019,0.00035707142142714284,0.019,0.02,0.01905,0.019,0.00021794494717703385,0.0,0.0,0.0,0.0,0.0
32,32,4096,11008,32768,True,3424,4,0.117,0.212,0.12405000000000002,0.11800000000000001,0.02137866927570563,0.121,0.14400000000000002,0.127,0.127,0.004242640687119289,0.014,0.014,0.014000000000000002,0.014,0.0,0.045,0.063,0.0469,0.045,0.004097560249709577,0.221,0.241,0.2285,0.228,0.003788139384975161,0.117,0.139,0.1189,0.11800000000000001,0.004678675026115835,0.034,0.035,0.034600000000000006,0.035,0.000489897948556636,0.019,0.02,0.01905,0.019,0.00021794494717703385,0.019,0.019,0.019,0.019,0.0,0.0,0.0,0.0,0.0,0.0
32,32,4096,11008,32768,True,3392,4,0.116,0.211,0.1232,0.117,0.02132744710461146,0.129,0.154,0.13185,0.131,0.005208406666150406,0.014,0.014,0.014000000000000002,0.014,0.0,0.045,0.064,0.048,0.047,0.004207136793592527,0.233,0.256,0.23640000000000003,0.23550000000000001,0.004597825573029058,0.117,0.14400000000000002,0.11950000000000001,0.11800000000000001,0.006012487006222967,0.034,0.035,0.0347,0.035,0.0004582575694955844,0.019,0.019,0.019,0.019,0.0,0.019,0.019,0.019,0.019,0.0,0.0,0.0,0.0,0.0,0.0
32,32,4096,11008,32768,True,3360,4,0.114,0.20700000000000002,0.12155,0.115,0.0208601893567628,0.129,0.152,0.13105,0.13,0.004873140671066247,0.014,0.015,0.014050000000000002,0.014,0.0002179449471770335,0.05,0.15,0.0598,0.052000000000000005,0.02247353999707211,0.233,0.256,0.23600000000000004,0.23500000000000001,0.004679743582719035,0.117,0.14,0.11950000000000001,0.11850000000000001,0.0047592016137163184,0.034,0.035,0.034100000000000005,0.034,0.00030000000000000024,0.018000000000000002,0.019,0.0188,0.019,0.000399999999999999,0.018000000000000002,0.019,0.0189,0.019,0.0002999999999999992,0.0,0.0,0.0,0.0,0.0
32,32,4096,11008,32768,True,3328,4,0.113,0.203,0.1203,0.114,0.020359518658357324,0.121,0.14400000000000002,0.12495,0.124,0.0045549423706563,0.014,0.014,0.014000000000000002,0.014,0.0,0.045,0.063,0.046849999999999996,0.045,0.004077683165720457,0.218,0.242,0.2209,0.22,0.004897958758503382,0.106,0.128,0.10800000000000001,0.107,0.00482700735445887,0.033,0.035,0.033850000000000005,0.034,0.00047696960070847325,0.018000000000000002,0.019,0.01855,0.019,0.0004974937185533088,0.018000000000000002,0.019,0.0187,0.019,0.0004582575694955828,0.0,0.0,0.0,0.0,0.0
32,32,4096,11008,32768,True,3296,4,0.112,0.217,0.11950000000000001,0.113,0.023386962179812922,0.121,0.148,0.12475,0.1235,0.005430239405403779,0.014,0.014,0.014000000000000002,0.014,0.0,0.045,0.065,0.04725,0.046,0.004481908075808785,0.218,0.241,0.2202,0.219,0.004853864439804637,0.106,0.13,0.1078,0.106,0.005259277516921884,0.033,0.034,0.033850000000000005,0.034,0.00035707142142714284,0.018000000000000002,0.019,0.0181,0.018000000000000002,0.0002999999999999992,0.018000000000000002,0.019,0.018150000000000003,0.018000000000000002,0.0003570714214271416,0.0,0.0,0.0,0.0,0.0
32,32,4096,11008,32768,True,3264,4,0.11,0.209,0.11779999999999999,0.112,0.02190570701894828,0.128,0.152,0.13125,0.13,0.004856696408053522,0.014,0.014,0.014000000000000002,0.014,0.0,0.045,0.063,0.046799999999999994,0.0455,0.004044749683231337,0.217,0.241,0.21955,0.218,0.0049947472408521315,0.105,0.128,0.1075,0.106,0.004852834223420373,0.033,0.034,0.03325,0.033,0.0004330127018922197,0.018000000000000002,0.018000000000000002,0.018000000000000002,0.018000000000000002,0.0,0.018000000000000002,0.019,0.018150000000000003,0.018000000000000002,0.0003570714214271416,0.0,0.0,0.0,0.0,0.0
32,32,4096,11008,32768,True,3232,4,0.109,0.2,0.1167,0.111,0.02054288197892399,0.129,0.155,0.13175,0.13,0.005485207379853563,0.014,0.014,0.014000000000000002,0.014,0.0,0.045,0.063,0.04675,0.045,0.004097255178775177,0.217,0.242,0.21955,0.218,0.005210326285368315,0.105,0.128,0.10754999999999999,0.106,0.005024689045105181,0.033,0.034,0.03305,0.033,0.00021794494717703385,0.018000000000000002,0.018000000000000002,0.018000000000000002,0.018000000000000002,0.0,0.018000000000000002,0.018000000000000002,0.018000000000000002,0.018000000000000002,0.0,0.0,0.0,0.0,0.0,0.0
32,32,4096,11008,32768,True,3200,4,0.108,0.20700000000000002,0.11585000000000001,0.109,0.022098133405335396,0.114,0.154,0.11825000000000001,0.116,0.008317902379807061,0.013000000000000001,0.014,0.013800000000000002,0.014,0.0003999999999999997,0.044,0.064,0.0469,0.0455,0.004264973622427225,0.216,0.241,0.21869999999999998,0.217,0.0051778373863998455,0.105,0.129,0.10734999999999999,0.106,0.005179527005432062,0.033,0.033,0.033,0.033,0.0,0.018000000000000002,0.019,0.018050000000000004,0.018000000000000002,0.00021794494717703312,0.018000000000000002,0.018000000000000002,0.018000000000000002,0.018000000000000002,0.0,0.0,0.0,0.0,0.0,0.0
32,32,4096,11008,32768,True,3168,4,0.107,0.213,0.11445000000000001,0.107,0.023904968102886063,0.113,0.14,0.11700000000000002,0.116,0.005549774770204644,0.013000000000000001,0.014,0.01305,0.013000000000000001,0.0002179449471770335,0.045,0.065,0.046799999999999994,0.045,0.004478839135311739,0.217,0.241,0.21880000000000002,0.217,0.005163332257370233,0.10400000000000001,0.128,0.10694999999999999,0.105,0.005314837720946898,0.032,0.033,0.0322,0.032,0.00040000000000000034,0.018000000000000002,0.018000000000000002,0.018000000000000002,0.018000000000000002,0.0,0.017,0.018000000000000002,0.01785,0.018000000000000002,0.00035707142142714284,0.0,0.0,0.0,0.0,0.0
32,32,4096,11008,32768,True,3136,4,0.107,0.20800000000000002,0.1146,0.108,0.022685678301518786,0.114,0.139,0.11735,0.116,0.005256186830773808,0.013000000000000001,0.014,0.01305,0.013000000000000001,0.0002179449471770335,0.044,0.065,0.0474,0.045,0.004953786430600336,0.215,0.244,0.2186,0.217,0.005911006682452659,0.105,0.127,0.1076,0.1055,0.006483826030978933,0.031,0.032,0.0319,0.032,0.00030000000000000024,0.017,0.018000000000000002,0.017900000000000003,0.018000000000000002,0.00030000000000000024,0.017,0.018000000000000002,0.017900000000000003,0.018000000000000002,0.00030000000000000024,0.0,0.0,0.0,0.0,0.0
32,32,4096,11008,32768,True,3104,4,0.10400000000000001,0.20800000000000002,0.11245000000000001,0.106,0.023172127653713636,0.113,0.14100000000000001,0.11685000000000001,0.115,0.005764329969736293,0.013000000000000001,0.014,0.01305,0.013000000000000001,0.0002179449471770335,0.044,0.063,0.046799999999999994,0.045,0.004130375285612678,0.216,0.23900000000000002,0.21865,0.218,0.0047463143595847124,0.10400000000000001,0.129,0.10700000000000001,0.105,0.005357238094391551,0.031,0.032,0.03165,0.032,0.00047696960070847325,0.017,0.018000000000000002,0.01735,0.017,0.00047696960070847325,0.017,0.018000000000000002,0.0172,0.017,0.00040000000000000034,0.0,0.0,0.0,0.0,0.0
32,32,4096,11008,32768,True,3072,4,0.10300000000000001,0.195,0.11095,0.105,0.02061182912795466,0.112,0.154,0.11600000000000002,0.113,0.00918694726228468,0.013000000000000001,0.013000000000000001,0.013000000000000001,0.013000000000000001,0.0,0.04,0.062,0.0435,0.041,0.0050249378105604444,0.197,0.221,0.20335,0.203,0.004441565039487769,0.10200000000000001,0.125,0.10525,0.10400000000000001,0.005038600996308398,0.031,0.032,0.03145,0.031,0.0004974937185533104,0.017,0.018000000000000002,0.017150000000000002,0.017,0.00035707142142714284,0.017,0.018000000000000002,0.0171,0.017,0.00030000000000000024,0.0,0.0,0.0,0.0,0.0
32,32,4096,11008,32768,True,3040,4,0.10300000000000001,0.196,0.1106,0.10450000000000001,0.020845623041780257,0.112,0.137,0.1145,0.113,0.0055272054421741925,0.013000000000000001,0.013000000000000001,0.013000000000000001,0.013000000000000001,0.0,0.04,0.06,0.04205,0.04,0.004598641103630506,0.198,0.223,0.20049999999999998,0.1995,0.005267826876426368,0.10300000000000001,0.126,0.10540000000000001,0.10400000000000001,0.005112729212465685,0.031,0.032,0.03115,0.031,0.00035707142142714284,0.017,0.017,0.017,0.017,0.0,0.017,0.017,0.017,0.017,0.0,0.0,0.0,0.0,0.0,0.0
32,32,4096,11008,32768,True,3008,4,0.10300000000000001,0.19,0.10975000000000001,0.10400000000000001,0.019567511338951613,0.112,0.138,0.11465,0.113,0.005676926985614666,0.013000000000000001,0.013000000000000001,0.013000000000000001,0.013000000000000001,0.0,0.04,0.064,0.04305,0.042,0.005200721103847042,0.198,0.225,0.20035000000000003,0.199,0.005703288525052892,0.10300000000000001,0.126,0.10535000000000001,0.10400000000000001,0.005378429138698397,0.03,0.031,0.03095,0.031,0.00021794494717703385,0.017,0.017,0.017,0.017,0.0,0.017,0.017,0.017,0.017,0.0,0.0,0.0,0.0,0.0,0.0
32,32,4096,11008,32768,True,2976,4,0.101,0.211,0.10869999999999999,0.10200000000000001,0.024578649271267936,0.112,0.153,0.1157,0.113,0.00880965379569481,0.013000000000000001,0.013000000000000001,0.013000000000000001,0.013000000000000001,0.0,0.04,0.061,0.04295,0.041,0.0048422618681768954,0.195,0.218,0.1994,0.1985,0.004409081537009718,0.10300000000000001,0.127,0.10575000000000001,0.10400000000000001,0.005165994579942955,0.03,0.031,0.03065,0.031,0.00047696960070847325,0.016,0.017,0.01695,0.017,0.00021794494717703385,0.016,0.017,0.01695,0.017,0.00021794494717703385,0.0,0.0,0.0,0.0,0.0
32,32,4096,11008,32768,True,2944,4,0.1,0.196,0.10710000000000001,0.101,0.021582168565739634,0.111,0.149,0.11474999999999999,0.113,0.00799296565737649,0.012,0.013000000000000001,0.0127,0.013000000000000001,0.0004582575694955844,0.039,0.058,0.0415,0.04,0.0042367440328629725,0.189,0.219,0.19505,0.194,0.005696270709859214,0.10200000000000001,0.125,0.10490000000000002,0.10350000000000001,0.0051468436929831066,0.03,0.031,0.03005,0.03,0.00021794494717703385,0.016,0.017,0.0164,0.016,0.000489897948556636,0.016,0.017,0.0164,0.016,0.000489897948556636,0.0,0.0,0.0,0.0,0.0
32,32,4096,11008,32768,True,2912,4,0.098,0.188,0.1058,0.1,0.02064848662735359,0.111,0.139,0.1137,0.112,0.0061975801729384685,0.012,0.013000000000000001,0.0125,0.0125,0.0005000000000000004,0.039,0.06,0.0419,0.04,0.00461410879802373,0.194,0.218,0.198,0.197,0.004743416490252567,0.10300000000000001,0.127,0.10535000000000001,0.10400000000000001,0.005331744555021366,0.029,0.03,0.029849999999999998,0.03,0.0003570714214271416,0.016,0.017,0.0161,0.016,0.00030000000000000024,0.016,0.017,0.01615,0.016,0.00035707142142714284,0.0,0.0,0.0,0.0,0.0
32,32,4096,11008,32768,True,2880,4,0.097,0.187,0.10385,0.098,0.02010292267308413,0.11,0.152,0.1137,0.112,0.008820997676000145,0.012,0.013000000000000001,0.01205,0.012,0.00021794494717703385,0.039,0.057,0.041600000000000005,0.04,0.0039547439866570375,0.194,0.216,0.19745000000000001,0.197,0.004364344166080395,0.10300000000000001,0.126,0.10515000000000001,0.10400000000000001,0.005072228307164414,0.029,0.03,0.02975,0.03,0.0004330127018922182,0.016,0.016,0.016,0.016,0.0,0.016,0.017,0.0161,0.016,0.00030000000000000024,0.0,0.0,0.0,0.0,0.0
32,32,4096,11008,32768,True,2848,4,0.096,0.201,0.10390000000000002,0.097,0.02341132204724885,0.111,0.154,0.12295,0.126,0.010399399021097324,0.012,0.013000000000000001,0.01205,0.012,0.00021794494717703385,0.04,0.057,0.04305,0.042,0.003598263470064414,0.194,0.226,0.19745000000000001,0.196,0.006606625462367305,0.10300000000000001,0.126,0.10525,0.10400000000000001,0.004988737315193092,0.028,0.029,0.028750000000000005,0.029,0.0004330127018922197,0.016,0.016,0.016,0.016,0.0,0.016,0.016,0.016,0.016,0.0,0.0,0.0,0.0,0.0,0.0
32,32,4096,11008,32768,True,2816,4,0.095,0.185,0.10230000000000002,0.096,0.020275847701144333,0.094,0.098,0.0964,0.096,0.0009695359714832667,0.012,0.012,0.012,0.012,0.0,0.039,0.058,0.04155,0.04,0.004153010955921017,0.201,0.224,0.20605,0.20450000000000002,0.005044551516240067,0.091,0.114,0.09345,0.092,0.005162121656838399,0.028,0.029,0.028500000000000004,0.0285,0.0005000000000000004,0.016,0.016,0.016,0.016,0.0,0.016,0.016,0.016,0.016,0.0,0.0,0.0,0.0,0.0,0.0
32,32,4096,11008,32768,True,2784,4,0.094,0.184,0.10095000000000001,0.095,0.02046820705386771,0.094,0.098,0.0962,0.096,0.0009273618495495712,0.012,0.012,0.012,0.012,0.0,0.039,0.058,0.0412,0.04,0.004202380277890139,0.187,0.214,0.1913,0.19,0.005339475629684996,0.091,0.112,0.09319999999999999,0.092,0.004718050444834181,0.028,0.029,0.028350000000000004,0.028,0.00047696960070847325,0.016,0.016,0.016,0.016,0.0,0.016,0.016,0.016,0.016,0.0,0.0,0.0,0.0,0.0,0.0
32,32,4096,11008,32768,True,2752,4,0.092,0.182,0.09964999999999999,0.094,0.020177400724573025,0.094,0.098,0.0961,0.096,0.001044030650891056,0.012,0.012,0.012,0.012,0.0,0.039,0.059000000000000004,0.04135,0.04,0.004396305266925854,0.186,0.211,0.19065000000000001,0.1895,0.0048710881741146905,0.091,0.116,0.0935,0.092,0.005417564028232617,0.028,0.028,0.028000000000000004,0.028,0.0,0.015,0.016,0.0158,0.016,0.00040000000000000034,0.015,0.016,0.01575,0.016,0.0004330127018922197,0.0,0.0,0.0,0.0,0.0
32,32,4096,11008,32768,True,2720,4,0.092,0.185,0.09924999999999999,0.093,0.020999702378843372,0.094,0.099,0.096,0.096,0.001140175425099139,0.012,0.012,0.012,0.012,0.0,0.039,0.059000000000000004,0.0412,0.039,0.004632493928760189,0.188,0.213,0.1905,0.189,0.005239274758971893,0.091,0.113,0.09269999999999999,0.091,0.00498096376216491,0.028,0.028,0.028000000000000004,0.028,0.0,0.015,0.016,0.01545,0.015,0.0004974937185533104,0.015,0.016,0.01525,0.015,0.0004330127018922197,0.0,0.0,0.0,0.0,0.0
32,32,4096,11008,32768,True,2688,4,0.091,0.184,0.09759999999999999,0.091,0.021221215799289164,0.094,0.098,0.09575,0.096,0.0009420721840708395,0.012,0.012,0.012,0.012,0.0,0.039,0.059000000000000004,0.04265,0.041,0.004350574674683794,0.168,0.194,0.17795,0.177,0.004842261868176894,0.09,0.113,0.0928,0.091,0.004975942121849894,0.027,0.028,0.027450000000000002,0.027,0.0004974937185533104,0.015,0.016,0.015099999999999999,0.015,0.00030000000000000024,0.015,0.015,0.015,0.015,0.0,0.0,0.0,0.0,0.0,0.0
32,32,4096,11008,32768,True,2656,4,0.09,0.183,0.09764999999999999,0.091,0.02114775401786204,0.094,0.098,0.09555,0.0955,0.0011169153951844349,0.011,0.012,0.011449999999999998,0.011,0.0004974937185533104,0.039,0.064,0.0418,0.04,0.0055731499172371095,0.17200000000000001,0.199,0.17715,0.1765,0.005935275899231641,0.09,0.114,0.09259999999999999,0.091,0.005416641025580339,0.027,0.028,0.02715,0.027,0.00035707142142714284,0.015,0.015,0.015,0.015,0.0,0.015,0.015,0.015,0.015,0.0,0.0,0.0,0.0,0.0,0.0
32,32,4096,11008,32768,True,2624,4,0.088,0.224,0.1105,0.1085,0.029832029766678637,0.093,0.097,0.09519999999999999,0.095,0.0009273618495495712,0.011,0.011,0.011,0.011,0.0,0.039,0.061,0.0422,0.04,0.004915282290977803,0.181,0.20800000000000002,0.18605,0.1845,0.005669876541865798,0.09,0.112,0.0919,0.09,0.0049386232899463,0.026000000000000002,0.027,0.026500000000000003,0.026500000000000003,0.0004999999999999987,0.015,0.015,0.015,0.015,0.0,0.015,0.015,0.015,0.015,0.0,0.0,0.0,0.0,0.0,0.0
32,32,4096,11008,32768,True,2592,4,0.08700000000000001,0.191,0.09519999999999999,0.088,0.02329291737846507,0.093,0.099,0.09505,0.095,0.001160818676624391,0.011,0.011,0.011,0.011,0.0,0.038,0.06,0.041249999999999995,0.04,0.004866980583482946,0.17200000000000001,0.20600000000000002,0.1824,0.1815,0.007137226352022194,0.09,0.114,0.09259999999999999,0.091,0.005332916650389355,0.026000000000000002,0.027,0.026350000000000002,0.026000000000000002,0.0004769696007084716,0.015,0.015,0.015,0.015,0.0,0.015,0.015,0.015,0.015,0.0,0.0,0.0,0.0,0.0,0.0
32,32,4096,11008,32768,True,2560,4,0.08700000000000001,0.187,0.0947,0.08700000000000001,0.023199353439266362,0.091,0.097,0.09285,0.093,0.0011947803145348531,0.011,0.011,0.011,0.011,0.0,0.037,0.054,0.0393,0.0385,0.0035791060336346566,0.17,0.196,0.1739,0.17300000000000001,0.005156549233741494,0.081,0.108,0.08395,0.0825,0.0058006465156911595,0.025,0.026000000000000002,0.025750000000000002,0.026000000000000002,0.0004330127018922197,0.015,0.015,0.015,0.015,0.0,0.015,0.015,0.015,0.015,0.0,0.0,0.0,0.0,0.0,0.0
32,32,4096,11008,32768,True,2528,4,0.08600000000000001,0.177,0.09280000000000001,0.08700000000000001,0.020568422399396602,0.091,0.097,0.09275,0.0925,0.001299038105676659,0.011,0.011,0.011,0.011,0.0,0.037,0.055,0.039650000000000005,0.038,0.0039022429447690726,0.169,0.196,0.17360000000000003,0.17300000000000001,0.005238320341483517,0.081,0.112,0.0845,0.0825,0.006644546636152085,0.025,0.026000000000000002,0.02505,0.025,0.00021794494717703385,0.014,0.015,0.014849999999999999,0.015,0.0003570714214271422,0.014,0.015,0.01465,0.015,0.00047696960070847243,0.0,0.0,0.0,0.0,0.0
32,32,4096,11008,32768,True,2496,4,0.084,0.17400000000000002,0.0918,0.085,0.02067510580384052,0.091,0.096,0.0925,0.092,0.0011180339887498958,0.011,0.011,0.011,0.011,0.0,0.038,0.057,0.04095,0.04,0.0038402473878644855,0.17,0.197,0.17305,0.17200000000000001,0.005563047725842372,0.088,0.114,0.09135,0.09,0.00562383321232058,0.024,0.025,0.02495,0.025,0.00021794494717703385,0.014,0.015,0.01445,0.014,0.0004974937185533095,0.014,0.015,0.014549999999999999,0.015,0.0004974937185533095,0.0,0.0,0.0,0.0,0.0
32,32,4096,11008,32768,True,2464,4,0.083,0.179,0.0918,0.084,0.02150953277037881,0.091,0.096,0.0925,0.092,0.0010723805294763618,0.011,0.011,0.011,0.011,0.0,0.039,0.058,0.04190000000000001,0.041,0.004023679907746142,0.17,0.197,0.1729,0.17200000000000001,0.005575840743780259,0.088,0.111,0.09059999999999999,0.089,0.005003998401278723,0.024,0.025,0.0245,0.0245,0.0005000000000000004,0.014,0.015,0.014050000000000002,0.014,0.0002179449471770335,0.014,0.014,0.014000000000000002,0.014,0.0,0.0,0.0,0.0,0.0,0.0
32,32,4096,11008,32768,True,2432,4,0.083,0.17,0.08940000000000001,0.083,0.01983280111330722,0.091,0.096,0.092,0.092,0.0011832159566199242,0.011,0.011,0.011,0.011,0.0,0.036000000000000004,0.054,0.03815,0.037,0.003927785635698567,0.17,0.196,0.17250000000000001,0.171,0.005445181356024792,0.079,0.10200000000000001,0.0816,0.08,0.005033885179461289,0.023,0.024,0.023549999999999998,0.024,0.0004974937185533104,0.014,0.014,0.014000000000000002,0.014,0.0,0.014,0.014,0.014000000000000002,0.014,0.0,0.0,0.0,0.0,0.0,0.0
32,32,4096,11008,32768,True,2400,4,0.082,0.179,0.08940000000000001,0.083,0.021905250512148908,0.09,0.151,0.09469999999999999,0.091,0.013034953011039203,0.01,0.011,0.01065,0.011,0.00047696960070847243,0.036000000000000004,0.058,0.0388,0.0375,0.004610856753359402,0.17,0.195,0.17250000000000001,0.171,0.005239274758971893,0.079,0.105,0.08285000000000001,0.08,0.006052065763026703,0.023,0.023,0.023,0.023,0.0,0.014,0.014,0.014000000000000002,0.014,0.0,0.014,0.014,0.014000000000000002,0.014,0.0,0.0,0.0,0.0,0.0,0.0
32,32,4096,11008,32768,True,2368,4,0.08,0.179,0.0875,0.081,0.022053344417570772,0.091,0.115,0.0928,0.091,0.005455272678794344,0.01,0.011,0.01005,0.01,0.0002179449471770335,0.037,0.059000000000000004,0.03945,0.038,0.004769433928675394,0.17,0.196,0.17195,0.171,0.0055450428312142,0.089,0.113,0.0915,0.09,0.0053525694764290565,0.022,0.023,0.022149999999999996,0.022,0.00035707142142714284,0.014,0.014,0.014000000000000002,0.014,0.0,0.014,0.014,0.014000000000000002,0.014,0.0,0.0,0.0,0.0,0.0,0.0
32,32,4096,11008,32768,True,2336,4,0.079,0.177,0.0895,0.08,0.022339427029357758,0.09,0.148,0.09425,0.091,0.0124333221626402,0.01,0.01,0.01,0.01,0.0,0.036000000000000004,0.054,0.03835,0.0375,0.003824591481452627,0.169,0.194,0.1719,0.171,0.005127377497317706,0.089,0.111,0.09075,0.089,0.004887484015319131,0.021,0.022,0.0217,0.022,0.0004582575694955828,0.014,0.014,0.014000000000000002,0.014,0.0,0.014,0.014,0.014000000000000002,0.014,0.0,0.0,0.0,0.0,0.0,0.0
32,32,4096,11008,32768,True,2304,4,0.079,0.171,0.08555,0.079,0.02072070220817818,0.089,0.095,0.08985,0.089,0.0018513508581573634,0.01,0.01,0.01,0.01,0.0,0.037,0.058,0.040350000000000004,0.0395,0.0045196791921551255,0.14400000000000002,0.17,0.1478,0.147,0.005353503525729673,0.08700000000000001,0.113,0.09035,0.089,0.005588157120196247,0.021,0.021,0.021,0.021,0.0,0.013000000000000001,0.014,0.013600000000000001,0.014,0.0004898979485566352,0.013000000000000001,0.014,0.013600000000000001,0.014,0.0004898979485566352,0.0,0.0,0.0,0.0,0.0
32,32,4096,11008,32768,True,2272,4,0.078,0.19,0.0916,0.0805,0.02481612379079376,0.088,0.095,0.0893,0.089,0.0017349351572897489,0.01,0.01,0.01,0.01,0.0,0.038,0.057,0.0431,0.043000000000000003,0.003740320841853009,0.14300000000000002,0.20500000000000002,0.1485,0.1455,0.013009611831257692,0.077,0.11,0.0871,0.08700000000000001,0.0066475559418481016,0.02,0.02,0.02,0.02,0.0,0.013000000000000001,0.014,0.0131,0.013000000000000001,0.00029999999999999976,0.013000000000000001,0.014,0.0132,0.013000000000000001,0.0003999999999999997,0.0,0.0,0.0,0.0,0.0
32,32,4096,11008,32768,True,2240,4,0.076,0.17300000000000001,0.0834,0.076,0.02183437656540713,0.089,0.095,0.09,0.089,0.0017029386365926416,0.01,0.01,0.01,0.01,0.0,0.038,0.054,0.040100000000000004,0.039,0.0035763109484495334,0.153,0.179,0.15555,0.154,0.005426555076657749,0.076,0.108,0.08185,0.0775,0.007571492587330454,0.019,0.02,0.0191,0.019,0.00030000000000000024,0.013000000000000001,0.013000000000000001,0.013000000000000001,0.013000000000000001,0.0,0.013000000000000001,0.013000000000000001,0.013000000000000001,0.013000000000000001,0.0,0.0,0.0,0.0,0.0,0.0
32,32,4096,11008,32768,True,2208,4,0.075,0.168,0.0838,0.0765,0.02084850114516629,0.088,0.095,0.0894,0.089,0.0017435595774162708,0.01,0.01,0.01,0.01,0.0,0.038,0.053,0.04045,0.039,0.0033237779709240508,0.152,0.176,0.1543,0.153,0.005050742519669755,0.084,0.11,0.0889,0.088,0.005018964036531842,0.019,0.019,0.019,0.019,0.0,0.013000000000000001,0.013000000000000001,0.013000000000000001,0.013000000000000001,0.0,0.013000000000000001,0.013000000000000001,0.013000000000000001,0.013000000000000001,0.0,0.0,0.0,0.0,0.0,0.0
32,32,4096,11008,32768,True,2176,4,0.075,0.164,0.0849,0.0785,0.019572685048301373,0.089,0.094,0.08979999999999999,0.089,0.001326649916142161,0.01,0.01,0.01,0.01,0.0,0.038,0.053,0.0408,0.04,0.003171750305430741,0.14100000000000001,0.17400000000000002,0.1467,0.1455,0.006834471449936709,0.076,0.097,0.0827,0.081,0.0065734313718179204,0.018000000000000002,0.019,0.018050000000000004,0.018000000000000002,0.00021794494717703312,0.013000000000000001,0.013000000000000001,0.013000000000000001,0.013000000000000001,0.0,0.013000000000000001,0.013000000000000001,0.013000000000000001,0.013000000000000001,0.0,0.0,0.0,0.0,0.0,0.0
32,32,4096,11008,32768,True,2144,4,0.074,0.162,0.08605,0.0775,0.021181300715489598,0.089,0.111,0.09185,0.091,0.004767336782733103,0.009000000000000001,0.01,0.0094,0.009000000000000001,0.0004898979485566352,0.037,0.055,0.039900000000000005,0.039,0.0038196858509568564,0.155,0.176,0.15775,0.156,0.00458121163012581,0.076,0.097,0.08595,0.08700000000000001,0.005084043666216884,0.017,0.018000000000000002,0.0175,0.0175,0.0005000000000000004,0.013000000000000001,0.013000000000000001,0.013000000000000001,0.013000000000000001,0.0,0.013000000000000001,0.013000000000000001,0.013000000000000001,0.013000000000000001,0.0,0.0,0.0,0.0,0.0,0.0
32,32,4096,11008,32768,True,2112,4,0.074,0.167,0.08295,0.076,0.020589985429815147,0.089,0.127,0.09235,0.09,0.008211424967689836,0.009000000000000001,0.01,0.00905,0.009000000000000001,0.0002179449471770335,0.035,0.054,0.03735,0.036000000000000004,0.004304358256465183,0.151,0.176,0.15360000000000001,0.1525,0.005190375708944391,0.076,0.108,0.0864,0.0875,0.007186097689288673,0.017,0.017,0.017,0.017,0.0,0.012,0.013000000000000001,0.0129,0.013000000000000001,0.00030000000000000024,0.012,0.013000000000000001,0.0126,0.013000000000000001,0.000489897948556636,0.0,0.0,0.0,0.0,0.0
32,32,4096,11008,32768,True,2080,4,0.073,0.17300000000000001,0.0824,0.075,0.022145879978000427,0.089,0.125,0.09204999999999999,0.09,0.008052794545994578,0.009000000000000001,0.01,0.00905,0.009000000000000001,0.0002179449471770335,0.039,0.058,0.041350000000000005,0.04,0.004053085244600711,0.151,0.17500000000000002,0.15325,0.152,0.005028667815634678,0.076,0.113,0.08425,0.08600000000000001,0.008836713189868733,0.016,0.017,0.01615,0.016,0.00035707142142714284,0.012,0.013000000000000001,0.01285,0.013000000000000001,0.00035707142142714284,0.012,0.013000000000000001,0.01295,0.013000000000000001,0.00021794494717703385,0.0,0.0,0.0,0.0,0.0
32,32,4096,11008,32768,True,2048,4,0.079,0.171,0.0878,0.08,0.021332135383031865,0.076,0.12,0.08085,0.078,0.009350267375856158,0.009000000000000001,0.009000000000000001,0.009000000000000001,0.009000000000000001,0.0,0.034,0.051000000000000004,0.036000000000000004,0.035,0.003605551275463989,0.134,0.157,0.13545000000000001,0.134,0.004974685919734027,0.065,0.069,0.0669,0.067,0.0008888194417315596,0.016,0.016,0.016,0.016,0.0,0.012,0.013000000000000001,0.01225,0.012,0.0004330127018922197,0.012,0.013000000000000001,0.0123,0.012,0.0004582575694955844,0.0,0.0,0.0,0.0,0.0
32,32,4096,11008,32768,True,2048,4,0.07200000000000001,0.17,0.08285000000000001,0.076,0.021959678959401936,0.075,0.10300000000000001,0.0796,0.078,0.006044832503882967,0.009000000000000001,0.009000000000000001,0.009000000000000001,0.009000000000000001,0.0,0.033,0.048,0.03495,0.034,0.0031539657575820313,0.133,0.158,0.1356,0.134,0.005190375708944391,0.065,0.069,0.06670000000000001,0.067,0.0009539392014169465,0.016,0.016,0.016,0.016,0.0,0.012,0.013000000000000001,0.01235,0.012,0.00047696960070847325,0.012,0.013000000000000001,0.01225,0.012,0.0004330127018922197,0.0,0.0,0.0,0.0,0.0
32,32,4096,11008,32768,True,2032,4,0.076,0.177,0.0928,0.0795,0.024336392501765745,0.077,0.13,0.08249999999999999,0.08,0.011240551587889272,0.009000000000000001,0.009000000000000001,0.009000000000000001,0.009000000000000001,0.0,0.035,0.051000000000000004,0.0369,0.036000000000000004,0.00340440890610984,0.133,0.158,0.13555,0.134,0.0052390361709001385,0.065,0.07,0.0668,0.067,0.0009273618495495712,0.015,0.016,0.0152,0.015,0.00040000000000000034,0.012,0.013000000000000001,0.012199999999999999,0.012,0.00040000000000000034,0.012,0.013000000000000001,0.01215,0.012,0.00035707142142714284,0.0,0.0,0.0,0.0,0.0
32,32,4096,11008,32768,True,2016,4,0.077,0.17,0.0858,0.079,0.02042694299203873,0.081,0.108,0.08435000000000001,0.083,0.005901482864501089,0.009000000000000001,0.009000000000000001,0.009000000000000001,0.009000000000000001,0.0,0.036000000000000004,0.053,0.0373,0.036000000000000004,0.0037696153649941517,0.133,0.159,0.13545000000000001,0.134,0.00550885650566431,0.065,0.069,0.06675,0.067,0.0010428326807307114,0.015,0.016,0.01505,0.015,0.00021794494717703385,0.012,0.013000000000000001,0.01205,0.012,0.00021794494717703385,0.012,0.013000000000000001,0.0121,0.012,0.00030000000000000024,0.0,0.0,0.0,0.0,0.0
32,32,4096,11008,32768,True,2000,4,0.075,0.169,0.0857,0.08,0.020332486321156102,0.085,0.122,0.08835000000000001,0.08600000000000001,0.007957857751932989,0.009000000000000001,0.009000000000000001,0.009000000000000001,0.009000000000000001,0.0,0.036000000000000004,0.053,0.0382,0.037,0.003749666651850534,0.132,0.16,0.13485,0.134,0.005807538204781781,0.065,0.07,0.06655,0.067,0.0011169153951844349,0.015,0.015,0.015,0.015,0.0,0.012,0.013000000000000001,0.0121,0.012,0.00030000000000000024,0.012,0.013000000000000001,0.01205,0.012,0.00021794494717703385,0.0,0.0,0.0,0.0,0.0
32,32,4096,11008,32768,True,1984,4,0.077,0.165,0.088,0.0815,0.019406184581210188,0.08700000000000001,0.11900000000000001,0.0902,0.088,0.00693974062915899,0.009000000000000001,0.009000000000000001,0.009000000000000001,0.009000000000000001,0.0,0.036000000000000004,0.056,0.038900000000000004,0.038,0.00407308237088326,0.133,0.159,0.13540000000000002,0.134,0.005462600113499064,0.065,0.069,0.0666,0.067,0.0008000000000000007,0.015,0.015,0.015,0.015,0.0,0.012,0.013000000000000001,0.01205,0.012,0.00021794494717703385,0.012,0.012,0.012,0.012,0.0,0.0,0.0,0.0,0.0,0.0
32,32,4096,11008,32768,True,1968,4,0.077,0.196,0.08990000000000001,0.081,0.025899613896735993,0.085,0.108,0.0888,0.0875,0.004915282290977802,0.009000000000000001,0.009000000000000001,0.009000000000000001,0.009000000000000001,0.0,0.036000000000000004,0.053,0.038400000000000004,0.0375,0.003569313659514949,0.132,0.158,0.13465,0.1335,0.005443114917030503,0.065,0.07,0.0663,0.066,0.001100000000000001,0.015,0.015,0.015,0.015,0.0,0.012,0.012,0.012,0.012,0.0,0.012,0.012,0.012,0.012,0.0,0.0,0.0,0.0,0.0,0.0
32,32,4096,11008,32768,True,1952,4,0.075,0.161,0.0927,0.086,0.020770411647341034,0.09,0.126,0.09359999999999999,0.092,0.007611832893594027,0.009000000000000001,0.009000000000000001,0.009000000000000001,0.009000000000000001,0.0,0.036000000000000004,0.06,0.03845,0.037,0.005034630075785111,0.132,0.158,0.13505,0.134,0.0054724309040864085,0.065,0.07,0.06634999999999999,0.066,0.001107925990308018,0.014,0.015,0.0144,0.014,0.0004898979485566352,0.012,0.012,0.012,0.012,0.0,0.012,0.012,0.012,0.012,0.0,0.0,0.0,0.0,0.0,0.0
32,32,4096,11008,32768,True,1936,4,0.077,0.171,0.08535000000000001,0.079,0.02055547372356084,0.091,0.116,0.09509999999999999,0.094,0.005223983154643592,0.009000000000000001,0.009000000000000001,0.009000000000000001,0.009000000000000001,0.0,0.037,0.053,0.0403,0.039,0.0034365680554879164,0.132,0.156,0.13445000000000001,0.133,0.005004747745890894,0.064,0.068,0.0658,0.066,0.0008717797887081354,0.014,0.015,0.014349999999999998,0.014,0.00047696960070847243,0.012,0.012,0.012,0.012,0.0,0.012,0.012,0.012,0.012,0.0,0.0,0.0,0.0,0.0,0.0
32,32,4096,11008,32768,True,1920,4,0.07,0.159,0.08105,0.0745,0.01934289275160259,0.088,0.11,0.09109999999999999,0.09,0.004678675026115835,0.008,0.009000000000000001,0.008950000000000001,0.009000000000000001,0.00021794494717703385,0.032,0.05,0.0334,0.032,0.003942080668885405,0.13,0.157,0.13765,0.137,0.005729528776435284,0.063,0.08600000000000001,0.06595,0.064,0.005054453481831643,0.014,0.014,0.014000000000000002,0.014,0.0,0.011,0.012,0.011949999999999999,0.012,0.00021794494717703385,0.012,0.012,0.012,0.012,0.0,0.0,0.0,0.0,0.0,0.0
32,32,4096,11008,32768,True,1904,4,0.074,0.168,0.0854,0.079,0.020291377479116593,0.08700000000000001,0.108,0.0906,0.09,0.004352011029397788,0.009000000000000001,0.009000000000000001,0.009000000000000001,0.009000000000000001,0.0,0.031,0.059000000000000004,0.03395,0.032,0.005970552738231194,0.135,0.165,0.14025,0.138,0.006525909898244074,0.063,0.083,0.0655,0.064,0.004376071297408214,0.013000000000000001,0.014,0.013850000000000001,0.014,0.0003570714214271422,0.011,0.012,0.01185,0.012,0.00035707142142714284,0.011,0.012,0.011949999999999999,0.012,0.00021794494717703385,0.0,0.0,0.0,0.0,0.0
32,32,4096,11008,32768,True,1888,4,0.075,0.171,0.0883,0.081,0.021457166634949735,0.088,0.111,0.09069999999999999,0.09,0.004940647730814251,0.008,0.009000000000000001,0.00885,0.009000000000000001,0.00035707142142714284,0.032,0.056,0.0335,0.032,0.005239274758971894,0.137,0.171,0.1426,0.14,0.007748548251124204,0.063,0.085,0.0656,0.064,0.0047895720059312205,0.014,0.014,0.014000000000000002,0.014,0.0,0.011,0.012,0.011949999999999999,0.012,0.00021794494717703385,0.011,0.012,0.011899999999999999,0.012,0.00030000000000000024,0.0,0.0,0.0,0.0,0.0
32,32,4096,11008,32768,True,1872,4,0.074,0.155,0.08990000000000001,0.08650000000000001,0.01883321533886341,0.089,0.107,0.0915,0.09,0.004353159771935785,0.008,0.009000000000000001,0.00835,0.008,0.00047696960070847325,0.032,0.05,0.033600000000000005,0.032,0.0039293765408777,0.138,0.161,0.14285,0.1405,0.005294100490168273,0.063,0.082,0.0654,0.064,0.004091454509095757,0.013000000000000001,0.014,0.0134,0.013000000000000001,0.0004898979485566352,0.011,0.012,0.011649999999999999,0.012,0.00047696960070847325,0.011,0.012,0.011649999999999999,0.012,0.00047696960070847325,0.0,0.0,0.0,0.0,0.0
32,32,4096,11008,32768,True,1856,4,0.076,0.168,0.09140000000000001,0.086,0.02045091684986275,0.088,0.108,0.09069999999999999,0.0895,0.004325505750776434,0.008,0.009000000000000001,0.00805,0.008,0.00021794494717703385,0.031,0.051000000000000004,0.032850000000000004,0.032,0.004304358256465185,0.14400000000000002,0.164,0.14715,0.145,0.005570233388288142,0.063,0.085,0.0655,0.064,0.004883646178829914,0.013000000000000001,0.014,0.01315,0.013000000000000001,0.0003570714214271422,0.011,0.012,0.011449999999999998,0.011,0.0004974937185533104,0.011,0.012,0.011449999999999998,0.011,0.0004974937185533104,0.0,0.0,0.0,0.0,0.0
32,32,4096,11008,32768,True,1840,4,0.08,0.216,0.09725,0.09,0.027992632959405586,0.08700000000000001,0.109,0.09045,0.089,0.004769433928675394,0.008,0.009000000000000001,0.00805,0.008,0.00021794494717703385,0.031,0.054,0.033,0.032,0.004888762624632127,0.14,0.161,0.14750000000000002,0.1475,0.004738143096192848,0.063,0.082,0.0651,0.064,0.0042296571965113215,0.013000000000000001,0.014,0.01305,0.013000000000000001,0.0002179449471770335,0.011,0.012,0.011449999999999998,0.011,0.0004974937185533104,0.011,0.012,0.0113,0.011,0.0004582575694955844,0.0,0.0,0.0,0.0,0.0
32,32,4096,11008,32768,True,1824,4,0.068,0.163,0.08120000000000001,0.0745,0.020660590504629824,0.08700000000000001,0.11,0.08975,0.088,0.00505840884073243,0.008,0.009000000000000001,0.00805,0.008,0.00021794494717703385,0.031,0.054,0.033350000000000005,0.032,0.004881342028581894,0.148,0.179,0.15885,0.16,0.007316249038954322,0.063,0.09,0.0661,0.063,0.006518435395092904,0.013000000000000001,0.013000000000000001,0.013000000000000001,0.013000000000000001,0.0,0.011,0.012,0.0113,0.011,0.0004582575694955844,0.011,0.012,0.011149999999999998,0.011,0.00035707142142714284,0.0,0.0,0.0,0.0,0.0
32,32,4096,11008,32768,True,1808,4,0.075,0.201,0.087,0.0775,0.027232333722984524,0.08700000000000001,0.11,0.09035,0.089,0.0048091059460153305,0.008,0.008,0.008,0.008,0.0,0.031,0.057,0.033800000000000004,0.032,0.005662155066756826,0.138,0.159,0.14450000000000002,0.14350000000000002,0.0048631265663151265,0.063,0.08600000000000001,0.06545,0.0635,0.005324237034543074,0.013000000000000001,0.013000000000000001,0.013000000000000001,0.013000000000000001,0.0,0.011,0.011,0.011,0.011,0.0,0.011,0.012,0.011149999999999998,0.011,0.00035707142142714284,0.0,0.0,0.0,0.0,0.0
32,32,4096,11008,32768,True,1792,4,0.076,0.193,0.09455,0.08,0.027880952279289172,0.088,0.107,0.09,0.089,0.004135214625627067,0.008,0.009000000000000001,0.00805,0.008,0.00021794494717703385,0.031,0.049,0.03315,0.032,0.0037851684242580282,0.129,0.162,0.1332,0.131,0.007004284403134985,0.062,0.083,0.06484999999999999,0.0635,0.004563715591489024,0.013000000000000001,0.013000000000000001,0.013000000000000001,0.013000000000000001,0.0,0.011,0.012,0.01125,0.011,0.0004330127018922197,0.011,0.011,0.011,0.011,0.0,0.0,0.0,0.0,0.0,0.0
32,32,4096,11008,32768,True,1776,4,0.069,0.152,0.0774,0.07150000000000001,0.01827949671079595,0.088,0.108,0.09079999999999999,0.09,0.004237924020083419,0.008,0.008,0.008,0.008,0.0,0.031,0.057,0.0335,0.032,0.005463515351859094,0.131,0.156,0.1331,0.132,0.005337602458033006,0.062,0.085,0.06495,0.063,0.0049847266725468525,0.012,0.013000000000000001,0.01285,0.013000000000000001,0.00035707142142714284,0.011,0.011,0.011,0.011,0.0,0.011,0.011,0.011,0.011,0.0,0.0,0.0,0.0,0.0,0.0
32,32,4096,11008,32768,True,1760,4,0.073,0.153,0.08115,0.075,0.017749014057124413,0.068,0.106,0.0769,0.07100000000000001,0.010103959619871804,0.008,0.008,0.008,0.008,0.0,0.032,0.056,0.03395,0.033,0.005171798526624949,0.133,0.17,0.1369,0.135,0.007745321168292508,0.062,0.083,0.06484999999999999,0.063,0.0046181706334868155,0.012,0.013000000000000001,0.01295,0.013000000000000001,0.00021794494717703385,0.011,0.011,0.011,0.011,0.0,0.011,0.011,0.011,0.011,0.0,0.0,0.0,0.0,0.0,0.0
32,32,4096,11008,32768,True,1744,4,0.076,0.161,0.08475,0.078,0.018209544200775595,0.068,0.09,0.07410000000000001,0.07,0.007462573282722254,0.008,0.008,0.008,0.008,0.0,0.031,0.048,0.03255,0.0315,0.0037212229172679245,0.137,0.159,0.14015000000000002,0.139,0.0045086028878134725,0.062,0.083,0.06455,0.063,0.004652687395473718,0.012,0.013000000000000001,0.0129,0.013000000000000001,0.00030000000000000024,0.011,0.011,0.011,0.011,0.0,0.011,0.011,0.011,0.011,0.0,0.0,0.0,0.0,0.0,0.0
32,32,4096,11008,32768,True,1728,4,0.081,0.169,0.09265,0.0875,0.018251780735040624,0.068,0.108,0.0766,0.07050000000000001,0.01087841900277793,0.008,0.008,0.008,0.008,0.0,0.031,0.056,0.03355,0.032,0.005229483722127836,0.139,0.17,0.14320000000000002,0.14200000000000002,0.006305553108173778,0.062,0.082,0.06465,0.063,0.004350574674683795,0.012,0.013000000000000001,0.0127,0.013000000000000001,0.0004582575694955844,0.011,0.011,0.011,0.011,0.0,0.011,0.011,0.011,0.011,0.0,0.0,0.0,0.0,0.0,0.0
32,32,4096,11008,32768,True,1712,4,0.076,0.157,0.08385000000000001,0.078,0.017621790487915807,0.068,0.105,0.07915000000000001,0.0805,0.009829928789162206,0.008,0.008,0.008,0.008,0.0,0.032,0.055,0.033600000000000005,0.032,0.004993996395673509,0.14100000000000001,0.16,0.14415,0.14400000000000002,0.003965791219920681,0.062,0.082,0.06470000000000001,0.0635,0.004517742799230609,0.012,0.013000000000000001,0.01205,0.012,0.00021794494717703385,0.011,0.011,0.011,0.011,0.0,0.011,0.011,0.011,0.011,0.0,0.0,0.0,0.0,0.0,0.0
32,32,4096,11008,32768,True,1696,4,0.076,0.154,0.08735,0.079,0.022368001698855444,0.068,0.109,0.07410000000000001,0.069,0.010039422294136251,0.008,0.008,0.008,0.008,0.0,0.031,0.052000000000000005,0.0334,0.032,0.004431703961232068,0.14400000000000002,0.17,0.14895,0.148,0.00519109814971746,0.062,0.083,0.06445,0.063,0.004587755442479471,0.012,0.012,0.012,0.012,0.0,0.011,0.011,0.011,0.011,0.0,0.011,0.011,0.011,0.011,0.0,0.0,0.0,0.0,0.0,0.0
32,32,4096,11008,32768,True,1680,4,0.075,0.15,0.089,0.0825,0.017657859439920796,0.069,0.107,0.08335000000000001,0.08650000000000001,0.009936171294819747,0.008,0.008,0.008,0.008,0.0,0.031,0.048,0.033,0.032,0.0035777087639996636,0.138,0.158,0.14015000000000002,0.139,0.004234087859267918,0.062,0.082,0.06434999999999999,0.063,0.004508602887813476,0.012,0.012,0.012,0.012,0.0,0.011,0.011,0.011,0.011,0.0,0.011,0.011,0.011,0.011,0.0,0.0,0.0,0.0,0.0,0.0
32,32,4096,11008,32768,True,1664,4,0.077,0.163,0.086,0.08,0.018541844568434933,0.068,0.108,0.07555,0.0695,0.010418613151470784,0.008,0.008,0.008,0.008,0.0,0.031,0.048,0.0328,0.032,0.0036551333764994133,0.14200000000000002,0.17400000000000002,0.1467,0.145,0.006442825467137848,0.062,0.085,0.06484999999999999,0.063,0.005140768425050872,0.012,0.012,0.012,0.012,0.0,0.01,0.011,0.01095,0.011,0.0002179449471770335,0.011,0.011,0.011,0.011,0.0,0.0,0.0,0.0,0.0,0.0
32,32,4096,11008,32768,True,1648,4,0.077,0.153,0.0841,0.079,0.01646784746103752,0.068,0.109,0.0766,0.07050000000000001,0.010674268124794316,0.008,0.008,0.008,0.008,0.0,0.03,0.048,0.03265,0.0315,0.0037851684242580282,0.14300000000000002,0.192,0.1485,0.1455,0.010781929326423913,0.068,0.09,0.07195,0.07050000000000001,0.0049038250376619245,0.012,0.012,0.012,0.012,0.0,0.01,0.011,0.01095,0.011,0.0002179449471770335,0.011,0.011,0.011,0.011,0.0,0.0,0.0,0.0,0.0,0.0
32,32,4096,11008,32768,True,1632,4,0.113,0.212,0.12275,0.116,0.02132809180400347,0.068,0.115,0.07885,0.0765,0.010914554503047753,0.007,0.008,0.007549999999999999,0.008,0.00049749371855331,0.035,0.057,0.0379,0.036000000000000004,0.005146843692983107,0.14400000000000002,0.184,0.14965,0.147,0.008844631139849759,0.068,0.09,0.0714,0.07,0.004799999999999998,0.011,0.012,0.011949999999999999,0.012,0.00021794494717703385,0.011,0.011,0.011,0.011,0.0,0.01,0.011,0.0109,0.011,0.00029999999999999976,0.0,0.0,0.0,0.0,0.0
32,32,4096,11008,32768,True,1616,4,0.11,0.194,0.12050000000000001,0.1155,0.01777216925420192,0.068,0.089,0.07425000000000001,0.0695,0.00760838353397093,0.007,0.008,0.007549999999999999,0.008,0.00049749371855331,0.03,0.047,0.032350000000000004,0.031,0.0035815499438092446,0.147,0.178,0.1513,0.15,0.006473793323855806,0.061,0.083,0.06425,0.063,0.004678407848830627,0.011,0.012,0.011949999999999999,0.012,0.00021794494717703385,0.01,0.011,0.01095,0.011,0.0002179449471770335,0.01,0.011,0.01085,0.011,0.0003570714214271422,0.0,0.0,0.0,0.0,0.0
32,32,4096,11008,32768,True,1600,4,0.076,0.164,0.08495,0.078,0.01884005042456097,0.067,0.093,0.07880000000000001,0.0845,0.009080748867797191,0.007,0.008,0.00795,0.008,0.0002179449471770337,0.031,0.056,0.0337,0.032,0.005311308689955801,0.147,0.188,0.15314999999999998,0.1505,0.008609732864613166,0.061,0.082,0.06415,0.063,0.004475209492303127,0.011,0.012,0.01155,0.012,0.0004974937185533104,0.01,0.011,0.01095,0.011,0.0002179449471770335,0.01,0.011,0.0109,0.011,0.00029999999999999976,0.0,0.0,0.0,0.0,0.0
32,32,4096,11008,32768,True,1584,4,0.07200000000000001,0.157,0.0828,0.077,0.018389127222356152,0.067,0.094,0.07645,0.07050000000000001,0.009046960815655165,0.007,0.008,0.007050000000000001,0.007,0.0002179449471770337,0.031,0.049,0.0328,0.032,0.003867815921162744,0.15,0.187,0.15485,0.1525,0.007721884485020481,0.062,0.081,0.06445,0.063,0.004466262419518137,0.011,0.012,0.011049999999999999,0.011,0.00021794494717703385,0.011,0.011,0.011,0.011,0.0,0.01,0.011,0.01095,0.011,0.0002179449471770335,0.0,0.0,0.0,0.0,0.0
32,32,4096,11008,32768,True,1568,4,0.073,0.152,0.0842,0.077,0.018345571672749802,0.068,0.105,0.0786,0.07750000000000001,0.010408650248711402,0.007,0.008,0.007050000000000001,0.007,0.0002179449471770337,0.031,0.048,0.0332,0.032,0.0036276714294434112,0.148,0.183,0.1533,0.152,0.007121095421351972,0.062,0.082,0.06405,0.063,0.004652687395473718,0.011,0.011,0.011,0.011,0.0,0.01,0.011,0.0109,0.011,0.00029999999999999976,0.01,0.011,0.0107,0.011,0.0004582575694955836,0.0,0.0,0.0,0.0,0.0
32,32,4096,11008,32768,True,1552,4,0.074,0.149,0.0872,0.0795,0.0172673101553195,0.068,0.095,0.07495,0.069,0.009041432408639683,0.007,0.007,0.007000000000000001,0.007,0.0,0.03,0.049,0.0323,0.031,0.0039635842365212835,0.147,0.176,0.1524,0.151,0.005642694391866353,0.061,0.082,0.0636,0.062,0.004454211490264019,0.011,0.011,0.011,0.011,0.0,0.01,0.011,0.0104,0.01,0.0004898979485566352,0.01,0.011,0.0106,0.011,0.0004898979485566352,0.0,0.0,0.0,0.0,0.0
32,32,4096,11008,32768,True,1536,4,0.07,0.155,0.07745,0.07200000000000001,0.018358853450038758,0.067,0.088,0.06965,0.068,0.004508602887813472,0.007,0.007,0.007000000000000001,0.007,0.0,0.03,0.046,0.03105,0.03,0.0034996428389194234,0.095,0.1,0.09715,0.097,0.0011947803145348531,0.056,0.075,0.05815,0.057,0.0041506023659223235,0.011,0.011,0.011,0.011,0.0,0.01,0.011,0.01045,0.01,0.0004974937185533095,0.01,0.011,0.0103,0.01,0.0004582575694955836,0.0,0.0,0.0,0.0,0.0
32,32,4096,11008,32768,True,1520,4,0.07200000000000001,0.147,0.08109999999999999,0.077,0.015632977963267267,0.067,0.088,0.06965,0.068,0.004508602887813472,0.007,0.007,0.007000000000000001,0.007,0.0,0.029,0.048,0.03065,0.03,0.004077683165720456,0.095,0.1,0.0972,0.097,0.0012884098726725136,0.056,0.085,0.059699999999999996,0.058,0.006083584469702053,0.01,0.011,0.01095,0.011,0.0002179449471770335,0.01,0.011,0.01055,0.011,0.0004974937185533095,0.01,0.011,0.010499999999999999,0.010499999999999999,0.0004999999999999996,0.0,0.0,0.0,0.0,0.0
32,32,4096,11008,32768,True,1504,4,0.067,0.14200000000000002,0.07830000000000001,0.07,0.021559452683219956,0.067,0.088,0.0698,0.069,0.004501110973970757,0.007,0.007,0.007000000000000001,0.007,0.0,0.031,0.047,0.0324,0.031,0.0036796738985948197,0.095,0.1,0.09675,0.097,0.0011779218989389757,0.058,0.089,0.06255,0.061,0.006328309410893244,0.011,0.011,0.011,0.011,0.0,0.01,0.011,0.010249999999999999,0.01,0.00043301270189221897,0.01,0.011,0.01035,0.01,0.00047696960070847243,0.0,0.0,0.0,0.0,0.0
32,32,4096,11008,32768,True,1488,4,0.065,0.14200000000000002,0.07175000000000001,0.0665,0.01669992514953286,0.067,0.088,0.06995,0.069,0.0044997222136483024,0.007,0.007,0.007000000000000001,0.007,0.0,0.031,0.047,0.032850000000000004,0.032,0.0033507461855533014,0.095,0.1,0.0968,0.097,0.0010770329614269018,0.061,0.081,0.06344999999999999,0.062,0.004375785643744448,0.01,0.011,0.0103,0.01,0.0004582575694955836,0.01,0.011,0.0102,0.01,0.0003999999999999997,0.01,0.011,0.010249999999999999,0.01,0.00043301270189221897,0.0,0.0,0.0,0.0,0.0
32,32,4096,11008,32768,True,1472,4,0.077,0.181,0.087,0.082,0.02182887995294307,0.067,0.09,0.06985,0.068,0.004962610200287746,0.007,0.007,0.007000000000000001,0.007,0.0,0.032,0.048,0.0334,0.032,0.0035128336140500594,0.095,0.1,0.09645000000000001,0.096,0.001023474474522937,0.063,0.092,0.0659,0.064,0.006220128616033594,0.01,0.011,0.01035,0.01,0.00047696960070847243,0.01,0.011,0.010100000000000001,0.01,0.00029999999999999976,0.01,0.011,0.010100000000000001,0.01,0.00029999999999999976,0.0,0.0,0.0,0.0,0.0
32,32,4096,11008,32768,True,1456,4,0.074,0.151,0.0822,0.0775,0.01616044553841261,0.067,0.08700000000000001,0.06970000000000001,0.069,0.004302324952859791,0.007,0.007,0.007000000000000001,0.007,0.0,0.031,0.048,0.03315,0.032,0.0034967842369811727,0.098,0.1,0.09855,0.0985,0.0005894913061275804,0.062,0.085,0.0648,0.0635,0.004965883607174056,0.01,0.01,0.01,0.01,0.0,0.01,0.01,0.01,0.01,0.0,0.01,0.011,0.01005,0.01,0.0002179449471770335,0.0,0.0,0.0,0.0,0.0
32,32,4096,11008,32768,True,1440,4,0.074,0.14200000000000002,0.08030000000000001,0.076,0.014522740788157039,0.067,0.08700000000000001,0.0693,0.068,0.004484417464955733,0.007,0.007,0.007000000000000001,0.007,0.0,0.031,0.049,0.03355,0.032,0.003879110722833263,0.096,0.099,0.0972,0.097,0.0008124038404635968,0.062,0.091,0.06484999999999999,0.063,0.006310903263400573,0.01,0.01,0.01,0.01,0.0,0.01,0.011,0.010100000000000001,0.01,0.00029999999999999976,0.01,0.01,0.01,0.01,0.0,0.0,0.0,0.0,0.0,0.0
32,32,4096,11008,32768,True,1424,4,0.074,0.15,0.08035,0.075,0.01634709454306789,0.067,0.092,0.07035,0.068,0.00623117163942705,0.007,0.007,0.007000000000000001,0.007,0.0,0.031,0.05,0.032850000000000004,0.032,0.004089926649709015,0.098,0.1,0.09925,0.099,0.0005361902647381809,0.062,0.093,0.06515,0.063,0.006687862139727463,0.01,0.01,0.01,0.01,0.0,0.01,0.01,0.01,0.01,0.0,0.01,0.01,0.01,0.01,0.0,0.0,0.0,0.0,0.0,0.0
32,32,4096,11008,32768,True,1408,4,0.077,0.177,0.08545,0.08,0.02115531848023092,0.057,0.061,0.059899999999999995,0.06,0.0006999999999999992,0.007,0.007,0.007000000000000001,0.007,0.0,0.03,0.044,0.03095,0.03,0.0030409702399069936,0.099,0.10200000000000001,0.101,0.101,0.0005477225575051665,0.06,0.08,0.0622,0.061,0.004365775990588616,0.01,0.01,0.01,0.01,0.0,0.01,0.011,0.01005,0.01,0.0002179449471770335,0.01,0.01,0.01,0.01,0.0,0.0,0.0,0.0,0.0,0.0
32,32,4096,11008,32768,True,1392,4,0.076,0.138,0.081,0.077,0.01339402852020258,0.06,0.063,0.0616,0.062,0.0006633249580710806,0.007,0.007,0.007000000000000001,0.007,0.0,0.029,0.045,0.03085,0.03,0.0033507461855533014,0.098,0.10200000000000001,0.10075,0.101,0.0007664854858377953,0.06,0.109,0.0638,0.061,0.010490948479522717,0.01,0.01,0.01,0.01,0.0,0.01,0.01,0.01,0.01,0.0,0.01,0.01,0.01,0.01,0.0,0.0,0.0,0.0,0.0,0.0
32,32,4096,11008,32768,True,1376,4,0.078,0.163,0.0839,0.079,0.018250753409106157,0.062,0.066,0.0633,0.063,0.0008426149773176366,0.007,0.007,0.007000000000000001,0.007,0.0,0.03,0.047,0.03155,0.031,0.0036670833096617813,0.1,0.10400000000000001,0.1028,0.10300000000000001,0.0007483314773547889,0.06,0.076,0.0622,0.061,0.0036414282912066256,0.01,0.01,0.01,0.01,0.0,0.01,0.01,0.01,0.01,0.0,0.01,0.01,0.01,0.01,0.0,0.0,0.0,0.0,0.0,0.0
32,32,4096,11008,32768,True,1360,4,0.077,0.151,0.0831,0.079,0.01580474612260507,0.064,0.067,0.06470000000000001,0.065,0.0007810249675906661,0.006,0.007,0.0063,0.006,0.000458257569495584,0.03,0.045,0.03145,0.03,0.003499642838919423,0.10200000000000001,0.10400000000000001,0.10350000000000001,0.10400000000000001,0.0005916079783099621,0.06,0.08,0.0621,0.061,0.004380639222761903,0.01,0.01,0.01,0.01,0.0,0.01,0.01,0.01,0.01,0.0,0.01,0.01,0.01,0.01,0.0,0.0,0.0,0.0,0.0,0.0
32,32,4096,11008,32768,True,1344,4,0.075,0.14100000000000001,0.0823,0.078,0.014181325749026433,0.068,0.07100000000000001,0.06895,0.069,0.0006689544080129832,0.006,0.007,0.0063,0.006,0.000458257569495584,0.029,0.046,0.03105,0.03,0.003584340943604556,0.097,0.1,0.09955,0.1,0.0008046738469715547,0.06,0.079,0.06244999999999999,0.061,0.004128861828639947,0.01,0.01,0.01,0.01,0.0,0.01,0.01,0.01,0.01,0.0,0.009000000000000001,0.01,0.009850000000000001,0.01,0.0003570714214271422,0.0,0.0,0.0,0.0,0.0
32,32,4096,11008,32768,True,1328,4,0.077,0.14,0.08385000000000001,0.078,0.014266306459627176,0.07,0.073,0.07145,0.07100000000000001,0.0008046738469715521,0.006,0.007,0.00605,0.006,0.0002179449471770337,0.029,0.045,0.0311,0.03,0.0033301651610693423,0.107,0.108,0.10794999999999999,0.108,0.00021794494717703385,0.06,0.079,0.062349999999999996,0.061,0.004304358256465185,0.009000000000000001,0.01,0.009850000000000001,0.01,0.0003570714214271422,0.009000000000000001,0.01,0.0099,0.01,0.00029999999999999976,0.01,0.01,0.01,0.01,0.0,0.0,0.0,0.0,0.0,0.0
32,32,4096,11008,32768,True,1312,4,0.076,0.14300000000000002,0.08080000000000001,0.077,0.014375673897247395,0.07200000000000001,0.075,0.07314999999999999,0.073,0.0006538348415310992,0.006,0.006,0.006,0.006,0.0,0.03,0.046,0.0313,0.03,0.00349428104193123,0.109,0.11,0.1099,0.11,0.00030000000000000024,0.06,0.079,0.0622,0.061,0.004249705872175157,0.009000000000000001,0.009000000000000001,0.009000000000000001,0.009000000000000001,0.0,0.01,0.01,0.01,0.01,0.0,0.009000000000000001,0.01,0.0099,0.01,0.00029999999999999976,0.0,0.0,0.0,0.0,0.0
32,32,4096,11008,32768,True,1296,4,0.074,0.136,0.0797,0.075,0.013878400484205668,0.074,0.077,0.0745,0.074,0.0007416198487095669,0.006,0.006,0.006,0.006,0.0,0.029,0.047,0.03155,0.03,0.003734635189680513,0.113,0.114,0.1133,0.113,0.0004582575694955844,0.06,0.078,0.0619,0.061,0.003986226285598951,0.009000000000000001,0.009000000000000001,0.009000000000000001,0.009000000000000001,0.0,0.009000000000000001,0.01,0.009850000000000001,0.01,0.0003570714214271422,0.01,0.01,0.01,0.01,0.0,0.0,0.0,0.0,0.0,0.0
32,32,4096,11008,32768,True,1280,4,0.07,0.14300000000000002,0.0763,0.07200000000000001,0.015508384828859518,0.047,0.051000000000000004,0.04755,0.047,0.0009733961166965902,0.006,0.006,0.006,0.006,0.0,0.026000000000000002,0.042,0.027250000000000003,0.026000000000000002,0.003505353049266222,0.089,0.096,0.09065,0.09,0.0014585952145814835,0.048,0.076,0.05305,0.05,0.006568675665611752,0.009000000000000001,0.01,0.00905,0.009000000000000001,0.0002179449471770335,0.01,0.01,0.01,0.01,0.0,0.01,0.01,0.01,0.01,0.0,0.0,0.0,0.0,0.0,0.0
32,32,4096,11008,32768,True,1264,4,0.073,0.14300000000000002,0.07905,0.075,0.015024896006295689,0.047,0.051000000000000004,0.04755,0.047,0.0009733961166965902,0.006,0.006,0.006,0.006,0.0,0.026000000000000002,0.043000000000000003,0.027450000000000002,0.026000000000000002,0.0037479994663820325,0.089,0.096,0.09075,0.09,0.001577181029558752,0.048,0.079,0.054000000000000006,0.0495,0.007375635565834309,0.009000000000000001,0.009000000000000001,0.009000000000000001,0.009000000000000001,0.0,0.009000000000000001,0.01,0.00975,0.01,0.00043301270189221897,0.009000000000000001,0.01,0.00955,0.01,0.0004974937185533095,0.0,0.0,0.0,0.0,0.0
32,32,4096,11008,32768,True,1248,4,0.073,0.137,0.07965,0.0745,0.013972383475985766,0.046,0.05,0.0472,0.047,0.0008124038404635968,0.006,0.006,0.006,0.006,0.0,0.029,0.044,0.0311,0.03,0.003112876483254676,0.088,0.095,0.09015,0.09,0.0012757350822173085,0.048,0.079,0.0509,0.049,0.006744627491566899,0.009000000000000001,0.009000000000000001,0.009000000000000001,0.009000000000000001,0.0,0.009000000000000001,0.01,0.009850000000000001,0.01,0.0003570714214271422,0.009000000000000001,0.01,0.00975,0.01,0.00043301270189221897,0.0,0.0,0.0,0.0,0.0
32,32,4096,11008,32768,True,1232,4,0.073,0.148,0.07915,0.075,0.01609743768430243,0.046,0.05,0.047,0.047,0.0009486832980505146,0.006,0.006,0.006,0.006,0.0,0.03,0.046,0.0312,0.03,0.003487119154832539,0.088,0.094,0.0903,0.09,0.0011445523142259606,0.048,0.067,0.0504,0.049,0.004305810028322197,0.009000000000000001,0.009000000000000001,0.009000000000000001,0.009000000000000001,0.0,0.009000000000000001,0.01,0.00955,0.01,0.0004974937185533095,0.009000000000000001,0.01,0.00955,0.01,0.0004974937185533095,0.0,0.0,0.0,0.0,0.0
32,32,4096,11008,32768,True,1216,4,0.07100000000000001,0.279,0.08425,0.073,0.04476815274277017,0.046,0.05,0.04655,0.046,0.0009733961166965902,0.006,0.006,0.006,0.006,0.0,0.029,0.046,0.03165,0.031,0.00348245602987317,0.088,0.095,0.09,0.09,0.0014142135623730963,0.048,0.069,0.050850000000000006,0.049,0.005072228307164417,0.009000000000000001,0.009000000000000001,0.009000000000000001,0.009000000000000001,0.0,0.009000000000000001,0.01,0.0095,0.009500000000000001,0.0004999999999999996,0.009000000000000001,0.01,0.00955,0.01,0.0004974937185533095,0.0,0.0,0.0,0.0,0.0
32,32,4096,11008,32768,True,1200,4,0.07200000000000001,0.17,0.07865,0.073,0.02114065987617227,0.046,0.05,0.04675,0.047,0.0009420721840708395,0.006,0.006,0.006,0.006,0.0,0.029,0.047,0.0312,0.03,0.0041182520563948,0.088,0.094,0.09,0.09,0.00122474487139159,0.047,0.066,0.04985,0.048,0.004186585721085859,0.009000000000000001,0.009000000000000001,0.009000000000000001,0.009000000000000001,0.0,0.009000000000000001,0.01,0.009300000000000001,0.009000000000000001,0.0004582575694955836,0.009000000000000001,0.01,0.009150000000000002,0.009000000000000001,0.0003570714214271422,0.0,0.0,0.0,0.0,0.0
32,32,4096,11008,32768,True,1184,4,0.07100000000000001,0.136,0.0769,0.07200000000000001,0.014761097520171053,0.046,0.05,0.0464,0.046,0.0009165151389911689,0.006,0.006,0.006,0.006,0.0,0.028,0.043000000000000003,0.03015,0.029,0.00315079355083763,0.088,0.093,0.08979999999999999,0.09,0.000979795897113272,0.047,0.066,0.05015000000000001,0.0485,0.0044974993051694855,0.008,0.008,0.008,0.008,0.0,0.009000000000000001,0.01,0.009150000000000002,0.009000000000000001,0.0003570714214271422,0.009000000000000001,0.01,0.0091,0.009000000000000001,0.00029999999999999976,0.0,0.0,0.0,0.0,0.0
32,32,4096,11008,32768,True,1168,4,0.07,0.158,0.0767,0.07200000000000001,0.01878323720768068,0.046,0.05,0.0465,0.046,0.0010246950765959606,0.006,0.006,0.006,0.006,0.0,0.029,0.045,0.0314,0.03,0.003484250278036869,0.088,0.094,0.0897,0.089,0.0014177446878757838,0.048,0.069,0.05075,0.049,0.004998749843710926,0.008,0.008,0.008,0.008,0.0,0.009000000000000001,0.01,0.0091,0.009000000000000001,0.00029999999999999976,0.008,0.01,0.00905,0.009000000000000001,0.00038405728739343033,0.0,0.0,0.0,0.0,0.0
32,32,4096,11008,32768,True,1152,4,0.07,0.147,0.0774,0.07200000000000001,0.016502727047370075,0.046,0.049,0.04635,0.046,0.0007921489758877437,0.005,0.006,0.00575,0.006,0.00043301270189221935,0.026000000000000002,0.05,0.03035,0.029,0.004628984769903656,0.088,0.112,0.09095,0.089,0.005239036170900142,0.058,0.074,0.05995,0.059000000000000004,0.0035281014724636234,0.008,0.008,0.008,0.008,0.0,0.009000000000000001,0.009000000000000001,0.009000000000000001,0.009000000000000001,0.0,0.008,0.009000000000000001,0.008950000000000001,0.009000000000000001,0.00021794494717703385,0.0,0.0,0.0,0.0,0.0
32,32,4096,11008,32768,True,1136,4,0.07,0.137,0.07425000000000001,0.07100000000000001,0.014477137147930872,0.045,0.049,0.04625,0.046,0.0008291561975888507,0.005,0.006,0.00575,0.006,0.00043301270189221935,0.026000000000000002,0.046,0.0298,0.029,0.0039319206502675,0.088,0.114,0.0914,0.09,0.005607138307550477,0.047,0.067,0.0499,0.048,0.004657252408878008,0.008,0.008,0.008,0.008,0.0,0.009000000000000001,0.009000000000000001,0.009000000000000001,0.009000000000000001,0.0,0.008,0.009000000000000001,0.008900000000000002,0.009000000000000001,0.00030000000000000024,0.0,0.0,0.0,0.0,0.0
32,32,4096,11008,32768,True,1120,4,0.067,0.129,0.07160000000000001,0.068,0.013279307210844998,0.045,0.05,0.04635,0.046,0.0010136567466356656,0.005,0.006,0.00595,0.006,0.0002179449471770337,0.026000000000000002,0.049,0.02955,0.029,0.004631144566951025,0.088,0.111,0.09065,0.089,0.005101715397785339,0.047,0.066,0.05025,0.0485,0.004459540335056967,0.008,0.008,0.008,0.008,0.0,0.008,0.009000000000000001,0.008900000000000002,0.009000000000000001,0.00030000000000000024,0.008,0.009000000000000001,0.008950000000000001,0.009000000000000001,0.00021794494717703385,0.0,0.0,0.0,0.0,0.0
32,32,4096,11008,32768,True,1104,4,0.068,0.128,0.07215,0.0685,0.012958684346800024,0.045,0.05,0.0462,0.046,0.0010770329614269018,0.005,0.006,0.005050000000000001,0.005,0.0002179449471770337,0.025,0.043000000000000003,0.029700000000000004,0.029,0.003606937759374287,0.088,0.128,0.09159999999999999,0.089,0.008558037158133868,0.047,0.073,0.0497,0.048,0.005559676249567054,0.008,0.008,0.008,0.008,0.0,0.008,0.009000000000000001,0.00875,0.009000000000000001,0.0004330127018922197,0.008,0.009000000000000001,0.0088,0.009000000000000001,0.00040000000000000034,0.0,0.0,0.0,0.0,0.0
32,32,4096,11008,32768,True,1088,4,0.066,0.126,0.07065,0.067,0.012857974179473219,0.045,0.049,0.045950000000000005,0.046,0.0009205976319760993,0.005,0.006,0.0052499999999999995,0.005,0.00043301270189221935,0.025,0.044,0.029100000000000004,0.029,0.0037536648758246913,0.088,0.111,0.0909,0.089,0.005058655947976698,0.047,0.076,0.05045000000000001,0.048,0.006492110596716602,0.008,0.008,0.008,0.008,0.0,0.008,0.009000000000000001,0.0085,0.0085,0.0005000000000000004,0.008,0.009000000000000001,0.00855,0.009000000000000001,0.0004974937185533104,0.0,0.0,0.0,0.0,0.0
32,32,4096,11008,32768,True,1072,4,0.066,0.13,0.07200000000000001,0.068,0.013512956745287096,0.045,0.049,0.045899999999999996,0.046,0.001044030650891056,0.005,0.006,0.0052499999999999995,0.005,0.00043301270189221935,0.026000000000000002,0.044,0.02955,0.029,0.0035703641270884395,0.088,0.111,0.09065,0.089,0.00513103303438986,0.047,0.069,0.0503,0.048,0.0061,0.008,0.008,0.008,0.008,0.0,0.008,0.009000000000000001,0.008150000000000001,0.008,0.00035707142142714284,0.008,0.009000000000000001,0.0081,0.008,0.00030000000000000024,0.0,0.0,0.0,0.0,0.0
32,32,4096,11008,32768,True,1056,4,0.067,0.123,0.07120000000000001,0.068,0.011981652640600126,0.045,0.049,0.045799999999999993,0.0455,0.0010770329614269018,0.005,0.005,0.005,0.005,0.0,0.026000000000000002,0.044,0.028950000000000004,0.029,0.0038009867139994044,0.08700000000000001,0.137,0.092,0.089,0.010945318634009705,0.047,0.078,0.053149999999999996,0.048,0.00812573073637073,0.007,0.008,0.007050000000000001,0.007,0.0002179449471770337,0.007,0.007,0.007000000000000001,0.007,0.0,0.007,0.007,0.007000000000000001,0.007,0.0,0.0,0.0,0.0,0.0,0.0
32,32,4096,11008,32768,True,1040,4,0.067,0.15,0.07350000000000001,0.069,0.01777779513888041,0.045,0.05,0.045899999999999996,0.046,0.0012206555615733713,0.005,0.005,0.005,0.005,0.0,0.026000000000000002,0.043000000000000003,0.03025,0.029,0.004763139720814413,0.088,0.112,0.09065,0.089,0.005312955862794271,0.046,0.094,0.051649999999999995,0.048,0.011064696109699533,0.007,0.007,0.007000000000000001,0.007,0.0,0.007,0.007,0.007000000000000001,0.007,0.0,0.006,0.007,0.0069500000000000004,0.007,0.0002179449471770337,0.0,0.0,0.0,0.0,0.0
32,32,4096,11008,32768,True,1024,4,0.066,0.14200000000000002,0.07355,0.068,0.016329344751091518,0.044,0.048,0.044399999999999995,0.044,0.0009695359714832667,0.005,0.005,0.005,0.005,0.0,0.016,0.016,0.016,0.016,0.0,0.091,0.112,0.0939,0.0925,0.004548626166217665,0.034,0.036000000000000004,0.0342,0.034,0.000509901951359279,0.007,0.007,0.007000000000000001,0.007,0.0,0.007,0.007,0.007000000000000001,0.007,0.0,0.007,0.007,0.007000000000000001,0.007,0.0,0.0,0.0,0.0,0.0,0.0
32,32,4096,11008,32768,True,1016,4,0.065,0.139,0.073,0.067,0.016343194302216445,0.043000000000000003,0.048,0.0444,0.044,0.0010198039027185574,0.005,0.005,0.005,0.005,0.0,0.016,0.017,0.016050000000000002,0.016,0.00021794494717703385,0.073,0.115,0.0937,0.093,0.006972087205421346,0.034,0.036000000000000004,0.0344,0.034,0.0005830951894845306,0.007,0.007,0.007000000000000001,0.007,0.0,0.007,0.007,0.007000000000000001,0.007,0.0,0.006,0.007,0.0069500000000000004,0.007,0.0002179449471770337,0.0,0.0,0.0,0.0,0.0
32,32,4096,11008,32768,True,1008,4,0.07200000000000001,0.161,0.09190000000000001,0.089,0.016702993743637696,0.044,0.048,0.044399999999999995,0.044,0.0009695359714832667,0.005,0.005,0.005,0.005,0.0,0.016,0.016,0.016,0.016,0.0,0.074,0.115,0.09335,0.093,0.006843062180047762,0.034,0.036000000000000004,0.0342,0.034,0.000509901951359279,0.007,0.007,0.007000000000000001,0.007,0.0,0.006,0.007,0.0069500000000000004,0.007,0.0002179449471770337,0.006,0.007,0.006900000000000001,0.007,0.0003,0.0,0.0,0.0,0.0,0.0
32,32,4096,11008,32768,True,1000,4,0.066,0.139,0.07125000000000001,0.067,0.01562969929333255,0.043000000000000003,0.048,0.0441,0.044,0.001135781669160054,0.005,0.005,0.005,0.005,0.0,0.016,0.016,0.016,0.016,0.0,0.073,0.114,0.0922,0.092,0.007890500617831548,0.034,0.036000000000000004,0.0342,0.034,0.000509901951359279,0.007,0.007,0.007000000000000001,0.007,0.0,0.006,0.007,0.0067,0.007,0.000458257569495584,0.006,0.007,0.00655,0.007,0.00049749371855331,0.0,0.0,0.0,0.0,0.0
32,32,4096,11008,32768,True,992,4,0.065,0.135,0.07160000000000001,0.067,0.015064527871792067,0.043000000000000003,0.048,0.0441,0.044,0.001135781669160054,0.005,0.005,0.005,0.005,0.0,0.016,0.016,0.016,0.016,0.0,0.091,0.11,0.0939,0.093,0.004121892769104991,0.034,0.036000000000000004,0.03425,0.034,0.0005361902647381809,0.007,0.007,0.007000000000000001,0.007,0.0,0.006,0.007,0.006750000000000001,0.007,0.00043301270189221935,0.006,0.007,0.006500000000000001,0.006500000000000001,0.0005,0.0,0.0,0.0,0.0,0.0
32,32,4096,11008,32768,True,984,4,0.063,0.131,0.0688,0.065,0.014451989482420751,0.043000000000000003,0.048,0.0442,0.044,0.0010770329614269007,0.005,0.005,0.005,0.005,0.0,0.016,0.016,0.016,0.016,0.0,0.089,0.114,0.09359999999999999,0.0925,0.004973932046178357,0.033,0.036000000000000004,0.0339,0.034,0.0007681145747868615,0.007,0.007,0.007000000000000001,0.007,0.0,0.006,0.006,0.006,0.006,0.0,0.006,0.007,0.0060999999999999995,0.006,0.0003,0.0,0.0,0.0,0.0,0.0
32,32,4096,11008,32768,True,976,4,0.064,0.126,0.06970000000000001,0.0655,0.01334953182699678,0.043000000000000003,0.048,0.04425,0.044,0.0011346805717910213,0.005,0.005,0.005,0.005,0.0,0.016,0.016,0.016,0.016,0.0,0.075,0.113,0.09175,0.092,0.0073476186618522885,0.034,0.036000000000000004,0.03425,0.034,0.0005361902647381809,0.007,0.007,0.007000000000000001,0.007,0.0,0.006,0.007,0.0067,0.007,0.000458257569495584,0.006,0.007,0.0068000000000000005,0.007,0.0004,0.0,0.0,0.0,0.0,0.0
32,32,4096,11008,32768,True,968,4,0.064,0.13,0.06970000000000001,0.065,0.014135416513141734,0.044,0.048,0.04455,0.044,0.0010712142642814286,0.005,0.005,0.005,0.005,0.0,0.016,0.016,0.016,0.016,0.0,0.09,0.114,0.09375,0.092,0.005136876482844416,0.034,0.035,0.0342,0.034,0.00040000000000000034,0.007,0.007,0.007000000000000001,0.007,0.0,0.006,0.007,0.00615,0.006,0.0003570714214271425,0.006,0.007,0.006500000000000001,0.006500000000000001,0.0005,0.0,0.0,0.0,0.0,0.0
32,32,4096,11008,32768,True,960,4,0.066,0.148,0.07375000000000001,0.069,0.017294146408539508,0.044,0.048,0.044399999999999995,0.044,0.0009695359714832667,0.005,0.005,0.005,0.005,0.0,0.016,0.016,0.016,0.016,0.0,0.09,0.113,0.09345,0.092,0.004903825037661929,0.034,0.036000000000000004,0.03425,0.034,0.0005361902647381809,0.007,0.007,0.007000000000000001,0.007,0.0,0.007,0.007,0.007000000000000001,0.007,0.0,0.007,0.007,0.007000000000000001,0.007,0.0,0.0,0.0,0.0,0.0,0.0
32,32,4096,11008,32768,True,952,4,0.063,0.151,0.06985,0.065,0.01892954040646523,0.043000000000000003,0.048,0.0439,0.044,0.0012206555615733691,0.005,0.005,0.005,0.005,0.0,0.016,0.016,0.016,0.016,0.0,0.091,0.112,0.09385,0.092,0.0046397737013781195,0.033,0.036000000000000004,0.03475,0.035,0.0006224949798994372,0.007,0.007,0.007000000000000001,0.007,0.0,0.006,0.007,0.00685,0.007,0.0003570714214271425,0.006,0.007,0.00655,0.007,0.00049749371855331,0.0,0.0,0.0,0.0,0.0
32,32,4096,11008,32768,True,944,4,0.063,0.14,0.0693,0.065,0.016355732939859348,0.043000000000000003,0.048,0.04405,0.044,0.0011608186766243892,0.005,0.005,0.005,0.005,0.0,0.016,0.016,0.016,0.016,0.0,0.09,0.116,0.0935,0.092,0.005435991169970756,0.034,0.035,0.03415,0.034,0.00035707142142714284,0.007,0.007,0.007000000000000001,0.007,0.0,0.006,0.007,0.0066500000000000005,0.007,0.00047696960070847287,0.006,0.007,0.00625,0.006,0.00043301270189221935,0.0,0.0,0.0,0.0,0.0
32,32,4096,11008,32768,True,936,4,0.064,0.148,0.06965,0.065,0.018078371054937443,0.043000000000000003,0.048,0.0443,0.044,0.0010049875621120895,0.005,0.005,0.005,0.005,0.0,0.016,0.016,0.016,0.016,0.0,0.075,0.115,0.09165,0.092,0.006994819511610004,0.033,0.035,0.033800000000000004,0.034,0.0006000000000000005,0.007,0.007,0.007000000000000001,0.007,0.0,0.007,0.007,0.007000000000000001,0.007,0.0,0.007,0.007,0.007000000000000001,0.007,0.0,0.0,0.0,0.0,0.0,0.0
32,32,4096,11008,32768,True,928,4,0.062,0.133,0.06805,0.064,0.01507141333783929,0.043000000000000003,0.048,0.0439,0.044,0.0012206555615733691,0.005,0.005,0.005,0.005,0.0,0.016,0.016,0.016,0.016,0.0,0.074,0.112,0.09204999999999999,0.092,0.006208663302193156,0.033,0.035,0.033800000000000004,0.034,0.0006000000000000005,0.007,0.007,0.007000000000000001,0.007,0.0,0.006,0.007,0.0060999999999999995,0.006,0.0003,0.006,0.007,0.0060999999999999995,0.006,0.0003,0.0,0.0,0.0,0.0,0.0
32,32,4096,11008,32768,True,920,4,0.061,0.126,0.06505,0.062,0.014044482902549314,0.043000000000000003,0.047,0.04405,0.044,0.0009733961166965882,0.005,0.005,0.005,0.005,0.0,0.016,0.016,0.016,0.016,0.0,0.09,0.112,0.09345,0.092,0.004620335485654696,0.033,0.035,0.0334,0.033,0.0006633249580710806,0.006,0.006,0.006,0.006,0.0,0.006,0.006,0.006,0.006,0.0,0.006,0.006,0.006,0.006,0.0,0.0,0.0,0.0,0.0,0.0
32,32,4096,11008,32768,True,912,4,0.061,0.123,0.0649,0.061,0.013419761547807024,0.043000000000000003,0.047,0.04385,0.044,0.0010618380290797634,0.004,0.005,0.00495,0.005,0.0002179449471770337,0.016,0.016,0.016,0.016,0.0,0.074,0.111,0.09195,0.0915,0.0061276014883476235,0.033,0.035,0.033600000000000005,0.0335,0.0006633249580710806,0.006,0.006,0.006,0.006,0.0,0.006,0.006,0.006,0.006,0.0,0.006,0.006,0.006,0.006,0.0,0.0,0.0,0.0,0.0,0.0
32,32,4096,11008,32768,True,904,4,0.062,0.13,0.0685,0.064,0.014810469270080541,0.044,0.047,0.044399999999999995,0.044,0.0008000000000000007,0.004,0.005,0.0049,0.005,0.0003,0.017,0.018000000000000002,0.0172,0.017,0.00040000000000000034,0.074,0.112,0.0927,0.092,0.006333245613427607,0.033,0.035,0.03365,0.0335,0.0007262919523166982,0.006,0.006,0.006,0.006,0.0,0.006,0.006,0.006,0.006,0.0,0.006,0.006,0.006,0.006,0.0,0.0,0.0,0.0,0.0,0.0
32,32,4096,11008,32768,True,896,4,0.062,0.139,0.0699,0.0645,0.016570757375569775,0.04,0.059000000000000004,0.0428,0.041,0.004166533331199932,0.004,0.005,0.00495,0.005,0.0002179449471770337,0.016,0.016,0.016,0.016,0.0,0.073,0.099,0.0912,0.092,0.006104096984812743,0.032,0.035,0.033100000000000004,0.033,0.0007000000000000006,0.006,0.006,0.006,0.006,0.0,0.006,0.006,0.006,0.006,0.0,0.006,0.006,0.006,0.006,0.0,0.0,0.0,0.0,0.0,0.0
32,32,4096,11008,32768,True,888,4,0.062,0.14300000000000002,0.0708,0.064,0.0178202132422707,0.043000000000000003,0.046,0.0434,0.043000000000000003,0.0007999999999999981,0.004,0.005,0.00485,0.005,0.0003570714214271425,0.016,0.016,0.016,0.016,0.0,0.074,0.10400000000000001,0.092,0.092,0.005049752469181041,0.032,0.035,0.0332,0.033,0.0006000000000000005,0.006,0.006,0.006,0.006,0.0,0.006,0.006,0.006,0.006,0.0,0.006,0.006,0.006,0.006,0.0,0.0,0.0,0.0,0.0,0.0
32,32,4096,11008,32768,True,880,4,0.062,0.147,0.06815,0.0635,0.018292826462851495,0.043000000000000003,0.046,0.0434,0.043000000000000003,0.0007999999999999981,0.004,0.005,0.0049,0.005,0.0003,0.016,0.016,0.016,0.016,0.0,0.073,0.10200000000000001,0.09075,0.091,0.00489770354349873,0.032,0.035,0.03325,0.033,0.0006224949798994372,0.006,0.006,0.006,0.006,0.0,0.006,0.006,0.006,0.006,0.0,0.006,0.006,0.006,0.006,0.0,0.0,0.0,0.0,0.0,0.0
32,32,4096,11008,32768,True,872,4,0.061,0.137,0.0673,0.062,0.016425894191793643,0.043000000000000003,0.045,0.04325,0.043000000000000003,0.0005361902647381783,0.004,0.005,0.00445,0.004,0.00049749371855331,0.016,0.017,0.01615,0.016,0.00035707142142714284,0.074,0.101,0.0901,0.0915,0.006015812497078015,0.032,0.034,0.03305,0.033,0.0004974937185533104,0.006,0.006,0.006,0.006,0.0,0.006,0.006,0.006,0.006,0.0,0.006,0.006,0.006,0.006,0.0,0.0,0.0,0.0,0.0,0.0
32,32,4096,11008,32768,True,864,4,0.062,0.131,0.0666,0.062,0.014937871334296597,0.043000000000000003,0.045,0.04335,0.043000000000000003,0.0005722761571129774,0.004,0.005,0.00495,0.005,0.0002179449471770337,0.016,0.016,0.016,0.016,0.0,0.08,0.093,0.091,0.092,0.0027018512172212587,0.032,0.035,0.03305,0.033,0.0006689544080129832,0.006,0.006,0.006,0.006,0.0,0.006,0.006,0.006,0.006,0.0,0.006,0.006,0.006,0.006,0.0,0.0,0.0,0.0,0.0,0.0
32,32,4096,11008,32768,True,856,4,0.06,0.179,0.0678,0.061,0.02563708251732244,0.043000000000000003,0.046,0.04345,0.043000000000000003,0.000804673846971552,0.004,0.005,0.0046,0.005,0.0004898979485566357,0.016,0.016,0.016,0.016,0.0,0.073,0.101,0.08935,0.091,0.006784357007115709,0.032,0.035,0.032850000000000004,0.033,0.0007921489758877437,0.006,0.006,0.006,0.006,0.0,0.006,0.006,0.006,0.006,0.0,0.006,0.006,0.006,0.006,0.0,0.0,0.0,0.0,0.0,0.0
32,32,4096,11008,32768,True,848,4,0.06,0.137,0.06545,0.061,0.016481732311865768,0.043000000000000003,0.046,0.0434,0.043000000000000003,0.0007999999999999981,0.004,0.005,0.0046,0.005,0.0004898979485566357,0.016,0.017,0.016800000000000002,0.017,0.00040000000000000034,0.073,0.099,0.08985,0.091,0.005893004327166239,0.032,0.034,0.0327,0.0325,0.0007810249675906661,0.006,0.006,0.006,0.006,0.0,0.006,0.006,0.006,0.006,0.0,0.006,0.006,0.006,0.006,0.0,0.0,0.0,0.0,0.0,0.0
32,32,4096,11008,32768,True,840,4,0.061,0.14100000000000001,0.07085,0.063,0.018287359022012995,0.043000000000000003,0.046,0.0434,0.043000000000000003,0.0007999999999999981,0.004,0.005,0.00405,0.004,0.0002179449471770337,0.018000000000000002,0.018000000000000002,0.018000000000000002,0.018000000000000002,0.0,0.073,0.10200000000000001,0.0898,0.091,0.006241794613730895,0.032,0.034,0.0329,0.033,0.0006244997998398403,0.006,0.006,0.006,0.006,0.0,0.006,0.006,0.006,0.006,0.0,0.006,0.006,0.006,0.006,0.0,0.0,0.0,0.0,0.0,0.0
32,32,4096,11008,32768,True,832,4,0.061,0.135,0.06620000000000001,0.062,0.015876397576276555,0.039,0.063,0.042499999999999996,0.041,0.005103920062069937,0.004,0.005,0.00425,0.004,0.00043301270189221935,0.015,0.016,0.015099999999999999,0.015,0.00030000000000000024,0.074,0.117,0.09190000000000001,0.0915,0.007258787777583805,0.032,0.035,0.033100000000000004,0.033,0.0006244997998398403,0.006,0.006,0.006,0.006,0.0,0.006,0.006,0.006,0.006,0.0,0.006,0.006,0.006,0.006,0.0,0.0,0.0,0.0,0.0,0.0
32,32,4096,11008,32768,True,824,4,0.061,0.15,0.06760000000000001,0.062,0.01923122460999299,0.039,0.059000000000000004,0.042249999999999996,0.04,0.004720963884632036,0.004,0.004,0.004,0.004,0.0,0.015,0.016,0.01505,0.015,0.00021794494717703385,0.075,0.1,0.09090000000000001,0.091,0.004276680956068621,0.032,0.035,0.03275,0.033,0.0008291561975888507,0.006,0.006,0.006,0.006,0.0,0.006,0.006,0.006,0.006,0.0,0.006,0.006,0.006,0.006,0.0,0.0,0.0,0.0,0.0,0.0
32,32,4096,11008,32768,True,816,4,0.06,0.136,0.0665,0.0615,0.01637528625703991,0.043000000000000003,0.045,0.04325,0.043000000000000003,0.0005361902647381783,0.004,0.005,0.00425,0.004,0.00043301270189221935,0.015,0.015,0.015,0.015,0.0,0.089,0.097,0.09079999999999999,0.091,0.0017492855684535917,0.032,0.035,0.03295,0.033,0.0007399324293474378,0.006,0.006,0.006,0.006,0.0,0.006,0.006,0.006,0.006,0.0,0.006,0.006,0.006,0.006,0.0,0.0,0.0,0.0,0.0,0.0
32,32,4096,11008,32768,True,808,4,0.06,1.732,0.1506,0.0625,0.36328341553118004,0.043000000000000003,0.045,0.04335,0.043000000000000003,0.0006538348415310989,0.004,0.005,0.00405,0.004,0.0002179449471770337,0.015,0.015,0.015,0.015,0.0,0.09,0.114,0.09319999999999999,0.0915,0.005249761899362677,0.032,0.035,0.03265,0.032,0.0009096702699330135,0.006,0.006,0.006,0.006,0.0,0.006,0.006,0.006,0.006,0.0,0.006,0.006,0.006,0.006,0.0,0.0,0.0,0.0,0.0,0.0
32,32,4096,11008,32768,True,800,4,0.06,0.136,0.06645,0.061,0.01639352006129251,0.043000000000000003,0.048,0.0443,0.044,0.0010049875621120895,0.004,0.004,0.004,0.004,0.0,0.015,0.016,0.015099999999999999,0.015,0.00030000000000000024,0.09,0.113,0.093,0.092,0.005099019513592787,0.032,0.034,0.03265,0.0325,0.0007262919523166982,0.006,0.006,0.006,0.006,0.0,0.006,0.006,0.006,0.006,0.0,0.006,0.006,0.006,0.006,0.0,0.0,0.0,0.0,0.0,0.0
32,32,4096,11008,32768,True,792,4,0.06,0.132,0.065,0.061,0.015511286213592993,0.043000000000000003,0.047,0.0437,0.043000000000000003,0.0010999999999999983,0.004,0.004,0.004,0.004,0.0,0.015,0.016,0.01505,0.015,0.00021794494717703385,0.073,0.113,0.08945,0.09,0.008499852939904315,0.032,0.034,0.03245,0.032,0.0005894913061275804,0.006,0.006,0.006,0.006,0.0,0.005,0.005,0.005,0.005,0.0,0.005,0.005,0.005,0.005,0.0,0.0,0.0,0.0,0.0,0.0
32,32,4096,11008,32768,True,784,4,0.06,0.14300000000000002,0.0653,0.0605,0.017966914036639685,0.043000000000000003,0.047,0.0438,0.044,0.0009797958971132696,0.004,0.004,0.004,0.004,0.0,0.015,0.016,0.01505,0.015,0.00021794494717703385,0.075,0.11,0.09015,0.09,0.0066503759292238515,0.032,0.036000000000000004,0.03415,0.034,0.001061838029079766,0.006,0.006,0.006,0.006,0.0,0.005,0.005,0.005,0.005,0.0,0.005,0.005,0.005,0.005,0.0,0.0,0.0,0.0,0.0,0.0
32,32,4096,11008,32768,True,776,4,0.058,0.136,0.06475,0.0595,0.01694365663013743,0.043000000000000003,0.047,0.044,0.044,0.0008944271909999147,0.004,0.004,0.004,0.004,0.0,0.015,0.015,0.015,0.015,0.0,0.08700000000000001,0.11,0.09215,0.091,0.004475209492303126,0.032,0.034,0.032350000000000004,0.032,0.0006538348415311016,0.006,0.006,0.006,0.006,0.0,0.005,0.005,0.005,0.005,0.0,0.005,0.005,0.005,0.005,0.0,0.0,0.0,0.0,0.0,0.0
32,32,4096,11008,32768,True,768,4,0.059000000000000004,0.153,0.06545,0.06,0.020200185642711307,0.039,0.06,0.0422,0.04,0.004833218389437828,0.004,0.004,0.004,0.004,0.0,0.015,0.016,0.01505,0.015,0.00021794494717703385,0.048,0.051000000000000004,0.049,0.049,0.0007745966692414841,0.032,0.034,0.032350000000000004,0.032,0.0005722761571129803,0.006,0.006,0.006,0.006,0.0,0.005,0.005,0.005,0.005,0.0,0.005,0.005,0.005,0.005,0.0,0.0,0.0,0.0,0.0,0.0
32,32,4096,11008,32768,True,760,4,0.06,0.15,0.06620000000000001,0.061,0.019330287116336373,0.039,0.06,0.041999999999999996,0.04,0.004690415759823429,0.004,0.004,0.004,0.004,0.0,0.015,0.016,0.015099999999999999,0.015,0.00030000000000000024,0.048,0.052000000000000005,0.049150000000000006,0.049,0.0008529361054615998,0.032,0.033,0.0322,0.032,0.00040000000000000034,0.006,0.006,0.006,0.006,0.0,0.005,0.005,0.005,0.005,0.0,0.005,0.005,0.005,0.005,0.0,0.0,0.0,0.0,0.0,0.0
32,32,4096,11008,32768,True,752,4,0.057,0.14300000000000002,0.0637,0.058,0.018638937737972087,0.039,0.058,0.04235,0.041,0.004350574674683794,0.004,0.004,0.004,0.004,0.0,0.015,0.016,0.015099999999999999,0.015,0.00030000000000000024,0.048,0.051000000000000004,0.0489,0.049,0.0007000000000000006,0.032,0.034,0.03225,0.032,0.0005361902647381809,0.005,0.006,0.00595,0.006,0.0002179449471770337,0.005,0.005,0.005,0.005,0.0,0.005,0.005,0.005,0.005,0.0,0.0,0.0,0.0,0.0,0.0
32,32,4096,11008,32768,True,744,4,0.058,0.13,0.06585,0.059000000000000004,0.015906838152191027,0.039,0.058,0.041400000000000006,0.04,0.00417612260356422,0.004,0.004,0.004,0.004,0.0,0.015,0.016,0.01505,0.015,0.00021794494717703385,0.048,0.051000000000000004,0.0487,0.049,0.0007810249675906661,0.031,0.033,0.032100000000000004,0.032,0.0004358898943540677,0.006,0.006,0.006,0.006,0.0,0.005,0.005,0.005,0.005,0.0,0.005,0.005,0.005,0.005,0.0,0.0,0.0,0.0,0.0,0.0
32,32,4096,11008,32768,True,736,4,0.057,0.132,0.06405000000000001,0.059000000000000004,0.016057630584865253,0.039,0.058,0.04185,0.04,0.0041264391428930585,0.004,0.004,0.004,0.004,0.0,0.015,0.016,0.01505,0.015,0.00021794494717703385,0.048,0.051000000000000004,0.048799999999999996,0.049,0.0007483314773547889,0.031,0.034,0.0319,0.032,0.0007000000000000006,0.005,0.006,0.005900000000000001,0.006,0.0003,0.005,0.005,0.005,0.005,0.0,0.005,0.005,0.005,0.005,0.0,0.0,0.0,0.0,0.0,0.0
32,32,4096,11008,32768,True,728,4,0.057,0.132,0.0648,0.058,0.016396950936073452,0.039,0.058,0.042249999999999996,0.0395,0.00497870465081029,0.004,0.004,0.004,0.004,0.0,0.015,0.016,0.01505,0.015,0.00021794494717703385,0.048,0.051000000000000004,0.04875,0.049,0.0007664854858377953,0.031,0.034,0.03195,0.032,0.0006689544080129832,0.006,0.006,0.006,0.006,0.0,0.005,0.005,0.005,0.005,0.0,0.005,0.005,0.005,0.005,0.0,0.0,0.0,0.0,0.0,0.0
32,32,4096,11008,32768,True,720,4,0.056,0.14200000000000002,0.0624,0.058,0.01837770388269438,0.039,0.063,0.04245,0.0405,0.005152426612771889,0.004,0.004,0.004,0.004,0.0,0.015,0.016,0.01505,0.015,0.00021794494717703385,0.048,0.051000000000000004,0.04875,0.049,0.0007664854858377953,0.031,0.033,0.03175,0.032,0.0006224949798994372,0.005,0.006,0.00595,0.006,0.0002179449471770337,0.005,0.005,0.005,0.005,0.0,0.005,0.005,0.005,0.005,0.0,0.0,0.0,0.0,0.0,0.0
32,32,4096,11008,32768,True,712,4,0.053,0.124,0.05789999999999999,0.054,0.015244343213139751,0.038,0.056,0.04025,0.039,0.004493050188902858,0.004,0.004,0.004,0.004,0.0,0.015,0.016,0.01505,0.015,0.00021794494717703385,0.048,0.051000000000000004,0.04875,0.049,0.0007664854858377953,0.031,0.033,0.0317,0.0315,0.0007810249675906661,0.005,0.006,0.0057,0.006,0.000458257569495584,0.005,0.005,0.005,0.005,0.0,0.005,0.005,0.005,0.005,0.0,0.0,0.0,0.0,0.0,0.0
32,32,4096,11008,32768,True,704,4,0.053,0.11900000000000001,0.058050000000000004,0.054,0.014080039062445817,0.044,0.045,0.04415,0.044,0.00035707142142714284,0.004,0.004,0.004,0.004,0.0,0.015,0.016,0.01505,0.015,0.00021794494717703385,0.048,0.052000000000000005,0.04875,0.049,0.0009420721840708395,0.031,0.033,0.032,0.032,0.00044721359549995833,0.005,0.006,0.0057,0.006,0.000458257569495584,0.005,0.005,0.005,0.005,0.0,0.005,0.005,0.005,0.005,0.0,0.0,0.0,0.0,0.0,0.0
32,32,4096,11008,32768,True,696,4,0.057,0.171,0.0651,0.058,0.024618895182359424,0.044,0.046,0.044399999999999995,0.044,0.0005830951894845306,0.004,0.004,0.004,0.004,0.0,0.015,0.015,0.015,0.015,0.0,0.048,0.051000000000000004,0.0484,0.048,0.0007348469228349541,0.032,0.033,0.032100000000000004,0.032,0.00030000000000000024,0.006,0.006,0.006,0.006,0.0,0.005,0.005,0.005,0.005,0.0,0.005,0.005,0.005,0.005,0.0,0.0,0.0,0.0,0.0,0.0
32,32,4096,11008,32768,True,688,4,0.058,0.157,0.0655,0.059000000000000004,0.021481387292258385,0.044,0.045,0.04485,0.045,0.00035707142142714284,0.004,0.004,0.004,0.004,0.0,0.015,0.015,0.015,0.015,0.0,0.047,0.051000000000000004,0.048350000000000004,0.048,0.0007921489758877437,0.031,0.033,0.03205,0.032,0.00038405728739343076,0.005,0.006,0.005900000000000001,0.006,0.0003,0.005,0.005,0.005,0.005,0.0,0.005,0.005,0.005,0.005,0.0,0.0,0.0,0.0,0.0,0.0
32,32,4096,11008,32768,True,680,4,0.057,0.153,0.06475,0.0585,0.020617650205588412,0.044,0.046,0.045099999999999994,0.045,0.0004358898943540677,0.004,0.004,0.004,0.004,0.0,0.015,0.016,0.01505,0.015,0.00021794494717703385,0.047,0.052000000000000005,0.048650000000000006,0.048,0.0011521718621802922,0.032,0.033,0.03205,0.032,0.00021794494717703385,0.005,0.006,0.00535,0.005,0.00047696960070847287,0.005,0.005,0.005,0.005,0.0,0.005,0.005,0.005,0.005,0.0,0.0,0.0,0.0,0.0,0.0
32,32,4096,11008,32768,True,672,4,0.057,0.148,0.06385,0.058,0.019596619606452533,0.046,0.047,0.046150000000000004,0.046,0.00035707142142714284,0.004,0.004,0.004,0.004,0.0,0.016,0.016,0.016,0.016,0.0,0.048,0.055,0.0505,0.0495,0.002673948391424187,0.031,0.033,0.03205,0.032,0.00038405728739343076,0.005,0.006,0.005050000000000001,0.005,0.0002179449471770337,0.005,0.005,0.005,0.005,0.0,0.005,0.005,0.005,0.005,0.0,0.0,0.0,0.0,0.0,0.0
32,32,4096,11008,32768,True,664,4,0.056,0.15,0.06505,0.0585,0.02006607834132021,0.046,0.047,0.046099999999999995,0.046,0.00030000000000000024,0.004,0.004,0.004,0.004,0.0,0.016,0.016,0.016,0.016,0.0,0.049,0.058,0.0531,0.053,0.002791057147390572,0.032,0.033,0.032100000000000004,0.032,0.00030000000000000024,0.005,0.005,0.005,0.005,0.0,0.005,0.005,0.005,0.005,0.0,0.005,0.005,0.005,0.005,0.0,0.0,0.0,0.0,0.0,0.0
32,32,4096,11008,32768,True,656,4,0.056,0.185,0.0674,0.057,0.028634594461944104,0.046,0.047,0.046099999999999995,0.046,0.00030000000000000024,0.004,0.004,0.004,0.004,0.0,0.016,0.016,0.016,0.016,0.0,0.047,0.051000000000000004,0.0479,0.048,0.0009949874371066208,0.032,0.033,0.032100000000000004,0.032,0.00030000000000000024,0.005,0.005,0.005,0.005,0.0,0.004,0.004,0.004,0.004,0.0,0.004,0.004,0.004,0.004,0.0,0.0,0.0,0.0,0.0,0.0
32,32,4096,11008,32768,True,648,4,0.056,0.139,0.0636,0.057,0.018150482087261485,0.047,0.048,0.047150000000000004,0.047,0.00035707142142714284,0.003,0.004,0.00385,0.004,0.0003570714214271425,0.016,0.016,0.016,0.016,0.0,0.047,0.051000000000000004,0.0481,0.048,0.0008306623862918082,0.031,0.033,0.032,0.032,0.0005477225575051665,0.005,0.005,0.005,0.005,0.0,0.004,0.004,0.004,0.004,0.0,0.004,0.004,0.004,0.004,0.0,0.0,0.0,0.0,0.0,0.0
32,32,4096,11008,32768,True,640,4,0.055,0.14100000000000001,0.0621,0.0565,0.018422540541412853,0.026000000000000002,0.027,0.0263,0.026000000000000002,0.0004582575694955828,0.003,0.004,0.00375,0.004,0.00043301270189221935,0.019,0.035,0.02015,0.019,0.003525265947414465,0.047,0.051000000000000004,0.047850000000000004,0.048,0.0009096702699330135,0.032,0.049,0.034350000000000006,0.033,0.003511053972812153,0.004,0.005,0.00495,0.005,0.0002179449471770337,0.004,0.004,0.004,0.004,0.0,0.004,0.004,0.004,0.004,0.0,0.0,0.0,0.0,0.0,0.0
32,32,4096,11008,32768,True,632,4,0.053,0.129,0.059199999999999996,0.055,0.0161882673563294,0.026000000000000002,0.027,0.026250000000000002,0.026000000000000002,0.0004330127018922182,0.003,0.004,0.00355,0.004,0.00049749371855331,0.019,0.037,0.0202,0.019,0.003957271787481876,0.047,0.051000000000000004,0.0479,0.048,0.0008888194417315596,0.033,0.05,0.0345,0.033,0.0037349698793966196,0.004,0.005,0.00495,0.005,0.0002179449471770337,0.004,0.004,0.004,0.004,0.0,0.004,0.004,0.004,0.004,0.0,0.0,0.0,0.0,0.0,0.0
32,32,4096,11008,32768,True,624,4,0.054,0.138,0.05995,0.055,0.0180429349053861,0.026000000000000002,0.027,0.026250000000000002,0.026000000000000002,0.0004330127018922182,0.003,0.004,0.0034000000000000002,0.003,0.0004898979485566357,0.019,0.035,0.020399999999999998,0.019,0.0035832945734337843,0.047,0.051000000000000004,0.0479,0.048,0.0009433981132056612,0.032,0.049,0.034,0.033,0.0036055512754639895,0.004,0.005,0.00495,0.005,0.0002179449471770337,0.004,0.004,0.004,0.004,0.0,0.004,0.004,0.004,0.004,0.0,0.0,0.0,0.0,0.0,0.0
32,32,4096,11008,32768,True,616,4,0.053,0.14,0.0591,0.054,0.018691976888494166,0.026000000000000002,0.027,0.026250000000000002,0.026000000000000002,0.0004330127018922182,0.003,0.004,0.0034000000000000002,0.003,0.0004898979485566357,0.019,0.044,0.02095,0.019,0.005481559996935179,0.046,0.052000000000000005,0.047650000000000005,0.047,0.0011947803145348531,0.033,0.049,0.034350000000000006,0.033,0.0034967842369811723,0.004,0.005,0.00495,0.005,0.0002179449471770337,0.004,0.004,0.004,0.004,0.0,0.004,0.004,0.004,0.004,0.0,0.0,0.0,0.0,0.0,0.0
32,32,4096,11008,32768,True,608,4,0.055,0.145,0.0626,0.056,0.01958417728677924,0.026000000000000002,0.027,0.026250000000000002,0.026000000000000002,0.0004330127018922182,0.003,0.004,0.0034000000000000002,0.003,0.0004898979485566357,0.019,0.035,0.020649999999999998,0.019,0.0035394208565809188,0.047,0.051000000000000004,0.047599999999999996,0.047,0.0009165151389911689,0.033,0.048,0.0342,0.033,0.0033105890714493695,0.004,0.005,0.00495,0.005,0.0002179449471770337,0.004,0.004,0.004,0.004,0.0,0.004,0.004,0.004,0.004,0.0,0.0,0.0,0.0,0.0,0.0
32,32,4096,11008,32768,True,600,4,0.053,0.14,0.06085,0.055,0.0185210015927865,0.026000000000000002,0.027,0.02615,0.026000000000000002,0.0003570714214271416,0.003,0.004,0.0032500000000000003,0.003,0.00043301270189221935,0.019,0.039,0.0208,0.019,0.004342810150121693,0.046,0.05,0.0474,0.047,0.0008602325267042634,0.032,0.049,0.0345,0.0335,0.0035425979167836704,0.004,0.005,0.00495,0.005,0.0002179449471770337,0.004,0.004,0.004,0.004,0.0,0.004,0.004,0.004,0.004,0.0,0.0,0.0,0.0,0.0,0.0
32,32,4096,11008,32768,True,592,4,0.054,0.131,0.05935,0.055,0.01658395308724672,0.026000000000000002,0.027,0.02615,0.026000000000000002,0.0003570714214271416,0.003,0.004,0.0031,0.003,0.0003,0.019,0.036000000000000004,0.02035,0.019,0.0037719358425084603,0.049,0.054,0.051550000000000006,0.051000000000000004,0.001395528573695285,0.033,0.048,0.0344,0.033,0.003411744421846396,0.004,0.005,0.00495,0.005,0.0002179449471770337,0.004,0.004,0.004,0.004,0.0,0.004,0.004,0.004,0.004,0.0,0.0,0.0,0.0,0.0,0.0
32,32,4096,11008,32768,True,584,4,0.054,0.127,0.0617,0.056,0.016431981012647257,0.026000000000000002,0.027,0.0261,0.026000000000000002,0.0002999999999999992,0.003,0.004,0.0031,0.003,0.0003,0.018000000000000002,0.034,0.020499999999999997,0.019,0.0033837848631377266,0.046,0.051000000000000004,0.04725,0.047,0.0009937303457175904,0.032,0.049,0.034350000000000006,0.033,0.0035252659474144647,0.004,0.005,0.00495,0.005,0.0002179449471770337,0.004,0.004,0.004,0.004,0.0,0.004,0.004,0.004,0.004,0.0,0.0,0.0,0.0,0.0,0.0
32,32,4096,11008,32768,True,576,4,0.054,0.147,0.06285,0.055,0.021578403555406963,0.026000000000000002,0.027,0.0261,0.026000000000000002,0.0002999999999999992,0.003,0.004,0.00315,0.003,0.0003570714214271425,0.02,0.037,0.022,0.021,0.0035637059362410915,0.046,0.05,0.047150000000000004,0.047,0.0008529361054615998,0.031,0.032,0.0312,0.031,0.00040000000000000034,0.005,0.005,0.005,0.005,0.0,0.004,0.004,0.004,0.004,0.0,0.004,0.004,0.004,0.004,0.0,0.0,0.0,0.0,0.0,0.0
32,32,4096,11008,32768,True,568,4,0.053,0.133,0.059050000000000005,0.054,0.017153643927748995,0.026000000000000002,0.027,0.026250000000000002,0.026000000000000002,0.0004330127018922182,0.003,0.004,0.00315,0.003,0.0003570714214271425,0.021,0.037,0.0221,0.021,0.0035057096285916202,0.046,0.05,0.046950000000000006,0.047,0.0009205976319760993,0.031,0.032,0.0311,0.031,0.00030000000000000024,0.005,0.005,0.005,0.005,0.0,0.004,0.004,0.004,0.004,0.0,0.004,0.004,0.004,0.004,0.0,0.0,0.0,0.0,0.0,0.0
32,32,4096,11008,32768,True,560,4,0.053,0.14100000000000001,0.06570000000000001,0.0565,0.01999024762227822,0.026000000000000002,0.027,0.02615,0.026000000000000002,0.0003570714214271416,0.003,0.003,0.003,0.003,0.0,0.015,0.015,0.015,0.015,0.0,0.051000000000000004,0.055,0.054000000000000006,0.054,0.0011832159566199224,0.031,0.032,0.03115,0.031,0.00035707142142714284,0.005,0.005,0.005,0.005,0.0,0.004,0.004,0.004,0.004,0.0,0.004,0.004,0.004,0.004,0.0,0.0,0.0,0.0,0.0,0.0
32,32,4096,11008,32768,True,552,4,0.054,0.14400000000000002,0.05985,0.055,0.019414620779196284,0.026000000000000002,0.027,0.0262,0.026000000000000002,0.000399999999999999,0.003,0.004,0.0030499999999999998,0.003,0.0002179449471770337,0.015,0.015,0.015,0.015,0.0,0.046,0.05,0.046650000000000004,0.046,0.000963068014212912,0.031,0.032,0.0312,0.031,0.00040000000000000034,0.005,0.005,0.005,0.005,0.0,0.004,0.004,0.004,0.004,0.0,0.004,0.004,0.004,0.004,0.0,0.0,0.0,0.0,0.0,0.0
32,32,4096,11008,32768,True,544,4,0.051000000000000004,0.154,0.0588,0.053,0.02194219679065886,0.025,0.027,0.0256,0.026000000000000002,0.0005830951894845301,0.003,0.003,0.003,0.003,0.0,0.015,0.016,0.01505,0.015,0.00021794494717703385,0.046,0.05,0.0469,0.047,0.0009433981132056612,0.031,0.032,0.03115,0.031,0.00035707142142714284,0.005,0.005,0.005,0.005,0.0,0.004,0.004,0.004,0.004,0.0,0.004,0.004,0.004,0.004,0.0,0.0,0.0,0.0,0.0,0.0
32,32,4096,11008,32768,True,536,4,0.052000000000000005,0.134,0.059899999999999995,0.0535,0.018024705268048075,0.026000000000000002,0.028,0.0263,0.026000000000000002,0.0005567764362830013,0.003,0.004,0.0030499999999999998,0.003,0.0002179449471770337,0.015,0.016,0.01505,0.015,0.00021794494717703385,0.046,0.05,0.0465,0.046,0.0009219544457292895,0.031,0.032,0.03115,0.031,0.00035707142142714284,0.005,0.005,0.005,0.005,0.0,0.004,0.004,0.004,0.004,0.0,0.004,0.004,0.004,0.004,0.0,0.0,0.0,0.0,0.0,0.0
32,32,4096,11008,32768,True,528,4,0.051000000000000004,0.138,0.057300000000000004,0.052000000000000005,0.018692511869730085,0.026000000000000002,0.027,0.02615,0.026000000000000002,0.0003570714214271416,0.003,0.003,0.003,0.003,0.0,0.015,0.016,0.01505,0.015,0.00021794494717703385,0.047,0.055,0.0505,0.05,0.0018027756377319948,0.031,0.032,0.0313,0.031,0.0004582575694955844,0.004,0.004,0.004,0.004,0.0,0.004,0.004,0.004,0.004,0.0,0.004,0.004,0.004,0.004,0.0,0.0,0.0,0.0,0.0,0.0
32,32,4096,11008,32768,True,520,4,0.05,0.133,0.05940000000000001,0.052000000000000005,0.019124330053625408,0.026000000000000002,0.027,0.02615,0.026000000000000002,0.0003570714214271416,0.003,0.003,0.003,0.003,0.0,0.015,0.015,0.015,0.015,0.0,0.046,0.051000000000000004,0.046450000000000005,0.046,0.0011169153951844349,0.031,0.032,0.0311,0.031,0.00030000000000000024,0.004,0.004,0.004,0.004,0.0,0.004,0.004,0.004,0.004,0.0,0.004,0.004,0.004,0.004,0.0,0.0,0.0,0.0,0.0,0.0
32,32,4096,11008,32768,True,512,4,0.051000000000000004,0.14,0.057050000000000003,0.052000000000000005,0.019192381300922514,0.025,0.026000000000000002,0.02515,0.025,0.00035707142142714284,0.003,0.003,0.003,0.003,0.0,0.012,0.013000000000000001,0.01205,0.012,0.00021794494717703385,0.041,0.066,0.04395,0.042,0.005324237034543071,0.023,0.023,0.023,0.023,0.0,0.004,0.004,0.004,0.004,0.0,0.004,0.004,0.004,0.004,0.0,0.004,0.004,0.004,0.004,0.0,0.0,0.0,0.0,0.0,0.0
32,32,4096,11008,32768,True,504,4,0.05,0.124,0.05525,0.051000000000000004,0.015880412463157245,0.025,0.026000000000000002,0.0251,0.025,0.00030000000000000024,0.003,0.003,0.003,0.003,0.0,0.011,0.011,0.011,0.011,0.0,0.044,0.048,0.044399999999999995,0.044,0.0009695359714832667,0.023,0.024,0.023049999999999998,0.023,0.00021794494717703385,0.004,0.004,0.004,0.004,0.0,0.004,0.004,0.004,0.004,0.0,0.004,0.004,0.004,0.004,0.0,0.0,0.0,0.0,0.0,0.0
32,32,4096,11008,32768,True,496,4,0.049,0.137,0.05585,0.051000000000000004,0.018751733253222224,0.025,0.026000000000000002,0.0252,0.025,0.00040000000000000034,0.003,0.003,0.003,0.003,0.0,0.011,0.011,0.011,0.011,0.0,0.043000000000000003,0.048,0.04435,0.044,0.0010136567466356651,0.023,0.024,0.0231,0.023,0.00030000000000000024,0.004,0.004,0.004,0.004,0.0,0.004,0.004,0.004,0.004,0.0,0.004,0.004,0.004,0.004,0.0,0.0,0.0,0.0,0.0,0.0
32,32,4096,11008,32768,True,488,4,0.05,0.167,0.05825,0.052000000000000005,0.02512543531961188,0.025,0.026000000000000002,0.02505,0.025,0.00021794494717703385,0.003,0.003,0.003,0.003,0.0,0.011,0.011,0.011,0.011,0.0,0.044,0.047,0.04435,0.044,0.0007921489758877437,0.024,0.024,0.024,0.024,0.0,0.004,0.004,0.004,0.004,0.0,0.004,0.004,0.004,0.004,0.0,0.004,0.004,0.004,0.004,0.0,0.0,0.0,0.0,0.0,0.0
32,32,4096,11008,32768,True,480,4,0.049,0.132,0.057050000000000003,0.051000000000000004,0.017687495583038317,0.025,0.026000000000000002,0.0251,0.025,0.00030000000000000024,0.003,0.003,0.003,0.003,0.0,0.013000000000000001,0.013000000000000001,0.013000000000000001,0.013000000000000001,0.0,0.044,0.047,0.04435,0.044,0.0007921489758877437,0.024,0.024,0.024,0.024,0.0,0.004,0.004,0.004,0.004,0.0,0.004,0.004,0.004,0.004,0.0,0.004,0.004,0.004,0.004,0.0,0.0,0.0,0.0,0.0,0.0
32,32,4096,11008,32768,True,472,4,0.047,0.135,0.05450000000000001,0.0485,0.019228884523029413,0.025,0.026000000000000002,0.02505,0.025,0.00021794494717703385,0.003,0.003,0.003,0.003,0.0,0.012,0.013000000000000001,0.01215,0.012,0.00035707142142714284,0.043000000000000003,0.046,0.04405,0.044,0.0007399324293474363,0.023,0.024,0.02395,0.024,0.00021794494717703385,0.004,0.004,0.004,0.004,0.0,0.004,0.004,0.004,0.004,0.0,0.004,0.004,0.004,0.004,0.0,0.0,0.0,0.0,0.0,0.0
32,32,4096,11008,32768,True,464,4,0.047,0.129,0.054849999999999996,0.0485,0.018141871458038722,0.025,0.026000000000000002,0.02515,0.025,0.00035707142142714284,0.003,0.003,0.003,0.003,0.0,0.013000000000000001,0.013000000000000001,0.013000000000000001,0.013000000000000001,0.0,0.043000000000000003,0.047,0.0442,0.044,0.0007483314773547884,0.025,0.026000000000000002,0.0256,0.026000000000000002,0.000489897948556636,0.004,0.004,0.004,0.004,0.0,0.004,0.004,0.004,0.004,0.0,0.004,0.004,0.004,0.004,0.0,0.0,0.0,0.0,0.0,0.0
32,32,4096,11008,32768,True,456,4,0.047,0.14100000000000001,0.05455,0.049,0.020076042936794096,0.025,0.026000000000000002,0.02525,0.025,0.0004330127018922197,0.003,0.003,0.003,0.003,0.0,0.013000000000000001,0.013000000000000001,0.013000000000000001,0.013000000000000001,0.0,0.044,0.047,0.04429999999999999,0.044,0.0007810249675906661,0.025,0.026000000000000002,0.02595,0.026000000000000002,0.00021794494717703385,0.004,0.004,0.004,0.004,0.0,0.004,0.004,0.004,0.004,0.0,0.004,0.004,0.004,0.004,0.0,0.0,0.0,0.0,0.0,0.0
32,32,4096,11008,32768,True,448,4,0.046,0.135,0.052000000000000005,0.047,0.01914157778240864,0.025,0.026000000000000002,0.02525,0.025,0.0004330127018922197,0.003,0.003,0.003,0.003,0.0,0.013000000000000001,0.013000000000000001,0.013000000000000001,0.013000000000000001,0.0,0.044,0.064,0.045849999999999995,0.045,0.0043275281628199725,0.024,0.025,0.0241,0.024,0.00030000000000000024,0.004,0.004,0.004,0.004,0.0,0.004,0.004,0.004,0.004,0.0,0.004,0.004,0.004,0.004,0.0,0.0,0.0,0.0,0.0,0.0
32,32,4096,11008,32768,True,440,4,0.046,0.125,0.0517,0.047,0.016911830178901396,0.025,0.026000000000000002,0.02515,0.025,0.00035707142142714284,0.003,0.003,0.003,0.003,0.0,0.013000000000000001,0.014,0.01305,0.013000000000000001,0.0002179449471770335,0.044,0.061,0.045799999999999993,0.0445,0.00384187454245971,0.024,0.025,0.0245,0.0245,0.0005000000000000004,0.004,0.004,0.004,0.004,0.0,0.004,0.004,0.004,0.004,0.0,0.004,0.004,0.004,0.004,0.0,0.0,0.0,0.0,0.0,0.0
32,32,4096,11008,32768,True,432,4,0.046,0.126,0.051500000000000004,0.047,0.017197383521919837,0.025,0.026000000000000002,0.0251,0.025,0.00030000000000000024,0.003,0.003,0.003,0.003,0.0,0.013000000000000001,0.013000000000000001,0.013000000000000001,0.013000000000000001,0.0,0.044,0.069,0.0467,0.045,0.005541660400998965,0.025,0.026000000000000002,0.0256,0.026000000000000002,0.000489897948556636,0.004,0.004,0.004,0.004,0.0,0.004,0.004,0.004,0.004,0.0,0.004,0.004,0.004,0.004,0.0,0.0,0.0,0.0,0.0,0.0
32,32,4096,11008,32768,True,424,4,0.049,0.158,0.0613,0.05,0.023948068815668622,0.025,0.026000000000000002,0.02515,0.025,0.00035707142142714284,0.003,0.003,0.003,0.003,0.0,0.013000000000000001,0.013000000000000001,0.013000000000000001,0.013000000000000001,0.0,0.044,0.068,0.0465,0.044,0.005399073994677237,0.025,0.026000000000000002,0.0253,0.025,0.0004582575694955844,0.004,0.004,0.004,0.004,0.0,0.004,0.004,0.004,0.004,0.0,0.004,0.004,0.004,0.004,0.0,0.0,0.0,0.0,0.0,0.0
32,32,4096,11008,32768,True,416,4,0.049,0.138,0.05505,0.05,0.0192027992751057,0.025,0.026000000000000002,0.0251,0.025,0.00030000000000000024,0.003,0.003,0.003,0.003,0.0,0.013000000000000001,0.014,0.01305,0.013000000000000001,0.0002179449471770335,0.043000000000000003,0.063,0.046,0.0445,0.004324349662087931,0.026000000000000002,0.027,0.02605,0.026000000000000002,0.00021794494717703312,0.004,0.004,0.004,0.004,0.0,0.004,0.004,0.004,0.004,0.0,0.004,0.004,0.004,0.004,0.0,0.0,0.0,0.0,0.0,0.0
32,32,4096,11008,32768,True,408,4,0.05,0.136,0.056900000000000006,0.051000000000000004,0.018649128665972577,0.025,0.026000000000000002,0.0252,0.025,0.00040000000000000034,0.003,0.003,0.003,0.003,0.0,0.012,0.013000000000000001,0.01285,0.013000000000000001,0.00035707142142714284,0.043000000000000003,0.064,0.045700000000000005,0.044,0.004691481642295961,0.026000000000000002,0.027,0.026600000000000002,0.027,0.0004898979485566344,0.004,0.004,0.004,0.004,0.0,0.003,0.004,0.00395,0.004,0.0002179449471770337,0.004,0.004,0.004,0.004,0.0,0.0,0.0,0.0,0.0,0.0
32,32,4096,11008,32768,True,400,4,0.048,0.14,0.05465,0.049,0.019764298621504386,0.025,0.026000000000000002,0.0251,0.025,0.00030000000000000024,0.003,0.003,0.003,0.003,0.0,0.012,0.013000000000000001,0.01205,0.012,0.00021794494717703385,0.043000000000000003,0.061,0.045799999999999993,0.045,0.0038807215823864513,0.026000000000000002,0.027,0.026750000000000003,0.027,0.0004330127018922182,0.004,0.004,0.004,0.004,0.0,0.003,0.004,0.0036499999999999996,0.004,0.00047696960070847287,0.003,0.004,0.00375,0.004,0.00043301270189221935,0.0,0.0,0.0,0.0,0.0
32,32,4096,11008,32768,True,392,4,0.048,0.126,0.0546,0.05,0.016695508378003945,0.025,0.026000000000000002,0.02505,0.025,0.00021794494717703385,0.002,0.003,0.00205,0.002,0.0002179449471770337,0.014,0.014,0.014000000000000002,0.014,0.0,0.043000000000000003,0.062,0.04525,0.044,0.004169832130913665,0.027,0.028,0.02715,0.027,0.00035707142142714284,0.003,0.003,0.003,0.003,0.0,0.003,0.003,0.003,0.003,0.0,0.003,0.003,0.003,0.003,0.0,0.0,0.0,0.0,0.0,0.0
32,32,4096,11008,32768,True,384,4,0.045,0.11800000000000001,0.050249999999999996,0.046,0.0156584641647896,0.025,0.025,0.025,0.025,0.0,0.002,0.003,0.00205,0.002,0.0002179449471770337,0.01,0.011,0.01085,0.011,0.0003570714214271422,0.037,0.038,0.0374,0.037,0.000489897948556636,0.019,0.02,0.01905,0.019,0.00021794494717703385,0.003,0.003,0.003,0.003,0.0,0.003,0.003,0.003,0.003,0.0,0.003,0.003,0.003,0.003,0.0,0.0,0.0,0.0,0.0,0.0
32,32,4096,11008,32768,True,376,4,0.046,0.124,0.0539,0.0495,0.016540556217975257,0.024,0.025,0.0241,0.024,0.00030000000000000024,0.002,0.002,0.002,0.002,0.0,0.01,0.012,0.01095,0.011,0.00038405728739343033,0.037,0.038,0.03785,0.038,0.00035707142142714284,0.019,0.02,0.01905,0.019,0.00021794494717703385,0.003,0.003,0.003,0.003,0.0,0.003,0.003,0.003,0.003,0.0,0.003,0.003,0.003,0.003,0.0,0.0,0.0,0.0,0.0,0.0
32,32,4096,11008,32768,True,368,4,0.048,0.149,0.05650000000000001,0.0505,0.021525566194643984,0.024,0.025,0.02405,0.024,0.00021794494717703385,0.002,0.003,0.00205,0.002,0.0002179449471770337,0.01,0.011,0.01065,0.011,0.00047696960070847243,0.039,0.04,0.03995,0.04,0.00021794494717703385,0.019,0.02,0.01905,0.019,0.00021794494717703385,0.003,0.003,0.003,0.003,0.0,0.003,0.003,0.003,0.003,0.0,0.003,0.003,0.003,0.003,0.0,0.0,0.0,0.0,0.0,0.0
32,32,4096,11008,32768,True,360,4,0.048,0.14,0.05620000000000001,0.0505,0.019645864704817655,0.024,0.025,0.02405,0.024,0.00021794494717703385,0.002,0.003,0.00205,0.002,0.0002179449471770337,0.01,0.011,0.01055,0.011,0.0004974937185533095,0.036000000000000004,0.037,0.0369,0.037,0.0002999999999999982,0.019,0.019,0.019,0.019,0.0,0.003,0.003,0.003,0.003,0.0,0.003,0.003,0.003,0.003,0.0,0.003,0.003,0.003,0.003,0.0,0.0,0.0,0.0,0.0,0.0
32,32,4096,11008,32768,True,352,4,0.048,0.14400000000000002,0.05545,0.05,0.02079296756117318,0.024,0.025,0.02405,0.024,0.00021794494717703385,0.002,0.003,0.00205,0.002,0.0002179449471770337,0.01,0.011,0.0106,0.011,0.0004898979485566352,0.036000000000000004,0.037,0.0364,0.036000000000000004,0.0004898979485566326,0.019,0.019,0.019,0.019,0.0,0.003,0.003,0.003,0.003,0.0,0.003,0.003,0.003,0.003,0.0,0.003,0.003,0.003,0.003,0.0,0.0,0.0,0.0,0.0,0.0
32,32,4096,11008,32768,True,344,4,0.048,0.135,0.055400000000000005,0.05,0.018513238506539045,0.024,0.025,0.02405,0.024,0.00021794494717703385,0.002,0.003,0.00205,0.002,0.0002179449471770337,0.01,0.011,0.01055,0.011,0.0004974937185533095,0.037,0.037,0.037,0.037,0.0,0.019,0.02,0.01905,0.019,0.00021794494717703385,0.003,0.003,0.003,0.003,0.0,0.003,0.003,0.003,0.003,0.0,0.003,0.003,0.003,0.003,0.0,0.0,0.0,0.0,0.0,0.0
32,32,4096,11008,32768,True,336,4,0.047,0.14200000000000002,0.055200000000000006,0.049,0.02031895666612831,0.024,0.025,0.02405,0.024,0.00021794494717703385,0.002,0.002,0.002,0.002,0.0,0.01,0.011,0.01075,0.011,0.00043301270189221897,0.038,0.038,0.038,0.038,0.0,0.019,0.019,0.019,0.019,0.0,0.003,0.003,0.003,0.003,0.0,0.003,0.003,0.003,0.003,0.0,0.003,0.003,0.003,0.003,0.0,0.0,0.0,0.0,0.0,0.0
32,32,4096,11008,32768,True,328,4,0.047,0.13,0.05405,0.0485,0.0178170564347762,0.024,0.025,0.02405,0.024,0.00021794494717703385,0.002,0.003,0.00205,0.002,0.0002179449471770337,0.01,0.011,0.0107,0.011,0.0004582575694955836,0.039,0.039,0.039,0.039,0.0,0.019,0.019,0.019,0.019,0.0,0.003,0.003,0.003,0.003,0.0,0.003,0.003,0.003,0.003,0.0,0.003,0.003,0.003,0.003,0.0,0.0,0.0,0.0,0.0,0.0
32,32,4096,11008,32768,True,320,4,0.048,0.134,0.05565,0.0505,0.01828462468851904,0.022,0.024,0.022149999999999996,0.022,0.00047696960070847325,0.002,0.003,0.00205,0.002,0.0002179449471770337,0.01,0.012,0.0109,0.011,0.0004358898943540672,0.04,0.04,0.04,0.04,0.0,0.019,0.019,0.019,0.019,0.0,0.003,0.003,0.003,0.003,0.0,0.003,0.003,0.003,0.003,0.0,0.003,0.003,0.003,0.003,0.0,0.0,0.0,0.0,0.0,0.0
32,32,4096,11008,32768,True,312,4,0.047,0.127,0.05635,0.0495,0.01791165821469358,0.022,0.024,0.022549999999999997,0.0225,0.0005894913061275804,0.002,0.003,0.00205,0.002,0.0002179449471770337,0.01,0.012,0.01095,0.011,0.00038405728739343033,0.041,0.041,0.041,0.041,0.0,0.019,0.019,0.019,0.019,0.0,0.003,0.003,0.003,0.003,0.0,0.003,0.003,0.003,0.003,0.0,0.003,0.003,0.003,0.003,0.0,0.0,0.0,0.0,0.0,0.0
32,32,4096,11008,32768,True,304,4,0.048,0.13,0.05725,0.0505,0.018718640442083396,0.022,0.023,0.02235,0.022,0.00047696960070847325,0.002,0.003,0.00205,0.002,0.0002179449471770337,0.01,0.011,0.0108,0.011,0.0003999999999999997,0.039,0.04,0.03975,0.04,0.0004330127018922197,0.019,0.019,0.019,0.019,0.0,0.003,0.003,0.003,0.003,0.0,0.003,0.003,0.003,0.003,0.0,0.003,0.003,0.003,0.003,0.0,0.0,0.0,0.0,0.0,0.0
32,32,4096,11008,32768,True,296,4,0.049,0.138,0.05750000000000001,0.0505,0.019627786426390525,0.023,0.024,0.023049999999999998,0.023,0.00021794494717703385,0.002,0.003,0.00205,0.002,0.0002179449471770337,0.01,0.012,0.011,0.011,0.00031622776601683794,0.042,0.043000000000000003,0.042350000000000006,0.042,0.00047696960070847325,0.019,0.019,0.019,0.019,0.0,0.003,0.003,0.003,0.003,0.0,0.003,0.003,0.003,0.003,0.0,0.003,0.003,0.003,0.003,0.0,0.0,0.0,0.0,0.0,0.0
32,32,4096,11008,32768,True,288,4,0.048,0.167,0.05745,0.05,0.025403690676750103,0.023,0.024,0.023049999999999998,0.023,0.00021794494717703385,0.002,0.003,0.00205,0.002,0.0002179449471770337,0.01,0.011,0.01055,0.011,0.0004974937185533095,0.041,0.042,0.041150000000000006,0.041,0.00035707142142714284,0.019,0.019,0.019,0.019,0.0,0.003,0.003,0.003,0.003,0.0,0.003,0.003,0.003,0.003,0.0,0.003,0.003,0.003,0.003,0.0,0.0,0.0,0.0,0.0,0.0
32,32,4096,11008,32768,True,280,4,0.049,0.162,0.057600000000000005,0.05,0.02436062396573618,0.023,0.024,0.023149999999999997,0.023,0.00035707142142714284,0.002,0.002,0.002,0.002,0.0,0.01,0.011,0.01065,0.011,0.00047696960070847243,0.041,0.042,0.0412,0.041,0.00040000000000000034,0.019,0.019,0.019,0.019,0.0,0.003,0.003,0.003,0.003,0.0,0.003,0.003,0.003,0.003,0.0,0.003,0.003,0.003,0.003,0.0,0.0,0.0,0.0,0.0,0.0
32,32,4096,11008,32768,True,272,4,0.048,0.145,0.05575,0.05,0.020911420324789032,0.029,0.03,0.029849999999999998,0.03,0.0003570714214271416,0.002,0.002,0.002,0.002,0.0,0.01,0.011,0.01065,0.011,0.00047696960070847243,0.045,0.065,0.047299999999999995,0.046,0.004561797891182819,0.019,0.019,0.019,0.019,0.0,0.003,0.003,0.003,0.003,0.0,0.003,0.003,0.003,0.003,0.0,0.003,0.003,0.003,0.003,0.0,0.0,0.0,0.0,0.0,0.0
32,32,4096,11008,32768,True,264,4,0.048,0.14,0.05595,0.051000000000000004,0.019607332811986438,0.031,0.031,0.031,0.031,0.0,0.002,0.002,0.002,0.002,0.0,0.01,0.011,0.0106,0.011,0.0004898979485566352,0.045,0.066,0.04765,0.046,0.004486368241685028,0.019,0.02,0.01905,0.019,0.00021794494717703385,0.002,0.002,0.002,0.002,0.0,0.003,0.003,0.003,0.003,0.0,0.003,0.003,0.003,0.003,0.0,0.0,0.0,0.0,0.0,0.0
32,32,4096,11008,32768,True,256,4,0.048,0.126,0.0538,0.049,0.01681249535315921,0.015,0.015,0.015,0.015,0.0,0.002,0.002,0.002,0.002,0.0,0.008,0.008,0.008,0.008,0.0,0.027,0.028,0.0273,0.027,0.0004582575694955844,0.014,0.015,0.014100000000000001,0.014,0.00029999999999999976,0.002,0.002,0.002,0.002,0.0,0.003,0.003,0.003,0.003,0.0,0.003,0.003,0.003,0.003,0.0,0.0,0.0,0.0,0.0,0.0
32,32,4096,11008,32768,True,248,4,0.047,0.123,0.0534,0.049,0.016196913286178942,0.015,0.015,0.015,0.015,0.0,0.002,0.002,0.002,0.002,0.0,0.008,0.009000000000000001,0.00805,0.008,0.00021794494717703385,0.027,0.027,0.027000000000000003,0.027,0.0,0.014,0.015,0.014599999999999998,0.015,0.0004898979485566352,0.002,0.002,0.002,0.002,0.0,0.003,0.003,0.003,0.003,0.0,0.003,0.003,0.003,0.003,0.0,0.0,0.0,0.0,0.0,0.0
32,32,4096,11008,32768,True,240,4,0.048,0.14,0.055900000000000005,0.049,0.020062153423797757,0.015,0.015,0.015,0.015,0.0,0.002,0.002,0.002,0.002,0.0,0.008,0.008,0.008,0.008,0.0,0.027,0.028,0.02715,0.027,0.00035707142142714284,0.015,0.016,0.01505,0.015,0.00021794494717703385,0.002,0.002,0.002,0.002,0.0,0.003,0.003,0.003,0.003,0.0,0.003,0.003,0.003,0.003,0.0,0.0,0.0,0.0,0.0,0.0
32,32,4096,11008,32768,True,232,4,0.046,0.13,0.05495,0.047,0.01865603119637186,0.015,0.016,0.01505,0.015,0.00021794494717703385,0.002,0.002,0.002,0.002,0.0,0.008,0.008,0.008,0.008,0.0,0.027,0.027,0.027000000000000003,0.027,0.0,0.016,0.016,0.016,0.016,0.0,0.002,0.002,0.002,0.002,0.0,0.003,0.003,0.003,0.003,0.0,0.003,0.003,0.003,0.003,0.0,0.0,0.0,0.0,0.0,0.0
32,32,4096,11008,32768,True,224,4,0.046,0.128,0.0523,0.048,0.017518846994023323,0.015,0.016,0.01505,0.015,0.00021794494717703385,0.002,0.002,0.002,0.002,0.0,0.009000000000000001,0.009000000000000001,0.009000000000000001,0.009000000000000001,0.0,0.026000000000000002,0.028,0.02695,0.027,0.0003840572873934299,0.016,0.017,0.0165,0.0165,0.0005000000000000004,0.002,0.002,0.002,0.002,0.0,0.002,0.003,0.0029500000000000004,0.003,0.0002179449471770337,0.002,0.003,0.0029000000000000002,0.003,0.0003,0.0,0.0,0.0,0.0,0.0
32,32,4096,11008,32768,True,216,4,0.046,0.128,0.05305,0.048,0.017608165719347375,0.015,0.015,0.015,0.015,0.0,0.002,0.002,0.002,0.002,0.0,0.009000000000000001,0.009000000000000001,0.009000000000000001,0.009000000000000001,0.0,0.026000000000000002,0.027,0.0267,0.027,0.0004582575694955828,0.017,0.017,0.017,0.017,0.0,0.002,0.002,0.002,0.002,0.0,0.003,0.003,0.003,0.003,0.0,0.002,0.003,0.0029500000000000004,0.003,0.0002179449471770337,0.0,0.0,0.0,0.0,0.0
32,32,4096,11008,32768,True,208,4,0.044,0.14400000000000002,0.05184999999999999,0.046,0.02137118386987488,0.015,0.015,0.015,0.015,0.0,0.002,0.002,0.002,0.002,0.0,0.009000000000000001,0.01,0.009300000000000001,0.009000000000000001,0.0004582575694955836,0.026000000000000002,0.027,0.0268,0.027,0.000399999999999999,0.018000000000000002,0.019,0.018050000000000004,0.018000000000000002,0.00021794494717703312,0.002,0.002,0.002,0.002,0.0,0.002,0.003,0.0029500000000000004,0.003,0.0002179449471770337,0.002,0.003,0.0029000000000000002,0.003,0.0003,0.0,0.0,0.0,0.0,0.0
32,32,4096,11008,32768,True,200,4,0.048,0.14,0.05625,0.0505,0.019567511338951616,0.015,0.015,0.015,0.015,0.0,0.002,0.002,0.002,0.002,0.0,0.01,0.01,0.01,0.01,0.0,0.026000000000000002,0.027,0.02665,0.027,0.0004769696007084716,0.018000000000000002,0.019,0.018050000000000004,0.018000000000000002,0.00021794494717703312,0.002,0.002,0.002,0.002,0.0,0.002,0.003,0.00265,0.003,0.00047696960070847287,0.002,0.003,0.00275,0.003,0.00043301270189221935,0.0,0.0,0.0,0.0,0.0
32,32,4096,11008,32768,True,192,4,0.047,0.138,0.05575,0.0485,0.019626194231179922,0.015,0.015,0.015,0.015,0.0,0.002,0.002,0.002,0.002,0.0,0.008,0.008,0.008,0.008,0.0,0.026000000000000002,0.027,0.0263,0.026000000000000002,0.0004582575694955828,0.012,0.013000000000000001,0.01205,0.012,0.00021794494717703385,0.002,0.002,0.002,0.002,0.0,0.002,0.003,0.00235,0.002,0.00047696960070847287,0.002,0.003,0.00255,0.003,0.00049749371855331,0.0,0.0,0.0,0.0,0.0
32,32,4096,11008,32768,True,184,4,0.047,0.139,0.05675,0.0485,0.0208946763554739,0.015,0.015,0.015,0.015,0.0,0.002,0.002,0.002,0.002,0.0,0.008,0.008,0.008,0.008,0.0,0.026000000000000002,0.027,0.0263,0.026000000000000002,0.0004582575694955828,0.012,0.012,0.012,0.012,0.0,0.002,0.002,0.002,0.002,0.0,0.002,0.003,0.0021999999999999997,0.002,0.0004,0.002,0.003,0.0025,0.0025,0.0005,0.0,0.0,0.0,0.0,0.0
32,32,4096,11008,32768,True,176,4,0.047,0.14400000000000002,0.05445,0.0485,0.020773721380628943,0.015,0.015,0.015,0.015,0.0,0.002,0.002,0.002,0.002,0.0,0.008,0.008,0.008,0.008,0.0,0.026000000000000002,0.027,0.02615,0.026000000000000002,0.0003570714214271416,0.012,0.013000000000000001,0.01205,0.012,0.00021794494717703385,0.002,0.002,0.002,0.002,0.0,0.002,0.003,0.00275,0.003,0.00043301270189221935,0.002,0.003,0.0025,0.0025,0.0005,0.0,0.0,0.0,0.0,0.0
32,32,4096,11008,32768,True,168,4,0.046,0.129,0.05125,0.0465,0.017971852992944272,0.014,0.015,0.014050000000000002,0.014,0.0002179449471770335,0.002,0.002,0.002,0.002,0.0,0.008,0.008,0.008,0.008,0.0,0.026000000000000002,0.027,0.026350000000000002,0.026000000000000002,0.0004769696007084716,0.013000000000000001,0.013000000000000001,0.013000000000000001,0.013000000000000001,0.0,0.002,0.002,0.002,0.002,0.0,0.002,0.003,0.00235,0.002,0.00047696960070847287,0.002,0.003,0.00235,0.002,0.00047696960070847287,0.0,0.0,0.0,0.0,0.0
32,32,4096,11008,32768,True,160,4,0.044,0.16,0.05205,0.046,0.024914804835679528,0.014,0.015,0.014100000000000001,0.014,0.00029999999999999976,0.002,0.002,0.002,0.002,0.0,0.008,0.008,0.008,0.008,0.0,0.031,0.048,0.0324,0.031,0.0037603191353926336,0.013000000000000001,0.013000000000000001,0.013000000000000001,0.013000000000000001,0.0,0.002,0.002,0.002,0.002,0.0,0.002,0.003,0.00215,0.002,0.0003570714214271425,0.002,0.003,0.0021000000000000003,0.002,0.0003,0.0,0.0,0.0,0.0,0.0
32,32,4096,11008,32768,True,152,4,0.045,0.132,0.052700000000000004,0.047,0.018679132742180513,0.014,0.015,0.014050000000000002,0.014,0.0002179449471770335,0.002,0.002,0.002,0.002,0.0,0.008,0.008,0.008,0.008,0.0,0.031,0.048,0.03225,0.031,0.003726593618842817,0.013000000000000001,0.013000000000000001,0.013000000000000001,0.013000000000000001,0.0,0.002,0.002,0.002,0.002,0.0,0.002,0.002,0.002,0.002,0.0,0.002,0.003,0.0021999999999999997,0.002,0.0004,0.0,0.0,0.0,0.0,0.0
32,32,4096,11008,32768,True,144,4,0.045,0.146,0.0524,0.0465,0.02163192085784339,0.014,0.014,0.014000000000000002,0.014,0.0,0.002,0.002,0.002,0.002,0.0,0.008,0.008,0.008,0.008,0.0,0.03,0.048,0.03245,0.0315,0.003707762128292483,0.013000000000000001,0.013000000000000001,0.013000000000000001,0.013000000000000001,0.0,0.002,0.002,0.002,0.002,0.0,0.002,0.002,0.002,0.002,0.0,0.002,0.003,0.00205,0.002,0.0002179449471770337,0.0,0.0,0.0,0.0,0.0
32,32,4096,11008,32768,True,136,4,0.046,0.14,0.0541,0.048,0.02031969487959896,0.014,0.014,0.014000000000000002,0.014,0.0,0.002,0.002,0.002,0.002,0.0,0.008,0.008,0.008,0.008,0.0,0.031,0.048,0.03255,0.0315,0.0036942522924131756,0.013000000000000001,0.013000000000000001,0.013000000000000001,0.013000000000000001,0.0,0.002,0.002,0.002,0.002,0.0,0.002,0.002,0.002,0.002,0.0,0.002,0.002,0.002,0.002,0.0,0.0,0.0,0.0,0.0,0.0
32,32,4096,11008,32768,True,128,4,0.042,0.11900000000000001,0.04885,0.044,0.01690051774354857,0.011,0.012,0.011049999999999999,0.011,0.00021794494717703385,0.001,0.002,0.0018000000000000002,0.002,0.0004,0.007,0.007,0.007000000000000001,0.007,0.0,0.021,0.022,0.02195,0.022,0.00021794494717703312,0.011,0.011,0.011,0.011,0.0,0.002,0.002,0.002,0.002,0.0,0.002,0.002,0.002,0.002,0.0,0.002,0.002,0.002,0.002,0.0,0.0,0.0,0.0,0.0,0.0
32,32,4096,11008,32768,True,120,4,0.044,0.129,0.0512,0.046,0.018137254478007417,0.011,0.012,0.011149999999999998,0.011,0.00035707142142714284,0.001,0.002,0.0012000000000000001,0.001,0.0004,0.006,0.007,0.00605,0.006,0.0002179449471770337,0.021,0.022,0.0211,0.021,0.0002999999999999992,0.01,0.011,0.01005,0.01,0.0002179449471770335,0.002,0.002,0.002,0.002,0.0,0.002,0.002,0.002,0.002,0.0,0.002,0.002,0.002,0.002,0.0,0.0,0.0,0.0,0.0,0.0
32,32,4096,11008,32768,True,112,4,0.046,0.169,0.054200000000000005,0.0475,0.026483202223296188,0.013000000000000001,0.013000000000000001,0.013000000000000001,0.013000000000000001,0.0,0.001,0.001,0.001,0.001,0.0,0.006,0.007,0.00605,0.006,0.0002179449471770337,0.021,0.022,0.0211,0.021,0.0002999999999999992,0.01,0.011,0.010100000000000001,0.01,0.00029999999999999976,0.002,0.002,0.002,0.002,0.0,0.002,0.002,0.002,0.002,0.0,0.002,0.002,0.002,0.002,0.0,0.0,0.0,0.0,0.0,0.0
32,32,4096,11008,32768,True,104,4,0.045,0.135,0.05155,0.046,0.019280754653280562,0.013000000000000001,0.014,0.013300000000000001,0.013000000000000001,0.0004582575694955836,0.001,0.001,0.001,0.001,0.0,0.006,0.006,0.006,0.006,0.0,0.021,0.022,0.0211,0.021,0.0002999999999999992,0.01,0.011,0.010249999999999999,0.01,0.00043301270189221897,0.002,0.002,0.002,0.002,0.0,0.002,0.002,0.002,0.002,0.0,0.002,0.002,0.002,0.002,0.0,0.0,0.0,0.0,0.0,0.0
32,32,4096,11008,32768,True,96,4,0.046,0.132,0.0521,0.047,0.01848756338731527,0.014,0.014,0.014000000000000002,0.014,0.0,0.001,0.001,0.001,0.001,0.0,0.007,0.007,0.007000000000000001,0.007,0.0,0.02,0.021,0.020950000000000003,0.021,0.00021794494717703385,0.011,0.011,0.011,0.011,0.0,0.002,0.002,0.002,0.002,0.0,0.002,0.002,0.002,0.002,0.0,0.002,0.002,0.002,0.002,0.0,0.0,0.0,0.0,0.0,0.0
32,32,4096,11008,32768,True,88,4,0.045,0.137,0.053649999999999996,0.046,0.019728849434267576,0.013000000000000001,0.014,0.01395,0.014,0.0002179449471770335,0.001,0.001,0.001,0.001,0.0,0.007,0.007,0.007000000000000001,0.007,0.0,0.021,0.022,0.021050000000000003,0.021,0.00021794494717703312,0.011,0.011,0.011,0.011,0.0,0.002,0.002,0.002,0.002,0.0,0.002,0.002,0.002,0.002,0.0,0.002,0.002,0.002,0.002,0.0,0.0,0.0,0.0,0.0,0.0
32,32,4096,11008,32768,True,80,4,0.046,0.13,0.054000000000000006,0.048,0.017930421077041108,0.014,0.015,0.0142,0.014,0.0003999999999999997,0.001,0.001,0.001,0.001,0.0,0.007,0.007,0.007000000000000001,0.007,0.0,0.021,0.021,0.021,0.021,0.0,0.011,0.011,0.011,0.011,0.0,0.001,0.002,0.0018000000000000002,0.002,0.0004,0.002,0.002,0.002,0.002,0.0,0.002,0.002,0.002,0.002,0.0,0.0,0.0,0.0,0.0,0.0
32,32,4096,11008,32768,True,72,4,0.046,0.147,0.05455,0.048,0.021492963964981654,0.014,0.014,0.014000000000000002,0.014,0.0,0.001,0.001,0.001,0.001,0.0,0.007,0.007,0.007000000000000001,0.007,0.0,0.02,0.021,0.020700000000000003,0.021,0.0004582575694955844,0.011,0.011,0.011,0.011,0.0,0.001,0.002,0.00195,0.002,0.0002179449471770337,0.002,0.002,0.002,0.002,0.0,0.002,0.002,0.002,0.002,0.0,0.0,0.0,0.0,0.0,0.0
32,32,4096,11008,32768,True,64,4,0.044,0.128,0.0504,0.046,0.017934324631833785,0.011,0.017,0.01185,0.012,0.001275735082217308,0.001,0.001,0.001,0.001,0.0,0.005,0.006,0.005050000000000001,0.005,0.0002179449471770337,0.019,0.02,0.0194,0.019,0.000489897948556636,0.009000000000000001,0.01,0.00945,0.009000000000000001,0.0004974937185533095,0.001,0.002,0.0015,0.0015,0.0005,0.002,0.002,0.002,0.002,0.0,0.002,0.002,0.002,0.002,0.0,0.0,0.0,0.0,0.0,0.0
32,32,4096,11008,32768,True,56,4,0.045,0.129,0.0512,0.0465,0.017979432694053502,0.011,0.014,0.011899999999999999,0.012,0.0006244997998398401,0.001,0.001,0.001,0.001,0.0,0.005,0.006,0.0058000000000000005,0.006,0.0004,0.019,0.02,0.0195,0.0195,0.0005000000000000004,0.01,0.01,0.01,0.01,0.0,0.001,0.002,0.0018499999999999999,0.002,0.0003570714214271425,0.002,0.002,0.002,0.002,0.0,0.002,0.002,0.002,0.002,0.0,0.0,0.0,0.0,0.0,0.0
32,32,4096,11008,32768,True,48,4,0.045,0.13,0.05084999999999999,0.046,0.0182928264628515,0.011,0.014,0.01175,0.012,0.0006982120021884475,0.001,0.001,0.001,0.001,0.0,0.006,0.006,0.006,0.006,0.0,0.019,0.02,0.019200000000000002,0.019,0.00040000000000000034,0.009000000000000001,0.009000000000000001,0.009000000000000001,0.009000000000000001,0.0,0.001,0.002,0.0019,0.002,0.0003,0.002,0.002,0.002,0.002,0.0,0.002,0.002,0.002,0.002,0.0,0.0,0.0,0.0,0.0,0.0
32,32,4096,11008,32768,True,40,4,0.046,0.138,0.0531,0.047,0.019917078098958194,0.011,0.015,0.01125,0.011,0.0008874119674649424,0.001,0.001,0.001,0.001,0.0,0.006,0.006,0.006,0.006,0.0,0.019,0.02,0.0193,0.019,0.0004582575694955844,0.01,0.01,0.01,0.01,0.0,0.001,0.002,0.0013000000000000002,0.001,0.000458257569495584,0.002,0.002,0.002,0.002,0.0,0.002,0.002,0.002,0.002,0.0,0.0,0.0,0.0,0.0,0.0
32,32,4096,11008,32768,True,32,4,0.045,0.14100000000000001,0.0514,0.046,0.020672203559369284,0.009000000000000001,0.009000000000000001,0.009000000000000001,0.009000000000000001,0.0,0.001,0.001,0.001,0.001,0.0,0.004,0.004,0.004,0.004,0.0,0.022,0.025,0.023299999999999998,0.023,0.0006403124237432854,0.007,0.007,0.007000000000000001,0.007,0.0,0.001,0.002,0.0013000000000000002,0.001,0.000458257569495584,0.002,0.002,0.002,0.002,0.0,0.002,0.002,0.002,0.002,0.0,0.0,0.0,0.0,0.0,0.0
32,32,4096,11008,32768,True,24,4,0.047,0.146,0.0551,0.049,0.021337525629744416,0.009000000000000001,0.009000000000000001,0.009000000000000001,0.009000000000000001,0.0,0.001,0.001,0.001,0.001,0.0,0.004,0.004,0.004,0.004,0.0,0.022,0.024,0.02275,0.023,0.0005361902647381809,0.006,0.007,0.0069500000000000004,0.007,0.0002179449471770337,0.001,0.001,0.001,0.001,0.0,0.002,0.002,0.002,0.002,0.0,0.002,0.002,0.002,0.002,0.0,0.0,0.0,0.0,0.0,0.0
32,32,4096,11008,32768,True,16,4,0.045,0.127,0.050949999999999995,0.046,0.017684668501275334,0.009000000000000001,0.009000000000000001,0.009000000000000001,0.009000000000000001,0.0,0.001,0.001,0.001,0.001,0.0,0.004,0.004,0.004,0.004,0.0,0.019,0.02,0.01915,0.019,0.00035707142142714284,0.007,0.007,0.007000000000000001,0.007,0.0,0.001,0.001,0.001,0.001,0.0,0.002,0.002,0.002,0.002,0.0,0.002,0.002,0.002,0.002,0.0,0.0,0.0,0.0,0.0,0.0
32,32,4096,11008,32768,True,8,4,0.045,0.126,0.053849999999999995,0.046,0.020526263663901426,0.009000000000000001,0.01,0.0098,0.01,0.0003999999999999997,0.001,0.001,0.001,0.001,0.0,0.004,0.004,0.004,0.004,0.0,0.019,0.02,0.01905,0.019,0.00021794494717703385,0.007,0.007,0.007000000000000001,0.007,0.0,0.001,0.001,0.001,0.001,0.0,0.002,0.002,0.002,0.002,0.0,0.002,0.002,0.002,0.002,0.0,0.0,0.0,0.0,0.0,0.0
32,32,4096,11008,32768,True,4,4,0.046,0.137,0.05205,0.047,0.0196658968775899,0.01,0.01,0.01,0.01,0.0,0.001,0.001,0.001,0.001,0.0,0.004,0.004,0.004,0.004,0.0,0.019,0.019,0.019,0.019,0.0,0.007,0.007,0.007000000000000001,0.007,0.0,0.001,0.001,0.001,0.001,0.0,0.002,0.002,0.002,0.002,0.0,0.002,0.002,0.002,0.002,0.0,0.0,0.0,0.0,0.0,0.0
32,32,4096,11008,32768,True,2,4,0.046,0.138,0.053649999999999996,0.048,0.019670472795537988,0.01,0.01,0.01,0.01,0.0,0.001,0.001,0.001,0.001,0.0,0.004,0.004,0.004,0.004,0.0,0.019,0.019,0.019,0.019,0.0,0.007,0.007,0.007000000000000001,0.007,0.0,0.001,0.001,0.001,0.001,0.0,0.002,0.002,0.002,0.002,0.0,0.002,0.002,0.002,0.002,0.0,0.0,0.0,0.0,0.0,0.0
32,32,4096,11008,32768,True,1,4,0.044,0.13,0.0511,0.046,0.018368179006096386,0.01,0.01,0.01,0.01,0.0,0.001,0.001,0.001,0.001,0.0,0.004,0.004,0.004,0.004,0.0,0.018000000000000002,0.019,0.01855,0.019,0.0004974937185533088,0.007,0.007,0.007000000000000001,0.007,0.0,0.001,0.001,0.001,0.001,0.0,0.002,0.002,0.002,0.002,0.0,0.002,0.002,0.002,0.002,0.0,0.0,0.0,0.0,0.0,0.0
