time_stats.attn_input_reshape.min,time_stats.attn_input_reshape.max,time_stats.attn_input_reshape.mean,time_stats.attn_input_reshape.median,time_stats.attn_input_reshape.std,time_stats.attn_decode.min,time_stats.attn_decode.max,time_stats.attn_decode.mean,time_stats.attn_decode.median,time_stats.attn_decode.std,time_stats.attn_output_reshape.min,time_stats.attn_output_reshape.max,time_stats.attn_output_reshape.mean,time_stats.attn_output_reshape.median,time_stats.attn_output_reshape.std,time_stats.attn_prefill.min,time_stats.attn_prefill.max,time_stats.attn_prefill.mean,time_stats.attn_prefill.median,time_stats.attn_prefill.std,n_embd,n_q_head,n_kv_head,block_size,num_tensor_parallel_workers,max_model_len,batch_size,prefill_chunk_size,kv_cache_size,is_prefill,attention_backend
0.0,0.0,0.0,0.0,0.0,0.007,0.007,0.007000000000000001,0.007,8.673617379884035e-19,0.001,0.001,0.001,0.001,0.0,,,,,,4096,32,32,16,1,4096,1,0,32,False,AttentionBackend.FLASH_ATTENTION
0.0,0.0,0.0,0.0,0.0,0.007,0.007,0.007000000000000001,0.007,8.673617379884035e-19,0.001,0.001,0.001,0.001,0.0,,,,,,4096,32,32,16,1,4096,2,0,32,False,AttentionBackend.FLASH_ATTENTION
0.0,0.0,0.0,0.0,0.0,0.007,0.007,0.007000000000000001,0.007,8.673617379884035e-19,0.001,0.001,0.001,0.001,0.0,,,,,,4096,32,32,16,1,4096,3,0,32,False,AttentionBackend.FLASH_ATTENTION
0.0,0.0,0.0,0.0,0.0,0.007,0.007,0.007000000000000001,0.007,8.673617379884035e-19,0.001,0.001,0.001,0.001,0.0,,,,,,4096,32,32,16,1,4096,4,0,32,False,AttentionBackend.FLASH_ATTENTION
0.0,0.0,0.0,0.0,0.0,0.008,0.008,0.008,0.008,0.0,0.001,0.001,0.001,0.001,0.0,,,,,,4096,32,32,16,1,4096,5,0,32,False,AttentionBackend.FLASH_ATTENTION
0.0,0.0,0.0,0.0,0.0,0.008,0.008,0.008,0.008,0.0,0.001,0.001,0.001,0.001,0.0,,,,,,4096,32,32,16,1,4096,6,0,32,False,AttentionBackend.FLASH_ATTENTION
0.0,0.0,0.0,0.0,0.0,0.008,0.009000000000000001,0.008400000000000001,0.008,0.000489897948556636,0.001,0.001,0.001,0.001,0.0,,,,,,4096,32,32,16,1,4096,7,0,32,False,AttentionBackend.FLASH_ATTENTION
0.0,0.0,0.0,0.0,0.0,0.008,0.009000000000000001,0.0088,0.009000000000000001,0.00040000000000000034,0.001,0.001,0.001,0.001,0.0,,,,,,4096,32,32,16,1,4096,8,0,32,False,AttentionBackend.FLASH_ATTENTION
0.0,0.0,0.0,0.0,0.0,0.007,0.007,0.007000000000000001,0.007,8.673617379884035e-19,0.001,0.001,0.001,0.001,0.0,,,,,,4096,32,32,16,1,4096,1,0,64,False,AttentionBackend.FLASH_ATTENTION
0.0,0.0,0.0,0.0,0.0,0.007,0.007,0.007000000000000001,0.007,8.673617379884035e-19,0.001,0.001,0.001,0.001,0.0,,,,,,4096,32,32,16,1,4096,2,0,64,False,AttentionBackend.FLASH_ATTENTION
0.0,0.0,0.0,0.0,0.0,0.007,0.007,0.007000000000000001,0.007,8.673617379884035e-19,0.001,0.001,0.001,0.001,0.0,,,,,,4096,32,32,16,1,4096,3,0,64,False,AttentionBackend.FLASH_ATTENTION
0.0,0.0,0.0,0.0,0.0,0.007,0.007,0.007000000000000001,0.007,8.673617379884035e-19,0.001,0.001,0.001,0.001,0.0,,,,,,4096,32,32,16,1,4096,4,0,64,False,AttentionBackend.FLASH_ATTENTION
0.0,0.0,0.0,0.0,0.0,0.008,0.009000000000000001,0.008400000000000001,0.008,0.000489897948556636,0.001,0.001,0.001,0.001,0.0,,,,,,4096,32,32,16,1,4096,5,0,64,False,AttentionBackend.FLASH_ATTENTION
0.0,0.0,0.0,0.0,0.0,0.008,0.009000000000000001,0.0088,0.009000000000000001,0.00040000000000000034,0.001,0.001,0.001,0.001,0.0,,,,,,4096,32,32,16,1,4096,6,0,64,False,AttentionBackend.FLASH_ATTENTION
0.0,0.0,0.0,0.0,0.0,0.009000000000000001,0.009000000000000001,0.009000000000000001,0.009000000000000001,0.0,0.001,0.001,0.001,0.001,0.0,,,,,,4096,32,32,16,1,4096,7,0,64,False,AttentionBackend.FLASH_ATTENTION
0.0,0.0,0.0,0.0,0.0,0.009000000000000001,0.009000000000000001,0.009000000000000001,0.009000000000000001,0.0,0.001,0.001,0.001,0.001,0.0,,,,,,4096,32,32,16,1,4096,8,0,64,False,AttentionBackend.FLASH_ATTENTION
0.0,0.0,0.0,0.0,0.0,0.007,0.007,0.007000000000000001,0.007,8.673617379884035e-19,0.001,0.001,0.001,0.001,0.0,,,,,,4096,32,32,16,1,4096,1,0,96,False,AttentionBackend.FLASH_ATTENTION
0.0,0.0,0.0,0.0,0.0,0.007,0.007,0.007000000000000001,0.007,8.673617379884035e-19,0.001,0.001,0.001,0.001,0.0,,,,,,4096,32,32,16,1,4096,2,0,96,False,AttentionBackend.FLASH_ATTENTION
0.0,0.0,0.0,0.0,0.0,0.007,0.007,0.007000000000000001,0.007,8.673617379884035e-19,0.001,0.001,0.001,0.001,0.0,,,,,,4096,32,32,16,1,4096,3,0,96,False,AttentionBackend.FLASH_ATTENTION
0.0,0.0,0.0,0.0,0.0,0.007,0.007,0.007000000000000001,0.007,8.673617379884035e-19,0.001,0.001,0.001,0.001,0.0,,,,,,4096,32,32,16,1,4096,4,0,96,False,AttentionBackend.FLASH_ATTENTION
0.0,0.0,0.0,0.0,0.0,0.008,0.009000000000000001,0.0088,0.009000000000000001,0.00040000000000000034,0.001,0.001,0.001,0.001,0.0,,,,,,4096,32,32,16,1,4096,5,0,96,False,AttentionBackend.FLASH_ATTENTION
0.0,0.0,0.0,0.0,0.0,0.009000000000000001,0.009000000000000001,0.009000000000000001,0.009000000000000001,0.0,0.001,0.001,0.001,0.001,0.0,,,,,,4096,32,32,16,1,4096,6,0,96,False,AttentionBackend.FLASH_ATTENTION
0.0,0.0,0.0,0.0,0.0,0.009000000000000001,0.009000000000000001,0.009000000000000001,0.009000000000000001,0.0,0.001,0.001,0.001,0.001,0.0,,,,,,4096,32,32,16,1,4096,7,0,96,False,AttentionBackend.FLASH_ATTENTION
0.0,0.0,0.0,0.0,0.0,0.009000000000000001,0.009000000000000001,0.009000000000000001,0.009000000000000001,0.0,0.001,0.001,0.001,0.001,0.0,,,,,,4096,32,32,16,1,4096,8,0,96,False,AttentionBackend.FLASH_ATTENTION
0.0,0.0,0.0,0.0,0.0,0.009000000000000001,0.009000000000000001,0.009000000000000001,0.009000000000000001,0.0,0.001,0.001,0.001,0.001,0.0,,,,,,4096,32,32,16,1,4096,1,0,128,False,AttentionBackend.FLASH_ATTENTION
0.0,0.0,0.0,0.0,0.0,0.009000000000000001,0.009000000000000001,0.009000000000000001,0.009000000000000001,0.0,0.001,0.001,0.001,0.001,0.0,,,,,,4096,32,32,16,1,4096,2,0,128,False,AttentionBackend.FLASH_ATTENTION
0.0,0.0,0.0,0.0,0.0,0.009000000000000001,0.009000000000000001,0.009000000000000001,0.009000000000000001,0.0,0.001,0.001,0.001,0.001,0.0,,,,,,4096,32,32,16,1,4096,3,0,128,False,AttentionBackend.FLASH_ATTENTION
0.0,0.0,0.0,0.0,0.0,0.009000000000000001,0.01,0.009600000000000001,0.01,0.0004898979485566352,0.001,0.001,0.001,0.001,0.0,,,,,,4096,32,32,16,1,4096,4,0,128,False,AttentionBackend.FLASH_ATTENTION
0.0,0.0,0.0,0.0,0.0,0.012,0.012,0.012,0.012,0.0,0.001,0.001,0.001,0.001,0.0,,,,,,4096,32,32,16,1,4096,5,0,128,False,AttentionBackend.FLASH_ATTENTION
0.0,0.0,0.0,0.0,0.0,0.012,0.012,0.012,0.012,0.0,0.001,0.001,0.001,0.001,0.0,,,,,,4096,32,32,16,1,4096,6,0,128,False,AttentionBackend.FLASH_ATTENTION
0.0,0.0,0.0,0.0,0.0,0.012,0.012,0.012,0.012,0.0,0.001,0.001,0.001,0.001,0.0,,,,,,4096,32,32,16,1,4096,7,0,128,False,AttentionBackend.FLASH_ATTENTION
0.0,0.0,0.0,0.0,0.0,0.012,0.012,0.012,0.012,0.0,0.001,0.001,0.001,0.001,0.0,,,,,,4096,32,32,16,1,4096,8,0,128,False,AttentionBackend.FLASH_ATTENTION
0.0,0.0,0.0,0.0,0.0,0.009000000000000001,0.009000000000000001,0.009000000000000001,0.009000000000000001,0.0,0.001,0.001,0.001,0.001,0.0,,,,,,4096,32,32,16,1,4096,1,0,160,False,AttentionBackend.FLASH_ATTENTION
0.0,0.0,0.0,0.0,0.0,0.009000000000000001,0.009000000000000001,0.009000000000000001,0.009000000000000001,0.0,0.001,0.001,0.001,0.001,0.0,,,,,,4096,32,32,16,1,4096,2,0,160,False,AttentionBackend.FLASH_ATTENTION
0.0,0.0,0.0,0.0,0.0,0.009000000000000001,0.009000000000000001,0.009000000000000001,0.009000000000000001,0.0,0.001,0.001,0.001,0.001,0.0,,,,,,4096,32,32,16,1,4096,3,0,160,False,AttentionBackend.FLASH_ATTENTION
0.0,0.0,0.0,0.0,0.0,0.009000000000000001,0.01,0.0098,0.01,0.0003999999999999997,0.001,0.001,0.001,0.001,0.0,,,,,,4096,32,32,16,1,4096,4,0,160,False,AttentionBackend.FLASH_ATTENTION
0.0,0.0,0.0,0.0,0.0,0.012,0.012,0.012,0.012,0.0,0.001,0.001,0.001,0.001,0.0,,,,,,4096,32,32,16,1,4096,5,0,160,False,AttentionBackend.FLASH_ATTENTION
0.0,0.0,0.0,0.0,0.0,0.012,0.012,0.012,0.012,0.0,0.001,0.001,0.001,0.001,0.0,,,,,,4096,32,32,16,1,4096,6,0,160,False,AttentionBackend.FLASH_ATTENTION
0.0,0.0,0.0,0.0,0.0,0.012,0.012,0.012,0.012,0.0,0.001,0.001,0.001,0.001,0.0,,,,,,4096,32,32,16,1,4096,7,0,160,False,AttentionBackend.FLASH_ATTENTION
0.0,0.0,0.0,0.0,0.0,0.012,0.012,0.012,0.012,0.0,0.001,0.001,0.001,0.001,0.0,,,,,,4096,32,32,16,1,4096,8,0,160,False,AttentionBackend.FLASH_ATTENTION
0.0,0.0,0.0,0.0,0.0,0.009000000000000001,0.009000000000000001,0.009000000000000001,0.009000000000000001,0.0,0.001,0.001,0.001,0.001,0.0,,,,,,4096,32,32,16,1,4096,1,0,192,False,AttentionBackend.FLASH_ATTENTION
0.0,0.0,0.0,0.0,0.0,0.009000000000000001,0.009000000000000001,0.009000000000000001,0.009000000000000001,0.0,0.001,0.001,0.001,0.001,0.0,,,,,,4096,32,32,16,1,4096,2,0,192,False,AttentionBackend.FLASH_ATTENTION
0.0,0.0,0.0,0.0,0.0,0.009000000000000001,0.009000000000000001,0.009000000000000001,0.009000000000000001,0.0,0.001,0.001,0.001,0.001,0.0,,,,,,4096,32,32,16,1,4096,3,0,192,False,AttentionBackend.FLASH_ATTENTION
0.0,0.0,0.0,0.0,0.0,0.009000000000000001,0.009000000000000001,0.009000000000000001,0.009000000000000001,0.0,0.001,0.001,0.001,0.001,0.0,,,,,,4096,32,32,16,1,4096,4,0,192,False,AttentionBackend.FLASH_ATTENTION
0.0,0.0,0.0,0.0,0.0,0.012,0.012,0.012,0.012,0.0,0.001,0.001,0.001,0.001,0.0,,,,,,4096,32,32,16,1,4096,5,0,192,False,AttentionBackend.FLASH_ATTENTION
0.0,0.0,0.0,0.0,0.0,0.012,0.012,0.012,0.012,0.0,0.001,0.001,0.001,0.001,0.0,,,,,,4096,32,32,16,1,4096,6,0,192,False,AttentionBackend.FLASH_ATTENTION
0.0,0.0,0.0,0.0,0.0,0.012,0.013000000000000001,0.0126,0.013000000000000001,0.000489897948556636,0.001,0.001,0.001,0.001,0.0,,,,,,4096,32,32,16,1,4096,7,0,192,False,AttentionBackend.FLASH_ATTENTION
0.0,0.0,0.0,0.0,0.0,0.013000000000000001,0.013000000000000001,0.013000000000000001,0.013000000000000001,0.0,0.001,0.001,0.001,0.001,0.0,,,,,,4096,32,32,16,1,4096,8,0,192,False,AttentionBackend.FLASH_ATTENTION
0.0,0.0,0.0,0.0,0.0,0.009000000000000001,0.009000000000000001,0.009000000000000001,0.009000000000000001,0.0,0.001,0.001,0.001,0.001,0.0,,,,,,4096,32,32,16,1,4096,1,0,224,False,AttentionBackend.FLASH_ATTENTION
0.0,0.0,0.0,0.0,0.0,0.009000000000000001,0.009000000000000001,0.009000000000000001,0.009000000000000001,0.0,0.001,0.001,0.001,0.001,0.0,,,,,,4096,32,32,16,1,4096,2,0,224,False,AttentionBackend.FLASH_ATTENTION
0.0,0.0,0.0,0.0,0.0,0.009000000000000001,0.009000000000000001,0.009000000000000001,0.009000000000000001,0.0,0.001,0.001,0.001,0.001,0.0,,,,,,4096,32,32,16,1,4096,3,0,224,False,AttentionBackend.FLASH_ATTENTION
0.0,0.0,0.0,0.0,0.0,0.01,0.01,0.01,0.01,0.0,0.001,0.001,0.001,0.001,0.0,,,,,,4096,32,32,16,1,4096,4,0,224,False,AttentionBackend.FLASH_ATTENTION
0.0,0.0,0.0,0.0,0.0,0.012,0.012,0.012,0.012,0.0,0.001,0.001,0.001,0.001,0.0,,,,,,4096,32,32,16,1,4096,5,0,224,False,AttentionBackend.FLASH_ATTENTION
0.0,0.0,0.0,0.0,0.0,0.012,0.013000000000000001,0.012199999999999999,0.012,0.00040000000000000034,0.001,0.001,0.001,0.001,0.0,,,,,,4096,32,32,16,1,4096,6,0,224,False,AttentionBackend.FLASH_ATTENTION
0.0,0.0,0.0,0.0,0.0,0.013000000000000001,0.013000000000000001,0.013000000000000001,0.013000000000000001,0.0,0.001,0.001,0.001,0.001,0.0,,,,,,4096,32,32,16,1,4096,7,0,224,False,AttentionBackend.FLASH_ATTENTION
0.0,0.0,0.0,0.0,0.0,0.013000000000000001,0.013000000000000001,0.013000000000000001,0.013000000000000001,0.0,0.001,0.001,0.001,0.001,0.0,,,,,,4096,32,32,16,1,4096,8,0,224,False,AttentionBackend.FLASH_ATTENTION
0.0,0.0,0.0,0.0,0.0,0.009000000000000001,0.009000000000000001,0.009000000000000001,0.009000000000000001,0.0,0.001,0.001,0.001,0.001,0.0,,,,,,4096,32,32,16,1,4096,1,0,256,False,AttentionBackend.FLASH_ATTENTION
0.0,0.0,0.0,0.0,0.0,0.011,0.011,0.011,0.011,0.0,0.001,0.001,0.001,0.001,0.0,,,,,,4096,32,32,16,1,4096,2,0,256,False,AttentionBackend.FLASH_ATTENTION
0.0,0.0,0.0,0.0,0.0,0.011,0.011,0.011,0.011,0.0,0.001,0.001,0.001,0.001,0.0,,,,,,4096,32,32,16,1,4096,3,0,256,False,AttentionBackend.FLASH_ATTENTION
0.0,0.0,0.0,0.0,0.0,0.012,0.012,0.012,0.012,0.0,0.001,0.001,0.001,0.001,0.0,,,,,,4096,32,32,16,1,4096,4,0,256,False,AttentionBackend.FLASH_ATTENTION
0.0,0.0,0.0,0.0,0.0,0.015,0.015,0.015,0.015,0.0,0.001,0.001,0.001,0.001,0.0,,,,,,4096,32,32,16,1,4096,5,0,256,False,AttentionBackend.FLASH_ATTENTION
0.0,0.0,0.0,0.0,0.0,0.016,0.016,0.016,0.016,0.0,0.001,0.001,0.001,0.001,0.0,,,,,,4096,32,32,16,1,4096,6,0,256,False,AttentionBackend.FLASH_ATTENTION
0.0,0.0,0.0,0.0,0.0,0.016,0.016,0.016,0.016,0.0,0.001,0.001,0.001,0.001,0.0,,,,,,4096,32,32,16,1,4096,7,0,256,False,AttentionBackend.FLASH_ATTENTION
0.0,0.0,0.0,0.0,0.0,0.016,0.017,0.016800000000000002,0.017,0.00040000000000000034,0.001,0.001,0.001,0.001,0.0,,,,,,4096,32,32,16,1,4096,8,0,256,False,AttentionBackend.FLASH_ATTENTION
0.0,0.0,0.0,0.0,0.0,0.009000000000000001,0.009000000000000001,0.009000000000000001,0.009000000000000001,0.0,0.001,0.001,0.001,0.001,0.0,,,,,,4096,32,32,16,1,4096,1,0,288,False,AttentionBackend.FLASH_ATTENTION
0.0,0.0,0.0,0.0,0.0,0.01,0.011,0.010799999999999999,0.011,0.0003999999999999997,0.001,0.001,0.001,0.001,0.0,,,,,,4096,32,32,16,1,4096,2,0,288,False,AttentionBackend.FLASH_ATTENTION
0.0,0.0,0.0,0.0,0.0,0.011,0.011,0.011,0.011,0.0,0.001,0.001,0.001,0.001,0.0,,,,,,4096,32,32,16,1,4096,3,0,288,False,AttentionBackend.FLASH_ATTENTION
0.0,0.0,0.0,0.0,0.0,0.012,0.012,0.012,0.012,0.0,0.001,0.001,0.001,0.001,0.0,,,,,,4096,32,32,16,1,4096,4,0,288,False,AttentionBackend.FLASH_ATTENTION
0.0,0.0,0.0,0.0,0.0,0.015,0.016,0.0156,0.016,0.000489897948556636,0.001,0.001,0.001,0.001,0.0,,,,,,4096,32,32,16,1,4096,5,0,288,False,AttentionBackend.FLASH_ATTENTION
0.0,0.0,0.0,0.0,0.0,0.016,0.017,0.0162,0.016,0.00040000000000000034,0.001,0.001,0.001,0.001,0.0,,,,,,4096,32,32,16,1,4096,6,0,288,False,AttentionBackend.FLASH_ATTENTION
0.0,0.0,0.0,0.0,0.0,0.016,0.016,0.016,0.016,0.0,0.001,0.001,0.001,0.001,0.0,,,,,,4096,32,32,16,1,4096,7,0,288,False,AttentionBackend.FLASH_ATTENTION
0.0,0.0,0.0,0.0,0.0,0.017,0.017,0.017,0.017,0.0,0.001,0.001,0.001,0.001,0.0,,,,,,4096,32,32,16,1,4096,8,0,288,False,AttentionBackend.FLASH_ATTENTION
0.0,0.0,0.0,0.0,0.0,0.009000000000000001,0.009000000000000001,0.009000000000000001,0.009000000000000001,0.0,0.001,0.001,0.001,0.001,0.0,,,,,,4096,32,32,16,1,4096,1,0,320,False,AttentionBackend.FLASH_ATTENTION
0.0,0.0,0.0,0.0,0.0,0.011,0.011,0.011,0.011,0.0,0.001,0.001,0.001,0.001,0.0,,,,,,4096,32,32,16,1,4096,2,0,320,False,AttentionBackend.FLASH_ATTENTION
0.0,0.0,0.0,0.0,0.0,0.011,0.012,0.0118,0.012,0.00040000000000000034,0.001,0.001,0.001,0.001,0.0,,,,,,4096,32,32,16,1,4096,3,0,320,False,AttentionBackend.FLASH_ATTENTION
0.0,0.0,0.0,0.0,0.0,0.012,0.012,0.012,0.012,0.0,0.001,0.001,0.001,0.001,0.0,,,,,,4096,32,32,16,1,4096,4,0,320,False,AttentionBackend.FLASH_ATTENTION
0.0,0.0,0.0,0.0,0.0,0.015,0.016,0.0158,0.016,0.00040000000000000034,0.001,0.001,0.001,0.001,0.0,,,,,,4096,32,32,16,1,4096,5,0,320,False,AttentionBackend.FLASH_ATTENTION
0.0,0.0,0.0,0.0,0.0,0.016,0.017,0.0166,0.017,0.000489897948556636,0.001,0.001,0.001,0.001,0.0,,,,,,4096,32,32,16,1,4096,6,0,320,False,AttentionBackend.FLASH_ATTENTION
0.0,0.0,0.0,0.0,0.0,0.017,0.017,0.017,0.017,0.0,0.001,0.001,0.001,0.001,0.0,,,,,,4096,32,32,16,1,4096,7,0,320,False,AttentionBackend.FLASH_ATTENTION
0.0,0.0,0.0,0.0,0.0,0.017,0.017,0.017,0.017,0.0,0.001,0.001,0.001,0.001,0.0,,,,,,4096,32,32,16,1,4096,8,0,320,False,AttentionBackend.FLASH_ATTENTION
0.0,0.0,0.0,0.0,0.0,0.009000000000000001,0.009000000000000001,0.009000000000000001,0.009000000000000001,0.0,0.001,0.001,0.001,0.001,0.0,,,,,,4096,32,32,16,1,4096,1,0,352,False,AttentionBackend.FLASH_ATTENTION
0.0,0.0,0.0,0.0,0.0,0.011,0.011,0.011,0.011,0.0,0.001,0.001,0.001,0.001,0.0,,,,,,4096,32,32,16,1,4096,2,0,352,False,AttentionBackend.FLASH_ATTENTION
0.0,0.0,0.0,0.0,0.0,0.012,0.012,0.012,0.012,0.0,0.001,0.001,0.001,0.001,0.0,,,,,,4096,32,32,16,1,4096,3,0,352,False,AttentionBackend.FLASH_ATTENTION
0.0,0.0,0.0,0.0,0.0,0.012,0.012,0.012,0.012,0.0,0.001,0.001,0.001,0.001,0.0,,,,,,4096,32,32,16,1,4096,4,0,352,False,AttentionBackend.FLASH_ATTENTION
0.0,0.0,0.0,0.0,0.0,0.016,0.016,0.016,0.016,0.0,0.001,0.001,0.001,0.001,0.0,,,,,,4096,32,32,16,1,4096,5,0,352,False,AttentionBackend.FLASH_ATTENTION
0.0,0.0,0.0,0.0,0.0,0.016,0.016,0.016,0.016,0.0,0.001,0.001,0.001,0.001,0.0,,,,,,4096,32,32,16,1,4096,6,0,352,False,AttentionBackend.FLASH_ATTENTION
0.0,0.0,0.0,0.0,0.0,0.016,0.017,0.016800000000000002,0.017,0.00040000000000000034,0.001,0.001,0.001,0.001,0.0,,,,,,4096,32,32,16,1,4096,7,0,352,False,AttentionBackend.FLASH_ATTENTION
0.0,0.0,0.0,0.0,0.0,0.018000000000000002,0.019,0.0188,0.019,0.00039999999999999893,0.001,0.001,0.001,0.001,0.0,,,,,,4096,32,32,16,1,4096,8,0,352,False,AttentionBackend.FLASH_ATTENTION
0.0,0.0,0.0,0.0,0.0,0.009000000000000001,0.01,0.009600000000000001,0.01,0.0004898979485566352,0.001,0.001,0.001,0.001,0.0,,,,,,4096,32,32,16,1,4096,1,0,384,False,AttentionBackend.FLASH_ATTENTION
0.0,0.0,0.0,0.0,0.0,0.011,0.012,0.0118,0.012,0.00040000000000000034,0.001,0.001,0.001,0.001,0.0,,,,,,4096,32,32,16,1,4096,2,0,384,False,AttentionBackend.FLASH_ATTENTION
0.0,0.0,0.0,0.0,0.0,0.017,0.019,0.018000000000000002,0.018000000000000002,0.0006324555320336754,0.001,0.001,0.001,0.001,0.0,,,,,,4096,32,32,16,1,4096,3,0,384,False,AttentionBackend.FLASH_ATTENTION
0.0,0.0,0.0,0.0,0.0,0.015,0.015,0.015,0.015,0.0,0.001,0.001,0.001,0.001,0.0,,,,,,4096,32,32,16,1,4096,4,0,384,False,AttentionBackend.FLASH_ATTENTION
0.0,0.0,0.0,0.0,0.0,0.019,0.019,0.019,0.019,0.0,0.001,0.001,0.001,0.001,0.0,,,,,,4096,32,32,16,1,4096,5,0,384,False,AttentionBackend.FLASH_ATTENTION
0.0,0.0,0.0,0.0,0.0,0.02,0.02,0.02,0.02,0.0,0.001,0.001,0.001,0.001,0.0,,,,,,4096,32,32,16,1,4096,6,0,384,False,AttentionBackend.FLASH_ATTENTION
0.0,0.0,0.0,0.0,0.0,0.02,0.021,0.0206,0.021,0.000489897948556636,0.001,0.001,0.001,0.001,0.0,,,,,,4096,32,32,16,1,4096,7,0,384,False,AttentionBackend.FLASH_ATTENTION
0.0,0.0,0.0,0.0,0.0,0.023,0.024,0.023799999999999998,0.024,0.00040000000000000034,0.001,0.001,0.001,0.001,0.0,,,,,,4096,32,32,16,1,4096,8,0,384,False,AttentionBackend.FLASH_ATTENTION
0.0,0.0,0.0,0.0,0.0,0.009000000000000001,0.01,0.0098,0.01,0.0003999999999999997,0.001,0.001,0.001,0.001,0.0,,,,,,4096,32,32,16,1,4096,1,0,416,False,AttentionBackend.FLASH_ATTENTION
0.0,0.0,0.0,0.0,0.0,0.012,0.012,0.012,0.012,0.0,0.001,0.001,0.001,0.001,0.0,,,,,,4096,32,32,16,1,4096,2,0,416,False,AttentionBackend.FLASH_ATTENTION
0.0,0.0,0.0,0.0,0.0,0.018000000000000002,0.019,0.018400000000000003,0.018000000000000002,0.0004898979485566344,0.001,0.001,0.001,0.001,0.0,,,,,,4096,32,32,16,1,4096,3,0,416,False,AttentionBackend.FLASH_ATTENTION
0.0,0.0,0.0,0.0,0.0,0.015,0.015,0.015,0.015,0.0,0.001,0.001,0.001,0.001,0.0,,,,,,4096,32,32,16,1,4096,4,0,416,False,AttentionBackend.FLASH_ATTENTION
0.0,0.0,0.0,0.0,0.0,0.02,0.02,0.02,0.02,0.0,0.001,0.001,0.001,0.001,0.0,,,,,,4096,32,32,16,1,4096,5,0,416,False,AttentionBackend.FLASH_ATTENTION
0.0,0.0,0.0,0.0,0.0,0.02,0.02,0.02,0.02,0.0,0.001,0.001,0.001,0.001,0.0,,,,,,4096,32,32,16,1,4096,6,0,416,False,AttentionBackend.FLASH_ATTENTION
0.0,0.0,0.0,0.0,0.0,0.022,0.023,0.022199999999999998,0.022,0.00040000000000000034,0.001,0.001,0.001,0.001,0.0,,,,,,4096,32,32,16,1,4096,7,0,416,False,AttentionBackend.FLASH_ATTENTION
0.0,0.0,0.0,0.0,0.0,0.025,0.026000000000000002,0.0256,0.026000000000000002,0.000489897948556636,0.001,0.001,0.001,0.001,0.0,,,,,,4096,32,32,16,1,4096,8,0,416,False,AttentionBackend.FLASH_ATTENTION
0.0,0.0,0.0,0.0,0.0,0.009000000000000001,0.01,0.009600000000000001,0.01,0.0004898979485566351,0.001,0.001,0.001,0.001,0.0,,,,,,4096,32,32,16,1,4096,1,0,448,False,AttentionBackend.FLASH_ATTENTION
0.0,0.0,0.0,0.0,0.0,0.012,0.012,0.012,0.012,0.0,0.001,0.001,0.001,0.001,0.0,,,,,,4096,32,32,16,1,4096,2,0,448,False,AttentionBackend.FLASH_ATTENTION
0.0,0.0,0.0,0.0,0.0,0.017,0.019,0.0182,0.018000000000000002,0.0007483314773547874,0.001,0.001,0.001,0.001,0.0,,,,,,4096,32,32,16,1,4096,3,0,448,False,AttentionBackend.FLASH_ATTENTION
0.0,0.0,0.0,0.0,0.0,0.015,0.016,0.0152,0.015,0.00040000000000000034,0.001,0.001,0.001,0.001,0.0,,,,,,4096,32,32,16,1,4096,4,0,448,False,AttentionBackend.FLASH_ATTENTION
0.0,0.0,0.0,0.0,0.0,0.019,0.02,0.0196,0.02,0.000489897948556636,0.001,0.001,0.001,0.001,0.0,,,,,,4096,32,32,16,1,4096,5,0,448,False,AttentionBackend.FLASH_ATTENTION
0.0,0.0,0.0,0.0,0.0,0.02,0.021,0.0206,0.021,0.000489897948556636,0.001,0.001,0.001,0.001,0.0,,,,,,4096,32,32,16,1,4096,6,0,448,False,AttentionBackend.FLASH_ATTENTION
0.0,0.0,0.0,0.0,0.0,0.023,0.024,0.023399999999999997,0.023,0.000489897948556636,0.001,0.001,0.001,0.001,0.0,,,,,,4096,32,32,16,1,4096,7,0,448,False,AttentionBackend.FLASH_ATTENTION
0.0,0.0,0.0,0.0,0.0,0.025,0.027,0.026000000000000002,0.026000000000000002,0.0006324555320336754,0.001,0.001,0.001,0.001,0.0,,,,,,4096,32,32,16,1,4096,8,0,448,False,AttentionBackend.FLASH_ATTENTION
0.0,0.0,0.0,0.0,0.0,0.009000000000000001,0.01,0.009400000000000002,0.009000000000000001,0.0004898979485566352,0.001,0.001,0.001,0.001,0.0,,,,,,4096,32,32,16,1,4096,1,0,480,False,AttentionBackend.FLASH_ATTENTION
0.0,0.0,0.0,0.0,0.0,0.012,0.012,0.012,0.012,0.0,0.001,0.001,0.001,0.001,0.0,,,,,,4096,32,32,16,1,4096,2,0,480,False,AttentionBackend.FLASH_ATTENTION
0.0,0.0,0.0,0.0,0.0,0.018000000000000002,0.019,0.018600000000000002,0.019,0.0004898979485566344,0.001,0.001,0.001,0.001,0.0,,,,,,4096,32,32,16,1,4096,3,0,480,False,AttentionBackend.FLASH_ATTENTION
0.0,0.0,0.0,0.0,0.0,0.015,0.015,0.015,0.015,0.0,0.001,0.001,0.001,0.001,0.0,,,,,,4096,32,32,16,1,4096,4,0,480,False,AttentionBackend.FLASH_ATTENTION
0.0,0.0,0.0,0.0,0.0,0.02,0.02,0.02,0.02,0.0,0.001,0.001,0.001,0.001,0.0,,,,,,4096,32,32,16,1,4096,5,0,480,False,AttentionBackend.FLASH_ATTENTION
0.0,0.0,0.0,0.0,0.0,0.021,0.022,0.021799999999999996,0.022,0.00039999999999999893,0.001,0.001,0.001,0.001,0.0,,,,,,4096,32,32,16,1,4096,6,0,480,False,AttentionBackend.FLASH_ATTENTION
0.0,0.0,0.0,0.0,0.0,0.025,0.025,0.025,0.025,0.0,0.001,0.001,0.001,0.001,0.0,,,,,,4096,32,32,16,1,4096,7,0,480,False,AttentionBackend.FLASH_ATTENTION
0.0,0.0,0.0,0.0,0.0,0.027,0.028,0.0274,0.027,0.000489897948556636,0.001,0.001,0.001,0.001,0.0,,,,,,4096,32,32,16,1,4096,8,0,480,False,AttentionBackend.FLASH_ATTENTION
0.0,0.0,0.0,0.0,0.0,0.011,0.011,0.011,0.011,0.0,0.001,0.001,0.001,0.001,0.0,,,,,,4096,32,32,16,1,4096,1,0,512,False,AttentionBackend.FLASH_ATTENTION
0.0,0.0,0.0,0.0,0.0,0.013000000000000001,0.013000000000000001,0.013000000000000001,0.013000000000000001,0.0,0.001,0.001,0.001,0.001,0.0,,,,,,4096,32,32,16,1,4096,2,0,512,False,AttentionBackend.FLASH_ATTENTION
0.0,0.0,0.0,0.0,0.0,0.019,0.019,0.019,0.019,0.0,0.001,0.001,0.001,0.001,0.0,,,,,,4096,32,32,16,1,4096,3,0,512,False,AttentionBackend.FLASH_ATTENTION
0.0,0.0,0.0,0.0,0.0,0.017,0.018000000000000002,0.0172,0.017,0.00040000000000000034,0.001,0.001,0.001,0.001,0.0,,,,,,4096,32,32,16,1,4096,4,0,512,False,AttentionBackend.FLASH_ATTENTION
0.0,0.0,0.0,0.0,0.0,0.023,0.024,0.023799999999999998,0.024,0.00040000000000000034,0.001,0.001,0.001,0.001,0.0,,,,,,4096,32,32,16,1,4096,5,0,512,False,AttentionBackend.FLASH_ATTENTION
0.0,0.0,0.0,0.0,0.0,0.024,0.024,0.024,0.024,0.0,0.001,0.001,0.001,0.001,0.0,,,,,,4096,32,32,16,1,4096,6,0,512,False,AttentionBackend.FLASH_ATTENTION
0.0,0.0,0.0,0.0,0.0,0.027,0.028,0.027600000000000003,0.028,0.000489897948556636,0.001,0.001,0.001,0.001,0.0,,,,,,4096,32,32,16,1,4096,7,0,512,False,AttentionBackend.FLASH_ATTENTION
0.0,0.0,0.0,0.0,0.0,0.031,0.032,0.0312,0.031,0.00040000000000000034,0.001,0.001,0.001,0.001,0.0,,,,,,4096,32,32,16,1,4096,8,0,512,False,AttentionBackend.FLASH_ATTENTION
0.0,0.0,0.0,0.0,0.0,0.011,0.011,0.011,0.011,0.0,0.001,0.001,0.001,0.001,0.0,,,,,,4096,32,32,16,1,4096,1,0,544,False,AttentionBackend.FLASH_ATTENTION
0.0,0.0,0.0,0.0,0.0,0.013000000000000001,0.013000000000000001,0.013000000000000001,0.013000000000000001,0.0,0.001,0.001,0.001,0.001,0.0,,,,,,4096,32,32,16,1,4096,2,0,544,False,AttentionBackend.FLASH_ATTENTION
0.0,0.0,0.0,0.0,0.0,0.019,0.019,0.019,0.019,0.0,0.001,0.001,0.001,0.001,0.0,,,,,,4096,32,32,16,1,4096,3,0,544,False,AttentionBackend.FLASH_ATTENTION
0.0,0.0,0.0,0.0,0.0,0.017,0.017,0.017,0.017,0.0,0.001,0.001,0.001,0.001,0.0,,,,,,4096,32,32,16,1,4096,4,0,544,False,AttentionBackend.FLASH_ATTENTION
0.0,0.0,0.0,0.0,0.0,0.023,0.024,0.0232,0.023,0.00040000000000000034,0.001,0.001,0.001,0.001,0.0,,,,,,4096,32,32,16,1,4096,5,0,544,False,AttentionBackend.FLASH_ATTENTION
0.0,0.0,0.0,0.0,0.0,0.025,0.026000000000000002,0.0254,0.025,0.000489897948556636,0.001,0.001,0.001,0.001,0.0,,,,,,4096,32,32,16,1,4096,6,0,544,False,AttentionBackend.FLASH_ATTENTION
0.0,0.0,0.0,0.0,0.0,0.029,0.029,0.029000000000000005,0.029,3.469446951953614e-18,0.001,0.001,0.001,0.001,0.0,,,,,,4096,32,32,16,1,4096,7,0,544,False,AttentionBackend.FLASH_ATTENTION
0.0,0.0,0.0,0.0,0.0,0.032,0.033,0.0322,0.032,0.00040000000000000034,0.001,0.001,0.001,0.001,0.0,,,,,,4096,32,32,16,1,4096,8,0,544,False,AttentionBackend.FLASH_ATTENTION
0.0,0.0,0.0,0.0,0.0,0.011,0.012,0.011199999999999998,0.011,0.00040000000000000034,0.001,0.001,0.001,0.001,0.0,,,,,,4096,32,32,16,1,4096,1,0,576,False,AttentionBackend.FLASH_ATTENTION
0.0,0.0,0.0,0.0,0.0,0.013000000000000001,0.013000000000000001,0.013000000000000001,0.013000000000000001,0.0,0.001,0.001,0.001,0.001,0.0,,,,,,4096,32,32,16,1,4096,2,0,576,False,AttentionBackend.FLASH_ATTENTION
0.0,0.0,0.0,0.0,0.0,0.019,0.02,0.019200000000000002,0.019,0.00040000000000000034,0.001,0.001,0.001,0.001,0.0,,,,,,4096,32,32,16,1,4096,3,0,576,False,AttentionBackend.FLASH_ATTENTION
0.0,0.0,0.0,0.0,0.0,0.018000000000000002,0.018000000000000002,0.018000000000000002,0.018000000000000002,0.0,0.001,0.001,0.001,0.001,0.0,,,,,,4096,32,32,16,1,4096,4,0,576,False,AttentionBackend.FLASH_ATTENTION
0.0,0.0,0.0,0.0,0.0,0.024,0.024,0.024,0.024,0.0,0.001,0.001,0.001,0.001,0.0,,,,,,4096,32,32,16,1,4096,5,0,576,False,AttentionBackend.FLASH_ATTENTION
0.0,0.0,0.0,0.0,0.0,0.026000000000000002,0.026000000000000002,0.026000000000000002,0.026000000000000002,0.0,0.001,0.001,0.001,0.001,0.0,,,,,,4096,32,32,16,1,4096,6,0,576,False,AttentionBackend.FLASH_ATTENTION
0.0,0.0,0.0,0.0,0.0,0.029,0.029,0.029000000000000005,0.029,3.469446951953614e-18,0.001,0.001,0.001,0.001,0.0,,,,,,4096,32,32,16,1,4096,7,0,576,False,AttentionBackend.FLASH_ATTENTION
0.0,0.0,0.0,0.0,0.0,0.032,0.032,0.032,0.032,0.0,0.001,0.001,0.001,0.001,0.0,,,,,,4096,32,32,16,1,4096,8,0,576,False,AttentionBackend.FLASH_ATTENTION
0.0,0.0,0.0,0.0,0.0,0.011,0.011,0.011,0.011,0.0,0.001,0.001,0.001,0.001,0.0,,,,,,4096,32,32,16,1,4096,1,0,608,False,AttentionBackend.FLASH_ATTENTION
0.0,0.0,0.0,0.0,0.0,0.013000000000000001,0.013000000000000001,0.013000000000000001,0.013000000000000001,0.0,0.001,0.001,0.001,0.001,0.0,,,,,,4096,32,32,16,1,4096,2,0,608,False,AttentionBackend.FLASH_ATTENTION
0.0,0.0,0.0,0.0,0.0,0.019,0.02,0.0194,0.019,0.000489897948556636,0.001,0.001,0.001,0.001,0.0,,,,,,4096,32,32,16,1,4096,3,0,608,False,AttentionBackend.FLASH_ATTENTION
0.0,0.0,0.0,0.0,0.0,0.018000000000000002,0.019,0.0182,0.018000000000000002,0.00039999999999999893,0.001,0.001,0.001,0.001,0.0,,,,,,4096,32,32,16,1,4096,4,0,608,False,AttentionBackend.FLASH_ATTENTION
0.0,0.0,0.0,0.0,0.0,0.024,0.024,0.024,0.024,0.0,0.001,0.001,0.001,0.001,0.0,,,,,,4096,32,32,16,1,4096,5,0,608,False,AttentionBackend.FLASH_ATTENTION
0.0,0.0,0.0,0.0,0.0,0.027,0.028,0.027200000000000002,0.027,0.00040000000000000034,0.001,0.001,0.001,0.001,0.0,,,,,,4096,32,32,16,1,4096,6,0,608,False,AttentionBackend.FLASH_ATTENTION
0.0,0.0,0.0,0.0,0.0,0.029,0.03,0.0298,0.03,0.00039999999999999893,0.001,0.001,0.001,0.001,0.0,,,,,,4096,32,32,16,1,4096,7,0,608,False,AttentionBackend.FLASH_ATTENTION
0.0,0.0,0.0,0.0,0.0,0.032,0.033,0.0322,0.032,0.00040000000000000034,0.001,0.001,0.001,0.001,0.0,,,,,,4096,32,32,16,1,4096,8,0,608,False,AttentionBackend.FLASH_ATTENTION
0.0,0.0,0.0,0.0,0.0,0.012,0.012,0.012,0.012,0.0,0.001,0.001,0.001,0.001,0.0,,,,,,4096,32,32,16,1,4096,1,0,640,False,AttentionBackend.FLASH_ATTENTION
0.0,0.0,0.0,0.0,0.0,0.014,0.015,0.014199999999999999,0.014,0.00039999999999999964,0.001,0.001,0.001,0.001,0.0,,,,,,4096,32,32,16,1,4096,2,0,640,False,AttentionBackend.FLASH_ATTENTION
0.0,0.0,0.0,0.0,0.0,0.023,0.024,0.0236,0.024,0.000489897948556636,0.001,0.001,0.001,0.001,0.0,,,,,,4096,32,32,16,1,4096,3,0,640,False,AttentionBackend.FLASH_ATTENTION
0.0,0.0,0.0,0.0,0.0,0.02,0.021,0.0204,0.02,0.000489897948556636,0.001,0.001,0.001,0.001,0.0,,,,,,4096,32,32,16,1,4096,4,0,640,False,AttentionBackend.FLASH_ATTENTION
0.0,0.0,0.0,0.0,0.0,0.027,0.028,0.0274,0.027,0.000489897948556636,0.001,0.001,0.001,0.001,0.0,,,,,,4096,32,32,16,1,4096,5,0,640,False,AttentionBackend.FLASH_ATTENTION
0.0,0.0,0.0,0.0,0.0,0.03,0.031,0.030199999999999998,0.03,0.00040000000000000034,0.001,0.001,0.001,0.001,0.0,,,,,,4096,32,32,16,1,4096,6,0,640,False,AttentionBackend.FLASH_ATTENTION
0.0,0.0,0.0,0.0,0.0,0.033,0.034,0.0332,0.033,0.00040000000000000034,0.001,0.001,0.001,0.001,0.0,,,,,,4096,32,32,16,1,4096,7,0,640,False,AttentionBackend.FLASH_ATTENTION
0.0,0.0,0.0,0.0,0.0,0.036000000000000004,0.037,0.0364,0.036000000000000004,0.0004898979485566326,0.001,0.001,0.001,0.001,0.0,,,,,,4096,32,32,16,1,4096,8,0,640,False,AttentionBackend.FLASH_ATTENTION
0.0,0.0,0.0,0.0,0.0,0.012,0.012,0.012,0.012,0.0,0.001,0.001,0.001,0.001,0.0,,,,,,4096,32,32,16,1,4096,1,0,672,False,AttentionBackend.FLASH_ATTENTION
0.0,0.0,0.0,0.0,0.0,0.014,0.014,0.014000000000000002,0.014,1.734723475976807e-18,0.001,0.001,0.001,0.001,0.0,,,,,,4096,32,32,16,1,4096,2,0,672,False,AttentionBackend.FLASH_ATTENTION
0.0,0.0,0.0,0.0,0.0,0.024,0.024,0.024,0.024,0.0,0.001,0.001,0.001,0.001,0.0,,,,,,4096,32,32,16,1,4096,3,0,672,False,AttentionBackend.FLASH_ATTENTION
0.0,0.0,0.0,0.0,0.0,0.021,0.022,0.021400000000000002,0.021,0.0004898979485566344,0.001,0.001,0.001,0.001,0.0,,,,,,4096,32,32,16,1,4096,4,0,672,False,AttentionBackend.FLASH_ATTENTION
0.0,0.0,0.0,0.0,0.0,0.028,0.028,0.028000000000000004,0.028,3.469446951953614e-18,0.001,0.001,0.001,0.001,0.0,,,,,,4096,32,32,16,1,4096,5,0,672,False,AttentionBackend.FLASH_ATTENTION
0.0,0.0,0.0,0.0,0.0,0.03,0.031,0.0304,0.03,0.000489897948556636,0.001,0.001,0.001,0.001,0.0,,,,,,4096,32,32,16,1,4096,6,0,672,False,AttentionBackend.FLASH_ATTENTION
0.0,0.0,0.0,0.0,0.0,0.033,0.034,0.033800000000000004,0.034,0.00040000000000000034,0.001,0.001,0.001,0.001,0.0,,,,,,4096,32,32,16,1,4096,7,0,672,False,AttentionBackend.FLASH_ATTENTION
0.0,0.0,0.0,0.0,0.0,0.036000000000000004,0.037,0.036800000000000006,0.037,0.00039999999999999763,0.001,0.001,0.001,0.001,0.0,,,,,,4096,32,32,16,1,4096,8,0,672,False,AttentionBackend.FLASH_ATTENTION
0.0,0.0,0.0,0.0,0.0,0.012,0.012,0.012,0.012,0.0,0.001,0.001,0.001,0.001,0.0,,,,,,4096,32,32,16,1,4096,1,0,704,False,AttentionBackend.FLASH_ATTENTION
0.0,0.0,0.0,0.0,0.0,0.015,0.015,0.015,0.015,0.0,0.001,0.001,0.001,0.001,0.0,,,,,,4096,32,32,16,1,4096,2,0,704,False,AttentionBackend.FLASH_ATTENTION
0.0,0.0,0.0,0.0,0.0,0.024,0.025,0.0242,0.024,0.00040000000000000034,0.001,0.001,0.001,0.001,0.0,,,,,,4096,32,32,16,1,4096,3,0,704,False,AttentionBackend.FLASH_ATTENTION
0.0,0.0,0.0,0.0,0.0,0.021,0.022,0.0212,0.021,0.00039999999999999893,0.001,0.001,0.001,0.001,0.0,,,,,,4096,32,32,16,1,4096,4,0,704,False,AttentionBackend.FLASH_ATTENTION
0.0,0.0,0.0,0.0,0.0,0.028,0.029,0.028200000000000003,0.028,0.00040000000000000034,0.001,0.001,0.001,0.001,0.0,,,,,,4096,32,32,16,1,4096,5,0,704,False,AttentionBackend.FLASH_ATTENTION
0.0,0.0,0.0,0.0,0.0,0.03,0.032,0.031,0.031,0.0006324555320336764,0.001,0.001,0.001,0.001,0.0,,,,,,4096,32,32,16,1,4096,6,0,704,False,AttentionBackend.FLASH_ATTENTION
0.0,0.0,0.0,0.0,0.0,0.034,0.034,0.034,0.034,0.0,0.001,0.001,0.001,0.001,0.0,,,,,,4096,32,32,16,1,4096,7,0,704,False,AttentionBackend.FLASH_ATTENTION
0.0,0.0,0.0,0.0,0.0,0.037,0.038,0.0372,0.037,0.00040000000000000034,0.001,0.001,0.001,0.001,0.0,,,,,,4096,32,32,16,1,4096,8,0,704,False,AttentionBackend.FLASH_ATTENTION
0.0,0.0,0.0,0.0,0.0,0.012,0.012,0.012,0.012,0.0,0.001,0.001,0.001,0.001,0.0,,,,,,4096,32,32,16,1,4096,1,0,736,False,AttentionBackend.FLASH_ATTENTION
0.0,0.0,0.0,0.0,0.0,0.015,0.015,0.015,0.015,0.0,0.001,0.001,0.001,0.001,0.0,,,,,,4096,32,32,16,1,4096,2,0,736,False,AttentionBackend.FLASH_ATTENTION
0.0,0.0,0.0,0.0,0.0,0.024,0.025,0.024399999999999998,0.024,0.000489897948556636,0.001,0.001,0.001,0.001,0.0,,,,,,4096,32,32,16,1,4096,3,0,736,False,AttentionBackend.FLASH_ATTENTION
0.0,0.0,0.0,0.0,0.0,0.022,0.023,0.022399999999999996,0.022,0.000489897948556636,0.001,0.001,0.001,0.001,0.0,,,,,,4096,32,32,16,1,4096,4,0,736,False,AttentionBackend.FLASH_ATTENTION
0.0,0.0,0.0,0.0,0.0,0.028,0.029,0.028600000000000004,0.029,0.000489897948556636,0.001,0.001,0.001,0.001,0.0,,,,,,4096,32,32,16,1,4096,5,0,736,False,AttentionBackend.FLASH_ATTENTION
0.0,0.0,0.0,0.0,0.0,0.031,0.032,0.0314,0.031,0.000489897948556636,0.001,0.001,0.001,0.001,0.0,,,,,,4096,32,32,16,1,4096,6,0,736,False,AttentionBackend.FLASH_ATTENTION
0.0,0.0,0.0,0.0,0.0,0.034,0.035,0.034600000000000006,0.035,0.000489897948556636,0.001,0.001,0.001,0.001,0.0,,,,,,4096,32,32,16,1,4096,7,0,736,False,AttentionBackend.FLASH_ATTENTION
0.0,0.0,0.0,0.0,0.0,0.038,0.039,0.038400000000000004,0.038,0.000489897948556636,0.001,0.001,0.001,0.001,0.0,,,,,,4096,32,32,16,1,4096,8,0,736,False,AttentionBackend.FLASH_ATTENTION
0.0,0.0,0.0,0.0,0.0,0.011,0.012,0.011399999999999999,0.011,0.0004898979485566361,0.001,0.001,0.001,0.001,0.0,,,,,,4096,32,32,16,1,4096,1,0,768,False,AttentionBackend.FLASH_ATTENTION
0.0,0.0,0.0,0.0,0.0,0.016,0.016,0.016,0.016,0.0,0.001,0.001,0.001,0.001,0.0,,,,,,4096,32,32,16,1,4096,2,0,768,False,AttentionBackend.FLASH_ATTENTION
0.0,0.0,0.0,0.0,0.0,0.023,0.025,0.023799999999999998,0.024,0.0007483314773547889,0.001,0.001,0.001,0.001,0.0,,,,,,4096,32,32,16,1,4096,3,0,768,False,AttentionBackend.FLASH_ATTENTION
0.0,0.0,0.0,0.0,0.0,0.024,0.024,0.024,0.024,0.0,0.001,0.001,0.001,0.001,0.0,,,,,,4096,32,32,16,1,4096,4,0,768,False,AttentionBackend.FLASH_ATTENTION
0.0,0.0,0.0,0.0,0.0,0.031,0.032,0.0312,0.031,0.00040000000000000034,0.001,0.001,0.001,0.001,0.0,,,,,,4096,32,32,16,1,4096,5,0,768,False,AttentionBackend.FLASH_ATTENTION
0.0,0.0,0.0,0.0,0.0,0.034,0.034,0.034,0.034,0.0,0.001,0.001,0.001,0.001,0.0,,,,,,4096,32,32,16,1,4096,6,0,768,False,AttentionBackend.FLASH_ATTENTION
0.0,0.0,0.0,0.0,0.0,0.038,0.039,0.0382,0.038,0.00040000000000000034,0.001,0.001,0.001,0.001,0.0,,,,,,4096,32,32,16,1,4096,7,0,768,False,AttentionBackend.FLASH_ATTENTION
0.0,0.0,0.0,0.0,0.0,0.041,0.042,0.041800000000000004,0.042,0.00040000000000000034,0.001,0.001,0.001,0.001,0.0,,,,,,4096,32,32,16,1,4096,8,0,768,False,AttentionBackend.FLASH_ATTENTION
0.0,0.0,0.0,0.0,0.0,0.011,0.012,0.0116,0.012,0.000489897948556636,0.001,0.001,0.001,0.001,0.0,,,,,,4096,32,32,16,1,4096,1,0,800,False,AttentionBackend.FLASH_ATTENTION
0.0,0.0,0.0,0.0,0.0,0.015,0.016,0.0156,0.016,0.000489897948556636,0.001,0.001,0.001,0.001,0.0,,,,,,4096,32,32,16,1,4096,2,0,800,False,AttentionBackend.FLASH_ATTENTION
0.0,0.0,0.0,0.0,0.0,0.023,0.025,0.024,0.024,0.0006324555320336764,0.001,0.001,0.001,0.001,0.0,,,,,,4096,32,32,16,1,4096,3,0,800,False,AttentionBackend.FLASH_ATTENTION
0.0,0.0,0.0,0.0,0.0,0.025,0.027,0.0258,0.026000000000000002,0.0007483314773547878,0.001,0.001,0.001,0.001,0.0,,,,,,4096,32,32,16,1,4096,4,0,800,False,AttentionBackend.FLASH_ATTENTION
0.0,0.0,0.0,0.0,0.0,0.032,0.032,0.032,0.032,0.0,0.001,0.001,0.001,0.001,0.0,,,,,,4096,32,32,16,1,4096,5,0,800,False,AttentionBackend.FLASH_ATTENTION
0.0,0.0,0.0,0.0,0.0,0.035,0.035,0.035,0.035,0.0,0.001,0.001,0.001,0.001,0.0,,,,,,4096,32,32,16,1,4096,6,0,800,False,AttentionBackend.FLASH_ATTENTION
0.0,0.0,0.0,0.0,0.0,0.037,0.038,0.0378,0.038,0.00040000000000000034,0.001,0.001,0.001,0.001,0.0,,,,,,4096,32,32,16,1,4096,7,0,800,False,AttentionBackend.FLASH_ATTENTION
0.0,0.0,0.0,0.0,0.0,0.042,0.043000000000000003,0.0422,0.042,0.00040000000000000034,0.001,0.001,0.001,0.001,0.0,,,,,,4096,32,32,16,1,4096,8,0,800,False,AttentionBackend.FLASH_ATTENTION
0.0,0.0,0.0,0.0,0.0,0.011,0.012,0.011199999999999998,0.011,0.00040000000000000034,0.001,0.001,0.001,0.001,0.0,,,,,,4096,32,32,16,1,4096,1,0,832,False,AttentionBackend.FLASH_ATTENTION
0.0,0.0,0.0,0.0,0.0,0.015,0.016,0.0156,0.016,0.000489897948556636,0.001,0.001,0.001,0.001,0.0,,,,,,4096,32,32,16,1,4096,2,0,832,False,AttentionBackend.FLASH_ATTENTION
0.0,0.0,0.0,0.0,0.0,0.023,0.025,0.024399999999999998,0.025,0.0008000000000000007,0.001,0.001,0.001,0.001,0.0,,,,,,4096,32,32,16,1,4096,3,0,832,False,AttentionBackend.FLASH_ATTENTION
0.0,0.0,0.0,0.0,0.0,0.025,0.026000000000000002,0.0258,0.026000000000000002,0.00040000000000000034,0.001,0.001,0.001,0.001,0.0,,,,,,4096,32,32,16,1,4096,4,0,832,False,AttentionBackend.FLASH_ATTENTION
0.0,0.0,0.0,0.0,0.0,0.032,0.033,0.0324,0.032,0.000489897948556636,0.001,0.001,0.001,0.001,0.0,,,,,,4096,32,32,16,1,4096,5,0,832,False,AttentionBackend.FLASH_ATTENTION
0.0,0.0,0.0,0.0,0.0,0.035,0.036000000000000004,0.03560000000000001,0.036000000000000004,0.000489897948556636,0.001,0.001,0.001,0.001,0.0,,,,,,4096,32,32,16,1,4096,6,0,832,False,AttentionBackend.FLASH_ATTENTION
0.0,0.0,0.0,0.0,0.0,0.039,0.04,0.039400000000000004,0.039,0.000489897948556636,0.001,0.001,0.001,0.001,0.0,,,,,,4096,32,32,16,1,4096,7,0,832,False,AttentionBackend.FLASH_ATTENTION
0.0,0.0,0.0,0.0,0.0,0.042,0.044,0.043,0.043000000000000003,0.0006324555320336743,0.001,0.001,0.001,0.001,0.0,,,,,,4096,32,32,16,1,4096,8,0,832,False,AttentionBackend.FLASH_ATTENTION
0.0,0.0,0.0,0.0,0.0,0.011,0.012,0.011399999999999999,0.011,0.0004898979485566361,0.001,0.001,0.001,0.001,0.0,,,,,,4096,32,32,16,1,4096,1,0,864,False,AttentionBackend.FLASH_ATTENTION
0.0,0.0,0.0,0.0,0.0,0.015,0.016,0.0158,0.016,0.00040000000000000034,0.001,0.001,0.001,0.001,0.0,,,,,,4096,32,32,16,1,4096,2,0,864,False,AttentionBackend.FLASH_ATTENTION
0.0,0.0,0.0,0.0,0.0,0.024,0.025,0.0246,0.025,0.000489897948556636,0.001,0.001,0.001,0.001,0.0,,,,,,4096,32,32,16,1,4096,3,0,864,False,AttentionBackend.FLASH_ATTENTION
0.0,0.0,0.0,0.0,0.0,0.025,0.026000000000000002,0.0256,0.026000000000000002,0.000489897948556636,0.001,0.001,0.001,0.001,0.0,,,,,,4096,32,32,16,1,4096,4,0,864,False,AttentionBackend.FLASH_ATTENTION
0.0,0.0,0.0,0.0,0.0,0.032,0.033,0.032600000000000004,0.033,0.000489897948556636,0.001,0.001,0.001,0.001,0.0,,,,,,4096,32,32,16,1,4096,5,0,864,False,AttentionBackend.FLASH_ATTENTION
0.0,0.0,0.0,0.0,0.0,0.035,0.036000000000000004,0.035800000000000005,0.036000000000000004,0.00040000000000000034,0.001,0.001,0.001,0.001,0.0,,,,,,4096,32,32,16,1,4096,6,0,864,False,AttentionBackend.FLASH_ATTENTION
0.0,0.0,0.0,0.0,0.0,0.039,0.04,0.0392,0.039,0.00040000000000000034,0.001,0.001,0.001,0.001,0.0,,,,,,4096,32,32,16,1,4096,7,0,864,False,AttentionBackend.FLASH_ATTENTION
0.0,0.0,0.0,0.0,0.0,0.043000000000000003,0.044,0.04340000000000001,0.043000000000000003,0.0004898979485566326,0.001,0.001,0.001,0.001,0.0,,,,,,4096,32,32,16,1,4096,8,0,864,False,AttentionBackend.FLASH_ATTENTION
0.0,0.0,0.0,0.0,0.0,0.012,0.013000000000000001,0.0128,0.013000000000000001,0.00040000000000000034,0.001,0.001,0.001,0.001,0.0,,,,,,4096,32,32,16,1,4096,1,0,896,False,AttentionBackend.FLASH_ATTENTION
0.0,0.0,0.0,0.0,0.0,0.017,0.017,0.017,0.017,0.0,0.001,0.001,0.001,0.001,0.0,,,,,,4096,32,32,16,1,4096,2,0,896,False,AttentionBackend.FLASH_ATTENTION
0.0,0.0,0.0,0.0,0.0,0.028,0.029,0.028600000000000004,0.029,0.000489897948556636,0.001,0.001,0.001,0.001,0.0,,,,,,4096,32,32,16,1,4096,3,0,896,False,AttentionBackend.FLASH_ATTENTION
0.0,0.0,0.0,0.0,0.0,0.028,0.03,0.029000000000000005,0.029,0.0006324555320336753,0.001,0.001,0.001,0.001,0.0,,,,,,4096,32,32,16,1,4096,4,0,896,False,AttentionBackend.FLASH_ATTENTION
0.0,0.0,0.0,0.0,0.0,0.035,0.036000000000000004,0.03560000000000001,0.036000000000000004,0.000489897948556636,0.001,0.001,0.001,0.001,0.0,,,,,,4096,32,32,16,1,4096,5,0,896,False,AttentionBackend.FLASH_ATTENTION
0.0,0.0,0.0,0.0,0.0,0.038,0.039,0.0388,0.039,0.00040000000000000034,0.001,0.001,0.001,0.001,0.0,,,,,,4096,32,32,16,1,4096,6,0,896,False,AttentionBackend.FLASH_ATTENTION
0.0,0.0,0.0,0.0,0.0,0.042,0.043000000000000003,0.04240000000000001,0.042,0.000489897948556636,0.001,0.001,0.001,0.001,0.0,,,,,,4096,32,32,16,1,4096,7,0,896,False,AttentionBackend.FLASH_ATTENTION
0.0,0.0,0.0,0.0,0.0,0.046,0.047,0.0464,0.046,0.000489897948556636,0.001,0.001,0.001,0.001,0.0,,,,,,4096,32,32,16,1,4096,8,0,896,False,AttentionBackend.FLASH_ATTENTION
0.0,0.0,0.0,0.0,0.0,0.012,0.013000000000000001,0.0128,0.013000000000000001,0.00040000000000000034,0.001,0.001,0.001,0.001,0.0,,,,,,4096,32,32,16,1,4096,1,0,928,False,AttentionBackend.FLASH_ATTENTION
0.0,0.0,0.0,0.0,0.0,0.017,0.017,0.017,0.017,0.0,0.001,0.001,0.001,0.001,0.0,,,,,,4096,32,32,16,1,4096,2,0,928,False,AttentionBackend.FLASH_ATTENTION
0.0,0.0,0.0,0.0,0.0,0.026000000000000002,0.029,0.028000000000000004,0.028,0.001095445115010332,0.001,0.001,0.001,0.001,0.0,,,,,,4096,32,32,16,1,4096,3,0,928,False,AttentionBackend.FLASH_ATTENTION
0.0,0.0,0.0,0.0,0.0,0.03,0.03,0.03,0.03,0.0,0.001,0.001,0.001,0.001,0.0,,,,,,4096,32,32,16,1,4096,4,0,928,False,AttentionBackend.FLASH_ATTENTION
0.0,0.0,0.0,0.0,0.0,0.036000000000000004,0.037,0.0364,0.036000000000000004,0.0004898979485566326,0.001,0.001,0.001,0.001,0.0,,,,,,4096,32,32,16,1,4096,5,0,928,False,AttentionBackend.FLASH_ATTENTION
0.0,0.0,0.0,0.0,0.0,0.039,0.04,0.039400000000000004,0.039,0.000489897948556636,0.001,0.001,0.001,0.001,0.0,,,,,,4096,32,32,16,1,4096,6,0,928,False,AttentionBackend.FLASH_ATTENTION
0.0,0.0,0.0,0.0,0.0,0.043000000000000003,0.044,0.043399999999999994,0.043000000000000003,0.0004898979485566326,0.001,0.001,0.001,0.001,0.0,,,,,,4096,32,32,16,1,4096,7,0,928,False,AttentionBackend.FLASH_ATTENTION
0.0,0.0,0.0,0.0,0.0,0.047,0.048,0.047599999999999996,0.048,0.000489897948556636,0.001,0.001,0.001,0.001,0.0,,,,,,4096,32,32,16,1,4096,8,0,928,False,AttentionBackend.FLASH_ATTENTION
0.0,0.0,0.0,0.0,0.0,0.012,0.013000000000000001,0.0126,0.013000000000000001,0.000489897948556636,0.001,0.001,0.001,0.001,0.0,,,,,,4096,32,32,16,1,4096,1,0,960,False,AttentionBackend.FLASH_ATTENTION
0.0,0.0,0.0,0.0,0.0,0.018000000000000002,0.018000000000000002,0.018000000000000002,0.018000000000000002,0.0,0.001,0.001,0.001,0.001,0.0,,,,,,4096,32,32,16,1,4096,2,0,960,False,AttentionBackend.FLASH_ATTENTION
0.0,0.0,0.0,0.0,0.0,0.028,0.029,0.028600000000000004,0.029,0.000489897948556636,0.001,0.001,0.001,0.001,0.0,,,,,,4096,32,32,16,1,4096,3,0,960,False,AttentionBackend.FLASH_ATTENTION
0.0,0.0,0.0,0.0,0.0,0.029,0.03,0.029599999999999998,0.03,0.0004898979485566344,0.001,0.001,0.001,0.001,0.0,,,,,,4096,32,32,16,1,4096,4,0,960,False,AttentionBackend.FLASH_ATTENTION
0.0,0.0,0.0,0.0,0.0,0.036000000000000004,0.037,0.0362,0.036000000000000004,0.0003999999999999976,0.001,0.001,0.001,0.001,0.0,,,,,,4096,32,32,16,1,4096,5,0,960,False,AttentionBackend.FLASH_ATTENTION
0.0,0.0,0.0,0.0,0.0,0.038,0.04,0.039,0.039,0.0006324555320336764,0.001,0.001,0.001,0.001,0.0,,,,,,4096,32,32,16,1,4096,6,0,960,False,AttentionBackend.FLASH_ATTENTION
0.0,0.0,0.0,0.0,0.0,0.043000000000000003,0.044,0.043399999999999994,0.043000000000000003,0.0004898979485566326,0.001,0.001,0.001,0.001,0.0,,,,,,4096,32,32,16,1,4096,7,0,960,False,AttentionBackend.FLASH_ATTENTION
0.0,0.0,0.0,0.0,0.0,0.047,0.049,0.047799999999999995,0.048,0.000748331477354789,0.001,0.001,0.001,0.001,0.0,,,,,,4096,32,32,16,1,4096,8,0,960,False,AttentionBackend.FLASH_ATTENTION
0.0,0.0,0.0,0.0,0.0,0.012,0.013000000000000001,0.0124,0.012,0.0004898979485566361,0.001,0.001,0.001,0.001,0.0,,,,,,4096,32,32,16,1,4096,1,0,992,False,AttentionBackend.FLASH_ATTENTION
0.0,0.0,0.0,0.0,0.0,0.018000000000000002,0.018000000000000002,0.018000000000000002,0.018000000000000002,0.0,0.001,0.001,0.001,0.001,0.0,,,,,,4096,32,32,16,1,4096,2,0,992,False,AttentionBackend.FLASH_ATTENTION
0.0,0.0,0.0,0.0,0.0,0.029,0.031,0.0294,0.029,0.0007999999999999993,0.001,0.001,0.001,0.001,0.0,,,,,,4096,32,32,16,1,4096,3,0,992,False,AttentionBackend.FLASH_ATTENTION
0.0,0.0,0.0,0.0,0.0,0.03,0.031,0.0304,0.03,0.000489897948556636,0.001,0.001,0.001,0.001,0.0,,,,,,4096,32,32,16,1,4096,4,0,992,False,AttentionBackend.FLASH_ATTENTION
0.0,0.0,0.0,0.0,0.0,0.036000000000000004,0.037,0.03660000000000001,0.037,0.0004898979485566326,0.001,0.001,0.001,0.001,0.0,,,,,,4096,32,32,16,1,4096,5,0,992,False,AttentionBackend.FLASH_ATTENTION
0.0,0.0,0.0,0.0,0.0,0.039,0.04,0.039400000000000004,0.039,0.000489897948556636,0.001,0.001,0.001,0.001,0.0,,,,,,4096,32,32,16,1,4096,6,0,992,False,AttentionBackend.FLASH_ATTENTION
0.0,0.0,0.0,0.0,0.0,0.043000000000000003,0.045,0.044000000000000004,0.044,0.0006324555320336743,0.001,0.001,0.001,0.001,0.0,,,,,,4096,32,32,16,1,4096,7,0,992,False,AttentionBackend.FLASH_ATTENTION
0.0,0.0,0.0,0.0,0.0,0.048,0.05,0.049,0.049,0.0006324555320336764,0.001,0.001,0.001,0.001,0.0,,,,,,4096,32,32,16,1,4096,8,0,992,False,AttentionBackend.FLASH_ATTENTION
0.0,0.0,0.0,0.0,0.0,0.014,0.014,0.014000000000000002,0.014,1.734723475976807e-18,0.001,0.001,0.001,0.001,0.0,,,,,,4096,32,32,16,1,4096,1,0,1024,False,AttentionBackend.FLASH_ATTENTION
0.0,0.0,0.0,0.0,0.0,0.018000000000000002,0.018000000000000002,0.018000000000000002,0.018000000000000002,0.0,0.001,0.001,0.001,0.001,0.0,,,,,,4096,32,32,16,1,4096,2,0,1024,False,AttentionBackend.FLASH_ATTENTION
0.0,0.0,0.0,0.0,0.0,0.028,0.029,0.028600000000000004,0.029,0.000489897948556636,0.001,0.001,0.001,0.001,0.0,,,,,,4096,32,32,16,1,4096,3,0,1024,False,AttentionBackend.FLASH_ATTENTION
0.0,0.0,0.0,0.0,0.0,0.032,0.033,0.0322,0.032,0.00040000000000000034,0.001,0.001,0.001,0.001,0.0,,,,,,4096,32,32,16,1,4096,4,0,1024,False,AttentionBackend.FLASH_ATTENTION
0.0,0.0,0.0,0.0,0.0,0.04,0.04,0.04,0.04,0.0,0.001,0.001,0.001,0.001,0.0,,,,,,4096,32,32,16,1,4096,5,0,1024,False,AttentionBackend.FLASH_ATTENTION
0.0,0.0,0.0,0.0,0.0,0.042,0.043000000000000003,0.042600000000000006,0.043000000000000003,0.000489897948556636,0.001,0.001,0.001,0.001,0.0,,,,,,4096,32,32,16,1,4096,6,0,1024,False,AttentionBackend.FLASH_ATTENTION
0.0,0.0,0.0,0.0,0.0,0.047,0.048,0.0472,0.047,0.00040000000000000034,0.001,0.001,0.001,0.001,0.0,,,,,,4096,32,32,16,1,4096,7,0,1024,False,AttentionBackend.FLASH_ATTENTION
0.0,0.0,0.0,0.0,0.0,0.052000000000000005,0.053,0.0528,0.053,0.0003999999999999976,0.001,0.001,0.001,0.001,0.0,,,,,,4096,32,32,16,1,4096,8,0,1024,False,AttentionBackend.FLASH_ATTENTION
0.0,0.0,0.0,0.0,0.0,0.014,0.014,0.014000000000000002,0.014,1.734723475976807e-18,0.001,0.001,0.001,0.001,0.0,,,,,,4096,32,32,16,1,4096,1,0,1024,False,AttentionBackend.FLASH_ATTENTION
0.0,0.0,0.0,0.0,0.0,0.018000000000000002,0.019,0.018800000000000004,0.019,0.000399999999999999,0.001,0.001,0.001,0.001,0.0,,,,,,4096,32,32,16,1,4096,2,0,1024,False,AttentionBackend.FLASH_ATTENTION
0.0,0.0,0.0,0.0,0.0,0.028,0.029,0.028200000000000003,0.028,0.00040000000000000034,0.001,0.001,0.001,0.001,0.0,,,,,,4096,32,32,16,1,4096,3,0,1024,False,AttentionBackend.FLASH_ATTENTION
0.0,0.0,0.0,0.0,0.0,0.032,0.033,0.0322,0.032,0.00040000000000000034,0.001,0.001,0.001,0.001,0.0,,,,,,4096,32,32,16,1,4096,4,0,1024,False,AttentionBackend.FLASH_ATTENTION
0.0,0.0,0.0,0.0,0.0,0.039,0.039,0.039,0.039,0.0,0.001,0.001,0.001,0.001,0.0,,,,,,4096,32,32,16,1,4096,5,0,1024,False,AttentionBackend.FLASH_ATTENTION
0.0,0.0,0.0,0.0,0.0,0.042,0.044,0.042600000000000006,0.042,0.0007999999999999983,0.001,0.001,0.001,0.001,0.0,,,,,,4096,32,32,16,1,4096,6,0,1024,False,AttentionBackend.FLASH_ATTENTION
0.0,0.0,0.0,0.0,0.0,0.047,0.049,0.048,0.048,0.0006324555320336764,0.001,0.001,0.001,0.001,0.0,,,,,,4096,32,32,16,1,4096,7,0,1024,False,AttentionBackend.FLASH_ATTENTION
0.0,0.0,0.0,0.0,0.0,0.052000000000000005,0.053,0.0524,0.052000000000000005,0.0004898979485566326,0.001,0.001,0.001,0.001,0.0,,,,,,4096,32,32,16,1,4096,8,0,1024,False,AttentionBackend.FLASH_ATTENTION
0.0,0.0,0.0,0.0,0.0,0.015,0.016,0.0152,0.015,0.00040000000000000034,0.001,0.001,0.001,0.001,0.0,,,,,,4096,32,32,16,1,4096,1,0,1088,False,AttentionBackend.FLASH_ATTENTION
0.0,0.0,0.0,0.0,0.0,0.019,0.019,0.019,0.019,0.0,0.001,0.001,0.001,0.001,0.0,,,,,,4096,32,32,16,1,4096,2,0,1088,False,AttentionBackend.FLASH_ATTENTION
0.0,0.0,0.0,0.0,0.0,0.029,0.03,0.029199999999999997,0.029,0.000399999999999999,0.001,0.001,0.001,0.001,0.0,,,,,,4096,32,32,16,1,4096,3,0,1088,False,AttentionBackend.FLASH_ATTENTION
0.0,0.0,0.0,0.0,0.0,0.032,0.034,0.0328,0.033,0.000748331477354789,0.001,0.001,0.001,0.001,0.0,,,,,,4096,32,32,16,1,4096,4,0,1088,False,AttentionBackend.FLASH_ATTENTION
0.0,0.0,0.0,0.0,0.0,0.04,0.041,0.0402,0.04,0.00040000000000000034,0.001,0.001,0.001,0.001,0.0,,,,,,4096,32,32,16,1,4096,5,0,1088,False,AttentionBackend.FLASH_ATTENTION
0.0,0.0,0.0,0.0,0.0,0.042,0.043000000000000003,0.042800000000000005,0.043000000000000003,0.00040000000000000034,0.001,0.001,0.001,0.001,0.0,,,,,,4096,32,32,16,1,4096,6,0,1088,False,AttentionBackend.FLASH_ATTENTION
0.0,0.0,0.0,0.0,0.0,0.048,0.049,0.0484,0.048,0.000489897948556636,0.001,0.001,0.001,0.001,0.0,,,,,,4096,32,32,16,1,4096,7,0,1088,False,AttentionBackend.FLASH_ATTENTION
0.0,0.0,0.0,0.0,0.0,0.053,0.054,0.053200000000000004,0.053,0.00040000000000000034,0.001,0.001,0.001,0.001,0.0,,,,,,4096,32,32,16,1,4096,8,0,1088,False,AttentionBackend.FLASH_ATTENTION
0.0,0.0,0.0,0.0,0.0,0.013000000000000001,0.014,0.013800000000000002,0.014,0.00039999999999999964,0.001,0.001,0.001,0.001,0.0,,,,,,4096,32,32,16,1,4096,1,0,1152,False,AttentionBackend.FLASH_ATTENTION
0.0,0.0,0.0,0.0,0.0,0.02,0.02,0.02,0.02,0.0,0.001,0.001,0.001,0.001,0.0,,,,,,4096,32,32,16,1,4096,2,0,1152,False,AttentionBackend.FLASH_ATTENTION
0.0,0.0,0.0,0.0,0.0,0.031,0.034,0.0324,0.033,0.0012000000000000012,0.001,0.001,0.001,0.001,0.0,,,,,,4096,32,32,16,1,4096,3,0,1152,False,AttentionBackend.FLASH_ATTENTION
0.0,0.0,0.0,0.0,0.0,0.036000000000000004,0.037,0.0362,0.036000000000000004,0.0003999999999999976,0.001,0.001,0.001,0.001,0.0,,,,,,4096,32,32,16,1,4096,4,0,1152,False,AttentionBackend.FLASH_ATTENTION
0.0,0.0,0.0,0.0,0.0,0.043000000000000003,0.043000000000000003,0.043000000000000003,0.043000000000000003,0.0,0.001,0.001,0.001,0.001,0.0,,,,,,4096,32,32,16,1,4096,5,0,1152,False,AttentionBackend.FLASH_ATTENTION
0.0,0.0,0.0,0.0,0.0,0.046,0.048,0.047,0.047,0.0006324555320336764,0.001,0.001,0.001,0.001,0.0,,,,,,4096,32,32,16,1,4096,6,0,1152,False,AttentionBackend.FLASH_ATTENTION
0.0,0.0,0.0,0.0,0.0,0.051000000000000004,0.052000000000000005,0.0512,0.051000000000000004,0.00040000000000000034,0.001,0.001,0.001,0.001,0.0,,,,,,4096,32,32,16,1,4096,7,0,1152,False,AttentionBackend.FLASH_ATTENTION
0.0,0.0,0.0,0.0,0.0,0.057,0.059000000000000004,0.05800000000000001,0.058,0.0008944271909999167,0.001,0.001,0.001,0.001,0.0,,,,,,4096,32,32,16,1,4096,8,0,1152,False,AttentionBackend.FLASH_ATTENTION
0.0,0.0,0.0,0.0,0.0,0.013000000000000001,0.015,0.014199999999999999,0.014,0.0007483314773547876,0.001,0.001,0.001,0.001,0.0,,,,,,4096,32,32,16,1,4096,1,0,1216,False,AttentionBackend.FLASH_ATTENTION
0.0,0.0,0.0,0.0,0.0,0.021,0.021,0.021,0.021,0.0,0.001,0.001,0.001,0.001,0.0,,,,,,4096,32,32,16,1,4096,2,0,1216,False,AttentionBackend.FLASH_ATTENTION
0.0,0.0,0.0,0.0,0.0,0.032,0.032,0.032,0.032,0.0,0.001,0.001,0.001,0.001,0.0,,,,,,4096,32,32,16,1,4096,3,0,1216,False,AttentionBackend.FLASH_ATTENTION
0.0,0.0,0.0,0.0,0.0,0.036000000000000004,0.037,0.0362,0.036000000000000004,0.0003999999999999976,0.001,0.001,0.001,0.001,0.0,,,,,,4096,32,32,16,1,4096,4,0,1216,False,AttentionBackend.FLASH_ATTENTION
0.0,0.0,0.0,0.0,0.0,0.043000000000000003,0.043000000000000003,0.043000000000000003,0.043000000000000003,0.0,0.001,0.001,0.001,0.001,0.0,,,,,,4096,32,32,16,1,4096,5,0,1216,False,AttentionBackend.FLASH_ATTENTION
0.0,0.0,0.0,0.0,0.0,0.047,0.048,0.047799999999999995,0.048,0.00040000000000000034,0.001,0.001,0.001,0.001,0.0,,,,,,4096,32,32,16,1,4096,6,0,1216,False,AttentionBackend.FLASH_ATTENTION
0.0,0.0,0.0,0.0,0.0,0.052000000000000005,0.053,0.0528,0.053,0.0003999999999999976,0.001,0.001,0.001,0.001,0.0,,,,,,4096,32,32,16,1,4096,7,0,1216,False,AttentionBackend.FLASH_ATTENTION
0.0,0.0,0.0,0.0,0.0,0.058,0.059000000000000004,0.058600000000000006,0.059000000000000004,0.000489897948556636,0.001,0.001,0.001,0.001,0.0,,,,,,4096,32,32,16,1,4096,8,0,1216,False,AttentionBackend.FLASH_ATTENTION
0.0,0.0,0.0,0.0,0.0,0.014,0.015,0.014799999999999999,0.015,0.0003999999999999997,0.001,0.001,0.001,0.001,0.0,,,,,,4096,32,32,16,1,4096,1,0,1280,False,AttentionBackend.FLASH_ATTENTION
0.0,0.0,0.0,0.0,0.0,0.023,0.024,0.023399999999999997,0.023,0.000489897948556636,0.001,0.001,0.001,0.001,0.0,,,,,,4096,32,32,16,1,4096,2,0,1280,False,AttentionBackend.FLASH_ATTENTION
0.0,0.0,0.0,0.0,0.0,0.035,0.036000000000000004,0.0352,0.035,0.00040000000000000034,0.001,0.001,0.001,0.001,0.0,,,,,,4096,32,32,16,1,4096,3,0,1280,False,AttentionBackend.FLASH_ATTENTION
0.0,0.0,0.0,0.0,0.0,0.038,0.039,0.0388,0.039,0.00040000000000000034,0.001,0.001,0.001,0.001,0.0,,,,,,4096,32,32,16,1,4096,4,0,1280,False,AttentionBackend.FLASH_ATTENTION
0.0,0.0,0.0,0.0,0.0,0.046,0.047,0.046599999999999996,0.047,0.000489897948556636,0.001,0.001,0.001,0.001,0.0,,,,,,4096,32,32,16,1,4096,5,0,1280,False,AttentionBackend.FLASH_ATTENTION
0.0,0.0,0.0,0.0,0.0,0.05,0.052000000000000005,0.0508,0.051000000000000004,0.0007483314773547889,0.001,0.001,0.001,0.001,0.0,,,,,,4096,32,32,16,1,4096,6,0,1280,False,AttentionBackend.FLASH_ATTENTION
0.0,0.0,0.0,0.0,0.0,0.056,0.058,0.05700000000000001,0.057,0.0006324555320336764,0.001,0.001,0.001,0.001,0.0,,,,,,4096,32,32,16,1,4096,7,0,1280,False,AttentionBackend.FLASH_ATTENTION
0.0,0.0,0.0,0.0,0.0,0.062,0.064,0.0628,0.063,0.0007483314773547889,0.001,0.001,0.001,0.001,0.0,,,,,,4096,32,32,16,1,4096,8,0,1280,False,AttentionBackend.FLASH_ATTENTION
0.0,0.0,0.0,0.0,0.0,0.013000000000000001,0.015,0.013800000000000002,0.014,0.0007483314773547876,0.001,0.001,0.001,0.001,0.0,,,,,,4096,32,32,16,1,4096,1,0,1344,False,AttentionBackend.FLASH_ATTENTION
0.0,0.0,0.0,0.0,0.0,0.022,0.023,0.022399999999999996,0.022,0.000489897948556636,0.001,0.001,0.001,0.001,0.0,,,,,,4096,32,32,16,1,4096,2,0,1344,False,AttentionBackend.FLASH_ATTENTION
0.0,0.0,0.0,0.0,0.0,0.035,0.037,0.036000000000000004,0.036000000000000004,0.0006324555320336743,0.001,0.001,0.001,0.001,0.0,,,,,,4096,32,32,16,1,4096,3,0,1344,False,AttentionBackend.FLASH_ATTENTION
0.0,0.0,0.0,0.0,0.0,0.038,0.039,0.038400000000000004,0.038,0.000489897948556636,0.001,0.001,0.001,0.001,0.0,,,,,,4096,32,32,16,1,4096,4,0,1344,False,AttentionBackend.FLASH_ATTENTION
0.0,0.0,0.0,0.0,0.0,0.047,0.048,0.0474,0.047,0.000489897948556636,0.001,0.001,0.001,0.001,0.0,,,,,,4096,32,32,16,1,4096,5,0,1344,False,AttentionBackend.FLASH_ATTENTION
0.0,0.0,0.0,0.0,0.0,0.051000000000000004,0.052000000000000005,0.0516,0.052000000000000005,0.000489897948556636,0.001,0.001,0.001,0.001,0.0,,,,,,4096,32,32,16,1,4096,6,0,1344,False,AttentionBackend.FLASH_ATTENTION
0.0,0.0,0.0,0.0,0.0,0.057,0.059000000000000004,0.057800000000000004,0.058,0.000748331477354789,0.001,0.001,0.001,0.001,0.0,,,,,,4096,32,32,16,1,4096,7,0,1344,False,AttentionBackend.FLASH_ATTENTION
0.0,0.0,0.0,0.0,0.0,0.063,0.065,0.064,0.064,0.0006324555320336764,0.001,0.001,0.001,0.001,0.0,,,,,,4096,32,32,16,1,4096,8,0,1344,False,AttentionBackend.FLASH_ATTENTION
0.0,0.0,0.0,0.0,0.0,0.014,0.015,0.014599999999999998,0.015,0.0004898979485566352,0.001,0.001,0.001,0.001,0.0,,,,,,4096,32,32,16,1,4096,1,0,1408,False,AttentionBackend.FLASH_ATTENTION
0.0,0.0,0.0,0.0,0.0,0.024,0.024,0.024,0.024,0.0,0.001,0.001,0.001,0.001,0.0,,,,,,4096,32,32,16,1,4096,2,0,1408,False,AttentionBackend.FLASH_ATTENTION
0.0,0.0,0.0,0.0,0.0,0.038,0.04,0.039,0.039,0.0006324555320336764,0.001,0.001,0.001,0.001,0.0,,,,,,4096,32,32,16,1,4096,3,0,1408,False,AttentionBackend.FLASH_ATTENTION
0.0,0.0,0.0,0.0,0.0,0.04,0.042,0.041400000000000006,0.042,0.0008000000000000007,0.001,0.001,0.001,0.001,0.0,,,,,,4096,32,32,16,1,4096,4,0,1408,False,AttentionBackend.FLASH_ATTENTION
0.0,0.0,0.0,0.0,0.0,0.05,0.051000000000000004,0.0504,0.05,0.000489897948556636,0.001,0.001,0.001,0.001,0.0,,,,,,4096,32,32,16,1,4096,5,0,1408,False,AttentionBackend.FLASH_ATTENTION
0.0,0.0,0.0,0.0,0.0,0.055,0.056,0.055200000000000006,0.055,0.00040000000000000034,0.001,0.001,0.001,0.001,0.0,,,,,,4096,32,32,16,1,4096,6,0,1408,False,AttentionBackend.FLASH_ATTENTION
0.0,0.0,0.0,0.0,0.0,0.061,0.062,0.0616,0.062,0.000489897948556636,0.001,0.001,0.001,0.001,0.0,,,,,,4096,32,32,16,1,4096,7,0,1408,False,AttentionBackend.FLASH_ATTENTION
0.0,0.0,0.0,0.0,0.0,0.068,0.069,0.0684,0.068,0.000489897948556636,0.001,0.001,0.001,0.001,0.0,,,,,,4096,32,32,16,1,4096,8,0,1408,False,AttentionBackend.FLASH_ATTENTION
0.0,0.0,0.0,0.0,0.0,0.015,0.017,0.016,0.016,0.0006324555320336764,0.001,0.001,0.001,0.001,0.0,,,,,,4096,32,32,16,1,4096,1,0,1472,False,AttentionBackend.FLASH_ATTENTION
0.0,0.0,0.0,0.0,0.0,0.025,0.025,0.025,0.025,0.0,0.001,0.001,0.001,0.001,0.0,,,,,,4096,32,32,16,1,4096,2,0,1472,False,AttentionBackend.FLASH_ATTENTION
0.0,0.0,0.0,0.0,0.0,0.039,0.04,0.0396,0.04,0.000489897948556636,0.001,0.001,0.001,0.001,0.0,,,,,,4096,32,32,16,1,4096,3,0,1472,False,AttentionBackend.FLASH_ATTENTION
0.0,0.0,0.0,0.0,0.0,0.04,0.043000000000000003,0.041400000000000006,0.041,0.0010198039027185578,0.001,0.001,0.001,0.001,0.0,,,,,,4096,32,32,16,1,4096,4,0,1472,False,AttentionBackend.FLASH_ATTENTION
0.0,0.0,0.0,0.0,0.0,0.05,0.051000000000000004,0.0508,0.051000000000000004,0.00040000000000000034,0.001,0.001,0.001,0.001,0.0,,,,,,4096,32,32,16,1,4096,5,0,1472,False,AttentionBackend.FLASH_ATTENTION
0.0,0.0,0.0,0.0,0.0,0.054,0.056,0.055400000000000005,0.056,0.0008000000000000007,0.001,0.001,0.001,0.001,0.0,,,,,,4096,32,32,16,1,4096,6,0,1472,False,AttentionBackend.FLASH_ATTENTION
0.0,0.0,0.0,0.0,0.0,0.062,0.063,0.0628,0.063,0.00040000000000000034,0.001,0.001,0.001,0.001,0.0,,,,,,4096,32,32,16,1,4096,7,0,1472,False,AttentionBackend.FLASH_ATTENTION
0.0,0.0,0.0,0.0,0.0,0.069,0.07,0.0694,0.069,0.000489897948556636,0.001,0.001,0.001,0.001,0.0,,,,,,4096,32,32,16,1,4096,8,0,1472,False,AttentionBackend.FLASH_ATTENTION
0.0,0.0,0.0,0.0,0.0,0.016,0.017,0.0162,0.016,0.00040000000000000034,0.001,0.001,0.001,0.001,0.0,,,,,,4096,32,32,16,1,4096,1,0,1536,False,AttentionBackend.FLASH_ATTENTION
0.0,0.0,0.0,0.0,0.0,0.026000000000000002,0.027,0.0264,0.026000000000000002,0.0004898979485566344,0.001,0.001,0.001,0.001,0.0,,,,,,4096,32,32,16,1,4096,2,0,1536,False,AttentionBackend.FLASH_ATTENTION
0.0,0.0,0.0,0.0,0.0,0.042,0.043000000000000003,0.04240000000000001,0.042,0.000489897948556636,0.001,0.001,0.001,0.001,0.0,,,,,,4096,32,32,16,1,4096,3,0,1536,False,AttentionBackend.FLASH_ATTENTION
0.0,0.0,0.0,0.0,0.0,0.044,0.046,0.044599999999999994,0.044,0.0008000000000000007,0.001,0.001,0.001,0.001,0.0,,,,,,4096,32,32,16,1,4096,4,0,1536,False,AttentionBackend.FLASH_ATTENTION
0.0,0.0,0.0,0.0,0.0,0.053,0.055,0.054400000000000004,0.055,0.0008000000000000007,0.001,0.001,0.001,0.001,0.0,,,,,,4096,32,32,16,1,4096,5,0,1536,False,AttentionBackend.FLASH_ATTENTION
0.0,0.0,0.0,0.0,0.0,0.058,0.059000000000000004,0.058600000000000006,0.059000000000000004,0.000489897948556636,0.001,0.001,0.001,0.001,0.0,,,,,,4096,32,32,16,1,4096,6,0,1536,False,AttentionBackend.FLASH_ATTENTION
0.0,0.0,0.0,0.0,0.0,0.066,0.068,0.0668,0.067,0.0007483314773547889,0.001,0.001,0.001,0.001,0.0,,,,,,4096,32,32,16,1,4096,7,0,1536,False,AttentionBackend.FLASH_ATTENTION
0.0,0.0,0.0,0.0,0.0,0.07200000000000001,0.074,0.073,0.073,0.0006324555320336721,0.001,0.001,0.001,0.001,0.0,,,,,,4096,32,32,16,1,4096,8,0,1536,False,AttentionBackend.FLASH_ATTENTION
0.0,0.0,0.0,0.0,0.0,0.016,0.017,0.016800000000000002,0.017,0.00040000000000000034,0.001,0.001,0.001,0.001,0.0,,,,,,4096,32,32,16,1,4096,1,0,1600,False,AttentionBackend.FLASH_ATTENTION
0.0,0.0,0.0,0.0,0.0,0.026000000000000002,0.028,0.026600000000000002,0.026000000000000002,0.0007999999999999992,0.001,0.001,0.001,0.001,0.0,,,,,,4096,32,32,16,1,4096,2,0,1600,False,AttentionBackend.FLASH_ATTENTION
0.0,0.0,0.0,0.0,0.0,0.043000000000000003,0.044,0.04340000000000001,0.043000000000000003,0.0004898979485566326,0.001,0.001,0.001,0.001,0.0,,,,,,4096,32,32,16,1,4096,3,0,1600,False,AttentionBackend.FLASH_ATTENTION
0.0,0.0,0.0,0.0,0.0,0.044,0.045,0.044599999999999994,0.045,0.000489897948556636,0.001,0.001,0.001,0.001,0.0,,,,,,4096,32,32,16,1,4096,4,0,1600,False,AttentionBackend.FLASH_ATTENTION
0.0,0.0,0.0,0.0,0.0,0.054,0.055,0.0548,0.055,0.00040000000000000034,0.001,0.001,0.001,0.001,0.0,,,,,,4096,32,32,16,1,4096,5,0,1600,False,AttentionBackend.FLASH_ATTENTION
0.0,0.0,0.0,0.0,0.0,0.059000000000000004,0.061,0.06,0.06,0.0006324555320336743,0.001,0.001,0.001,0.001,0.0,,,,,,4096,32,32,16,1,4096,6,0,1600,False,AttentionBackend.FLASH_ATTENTION
0.0,0.0,0.0,0.0,0.0,0.066,0.067,0.06620000000000001,0.066,0.00040000000000000034,0.001,0.001,0.001,0.001,0.0,,,,,,4096,32,32,16,1,4096,7,0,1600,False,AttentionBackend.FLASH_ATTENTION
0.0,0.0,0.0,0.0,0.0,0.074,0.076,0.0746,0.074,0.0008000000000000007,0.001,0.001,0.001,0.001,0.0,,,,,,4096,32,32,16,1,4096,8,0,1600,False,AttentionBackend.FLASH_ATTENTION
0.0,0.0,0.0,0.0,0.0,0.016,0.017,0.016800000000000002,0.017,0.00040000000000000034,0.001,0.001,0.001,0.001,0.0,,,,,,4096,32,32,16,1,4096,1,0,1664,False,AttentionBackend.FLASH_ATTENTION
0.0,0.0,0.0,0.0,0.0,0.027,0.028,0.027600000000000003,0.028,0.000489897948556636,0.001,0.001,0.001,0.001,0.0,,,,,,4096,32,32,16,1,4096,2,0,1664,False,AttentionBackend.FLASH_ATTENTION
0.0,0.0,0.0,0.0,0.0,0.041,0.045,0.042800000000000005,0.043000000000000003,0.001326649916142159,0.001,0.001,0.001,0.001,0.0,,,,,,4096,32,32,16,1,4096,3,0,1664,False,AttentionBackend.FLASH_ATTENTION
0.0,0.0,0.0,0.0,0.0,0.046,0.048,0.047,0.047,0.0006324555320336764,0.001,0.001,0.001,0.001,0.0,,,,,,4096,32,32,16,1,4096,4,0,1664,False,AttentionBackend.FLASH_ATTENTION
0.0,0.0,0.0,0.0,0.0,0.058,0.058,0.05800000000000001,0.058,6.938893903907228e-18,0.001,0.001,0.001,0.001,0.0,,,,,,4096,32,32,16,1,4096,5,0,1664,False,AttentionBackend.FLASH_ATTENTION
0.0,0.0,0.0,0.0,0.0,0.062,0.064,0.0632,0.063,0.0007483314773547889,0.001,0.001,0.001,0.001,0.0,,,,,,4096,32,32,16,1,4096,6,0,1664,False,AttentionBackend.FLASH_ATTENTION
0.0,0.0,0.0,0.0,0.0,0.07,0.07200000000000001,0.07100000000000001,0.07100000000000001,0.0006324555320336764,0.001,0.001,0.001,0.001,0.0,,,,,,4096,32,32,16,1,4096,7,0,1664,False,AttentionBackend.FLASH_ATTENTION
0.0,0.0,0.0,0.0,0.0,0.079,0.08,0.0792,0.079,0.00040000000000000034,0.001,0.001,0.001,0.001,0.0,,,,,,4096,32,32,16,1,4096,8,0,1664,False,AttentionBackend.FLASH_ATTENTION
0.0,0.0,0.0,0.0,0.0,0.016,0.017,0.016800000000000002,0.017,0.00040000000000000034,0.001,0.001,0.001,0.001,0.0,,,,,,4096,32,32,16,1,4096,1,0,1728,False,AttentionBackend.FLASH_ATTENTION
0.0,0.0,0.0,0.0,0.0,0.029,0.03,0.029599999999999998,0.03,0.0004898979485566344,0.001,0.001,0.001,0.001,0.0,,,,,,4096,32,32,16,1,4096,2,0,1728,False,AttentionBackend.FLASH_ATTENTION
0.0,0.0,0.0,0.0,0.0,0.042,0.045,0.0432,0.043000000000000003,0.0009797958971132696,0.001,0.001,0.001,0.001,0.0,,,,,,4096,32,32,16,1,4096,3,0,1728,False,AttentionBackend.FLASH_ATTENTION
0.0,0.0,0.0,0.0,0.0,0.046,0.049,0.0474,0.047,0.001019803902718558,0.001,0.001,0.001,0.001,0.0,,,,,,4096,32,32,16,1,4096,4,0,1728,False,AttentionBackend.FLASH_ATTENTION
0.0,0.0,0.0,0.0,0.0,0.058,0.059000000000000004,0.05840000000000001,0.058,0.000489897948556636,0.001,0.001,0.001,0.001,0.0,,,,,,4096,32,32,16,1,4096,5,0,1728,False,AttentionBackend.FLASH_ATTENTION
0.0,0.0,0.0,0.0,0.0,0.063,0.065,0.064,0.064,0.0006324555320336764,0.001,0.001,0.001,0.001,0.0,,,,,,4096,32,32,16,1,4096,6,0,1728,False,AttentionBackend.FLASH_ATTENTION
0.0,0.0,0.0,0.0,0.0,0.07200000000000001,0.073,0.0724,0.07200000000000001,0.0004898979485566293,0.001,0.001,0.001,0.001,0.0,,,,,,4096,32,32,16,1,4096,7,0,1728,False,AttentionBackend.FLASH_ATTENTION
0.0,0.0,0.0,0.0,0.0,0.079,0.08,0.0796,0.08,0.000489897948556636,0.001,0.001,0.001,0.001,0.0,,,,,,4096,32,32,16,1,4096,8,0,1728,False,AttentionBackend.FLASH_ATTENTION
0.0,0.0,0.0,0.0,0.0,0.017,0.018000000000000002,0.017400000000000002,0.017,0.000489897948556636,0.001,0.001,0.001,0.001,0.0,,,,,,4096,32,32,16,1,4096,1,0,1792,False,AttentionBackend.FLASH_ATTENTION
0.0,0.0,0.0,0.0,0.0,0.03,0.031,0.0304,0.03,0.000489897948556636,0.001,0.001,0.001,0.001,0.0,,,,,,4096,32,32,16,1,4096,2,0,1792,False,AttentionBackend.FLASH_ATTENTION
0.0,0.0,0.0,0.0,0.0,0.044,0.045,0.044199999999999996,0.044,0.00040000000000000034,0.001,0.001,0.001,0.001,0.0,,,,,,4096,32,32,16,1,4096,3,0,1792,False,AttentionBackend.FLASH_ATTENTION
0.0,0.0,0.0,0.0,0.0,0.05,0.052000000000000005,0.0508,0.051000000000000004,0.0007483314773547889,0.001,0.001,0.001,0.001,0.0,,,,,,4096,32,32,16,1,4096,4,0,1792,False,AttentionBackend.FLASH_ATTENTION
0.0,0.0,0.0,0.0,0.0,0.061,0.062,0.061399999999999996,0.061,0.000489897948556636,0.001,0.001,0.001,0.001,0.0,,,,,,4096,32,32,16,1,4096,5,0,1792,False,AttentionBackend.FLASH_ATTENTION
0.0,0.0,0.0,0.0,0.0,0.068,0.069,0.06820000000000001,0.068,0.00040000000000000034,0.001,0.001,0.001,0.001,0.0,,,,,,4096,32,32,16,1,4096,6,0,1792,False,AttentionBackend.FLASH_ATTENTION
0.0,0.0,0.0,0.0,0.0,0.075,0.076,0.0754,0.075,0.000489897948556636,0.001,0.001,0.001,0.001,0.0,,,,,,4096,32,32,16,1,4096,7,0,1792,False,AttentionBackend.FLASH_ATTENTION
0.0,0.0,0.0,0.0,0.0,0.084,0.085,0.0844,0.084,0.000489897948556636,0.001,0.001,0.001,0.001,0.0,,,,,,4096,32,32,16,1,4096,8,0,1792,False,AttentionBackend.FLASH_ATTENTION
0.0,0.0,0.0,0.0,0.0,0.016,0.017,0.016800000000000002,0.017,0.00040000000000000034,0.001,0.001,0.001,0.001,0.0,,,,,,4096,32,32,16,1,4096,1,0,1856,False,AttentionBackend.FLASH_ATTENTION
0.0,0.0,0.0,0.0,0.0,0.03,0.031,0.0304,0.03,0.000489897948556636,0.001,0.001,0.001,0.001,0.0,,,,,,4096,32,32,16,1,4096,2,0,1856,False,AttentionBackend.FLASH_ATTENTION
0.0,0.0,0.0,0.0,0.0,0.044,0.045,0.04479999999999999,0.045,0.00040000000000000034,0.001,0.001,0.001,0.001,0.0,,,,,,4096,32,32,16,1,4096,3,0,1856,False,AttentionBackend.FLASH_ATTENTION
0.0,0.0,0.0,0.0,0.0,0.05,0.052000000000000005,0.0508,0.051000000000000004,0.000748331477354789,0.001,0.001,0.001,0.001,0.0,,,,,,4096,32,32,16,1,4096,4,0,1856,False,AttentionBackend.FLASH_ATTENTION
0.0,0.0,0.0,0.0,0.0,0.061,0.062,0.0612,0.061,0.00040000000000000034,0.001,0.001,0.001,0.001,0.0,,,,,,4096,32,32,16,1,4096,5,0,1856,False,AttentionBackend.FLASH_ATTENTION
0.0,0.0,0.0,0.0,0.0,0.067,0.069,0.068,0.068,0.0006324555320336764,0.001,0.001,0.001,0.001,0.0,,,,,,4096,32,32,16,1,4096,6,0,1856,False,AttentionBackend.FLASH_ATTENTION
0.0,0.0,0.0,0.0,0.0,0.075,0.077,0.076,0.076,0.0006324555320336764,0.001,0.001,0.001,0.001,0.0,,,,,,4096,32,32,16,1,4096,7,0,1856,False,AttentionBackend.FLASH_ATTENTION
0.0,0.0,0.0,0.0,0.0,0.083,0.085,0.08420000000000001,0.084,0.0007483314773547889,0.001,0.001,0.001,0.001,0.0,,,,,,4096,32,32,16,1,4096,8,0,1856,False,AttentionBackend.FLASH_ATTENTION
0.0,0.0,0.0,0.0,0.0,0.017,0.019,0.018000000000000002,0.018000000000000002,0.0006324555320336754,0.001,0.001,0.001,0.001,0.0,,,,,,4096,32,32,16,1,4096,1,0,1920,False,AttentionBackend.FLASH_ATTENTION
0.0,0.0,0.0,0.0,0.0,0.031,0.032,0.0318,0.032,0.00040000000000000034,0.001,0.001,0.001,0.001,0.0,,,,,,4096,32,32,16,1,4096,2,0,1920,False,AttentionBackend.FLASH_ATTENTION
0.0,0.0,0.0,0.0,0.0,0.047,0.048,0.0472,0.047,0.00040000000000000034,0.001,0.001,0.001,0.001,0.0,,,,,,4096,32,32,16,1,4096,3,0,1920,False,AttentionBackend.FLASH_ATTENTION
0.0,0.0,0.0,0.0,0.0,0.052000000000000005,0.054,0.0526,0.052000000000000005,0.0007999999999999977,0.001,0.001,0.001,0.001,0.0,,,,,,4096,32,32,16,1,4096,4,0,1920,False,AttentionBackend.FLASH_ATTENTION
0.0,0.0,0.0,0.0,0.0,0.065,0.065,0.065,0.065,0.0,0.001,0.001,0.001,0.001,0.0,,,,,,4096,32,32,16,1,4096,5,0,1920,False,AttentionBackend.FLASH_ATTENTION
0.0,0.0,0.0,0.0,0.0,0.07100000000000001,0.07200000000000001,0.07160000000000001,0.07200000000000001,0.000489897948556636,0.001,0.001,0.001,0.001,0.0,,,,,,4096,32,32,16,1,4096,6,0,1920,False,AttentionBackend.FLASH_ATTENTION
0.0,0.0,0.0,0.0,0.0,0.08,0.082,0.08080000000000001,0.081,0.0007483314773547889,0.001,0.001,0.001,0.001,0.0,,,,,,4096,32,32,16,1,4096,7,0,1920,False,AttentionBackend.FLASH_ATTENTION
0.0,0.0,0.0,0.0,0.0,0.089,0.09,0.0894,0.089,0.000489897948556636,0.001,0.001,0.001,0.001,0.0,,,,,,4096,32,32,16,1,4096,8,0,1920,False,AttentionBackend.FLASH_ATTENTION
0.0,0.0,0.0,0.0,0.0,0.018000000000000002,0.019,0.0188,0.019,0.00039999999999999893,0.001,0.001,0.001,0.001,0.0,,,,,,4096,32,32,16,1,4096,1,0,1984,False,AttentionBackend.FLASH_ATTENTION
0.0,0.0,0.0,0.0,0.0,0.032,0.033,0.0322,0.032,0.00040000000000000034,0.001,0.001,0.001,0.001,0.0,,,,,,4096,32,32,16,1,4096,2,0,1984,False,AttentionBackend.FLASH_ATTENTION
0.0,0.0,0.0,0.0,0.0,0.048,0.049,0.0486,0.049,0.000489897948556636,0.001,0.001,0.001,0.001,0.0,,,,,,4096,32,32,16,1,4096,3,0,1984,False,AttentionBackend.FLASH_ATTENTION
0.0,0.0,0.0,0.0,0.0,0.053,0.053,0.053000000000000005,0.053,6.938893903907228e-18,0.001,0.001,0.001,0.001,0.0,,,,,,4096,32,32,16,1,4096,4,0,1984,False,AttentionBackend.FLASH_ATTENTION
0.0,0.0,0.0,0.0,0.0,0.065,0.066,0.06520000000000001,0.065,0.00040000000000000034,0.001,0.001,0.001,0.001,0.0,,,,,,4096,32,32,16,1,4096,5,0,1984,False,AttentionBackend.FLASH_ATTENTION
0.0,0.0,0.0,0.0,0.0,0.07200000000000001,0.073,0.07260000000000001,0.073,0.0004898979485566293,0.001,0.001,0.001,0.001,0.0,,,,,,4096,32,32,16,1,4096,6,0,1984,False,AttentionBackend.FLASH_ATTENTION
0.0,0.0,0.0,0.0,0.0,0.08,0.083,0.08180000000000001,0.082,0.0011661903789690613,0.001,0.001,0.001,0.001,0.0,,,,,,4096,32,32,16,1,4096,7,0,1984,False,AttentionBackend.FLASH_ATTENTION
0.0,0.0,0.0,0.0,0.0,0.089,0.091,0.08959999999999999,0.089,0.0008000000000000007,0.001,0.001,0.001,0.001,0.0,,,,,,4096,32,32,16,1,4096,8,0,1984,False,AttentionBackend.FLASH_ATTENTION
0.0,0.0,0.0,0.0,0.0,0.019,0.02,0.0196,0.02,0.000489897948556636,0.001,0.001,0.001,0.001,0.0,,,,,,4096,32,32,16,1,4096,1,0,2048,False,AttentionBackend.FLASH_ATTENTION
0.0,0.0,0.0,0.0,0.0,0.034,0.037,0.034600000000000006,0.034,0.0011999999999999984,0.001,0.001,0.001,0.001,0.0,,,,,,4096,32,32,16,1,4096,2,0,2048,False,AttentionBackend.FLASH_ATTENTION
0.0,0.0,0.0,0.0,0.0,0.048,0.052000000000000005,0.0506,0.051000000000000004,0.0014966629547095778,0.001,0.001,0.001,0.001,0.0,,,,,,4096,32,32,16,1,4096,3,0,2048,False,AttentionBackend.FLASH_ATTENTION
0.0,0.0,0.0,0.0,0.0,0.056,0.057,0.05620000000000001,0.056,0.00040000000000000034,0.001,0.001,0.001,0.001,0.0,,,,,,4096,32,32,16,1,4096,4,0,2048,False,AttentionBackend.FLASH_ATTENTION
0.0,0.0,0.0,0.0,0.0,0.069,0.07,0.06960000000000001,0.07,0.000489897948556636,0.001,0.001,0.001,0.001,0.0,,,,,,4096,32,32,16,1,4096,5,0,2048,False,AttentionBackend.FLASH_ATTENTION
0.0,0.0,0.0,0.0,0.0,0.075,0.076,0.0754,0.075,0.000489897948556636,0.001,0.001,0.001,0.001,0.0,,,,,,4096,32,32,16,1,4096,6,0,2048,False,AttentionBackend.FLASH_ATTENTION
0.0,0.0,0.0,0.0,0.0,0.084,0.085,0.08480000000000001,0.085,0.00040000000000000034,0.001,0.001,0.001,0.001,0.0,,,,,,4096,32,32,16,1,4096,7,0,2048,False,AttentionBackend.FLASH_ATTENTION
0.0,0.0,0.0,0.0,0.0,0.093,0.095,0.0944,0.095,0.0008000000000000007,0.001,0.001,0.001,0.001,0.0,,,,,,4096,32,32,16,1,4096,8,0,2048,False,AttentionBackend.FLASH_ATTENTION
0.0,0.0,0.0,0.0,0.0,0.019,0.021,0.02,0.02,0.0008944271909999167,0.001,0.001,0.001,0.001,0.0,,,,,,4096,32,32,16,1,4096,1,0,2112,False,AttentionBackend.FLASH_ATTENTION
0.0,0.0,0.0,0.0,0.0,0.034,0.035,0.0342,0.034,0.00040000000000000034,0.001,0.001,0.001,0.001,0.0,,,,,,4096,32,32,16,1,4096,2,0,2112,False,AttentionBackend.FLASH_ATTENTION
0.0,0.0,0.0,0.0,0.0,0.051000000000000004,0.053,0.0522,0.052000000000000005,0.000748331477354786,0.001,0.001,0.001,0.001,0.0,,,,,,4096,32,32,16,1,4096,3,0,2112,False,AttentionBackend.FLASH_ATTENTION
0.0,0.0,0.0,0.0,0.0,0.056,0.057,0.056400000000000006,0.056,0.000489897948556636,0.001,0.001,0.001,0.001,0.0,,,,,,4096,32,32,16,1,4096,4,0,2112,False,AttentionBackend.FLASH_ATTENTION
0.0,0.0,0.0,0.0,0.0,0.069,0.07,0.06920000000000001,0.069,0.00040000000000000034,0.001,0.001,0.001,0.001,0.0,,,,,,4096,32,32,16,1,4096,5,0,2112,False,AttentionBackend.FLASH_ATTENTION
0.0,0.0,0.0,0.0,0.0,0.076,0.078,0.0774,0.078,0.0008000000000000007,0.001,0.001,0.001,0.001,0.0,,,,,,4096,32,32,16,1,4096,6,0,2112,False,AttentionBackend.FLASH_ATTENTION
0.0,0.0,0.0,0.0,0.0,0.085,0.08700000000000001,0.08600000000000001,0.08600000000000001,0.0006324555320336764,0.001,0.001,0.001,0.001,0.0,,,,,,4096,32,32,16,1,4096,7,0,2112,False,AttentionBackend.FLASH_ATTENTION
0.0,0.0,0.0,0.0,0.0,0.094,0.095,0.0948,0.095,0.00040000000000000034,0.001,0.001,0.001,0.001,0.0,,,,,,4096,32,32,16,1,4096,8,0,2112,False,AttentionBackend.FLASH_ATTENTION
0.0,0.0,0.0,0.0,0.0,0.019,0.02,0.0196,0.02,0.000489897948556636,0.001,0.001,0.001,0.001,0.0,,,,,,4096,32,32,16,1,4096,1,0,2176,False,AttentionBackend.FLASH_ATTENTION
0.0,0.0,0.0,0.0,0.0,0.035,0.036000000000000004,0.03560000000000001,0.036000000000000004,0.000489897948556636,0.001,0.001,0.001,0.001,0.0,,,,,,4096,32,32,16,1,4096,2,0,2176,False,AttentionBackend.FLASH_ATTENTION
0.0,0.0,0.0,0.0,0.0,0.051000000000000004,0.054,0.0528,0.053,0.0009797958971132696,0.001,0.001,0.001,0.001,0.0,,,,,,4096,32,32,16,1,4096,3,0,2176,False,AttentionBackend.FLASH_ATTENTION
0.0,0.0,0.0,0.0,0.0,0.057,0.059000000000000004,0.05820000000000001,0.058,0.0007483314773547889,0.001,0.001,0.001,0.001,0.0,,,,,,4096,32,32,16,1,4096,4,0,2176,False,AttentionBackend.FLASH_ATTENTION
0.0,0.0,0.0,0.0,0.0,0.073,0.075,0.0738,0.074,0.0007483314773547889,0.001,0.001,0.001,0.001,0.0,,,,,,4096,32,32,16,1,4096,5,0,2176,False,AttentionBackend.FLASH_ATTENTION
0.0,0.0,0.0,0.0,0.0,0.08,0.082,0.0806,0.08,0.0008000000000000007,0.001,0.001,0.001,0.001,0.0,,,,,,4096,32,32,16,1,4096,6,0,2176,False,AttentionBackend.FLASH_ATTENTION
0.0,0.0,0.0,0.0,0.0,0.09,0.091,0.09019999999999999,0.09,0.00040000000000000034,0.001,0.001,0.001,0.001,0.0,,,,,,4096,32,32,16,1,4096,7,0,2176,False,AttentionBackend.FLASH_ATTENTION
0.0,0.0,0.0,0.0,0.0,0.099,0.1,0.0996,0.1,0.000489897948556636,0.001,0.001,0.001,0.001,0.0,,,,,,4096,32,32,16,1,4096,8,0,2176,False,AttentionBackend.FLASH_ATTENTION
0.0,0.0,0.0,0.0,0.0,0.019,0.021,0.0198,0.02,0.0007483314773547889,0.001,0.001,0.001,0.001,0.0,,,,,,4096,32,32,16,1,4096,1,0,2240,False,AttentionBackend.FLASH_ATTENTION
0.0,0.0,0.0,0.0,0.0,0.035,0.037,0.035800000000000005,0.036000000000000004,0.0007483314773547867,0.001,0.001,0.001,0.001,0.0,,,,,,4096,32,32,16,1,4096,2,0,2240,False,AttentionBackend.FLASH_ATTENTION
0.0,0.0,0.0,0.0,0.0,0.052000000000000005,0.054,0.0528,0.053,0.000748331477354786,0.001,0.001,0.001,0.001,0.0,,,,,,4096,32,32,16,1,4096,3,0,2240,False,AttentionBackend.FLASH_ATTENTION
0.0,0.0,0.0,0.0,0.0,0.059000000000000004,0.06,0.0596,0.06,0.0004898979485566326,0.001,0.001,0.001,0.001,0.0,,,,,,4096,32,32,16,1,4096,4,0,2240,False,AttentionBackend.FLASH_ATTENTION
0.0,0.0,0.0,0.0,0.0,0.07200000000000001,0.074,0.07320000000000002,0.073,0.0007483314773547845,0.001,0.001,0.001,0.001,0.0,,,,,,4096,32,32,16,1,4096,5,0,2240,False,AttentionBackend.FLASH_ATTENTION
0.0,0.0,0.0,0.0,0.0,0.08,0.081,0.0806,0.081,0.000489897948556636,0.001,0.001,0.001,0.001,0.0,,,,,,4096,32,32,16,1,4096,6,0,2240,False,AttentionBackend.FLASH_ATTENTION
0.0,0.0,0.0,0.0,0.0,0.088,0.091,0.08979999999999999,0.09,0.001166190378969061,0.001,0.001,0.001,0.001,0.0,,,,,,4096,32,32,16,1,4096,7,0,2240,False,AttentionBackend.FLASH_ATTENTION
0.0,0.0,0.0,0.0,0.0,0.099,0.101,0.1004,0.101,0.0008000000000000007,0.001,0.001,0.001,0.001,0.0,,,,,,4096,32,32,16,1,4096,8,0,2240,False,AttentionBackend.FLASH_ATTENTION
0.0,0.0,0.0,0.0,0.0,0.02,0.021,0.0206,0.021,0.000489897948556636,0.001,0.001,0.001,0.001,0.0,,,,,,4096,32,32,16,1,4096,1,0,2304,False,AttentionBackend.FLASH_ATTENTION
0.0,0.0,0.0,0.0,0.0,0.036000000000000004,0.038,0.03660000000000001,0.036000000000000004,0.0007999999999999977,0.001,0.001,0.001,0.001,0.0,,,,,,4096,32,32,16,1,4096,2,0,2304,False,AttentionBackend.FLASH_ATTENTION
0.0,0.0,0.0,0.0,0.0,0.054,0.056,0.0546,0.054,0.0008000000000000007,0.001,0.001,0.001,0.001,0.0,,,,,,4096,32,32,16,1,4096,3,0,2304,False,AttentionBackend.FLASH_ATTENTION
0.0,0.0,0.0,0.0,0.0,0.061,0.063,0.062,0.062,0.0006324555320336764,0.001,0.001,0.001,0.001,0.0,,,,,,4096,32,32,16,1,4096,4,0,2304,False,AttentionBackend.FLASH_ATTENTION
0.0,0.0,0.0,0.0,0.0,0.076,0.078,0.0776,0.078,0.0008000000000000007,0.001,0.001,0.001,0.001,0.0,,,,,,4096,32,32,16,1,4096,5,0,2304,False,AttentionBackend.FLASH_ATTENTION
0.0,0.0,0.0,0.0,0.0,0.084,0.085,0.08460000000000001,0.085,0.000489897948556636,0.001,0.001,0.001,0.001,0.0,,,,,,4096,32,32,16,1,4096,6,0,2304,False,AttentionBackend.FLASH_ATTENTION
0.0,0.0,0.0,0.0,0.0,0.094,0.095,0.09459999999999999,0.095,0.000489897948556636,0.001,0.001,0.001,0.001,0.0,,,,,,4096,32,32,16,1,4096,7,0,2304,False,AttentionBackend.FLASH_ATTENTION
0.0,0.0,0.0,0.0,0.0,0.105,0.105,0.10500000000000001,0.105,1.3877787807814457e-17,0.001,0.001,0.001,0.001,0.0,,,,,,4096,32,32,16,1,4096,8,0,2304,False,AttentionBackend.FLASH_ATTENTION
0.0,0.0,0.0,0.0,0.0,0.02,0.021,0.0206,0.021,0.000489897948556636,0.001,0.001,0.001,0.001,0.0,,,,,,4096,32,32,16,1,4096,1,0,2368,False,AttentionBackend.FLASH_ATTENTION
0.0,0.0,0.0,0.0,0.0,0.036000000000000004,0.037,0.03660000000000001,0.037,0.0004898979485566326,0.001,0.001,0.001,0.001,0.0,,,,,,4096,32,32,16,1,4096,2,0,2368,False,AttentionBackend.FLASH_ATTENTION
0.0,0.0,0.0,0.0,0.0,0.054,0.055,0.0548,0.055,0.00040000000000000034,0.001,0.001,0.001,0.001,0.0,,,,,,4096,32,32,16,1,4096,3,0,2368,False,AttentionBackend.FLASH_ATTENTION
0.0,0.0,0.0,0.0,0.0,0.061,0.062,0.061399999999999996,0.061,0.000489897948556636,0.001,0.001,0.001,0.001,0.0,,,,,,4096,32,32,16,1,4096,4,0,2368,False,AttentionBackend.FLASH_ATTENTION
0.0,0.0,0.0,0.0,0.0,0.077,0.077,0.077,0.077,0.0,0.001,0.001,0.001,0.001,0.0,,,,,,4096,32,32,16,1,4096,5,0,2368,False,AttentionBackend.FLASH_ATTENTION
0.0,0.0,0.0,0.0,0.0,0.084,0.08600000000000001,0.085,0.085,0.0006324555320336764,0.001,0.001,0.001,0.001,0.0,,,,,,4096,32,32,16,1,4096,6,0,2368,False,AttentionBackend.FLASH_ATTENTION
0.0,0.0,0.0,0.0,0.0,0.095,0.097,0.0958,0.096,0.0007483314773547889,0.001,0.001,0.001,0.001,0.0,,,,,,4096,32,32,16,1,4096,7,0,2368,False,AttentionBackend.FLASH_ATTENTION
0.0,0.0,0.0,0.0,0.0,0.106,0.107,0.1066,0.107,0.000489897948556636,0.001,0.001,0.001,0.001,0.0,,,,,,4096,32,32,16,1,4096,8,0,2368,False,AttentionBackend.FLASH_ATTENTION
0.0,0.0,0.0,0.0,0.0,0.021,0.022,0.021200000000000004,0.021,0.00039999999999999893,0.001,0.001,0.001,0.001,0.0,,,,,,4096,32,32,16,1,4096,1,0,2432,False,AttentionBackend.FLASH_ATTENTION
0.0,0.0,0.0,0.0,0.0,0.038,0.039,0.0382,0.038,0.00040000000000000034,0.001,0.001,0.001,0.001,0.0,,,,,,4096,32,32,16,1,4096,2,0,2432,False,AttentionBackend.FLASH_ATTENTION
0.0,0.0,0.0,0.0,0.0,0.056,0.058,0.05720000000000001,0.057,0.0007483314773547889,0.001,0.001,0.001,0.001,0.0,,,,,,4096,32,32,16,1,4096,3,0,2432,False,AttentionBackend.FLASH_ATTENTION
0.0,0.0,0.0,0.0,0.0,0.064,0.065,0.0646,0.065,0.000489897948556636,0.001,0.001,0.001,0.001,0.0,,,,,,4096,32,32,16,1,4096,4,0,2432,False,AttentionBackend.FLASH_ATTENTION
0.0,0.0,0.0,0.0,0.0,0.081,0.082,0.08120000000000001,0.081,0.00040000000000000034,0.001,0.001,0.001,0.001,0.0,,,,,,4096,32,32,16,1,4096,5,0,2432,False,AttentionBackend.FLASH_ATTENTION
0.0,0.0,0.0,0.0,0.0,0.08700000000000001,0.09,0.08819999999999999,0.088,0.0009797958971132688,0.001,0.001,0.001,0.001,0.0,,,,,,4096,32,32,16,1,4096,6,0,2432,False,AttentionBackend.FLASH_ATTENTION
0.0,0.0,0.0,0.0,0.0,0.099,0.101,0.1,0.1,0.0008944271909999167,0.001,0.001,0.001,0.001,0.0,,,,,,4096,32,32,16,1,4096,7,0,2432,False,AttentionBackend.FLASH_ATTENTION
0.0,0.0,0.0,0.0,0.0,0.11,0.112,0.11080000000000001,0.111,0.0007483314773547889,0.001,0.001,0.001,0.001,0.0,,,,,,4096,32,32,16,1,4096,8,0,2432,False,AttentionBackend.FLASH_ATTENTION
0.0,0.0,0.0,0.0,0.0,0.021,0.022,0.021800000000000003,0.022,0.000399999999999999,0.001,0.001,0.001,0.001,0.0,,,,,,4096,32,32,16,1,4096,1,0,2496,False,AttentionBackend.FLASH_ATTENTION
0.0,0.0,0.0,0.0,0.0,0.038,0.039,0.0388,0.039,0.00040000000000000034,0.001,0.001,0.001,0.001,0.0,,,,,,4096,32,32,16,1,4096,2,0,2496,False,AttentionBackend.FLASH_ATTENTION
0.0,0.0,0.0,0.0,0.0,0.057,0.058,0.05740000000000001,0.057,0.000489897948556636,0.001,0.001,0.001,0.001,0.0,,,,,,4096,32,32,16,1,4096,3,0,2496,False,AttentionBackend.FLASH_ATTENTION
0.0,0.0,0.0,0.0,0.0,0.065,0.066,0.06520000000000001,0.065,0.00040000000000000034,0.001,0.001,0.001,0.001,0.0,,,,,,4096,32,32,16,1,4096,4,0,2496,False,AttentionBackend.FLASH_ATTENTION
0.0,0.0,0.0,0.0,0.0,0.081,0.082,0.0814,0.081,0.000489897948556636,0.001,0.001,0.001,0.001,0.0,,,,,,4096,32,32,16,1,4096,5,0,2496,False,AttentionBackend.FLASH_ATTENTION
0.0,0.0,0.0,0.0,0.0,0.088,0.091,0.08919999999999999,0.089,0.0011661903789690613,0.001,0.001,0.001,0.001,0.0,,,,,,4096,32,32,16,1,4096,6,0,2496,False,AttentionBackend.FLASH_ATTENTION
0.0,0.0,0.0,0.0,0.0,0.099,0.101,0.1002,0.1,0.0007483314773547889,0.001,0.001,0.001,0.001,0.0,,,,,,4096,32,32,16,1,4096,7,0,2496,False,AttentionBackend.FLASH_ATTENTION
0.0,0.0,0.0,0.0,0.0,0.111,0.112,0.1116,0.112,0.000489897948556636,0.001,0.001,0.001,0.001,0.0,,,,,,4096,32,32,16,1,4096,8,0,2496,False,AttentionBackend.FLASH_ATTENTION
0.0,0.0,0.0,0.0,0.0,0.022,0.024,0.023399999999999997,0.024,0.0008000000000000008,0.001,0.001,0.001,0.001,0.0,,,,,,4096,32,32,16,1,4096,1,0,2560,False,AttentionBackend.FLASH_ATTENTION
0.0,0.0,0.0,0.0,0.0,0.04,0.041,0.040600000000000004,0.041,0.000489897948556636,0.001,0.001,0.001,0.001,0.0,,,,,,4096,32,32,16,1,4096,2,0,2560,False,AttentionBackend.FLASH_ATTENTION
0.0,0.0,0.0,0.0,0.0,0.06,0.062,0.060399999999999995,0.06,0.0008000000000000007,0.001,0.001,0.001,0.001,0.0,,,,,,4096,32,32,16,1,4096,3,0,2560,False,AttentionBackend.FLASH_ATTENTION
0.0,0.0,0.0,0.0,0.0,0.067,0.069,0.068,0.068,0.0006324555320336764,0.001,0.001,0.001,0.001,0.0,,,,,,4096,32,32,16,1,4096,4,0,2560,False,AttentionBackend.FLASH_ATTENTION
0.0,0.0,0.0,0.0,0.0,0.085,0.08600000000000001,0.08560000000000001,0.08600000000000001,0.000489897948556636,0.001,0.001,0.001,0.001,0.0,,,,,,4096,32,32,16,1,4096,5,0,2560,False,AttentionBackend.FLASH_ATTENTION
0.0,0.0,0.0,0.0,0.0,0.092,0.092,0.092,0.092,0.0,0.001,0.001,0.001,0.001,0.0,,,,,,4096,32,32,16,1,4096,6,0,2560,False,AttentionBackend.FLASH_ATTENTION
0.0,0.0,0.0,0.0,0.0,0.10300000000000001,0.105,0.10400000000000001,0.10400000000000001,0.0006324555320336721,0.001,0.001,0.001,0.001,0.0,,,,,,4096,32,32,16,1,4096,7,0,2560,False,AttentionBackend.FLASH_ATTENTION
0.0,0.0,0.0,0.0,0.0,0.115,0.117,0.11560000000000001,0.115,0.0008000000000000007,0.001,0.001,0.001,0.001,0.0,,,,,,4096,32,32,16,1,4096,8,0,2560,False,AttentionBackend.FLASH_ATTENTION
0.0,0.0,0.0,0.0,0.0,0.022,0.024,0.023399999999999997,0.024,0.0008000000000000007,0.001,0.001,0.001,0.001,0.0,,,,,,4096,32,32,16,1,4096,1,0,2624,False,AttentionBackend.FLASH_ATTENTION
0.0,0.0,0.0,0.0,0.0,0.039,0.04,0.0398,0.04,0.00040000000000000034,0.001,0.001,0.001,0.001,0.0,,,,,,4096,32,32,16,1,4096,2,0,2624,False,AttentionBackend.FLASH_ATTENTION
0.0,0.0,0.0,0.0,0.0,0.06,0.063,0.061399999999999996,0.061,0.001019803902718558,0.001,0.001,0.001,0.001,0.0,,,,,,4096,32,32,16,1,4096,3,0,2624,False,AttentionBackend.FLASH_ATTENTION
0.0,0.0,0.0,0.0,0.0,0.067,0.069,0.068,0.068,0.0006324555320336764,0.001,0.001,0.001,0.001,0.0,,,,,,4096,32,32,16,1,4096,4,0,2624,False,AttentionBackend.FLASH_ATTENTION
0.0,0.0,0.0,0.0,0.0,0.084,0.085,0.08480000000000001,0.085,0.00040000000000000034,0.001,0.001,0.001,0.001,0.0,,,,,,4096,32,32,16,1,4096,5,0,2624,False,AttentionBackend.FLASH_ATTENTION
0.0,0.0,0.0,0.0,0.0,0.094,0.095,0.09419999999999999,0.094,0.00040000000000000034,0.001,0.001,0.001,0.001,0.0,,,,,,4096,32,32,16,1,4096,6,0,2624,False,AttentionBackend.FLASH_ATTENTION
0.0,0.0,0.0,0.0,0.0,0.10400000000000001,0.105,0.1044,0.10400000000000001,0.0004898979485566293,0.001,0.001,0.001,0.001,0.0,,,,,,4096,32,32,16,1,4096,7,0,2624,False,AttentionBackend.FLASH_ATTENTION
0.0,0.0,0.0,0.0,0.0,0.116,0.11800000000000001,0.11640000000000002,0.116,0.0008000000000000007,0.001,0.001,0.001,0.001,0.0,,,,,,4096,32,32,16,1,4096,8,0,2624,False,AttentionBackend.FLASH_ATTENTION
0.0,0.0,0.0,0.0,0.0,0.023,0.025,0.023799999999999998,0.024,0.0007483314773547889,0.001,0.001,0.001,0.001,0.0,,,,,,4096,32,32,16,1,4096,1,0,2688,False,AttentionBackend.FLASH_ATTENTION
0.0,0.0,0.0,0.0,0.0,0.04,0.043000000000000003,0.041400000000000006,0.041,0.001019803902718558,0.001,0.001,0.001,0.001,0.0,,,,,,4096,32,32,16,1,4096,2,0,2688,False,AttentionBackend.FLASH_ATTENTION
0.0,0.0,0.0,0.0,0.0,0.061,0.063,0.0618,0.062,0.0007483314773547889,0.001,0.001,0.001,0.001,0.0,,,,,,4096,32,32,16,1,4096,3,0,2688,False,AttentionBackend.FLASH_ATTENTION
0.0,0.0,0.0,0.0,0.0,0.069,0.07100000000000001,0.0698,0.07,0.0007483314773547889,0.001,0.001,0.001,0.001,0.0,,,,,,4096,32,32,16,1,4096,4,0,2688,False,AttentionBackend.FLASH_ATTENTION
0.0,0.0,0.0,0.0,0.0,0.088,0.089,0.08859999999999998,0.089,0.000489897948556636,0.001,0.001,0.001,0.001,0.0,,,,,,4096,32,32,16,1,4096,5,0,2688,False,AttentionBackend.FLASH_ATTENTION
0.0,0.0,0.0,0.0,0.0,0.097,0.098,0.0972,0.097,0.00040000000000000034,0.001,0.001,0.001,0.001,0.0,,,,,,4096,32,32,16,1,4096,6,0,2688,False,AttentionBackend.FLASH_ATTENTION
0.0,0.0,0.0,0.0,0.0,0.108,0.109,0.10840000000000001,0.108,0.000489897948556636,0.001,0.001,0.001,0.001,0.0,,,,,,4096,32,32,16,1,4096,7,0,2688,False,AttentionBackend.FLASH_ATTENTION
0.0,0.0,0.0,0.0,0.0,0.123,0.123,0.123,0.123,0.0,0.001,0.001,0.001,0.001,0.0,,,,,,4096,32,32,16,1,4096,8,0,2688,False,AttentionBackend.FLASH_ATTENTION
0.0,0.0,0.0,0.0,0.0,0.024,0.025,0.0246,0.025,0.000489897948556636,0.001,0.001,0.001,0.001,0.0,,,,,,4096,32,32,16,1,4096,1,0,2752,False,AttentionBackend.FLASH_ATTENTION
0.0,0.0,0.0,0.0,0.0,0.041,0.043000000000000003,0.0422,0.042,0.000748331477354789,0.001,0.001,0.001,0.001,0.0,,,,,,4096,32,32,16,1,4096,2,0,2752,False,AttentionBackend.FLASH_ATTENTION
0.0,0.0,0.0,0.0,0.0,0.059000000000000004,0.061,0.060399999999999995,0.061,0.0007999999999999983,0.001,0.001,0.001,0.001,0.0,,,,,,4096,32,32,16,1,4096,3,0,2752,False,AttentionBackend.FLASH_ATTENTION
0.0,0.0,0.0,0.0,0.0,0.07100000000000001,0.07200000000000001,0.07120000000000001,0.07100000000000001,0.00040000000000000034,0.001,0.001,0.001,0.001,0.0,,,,,,4096,32,32,16,1,4096,4,0,2752,False,AttentionBackend.FLASH_ATTENTION
0.0,0.0,0.0,0.0,0.0,0.088,0.089,0.08859999999999998,0.089,0.000489897948556636,0.001,0.001,0.001,0.001,0.0,,,,,,4096,32,32,16,1,4096,5,0,2752,False,AttentionBackend.FLASH_ATTENTION
0.0,0.0,0.0,0.0,0.0,0.097,0.098,0.09759999999999999,0.098,0.000489897948556636,0.001,0.001,0.001,0.001,0.0,,,,,,4096,32,32,16,1,4096,6,0,2752,False,AttentionBackend.FLASH_ATTENTION
0.0,0.0,0.0,0.0,0.0,0.108,0.11,0.10880000000000001,0.109,0.0007483314773547889,0.001,0.001,0.001,0.001,0.0,,,,,,4096,32,32,16,1,4096,7,0,2752,False,AttentionBackend.FLASH_ATTENTION
0.0,0.0,0.0,0.0,0.0,0.121,0.123,0.1222,0.122,0.0007483314773547889,0.001,0.001,0.001,0.001,0.0,,,,,,4096,32,32,16,1,4096,8,0,2752,False,AttentionBackend.FLASH_ATTENTION
0.0,0.0,0.0,0.0,0.0,0.025,0.025,0.025,0.025,0.0,0.001,0.001,0.001,0.001,0.0,,,,,,4096,32,32,16,1,4096,1,0,2816,False,AttentionBackend.FLASH_ATTENTION
0.0,0.0,0.0,0.0,0.0,0.043000000000000003,0.045,0.0436,0.043000000000000003,0.0007999999999999977,0.001,0.001,0.001,0.001,0.0,,,,,,4096,32,32,16,1,4096,2,0,2816,False,AttentionBackend.FLASH_ATTENTION
0.0,0.0,0.0,0.0,0.0,0.062,0.063,0.0624,0.062,0.000489897948556636,0.001,0.001,0.001,0.001,0.0,,,,,,4096,32,32,16,1,4096,3,0,2816,False,AttentionBackend.FLASH_ATTENTION
0.0,0.0,0.0,0.0,0.0,0.07200000000000001,0.075,0.07339999999999999,0.073,0.001019803902718554,0.001,0.001,0.001,0.001,0.0,,,,,,4096,32,32,16,1,4096,4,0,2816,False,AttentionBackend.FLASH_ATTENTION
0.0,0.0,0.0,0.0,0.0,0.092,0.094,0.09319999999999999,0.093,0.0007483314773547889,0.001,0.001,0.001,0.001,0.0,,,,,,4096,32,32,16,1,4096,5,0,2816,False,AttentionBackend.FLASH_ATTENTION
0.0,0.0,0.0,0.0,0.0,0.1,0.101,0.1006,0.101,0.000489897948556636,0.001,0.001,0.001,0.001,0.0,,,,,,4096,32,32,16,1,4096,6,0,2816,False,AttentionBackend.FLASH_ATTENTION
0.0,0.0,0.0,0.0,0.0,0.113,0.115,0.1136,0.113,0.0008000000000000007,0.001,0.001,0.001,0.001,0.0,,,,,,4096,32,32,16,1,4096,7,0,2816,False,AttentionBackend.FLASH_ATTENTION
0.0,0.0,0.0,0.0,0.0,0.126,0.127,0.1264,0.126,0.000489897948556636,0.001,0.001,0.001,0.001,0.0,,,,,,4096,32,32,16,1,4096,8,0,2816,False,AttentionBackend.FLASH_ATTENTION
0.0,0.0,0.0,0.0,0.0,0.024,0.026000000000000002,0.0254,0.026000000000000002,0.0008000000000000007,0.001,0.001,0.001,0.001,0.0,,,,,,4096,32,32,16,1,4096,1,0,2880,False,AttentionBackend.FLASH_ATTENTION
0.0,0.0,0.0,0.0,0.0,0.042,0.044,0.0432,0.043000000000000003,0.000748331477354786,0.001,0.001,0.001,0.001,0.0,,,,,,4096,32,32,16,1,4096,2,0,2880,False,AttentionBackend.FLASH_ATTENTION
0.0,0.0,0.0,0.0,0.0,0.063,0.064,0.0636,0.064,0.000489897948556636,0.001,0.001,0.001,0.001,0.0,,,,,,4096,32,32,16,1,4096,3,0,2880,False,AttentionBackend.FLASH_ATTENTION
0.0,0.0,0.0,0.0,0.0,0.073,0.075,0.074,0.074,0.0006324555320336764,0.001,0.001,0.001,0.001,0.0,,,,,,4096,32,32,16,1,4096,4,0,2880,False,AttentionBackend.FLASH_ATTENTION
0.0,0.0,0.0,0.0,0.0,0.091,0.094,0.0924,0.092,0.001019803902718558,0.001,0.001,0.001,0.001,0.0,,,,,,4096,32,32,16,1,4096,5,0,2880,False,AttentionBackend.FLASH_ATTENTION
0.0,0.0,0.0,0.0,0.0,0.10200000000000001,0.10300000000000001,0.1024,0.10200000000000001,0.000489897948556636,0.001,0.001,0.001,0.001,0.0,,,,,,4096,32,32,16,1,4096,6,0,2880,False,AttentionBackend.FLASH_ATTENTION
0.0,0.0,0.0,0.0,0.0,0.113,0.115,0.1136,0.113,0.0008000000000000007,0.001,0.001,0.001,0.001,0.0,,,,,,4096,32,32,16,1,4096,7,0,2880,False,AttentionBackend.FLASH_ATTENTION
0.0,0.0,0.0,0.0,0.0,0.127,0.128,0.1276,0.128,0.000489897948556636,0.001,0.001,0.001,0.001,0.0,,,,,,4096,32,32,16,1,4096,8,0,2880,False,AttentionBackend.FLASH_ATTENTION
0.0,0.0,0.0,0.0,0.0,0.025,0.026000000000000002,0.0252,0.025,0.00040000000000000034,0.001,0.001,0.001,0.001,0.0,,,,,,4096,32,32,16,1,4096,1,0,2944,False,AttentionBackend.FLASH_ATTENTION
0.0,0.0,0.0,0.0,0.0,0.044,0.046,0.04479999999999999,0.045,0.0007483314773547889,0.001,0.001,0.001,0.001,0.0,,,,,,4096,32,32,16,1,4096,2,0,2944,False,AttentionBackend.FLASH_ATTENTION
0.0,0.0,0.0,0.0,0.0,0.066,0.067,0.06620000000000001,0.066,0.00040000000000000034,0.001,0.001,0.001,0.001,0.0,,,,,,4096,32,32,16,1,4096,3,0,2944,False,AttentionBackend.FLASH_ATTENTION
0.0,0.0,0.0,0.0,0.0,0.075,0.077,0.0762,0.076,0.000748331477354789,0.001,0.001,0.001,0.001,0.0,,,,,,4096,32,32,16,1,4096,4,0,2944,False,AttentionBackend.FLASH_ATTENTION
0.0,0.0,0.0,0.0,0.0,0.097,0.098,0.0972,0.097,0.00040000000000000034,0.001,0.001,0.001,0.001,0.0,,,,,,4096,32,32,16,1,4096,5,0,2944,False,AttentionBackend.FLASH_ATTENTION
0.0,0.0,0.0,0.0,0.0,0.105,0.106,0.1052,0.105,0.00040000000000000034,0.001,0.001,0.001,0.001,0.0,,,,,,4096,32,32,16,1,4096,6,0,2944,False,AttentionBackend.FLASH_ATTENTION
0.0,0.0,0.0,0.0,0.0,0.11800000000000001,0.11900000000000001,0.11840000000000002,0.11800000000000001,0.000489897948556636,0.001,0.001,0.001,0.001,0.0,,,,,,4096,32,32,16,1,4096,7,0,2944,False,AttentionBackend.FLASH_ATTENTION
0.0,0.0,0.0,0.0,0.0,0.131,0.133,0.1318,0.132,0.0007483314773547889,0.001,0.001,0.001,0.001,0.0,,,,,,4096,32,32,16,1,4096,8,0,2944,False,AttentionBackend.FLASH_ATTENTION
0.0,0.0,0.0,0.0,0.0,0.026000000000000002,0.026000000000000002,0.026000000000000002,0.026000000000000002,0.0,0.001,0.001,0.001,0.001,0.0,,,,,,4096,32,32,16,1,4096,1,0,3008,False,AttentionBackend.FLASH_ATTENTION
0.0,0.0,0.0,0.0,0.0,0.044,0.045,0.044599999999999994,0.045,0.000489897948556636,0.001,0.001,0.001,0.001,0.0,,,,,,4096,32,32,16,1,4096,2,0,3008,False,AttentionBackend.FLASH_ATTENTION
0.0,0.0,0.0,0.0,0.0,0.065,0.067,0.06620000000000001,0.066,0.0007483314773547889,0.001,0.001,0.001,0.001,0.0,,,,,,4096,32,32,16,1,4096,3,0,3008,False,AttentionBackend.FLASH_ATTENTION
0.0,0.0,0.0,0.0,0.0,0.076,0.077,0.07680000000000001,0.077,0.00040000000000000034,0.001,0.001,0.001,0.001,0.0,,,,,,4096,32,32,16,1,4096,4,0,3008,False,AttentionBackend.FLASH_ATTENTION
0.0,0.0,0.0,0.0,0.0,0.096,0.097,0.0964,0.096,0.000489897948556636,0.001,0.001,0.001,0.001,0.0,,,,,,4096,32,32,16,1,4096,5,0,3008,False,AttentionBackend.FLASH_ATTENTION
0.0,0.0,0.0,0.0,0.0,0.105,0.107,0.1058,0.105,0.000979795897113272,0.001,0.001,0.001,0.001,0.0,,,,,,4096,32,32,16,1,4096,6,0,3008,False,AttentionBackend.FLASH_ATTENTION
0.0,0.0,0.0,0.0,0.0,0.117,0.11800000000000001,0.11780000000000002,0.11800000000000001,0.00040000000000000034,0.001,0.001,0.001,0.001,0.0,,,,,,4096,32,32,16,1,4096,7,0,3008,False,AttentionBackend.FLASH_ATTENTION
0.0,0.0,0.0,0.0,0.0,0.132,0.134,0.1328,0.133,0.0007483314773547889,0.001,0.001,0.001,0.001,0.0,,,,,,4096,32,32,16,1,4096,8,0,3008,False,AttentionBackend.FLASH_ATTENTION
0.0,0.0,0.0,0.0,0.0,0.026000000000000002,0.029,0.027600000000000003,0.028,0.001019803902718557,0.001,0.001,0.001,0.001,0.0,,,,,,4096,32,32,16,1,4096,1,0,3072,False,AttentionBackend.FLASH_ATTENTION
0.0,0.0,0.0,0.0,0.0,0.046,0.048,0.046799999999999994,0.047,0.0007483314773547889,0.001,0.001,0.001,0.001,0.0,,,,,,4096,32,32,16,1,4096,2,0,3072,False,AttentionBackend.FLASH_ATTENTION
0.0,0.0,0.0,0.0,0.0,0.069,0.07,0.0698,0.07,0.00040000000000000034,0.001,0.001,0.001,0.001,0.0,,,,,,4096,32,32,16,1,4096,3,0,3072,False,AttentionBackend.FLASH_ATTENTION
0.0,0.0,0.0,0.0,0.0,0.078,0.08,0.0792,0.079,0.0007483314773547889,0.001,0.001,0.001,0.001,0.0,,,,,,4096,32,32,16,1,4096,4,0,3072,False,AttentionBackend.FLASH_ATTENTION
0.0,0.0,0.0,0.0,0.0,0.10200000000000001,0.10200000000000001,0.10200000000000001,0.10200000000000001,0.0,0.001,0.001,0.001,0.001,0.0,,,,,,4096,32,32,16,1,4096,5,0,3072,False,AttentionBackend.FLASH_ATTENTION
0.0,0.0,0.0,0.0,0.0,0.109,0.11,0.1092,0.109,0.00040000000000000034,0.001,0.001,0.001,0.001,0.0,,,,,,4096,32,32,16,1,4096,6,0,3072,False,AttentionBackend.FLASH_ATTENTION
0.0,0.0,0.0,0.0,0.0,0.121,0.124,0.122,0.122,0.0010954451150103333,0.001,0.001,0.001,0.001,0.0,,,,,,4096,32,32,16,1,4096,7,0,3072,False,AttentionBackend.FLASH_ATTENTION
0.0,0.0,0.0,0.0,0.0,0.137,0.138,0.1378,0.138,0.00040000000000000034,0.001,0.001,0.001,0.001,0.0,,,,,,4096,32,32,16,1,4096,8,0,3072,False,AttentionBackend.FLASH_ATTENTION
0.0,0.0,0.0,0.0,0.0,0.027,0.029,0.028000000000000004,0.028,0.0006324555320336764,0.001,0.001,0.001,0.001,0.0,,,,,,4096,32,32,16,1,4096,1,0,3136,False,AttentionBackend.FLASH_ATTENTION
0.0,0.0,0.0,0.0,0.0,0.045,0.046,0.045799999999999993,0.046,0.00040000000000000034,0.001,0.001,0.001,0.001,0.0,,,,,,4096,32,32,16,1,4096,2,0,3136,False,AttentionBackend.FLASH_ATTENTION
0.0,0.0,0.0,0.0,0.0,0.07,0.07100000000000001,0.0708,0.07100000000000001,0.00040000000000000034,0.001,0.001,0.001,0.001,0.0,,,,,,4096,32,32,16,1,4096,3,0,3136,False,AttentionBackend.FLASH_ATTENTION
0.0,0.0,0.0,0.0,0.0,0.078,0.08,0.079,0.079,0.0006324555320336764,0.001,0.001,0.001,0.001,0.0,,,,,,4096,32,32,16,1,4096,4,0,3136,False,AttentionBackend.FLASH_ATTENTION
0.0,0.0,0.0,0.0,0.0,0.099,0.101,0.1002,0.1,0.0007483314773547889,0.001,0.001,0.001,0.001,0.0,,,,,,4096,32,32,16,1,4096,5,0,3136,False,AttentionBackend.FLASH_ATTENTION
0.0,0.0,0.0,0.0,0.0,0.11,0.112,0.1106,0.11,0.0008000000000000007,0.001,0.001,0.001,0.001,0.0,,,,,,4096,32,32,16,1,4096,6,0,3136,False,AttentionBackend.FLASH_ATTENTION
0.0,0.0,0.0,0.0,0.0,0.124,0.125,0.1246,0.125,0.000489897948556636,0.001,0.001,0.001,0.001,0.0,,,,,,4096,32,32,16,1,4096,7,0,3136,False,AttentionBackend.FLASH_ATTENTION
0.0,0.0,0.0,0.0,0.0,0.138,0.139,0.1386,0.139,0.000489897948556636,0.001,0.001,0.001,0.001,0.0,,,,,,4096,32,32,16,1,4096,8,0,3136,False,AttentionBackend.FLASH_ATTENTION
0.0,0.0,0.0,0.0,0.0,0.029,0.029,0.029000000000000005,0.029,3.469446951953614e-18,0.001,0.001,0.001,0.001,0.0,,,,,,4096,32,32,16,1,4096,1,0,3200,False,AttentionBackend.FLASH_ATTENTION
0.0,0.0,0.0,0.0,0.0,0.048,0.049,0.0486,0.049,0.000489897948556636,0.001,0.001,0.001,0.001,0.0,,,,,,4096,32,32,16,1,4096,2,0,3200,False,AttentionBackend.FLASH_ATTENTION
0.0,0.0,0.0,0.0,0.0,0.068,0.07100000000000001,0.06960000000000001,0.07,0.001019803902718558,0.001,0.001,0.001,0.001,0.0,,,,,,4096,32,32,16,1,4096,3,0,3200,False,AttentionBackend.FLASH_ATTENTION
0.0,0.0,0.0,0.0,0.0,0.082,0.083,0.0826,0.083,0.000489897948556636,0.001,0.001,0.001,0.001,0.0,,,,,,4096,32,32,16,1,4096,4,0,3200,False,AttentionBackend.FLASH_ATTENTION
0.0,0.0,0.0,0.0,0.0,0.10300000000000001,0.106,0.1046,0.105,0.001019803902718552,0.001,0.001,0.001,0.001,0.0,,,,,,4096,32,32,16,1,4096,5,0,3200,False,AttentionBackend.FLASH_ATTENTION
0.0,0.0,0.0,0.0,0.0,0.113,0.115,0.11420000000000001,0.114,0.0007483314773547889,0.001,0.001,0.001,0.001,0.0,,,,,,4096,32,32,16,1,4096,6,0,3200,False,AttentionBackend.FLASH_ATTENTION
0.0,0.0,0.0,0.0,0.0,0.126,0.128,0.1268,0.127,0.0007483314773547889,0.001,0.001,0.001,0.001,0.0,,,,,,4096,32,32,16,1,4096,7,0,3200,False,AttentionBackend.FLASH_ATTENTION
0.0,0.0,0.0,0.0,0.0,0.14200000000000002,0.14300000000000002,0.14220000000000002,0.14200000000000002,0.00040000000000000034,0.001,0.001,0.001,0.001,0.0,,,,,,4096,32,32,16,1,4096,8,0,3200,False,AttentionBackend.FLASH_ATTENTION
0.0,0.0,0.0,0.0,0.0,0.028,0.029,0.028600000000000004,0.029,0.000489897948556636,0.001,0.001,0.001,0.001,0.0,,,,,,4096,32,32,16,1,4096,1,0,3264,False,AttentionBackend.FLASH_ATTENTION
0.0,0.0,0.0,0.0,0.0,0.047,0.048,0.0474,0.047,0.000489897948556636,0.001,0.001,0.001,0.001,0.0,,,,,,4096,32,32,16,1,4096,2,0,3264,False,AttentionBackend.FLASH_ATTENTION
0.0,0.0,0.0,0.0,0.0,0.07,0.07100000000000001,0.0704,0.07,0.000489897948556636,0.001,0.001,0.001,0.001,0.0,,,,,,4096,32,32,16,1,4096,3,0,3264,False,AttentionBackend.FLASH_ATTENTION
0.0,0.0,0.0,0.0,0.0,0.082,0.083,0.08280000000000001,0.083,0.00040000000000000034,0.001,0.001,0.001,0.001,0.0,,,,,,4096,32,32,16,1,4096,4,0,3264,False,AttentionBackend.FLASH_ATTENTION
0.0,0.0,0.0,0.0,0.0,0.10300000000000001,0.106,0.1042,0.10400000000000001,0.000979795897113267,0.001,0.001,0.001,0.001,0.0,,,,,,4096,32,32,16,1,4096,5,0,3264,False,AttentionBackend.FLASH_ATTENTION
0.0,0.0,0.0,0.0,0.0,0.113,0.116,0.11400000000000002,0.113,0.0012649110640673528,0.001,0.001,0.001,0.001,0.0,,,,,,4096,32,32,16,1,4096,6,0,3264,False,AttentionBackend.FLASH_ATTENTION
0.0,0.0,0.0,0.0,0.0,0.128,0.13,0.129,0.129,0.0008944271909999167,0.001,0.001,0.001,0.001,0.0,,,,,,4096,32,32,16,1,4096,7,0,3264,False,AttentionBackend.FLASH_ATTENTION
0.0,0.0,0.0,0.0,0.0,0.14200000000000002,0.14400000000000002,0.14320000000000002,0.14300000000000002,0.0007483314773547889,0.001,0.001,0.001,0.001,0.0,,,,,,4096,32,32,16,1,4096,8,0,3264,False,AttentionBackend.FLASH_ATTENTION
0.0,0.0,0.0,0.0,0.0,0.029,0.03,0.029599999999999998,0.03,0.0004898979485566344,0.001,0.001,0.001,0.001,0.0,,,,,,4096,32,32,16,1,4096,1,0,3328,False,AttentionBackend.FLASH_ATTENTION
0.0,0.0,0.0,0.0,0.0,0.049,0.05,0.0496,0.05,0.000489897948556636,0.001,0.001,0.001,0.001,0.0,,,,,,4096,32,32,16,1,4096,2,0,3328,False,AttentionBackend.FLASH_ATTENTION
0.0,0.0,0.0,0.0,0.0,0.07100000000000001,0.073,0.07200000000000001,0.07200000000000001,0.0006324555320336721,0.001,0.001,0.001,0.001,0.0,,,,,,4096,32,32,16,1,4096,3,0,3328,False,AttentionBackend.FLASH_ATTENTION
0.0,0.0,0.0,0.0,0.0,0.085,0.085,0.085,0.085,0.0,0.001,0.001,0.001,0.001,0.0,,,,,,4096,32,32,16,1,4096,4,0,3328,False,AttentionBackend.FLASH_ATTENTION
0.0,0.0,0.0,0.0,0.0,0.108,0.11,0.10880000000000001,0.109,0.0007483314773547889,0.001,0.001,0.001,0.001,0.0,,,,,,4096,32,32,16,1,4096,5,0,3328,False,AttentionBackend.FLASH_ATTENTION
0.0,0.0,0.0,0.0,0.0,0.117,0.11900000000000001,0.11760000000000001,0.117,0.0008000000000000007,0.001,0.001,0.001,0.001,0.0,,,,,,4096,32,32,16,1,4096,6,0,3328,False,AttentionBackend.FLASH_ATTENTION
0.0,0.0,0.0,0.0,0.0,0.132,0.134,0.1328,0.133,0.0007483314773547889,0.001,0.001,0.001,0.001,0.0,,,,,,4096,32,32,16,1,4096,7,0,3328,False,AttentionBackend.FLASH_ATTENTION
0.0,0.0,0.0,0.0,0.0,0.146,0.148,0.1472,0.147,0.000748331477354789,0.001,0.001,0.001,0.001,0.0,,,,,,4096,32,32,16,1,4096,8,0,3328,False,AttentionBackend.FLASH_ATTENTION
0.0,0.0,0.0,0.0,0.0,0.029,0.031,0.030199999999999998,0.03,0.0007483314773547878,0.001,0.001,0.001,0.001,0.0,,,,,,4096,32,32,16,1,4096,1,0,3392,False,AttentionBackend.FLASH_ATTENTION
0.0,0.0,0.0,0.0,0.0,0.048,0.049,0.048799999999999996,0.049,0.00040000000000000034,0.001,0.001,0.001,0.001,0.0,,,,,,4096,32,32,16,1,4096,2,0,3392,False,AttentionBackend.FLASH_ATTENTION
0.0,0.0,0.0,0.0,0.0,0.07100000000000001,0.073,0.07200000000000001,0.07200000000000001,0.0008944271909999105,0.001,0.001,0.001,0.001,0.0,,,,,,4096,32,32,16,1,4096,3,0,3392,False,AttentionBackend.FLASH_ATTENTION
0.0,0.0,0.0,0.0,0.0,0.085,0.08600000000000001,0.08520000000000001,0.085,0.00040000000000000034,0.001,0.001,0.001,0.001,0.0,,,,,,4096,32,32,16,1,4096,4,0,3392,False,AttentionBackend.FLASH_ATTENTION
0.0,0.0,0.0,0.0,0.0,0.108,0.109,0.1086,0.109,0.000489897948556636,0.001,0.001,0.001,0.001,0.0,,,,,,4096,32,32,16,1,4096,5,0,3392,False,AttentionBackend.FLASH_ATTENTION
0.0,0.0,0.0,0.0,0.0,0.116,0.117,0.11680000000000001,0.117,0.00040000000000000034,0.001,0.001,0.001,0.001,0.0,,,,,,4096,32,32,16,1,4096,6,0,3392,False,AttentionBackend.FLASH_ATTENTION
0.0,0.0,0.0,0.0,0.0,0.132,0.134,0.133,0.133,0.0008944271909999167,0.001,0.001,0.001,0.001,0.0,,,,,,4096,32,32,16,1,4096,7,0,3392,False,AttentionBackend.FLASH_ATTENTION
0.0,0.0,0.0,0.0,0.0,0.147,0.149,0.1482,0.149,0.000979795897113272,0.001,0.001,0.001,0.001,0.0,,,,,,4096,32,32,16,1,4096,8,0,3392,False,AttentionBackend.FLASH_ATTENTION
0.0,0.0,0.0,0.0,0.0,0.03,0.031,0.030199999999999998,0.03,0.00040000000000000034,0.001,0.001,0.001,0.001,0.0,,,,,,4096,32,32,16,1,4096,1,0,3456,False,AttentionBackend.FLASH_ATTENTION
0.0,0.0,0.0,0.0,0.0,0.05,0.052000000000000005,0.051000000000000004,0.051000000000000004,0.0008944271909999167,0.001,0.001,0.001,0.001,0.0,,,,,,4096,32,32,16,1,4096,2,0,3456,False,AttentionBackend.FLASH_ATTENTION
0.0,0.0,0.0,0.0,0.0,0.07200000000000001,0.074,0.0732,0.073,0.0007483314773547845,0.001,0.001,0.001,0.001,0.0,,,,,,4096,32,32,16,1,4096,3,0,3456,False,AttentionBackend.FLASH_ATTENTION
0.0,0.0,0.0,0.0,0.0,0.08700000000000001,0.089,0.08760000000000001,0.08700000000000001,0.0007999999999999944,0.001,0.001,0.001,0.001,0.0,,,,,,4096,32,32,16,1,4096,4,0,3456,False,AttentionBackend.FLASH_ATTENTION
0.0,0.0,0.0,0.0,0.0,0.112,0.114,0.11280000000000001,0.113,0.0007483314773547889,0.001,0.001,0.001,0.001,0.0,,,,,,4096,32,32,16,1,4096,5,0,3456,False,AttentionBackend.FLASH_ATTENTION
0.0,0.0,0.0,0.0,0.0,0.121,0.122,0.1216,0.122,0.000489897948556636,0.001,0.001,0.001,0.001,0.0,,,,,,4096,32,32,16,1,4096,6,0,3456,False,AttentionBackend.FLASH_ATTENTION
0.0,0.0,0.0,0.0,0.0,0.136,0.137,0.13640000000000002,0.136,0.000489897948556636,0.001,0.001,0.001,0.001,0.0,,,,,,4096,32,32,16,1,4096,7,0,3456,False,AttentionBackend.FLASH_ATTENTION
0.0,0.0,0.0,0.0,0.0,0.151,0.154,0.1522,0.152,0.000979795897113272,0.001,0.001,0.001,0.001,0.0,,,,,,4096,32,32,16,1,4096,8,0,3456,False,AttentionBackend.FLASH_ATTENTION
0.0,0.0,0.0,0.0,0.0,0.03,0.031,0.0304,0.03,0.000489897948556636,0.001,0.001,0.001,0.001,0.0,,,,,,4096,32,32,16,1,4096,1,0,3520,False,AttentionBackend.FLASH_ATTENTION
0.0,0.0,0.0,0.0,0.0,0.049,0.051000000000000004,0.05,0.05,0.0006324555320336764,0.001,0.001,0.001,0.001,0.0,,,,,,4096,32,32,16,1,4096,2,0,3520,False,AttentionBackend.FLASH_ATTENTION
0.0,0.0,0.0,0.0,0.0,0.076,0.076,0.076,0.076,0.0,0.001,0.001,0.001,0.001,0.0,,,,,,4096,32,32,16,1,4096,3,0,3520,False,AttentionBackend.FLASH_ATTENTION
0.0,0.0,0.0,0.0,0.0,0.08700000000000001,0.089,0.088,0.088,0.0006324555320336721,0.001,0.001,0.001,0.001,0.0,,,,,,4096,32,32,16,1,4096,4,0,3520,False,AttentionBackend.FLASH_ATTENTION
0.0,0.0,0.0,0.0,0.0,0.11,0.112,0.1106,0.11,0.0008000000000000008,0.001,0.001,0.001,0.001,0.0,,,,,,4096,32,32,16,1,4096,5,0,3520,False,AttentionBackend.FLASH_ATTENTION
0.0,0.0,0.0,0.0,0.0,0.122,0.123,0.1224,0.122,0.000489897948556636,0.001,0.001,0.001,0.001,0.0,,,,,,4096,32,32,16,1,4096,6,0,3520,False,AttentionBackend.FLASH_ATTENTION
0.0,0.0,0.0,0.0,0.0,0.136,0.138,0.13720000000000002,0.137,0.0007483314773547889,0.001,0.001,0.001,0.001,0.0,,,,,,4096,32,32,16,1,4096,7,0,3520,False,AttentionBackend.FLASH_ATTENTION
0.0,0.0,0.0,0.0,0.0,0.153,0.156,0.1542,0.154,0.000979795897113272,0.001,0.001,0.001,0.001,0.0,,,,,,4096,32,32,16,1,4096,8,0,3520,False,AttentionBackend.FLASH_ATTENTION
0.0,0.0,0.0,0.0,0.0,0.032,0.034,0.0328,0.033,0.000748331477354789,0.001,0.001,0.001,0.001,0.0,,,,,,4096,32,32,16,1,4096,1,0,3584,False,AttentionBackend.FLASH_ATTENTION
0.0,0.0,0.0,0.0,0.0,0.052000000000000005,0.053,0.0522,0.052000000000000005,0.0003999999999999976,0.001,0.001,0.001,0.001,0.0,,,,,,4096,32,32,16,1,4096,2,0,3584,False,AttentionBackend.FLASH_ATTENTION
0.0,0.0,0.0,0.0,0.0,0.078,0.078,0.078,0.078,0.0,0.001,0.001,0.001,0.001,0.0,,,,,,4096,32,32,16,1,4096,3,0,3584,False,AttentionBackend.FLASH_ATTENTION
0.0,0.0,0.0,0.0,0.0,0.091,0.092,0.0914,0.091,0.000489897948556636,0.001,0.001,0.001,0.001,0.0,,,,,,4096,32,32,16,1,4096,4,0,3584,False,AttentionBackend.FLASH_ATTENTION
0.0,0.0,0.0,0.0,0.0,0.116,0.117,0.11640000000000002,0.116,0.000489897948556636,0.001,0.001,0.001,0.001,0.0,,,,,,4096,32,32,16,1,4096,5,0,3584,False,AttentionBackend.FLASH_ATTENTION
0.0,0.0,0.0,0.0,0.0,0.125,0.126,0.1256,0.126,0.000489897948556636,0.001,0.001,0.001,0.001,0.0,,,,,,4096,32,32,16,1,4096,6,0,3584,False,AttentionBackend.FLASH_ATTENTION
0.0,0.0,0.0,0.0,0.0,0.14100000000000001,0.14200000000000002,0.14120000000000002,0.14100000000000001,0.00040000000000000034,0.001,0.001,0.001,0.001,0.0,,,,,,4096,32,32,16,1,4096,7,0,3584,False,AttentionBackend.FLASH_ATTENTION
0.0,0.0,0.0,0.0,0.0,0.157,0.159,0.1578,0.158,0.0007483314773547889,0.001,0.001,0.001,0.001,0.0,,,,,,4096,32,32,16,1,4096,8,0,3584,False,AttentionBackend.FLASH_ATTENTION
0.0,0.0,0.0,0.0,0.0,0.031,0.033,0.0322,0.032,0.000748331477354789,0.001,0.001,0.001,0.001,0.0,,,,,,4096,32,32,16,1,4096,1,0,3648,False,AttentionBackend.FLASH_ATTENTION
0.0,0.0,0.0,0.0,0.0,0.049,0.052000000000000005,0.0506,0.051000000000000004,0.001019803902718558,0.001,0.001,0.001,0.001,0.0,,,,,,4096,32,32,16,1,4096,2,0,3648,False,AttentionBackend.FLASH_ATTENTION
0.0,0.0,0.0,0.0,0.0,0.079,0.08,0.07980000000000001,0.08,0.00040000000000000034,0.001,0.001,0.001,0.001,0.0,,,,,,4096,32,32,16,1,4096,3,0,3648,False,AttentionBackend.FLASH_ATTENTION
0.0,0.0,0.0,0.0,0.0,0.091,0.093,0.09159999999999999,0.091,0.0008000000000000007,0.001,0.001,0.001,0.001,0.0,,,,,,4096,32,32,16,1,4096,4,0,3648,False,AttentionBackend.FLASH_ATTENTION
0.0,0.0,0.0,0.0,0.0,0.115,0.116,0.11520000000000001,0.115,0.00040000000000000034,0.001,0.001,0.001,0.001,0.0,,,,,,4096,32,32,16,1,4096,5,0,3648,False,AttentionBackend.FLASH_ATTENTION
0.0,0.0,0.0,0.0,0.0,0.125,0.127,0.1264,0.127,0.0008000000000000007,0.001,0.001,0.001,0.001,0.0,,,,,,4096,32,32,16,1,4096,6,0,3648,False,AttentionBackend.FLASH_ATTENTION
0.0,0.0,0.0,0.0,0.0,0.14100000000000001,0.14200000000000002,0.14140000000000003,0.14100000000000001,0.000489897948556636,0.001,0.001,0.001,0.001,0.0,,,,,,4096,32,32,16,1,4096,7,0,3648,False,AttentionBackend.FLASH_ATTENTION
0.0,0.0,0.0,0.0,0.0,0.157,0.16,0.15860000000000002,0.158,0.001200000000000001,0.001,0.001,0.001,0.001,0.0,,,,,,4096,32,32,16,1,4096,8,0,3648,False,AttentionBackend.FLASH_ATTENTION
0.0,0.0,0.0,0.0,0.0,0.033,0.033,0.033,0.033,0.0,0.001,0.001,0.001,0.001,0.0,,,,,,4096,32,32,16,1,4096,1,0,3712,False,AttentionBackend.FLASH_ATTENTION
0.0,0.0,0.0,0.0,0.0,0.052000000000000005,0.054,0.053200000000000004,0.053,0.0007483314773547866,0.001,0.001,0.001,0.001,0.0,,,,,,4096,32,32,16,1,4096,2,0,3712,False,AttentionBackend.FLASH_ATTENTION
0.0,0.0,0.0,0.0,0.0,0.078,0.08,0.079,0.079,0.0006324555320336764,0.001,0.001,0.001,0.001,0.0,,,,,,4096,32,32,16,1,4096,3,0,3712,False,AttentionBackend.FLASH_ATTENTION
0.0,0.0,0.0,0.0,0.0,0.093,0.094,0.0934,0.093,0.000489897948556636,0.001,0.001,0.001,0.001,0.0,,,,,,4096,32,32,16,1,4096,4,0,3712,False,AttentionBackend.FLASH_ATTENTION
0.0,0.0,0.0,0.0,0.0,0.11900000000000001,0.12,0.11979999999999999,0.12,0.0003999999999999948,0.001,0.001,0.001,0.001,0.0,,,,,,4096,32,32,16,1,4096,5,0,3712,False,AttentionBackend.FLASH_ATTENTION
0.0,0.0,0.0,0.0,0.0,0.129,0.13,0.1296,0.13,0.000489897948556636,0.001,0.001,0.001,0.001,0.0,,,,,,4096,32,32,16,1,4096,6,0,3712,False,AttentionBackend.FLASH_ATTENTION
0.0,0.0,0.0,0.0,0.0,0.145,0.147,0.1464,0.147,0.0008000000000000007,0.001,0.001,0.001,0.001,0.0,,,,,,4096,32,32,16,1,4096,7,0,3712,False,AttentionBackend.FLASH_ATTENTION
0.0,0.0,0.0,0.0,0.0,0.163,0.165,0.1638,0.164,0.0007483314773547889,0.001,0.001,0.001,0.001,0.0,,,,,,4096,32,32,16,1,4096,8,0,3712,False,AttentionBackend.FLASH_ATTENTION
0.0,0.0,0.0,0.0,0.0,0.032,0.034,0.0328,0.033,0.000748331477354789,0.001,0.001,0.001,0.001,0.0,,,,,,4096,32,32,16,1,4096,1,0,3776,False,AttentionBackend.FLASH_ATTENTION
0.0,0.0,0.0,0.0,0.0,0.053,0.054,0.0536,0.054,0.000489897948556636,0.001,0.001,0.001,0.001,0.0,,,,,,4096,32,32,16,1,4096,2,0,3776,False,AttentionBackend.FLASH_ATTENTION
0.0,0.0,0.0,0.0,0.0,0.079,0.08,0.0796,0.08,0.000489897948556636,0.001,0.001,0.001,0.001,0.0,,,,,,4096,32,32,16,1,4096,3,0,3776,False,AttentionBackend.FLASH_ATTENTION
0.0,0.0,0.0,0.0,0.0,0.092,0.094,0.093,0.093,0.0006324555320336764,0.001,0.001,0.001,0.001,0.0,,,,,,4096,32,32,16,1,4096,4,0,3776,False,AttentionBackend.FLASH_ATTENTION
0.0,0.0,0.0,0.0,0.0,0.12,0.12,0.12,0.12,0.0,0.001,0.001,0.001,0.001,0.0,,,,,,4096,32,32,16,1,4096,5,0,3776,False,AttentionBackend.FLASH_ATTENTION
0.0,0.0,0.0,0.0,0.0,0.129,0.131,0.1302,0.13,0.0007483314773547889,0.001,0.001,0.001,0.001,0.0,,,,,,4096,32,32,16,1,4096,6,0,3776,False,AttentionBackend.FLASH_ATTENTION
0.0,0.0,0.0,0.0,0.0,0.147,0.148,0.1476,0.148,0.000489897948556636,0.001,0.001,0.001,0.001,0.0,,,,,,4096,32,32,16,1,4096,7,0,3776,False,AttentionBackend.FLASH_ATTENTION
0.0,0.0,0.0,0.0,0.0,0.162,0.164,0.1632,0.163,0.0007483314773547889,0.001,0.001,0.001,0.001,0.0,,,,,,4096,32,32,16,1,4096,8,0,3776,False,AttentionBackend.FLASH_ATTENTION
0.0,0.0,0.0,0.0,0.0,0.033,0.034,0.0332,0.033,0.00040000000000000034,0.001,0.001,0.001,0.001,0.0,,,,,,4096,32,32,16,1,4096,1,0,3840,False,AttentionBackend.FLASH_ATTENTION
0.0,0.0,0.0,0.0,0.0,0.056,0.058,0.0568,0.057,0.0007483314773547889,0.001,0.001,0.001,0.001,0.0,,,,,,4096,32,32,16,1,4096,2,0,3840,False,AttentionBackend.FLASH_ATTENTION
0.0,0.0,0.0,0.0,0.0,0.08,0.081,0.08020000000000001,0.08,0.00040000000000000034,0.001,0.001,0.001,0.001,0.0,,,,,,4096,32,32,16,1,4096,3,0,3840,False,AttentionBackend.FLASH_ATTENTION
0.0,0.0,0.0,0.0,0.0,0.096,0.098,0.097,0.097,0.0008944271909999167,0.001,0.001,0.001,0.001,0.0,,,,,,4096,32,32,16,1,4096,4,0,3840,False,AttentionBackend.FLASH_ATTENTION
0.0,0.0,0.0,0.0,0.0,0.122,0.124,0.1234,0.124,0.0008000000000000007,0.001,0.001,0.001,0.001,0.0,,,,,,4096,32,32,16,1,4096,5,0,3840,False,AttentionBackend.FLASH_ATTENTION
0.0,0.0,0.0,0.0,0.0,0.134,0.135,0.1346,0.135,0.000489897948556636,0.001,0.001,0.001,0.001,0.0,,,,,,4096,32,32,16,1,4096,6,0,3840,False,AttentionBackend.FLASH_ATTENTION
0.0,0.0,0.0,0.0,0.0,0.15,0.152,0.151,0.151,0.0008944271909999167,0.001,0.001,0.001,0.001,0.0,,,,,,4096,32,32,16,1,4096,7,0,3840,False,AttentionBackend.FLASH_ATTENTION
0.0,0.0,0.0,0.0,0.0,0.168,0.17,0.1688,0.169,0.0007483314773547889,0.001,0.001,0.001,0.001,0.0,,,,,,4096,32,32,16,1,4096,8,0,3840,False,AttentionBackend.FLASH_ATTENTION
0.0,0.0,0.0,0.0,0.0,0.033,0.035,0.033800000000000004,0.034,0.000748331477354789,0.001,0.001,0.001,0.001,0.0,,,,,,4096,32,32,16,1,4096,1,0,3904,False,AttentionBackend.FLASH_ATTENTION
0.0,0.0,0.0,0.0,0.0,0.054,0.055,0.054200000000000005,0.054,0.00040000000000000034,0.001,0.001,0.001,0.001,0.0,,,,,,4096,32,32,16,1,4096,2,0,3904,False,AttentionBackend.FLASH_ATTENTION
0.0,0.0,0.0,0.0,0.0,0.08,0.081,0.0806,0.081,0.000489897948556636,0.001,0.001,0.001,0.001,0.0,,,,,,4096,32,32,16,1,4096,3,0,3904,False,AttentionBackend.FLASH_ATTENTION
0.0,0.0,0.0,0.0,0.0,0.097,0.098,0.0972,0.097,0.00040000000000000034,0.001,0.001,0.001,0.001,0.0,,,,,,4096,32,32,16,1,4096,4,0,3904,False,AttentionBackend.FLASH_ATTENTION
0.0,0.0,0.0,0.0,0.0,0.121,0.122,0.12179999999999999,0.122,0.00040000000000000034,0.001,0.001,0.001,0.001,0.0,,,,,,4096,32,32,16,1,4096,5,0,3904,False,AttentionBackend.FLASH_ATTENTION
0.0,0.0,0.0,0.0,0.0,0.134,0.136,0.13440000000000002,0.134,0.0008000000000000007,0.001,0.001,0.001,0.001,0.0,,,,,,4096,32,32,16,1,4096,6,0,3904,False,AttentionBackend.FLASH_ATTENTION
0.0,0.0,0.0,0.0,0.0,0.151,0.153,0.1518,0.152,0.0007483314773547889,0.001,0.001,0.001,0.001,0.0,,,,,,4096,32,32,16,1,4096,7,0,3904,False,AttentionBackend.FLASH_ATTENTION
0.0,0.0,0.0,0.0,0.0,0.168,0.17,0.169,0.169,0.0008944271909999167,0.001,0.001,0.001,0.001,0.0,,,,,,4096,32,32,16,1,4096,8,0,3904,False,AttentionBackend.FLASH_ATTENTION
0.0,0.0,0.0,0.0,0.0,0.033,0.036000000000000004,0.0344,0.034,0.001019803902718558,0.001,0.001,0.001,0.001,0.0,,,,,,4096,32,32,16,1,4096,1,0,3968,False,AttentionBackend.FLASH_ATTENTION
0.0,0.0,0.0,0.0,0.0,0.056,0.058,0.056600000000000004,0.056,0.0008000000000000007,0.001,0.001,0.001,0.001,0.0,,,,,,4096,32,32,16,1,4096,2,0,3968,False,AttentionBackend.FLASH_ATTENTION
0.0,0.0,0.0,0.0,0.0,0.084,0.085,0.08420000000000001,0.084,0.00040000000000000034,0.001,0.001,0.001,0.001,0.0,,,,,,4096,32,32,16,1,4096,3,0,3968,False,AttentionBackend.FLASH_ATTENTION
0.0,0.0,0.0,0.0,0.0,0.099,0.10200000000000001,0.1004,0.1,0.001019803902718558,0.001,0.001,0.001,0.001,0.0,,,,,,4096,32,32,16,1,4096,4,0,3968,False,AttentionBackend.FLASH_ATTENTION
0.0,0.0,0.0,0.0,0.0,0.127,0.128,0.1272,0.127,0.00040000000000000034,0.001,0.001,0.001,0.001,0.0,,,,,,4096,32,32,16,1,4096,5,0,3968,False,AttentionBackend.FLASH_ATTENTION
0.0,0.0,0.0,0.0,0.0,0.139,0.14,0.13940000000000002,0.139,0.000489897948556636,0.001,0.001,0.001,0.001,0.0,,,,,,4096,32,32,16,1,4096,6,0,3968,False,AttentionBackend.FLASH_ATTENTION
0.0,0.0,0.0,0.0,0.0,0.154,0.156,0.155,0.155,0.0008944271909999167,0.001,0.001,0.001,0.001,0.0,,,,,,4096,32,32,16,1,4096,7,0,3968,False,AttentionBackend.FLASH_ATTENTION
0.0,0.0,0.0,0.0,0.0,0.17400000000000002,0.17500000000000002,0.17440000000000003,0.17400000000000002,0.000489897948556636,0.001,0.001,0.001,0.001,0.0,,,,,,4096,32,32,16,1,4096,8,0,3968,False,AttentionBackend.FLASH_ATTENTION
0.0,0.0,0.0,0.0,0.0,0.034,0.035,0.0344,0.034,0.000489897948556636,0.001,0.001,0.001,0.001,0.0,,,,,,4096,32,32,16,1,4096,1,0,4032,False,AttentionBackend.FLASH_ATTENTION
0.0,0.0,0.0,0.0,0.0,0.055,0.057,0.05600000000000001,0.056,0.0006324555320336764,0.001,0.001,0.001,0.001,0.0,,,,,,4096,32,32,16,1,4096,2,0,4032,False,AttentionBackend.FLASH_ATTENTION
0.0,0.0,0.0,0.0,0.0,0.084,0.08600000000000001,0.08480000000000001,0.085,0.0007483314773547889,0.001,0.001,0.001,0.001,0.0,,,,,,4096,32,32,16,1,4096,3,0,4032,False,AttentionBackend.FLASH_ATTENTION
0.0,0.0,0.0,0.0,0.0,0.098,0.101,0.0996,0.1,0.0010198039027185578,0.001,0.001,0.001,0.001,0.0,,,,,,4096,32,32,16,1,4096,4,0,4032,False,AttentionBackend.FLASH_ATTENTION
0.0,0.0,0.0,0.0,0.0,0.126,0.128,0.127,0.127,0.0006324555320336764,0.001,0.001,0.001,0.001,0.0,,,,,,4096,32,32,16,1,4096,5,0,4032,False,AttentionBackend.FLASH_ATTENTION
0.0,0.0,0.0,0.0,0.0,0.138,0.139,0.13840000000000002,0.138,0.000489897948556636,0.001,0.001,0.001,0.001,0.0,,,,,,4096,32,32,16,1,4096,6,0,4032,False,AttentionBackend.FLASH_ATTENTION
0.0,0.0,0.0,0.0,0.0,0.155,0.157,0.156,0.156,0.0006324555320336764,0.001,0.001,0.001,0.001,0.0,,,,,,4096,32,32,16,1,4096,7,0,4032,False,AttentionBackend.FLASH_ATTENTION
0.0,0.0,0.0,0.0,0.0,0.17400000000000002,0.178,0.1758,0.176,0.0013266499161421503,0.001,0.001,0.001,0.001,0.0,,,,,,4096,32,32,16,1,4096,8,0,4032,False,AttentionBackend.FLASH_ATTENTION
0.0,0.0,0.0,0.0,0.0,,,,,,0.003,0.003,0.003,0.003,0.0,0.048,0.048,0.048,0.048,0.0,4096,32,32,16,1,4096,1,512,0,True,AttentionBackend.FLASH_ATTENTION
0.0,0.0,0.0,0.0,0.0,,,,,,0.003,0.003,0.003,0.003,0.0,0.067,0.068,0.0674,0.067,0.000489897948556636,4096,32,32,16,1,4096,1,512,512,True,AttentionBackend.FLASH_ATTENTION
0.0,0.0,0.0,0.0,0.0,,,,,,0.003,0.003,0.003,0.003,0.0,0.08600000000000001,0.092,0.08860000000000001,0.088,0.0021540659228537983,4096,32,32,16,1,4096,1,512,1024,True,AttentionBackend.FLASH_ATTENTION
0.0,0.0,0.0,0.0,0.0,,,,,,0.003,0.003,0.003,0.003,0.0,0.09,0.093,0.0914,0.092,0.0012000000000000012,4096,32,32,16,1,4096,1,512,1024,True,AttentionBackend.FLASH_ATTENTION
0.0,0.0,0.0,0.0,0.0,,,,,,0.003,0.003,0.003,0.003,0.0,0.07,0.075,0.0728,0.073,0.0017204650534085211,4096,32,32,16,1,4096,1,544,0,True,AttentionBackend.FLASH_ATTENTION
0.0,0.0,0.0,0.0,0.0,,,,,,0.003,0.004,0.0034000000000000002,0.003,0.0004898979485566356,0.1,0.112,0.1042,0.10200000000000001,0.004214261501141093,4096,32,32,16,1,4096,1,544,512,True,AttentionBackend.FLASH_ATTENTION
0.0,0.0,0.0,0.0,0.0,,,,,,0.003,0.004,0.0034000000000000002,0.003,0.0004898979485566356,0.124,0.132,0.1266,0.125,0.003072458299147446,4096,32,32,16,1,4096,1,544,1024,True,AttentionBackend.FLASH_ATTENTION
0.0,0.0,0.0,0.0,0.0,,,,,,0.003,0.004,0.0038,0.004,0.0004,0.127,0.138,0.13140000000000002,0.129,0.00402988833592198,4096,32,32,16,1,4096,1,544,1024,True,AttentionBackend.FLASH_ATTENTION
0.0,0.0,0.0,0.0,0.0,,,,,,0.003,0.004,0.0034000000000000002,0.003,0.0004898979485566356,0.073,0.078,0.0754,0.076,0.001743559577416271,4096,32,32,16,1,4096,1,576,0,True,AttentionBackend.FLASH_ATTENTION
0.0,0.0,0.0,0.0,0.0,,,,,,0.003,0.004,0.0034000000000000002,0.003,0.0004898979485566356,0.1,0.10400000000000001,0.10200000000000001,0.10200000000000001,0.0014142135623730963,4096,32,32,16,1,4096,1,576,512,True,AttentionBackend.FLASH_ATTENTION
0.0,0.0,0.0,0.0,0.0,,,,,,0.003,0.004,0.0038,0.004,0.0004,0.125,0.134,0.1292,0.128,0.0030594117081556736,4096,32,32,16,1,4096,1,576,1024,True,AttentionBackend.FLASH_ATTENTION
0.0,0.0,0.0,0.0,0.0,,,,,,0.004,0.004,0.004,0.004,0.0,0.127,0.133,0.1298,0.128,0.002638181191654586,4096,32,32,16,1,4096,1,576,1024,True,AttentionBackend.FLASH_ATTENTION
0.0,0.0,0.0,0.0,0.0,,,,,,0.003,0.004,0.0036,0.004,0.0004898979485566356,0.083,0.093,0.08919999999999999,0.09,0.00381575680566778,4096,32,32,16,1,4096,1,608,0,True,AttentionBackend.FLASH_ATTENTION
0.0,0.0,0.0,0.0,0.0,,,,,,0.004,0.004,0.004,0.004,0.0,0.111,0.123,0.11760000000000001,0.11800000000000001,0.0038781438859330627,4096,32,32,16,1,4096,1,608,512,True,AttentionBackend.FLASH_ATTENTION
0.0,0.0,0.0,0.0,0.0,,,,,,0.004,0.004,0.004,0.004,0.0,0.13,0.145,0.138,0.139,0.0054037024344425165,4096,32,32,16,1,4096,1,608,1024,True,AttentionBackend.FLASH_ATTENTION
0.0,0.0,0.0,0.0,0.0,,,,,,0.004,0.004,0.004,0.004,0.0,0.132,0.14100000000000001,0.13740000000000002,0.138,0.0030066592756745844,4096,32,32,16,1,4096,1,608,1024,True,AttentionBackend.FLASH_ATTENTION
0.0,0.0,0.0,0.0,0.0,,,,,,0.003,0.004,0.0038,0.004,0.0004,0.083,0.092,0.08660000000000001,0.085,0.0031368774282716214,4096,32,32,16,1,4096,1,640,0,True,AttentionBackend.FLASH_ATTENTION
0.0,0.0,0.0,0.0,0.0,,,,,,0.004,0.004,0.004,0.004,0.0,0.114,0.123,0.1192,0.121,0.0035440090293338664,4096,32,32,16,1,4096,1,640,512,True,AttentionBackend.FLASH_ATTENTION
0.0,0.0,0.0,0.0,0.0,,,,,,0.004,0.004,0.004,0.004,0.0,0.139,0.14300000000000002,0.14100000000000001,0.14200000000000002,0.0016733200530681528,4096,32,32,16,1,4096,1,640,1024,True,AttentionBackend.FLASH_ATTENTION
0.0,0.0,0.0,0.0,0.0,,,,,,0.004,0.004,0.004,0.004,0.0,0.134,0.14100000000000001,0.138,0.138,0.002280350850198278,4096,32,32,16,1,4096,1,640,1024,True,AttentionBackend.FLASH_ATTENTION
0.0,0.0,0.0,0.0,0.0,,,,,,0.004,0.004,0.004,0.004,0.0,0.10200000000000001,0.107,0.1048,0.105,0.0017204650534085211,4096,32,32,16,1,4096,1,672,0,True,AttentionBackend.FLASH_ATTENTION
0.0,0.0,0.0,0.0,0.0,,,,,,0.004,0.004,0.004,0.004,0.0,0.13,0.145,0.1338,0.131,0.005635601121442142,4096,32,32,16,1,4096,1,672,512,True,AttentionBackend.FLASH_ATTENTION
0.0,0.0,0.0,0.0,0.0,,,,,,0.004,0.004,0.004,0.004,0.0,0.156,0.162,0.15940000000000001,0.16,0.0021540659228538035,4096,32,32,16,1,4096,1,672,1024,True,AttentionBackend.FLASH_ATTENTION
0.0,0.0,0.0,0.0,0.0,,,,,,0.004,0.004,0.004,0.004,0.0,0.156,0.16,0.1584,0.158,0.0014966629547095778,4096,32,32,16,1,4096,1,672,1024,True,AttentionBackend.FLASH_ATTENTION
0.0,0.0,0.0,0.0,0.0,,,,,,0.004,0.004,0.004,0.004,0.0,0.101,0.115,0.1068,0.106,0.004578209256903839,4096,32,32,16,1,4096,1,704,0,True,AttentionBackend.FLASH_ATTENTION
0.0,0.0,0.0,0.0,0.0,,,,,,0.004,0.004,0.004,0.004,0.0,0.127,0.133,0.131,0.132,0.002280350850198278,4096,32,32,16,1,4096,1,704,512,True,AttentionBackend.FLASH_ATTENTION
0.0,0.0,0.0,0.0,0.0,,,,,,0.004,0.004,0.004,0.004,0.0,0.158,0.171,0.1652,0.164,0.004534313619501858,4096,32,32,16,1,4096,1,704,1024,True,AttentionBackend.FLASH_ATTENTION
0.0,0.0,0.0,0.0,0.0,,,,,,0.004,0.004,0.004,0.004,0.0,0.157,0.17,0.163,0.164,0.004381780460041333,4096,32,32,16,1,4096,1,704,1024,True,AttentionBackend.FLASH_ATTENTION
0.0,0.0,0.0,0.0,0.0,,,,,,0.004,0.004,0.004,0.004,0.0,0.113,0.11900000000000001,0.11540000000000002,0.115,0.002332380757938122,4096,32,32,16,1,4096,1,736,0,True,AttentionBackend.FLASH_ATTENTION
0.0,0.0,0.0,0.0,0.0,,,,,,0.004,0.004,0.004,0.004,0.0,0.138,0.15,0.14520000000000002,0.145,0.004069397989875156,4096,32,32,16,1,4096,1,736,512,True,AttentionBackend.FLASH_ATTENTION
0.0,0.0,0.0,0.0,0.0,,,,,,0.004,0.005,0.004600000000000001,0.005,0.0004898979485566357,0.17,0.178,0.17320000000000002,0.17300000000000001,0.002785677655436817,4096,32,32,16,1,4096,1,736,1024,True,AttentionBackend.FLASH_ATTENTION
0.0,0.0,0.0,0.0,0.0,,,,,,0.004,0.004,0.004,0.004,0.0,0.165,0.176,0.17,0.17,0.003633180424916984,4096,32,32,16,1,4096,1,736,1024,True,AttentionBackend.FLASH_ATTENTION
0.0,0.0,0.0,0.0,0.0,,,,,,0.004,0.004,0.004,0.004,0.0,0.12,0.123,0.1212,0.121,0.001166190378969061,4096,32,32,16,1,4096,1,768,0,True,AttentionBackend.FLASH_ATTENTION
0.0,0.0,0.0,0.0,0.0,,,,,,0.004,0.005,0.0044,0.004,0.0004898979485566356,0.14400000000000002,0.151,0.14820000000000003,0.148,0.0023999999999999924,4096,32,32,16,1,4096,1,768,512,True,AttentionBackend.FLASH_ATTENTION
0.0,0.0,0.0,0.0,0.0,,,,,,0.004,0.005,0.0048000000000000004,0.005,0.0004,0.17500000000000002,0.178,0.17639999999999997,0.176,0.0010198039027185502,4096,32,32,16,1,4096,1,768,1024,True,AttentionBackend.FLASH_ATTENTION
0.0,0.0,0.0,0.0,0.0,,,,,,0.005,0.005,0.005,0.005,0.0,0.169,0.18,0.1754,0.176,0.004029888335921969,4096,32,32,16,1,4096,1,768,1024,True,AttentionBackend.FLASH_ATTENTION
0.0,0.0,0.0,0.0,0.0,,,,,,0.005,0.005,0.005,0.005,0.0,0.13,0.137,0.1328,0.133,0.002638181191654586,4096,32,32,16,1,4096,1,800,0,True,AttentionBackend.FLASH_ATTENTION
0.0,0.0,0.0,0.0,0.0,,,,,,0.005,0.005,0.005,0.005,0.0,0.156,0.166,0.16040000000000001,0.16,0.0034409301068170535,4096,32,32,16,1,4096,1,800,512,True,AttentionBackend.FLASH_ATTENTION
0.0,0.0,0.0,0.0,0.0,,,,,,0.005,0.006,0.005200000000000001,0.005,0.0004,0.182,0.188,0.1862,0.187,0.002227105745132011,4096,32,32,16,1,4096,1,800,1024,True,AttentionBackend.FLASH_ATTENTION
0.0,0.0,0.0,0.0,0.0,,,,,,0.005,0.006,0.005200000000000001,0.005,0.0004,0.185,0.198,0.19,0.187,0.0048166378315169225,4096,32,32,16,1,4096,1,800,1024,True,AttentionBackend.FLASH_ATTENTION
0.0,0.0,0.0,0.0,0.0,,,,,,0.004,0.005,0.004600000000000001,0.005,0.0004898979485566357,0.13,0.14100000000000001,0.13520000000000001,0.134,0.0036551333764994164,4096,32,32,16,1,4096,1,832,0,True,AttentionBackend.FLASH_ATTENTION
0.0,0.0,0.0,0.0,0.0,,,,,,0.005,0.005,0.005,0.005,0.0,0.159,0.167,0.1628,0.163,0.002561249694973142,4096,32,32,16,1,4096,1,832,512,True,AttentionBackend.FLASH_ATTENTION
0.0,0.0,0.0,0.0,0.0,,,,,,0.005,0.005,0.005,0.005,0.0,0.179,0.187,0.183,0.184,0.003033150177620623,4096,32,32,16,1,4096,1,832,1024,True,AttentionBackend.FLASH_ATTENTION
0.0,0.0,0.0,0.0,0.0,,,,,,0.005,0.005,0.005,0.005,0.0,0.183,0.197,0.191,0.19,0.00509901951359279,4096,32,32,16,1,4096,1,832,1024,True,AttentionBackend.FLASH_ATTENTION
0.0,0.0,0.0,0.0,0.0,,,,,,0.005,0.005,0.005,0.005,0.0,0.14200000000000002,0.149,0.1446,0.14300000000000002,0.002576819745345015,4096,32,32,16,1,4096,1,864,0,True,AttentionBackend.FLASH_ATTENTION
0.0,0.0,0.0,0.0,0.0,,,,,,0.005,0.005,0.005,0.005,0.0,0.169,0.177,0.17360000000000003,0.17300000000000001,0.002799999999999991,4096,32,32,16,1,4096,1,864,512,True,AttentionBackend.FLASH_ATTENTION
0.0,0.0,0.0,0.0,0.0,,,,,,0.005,0.006,0.0058,0.006,0.0004,0.198,0.21,0.20379999999999998,0.20500000000000002,0.004995998398718717,4096,32,32,16,1,4096,1,864,1024,True,AttentionBackend.FLASH_ATTENTION
0.0,0.0,0.0,0.0,0.0,,,,,,0.005,0.006,0.005599999999999999,0.006,0.0004898979485566357,0.199,0.211,0.20220000000000002,0.2,0.004534313619501846,4096,32,32,16,1,4096,1,864,1024,True,AttentionBackend.FLASH_ATTENTION
0.0,0.0,0.0,0.0,0.0,,,,,,0.005,0.005,0.005,0.005,0.0,0.14400000000000002,0.15,0.147,0.147,0.0019999999999999935,4096,32,32,16,1,4096,1,896,0,True,AttentionBackend.FLASH_ATTENTION
0.0,0.0,0.0,0.0,0.0,,,,,,0.005,0.005,0.005,0.005,0.0,0.17200000000000001,0.19,0.1764,0.17400000000000002,0.006858571279792894,4096,32,32,16,1,4096,1,896,512,True,AttentionBackend.FLASH_ATTENTION
0.0,0.0,0.0,0.0,0.0,,,,,,0.005,0.006,0.005800000000000001,0.006,0.0004,0.198,0.20400000000000001,0.2008,0.2,0.0023151673805580472,4096,32,32,16,1,4096,1,896,1024,True,AttentionBackend.FLASH_ATTENTION
0.0,0.0,0.0,0.0,0.0,,,,,,0.005,0.006,0.0058,0.006,0.0004,0.198,0.209,0.20320000000000005,0.203,0.0037094473981982763,4096,32,32,16,1,4096,1,896,1024,True,AttentionBackend.FLASH_ATTENTION
0.0,0.0,0.0,0.0,0.0,,,,,,0.005,0.006,0.0058,0.006,0.0004,0.159,0.168,0.1638,0.163,0.003310589071449373,4096,32,32,16,1,4096,1,928,0,True,AttentionBackend.FLASH_ATTENTION
0.0,0.0,0.0,0.0,0.0,,,,,,0.006,0.006,0.006,0.006,0.0,0.182,0.192,0.1888,0.19,0.003544009029333873,4096,32,32,16,1,4096,1,928,512,True,AttentionBackend.FLASH_ATTENTION
0.0,0.0,0.0,0.0,0.0,,,,,,0.006,0.006,0.006,0.006,0.0,0.215,0.225,0.2178,0.216,0.0036551333764994164,4096,32,32,16,1,4096,1,928,1024,True,AttentionBackend.FLASH_ATTENTION
0.0,0.0,0.0,0.0,0.0,,,,,,0.006,0.006,0.006,0.006,0.0,0.217,0.223,0.21939999999999998,0.219,0.002332380757938122,4096,32,32,16,1,4096,1,928,1024,True,AttentionBackend.FLASH_ATTENTION
0.0,0.0,0.0,0.0,0.0,,,,,,0.006,0.006,0.006,0.006,0.0,0.161,0.167,0.16360000000000002,0.163,0.001959591794226544,4096,32,32,16,1,4096,1,960,0,True,AttentionBackend.FLASH_ATTENTION
0.0,0.0,0.0,0.0,0.0,,,,,,0.006,0.006,0.006,0.006,0.0,0.189,0.199,0.1922,0.189,0.004118252056394803,4096,32,32,16,1,4096,1,960,512,True,AttentionBackend.FLASH_ATTENTION
0.0,0.0,0.0,0.0,0.0,,,,,,0.006,0.006,0.006,0.006,0.0,0.215,0.228,0.2218,0.221,0.004707440918375932,4096,32,32,16,1,4096,1,960,1024,True,AttentionBackend.FLASH_ATTENTION
0.0,0.0,0.0,0.0,0.0,,,,,,0.006,0.006,0.006,0.006,0.0,0.217,0.22,0.2184,0.219,0.001200000000000001,4096,32,32,16,1,4096,1,960,1024,True,AttentionBackend.FLASH_ATTENTION
0.0,0.0,0.0,0.0,0.0,,,,,,0.006,0.006,0.006,0.006,0.0,0.17500000000000002,0.186,0.1794,0.179,0.0036110940170535543,4096,32,32,16,1,4096,1,992,0,True,AttentionBackend.FLASH_ATTENTION
0.0,0.0,0.0,0.0,0.0,,,,,,0.006,0.006,0.006,0.006,0.0,0.196,0.20400000000000001,0.2004,0.199,0.003136877428271627,4096,32,32,16,1,4096,1,992,512,True,AttentionBackend.FLASH_ATTENTION
0.0,0.0,0.0,0.0,0.0,,,,,,0.006,0.006,0.006,0.006,0.0,0.224,0.241,0.23399999999999999,0.23500000000000001,0.0058309518948452994,4096,32,32,16,1,4096,1,992,1024,True,AttentionBackend.FLASH_ATTENTION
0.0,0.0,0.0,0.0,0.0,,,,,,0.006,0.006,0.006,0.006,0.0,0.233,0.245,0.2392,0.24,0.00457820925690383,4096,32,32,16,1,4096,1,992,1024,True,AttentionBackend.FLASH_ATTENTION
0.0,0.0,0.0,0.0,0.0,,,,,,0.006,0.006,0.006,0.006,0.0,0.177,0.183,0.17960000000000004,0.179,0.0021540659228538035,4096,32,32,16,1,4096,1,1024,0,True,AttentionBackend.FLASH_ATTENTION
0.0,0.0,0.0,0.0,0.0,,,,,,0.006,0.007,0.0062,0.006,0.0004,0.2,0.212,0.20579999999999998,0.20500000000000002,0.004019950248448351,4096,32,32,16,1,4096,1,1024,512,True,AttentionBackend.FLASH_ATTENTION
0.0,0.0,0.0,0.0,0.0,,,,,,0.006,0.007,0.0062,0.006,0.0004,0.227,0.248,0.23759999999999998,0.23800000000000002,0.007812809993849838,4096,32,32,16,1,4096,1,1024,1024,True,AttentionBackend.FLASH_ATTENTION
0.0,0.0,0.0,0.0,0.0,,,,,,0.006,0.007,0.0062,0.006,0.0004,0.229,0.242,0.2346,0.234,0.004223742416388569,4096,32,32,16,1,4096,1,1024,1024,True,AttentionBackend.FLASH_ATTENTION
0.0,0.0,0.0,0.0,0.0,,,,,,0.006,0.006,0.006,0.006,0.0,0.17500000000000002,0.187,0.18000000000000002,0.18,0.0040987803063838365,4096,32,32,16,1,4096,1,1024,0,True,AttentionBackend.FLASH_ATTENTION
0.0,0.0,0.0,0.0,0.0,,,,,,0.006,0.006,0.006,0.006,0.0,0.198,0.20400000000000001,0.2012,0.202,0.0023151673805580472,4096,32,32,16,1,4096,1,1024,512,True,AttentionBackend.FLASH_ATTENTION
0.0,0.0,0.0,0.0,0.0,,,,,,0.006,0.006,0.006,0.006,0.0,0.229,0.246,0.23700000000000002,0.23700000000000002,0.005477225575051657,4096,32,32,16,1,4096,1,1024,1024,True,AttentionBackend.FLASH_ATTENTION
0.0,0.0,0.0,0.0,0.0,,,,,,0.006,0.006,0.006,0.006,0.0,0.227,0.247,0.23620000000000002,0.23600000000000002,0.00636867333123626,4096,32,32,16,1,4096,1,1024,1024,True,AttentionBackend.FLASH_ATTENTION
0.0,0.0,0.0,0.0,0.0,,,,,,0.006,0.006,0.006,0.006,0.0,0.192,0.20400000000000001,0.1968,0.195,0.004261455150532507,4096,32,32,16,1,4096,1,1088,0,True,AttentionBackend.FLASH_ATTENTION
0.0,0.0,0.0,0.0,0.0,,,,,,0.006,0.007,0.0066,0.007,0.0004898979485566356,0.215,0.224,0.2192,0.218,0.0030594117081556736,4096,32,32,16,1,4096,1,1088,512,True,AttentionBackend.FLASH_ATTENTION
0.0,0.0,0.0,0.0,0.0,,,,,,0.007,0.007,0.007000000000000001,0.007,8.673617379884035e-19,0.251,0.263,0.25599999999999995,0.256,0.003949683531626304,4096,32,32,16,1,4096,1,1088,1024,True,AttentionBackend.FLASH_ATTENTION
0.0,0.0,0.0,0.0,0.0,,,,,,0.006,0.007,0.0066,0.007,0.0004898979485566356,0.249,0.268,0.2552,0.254,0.00667532770731146,4096,32,32,16,1,4096,1,1088,1024,True,AttentionBackend.FLASH_ATTENTION
0.0,0.0,0.0,0.0,0.0,,,,,,0.007,0.007,0.007000000000000001,0.007,8.673617379884035e-19,0.20400000000000001,0.20800000000000002,0.20539999999999997,0.20500000000000002,0.0014966629547095778,4096,32,32,16,1,4096,1,1152,0,True,AttentionBackend.FLASH_ATTENTION
0.0,0.0,0.0,0.0,0.0,,,,,,0.007,0.007,0.007000000000000001,0.007,8.673617379884035e-19,0.231,0.243,0.23480000000000004,0.233,0.004308131845707597,4096,32,32,16,1,4096,1,1152,512,True,AttentionBackend.FLASH_ATTENTION
0.0,0.0,0.0,0.0,0.0,,,,,,0.007,0.007,0.007000000000000001,0.007,8.673617379884035e-19,0.268,0.277,0.27280000000000004,0.273,0.003815756805667786,4096,32,32,16,1,4096,1,1152,1024,True,AttentionBackend.FLASH_ATTENTION
0.0,0.0,0.0,0.0,0.0,,,,,,0.007,0.008,0.0072,0.007,0.0004,0.277,0.281,0.2784000000000001,0.277,0.001743559577416271,4096,32,32,16,1,4096,1,1152,1024,True,AttentionBackend.FLASH_ATTENTION
0.0,0.0,0.0,0.0,0.0,,,,,,0.007,0.007,0.007000000000000001,0.007,8.673617379884035e-19,0.222,0.228,0.2262,0.227,0.002227105745132011,4096,32,32,16,1,4096,1,1216,0,True,AttentionBackend.FLASH_ATTENTION
0.0,0.0,0.0,0.0,0.0,,,,,,0.007,0.007,0.007000000000000001,0.007,8.673617379884035e-19,0.252,0.262,0.257,0.257,0.004049691346263321,4096,32,32,16,1,4096,1,1216,512,True,AttentionBackend.FLASH_ATTENTION
0.0,0.0,0.0,0.0,0.0,,,,,,0.007,0.008,0.007200000000000001,0.007,0.0004,0.294,0.31,0.3016,0.301,0.0058172158288996,4096,32,32,16,1,4096,1,1216,1024,True,AttentionBackend.FLASH_ATTENTION
0.0,0.0,0.0,0.0,0.0,,,,,,0.007,0.007,0.007000000000000001,0.007,8.673617379884035e-19,0.294,0.31,0.30179999999999996,0.303,0.006013318551349169,4096,32,32,16,1,4096,1,1216,1024,True,AttentionBackend.FLASH_ATTENTION
0.0,0.0,0.0,0.0,0.0,,,,,,0.008,0.008,0.008,0.008,0.0,0.23600000000000002,0.246,0.2386,0.23700000000000002,0.003773592452822634,4096,32,32,16,1,4096,1,1280,0,True,AttentionBackend.FLASH_ATTENTION
0.0,0.0,0.0,0.0,0.0,,,,,,0.008,0.008,0.008,0.008,0.0,0.272,0.295,0.28180000000000005,0.275,0.010419213022104867,4096,32,32,16,1,4096,1,1280,512,True,AttentionBackend.FLASH_ATTENTION
0.0,0.0,0.0,0.0,0.0,,,,,,0.008,0.008,0.008,0.008,0.0,0.311,0.321,0.315,0.314,0.0034058772731852833,4096,32,32,16,1,4096,1,1280,1024,True,AttentionBackend.FLASH_ATTENTION
0.0,0.0,0.0,0.0,0.0,,,,,,0.008,0.008,0.008,0.008,0.0,0.308,0.32,0.315,0.316,0.0048166378315169225,4096,32,32,16,1,4096,1,1280,1024,True,AttentionBackend.FLASH_ATTENTION
0.0,0.0,0.0,0.0,0.0,,,,,,0.008,0.008,0.008,0.008,0.0,0.256,0.27,0.2624000000000001,0.261,0.005678027826631361,4096,32,32,16,1,4096,1,1344,0,True,AttentionBackend.FLASH_ATTENTION
0.0,0.0,0.0,0.0,0.0,,,,,,0.008,0.008,0.008,0.008,0.0,0.289,0.303,0.29779999999999995,0.298,0.004955804677345551,4096,32,32,16,1,4096,1,1344,512,True,AttentionBackend.FLASH_ATTENTION
0.0,0.0,0.0,0.0,0.0,,,,,,0.008,0.008,0.008,0.008,0.0,0.336,0.356,0.3456,0.34600000000000003,0.006621178142898728,4096,32,32,16,1,4096,1,1344,1024,True,AttentionBackend.FLASH_ATTENTION
0.0,0.0,0.0,0.0,0.0,,,,,,0.008,0.009000000000000001,0.0082,0.008,0.0004000000000000004,0.339,0.34600000000000003,0.34340000000000004,0.34600000000000003,0.0032000000000000028,4096,32,32,16,1,4096,1,1344,1024,True,AttentionBackend.FLASH_ATTENTION
0.0,0.0,0.0,0.0,0.0,,,,,,0.008,0.009000000000000001,0.0082,0.008,0.00040000000000000034,0.275,0.302,0.28280000000000005,0.279,0.009806120537704997,4096,32,32,16,1,4096,1,1408,0,True,AttentionBackend.FLASH_ATTENTION
0.0,0.0,0.0,0.0,0.0,,,,,,0.008,0.008,0.008,0.008,0.0,0.314,0.331,0.32320000000000004,0.323,0.005564171097297428,4096,32,32,16,1,4096,1,1408,512,True,AttentionBackend.FLASH_ATTENTION
0.0,0.0,0.0,0.0,0.0,,,,,,0.008,0.008,0.008,0.008,0.0,0.361,0.368,0.36419999999999997,0.364,0.0023151673805580472,4096,32,32,16,1,4096,1,1408,1024,True,AttentionBackend.FLASH_ATTENTION
0.0,0.0,0.0,0.0,0.0,,,,,,0.008,0.009000000000000001,0.008400000000000001,0.008,0.000489897948556636,0.36,0.375,0.36719999999999997,0.367,0.006493073232299176,4096,32,32,16,1,4096,1,1408,1024,True,AttentionBackend.FLASH_ATTENTION
0.0,0.0,0.0,0.0,0.0,,,,,,0.009000000000000001,0.009000000000000001,0.009000000000000001,0.009000000000000001,0.0,0.292,0.306,0.29779999999999995,0.298,0.004664761515876245,4096,32,32,16,1,4096,1,1472,0,True,AttentionBackend.FLASH_ATTENTION
0.0,0.0,0.0,0.0,0.0,,,,,,0.009000000000000001,0.009000000000000001,0.009000000000000001,0.009000000000000001,0.0,0.333,0.35100000000000003,0.34400000000000003,0.34700000000000003,0.0072663608498339865,4096,32,32,16,1,4096,1,1472,512,True,AttentionBackend.FLASH_ATTENTION
0.0,0.0,0.0,0.0,0.0,,,,,,0.009000000000000001,0.009000000000000001,0.009000000000000001,0.009000000000000001,0.0,0.365,0.394,0.3792,0.381,0.009987992791347027,4096,32,32,16,1,4096,1,1472,1024,True,AttentionBackend.FLASH_ATTENTION
0.0,0.0,0.0,0.0,0.0,,,,,,0.009000000000000001,0.009000000000000001,0.009000000000000001,0.009000000000000001,0.0,0.381,0.405,0.389,0.385,0.008876936408468867,4096,32,32,16,1,4096,1,1472,1024,True,AttentionBackend.FLASH_ATTENTION
0.0,0.0,0.0,0.0,0.0,,,,,,0.009000000000000001,0.01,0.009200000000000002,0.009000000000000001,0.0003999999999999997,0.318,0.335,0.324,0.321,0.006099180272790768,4096,32,32,16,1,4096,1,1536,0,True,AttentionBackend.FLASH_ATTENTION
0.0,0.0,0.0,0.0,0.0,,,,,,0.009000000000000001,0.01,0.009200000000000002,0.009000000000000001,0.0003999999999999997,0.355,0.377,0.36479999999999996,0.366,0.007359347797189646,4096,32,32,16,1,4096,1,1536,512,True,AttentionBackend.FLASH_ATTENTION
0.0,0.0,0.0,0.0,0.0,,,,,,0.009000000000000001,0.01,0.009200000000000002,0.009000000000000001,0.0003999999999999997,0.396,0.41400000000000003,0.4086,0.41000000000000003,0.006499230723708773,4096,32,32,16,1,4096,1,1536,1024,True,AttentionBackend.FLASH_ATTENTION
0.0,0.0,0.0,0.0,0.0,,,,,,0.009000000000000001,0.01,0.009200000000000002,0.009000000000000001,0.0003999999999999997,0.405,0.431,0.414,0.41000000000000003,0.009423375191511782,4096,32,32,16,1,4096,1,1536,1024,True,AttentionBackend.FLASH_ATTENTION
0.0,0.0,0.0,0.0,0.0,,,,,,0.009000000000000001,0.01,0.009600000000000001,0.01,0.0004898979485566351,0.335,0.341,0.3372,0.337,0.002227105745132011,4096,32,32,16,1,4096,1,1600,0,True,AttentionBackend.FLASH_ATTENTION
0.0,0.0,0.0,0.0,0.0,,,,,,0.009000000000000001,0.01,0.0098,0.01,0.0003999999999999997,0.384,0.39,0.38639999999999997,0.386,0.002332380757938122,4096,32,32,16,1,4096,1,1600,512,True,AttentionBackend.FLASH_ATTENTION
0.0,0.0,0.0,0.0,0.0,,,,,,0.009000000000000001,0.01,0.009600000000000001,0.01,0.0004898979485566351,0.427,0.449,0.43520000000000003,0.432,0.007600000000000007,4096,32,32,16,1,4096,1,1600,1024,True,AttentionBackend.FLASH_ATTENTION
0.0,0.0,0.0,0.0,0.0,,,,,,0.01,0.01,0.01,0.01,0.0,0.434,0.447,0.4394,0.437,0.005161395160225581,4096,32,32,16,1,4096,1,1600,1024,True,AttentionBackend.FLASH_ATTENTION
0.0,0.0,0.0,0.0,0.0,,,,,,0.01,0.01,0.01,0.01,0.0,0.353,0.366,0.36079999999999995,0.362,0.004354308211415452,4096,32,32,16,1,4096,1,1664,0,True,AttentionBackend.FLASH_ATTENTION
0.0,0.0,0.0,0.0,0.0,,,,,,0.01,0.011,0.0102,0.01,0.0003999999999999997,0.398,0.422,0.4074,0.406,0.008039900496896698,4096,32,32,16,1,4096,1,1664,512,True,AttentionBackend.FLASH_ATTENTION
0.0,0.0,0.0,0.0,0.0,,,,,,0.01,0.01,0.01,0.01,0.0,0.452,0.468,0.45780000000000004,0.456,0.005810335618533585,4096,32,32,16,1,4096,1,1664,1024,True,AttentionBackend.FLASH_ATTENTION
0.0,0.0,0.0,0.0,0.0,,,,,,0.01,0.01,0.01,0.01,0.0,0.449,0.46900000000000003,0.4596,0.459,0.006974238309665084,4096,32,32,16,1,4096,1,1664,1024,True,AttentionBackend.FLASH_ATTENTION
0.0,0.0,0.0,0.0,0.0,,,,,,0.01,0.011,0.0102,0.01,0.0003999999999999997,0.38,0.392,0.3854,0.386,0.004454211490264022,4096,32,32,16,1,4096,1,1728,0,True,AttentionBackend.FLASH_ATTENTION
0.0,0.0,0.0,0.0,0.0,,,,,,0.01,0.011,0.010599999999999998,0.011,0.0004898979485566352,0.428,0.457,0.4368,0.434,0.010419213022104894,4096,32,32,16,1,4096,1,1728,512,True,AttentionBackend.FLASH_ATTENTION
0.0,0.0,0.0,0.0,0.0,,,,,,0.01,0.01,0.01,0.01,0.0,0.491,0.511,0.49720000000000003,0.495,0.007110555533852477,4096,32,32,16,1,4096,1,1728,1024,True,AttentionBackend.FLASH_ATTENTION
0.0,0.0,0.0,0.0,0.0,,,,,,0.01,0.01,0.01,0.01,0.0,0.489,0.523,0.5004,0.493,0.013016912076218396,4096,32,32,16,1,4096,1,1728,1024,True,AttentionBackend.FLASH_ATTENTION
0.0,0.0,0.0,0.0,0.0,,,,,,0.011,0.011,0.011,0.011,0.0,0.406,0.41400000000000003,0.41080000000000005,0.41200000000000003,0.0029257477676655616,4096,32,32,16,1,4096,1,1792,0,True,AttentionBackend.FLASH_ATTENTION
0.0,0.0,0.0,0.0,0.0,,,,,,0.011,0.011,0.011,0.011,0.0,0.452,0.47500000000000003,0.4606,0.459,0.00781280999384985,4096,32,32,16,1,4096,1,1792,512,True,AttentionBackend.FLASH_ATTENTION
0.0,0.0,0.0,0.0,0.0,,,,,,0.011,0.011,0.011,0.011,0.0,0.498,0.524,0.5084000000000001,0.504,0.010326664514740477,4096,32,32,16,1,4096,1,1792,1024,True,AttentionBackend.FLASH_ATTENTION
0.0,0.0,0.0,0.0,0.0,,,,,,0.011,0.011,0.011,0.011,0.0,0.502,0.521,0.5107999999999999,0.512,0.0067349832961931,4096,32,32,16,1,4096,1,1792,1024,True,AttentionBackend.FLASH_ATTENTION
0.0,0.0,0.0,0.0,0.0,,,,,,0.011,0.012,0.011199999999999998,0.011,0.00040000000000000034,0.425,0.443,0.43,0.428,0.006603029607687677,4096,32,32,16,1,4096,1,1856,0,True,AttentionBackend.FLASH_ATTENTION
0.0,0.0,0.0,0.0,0.0,,,,,,0.011,0.011,0.011,0.011,0.0,0.47400000000000003,0.491,0.4848,0.486,0.005775811631277445,4096,32,32,16,1,4096,1,1856,512,True,AttentionBackend.FLASH_ATTENTION
0.0,0.0,0.0,0.0,0.0,,,,,,0.011,0.012,0.011199999999999998,0.011,0.00040000000000000034,0.53,0.552,0.5392000000000001,0.537,0.007467261881037794,4096,32,32,16,1,4096,1,1856,1024,True,AttentionBackend.FLASH_ATTENTION
0.0,0.0,0.0,0.0,0.0,,,,,,0.011,0.011,0.011,0.011,0.0,0.538,0.5690000000000001,0.5482,0.543,0.010979981785048654,4096,32,32,16,1,4096,1,1856,1024,True,AttentionBackend.FLASH_ATTENTION
0.0,0.0,0.0,0.0,0.0,,,,,,0.011,0.012,0.0118,0.012,0.0004000000000000004,0.452,0.463,0.458,0.458,0.004147288270665548,4096,32,32,16,1,4096,1,1920,0,True,AttentionBackend.FLASH_ATTENTION
0.0,0.0,0.0,0.0,0.0,,,,,,0.011,0.012,0.0116,0.012,0.000489897948556636,0.498,0.504,0.502,0.502,0.0021908902300206666,4096,32,32,16,1,4096,1,1920,512,True,AttentionBackend.FLASH_ATTENTION
0.0,0.0,0.0,0.0,0.0,,,,,,0.011,0.012,0.011199999999999998,0.011,0.00040000000000000034,0.547,0.5650000000000001,0.558,0.558,0.006260990336999417,4096,32,32,16,1,4096,1,1920,1024,True,AttentionBackend.FLASH_ATTENTION
0.0,0.0,0.0,0.0,0.0,,,,,,0.011,0.011,0.011,0.011,0.0,0.557,0.5740000000000001,0.5630000000000001,0.561,0.006418722614352492,4096,32,32,16,1,4096,1,1920,1024,True,AttentionBackend.FLASH_ATTENTION
0.0,0.0,0.0,0.0,0.0,,,,,,0.012,0.012,0.012,0.012,0.0,0.47100000000000003,0.497,0.48040000000000005,0.47800000000000004,0.008822698000045098,4096,32,32,16,1,4096,1,1984,0,True,AttentionBackend.FLASH_ATTENTION
0.0,0.0,0.0,0.0,0.0,,,,,,0.012,0.012,0.012,0.012,0.0,0.531,0.5690000000000001,0.5526000000000001,0.551,0.013335666462535735,4096,32,32,16,1,4096,1,1984,512,True,AttentionBackend.FLASH_ATTENTION
0.0,0.0,0.0,0.0,0.0,,,,,,0.012,0.012,0.012,0.012,0.0,0.587,0.607,0.5966,0.598,0.007002856560004645,4096,32,32,16,1,4096,1,1984,1024,True,AttentionBackend.FLASH_ATTENTION
0.0,0.0,0.0,0.0,0.0,,,,,,0.012,0.012,0.012,0.012,0.0,0.6,0.634,0.6188,0.622,0.01177115117564974,4096,32,32,16,1,4096,1,1984,1024,True,AttentionBackend.FLASH_ATTENTION
0.0,0.0,0.0,0.0,0.0,,,,,,0.012,0.013000000000000001,0.012199999999999999,0.012,0.00040000000000000034,0.503,0.515,0.5094000000000001,0.511,0.004317406628984584,4096,32,32,16,1,4096,1,2048,0,True,AttentionBackend.FLASH_ATTENTION
0.0,0.0,0.0,0.0,0.0,,,,,,0.012,0.013000000000000001,0.012199999999999999,0.012,0.00040000000000000034,0.558,0.585,0.5674,0.5670000000000001,0.009687104830649836,4096,32,32,16,1,4096,1,2048,512,True,AttentionBackend.FLASH_ATTENTION
0.0,0.0,0.0,0.0,0.0,,,,,,0.012,0.013000000000000001,0.012199999999999999,0.012,0.00040000000000000034,0.606,0.663,0.6234,0.614,0.020558210038814195,4096,32,32,16,1,4096,1,2048,1024,True,AttentionBackend.FLASH_ATTENTION
0.0,0.0,0.0,0.0,0.0,,,,,,0.012,0.012,0.012,0.012,0.0,0.615,0.627,0.6234,0.626,0.0045869379764718905,4096,32,32,16,1,4096,1,2048,1024,True,AttentionBackend.FLASH_ATTENTION
0.0,0.0,0.0,0.0,0.0,,,,,,0.013000000000000001,0.013000000000000001,0.013000000000000001,0.013000000000000001,0.0,0.522,0.542,0.5326000000000001,0.532,0.006560487786742696,4096,32,32,16,1,4096,1,2112,0,True,AttentionBackend.FLASH_ATTENTION
0.0,0.0,0.0,0.0,0.0,,,,,,0.013000000000000001,0.013000000000000001,0.013000000000000001,0.013000000000000001,0.0,0.591,0.597,0.5932,0.592,0.0021354156504062643,4096,32,32,16,1,4096,1,2112,512,True,AttentionBackend.FLASH_ATTENTION
0.0,0.0,0.0,0.0,0.0,,,,,,0.012,0.013000000000000001,0.0128,0.013000000000000001,0.00040000000000000034,0.65,0.674,0.6619999999999999,0.662,0.007615773105863915,4096,32,32,16,1,4096,1,2112,1024,True,AttentionBackend.FLASH_ATTENTION
0.0,0.0,0.0,0.0,0.0,,,,,,0.012,0.013000000000000001,0.0124,0.012,0.0004898979485566361,0.664,0.686,0.675,0.677,0.008318653737234175,4096,32,32,16,1,4096,1,2112,1024,True,AttentionBackend.FLASH_ATTENTION
0.0,0.0,0.0,0.0,0.0,,,,,,0.013000000000000001,0.014,0.0132,0.013000000000000001,0.00039999999999999964,0.558,0.5670000000000001,0.5640000000000001,0.5670000000000001,0.0037947331922020583,4096,32,32,16,1,4096,1,2176,0,True,AttentionBackend.FLASH_ATTENTION
0.0,0.0,0.0,0.0,0.0,,,,,,0.013000000000000001,0.013000000000000001,0.013000000000000001,0.013000000000000001,0.0,0.624,0.639,0.6317999999999999,0.63,0.005810335618533585,4096,32,32,16,1,4096,1,2176,512,True,AttentionBackend.FLASH_ATTENTION
0.0,0.0,0.0,0.0,0.0,,,,,,0.013000000000000001,0.013000000000000001,0.013000000000000001,0.013000000000000001,0.0,0.681,0.706,0.6954,0.6970000000000001,0.008546344247688579,4096,32,32,16,1,4096,1,2176,1024,True,AttentionBackend.FLASH_ATTENTION
0.0,0.0,0.0,0.0,0.0,,,,,,0.013000000000000001,0.013000000000000001,0.013000000000000001,0.013000000000000001,0.0,0.6940000000000001,0.708,0.7024000000000001,0.7030000000000001,0.004673328578219134,4096,32,32,16,1,4096,1,2176,1024,True,AttentionBackend.FLASH_ATTENTION
0.0,0.0,0.0,0.0,0.0,,,,,,0.014,0.015,0.014199999999999999,0.014,0.00039999999999999964,0.589,0.598,0.593,0.593,0.0036331804249169933,4096,32,32,16,1,4096,1,2240,0,True,AttentionBackend.FLASH_ATTENTION
0.0,0.0,0.0,0.0,0.0,,,,,,0.013000000000000001,0.014,0.013600000000000001,0.014,0.0004898979485566352,0.647,0.6910000000000001,0.6618,0.655,0.015471263684650986,4096,32,32,16,1,4096,1,2240,512,True,AttentionBackend.FLASH_ATTENTION
0.0,0.0,0.0,0.0,0.0,,,,,,0.013000000000000001,0.014,0.0132,0.013000000000000001,0.00039999999999999964,0.709,0.741,0.7289999999999999,0.735,0.011436782764396648,4096,32,32,16,1,4096,1,2240,1024,True,AttentionBackend.FLASH_ATTENTION
0.0,0.0,0.0,0.0,0.0,,,,,,0.013000000000000001,0.014,0.0132,0.013000000000000001,0.00039999999999999964,0.715,0.72,0.7175999999999999,0.717,0.001743559577416271,4096,32,32,16,1,4096,1,2240,1024,True,AttentionBackend.FLASH_ATTENTION
0.0,0.0,0.0,0.0,0.0,,,,,,0.014,0.015,0.014199999999999999,0.014,0.00039999999999999964,0.613,0.622,0.6166,0.616,0.0030066592756745844,4096,32,32,16,1,4096,1,2304,0,True,AttentionBackend.FLASH_ATTENTION
0.0,0.0,0.0,0.0,0.0,,,,,,0.014,0.014,0.014000000000000002,0.014,1.734723475976807e-18,0.68,0.6990000000000001,0.6866000000000001,0.682,0.007088018058667746,4096,32,32,16,1,4096,1,2304,512,True,AttentionBackend.FLASH_ATTENTION
0.0,0.0,0.0,0.0,0.0,,,,,,0.014,0.014,0.014000000000000002,0.014,1.734723475976807e-18,0.743,0.763,0.751,0.747,0.007402702209328706,4096,32,32,16,1,4096,1,2304,1024,True,AttentionBackend.FLASH_ATTENTION
0.0,0.0,0.0,0.0,0.0,,,,,,0.014,0.014,0.014000000000000002,0.014,1.734723475976807e-18,0.742,0.769,0.7536,0.752,0.009891410415102598,4096,32,32,16,1,4096,1,2304,1024,True,AttentionBackend.FLASH_ATTENTION
0.0,0.0,0.0,0.0,0.0,,,,,,0.015,0.015,0.015,0.015,0.0,0.64,0.652,0.6468,0.649,0.004261455150532507,4096,32,32,16,1,4096,1,2368,0,True,AttentionBackend.FLASH_ATTENTION
0.0,0.0,0.0,0.0,0.0,,,,,,0.014,0.015,0.014599999999999998,0.015,0.0004898979485566351,0.716,0.734,0.7243999999999999,0.726,0.006118823416311347,4096,32,32,16,1,4096,1,2368,512,True,AttentionBackend.FLASH_ATTENTION
0.0,0.0,0.0,0.0,0.0,,,,,,0.014,0.014,0.014000000000000002,0.014,1.734723475976807e-18,0.77,0.8180000000000001,0.7826000000000001,0.774,0.018039955654047507,4096,32,32,16,1,4096,1,2368,1024,True,AttentionBackend.FLASH_ATTENTION
0.0,0.0,0.0,0.0,0.0,,,,,,0.014,0.015,0.014199999999999999,0.014,0.00039999999999999964,0.766,0.79,0.7778,0.778,0.008109253973085324,4096,32,32,16,1,4096,1,2368,1024,True,AttentionBackend.FLASH_ATTENTION
0.0,0.0,0.0,0.0,0.0,,,,,,0.015,0.016,0.0154,0.015,0.000489897948556636,0.666,0.6890000000000001,0.6764,0.674,0.008777243302996684,4096,32,32,16,1,4096,1,2432,0,True,AttentionBackend.FLASH_ATTENTION
0.0,0.0,0.0,0.0,0.0,,,,,,0.015,0.015,0.015,0.015,0.0,0.737,0.751,0.746,0.747,0.004979959839195498,4096,32,32,16,1,4096,1,2432,512,True,AttentionBackend.FLASH_ATTENTION
0.0,0.0,0.0,0.0,0.0,,,,,,0.014,0.015,0.014799999999999999,0.015,0.0003999999999999997,0.8,0.845,0.8253999999999999,0.8280000000000001,0.015755633912984873,4096,32,32,16,1,4096,1,2432,1024,True,AttentionBackend.FLASH_ATTENTION
0.0,0.0,0.0,0.0,0.0,,,,,,0.015,0.015,0.015,0.015,0.0,0.811,0.834,0.825,0.8280000000000001,0.00822192191643777,4096,32,32,16,1,4096,1,2432,1024,True,AttentionBackend.FLASH_ATTENTION
0.0,0.0,0.0,0.0,0.0,,,,,,0.015,0.016,0.0154,0.015,0.000489897948556636,0.6890000000000001,0.705,0.6990000000000001,0.7010000000000001,0.005656854249492362,4096,32,32,16,1,4096,1,2496,0,True,AttentionBackend.FLASH_ATTENTION
0.0,0.0,0.0,0.0,0.0,,,,,,0.015,0.015,0.015,0.015,0.0,0.763,0.788,0.7732000000000001,0.765,0.010925200226998142,4096,32,32,16,1,4096,1,2496,512,True,AttentionBackend.FLASH_ATTENTION
0.0,0.0,0.0,0.0,0.0,,,,,,0.015,0.016,0.0152,0.015,0.00040000000000000034,0.833,0.872,0.8472,0.84,0.014274452704044396,4096,32,32,16,1,4096,1,2496,1024,True,AttentionBackend.FLASH_ATTENTION
0.0,0.0,0.0,0.0,0.0,,,,,,0.015,0.015,0.015,0.015,0.0,0.852,0.867,0.858,0.855,0.006292853089020915,4096,32,32,16,1,4096,1,2496,1024,True,AttentionBackend.FLASH_ATTENTION
0.0,0.0,0.0,0.0,0.0,,,,,,0.016,0.016,0.016,0.016,0.0,0.74,0.752,0.7468,0.747,0.004166533331199936,4096,32,32,16,1,4096,1,2560,0,True,AttentionBackend.FLASH_ATTENTION
0.0,0.0,0.0,0.0,0.0,,,,,,0.016,0.016,0.016,0.016,0.0,0.795,0.8210000000000001,0.8106,0.8170000000000001,0.010537551897855602,4096,32,32,16,1,4096,1,2560,512,True,AttentionBackend.FLASH_ATTENTION
0.0,0.0,0.0,0.0,0.0,,,,,,0.015,0.016,0.0152,0.015,0.00040000000000000034,0.893,0.919,0.9056000000000001,0.908,0.00945727233402952,4096,32,32,16,1,4096,1,2560,1024,True,AttentionBackend.FLASH_ATTENTION
0.0,0.0,0.0,0.0,0.0,,,,,,0.015,0.016,0.0154,0.015,0.000489897948556636,0.872,0.898,0.8880000000000001,0.888,0.009444575162494084,4096,32,32,16,1,4096,1,2560,1024,True,AttentionBackend.FLASH_ATTENTION
0.0,0.0,0.0,0.0,0.0,,,,,,0.016,0.017,0.016800000000000002,0.017,0.00040000000000000034,0.751,0.774,0.7615999999999999,0.762,0.007499333303701075,4096,32,32,16,1,4096,1,2624,0,True,AttentionBackend.FLASH_ATTENTION
0.0,0.0,0.0,0.0,0.0,,,,,,0.016,0.017,0.0164,0.016,0.000489897948556636,0.842,0.89,0.8682000000000001,0.866,0.01595493654014332,4096,32,32,16,1,4096,1,2624,512,True,AttentionBackend.FLASH_ATTENTION
0.0,0.0,0.0,0.0,0.0,,,,,,0.016,0.016,0.016,0.016,0.0,0.911,0.9550000000000001,0.9272000000000002,0.92,0.015651198037211093,4096,32,32,16,1,4096,1,2624,1024,True,AttentionBackend.FLASH_ATTENTION
0.0,0.0,0.0,0.0,0.0,,,,,,0.016,0.016,0.016,0.016,0.0,0.91,0.937,0.9222000000000001,0.923,0.010186265262597484,4096,32,32,16,1,4096,1,2624,1024,True,AttentionBackend.FLASH_ATTENTION
0.0,0.0,0.0,0.0,0.0,,,,,,0.017,0.017,0.017,0.017,0.0,0.799,0.8200000000000001,0.8104000000000001,0.812,0.008212186067059132,4096,32,32,16,1,4096,1,2688,0,True,AttentionBackend.FLASH_ATTENTION
0.0,0.0,0.0,0.0,0.0,,,,,,0.016,0.017,0.0164,0.016,0.000489897948556636,0.867,0.884,0.8792,0.884,0.00667532770731146,4096,32,32,16,1,4096,1,2688,512,True,AttentionBackend.FLASH_ATTENTION
0.0,0.0,0.0,0.0,0.0,,,,,,0.016,0.016,0.016,0.016,0.0,0.9380000000000001,0.9550000000000001,0.9488,0.9500000000000001,0.005775811631277466,4096,32,32,16,1,4096,1,2688,1024,True,AttentionBackend.FLASH_ATTENTION
0.0,0.0,0.0,0.0,0.0,,,,,,0.016,0.017,0.0162,0.016,0.00040000000000000034,0.9470000000000001,0.978,0.961,0.9570000000000001,0.011081516141756015,4096,32,32,16,1,4096,1,2688,1024,True,AttentionBackend.FLASH_ATTENTION
0.0,0.0,0.0,0.0,0.0,,,,,,0.017,0.018000000000000002,0.0172,0.017,0.00040000000000000034,0.8160000000000001,0.844,0.8296000000000001,0.8310000000000001,0.010403845442911924,4096,32,32,16,1,4096,1,2752,0,True,AttentionBackend.FLASH_ATTENTION
0.0,0.0,0.0,0.0,0.0,,,,,,0.017,0.018000000000000002,0.0172,0.017,0.00040000000000000034,0.891,0.924,0.9064,0.906,0.010855413396089537,4096,32,32,16,1,4096,1,2752,512,True,AttentionBackend.FLASH_ATTENTION
0.0,0.0,0.0,0.0,0.0,,,,,,0.017,0.018000000000000002,0.0172,0.017,0.00040000000000000034,1.0,1.041,1.0166,1.016,0.015717506163510777,4096,32,32,16,1,4096,1,2752,1024,True,AttentionBackend.FLASH_ATTENTION
0.0,0.0,0.0,0.0,0.0,,,,,,0.017,0.017,0.017,0.017,0.0,0.969,1.0050000000000001,0.9888,0.988,0.012859237924542846,4096,32,32,16,1,4096,1,2752,1024,True,AttentionBackend.FLASH_ATTENTION
0.0,0.0,0.0,0.0,0.0,,,,,,0.018000000000000002,0.018000000000000002,0.018000000000000002,0.018000000000000002,0.0,0.873,0.907,0.8846,0.881,0.011689311356961975,4096,32,32,16,1,4096,1,2816,0,True,AttentionBackend.FLASH_ATTENTION
0.0,0.0,0.0,0.0,0.0,,,,,,0.017,0.018000000000000002,0.017400000000000002,0.017,0.000489897948556636,0.9490000000000001,0.962,0.9578000000000001,0.96,0.004707440918375887,4096,32,32,16,1,4096,1,2816,512,True,AttentionBackend.FLASH_ATTENTION
0.0,0.0,0.0,0.0,0.0,,,,,,0.017,0.018000000000000002,0.017400000000000002,0.017,0.000489897948556636,1.026,1.049,1.0332000000000001,1.028,0.008657944328765328,4096,32,32,16,1,4096,1,2816,1024,True,AttentionBackend.FLASH_ATTENTION
0.0,0.0,0.0,0.0,0.0,,,,,,0.017,0.018000000000000002,0.0172,0.017,0.00040000000000000034,1.0190000000000001,1.046,1.036,1.04,0.009486832980505113,4096,32,32,16,1,4096,1,2816,1024,True,AttentionBackend.FLASH_ATTENTION
0.0,0.0,0.0,0.0,0.0,,,,,,0.018000000000000002,0.018000000000000002,0.018000000000000002,0.018000000000000002,0.0,0.886,0.905,0.8948,0.895,0.007884161337770815,4096,32,32,16,1,4096,1,2880,0,True,AttentionBackend.FLASH_ATTENTION
0.0,0.0,0.0,0.0,0.0,,,,,,0.018000000000000002,0.018000000000000002,0.018000000000000002,0.018000000000000002,0.0,0.993,1.029,1.0088000000000001,1.006,0.012367699866992217,4096,32,32,16,1,4096,1,2880,512,True,AttentionBackend.FLASH_ATTENTION
0.0,0.0,0.0,0.0,0.0,,,,,,0.017,0.018000000000000002,0.017800000000000003,0.018000000000000002,0.00040000000000000034,1.077,1.089,1.0828,1.082,0.004019950248448355,4096,32,32,16,1,4096,1,2880,1024,True,AttentionBackend.FLASH_ATTENTION
0.0,0.0,0.0,0.0,0.0,,,,,,0.017,0.018000000000000002,0.0176,0.018000000000000002,0.000489897948556636,1.062,1.097,1.0728000000000002,1.066,0.01289030643545758,4096,32,32,16,1,4096,1,2880,1024,True,AttentionBackend.FLASH_ATTENTION
0.0,0.0,0.0,0.0,0.0,,,,,,0.018000000000000002,0.019,0.0188,0.019,0.00039999999999999893,0.933,0.9410000000000001,0.937,0.937,0.0028284271247461927,4096,32,32,16,1,4096,1,2944,0,True,AttentionBackend.FLASH_ATTENTION
0.0,0.0,0.0,0.0,0.0,,,,,,0.018000000000000002,0.019,0.0182,0.018000000000000002,0.00039999999999999893,0.999,1.024,1.0154,1.0170000000000001,0.008593020423576351,4096,32,32,16,1,4096,1,2944,512,True,AttentionBackend.FLASH_ATTENTION
0.0,0.0,0.0,0.0,0.0,,,,,,0.018000000000000002,0.019,0.0182,0.018000000000000002,0.00039999999999999893,1.104,1.127,1.1122,1.108,0.008231646250902646,4096,32,32,16,1,4096,1,2944,1024,True,AttentionBackend.FLASH_ATTENTION
0.0,0.0,0.0,0.0,0.0,,,,,,0.018000000000000002,0.018000000000000002,0.018000000000000002,0.018000000000000002,0.0,1.082,1.121,1.1010000000000002,1.099,0.01269645619848309,4096,32,32,16,1,4096,1,2944,1024,True,AttentionBackend.FLASH_ATTENTION
0.0,0.0,0.0,0.0,0.0,,,,,,0.019,0.019,0.019,0.019,0.0,0.9510000000000001,0.979,0.9696,0.973,0.009871170143402419,4096,32,32,16,1,4096,1,3008,0,True,AttentionBackend.FLASH_ATTENTION
0.0,0.0,0.0,0.0,0.0,,,,,,0.018000000000000002,0.019,0.0188,0.019,0.00039999999999999893,1.051,1.103,1.0782,1.076,0.01740574617762767,4096,32,32,16,1,4096,1,3008,512,True,AttentionBackend.FLASH_ATTENTION
0.0,0.0,0.0,0.0,0.0,,,,,,0.018000000000000002,0.019,0.0182,0.018000000000000002,0.00039999999999999893,1.1380000000000001,1.166,1.1534,1.156,0.009624967532412697,4096,32,32,16,1,4096,1,3008,1024,True,AttentionBackend.FLASH_ATTENTION
0.0,0.0,0.0,0.0,0.0,,,,,,0.018000000000000002,0.019,0.018800000000000004,0.019,0.000399999999999999,1.124,1.165,1.1452000000000002,1.145,0.013526270735128713,4096,32,32,16,1,4096,1,3008,1024,True,AttentionBackend.FLASH_ATTENTION
0.0,0.0,0.0,0.0,0.0,,,,,,0.019,0.02,0.0194,0.019,0.000489897948556636,0.994,1.0150000000000001,1.0070000000000001,1.0070000000000001,0.00756306816047564,4096,32,32,16,1,4096,1,3072,0,True,AttentionBackend.FLASH_ATTENTION
0.0,0.0,0.0,0.0,0.0,,,,,,0.019,0.02,0.019200000000000002,0.019,0.00040000000000000034,1.08,1.107,1.0974,1.101,0.010287856919689307,4096,32,32,16,1,4096,1,3072,512,True,AttentionBackend.FLASH_ATTENTION
0.0,0.0,0.0,0.0,0.0,,,,,,0.019,0.02,0.019200000000000002,0.019,0.00040000000000000034,1.171,1.217,1.1862,1.181,0.01599249824136307,4096,32,32,16,1,4096,1,3072,1024,True,AttentionBackend.FLASH_ATTENTION
0.0,0.0,0.0,0.0,0.0,,,,,,0.019,0.019,0.019,0.019,0.0,1.169,1.184,1.1766,1.177,0.006280127387243035,4096,32,32,16,1,4096,1,3072,1024,True,AttentionBackend.FLASH_ATTENTION
0.0,0.0,0.0,0.0,0.0,,,,,,0.02,0.02,0.02,0.02,0.0,1.046,1.06,1.0538,1.054,0.005670978751503154,4096,32,32,16,1,4096,1,3136,0,True,AttentionBackend.FLASH_ATTENTION
0.0,0.0,0.0,0.0,0.0,,,,,,0.019,0.02,0.0196,0.02,0.000489897948556636,1.121,1.1480000000000001,1.1362,1.137,0.00910823802938861,4096,32,32,16,1,4096,1,3136,512,True,AttentionBackend.FLASH_ATTENTION
0.0,0.0,0.0,0.0,0.0,,,,,,0.02,0.02,0.02,0.02,0.0,1.056,1.075,1.068,1.074,0.008270429251254104,4096,32,32,16,1,4096,1,3200,0,True,AttentionBackend.FLASH_ATTENTION
0.0,0.0,0.0,0.0,0.0,,,,,,0.02,0.021,0.020200000000000003,0.02,0.00040000000000000034,1.163,1.184,1.1720000000000002,1.167,0.008366600265340725,4096,32,32,16,1,4096,1,3200,512,True,AttentionBackend.FLASH_ATTENTION
0.0,0.0,0.0,0.0,0.0,,,,,,0.021,0.021,0.021,0.021,0.0,1.114,1.1300000000000001,1.1206,1.118,0.005986651818838295,4096,32,32,16,1,4096,1,3264,0,True,AttentionBackend.FLASH_ATTENTION
0.0,0.0,0.0,0.0,0.0,,,,,,0.02,0.021,0.0206,0.021,0.000489897948556636,1.198,1.236,1.2108,1.203,0.013818827736099765,4096,32,32,16,1,4096,1,3264,512,True,AttentionBackend.FLASH_ATTENTION
0.0,0.0,0.0,0.0,0.0,,,,,,0.021,0.021,0.021,0.021,0.0,1.139,1.177,1.1638,1.169,0.013481839637082186,4096,32,32,16,1,4096,1,3328,0,True,AttentionBackend.FLASH_ATTENTION
0.0,0.0,0.0,0.0,0.0,,,,,,0.02,0.021,0.020800000000000003,0.021,0.00040000000000000034,1.229,1.254,1.243,1.241,0.008876936408468847,4096,32,32,16,1,4096,1,3328,512,True,AttentionBackend.FLASH_ATTENTION
0.0,0.0,0.0,0.0,0.0,,,,,,0.021,0.022,0.0218,0.022,0.00039999999999999893,1.19,1.234,1.2072,1.204,0.014797297050475134,4096,32,32,16,1,4096,1,3392,0,True,AttentionBackend.FLASH_ATTENTION
0.0,0.0,0.0,0.0,0.0,,,,,,0.021,0.022,0.0216,0.022,0.0004898979485566344,1.276,1.312,1.294,1.293,0.011610340218960012,4096,32,32,16,1,4096,1,3392,512,True,AttentionBackend.FLASH_ATTENTION
0.0,0.0,0.0,0.0,0.0,,,,,,0.022,0.022,0.022,0.022,0.0,1.227,1.2610000000000001,1.2418000000000002,1.24,0.01101635148313635,4096,32,32,16,1,4096,1,3456,0,True,AttentionBackend.FLASH_ATTENTION
0.0,0.0,0.0,0.0,0.0,,,,,,0.021,0.022,0.021200000000000004,0.021,0.00039999999999999893,1.321,1.353,1.3361999999999998,1.333,0.011426285485668571,4096,32,32,16,1,4096,1,3456,512,True,AttentionBackend.FLASH_ATTENTION
0.0,0.0,0.0,0.0,0.0,,,,,,0.022,0.023,0.022199999999999998,0.022,0.00040000000000000034,1.268,1.306,1.2833999999999999,1.282,0.01270590413941488,4096,32,32,16,1,4096,1,3520,0,True,AttentionBackend.FLASH_ATTENTION
0.0,0.0,0.0,0.0,0.0,,,,,,0.022,0.022,0.022,0.022,0.0,1.355,1.387,1.3720000000000003,1.373,0.010392304845413283,4096,32,32,16,1,4096,1,3520,512,True,AttentionBackend.FLASH_ATTENTION
0.0,0.0,0.0,0.0,0.0,,,,,,0.023,0.023,0.023,0.023,0.0,1.317,1.343,1.3262,1.319,0.010457533169921105,4096,32,32,16,1,4096,1,3584,0,True,AttentionBackend.FLASH_ATTENTION
0.0,0.0,0.0,0.0,0.0,,,,,,0.022,0.023,0.022199999999999998,0.022,0.00040000000000000034,1.405,1.44,1.4213999999999998,1.422,0.013469966592386173,4096,32,32,16,1,4096,1,3584,512,True,AttentionBackend.FLASH_ATTENTION
0.0,0.0,0.0,0.0,0.0,,,,,,0.023,0.024,0.0232,0.023,0.00040000000000000034,1.34,1.362,1.3516,1.353,0.00845221864364616,4096,32,32,16,1,4096,1,3648,0,True,AttentionBackend.FLASH_ATTENTION
0.0,0.0,0.0,0.0,0.0,,,,,,0.023,0.024,0.023799999999999998,0.024,0.00040000000000000034,1.3940000000000001,1.411,1.4042,1.4040000000000001,0.0064311740763253805,4096,32,32,16,1,4096,1,3712,0,True,AttentionBackend.FLASH_ATTENTION
0.0,0.0,0.0,0.0,0.0,,,,,,0.024,0.024,0.024,0.024,0.0,1.448,1.468,1.4594,1.461,0.0071721684308164585,4096,32,32,16,1,4096,1,3776,0,True,AttentionBackend.FLASH_ATTENTION
0.0,0.0,0.0,0.0,0.0,,,,,,0.024,0.025,0.024399999999999998,0.024,0.000489897948556636,1.494,1.5150000000000001,1.5036,1.502,0.008212186067059181,4096,32,32,16,1,4096,1,3840,0,True,AttentionBackend.FLASH_ATTENTION
0.0,0.0,0.0,0.0,0.0,,,,,,0.024,0.026000000000000002,0.025,0.025,0.0006324555320336764,1.514,1.537,1.5256,1.522,0.00926498785752034,4096,32,32,16,1,4096,1,3904,0,True,AttentionBackend.FLASH_ATTENTION
0.0,0.0,0.0,0.0,0.0,,,,,,0.025,0.025,0.025,0.025,0.0,1.578,1.597,1.5897999999999999,1.595,0.007782030583337478,4096,32,32,16,1,4096,1,3968,0,True,AttentionBackend.FLASH_ATTENTION
0.0,0.0,0.0,0.0,0.0,,,,,,0.025,0.026000000000000002,0.0256,0.026000000000000002,0.000489897948556636,1.596,1.624,1.6123999999999998,1.62,0.011892854997854814,4096,32,32,16,1,4096,1,4032,0,True,AttentionBackend.FLASH_ATTENTION
0.0,0.0,0.0,0.0,0.0,,,,,,0.026000000000000002,0.027,0.0262,0.026000000000000002,0.00039999999999999893,1.6640000000000001,1.697,1.6730000000000005,1.669,0.012214745187681977,4096,32,32,16,1,4096,1,4096,0,True,AttentionBackend.FLASH_ATTENTION
0.0,0.0,0.0,0.0,0.0,,,,,,0.026000000000000002,0.026000000000000002,0.026000000000000002,0.026000000000000002,0.0,1.655,1.694,1.6706000000000003,1.666,0.01519999999999995,4096,32,32,16,1,4096,1,4096,0,True,AttentionBackend.FLASH_ATTENTION
0.0,0.0,0.0,0.0,0.0,0.006,0.007,0.0066,0.007,0.0004898979485566356,0.001,0.001,0.001,0.001,0.0,,,,,,4096,32,32,16,2,4096,1,0,32,False,AttentionBackend.FLASH_ATTENTION
0.0,0.0,0.0,0.0,0.0,0.007,0.007,0.007000000000000001,0.007,8.673617379884035e-19,0.001,0.001,0.001,0.001,0.0,,,,,,4096,32,32,16,2,4096,2,0,32,False,AttentionBackend.FLASH_ATTENTION
0.0,0.0,0.0,0.0,0.0,0.007,0.007,0.007000000000000001,0.007,8.673617379884035e-19,0.001,0.001,0.001,0.001,0.0,,,,,,4096,32,32,16,2,4096,3,0,32,False,AttentionBackend.FLASH_ATTENTION
0.0,0.0,0.0,0.0,0.0,0.007,0.007,0.007000000000000001,0.007,8.673617379884035e-19,0.001,0.001,0.001,0.001,0.0,,,,,,4096,32,32,16,2,4096,4,0,32,False,AttentionBackend.FLASH_ATTENTION
0.0,0.0,0.0,0.0,0.0,0.007,0.007,0.007000000000000001,0.007,8.673617379884035e-19,0.001,0.001,0.001,0.001,0.0,,,,,,4096,32,32,16,2,4096,5,0,32,False,AttentionBackend.FLASH_ATTENTION
0.0,0.0,0.0,0.0,0.0,0.007,0.007,0.007000000000000001,0.007,8.673617379884035e-19,0.001,0.001,0.001,0.001,0.0,,,,,,4096,32,32,16,2,4096,6,0,32,False,AttentionBackend.FLASH_ATTENTION
0.0,0.0,0.0,0.0,0.0,0.007,0.007,0.007000000000000001,0.007,8.673617379884035e-19,0.001,0.001,0.001,0.001,0.0,,,,,,4096,32,32,16,2,4096,7,0,32,False,AttentionBackend.FLASH_ATTENTION
0.0,0.0,0.0,0.0,0.0,0.007,0.007,0.007000000000000001,0.007,8.673617379884035e-19,0.001,0.001,0.001,0.001,0.0,,,,,,4096,32,32,16,2,4096,8,0,32,False,AttentionBackend.FLASH_ATTENTION
0.0,0.0,0.0,0.0,0.0,0.006,0.007,0.0066,0.007,0.0004898979485566356,0.001,0.001,0.001,0.001,0.0,,,,,,4096,32,32,16,2,4096,1,0,64,False,AttentionBackend.FLASH_ATTENTION
0.0,0.0,0.0,0.0,0.0,0.007,0.007,0.007000000000000001,0.007,8.673617379884035e-19,0.001,0.001,0.001,0.001,0.0,,,,,,4096,32,32,16,2,4096,2,0,64,False,AttentionBackend.FLASH_ATTENTION
0.0,0.0,0.0,0.0,0.0,0.007,0.007,0.007000000000000001,0.007,8.673617379884035e-19,0.001,0.001,0.001,0.001,0.0,,,,,,4096,32,32,16,2,4096,3,0,64,False,AttentionBackend.FLASH_ATTENTION
0.0,0.0,0.0,0.0,0.0,0.007,0.007,0.007000000000000001,0.007,8.673617379884035e-19,0.001,0.001,0.001,0.001,0.0,,,,,,4096,32,32,16,2,4096,4,0,64,False,AttentionBackend.FLASH_ATTENTION
0.0,0.0,0.0,0.0,0.0,0.007,0.007,0.007000000000000001,0.007,8.673617379884035e-19,0.001,0.001,0.001,0.001,0.0,,,,,,4096,32,32,16,2,4096,5,0,64,False,AttentionBackend.FLASH_ATTENTION
0.0,0.0,0.0,0.0,0.0,0.007,0.007,0.007000000000000001,0.007,8.673617379884035e-19,0.001,0.001,0.001,0.001,0.0,,,,,,4096,32,32,16,2,4096,6,0,64,False,AttentionBackend.FLASH_ATTENTION
0.0,0.0,0.0,0.0,0.0,0.007,0.007,0.007000000000000001,0.007,8.673617379884035e-19,0.001,0.001,0.001,0.001,0.0,,,,,,4096,32,32,16,2,4096,7,0,64,False,AttentionBackend.FLASH_ATTENTION
0.0,0.0,0.0,0.0,0.0,0.007,0.007,0.007000000000000001,0.007,8.673617379884035e-19,0.001,0.001,0.001,0.001,0.0,,,,,,4096,32,32,16,2,4096,8,0,64,False,AttentionBackend.FLASH_ATTENTION
0.0,0.0,0.0,0.0,0.0,0.007,0.007,0.007000000000000001,0.007,8.673617379884035e-19,0.001,0.001,0.001,0.001,0.0,,,,,,4096,32,32,16,2,4096,1,0,96,False,AttentionBackend.FLASH_ATTENTION
0.0,0.0,0.0,0.0,0.0,0.007,0.007,0.007000000000000001,0.007,8.673617379884035e-19,0.001,0.001,0.001,0.001,0.0,,,,,,4096,32,32,16,2,4096,2,0,96,False,AttentionBackend.FLASH_ATTENTION
0.0,0.0,0.0,0.0,0.0,0.007,0.007,0.007000000000000001,0.007,8.673617379884035e-19,0.001,0.001,0.001,0.001,0.0,,,,,,4096,32,32,16,2,4096,3,0,96,False,AttentionBackend.FLASH_ATTENTION
0.0,0.0,0.0,0.0,0.0,0.007,0.007,0.007000000000000001,0.007,8.673617379884035e-19,0.001,0.001,0.001,0.001,0.0,,,,,,4096,32,32,16,2,4096,4,0,96,False,AttentionBackend.FLASH_ATTENTION
0.0,0.0,0.0,0.0,0.0,0.007,0.007,0.007000000000000001,0.007,8.673617379884035e-19,0.001,0.001,0.001,0.001,0.0,,,,,,4096,32,32,16,2,4096,5,0,96,False,AttentionBackend.FLASH_ATTENTION
0.0,0.0,0.0,0.0,0.0,0.007,0.007,0.007000000000000001,0.007,8.673617379884035e-19,0.001,0.001,0.001,0.001,0.0,,,,,,4096,32,32,16,2,4096,6,0,96,False,AttentionBackend.FLASH_ATTENTION
0.0,0.0,0.0,0.0,0.0,0.007,0.007,0.007000000000000001,0.007,8.673617379884035e-19,0.001,0.001,0.001,0.001,0.0,,,,,,4096,32,32,16,2,4096,7,0,96,False,AttentionBackend.FLASH_ATTENTION
0.0,0.0,0.0,0.0,0.0,0.007,0.007,0.007000000000000001,0.007,8.673617379884035e-19,0.001,0.001,0.001,0.001,0.0,,,,,,4096,32,32,16,2,4096,8,0,96,False,AttentionBackend.FLASH_ATTENTION
0.0,0.0,0.0,0.0,0.0,0.009000000000000001,0.009000000000000001,0.009000000000000001,0.009000000000000001,0.0,0.001,0.001,0.001,0.001,0.0,,,,,,4096,32,32,16,2,4096,1,0,128,False,AttentionBackend.FLASH_ATTENTION
0.0,0.0,0.0,0.0,0.0,0.009000000000000001,0.009000000000000001,0.009000000000000001,0.009000000000000001,0.0,0.001,0.001,0.001,0.001,0.0,,,,,,4096,32,32,16,2,4096,2,0,128,False,AttentionBackend.FLASH_ATTENTION
0.0,0.0,0.0,0.0,0.0,0.009000000000000001,0.009000000000000001,0.009000000000000001,0.009000000000000001,0.0,0.001,0.001,0.001,0.001,0.0,,,,,,4096,32,32,16,2,4096,3,0,128,False,AttentionBackend.FLASH_ATTENTION
0.0,0.0,0.0,0.0,0.0,0.009000000000000001,0.009000000000000001,0.009000000000000001,0.009000000000000001,0.0,0.001,0.001,0.001,0.001,0.0,,,,,,4096,32,32,16,2,4096,4,0,128,False,AttentionBackend.FLASH_ATTENTION
0.0,0.0,0.0,0.0,0.0,0.009000000000000001,0.009000000000000001,0.009000000000000001,0.009000000000000001,0.0,0.001,0.001,0.001,0.001,0.0,,,,,,4096,32,32,16,2,4096,5,0,128,False,AttentionBackend.FLASH_ATTENTION
0.0,0.0,0.0,0.0,0.0,0.009000000000000001,0.009000000000000001,0.009000000000000001,0.009000000000000001,0.0,0.001,0.001,0.001,0.001,0.0,,,,,,4096,32,32,16,2,4096,6,0,128,False,AttentionBackend.FLASH_ATTENTION
0.0,0.0,0.0,0.0,0.0,0.009000000000000001,0.009000000000000001,0.009000000000000001,0.009000000000000001,0.0,0.001,0.001,0.001,0.001,0.0,,,,,,4096,32,32,16,2,4096,7,0,128,False,AttentionBackend.FLASH_ATTENTION
0.0,0.0,0.0,0.0,0.0,0.009000000000000001,0.009000000000000001,0.009000000000000001,0.009000000000000001,0.0,0.001,0.001,0.001,0.001,0.0,,,,,,4096,32,32,16,2,4096,8,0,128,False,AttentionBackend.FLASH_ATTENTION
0.0,0.0,0.0,0.0,0.0,0.009000000000000001,0.009000000000000001,0.009000000000000001,0.009000000000000001,0.0,0.001,0.001,0.001,0.001,0.0,,,,,,4096,32,32,16,2,4096,1,0,160,False,AttentionBackend.FLASH_ATTENTION
0.0,0.0,0.0,0.0,0.0,0.009000000000000001,0.009000000000000001,0.009000000000000001,0.009000000000000001,0.0,0.001,0.001,0.001,0.001,0.0,,,,,,4096,32,32,16,2,4096,2,0,160,False,AttentionBackend.FLASH_ATTENTION
0.0,0.0,0.0,0.0,0.0,0.009000000000000001,0.009000000000000001,0.009000000000000001,0.009000000000000001,0.0,0.001,0.001,0.001,0.001,0.0,,,,,,4096,32,32,16,2,4096,3,0,160,False,AttentionBackend.FLASH_ATTENTION
0.0,0.0,0.0,0.0,0.0,0.009000000000000001,0.009000000000000001,0.009000000000000001,0.009000000000000001,0.0,0.001,0.001,0.001,0.001,0.0,,,,,,4096,32,32,16,2,4096,4,0,160,False,AttentionBackend.FLASH_ATTENTION
0.0,0.0,0.0,0.0,0.0,0.009000000000000001,0.009000000000000001,0.009000000000000001,0.009000000000000001,0.0,0.001,0.001,0.001,0.001,0.0,,,,,,4096,32,32,16,2,4096,5,0,160,False,AttentionBackend.FLASH_ATTENTION
0.0,0.0,0.0,0.0,0.0,0.009000000000000001,0.009000000000000001,0.009000000000000001,0.009000000000000001,0.0,0.001,0.001,0.001,0.001,0.0,,,,,,4096,32,32,16,2,4096,6,0,160,False,AttentionBackend.FLASH_ATTENTION
0.0,0.0,0.0,0.0,0.0,0.009000000000000001,0.009000000000000001,0.009000000000000001,0.009000000000000001,0.0,0.001,0.001,0.001,0.001,0.0,,,,,,4096,32,32,16,2,4096,7,0,160,False,AttentionBackend.FLASH_ATTENTION
0.0,0.0,0.0,0.0,0.0,0.009000000000000001,0.009000000000000001,0.009000000000000001,0.009000000000000001,0.0,0.001,0.001,0.001,0.001,0.0,,,,,,4096,32,32,16,2,4096,8,0,160,False,AttentionBackend.FLASH_ATTENTION
0.0,0.0,0.0,0.0,0.0,0.009000000000000001,0.009000000000000001,0.009000000000000001,0.009000000000000001,0.0,0.001,0.001,0.001,0.001,0.0,,,,,,4096,32,32,16,2,4096,1,0,192,False,AttentionBackend.FLASH_ATTENTION
0.0,0.0,0.0,0.0,0.0,0.009000000000000001,0.009000000000000001,0.009000000000000001,0.009000000000000001,0.0,0.001,0.001,0.001,0.001,0.0,,,,,,4096,32,32,16,2,4096,2,0,192,False,AttentionBackend.FLASH_ATTENTION
0.0,0.0,0.0,0.0,0.0,0.009000000000000001,0.009000000000000001,0.009000000000000001,0.009000000000000001,0.0,0.001,0.001,0.001,0.001,0.0,,,,,,4096,32,32,16,2,4096,3,0,192,False,AttentionBackend.FLASH_ATTENTION
0.0,0.0,0.0,0.0,0.0,0.009000000000000001,0.009000000000000001,0.009000000000000001,0.009000000000000001,0.0,0.001,0.001,0.001,0.001,0.0,,,,,,4096,32,32,16,2,4096,4,0,192,False,AttentionBackend.FLASH_ATTENTION
0.0,0.0,0.0,0.0,0.0,0.009000000000000001,0.009000000000000001,0.009000000000000001,0.009000000000000001,0.0,0.001,0.001,0.001,0.001,0.0,,,,,,4096,32,32,16,2,4096,5,0,192,False,AttentionBackend.FLASH_ATTENTION
0.0,0.0,0.0,0.0,0.0,0.009000000000000001,0.009000000000000001,0.009000000000000001,0.009000000000000001,0.0,0.001,0.001,0.001,0.001,0.0,,,,,,4096,32,32,16,2,4096,6,0,192,False,AttentionBackend.FLASH_ATTENTION
0.0,0.0,0.0,0.0,0.0,0.009000000000000001,0.009000000000000001,0.009000000000000001,0.009000000000000001,0.0,0.001,0.001,0.001,0.001,0.0,,,,,,4096,32,32,16,2,4096,7,0,192,False,AttentionBackend.FLASH_ATTENTION
0.0,0.0,0.0,0.0,0.0,0.009000000000000001,0.009000000000000001,0.009000000000000001,0.009000000000000001,0.0,0.001,0.001,0.001,0.001,0.0,,,,,,4096,32,32,16,2,4096,8,0,192,False,AttentionBackend.FLASH_ATTENTION
0.0,0.0,0.0,0.0,0.0,0.009000000000000001,0.009000000000000001,0.009000000000000001,0.009000000000000001,0.0,0.001,0.001,0.001,0.001,0.0,,,,,,4096,32,32,16,2,4096,1,0,224,False,AttentionBackend.FLASH_ATTENTION
0.0,0.0,0.0,0.0,0.0,0.009000000000000001,0.009000000000000001,0.009000000000000001,0.009000000000000001,0.0,0.001,0.001,0.001,0.001,0.0,,,,,,4096,32,32,16,2,4096,2,0,224,False,AttentionBackend.FLASH_ATTENTION
0.0,0.0,0.0,0.0,0.0,0.009000000000000001,0.009000000000000001,0.009000000000000001,0.009000000000000001,0.0,0.001,0.001,0.001,0.001,0.0,,,,,,4096,32,32,16,2,4096,3,0,224,False,AttentionBackend.FLASH_ATTENTION
0.0,0.0,0.0,0.0,0.0,0.009000000000000001,0.009000000000000001,0.009000000000000001,0.009000000000000001,0.0,0.001,0.001,0.001,0.001,0.0,,,,,,4096,32,32,16,2,4096,4,0,224,False,AttentionBackend.FLASH_ATTENTION
0.0,0.0,0.0,0.0,0.0,0.009000000000000001,0.009000000000000001,0.009000000000000001,0.009000000000000001,0.0,0.001,0.001,0.001,0.001,0.0,,,,,,4096,32,32,16,2,4096,5,0,224,False,AttentionBackend.FLASH_ATTENTION
0.0,0.0,0.0,0.0,0.0,0.009000000000000001,0.009000000000000001,0.009000000000000001,0.009000000000000001,0.0,0.001,0.001,0.001,0.001,0.0,,,,,,4096,32,32,16,2,4096,6,0,224,False,AttentionBackend.FLASH_ATTENTION
0.0,0.0,0.0,0.0,0.0,0.009000000000000001,0.01,0.009600000000000001,0.01,0.0004898979485566352,0.001,0.001,0.001,0.001,0.0,,,,,,4096,32,32,16,2,4096,7,0,224,False,AttentionBackend.FLASH_ATTENTION
0.0,0.0,0.0,0.0,0.0,0.01,0.01,0.01,0.01,0.0,0.001,0.001,0.001,0.001,0.0,,,,,,4096,32,32,16,2,4096,8,0,224,False,AttentionBackend.FLASH_ATTENTION
0.0,0.0,0.0,0.0,0.0,0.009000000000000001,0.009000000000000001,0.009000000000000001,0.009000000000000001,0.0,0.001,0.001,0.001,0.001,0.0,,,,,,4096,32,32,16,2,4096,1,0,256,False,AttentionBackend.FLASH_ATTENTION
0.0,0.0,0.0,0.0,0.0,0.009000000000000001,0.009000000000000001,0.009000000000000001,0.009000000000000001,0.0,0.001,0.001,0.001,0.001,0.0,,,,,,4096,32,32,16,2,4096,2,0,256,False,AttentionBackend.FLASH_ATTENTION
0.0,0.0,0.0,0.0,0.0,0.01,0.01,0.01,0.01,0.0,0.001,0.001,0.001,0.001,0.0,,,,,,4096,32,32,16,2,4096,3,0,256,False,AttentionBackend.FLASH_ATTENTION
0.0,0.0,0.0,0.0,0.0,0.01,0.011,0.010799999999999999,0.011,0.0003999999999999997,0.001,0.001,0.001,0.001,0.0,,,,,,4096,32,32,16,2,4096,4,0,256,False,AttentionBackend.FLASH_ATTENTION
0.0,0.0,0.0,0.0,0.0,0.011,0.011,0.011,0.011,0.0,0.001,0.001,0.001,0.001,0.0,,,,,,4096,32,32,16,2,4096,5,0,256,False,AttentionBackend.FLASH_ATTENTION
0.0,0.0,0.0,0.0,0.0,0.011,0.012,0.011399999999999999,0.011,0.0004898979485566361,0.001,0.001,0.001,0.001,0.0,,,,,,4096,32,32,16,2,4096,6,0,256,False,AttentionBackend.FLASH_ATTENTION
0.0,0.0,0.0,0.0,0.0,0.012,0.012,0.012,0.012,0.0,0.001,0.001,0.001,0.001,0.0,,,,,,4096,32,32,16,2,4096,7,0,256,False,AttentionBackend.FLASH_ATTENTION
0.0,0.0,0.0,0.0,0.0,0.011,0.011,0.011,0.011,0.0,0.001,0.001,0.001,0.001,0.0,,,,,,4096,32,32,16,2,4096,8,0,256,False,AttentionBackend.FLASH_ATTENTION
0.0,0.0,0.0,0.0,0.0,0.009000000000000001,0.009000000000000001,0.009000000000000001,0.009000000000000001,0.0,0.001,0.001,0.001,0.001,0.0,,,,,,4096,32,32,16,2,4096,1,0,288,False,AttentionBackend.FLASH_ATTENTION
0.0,0.0,0.0,0.0,0.0,0.009000000000000001,0.009000000000000001,0.009000000000000001,0.009000000000000001,0.0,0.001,0.001,0.001,0.001,0.0,,,,,,4096,32,32,16,2,4096,2,0,288,False,AttentionBackend.FLASH_ATTENTION
0.0,0.0,0.0,0.0,0.0,0.01,0.01,0.01,0.01,0.0,0.001,0.001,0.001,0.001,0.0,,,,,,4096,32,32,16,2,4096,3,0,288,False,AttentionBackend.FLASH_ATTENTION
0.0,0.0,0.0,0.0,0.0,0.011,0.011,0.011,0.011,0.0,0.001,0.001,0.001,0.001,0.0,,,,,,4096,32,32,16,2,4096,4,0,288,False,AttentionBackend.FLASH_ATTENTION
0.0,0.0,0.0,0.0,0.0,0.011,0.012,0.011399999999999999,0.011,0.0004898979485566361,0.001,0.001,0.001,0.001,0.0,,,,,,4096,32,32,16,2,4096,5,0,288,False,AttentionBackend.FLASH_ATTENTION
0.0,0.0,0.0,0.0,0.0,0.011,0.012,0.0118,0.012,0.0004000000000000004,0.001,0.001,0.001,0.001,0.0,,,,,,4096,32,32,16,2,4096,6,0,288,False,AttentionBackend.FLASH_ATTENTION
0.0,0.0,0.0,0.0,0.0,0.012,0.012,0.012,0.012,0.0,0.001,0.001,0.001,0.001,0.0,,,,,,4096,32,32,16,2,4096,7,0,288,False,AttentionBackend.FLASH_ATTENTION
0.0,0.0,0.0,0.0,0.0,0.012,0.012,0.012,0.012,0.0,0.001,0.001,0.001,0.001,0.0,,,,,,4096,32,32,16,2,4096,8,0,288,False,AttentionBackend.FLASH_ATTENTION
0.0,0.0,0.0,0.0,0.0,0.009000000000000001,0.009000000000000001,0.009000000000000001,0.009000000000000001,0.0,0.001,0.001,0.001,0.001,0.0,,,,,,4096,32,32,16,2,4096,1,0,320,False,AttentionBackend.FLASH_ATTENTION
0.0,0.0,0.0,0.0,0.0,0.009000000000000001,0.009000000000000001,0.009000000000000001,0.009000000000000001,0.0,0.001,0.001,0.001,0.001,0.0,,,,,,4096,32,32,16,2,4096,2,0,320,False,AttentionBackend.FLASH_ATTENTION
0.0,0.0,0.0,0.0,0.0,0.01,0.01,0.01,0.01,0.0,0.001,0.001,0.001,0.001,0.0,,,,,,4096,32,32,16,2,4096,3,0,320,False,AttentionBackend.FLASH_ATTENTION
0.0,0.0,0.0,0.0,0.0,0.011,0.011,0.011,0.011,0.0,0.001,0.001,0.001,0.001,0.0,,,,,,4096,32,32,16,2,4096,4,0,320,False,AttentionBackend.FLASH_ATTENTION
0.0,0.0,0.0,0.0,0.0,0.011,0.012,0.011399999999999999,0.011,0.0004898979485566361,0.001,0.001,0.001,0.001,0.0,,,,,,4096,32,32,16,2,4096,5,0,320,False,AttentionBackend.FLASH_ATTENTION
0.0,0.0,0.0,0.0,0.0,0.011,0.012,0.0116,0.012,0.000489897948556636,0.001,0.001,0.001,0.001,0.0,,,,,,4096,32,32,16,2,4096,6,0,320,False,AttentionBackend.FLASH_ATTENTION
0.0,0.0,0.0,0.0,0.0,0.011,0.012,0.0116,0.012,0.000489897948556636,0.001,0.001,0.001,0.001,0.0,,,,,,4096,32,32,16,2,4096,7,0,320,False,AttentionBackend.FLASH_ATTENTION
0.0,0.0,0.0,0.0,0.0,0.012,0.012,0.012,0.012,0.0,0.001,0.001,0.001,0.001,0.0,,,,,,4096,32,32,16,2,4096,8,0,320,False,AttentionBackend.FLASH_ATTENTION
0.0,0.0,0.0,0.0,0.0,0.009000000000000001,0.009000000000000001,0.009000000000000001,0.009000000000000001,0.0,0.001,0.001,0.001,0.001,0.0,,,,,,4096,32,32,16,2,4096,1,0,352,False,AttentionBackend.FLASH_ATTENTION
0.0,0.0,0.0,0.0,0.0,0.009000000000000001,0.009000000000000001,0.009000000000000001,0.009000000000000001,0.0,0.001,0.001,0.001,0.001,0.0,,,,,,4096,32,32,16,2,4096,2,0,352,False,AttentionBackend.FLASH_ATTENTION
0.0,0.0,0.0,0.0,0.0,0.01,0.01,0.01,0.01,0.0,0.001,0.001,0.001,0.001,0.0,,,,,,4096,32,32,16,2,4096,3,0,352,False,AttentionBackend.FLASH_ATTENTION
0.0,0.0,0.0,0.0,0.0,0.011,0.011,0.011,0.011,0.0,0.001,0.001,0.001,0.001,0.0,,,,,,4096,32,32,16,2,4096,4,0,352,False,AttentionBackend.FLASH_ATTENTION
0.0,0.0,0.0,0.0,0.0,0.011,0.012,0.011199999999999998,0.011,0.00040000000000000034,0.001,0.001,0.001,0.001,0.0,,,,,,4096,32,32,16,2,4096,5,0,352,False,AttentionBackend.FLASH_ATTENTION
0.0,0.0,0.0,0.0,0.0,0.012,0.012,0.012,0.012,0.0,0.001,0.001,0.001,0.001,0.0,,,,,,4096,32,32,16,2,4096,6,0,352,False,AttentionBackend.FLASH_ATTENTION
0.0,0.0,0.0,0.0,0.0,0.012,0.012,0.012,0.012,0.0,0.001,0.001,0.001,0.001,0.0,,,,,,4096,32,32,16,2,4096,7,0,352,False,AttentionBackend.FLASH_ATTENTION
0.0,0.0,0.0,0.0,0.0,0.012,0.012,0.012,0.012,0.0,0.001,0.001,0.001,0.001,0.0,,,,,,4096,32,32,16,2,4096,8,0,352,False,AttentionBackend.FLASH_ATTENTION
0.0,0.0,0.0,0.0,0.0,0.009000000000000001,0.01,0.009400000000000002,0.009000000000000001,0.0004898979485566351,0.001,0.001,0.001,0.001,0.0,,,,,,4096,32,32,16,2,4096,1,0,384,False,AttentionBackend.FLASH_ATTENTION
0.0,0.0,0.0,0.0,0.0,0.009000000000000001,0.01,0.009600000000000001,0.01,0.0004898979485566352,0.001,0.001,0.001,0.001,0.0,,,,,,4096,32,32,16,2,4096,2,0,384,False,AttentionBackend.FLASH_ATTENTION
0.0,0.0,0.0,0.0,0.0,0.011,0.011,0.011,0.011,0.0,0.001,0.001,0.001,0.001,0.0,,,,,,4096,32,32,16,2,4096,3,0,384,False,AttentionBackend.FLASH_ATTENTION
0.0,0.0,0.0,0.0,0.0,0.012,0.012,0.012,0.012,0.0,0.001,0.001,0.001,0.001,0.0,,,,,,4096,32,32,16,2,4096,4,0,384,False,AttentionBackend.FLASH_ATTENTION
0.0,0.0,0.0,0.0,0.0,0.016,0.017,0.0166,0.017,0.000489897948556636,0.001,0.001,0.001,0.001,0.0,,,,,,4096,32,32,16,2,4096,5,0,384,False,AttentionBackend.FLASH_ATTENTION
0.0,0.0,0.0,0.0,0.0,0.018000000000000002,0.019,0.0182,0.018000000000000002,0.00039999999999999893,0.001,0.001,0.001,0.001,0.0,,,,,,4096,32,32,16,2,4096,6,0,384,False,AttentionBackend.FLASH_ATTENTION
0.0,0.0,0.0,0.0,0.0,0.014,0.015,0.014799999999999999,0.015,0.0003999999999999997,0.001,0.001,0.001,0.001,0.0,,,,,,4096,32,32,16,2,4096,7,0,384,False,AttentionBackend.FLASH_ATTENTION
0.0,0.0,0.0,0.0,0.0,0.014,0.015,0.0144,0.014,0.0004898979485566351,0.001,0.001,0.001,0.001,0.0,,,,,,4096,32,32,16,2,4096,8,0,384,False,AttentionBackend.FLASH_ATTENTION
0.0,0.0,0.0,0.0,0.0,0.009000000000000001,0.01,0.009200000000000002,0.009000000000000001,0.0003999999999999997,0.001,0.001,0.001,0.001,0.0,,,,,,4096,32,32,16,2,4096,1,0,416,False,AttentionBackend.FLASH_ATTENTION
0.0,0.0,0.0,0.0,0.0,0.009000000000000001,0.01,0.009600000000000001,0.01,0.0004898979485566352,0.001,0.001,0.001,0.001,0.0,,,,,,4096,32,32,16,2,4096,2,0,416,False,AttentionBackend.FLASH_ATTENTION
0.0,0.0,0.0,0.0,0.0,0.012,0.012,0.012,0.012,0.0,0.001,0.001,0.001,0.001,0.0,,,,,,4096,32,32,16,2,4096,3,0,416,False,AttentionBackend.FLASH_ATTENTION
0.0,0.0,0.0,0.0,0.0,0.012,0.012,0.012,0.012,0.0,0.001,0.001,0.001,0.001,0.0,,,,,,4096,32,32,16,2,4096,4,0,416,False,AttentionBackend.FLASH_ATTENTION
0.0,0.0,0.0,0.0,0.0,0.016,0.017,0.0166,0.017,0.000489897948556636,0.001,0.001,0.001,0.001,0.0,,,,,,4096,32,32,16,2,4096,5,0,416,False,AttentionBackend.FLASH_ATTENTION
0.0,0.0,0.0,0.0,0.0,0.018000000000000002,0.019,0.018600000000000002,0.019,0.0004898979485566344,0.001,0.001,0.001,0.001,0.0,,,,,,4096,32,32,16,2,4096,6,0,416,False,AttentionBackend.FLASH_ATTENTION
0.0,0.0,0.0,0.0,0.0,0.015,0.015,0.015,0.015,0.0,0.001,0.001,0.001,0.001,0.0,,,,,,4096,32,32,16,2,4096,7,0,416,False,AttentionBackend.FLASH_ATTENTION
0.0,0.0,0.0,0.0,0.0,0.014,0.015,0.014599999999999998,0.015,0.0004898979485566351,0.001,0.001,0.001,0.001,0.0,,,,,,4096,32,32,16,2,4096,8,0,416,False,AttentionBackend.FLASH_ATTENTION
0.0,0.0,0.0,0.0,0.0,0.009000000000000001,0.01,0.009200000000000002,0.009000000000000001,0.0003999999999999997,0.001,0.001,0.001,0.001,0.0,,,,,,4096,32,32,16,2,4096,1,0,448,False,AttentionBackend.FLASH_ATTENTION
0.0,0.0,0.0,0.0,0.0,0.009000000000000001,0.01,0.009400000000000002,0.009000000000000001,0.0004898979485566352,0.001,0.001,0.001,0.001,0.0,,,,,,4096,32,32,16,2,4096,2,0,448,False,AttentionBackend.FLASH_ATTENTION
0.0,0.0,0.0,0.0,0.0,0.011,0.012,0.011399999999999999,0.011,0.0004898979485566361,0.001,0.001,0.001,0.001,0.0,,,,,,4096,32,32,16,2,4096,3,0,448,False,AttentionBackend.FLASH_ATTENTION
0.0,0.0,0.0,0.0,0.0,0.012,0.012,0.012,0.012,0.0,0.001,0.001,0.001,0.001,0.0,,,,,,4096,32,32,16,2,4096,4,0,448,False,AttentionBackend.FLASH_ATTENTION
0.0,0.0,0.0,0.0,0.0,0.016,0.017,0.0166,0.017,0.000489897948556636,0.001,0.001,0.001,0.001,0.0,,,,,,4096,32,32,16,2,4096,5,0,448,False,AttentionBackend.FLASH_ATTENTION
0.0,0.0,0.0,0.0,0.0,0.017,0.019,0.018400000000000003,0.019,0.0007999999999999992,0.001,0.001,0.001,0.001,0.0,,,,,,4096,32,32,16,2,4096,6,0,448,False,AttentionBackend.FLASH_ATTENTION
0.0,0.0,0.0,0.0,0.0,0.014,0.014,0.014000000000000002,0.014,1.734723475976807e-18,0.001,0.001,0.001,0.001,0.0,,,,,,4096,32,32,16,2,4096,7,0,448,False,AttentionBackend.FLASH_ATTENTION
0.0,0.0,0.0,0.0,0.0,0.015,0.016,0.0152,0.015,0.0004000000000000004,0.001,0.001,0.001,0.001,0.0,,,,,,4096,32,32,16,2,4096,8,0,448,False,AttentionBackend.FLASH_ATTENTION
0.0,0.0,0.0,0.0,0.0,0.009000000000000001,0.01,0.009600000000000001,0.01,0.0004898979485566351,0.001,0.001,0.001,0.001,0.0,,,,,,4096,32,32,16,2,4096,1,0,480,False,AttentionBackend.FLASH_ATTENTION
0.0,0.0,0.0,0.0,0.0,0.009000000000000001,0.01,0.009600000000000001,0.01,0.0004898979485566351,0.001,0.001,0.001,0.001,0.0,,,,,,4096,32,32,16,2,4096,2,0,480,False,AttentionBackend.FLASH_ATTENTION
0.0,0.0,0.0,0.0,0.0,0.011,0.012,0.0116,0.012,0.000489897948556636,0.001,0.001,0.001,0.001,0.0,,,,,,4096,32,32,16,2,4096,3,0,480,False,AttentionBackend.FLASH_ATTENTION
0.0,0.0,0.0,0.0,0.0,0.012,0.012,0.012,0.012,0.0,0.001,0.001,0.001,0.001,0.0,,,,,,4096,32,32,16,2,4096,4,0,480,False,AttentionBackend.FLASH_ATTENTION
0.0,0.0,0.0,0.0,0.0,0.016,0.017,0.016800000000000002,0.017,0.00040000000000000034,0.001,0.001,0.001,0.001,0.0,,,,,,4096,32,32,16,2,4096,5,0,480,False,AttentionBackend.FLASH_ATTENTION
0.0,0.0,0.0,0.0,0.0,0.018000000000000002,0.019,0.0188,0.019,0.00039999999999999893,0.001,0.001,0.001,0.001,0.0,,,,,,4096,32,32,16,2,4096,6,0,480,False,AttentionBackend.FLASH_ATTENTION
0.0,0.0,0.0,0.0,0.0,0.014,0.015,0.0144,0.014,0.0004898979485566352,0.001,0.001,0.001,0.001,0.0,,,,,,4096,32,32,16,2,4096,7,0,480,False,AttentionBackend.FLASH_ATTENTION
0.0,0.0,0.0,0.0,0.0,0.014,0.015,0.014599999999999998,0.015,0.0004898979485566351,0.001,0.001,0.001,0.001,0.0,,,,,,4096,32,32,16,2,4096,8,0,480,False,AttentionBackend.FLASH_ATTENTION
0.0,0.0,0.0,0.0,0.0,0.01,0.01,0.01,0.01,0.0,0.001,0.001,0.001,0.001,0.0,,,,,,4096,32,32,16,2,4096,1,0,512,False,AttentionBackend.FLASH_ATTENTION
0.0,0.0,0.0,0.0,0.0,0.011,0.011,0.011,0.011,0.0,0.001,0.001,0.001,0.001,0.0,,,,,,4096,32,32,16,2,4096,2,0,512,False,AttentionBackend.FLASH_ATTENTION
0.0,0.0,0.0,0.0,0.0,0.012,0.012,0.012,0.012,0.0,0.001,0.001,0.001,0.001,0.0,,,,,,4096,32,32,16,2,4096,3,0,512,False,AttentionBackend.FLASH_ATTENTION
0.0,0.0,0.0,0.0,0.0,0.013000000000000001,0.013000000000000001,0.013000000000000001,0.013000000000000001,0.0,0.001,0.001,0.001,0.001,0.0,,,,,,4096,32,32,16,2,4096,4,0,512,False,AttentionBackend.FLASH_ATTENTION
0.0,0.0,0.0,0.0,0.0,0.014,0.014,0.014000000000000002,0.014,1.734723475976807e-18,0.001,0.001,0.001,0.001,0.0,,,,,,4096,32,32,16,2,4096,5,0,512,False,AttentionBackend.FLASH_ATTENTION
0.0,0.0,0.0,0.0,0.0,0.019,0.019,0.019,0.019,0.0,0.001,0.001,0.001,0.001,0.0,,,,,,4096,32,32,16,2,4096,6,0,512,False,AttentionBackend.FLASH_ATTENTION
0.0,0.0,0.0,0.0,0.0,0.017,0.017,0.017,0.017,0.0,0.001,0.001,0.001,0.001,0.0,,,,,,4096,32,32,16,2,4096,7,0,512,False,AttentionBackend.FLASH_ATTENTION
0.0,0.0,0.0,0.0,0.0,0.017,0.017,0.017,0.017,0.0,0.001,0.001,0.001,0.001,0.0,,,,,,4096,32,32,16,2,4096,8,0,512,False,AttentionBackend.FLASH_ATTENTION
0.0,0.0,0.0,0.0,0.0,0.01,0.01,0.01,0.01,0.0,0.001,0.001,0.001,0.001,0.0,,,,,,4096,32,32,16,2,4096,1,0,544,False,AttentionBackend.FLASH_ATTENTION
0.0,0.0,0.0,0.0,0.0,0.011,0.011,0.011,0.011,0.0,0.001,0.001,0.001,0.001,0.0,,,,,,4096,32,32,16,2,4096,2,0,544,False,AttentionBackend.FLASH_ATTENTION
0.0,0.0,0.0,0.0,0.0,0.012,0.012,0.012,0.012,0.0,0.001,0.001,0.001,0.001,0.0,,,,,,4096,32,32,16,2,4096,3,0,544,False,AttentionBackend.FLASH_ATTENTION
0.0,0.0,0.0,0.0,0.0,0.013000000000000001,0.013000000000000001,0.013000000000000001,0.013000000000000001,0.0,0.001,0.001,0.001,0.001,0.0,,,,,,4096,32,32,16,2,4096,4,0,544,False,AttentionBackend.FLASH_ATTENTION
0.0,0.0,0.0,0.0,0.0,0.014,0.014,0.014000000000000002,0.014,1.734723475976807e-18,0.001,0.001,0.001,0.001,0.0,,,,,,4096,32,32,16,2,4096,5,0,544,False,AttentionBackend.FLASH_ATTENTION
0.0,0.0,0.0,0.0,0.0,0.019,0.02,0.019200000000000002,0.019,0.00040000000000000034,0.001,0.001,0.001,0.001,0.0,,,,,,4096,32,32,16,2,4096,6,0,544,False,AttentionBackend.FLASH_ATTENTION
0.0,0.0,0.0,0.0,0.0,0.016,0.016,0.016,0.016,0.0,0.001,0.001,0.001,0.001,0.0,,,,,,4096,32,32,16,2,4096,7,0,544,False,AttentionBackend.FLASH_ATTENTION
0.0,0.0,0.0,0.0,0.0,0.017,0.018000000000000002,0.0172,0.017,0.00040000000000000034,0.001,0.001,0.001,0.001,0.0,,,,,,4096,32,32,16,2,4096,8,0,544,False,AttentionBackend.FLASH_ATTENTION
0.0,0.0,0.0,0.0,0.0,0.01,0.01,0.01,0.01,0.0,0.001,0.001,0.001,0.001,0.0,,,,,,4096,32,32,16,2,4096,1,0,576,False,AttentionBackend.FLASH_ATTENTION
0.0,0.0,0.0,0.0,0.0,0.011,0.011,0.011,0.011,0.0,0.001,0.001,0.001,0.001,0.0,,,,,,4096,32,32,16,2,4096,2,0,576,False,AttentionBackend.FLASH_ATTENTION
0.0,0.0,0.0,0.0,0.0,0.012,0.012,0.012,0.012,0.0,0.001,0.001,0.001,0.001,0.0,,,,,,4096,32,32,16,2,4096,3,0,576,False,AttentionBackend.FLASH_ATTENTION
0.0,0.0,0.0,0.0,0.0,0.013000000000000001,0.013000000000000001,0.013000000000000001,0.013000000000000001,0.0,0.001,0.001,0.001,0.001,0.0,,,,,,4096,32,32,16,2,4096,4,0,576,False,AttentionBackend.FLASH_ATTENTION
0.0,0.0,0.0,0.0,0.0,0.014,0.014,0.014000000000000002,0.014,1.734723475976807e-18,0.001,0.001,0.001,0.001,0.0,,,,,,4096,32,32,16,2,4096,5,0,576,False,AttentionBackend.FLASH_ATTENTION
0.0,0.0,0.0,0.0,0.0,0.019,0.02,0.019200000000000002,0.019,0.00040000000000000034,0.001,0.001,0.001,0.001,0.0,,,,,,4096,32,32,16,2,4096,6,0,576,False,AttentionBackend.FLASH_ATTENTION
0.0,0.0,0.0,0.0,0.0,0.018000000000000002,0.018000000000000002,0.018000000000000002,0.018000000000000002,0.0,0.001,0.001,0.001,0.001,0.0,,,,,,4096,32,32,16,2,4096,7,0,576,False,AttentionBackend.FLASH_ATTENTION
0.0,0.0,0.0,0.0,0.0,0.017,0.018000000000000002,0.0172,0.017,0.00040000000000000034,0.001,0.001,0.001,0.001,0.0,,,,,,4096,32,32,16,2,4096,8,0,576,False,AttentionBackend.FLASH_ATTENTION
0.0,0.0,0.0,0.0,0.0,0.01,0.01,0.01,0.01,0.0,0.001,0.001,0.001,0.001,0.0,,,,,,4096,32,32,16,2,4096,1,0,608,False,AttentionBackend.FLASH_ATTENTION
0.0,0.0,0.0,0.0,0.0,0.01,0.011,0.010799999999999999,0.011,0.0003999999999999997,0.001,0.001,0.001,0.001,0.0,,,,,,4096,32,32,16,2,4096,2,0,608,False,AttentionBackend.FLASH_ATTENTION
0.0,0.0,0.0,0.0,0.0,0.012,0.012,0.012,0.012,0.0,0.001,0.001,0.001,0.001,0.0,,,,,,4096,32,32,16,2,4096,3,0,608,False,AttentionBackend.FLASH_ATTENTION
0.0,0.0,0.0,0.0,0.0,0.013000000000000001,0.014,0.0132,0.013000000000000001,0.00039999999999999964,0.001,0.001,0.001,0.001,0.0,,,,,,4096,32,32,16,2,4096,4,0,608,False,AttentionBackend.FLASH_ATTENTION
0.0,0.0,0.0,0.0,0.0,0.014,0.014,0.014000000000000002,0.014,1.734723475976807e-18,0.001,0.001,0.001,0.001,0.0,,,,,,4096,32,32,16,2,4096,5,0,608,False,AttentionBackend.FLASH_ATTENTION
0.0,0.0,0.0,0.0,0.0,0.02,0.02,0.02,0.02,0.0,0.001,0.001,0.001,0.001,0.0,,,,,,4096,32,32,16,2,4096,6,0,608,False,AttentionBackend.FLASH_ATTENTION
0.0,0.0,0.0,0.0,0.0,0.017,0.017,0.017,0.017,0.0,0.001,0.001,0.001,0.001,0.0,,,,,,4096,32,32,16,2,4096,7,0,608,False,AttentionBackend.FLASH_ATTENTION
0.0,0.0,0.0,0.0,0.0,0.018000000000000002,0.018000000000000002,0.018000000000000002,0.018000000000000002,0.0,0.001,0.001,0.001,0.001,0.0,,,,,,4096,32,32,16,2,4096,8,0,608,False,AttentionBackend.FLASH_ATTENTION
0.0,0.0,0.0,0.0,0.0,0.01,0.01,0.01,0.01,0.0,0.001,0.001,0.001,0.001,0.0,,,,,,4096,32,32,16,2,4096,1,0,640,False,AttentionBackend.FLASH_ATTENTION
0.0,0.0,0.0,0.0,0.0,0.012,0.012,0.012,0.012,0.0,0.001,0.001,0.001,0.001,0.0,,,,,,4096,32,32,16,2,4096,2,0,640,False,AttentionBackend.FLASH_ATTENTION
0.0,0.0,0.0,0.0,0.0,0.014,0.014,0.014000000000000002,0.014,1.734723475976807e-18,0.001,0.001,0.001,0.001,0.0,,,,,,4096,32,32,16,2,4096,3,0,640,False,AttentionBackend.FLASH_ATTENTION
0.0,0.0,0.0,0.0,0.0,0.014,0.014,0.014000000000000002,0.014,1.734723475976807e-18,0.001,0.001,0.001,0.001,0.0,,,,,,4096,32,32,16,2,4096,4,0,640,False,AttentionBackend.FLASH_ATTENTION
0.0,0.0,0.0,0.0,0.0,0.015,0.015,0.015,0.015,0.0,0.001,0.001,0.001,0.001,0.0,,,,,,4096,32,32,16,2,4096,5,0,640,False,AttentionBackend.FLASH_ATTENTION
0.0,0.0,0.0,0.0,0.0,0.023,0.024,0.023799999999999998,0.024,0.00040000000000000034,0.001,0.001,0.001,0.001,0.0,,,,,,4096,32,32,16,2,4096,6,0,640,False,AttentionBackend.FLASH_ATTENTION
0.0,0.0,0.0,0.0,0.0,0.019,0.02,0.0196,0.02,0.000489897948556636,0.001,0.001,0.001,0.001,0.0,,,,,,4096,32,32,16,2,4096,7,0,640,False,AttentionBackend.FLASH_ATTENTION
0.0,0.0,0.0,0.0,0.0,0.02,0.02,0.02,0.02,0.0,0.001,0.001,0.001,0.001,0.0,,,,,,4096,32,32,16,2,4096,8,0,640,False,AttentionBackend.FLASH_ATTENTION
0.0,0.0,0.0,0.0,0.0,0.01,0.01,0.01,0.01,0.0,0.001,0.001,0.001,0.001,0.0,,,,,,4096,32,32,16,2,4096,1,0,672,False,AttentionBackend.FLASH_ATTENTION
0.0,0.0,0.0,0.0,0.0,0.012,0.012,0.012,0.012,0.0,0.001,0.001,0.001,0.001,0.0,,,,,,4096,32,32,16,2,4096,2,0,672,False,AttentionBackend.FLASH_ATTENTION
0.0,0.0,0.0,0.0,0.0,0.014,0.014,0.014000000000000002,0.014,1.734723475976807e-18,0.001,0.001,0.001,0.001,0.0,,,,,,4096,32,32,16,2,4096,3,0,672,False,AttentionBackend.FLASH_ATTENTION
0.0,0.0,0.0,0.0,0.0,0.014,0.015,0.0142,0.014,0.0003999999999999997,0.001,0.001,0.001,0.001,0.0,,,,,,4096,32,32,16,2,4096,4,0,672,False,AttentionBackend.FLASH_ATTENTION
0.0,0.0,0.0,0.0,0.0,0.015,0.015,0.015,0.015,0.0,0.001,0.001,0.001,0.001,0.0,,,,,,4096,32,32,16,2,4096,5,0,672,False,AttentionBackend.FLASH_ATTENTION
0.0,0.0,0.0,0.0,0.0,0.024,0.025,0.0242,0.024,0.00040000000000000034,0.001,0.001,0.001,0.001,0.0,,,,,,4096,32,32,16,2,4096,6,0,672,False,AttentionBackend.FLASH_ATTENTION
0.0,0.0,0.0,0.0,0.0,0.02,0.02,0.02,0.02,0.0,0.001,0.001,0.001,0.001,0.0,,,,,,4096,32,32,16,2,4096,7,0,672,False,AttentionBackend.FLASH_ATTENTION
0.0,0.0,0.0,0.0,0.0,0.02,0.021,0.0206,0.021,0.000489897948556636,0.001,0.001,0.001,0.001,0.0,,,,,,4096,32,32,16,2,4096,8,0,672,False,AttentionBackend.FLASH_ATTENTION
0.0,0.0,0.0,0.0,0.0,0.01,0.01,0.01,0.01,0.0,0.001,0.001,0.001,0.001,0.0,,,,,,4096,32,32,16,2,4096,1,0,704,False,AttentionBackend.FLASH_ATTENTION
0.0,0.0,0.0,0.0,0.0,0.012,0.013000000000000001,0.012199999999999999,0.012,0.00040000000000000034,0.001,0.001,0.001,0.001,0.0,,,,,,4096,32,32,16,2,4096,2,0,704,False,AttentionBackend.FLASH_ATTENTION
0.0,0.0,0.0,0.0,0.0,0.014,0.014,0.014000000000000002,0.014,1.734723475976807e-18,0.001,0.001,0.001,0.001,0.0,,,,,,4096,32,32,16,2,4096,3,0,704,False,AttentionBackend.FLASH_ATTENTION
0.0,0.0,0.0,0.0,0.0,0.014,0.014,0.014000000000000002,0.014,1.734723475976807e-18,0.001,0.001,0.001,0.001,0.0,,,,,,4096,32,32,16,2,4096,4,0,704,False,AttentionBackend.FLASH_ATTENTION
0.0,0.0,0.0,0.0,0.0,0.015,0.015,0.015,0.015,0.0,0.001,0.001,0.001,0.001,0.0,,,,,,4096,32,32,16,2,4096,5,0,704,False,AttentionBackend.FLASH_ATTENTION
0.0,0.0,0.0,0.0,0.0,0.024,0.024,0.024,0.024,0.0,0.001,0.001,0.001,0.001,0.0,,,,,,4096,32,32,16,2,4096,6,0,704,False,AttentionBackend.FLASH_ATTENTION
0.0,0.0,0.0,0.0,0.0,0.02,0.02,0.02,0.02,0.0,0.001,0.001,0.001,0.001,0.0,,,,,,4096,32,32,16,2,4096,7,0,704,False,AttentionBackend.FLASH_ATTENTION
0.0,0.0,0.0,0.0,0.0,0.021,0.021,0.021,0.021,0.0,0.001,0.001,0.001,0.001,0.0,,,,,,4096,32,32,16,2,4096,8,0,704,False,AttentionBackend.FLASH_ATTENTION
0.0,0.0,0.0,0.0,0.0,0.01,0.01,0.01,0.01,0.0,0.001,0.001,0.001,0.001,0.0,,,,,,4096,32,32,16,2,4096,1,0,736,False,AttentionBackend.FLASH_ATTENTION
0.0,0.0,0.0,0.0,0.0,0.012,0.012,0.012,0.012,0.0,0.001,0.001,0.001,0.001,0.0,,,,,,4096,32,32,16,2,4096,2,0,736,False,AttentionBackend.FLASH_ATTENTION
0.0,0.0,0.0,0.0,0.0,0.014,0.014,0.014000000000000002,0.014,1.734723475976807e-18,0.001,0.001,0.001,0.001,0.0,,,,,,4096,32,32,16,2,4096,3,0,736,False,AttentionBackend.FLASH_ATTENTION
0.0,0.0,0.0,0.0,0.0,0.014,0.015,0.0144,0.014,0.0004898979485566352,0.001,0.001,0.001,0.001,0.0,,,,,,4096,32,32,16,2,4096,4,0,736,False,AttentionBackend.FLASH_ATTENTION
0.0,0.0,0.0,0.0,0.0,0.015,0.016,0.0158,0.016,0.00040000000000000034,0.001,0.001,0.001,0.001,0.0,,,,,,4096,32,32,16,2,4096,5,0,736,False,AttentionBackend.FLASH_ATTENTION
0.0,0.0,0.0,0.0,0.0,0.024,0.025,0.0246,0.025,0.000489897948556636,0.001,0.001,0.001,0.001,0.0,,,,,,4096,32,32,16,2,4096,6,0,736,False,AttentionBackend.FLASH_ATTENTION
0.0,0.0,0.0,0.0,0.0,0.02,0.021,0.0206,0.021,0.000489897948556636,0.001,0.001,0.001,0.001,0.0,,,,,,4096,32,32,16,2,4096,7,0,736,False,AttentionBackend.FLASH_ATTENTION
0.0,0.0,0.0,0.0,0.0,0.022,0.023,0.022399999999999996,0.022,0.000489897948556636,0.001,0.001,0.001,0.001,0.0,,,,,,4096,32,32,16,2,4096,8,0,736,False,AttentionBackend.FLASH_ATTENTION
0.0,0.0,0.0,0.0,0.0,0.01,0.01,0.01,0.01,0.0,0.001,0.001,0.001,0.001,0.0,,,,,,4096,32,32,16,2,4096,1,0,768,False,AttentionBackend.FLASH_ATTENTION
0.0,0.0,0.0,0.0,0.0,0.011,0.012,0.011399999999999999,0.011,0.0004898979485566361,0.001,0.001,0.001,0.001,0.0,,,,,,4096,32,32,16,2,4096,2,0,768,False,AttentionBackend.FLASH_ATTENTION
0.0,0.0,0.0,0.0,0.0,0.015,0.015,0.015,0.015,0.0,0.001,0.001,0.001,0.001,0.0,,,,,,4096,32,32,16,2,4096,3,0,768,False,AttentionBackend.FLASH_ATTENTION
0.0,0.0,0.0,0.0,0.0,0.015,0.016,0.0156,0.016,0.000489897948556636,0.001,0.001,0.001,0.001,0.0,,,,,,4096,32,32,16,2,4096,4,0,768,False,AttentionBackend.FLASH_ATTENTION
0.0,0.0,0.0,0.0,0.0,0.017,0.017,0.017,0.017,0.0,0.001,0.001,0.001,0.001,0.0,,,,,,4096,32,32,16,2,4096,5,0,768,False,AttentionBackend.FLASH_ATTENTION
0.0,0.0,0.0,0.0,0.0,0.024,0.024,0.024,0.024,0.0,0.001,0.001,0.001,0.001,0.0,,,,,,4096,32,32,16,2,4096,6,0,768,False,AttentionBackend.FLASH_ATTENTION
0.0,0.0,0.0,0.0,0.0,0.022,0.023,0.022799999999999997,0.023,0.00040000000000000034,0.001,0.001,0.001,0.001,0.0,,,,,,4096,32,32,16,2,4096,7,0,768,False,AttentionBackend.FLASH_ATTENTION
0.0,0.0,0.0,0.0,0.0,0.024,0.025,0.0242,0.024,0.00040000000000000034,0.001,0.001,0.001,0.001,0.0,,,,,,4096,32,32,16,2,4096,8,0,768,False,AttentionBackend.FLASH_ATTENTION
0.0,0.0,0.0,0.0,0.0,0.01,0.01,0.01,0.01,0.0,0.001,0.001,0.001,0.001,0.0,,,,,,4096,32,32,16,2,4096,1,0,800,False,AttentionBackend.FLASH_ATTENTION
0.0,0.0,0.0,0.0,0.0,0.011,0.012,0.0118,0.012,0.0004000000000000004,0.001,0.001,0.001,0.001,0.0,,,,,,4096,32,32,16,2,4096,2,0,800,False,AttentionBackend.FLASH_ATTENTION
0.0,0.0,0.0,0.0,0.0,0.015,0.015,0.015,0.015,0.0,0.001,0.001,0.001,0.001,0.0,,,,,,4096,32,32,16,2,4096,3,0,800,False,AttentionBackend.FLASH_ATTENTION
0.0,0.0,0.0,0.0,0.0,0.015,0.016,0.0152,0.015,0.00040000000000000034,0.001,0.001,0.001,0.001,0.0,,,,,,4096,32,32,16,2,4096,4,0,800,False,AttentionBackend.FLASH_ATTENTION
0.0,0.0,0.0,0.0,0.0,0.017,0.018000000000000002,0.017400000000000002,0.017,0.000489897948556636,0.001,0.001,0.001,0.001,0.0,,,,,,4096,32,32,16,2,4096,5,0,800,False,AttentionBackend.FLASH_ATTENTION
0.0,0.0,0.0,0.0,0.0,0.024,0.026000000000000002,0.0248,0.025,0.0007483314773547889,0.001,0.001,0.001,0.001,0.0,,,,,,4096,32,32,16,2,4096,6,0,800,False,AttentionBackend.FLASH_ATTENTION
0.0,0.0,0.0,0.0,0.0,0.023,0.023,0.023,0.023,0.0,0.001,0.001,0.001,0.001,0.0,,,,,,4096,32,32,16,2,4096,7,0,800,False,AttentionBackend.FLASH_ATTENTION
0.0,0.0,0.0,0.0,0.0,0.025,0.026000000000000002,0.0258,0.026000000000000002,0.00040000000000000034,0.001,0.001,0.001,0.001,0.0,,,,,,4096,32,32,16,2,4096,8,0,800,False,AttentionBackend.FLASH_ATTENTION
0.0,0.0,0.0,0.0,0.0,0.01,0.01,0.01,0.01,0.0,0.001,0.001,0.001,0.001,0.0,,,,,,4096,32,32,16,2,4096,1,0,832,False,AttentionBackend.FLASH_ATTENTION
0.0,0.0,0.0,0.0,0.0,0.011,0.012,0.0116,0.012,0.000489897948556636,0.001,0.001,0.001,0.001,0.0,,,,,,4096,32,32,16,2,4096,2,0,832,False,AttentionBackend.FLASH_ATTENTION
0.0,0.0,0.0,0.0,0.0,0.015,0.015,0.015,0.015,0.0,0.001,0.001,0.001,0.001,0.0,,,,,,4096,32,32,16,2,4096,3,0,832,False,AttentionBackend.FLASH_ATTENTION
0.0,0.0,0.0,0.0,0.0,0.015,0.015,0.015,0.015,0.0,0.001,0.001,0.001,0.001,0.0,,,,,,4096,32,32,16,2,4096,4,0,832,False,AttentionBackend.FLASH_ATTENTION
0.0,0.0,0.0,0.0,0.0,0.017,0.017,0.017,0.017,0.0,0.001,0.001,0.001,0.001,0.0,,,,,,4096,32,32,16,2,4096,5,0,832,False,AttentionBackend.FLASH_ATTENTION
0.0,0.0,0.0,0.0,0.0,0.025,0.026000000000000002,0.0254,0.025,0.000489897948556636,0.001,0.001,0.001,0.001,0.0,,,,,,4096,32,32,16,2,4096,6,0,832,False,AttentionBackend.FLASH_ATTENTION
0.0,0.0,0.0,0.0,0.0,0.023,0.024,0.023399999999999997,0.023,0.000489897948556636,0.001,0.001,0.001,0.001,0.0,,,,,,4096,32,32,16,2,4096,7,0,832,False,AttentionBackend.FLASH_ATTENTION
0.0,0.0,0.0,0.0,0.0,0.025,0.026000000000000002,0.0258,0.026000000000000002,0.00040000000000000034,0.001,0.001,0.001,0.001,0.0,,,,,,4096,32,32,16,2,4096,8,0,832,False,AttentionBackend.FLASH_ATTENTION
0.0,0.0,0.0,0.0,0.0,0.01,0.011,0.0102,0.01,0.0003999999999999997,0.001,0.001,0.001,0.001,0.0,,,,,,4096,32,32,16,2,4096,1,0,864,False,AttentionBackend.FLASH_ATTENTION
0.0,0.0,0.0,0.0,0.0,0.011,0.012,0.011399999999999999,0.011,0.0004898979485566361,0.001,0.001,0.001,0.001,0.0,,,,,,4096,32,32,16,2,4096,2,0,864,False,AttentionBackend.FLASH_ATTENTION
0.0,0.0,0.0,0.0,0.0,0.015,0.015,0.015,0.015,0.0,0.001,0.001,0.001,0.001,0.0,,,,,,4096,32,32,16,2,4096,3,0,864,False,AttentionBackend.FLASH_ATTENTION
0.0,0.0,0.0,0.0,0.0,0.015,0.016,0.0152,0.015,0.00040000000000000034,0.001,0.001,0.001,0.001,0.0,,,,,,4096,32,32,16,2,4096,4,0,864,False,AttentionBackend.FLASH_ATTENTION
0.0,0.0,0.0,0.0,0.0,0.017,0.018000000000000002,0.0176,0.018000000000000002,0.000489897948556636,0.001,0.001,0.001,0.001,0.0,,,,,,4096,32,32,16,2,4096,5,0,864,False,AttentionBackend.FLASH_ATTENTION
0.0,0.0,0.0,0.0,0.0,0.024,0.026000000000000002,0.0248,0.025,0.0007483314773547889,0.001,0.001,0.001,0.001,0.0,,,,,,4096,32,32,16,2,4096,6,0,864,False,AttentionBackend.FLASH_ATTENTION
0.0,0.0,0.0,0.0,0.0,0.023,0.024,0.023799999999999998,0.024,0.00040000000000000034,0.001,0.001,0.001,0.001,0.0,,,,,,4096,32,32,16,2,4096,7,0,864,False,AttentionBackend.FLASH_ATTENTION
0.0,0.0,0.0,0.0,0.0,0.025,0.026000000000000002,0.0256,0.026000000000000002,0.000489897948556636,0.001,0.001,0.001,0.001,0.0,,,,,,4096,32,32,16,2,4096,8,0,864,False,AttentionBackend.FLASH_ATTENTION
0.0,0.0,0.0,0.0,0.0,0.01,0.011,0.0108,0.011,0.00039999999999999964,0.001,0.001,0.001,0.001,0.0,,,,,,4096,32,32,16,2,4096,1,0,896,False,AttentionBackend.FLASH_ATTENTION
0.0,0.0,0.0,0.0,0.0,0.012,0.013000000000000001,0.0124,0.012,0.0004898979485566361,0.001,0.001,0.001,0.001,0.0,,,,,,4096,32,32,16,2,4096,2,0,896,False,AttentionBackend.FLASH_ATTENTION
0.0,0.0,0.0,0.0,0.0,0.017,0.018000000000000002,0.017400000000000002,0.017,0.000489897948556636,0.001,0.001,0.001,0.001,0.0,,,,,,4096,32,32,16,2,4096,3,0,896,False,AttentionBackend.FLASH_ATTENTION
0.0,0.0,0.0,0.0,0.0,0.016,0.017,0.0162,0.016,0.00040000000000000034,0.001,0.001,0.001,0.001,0.0,,,,,,4096,32,32,16,2,4096,4,0,896,False,AttentionBackend.FLASH_ATTENTION
0.0,0.0,0.0,0.0,0.0,0.018000000000000002,0.018000000000000002,0.018000000000000002,0.018000000000000002,0.0,0.001,0.001,0.001,0.001,0.0,,,,,,4096,32,32,16,2,4096,5,0,896,False,AttentionBackend.FLASH_ATTENTION
0.0,0.0,0.0,0.0,0.0,0.027,0.029,0.027600000000000003,0.027,0.0008000000000000007,0.001,0.001,0.001,0.001,0.0,,,,,,4096,32,32,16,2,4096,6,0,896,False,AttentionBackend.FLASH_ATTENTION
0.0,0.0,0.0,0.0,0.0,0.026000000000000002,0.026000000000000002,0.026000000000000002,0.026000000000000002,0.0,0.001,0.001,0.001,0.001,0.0,,,,,,4096,32,32,16,2,4096,7,0,896,False,AttentionBackend.FLASH_ATTENTION
0.0,0.0,0.0,0.0,0.0,0.028,0.029,0.028600000000000004,0.029,0.000489897948556636,0.001,0.001,0.001,0.001,0.0,,,,,,4096,32,32,16,2,4096,8,0,896,False,AttentionBackend.FLASH_ATTENTION
0.0,0.0,0.0,0.0,0.0,0.01,0.011,0.010400000000000001,0.01,0.0004898979485566351,0.001,0.001,0.001,0.001,0.0,,,,,,4096,32,32,16,2,4096,1,0,928,False,AttentionBackend.FLASH_ATTENTION
0.0,0.0,0.0,0.0,0.0,0.013000000000000001,0.013000000000000001,0.013000000000000001,0.013000000000000001,0.0,0.001,0.001,0.001,0.001,0.0,,,,,,4096,32,32,16,2,4096,2,0,928,False,AttentionBackend.FLASH_ATTENTION
0.0,0.0,0.0,0.0,0.0,0.017,0.019,0.018000000000000002,0.018000000000000002,0.0006324555320336754,0.001,0.001,0.001,0.001,0.0,,,,,,4096,32,32,16,2,4096,3,0,928,False,AttentionBackend.FLASH_ATTENTION
0.0,0.0,0.0,0.0,0.0,0.017,0.017,0.017,0.017,0.0,0.001,0.001,0.001,0.001,0.0,,,,,,4096,32,32,16,2,4096,4,0,928,False,AttentionBackend.FLASH_ATTENTION
0.0,0.0,0.0,0.0,0.0,0.018000000000000002,0.018000000000000002,0.018000000000000002,0.018000000000000002,0.0,0.001,0.001,0.001,0.001,0.0,,,,,,4096,32,32,16,2,4096,5,0,928,False,AttentionBackend.FLASH_ATTENTION
0.0,0.0,0.0,0.0,0.0,0.027,0.029,0.028200000000000003,0.028,0.0007483314773547889,0.001,0.001,0.001,0.001,0.0,,,,,,4096,32,32,16,2,4096,6,0,928,False,AttentionBackend.FLASH_ATTENTION
0.0,0.0,0.0,0.0,0.0,0.026000000000000002,0.028,0.027000000000000003,0.027,0.0006324555320336754,0.001,0.001,0.001,0.001,0.0,,,,,,4096,32,32,16,2,4096,7,0,928,False,AttentionBackend.FLASH_ATTENTION
0.0,0.0,0.0,0.0,0.0,0.028,0.029,0.028800000000000003,0.029,0.00040000000000000034,0.001,0.001,0.001,0.001,0.0,,,,,,4096,32,32,16,2,4096,8,0,928,False,AttentionBackend.FLASH_ATTENTION
0.0,0.0,0.0,0.0,0.0,0.01,0.011,0.0102,0.01,0.0003999999999999997,0.001,0.001,0.001,0.001,0.0,,,,,,4096,32,32,16,2,4096,1,0,960,False,AttentionBackend.FLASH_ATTENTION
0.0,0.0,0.0,0.0,0.0,0.012,0.013000000000000001,0.0128,0.013000000000000001,0.00040000000000000034,0.001,0.001,0.001,0.001,0.0,,,,,,4096,32,32,16,2,4096,2,0,960,False,AttentionBackend.FLASH_ATTENTION
0.0,0.0,0.0,0.0,0.0,0.017,0.019,0.018000000000000002,0.018000000000000002,0.0006324555320336754,0.001,0.001,0.001,0.001,0.0,,,,,,4096,32,32,16,2,4096,3,0,960,False,AttentionBackend.FLASH_ATTENTION
0.0,0.0,0.0,0.0,0.0,0.018000000000000002,0.018000000000000002,0.018000000000000002,0.018000000000000002,0.0,0.001,0.001,0.001,0.001,0.0,,,,,,4096,32,32,16,2,4096,4,0,960,False,AttentionBackend.FLASH_ATTENTION
0.0,0.0,0.0,0.0,0.0,0.018000000000000002,0.018000000000000002,0.018000000000000002,0.018000000000000002,0.0,0.001,0.001,0.001,0.001,0.0,,,,,,4096,32,32,16,2,4096,5,0,960,False,AttentionBackend.FLASH_ATTENTION
0.0,0.0,0.0,0.0,0.0,0.028,0.029,0.028800000000000003,0.029,0.00040000000000000034,0.001,0.001,0.001,0.001,0.0,,,,,,4096,32,32,16,2,4096,6,0,960,False,AttentionBackend.FLASH_ATTENTION
0.0,0.0,0.0,0.0,0.0,0.026000000000000002,0.027,0.0268,0.027,0.00039999999999999893,0.001,0.001,0.001,0.001,0.0,,,,,,4096,32,32,16,2,4096,7,0,960,False,AttentionBackend.FLASH_ATTENTION
0.0,0.0,0.0,0.0,0.0,0.029,0.031,0.0298,0.03,0.0007483314773547874,0.001,0.001,0.001,0.001,0.0,,,,,,4096,32,32,16,2,4096,8,0,960,False,AttentionBackend.FLASH_ATTENTION
0.0,0.0,0.0,0.0,0.0,0.01,0.011,0.010400000000000001,0.01,0.0004898979485566352,0.001,0.001,0.001,0.001,0.0,,,,,,4096,32,32,16,2,4096,1,0,992,False,AttentionBackend.FLASH_ATTENTION
0.0,0.0,0.0,0.0,0.0,0.012,0.014,0.013000000000000001,0.013000000000000001,0.000894427190999916,0.001,0.001,0.001,0.001,0.0,,,,,,4096,32,32,16,2,4096,2,0,992,False,AttentionBackend.FLASH_ATTENTION
0.0,0.0,0.0,0.0,0.0,0.017,0.019,0.017800000000000003,0.018000000000000002,0.0007483314773547878,0.001,0.001,0.001,0.001,0.0,,,,,,4096,32,32,16,2,4096,3,0,992,False,AttentionBackend.FLASH_ATTENTION
0.0,0.0,0.0,0.0,0.0,0.017,0.017,0.017,0.017,0.0,0.001,0.001,0.001,0.001,0.0,,,,,,4096,32,32,16,2,4096,4,0,992,False,AttentionBackend.FLASH_ATTENTION
0.0,0.0,0.0,0.0,0.0,0.018000000000000002,0.019,0.0182,0.018000000000000002,0.00039999999999999893,0.001,0.001,0.001,0.001,0.0,,,,,,4096,32,32,16,2,4096,5,0,992,False,AttentionBackend.FLASH_ATTENTION
0.0,0.0,0.0,0.0,0.0,0.029,0.03,0.029199999999999997,0.029,0.000399999999999999,0.001,0.001,0.001,0.001,0.0,,,,,,4096,32,32,16,2,4096,6,0,992,False,AttentionBackend.FLASH_ATTENTION
0.0,0.0,0.0,0.0,0.0,0.026000000000000002,0.028,0.027200000000000002,0.027,0.0007483314773547878,0.001,0.001,0.001,0.001,0.0,,,,,,4096,32,32,16,2,4096,7,0,992,False,AttentionBackend.FLASH_ATTENTION
0.0,0.0,0.0,0.0,0.0,0.029,0.03,0.029599999999999998,0.03,0.0004898979485566344,0.001,0.001,0.001,0.001,0.0,,,,,,4096,32,32,16,2,4096,8,0,992,False,AttentionBackend.FLASH_ATTENTION
0.0,0.0,0.0,0.0,0.0,0.011,0.011,0.011,0.011,0.0,0.001,0.001,0.001,0.001,0.0,,,,,,4096,32,32,16,2,4096,1,0,1024,False,AttentionBackend.FLASH_ATTENTION
0.0,0.0,0.0,0.0,0.0,0.014,0.014,0.014000000000000002,0.014,1.734723475976807e-18,0.001,0.001,0.001,0.001,0.0,,,,,,4096,32,32,16,2,4096,2,0,1024,False,AttentionBackend.FLASH_ATTENTION
0.0,0.0,0.0,0.0,0.0,0.015,0.015,0.015,0.015,0.0,0.001,0.001,0.001,0.001,0.0,,,,,,4096,32,32,16,2,4096,3,0,1024,False,AttentionBackend.FLASH_ATTENTION
0.0,0.0,0.0,0.0,0.0,0.018000000000000002,0.018000000000000002,0.018000000000000002,0.018000000000000002,0.0,0.001,0.001,0.001,0.001,0.0,,,,,,4096,32,32,16,2,4096,4,0,1024,False,AttentionBackend.FLASH_ATTENTION
0.0,0.0,0.0,0.0,0.0,0.02,0.02,0.02,0.02,0.0,0.001,0.001,0.001,0.001,0.0,,,,,,4096,32,32,16,2,4096,5,0,1024,False,AttentionBackend.FLASH_ATTENTION
0.0,0.0,0.0,0.0,0.0,0.027,0.029,0.028200000000000003,0.028,0.0007483314773547889,0.001,0.001,0.001,0.001,0.0,,,,,,4096,32,32,16,2,4096,6,0,1024,False,AttentionBackend.FLASH_ATTENTION
0.0,0.0,0.0,0.0,0.0,0.029,0.03,0.0298,0.03,0.00039999999999999893,0.001,0.001,0.001,0.001,0.0,,,,,,4096,32,32,16,2,4096,7,0,1024,False,AttentionBackend.FLASH_ATTENTION
0.0,0.0,0.0,0.0,0.0,0.031,0.032,0.0318,0.032,0.00040000000000000034,0.001,0.001,0.001,0.001,0.0,,,,,,4096,32,32,16,2,4096,8,0,1024,False,AttentionBackend.FLASH_ATTENTION
0.0,0.0,0.0,0.0,0.0,0.011,0.011,0.011,0.011,0.0,0.001,0.001,0.001,0.001,0.0,,,,,,4096,32,32,16,2,4096,1,0,1024,False,AttentionBackend.FLASH_ATTENTION
0.0,0.0,0.0,0.0,0.0,0.014,0.014,0.014000000000000002,0.014,1.734723475976807e-18,0.001,0.001,0.001,0.001,0.0,,,,,,4096,32,32,16,2,4096,2,0,1024,False,AttentionBackend.FLASH_ATTENTION
0.0,0.0,0.0,0.0,0.0,0.015,0.015,0.015,0.015,0.0,0.001,0.001,0.001,0.001,0.0,,,,,,4096,32,32,16,2,4096,3,0,1024,False,AttentionBackend.FLASH_ATTENTION
0.0,0.0,0.0,0.0,0.0,0.018000000000000002,0.019,0.0182,0.018000000000000002,0.00039999999999999893,0.001,0.001,0.001,0.001,0.0,,,,,,4096,32,32,16,2,4096,4,0,1024,False,AttentionBackend.FLASH_ATTENTION
0.0,0.0,0.0,0.0,0.0,0.019,0.02,0.0198,0.02,0.00040000000000000034,0.001,0.001,0.001,0.001,0.0,,,,,,4096,32,32,16,2,4096,5,0,1024,False,AttentionBackend.FLASH_ATTENTION
0.0,0.0,0.0,0.0,0.0,0.028,0.029,0.028600000000000004,0.029,0.000489897948556636,0.001,0.001,0.001,0.001,0.0,,,,,,4096,32,32,16,2,4096,6,0,1024,False,AttentionBackend.FLASH_ATTENTION
0.0,0.0,0.0,0.0,0.0,0.029,0.03,0.029199999999999997,0.029,0.000399999999999999,0.001,0.001,0.001,0.001,0.0,,,,,,4096,32,32,16,2,4096,7,0,1024,False,AttentionBackend.FLASH_ATTENTION
0.0,0.0,0.0,0.0,0.0,0.032,0.033,0.032600000000000004,0.033,0.000489897948556636,0.001,0.001,0.001,0.001,0.0,,,,,,4096,32,32,16,2,4096,8,0,1024,False,AttentionBackend.FLASH_ATTENTION
0.0,0.0,0.0,0.0,0.0,0.011,0.011,0.011,0.011,0.0,0.001,0.001,0.001,0.001,0.0,,,,,,4096,32,32,16,2,4096,1,0,1088,False,AttentionBackend.FLASH_ATTENTION
0.0,0.0,0.0,0.0,0.0,0.014,0.014,0.014000000000000002,0.014,1.734723475976807e-18,0.001,0.001,0.001,0.001,0.0,,,,,,4096,32,32,16,2,4096,2,0,1088,False,AttentionBackend.FLASH_ATTENTION
0.0,0.0,0.0,0.0,0.0,0.015,0.015,0.015,0.015,0.0,0.001,0.001,0.001,0.001,0.0,,,,,,4096,32,32,16,2,4096,3,0,1088,False,AttentionBackend.FLASH_ATTENTION
0.0,0.0,0.0,0.0,0.0,0.018000000000000002,0.019,0.018400000000000003,0.018000000000000002,0.0004898979485566344,0.001,0.001,0.001,0.001,0.0,,,,,,4096,32,32,16,2,4096,4,0,1088,False,AttentionBackend.FLASH_ATTENTION
0.0,0.0,0.0,0.0,0.0,0.021,0.022,0.021200000000000004,0.021,0.00039999999999999893,0.001,0.001,0.001,0.001,0.0,,,,,,4096,32,32,16,2,4096,5,0,1088,False,AttentionBackend.FLASH_ATTENTION
0.0,0.0,0.0,0.0,0.0,0.029,0.03,0.0298,0.03,0.00039999999999999893,0.001,0.001,0.001,0.001,0.0,,,,,,4096,32,32,16,2,4096,6,0,1088,False,AttentionBackend.FLASH_ATTENTION
0.0,0.0,0.0,0.0,0.0,0.03,0.03,0.03,0.03,0.0,0.001,0.001,0.001,0.001,0.0,,,,,,4096,32,32,16,2,4096,7,0,1088,False,AttentionBackend.FLASH_ATTENTION
0.0,0.0,0.0,0.0,0.0,0.032,0.033,0.0324,0.032,0.000489897948556636,0.001,0.001,0.001,0.001,0.0,,,,,,4096,32,32,16,2,4096,8,0,1088,False,AttentionBackend.FLASH_ATTENTION
0.0,0.0,0.0,0.0,0.0,0.013000000000000001,0.013000000000000001,0.013000000000000001,0.013000000000000001,0.0,0.001,0.001,0.001,0.001,0.0,,,,,,4096,32,32,16,2,4096,1,0,1152,False,AttentionBackend.FLASH_ATTENTION
0.0,0.0,0.0,0.0,0.0,0.013000000000000001,0.015,0.013799999999999998,0.014,0.0007483314773547876,0.001,0.001,0.001,0.001,0.0,,,,,,4096,32,32,16,2,4096,2,0,1152,False,AttentionBackend.FLASH_ATTENTION
0.0,0.0,0.0,0.0,0.0,0.016,0.016,0.016,0.016,0.0,0.001,0.001,0.001,0.001,0.0,,,,,,4096,32,32,16,2,4096,3,0,1152,False,AttentionBackend.FLASH_ATTENTION
0.0,0.0,0.0,0.0,0.0,0.02,0.02,0.02,0.02,0.0,0.001,0.001,0.001,0.001,0.0,,,,,,4096,32,32,16,2,4096,4,0,1152,False,AttentionBackend.FLASH_ATTENTION
0.0,0.0,0.0,0.0,0.0,0.022,0.023,0.022399999999999996,0.022,0.000489897948556636,0.001,0.001,0.001,0.001,0.0,,,,,,4096,32,32,16,2,4096,5,0,1152,False,AttentionBackend.FLASH_ATTENTION
0.0,0.0,0.0,0.0,0.0,0.03,0.033,0.0314,0.032,0.0012000000000000012,0.001,0.001,0.001,0.001,0.0,,,,,,4096,32,32,16,2,4096,6,0,1152,False,AttentionBackend.FLASH_ATTENTION
0.0,0.0,0.0,0.0,0.0,0.033,0.034,0.0332,0.033,0.00040000000000000034,0.001,0.001,0.001,0.001,0.0,,,,,,4096,32,32,16,2,4096,7,0,1152,False,AttentionBackend.FLASH_ATTENTION
0.0,0.0,0.0,0.0,0.0,0.034,0.036000000000000004,0.0352,0.035,0.000748331477354789,0.001,0.001,0.001,0.001,0.0,,,,,,4096,32,32,16,2,4096,8,0,1152,False,AttentionBackend.FLASH_ATTENTION
0.0,0.0,0.0,0.0,0.0,0.013000000000000001,0.013000000000000001,0.013000000000000001,0.013000000000000001,0.0,0.001,0.001,0.001,0.001,0.0,,,,,,4096,32,32,16,2,4096,1,0,1216,False,AttentionBackend.FLASH_ATTENTION
0.0,0.0,0.0,0.0,0.0,0.013000000000000001,0.015,0.013799999999999998,0.014,0.0007483314773547876,0.001,0.001,0.001,0.001,0.0,,,,,,4096,32,32,16,2,4096,2,0,1216,False,AttentionBackend.FLASH_ATTENTION
0.0,0.0,0.0,0.0,0.0,0.016,0.016,0.016,0.016,0.0,0.001,0.001,0.001,0.001,0.0,,,,,,4096,32,32,16,2,4096,3,0,1216,False,AttentionBackend.FLASH_ATTENTION
0.0,0.0,0.0,0.0,0.0,0.02,0.021,0.0204,0.02,0.000489897948556636,0.001,0.001,0.001,0.001,0.0,,,,,,4096,32,32,16,2,4096,4,0,1216,False,AttentionBackend.FLASH_ATTENTION
0.0,0.0,0.0,0.0,0.0,0.023,0.024,0.0232,0.023,0.00040000000000000034,0.001,0.001,0.001,0.001,0.0,,,,,,4096,32,32,16,2,4096,5,0,1216,False,AttentionBackend.FLASH_ATTENTION
0.0,0.0,0.0,0.0,0.0,0.031,0.035,0.0332,0.034,0.0014696938456699082,0.001,0.001,0.001,0.001,0.0,,,,,,4096,32,32,16,2,4096,6,0,1216,False,AttentionBackend.FLASH_ATTENTION
0.0,0.0,0.0,0.0,0.0,0.033,0.034,0.0334,0.033,0.000489897948556636,0.001,0.001,0.001,0.001,0.0,,,,,,4096,32,32,16,2,4096,7,0,1216,False,AttentionBackend.FLASH_ATTENTION
0.0,0.0,0.0,0.0,0.0,0.035,0.036000000000000004,0.0354,0.035,0.000489897948556636,0.001,0.001,0.001,0.001,0.0,,,,,,4096,32,32,16,2,4096,8,0,1216,False,AttentionBackend.FLASH_ATTENTION
0.0,0.0,0.0,0.0,0.0,0.011,0.011,0.011,0.011,0.0,0.001,0.001,0.001,0.001,0.0,,,,,,4096,32,32,16,2,4096,1,0,1280,False,AttentionBackend.FLASH_ATTENTION
0.0,0.0,0.0,0.0,0.0,0.013000000000000001,0.015,0.013999999999999999,0.014,0.0006324555320336754,0.001,0.001,0.001,0.001,0.0,,,,,,4096,32,32,16,2,4096,2,0,1280,False,AttentionBackend.FLASH_ATTENTION
0.0,0.0,0.0,0.0,0.0,0.021,0.021,0.021,0.021,0.0,0.001,0.001,0.001,0.001,0.0,,,,,,4096,32,32,16,2,4096,3,0,1280,False,AttentionBackend.FLASH_ATTENTION
0.0,0.0,0.0,0.0,0.0,0.021,0.022,0.021200000000000004,0.021,0.00039999999999999893,0.001,0.001,0.001,0.001,0.0,,,,,,4096,32,32,16,2,4096,4,0,1280,False,AttentionBackend.FLASH_ATTENTION
0.0,0.0,0.0,0.0,0.0,0.024,0.025,0.0242,0.024,0.00040000000000000034,0.001,0.001,0.001,0.001,0.0,,,,,,4096,32,32,16,2,4096,5,0,1280,False,AttentionBackend.FLASH_ATTENTION
0.0,0.0,0.0,0.0,0.0,0.034,0.035,0.034600000000000006,0.035,0.000489897948556636,0.001,0.001,0.001,0.001,0.0,,,,,,4096,32,32,16,2,4096,6,0,1280,False,AttentionBackend.FLASH_ATTENTION
0.0,0.0,0.0,0.0,0.0,0.035,0.036000000000000004,0.0352,0.035,0.00040000000000000034,0.001,0.001,0.001,0.001,0.0,,,,,,4096,32,32,16,2,4096,7,0,1280,False,AttentionBackend.FLASH_ATTENTION
0.0,0.0,0.0,0.0,0.0,0.038,0.039,0.0386,0.039,0.000489897948556636,0.001,0.001,0.001,0.001,0.0,,,,,,4096,32,32,16,2,4096,8,0,1280,False,AttentionBackend.FLASH_ATTENTION
0.0,0.0,0.0,0.0,0.0,0.011,0.011,0.011,0.011,0.0,0.001,0.001,0.001,0.001,0.0,,,,,,4096,32,32,16,2,4096,1,0,1344,False,AttentionBackend.FLASH_ATTENTION
0.0,0.0,0.0,0.0,0.0,0.013000000000000001,0.015,0.013800000000000002,0.014,0.0007483314773547876,0.001,0.001,0.001,0.001,0.0,,,,,,4096,32,32,16,2,4096,2,0,1344,False,AttentionBackend.FLASH_ATTENTION
0.0,0.0,0.0,0.0,0.0,0.023,0.023,0.023,0.023,0.0,0.001,0.001,0.001,0.001,0.0,,,,,,4096,32,32,16,2,4096,3,0,1344,False,AttentionBackend.FLASH_ATTENTION
0.0,0.0,0.0,0.0,0.0,0.021,0.023,0.022,0.022,0.0006324555320336754,0.001,0.001,0.001,0.001,0.0,,,,,,4096,32,32,16,2,4096,4,0,1344,False,AttentionBackend.FLASH_ATTENTION
0.0,0.0,0.0,0.0,0.0,0.025,0.026000000000000002,0.0256,0.026000000000000002,0.000489897948556636,0.001,0.001,0.001,0.001,0.0,,,,,,4096,32,32,16,2,4096,5,0,1344,False,AttentionBackend.FLASH_ATTENTION
0.0,0.0,0.0,0.0,0.0,0.036000000000000004,0.037,0.0362,0.036000000000000004,0.0003999999999999976,0.001,0.001,0.001,0.001,0.0,,,,,,4096,32,32,16,2,4096,6,0,1344,False,AttentionBackend.FLASH_ATTENTION
0.0,0.0,0.0,0.0,0.0,0.035,0.036000000000000004,0.035800000000000005,0.036000000000000004,0.00040000000000000034,0.001,0.001,0.001,0.001,0.0,,,,,,4096,32,32,16,2,4096,7,0,1344,False,AttentionBackend.FLASH_ATTENTION
0.0,0.0,0.0,0.0,0.0,0.039,0.04,0.0392,0.039,0.00040000000000000034,0.001,0.001,0.001,0.001,0.0,,,,,,4096,32,32,16,2,4096,8,0,1344,False,AttentionBackend.FLASH_ATTENTION
0.0,0.0,0.0,0.0,0.0,0.012,0.013000000000000001,0.0124,0.012,0.0004898979485566361,0.001,0.001,0.001,0.001,0.0,,,,,,4096,32,32,16,2,4096,1,0,1408,False,AttentionBackend.FLASH_ATTENTION
0.0,0.0,0.0,0.0,0.0,0.015,0.016,0.0154,0.015,0.000489897948556636,0.001,0.001,0.001,0.001,0.0,,,,,,4096,32,32,16,2,4096,2,0,1408,False,AttentionBackend.FLASH_ATTENTION
0.0,0.0,0.0,0.0,0.0,0.025,0.025,0.025,0.025,0.0,0.001,0.001,0.001,0.001,0.0,,,,,,4096,32,32,16,2,4096,3,0,1408,False,AttentionBackend.FLASH_ATTENTION
0.0,0.0,0.0,0.0,0.0,0.023,0.024,0.0236,0.024,0.000489897948556636,0.001,0.001,0.001,0.001,0.0,,,,,,4096,32,32,16,2,4096,4,0,1408,False,AttentionBackend.FLASH_ATTENTION
0.0,0.0,0.0,0.0,0.0,0.027,0.028,0.027200000000000002,0.027,0.00040000000000000034,0.001,0.001,0.001,0.001,0.0,,,,,,4096,32,32,16,2,4096,5,0,1408,False,AttentionBackend.FLASH_ATTENTION
0.0,0.0,0.0,0.0,0.0,0.038,0.038,0.038,0.038,0.0,0.001,0.001,0.001,0.001,0.0,,,,,,4096,32,32,16,2,4096,6,0,1408,False,AttentionBackend.FLASH_ATTENTION
0.0,0.0,0.0,0.0,0.0,0.037,0.039,0.038,0.038,0.0006324555320336764,0.001,0.001,0.001,0.001,0.0,,,,,,4096,32,32,16,2,4096,7,0,1408,False,AttentionBackend.FLASH_ATTENTION
0.0,0.0,0.0,0.0,0.0,0.04,0.041,0.040600000000000004,0.041,0.000489897948556636,0.001,0.001,0.001,0.001,0.0,,,,,,4096,32,32,16,2,4096,8,0,1408,False,AttentionBackend.FLASH_ATTENTION
0.0,0.0,0.0,0.0,0.0,0.013000000000000001,0.013000000000000001,0.013000000000000001,0.013000000000000001,0.0,0.001,0.001,0.001,0.001,0.0,,,,,,4096,32,32,16,2,4096,1,0,1472,False,AttentionBackend.FLASH_ATTENTION
0.0,0.0,0.0,0.0,0.0,0.015,0.016,0.0154,0.015,0.000489897948556636,0.001,0.001,0.001,0.001,0.0,,,,,,4096,32,32,16,2,4096,2,0,1472,False,AttentionBackend.FLASH_ATTENTION
0.0,0.0,0.0,0.0,0.0,0.026000000000000002,0.027,0.0268,0.027,0.00039999999999999893,0.001,0.001,0.001,0.001,0.0,,,,,,4096,32,32,16,2,4096,3,0,1472,False,AttentionBackend.FLASH_ATTENTION
0.0,0.0,0.0,0.0,0.0,0.024,0.025,0.024399999999999998,0.024,0.000489897948556636,0.001,0.001,0.001,0.001,0.0,,,,,,4096,32,32,16,2,4096,4,0,1472,False,AttentionBackend.FLASH_ATTENTION
0.0,0.0,0.0,0.0,0.0,0.029,0.03,0.029400000000000003,0.029,0.0004898979485566344,0.001,0.001,0.001,0.001,0.0,,,,,,4096,32,32,16,2,4096,5,0,1472,False,AttentionBackend.FLASH_ATTENTION
0.0,0.0,0.0,0.0,0.0,0.038,0.04,0.0392,0.039,0.000748331477354789,0.001,0.001,0.001,0.001,0.0,,,,,,4096,32,32,16,2,4096,6,0,1472,False,AttentionBackend.FLASH_ATTENTION
0.0,0.0,0.0,0.0,0.0,0.039,0.039,0.039,0.039,0.0,0.001,0.001,0.001,0.001,0.0,,,,,,4096,32,32,16,2,4096,7,0,1472,False,AttentionBackend.FLASH_ATTENTION
0.0,0.0,0.0,0.0,0.0,0.041,0.042,0.041400000000000006,0.041,0.000489897948556636,0.001,0.001,0.001,0.001,0.0,,,,,,4096,32,32,16,2,4096,8,0,1472,False,AttentionBackend.FLASH_ATTENTION
0.0,0.0,0.0,0.0,0.0,0.011,0.013000000000000001,0.012,0.012,0.0006324555320336764,0.001,0.001,0.001,0.001,0.0,,,,,,4096,32,32,16,2,4096,1,0,1536,False,AttentionBackend.FLASH_ATTENTION
0.0,0.0,0.0,0.0,0.0,0.016,0.017,0.0166,0.017,0.000489897948556636,0.001,0.001,0.001,0.001,0.0,,,,,,4096,32,32,16,2,4096,2,0,1536,False,AttentionBackend.FLASH_ATTENTION
0.0,0.0,0.0,0.0,0.0,0.019,0.019,0.019,0.019,0.0,0.001,0.001,0.001,0.001,0.0,,,,,,4096,32,32,16,2,4096,3,0,1536,False,AttentionBackend.FLASH_ATTENTION
0.0,0.0,0.0,0.0,0.0,0.025,0.026000000000000002,0.0256,0.026000000000000002,0.000489897948556636,0.001,0.001,0.001,0.001,0.0,,,,,,4096,32,32,16,2,4096,4,0,1536,False,AttentionBackend.FLASH_ATTENTION
0.0,0.0,0.0,0.0,0.0,0.028,0.029,0.0284,0.028,0.000489897948556636,0.001,0.001,0.001,0.001,0.0,,,,,,4096,32,32,16,2,4096,5,0,1536,False,AttentionBackend.FLASH_ATTENTION
0.0,0.0,0.0,0.0,0.0,0.042,0.042,0.042,0.042,0.0,0.001,0.001,0.001,0.001,0.0,,,,,,4096,32,32,16,2,4096,6,0,1536,False,AttentionBackend.FLASH_ATTENTION
0.0,0.0,0.0,0.0,0.0,0.041,0.043000000000000003,0.042,0.042,0.0008944271909999167,0.001,0.001,0.001,0.001,0.0,,,,,,4096,32,32,16,2,4096,7,0,1536,False,AttentionBackend.FLASH_ATTENTION
0.0,0.0,0.0,0.0,0.0,0.044,0.045,0.044599999999999994,0.045,0.000489897948556636,0.001,0.001,0.001,0.001,0.0,,,,,,4096,32,32,16,2,4096,8,0,1536,False,AttentionBackend.FLASH_ATTENTION
0.0,0.0,0.0,0.0,0.0,0.012,0.012,0.012,0.012,0.0,0.001,0.001,0.001,0.001,0.0,,,,,,4096,32,32,16,2,4096,1,0,1600,False,AttentionBackend.FLASH_ATTENTION
0.0,0.0,0.0,0.0,0.0,0.016,0.017,0.0166,0.017,0.000489897948556636,0.001,0.001,0.001,0.001,0.0,,,,,,4096,32,32,16,2,4096,2,0,1600,False,AttentionBackend.FLASH_ATTENTION
0.0,0.0,0.0,0.0,0.0,0.019,0.019,0.019,0.019,0.0,0.001,0.001,0.001,0.001,0.0,,,,,,4096,32,32,16,2,4096,3,0,1600,False,AttentionBackend.FLASH_ATTENTION
0.0,0.0,0.0,0.0,0.0,0.026000000000000002,0.027,0.0264,0.026000000000000002,0.0004898979485566344,0.001,0.001,0.001,0.001,0.0,,,,,,4096,32,32,16,2,4096,4,0,1600,False,AttentionBackend.FLASH_ATTENTION
0.0,0.0,0.0,0.0,0.0,0.03,0.031,0.0304,0.03,0.000489897948556636,0.001,0.001,0.001,0.001,0.0,,,,,,4096,32,32,16,2,4096,5,0,1600,False,AttentionBackend.FLASH_ATTENTION
0.0,0.0,0.0,0.0,0.0,0.042,0.043000000000000003,0.042600000000000006,0.043000000000000003,0.000489897948556636,0.001,0.001,0.001,0.001,0.0,,,,,,4096,32,32,16,2,4096,6,0,1600,False,AttentionBackend.FLASH_ATTENTION
0.0,0.0,0.0,0.0,0.0,0.041,0.042,0.0412,0.041,0.00040000000000000034,0.001,0.001,0.001,0.001,0.0,,,,,,4096,32,32,16,2,4096,7,0,1600,False,AttentionBackend.FLASH_ATTENTION
0.0,0.0,0.0,0.0,0.0,0.044,0.045,0.044399999999999995,0.044,0.000489897948556636,0.001,0.001,0.001,0.001,0.0,,,,,,4096,32,32,16,2,4096,8,0,1600,False,AttentionBackend.FLASH_ATTENTION
0.0,0.0,0.0,0.0,0.0,0.013000000000000001,0.013000000000000001,0.013000000000000001,0.013000000000000001,0.0,0.001,0.001,0.001,0.001,0.0,,,,,,4096,32,32,16,2,4096,1,0,1664,False,AttentionBackend.FLASH_ATTENTION
0.0,0.0,0.0,0.0,0.0,0.016,0.017,0.0164,0.016,0.000489897948556636,0.001,0.001,0.001,0.001,0.0,,,,,,4096,32,32,16,2,4096,2,0,1664,False,AttentionBackend.FLASH_ATTENTION
0.0,0.0,0.0,0.0,0.0,0.02,0.021,0.0204,0.02,0.000489897948556636,0.001,0.001,0.001,0.001,0.0,,,,,,4096,32,32,16,2,4096,3,0,1664,False,AttentionBackend.FLASH_ATTENTION
0.0,0.0,0.0,0.0,0.0,0.028,0.029,0.028200000000000003,0.028,0.00040000000000000034,0.001,0.001,0.001,0.001,0.0,,,,,,4096,32,32,16,2,4096,4,0,1664,False,AttentionBackend.FLASH_ATTENTION
0.0,0.0,0.0,0.0,0.0,0.031,0.032,0.0312,0.031,0.00040000000000000034,0.001,0.001,0.001,0.001,0.0,,,,,,4096,32,32,16,2,4096,5,0,1664,False,AttentionBackend.FLASH_ATTENTION
0.0,0.0,0.0,0.0,0.0,0.043000000000000003,0.044,0.043399999999999994,0.043000000000000003,0.0004898979485566326,0.001,0.001,0.001,0.001,0.0,,,,,,4096,32,32,16,2,4096,6,0,1664,False,AttentionBackend.FLASH_ATTENTION
0.0,0.0,0.0,0.0,0.0,0.043000000000000003,0.044,0.0436,0.044,0.0004898979485566326,0.001,0.001,0.001,0.001,0.0,,,,,,4096,32,32,16,2,4096,7,0,1664,False,AttentionBackend.FLASH_ATTENTION
0.0,0.0,0.0,0.0,0.0,0.046,0.047,0.0464,0.046,0.000489897948556636,0.001,0.001,0.001,0.001,0.0,,,,,,4096,32,32,16,2,4096,8,0,1664,False,AttentionBackend.FLASH_ATTENTION
0.0,0.0,0.0,0.0,0.0,0.013000000000000001,0.013000000000000001,0.013000000000000001,0.013000000000000001,0.0,0.001,0.001,0.001,0.001,0.0,,,,,,4096,32,32,16,2,4096,1,0,1728,False,AttentionBackend.FLASH_ATTENTION
0.0,0.0,0.0,0.0,0.0,0.016,0.017,0.016800000000000002,0.017,0.00040000000000000034,0.001,0.001,0.001,0.001,0.0,,,,,,4096,32,32,16,2,4096,2,0,1728,False,AttentionBackend.FLASH_ATTENTION
0.0,0.0,0.0,0.0,0.0,0.02,0.021,0.020200000000000003,0.02,0.00040000000000000034,0.001,0.001,0.001,0.001,0.0,,,,,,4096,32,32,16,2,4096,3,0,1728,False,AttentionBackend.FLASH_ATTENTION
0.0,0.0,0.0,0.0,0.0,0.028,0.029,0.028200000000000003,0.028,0.00040000000000000034,0.001,0.001,0.001,0.001,0.0,,,,,,4096,32,32,16,2,4096,4,0,1728,False,AttentionBackend.FLASH_ATTENTION
0.0,0.0,0.0,0.0,0.0,0.032,0.033,0.0324,0.032,0.000489897948556636,0.001,0.001,0.001,0.001,0.0,,,,,,4096,32,32,16,2,4096,5,0,1728,False,AttentionBackend.FLASH_ATTENTION
0.0,0.0,0.0,0.0,0.0,0.041,0.044,0.0426,0.043000000000000003,0.0010198039027185558,0.001,0.001,0.001,0.001,0.0,,,,,,4096,32,32,16,2,4096,6,0,1728,False,AttentionBackend.FLASH_ATTENTION
0.0,0.0,0.0,0.0,0.0,0.044,0.045,0.044199999999999996,0.044,0.00040000000000000034,0.001,0.001,0.001,0.001,0.0,,,,,,4096,32,32,16,2,4096,7,0,1728,False,AttentionBackend.FLASH_ATTENTION
0.0,0.0,0.0,0.0,0.0,0.047,0.048,0.0472,0.047,0.00040000000000000034,0.001,0.001,0.001,0.001,0.0,,,,,,4096,32,32,16,2,4096,8,0,1728,False,AttentionBackend.FLASH_ATTENTION
0.0,0.0,0.0,0.0,0.0,0.012,0.013000000000000001,0.0124,0.012,0.000489897948556636,0.001,0.001,0.001,0.001,0.0,,,,,,4096,32,32,16,2,4096,1,0,1792,False,AttentionBackend.FLASH_ATTENTION
0.0,0.0,0.0,0.0,0.0,0.017,0.017,0.017,0.017,0.0,0.001,0.001,0.001,0.001,0.0,,,,,,4096,32,32,16,2,4096,2,0,1792,False,AttentionBackend.FLASH_ATTENTION
0.0,0.0,0.0,0.0,0.0,0.021,0.021,0.021,0.021,0.0,0.001,0.001,0.001,0.001,0.0,,,,,,4096,32,32,16,2,4096,3,0,1792,False,AttentionBackend.FLASH_ATTENTION
0.0,0.0,0.0,0.0,0.0,0.03,0.03,0.03,0.03,0.0,0.001,0.001,0.001,0.001,0.0,,,,,,4096,32,32,16,2,4096,4,0,1792,False,AttentionBackend.FLASH_ATTENTION
0.0,0.0,0.0,0.0,0.0,0.032,0.034,0.0334,0.034,0.0008000000000000007,0.001,0.001,0.001,0.001,0.0,,,,,,4096,32,32,16,2,4096,5,0,1792,False,AttentionBackend.FLASH_ATTENTION
0.0,0.0,0.0,0.0,0.0,0.044,0.045,0.044399999999999995,0.044,0.000489897948556636,0.001,0.001,0.001,0.001,0.0,,,,,,4096,32,32,16,2,4096,6,0,1792,False,AttentionBackend.FLASH_ATTENTION
0.0,0.0,0.0,0.0,0.0,0.046,0.047,0.0464,0.046,0.000489897948556636,0.001,0.001,0.001,0.001,0.0,,,,,,4096,32,32,16,2,4096,7,0,1792,False,AttentionBackend.FLASH_ATTENTION
0.0,0.0,0.0,0.0,0.0,0.05,0.05,0.05,0.05,0.0,0.001,0.001,0.001,0.001,0.0,,,,,,4096,32,32,16,2,4096,8,0,1792,False,AttentionBackend.FLASH_ATTENTION
0.0,0.0,0.0,0.0,0.0,0.012,0.013000000000000001,0.012199999999999999,0.012,0.00040000000000000034,0.001,0.001,0.001,0.001,0.0,,,,,,4096,32,32,16,2,4096,1,0,1856,False,AttentionBackend.FLASH_ATTENTION
0.0,0.0,0.0,0.0,0.0,0.016,0.017,0.016800000000000002,0.017,0.00040000000000000034,0.001,0.001,0.001,0.001,0.0,,,,,,4096,32,32,16,2,4096,2,0,1856,False,AttentionBackend.FLASH_ATTENTION
0.0,0.0,0.0,0.0,0.0,0.022,0.023,0.022199999999999998,0.022,0.00040000000000000034,0.001,0.001,0.001,0.001,0.0,,,,,,4096,32,32,16,2,4096,3,0,1856,False,AttentionBackend.FLASH_ATTENTION
0.0,0.0,0.0,0.0,0.0,0.029,0.031,0.03,0.03,0.0006324555320336754,0.001,0.001,0.001,0.001,0.0,,,,,,4096,32,32,16,2,4096,4,0,1856,False,AttentionBackend.FLASH_ATTENTION
0.0,0.0,0.0,0.0,0.0,0.034,0.035,0.0344,0.034,0.000489897948556636,0.001,0.001,0.001,0.001,0.0,,,,,,4096,32,32,16,2,4096,5,0,1856,False,AttentionBackend.FLASH_ATTENTION
0.0,0.0,0.0,0.0,0.0,0.044,0.045,0.04479999999999999,0.045,0.00040000000000000034,0.001,0.001,0.001,0.001,0.0,,,,,,4096,32,32,16,2,4096,6,0,1856,False,AttentionBackend.FLASH_ATTENTION
0.0,0.0,0.0,0.0,0.0,0.047,0.049,0.048,0.048,0.0006324555320336764,0.001,0.001,0.001,0.001,0.0,,,,,,4096,32,32,16,2,4096,7,0,1856,False,AttentionBackend.FLASH_ATTENTION
0.0,0.0,0.0,0.0,0.0,0.05,0.051000000000000004,0.0504,0.05,0.000489897948556636,0.001,0.001,0.001,0.001,0.0,,,,,,4096,32,32,16,2,4096,8,0,1856,False,AttentionBackend.FLASH_ATTENTION
0.0,0.0,0.0,0.0,0.0,0.013000000000000001,0.014,0.0134,0.013000000000000001,0.0004898979485566352,0.001,0.001,0.001,0.001,0.0,,,,,,4096,32,32,16,2,4096,1,0,1920,False,AttentionBackend.FLASH_ATTENTION
0.0,0.0,0.0,0.0,0.0,0.017,0.019,0.0184,0.019,0.0007999999999999992,0.001,0.001,0.001,0.001,0.0,,,,,,4096,32,32,16,2,4096,2,0,1920,False,AttentionBackend.FLASH_ATTENTION
0.0,0.0,0.0,0.0,0.0,0.028,0.029,0.0284,0.028,0.000489897948556636,0.001,0.001,0.001,0.001,0.0,,,,,,4096,32,32,16,2,4096,3,0,1920,False,AttentionBackend.FLASH_ATTENTION
0.0,0.0,0.0,0.0,0.0,0.03,0.033,0.0314,0.031,0.001019803902718558,0.001,0.001,0.001,0.001,0.0,,,,,,4096,32,32,16,2,4096,4,0,1920,False,AttentionBackend.FLASH_ATTENTION
0.0,0.0,0.0,0.0,0.0,0.034,0.036000000000000004,0.035,0.035,0.0008944271909999167,0.001,0.001,0.001,0.001,0.0,,,,,,4096,32,32,16,2,4096,5,0,1920,False,AttentionBackend.FLASH_ATTENTION
0.0,0.0,0.0,0.0,0.0,0.047,0.048,0.0472,0.047,0.00040000000000000034,0.001,0.001,0.001,0.001,0.0,,,,,,4096,32,32,16,2,4096,6,0,1920,False,AttentionBackend.FLASH_ATTENTION
0.0,0.0,0.0,0.0,0.0,0.048,0.05,0.048799999999999996,0.049,0.0007483314773547889,0.001,0.001,0.001,0.001,0.0,,,,,,4096,32,32,16,2,4096,7,0,1920,False,AttentionBackend.FLASH_ATTENTION
0.0,0.0,0.0,0.0,0.0,0.052000000000000005,0.053,0.0522,0.052000000000000005,0.0003999999999999976,0.001,0.001,0.001,0.001,0.0,,,,,,4096,32,32,16,2,4096,8,0,1920,False,AttentionBackend.FLASH_ATTENTION
0.0,0.0,0.0,0.0,0.0,0.013000000000000001,0.014,0.0134,0.013000000000000001,0.0004898979485566352,0.001,0.001,0.001,0.001,0.0,,,,,,4096,32,32,16,2,4096,1,0,1984,False,AttentionBackend.FLASH_ATTENTION
0.0,0.0,0.0,0.0,0.0,0.017,0.018000000000000002,0.017400000000000002,0.017,0.000489897948556636,0.001,0.001,0.001,0.001,0.0,,,,,,4096,32,32,16,2,4096,2,0,1984,False,AttentionBackend.FLASH_ATTENTION
0.0,0.0,0.0,0.0,0.0,0.031,0.033,0.0318,0.032,0.000748331477354789,0.001,0.001,0.001,0.001,0.0,,,,,,4096,32,32,16,2,4096,3,0,1984,False,AttentionBackend.FLASH_ATTENTION
0.0,0.0,0.0,0.0,0.0,0.032,0.034,0.033,0.033,0.0006324555320336764,0.001,0.001,0.001,0.001,0.0,,,,,,4096,32,32,16,2,4096,4,0,1984,False,AttentionBackend.FLASH_ATTENTION
0.0,0.0,0.0,0.0,0.0,0.035,0.036000000000000004,0.03560000000000001,0.036000000000000004,0.000489897948556636,0.001,0.001,0.001,0.001,0.0,,,,,,4096,32,32,16,2,4096,5,0,1984,False,AttentionBackend.FLASH_ATTENTION
0.0,0.0,0.0,0.0,0.0,0.048,0.049,0.0482,0.048,0.00040000000000000034,0.001,0.001,0.001,0.001,0.0,,,,,,4096,32,32,16,2,4096,6,0,1984,False,AttentionBackend.FLASH_ATTENTION
0.0,0.0,0.0,0.0,0.0,0.049,0.05,0.0496,0.05,0.000489897948556636,0.001,0.001,0.001,0.001,0.0,,,,,,4096,32,32,16,2,4096,7,0,1984,False,AttentionBackend.FLASH_ATTENTION
0.0,0.0,0.0,0.0,0.0,0.053,0.054,0.053200000000000004,0.053,0.00040000000000000034,0.001,0.001,0.001,0.001,0.0,,,,,,4096,32,32,16,2,4096,8,0,1984,False,AttentionBackend.FLASH_ATTENTION
0.0,0.0,0.0,0.0,0.0,0.014,0.014,0.014000000000000002,0.014,1.734723475976807e-18,0.001,0.001,0.001,0.001,0.0,,,,,,4096,32,32,16,2,4096,1,0,2048,False,AttentionBackend.FLASH_ATTENTION
0.0,0.0,0.0,0.0,0.0,0.019,0.021,0.02,0.02,0.0006324555320336764,0.001,0.001,0.001,0.001,0.0,,,,,,4096,32,32,16,2,4096,2,0,2048,False,AttentionBackend.FLASH_ATTENTION
0.0,0.0,0.0,0.0,0.0,0.024,0.025,0.0248,0.025,0.00040000000000000034,0.001,0.001,0.001,0.001,0.0,,,,,,4096,32,32,16,2,4096,3,0,2048,False,AttentionBackend.FLASH_ATTENTION
0.0,0.0,0.0,0.0,0.0,0.033,0.036000000000000004,0.0342,0.034,0.001166190378969061,0.001,0.001,0.001,0.001,0.0,,,,,,4096,32,32,16,2,4096,4,0,2048,False,AttentionBackend.FLASH_ATTENTION
0.0,0.0,0.0,0.0,0.0,0.036000000000000004,0.037,0.0368,0.037,0.0003999999999999976,0.001,0.001,0.001,0.001,0.0,,,,,,4096,32,32,16,2,4096,5,0,2048,False,AttentionBackend.FLASH_ATTENTION
0.0,0.0,0.0,0.0,0.0,0.051000000000000004,0.052000000000000005,0.0516,0.052000000000000005,0.000489897948556636,0.001,0.001,0.001,0.001,0.0,,,,,,4096,32,32,16,2,4096,6,0,2048,False,AttentionBackend.FLASH_ATTENTION
0.0,0.0,0.0,0.0,0.0,0.051000000000000004,0.052000000000000005,0.0518,0.052000000000000005,0.00040000000000000034,0.001,0.001,0.001,0.001,0.0,,,,,,4096,32,32,16,2,4096,7,0,2048,False,AttentionBackend.FLASH_ATTENTION
0.0,0.0,0.0,0.0,0.0,0.056,0.056,0.05600000000000001,0.056,6.938893903907228e-18,0.001,0.001,0.001,0.001,0.0,,,,,,4096,32,32,16,2,4096,8,0,2048,False,AttentionBackend.FLASH_ATTENTION
0.0,0.0,0.0,0.0,0.0,0.014,0.014,0.014000000000000002,0.014,1.734723475976807e-18,0.001,0.001,0.001,0.001,0.0,,,,,,4096,32,32,16,2,4096,1,0,2112,False,AttentionBackend.FLASH_ATTENTION
0.0,0.0,0.0,0.0,0.0,0.019,0.02,0.0194,0.019,0.000489897948556636,0.001,0.001,0.001,0.001,0.0,,,,,,4096,32,32,16,2,4096,2,0,2112,False,AttentionBackend.FLASH_ATTENTION
0.0,0.0,0.0,0.0,0.0,0.024,0.025,0.0242,0.024,0.00040000000000000034,0.001,0.001,0.001,0.001,0.0,,,,,,4096,32,32,16,2,4096,3,0,2112,False,AttentionBackend.FLASH_ATTENTION
0.0,0.0,0.0,0.0,0.0,0.033,0.034,0.033600000000000005,0.034,0.000489897948556636,0.001,0.001,0.001,0.001,0.0,,,,,,4096,32,32,16,2,4096,4,0,2112,False,AttentionBackend.FLASH_ATTENTION
0.0,0.0,0.0,0.0,0.0,0.036000000000000004,0.037,0.03660000000000001,0.037,0.0004898979485566326,0.001,0.001,0.001,0.001,0.0,,,,,,4096,32,32,16,2,4096,5,0,2112,False,AttentionBackend.FLASH_ATTENTION
0.0,0.0,0.0,0.0,0.0,0.052000000000000005,0.053,0.0528,0.053,0.0003999999999999976,0.001,0.001,0.001,0.001,0.0,,,,,,4096,32,32,16,2,4096,6,0,2112,False,AttentionBackend.FLASH_ATTENTION
0.0,0.0,0.0,0.0,0.0,0.051000000000000004,0.053,0.052000000000000005,0.052000000000000005,0.0006324555320336743,0.001,0.001,0.001,0.001,0.0,,,,,,4096,32,32,16,2,4096,7,0,2112,False,AttentionBackend.FLASH_ATTENTION
0.0,0.0,0.0,0.0,0.0,0.055,0.056,0.055600000000000004,0.056,0.000489897948556636,0.001,0.001,0.001,0.001,0.0,,,,,,4096,32,32,16,2,4096,8,0,2112,False,AttentionBackend.FLASH_ATTENTION
0.0,0.0,0.0,0.0,0.0,0.015,0.015,0.015,0.015,0.0,0.001,0.001,0.001,0.001,0.0,,,,,,4096,32,32,16,2,4096,1,0,2176,False,AttentionBackend.FLASH_ATTENTION
0.0,0.0,0.0,0.0,0.0,0.019,0.021,0.02,0.02,0.0006324555320336764,0.001,0.001,0.001,0.001,0.0,,,,,,4096,32,32,16,2,4096,2,0,2176,False,AttentionBackend.FLASH_ATTENTION
0.0,0.0,0.0,0.0,0.0,0.025,0.025,0.025,0.025,0.0,0.001,0.001,0.001,0.001,0.0,,,,,,4096,32,32,16,2,4096,3,0,2176,False,AttentionBackend.FLASH_ATTENTION
0.0,0.0,0.0,0.0,0.0,0.034,0.035,0.034600000000000006,0.035,0.000489897948556636,0.001,0.001,0.001,0.001,0.0,,,,,,4096,32,32,16,2,4096,4,0,2176,False,AttentionBackend.FLASH_ATTENTION
0.0,0.0,0.0,0.0,0.0,0.038,0.041,0.039,0.038,0.001264911064067353,0.001,0.001,0.001,0.001,0.0,,,,,,4096,32,32,16,2,4096,5,0,2176,False,AttentionBackend.FLASH_ATTENTION
0.0,0.0,0.0,0.0,0.0,0.05,0.052000000000000005,0.051000000000000004,0.051000000000000004,0.0006324555320336764,0.001,0.001,0.001,0.001,0.0,,,,,,4096,32,32,16,2,4096,6,0,2176,False,AttentionBackend.FLASH_ATTENTION
0.0,0.0,0.0,0.0,0.0,0.054,0.055,0.054200000000000005,0.054,0.00040000000000000034,0.001,0.001,0.001,0.001,0.0,,,,,,4096,32,32,16,2,4096,7,0,2176,False,AttentionBackend.FLASH_ATTENTION
0.0,0.0,0.0,0.0,0.0,0.057,0.059000000000000004,0.05800000000000001,0.058,0.0006324555320336764,0.001,0.001,0.001,0.001,0.0,,,,,,4096,32,32,16,2,4096,8,0,2176,False,AttentionBackend.FLASH_ATTENTION
0.0,0.0,0.0,0.0,0.0,0.015,0.015,0.015,0.015,0.0,0.001,0.001,0.001,0.001,0.0,,,,,,4096,32,32,16,2,4096,1,0,2240,False,AttentionBackend.FLASH_ATTENTION
0.0,0.0,0.0,0.0,0.0,0.018000000000000002,0.02,0.0194,0.02,0.0007999999999999995,0.001,0.001,0.001,0.001,0.0,,,,,,4096,32,32,16,2,4096,2,0,2240,False,AttentionBackend.FLASH_ATTENTION
0.0,0.0,0.0,0.0,0.0,0.026000000000000002,0.027,0.026600000000000002,0.027,0.0004898979485566344,0.001,0.001,0.001,0.001,0.0,,,,,,4096,32,32,16,2,4096,3,0,2240,False,AttentionBackend.FLASH_ATTENTION
0.0,0.0,0.0,0.0,0.0,0.035,0.036000000000000004,0.035800000000000005,0.036000000000000004,0.00040000000000000034,0.001,0.001,0.001,0.001,0.0,,,,,,4096,32,32,16,2,4096,4,0,2240,False,AttentionBackend.FLASH_ATTENTION
0.0,0.0,0.0,0.0,0.0,0.039,0.041,0.0398,0.04,0.0007483314773547889,0.001,0.001,0.001,0.001,0.0,,,,,,4096,32,32,16,2,4096,5,0,2240,False,AttentionBackend.FLASH_ATTENTION
0.0,0.0,0.0,0.0,0.0,0.052000000000000005,0.053,0.0522,0.052000000000000005,0.0003999999999999976,0.001,0.001,0.001,0.001,0.0,,,,,,4096,32,32,16,2,4096,6,0,2240,False,AttentionBackend.FLASH_ATTENTION
0.0,0.0,0.0,0.0,0.0,0.054,0.055,0.0546,0.055,0.000489897948556636,0.001,0.001,0.001,0.001,0.0,,,,,,4096,32,32,16,2,4096,7,0,2240,False,AttentionBackend.FLASH_ATTENTION
0.0,0.0,0.0,0.0,0.0,0.057,0.059000000000000004,0.05840000000000001,0.059000000000000004,0.0008000000000000007,0.001,0.001,0.001,0.001,0.0,,,,,,4096,32,32,16,2,4096,8,0,2240,False,AttentionBackend.FLASH_ATTENTION
0.0,0.0,0.0,0.0,0.0,0.014,0.014,0.014000000000000002,0.014,1.734723475976807e-18,0.001,0.001,0.001,0.001,0.0,,,,,,4096,32,32,16,2,4096,1,0,2304,False,AttentionBackend.FLASH_ATTENTION
0.0,0.0,0.0,0.0,0.0,0.02,0.02,0.02,0.02,0.0,0.001,0.001,0.001,0.001,0.0,,,,,,4096,32,32,16,2,4096,2,0,2304,False,AttentionBackend.FLASH_ATTENTION
0.0,0.0,0.0,0.0,0.0,0.027,0.028,0.027800000000000002,0.028,0.00040000000000000034,0.001,0.001,0.001,0.001,0.0,,,,,,4096,32,32,16,2,4096,3,0,2304,False,AttentionBackend.FLASH_ATTENTION
0.0,0.0,0.0,0.0,0.0,0.036000000000000004,0.038,0.03660000000000001,0.036000000000000004,0.0007999999999999977,0.001,0.001,0.001,0.001,0.0,,,,,,4096,32,32,16,2,4096,4,0,2304,False,AttentionBackend.FLASH_ATTENTION
0.0,0.0,0.0,0.0,0.0,0.039,0.041,0.0402,0.04,0.000748331477354789,0.001,0.001,0.001,0.001,0.0,,,,,,4096,32,32,16,2,4096,5,0,2304,False,AttentionBackend.FLASH_ATTENTION
0.0,0.0,0.0,0.0,0.0,0.053,0.054,0.0534,0.053,0.000489897948556636,0.001,0.001,0.001,0.001,0.0,,,,,,4096,32,32,16,2,4096,6,0,2304,False,AttentionBackend.FLASH_ATTENTION
0.0,0.0,0.0,0.0,0.0,0.056,0.058,0.05720000000000001,0.057,0.0007483314773547889,0.001,0.001,0.001,0.001,0.0,,,,,,4096,32,32,16,2,4096,7,0,2304,False,AttentionBackend.FLASH_ATTENTION
0.0,0.0,0.0,0.0,0.0,0.061,0.062,0.0618,0.062,0.00040000000000000034,0.001,0.001,0.001,0.001,0.0,,,,,,4096,32,32,16,2,4096,8,0,2304,False,AttentionBackend.FLASH_ATTENTION
0.0,0.0,0.0,0.0,0.0,0.014,0.014,0.014000000000000002,0.014,1.734723475976807e-18,0.001,0.001,0.001,0.001,0.0,,,,,,4096,32,32,16,2,4096,1,0,2368,False,AttentionBackend.FLASH_ATTENTION
0.0,0.0,0.0,0.0,0.0,0.019,0.02,0.019200000000000002,0.019,0.00040000000000000034,0.001,0.001,0.001,0.001,0.0,,,,,,4096,32,32,16,2,4096,2,0,2368,False,AttentionBackend.FLASH_ATTENTION
0.0,0.0,0.0,0.0,0.0,0.027,0.028,0.027600000000000003,0.028,0.000489897948556636,0.001,0.001,0.001,0.001,0.0,,,,,,4096,32,32,16,2,4096,3,0,2368,False,AttentionBackend.FLASH_ATTENTION
0.0,0.0,0.0,0.0,0.0,0.036000000000000004,0.037,0.0366,0.037,0.0004898979485566326,0.001,0.001,0.001,0.001,0.0,,,,,,4096,32,32,16,2,4096,4,0,2368,False,AttentionBackend.FLASH_ATTENTION
0.0,0.0,0.0,0.0,0.0,0.04,0.041,0.040600000000000004,0.041,0.000489897948556636,0.001,0.001,0.001,0.001,0.0,,,,,,4096,32,32,16,2,4096,5,0,2368,False,AttentionBackend.FLASH_ATTENTION
0.0,0.0,0.0,0.0,0.0,0.055,0.056,0.055400000000000005,0.055,0.000489897948556636,0.001,0.001,0.001,0.001,0.0,,,,,,4096,32,32,16,2,4096,6,0,2368,False,AttentionBackend.FLASH_ATTENTION
0.0,0.0,0.0,0.0,0.0,0.057,0.058,0.05720000000000001,0.057,0.00040000000000000034,0.001,0.001,0.001,0.001,0.0,,,,,,4096,32,32,16,2,4096,7,0,2368,False,AttentionBackend.FLASH_ATTENTION
0.0,0.0,0.0,0.0,0.0,0.061,0.063,0.0618,0.062,0.0007483314773547889,0.001,0.001,0.001,0.001,0.0,,,,,,4096,32,32,16,2,4096,8,0,2368,False,AttentionBackend.FLASH_ATTENTION
0.0,0.0,0.0,0.0,0.0,0.014,0.014,0.014000000000000002,0.014,1.734723475976807e-18,0.001,0.001,0.001,0.001,0.0,,,,,,4096,32,32,16,2,4096,1,0,2432,False,AttentionBackend.FLASH_ATTENTION
0.0,0.0,0.0,0.0,0.0,0.02,0.021,0.0206,0.021,0.000489897948556636,0.001,0.001,0.001,0.001,0.0,,,,,,4096,32,32,16,2,4096,2,0,2432,False,AttentionBackend.FLASH_ATTENTION
0.0,0.0,0.0,0.0,0.0,0.028,0.029,0.0284,0.028,0.000489897948556636,0.001,0.001,0.001,0.001,0.0,,,,,,4096,32,32,16,2,4096,3,0,2432,False,AttentionBackend.FLASH_ATTENTION
0.0,0.0,0.0,0.0,0.0,0.036000000000000004,0.038,0.0374,0.038,0.0007999999999999983,0.001,0.001,0.001,0.001,0.0,,,,,,4096,32,32,16,2,4096,4,0,2432,False,AttentionBackend.FLASH_ATTENTION
0.0,0.0,0.0,0.0,0.0,0.041,0.043000000000000003,0.041600000000000005,0.041,0.0008000000000000007,0.001,0.001,0.001,0.001,0.0,,,,,,4096,32,32,16,2,4096,5,0,2432,False,AttentionBackend.FLASH_ATTENTION
0.0,0.0,0.0,0.0,0.0,0.056,0.058,0.0568,0.057,0.000748331477354789,0.001,0.001,0.001,0.001,0.0,,,,,,4096,32,32,16,2,4096,6,0,2432,False,AttentionBackend.FLASH_ATTENTION
0.0,0.0,0.0,0.0,0.0,0.06,0.061,0.0602,0.06,0.00040000000000000034,0.001,0.001,0.001,0.001,0.0,,,,,,4096,32,32,16,2,4096,7,0,2432,False,AttentionBackend.FLASH_ATTENTION
0.0,0.0,0.0,0.0,0.0,0.063,0.065,0.0644,0.065,0.0008000000000000007,0.001,0.001,0.001,0.001,0.0,,,,,,4096,32,32,16,2,4096,8,0,2432,False,AttentionBackend.FLASH_ATTENTION
0.0,0.0,0.0,0.0,0.0,0.014,0.014,0.014000000000000002,0.014,1.734723475976807e-18,0.001,0.001,0.001,0.001,0.0,,,,,,4096,32,32,16,2,4096,1,0,2496,False,AttentionBackend.FLASH_ATTENTION
0.0,0.0,0.0,0.0,0.0,0.021,0.022,0.021800000000000003,0.022,0.000399999999999999,0.001,0.001,0.001,0.001,0.0,,,,,,4096,32,32,16,2,4096,2,0,2496,False,AttentionBackend.FLASH_ATTENTION
0.0,0.0,0.0,0.0,0.0,0.029,0.029,0.029000000000000005,0.029,3.469446951953614e-18,0.001,0.001,0.001,0.001,0.0,,,,,,4096,32,32,16,2,4096,3,0,2496,False,AttentionBackend.FLASH_ATTENTION
0.0,0.0,0.0,0.0,0.0,0.038,0.04,0.0388,0.039,0.000748331477354789,0.001,0.001,0.001,0.001,0.0,,,,,,4096,32,32,16,2,4096,4,0,2496,False,AttentionBackend.FLASH_ATTENTION
0.0,0.0,0.0,0.0,0.0,0.041,0.042,0.041400000000000006,0.041,0.000489897948556636,0.001,0.001,0.001,0.001,0.0,,,,,,4096,32,32,16,2,4096,5,0,2496,False,AttentionBackend.FLASH_ATTENTION
0.0,0.0,0.0,0.0,0.0,0.056,0.057,0.056400000000000006,0.056,0.000489897948556636,0.001,0.001,0.001,0.001,0.0,,,,,,4096,32,32,16,2,4096,6,0,2496,False,AttentionBackend.FLASH_ATTENTION
0.0,0.0,0.0,0.0,0.0,0.06,0.061,0.0602,0.06,0.00040000000000000034,0.001,0.001,0.001,0.001,0.0,,,,,,4096,32,32,16,2,4096,7,0,2496,False,AttentionBackend.FLASH_ATTENTION
0.0,0.0,0.0,0.0,0.0,0.064,0.065,0.06420000000000001,0.064,0.00040000000000000034,0.001,0.001,0.001,0.001,0.0,,,,,,4096,32,32,16,2,4096,8,0,2496,False,AttentionBackend.FLASH_ATTENTION
0.0,0.0,0.0,0.0,0.0,0.016,0.016,0.016,0.016,0.0,0.001,0.001,0.001,0.001,0.0,,,,,,4096,32,32,16,2,4096,1,0,2560,False,AttentionBackend.FLASH_ATTENTION
0.0,0.0,0.0,0.0,0.0,0.023,0.025,0.024,0.024,0.0006324555320336764,0.001,0.001,0.001,0.001,0.0,,,,,,4096,32,32,16,2,4096,2,0,2560,False,AttentionBackend.FLASH_ATTENTION
0.0,0.0,0.0,0.0,0.0,0.03,0.031,0.0308,0.031,0.00040000000000000034,0.001,0.001,0.001,0.001,0.0,,,,,,4096,32,32,16,2,4096,3,0,2560,False,AttentionBackend.FLASH_ATTENTION
0.0,0.0,0.0,0.0,0.0,0.039,0.041,0.0396,0.039,0.0008000000000000007,0.001,0.001,0.001,0.001,0.0,,,,,,4096,32,32,16,2,4096,4,0,2560,False,AttentionBackend.FLASH_ATTENTION
0.0,0.0,0.0,0.0,0.0,0.043000000000000003,0.045,0.044000000000000004,0.044,0.0006324555320336743,0.001,0.001,0.001,0.001,0.0,,,,,,4096,32,32,16,2,4096,5,0,2560,False,AttentionBackend.FLASH_ATTENTION
0.0,0.0,0.0,0.0,0.0,0.061,0.062,0.0618,0.062,0.00040000000000000034,0.001,0.001,0.001,0.001,0.0,,,,,,4096,32,32,16,2,4096,6,0,2560,False,AttentionBackend.FLASH_ATTENTION
0.0,0.0,0.0,0.0,0.0,0.062,0.064,0.0628,0.063,0.0007483314773547889,0.001,0.001,0.001,0.001,0.0,,,,,,4096,32,32,16,2,4096,7,0,2560,False,AttentionBackend.FLASH_ATTENTION
0.0,0.0,0.0,0.0,0.0,0.067,0.068,0.06720000000000001,0.067,0.00040000000000000034,0.001,0.001,0.001,0.001,0.0,,,,,,4096,32,32,16,2,4096,8,0,2560,False,AttentionBackend.FLASH_ATTENTION
0.0,0.0,0.0,0.0,0.0,0.016,0.016,0.016,0.016,0.0,0.001,0.001,0.001,0.001,0.0,,,,,,4096,32,32,16,2,4096,1,0,2624,False,AttentionBackend.FLASH_ATTENTION
0.0,0.0,0.0,0.0,0.0,0.023,0.024,0.023399999999999997,0.023,0.000489897948556636,0.001,0.001,0.001,0.001,0.0,,,,,,4096,32,32,16,2,4096,2,0,2624,False,AttentionBackend.FLASH_ATTENTION
0.0,0.0,0.0,0.0,0.0,0.031,0.032,0.0312,0.031,0.00040000000000000034,0.001,0.001,0.001,0.001,0.0,,,,,,4096,32,32,16,2,4096,3,0,2624,False,AttentionBackend.FLASH_ATTENTION
0.0,0.0,0.0,0.0,0.0,0.039,0.04,0.039400000000000004,0.039,0.000489897948556636,0.001,0.001,0.001,0.001,0.0,,,,,,4096,32,32,16,2,4096,4,0,2624,False,AttentionBackend.FLASH_ATTENTION
0.0,0.0,0.0,0.0,0.0,0.044,0.046,0.0452,0.045,0.000748331477354789,0.001,0.001,0.001,0.001,0.0,,,,,,4096,32,32,16,2,4096,5,0,2624,False,AttentionBackend.FLASH_ATTENTION
0.0,0.0,0.0,0.0,0.0,0.061,0.063,0.0618,0.062,0.000748331477354789,0.001,0.001,0.001,0.001,0.0,,,,,,4096,32,32,16,2,4096,6,0,2624,False,AttentionBackend.FLASH_ATTENTION
0.0,0.0,0.0,0.0,0.0,0.063,0.064,0.0632,0.063,0.00040000000000000034,0.001,0.001,0.001,0.001,0.0,,,,,,4096,32,32,16,2,4096,7,0,2624,False,AttentionBackend.FLASH_ATTENTION
0.0,0.0,0.0,0.0,0.0,0.066,0.067,0.0668,0.067,0.00040000000000000034,0.001,0.001,0.001,0.001,0.0,,,,,,4096,32,32,16,2,4096,8,0,2624,False,AttentionBackend.FLASH_ATTENTION
0.0,0.0,0.0,0.0,0.0,0.014,0.015,0.0144,0.014,0.0004898979485566352,0.001,0.001,0.001,0.001,0.0,,,,,,4096,32,32,16,2,4096,1,0,2688,False,AttentionBackend.FLASH_ATTENTION
0.0,0.0,0.0,0.0,0.0,0.023,0.025,0.0242,0.024,0.000748331477354789,0.001,0.001,0.001,0.001,0.0,,,,,,4096,32,32,16,2,4096,2,0,2688,False,AttentionBackend.FLASH_ATTENTION
0.0,0.0,0.0,0.0,0.0,0.031,0.032,0.0314,0.031,0.000489897948556636,0.001,0.001,0.001,0.001,0.0,,,,,,4096,32,32,16,2,4096,3,0,2688,False,AttentionBackend.FLASH_ATTENTION
0.0,0.0,0.0,0.0,0.0,0.04,0.041,0.040600000000000004,0.041,0.000489897948556636,0.001,0.001,0.001,0.001,0.0,,,,,,4096,32,32,16,2,4096,4,0,2688,False,AttentionBackend.FLASH_ATTENTION
0.0,0.0,0.0,0.0,0.0,0.045,0.046,0.045599999999999995,0.046,0.000489897948556636,0.001,0.001,0.001,0.001,0.0,,,,,,4096,32,32,16,2,4096,5,0,2688,False,AttentionBackend.FLASH_ATTENTION
0.0,0.0,0.0,0.0,0.0,0.061,0.062,0.0612,0.061,0.00040000000000000034,0.001,0.001,0.001,0.001,0.0,,,,,,4096,32,32,16,2,4096,6,0,2688,False,AttentionBackend.FLASH_ATTENTION
0.0,0.0,0.0,0.0,0.0,0.064,0.065,0.0648,0.065,0.00040000000000000034,0.001,0.001,0.001,0.001,0.0,,,,,,4096,32,32,16,2,4096,7,0,2688,False,AttentionBackend.FLASH_ATTENTION
0.0,0.0,0.0,0.0,0.0,0.07,0.07100000000000001,0.07060000000000001,0.07100000000000001,0.000489897948556636,0.001,0.001,0.001,0.001,0.0,,,,,,4096,32,32,16,2,4096,8,0,2688,False,AttentionBackend.FLASH_ATTENTION
0.0,0.0,0.0,0.0,0.0,0.014,0.015,0.014599999999999998,0.015,0.0004898979485566352,0.001,0.001,0.001,0.001,0.0,,,,,,4096,32,32,16,2,4096,1,0,2752,False,AttentionBackend.FLASH_ATTENTION
0.0,0.0,0.0,0.0,0.0,0.024,0.025,0.024399999999999998,0.024,0.000489897948556636,0.001,0.001,0.001,0.001,0.0,,,,,,4096,32,32,16,2,4096,2,0,2752,False,AttentionBackend.FLASH_ATTENTION
0.0,0.0,0.0,0.0,0.0,0.031,0.032,0.0314,0.031,0.000489897948556636,0.001,0.001,0.001,0.001,0.0,,,,,,4096,32,32,16,2,4096,3,0,2752,False,AttentionBackend.FLASH_ATTENTION
0.0,0.0,0.0,0.0,0.0,0.041,0.042,0.041400000000000006,0.041,0.000489897948556636,0.001,0.001,0.001,0.001,0.0,,,,,,4096,32,32,16,2,4096,4,0,2752,False,AttentionBackend.FLASH_ATTENTION
0.0,0.0,0.0,0.0,0.0,0.046,0.046,0.046,0.046,0.0,0.001,0.001,0.001,0.001,0.0,,,,,,4096,32,32,16,2,4096,5,0,2752,False,AttentionBackend.FLASH_ATTENTION
0.0,0.0,0.0,0.0,0.0,0.06,0.063,0.062,0.062,0.0010954451150103333,0.001,0.001,0.001,0.001,0.0,,,,,,4096,32,32,16,2,4096,6,0,2752,False,AttentionBackend.FLASH_ATTENTION
0.0,0.0,0.0,0.0,0.0,0.065,0.066,0.0654,0.065,0.000489897948556636,0.001,0.001,0.001,0.001,0.0,,,,,,4096,32,32,16,2,4096,7,0,2752,False,AttentionBackend.FLASH_ATTENTION
0.0,0.0,0.0,0.0,0.0,0.07,0.07100000000000001,0.0708,0.07100000000000001,0.00040000000000000034,0.001,0.001,0.001,0.001,0.0,,,,,,4096,32,32,16,2,4096,8,0,2752,False,AttentionBackend.FLASH_ATTENTION
0.0,0.0,0.0,0.0,0.0,0.014,0.015,0.014799999999999999,0.015,0.0003999999999999997,0.001,0.001,0.001,0.001,0.0,,,,,,4096,32,32,16,2,4096,1,0,2816,False,AttentionBackend.FLASH_ATTENTION
0.0,0.0,0.0,0.0,0.0,0.023,0.025,0.024,0.024,0.0006324555320336764,0.001,0.001,0.001,0.001,0.0,,,,,,4096,32,32,16,2,4096,2,0,2816,False,AttentionBackend.FLASH_ATTENTION
0.0,0.0,0.0,0.0,0.0,0.032,0.033,0.0324,0.032,0.000489897948556636,0.001,0.001,0.001,0.001,0.0,,,,,,4096,32,32,16,2,4096,3,0,2816,False,AttentionBackend.FLASH_ATTENTION
0.0,0.0,0.0,0.0,0.0,0.041,0.042,0.041800000000000004,0.042,0.00040000000000000034,0.001,0.001,0.001,0.001,0.0,,,,,,4096,32,32,16,2,4096,4,0,2816,False,AttentionBackend.FLASH_ATTENTION
0.0,0.0,0.0,0.0,0.0,0.046,0.048,0.046799999999999994,0.047,0.0007483314773547889,0.001,0.001,0.001,0.001,0.0,,,,,,4096,32,32,16,2,4096,5,0,2816,False,AttentionBackend.FLASH_ATTENTION
0.0,0.0,0.0,0.0,0.0,0.061,0.062,0.0616,0.062,0.000489897948556636,0.001,0.001,0.001,0.001,0.0,,,,,,4096,32,32,16,2,4096,6,0,2816,False,AttentionBackend.FLASH_ATTENTION
0.0,0.0,0.0,0.0,0.0,0.067,0.069,0.0678,0.068,0.0007483314773547889,0.001,0.001,0.001,0.001,0.0,,,,,,4096,32,32,16,2,4096,7,0,2816,False,AttentionBackend.FLASH_ATTENTION
0.0,0.0,0.0,0.0,0.0,0.07200000000000001,0.075,0.0736,0.074,0.0013564659966250482,0.001,0.001,0.001,0.001,0.0,,,,,,4096,32,32,16,2,4096,8,0,2816,False,AttentionBackend.FLASH_ATTENTION
0.0,0.0,0.0,0.0,0.0,0.014,0.015,0.014199999999999999,0.014,0.00039999999999999964,0.001,0.001,0.001,0.001,0.0,,,,,,4096,32,32,16,2,4096,1,0,2880,False,AttentionBackend.FLASH_ATTENTION
0.0,0.0,0.0,0.0,0.0,0.024,0.025,0.024399999999999998,0.024,0.000489897948556636,0.001,0.001,0.001,0.001,0.0,,,,,,4096,32,32,16,2,4096,2,0,2880,False,AttentionBackend.FLASH_ATTENTION
0.0,0.0,0.0,0.0,0.0,0.032,0.033,0.0322,0.032,0.00040000000000000034,0.001,0.001,0.001,0.001,0.0,,,,,,4096,32,32,16,2,4096,3,0,2880,False,AttentionBackend.FLASH_ATTENTION
0.0,0.0,0.0,0.0,0.0,0.042,0.044,0.043000000000000003,0.043000000000000003,0.0006324555320336743,0.001,0.001,0.001,0.001,0.0,,,,,,4096,32,32,16,2,4096,4,0,2880,False,AttentionBackend.FLASH_ATTENTION
0.0,0.0,0.0,0.0,0.0,0.047,0.049,0.048,0.048,0.0006324555320336764,0.001,0.001,0.001,0.001,0.0,,,,,,4096,32,32,16,2,4096,5,0,2880,False,AttentionBackend.FLASH_ATTENTION
0.0,0.0,0.0,0.0,0.0,0.064,0.064,0.064,0.064,0.0,0.001,0.001,0.001,0.001,0.0,,,,,,4096,32,32,16,2,4096,6,0,2880,False,AttentionBackend.FLASH_ATTENTION
0.0,0.0,0.0,0.0,0.0,0.067,0.069,0.068,0.068,0.0006324555320336764,0.001,0.001,0.001,0.001,0.0,,,,,,4096,32,32,16,2,4096,7,0,2880,False,AttentionBackend.FLASH_ATTENTION
0.0,0.0,0.0,0.0,0.0,0.073,0.075,0.074,0.074,0.0006324555320336764,0.001,0.001,0.001,0.001,0.0,,,,,,4096,32,32,16,2,4096,8,0,2880,False,AttentionBackend.FLASH_ATTENTION
0.0,0.0,0.0,0.0,0.0,0.015,0.016,0.0154,0.015,0.000489897948556636,0.001,0.001,0.001,0.001,0.0,,,,,,4096,32,32,16,2,4096,1,0,2944,False,AttentionBackend.FLASH_ATTENTION
0.0,0.0,0.0,0.0,0.0,0.025,0.026000000000000002,0.0258,0.026000000000000002,0.00040000000000000034,0.001,0.001,0.001,0.001,0.0,,,,,,4096,32,32,16,2,4096,2,0,2944,False,AttentionBackend.FLASH_ATTENTION
0.0,0.0,0.0,0.0,0.0,0.033,0.034,0.0334,0.033,0.000489897948556636,0.001,0.001,0.001,0.001,0.0,,,,,,4096,32,32,16,2,4096,3,0,2944,False,AttentionBackend.FLASH_ATTENTION
0.0,0.0,0.0,0.0,0.0,0.042,0.044,0.042800000000000005,0.043000000000000003,0.0007483314773547867,0.001,0.001,0.001,0.001,0.0,,,,,,4096,32,32,16,2,4096,4,0,2944,False,AttentionBackend.FLASH_ATTENTION
0.0,0.0,0.0,0.0,0.0,0.048,0.05,0.049,0.049,0.0006324555320336764,0.001,0.001,0.001,0.001,0.0,,,,,,4096,32,32,16,2,4096,5,0,2944,False,AttentionBackend.FLASH_ATTENTION
0.0,0.0,0.0,0.0,0.0,0.065,0.067,0.066,0.066,0.0006324555320336764,0.001,0.001,0.001,0.001,0.0,,,,,,4096,32,32,16,2,4096,6,0,2944,False,AttentionBackend.FLASH_ATTENTION
0.0,0.0,0.0,0.0,0.0,0.069,0.07100000000000001,0.0698,0.07,0.0007483314773547889,0.001,0.001,0.001,0.001,0.0,,,,,,4096,32,32,16,2,4096,7,0,2944,False,AttentionBackend.FLASH_ATTENTION
0.0,0.0,0.0,0.0,0.0,0.075,0.077,0.076,0.076,0.0006324555320336764,0.001,0.001,0.001,0.001,0.0,,,,,,4096,32,32,16,2,4096,8,0,2944,False,AttentionBackend.FLASH_ATTENTION
0.0,0.0,0.0,0.0,0.0,0.016,0.017,0.0164,0.016,0.000489897948556636,0.001,0.001,0.001,0.001,0.0,,,,,,4096,32,32,16,2,4096,1,0,3008,False,AttentionBackend.FLASH_ATTENTION
0.0,0.0,0.0,0.0,0.0,0.025,0.026000000000000002,0.0256,0.026000000000000002,0.000489897948556636,0.001,0.001,0.001,0.001,0.0,,,,,,4096,32,32,16,2,4096,2,0,3008,False,AttentionBackend.FLASH_ATTENTION
0.0,0.0,0.0,0.0,0.0,0.034,0.035,0.0342,0.034,0.00040000000000000034,0.001,0.001,0.001,0.001,0.0,,,,,,4096,32,32,16,2,4096,3,0,3008,False,AttentionBackend.FLASH_ATTENTION
0.0,0.0,0.0,0.0,0.0,0.044,0.045,0.044199999999999996,0.044,0.00040000000000000034,0.001,0.001,0.001,0.001,0.0,,,,,,4096,32,32,16,2,4096,4,0,3008,False,AttentionBackend.FLASH_ATTENTION
0.0,0.0,0.0,0.0,0.0,0.05,0.051000000000000004,0.0502,0.05,0.00040000000000000034,0.001,0.001,0.001,0.001,0.0,,,,,,4096,32,32,16,2,4096,5,0,3008,False,AttentionBackend.FLASH_ATTENTION
0.0,0.0,0.0,0.0,0.0,0.066,0.067,0.0664,0.066,0.000489897948556636,0.001,0.001,0.001,0.001,0.0,,,,,,4096,32,32,16,2,4096,6,0,3008,False,AttentionBackend.FLASH_ATTENTION
0.0,0.0,0.0,0.0,0.0,0.07100000000000001,0.07200000000000001,0.07120000000000001,0.07100000000000001,0.00040000000000000034,0.001,0.001,0.001,0.001,0.0,,,,,,4096,32,32,16,2,4096,7,0,3008,False,AttentionBackend.FLASH_ATTENTION
0.0,0.0,0.0,0.0,0.0,0.076,0.077,0.0764,0.076,0.000489897948556636,0.001,0.001,0.001,0.001,0.0,,,,,,4096,32,32,16,2,4096,8,0,3008,False,AttentionBackend.FLASH_ATTENTION
0.0,0.0,0.0,0.0,0.0,0.016,0.016,0.016,0.016,0.0,0.001,0.001,0.001,0.001,0.0,,,,,,4096,32,32,16,2,4096,1,0,3072,False,AttentionBackend.FLASH_ATTENTION
0.0,0.0,0.0,0.0,0.0,0.027,0.028,0.027200000000000002,0.027,0.00040000000000000034,0.001,0.001,0.001,0.001,0.0,,,,,,4096,32,32,16,2,4096,2,0,3072,False,AttentionBackend.FLASH_ATTENTION
0.0,0.0,0.0,0.0,0.0,0.034,0.035,0.0342,0.034,0.00040000000000000034,0.001,0.001,0.001,0.001,0.0,,,,,,4096,32,32,16,2,4096,3,0,3072,False,AttentionBackend.FLASH_ATTENTION
0.0,0.0,0.0,0.0,0.0,0.044,0.046,0.045,0.045,0.0006324555320336764,0.001,0.001,0.001,0.001,0.0,,,,,,4096,32,32,16,2,4096,4,0,3072,False,AttentionBackend.FLASH_ATTENTION
0.0,0.0,0.0,0.0,0.0,0.05,0.052000000000000005,0.051000000000000004,0.051000000000000004,0.0006324555320336764,0.001,0.001,0.001,0.001,0.0,,,,,,4096,32,32,16,2,4096,5,0,3072,False,AttentionBackend.FLASH_ATTENTION
0.0,0.0,0.0,0.0,0.0,0.069,0.07100000000000001,0.07020000000000001,0.07100000000000001,0.000979795897113272,0.001,0.001,0.001,0.001,0.0,,,,,,4096,32,32,16,2,4096,6,0,3072,False,AttentionBackend.FLASH_ATTENTION
0.0,0.0,0.0,0.0,0.0,0.07200000000000001,0.074,0.0732,0.073,0.0007483314773547845,0.001,0.001,0.001,0.001,0.0,,,,,,4096,32,32,16,2,4096,7,0,3072,False,AttentionBackend.FLASH_ATTENTION
0.0,0.0,0.0,0.0,0.0,0.078,0.08,0.0792,0.08,0.000979795897113272,0.001,0.001,0.001,0.001,0.0,,,,,,4096,32,32,16,2,4096,8,0,3072,False,AttentionBackend.FLASH_ATTENTION
0.0,0.0,0.0,0.0,0.0,0.016,0.017,0.0164,0.016,0.000489897948556636,0.001,0.001,0.001,0.001,0.0,,,,,,4096,32,32,16,2,4096,1,0,3136,False,AttentionBackend.FLASH_ATTENTION
0.0,0.0,0.0,0.0,0.0,0.027,0.029,0.028000000000000004,0.028,0.0008944271909999167,0.001,0.001,0.001,0.001,0.0,,,,,,4096,32,32,16,2,4096,2,0,3136,False,AttentionBackend.FLASH_ATTENTION
0.0,0.0,0.0,0.0,0.0,0.035,0.035,0.035,0.035,0.0,0.001,0.001,0.001,0.001,0.0,,,,,,4096,32,32,16,2,4096,3,0,3136,False,AttentionBackend.FLASH_ATTENTION
0.0,0.0,0.0,0.0,0.0,0.044,0.046,0.045,0.045,0.0006324555320336764,0.001,0.001,0.001,0.001,0.0,,,,,,4096,32,32,16,2,4096,4,0,3136,False,AttentionBackend.FLASH_ATTENTION
0.0,0.0,0.0,0.0,0.0,0.049,0.051000000000000004,0.0502,0.05,0.000748331477354789,0.001,0.001,0.001,0.001,0.0,,,,,,4096,32,32,16,2,4096,5,0,3136,False,AttentionBackend.FLASH_ATTENTION
0.0,0.0,0.0,0.0,0.0,0.07,0.07200000000000001,0.0708,0.07100000000000001,0.0007483314773547889,0.001,0.001,0.001,0.001,0.0,,,,,,4096,32,32,16,2,4096,6,0,3136,False,AttentionBackend.FLASH_ATTENTION
0.0,0.0,0.0,0.0,0.0,0.073,0.075,0.0738,0.073,0.000979795897113272,0.001,0.001,0.001,0.001,0.0,,,,,,4096,32,32,16,2,4096,7,0,3136,False,AttentionBackend.FLASH_ATTENTION
0.0,0.0,0.0,0.0,0.0,0.079,0.08,0.0794,0.079,0.000489897948556636,0.001,0.001,0.001,0.001,0.0,,,,,,4096,32,32,16,2,4096,8,0,3136,False,AttentionBackend.FLASH_ATTENTION
0.0,0.0,0.0,0.0,0.0,0.019,0.019,0.019,0.019,0.0,0.001,0.001,0.001,0.001,0.0,,,,,,4096,32,32,16,2,4096,1,0,3200,False,AttentionBackend.FLASH_ATTENTION
0.0,0.0,0.0,0.0,0.0,0.028,0.03,0.028999999999999998,0.029,0.0008944271909999153,0.001,0.001,0.001,0.001,0.0,,,,,,4096,32,32,16,2,4096,2,0,3200,False,AttentionBackend.FLASH_ATTENTION
0.0,0.0,0.0,0.0,0.0,0.035,0.038,0.0362,0.036000000000000004,0.0009797958971132696,0.001,0.001,0.001,0.001,0.0,,,,,,4096,32,32,16,2,4096,3,0,3200,False,AttentionBackend.FLASH_ATTENTION
0.0,0.0,0.0,0.0,0.0,0.046,0.047,0.0462,0.046,0.00040000000000000034,0.001,0.001,0.001,0.001,0.0,,,,,,4096,32,32,16,2,4096,4,0,3200,False,AttentionBackend.FLASH_ATTENTION
0.0,0.0,0.0,0.0,0.0,0.052000000000000005,0.052000000000000005,0.052000000000000005,0.052000000000000005,0.0,0.001,0.001,0.001,0.001,0.0,,,,,,4096,32,32,16,2,4096,5,0,3200,False,AttentionBackend.FLASH_ATTENTION
0.0,0.0,0.0,0.0,0.0,0.07,0.07100000000000001,0.07020000000000001,0.07,0.00040000000000000034,0.001,0.001,0.001,0.001,0.0,,,,,,4096,32,32,16,2,4096,6,0,3200,False,AttentionBackend.FLASH_ATTENTION
0.0,0.0,0.0,0.0,0.0,0.076,0.076,0.076,0.076,0.0,0.001,0.001,0.001,0.001,0.0,,,,,,4096,32,32,16,2,4096,7,0,3200,False,AttentionBackend.FLASH_ATTENTION
0.0,0.0,0.0,0.0,0.0,0.081,0.082,0.08120000000000001,0.081,0.00040000000000000034,0.001,0.001,0.001,0.001,0.0,,,,,,4096,32,32,16,2,4096,8,0,3200,False,AttentionBackend.FLASH_ATTENTION
0.0,0.0,0.0,0.0,0.0,0.019,0.019,0.019,0.019,0.0,0.001,0.001,0.001,0.001,0.0,,,,,,4096,32,32,16,2,4096,1,0,3264,False,AttentionBackend.FLASH_ATTENTION
0.0,0.0,0.0,0.0,0.0,0.028,0.031,0.0288,0.028,0.00116619037896906,0.001,0.001,0.001,0.001,0.0,,,,,,4096,32,32,16,2,4096,2,0,3264,False,AttentionBackend.FLASH_ATTENTION
0.0,0.0,0.0,0.0,0.0,0.036000000000000004,0.037,0.0364,0.036000000000000004,0.0004898979485566326,0.001,0.001,0.001,0.001,0.0,,,,,,4096,32,32,16,2,4096,3,0,3264,False,AttentionBackend.FLASH_ATTENTION
0.0,0.0,0.0,0.0,0.0,0.046,0.048,0.0474,0.048,0.0008000000000000007,0.001,0.001,0.001,0.001,0.0,,,,,,4096,32,32,16,2,4096,4,0,3264,False,AttentionBackend.FLASH_ATTENTION
0.0,0.0,0.0,0.0,0.0,0.051000000000000004,0.052000000000000005,0.0516,0.052000000000000005,0.000489897948556636,0.001,0.001,0.001,0.001,0.0,,,,,,4096,32,32,16,2,4096,5,0,3264,False,AttentionBackend.FLASH_ATTENTION
0.0,0.0,0.0,0.0,0.0,0.07,0.07200000000000001,0.0714,0.07200000000000001,0.0008000000000000007,0.001,0.001,0.001,0.001,0.0,,,,,,4096,32,32,16,2,4096,6,0,3264,False,AttentionBackend.FLASH_ATTENTION
0.0,0.0,0.0,0.0,0.0,0.076,0.078,0.07680000000000001,0.077,0.0007483314773547889,0.001,0.001,0.001,0.001,0.0,,,,,,4096,32,32,16,2,4096,7,0,3264,False,AttentionBackend.FLASH_ATTENTION
0.0,0.0,0.0,0.0,0.0,0.082,0.083,0.0826,0.083,0.000489897948556636,0.001,0.001,0.001,0.001,0.0,,,,,,4096,32,32,16,2,4096,8,0,3264,False,AttentionBackend.FLASH_ATTENTION
0.0,0.0,0.0,0.0,0.0,0.019,0.019,0.019,0.019,0.0,0.001,0.001,0.001,0.001,0.0,,,,,,4096,32,32,16,2,4096,1,0,3328,False,AttentionBackend.FLASH_ATTENTION
0.0,0.0,0.0,0.0,0.0,0.029,0.03,0.029200000000000004,0.029,0.000399999999999999,0.001,0.001,0.001,0.001,0.0,,,,,,4096,32,32,16,2,4096,2,0,3328,False,AttentionBackend.FLASH_ATTENTION
0.0,0.0,0.0,0.0,0.0,0.036000000000000004,0.038,0.037,0.037,0.0006324555320336743,0.001,0.001,0.001,0.001,0.0,,,,,,4096,32,32,16,2,4096,3,0,3328,False,AttentionBackend.FLASH_ATTENTION
0.0,0.0,0.0,0.0,0.0,0.047,0.048,0.047799999999999995,0.048,0.00040000000000000034,0.001,0.001,0.001,0.001,0.0,,,,,,4096,32,32,16,2,4096,4,0,3328,False,AttentionBackend.FLASH_ATTENTION
0.0,0.0,0.0,0.0,0.0,0.053,0.055,0.0538,0.054,0.000748331477354789,0.001,0.001,0.001,0.001,0.0,,,,,,4096,32,32,16,2,4096,5,0,3328,False,AttentionBackend.FLASH_ATTENTION
0.0,0.0,0.0,0.0,0.0,0.07100000000000001,0.07200000000000001,0.0714,0.07100000000000001,0.000489897948556636,0.001,0.001,0.001,0.001,0.0,,,,,,4096,32,32,16,2,4096,6,0,3328,False,AttentionBackend.FLASH_ATTENTION
0.0,0.0,0.0,0.0,0.0,0.078,0.08,0.0794,0.08,0.0008000000000000007,0.001,0.001,0.001,0.001,0.0,,,,,,4096,32,32,16,2,4096,7,0,3328,False,AttentionBackend.FLASH_ATTENTION
0.0,0.0,0.0,0.0,0.0,0.084,0.085,0.08460000000000001,0.085,0.000489897948556636,0.001,0.001,0.001,0.001,0.0,,,,,,4096,32,32,16,2,4096,8,0,3328,False,AttentionBackend.FLASH_ATTENTION
0.0,0.0,0.0,0.0,0.0,0.019,0.019,0.019,0.019,0.0,0.001,0.001,0.001,0.001,0.0,,,,,,4096,32,32,16,2,4096,1,0,3392,False,AttentionBackend.FLASH_ATTENTION
0.0,0.0,0.0,0.0,0.0,0.028,0.03,0.028599999999999997,0.028,0.0007999999999999995,0.001,0.001,0.001,0.001,0.0,,,,,,4096,32,32,16,2,4096,2,0,3392,False,AttentionBackend.FLASH_ATTENTION
0.0,0.0,0.0,0.0,0.0,0.036000000000000004,0.037,0.0368,0.037,0.0003999999999999976,0.001,0.001,0.001,0.001,0.0,,,,,,4096,32,32,16,2,4096,3,0,3392,False,AttentionBackend.FLASH_ATTENTION
0.0,0.0,0.0,0.0,0.0,0.048,0.049,0.0484,0.048,0.000489897948556636,0.001,0.001,0.001,0.001,0.0,,,,,,4096,32,32,16,2,4096,4,0,3392,False,AttentionBackend.FLASH_ATTENTION
0.0,0.0,0.0,0.0,0.0,0.053,0.055,0.054200000000000005,0.054,0.0007483314773547889,0.001,0.001,0.001,0.001,0.0,,,,,,4096,32,32,16,2,4096,5,0,3392,False,AttentionBackend.FLASH_ATTENTION
0.0,0.0,0.0,0.0,0.0,0.073,0.074,0.0736,0.074,0.000489897948556636,0.001,0.001,0.001,0.001,0.0,,,,,,4096,32,32,16,2,4096,6,0,3392,False,AttentionBackend.FLASH_ATTENTION
0.0,0.0,0.0,0.0,0.0,0.078,0.081,0.0792,0.079,0.0009797958971132722,0.001,0.001,0.001,0.001,0.0,,,,,,4096,32,32,16,2,4096,7,0,3392,False,AttentionBackend.FLASH_ATTENTION
0.0,0.0,0.0,0.0,0.0,0.084,0.08600000000000001,0.08520000000000001,0.085,0.0007483314773547889,0.001,0.001,0.001,0.001,0.0,,,,,,4096,32,32,16,2,4096,8,0,3392,False,AttentionBackend.FLASH_ATTENTION
0.0,0.0,0.0,0.0,0.0,0.019,0.019,0.019,0.019,0.0,0.001,0.001,0.001,0.001,0.0,,,,,,4096,32,32,16,2,4096,1,0,3456,False,AttentionBackend.FLASH_ATTENTION
0.0,0.0,0.0,0.0,0.0,0.029,0.031,0.0298,0.03,0.0007483314773547874,0.001,0.001,0.001,0.001,0.0,,,,,,4096,32,32,16,2,4096,2,0,3456,False,AttentionBackend.FLASH_ATTENTION
0.0,0.0,0.0,0.0,0.0,0.037,0.038,0.0378,0.038,0.00040000000000000034,0.001,0.001,0.001,0.001,0.0,,,,,,4096,32,32,16,2,4096,3,0,3456,False,AttentionBackend.FLASH_ATTENTION
0.0,0.0,0.0,0.0,0.0,0.049,0.05,0.0494,0.049,0.000489897948556636,0.001,0.001,0.001,0.001,0.0,,,,,,4096,32,32,16,2,4096,4,0,3456,False,AttentionBackend.FLASH_ATTENTION
0.0,0.0,0.0,0.0,0.0,0.055,0.056,0.055600000000000004,0.056,0.000489897948556636,0.001,0.001,0.001,0.001,0.0,,,,,,4096,32,32,16,2,4096,5,0,3456,False,AttentionBackend.FLASH_ATTENTION
0.0,0.0,0.0,0.0,0.0,0.074,0.075,0.0744,0.074,0.000489897948556636,0.001,0.001,0.001,0.001,0.0,,,,,,4096,32,32,16,2,4096,6,0,3456,False,AttentionBackend.FLASH_ATTENTION
0.0,0.0,0.0,0.0,0.0,0.081,0.082,0.08180000000000001,0.082,0.00040000000000000034,0.001,0.001,0.001,0.001,0.0,,,,,,4096,32,32,16,2,4096,7,0,3456,False,AttentionBackend.FLASH_ATTENTION
0.0,0.0,0.0,0.0,0.0,0.08700000000000001,0.089,0.08779999999999999,0.088,0.000748331477354783,0.001,0.001,0.001,0.001,0.0,,,,,,4096,32,32,16,2,4096,8,0,3456,False,AttentionBackend.FLASH_ATTENTION
0.0,0.0,0.0,0.0,0.0,0.019,0.019,0.019,0.019,0.0,0.001,0.001,0.001,0.001,0.0,,,,,,4096,32,32,16,2,4096,1,0,3520,False,AttentionBackend.FLASH_ATTENTION
0.0,0.0,0.0,0.0,0.0,0.029,0.031,0.0298,0.03,0.0007483314773547874,0.001,0.001,0.001,0.001,0.0,,,,,,4096,32,32,16,2,4096,2,0,3520,False,AttentionBackend.FLASH_ATTENTION
0.0,0.0,0.0,0.0,0.0,0.037,0.04,0.0382,0.038,0.0009797958971132722,0.001,0.001,0.001,0.001,0.0,,,,,,4096,32,32,16,2,4096,3,0,3520,False,AttentionBackend.FLASH_ATTENTION
0.0,0.0,0.0,0.0,0.0,0.05,0.052000000000000005,0.0504,0.05,0.0008000000000000007,0.001,0.001,0.001,0.001,0.0,,,,,,4096,32,32,16,2,4096,4,0,3520,False,AttentionBackend.FLASH_ATTENTION
0.0,0.0,0.0,0.0,0.0,0.055,0.055,0.05500000000000001,0.055,6.938893903907228e-18,0.001,0.001,0.001,0.001,0.0,,,,,,4096,32,32,16,2,4096,5,0,3520,False,AttentionBackend.FLASH_ATTENTION
0.0,0.0,0.0,0.0,0.0,0.074,0.076,0.0752,0.075,0.0007483314773547889,0.001,0.001,0.001,0.001,0.0,,,,,,4096,32,32,16,2,4096,6,0,3520,False,AttentionBackend.FLASH_ATTENTION
0.0,0.0,0.0,0.0,0.0,0.081,0.082,0.0814,0.081,0.000489897948556636,0.001,0.001,0.001,0.001,0.0,,,,,,4096,32,32,16,2,4096,7,0,3520,False,AttentionBackend.FLASH_ATTENTION
0.0,0.0,0.0,0.0,0.0,0.088,0.089,0.08819999999999999,0.088,0.00040000000000000034,0.001,0.001,0.001,0.001,0.0,,,,,,4096,32,32,16,2,4096,8,0,3520,False,AttentionBackend.FLASH_ATTENTION
0.0,0.0,0.0,0.0,0.0,0.016,0.018000000000000002,0.0172,0.017,0.0007483314773547889,0.001,0.001,0.001,0.001,0.0,,,,,,4096,32,32,16,2,4096,1,0,3584,False,AttentionBackend.FLASH_ATTENTION
0.0,0.0,0.0,0.0,0.0,0.031,0.033,0.032,0.032,0.0006324555320336764,0.001,0.001,0.001,0.001,0.0,,,,,,4096,32,32,16,2,4096,2,0,3584,False,AttentionBackend.FLASH_ATTENTION
0.0,0.0,0.0,0.0,0.0,0.038,0.039,0.0386,0.039,0.000489897948556636,0.001,0.001,0.001,0.001,0.0,,,,,,4096,32,32,16,2,4096,3,0,3584,False,AttentionBackend.FLASH_ATTENTION
0.0,0.0,0.0,0.0,0.0,0.05,0.052000000000000005,0.051000000000000004,0.051000000000000004,0.0008944271909999167,0.001,0.001,0.001,0.001,0.0,,,,,,4096,32,32,16,2,4096,4,0,3584,False,AttentionBackend.FLASH_ATTENTION
0.0,0.0,0.0,0.0,0.0,0.056,0.057,0.056600000000000004,0.057,0.000489897948556636,0.001,0.001,0.001,0.001,0.0,,,,,,4096,32,32,16,2,4096,5,0,3584,False,AttentionBackend.FLASH_ATTENTION
0.0,0.0,0.0,0.0,0.0,0.079,0.08,0.0792,0.079,0.00040000000000000034,0.001,0.001,0.001,0.001,0.0,,,,,,4096,32,32,16,2,4096,6,0,3584,False,AttentionBackend.FLASH_ATTENTION
0.0,0.0,0.0,0.0,0.0,0.084,0.08600000000000001,0.08460000000000001,0.084,0.0008000000000000007,0.001,0.001,0.001,0.001,0.0,,,,,,4096,32,32,16,2,4096,7,0,3584,False,AttentionBackend.FLASH_ATTENTION
0.0,0.0,0.0,0.0,0.0,0.09,0.092,0.091,0.091,0.0006324555320336764,0.001,0.001,0.001,0.001,0.0,,,,,,4096,32,32,16,2,4096,8,0,3584,False,AttentionBackend.FLASH_ATTENTION
0.0,0.0,0.0,0.0,0.0,0.017,0.018000000000000002,0.0176,0.018000000000000002,0.000489897948556636,0.001,0.001,0.001,0.001,0.0,,,,,,4096,32,32,16,2,4096,1,0,3648,False,AttentionBackend.FLASH_ATTENTION
0.0,0.0,0.0,0.0,0.0,0.031,0.032,0.0316,0.032,0.000489897948556636,0.001,0.001,0.001,0.001,0.0,,,,,,4096,32,32,16,2,4096,2,0,3648,False,AttentionBackend.FLASH_ATTENTION
0.0,0.0,0.0,0.0,0.0,0.038,0.038,0.038,0.038,0.0,0.001,0.001,0.001,0.001,0.0,,,,,,4096,32,32,16,2,4096,3,0,3648,False,AttentionBackend.FLASH_ATTENTION
0.0,0.0,0.0,0.0,0.0,0.05,0.051000000000000004,0.0508,0.051000000000000004,0.00040000000000000034,0.001,0.001,0.001,0.001,0.0,,,,,,4096,32,32,16,2,4096,4,0,3648,False,AttentionBackend.FLASH_ATTENTION
0.0,0.0,0.0,0.0,0.0,0.057,0.058,0.05740000000000001,0.057,0.000489897948556636,0.001,0.001,0.001,0.001,0.0,,,,,,4096,32,32,16,2,4096,5,0,3648,False,AttentionBackend.FLASH_ATTENTION
0.0,0.0,0.0,0.0,0.0,0.078,0.08,0.0792,0.079,0.0007483314773547889,0.001,0.001,0.001,0.001,0.0,,,,,,4096,32,32,16,2,4096,6,0,3648,False,AttentionBackend.FLASH_ATTENTION
0.0,0.0,0.0,0.0,0.0,0.084,0.08600000000000001,0.08480000000000001,0.085,0.0007483314773547889,0.001,0.001,0.001,0.001,0.0,,,,,,4096,32,32,16,2,4096,7,0,3648,False,AttentionBackend.FLASH_ATTENTION
0.0,0.0,0.0,0.0,0.0,0.09,0.092,0.09119999999999999,0.091,0.0007483314773547889,0.001,0.001,0.001,0.001,0.0,,,,,,4096,32,32,16,2,4096,8,0,3648,False,AttentionBackend.FLASH_ATTENTION
0.0,0.0,0.0,0.0,0.0,0.016,0.018000000000000002,0.0172,0.017,0.000748331477354789,0.001,0.001,0.001,0.001,0.0,,,,,,4096,32,32,16,2,4096,1,0,3712,False,AttentionBackend.FLASH_ATTENTION
0.0,0.0,0.0,0.0,0.0,0.032,0.033,0.0328,0.033,0.00040000000000000034,0.001,0.001,0.001,0.001,0.0,,,,,,4096,32,32,16,2,4096,2,0,3712,False,AttentionBackend.FLASH_ATTENTION
0.0,0.0,0.0,0.0,0.0,0.039,0.04,0.0398,0.04,0.00040000000000000034,0.001,0.001,0.001,0.001,0.0,,,,,,4096,32,32,16,2,4096,3,0,3712,False,AttentionBackend.FLASH_ATTENTION
0.0,0.0,0.0,0.0,0.0,0.052000000000000005,0.053,0.0524,0.052000000000000005,0.0004898979485566326,0.001,0.001,0.001,0.001,0.0,,,,,,4096,32,32,16,2,4096,4,0,3712,False,AttentionBackend.FLASH_ATTENTION
0.0,0.0,0.0,0.0,0.0,0.057,0.059000000000000004,0.05820000000000001,0.058,0.0007483314773547889,0.001,0.001,0.001,0.001,0.0,,,,,,4096,32,32,16,2,4096,5,0,3712,False,AttentionBackend.FLASH_ATTENTION
0.0,0.0,0.0,0.0,0.0,0.077,0.079,0.0782,0.078,0.0007483314773547889,0.001,0.001,0.001,0.001,0.0,,,,,,4096,32,32,16,2,4096,6,0,3712,False,AttentionBackend.FLASH_ATTENTION
0.0,0.0,0.0,0.0,0.0,0.08600000000000001,0.088,0.0868,0.08700000000000001,0.0007483314773547845,0.001,0.001,0.001,0.001,0.0,,,,,,4096,32,32,16,2,4096,7,0,3712,False,AttentionBackend.FLASH_ATTENTION
0.0,0.0,0.0,0.0,0.0,0.093,0.094,0.09359999999999999,0.094,0.000489897948556636,0.001,0.001,0.001,0.001,0.0,,,,,,4096,32,32,16,2,4096,8,0,3712,False,AttentionBackend.FLASH_ATTENTION
0.0,0.0,0.0,0.0,0.0,0.017,0.018000000000000002,0.0176,0.018000000000000002,0.000489897948556636,0.001,0.001,0.001,0.001,0.0,,,,,,4096,32,32,16,2,4096,1,0,3776,False,AttentionBackend.FLASH_ATTENTION
0.0,0.0,0.0,0.0,0.0,0.031,0.033,0.032,0.032,0.0008944271909999167,0.001,0.001,0.001,0.001,0.0,,,,,,4096,32,32,16,2,4096,2,0,3776,False,AttentionBackend.FLASH_ATTENTION
0.0,0.0,0.0,0.0,0.0,0.04,0.04,0.04,0.04,0.0,0.001,0.001,0.001,0.001,0.0,,,,,,4096,32,32,16,2,4096,3,0,3776,False,AttentionBackend.FLASH_ATTENTION
0.0,0.0,0.0,0.0,0.0,0.052000000000000005,0.053,0.0526,0.053,0.0004898979485566326,0.001,0.001,0.001,0.001,0.0,,,,,,4096,32,32,16,2,4096,4,0,3776,False,AttentionBackend.FLASH_ATTENTION
0.0,0.0,0.0,0.0,0.0,0.058,0.06,0.059399999999999994,0.06,0.0007999999999999977,0.001,0.001,0.001,0.001,0.0,,,,,,4096,32,32,16,2,4096,5,0,3776,False,AttentionBackend.FLASH_ATTENTION
0.0,0.0,0.0,0.0,0.0,0.08,0.08,0.08,0.08,0.0,0.001,0.001,0.001,0.001,0.0,,,,,,4096,32,32,16,2,4096,6,0,3776,False,AttentionBackend.FLASH_ATTENTION
0.0,0.0,0.0,0.0,0.0,0.08700000000000001,0.089,0.08800000000000001,0.088,0.0006324555320336721,0.001,0.001,0.001,0.001,0.0,,,,,,4096,32,32,16,2,4096,7,0,3776,False,AttentionBackend.FLASH_ATTENTION
0.0,0.0,0.0,0.0,0.0,0.094,0.095,0.09419999999999999,0.094,0.00040000000000000034,0.001,0.001,0.001,0.001,0.0,,,,,,4096,32,32,16,2,4096,8,0,3776,False,AttentionBackend.FLASH_ATTENTION
0.0,0.0,0.0,0.0,0.0,0.019,0.02,0.0194,0.019,0.000489897948556636,0.001,0.001,0.001,0.001,0.0,,,,,,4096,32,32,16,2,4096,1,0,3840,False,AttentionBackend.FLASH_ATTENTION
0.0,0.0,0.0,0.0,0.0,0.032,0.034,0.0328,0.033,0.000748331477354789,0.001,0.001,0.001,0.001,0.0,,,,,,4096,32,32,16,2,4096,2,0,3840,False,AttentionBackend.FLASH_ATTENTION
0.0,0.0,0.0,0.0,0.0,0.04,0.042,0.040600000000000004,0.04,0.0008000000000000007,0.001,0.001,0.001,0.001,0.0,,,,,,4096,32,32,16,2,4096,3,0,3840,False,AttentionBackend.FLASH_ATTENTION
0.0,0.0,0.0,0.0,0.0,0.053,0.054,0.0536,0.054,0.000489897948556636,0.001,0.001,0.001,0.001,0.0,,,,,,4096,32,32,16,2,4096,4,0,3840,False,AttentionBackend.FLASH_ATTENTION
0.0,0.0,0.0,0.0,0.0,0.059000000000000004,0.06,0.059399999999999994,0.059000000000000004,0.0004898979485566326,0.001,0.001,0.001,0.001,0.0,,,,,,4096,32,32,16,2,4096,5,0,3840,False,AttentionBackend.FLASH_ATTENTION
0.0,0.0,0.0,0.0,0.0,0.08,0.081,0.0804,0.08,0.000489897948556636,0.001,0.001,0.001,0.001,0.0,,,,,,4096,32,32,16,2,4096,6,0,3840,False,AttentionBackend.FLASH_ATTENTION
0.0,0.0,0.0,0.0,0.0,0.089,0.09,0.08979999999999999,0.09,0.00040000000000000034,0.001,0.001,0.001,0.001,0.0,,,,,,4096,32,32,16,2,4096,7,0,3840,False,AttentionBackend.FLASH_ATTENTION
0.0,0.0,0.0,0.0,0.0,0.096,0.098,0.097,0.097,0.0006324555320336764,0.001,0.001,0.001,0.001,0.0,,,,,,4096,32,32,16,2,4096,8,0,3840,False,AttentionBackend.FLASH_ATTENTION
0.0,0.0,0.0,0.0,0.0,0.019,0.019,0.019,0.019,0.0,0.001,0.001,0.001,0.001,0.0,,,,,,4096,32,32,16,2,4096,1,0,3904,False,AttentionBackend.FLASH_ATTENTION
0.0,0.0,0.0,0.0,0.0,0.032,0.034,0.032600000000000004,0.032,0.0008000000000000007,0.001,0.001,0.001,0.001,0.0,,,,,,4096,32,32,16,2,4096,2,0,3904,False,AttentionBackend.FLASH_ATTENTION
0.0,0.0,0.0,0.0,0.0,0.041,0.042,0.041400000000000006,0.041,0.000489897948556636,0.001,0.001,0.001,0.001,0.0,,,,,,4096,32,32,16,2,4096,3,0,3904,False,AttentionBackend.FLASH_ATTENTION
0.0,0.0,0.0,0.0,0.0,0.053,0.055,0.054000000000000006,0.054,0.0006324555320336764,0.001,0.001,0.001,0.001,0.0,,,,,,4096,32,32,16,2,4096,4,0,3904,False,AttentionBackend.FLASH_ATTENTION
0.0,0.0,0.0,0.0,0.0,0.059000000000000004,0.061,0.060399999999999995,0.061,0.0007999999999999983,0.001,0.001,0.001,0.001,0.0,,,,,,4096,32,32,16,2,4096,5,0,3904,False,AttentionBackend.FLASH_ATTENTION
0.0,0.0,0.0,0.0,0.0,0.081,0.083,0.082,0.082,0.0006324555320336764,0.001,0.001,0.001,0.001,0.0,,,,,,4096,32,32,16,2,4096,6,0,3904,False,AttentionBackend.FLASH_ATTENTION
0.0,0.0,0.0,0.0,0.0,0.089,0.091,0.09019999999999999,0.09,0.0007483314773547889,0.001,0.001,0.001,0.001,0.0,,,,,,4096,32,32,16,2,4096,7,0,3904,False,AttentionBackend.FLASH_ATTENTION
0.0,0.0,0.0,0.0,0.0,0.097,0.099,0.0982,0.098,0.0007483314773547889,0.001,0.001,0.001,0.001,0.0,,,,,,4096,32,32,16,2,4096,8,0,3904,False,AttentionBackend.FLASH_ATTENTION
0.0,0.0,0.0,0.0,0.0,0.019,0.019,0.019,0.019,0.0,0.001,0.001,0.001,0.001,0.0,,,,,,4096,32,32,16,2,4096,1,0,3968,False,AttentionBackend.FLASH_ATTENTION
0.0,0.0,0.0,0.0,0.0,0.032,0.034,0.0332,0.033,0.000748331477354789,0.001,0.001,0.001,0.001,0.0,,,,,,4096,32,32,16,2,4096,2,0,3968,False,AttentionBackend.FLASH_ATTENTION
0.0,0.0,0.0,0.0,0.0,0.041,0.042,0.041600000000000005,0.042,0.000489897948556636,0.001,0.001,0.001,0.001,0.0,,,,,,4096,32,32,16,2,4096,3,0,3968,False,AttentionBackend.FLASH_ATTENTION
0.0,0.0,0.0,0.0,0.0,0.054,0.056,0.055200000000000006,0.055,0.0007483314773547889,0.001,0.001,0.001,0.001,0.0,,,,,,4096,32,32,16,2,4096,4,0,3968,False,AttentionBackend.FLASH_ATTENTION
0.0,0.0,0.0,0.0,0.0,0.06,0.062,0.0616,0.062,0.0008000000000000007,0.001,0.001,0.001,0.001,0.0,,,,,,4096,32,32,16,2,4096,5,0,3968,False,AttentionBackend.FLASH_ATTENTION
0.0,0.0,0.0,0.0,0.0,0.082,0.084,0.083,0.083,0.0006324555320336764,0.001,0.001,0.001,0.001,0.0,,,,,,4096,32,32,16,2,4096,6,0,3968,False,AttentionBackend.FLASH_ATTENTION
0.0,0.0,0.0,0.0,0.0,0.092,0.094,0.093,0.093,0.0006324555320336764,0.001,0.001,0.001,0.001,0.0,,,,,,4096,32,32,16,2,4096,7,0,3968,False,AttentionBackend.FLASH_ATTENTION
0.0,0.0,0.0,0.0,0.0,0.098,0.1,0.0996,0.1,0.0008000000000000007,0.001,0.001,0.001,0.001,0.0,,,,,,4096,32,32,16,2,4096,8,0,3968,False,AttentionBackend.FLASH_ATTENTION
0.0,0.0,0.0,0.0,0.0,0.019,0.019,0.019,0.019,0.0,0.001,0.001,0.001,0.001,0.0,,,,,,4096,32,32,16,2,4096,1,0,4032,False,AttentionBackend.FLASH_ATTENTION
0.0,0.0,0.0,0.0,0.0,0.033,0.034,0.033600000000000005,0.034,0.000489897948556636,0.001,0.001,0.001,0.001,0.0,,,,,,4096,32,32,16,2,4096,2,0,4032,False,AttentionBackend.FLASH_ATTENTION
0.0,0.0,0.0,0.0,0.0,0.042,0.042,0.042,0.042,0.0,0.001,0.001,0.001,0.001,0.0,,,,,,4096,32,32,16,2,4096,3,0,4032,False,AttentionBackend.FLASH_ATTENTION
0.0,0.0,0.0,0.0,0.0,0.056,0.057,0.05620000000000001,0.056,0.00040000000000000034,0.001,0.001,0.001,0.001,0.0,,,,,,4096,32,32,16,2,4096,4,0,4032,False,AttentionBackend.FLASH_ATTENTION
0.0,0.0,0.0,0.0,0.0,0.06,0.063,0.062,0.062,0.0010954451150103333,0.001,0.001,0.001,0.001,0.0,,,,,,4096,32,32,16,2,4096,5,0,4032,False,AttentionBackend.FLASH_ATTENTION
0.0,0.0,0.0,0.0,0.0,0.085,0.08600000000000001,0.08520000000000001,0.085,0.00040000000000000034,0.001,0.001,0.001,0.001,0.0,,,,,,4096,32,32,16,2,4096,6,0,4032,False,AttentionBackend.FLASH_ATTENTION
0.0,0.0,0.0,0.0,0.0,0.093,0.094,0.09319999999999999,0.093,0.00040000000000000034,0.001,0.001,0.001,0.001,0.0,,,,,,4096,32,32,16,2,4096,7,0,4032,False,AttentionBackend.FLASH_ATTENTION
0.0,0.0,0.0,0.0,0.0,0.099,0.10200000000000001,0.1004,0.1,0.001019803902718558,0.001,0.001,0.001,0.001,0.0,,,,,,4096,32,32,16,2,4096,8,0,4032,False,AttentionBackend.FLASH_ATTENTION
0.0,0.0,0.0,0.0,0.0,,,,,,0.002,0.002,0.002,0.002,0.0,0.038,0.038,0.038,0.038,0.0,4096,32,32,16,2,4096,1,512,0,True,AttentionBackend.FLASH_ATTENTION
0.0,0.0,0.0,0.0,0.0,,,,,,0.002,0.002,0.002,0.002,0.0,0.048,0.048,0.048,0.048,0.0,4096,32,32,16,2,4096,1,512,512,True,AttentionBackend.FLASH_ATTENTION
0.0,0.0,0.0,0.0,0.0,,,,,,0.002,0.002,0.002,0.002,0.0,0.057,0.057,0.05700000000000001,0.057,6.938893903907228e-18,4096,32,32,16,2,4096,1,512,1024,True,AttentionBackend.FLASH_ATTENTION
0.0,0.0,0.0,0.0,0.0,,,,,,0.002,0.002,0.002,0.002,0.0,0.058,0.058,0.05800000000000001,0.058,6.938893903907228e-18,4096,32,32,16,2,4096,1,512,1024,True,AttentionBackend.FLASH_ATTENTION
0.0,0.0,0.0,0.0,0.0,,,,,,0.002,0.002,0.002,0.002,0.0,0.052000000000000005,0.052000000000000005,0.052000000000000005,0.052000000000000005,0.0,4096,32,32,16,2,4096,1,544,0,True,AttentionBackend.FLASH_ATTENTION
0.0,0.0,0.0,0.0,0.0,,,,,,0.002,0.002,0.002,0.002,0.0,0.063,0.063,0.063,0.063,0.0,4096,32,32,16,2,4096,1,544,512,True,AttentionBackend.FLASH_ATTENTION
0.0,0.0,0.0,0.0,0.0,,,,,,0.002,0.002,0.002,0.002,0.0,0.081,0.083,0.082,0.082,0.0006324555320336764,4096,32,32,16,2,4096,1,544,1024,True,AttentionBackend.FLASH_ATTENTION
0.0,0.0,0.0,0.0,0.0,,,,,,0.002,0.002,0.002,0.002,0.0,0.08,0.083,0.0814,0.081,0.001019803902718558,4096,32,32,16,2,4096,1,544,1024,True,AttentionBackend.FLASH_ATTENTION
0.0,0.0,0.0,0.0,0.0,,,,,,0.002,0.002,0.002,0.002,0.0,0.052000000000000005,0.053,0.0526,0.053,0.0004898979485566326,4096,32,32,16,2,4096,1,576,0,True,AttentionBackend.FLASH_ATTENTION
0.0,0.0,0.0,0.0,0.0,,,,,,0.002,0.002,0.002,0.002,0.0,0.066,0.067,0.0666,0.067,0.000489897948556636,4096,32,32,16,2,4096,1,576,512,True,AttentionBackend.FLASH_ATTENTION
0.0,0.0,0.0,0.0,0.0,,,,,,0.002,0.002,0.002,0.002,0.0,0.084,0.08700000000000001,0.08480000000000001,0.084,0.001166190378969061,4096,32,32,16,2,4096,1,576,1024,True,AttentionBackend.FLASH_ATTENTION
0.0,0.0,0.0,0.0,0.0,,,,,,0.002,0.002,0.002,0.002,0.0,0.081,0.082,0.08180000000000001,0.082,0.00040000000000000034,4096,32,32,16,2,4096,1,576,1024,True,AttentionBackend.FLASH_ATTENTION
0.0,0.0,0.0,0.0,0.0,,,,,,0.002,0.002,0.002,0.002,0.0,0.054,0.055,0.0548,0.055,0.00040000000000000034,4096,32,32,16,2,4096,1,608,0,True,AttentionBackend.FLASH_ATTENTION
0.0,0.0,0.0,0.0,0.0,,,,,,0.002,0.002,0.002,0.002,0.0,0.068,0.07,0.069,0.069,0.0006324555320336764,4096,32,32,16,2,4096,1,608,512,True,AttentionBackend.FLASH_ATTENTION
0.0,0.0,0.0,0.0,0.0,,,,,,0.002,0.002,0.002,0.002,0.0,0.082,0.083,0.08280000000000001,0.083,0.00040000000000000034,4096,32,32,16,2,4096,1,608,1024,True,AttentionBackend.FLASH_ATTENTION
0.0,0.0,0.0,0.0,0.0,,,,,,0.002,0.002,0.002,0.002,0.0,0.079,0.08,0.0792,0.079,0.00040000000000000034,4096,32,32,16,2,4096,1,608,1024,True,AttentionBackend.FLASH_ATTENTION
0.0,0.0,0.0,0.0,0.0,,,,,,0.002,0.002,0.002,0.002,0.0,0.053,0.054,0.0538,0.054,0.00040000000000000034,4096,32,32,16,2,4096,1,640,0,True,AttentionBackend.FLASH_ATTENTION
0.0,0.0,0.0,0.0,0.0,,,,,,0.002,0.002,0.002,0.002,0.0,0.064,0.065,0.0644,0.064,0.000489897948556636,4096,32,32,16,2,4096,1,640,512,True,AttentionBackend.FLASH_ATTENTION
0.0,0.0,0.0,0.0,0.0,,,,,,0.002,0.002,0.002,0.002,0.0,0.083,0.084,0.08380000000000001,0.084,0.00040000000000000034,4096,32,32,16,2,4096,1,640,1024,True,AttentionBackend.FLASH_ATTENTION
0.0,0.0,0.0,0.0,0.0,,,,,,0.002,0.002,0.002,0.002,0.0,0.082,0.082,0.082,0.082,0.0,4096,32,32,16,2,4096,1,640,1024,True,AttentionBackend.FLASH_ATTENTION
0.0,0.0,0.0,0.0,0.0,,,,,,0.002,0.002,0.002,0.002,0.0,0.06,0.061,0.060399999999999995,0.06,0.000489897948556636,4096,32,32,16,2,4096,1,672,0,True,AttentionBackend.FLASH_ATTENTION
0.0,0.0,0.0,0.0,0.0,,,,,,0.002,0.003,0.0022,0.002,0.0004,0.075,0.076,0.0754,0.075,0.000489897948556636,4096,32,32,16,2,4096,1,672,512,True,AttentionBackend.FLASH_ATTENTION
0.0,0.0,0.0,0.0,0.0,,,,,,0.002,0.003,0.0026000000000000003,0.003,0.0004898979485566356,0.09,0.091,0.09079999999999999,0.091,0.00040000000000000034,4096,32,32,16,2,4096,1,672,1024,True,AttentionBackend.FLASH_ATTENTION
0.0,0.0,0.0,0.0,0.0,,,,,,0.002,0.002,0.002,0.002,0.0,0.091,0.091,0.091,0.091,0.0,4096,32,32,16,2,4096,1,672,1024,True,AttentionBackend.FLASH_ATTENTION
0.0,0.0,0.0,0.0,0.0,,,,,,0.002,0.002,0.002,0.002,0.0,0.062,0.063,0.0624,0.062,0.000489897948556636,4096,32,32,16,2,4096,1,704,0,True,AttentionBackend.FLASH_ATTENTION
0.0,0.0,0.0,0.0,0.0,,,,,,0.002,0.003,0.0024000000000000002,0.002,0.0004898979485566356,0.075,0.076,0.0758,0.076,0.00040000000000000034,4096,32,32,16,2,4096,1,704,512,True,AttentionBackend.FLASH_ATTENTION
0.0,0.0,0.0,0.0,0.0,,,,,,0.003,0.003,0.003,0.003,0.0,0.091,0.092,0.0914,0.091,0.000489897948556636,4096,32,32,16,2,4096,1,704,1024,True,AttentionBackend.FLASH_ATTENTION
0.0,0.0,0.0,0.0,0.0,,,,,,0.002,0.003,0.0022,0.002,0.0004,0.093,0.095,0.0938,0.094,0.0007483314773547889,4096,32,32,16,2,4096,1,704,1024,True,AttentionBackend.FLASH_ATTENTION
0.0,0.0,0.0,0.0,0.0,,,,,,0.002,0.003,0.0022,0.002,0.0004,0.064,0.065,0.0644,0.064,0.000489897948556636,4096,32,32,16,2,4096,1,736,0,True,AttentionBackend.FLASH_ATTENTION
0.0,0.0,0.0,0.0,0.0,,,,,,0.002,0.003,0.0024000000000000002,0.002,0.0004898979485566356,0.076,0.076,0.076,0.076,0.0,4096,32,32,16,2,4096,1,736,512,True,AttentionBackend.FLASH_ATTENTION
0.0,0.0,0.0,0.0,0.0,,,,,,0.002,0.003,0.0021999999999999997,0.002,0.0004,0.096,0.097,0.09659999999999999,0.097,0.000489897948556636,4096,32,32,16,2,4096,1,736,1024,True,AttentionBackend.FLASH_ATTENTION
0.0,0.0,0.0,0.0,0.0,,,,,,0.002,0.003,0.0024000000000000002,0.002,0.0004898979485566356,0.093,0.094,0.0934,0.093,0.000489897948556636,4096,32,32,16,2,4096,1,736,1024,True,AttentionBackend.FLASH_ATTENTION
0.0,0.0,0.0,0.0,0.0,,,,,,0.002,0.003,0.0024000000000000002,0.002,0.0004898979485566356,0.063,0.063,0.063,0.063,0.0,4096,32,32,16,2,4096,1,768,0,True,AttentionBackend.FLASH_ATTENTION
0.0,0.0,0.0,0.0,0.0,,,,,,0.002,0.003,0.0026000000000000003,0.003,0.0004898979485566356,0.077,0.078,0.0772,0.077,0.00040000000000000034,4096,32,32,16,2,4096,1,768,512,True,AttentionBackend.FLASH_ATTENTION
0.0,0.0,0.0,0.0,0.0,,,,,,0.003,0.003,0.003,0.003,0.0,0.097,0.1,0.0984,0.098,0.001019803902718558,4096,32,32,16,2,4096,1,768,1024,True,AttentionBackend.FLASH_ATTENTION
0.0,0.0,0.0,0.0,0.0,,,,,,0.003,0.003,0.003,0.003,0.0,0.094,0.095,0.0944,0.094,0.000489897948556636,4096,32,32,16,2,4096,1,768,1024,True,AttentionBackend.FLASH_ATTENTION
0.0,0.0,0.0,0.0,0.0,,,,,,0.002,0.003,0.0028,0.003,0.0004,0.069,0.07,0.06920000000000001,0.069,0.00040000000000000034,4096,32,32,16,2,4096,1,800,0,True,AttentionBackend.FLASH_ATTENTION
0.0,0.0,0.0,0.0,0.0,,,,,,0.003,0.003,0.003,0.003,0.0,0.083,0.084,0.08360000000000001,0.084,0.000489897948556636,4096,32,32,16,2,4096,1,800,512,True,AttentionBackend.FLASH_ATTENTION
0.0,0.0,0.0,0.0,0.0,,,,,,0.003,0.003,0.003,0.003,0.0,0.10200000000000001,0.10400000000000001,0.1032,0.10300000000000001,0.0007483314773547889,4096,32,32,16,2,4096,1,800,1024,True,AttentionBackend.FLASH_ATTENTION
0.0,0.0,0.0,0.0,0.0,,,,,,0.003,0.003,0.003,0.003,0.0,0.106,0.106,0.10600000000000001,0.106,1.3877787807814457e-17,4096,32,32,16,2,4096,1,800,1024,True,AttentionBackend.FLASH_ATTENTION
0.0,0.0,0.0,0.0,0.0,,,,,,0.003,0.003,0.003,0.003,0.0,0.07,0.07100000000000001,0.07020000000000001,0.07,0.00040000000000000034,4096,32,32,16,2,4096,1,832,0,True,AttentionBackend.FLASH_ATTENTION
0.0,0.0,0.0,0.0,0.0,,,,,,0.003,0.003,0.003,0.003,0.0,0.091,0.092,0.09179999999999999,0.092,0.00040000000000000034,4096,32,32,16,2,4096,1,832,512,True,AttentionBackend.FLASH_ATTENTION
0.0,0.0,0.0,0.0,0.0,,,,,,0.003,0.003,0.003,0.003,0.0,0.101,0.10300000000000001,0.10200000000000001,0.10200000000000001,0.0006324555320336764,4096,32,32,16,2,4096,1,832,1024,True,AttentionBackend.FLASH_ATTENTION
0.0,0.0,0.0,0.0,0.0,,,,,,0.003,0.003,0.003,0.003,0.0,0.107,0.107,0.10700000000000001,0.107,1.3877787807814457e-17,4096,32,32,16,2,4096,1,832,1024,True,AttentionBackend.FLASH_ATTENTION
0.0,0.0,0.0,0.0,0.0,,,,,,0.003,0.003,0.003,0.003,0.0,0.076,0.078,0.077,0.077,0.0006324555320336764,4096,32,32,16,2,4096,1,864,0,True,AttentionBackend.FLASH_ATTENTION
0.0,0.0,0.0,0.0,0.0,,,,,,0.003,0.003,0.003,0.003,0.0,0.09,0.091,0.09079999999999999,0.091,0.00040000000000000034,4096,32,32,16,2,4096,1,864,512,True,AttentionBackend.FLASH_ATTENTION
0.0,0.0,0.0,0.0,0.0,,,,,,0.003,0.003,0.003,0.003,0.0,0.113,0.115,0.11380000000000001,0.114,0.0007483314773547889,4096,32,32,16,2,4096,1,864,1024,True,AttentionBackend.FLASH_ATTENTION
0.0,0.0,0.0,0.0,0.0,,,,,,0.003,0.003,0.003,0.003,0.0,0.11800000000000001,0.12,0.11900000000000002,0.11900000000000001,0.0006324555320336721,4096,32,32,16,2,4096,1,864,1024,True,AttentionBackend.FLASH_ATTENTION
0.0,0.0,0.0,0.0,0.0,,,,,,0.003,0.003,0.003,0.003,0.0,0.079,0.08,0.0792,0.079,0.00040000000000000034,4096,32,32,16,2,4096,1,896,0,True,AttentionBackend.FLASH_ATTENTION
0.0,0.0,0.0,0.0,0.0,,,,,,0.003,0.003,0.003,0.003,0.0,0.093,0.094,0.09319999999999999,0.093,0.00040000000000000034,4096,32,32,16,2,4096,1,896,512,True,AttentionBackend.FLASH_ATTENTION
0.0,0.0,0.0,0.0,0.0,,,,,,0.003,0.003,0.003,0.003,0.0,0.11900000000000001,0.12,0.1196,0.12,0.0004898979485566293,4096,32,32,16,2,4096,1,896,1024,True,AttentionBackend.FLASH_ATTENTION
0.0,0.0,0.0,0.0,0.0,,,,,,0.003,0.003,0.003,0.003,0.0,0.11,0.113,0.11140000000000001,0.111,0.001019803902718558,4096,32,32,16,2,4096,1,896,1024,True,AttentionBackend.FLASH_ATTENTION
0.0,0.0,0.0,0.0,0.0,,,,,,0.003,0.003,0.003,0.003,0.0,0.079,0.08,0.0792,0.079,0.00040000000000000034,4096,32,32,16,2,4096,1,928,0,True,AttentionBackend.FLASH_ATTENTION
0.0,0.0,0.0,0.0,0.0,,,,,,0.003,0.003,0.003,0.003,0.0,0.1,0.10200000000000001,0.1008,0.1,0.000979795897113272,4096,32,32,16,2,4096,1,928,512,True,AttentionBackend.FLASH_ATTENTION
0.0,0.0,0.0,0.0,0.0,,,,,,0.003,0.003,0.003,0.003,0.0,0.116,0.11800000000000001,0.11640000000000002,0.116,0.0008000000000000007,4096,32,32,16,2,4096,1,928,1024,True,AttentionBackend.FLASH_ATTENTION
0.0,0.0,0.0,0.0,0.0,,,,,,0.003,0.003,0.003,0.003,0.0,0.112,0.113,0.1126,0.113,0.000489897948556636,4096,32,32,16,2,4096,1,928,1024,True,AttentionBackend.FLASH_ATTENTION
0.0,0.0,0.0,0.0,0.0,,,,,,0.003,0.003,0.003,0.003,0.0,0.079,0.08,0.07980000000000001,0.08,0.00040000000000000034,4096,32,32,16,2,4096,1,960,0,True,AttentionBackend.FLASH_ATTENTION
0.0,0.0,0.0,0.0,0.0,,,,,,0.003,0.003,0.003,0.003,0.0,0.11,0.113,0.11120000000000001,0.111,0.000979795897113272,4096,32,32,16,2,4096,1,960,512,True,AttentionBackend.FLASH_ATTENTION
0.0,0.0,0.0,0.0,0.0,,,,,,0.003,0.003,0.003,0.003,0.0,0.114,0.115,0.11420000000000001,0.114,0.00040000000000000034,4096,32,32,16,2,4096,1,960,1024,True,AttentionBackend.FLASH_ATTENTION
0.0,0.0,0.0,0.0,0.0,,,,,,0.003,0.003,0.003,0.003,0.0,0.12,0.121,0.1206,0.121,0.000489897948556636,4096,32,32,16,2,4096,1,960,1024,True,AttentionBackend.FLASH_ATTENTION
0.0,0.0,0.0,0.0,0.0,,,,,,0.003,0.003,0.003,0.003,0.0,0.084,0.085,0.08460000000000001,0.085,0.000489897948556636,4096,32,32,16,2,4096,1,992,0,True,AttentionBackend.FLASH_ATTENTION
0.0,0.0,0.0,0.0,0.0,,,,,,0.003,0.003,0.003,0.003,0.0,0.10300000000000001,0.10400000000000001,0.1034,0.10300000000000001,0.000489897948556636,4096,32,32,16,2,4096,1,992,512,True,AttentionBackend.FLASH_ATTENTION
0.0,0.0,0.0,0.0,0.0,,,,,,0.003,0.003,0.003,0.003,0.0,0.122,0.124,0.123,0.123,0.0008944271909999167,4096,32,32,16,2,4096,1,992,1024,True,AttentionBackend.FLASH_ATTENTION
0.0,0.0,0.0,0.0,0.0,,,,,,0.003,0.003,0.003,0.003,0.0,0.127,0.129,0.1278,0.128,0.0007483314773547889,4096,32,32,16,2,4096,1,992,1024,True,AttentionBackend.FLASH_ATTENTION
0.0,0.0,0.0,0.0,0.0,,,,,,0.003,0.003,0.003,0.003,0.0,0.08600000000000001,0.08700000000000001,0.08660000000000001,0.08700000000000001,0.000489897948556636,4096,32,32,16,2,4096,1,1024,0,True,AttentionBackend.FLASH_ATTENTION
0.0,0.0,0.0,0.0,0.0,,,,,,0.003,0.003,0.003,0.003,0.0,0.106,0.108,0.1072,0.107,0.0007483314773547889,4096,32,32,16,2,4096,1,1024,512,True,AttentionBackend.FLASH_ATTENTION
0.0,0.0,0.0,0.0,0.0,,,,,,0.003,0.004,0.0034000000000000002,0.003,0.0004898979485566356,0.121,0.122,0.12179999999999999,0.122,0.00040000000000000034,4096,32,32,16,2,4096,1,1024,1024,True,AttentionBackend.FLASH_ATTENTION
0.0,0.0,0.0,0.0,0.0,,,,,,0.003,0.003,0.003,0.003,0.0,0.124,0.125,0.1242,0.124,0.00040000000000000034,4096,32,32,16,2,4096,1,1024,1024,True,AttentionBackend.FLASH_ATTENTION
0.0,0.0,0.0,0.0,0.0,,,,,,0.003,0.003,0.003,0.003,0.0,0.08700000000000001,0.088,0.0874,0.08700000000000001,0.0004898979485566293,4096,32,32,16,2,4096,1,1024,0,True,AttentionBackend.FLASH_ATTENTION
0.0,0.0,0.0,0.0,0.0,,,,,,0.003,0.003,0.003,0.003,0.0,0.10300000000000001,0.105,0.10400000000000001,0.10400000000000001,0.0006324555320336721,4096,32,32,16,2,4096,1,1024,512,True,AttentionBackend.FLASH_ATTENTION
0.0,0.0,0.0,0.0,0.0,,,,,,0.003,0.003,0.003,0.003,0.0,0.125,0.126,0.1258,0.126,0.00040000000000000034,4096,32,32,16,2,4096,1,1024,1024,True,AttentionBackend.FLASH_ATTENTION
0.0,0.0,0.0,0.0,0.0,,,,,,0.003,0.004,0.0032,0.003,0.0004,0.126,0.129,0.1276,0.127,0.001200000000000001,4096,32,32,16,2,4096,1,1024,1024,True,AttentionBackend.FLASH_ATTENTION
0.0,0.0,0.0,0.0,0.0,,,,,,0.003,0.004,0.0036,0.004,0.0004898979485566356,0.107,0.11900000000000001,0.11140000000000001,0.109,0.004498888751680801,4096,32,32,16,2,4096,1,1088,0,True,AttentionBackend.FLASH_ATTENTION
0.0,0.0,0.0,0.0,0.0,,,,,,0.003,0.004,0.0032,0.003,0.0004,0.128,0.139,0.13440000000000002,0.134,0.004223742416388579,4096,32,32,16,2,4096,1,1088,512,True,AttentionBackend.FLASH_ATTENTION
0.0,0.0,0.0,0.0,0.0,,,,,,0.003,0.004,0.0036000000000000003,0.004,0.0004898979485566356,0.151,0.156,0.1542,0.154,0.0018330302779823377,4096,32,32,16,2,4096,1,1088,1024,True,AttentionBackend.FLASH_ATTENTION
0.0,0.0,0.0,0.0,0.0,,,,,,0.003,0.003,0.003,0.003,0.0,0.147,0.167,0.15660000000000002,0.157,0.006468384651518498,4096,32,32,16,2,4096,1,1088,1024,True,AttentionBackend.FLASH_ATTENTION
0.0,0.0,0.0,0.0,0.0,,,,,,0.003,0.004,0.0034000000000000002,0.003,0.0004898979485566356,0.109,0.123,0.11539999999999999,0.116,0.005003998401278721,4096,32,32,16,2,4096,1,1152,0,True,AttentionBackend.FLASH_ATTENTION
0.0,0.0,0.0,0.0,0.0,,,,,,0.003,0.004,0.0038,0.004,0.0004,0.133,0.151,0.14100000000000001,0.139,0.006324555320336753,4096,32,32,16,2,4096,1,1152,512,True,AttentionBackend.FLASH_ATTENTION
0.0,0.0,0.0,0.0,0.0,,,,,,0.004,0.004,0.004,0.004,0.0,0.16,0.17400000000000002,0.1658,0.164,0.004664761515876245,4096,32,32,16,2,4096,1,1152,1024,True,AttentionBackend.FLASH_ATTENTION
0.0,0.0,0.0,0.0,0.0,,,,,,0.003,0.004,0.0038,0.004,0.0004,0.17,0.171,0.1708,0.171,0.00040000000000000034,4096,32,32,16,2,4096,1,1152,1024,True,AttentionBackend.FLASH_ATTENTION
0.0,0.0,0.0,0.0,0.0,,,,,,0.003,0.004,0.0036,0.004,0.0004898979485566356,0.126,0.14100000000000001,0.1326,0.131,0.005083306010855538,4096,32,32,16,2,4096,1,1216,0,True,AttentionBackend.FLASH_ATTENTION
0.0,0.0,0.0,0.0,0.0,,,,,,0.004,0.004,0.004,0.004,0.0,0.153,0.17300000000000001,0.1582,0.155,0.007467261881037794,4096,32,32,16,2,4096,1,1216,512,True,AttentionBackend.FLASH_ATTENTION
0.0,0.0,0.0,0.0,0.0,,,,,,0.003,0.004,0.0038,0.004,0.0004,0.182,0.2,0.18859999999999996,0.186,0.006437390775772438,4096,32,32,16,2,4096,1,1216,1024,True,AttentionBackend.FLASH_ATTENTION
0.0,0.0,0.0,0.0,0.0,,,,,,0.004,0.004,0.004,0.004,0.0,0.17400000000000002,0.20500000000000002,0.19039999999999999,0.193,0.010594338110519224,4096,32,32,16,2,4096,1,1216,1024,True,AttentionBackend.FLASH_ATTENTION
0.0,0.0,0.0,0.0,0.0,,,,,,0.004,0.004,0.004,0.004,0.0,0.132,0.14300000000000002,0.1386,0.14100000000000001,0.004317406628984584,4096,32,32,16,2,4096,1,1280,0,True,AttentionBackend.FLASH_ATTENTION
0.0,0.0,0.0,0.0,0.0,,,,,,0.003,0.004,0.0038,0.004,0.0004,0.158,0.17,0.16440000000000002,0.165,0.004758150901348132,4096,32,32,16,2,4096,1,1280,512,True,AttentionBackend.FLASH_ATTENTION
0.0,0.0,0.0,0.0,0.0,,,,,,0.004,0.004,0.004,0.004,0.0,0.183,0.20400000000000001,0.18899999999999997,0.185,0.007668115805072333,4096,32,32,16,2,4096,1,1280,1024,True,AttentionBackend.FLASH_ATTENTION
0.0,0.0,0.0,0.0,0.0,,,,,,0.004,0.004,0.004,0.004,0.0,0.181,0.188,0.18459999999999996,0.185,0.003136877428271627,4096,32,32,16,2,4096,1,1280,1024,True,AttentionBackend.FLASH_ATTENTION
0.0,0.0,0.0,0.0,0.0,,,,,,0.004,0.004,0.004,0.004,0.0,0.151,0.158,0.15360000000000001,0.153,0.0024166091947189165,4096,32,32,16,2,4096,1,1344,0,True,AttentionBackend.FLASH_ATTENTION
0.0,0.0,0.0,0.0,0.0,,,,,,0.004,0.004,0.004,0.004,0.0,0.176,0.188,0.1814,0.179,0.0044090815370097245,4096,32,32,16,2,4096,1,1344,512,True,AttentionBackend.FLASH_ATTENTION
0.0,0.0,0.0,0.0,0.0,,,,,,0.004,0.004,0.004,0.004,0.0,0.198,0.221,0.2118,0.214,0.007756287771866124,4096,32,32,16,2,4096,1,1344,1024,True,AttentionBackend.FLASH_ATTENTION
0.0,0.0,0.0,0.0,0.0,,,,,,0.004,0.004,0.004,0.004,0.0,0.199,0.214,0.2072,0.20700000000000002,0.0054184868736576195,4096,32,32,16,2,4096,1,1344,1024,True,AttentionBackend.FLASH_ATTENTION
0.0,0.0,0.0,0.0,0.0,,,,,,0.004,0.004,0.004,0.004,0.0,0.165,0.177,0.17099999999999999,0.171,0.005366563145999488,4096,32,32,16,2,4096,1,1408,0,True,AttentionBackend.FLASH_ATTENTION
0.0,0.0,0.0,0.0,0.0,,,,,,0.004,0.004,0.004,0.004,0.0,0.191,0.217,0.1988,0.194,0.009620810776644553,4096,32,32,16,2,4096,1,1408,512,True,AttentionBackend.FLASH_ATTENTION
0.0,0.0,0.0,0.0,0.0,,,,,,0.004,0.004,0.004,0.004,0.0,0.22,0.241,0.229,0.227,0.007924645102463579,4096,32,32,16,2,4096,1,1408,1024,True,AttentionBackend.FLASH_ATTENTION
0.0,0.0,0.0,0.0,0.0,,,,,,0.004,0.004,0.004,0.004,0.0,0.211,0.226,0.2172,0.213,0.006079473661428271,4096,32,32,16,2,4096,1,1408,1024,True,AttentionBackend.FLASH_ATTENTION
0.0,0.0,0.0,0.0,0.0,,,,,,0.004,0.004,0.004,0.004,0.0,0.177,0.191,0.1814,0.179,0.005083306010855538,4096,32,32,16,2,4096,1,1472,0,True,AttentionBackend.FLASH_ATTENTION
0.0,0.0,0.0,0.0,0.0,,,,,,0.004,0.004,0.004,0.004,0.0,0.198,0.20600000000000002,0.203,0.203,0.002756809750418047,4096,32,32,16,2,4096,1,1472,512,True,AttentionBackend.FLASH_ATTENTION
0.0,0.0,0.0,0.0,0.0,,,,,,0.004,0.004,0.004,0.004,0.0,0.222,0.232,0.227,0.227,0.0034058772731852833,4096,32,32,16,2,4096,1,1472,1024,True,AttentionBackend.FLASH_ATTENTION
0.0,0.0,0.0,0.0,0.0,,,,,,0.004,0.004,0.004,0.004,0.0,0.228,0.23800000000000002,0.2318,0.231,0.0033704599092705466,4096,32,32,16,2,4096,1,1472,1024,True,AttentionBackend.FLASH_ATTENTION
0.0,0.0,0.0,0.0,0.0,,,,,,0.004,0.004,0.004,0.004,0.0,0.187,0.20800000000000002,0.19459999999999997,0.192,0.008014985963805558,4096,32,32,16,2,4096,1,1536,0,True,AttentionBackend.FLASH_ATTENTION
0.0,0.0,0.0,0.0,0.0,,,,,,0.004,0.005,0.0044,0.004,0.0004898979485566356,0.212,0.221,0.217,0.217,0.003286335345031,4096,32,32,16,2,4096,1,1536,512,True,AttentionBackend.FLASH_ATTENTION
0.0,0.0,0.0,0.0,0.0,,,,,,0.004,0.004,0.004,0.004,0.0,0.23700000000000002,0.244,0.2408,0.242,0.003187475490101835,4096,32,32,16,2,4096,1,1536,1024,True,AttentionBackend.FLASH_ATTENTION
0.0,0.0,0.0,0.0,0.0,,,,,,0.004,0.005,0.0048000000000000004,0.005,0.00039999999999999996,0.23800000000000002,0.244,0.24139999999999998,0.242,0.0019595917942265345,4096,32,32,16,2,4096,1,1536,1024,True,AttentionBackend.FLASH_ATTENTION
0.0,0.0,0.0,0.0,0.0,,,,,,0.004,0.005,0.0048000000000000004,0.005,0.00039999999999999996,0.195,0.211,0.2036,0.20400000000000001,0.0052383203414835145,4096,32,32,16,2,4096,1,1600,0,True,AttentionBackend.FLASH_ATTENTION
0.0,0.0,0.0,0.0,0.0,,,,,,0.005,0.005,0.005,0.005,0.0,0.228,0.23500000000000001,0.23040000000000002,0.23,0.0025768197453450276,4096,32,32,16,2,4096,1,1600,512,True,AttentionBackend.FLASH_ATTENTION
0.0,0.0,0.0,0.0,0.0,,,,,,0.005,0.005,0.005,0.005,0.0,0.25,0.265,0.2598,0.261,0.00534415568635496,4096,32,32,16,2,4096,1,1600,1024,True,AttentionBackend.FLASH_ATTENTION
0.0,0.0,0.0,0.0,0.0,,,,,,0.005,0.005,0.005,0.005,0.0,0.247,0.261,0.25359999999999994,0.254,0.0046303347611160945,4096,32,32,16,2,4096,1,1600,1024,True,AttentionBackend.FLASH_ATTENTION
0.0,0.0,0.0,0.0,0.0,,,,,,0.004,0.005,0.0048000000000000004,0.005,0.0004,0.214,0.224,0.2182,0.218,0.003600000000000003,4096,32,32,16,2,4096,1,1664,0,True,AttentionBackend.FLASH_ATTENTION
0.0,0.0,0.0,0.0,0.0,,,,,,0.005,0.005,0.005,0.005,0.0,0.23500000000000001,0.261,0.24840000000000004,0.244,0.01032666451474047,4096,32,32,16,2,4096,1,1664,512,True,AttentionBackend.FLASH_ATTENTION
0.0,0.0,0.0,0.0,0.0,,,,,,0.005,0.005,0.005,0.005,0.0,0.269,0.275,0.27280000000000004,0.274,0.002400000000000002,4096,32,32,16,2,4096,1,1664,1024,True,AttentionBackend.FLASH_ATTENTION
0.0,0.0,0.0,0.0,0.0,,,,,,0.005,0.005,0.005,0.005,0.0,0.271,0.3,0.2784,0.274,0.010855413396089517,4096,32,32,16,2,4096,1,1664,1024,True,AttentionBackend.FLASH_ATTENTION
0.0,0.0,0.0,0.0,0.0,,,,,,0.005,0.005,0.005,0.005,0.0,0.227,0.23700000000000002,0.23020000000000002,0.229,0.0035440090293338733,4096,32,32,16,2,4096,1,1728,0,True,AttentionBackend.FLASH_ATTENTION
0.0,0.0,0.0,0.0,0.0,,,,,,0.005,0.005,0.005,0.005,0.0,0.254,0.267,0.25880000000000003,0.257,0.004400000000000004,4096,32,32,16,2,4096,1,1728,512,True,AttentionBackend.FLASH_ATTENTION
0.0,0.0,0.0,0.0,0.0,,,,,,0.005,0.005,0.005,0.005,0.0,0.28300000000000003,0.292,0.28759999999999997,0.289,0.0031999999999999776,4096,32,32,16,2,4096,1,1728,1024,True,AttentionBackend.FLASH_ATTENTION
0.0,0.0,0.0,0.0,0.0,,,,,,0.005,0.005,0.005,0.005,0.0,0.278,0.28700000000000003,0.28340000000000004,0.28500000000000003,0.0033823069050575557,4096,32,32,16,2,4096,1,1728,1024,True,AttentionBackend.FLASH_ATTENTION
0.0,0.0,0.0,0.0,0.0,,,,,,0.005,0.005,0.005,0.005,0.0,0.23700000000000002,0.25,0.24180000000000001,0.241,0.004874423042781569,4096,32,32,16,2,4096,1,1792,0,True,AttentionBackend.FLASH_ATTENTION
0.0,0.0,0.0,0.0,0.0,,,,,,0.005,0.005,0.005,0.005,0.0,0.268,0.28300000000000003,0.27240000000000003,0.269,0.005571355310873652,4096,32,32,16,2,4096,1,1792,512,True,AttentionBackend.FLASH_ATTENTION
0.0,0.0,0.0,0.0,0.0,,,,,,0.005,0.005,0.005,0.005,0.0,0.28800000000000003,0.304,0.29560000000000003,0.294,0.005713142742834271,4096,32,32,16,2,4096,1,1792,1024,True,AttentionBackend.FLASH_ATTENTION
0.0,0.0,0.0,0.0,0.0,,,,,,0.005,0.005,0.005,0.005,0.0,0.28800000000000003,0.295,0.2914,0.291,0.00272763633939716,4096,32,32,16,2,4096,1,1792,1024,True,AttentionBackend.FLASH_ATTENTION
0.0,0.0,0.0,0.0,0.0,,,,,,0.005,0.005,0.005,0.005,0.0,0.247,0.261,0.2552,0.256,0.004915282290977807,4096,32,32,16,2,4096,1,1856,0,True,AttentionBackend.FLASH_ATTENTION
0.0,0.0,0.0,0.0,0.0,,,,,,0.005,0.006,0.0056,0.006,0.0004898979485566356,0.278,0.28800000000000003,0.2852,0.28800000000000003,0.003919183588453089,4096,32,32,16,2,4096,1,1856,512,True,AttentionBackend.FLASH_ATTENTION
0.0,0.0,0.0,0.0,0.0,,,,,,0.005,0.006,0.0054,0.005,0.0004898979485566356,0.304,0.33,0.313,0.308,0.009208691546577078,4096,32,32,16,2,4096,1,1856,1024,True,AttentionBackend.FLASH_ATTENTION
0.0,0.0,0.0,0.0,0.0,,,,,,0.005,0.006,0.0058000000000000005,0.006,0.0004,0.301,0.312,0.30779999999999996,0.31,0.004166533331199936,4096,32,32,16,2,4096,1,1856,1024,True,AttentionBackend.FLASH_ATTENTION
0.0,0.0,0.0,0.0,0.0,,,,,,0.006,0.006,0.006,0.006,0.0,0.258,0.27,0.2644,0.264,0.0045869379764718905,4096,32,32,16,2,4096,1,1920,0,True,AttentionBackend.FLASH_ATTENTION
0.0,0.0,0.0,0.0,0.0,,,,,,0.006,0.006,0.006,0.006,0.0,0.28600000000000003,0.302,0.2942,0.294,0.005153639490690037,4096,32,32,16,2,4096,1,1920,512,True,AttentionBackend.FLASH_ATTENTION
0.0,0.0,0.0,0.0,0.0,,,,,,0.006,0.006,0.006,0.006,0.0,0.311,0.334,0.3222,0.322,0.007386474125047762,4096,32,32,16,2,4096,1,1920,1024,True,AttentionBackend.FLASH_ATTENTION
0.0,0.0,0.0,0.0,0.0,,,,,,0.006,0.006,0.006,0.006,0.0,0.315,0.337,0.3234,0.319,0.007838367176906176,4096,32,32,16,2,4096,1,1920,1024,True,AttentionBackend.FLASH_ATTENTION
0.0,0.0,0.0,0.0,0.0,,,,,,0.006,0.006,0.006,0.006,0.0,0.276,0.281,0.279,0.28,0.002097617696340305,4096,32,32,16,2,4096,1,1984,0,True,AttentionBackend.FLASH_ATTENTION
0.0,0.0,0.0,0.0,0.0,,,,,,0.006,0.006,0.006,0.006,0.0,0.309,0.317,0.31279999999999997,0.313,0.0029933259094191557,4096,32,32,16,2,4096,1,1984,512,True,AttentionBackend.FLASH_ATTENTION
0.0,0.0,0.0,0.0,0.0,,,,,,0.006,0.006,0.006,0.006,0.0,0.336,0.341,0.3382,0.339,0.0019390719429665333,4096,32,32,16,2,4096,1,1984,1024,True,AttentionBackend.FLASH_ATTENTION
0.0,0.0,0.0,0.0,0.0,,,,,,0.006,0.006,0.006,0.006,0.0,0.334,0.34900000000000003,0.3408,0.339,0.004995998398718724,4096,32,32,16,2,4096,1,1984,1024,True,AttentionBackend.FLASH_ATTENTION
0.0,0.0,0.0,0.0,0.0,,,,,,0.006,0.006,0.006,0.006,0.0,0.291,0.303,0.29639999999999994,0.297,0.004176122603564224,4096,32,32,16,2,4096,1,2048,0,True,AttentionBackend.FLASH_ATTENTION
0.0,0.0,0.0,0.0,0.0,,,,,,0.006,0.006,0.006,0.006,0.0,0.317,0.328,0.3224,0.323,0.003555277766926238,4096,32,32,16,2,4096,1,2048,512,True,AttentionBackend.FLASH_ATTENTION
0.0,0.0,0.0,0.0,0.0,,,,,,0.006,0.006,0.006,0.006,0.0,0.34900000000000003,0.359,0.35419999999999996,0.352,0.00406939798987515,4096,32,32,16,2,4096,1,2048,1024,True,AttentionBackend.FLASH_ATTENTION
0.0,0.0,0.0,0.0,0.0,,,,,,0.006,0.006,0.006,0.006,0.0,0.34900000000000003,0.362,0.3572,0.358,0.004621688003316521,4096,32,32,16,2,4096,1,2048,1024,True,AttentionBackend.FLASH_ATTENTION
0.0,0.0,0.0,0.0,0.0,,,,,,0.006,0.006,0.006,0.006,0.0,0.306,0.315,0.31,0.308,0.0037416573867739447,4096,32,32,16,2,4096,1,2112,0,True,AttentionBackend.FLASH_ATTENTION
0.0,0.0,0.0,0.0,0.0,,,,,,0.006,0.006,0.006,0.006,0.0,0.338,0.36,0.3484,0.34800000000000003,0.007002856560004626,4096,32,32,16,2,4096,1,2112,512,True,AttentionBackend.FLASH_ATTENTION
0.0,0.0,0.0,0.0,0.0,,,,,,0.006,0.006,0.006,0.006,0.0,0.371,0.387,0.3776,0.374,0.006590902821313639,4096,32,32,16,2,4096,1,2112,1024,True,AttentionBackend.FLASH_ATTENTION
0.0,0.0,0.0,0.0,0.0,,,,,,0.006,0.006,0.006,0.006,0.0,0.372,0.381,0.378,0.379,0.003162277660168382,4096,32,32,16,2,4096,1,2112,1024,True,AttentionBackend.FLASH_ATTENTION
0.0,0.0,0.0,0.0,0.0,,,,,,0.006,0.007,0.0062,0.006,0.0004,0.321,0.339,0.3278,0.326,0.006046486583132395,4096,32,32,16,2,4096,1,2176,0,True,AttentionBackend.FLASH_ATTENTION
0.0,0.0,0.0,0.0,0.0,,,,,,0.006,0.006,0.006,0.006,0.0,0.353,0.377,0.3614,0.359,0.008522910301065015,4096,32,32,16,2,4096,1,2176,512,True,AttentionBackend.FLASH_ATTENTION
0.0,0.0,0.0,0.0,0.0,,,,,,0.006,0.007,0.0062,0.006,0.0004,0.39,0.399,0.39320000000000005,0.392,0.0031874754901018484,4096,32,32,16,2,4096,1,2176,1024,True,AttentionBackend.FLASH_ATTENTION
0.0,0.0,0.0,0.0,0.0,,,,,,0.006,0.007,0.0064,0.006,0.0004898979485566356,0.381,0.392,0.38780000000000003,0.39,0.004166533331199936,4096,32,32,16,2,4096,1,2176,1024,True,AttentionBackend.FLASH_ATTENTION
0.0,0.0,0.0,0.0,0.0,,,,,,0.006,0.007,0.0064,0.006,0.0004898979485566356,0.332,0.34400000000000003,0.3376,0.338,0.0045869379764718905,4096,32,32,16,2,4096,1,2240,0,True,AttentionBackend.FLASH_ATTENTION
0.0,0.0,0.0,0.0,0.0,,,,,,0.006,0.007,0.0068000000000000005,0.007,0.00039999999999999996,0.365,0.381,0.3728,0.372,0.006337191807101949,4096,32,32,16,2,4096,1,2240,512,True,AttentionBackend.FLASH_ATTENTION
0.0,0.0,0.0,0.0,0.0,,,,,,0.007,0.007,0.007000000000000001,0.007,8.673617379884035e-19,0.396,0.41200000000000003,0.4066000000000001,0.40800000000000003,0.005919459434779502,4096,32,32,16,2,4096,1,2240,1024,True,AttentionBackend.FLASH_ATTENTION
0.0,0.0,0.0,0.0,0.0,,,,,,0.007,0.007,0.007000000000000001,0.007,8.673617379884035e-19,0.396,0.40700000000000003,0.3998,0.397,0.004166533331199936,4096,32,32,16,2,4096,1,2240,1024,True,AttentionBackend.FLASH_ATTENTION
0.0,0.0,0.0,0.0,0.0,,,,,,0.007,0.007,0.007000000000000001,0.007,8.673617379884035e-19,0.34500000000000003,0.369,0.3538,0.352,0.008182909018191502,4096,32,32,16,2,4096,1,2304,0,True,AttentionBackend.FLASH_ATTENTION
0.0,0.0,0.0,0.0,0.0,,,,,,0.007,0.007,0.007000000000000001,0.007,8.673617379884035e-19,0.391,0.401,0.39459999999999995,0.394,0.0034985711369071833,4096,32,32,16,2,4096,1,2304,512,True,AttentionBackend.FLASH_ATTENTION
0.0,0.0,0.0,0.0,0.0,,,,,,0.007,0.007,0.007000000000000001,0.007,8.673617379884035e-19,0.40800000000000003,0.428,0.421,0.425,0.007127411872482171,4096,32,32,16,2,4096,1,2304,1024,True,AttentionBackend.FLASH_ATTENTION
0.0,0.0,0.0,0.0,0.0,,,,,,0.007,0.007,0.007000000000000001,0.007,8.673617379884035e-19,0.40900000000000003,0.433,0.4218,0.424,0.008182909018191502,4096,32,32,16,2,4096,1,2304,1024,True,AttentionBackend.FLASH_ATTENTION
0.0,0.0,0.0,0.0,0.0,,,,,,0.007,0.007,0.007000000000000001,0.007,8.673617379884035e-19,0.36,0.368,0.364,0.364,0.003162277660168382,4096,32,32,16,2,4096,1,2368,0,True,AttentionBackend.FLASH_ATTENTION
0.0,0.0,0.0,0.0,0.0,,,,,,0.007,0.007,0.007000000000000001,0.007,8.673617379884035e-19,0.396,0.405,0.40040000000000003,0.4,0.003611094017053561,4096,32,32,16,2,4096,1,2368,512,True,AttentionBackend.FLASH_ATTENTION
0.0,0.0,0.0,0.0,0.0,,,,,,0.007,0.007,0.007000000000000001,0.007,8.673617379884035e-19,0.42,0.432,0.42679999999999996,0.427,0.004166533331199936,4096,32,32,16,2,4096,1,2368,1024,True,AttentionBackend.FLASH_ATTENTION
0.0,0.0,0.0,0.0,0.0,,,,,,0.007,0.007,0.007000000000000001,0.007,8.673617379884035e-19,0.422,0.438,0.43099999999999994,0.433,0.005761944116355179,4096,32,32,16,2,4096,1,2368,1024,True,AttentionBackend.FLASH_ATTENTION
0.0,0.0,0.0,0.0,0.0,,,,,,0.007,0.008,0.0072,0.007,0.00039999999999999996,0.378,0.404,0.3882,0.386,0.008541662601625057,4096,32,32,16,2,4096,1,2432,0,True,AttentionBackend.FLASH_ATTENTION
0.0,0.0,0.0,0.0,0.0,,,,,,0.007,0.007,0.007000000000000001,0.007,8.673617379884035e-19,0.406,0.424,0.4122,0.41100000000000003,0.006273754856543233,4096,32,32,16,2,4096,1,2432,512,True,AttentionBackend.FLASH_ATTENTION
0.0,0.0,0.0,0.0,0.0,,,,,,0.007,0.007,0.007000000000000001,0.007,8.673617379884035e-19,0.447,0.47300000000000003,0.45620000000000005,0.454,0.008840814442120145,4096,32,32,16,2,4096,1,2432,1024,True,AttentionBackend.FLASH_ATTENTION
0.0,0.0,0.0,0.0,0.0,,,,,,0.007,0.007,0.007000000000000001,0.007,8.673617379884035e-19,0.441,0.467,0.45120000000000005,0.448,0.010283968105745962,4096,32,32,16,2,4096,1,2432,1024,True,AttentionBackend.FLASH_ATTENTION
0.0,0.0,0.0,0.0,0.0,,,,,,0.007,0.007,0.007000000000000001,0.007,8.673617379884035e-19,0.39,0.396,0.3928000000000001,0.392,0.002039607805437116,4096,32,32,16,2,4096,1,2496,0,True,AttentionBackend.FLASH_ATTENTION
0.0,0.0,0.0,0.0,0.0,,,,,,0.007,0.007,0.007000000000000001,0.007,8.673617379884035e-19,0.41500000000000004,0.434,0.4226,0.421,0.006590902821313626,4096,32,32,16,2,4096,1,2496,512,True,AttentionBackend.FLASH_ATTENTION
0.0,0.0,0.0,0.0,0.0,,,,,,0.007,0.008,0.0072,0.007,0.0004,0.463,0.487,0.47000000000000003,0.464,0.009295160030897788,4096,32,32,16,2,4096,1,2496,1024,True,AttentionBackend.FLASH_ATTENTION
0.0,0.0,0.0,0.0,0.0,,,,,,0.007,0.008,0.007200000000000001,0.007,0.0004,0.459,0.495,0.47780000000000006,0.47600000000000003,0.011685888926393223,4096,32,32,16,2,4096,1,2496,1024,True,AttentionBackend.FLASH_ATTENTION
0.0,0.0,0.0,0.0,0.0,,,,,,0.007,0.008,0.0078,0.008,0.0004,0.40800000000000003,0.422,0.4144,0.41400000000000003,0.005122499389946259,4096,32,32,16,2,4096,1,2560,0,True,AttentionBackend.FLASH_ATTENTION
0.0,0.0,0.0,0.0,0.0,,,,,,0.007,0.008,0.0076,0.008,0.0004898979485566356,0.442,0.458,0.45,0.45,0.005656854249492385,4096,32,32,16,2,4096,1,2560,512,True,AttentionBackend.FLASH_ATTENTION
0.0,0.0,0.0,0.0,0.0,,,,,,0.008,0.008,0.008,0.008,0.0,0.47200000000000003,0.492,0.4822,0.48,0.007054076835419344,4096,32,32,16,2,4096,1,2560,1024,True,AttentionBackend.FLASH_ATTENTION
0.0,0.0,0.0,0.0,0.0,,,,,,0.008,0.008,0.008,0.008,0.0,0.47800000000000004,0.495,0.48719999999999997,0.487,0.005741080037762917,4096,32,32,16,2,4096,1,2560,1024,True,AttentionBackend.FLASH_ATTENTION
0.0,0.0,0.0,0.0,0.0,,,,,,0.008,0.008,0.008,0.008,0.0,0.41400000000000003,0.445,0.4276000000000001,0.424,0.010594338110519219,4096,32,32,16,2,4096,1,2624,0,True,AttentionBackend.FLASH_ATTENTION
0.0,0.0,0.0,0.0,0.0,,,,,,0.008,0.008,0.008,0.008,0.0,0.456,0.485,0.47140000000000004,0.47000000000000003,0.011217842929904112,4096,32,32,16,2,4096,1,2624,512,True,AttentionBackend.FLASH_ATTENTION
0.0,0.0,0.0,0.0,0.0,,,,,,0.008,0.008,0.008,0.008,0.0,0.498,0.521,0.5078,0.508,0.007547184905645289,4096,32,32,16,2,4096,1,2624,1024,True,AttentionBackend.FLASH_ATTENTION
0.0,0.0,0.0,0.0,0.0,,,,,,0.008,0.008,0.008,0.008,0.0,0.502,0.504,0.5028,0.503,0.0007483314773547889,4096,32,32,16,2,4096,1,2624,1024,True,AttentionBackend.FLASH_ATTENTION
0.0,0.0,0.0,0.0,0.0,,,,,,0.008,0.008,0.008,0.008,0.0,0.441,0.454,0.4468,0.445,0.004915282290977808,4096,32,32,16,2,4096,1,2688,0,True,AttentionBackend.FLASH_ATTENTION
0.0,0.0,0.0,0.0,0.0,,,,,,0.008,0.008,0.008,0.008,0.0,0.49,0.5,0.4944,0.493,0.0033823069050575557,4096,32,32,16,2,4096,1,2688,512,True,AttentionBackend.FLASH_ATTENTION
0.0,0.0,0.0,0.0,0.0,,,,,,0.008,0.008,0.008,0.008,0.0,0.508,0.535,0.5248,0.528,0.009620810776644565,4096,32,32,16,2,4096,1,2688,1024,True,AttentionBackend.FLASH_ATTENTION
0.0,0.0,0.0,0.0,0.0,,,,,,0.008,0.008,0.008,0.008,0.0,0.513,0.532,0.5194,0.518,0.0068000000000000066,4096,32,32,16,2,4096,1,2688,1024,True,AttentionBackend.FLASH_ATTENTION
0.0,0.0,0.0,0.0,0.0,,,,,,0.008,0.008,0.008,0.008,0.0,0.445,0.467,0.4600000000000001,0.464,0.008342661445845691,4096,32,32,16,2,4096,1,2752,0,True,AttentionBackend.FLASH_ATTENTION
0.0,0.0,0.0,0.0,0.0,,,,,,0.008,0.008,0.008,0.008,0.0,0.496,0.511,0.5048,0.504,0.005418486873657632,4096,32,32,16,2,4096,1,2752,512,True,AttentionBackend.FLASH_ATTENTION
0.0,0.0,0.0,0.0,0.0,,,,,,0.008,0.008,0.008,0.008,0.0,0.539,0.55,0.5444000000000001,0.544,0.004127953488110062,4096,32,32,16,2,4096,1,2752,1024,True,AttentionBackend.FLASH_ATTENTION
0.0,0.0,0.0,0.0,0.0,,,,,,0.008,0.008,0.008,0.008,0.0,0.526,0.556,0.5392,0.538,0.01085172797300044,4096,32,32,16,2,4096,1,2752,1024,True,AttentionBackend.FLASH_ATTENTION
0.0,0.0,0.0,0.0,0.0,,,,,,0.008,0.008,0.008,0.008,0.0,0.47400000000000003,0.491,0.4826,0.484,0.00662117814289872,4096,32,32,16,2,4096,1,2816,0,True,AttentionBackend.FLASH_ATTENTION
0.0,0.0,0.0,0.0,0.0,,,,,,0.008,0.009000000000000001,0.008400000000000001,0.008,0.000489897948556636,0.514,0.526,0.5186,0.516,0.004363484845854289,4096,32,32,16,2,4096,1,2816,512,True,AttentionBackend.FLASH_ATTENTION
0.0,0.0,0.0,0.0,0.0,,,,,,0.008,0.008,0.008,0.008,0.0,0.556,0.5690000000000001,0.5604,0.56,0.0045869379764718905,4096,32,32,16,2,4096,1,2816,1024,True,AttentionBackend.FLASH_ATTENTION
0.0,0.0,0.0,0.0,0.0,,,,,,0.008,0.009000000000000001,0.0082,0.008,0.0004000000000000004,0.558,0.582,0.5650000000000001,0.56,0.00912140340079307,4096,32,32,16,2,4096,1,2816,1024,True,AttentionBackend.FLASH_ATTENTION
0.0,0.0,0.0,0.0,0.0,,,,,,0.008,0.009000000000000001,0.0088,0.009000000000000001,0.00040000000000000034,0.492,0.508,0.5008,0.502,0.005153639490690055,4096,32,32,16,2,4096,1,2880,0,True,AttentionBackend.FLASH_ATTENTION
0.0,0.0,0.0,0.0,0.0,,,,,,0.008,0.009000000000000001,0.0086,0.009000000000000001,0.000489897948556636,0.541,0.5730000000000001,0.5506,0.546,0.01142978564978365,4096,32,32,16,2,4096,1,2880,512,True,AttentionBackend.FLASH_ATTENTION
0.0,0.0,0.0,0.0,0.0,,,,,,0.008,0.009000000000000001,0.0082,0.008,0.0004000000000000004,0.5720000000000001,0.598,0.585,0.586,0.009507891459203749,4096,32,32,16,2,4096,1,2880,1024,True,AttentionBackend.FLASH_ATTENTION
0.0,0.0,0.0,0.0,0.0,,,,,,0.008,0.009000000000000001,0.0086,0.009000000000000001,0.000489897948556636,0.5750000000000001,0.599,0.5863999999999999,0.587,0.009329523031752461,4096,32,32,16,2,4096,1,2880,1024,True,AttentionBackend.FLASH_ATTENTION
0.0,0.0,0.0,0.0,0.0,,,,,,0.009000000000000001,0.009000000000000001,0.009000000000000001,0.009000000000000001,0.0,0.511,0.526,0.5216000000000001,0.525,0.005748043145279971,4096,32,32,16,2,4096,1,2944,0,True,AttentionBackend.FLASH_ATTENTION
0.0,0.0,0.0,0.0,0.0,,,,,,0.008,0.009000000000000001,0.0088,0.009000000000000001,0.0004000000000000004,0.552,0.5700000000000001,0.5612000000000001,0.56,0.006881860213634107,4096,32,32,16,2,4096,1,2944,512,True,AttentionBackend.FLASH_ATTENTION
0.0,0.0,0.0,0.0,0.0,,,,,,0.009000000000000001,0.009000000000000001,0.009000000000000001,0.009000000000000001,0.0,0.597,0.624,0.6125999999999999,0.611,0.009769339793455858,4096,32,32,16,2,4096,1,2944,1024,True,AttentionBackend.FLASH_ATTENTION
0.0,0.0,0.0,0.0,0.0,,,,,,0.008,0.009000000000000001,0.0086,0.009000000000000001,0.000489897948556636,0.606,0.62,0.6123999999999999,0.613,0.004758150901348132,4096,32,32,16,2,4096,1,2944,1024,True,AttentionBackend.FLASH_ATTENTION
0.0,0.0,0.0,0.0,0.0,,,,,,0.009000000000000001,0.009000000000000001,0.009000000000000001,0.009000000000000001,0.0,0.53,0.543,0.538,0.538,0.004604345773288539,4096,32,32,16,2,4096,1,3008,0,True,AttentionBackend.FLASH_ATTENTION
0.0,0.0,0.0,0.0,0.0,,,,,,0.009000000000000001,0.009000000000000001,0.009000000000000001,0.009000000000000001,0.0,0.5660000000000001,0.583,0.5732000000000002,0.5700000000000001,0.006968500556073691,4096,32,32,16,2,4096,1,3008,512,True,AttentionBackend.FLASH_ATTENTION
0.0,0.0,0.0,0.0,0.0,,,,,,0.009000000000000001,0.009000000000000001,0.009000000000000001,0.009000000000000001,0.0,0.609,0.625,0.6166,0.616,0.005083306010855539,4096,32,32,16,2,4096,1,3008,1024,True,AttentionBackend.FLASH_ATTENTION
0.0,0.0,0.0,0.0,0.0,,,,,,0.009000000000000001,0.009000000000000001,0.009000000000000001,0.009000000000000001,0.0,0.608,0.633,0.6224000000000001,0.624,0.00904654630231892,4096,32,32,16,2,4096,1,3008,1024,True,AttentionBackend.FLASH_ATTENTION
0.0,0.0,0.0,0.0,0.0,,,,,,0.009000000000000001,0.009000000000000001,0.009000000000000001,0.009000000000000001,0.0,0.546,0.5690000000000001,0.5570000000000002,0.555,0.007874007874011818,4096,32,32,16,2,4096,1,3072,0,True,AttentionBackend.FLASH_ATTENTION
0.0,0.0,0.0,0.0,0.0,,,,,,0.009000000000000001,0.009000000000000001,0.009000000000000001,0.009000000000000001,0.0,0.589,0.603,0.5957999999999999,0.593,0.005635601121442153,4096,32,32,16,2,4096,1,3072,512,True,AttentionBackend.FLASH_ATTENTION
0.0,0.0,0.0,0.0,0.0,,,,,,0.009000000000000001,0.009000000000000001,0.009000000000000001,0.009000000000000001,0.0,0.636,0.653,0.645,0.647,0.006841052550594834,4096,32,32,16,2,4096,1,3072,1024,True,AttentionBackend.FLASH_ATTENTION
0.0,0.0,0.0,0.0,0.0,,,,,,0.009000000000000001,0.009000000000000001,0.009000000000000001,0.009000000000000001,0.0,0.629,0.656,0.6412,0.638,0.009907572861200677,4096,32,32,16,2,4096,1,3072,1024,True,AttentionBackend.FLASH_ATTENTION
0.0,0.0,0.0,0.0,0.0,,,,,,0.009000000000000001,0.01,0.009200000000000002,0.009000000000000001,0.0003999999999999997,0.559,0.592,0.5784,0.58,0.010744300814850604,4096,32,32,16,2,4096,1,3136,0,True,AttentionBackend.FLASH_ATTENTION
0.0,0.0,0.0,0.0,0.0,,,,,,0.009000000000000001,0.01,0.009400000000000002,0.009000000000000001,0.0004898979485566352,0.613,0.628,0.62,0.617,0.0058991524815010556,4096,32,32,16,2,4096,1,3136,512,True,AttentionBackend.FLASH_ATTENTION
0.0,0.0,0.0,0.0,0.0,,,,,,0.009000000000000001,0.01,0.009800000000000001,0.01,0.00039999999999999964,0.602,0.609,0.6043999999999999,0.603,0.0027276363393971734,4096,32,32,16,2,4096,1,3200,0,True,AttentionBackend.FLASH_ATTENTION
0.0,0.0,0.0,0.0,0.0,,,,,,0.009000000000000001,0.01,0.0098,0.01,0.0003999999999999997,0.621,0.633,0.6268,0.626,0.0040199502484483595,4096,32,32,16,2,4096,1,3200,512,True,AttentionBackend.FLASH_ATTENTION
0.0,0.0,0.0,0.0,0.0,,,,,,0.01,0.01,0.01,0.01,0.0,0.604,0.614,0.6081999999999999,0.606,0.003709447398198285,4096,32,32,16,2,4096,1,3264,0,True,AttentionBackend.FLASH_ATTENTION
0.0,0.0,0.0,0.0,0.0,,,,,,0.01,0.01,0.01,0.01,0.0,0.64,0.681,0.663,0.664,0.013505554412907317,4096,32,32,16,2,4096,1,3264,512,True,AttentionBackend.FLASH_ATTENTION
0.0,0.0,0.0,0.0,0.0,,,,,,0.01,0.01,0.01,0.01,0.0,0.62,0.634,0.6268,0.626,0.005455272678794347,4096,32,32,16,2,4096,1,3328,0,True,AttentionBackend.FLASH_ATTENTION
0.0,0.0,0.0,0.0,0.0,,,,,,0.01,0.01,0.01,0.01,0.0,0.674,0.6900000000000001,0.6812000000000001,0.681,0.006554387843269582,4096,32,32,16,2,4096,1,3328,512,True,AttentionBackend.FLASH_ATTENTION
0.0,0.0,0.0,0.0,0.0,,,,,,0.01,0.01,0.01,0.01,0.0,0.643,0.661,0.6538,0.658,0.0067349832961931,4096,32,32,16,2,4096,1,3392,0,True,AttentionBackend.FLASH_ATTENTION
0.0,0.0,0.0,0.0,0.0,,,,,,0.01,0.01,0.01,0.01,0.0,0.6950000000000001,0.732,0.708,0.705,0.013099618315050224,4096,32,32,16,2,4096,1,3392,512,True,AttentionBackend.FLASH_ATTENTION
0.0,0.0,0.0,0.0,0.0,,,,,,0.01,0.011,0.0102,0.01,0.0003999999999999997,0.669,0.686,0.6738000000000001,0.672,0.006305553108173784,4096,32,32,16,2,4096,1,3456,0,True,AttentionBackend.FLASH_ATTENTION
0.0,0.0,0.0,0.0,0.0,,,,,,0.01,0.01,0.01,0.01,0.0,0.708,0.729,0.7172,0.717,0.007440430095095316,4096,32,32,16,2,4096,1,3456,512,True,AttentionBackend.FLASH_ATTENTION
0.0,0.0,0.0,0.0,0.0,,,,,,0.01,0.011,0.0108,0.011,0.00039999999999999964,0.6930000000000001,0.718,0.7010000000000001,0.6960000000000001,0.009143303560529935,4096,32,32,16,2,4096,1,3520,0,True,AttentionBackend.FLASH_ATTENTION
0.0,0.0,0.0,0.0,0.0,,,,,,0.011,0.011,0.011,0.011,0.0,0.736,0.763,0.7487999999999999,0.748,0.010457533169921106,4096,32,32,16,2,4096,1,3520,512,True,AttentionBackend.FLASH_ATTENTION
0.0,0.0,0.0,0.0,0.0,,,,,,0.011,0.011,0.011,0.011,0.0,0.7000000000000001,0.755,0.7203999999999999,0.715,0.018607525359380803,4096,32,32,16,2,4096,1,3584,0,True,AttentionBackend.FLASH_ATTENTION
0.0,0.0,0.0,0.0,0.0,,,,,,0.011,0.011,0.011,0.011,0.0,0.754,0.768,0.7602,0.76,0.004489988864128733,4096,32,32,16,2,4096,1,3584,512,True,AttentionBackend.FLASH_ATTENTION
0.0,0.0,0.0,0.0,0.0,,,,,,0.011,0.012,0.011399999999999999,0.011,0.000489897948556636,0.728,0.747,0.7372,0.739,0.0064000000000000055,4096,32,32,16,2,4096,1,3648,0,True,AttentionBackend.FLASH_ATTENTION
0.0,0.0,0.0,0.0,0.0,,,,,,0.011,0.011,0.011,0.011,0.0,0.747,0.764,0.7574000000000001,0.758,0.005748043145279971,4096,32,32,16,2,4096,1,3712,0,True,AttentionBackend.FLASH_ATTENTION
0.0,0.0,0.0,0.0,0.0,,,,,,0.011,0.012,0.011199999999999998,0.011,0.00040000000000000034,0.775,0.789,0.7818,0.783,0.005153639490690055,4096,32,32,16,2,4096,1,3776,0,True,AttentionBackend.FLASH_ATTENTION
0.0,0.0,0.0,0.0,0.0,,,,,,0.012,0.012,0.012,0.012,0.0,0.803,0.8250000000000001,0.8116000000000001,0.809,0.007310266752998833,4096,32,32,16,2,4096,1,3840,0,True,AttentionBackend.FLASH_ATTENTION
0.0,0.0,0.0,0.0,0.0,,,,,,0.012,0.012,0.012,0.012,0.0,0.811,0.834,0.8216000000000001,0.8210000000000001,0.008546344247688574,4096,32,32,16,2,4096,1,3904,0,True,AttentionBackend.FLASH_ATTENTION
0.0,0.0,0.0,0.0,0.0,,,,,,0.012,0.012,0.012,0.012,0.0,0.844,0.871,0.8535999999999999,0.849,0.009520504188329532,4096,32,32,16,2,4096,1,3968,0,True,AttentionBackend.FLASH_ATTENTION
0.0,0.0,0.0,0.0,0.0,,,,,,0.012,0.013000000000000001,0.0126,0.013000000000000001,0.000489897948556636,0.861,0.897,0.8775999999999999,0.874,0.011959933110180853,4096,32,32,16,2,4096,1,4032,0,True,AttentionBackend.FLASH_ATTENTION
0.0,0.0,0.0,0.0,0.0,,,,,,0.012,0.013000000000000001,0.0126,0.013000000000000001,0.000489897948556636,0.872,0.898,0.8878,0.89,0.009217374897442338,4096,32,32,16,2,4096,1,4096,0,True,AttentionBackend.FLASH_ATTENTION
0.0,0.0,0.0,0.0,0.0,,,,,,0.013000000000000001,0.013000000000000001,0.013000000000000001,0.013000000000000001,0.0,0.891,0.919,0.9084,0.91,0.009372299611087993,4096,32,32,16,2,4096,1,4096,0,True,AttentionBackend.FLASH_ATTENTION
0.0,0.0,0.0,0.0,0.0,0.006,0.006,0.006,0.006,0.0,0.001,0.001,0.001,0.001,0.0,,,,,,4096,32,32,16,4,4096,1,0,32,False,AttentionBackend.FLASH_ATTENTION
0.0,0.0,0.0,0.0,0.0,0.006,0.007,0.0066,0.007,0.0004898979485566356,0.001,0.001,0.001,0.001,0.0,,,,,,4096,32,32,16,4,4096,2,0,32,False,AttentionBackend.FLASH_ATTENTION
0.0,0.0,0.0,0.0,0.0,0.006,0.007,0.0064,0.006,0.0004898979485566356,0.001,0.001,0.001,0.001,0.0,,,,,,4096,32,32,16,4,4096,3,0,32,False,AttentionBackend.FLASH_ATTENTION
0.0,0.0,0.0,0.0,0.0,0.007,0.007,0.007000000000000001,0.007,8.673617379884035e-19,0.001,0.001,0.001,0.001,0.0,,,,,,4096,32,32,16,4,4096,4,0,32,False,AttentionBackend.FLASH_ATTENTION
0.0,0.0,0.0,0.0,0.0,0.007,0.007,0.007000000000000001,0.007,8.673617379884035e-19,0.001,0.001,0.001,0.001,0.0,,,,,,4096,32,32,16,4,4096,5,0,32,False,AttentionBackend.FLASH_ATTENTION
0.0,0.0,0.0,0.0,0.0,0.007,0.007,0.007000000000000001,0.007,8.673617379884035e-19,0.001,0.001,0.001,0.001,0.0,,,,,,4096,32,32,16,4,4096,6,0,32,False,AttentionBackend.FLASH_ATTENTION
0.0,0.0,0.0,0.0,0.0,0.007,0.007,0.007000000000000001,0.007,8.673617379884035e-19,0.001,0.001,0.001,0.001,0.0,,,,,,4096,32,32,16,4,4096,7,0,32,False,AttentionBackend.FLASH_ATTENTION
0.0,0.0,0.0,0.0,0.0,0.007,0.007,0.007000000000000001,0.007,8.673617379884035e-19,0.001,0.001,0.001,0.001,0.0,,,,,,4096,32,32,16,4,4096,8,0,32,False,AttentionBackend.FLASH_ATTENTION
0.0,0.0,0.0,0.0,0.0,0.006,0.007,0.0062,0.006,0.00039999999999999996,0.001,0.001,0.001,0.001,0.0,,,,,,4096,32,32,16,4,4096,1,0,64,False,AttentionBackend.FLASH_ATTENTION
0.0,0.0,0.0,0.0,0.0,0.006,0.007,0.0068000000000000005,0.007,0.0004,0.001,0.001,0.001,0.001,0.0,,,,,,4096,32,32,16,4,4096,2,0,64,False,AttentionBackend.FLASH_ATTENTION
0.0,0.0,0.0,0.0,0.0,0.006,0.007,0.0068000000000000005,0.007,0.0004,0.001,0.001,0.001,0.001,0.0,,,,,,4096,32,32,16,4,4096,3,0,64,False,AttentionBackend.FLASH_ATTENTION
0.0,0.0,0.0,0.0,0.0,0.007,0.007,0.007000000000000001,0.007,8.673617379884035e-19,0.001,0.001,0.001,0.001,0.0,,,,,,4096,32,32,16,4,4096,4,0,64,False,AttentionBackend.FLASH_ATTENTION
0.0,0.0,0.0,0.0,0.0,0.007,0.007,0.007000000000000001,0.007,8.673617379884035e-19,0.001,0.001,0.001,0.001,0.0,,,,,,4096,32,32,16,4,4096,5,0,64,False,AttentionBackend.FLASH_ATTENTION
0.0,0.0,0.0,0.0,0.0,0.007,0.007,0.007000000000000001,0.007,8.673617379884035e-19,0.001,0.001,0.001,0.001,0.0,,,,,,4096,32,32,16,4,4096,6,0,64,False,AttentionBackend.FLASH_ATTENTION
0.0,0.0,0.0,0.0,0.0,0.007,0.007,0.007000000000000001,0.007,8.673617379884035e-19,0.001,0.001,0.001,0.001,0.0,,,,,,4096,32,32,16,4,4096,7,0,64,False,AttentionBackend.FLASH_ATTENTION
0.0,0.0,0.0,0.0,0.0,0.007,0.007,0.007000000000000001,0.007,8.673617379884035e-19,0.001,0.001,0.001,0.001,0.0,,,,,,4096,32,32,16,4,4096,8,0,64,False,AttentionBackend.FLASH_ATTENTION
0.0,0.0,0.0,0.0,0.0,0.006,0.007,0.0062,0.006,0.00039999999999999996,0.001,0.001,0.001,0.001,0.0,,,,,,4096,32,32,16,4,4096,1,0,96,False,AttentionBackend.FLASH_ATTENTION
0.0,0.0,0.0,0.0,0.0,0.006,0.007,0.0068000000000000005,0.007,0.0004,0.001,0.001,0.001,0.001,0.0,,,,,,4096,32,32,16,4,4096,2,0,96,False,AttentionBackend.FLASH_ATTENTION
0.0,0.0,0.0,0.0,0.0,0.007,0.007,0.007000000000000001,0.007,8.673617379884035e-19,0.001,0.001,0.001,0.001,0.0,,,,,,4096,32,32,16,4,4096,3,0,96,False,AttentionBackend.FLASH_ATTENTION
0.0,0.0,0.0,0.0,0.0,0.007,0.007,0.007000000000000001,0.007,8.673617379884035e-19,0.001,0.001,0.001,0.001,0.0,,,,,,4096,32,32,16,4,4096,4,0,96,False,AttentionBackend.FLASH_ATTENTION
0.0,0.0,0.0,0.0,0.0,0.007,0.007,0.007000000000000001,0.007,8.673617379884035e-19,0.001,0.001,0.001,0.001,0.0,,,,,,4096,32,32,16,4,4096,5,0,96,False,AttentionBackend.FLASH_ATTENTION
0.0,0.0,0.0,0.0,0.0,0.007,0.007,0.007000000000000001,0.007,8.673617379884035e-19,0.001,0.001,0.001,0.001,0.0,,,,,,4096,32,32,16,4,4096,6,0,96,False,AttentionBackend.FLASH_ATTENTION
0.0,0.0,0.0,0.0,0.0,0.007,0.007,0.007000000000000001,0.007,8.673617379884035e-19,0.001,0.001,0.001,0.001,0.0,,,,,,4096,32,32,16,4,4096,7,0,96,False,AttentionBackend.FLASH_ATTENTION
0.0,0.0,0.0,0.0,0.0,0.007,0.007,0.007000000000000001,0.007,8.673617379884035e-19,0.001,0.001,0.001,0.001,0.0,,,,,,4096,32,32,16,4,4096,8,0,96,False,AttentionBackend.FLASH_ATTENTION
0.0,0.0,0.0,0.0,0.0,0.009000000000000001,0.009000000000000001,0.009000000000000001,0.009000000000000001,0.0,0.001,0.001,0.001,0.001,0.0,,,,,,4096,32,32,16,4,4096,1,0,128,False,AttentionBackend.FLASH_ATTENTION
0.0,0.0,0.0,0.0,0.0,0.009000000000000001,0.009000000000000001,0.009000000000000001,0.009000000000000001,0.0,0.001,0.001,0.001,0.001,0.0,,,,,,4096,32,32,16,4,4096,2,0,128,False,AttentionBackend.FLASH_ATTENTION
0.0,0.0,0.0,0.0,0.0,0.009000000000000001,0.01,0.009200000000000002,0.009000000000000001,0.0003999999999999997,0.001,0.001,0.001,0.001,0.0,,,,,,4096,32,32,16,4,4096,3,0,128,False,AttentionBackend.FLASH_ATTENTION
0.0,0.0,0.0,0.0,0.0,0.009000000000000001,0.009000000000000001,0.009000000000000001,0.009000000000000001,0.0,0.001,0.001,0.001,0.001,0.0,,,,,,4096,32,32,16,4,4096,4,0,128,False,AttentionBackend.FLASH_ATTENTION
0.0,0.0,0.0,0.0,0.0,0.009000000000000001,0.009000000000000001,0.009000000000000001,0.009000000000000001,0.0,0.001,0.001,0.001,0.001,0.0,,,,,,4096,32,32,16,4,4096,5,0,128,False,AttentionBackend.FLASH_ATTENTION
0.0,0.0,0.0,0.0,0.0,0.009000000000000001,0.009000000000000001,0.009000000000000001,0.009000000000000001,0.0,0.001,0.001,0.001,0.001,0.0,,,,,,4096,32,32,16,4,4096,6,0,128,False,AttentionBackend.FLASH_ATTENTION
0.0,0.0,0.0,0.0,0.0,0.009000000000000001,0.009000000000000001,0.009000000000000001,0.009000000000000001,0.0,0.001,0.001,0.001,0.001,0.0,,,,,,4096,32,32,16,4,4096,7,0,128,False,AttentionBackend.FLASH_ATTENTION
0.0,0.0,0.0,0.0,0.0,0.009000000000000001,0.009000000000000001,0.009000000000000001,0.009000000000000001,0.0,0.001,0.001,0.001,0.001,0.0,,,,,,4096,32,32,16,4,4096,8,0,128,False,AttentionBackend.FLASH_ATTENTION
0.0,0.0,0.0,0.0,0.0,0.009000000000000001,0.009000000000000001,0.009000000000000001,0.009000000000000001,0.0,0.001,0.001,0.001,0.001,0.0,,,,,,4096,32,32,16,4,4096,1,0,160,False,AttentionBackend.FLASH_ATTENTION
0.0,0.0,0.0,0.0,0.0,0.009000000000000001,0.009000000000000001,0.009000000000000001,0.009000000000000001,0.0,0.001,0.001,0.001,0.001,0.0,,,,,,4096,32,32,16,4,4096,2,0,160,False,AttentionBackend.FLASH_ATTENTION
0.0,0.0,0.0,0.0,0.0,0.009000000000000001,0.009000000000000001,0.009000000000000001,0.009000000000000001,0.0,0.001,0.001,0.001,0.001,0.0,,,,,,4096,32,32,16,4,4096,3,0,160,False,AttentionBackend.FLASH_ATTENTION
0.0,0.0,0.0,0.0,0.0,0.009000000000000001,0.009000000000000001,0.009000000000000001,0.009000000000000001,0.0,0.001,0.001,0.001,0.001,0.0,,,,,,4096,32,32,16,4,4096,4,0,160,False,AttentionBackend.FLASH_ATTENTION
0.0,0.0,0.0,0.0,0.0,0.009000000000000001,0.009000000000000001,0.009000000000000001,0.009000000000000001,0.0,0.001,0.001,0.001,0.001,0.0,,,,,,4096,32,32,16,4,4096,5,0,160,False,AttentionBackend.FLASH_ATTENTION
0.0,0.0,0.0,0.0,0.0,0.009000000000000001,0.009000000000000001,0.009000000000000001,0.009000000000000001,0.0,0.001,0.001,0.001,0.001,0.0,,,,,,4096,32,32,16,4,4096,6,0,160,False,AttentionBackend.FLASH_ATTENTION
0.0,0.0,0.0,0.0,0.0,0.009000000000000001,0.009000000000000001,0.009000000000000001,0.009000000000000001,0.0,0.001,0.001,0.001,0.001,0.0,,,,,,4096,32,32,16,4,4096,7,0,160,False,AttentionBackend.FLASH_ATTENTION
0.0,0.0,0.0,0.0,0.0,0.009000000000000001,0.009000000000000001,0.009000000000000001,0.009000000000000001,0.0,0.001,0.001,0.001,0.001,0.0,,,,,,4096,32,32,16,4,4096,8,0,160,False,AttentionBackend.FLASH_ATTENTION
0.0,0.0,0.0,0.0,0.0,0.009000000000000001,0.009000000000000001,0.009000000000000001,0.009000000000000001,0.0,0.001,0.001,0.001,0.001,0.0,,,,,,4096,32,32,16,4,4096,1,0,192,False,AttentionBackend.FLASH_ATTENTION
0.0,0.0,0.0,0.0,0.0,0.009000000000000001,0.009000000000000001,0.009000000000000001,0.009000000000000001,0.0,0.001,0.001,0.001,0.001,0.0,,,,,,4096,32,32,16,4,4096,2,0,192,False,AttentionBackend.FLASH_ATTENTION
0.0,0.0,0.0,0.0,0.0,0.009000000000000001,0.009000000000000001,0.009000000000000001,0.009000000000000001,0.0,0.001,0.001,0.001,0.001,0.0,,,,,,4096,32,32,16,4,4096,3,0,192,False,AttentionBackend.FLASH_ATTENTION
0.0,0.0,0.0,0.0,0.0,0.009000000000000001,0.009000000000000001,0.009000000000000001,0.009000000000000001,0.0,0.001,0.001,0.001,0.001,0.0,,,,,,4096,32,32,16,4,4096,4,0,192,False,AttentionBackend.FLASH_ATTENTION
0.0,0.0,0.0,0.0,0.0,0.009000000000000001,0.009000000000000001,0.009000000000000001,0.009000000000000001,0.0,0.001,0.001,0.001,0.001,0.0,,,,,,4096,32,32,16,4,4096,5,0,192,False,AttentionBackend.FLASH_ATTENTION
0.0,0.0,0.0,0.0,0.0,0.009000000000000001,0.009000000000000001,0.009000000000000001,0.009000000000000001,0.0,0.001,0.001,0.001,0.001,0.0,,,,,,4096,32,32,16,4,4096,6,0,192,False,AttentionBackend.FLASH_ATTENTION
0.0,0.0,0.0,0.0,0.0,0.009000000000000001,0.009000000000000001,0.009000000000000001,0.009000000000000001,0.0,0.001,0.001,0.001,0.001,0.0,,,,,,4096,32,32,16,4,4096,7,0,192,False,AttentionBackend.FLASH_ATTENTION
0.0,0.0,0.0,0.0,0.0,0.009000000000000001,0.009000000000000001,0.009000000000000001,0.009000000000000001,0.0,0.001,0.001,0.001,0.001,0.0,,,,,,4096,32,32,16,4,4096,8,0,192,False,AttentionBackend.FLASH_ATTENTION
0.0,0.0,0.0,0.0,0.0,0.009000000000000001,0.009000000000000001,0.009000000000000001,0.009000000000000001,0.0,0.001,0.001,0.001,0.001,0.0,,,,,,4096,32,32,16,4,4096,1,0,224,False,AttentionBackend.FLASH_ATTENTION
0.0,0.0,0.0,0.0,0.0,0.009000000000000001,0.009000000000000001,0.009000000000000001,0.009000000000000001,0.0,0.001,0.001,0.001,0.001,0.0,,,,,,4096,32,32,16,4,4096,2,0,224,False,AttentionBackend.FLASH_ATTENTION
0.0,0.0,0.0,0.0,0.0,0.009000000000000001,0.009000000000000001,0.009000000000000001,0.009000000000000001,0.0,0.001,0.001,0.001,0.001,0.0,,,,,,4096,32,32,16,4,4096,3,0,224,False,AttentionBackend.FLASH_ATTENTION
0.0,0.0,0.0,0.0,0.0,0.009000000000000001,0.009000000000000001,0.009000000000000001,0.009000000000000001,0.0,0.001,0.001,0.001,0.001,0.0,,,,,,4096,32,32,16,4,4096,4,0,224,False,AttentionBackend.FLASH_ATTENTION
0.0,0.0,0.0,0.0,0.0,0.009000000000000001,0.009000000000000001,0.009000000000000001,0.009000000000000001,0.0,0.001,0.001,0.001,0.001,0.0,,,,,,4096,32,32,16,4,4096,5,0,224,False,AttentionBackend.FLASH_ATTENTION
0.0,0.0,0.0,0.0,0.0,0.009000000000000001,0.009000000000000001,0.009000000000000001,0.009000000000000001,0.0,0.001,0.001,0.001,0.001,0.0,,,,,,4096,32,32,16,4,4096,6,0,224,False,AttentionBackend.FLASH_ATTENTION
0.0,0.0,0.0,0.0,0.0,0.009000000000000001,0.009000000000000001,0.009000000000000001,0.009000000000000001,0.0,0.001,0.001,0.001,0.001,0.0,,,,,,4096,32,32,16,4,4096,7,0,224,False,AttentionBackend.FLASH_ATTENTION
0.0,0.0,0.0,0.0,0.0,0.009000000000000001,0.009000000000000001,0.009000000000000001,0.009000000000000001,0.0,0.001,0.001,0.001,0.001,0.0,,,,,,4096,32,32,16,4,4096,8,0,224,False,AttentionBackend.FLASH_ATTENTION
0.0,0.0,0.0,0.0,0.0,0.009000000000000001,0.009000000000000001,0.009000000000000001,0.009000000000000001,0.0,0.001,0.001,0.001,0.001,0.0,,,,,,4096,32,32,16,4,4096,1,0,256,False,AttentionBackend.FLASH_ATTENTION
0.0,0.0,0.0,0.0,0.0,0.009000000000000001,0.01,0.009200000000000002,0.009000000000000001,0.0003999999999999997,0.001,0.001,0.001,0.001,0.0,,,,,,4096,32,32,16,4,4096,2,0,256,False,AttentionBackend.FLASH_ATTENTION
0.0,0.0,0.0,0.0,0.0,0.009000000000000001,0.009000000000000001,0.009000000000000001,0.009000000000000001,0.0,0.001,0.001,0.001,0.001,0.0,,,,,,4096,32,32,16,4,4096,3,0,256,False,AttentionBackend.FLASH_ATTENTION
0.0,0.0,0.0,0.0,0.0,0.009000000000000001,0.009000000000000001,0.009000000000000001,0.009000000000000001,0.0,0.001,0.001,0.001,0.001,0.0,,,,,,4096,32,32,16,4,4096,4,0,256,False,AttentionBackend.FLASH_ATTENTION
0.0,0.0,0.0,0.0,0.0,0.009000000000000001,0.009000000000000001,0.009000000000000001,0.009000000000000001,0.0,0.001,0.001,0.001,0.001,0.0,,,,,,4096,32,32,16,4,4096,5,0,256,False,AttentionBackend.FLASH_ATTENTION
0.0,0.0,0.0,0.0,0.0,0.01,0.01,0.01,0.01,0.0,0.001,0.001,0.001,0.001,0.0,,,,,,4096,32,32,16,4,4096,6,0,256,False,AttentionBackend.FLASH_ATTENTION
0.0,0.0,0.0,0.0,0.0,0.01,0.011,0.0102,0.01,0.0003999999999999997,0.001,0.001,0.001,0.001,0.0,,,,,,4096,32,32,16,4,4096,7,0,256,False,AttentionBackend.FLASH_ATTENTION
0.0,0.0,0.0,0.0,0.0,0.011,0.011,0.011,0.011,0.0,0.001,0.001,0.001,0.001,0.0,,,,,,4096,32,32,16,4,4096,8,0,256,False,AttentionBackend.FLASH_ATTENTION
0.0,0.0,0.0,0.0,0.0,0.009000000000000001,0.009000000000000001,0.009000000000000001,0.009000000000000001,0.0,0.001,0.001,0.001,0.001,0.0,,,,,,4096,32,32,16,4,4096,1,0,288,False,AttentionBackend.FLASH_ATTENTION
0.0,0.0,0.0,0.0,0.0,0.009000000000000001,0.009000000000000001,0.009000000000000001,0.009000000000000001,0.0,0.001,0.001,0.001,0.001,0.0,,,,,,4096,32,32,16,4,4096,2,0,288,False,AttentionBackend.FLASH_ATTENTION
0.0,0.0,0.0,0.0,0.0,0.009000000000000001,0.009000000000000001,0.009000000000000001,0.009000000000000001,0.0,0.001,0.001,0.001,0.001,0.0,,,,,,4096,32,32,16,4,4096,3,0,288,False,AttentionBackend.FLASH_ATTENTION
0.0,0.0,0.0,0.0,0.0,0.009000000000000001,0.009000000000000001,0.009000000000000001,0.009000000000000001,0.0,0.001,0.001,0.001,0.001,0.0,,,,,,4096,32,32,16,4,4096,4,0,288,False,AttentionBackend.FLASH_ATTENTION
0.0,0.0,0.0,0.0,0.0,0.009000000000000001,0.009000000000000001,0.009000000000000001,0.009000000000000001,0.0,0.001,0.001,0.001,0.001,0.0,,,,,,4096,32,32,16,4,4096,5,0,288,False,AttentionBackend.FLASH_ATTENTION
0.0,0.0,0.0,0.0,0.0,0.01,0.011,0.0104,0.01,0.0004898979485566352,0.001,0.001,0.001,0.001,0.0,,,,,,4096,32,32,16,4,4096,6,0,288,False,AttentionBackend.FLASH_ATTENTION
0.0,0.0,0.0,0.0,0.0,0.01,0.011,0.0104,0.01,0.0004898979485566352,0.001,0.001,0.001,0.001,0.0,,,,,,4096,32,32,16,4,4096,7,0,288,False,AttentionBackend.FLASH_ATTENTION
0.0,0.0,0.0,0.0,0.0,0.011,0.011,0.011,0.011,0.0,0.001,0.001,0.001,0.001,0.0,,,,,,4096,32,32,16,4,4096,8,0,288,False,AttentionBackend.FLASH_ATTENTION
0.0,0.0,0.0,0.0,0.0,0.009000000000000001,0.009000000000000001,0.009000000000000001,0.009000000000000001,0.0,0.001,0.001,0.001,0.001,0.0,,,,,,4096,32,32,16,4,4096,1,0,320,False,AttentionBackend.FLASH_ATTENTION
0.0,0.0,0.0,0.0,0.0,0.009000000000000001,0.01,0.009200000000000002,0.009000000000000001,0.0003999999999999997,0.001,0.001,0.001,0.001,0.0,,,,,,4096,32,32,16,4,4096,2,0,320,False,AttentionBackend.FLASH_ATTENTION
0.0,0.0,0.0,0.0,0.0,0.009000000000000001,0.009000000000000001,0.009000000000000001,0.009000000000000001,0.0,0.001,0.001,0.001,0.001,0.0,,,,,,4096,32,32,16,4,4096,3,0,320,False,AttentionBackend.FLASH_ATTENTION
0.0,0.0,0.0,0.0,0.0,0.009000000000000001,0.009000000000000001,0.009000000000000001,0.009000000000000001,0.0,0.001,0.001,0.001,0.001,0.0,,,,,,4096,32,32,16,4,4096,4,0,320,False,AttentionBackend.FLASH_ATTENTION
0.0,0.0,0.0,0.0,0.0,0.009000000000000001,0.009000000000000001,0.009000000000000001,0.009000000000000001,0.0,0.001,0.001,0.001,0.001,0.0,,,,,,4096,32,32,16,4,4096,5,0,320,False,AttentionBackend.FLASH_ATTENTION
0.0,0.0,0.0,0.0,0.0,0.01,0.01,0.01,0.01,0.0,0.001,0.001,0.001,0.001,0.0,,,,,,4096,32,32,16,4,4096,6,0,320,False,AttentionBackend.FLASH_ATTENTION
0.0,0.0,0.0,0.0,0.0,0.01,0.011,0.010799999999999999,0.011,0.0003999999999999997,0.001,0.001,0.001,0.001,0.0,,,,,,4096,32,32,16,4,4096,7,0,320,False,AttentionBackend.FLASH_ATTENTION
0.0,0.0,0.0,0.0,0.0,0.011,0.011,0.011,0.011,0.0,0.001,0.001,0.001,0.001,0.0,,,,,,4096,32,32,16,4,4096,8,0,320,False,AttentionBackend.FLASH_ATTENTION
0.0,0.0,0.0,0.0,0.0,0.009000000000000001,0.009000000000000001,0.009000000000000001,0.009000000000000001,0.0,0.001,0.001,0.001,0.001,0.0,,,,,,4096,32,32,16,4,4096,1,0,352,False,AttentionBackend.FLASH_ATTENTION
0.0,0.0,0.0,0.0,0.0,0.009000000000000001,0.009000000000000001,0.009000000000000001,0.009000000000000001,0.0,0.001,0.001,0.001,0.001,0.0,,,,,,4096,32,32,16,4,4096,2,0,352,False,AttentionBackend.FLASH_ATTENTION
0.0,0.0,0.0,0.0,0.0,0.009000000000000001,0.009000000000000001,0.009000000000000001,0.009000000000000001,0.0,0.001,0.001,0.001,0.001,0.0,,,,,,4096,32,32,16,4,4096,3,0,352,False,AttentionBackend.FLASH_ATTENTION
0.0,0.0,0.0,0.0,0.0,0.009000000000000001,0.01,0.009200000000000002,0.009000000000000001,0.0003999999999999997,0.001,0.001,0.001,0.001,0.0,,,,,,4096,32,32,16,4,4096,4,0,352,False,AttentionBackend.FLASH_ATTENTION
0.0,0.0,0.0,0.0,0.0,0.009000000000000001,0.009000000000000001,0.009000000000000001,0.009000000000000001,0.0,0.001,0.001,0.001,0.001,0.0,,,,,,4096,32,32,16,4,4096,5,0,352,False,AttentionBackend.FLASH_ATTENTION
0.0,0.0,0.0,0.0,0.0,0.01,0.01,0.01,0.01,0.0,0.001,0.001,0.001,0.001,0.0,,,,,,4096,32,32,16,4,4096,6,0,352,False,AttentionBackend.FLASH_ATTENTION
0.0,0.0,0.0,0.0,0.0,0.01,0.01,0.01,0.01,0.0,0.001,0.001,0.001,0.001,0.0,,,,,,4096,32,32,16,4,4096,7,0,352,False,AttentionBackend.FLASH_ATTENTION
0.0,0.0,0.0,0.0,0.0,0.011,0.011,0.011,0.011,0.0,0.001,0.001,0.001,0.001,0.0,,,,,,4096,32,32,16,4,4096,8,0,352,False,AttentionBackend.FLASH_ATTENTION
0.0,0.0,0.0,0.0,0.0,0.009000000000000001,0.01,0.009400000000000002,0.009000000000000001,0.0004898979485566351,0.001,0.001,0.001,0.001,0.0,,,,,,4096,32,32,16,4,4096,1,0,384,False,AttentionBackend.FLASH_ATTENTION
0.0,0.0,0.0,0.0,0.0,0.009000000000000001,0.01,0.009400000000000002,0.009000000000000001,0.0004898979485566351,0.001,0.001,0.001,0.001,0.0,,,,,,4096,32,32,16,4,4096,2,0,384,False,AttentionBackend.FLASH_ATTENTION
0.0,0.0,0.0,0.0,0.0,0.009000000000000001,0.01,0.009400000000000002,0.009000000000000001,0.0004898979485566351,0.001,0.001,0.001,0.001,0.0,,,,,,4096,32,32,16,4,4096,3,0,384,False,AttentionBackend.FLASH_ATTENTION
0.0,0.0,0.0,0.0,0.0,0.009000000000000001,0.01,0.009600000000000001,0.01,0.0004898979485566352,0.001,0.001,0.001,0.001,0.0,,,,,,4096,32,32,16,4,4096,4,0,384,False,AttentionBackend.FLASH_ATTENTION
0.0,0.0,0.0,0.0,0.0,0.011,0.013000000000000001,0.012,0.012,0.0006324555320336764,0.001,0.001,0.001,0.001,0.0,,,,,,4096,32,32,16,4,4096,5,0,384,False,AttentionBackend.FLASH_ATTENTION
0.0,0.0,0.0,0.0,0.0,0.011,0.011,0.011,0.011,0.0,0.001,0.001,0.001,0.001,0.0,,,,,,4096,32,32,16,4,4096,6,0,384,False,AttentionBackend.FLASH_ATTENTION
0.0,0.0,0.0,0.0,0.0,0.012,0.012,0.012,0.012,0.0,0.001,0.001,0.001,0.001,0.0,,,,,,4096,32,32,16,4,4096,7,0,384,False,AttentionBackend.FLASH_ATTENTION
0.0,0.0,0.0,0.0,0.0,0.012,0.012,0.012,0.012,0.0,0.001,0.001,0.001,0.001,0.0,,,,,,4096,32,32,16,4,4096,8,0,384,False,AttentionBackend.FLASH_ATTENTION
0.0,0.0,0.0,0.0,0.0,0.009000000000000001,0.01,0.009400000000000002,0.009000000000000001,0.0004898979485566352,0.001,0.001,0.001,0.001,0.0,,,,,,4096,32,32,16,4,4096,1,0,416,False,AttentionBackend.FLASH_ATTENTION
0.0,0.0,0.0,0.0,0.0,0.009000000000000001,0.01,0.009400000000000002,0.009000000000000001,0.0004898979485566352,0.001,0.001,0.001,0.001,0.0,,,,,,4096,32,32,16,4,4096,2,0,416,False,AttentionBackend.FLASH_ATTENTION
0.0,0.0,0.0,0.0,0.0,0.009000000000000001,0.01,0.009600000000000001,0.01,0.0004898979485566351,0.001,0.001,0.001,0.001,0.0,,,,,,4096,32,32,16,4,4096,3,0,416,False,AttentionBackend.FLASH_ATTENTION
0.0,0.0,0.0,0.0,0.0,0.009000000000000001,0.01,0.0098,0.01,0.0003999999999999997,0.001,0.001,0.001,0.001,0.0,,,,,,4096,32,32,16,4,4096,4,0,416,False,AttentionBackend.FLASH_ATTENTION
0.0,0.0,0.0,0.0,0.0,0.012,0.012,0.012,0.012,0.0,0.001,0.001,0.001,0.001,0.0,,,,,,4096,32,32,16,4,4096,5,0,416,False,AttentionBackend.FLASH_ATTENTION
0.0,0.0,0.0,0.0,0.0,0.012,0.012,0.012,0.012,0.0,0.001,0.001,0.001,0.001,0.0,,,,,,4096,32,32,16,4,4096,6,0,416,False,AttentionBackend.FLASH_ATTENTION
0.0,0.0,0.0,0.0,0.0,0.012,0.012,0.012,0.012,0.0,0.001,0.001,0.001,0.001,0.0,,,,,,4096,32,32,16,4,4096,7,0,416,False,AttentionBackend.FLASH_ATTENTION
0.0,0.0,0.0,0.0,0.0,0.012,0.012,0.012,0.012,0.0,0.001,0.001,0.001,0.001,0.0,,,,,,4096,32,32,16,4,4096,8,0,416,False,AttentionBackend.FLASH_ATTENTION
0.0,0.0,0.0,0.0,0.0,0.009000000000000001,0.01,0.009600000000000001,0.01,0.0004898979485566351,0.001,0.001,0.001,0.001,0.0,,,,,,4096,32,32,16,4,4096,1,0,448,False,AttentionBackend.FLASH_ATTENTION
0.0,0.0,0.0,0.0,0.0,0.009000000000000001,0.01,0.009400000000000002,0.009000000000000001,0.0004898979485566351,0.001,0.001,0.001,0.001,0.0,,,,,,4096,32,32,16,4,4096,2,0,448,False,AttentionBackend.FLASH_ATTENTION
0.0,0.0,0.0,0.0,0.0,0.009000000000000001,0.01,0.0098,0.01,0.0003999999999999997,0.001,0.001,0.001,0.001,0.0,,,,,,4096,32,32,16,4,4096,3,0,448,False,AttentionBackend.FLASH_ATTENTION
0.0,0.0,0.0,0.0,0.0,0.009000000000000001,0.01,0.009600000000000001,0.01,0.0004898979485566352,0.001,0.001,0.001,0.001,0.0,,,,,,4096,32,32,16,4,4096,4,0,448,False,AttentionBackend.FLASH_ATTENTION
0.0,0.0,0.0,0.0,0.0,0.012,0.012,0.012,0.012,0.0,0.001,0.001,0.001,0.001,0.0,,,,,,4096,32,32,16,4,4096,5,0,448,False,AttentionBackend.FLASH_ATTENTION
0.0,0.0,0.0,0.0,0.0,0.012,0.012,0.012,0.012,0.0,0.001,0.001,0.001,0.001,0.0,,,,,,4096,32,32,16,4,4096,6,0,448,False,AttentionBackend.FLASH_ATTENTION
0.0,0.0,0.0,0.0,0.0,0.012,0.012,0.012,0.012,0.0,0.001,0.001,0.001,0.001,0.0,,,,,,4096,32,32,16,4,4096,7,0,448,False,AttentionBackend.FLASH_ATTENTION
0.0,0.0,0.0,0.0,0.0,0.012,0.012,0.012,0.012,0.0,0.001,0.001,0.001,0.001,0.0,,,,,,4096,32,32,16,4,4096,8,0,448,False,AttentionBackend.FLASH_ATTENTION
0.0,0.0,0.0,0.0,0.0,0.009000000000000001,0.01,0.009200000000000002,0.009000000000000001,0.0003999999999999997,0.001,0.001,0.001,0.001,0.0,,,,,,4096,32,32,16,4,4096,1,0,480,False,AttentionBackend.FLASH_ATTENTION
0.0,0.0,0.0,0.0,0.0,0.009000000000000001,0.01,0.009200000000000002,0.009000000000000001,0.0003999999999999997,0.001,0.001,0.001,0.001,0.0,,,,,,4096,32,32,16,4,4096,2,0,480,False,AttentionBackend.FLASH_ATTENTION
0.0,0.0,0.0,0.0,0.0,0.009000000000000001,0.01,0.009400000000000002,0.009000000000000001,0.0004898979485566352,0.001,0.001,0.001,0.001,0.0,,,,,,4096,32,32,16,4,4096,3,0,480,False,AttentionBackend.FLASH_ATTENTION
0.0,0.0,0.0,0.0,0.0,0.009000000000000001,0.01,0.009600000000000001,0.01,0.0004898979485566351,0.001,0.001,0.001,0.001,0.0,,,,,,4096,32,32,16,4,4096,4,0,480,False,AttentionBackend.FLASH_ATTENTION
0.0,0.0,0.0,0.0,0.0,0.012,0.012,0.012,0.012,0.0,0.001,0.001,0.001,0.001,0.0,,,,,,4096,32,32,16,4,4096,5,0,480,False,AttentionBackend.FLASH_ATTENTION
0.0,0.0,0.0,0.0,0.0,0.012,0.012,0.012,0.012,0.0,0.001,0.001,0.001,0.001,0.0,,,,,,4096,32,32,16,4,4096,6,0,480,False,AttentionBackend.FLASH_ATTENTION
0.0,0.0,0.0,0.0,0.0,0.012,0.012,0.012,0.012,0.0,0.001,0.001,0.001,0.001,0.0,,,,,,4096,32,32,16,4,4096,7,0,480,False,AttentionBackend.FLASH_ATTENTION
0.0,0.0,0.0,0.0,0.0,0.012,0.012,0.012,0.012,0.0,0.001,0.001,0.001,0.001,0.0,,,,,,4096,32,32,16,4,4096,8,0,480,False,AttentionBackend.FLASH_ATTENTION
0.0,0.0,0.0,0.0,0.0,0.01,0.01,0.01,0.01,0.0,0.001,0.001,0.001,0.001,0.0,,,,,,4096,32,32,16,4,4096,1,0,512,False,AttentionBackend.FLASH_ATTENTION
0.0,0.0,0.0,0.0,0.0,0.01,0.01,0.01,0.01,0.0,0.001,0.001,0.001,0.001,0.0,,,,,,4096,32,32,16,4,4096,2,0,512,False,AttentionBackend.FLASH_ATTENTION
0.0,0.0,0.0,0.0,0.0,0.01,0.01,0.01,0.01,0.0,0.001,0.001,0.001,0.001,0.0,,,,,,4096,32,32,16,4,4096,3,0,512,False,AttentionBackend.FLASH_ATTENTION
0.0,0.0,0.0,0.0,0.0,0.011,0.011,0.011,0.011,0.0,0.001,0.001,0.001,0.001,0.0,,,,,,4096,32,32,16,4,4096,4,0,512,False,AttentionBackend.FLASH_ATTENTION
0.0,0.0,0.0,0.0,0.0,0.011,0.012,0.011199999999999998,0.011,0.00040000000000000034,0.001,0.001,0.001,0.001,0.0,,,,,,4096,32,32,16,4,4096,5,0,512,False,AttentionBackend.FLASH_ATTENTION
0.0,0.0,0.0,0.0,0.0,0.012,0.012,0.012,0.012,0.0,0.001,0.001,0.001,0.001,0.0,,,,,,4096,32,32,16,4,4096,6,0,512,False,AttentionBackend.FLASH_ATTENTION
0.0,0.0,0.0,0.0,0.0,0.013000000000000001,0.013000000000000001,0.013000000000000001,0.013000000000000001,0.0,0.001,0.001,0.001,0.001,0.0,,,,,,4096,32,32,16,4,4096,7,0,512,False,AttentionBackend.FLASH_ATTENTION
0.0,0.0,0.0,0.0,0.0,0.013000000000000001,0.013000000000000001,0.013000000000000001,0.013000000000000001,0.0,0.001,0.001,0.001,0.001,0.0,,,,,,4096,32,32,16,4,4096,8,0,512,False,AttentionBackend.FLASH_ATTENTION
0.0,0.0,0.0,0.0,0.0,0.01,0.01,0.01,0.01,0.0,0.001,0.001,0.001,0.001,0.0,,,,,,4096,32,32,16,4,4096,1,0,544,False,AttentionBackend.FLASH_ATTENTION
0.0,0.0,0.0,0.0,0.0,0.01,0.01,0.01,0.01,0.0,0.001,0.001,0.001,0.001,0.0,,,,,,4096,32,32,16,4,4096,2,0,544,False,AttentionBackend.FLASH_ATTENTION
0.0,0.0,0.0,0.0,0.0,0.01,0.01,0.01,0.01,0.0,0.001,0.001,0.001,0.001,0.0,,,,,,4096,32,32,16,4,4096,3,0,544,False,AttentionBackend.FLASH_ATTENTION
0.0,0.0,0.0,0.0,0.0,0.01,0.011,0.010599999999999998,0.011,0.0004898979485566352,0.001,0.001,0.001,0.001,0.0,,,,,,4096,32,32,16,4,4096,4,0,544,False,AttentionBackend.FLASH_ATTENTION
0.0,0.0,0.0,0.0,0.0,0.011,0.011,0.011,0.011,0.0,0.001,0.001,0.001,0.001,0.0,,,,,,4096,32,32,16,4,4096,5,0,544,False,AttentionBackend.FLASH_ATTENTION
0.0,0.0,0.0,0.0,0.0,0.012,0.012,0.012,0.012,0.0,0.001,0.001,0.001,0.001,0.0,,,,,,4096,32,32,16,4,4096,6,0,544,False,AttentionBackend.FLASH_ATTENTION
0.0,0.0,0.0,0.0,0.0,0.013000000000000001,0.013000000000000001,0.013000000000000001,0.013000000000000001,0.0,0.001,0.001,0.001,0.001,0.0,,,,,,4096,32,32,16,4,4096,7,0,544,False,AttentionBackend.FLASH_ATTENTION
0.0,0.0,0.0,0.0,0.0,0.013000000000000001,0.013000000000000001,0.013000000000000001,0.013000000000000001,0.0,0.001,0.001,0.001,0.001,0.0,,,,,,4096,32,32,16,4,4096,8,0,544,False,AttentionBackend.FLASH_ATTENTION
0.0,0.0,0.0,0.0,0.0,0.01,0.01,0.01,0.01,0.0,0.001,0.001,0.001,0.001,0.0,,,,,,4096,32,32,16,4,4096,1,0,576,False,AttentionBackend.FLASH_ATTENTION
0.0,0.0,0.0,0.0,0.0,0.01,0.01,0.01,0.01,0.0,0.001,0.001,0.001,0.001,0.0,,,,,,4096,32,32,16,4,4096,2,0,576,False,AttentionBackend.FLASH_ATTENTION
0.0,0.0,0.0,0.0,0.0,0.01,0.01,0.01,0.01,0.0,0.001,0.001,0.001,0.001,0.0,,,,,,4096,32,32,16,4,4096,3,0,576,False,AttentionBackend.FLASH_ATTENTION
0.0,0.0,0.0,0.0,0.0,0.01,0.011,0.010600000000000002,0.011,0.0004898979485566352,0.001,0.001,0.001,0.001,0.0,,,,,,4096,32,32,16,4,4096,4,0,576,False,AttentionBackend.FLASH_ATTENTION
0.0,0.0,0.0,0.0,0.0,0.011,0.011,0.011,0.011,0.0,0.001,0.001,0.001,0.001,0.0,,,,,,4096,32,32,16,4,4096,5,0,576,False,AttentionBackend.FLASH_ATTENTION
0.0,0.0,0.0,0.0,0.0,0.012,0.012,0.012,0.012,0.0,0.001,0.001,0.001,0.001,0.0,,,,,,4096,32,32,16,4,4096,6,0,576,False,AttentionBackend.FLASH_ATTENTION
0.0,0.0,0.0,0.0,0.0,0.013000000000000001,0.013000000000000001,0.013000000000000001,0.013000000000000001,0.0,0.001,0.001,0.001,0.001,0.0,,,,,,4096,32,32,16,4,4096,7,0,576,False,AttentionBackend.FLASH_ATTENTION
0.0,0.0,0.0,0.0,0.0,0.013000000000000001,0.013000000000000001,0.013000000000000001,0.013000000000000001,0.0,0.001,0.001,0.001,0.001,0.0,,,,,,4096,32,32,16,4,4096,8,0,576,False,AttentionBackend.FLASH_ATTENTION
0.0,0.0,0.0,0.0,0.0,0.01,0.01,0.01,0.01,0.0,0.001,0.001,0.001,0.001,0.0,,,,,,4096,32,32,16,4,4096,1,0,608,False,AttentionBackend.FLASH_ATTENTION
0.0,0.0,0.0,0.0,0.0,0.01,0.01,0.01,0.01,0.0,0.001,0.001,0.001,0.001,0.0,,,,,,4096,32,32,16,4,4096,2,0,608,False,AttentionBackend.FLASH_ATTENTION
0.0,0.0,0.0,0.0,0.0,0.01,0.01,0.01,0.01,0.0,0.001,0.001,0.001,0.001,0.0,,,,,,4096,32,32,16,4,4096,3,0,608,False,AttentionBackend.FLASH_ATTENTION
0.0,0.0,0.0,0.0,0.0,0.011,0.011,0.011,0.011,0.0,0.001,0.001,0.001,0.001,0.0,,,,,,4096,32,32,16,4,4096,4,0,608,False,AttentionBackend.FLASH_ATTENTION
0.0,0.0,0.0,0.0,0.0,0.011,0.011,0.011,0.011,0.0,0.001,0.001,0.001,0.001,0.0,,,,,,4096,32,32,16,4,4096,5,0,608,False,AttentionBackend.FLASH_ATTENTION
0.0,0.0,0.0,0.0,0.0,0.012,0.013000000000000001,0.0124,0.012,0.000489897948556636,0.001,0.001,0.001,0.001,0.0,,,,,,4096,32,32,16,4,4096,6,0,608,False,AttentionBackend.FLASH_ATTENTION
0.0,0.0,0.0,0.0,0.0,0.013000000000000001,0.013000000000000001,0.013000000000000001,0.013000000000000001,0.0,0.001,0.001,0.001,0.001,0.0,,,,,,4096,32,32,16,4,4096,7,0,608,False,AttentionBackend.FLASH_ATTENTION
0.0,0.0,0.0,0.0,0.0,0.013000000000000001,0.013000000000000001,0.013000000000000001,0.013000000000000001,0.0,0.001,0.001,0.001,0.001,0.0,,,,,,4096,32,32,16,4,4096,8,0,608,False,AttentionBackend.FLASH_ATTENTION
0.0,0.0,0.0,0.0,0.0,0.01,0.01,0.01,0.01,0.0,0.001,0.001,0.001,0.001,0.0,,,,,,4096,32,32,16,4,4096,1,0,640,False,AttentionBackend.FLASH_ATTENTION
0.0,0.0,0.0,0.0,0.0,0.01,0.01,0.01,0.01,0.0,0.001,0.001,0.001,0.001,0.0,,,,,,4096,32,32,16,4,4096,2,0,640,False,AttentionBackend.FLASH_ATTENTION
0.0,0.0,0.0,0.0,0.0,0.012,0.012,0.012,0.012,0.0,0.001,0.001,0.001,0.001,0.0,,,,,,4096,32,32,16,4,4096,3,0,640,False,AttentionBackend.FLASH_ATTENTION
0.0,0.0,0.0,0.0,0.0,0.012,0.012,0.012,0.012,0.0,0.001,0.001,0.001,0.001,0.0,,,,,,4096,32,32,16,4,4096,4,0,640,False,AttentionBackend.FLASH_ATTENTION
0.0,0.0,0.0,0.0,0.0,0.011,0.013000000000000001,0.0118,0.012,0.0007483314773547889,0.001,0.001,0.001,0.001,0.0,,,,,,4096,32,32,16,4,4096,5,0,640,False,AttentionBackend.FLASH_ATTENTION
0.0,0.0,0.0,0.0,0.0,0.014,0.014,0.014000000000000002,0.014,1.734723475976807e-18,0.001,0.001,0.001,0.001,0.0,,,,,,4096,32,32,16,4,4096,6,0,640,False,AttentionBackend.FLASH_ATTENTION
0.0,0.0,0.0,0.0,0.0,0.014,0.014,0.014000000000000002,0.014,1.734723475976807e-18,0.001,0.001,0.001,0.001,0.0,,,,,,4096,32,32,16,4,4096,7,0,640,False,AttentionBackend.FLASH_ATTENTION
0.0,0.0,0.0,0.0,0.0,0.014,0.014,0.014000000000000002,0.014,1.734723475976807e-18,0.001,0.001,0.001,0.001,0.0,,,,,,4096,32,32,16,4,4096,8,0,640,False,AttentionBackend.FLASH_ATTENTION
0.0,0.0,0.0,0.0,0.0,0.01,0.01,0.01,0.01,0.0,0.001,0.001,0.001,0.001,0.0,,,,,,4096,32,32,16,4,4096,1,0,672,False,AttentionBackend.FLASH_ATTENTION
0.0,0.0,0.0,0.0,0.0,0.01,0.01,0.01,0.01,0.0,0.001,0.001,0.001,0.001,0.0,,,,,,4096,32,32,16,4,4096,2,0,672,False,AttentionBackend.FLASH_ATTENTION
0.0,0.0,0.0,0.0,0.0,0.012,0.012,0.012,0.012,0.0,0.001,0.001,0.001,0.001,0.0,,,,,,4096,32,32,16,4,4096,3,0,672,False,AttentionBackend.FLASH_ATTENTION
0.0,0.0,0.0,0.0,0.0,0.012,0.012,0.012,0.012,0.0,0.001,0.001,0.001,0.001,0.0,,,,,,4096,32,32,16,4,4096,4,0,672,False,AttentionBackend.FLASH_ATTENTION
0.0,0.0,0.0,0.0,0.0,0.012,0.012,0.012,0.012,0.0,0.001,0.001,0.001,0.001,0.0,,,,,,4096,32,32,16,4,4096,5,0,672,False,AttentionBackend.FLASH_ATTENTION
0.0,0.0,0.0,0.0,0.0,0.014,0.014,0.014000000000000002,0.014,1.734723475976807e-18,0.001,0.001,0.001,0.001,0.0,,,,,,4096,32,32,16,4,4096,6,0,672,False,AttentionBackend.FLASH_ATTENTION
0.0,0.0,0.0,0.0,0.0,0.014,0.015,0.014199999999999999,0.014,0.00039999999999999964,0.001,0.001,0.001,0.001,0.0,,,,,,4096,32,32,16,4,4096,7,0,672,False,AttentionBackend.FLASH_ATTENTION
0.0,0.0,0.0,0.0,0.0,0.014,0.014,0.014000000000000002,0.014,1.734723475976807e-18,0.001,0.001,0.001,0.001,0.0,,,,,,4096,32,32,16,4,4096,8,0,672,False,AttentionBackend.FLASH_ATTENTION
0.0,0.0,0.0,0.0,0.0,0.01,0.01,0.01,0.01,0.0,0.001,0.001,0.001,0.001,0.0,,,,,,4096,32,32,16,4,4096,1,0,704,False,AttentionBackend.FLASH_ATTENTION
0.0,0.0,0.0,0.0,0.0,0.01,0.01,0.01,0.01,0.0,0.001,0.001,0.001,0.001,0.0,,,,,,4096,32,32,16,4,4096,2,0,704,False,AttentionBackend.FLASH_ATTENTION
0.0,0.0,0.0,0.0,0.0,0.011,0.012,0.011399999999999999,0.011,0.0004898979485566361,0.001,0.001,0.001,0.001,0.0,,,,,,4096,32,32,16,4,4096,3,0,704,False,AttentionBackend.FLASH_ATTENTION
0.0,0.0,0.0,0.0,0.0,0.012,0.012,0.012,0.012,0.0,0.001,0.001,0.001,0.001,0.0,,,,,,4096,32,32,16,4,4096,4,0,704,False,AttentionBackend.FLASH_ATTENTION
0.0,0.0,0.0,0.0,0.0,0.012,0.012,0.012,0.012,0.0,0.001,0.001,0.001,0.001,0.0,,,,,,4096,32,32,16,4,4096,5,0,704,False,AttentionBackend.FLASH_ATTENTION
0.0,0.0,0.0,0.0,0.0,0.014,0.014,0.014000000000000002,0.014,1.734723475976807e-18,0.001,0.001,0.001,0.001,0.0,,,,,,4096,32,32,16,4,4096,6,0,704,False,AttentionBackend.FLASH_ATTENTION
0.0,0.0,0.0,0.0,0.0,0.014,0.015,0.014199999999999999,0.014,0.00039999999999999964,0.001,0.001,0.001,0.001,0.0,,,,,,4096,32,32,16,4,4096,7,0,704,False,AttentionBackend.FLASH_ATTENTION
0.0,0.0,0.0,0.0,0.0,0.014,0.015,0.0144,0.014,0.0004898979485566352,0.001,0.001,0.001,0.001,0.0,,,,,,4096,32,32,16,4,4096,8,0,704,False,AttentionBackend.FLASH_ATTENTION
0.0,0.0,0.0,0.0,0.0,0.01,0.01,0.01,0.01,0.0,0.001,0.001,0.001,0.001,0.0,,,,,,4096,32,32,16,4,4096,1,0,736,False,AttentionBackend.FLASH_ATTENTION
0.0,0.0,0.0,0.0,0.0,0.01,0.01,0.01,0.01,0.0,0.001,0.001,0.001,0.001,0.0,,,,,,4096,32,32,16,4,4096,2,0,736,False,AttentionBackend.FLASH_ATTENTION
0.0,0.0,0.0,0.0,0.0,0.012,0.012,0.012,0.012,0.0,0.001,0.001,0.001,0.001,0.0,,,,,,4096,32,32,16,4,4096,3,0,736,False,AttentionBackend.FLASH_ATTENTION
0.0,0.0,0.0,0.0,0.0,0.012,0.012,0.012,0.012,0.0,0.001,0.001,0.001,0.001,0.0,,,,,,4096,32,32,16,4,4096,4,0,736,False,AttentionBackend.FLASH_ATTENTION
0.0,0.0,0.0,0.0,0.0,0.012,0.012,0.012,0.012,0.0,0.001,0.001,0.001,0.001,0.0,,,,,,4096,32,32,16,4,4096,5,0,736,False,AttentionBackend.FLASH_ATTENTION
0.0,0.0,0.0,0.0,0.0,0.014,0.014,0.014000000000000002,0.014,1.734723475976807e-18,0.001,0.001,0.001,0.001,0.0,,,,,,4096,32,32,16,4,4096,6,0,736,False,AttentionBackend.FLASH_ATTENTION
0.0,0.0,0.0,0.0,0.0,0.014,0.014,0.014000000000000002,0.014,1.734723475976807e-18,0.001,0.001,0.001,0.001,0.0,,,,,,4096,32,32,16,4,4096,7,0,736,False,AttentionBackend.FLASH_ATTENTION
0.0,0.0,0.0,0.0,0.0,0.014,0.014,0.014000000000000002,0.014,1.734723475976807e-18,0.001,0.001,0.001,0.001,0.0,,,,,,4096,32,32,16,4,4096,8,0,736,False,AttentionBackend.FLASH_ATTENTION
0.0,0.0,0.0,0.0,0.0,0.01,0.01,0.01,0.01,0.0,0.001,0.001,0.001,0.001,0.0,,,,,,4096,32,32,16,4,4096,1,0,768,False,AttentionBackend.FLASH_ATTENTION
0.0,0.0,0.0,0.0,0.0,0.01,0.01,0.01,0.01,0.0,0.001,0.001,0.001,0.001,0.0,,,,,,4096,32,32,16,4,4096,2,0,768,False,AttentionBackend.FLASH_ATTENTION
0.0,0.0,0.0,0.0,0.0,0.011,0.012,0.0118,0.012,0.00040000000000000034,0.001,0.001,0.001,0.001,0.0,,,,,,4096,32,32,16,4,4096,3,0,768,False,AttentionBackend.FLASH_ATTENTION
0.0,0.0,0.0,0.0,0.0,0.011,0.012,0.011399999999999999,0.011,0.0004898979485566361,0.001,0.001,0.001,0.001,0.0,,,,,,4096,32,32,16,4,4096,4,0,768,False,AttentionBackend.FLASH_ATTENTION
0.0,0.0,0.0,0.0,0.0,0.013000000000000001,0.013000000000000001,0.013000000000000001,0.013000000000000001,0.0,0.001,0.001,0.001,0.001,0.0,,,,,,4096,32,32,16,4,4096,5,0,768,False,AttentionBackend.FLASH_ATTENTION
0.0,0.0,0.0,0.0,0.0,0.015,0.015,0.015,0.015,0.0,0.001,0.001,0.001,0.001,0.0,,,,,,4096,32,32,16,4,4096,6,0,768,False,AttentionBackend.FLASH_ATTENTION
0.0,0.0,0.0,0.0,0.0,0.015,0.015,0.015,0.015,0.0,0.001,0.001,0.001,0.001,0.0,,,,,,4096,32,32,16,4,4096,7,0,768,False,AttentionBackend.FLASH_ATTENTION
0.0,0.0,0.0,0.0,0.0,0.015,0.015,0.015,0.015,0.0,0.001,0.001,0.001,0.001,0.0,,,,,,4096,32,32,16,4,4096,8,0,768,False,AttentionBackend.FLASH_ATTENTION
0.0,0.0,0.0,0.0,0.0,0.01,0.01,0.01,0.01,0.0,0.001,0.001,0.001,0.001,0.0,,,,,,4096,32,32,16,4,4096,1,0,800,False,AttentionBackend.FLASH_ATTENTION
0.0,0.0,0.0,0.0,0.0,0.01,0.01,0.01,0.01,0.0,0.001,0.001,0.001,0.001,0.0,,,,,,4096,32,32,16,4,4096,2,0,800,False,AttentionBackend.FLASH_ATTENTION
0.0,0.0,0.0,0.0,0.0,0.01,0.012,0.011199999999999998,0.011,0.0007483314773547885,0.001,0.001,0.001,0.001,0.0,,,,,,4096,32,32,16,4,4096,3,0,800,False,AttentionBackend.FLASH_ATTENTION
0.0,0.0,0.0,0.0,0.0,0.011,0.012,0.0116,0.012,0.000489897948556636,0.001,0.001,0.001,0.001,0.0,,,,,,4096,32,32,16,4,4096,4,0,800,False,AttentionBackend.FLASH_ATTENTION
0.0,0.0,0.0,0.0,0.0,0.013000000000000001,0.013000000000000001,0.013000000000000001,0.013000000000000001,0.0,0.001,0.001,0.001,0.001,0.0,,,,,,4096,32,32,16,4,4096,5,0,800,False,AttentionBackend.FLASH_ATTENTION
0.0,0.0,0.0,0.0,0.0,0.015,0.015,0.015,0.015,0.0,0.001,0.001,0.001,0.001,0.0,,,,,,4096,32,32,16,4,4096,6,0,800,False,AttentionBackend.FLASH_ATTENTION
0.0,0.0,0.0,0.0,0.0,0.015,0.015,0.015,0.015,0.0,0.001,0.001,0.001,0.001,0.0,,,,,,4096,32,32,16,4,4096,7,0,800,False,AttentionBackend.FLASH_ATTENTION
0.0,0.0,0.0,0.0,0.0,0.015,0.015,0.015,0.015,0.0,0.001,0.001,0.001,0.001,0.0,,,,,,4096,32,32,16,4,4096,8,0,800,False,AttentionBackend.FLASH_ATTENTION
0.0,0.0,0.0,0.0,0.0,0.01,0.01,0.01,0.01,0.0,0.001,0.001,0.001,0.001,0.0,,,,,,4096,32,32,16,4,4096,1,0,832,False,AttentionBackend.FLASH_ATTENTION
0.0,0.0,0.0,0.0,0.0,0.01,0.01,0.01,0.01,0.0,0.001,0.001,0.001,0.001,0.0,,,,,,4096,32,32,16,4,4096,2,0,832,False,AttentionBackend.FLASH_ATTENTION
0.0,0.0,0.0,0.0,0.0,0.011,0.012,0.0116,0.012,0.000489897948556636,0.001,0.001,0.001,0.001,0.0,,,,,,4096,32,32,16,4,4096,3,0,832,False,AttentionBackend.FLASH_ATTENTION
0.0,0.0,0.0,0.0,0.0,0.011,0.012,0.0118,0.012,0.00040000000000000034,0.001,0.001,0.001,0.001,0.0,,,,,,4096,32,32,16,4,4096,4,0,832,False,AttentionBackend.FLASH_ATTENTION
0.0,0.0,0.0,0.0,0.0,0.013000000000000001,0.014,0.0134,0.013000000000000001,0.0004898979485566352,0.001,0.001,0.001,0.001,0.0,,,,,,4096,32,32,16,4,4096,5,0,832,False,AttentionBackend.FLASH_ATTENTION
0.0,0.0,0.0,0.0,0.0,0.015,0.015,0.015,0.015,0.0,0.001,0.001,0.001,0.001,0.0,,,,,,4096,32,32,16,4,4096,6,0,832,False,AttentionBackend.FLASH_ATTENTION
0.0,0.0,0.0,0.0,0.0,0.015,0.015,0.015,0.015,0.0,0.001,0.001,0.001,0.001,0.0,,,,,,4096,32,32,16,4,4096,7,0,832,False,AttentionBackend.FLASH_ATTENTION
0.0,0.0,0.0,0.0,0.0,0.015,0.015,0.015,0.015,0.0,0.001,0.001,0.001,0.001,0.0,,,,,,4096,32,32,16,4,4096,8,0,832,False,AttentionBackend.FLASH_ATTENTION
0.0,0.0,0.0,0.0,0.0,0.01,0.01,0.01,0.01,0.0,0.001,0.001,0.001,0.001,0.0,,,,,,4096,32,32,16,4,4096,1,0,864,False,AttentionBackend.FLASH_ATTENTION
0.0,0.0,0.0,0.0,0.0,0.01,0.01,0.01,0.01,0.0,0.001,0.001,0.001,0.001,0.0,,,,,,4096,32,32,16,4,4096,2,0,864,False,AttentionBackend.FLASH_ATTENTION
0.0,0.0,0.0,0.0,0.0,0.011,0.012,0.0116,0.012,0.000489897948556636,0.001,0.001,0.001,0.001,0.0,,,,,,4096,32,32,16,4,4096,3,0,864,False,AttentionBackend.FLASH_ATTENTION
0.0,0.0,0.0,0.0,0.0,0.011,0.012,0.0116,0.012,0.000489897948556636,0.001,0.001,0.001,0.001,0.0,,,,,,4096,32,32,16,4,4096,4,0,864,False,AttentionBackend.FLASH_ATTENTION
0.0,0.0,0.0,0.0,0.0,0.013000000000000001,0.013000000000000001,0.013000000000000001,0.013000000000000001,0.0,0.001,0.001,0.001,0.001,0.0,,,,,,4096,32,32,16,4,4096,5,0,864,False,AttentionBackend.FLASH_ATTENTION
0.0,0.0,0.0,0.0,0.0,0.015,0.015,0.015,0.015,0.0,0.001,0.001,0.001,0.001,0.0,,,,,,4096,32,32,16,4,4096,6,0,864,False,AttentionBackend.FLASH_ATTENTION
0.0,0.0,0.0,0.0,0.0,0.015,0.015,0.015,0.015,0.0,0.001,0.001,0.001,0.001,0.0,,,,,,4096,32,32,16,4,4096,7,0,864,False,AttentionBackend.FLASH_ATTENTION
0.0,0.0,0.0,0.0,0.0,0.015,0.016,0.0154,0.015,0.000489897948556636,0.001,0.001,0.001,0.001,0.0,,,,,,4096,32,32,16,4,4096,8,0,864,False,AttentionBackend.FLASH_ATTENTION
0.0,0.0,0.0,0.0,0.0,0.01,0.011,0.010400000000000001,0.01,0.0004898979485566351,0.001,0.001,0.001,0.001,0.0,,,,,,4096,32,32,16,4,4096,1,0,896,False,AttentionBackend.FLASH_ATTENTION
0.0,0.0,0.0,0.0,0.0,0.01,0.011,0.0102,0.01,0.0003999999999999997,0.001,0.001,0.001,0.001,0.0,,,,,,4096,32,32,16,4,4096,2,0,896,False,AttentionBackend.FLASH_ATTENTION
0.0,0.0,0.0,0.0,0.0,0.012,0.013000000000000001,0.0128,0.013000000000000001,0.00040000000000000034,0.001,0.001,0.001,0.001,0.0,,,,,,4096,32,32,16,4,4096,3,0,896,False,AttentionBackend.FLASH_ATTENTION
0.0,0.0,0.0,0.0,0.0,0.012,0.013000000000000001,0.0128,0.013000000000000001,0.00040000000000000034,0.001,0.001,0.001,0.001,0.0,,,,,,4096,32,32,16,4,4096,4,0,896,False,AttentionBackend.FLASH_ATTENTION
0.0,0.0,0.0,0.0,0.0,0.013000000000000001,0.013000000000000001,0.013000000000000001,0.013000000000000001,0.0,0.001,0.001,0.001,0.001,0.0,,,,,,4096,32,32,16,4,4096,5,0,896,False,AttentionBackend.FLASH_ATTENTION
0.0,0.0,0.0,0.0,0.0,0.017,0.018000000000000002,0.0172,0.017,0.00040000000000000034,0.001,0.001,0.001,0.001,0.0,,,,,,4096,32,32,16,4,4096,6,0,896,False,AttentionBackend.FLASH_ATTENTION
0.0,0.0,0.0,0.0,0.0,0.017,0.017,0.017,0.017,0.0,0.001,0.001,0.001,0.001,0.0,,,,,,4096,32,32,16,4,4096,7,0,896,False,AttentionBackend.FLASH_ATTENTION
0.0,0.0,0.0,0.0,0.0,0.016,0.017,0.016800000000000002,0.017,0.00040000000000000034,0.001,0.001,0.001,0.001,0.0,,,,,,4096,32,32,16,4,4096,8,0,896,False,AttentionBackend.FLASH_ATTENTION
0.0,0.0,0.0,0.0,0.0,0.01,0.01,0.01,0.01,0.0,0.001,0.001,0.001,0.001,0.0,,,,,,4096,32,32,16,4,4096,1,0,928,False,AttentionBackend.FLASH_ATTENTION
0.0,0.0,0.0,0.0,0.0,0.01,0.011,0.0104,0.01,0.0004898979485566352,0.001,0.001,0.001,0.001,0.0,,,,,,4096,32,32,16,4,4096,2,0,928,False,AttentionBackend.FLASH_ATTENTION
0.0,0.0,0.0,0.0,0.0,0.012,0.013000000000000001,0.0126,0.013000000000000001,0.000489897948556636,0.001,0.001,0.001,0.001,0.0,,,,,,4096,32,32,16,4,4096,3,0,928,False,AttentionBackend.FLASH_ATTENTION
0.0,0.0,0.0,0.0,0.0,0.012,0.013000000000000001,0.012199999999999999,0.012,0.00040000000000000034,0.001,0.001,0.001,0.001,0.0,,,,,,4096,32,32,16,4,4096,4,0,928,False,AttentionBackend.FLASH_ATTENTION
0.0,0.0,0.0,0.0,0.0,0.013000000000000001,0.014,0.0132,0.013000000000000001,0.00039999999999999964,0.001,0.001,0.001,0.001,0.0,,,,,,4096,32,32,16,4,4096,5,0,928,False,AttentionBackend.FLASH_ATTENTION
0.0,0.0,0.0,0.0,0.0,0.017,0.018000000000000002,0.017400000000000002,0.017,0.000489897948556636,0.001,0.001,0.001,0.001,0.0,,,,,,4096,32,32,16,4,4096,6,0,928,False,AttentionBackend.FLASH_ATTENTION
0.0,0.0,0.0,0.0,0.0,0.017,0.017,0.017,0.017,0.0,0.001,0.001,0.001,0.001,0.0,,,,,,4096,32,32,16,4,4096,7,0,928,False,AttentionBackend.FLASH_ATTENTION
0.0,0.0,0.0,0.0,0.0,0.017,0.018000000000000002,0.017400000000000002,0.017,0.000489897948556636,0.001,0.001,0.001,0.001,0.0,,,,,,4096,32,32,16,4,4096,8,0,928,False,AttentionBackend.FLASH_ATTENTION
0.0,0.0,0.0,0.0,0.0,0.01,0.011,0.0102,0.01,0.0003999999999999997,0.001,0.001,0.001,0.001,0.0,,,,,,4096,32,32,16,4,4096,1,0,960,False,AttentionBackend.FLASH_ATTENTION
0.0,0.0,0.0,0.0,0.0,0.01,0.011,0.010400000000000001,0.01,0.0004898979485566351,0.001,0.001,0.001,0.001,0.0,,,,,,4096,32,32,16,4,4096,2,0,960,False,AttentionBackend.FLASH_ATTENTION
0.0,0.0,0.0,0.0,0.0,0.012,0.013000000000000001,0.0128,0.013000000000000001,0.00040000000000000034,0.001,0.001,0.001,0.001,0.0,,,,,,4096,32,32,16,4,4096,3,0,960,False,AttentionBackend.FLASH_ATTENTION
0.0,0.0,0.0,0.0,0.0,0.012,0.013000000000000001,0.0128,0.013000000000000001,0.00040000000000000034,0.001,0.001,0.001,0.001,0.0,,,,,,4096,32,32,16,4,4096,4,0,960,False,AttentionBackend.FLASH_ATTENTION
0.0,0.0,0.0,0.0,0.0,0.013000000000000001,0.013000000000000001,0.013000000000000001,0.013000000000000001,0.0,0.001,0.001,0.001,0.001,0.0,,,,,,4096,32,32,16,4,4096,5,0,960,False,AttentionBackend.FLASH_ATTENTION
0.0,0.0,0.0,0.0,0.0,0.017,0.018000000000000002,0.017400000000000002,0.017,0.000489897948556636,0.001,0.001,0.001,0.001,0.0,,,,,,4096,32,32,16,4,4096,6,0,960,False,AttentionBackend.FLASH_ATTENTION
0.0,0.0,0.0,0.0,0.0,0.016,0.017,0.0162,0.016,0.00040000000000000034,0.001,0.001,0.001,0.001,0.0,,,,,,4096,32,32,16,4,4096,7,0,960,False,AttentionBackend.FLASH_ATTENTION
0.0,0.0,0.0,0.0,0.0,0.017,0.017,0.017,0.017,0.0,0.001,0.001,0.001,0.001,0.0,,,,,,4096,32,32,16,4,4096,8,0,960,False,AttentionBackend.FLASH_ATTENTION
0.0,0.0,0.0,0.0,0.0,0.01,0.011,0.0102,0.01,0.0003999999999999997,0.001,0.001,0.001,0.001,0.0,,,,,,4096,32,32,16,4,4096,1,0,992,False,AttentionBackend.FLASH_ATTENTION
0.0,0.0,0.0,0.0,0.0,0.01,0.011,0.0102,0.01,0.0003999999999999997,0.001,0.001,0.001,0.001,0.0,,,,,,4096,32,32,16,4,4096,2,0,992,False,AttentionBackend.FLASH_ATTENTION
0.0,0.0,0.0,0.0,0.0,0.012,0.013000000000000001,0.0126,0.013000000000000001,0.000489897948556636,0.001,0.001,0.001,0.001,0.0,,,,,,4096,32,32,16,4,4096,3,0,992,False,AttentionBackend.FLASH_ATTENTION
0.0,0.0,0.0,0.0,0.0,0.012,0.013000000000000001,0.0126,0.013000000000000001,0.000489897948556636,0.001,0.001,0.001,0.001,0.0,,,,,,4096,32,32,16,4,4096,4,0,992,False,AttentionBackend.FLASH_ATTENTION
0.0,0.0,0.0,0.0,0.0,0.013000000000000001,0.013000000000000001,0.013000000000000001,0.013000000000000001,0.0,0.001,0.001,0.001,0.001,0.0,,,,,,4096,32,32,16,4,4096,5,0,992,False,AttentionBackend.FLASH_ATTENTION
0.0,0.0,0.0,0.0,0.0,0.018000000000000002,0.018000000000000002,0.018000000000000002,0.018000000000000002,0.0,0.001,0.001,0.001,0.001,0.0,,,,,,4096,32,32,16,4,4096,6,0,992,False,AttentionBackend.FLASH_ATTENTION
0.0,0.0,0.0,0.0,0.0,0.017,0.017,0.017,0.017,0.0,0.001,0.001,0.001,0.001,0.0,,,,,,4096,32,32,16,4,4096,7,0,992,False,AttentionBackend.FLASH_ATTENTION
0.0,0.0,0.0,0.0,0.0,0.017,0.017,0.017,0.017,0.0,0.001,0.001,0.001,0.001,0.0,,,,,,4096,32,32,16,4,4096,8,0,992,False,AttentionBackend.FLASH_ATTENTION
0.0,0.0,0.0,0.0,0.0,0.01,0.011,0.0108,0.011,0.00039999999999999964,0.001,0.001,0.001,0.001,0.0,,,,,,4096,32,32,16,4,4096,1,0,1024,False,AttentionBackend.FLASH_ATTENTION
0.0,0.0,0.0,0.0,0.0,0.011,0.011,0.011,0.011,0.0,0.001,0.001,0.001,0.001,0.0,,,,,,4096,32,32,16,4,4096,2,0,1024,False,AttentionBackend.FLASH_ATTENTION
0.0,0.0,0.0,0.0,0.0,0.012,0.012,0.012,0.012,0.0,0.001,0.001,0.001,0.001,0.0,,,,,,4096,32,32,16,4,4096,3,0,1024,False,AttentionBackend.FLASH_ATTENTION
0.0,0.0,0.0,0.0,0.0,0.014,0.015,0.014199999999999999,0.014,0.00039999999999999964,0.001,0.001,0.001,0.001,0.0,,,,,,4096,32,32,16,4,4096,4,0,1024,False,AttentionBackend.FLASH_ATTENTION
0.0,0.0,0.0,0.0,0.0,0.014,0.014,0.014000000000000002,0.014,1.734723475976807e-18,0.001,0.001,0.001,0.001,0.0,,,,,,4096,32,32,16,4,4096,5,0,1024,False,AttentionBackend.FLASH_ATTENTION
0.0,0.0,0.0,0.0,0.0,0.015,0.015,0.015,0.015,0.0,0.001,0.001,0.001,0.001,0.0,,,,,,4096,32,32,16,4,4096,6,0,1024,False,AttentionBackend.FLASH_ATTENTION
0.0,0.0,0.0,0.0,0.0,0.018000000000000002,0.018000000000000002,0.018000000000000002,0.018000000000000002,0.0,0.001,0.001,0.001,0.001,0.0,,,,,,4096,32,32,16,4,4096,7,0,1024,False,AttentionBackend.FLASH_ATTENTION
0.0,0.0,0.0,0.0,0.0,0.018000000000000002,0.018000000000000002,0.018000000000000002,0.018000000000000002,0.0,0.001,0.001,0.001,0.001,0.0,,,,,,4096,32,32,16,4,4096,8,0,1024,False,AttentionBackend.FLASH_ATTENTION
0.0,0.0,0.0,0.0,0.0,0.01,0.011,0.0108,0.011,0.00039999999999999964,0.001,0.001,0.001,0.001,0.0,,,,,,4096,32,32,16,4,4096,1,0,1024,False,AttentionBackend.FLASH_ATTENTION
0.0,0.0,0.0,0.0,0.0,0.011,0.011,0.011,0.011,0.0,0.001,0.001,0.001,0.001,0.0,,,,,,4096,32,32,16,4,4096,2,0,1024,False,AttentionBackend.FLASH_ATTENTION
0.0,0.0,0.0,0.0,0.0,0.012,0.012,0.012,0.012,0.0,0.001,0.001,0.001,0.001,0.0,,,,,,4096,32,32,16,4,4096,3,0,1024,False,AttentionBackend.FLASH_ATTENTION
0.0,0.0,0.0,0.0,0.0,0.014,0.014,0.014000000000000002,0.014,1.734723475976807e-18,0.001,0.001,0.001,0.001,0.0,,,,,,4096,32,32,16,4,4096,4,0,1024,False,AttentionBackend.FLASH_ATTENTION
0.0,0.0,0.0,0.0,0.0,0.014,0.014,0.014000000000000002,0.014,1.734723475976807e-18,0.001,0.001,0.001,0.001,0.0,,,,,,4096,32,32,16,4,4096,5,0,1024,False,AttentionBackend.FLASH_ATTENTION
0.0,0.0,0.0,0.0,0.0,0.015,0.015,0.015,0.015,0.0,0.001,0.001,0.001,0.001,0.0,,,,,,4096,32,32,16,4,4096,6,0,1024,False,AttentionBackend.FLASH_ATTENTION
0.0,0.0,0.0,0.0,0.0,0.018000000000000002,0.018000000000000002,0.018000000000000002,0.018000000000000002,0.0,0.001,0.001,0.001,0.001,0.0,,,,,,4096,32,32,16,4,4096,7,0,1024,False,AttentionBackend.FLASH_ATTENTION
0.0,0.0,0.0,0.0,0.0,0.018000000000000002,0.019,0.018600000000000002,0.019,0.0004898979485566344,0.001,0.001,0.001,0.001,0.0,,,,,,4096,32,32,16,4,4096,8,0,1024,False,AttentionBackend.FLASH_ATTENTION
0.0,0.0,0.0,0.0,0.0,0.01,0.011,0.0108,0.011,0.00039999999999999964,0.001,0.001,0.001,0.001,0.0,,,,,,4096,32,32,16,4,4096,1,0,1088,False,AttentionBackend.FLASH_ATTENTION
0.0,0.0,0.0,0.0,0.0,0.011,0.011,0.011,0.011,0.0,0.001,0.001,0.001,0.001,0.0,,,,,,4096,32,32,16,4,4096,2,0,1088,False,AttentionBackend.FLASH_ATTENTION
0.0,0.0,0.0,0.0,0.0,0.011,0.012,0.011199999999999998,0.011,0.00040000000000000034,0.001,0.001,0.001,0.001,0.0,,,,,,4096,32,32,16,4,4096,3,0,1088,False,AttentionBackend.FLASH_ATTENTION
0.0,0.0,0.0,0.0,0.0,0.014,0.014,0.014000000000000002,0.014,1.734723475976807e-18,0.001,0.001,0.001,0.001,0.0,,,,,,4096,32,32,16,4,4096,4,0,1088,False,AttentionBackend.FLASH_ATTENTION
0.0,0.0,0.0,0.0,0.0,0.014,0.014,0.014000000000000002,0.014,1.734723475976807e-18,0.001,0.001,0.001,0.001,0.0,,,,,,4096,32,32,16,4,4096,5,0,1088,False,AttentionBackend.FLASH_ATTENTION
0.0,0.0,0.0,0.0,0.0,0.015,0.015,0.015,0.015,0.0,0.001,0.001,0.001,0.001,0.0,,,,,,4096,32,32,16,4,4096,6,0,1088,False,AttentionBackend.FLASH_ATTENTION
0.0,0.0,0.0,0.0,0.0,0.018000000000000002,0.018000000000000002,0.018000000000000002,0.018000000000000002,0.0,0.001,0.001,0.001,0.001,0.0,,,,,,4096,32,32,16,4,4096,7,0,1088,False,AttentionBackend.FLASH_ATTENTION
0.0,0.0,0.0,0.0,0.0,0.018000000000000002,0.018000000000000002,0.018000000000000002,0.018000000000000002,0.0,0.001,0.001,0.001,0.001,0.0,,,,,,4096,32,32,16,4,4096,8,0,1088,False,AttentionBackend.FLASH_ATTENTION
0.0,0.0,0.0,0.0,0.0,0.011,0.011,0.011,0.011,0.0,0.001,0.001,0.001,0.001,0.0,,,,,,4096,32,32,16,4,4096,1,0,1152,False,AttentionBackend.FLASH_ATTENTION
0.0,0.0,0.0,0.0,0.0,0.013000000000000001,0.013000000000000001,0.013000000000000001,0.013000000000000001,0.0,0.001,0.001,0.001,0.001,0.0,,,,,,4096,32,32,16,4,4096,2,0,1152,False,AttentionBackend.FLASH_ATTENTION
0.0,0.0,0.0,0.0,0.0,0.012,0.013000000000000001,0.0128,0.013000000000000001,0.0004000000000000004,0.001,0.001,0.001,0.001,0.0,,,,,,4096,32,32,16,4,4096,3,0,1152,False,AttentionBackend.FLASH_ATTENTION
0.0,0.0,0.0,0.0,0.0,0.013000000000000001,0.014,0.013600000000000001,0.014,0.0004898979485566351,0.001,0.001,0.001,0.001,0.0,,,,,,4096,32,32,16,4,4096,4,0,1152,False,AttentionBackend.FLASH_ATTENTION
0.0,0.0,0.0,0.0,0.0,0.015,0.015,0.015,0.015,0.0,0.001,0.001,0.001,0.001,0.0,,,,,,4096,32,32,16,4,4096,5,0,1152,False,AttentionBackend.FLASH_ATTENTION
0.0,0.0,0.0,0.0,0.0,0.016,0.017,0.0162,0.016,0.00040000000000000034,0.001,0.001,0.001,0.001,0.0,,,,,,4096,32,32,16,4,4096,6,0,1152,False,AttentionBackend.FLASH_ATTENTION
0.0,0.0,0.0,0.0,0.0,0.019,0.019,0.019,0.019,0.0,0.001,0.001,0.001,0.001,0.0,,,,,,4096,32,32,16,4,4096,7,0,1152,False,AttentionBackend.FLASH_ATTENTION
0.0,0.0,0.0,0.0,0.0,0.019,0.019,0.019,0.019,0.0,0.001,0.001,0.001,0.001,0.0,,,,,,4096,32,32,16,4,4096,8,0,1152,False,AttentionBackend.FLASH_ATTENTION
0.0,0.0,0.0,0.0,0.0,0.011,0.011,0.011,0.011,0.0,0.001,0.001,0.001,0.001,0.0,,,,,,4096,32,32,16,4,4096,1,0,1216,False,AttentionBackend.FLASH_ATTENTION
0.0,0.0,0.0,0.0,0.0,0.013000000000000001,0.013000000000000001,0.013000000000000001,0.013000000000000001,0.0,0.001,0.001,0.001,0.001,0.0,,,,,,4096,32,32,16,4,4096,2,0,1216,False,AttentionBackend.FLASH_ATTENTION
0.0,0.0,0.0,0.0,0.0,0.013000000000000001,0.013000000000000001,0.013000000000000001,0.013000000000000001,0.0,0.001,0.001,0.001,0.001,0.0,,,,,,4096,32,32,16,4,4096,3,0,1216,False,AttentionBackend.FLASH_ATTENTION
0.0,0.0,0.0,0.0,0.0,0.013000000000000001,0.014,0.013800000000000002,0.014,0.00039999999999999964,0.001,0.001,0.001,0.001,0.0,,,,,,4096,32,32,16,4,4096,4,0,1216,False,AttentionBackend.FLASH_ATTENTION
0.0,0.0,0.0,0.0,0.0,0.015,0.015,0.015,0.015,0.0,0.001,0.001,0.001,0.001,0.0,,,,,,4096,32,32,16,4,4096,5,0,1216,False,AttentionBackend.FLASH_ATTENTION
0.0,0.0,0.0,0.0,0.0,0.016,0.016,0.016,0.016,0.0,0.001,0.001,0.001,0.001,0.0,,,,,,4096,32,32,16,4,4096,6,0,1216,False,AttentionBackend.FLASH_ATTENTION
0.0,0.0,0.0,0.0,0.0,0.02,0.02,0.02,0.02,0.0,0.001,0.001,0.001,0.001,0.0,,,,,,4096,32,32,16,4,4096,7,0,1216,False,AttentionBackend.FLASH_ATTENTION
0.0,0.0,0.0,0.0,0.0,0.02,0.021,0.020200000000000003,0.02,0.00040000000000000034,0.001,0.001,0.001,0.001,0.0,,,,,,4096,32,32,16,4,4096,8,0,1216,False,AttentionBackend.FLASH_ATTENTION
0.0,0.0,0.0,0.0,0.0,0.011,0.011,0.011,0.011,0.0,0.001,0.001,0.001,0.001,0.0,,,,,,4096,32,32,16,4,4096,1,0,1280,False,AttentionBackend.FLASH_ATTENTION
0.0,0.0,0.0,0.0,0.0,0.011,0.011,0.011,0.011,0.0,0.001,0.001,0.001,0.001,0.0,,,,,,4096,32,32,16,4,4096,2,0,1280,False,AttentionBackend.FLASH_ATTENTION
0.0,0.0,0.0,0.0,0.0,0.014,0.014,0.014000000000000002,0.014,1.734723475976807e-18,0.001,0.001,0.001,0.001,0.0,,,,,,4096,32,32,16,4,4096,3,0,1280,False,AttentionBackend.FLASH_ATTENTION
0.0,0.0,0.0,0.0,0.0,0.013000000000000001,0.015,0.013999999999999999,0.014,0.0006324555320336754,0.001,0.001,0.001,0.001,0.0,,,,,,4096,32,32,16,4,4096,4,0,1280,False,AttentionBackend.FLASH_ATTENTION
0.0,0.0,0.0,0.0,0.0,0.015,0.015,0.015,0.015,0.0,0.001,0.001,0.001,0.001,0.0,,,,,,4096,32,32,16,4,4096,5,0,1280,False,AttentionBackend.FLASH_ATTENTION
0.0,0.0,0.0,0.0,0.0,0.021,0.022,0.021200000000000004,0.021,0.00039999999999999893,0.001,0.001,0.001,0.001,0.0,,,,,,4096,32,32,16,4,4096,6,0,1280,False,AttentionBackend.FLASH_ATTENTION
0.0,0.0,0.0,0.0,0.0,0.02,0.021,0.0206,0.021,0.000489897948556636,0.001,0.001,0.001,0.001,0.0,,,,,,4096,32,32,16,4,4096,7,0,1280,False,AttentionBackend.FLASH_ATTENTION
0.0,0.0,0.0,0.0,0.0,0.021,0.022,0.0214,0.021,0.0004898979485566344,0.001,0.001,0.001,0.001,0.0,,,,,,4096,32,32,16,4,4096,8,0,1280,False,AttentionBackend.FLASH_ATTENTION
0.0,0.0,0.0,0.0,0.0,0.011,0.011,0.011,0.011,0.0,0.001,0.001,0.001,0.001,0.0,,,,,,4096,32,32,16,4,4096,1,0,1344,False,AttentionBackend.FLASH_ATTENTION
0.0,0.0,0.0,0.0,0.0,0.011,0.011,0.011,0.011,0.0,0.001,0.001,0.001,0.001,0.0,,,,,,4096,32,32,16,4,4096,2,0,1344,False,AttentionBackend.FLASH_ATTENTION
0.0,0.0,0.0,0.0,0.0,0.014,0.014,0.014000000000000002,0.014,1.734723475976807e-18,0.001,0.001,0.001,0.001,0.0,,,,,,4096,32,32,16,4,4096,3,0,1344,False,AttentionBackend.FLASH_ATTENTION
0.0,0.0,0.0,0.0,0.0,0.013000000000000001,0.015,0.013799999999999998,0.014,0.0007483314773547876,0.001,0.001,0.001,0.001,0.0,,,,,,4096,32,32,16,4,4096,4,0,1344,False,AttentionBackend.FLASH_ATTENTION
0.0,0.0,0.0,0.0,0.0,0.015,0.017,0.0158,0.016,0.0007483314773547889,0.001,0.001,0.001,0.001,0.0,,,,,,4096,32,32,16,4,4096,5,0,1344,False,AttentionBackend.FLASH_ATTENTION
0.0,0.0,0.0,0.0,0.0,0.021,0.022,0.021400000000000002,0.021,0.0004898979485566344,0.001,0.001,0.001,0.001,0.0,,,,,,4096,32,32,16,4,4096,6,0,1344,False,AttentionBackend.FLASH_ATTENTION
0.0,0.0,0.0,0.0,0.0,0.02,0.021,0.020800000000000003,0.021,0.00040000000000000034,0.001,0.001,0.001,0.001,0.0,,,,,,4096,32,32,16,4,4096,7,0,1344,False,AttentionBackend.FLASH_ATTENTION
0.0,0.0,0.0,0.0,0.0,0.021,0.022,0.0216,0.022,0.0004898979485566344,0.001,0.001,0.001,0.001,0.0,,,,,,4096,32,32,16,4,4096,8,0,1344,False,AttentionBackend.FLASH_ATTENTION
0.0,0.0,0.0,0.0,0.0,0.011,0.011,0.011,0.011,0.0,0.001,0.001,0.001,0.001,0.0,,,,,,4096,32,32,16,4,4096,1,0,1408,False,AttentionBackend.FLASH_ATTENTION
0.0,0.0,0.0,0.0,0.0,0.012,0.013000000000000001,0.012199999999999999,0.012,0.00040000000000000034,0.001,0.001,0.001,0.001,0.0,,,,,,4096,32,32,16,4,4096,2,0,1408,False,AttentionBackend.FLASH_ATTENTION
0.0,0.0,0.0,0.0,0.0,0.014,0.015,0.014599999999999998,0.015,0.0004898979485566351,0.001,0.001,0.001,0.001,0.0,,,,,,4096,32,32,16,4,4096,3,0,1408,False,AttentionBackend.FLASH_ATTENTION
0.0,0.0,0.0,0.0,0.0,0.014,0.015,0.014599999999999998,0.015,0.0004898979485566351,0.001,0.001,0.001,0.001,0.0,,,,,,4096,32,32,16,4,4096,4,0,1408,False,AttentionBackend.FLASH_ATTENTION
0.0,0.0,0.0,0.0,0.0,0.017,0.017,0.017,0.017,0.0,0.001,0.001,0.001,0.001,0.0,,,,,,4096,32,32,16,4,4096,5,0,1408,False,AttentionBackend.FLASH_ATTENTION
0.0,0.0,0.0,0.0,0.0,0.024,0.025,0.024399999999999998,0.024,0.000489897948556636,0.001,0.001,0.001,0.001,0.0,,,,,,4096,32,32,16,4,4096,6,0,1408,False,AttentionBackend.FLASH_ATTENTION
0.0,0.0,0.0,0.0,0.0,0.022,0.022,0.022,0.022,0.0,0.001,0.001,0.001,0.001,0.0,,,,,,4096,32,32,16,4,4096,7,0,1408,False,AttentionBackend.FLASH_ATTENTION
0.0,0.0,0.0,0.0,0.0,0.024,0.024,0.024,0.024,0.0,0.001,0.001,0.001,0.001,0.0,,,,,,4096,32,32,16,4,4096,8,0,1408,False,AttentionBackend.FLASH_ATTENTION
0.0,0.0,0.0,0.0,0.0,0.011,0.012,0.011199999999999998,0.011,0.00040000000000000034,0.001,0.001,0.001,0.001,0.0,,,,,,4096,32,32,16,4,4096,1,0,1472,False,AttentionBackend.FLASH_ATTENTION
0.0,0.0,0.0,0.0,0.0,0.012,0.013000000000000001,0.0126,0.013000000000000001,0.000489897948556636,0.001,0.001,0.001,0.001,0.0,,,,,,4096,32,32,16,4,4096,2,0,1472,False,AttentionBackend.FLASH_ATTENTION
0.0,0.0,0.0,0.0,0.0,0.014,0.015,0.0144,0.014,0.0004898979485566352,0.001,0.001,0.001,0.001,0.0,,,,,,4096,32,32,16,4,4096,3,0,1472,False,AttentionBackend.FLASH_ATTENTION
0.0,0.0,0.0,0.0,0.0,0.015,0.016,0.0158,0.016,0.00040000000000000034,0.001,0.001,0.001,0.001,0.0,,,,,,4096,32,32,16,4,4096,4,0,1472,False,AttentionBackend.FLASH_ATTENTION
0.0,0.0,0.0,0.0,0.0,0.017,0.017,0.017,0.017,0.0,0.001,0.001,0.001,0.001,0.0,,,,,,4096,32,32,16,4,4096,5,0,1472,False,AttentionBackend.FLASH_ATTENTION
0.0,0.0,0.0,0.0,0.0,0.025,0.026000000000000002,0.0254,0.025,0.000489897948556636,0.001,0.001,0.001,0.001,0.0,,,,,,4096,32,32,16,4,4096,6,0,1472,False,AttentionBackend.FLASH_ATTENTION
0.0,0.0,0.0,0.0,0.0,0.023,0.023,0.023,0.023,0.0,0.001,0.001,0.001,0.001,0.0,,,,,,4096,32,32,16,4,4096,7,0,1472,False,AttentionBackend.FLASH_ATTENTION
0.0,0.0,0.0,0.0,0.0,0.025,0.026000000000000002,0.0256,0.026000000000000002,0.000489897948556636,0.001,0.001,0.001,0.001,0.0,,,,,,4096,32,32,16,4,4096,8,0,1472,False,AttentionBackend.FLASH_ATTENTION
0.0,0.0,0.0,0.0,0.0,0.011,0.012,0.011199999999999998,0.011,0.00040000000000000034,0.001,0.001,0.001,0.001,0.0,,,,,,4096,32,32,16,4,4096,1,0,1536,False,AttentionBackend.FLASH_ATTENTION
0.0,0.0,0.0,0.0,0.0,0.012,0.012,0.012,0.012,0.0,0.001,0.001,0.001,0.001,0.0,,,,,,4096,32,32,16,4,4096,2,0,1536,False,AttentionBackend.FLASH_ATTENTION
0.0,0.0,0.0,0.0,0.0,0.014,0.014,0.014000000000000002,0.014,1.734723475976807e-18,0.001,0.001,0.001,0.001,0.0,,,,,,4096,32,32,16,4,4096,3,0,1536,False,AttentionBackend.FLASH_ATTENTION
0.0,0.0,0.0,0.0,0.0,0.016,0.017,0.0166,0.017,0.000489897948556636,0.001,0.001,0.001,0.001,0.0,,,,,,4096,32,32,16,4,4096,4,0,1536,False,AttentionBackend.FLASH_ATTENTION
0.0,0.0,0.0,0.0,0.0,0.018000000000000002,0.018000000000000002,0.018000000000000002,0.018000000000000002,0.0,0.001,0.001,0.001,0.001,0.0,,,,,,4096,32,32,16,4,4096,5,0,1536,False,AttentionBackend.FLASH_ATTENTION
0.0,0.0,0.0,0.0,0.0,0.019,0.019,0.019,0.019,0.0,0.001,0.001,0.001,0.001,0.0,,,,,,4096,32,32,16,4,4096,6,0,1536,False,AttentionBackend.FLASH_ATTENTION
0.0,0.0,0.0,0.0,0.0,0.024,0.025,0.0242,0.024,0.00040000000000000034,0.001,0.001,0.001,0.001,0.0,,,,,,4096,32,32,16,4,4096,7,0,1536,False,AttentionBackend.FLASH_ATTENTION
0.0,0.0,0.0,0.0,0.0,0.026000000000000002,0.027,0.026600000000000002,0.027,0.0004898979485566344,0.001,0.001,0.001,0.001,0.0,,,,,,4096,32,32,16,4,4096,8,0,1536,False,AttentionBackend.FLASH_ATTENTION
0.0,0.0,0.0,0.0,0.0,0.011,0.012,0.011399999999999999,0.011,0.0004898979485566361,0.001,0.001,0.001,0.001,0.0,,,,,,4096,32,32,16,4,4096,1,0,1600,False,AttentionBackend.FLASH_ATTENTION
0.0,0.0,0.0,0.0,0.0,0.011,0.012,0.0118,0.012,0.00040000000000000034,0.001,0.001,0.001,0.001,0.0,,,,,,4096,32,32,16,4,4096,2,0,1600,False,AttentionBackend.FLASH_ATTENTION
0.0,0.0,0.0,0.0,0.0,0.014,0.014,0.014000000000000002,0.014,1.734723475976807e-18,0.001,0.001,0.001,0.001,0.0,,,,,,4096,32,32,16,4,4096,3,0,1600,False,AttentionBackend.FLASH_ATTENTION
0.0,0.0,0.0,0.0,0.0,0.015,0.017,0.0164,0.017,0.0008000000000000007,0.001,0.001,0.001,0.001,0.0,,,,,,4096,32,32,16,4,4096,4,0,1600,False,AttentionBackend.FLASH_ATTENTION
0.0,0.0,0.0,0.0,0.0,0.018000000000000002,0.019,0.0182,0.018000000000000002,0.00039999999999999893,0.001,0.001,0.001,0.001,0.0,,,,,,4096,32,32,16,4,4096,5,0,1600,False,AttentionBackend.FLASH_ATTENTION
0.0,0.0,0.0,0.0,0.0,0.019,0.019,0.019,0.019,0.0,0.001,0.001,0.001,0.001,0.0,,,,,,4096,32,32,16,4,4096,6,0,1600,False,AttentionBackend.FLASH_ATTENTION
0.0,0.0,0.0,0.0,0.0,0.024,0.025,0.0242,0.024,0.00040000000000000034,0.001,0.001,0.001,0.001,0.0,,,,,,4096,32,32,16,4,4096,7,0,1600,False,AttentionBackend.FLASH_ATTENTION
0.0,0.0,0.0,0.0,0.0,0.027,0.028,0.0274,0.027,0.000489897948556636,0.001,0.001,0.001,0.001,0.0,,,,,,4096,32,32,16,4,4096,8,0,1600,False,AttentionBackend.FLASH_ATTENTION
0.0,0.0,0.0,0.0,0.0,0.011,0.012,0.0118,0.012,0.00040000000000000034,0.001,0.001,0.001,0.001,0.0,,,,,,4096,32,32,16,4,4096,1,0,1664,False,AttentionBackend.FLASH_ATTENTION
0.0,0.0,0.0,0.0,0.0,0.012,0.013000000000000001,0.0126,0.013000000000000001,0.000489897948556636,0.001,0.001,0.001,0.001,0.0,,,,,,4096,32,32,16,4,4096,2,0,1664,False,AttentionBackend.FLASH_ATTENTION
0.0,0.0,0.0,0.0,0.0,0.014,0.014,0.014000000000000002,0.014,1.734723475976807e-18,0.001,0.001,0.001,0.001,0.0,,,,,,4096,32,32,16,4,4096,3,0,1664,False,AttentionBackend.FLASH_ATTENTION
0.0,0.0,0.0,0.0,0.0,0.016,0.017,0.0164,0.016,0.000489897948556636,0.001,0.001,0.001,0.001,0.0,,,,,,4096,32,32,16,4,4096,4,0,1664,False,AttentionBackend.FLASH_ATTENTION
0.0,0.0,0.0,0.0,0.0,0.018000000000000002,0.019,0.0182,0.018000000000000002,0.00039999999999999893,0.001,0.001,0.001,0.001,0.0,,,,,,4096,32,32,16,4,4096,5,0,1664,False,AttentionBackend.FLASH_ATTENTION
0.0,0.0,0.0,0.0,0.0,0.019,0.02,0.0198,0.02,0.00040000000000000034,0.001,0.001,0.001,0.001,0.0,,,,,,4096,32,32,16,4,4096,6,0,1664,False,AttentionBackend.FLASH_ATTENTION
0.0,0.0,0.0,0.0,0.0,0.026000000000000002,0.027,0.0264,0.026000000000000002,0.0004898979485566344,0.001,0.001,0.001,0.001,0.0,,,,,,4096,32,32,16,4,4096,7,0,1664,False,AttentionBackend.FLASH_ATTENTION
0.0,0.0,0.0,0.0,0.0,0.028,0.03,0.0288,0.029,0.0007483314773547878,0.001,0.001,0.001,0.001,0.0,,,,,,4096,32,32,16,4,4096,8,0,1664,False,AttentionBackend.FLASH_ATTENTION
0.0,0.0,0.0,0.0,0.0,0.011,0.012,0.0118,0.012,0.00040000000000000034,0.001,0.001,0.001,0.001,0.0,,,,,,4096,32,32,16,4,4096,1,0,1728,False,AttentionBackend.FLASH_ATTENTION
0.0,0.0,0.0,0.0,0.0,0.013000000000000001,0.013000000000000001,0.013000000000000001,0.013000000000000001,0.0,0.001,0.001,0.001,0.001,0.0,,,,,,4096,32,32,16,4,4096,2,0,1728,False,AttentionBackend.FLASH_ATTENTION
0.0,0.0,0.0,0.0,0.0,0.014,0.014,0.014000000000000002,0.014,1.734723475976807e-18,0.001,0.001,0.001,0.001,0.0,,,,,,4096,32,32,16,4,4096,3,0,1728,False,AttentionBackend.FLASH_ATTENTION
0.0,0.0,0.0,0.0,0.0,0.016,0.017,0.0166,0.017,0.000489897948556636,0.001,0.001,0.001,0.001,0.0,,,,,,4096,32,32,16,4,4096,4,0,1728,False,AttentionBackend.FLASH_ATTENTION
0.0,0.0,0.0,0.0,0.0,0.018000000000000002,0.02,0.019,0.019,0.0006324555320336754,0.001,0.001,0.001,0.001,0.0,,,,,,4096,32,32,16,4,4096,5,0,1728,False,AttentionBackend.FLASH_ATTENTION
0.0,0.0,0.0,0.0,0.0,0.019,0.02,0.0198,0.02,0.00040000000000000034,0.001,0.001,0.001,0.001,0.0,,,,,,4096,32,32,16,4,4096,6,0,1728,False,AttentionBackend.FLASH_ATTENTION
0.0,0.0,0.0,0.0,0.0,0.026000000000000002,0.027,0.0268,0.027,0.00039999999999999893,0.001,0.001,0.001,0.001,0.0,,,,,,4096,32,32,16,4,4096,7,0,1728,False,AttentionBackend.FLASH_ATTENTION
0.0,0.0,0.0,0.0,0.0,0.029,0.031,0.0298,0.03,0.0007483314773547874,0.001,0.001,0.001,0.001,0.0,,,,,,4096,32,32,16,4,4096,8,0,1728,False,AttentionBackend.FLASH_ATTENTION
0.0,0.0,0.0,0.0,0.0,0.012,0.012,0.012,0.012,0.0,0.001,0.001,0.001,0.001,0.0,,,,,,4096,32,32,16,4,4096,1,0,1792,False,AttentionBackend.FLASH_ATTENTION
0.0,0.0,0.0,0.0,0.0,0.012,0.013000000000000001,0.0124,0.012,0.0004898979485566361,0.001,0.001,0.001,0.001,0.0,,,,,,4096,32,32,16,4,4096,2,0,1792,False,AttentionBackend.FLASH_ATTENTION
0.0,0.0,0.0,0.0,0.0,0.015,0.015,0.015,0.015,0.0,0.001,0.001,0.001,0.001,0.0,,,,,,4096,32,32,16,4,4096,3,0,1792,False,AttentionBackend.FLASH_ATTENTION
0.0,0.0,0.0,0.0,0.0,0.016,0.017,0.0166,0.017,0.000489897948556636,0.001,0.001,0.001,0.001,0.0,,,,,,4096,32,32,16,4,4096,4,0,1792,False,AttentionBackend.FLASH_ATTENTION
0.0,0.0,0.0,0.0,0.0,0.019,0.02,0.0196,0.02,0.000489897948556636,0.001,0.001,0.001,0.001,0.0,,,,,,4096,32,32,16,4,4096,5,0,1792,False,AttentionBackend.FLASH_ATTENTION
0.0,0.0,0.0,0.0,0.0,0.021,0.021,0.021,0.021,0.0,0.001,0.001,0.001,0.001,0.0,,,,,,4096,32,32,16,4,4096,6,0,1792,False,AttentionBackend.FLASH_ATTENTION
0.0,0.0,0.0,0.0,0.0,0.028,0.029,0.028200000000000003,0.028,0.00040000000000000034,0.001,0.001,0.001,0.001,0.0,,,,,,4096,32,32,16,4,4096,7,0,1792,False,AttentionBackend.FLASH_ATTENTION
0.0,0.0,0.0,0.0,0.0,0.03,0.031,0.0306,0.031,0.000489897948556636,0.001,0.001,0.001,0.001,0.0,,,,,,4096,32,32,16,4,4096,8,0,1792,False,AttentionBackend.FLASH_ATTENTION
0.0,0.0,0.0,0.0,0.0,0.012,0.012,0.012,0.012,0.0,0.001,0.001,0.001,0.001,0.0,,,,,,4096,32,32,16,4,4096,1,0,1856,False,AttentionBackend.FLASH_ATTENTION
0.0,0.0,0.0,0.0,0.0,0.012,0.013000000000000001,0.0126,0.013000000000000001,0.000489897948556636,0.001,0.001,0.001,0.001,0.0,,,,,,4096,32,32,16,4,4096,2,0,1856,False,AttentionBackend.FLASH_ATTENTION
0.0,0.0,0.0,0.0,0.0,0.015,0.015,0.015,0.015,0.0,0.001,0.001,0.001,0.001,0.0,,,,,,4096,32,32,16,4,4096,3,0,1856,False,AttentionBackend.FLASH_ATTENTION
0.0,0.0,0.0,0.0,0.0,0.017,0.017,0.017,0.017,0.0,0.001,0.001,0.001,0.001,0.0,,,,,,4096,32,32,16,4,4096,4,0,1856,False,AttentionBackend.FLASH_ATTENTION
0.0,0.0,0.0,0.0,0.0,0.02,0.02,0.02,0.02,0.0,0.001,0.001,0.001,0.001,0.0,,,,,,4096,32,32,16,4,4096,5,0,1856,False,AttentionBackend.FLASH_ATTENTION
0.0,0.0,0.0,0.0,0.0,0.022,0.023,0.022799999999999997,0.023,0.00040000000000000034,0.001,0.001,0.001,0.001,0.0,,,,,,4096,32,32,16,4,4096,6,0,1856,False,AttentionBackend.FLASH_ATTENTION
0.0,0.0,0.0,0.0,0.0,0.028,0.029,0.028200000000000003,0.028,0.00040000000000000034,0.001,0.001,0.001,0.001,0.0,,,,,,4096,32,32,16,4,4096,7,0,1856,False,AttentionBackend.FLASH_ATTENTION
0.0,0.0,0.0,0.0,0.0,0.03,0.032,0.0308,0.031,0.0007483314773547889,0.001,0.001,0.001,0.001,0.0,,,,,,4096,32,32,16,4,4096,8,0,1856,False,AttentionBackend.FLASH_ATTENTION
0.0,0.0,0.0,0.0,0.0,0.012,0.012,0.012,0.012,0.0,0.001,0.001,0.001,0.001,0.0,,,,,,4096,32,32,16,4,4096,1,0,1920,False,AttentionBackend.FLASH_ATTENTION
0.0,0.0,0.0,0.0,0.0,0.013000000000000001,0.014,0.0134,0.013000000000000001,0.0004898979485566352,0.001,0.001,0.001,0.001,0.0,,,,,,4096,32,32,16,4,4096,2,0,1920,False,AttentionBackend.FLASH_ATTENTION
0.0,0.0,0.0,0.0,0.0,0.019,0.02,0.0198,0.02,0.00040000000000000034,0.001,0.001,0.001,0.001,0.0,,,,,,4096,32,32,16,4,4096,3,0,1920,False,AttentionBackend.FLASH_ATTENTION
0.0,0.0,0.0,0.0,0.0,0.017,0.018000000000000002,0.017400000000000002,0.017,0.000489897948556636,0.001,0.001,0.001,0.001,0.0,,,,,,4096,32,32,16,4,4096,4,0,1920,False,AttentionBackend.FLASH_ATTENTION
0.0,0.0,0.0,0.0,0.0,0.021,0.022,0.0216,0.022,0.0004898979485566344,0.001,0.001,0.001,0.001,0.0,,,,,,4096,32,32,16,4,4096,5,0,1920,False,AttentionBackend.FLASH_ATTENTION
0.0,0.0,0.0,0.0,0.0,0.028,0.03,0.0288,0.029,0.0007483314773547878,0.001,0.001,0.001,0.001,0.0,,,,,,4096,32,32,16,4,4096,6,0,1920,False,AttentionBackend.FLASH_ATTENTION
0.0,0.0,0.0,0.0,0.0,0.029,0.029,0.029000000000000005,0.029,3.469446951953614e-18,0.001,0.001,0.001,0.001,0.0,,,,,,4096,32,32,16,4,4096,7,0,1920,False,AttentionBackend.FLASH_ATTENTION
0.0,0.0,0.0,0.0,0.0,0.032,0.033,0.0324,0.032,0.000489897948556636,0.001,0.001,0.001,0.001,0.0,,,,,,4096,32,32,16,4,4096,8,0,1920,False,AttentionBackend.FLASH_ATTENTION
0.0,0.0,0.0,0.0,0.0,0.012,0.012,0.012,0.012,0.0,0.001,0.001,0.001,0.001,0.0,,,,,,4096,32,32,16,4,4096,1,0,1984,False,AttentionBackend.FLASH_ATTENTION
0.0,0.0,0.0,0.0,0.0,0.013000000000000001,0.014,0.0134,0.013000000000000001,0.0004898979485566352,0.001,0.001,0.001,0.001,0.0,,,,,,4096,32,32,16,4,4096,2,0,1984,False,AttentionBackend.FLASH_ATTENTION
0.0,0.0,0.0,0.0,0.0,0.019,0.02,0.0198,0.02,0.00040000000000000034,0.001,0.001,0.001,0.001,0.0,,,,,,4096,32,32,16,4,4096,3,0,1984,False,AttentionBackend.FLASH_ATTENTION
0.0,0.0,0.0,0.0,0.0,0.017,0.018000000000000002,0.0176,0.018000000000000002,0.000489897948556636,0.001,0.001,0.001,0.001,0.0,,,,,,4096,32,32,16,4,4096,4,0,1984,False,AttentionBackend.FLASH_ATTENTION
0.0,0.0,0.0,0.0,0.0,0.022,0.024,0.022399999999999996,0.022,0.0008000000000000007,0.001,0.001,0.001,0.001,0.0,,,,,,4096,32,32,16,4,4096,5,0,1984,False,AttentionBackend.FLASH_ATTENTION
0.0,0.0,0.0,0.0,0.0,0.03,0.033,0.0314,0.031,0.001019803902718558,0.001,0.001,0.001,0.001,0.0,,,,,,4096,32,32,16,4,4096,6,0,1984,False,AttentionBackend.FLASH_ATTENTION
0.0,0.0,0.0,0.0,0.0,0.03,0.03,0.03,0.03,0.0,0.001,0.001,0.001,0.001,0.0,,,,,,4096,32,32,16,4,4096,7,0,1984,False,AttentionBackend.FLASH_ATTENTION
0.0,0.0,0.0,0.0,0.0,0.032,0.033,0.0328,0.033,0.00040000000000000034,0.001,0.001,0.001,0.001,0.0,,,,,,4096,32,32,16,4,4096,8,0,1984,False,AttentionBackend.FLASH_ATTENTION
0.0,0.0,0.0,0.0,0.0,0.012,0.013000000000000001,0.0124,0.012,0.0004898979485566361,0.001,0.001,0.001,0.001,0.0,,,,,,4096,32,32,16,4,4096,1,0,2048,False,AttentionBackend.FLASH_ATTENTION
0.0,0.0,0.0,0.0,0.0,0.014,0.014,0.014000000000000002,0.014,1.734723475976807e-18,0.001,0.001,0.001,0.001,0.0,,,,,,4096,32,32,16,4,4096,2,0,2048,False,AttentionBackend.FLASH_ATTENTION
0.0,0.0,0.0,0.0,0.0,0.016,0.017,0.0162,0.016,0.00040000000000000034,0.001,0.001,0.001,0.001,0.0,,,,,,4096,32,32,16,4,4096,3,0,2048,False,AttentionBackend.FLASH_ATTENTION
0.0,0.0,0.0,0.0,0.0,0.018000000000000002,0.019,0.018600000000000002,0.019,0.0004898979485566344,0.001,0.001,0.001,0.001,0.0,,,,,,4096,32,32,16,4,4096,4,0,2048,False,AttentionBackend.FLASH_ATTENTION
0.0,0.0,0.0,0.0,0.0,0.021,0.023,0.022,0.022,0.0006324555320336754,0.001,0.001,0.001,0.001,0.0,,,,,,4096,32,32,16,4,4096,5,0,2048,False,AttentionBackend.FLASH_ATTENTION
0.0,0.0,0.0,0.0,0.0,0.025,0.027,0.026000000000000002,0.026000000000000002,0.0008944271909999153,0.001,0.001,0.001,0.001,0.0,,,,,,4096,32,32,16,4,4096,6,0,2048,False,AttentionBackend.FLASH_ATTENTION
0.0,0.0,0.0,0.0,0.0,0.031,0.032,0.0312,0.031,0.00040000000000000034,0.001,0.001,0.001,0.001,0.0,,,,,,4096,32,32,16,4,4096,7,0,2048,False,AttentionBackend.FLASH_ATTENTION
0.0,0.0,0.0,0.0,0.0,0.033,0.035,0.034,0.034,0.0008944271909999167,0.001,0.001,0.001,0.001,0.0,,,,,,4096,32,32,16,4,4096,8,0,2048,False,AttentionBackend.FLASH_ATTENTION
0.0,0.0,0.0,0.0,0.0,0.012,0.013000000000000001,0.0126,0.013000000000000001,0.000489897948556636,0.001,0.001,0.001,0.001,0.0,,,,,,4096,32,32,16,4,4096,1,0,2112,False,AttentionBackend.FLASH_ATTENTION
0.0,0.0,0.0,0.0,0.0,0.014,0.014,0.014000000000000002,0.014,1.734723475976807e-18,0.001,0.001,0.001,0.001,0.0,,,,,,4096,32,32,16,4,4096,2,0,2112,False,AttentionBackend.FLASH_ATTENTION
0.0,0.0,0.0,0.0,0.0,0.016,0.016,0.016,0.016,0.0,0.001,0.001,0.001,0.001,0.0,,,,,,4096,32,32,16,4,4096,3,0,2112,False,AttentionBackend.FLASH_ATTENTION
0.0,0.0,0.0,0.0,0.0,0.018000000000000002,0.019,0.0188,0.019,0.00039999999999999893,0.001,0.001,0.001,0.001,0.0,,,,,,4096,32,32,16,4,4096,4,0,2112,False,AttentionBackend.FLASH_ATTENTION
0.0,0.0,0.0,0.0,0.0,0.023,0.023,0.023,0.023,0.0,0.001,0.001,0.001,0.001,0.0,,,,,,4096,32,32,16,4,4096,5,0,2112,False,AttentionBackend.FLASH_ATTENTION
0.0,0.0,0.0,0.0,0.0,0.025,0.025,0.025,0.025,0.0,0.001,0.001,0.001,0.001,0.0,,,,,,4096,32,32,16,4,4096,6,0,2112,False,AttentionBackend.FLASH_ATTENTION
0.0,0.0,0.0,0.0,0.0,0.032,0.032,0.032,0.032,0.0,0.001,0.001,0.001,0.001,0.0,,,,,,4096,32,32,16,4,4096,7,0,2112,False,AttentionBackend.FLASH_ATTENTION
0.0,0.0,0.0,0.0,0.0,0.034,0.034,0.034,0.034,0.0,0.001,0.001,0.001,0.001,0.0,,,,,,4096,32,32,16,4,4096,8,0,2112,False,AttentionBackend.FLASH_ATTENTION
0.0,0.0,0.0,0.0,0.0,0.013000000000000001,0.014,0.0134,0.013000000000000001,0.0004898979485566352,0.001,0.001,0.001,0.001,0.0,,,,,,4096,32,32,16,4,4096,1,0,2176,False,AttentionBackend.FLASH_ATTENTION
0.0,0.0,0.0,0.0,0.0,0.015,0.015,0.015,0.015,0.0,0.001,0.001,0.001,0.001,0.0,,,,,,4096,32,32,16,4,4096,2,0,2176,False,AttentionBackend.FLASH_ATTENTION
0.0,0.0,0.0,0.0,0.0,0.016,0.016,0.016,0.016,0.0,0.001,0.001,0.001,0.001,0.0,,,,,,4096,32,32,16,4,4096,3,0,2176,False,AttentionBackend.FLASH_ATTENTION
0.0,0.0,0.0,0.0,0.0,0.019,0.02,0.0194,0.019,0.000489897948556636,0.001,0.001,0.001,0.001,0.0,,,,,,4096,32,32,16,4,4096,4,0,2176,False,AttentionBackend.FLASH_ATTENTION
0.0,0.0,0.0,0.0,0.0,0.023,0.024,0.023399999999999997,0.023,0.000489897948556636,0.001,0.001,0.001,0.001,0.0,,,,,,4096,32,32,16,4,4096,5,0,2176,False,AttentionBackend.FLASH_ATTENTION
0.0,0.0,0.0,0.0,0.0,0.026000000000000002,0.026000000000000002,0.026000000000000002,0.026000000000000002,0.0,0.001,0.001,0.001,0.001,0.0,,,,,,4096,32,32,16,4,4096,6,0,2176,False,AttentionBackend.FLASH_ATTENTION
0.0,0.0,0.0,0.0,0.0,0.032,0.033,0.0322,0.032,0.00040000000000000034,0.001,0.001,0.001,0.001,0.0,,,,,,4096,32,32,16,4,4096,7,0,2176,False,AttentionBackend.FLASH_ATTENTION
0.0,0.0,0.0,0.0,0.0,0.034,0.036000000000000004,0.035,0.035,0.0006324555320336764,0.001,0.001,0.001,0.001,0.0,,,,,,4096,32,32,16,4,4096,8,0,2176,False,AttentionBackend.FLASH_ATTENTION
0.0,0.0,0.0,0.0,0.0,0.013000000000000001,0.014,0.0134,0.013000000000000001,0.0004898979485566352,0.001,0.001,0.001,0.001,0.0,,,,,,4096,32,32,16,4,4096,1,0,2240,False,AttentionBackend.FLASH_ATTENTION
0.0,0.0,0.0,0.0,0.0,0.015,0.015,0.015,0.015,0.0,0.001,0.001,0.001,0.001,0.0,,,,,,4096,32,32,16,4,4096,2,0,2240,False,AttentionBackend.FLASH_ATTENTION
0.0,0.0,0.0,0.0,0.0,0.016,0.017,0.0162,0.016,0.00040000000000000034,0.001,0.001,0.001,0.001,0.0,,,,,,4096,32,32,16,4,4096,3,0,2240,False,AttentionBackend.FLASH_ATTENTION
0.0,0.0,0.0,0.0,0.0,0.019,0.02,0.0196,0.02,0.000489897948556636,0.001,0.001,0.001,0.001,0.0,,,,,,4096,32,32,16,4,4096,4,0,2240,False,AttentionBackend.FLASH_ATTENTION
0.0,0.0,0.0,0.0,0.0,0.024,0.026000000000000002,0.025,0.025,0.0008944271909999167,0.001,0.001,0.001,0.001,0.0,,,,,,4096,32,32,16,4,4096,5,0,2240,False,AttentionBackend.FLASH_ATTENTION
0.0,0.0,0.0,0.0,0.0,0.027,0.027,0.027000000000000003,0.027,3.469446951953614e-18,0.001,0.001,0.001,0.001,0.0,,,,,,4096,32,32,16,4,4096,6,0,2240,False,AttentionBackend.FLASH_ATTENTION
0.0,0.0,0.0,0.0,0.0,0.033,0.033,0.033,0.033,0.0,0.001,0.001,0.001,0.001,0.0,,,,,,4096,32,32,16,4,4096,7,0,2240,False,AttentionBackend.FLASH_ATTENTION
0.0,0.0,0.0,0.0,0.0,0.035,0.036000000000000004,0.0352,0.035,0.00040000000000000034,0.001,0.001,0.001,0.001,0.0,,,,,,4096,32,32,16,4,4096,8,0,2240,False,AttentionBackend.FLASH_ATTENTION
0.0,0.0,0.0,0.0,0.0,0.012,0.013000000000000001,0.0128,0.013000000000000001,0.00040000000000000034,0.001,0.001,0.001,0.001,0.0,,,,,,4096,32,32,16,4,4096,1,0,2304,False,AttentionBackend.FLASH_ATTENTION
0.0,0.0,0.0,0.0,0.0,0.014,0.014,0.014000000000000002,0.014,1.734723475976807e-18,0.001,0.001,0.001,0.001,0.0,,,,,,4096,32,32,16,4,4096,2,0,2304,False,AttentionBackend.FLASH_ATTENTION
0.0,0.0,0.0,0.0,0.0,0.016,0.017,0.0164,0.016,0.000489897948556636,0.001,0.001,0.001,0.001,0.0,,,,,,4096,32,32,16,4,4096,3,0,2304,False,AttentionBackend.FLASH_ATTENTION
0.0,0.0,0.0,0.0,0.0,0.02,0.022,0.0208,0.021,0.0007483314773547878,0.001,0.001,0.001,0.001,0.0,,,,,,4096,32,32,16,4,4096,4,0,2304,False,AttentionBackend.FLASH_ATTENTION
0.0,0.0,0.0,0.0,0.0,0.026000000000000002,0.027,0.0262,0.026000000000000002,0.00039999999999999893,0.001,0.001,0.001,0.001,0.0,,,,,,4096,32,32,16,4,4096,5,0,2304,False,AttentionBackend.FLASH_ATTENTION
0.0,0.0,0.0,0.0,0.0,0.027,0.029,0.027800000000000002,0.028,0.000748331477354789,0.001,0.001,0.001,0.001,0.0,,,,,,4096,32,32,16,4,4096,6,0,2304,False,AttentionBackend.FLASH_ATTENTION
0.0,0.0,0.0,0.0,0.0,0.034,0.035,0.0344,0.034,0.000489897948556636,0.001,0.001,0.001,0.001,0.0,,,,,,4096,32,32,16,4,4096,7,0,2304,False,AttentionBackend.FLASH_ATTENTION
0.0,0.0,0.0,0.0,0.0,0.036000000000000004,0.037,0.03660000000000001,0.037,0.0004898979485566326,0.001,0.001,0.001,0.001,0.0,,,,,,4096,32,32,16,4,4096,8,0,2304,False,AttentionBackend.FLASH_ATTENTION
0.0,0.0,0.0,0.0,0.0,0.013000000000000001,0.013000000000000001,0.013000000000000001,0.013000000000000001,0.0,0.001,0.001,0.001,0.001,0.0,,,,,,4096,32,32,16,4,4096,1,0,2368,False,AttentionBackend.FLASH_ATTENTION
0.0,0.0,0.0,0.0,0.0,0.014,0.014,0.014000000000000002,0.014,1.734723475976807e-18,0.001,0.001,0.001,0.001,0.0,,,,,,4096,32,32,16,4,4096,2,0,2368,False,AttentionBackend.FLASH_ATTENTION
0.0,0.0,0.0,0.0,0.0,0.016,0.016,0.016,0.016,0.0,0.001,0.001,0.001,0.001,0.0,,,,,,4096,32,32,16,4,4096,3,0,2368,False,AttentionBackend.FLASH_ATTENTION
0.0,0.0,0.0,0.0,0.0,0.019,0.021,0.0196,0.019,0.0008000000000000008,0.001,0.001,0.001,0.001,0.0,,,,,,4096,32,32,16,4,4096,4,0,2368,False,AttentionBackend.FLASH_ATTENTION
0.0,0.0,0.0,0.0,0.0,0.026000000000000002,0.027,0.026600000000000002,0.027,0.0004898979485566344,0.001,0.001,0.001,0.001,0.0,,,,,,4096,32,32,16,4,4096,5,0,2368,False,AttentionBackend.FLASH_ATTENTION
0.0,0.0,0.0,0.0,0.0,0.028,0.029,0.028600000000000004,0.029,0.000489897948556636,0.001,0.001,0.001,0.001,0.0,,,,,,4096,32,32,16,4,4096,6,0,2368,False,AttentionBackend.FLASH_ATTENTION
0.0,0.0,0.0,0.0,0.0,0.033,0.035,0.0342,0.034,0.0007483314773547889,0.001,0.001,0.001,0.001,0.0,,,,,,4096,32,32,16,4,4096,7,0,2368,False,AttentionBackend.FLASH_ATTENTION
0.0,0.0,0.0,0.0,0.0,0.036000000000000004,0.037,0.0368,0.037,0.0003999999999999976,0.001,0.001,0.001,0.001,0.0,,,,,,4096,32,32,16,4,4096,8,0,2368,False,AttentionBackend.FLASH_ATTENTION
0.0,0.0,0.0,0.0,0.0,0.012,0.013000000000000001,0.0128,0.013000000000000001,0.00040000000000000034,0.001,0.001,0.001,0.001,0.0,,,,,,4096,32,32,16,4,4096,1,0,2432,False,AttentionBackend.FLASH_ATTENTION
0.0,0.0,0.0,0.0,0.0,0.014,0.014,0.014000000000000002,0.014,1.734723475976807e-18,0.001,0.001,0.001,0.001,0.0,,,,,,4096,32,32,16,4,4096,2,0,2432,False,AttentionBackend.FLASH_ATTENTION
0.0,0.0,0.0,0.0,0.0,0.018000000000000002,0.018000000000000002,0.018000000000000002,0.018000000000000002,0.0,0.001,0.001,0.001,0.001,0.0,,,,,,4096,32,32,16,4,4096,3,0,2432,False,AttentionBackend.FLASH_ATTENTION
0.0,0.0,0.0,0.0,0.0,0.02,0.021,0.020800000000000003,0.021,0.00040000000000000034,0.001,0.001,0.001,0.001,0.0,,,,,,4096,32,32,16,4,4096,4,0,2432,False,AttentionBackend.FLASH_ATTENTION
0.0,0.0,0.0,0.0,0.0,0.027,0.028,0.027600000000000003,0.028,0.000489897948556636,0.001,0.001,0.001,0.001,0.0,,,,,,4096,32,32,16,4,4096,5,0,2432,False,AttentionBackend.FLASH_ATTENTION
0.0,0.0,0.0,0.0,0.0,0.028,0.029,0.028600000000000004,0.029,0.000489897948556636,0.001,0.001,0.001,0.001,0.0,,,,,,4096,32,32,16,4,4096,6,0,2432,False,AttentionBackend.FLASH_ATTENTION
0.0,0.0,0.0,0.0,0.0,0.035,0.035,0.035,0.035,0.0,0.001,0.001,0.001,0.001,0.0,,,,,,4096,32,32,16,4,4096,7,0,2432,False,AttentionBackend.FLASH_ATTENTION
0.0,0.0,0.0,0.0,0.0,0.037,0.038,0.0376,0.038,0.000489897948556636,0.001,0.001,0.001,0.001,0.0,,,,,,4096,32,32,16,4,4096,8,0,2432,False,AttentionBackend.FLASH_ATTENTION
0.0,0.0,0.0,0.0,0.0,0.013000000000000001,0.014,0.013600000000000001,0.014,0.0004898979485566351,0.001,0.001,0.001,0.001,0.0,,,,,,4096,32,32,16,4,4096,1,0,2496,False,AttentionBackend.FLASH_ATTENTION
0.0,0.0,0.0,0.0,0.0,0.014,0.015,0.014199999999999999,0.014,0.00039999999999999964,0.001,0.001,0.001,0.001,0.0,,,,,,4096,32,32,16,4,4096,2,0,2496,False,AttentionBackend.FLASH_ATTENTION
0.0,0.0,0.0,0.0,0.0,0.018000000000000002,0.018000000000000002,0.018000000000000002,0.018000000000000002,0.0,0.001,0.001,0.001,0.001,0.0,,,,,,4096,32,32,16,4,4096,3,0,2496,False,AttentionBackend.FLASH_ATTENTION
0.0,0.0,0.0,0.0,0.0,0.022,0.023,0.022199999999999998,0.022,0.00040000000000000034,0.001,0.001,0.001,0.001,0.0,,,,,,4096,32,32,16,4,4096,4,0,2496,False,AttentionBackend.FLASH_ATTENTION
0.0,0.0,0.0,0.0,0.0,0.027,0.028,0.027600000000000003,0.028,0.000489897948556636,0.001,0.001,0.001,0.001,0.0,,,,,,4096,32,32,16,4,4096,5,0,2496,False,AttentionBackend.FLASH_ATTENTION
0.0,0.0,0.0,0.0,0.0,0.03,0.031,0.030199999999999998,0.03,0.00040000000000000034,0.001,0.001,0.001,0.001,0.0,,,,,,4096,32,32,16,4,4096,6,0,2496,False,AttentionBackend.FLASH_ATTENTION
0.0,0.0,0.0,0.0,0.0,0.035,0.037,0.036000000000000004,0.036000000000000004,0.0006324555320336743,0.001,0.001,0.001,0.001,0.0,,,,,,4096,32,32,16,4,4096,7,0,2496,False,AttentionBackend.FLASH_ATTENTION
0.0,0.0,0.0,0.0,0.0,0.038,0.039,0.038400000000000004,0.038,0.000489897948556636,0.001,0.001,0.001,0.001,0.0,,,,,,4096,32,32,16,4,4096,8,0,2496,False,AttentionBackend.FLASH_ATTENTION
0.0,0.0,0.0,0.0,0.0,0.013000000000000001,0.013000000000000001,0.013000000000000001,0.013000000000000001,0.0,0.001,0.001,0.001,0.001,0.0,,,,,,4096,32,32,16,4,4096,1,0,2560,False,AttentionBackend.FLASH_ATTENTION
0.0,0.0,0.0,0.0,0.0,0.016,0.016,0.016,0.016,0.0,0.001,0.001,0.001,0.001,0.0,,,,,,4096,32,32,16,4,4096,2,0,2560,False,AttentionBackend.FLASH_ATTENTION
0.0,0.0,0.0,0.0,0.0,0.019,0.019,0.019,0.019,0.0,0.001,0.001,0.001,0.001,0.0,,,,,,4096,32,32,16,4,4096,3,0,2560,False,AttentionBackend.FLASH_ATTENTION
0.0,0.0,0.0,0.0,0.0,0.023,0.024,0.023399999999999997,0.023,0.000489897948556636,0.001,0.001,0.001,0.001,0.0,,,,,,4096,32,32,16,4,4096,4,0,2560,False,AttentionBackend.FLASH_ATTENTION
0.0,0.0,0.0,0.0,0.0,0.027,0.029,0.027800000000000002,0.028,0.000748331477354789,0.001,0.001,0.001,0.001,0.0,,,,,,4096,32,32,16,4,4096,5,0,2560,False,AttentionBackend.FLASH_ATTENTION
0.0,0.0,0.0,0.0,0.0,0.03,0.031,0.030199999999999998,0.03,0.00040000000000000034,0.001,0.001,0.001,0.001,0.0,,,,,,4096,32,32,16,4,4096,6,0,2560,False,AttentionBackend.FLASH_ATTENTION
0.0,0.0,0.0,0.0,0.0,0.037,0.038,0.0372,0.037,0.00040000000000000034,0.001,0.001,0.001,0.001,0.0,,,,,,4096,32,32,16,4,4096,7,0,2560,False,AttentionBackend.FLASH_ATTENTION
0.0,0.0,0.0,0.0,0.0,0.039,0.04,0.0398,0.04,0.00040000000000000034,0.001,0.001,0.001,0.001,0.0,,,,,,4096,32,32,16,4,4096,8,0,2560,False,AttentionBackend.FLASH_ATTENTION
0.0,0.0,0.0,0.0,0.0,0.013000000000000001,0.013000000000000001,0.013000000000000001,0.013000000000000001,0.0,0.001,0.001,0.001,0.001,0.0,,,,,,4096,32,32,16,4,4096,1,0,2624,False,AttentionBackend.FLASH_ATTENTION
0.0,0.0,0.0,0.0,0.0,0.016,0.016,0.016,0.016,0.0,0.001,0.001,0.001,0.001,0.0,,,,,,4096,32,32,16,4,4096,2,0,2624,False,AttentionBackend.FLASH_ATTENTION
0.0,0.0,0.0,0.0,0.0,0.019,0.019,0.019,0.019,0.0,0.001,0.001,0.001,0.001,0.0,,,,,,4096,32,32,16,4,4096,3,0,2624,False,AttentionBackend.FLASH_ATTENTION
0.0,0.0,0.0,0.0,0.0,0.022,0.024,0.022799999999999997,0.023,0.0007483314773547889,0.001,0.001,0.001,0.001,0.0,,,,,,4096,32,32,16,4,4096,4,0,2624,False,AttentionBackend.FLASH_ATTENTION
0.0,0.0,0.0,0.0,0.0,0.028,0.029,0.028600000000000004,0.029,0.000489897948556636,0.001,0.001,0.001,0.001,0.0,,,,,,4096,32,32,16,4,4096,5,0,2624,False,AttentionBackend.FLASH_ATTENTION
0.0,0.0,0.0,0.0,0.0,0.03,0.031,0.0304,0.03,0.000489897948556636,0.001,0.001,0.001,0.001,0.0,,,,,,4096,32,32,16,4,4096,6,0,2624,False,AttentionBackend.FLASH_ATTENTION
0.0,0.0,0.0,0.0,0.0,0.036000000000000004,0.037,0.03660000000000001,0.037,0.0004898979485566326,0.001,0.001,0.001,0.001,0.0,,,,,,4096,32,32,16,4,4096,7,0,2624,False,AttentionBackend.FLASH_ATTENTION
0.0,0.0,0.0,0.0,0.0,0.038,0.04,0.039,0.039,0.0006324555320336764,0.001,0.001,0.001,0.001,0.0,,,,,,4096,32,32,16,4,4096,8,0,2624,False,AttentionBackend.FLASH_ATTENTION
0.0,0.0,0.0,0.0,0.0,0.013000000000000001,0.014,0.0134,0.013000000000000001,0.0004898979485566352,0.001,0.001,0.001,0.001,0.0,,,,,,4096,32,32,16,4,4096,1,0,2688,False,AttentionBackend.FLASH_ATTENTION
0.0,0.0,0.0,0.0,0.0,0.014,0.015,0.0144,0.014,0.0004898979485566352,0.001,0.001,0.001,0.001,0.0,,,,,,4096,32,32,16,4,4096,2,0,2688,False,AttentionBackend.FLASH_ATTENTION
0.0,0.0,0.0,0.0,0.0,0.019,0.019,0.019,0.019,0.0,0.001,0.001,0.001,0.001,0.0,,,,,,4096,32,32,16,4,4096,3,0,2688,False,AttentionBackend.FLASH_ATTENTION
0.0,0.0,0.0,0.0,0.0,0.022,0.024,0.022799999999999997,0.022,0.0009797958971132722,0.001,0.001,0.001,0.001,0.0,,,,,,4096,32,32,16,4,4096,4,0,2688,False,AttentionBackend.FLASH_ATTENTION
0.0,0.0,0.0,0.0,0.0,0.029,0.03,0.029599999999999998,0.03,0.0004898979485566344,0.001,0.001,0.001,0.001,0.0,,,,,,4096,32,32,16,4,4096,5,0,2688,False,AttentionBackend.FLASH_ATTENTION
0.0,0.0,0.0,0.0,0.0,0.031,0.033,0.0318,0.032,0.000748331477354789,0.001,0.001,0.001,0.001,0.0,,,,,,4096,32,32,16,4,4096,6,0,2688,False,AttentionBackend.FLASH_ATTENTION
0.0,0.0,0.0,0.0,0.0,0.038,0.039,0.038400000000000004,0.038,0.000489897948556636,0.001,0.001,0.001,0.001,0.0,,,,,,4096,32,32,16,4,4096,7,0,2688,False,AttentionBackend.FLASH_ATTENTION
0.0,0.0,0.0,0.0,0.0,0.04,0.041,0.0402,0.04,0.00040000000000000034,0.001,0.001,0.001,0.001,0.0,,,,,,4096,32,32,16,4,4096,8,0,2688,False,AttentionBackend.FLASH_ATTENTION
0.0,0.0,0.0,0.0,0.0,0.014,0.014,0.014000000000000002,0.014,1.734723475976807e-18,0.001,0.001,0.001,0.001,0.0,,,,,,4096,32,32,16,4,4096,1,0,2752,False,AttentionBackend.FLASH_ATTENTION
0.0,0.0,0.0,0.0,0.0,0.014,0.015,0.0144,0.014,0.0004898979485566352,0.001,0.001,0.001,0.001,0.0,,,,,,4096,32,32,16,4,4096,2,0,2752,False,AttentionBackend.FLASH_ATTENTION
0.0,0.0,0.0,0.0,0.0,0.019,0.019,0.019,0.019,0.0,0.001,0.001,0.001,0.001,0.0,,,,,,4096,32,32,16,4,4096,3,0,2752,False,AttentionBackend.FLASH_ATTENTION
0.0,0.0,0.0,0.0,0.0,0.022,0.024,0.0232,0.023,0.000748331477354789,0.001,0.001,0.001,0.001,0.0,,,,,,4096,32,32,16,4,4096,4,0,2752,False,AttentionBackend.FLASH_ATTENTION
0.0,0.0,0.0,0.0,0.0,0.03,0.032,0.0312,0.031,0.000748331477354789,0.001,0.001,0.001,0.001,0.0,,,,,,4096,32,32,16,4,4096,5,0,2752,False,AttentionBackend.FLASH_ATTENTION
0.0,0.0,0.0,0.0,0.0,0.031,0.032,0.0314,0.031,0.000489897948556636,0.001,0.001,0.001,0.001,0.0,,,,,,4096,32,32,16,4,4096,6,0,2752,False,AttentionBackend.FLASH_ATTENTION
0.0,0.0,0.0,0.0,0.0,0.038,0.041,0.0392,0.039,0.0009797958971132722,0.001,0.001,0.001,0.001,0.0,,,,,,4096,32,32,16,4,4096,7,0,2752,False,AttentionBackend.FLASH_ATTENTION
0.0,0.0,0.0,0.0,0.0,0.04,0.042,0.0412,0.041,0.000748331477354789,0.001,0.001,0.001,0.001,0.0,,,,,,4096,32,32,16,4,4096,8,0,2752,False,AttentionBackend.FLASH_ATTENTION
0.0,0.0,0.0,0.0,0.0,0.013000000000000001,0.013000000000000001,0.013000000000000001,0.013000000000000001,0.0,0.001,0.001,0.001,0.001,0.0,,,,,,4096,32,32,16,4,4096,1,0,2816,False,AttentionBackend.FLASH_ATTENTION
0.0,0.0,0.0,0.0,0.0,0.014,0.015,0.0144,0.014,0.0004898979485566352,0.001,0.001,0.001,0.001,0.0,,,,,,4096,32,32,16,4,4096,2,0,2816,False,AttentionBackend.FLASH_ATTENTION
0.0,0.0,0.0,0.0,0.0,0.019,0.019,0.019,0.019,0.0,0.001,0.001,0.001,0.001,0.0,,,,,,4096,32,32,16,4,4096,3,0,2816,False,AttentionBackend.FLASH_ATTENTION
0.0,0.0,0.0,0.0,0.0,0.023,0.026000000000000002,0.0242,0.024,0.0009797958971132722,0.001,0.001,0.001,0.001,0.0,,,,,,4096,32,32,16,4,4096,4,0,2816,False,AttentionBackend.FLASH_ATTENTION
0.0,0.0,0.0,0.0,0.0,0.03,0.031,0.030199999999999998,0.03,0.00040000000000000034,0.001,0.001,0.001,0.001,0.0,,,,,,4096,32,32,16,4,4096,5,0,2816,False,AttentionBackend.FLASH_ATTENTION
0.0,0.0,0.0,0.0,0.0,0.032,0.034,0.032600000000000004,0.032,0.0008000000000000007,0.001,0.001,0.001,0.001,0.0,,,,,,4096,32,32,16,4,4096,6,0,2816,False,AttentionBackend.FLASH_ATTENTION
0.0,0.0,0.0,0.0,0.0,0.039,0.041,0.04,0.04,0.0008944271909999167,0.001,0.001,0.001,0.001,0.0,,,,,,4096,32,32,16,4,4096,7,0,2816,False,AttentionBackend.FLASH_ATTENTION
0.0,0.0,0.0,0.0,0.0,0.042,0.044,0.042600000000000006,0.042,0.0007999999999999983,0.001,0.001,0.001,0.001,0.0,,,,,,4096,32,32,16,4,4096,8,0,2816,False,AttentionBackend.FLASH_ATTENTION
0.0,0.0,0.0,0.0,0.0,0.013000000000000001,0.013000000000000001,0.013000000000000001,0.013000000000000001,0.0,0.001,0.001,0.001,0.001,0.0,,,,,,4096,32,32,16,4,4096,1,0,2880,False,AttentionBackend.FLASH_ATTENTION
0.0,0.0,0.0,0.0,0.0,0.014,0.015,0.0144,0.014,0.0004898979485566352,0.001,0.001,0.001,0.001,0.0,,,,,,4096,32,32,16,4,4096,2,0,2880,False,AttentionBackend.FLASH_ATTENTION
0.0,0.0,0.0,0.0,0.0,0.019,0.019,0.019,0.019,0.0,0.001,0.001,0.001,0.001,0.0,,,,,,4096,32,32,16,4,4096,3,0,2880,False,AttentionBackend.FLASH_ATTENTION
0.0,0.0,0.0,0.0,0.0,0.023,0.026000000000000002,0.0246,0.025,0.001019803902718558,0.001,0.001,0.001,0.001,0.0,,,,,,4096,32,32,16,4,4096,4,0,2880,False,AttentionBackend.FLASH_ATTENTION
0.0,0.0,0.0,0.0,0.0,0.03,0.031,0.0306,0.031,0.000489897948556636,0.001,0.001,0.001,0.001,0.0,,,,,,4096,32,32,16,4,4096,5,0,2880,False,AttentionBackend.FLASH_ATTENTION
0.0,0.0,0.0,0.0,0.0,0.032,0.033,0.0324,0.032,0.000489897948556636,0.001,0.001,0.001,0.001,0.0,,,,,,4096,32,32,16,4,4096,6,0,2880,False,AttentionBackend.FLASH_ATTENTION
0.0,0.0,0.0,0.0,0.0,0.039,0.041,0.04,0.04,0.0006324555320336764,0.001,0.001,0.001,0.001,0.0,,,,,,4096,32,32,16,4,4096,7,0,2880,False,AttentionBackend.FLASH_ATTENTION
0.0,0.0,0.0,0.0,0.0,0.042,0.043000000000000003,0.04240000000000001,0.042,0.000489897948556636,0.001,0.001,0.001,0.001,0.0,,,,,,4096,32,32,16,4,4096,8,0,2880,False,AttentionBackend.FLASH_ATTENTION
0.0,0.0,0.0,0.0,0.0,0.014,0.014,0.014000000000000002,0.014,1.734723475976807e-18,0.001,0.001,0.001,0.001,0.0,,,,,,4096,32,32,16,4,4096,1,0,2944,False,AttentionBackend.FLASH_ATTENTION
0.0,0.0,0.0,0.0,0.0,0.015,0.016,0.0152,0.015,0.00040000000000000034,0.001,0.001,0.001,0.001,0.0,,,,,,4096,32,32,16,4,4096,2,0,2944,False,AttentionBackend.FLASH_ATTENTION
0.0,0.0,0.0,0.0,0.0,0.019,0.02,0.019200000000000002,0.019,0.00040000000000000034,0.001,0.001,0.001,0.001,0.0,,,,,,4096,32,32,16,4,4096,3,0,2944,False,AttentionBackend.FLASH_ATTENTION
0.0,0.0,0.0,0.0,0.0,0.024,0.026000000000000002,0.0254,0.026000000000000002,0.0008000000000000008,0.001,0.001,0.001,0.001,0.0,,,,,,4096,32,32,16,4,4096,4,0,2944,False,AttentionBackend.FLASH_ATTENTION
0.0,0.0,0.0,0.0,0.0,0.031,0.032,0.0316,0.032,0.000489897948556636,0.001,0.001,0.001,0.001,0.0,,,,,,4096,32,32,16,4,4096,5,0,2944,False,AttentionBackend.FLASH_ATTENTION
0.0,0.0,0.0,0.0,0.0,0.033,0.034,0.0334,0.033,0.000489897948556636,0.001,0.001,0.001,0.001,0.0,,,,,,4096,32,32,16,4,4096,6,0,2944,False,AttentionBackend.FLASH_ATTENTION
0.0,0.0,0.0,0.0,0.0,0.04,0.042,0.0408,0.041,0.000748331477354789,0.001,0.001,0.001,0.001,0.0,,,,,,4096,32,32,16,4,4096,7,0,2944,False,AttentionBackend.FLASH_ATTENTION
0.0,0.0,0.0,0.0,0.0,0.044,0.046,0.045,0.045,0.0006324555320336764,0.001,0.001,0.001,0.001,0.0,,,,,,4096,32,32,16,4,4096,8,0,2944,False,AttentionBackend.FLASH_ATTENTION
0.0,0.0,0.0,0.0,0.0,0.014,0.014,0.014000000000000002,0.014,1.734723475976807e-18,0.001,0.001,0.001,0.001,0.0,,,,,,4096,32,32,16,4,4096,1,0,3008,False,AttentionBackend.FLASH_ATTENTION
0.0,0.0,0.0,0.0,0.0,0.015,0.016,0.0154,0.015,0.000489897948556636,0.001,0.001,0.001,0.001,0.0,,,,,,4096,32,32,16,4,4096,2,0,3008,False,AttentionBackend.FLASH_ATTENTION
0.0,0.0,0.0,0.0,0.0,0.019,0.019,0.019,0.019,0.0,0.001,0.001,0.001,0.001,0.0,,,,,,4096,32,32,16,4,4096,3,0,3008,False,AttentionBackend.FLASH_ATTENTION
0.0,0.0,0.0,0.0,0.0,0.025,0.027,0.026000000000000002,0.026000000000000002,0.0006324555320336754,0.001,0.001,0.001,0.001,0.0,,,,,,4096,32,32,16,4,4096,4,0,3008,False,AttentionBackend.FLASH_ATTENTION
0.0,0.0,0.0,0.0,0.0,0.032,0.033,0.0322,0.032,0.00040000000000000034,0.001,0.001,0.001,0.001,0.0,,,,,,4096,32,32,16,4,4096,5,0,3008,False,AttentionBackend.FLASH_ATTENTION
0.0,0.0,0.0,0.0,0.0,0.033,0.034,0.0332,0.033,0.00040000000000000034,0.001,0.001,0.001,0.001,0.0,,,,,,4096,32,32,16,4,4096,6,0,3008,False,AttentionBackend.FLASH_ATTENTION
0.0,0.0,0.0,0.0,0.0,0.041,0.042,0.0412,0.041,0.00040000000000000034,0.001,0.001,0.001,0.001,0.0,,,,,,4096,32,32,16,4,4096,7,0,3008,False,AttentionBackend.FLASH_ATTENTION
0.0,0.0,0.0,0.0,0.0,0.044,0.045,0.044399999999999995,0.044,0.000489897948556636,0.001,0.001,0.001,0.001,0.0,,,,,,4096,32,32,16,4,4096,8,0,3008,False,AttentionBackend.FLASH_ATTENTION
0.0,0.0,0.0,0.0,0.0,0.013000000000000001,0.014,0.0132,0.013000000000000001,0.00039999999999999964,0.001,0.001,0.001,0.001,0.0,,,,,,4096,32,32,16,4,4096,1,0,3072,False,AttentionBackend.FLASH_ATTENTION
0.0,0.0,0.0,0.0,0.0,0.016,0.017,0.0162,0.016,0.00040000000000000034,0.001,0.001,0.001,0.001,0.0,,,,,,4096,32,32,16,4,4096,2,0,3072,False,AttentionBackend.FLASH_ATTENTION
0.0,0.0,0.0,0.0,0.0,0.02,0.021,0.0206,0.021,0.000489897948556636,0.001,0.001,0.001,0.001,0.0,,,,,,4096,32,32,16,4,4096,3,0,3072,False,AttentionBackend.FLASH_ATTENTION
0.0,0.0,0.0,0.0,0.0,0.027,0.029,0.027600000000000003,0.027,0.0008000000000000007,0.001,0.001,0.001,0.001,0.0,,,,,,4096,32,32,16,4,4096,4,0,3072,False,AttentionBackend.FLASH_ATTENTION
0.0,0.0,0.0,0.0,0.0,0.033,0.035,0.034,0.034,0.0006324555320336764,0.001,0.001,0.001,0.001,0.0,,,,,,4096,32,32,16,4,4096,5,0,3072,False,AttentionBackend.FLASH_ATTENTION
0.0,0.0,0.0,0.0,0.0,0.034,0.036000000000000004,0.035,0.035,0.0006324555320336764,0.001,0.001,0.001,0.001,0.0,,,,,,4096,32,32,16,4,4096,6,0,3072,False,AttentionBackend.FLASH_ATTENTION
0.0,0.0,0.0,0.0,0.0,0.042,0.044,0.043000000000000003,0.043000000000000003,0.0008944271909999136,0.001,0.001,0.001,0.001,0.0,,,,,,4096,32,32,16,4,4096,7,0,3072,False,AttentionBackend.FLASH_ATTENTION
0.0,0.0,0.0,0.0,0.0,0.044,0.046,0.0452,0.045,0.000748331477354789,0.001,0.001,0.001,0.001,0.0,,,,,,4096,32,32,16,4,4096,8,0,3072,False,AttentionBackend.FLASH_ATTENTION
0.0,0.0,0.0,0.0,0.0,0.013000000000000001,0.014,0.0134,0.013000000000000001,0.0004898979485566352,0.001,0.001,0.001,0.001,0.0,,,,,,4096,32,32,16,4,4096,1,0,3136,False,AttentionBackend.FLASH_ATTENTION
0.0,0.0,0.0,0.0,0.0,0.016,0.016,0.016,0.016,0.0,0.001,0.001,0.001,0.001,0.0,,,,,,4096,32,32,16,4,4096,2,0,3136,False,AttentionBackend.FLASH_ATTENTION
0.0,0.0,0.0,0.0,0.0,0.021,0.022,0.021200000000000004,0.021,0.000399999999999999,0.001,0.001,0.001,0.001,0.0,,,,,,4096,32,32,16,4,4096,3,0,3136,False,AttentionBackend.FLASH_ATTENTION
0.0,0.0,0.0,0.0,0.0,0.027,0.028,0.027800000000000002,0.028,0.00040000000000000034,0.001,0.001,0.001,0.001,0.0,,,,,,4096,32,32,16,4,4096,4,0,3136,False,AttentionBackend.FLASH_ATTENTION
0.0,0.0,0.0,0.0,0.0,0.033,0.035,0.033600000000000005,0.033,0.0008000000000000007,0.001,0.001,0.001,0.001,0.0,,,,,,4096,32,32,16,4,4096,5,0,3136,False,AttentionBackend.FLASH_ATTENTION
0.0,0.0,0.0,0.0,0.0,0.035,0.037,0.0364,0.037,0.0007999999999999977,0.001,0.001,0.001,0.001,0.0,,,,,,4096,32,32,16,4,4096,6,0,3136,False,AttentionBackend.FLASH_ATTENTION
0.0,0.0,0.0,0.0,0.0,0.043000000000000003,0.045,0.0434,0.043000000000000003,0.0007999999999999979,0.001,0.001,0.001,0.001,0.0,,,,,,4096,32,32,16,4,4096,7,0,3136,False,AttentionBackend.FLASH_ATTENTION
0.0,0.0,0.0,0.0,0.0,0.045,0.047,0.0464,0.047,0.0008000000000000008,0.001,0.001,0.001,0.001,0.0,,,,,,4096,32,32,16,4,4096,8,0,3136,False,AttentionBackend.FLASH_ATTENTION
0.0,0.0,0.0,0.0,0.0,0.014,0.015,0.0144,0.014,0.0004898979485566352,0.001,0.001,0.001,0.001,0.0,,,,,,4096,32,32,16,4,4096,1,0,3200,False,AttentionBackend.FLASH_ATTENTION
0.0,0.0,0.0,0.0,0.0,0.019,0.019,0.019,0.019,0.0,0.001,0.001,0.001,0.001,0.0,,,,,,4096,32,32,16,4,4096,2,0,3200,False,AttentionBackend.FLASH_ATTENTION
0.0,0.0,0.0,0.0,0.0,0.022,0.022,0.022,0.022,0.0,0.001,0.001,0.001,0.001,0.0,,,,,,4096,32,32,16,4,4096,3,0,3200,False,AttentionBackend.FLASH_ATTENTION
0.0,0.0,0.0,0.0,0.0,0.027,0.03,0.028599999999999997,0.028,0.0011999999999999995,0.001,0.001,0.001,0.001,0.0,,,,,,4096,32,32,16,4,4096,4,0,3200,False,AttentionBackend.FLASH_ATTENTION
0.0,0.0,0.0,0.0,0.0,0.033,0.035,0.034,0.034,0.0006324555320336764,0.001,0.001,0.001,0.001,0.0,,,,,,4096,32,32,16,4,4096,5,0,3200,False,AttentionBackend.FLASH_ATTENTION
0.0,0.0,0.0,0.0,0.0,0.036000000000000004,0.038,0.036800000000000006,0.037,0.000748331477354786,0.001,0.001,0.001,0.001,0.0,,,,,,4096,32,32,16,4,4096,6,0,3200,False,AttentionBackend.FLASH_ATTENTION
0.0,0.0,0.0,0.0,0.0,0.043000000000000003,0.044,0.04359999999999999,0.044,0.0004898979485566326,0.001,0.001,0.001,0.001,0.0,,,,,,4096,32,32,16,4,4096,7,0,3200,False,AttentionBackend.FLASH_ATTENTION
0.0,0.0,0.0,0.0,0.0,0.046,0.047,0.0464,0.046,0.000489897948556636,0.001,0.001,0.001,0.001,0.0,,,,,,4096,32,32,16,4,4096,8,0,3200,False,AttentionBackend.FLASH_ATTENTION
0.0,0.0,0.0,0.0,0.0,0.013000000000000001,0.015,0.013999999999999999,0.014,0.0006324555320336754,0.001,0.001,0.001,0.001,0.0,,,,,,4096,32,32,16,4,4096,1,0,3264,False,AttentionBackend.FLASH_ATTENTION
0.0,0.0,0.0,0.0,0.0,0.019,0.019,0.019,0.019,0.0,0.001,0.001,0.001,0.001,0.0,,,,,,4096,32,32,16,4,4096,2,0,3264,False,AttentionBackend.FLASH_ATTENTION
0.0,0.0,0.0,0.0,0.0,0.022,0.022,0.022,0.022,0.0,0.001,0.001,0.001,0.001,0.0,,,,,,4096,32,32,16,4,4096,3,0,3264,False,AttentionBackend.FLASH_ATTENTION
0.0,0.0,0.0,0.0,0.0,0.028,0.03,0.029200000000000004,0.029,0.0007483314773547874,0.001,0.001,0.001,0.001,0.0,,,,,,4096,32,32,16,4,4096,4,0,3264,False,AttentionBackend.FLASH_ATTENTION
0.0,0.0,0.0,0.0,0.0,0.034,0.035,0.0342,0.034,0.00040000000000000034,0.001,0.001,0.001,0.001,0.0,,,,,,4096,32,32,16,4,4096,5,0,3264,False,AttentionBackend.FLASH_ATTENTION
0.0,0.0,0.0,0.0,0.0,0.035,0.037,0.0362,0.036000000000000004,0.000748331477354786,0.001,0.001,0.001,0.001,0.0,,,,,,4096,32,32,16,4,4096,6,0,3264,False,AttentionBackend.FLASH_ATTENTION
0.0,0.0,0.0,0.0,0.0,0.044,0.046,0.044599999999999994,0.044,0.0008000000000000007,0.001,0.001,0.001,0.001,0.0,,,,,,4096,32,32,16,4,4096,7,0,3264,False,AttentionBackend.FLASH_ATTENTION
0.0,0.0,0.0,0.0,0.0,0.046,0.047,0.046799999999999994,0.047,0.00040000000000000034,0.001,0.001,0.001,0.001,0.0,,,,,,4096,32,32,16,4,4096,8,0,3264,False,AttentionBackend.FLASH_ATTENTION
0.0,0.0,0.0,0.0,0.0,0.013000000000000001,0.014,0.013800000000000002,0.014,0.00039999999999999964,0.001,0.001,0.001,0.001,0.0,,,,,,4096,32,32,16,4,4096,1,0,3328,False,AttentionBackend.FLASH_ATTENTION
0.0,0.0,0.0,0.0,0.0,0.018000000000000002,0.019,0.018600000000000002,0.019,0.0004898979485566344,0.001,0.001,0.001,0.001,0.0,,,,,,4096,32,32,16,4,4096,2,0,3328,False,AttentionBackend.FLASH_ATTENTION
0.0,0.0,0.0,0.0,0.0,0.022,0.022,0.022,0.022,0.0,0.001,0.001,0.001,0.001,0.0,,,,,,4096,32,32,16,4,4096,3,0,3328,False,AttentionBackend.FLASH_ATTENTION
0.0,0.0,0.0,0.0,0.0,0.028,0.031,0.0294,0.03,0.0011999999999999995,0.001,0.001,0.001,0.001,0.0,,,,,,4096,32,32,16,4,4096,4,0,3328,False,AttentionBackend.FLASH_ATTENTION
0.0,0.0,0.0,0.0,0.0,0.034,0.035,0.034600000000000006,0.035,0.000489897948556636,0.001,0.001,0.001,0.001,0.0,,,,,,4096,32,32,16,4,4096,5,0,3328,False,AttentionBackend.FLASH_ATTENTION
0.0,0.0,0.0,0.0,0.0,0.036000000000000004,0.037,0.0364,0.036000000000000004,0.0004898979485566326,0.001,0.001,0.001,0.001,0.0,,,,,,4096,32,32,16,4,4096,6,0,3328,False,AttentionBackend.FLASH_ATTENTION
0.0,0.0,0.0,0.0,0.0,0.045,0.046,0.0452,0.045,0.00040000000000000034,0.001,0.001,0.001,0.001,0.0,,,,,,4096,32,32,16,4,4096,7,0,3328,False,AttentionBackend.FLASH_ATTENTION
0.0,0.0,0.0,0.0,0.0,0.048,0.05,0.049,0.049,0.0006324555320336764,0.001,0.001,0.001,0.001,0.0,,,,,,4096,32,32,16,4,4096,8,0,3328,False,AttentionBackend.FLASH_ATTENTION
0.0,0.0,0.0,0.0,0.0,0.013000000000000001,0.014,0.013800000000000002,0.014,0.00039999999999999964,0.001,0.001,0.001,0.001,0.0,,,,,,4096,32,32,16,4,4096,1,0,3392,False,AttentionBackend.FLASH_ATTENTION
0.0,0.0,0.0,0.0,0.0,0.019,0.019,0.019,0.019,0.0,0.001,0.001,0.001,0.001,0.0,,,,,,4096,32,32,16,4,4096,2,0,3392,False,AttentionBackend.FLASH_ATTENTION
0.0,0.0,0.0,0.0,0.0,0.022,0.022,0.022,0.022,0.0,0.001,0.001,0.001,0.001,0.0,,,,,,4096,32,32,16,4,4096,3,0,3392,False,AttentionBackend.FLASH_ATTENTION
0.0,0.0,0.0,0.0,0.0,0.028,0.03,0.029199999999999997,0.029,0.0007483314773547874,0.001,0.001,0.001,0.001,0.0,,,,,,4096,32,32,16,4,4096,4,0,3392,False,AttentionBackend.FLASH_ATTENTION
0.0,0.0,0.0,0.0,0.0,0.035,0.036000000000000004,0.03560000000000001,0.036000000000000004,0.000489897948556636,0.001,0.001,0.001,0.001,0.0,,,,,,4096,32,32,16,4,4096,5,0,3392,False,AttentionBackend.FLASH_ATTENTION
0.0,0.0,0.0,0.0,0.0,0.036000000000000004,0.037,0.03660000000000001,0.037,0.0004898979485566326,0.001,0.001,0.001,0.001,0.0,,,,,,4096,32,32,16,4,4096,6,0,3392,False,AttentionBackend.FLASH_ATTENTION
0.0,0.0,0.0,0.0,0.0,0.044,0.045,0.04479999999999999,0.045,0.00040000000000000034,0.001,0.001,0.001,0.001,0.0,,,,,,4096,32,32,16,4,4096,7,0,3392,False,AttentionBackend.FLASH_ATTENTION
0.0,0.0,0.0,0.0,0.0,0.047,0.048,0.047599999999999996,0.048,0.0004898979485566361,0.001,0.001,0.001,0.001,0.0,,,,,,4096,32,32,16,4,4096,8,0,3392,False,AttentionBackend.FLASH_ATTENTION
0.0,0.0,0.0,0.0,0.0,0.014,0.015,0.014799999999999999,0.015,0.0003999999999999997,0.001,0.001,0.001,0.001,0.0,,,,,,4096,32,32,16,4,4096,1,0,3456,False,AttentionBackend.FLASH_ATTENTION
0.0,0.0,0.0,0.0,0.0,0.019,0.019,0.019,0.019,0.0,0.001,0.001,0.001,0.001,0.0,,,,,,4096,32,32,16,4,4096,2,0,3456,False,AttentionBackend.FLASH_ATTENTION
0.0,0.0,0.0,0.0,0.0,0.022,0.022,0.022,0.022,0.0,0.001,0.001,0.001,0.001,0.0,,,,,,4096,32,32,16,4,4096,3,0,3456,False,AttentionBackend.FLASH_ATTENTION
0.0,0.0,0.0,0.0,0.0,0.029,0.031,0.0298,0.03,0.0007483314773547874,0.001,0.001,0.001,0.001,0.0,,,,,,4096,32,32,16,4,4096,4,0,3456,False,AttentionBackend.FLASH_ATTENTION
0.0,0.0,0.0,0.0,0.0,0.036000000000000004,0.037,0.036800000000000006,0.037,0.00039999999999999763,0.001,0.001,0.001,0.001,0.0,,,,,,4096,32,32,16,4,4096,5,0,3456,False,AttentionBackend.FLASH_ATTENTION
0.0,0.0,0.0,0.0,0.0,0.037,0.038,0.0374,0.037,0.000489897948556636,0.001,0.001,0.001,0.001,0.0,,,,,,4096,32,32,16,4,4096,6,0,3456,False,AttentionBackend.FLASH_ATTENTION
0.0,0.0,0.0,0.0,0.0,0.046,0.047,0.0464,0.046,0.000489897948556636,0.001,0.001,0.001,0.001,0.0,,,,,,4096,32,32,16,4,4096,7,0,3456,False,AttentionBackend.FLASH_ATTENTION
0.0,0.0,0.0,0.0,0.0,0.048,0.049,0.0486,0.049,0.000489897948556636,0.001,0.001,0.001,0.001,0.0,,,,,,4096,32,32,16,4,4096,8,0,3456,False,AttentionBackend.FLASH_ATTENTION
0.0,0.0,0.0,0.0,0.0,0.014,0.015,0.014799999999999999,0.015,0.0003999999999999997,0.001,0.001,0.001,0.001,0.0,,,,,,4096,32,32,16,4,4096,1,0,3520,False,AttentionBackend.FLASH_ATTENTION
0.0,0.0,0.0,0.0,0.0,0.018000000000000002,0.019,0.018400000000000003,0.018000000000000002,0.0004898979485566344,0.001,0.001,0.001,0.001,0.0,,,,,,4096,32,32,16,4,4096,2,0,3520,False,AttentionBackend.FLASH_ATTENTION
0.0,0.0,0.0,0.0,0.0,0.022,0.022,0.022,0.022,0.0,0.001,0.001,0.001,0.001,0.0,,,,,,4096,32,32,16,4,4096,3,0,3520,False,AttentionBackend.FLASH_ATTENTION
0.0,0.0,0.0,0.0,0.0,0.03,0.031,0.0306,0.031,0.000489897948556636,0.001,0.001,0.001,0.001,0.0,,,,,,4096,32,32,16,4,4096,4,0,3520,False,AttentionBackend.FLASH_ATTENTION
0.0,0.0,0.0,0.0,0.0,0.036000000000000004,0.038,0.036800000000000006,0.037,0.000748331477354786,0.001,0.001,0.001,0.001,0.0,,,,,,4096,32,32,16,4,4096,5,0,3520,False,AttentionBackend.FLASH_ATTENTION
0.0,0.0,0.0,0.0,0.0,0.037,0.038,0.0376,0.038,0.000489897948556636,0.001,0.001,0.001,0.001,0.0,,,,,,4096,32,32,16,4,4096,6,0,3520,False,AttentionBackend.FLASH_ATTENTION
0.0,0.0,0.0,0.0,0.0,0.047,0.048,0.0472,0.047,0.00040000000000000034,0.001,0.001,0.001,0.001,0.0,,,,,,4096,32,32,16,4,4096,7,0,3520,False,AttentionBackend.FLASH_ATTENTION
0.0,0.0,0.0,0.0,0.0,0.049,0.051000000000000004,0.0498,0.05,0.0007483314773547889,0.001,0.001,0.001,0.001,0.0,,,,,,4096,32,32,16,4,4096,8,0,3520,False,AttentionBackend.FLASH_ATTENTION
0.0,0.0,0.0,0.0,0.0,0.014,0.014,0.014000000000000002,0.014,1.734723475976807e-18,0.001,0.001,0.001,0.001,0.0,,,,,,4096,32,32,16,4,4096,1,0,3584,False,AttentionBackend.FLASH_ATTENTION
0.0,0.0,0.0,0.0,0.0,0.016,0.017,0.016800000000000002,0.017,0.00040000000000000034,0.001,0.001,0.001,0.001,0.0,,,,,,4096,32,32,16,4,4096,2,0,3584,False,AttentionBackend.FLASH_ATTENTION
0.0,0.0,0.0,0.0,0.0,0.022,0.023,0.022799999999999997,0.023,0.00040000000000000034,0.001,0.001,0.001,0.001,0.0,,,,,,4096,32,32,16,4,4096,3,0,3584,False,AttentionBackend.FLASH_ATTENTION
0.0,0.0,0.0,0.0,0.0,0.031,0.034,0.032600000000000004,0.033,0.001019803902718558,0.001,0.001,0.001,0.001,0.0,,,,,,4096,32,32,16,4,4096,4,0,3584,False,AttentionBackend.FLASH_ATTENTION
0.0,0.0,0.0,0.0,0.0,0.037,0.039,0.0376,0.037,0.0008000000000000007,0.001,0.001,0.001,0.001,0.0,,,,,,4096,32,32,16,4,4096,5,0,3584,False,AttentionBackend.FLASH_ATTENTION
0.0,0.0,0.0,0.0,0.0,0.038,0.039,0.0388,0.039,0.00040000000000000034,0.001,0.001,0.001,0.001,0.0,,,,,,4096,32,32,16,4,4096,6,0,3584,False,AttentionBackend.FLASH_ATTENTION
0.0,0.0,0.0,0.0,0.0,0.047,0.049,0.048,0.048,0.0008944271909999167,0.001,0.001,0.001,0.001,0.0,,,,,,4096,32,32,16,4,4096,7,0,3584,False,AttentionBackend.FLASH_ATTENTION
0.0,0.0,0.0,0.0,0.0,0.051000000000000004,0.052000000000000005,0.0518,0.052000000000000005,0.00040000000000000034,0.001,0.001,0.001,0.001,0.0,,,,,,4096,32,32,16,4,4096,8,0,3584,False,AttentionBackend.FLASH_ATTENTION
0.0,0.0,0.0,0.0,0.0,0.014,0.014,0.014000000000000002,0.014,1.734723475976807e-18,0.001,0.001,0.001,0.001,0.0,,,,,,4096,32,32,16,4,4096,1,0,3648,False,AttentionBackend.FLASH_ATTENTION
0.0,0.0,0.0,0.0,0.0,0.016,0.017,0.0166,0.017,0.000489897948556636,0.001,0.001,0.001,0.001,0.0,,,,,,4096,32,32,16,4,4096,2,0,3648,False,AttentionBackend.FLASH_ATTENTION
0.0,0.0,0.0,0.0,0.0,0.022,0.023,0.022799999999999997,0.023,0.00040000000000000034,0.001,0.001,0.001,0.001,0.0,,,,,,4096,32,32,16,4,4096,3,0,3648,False,AttentionBackend.FLASH_ATTENTION
0.0,0.0,0.0,0.0,0.0,0.032,0.033,0.0322,0.032,0.00040000000000000034,0.001,0.001,0.001,0.001,0.0,,,,,,4096,32,32,16,4,4096,4,0,3648,False,AttentionBackend.FLASH_ATTENTION
0.0,0.0,0.0,0.0,0.0,0.037,0.038,0.0374,0.037,0.000489897948556636,0.001,0.001,0.001,0.001,0.0,,,,,,4096,32,32,16,4,4096,5,0,3648,False,AttentionBackend.FLASH_ATTENTION
0.0,0.0,0.0,0.0,0.0,0.04,0.041,0.040400000000000005,0.04,0.000489897948556636,0.001,0.001,0.001,0.001,0.0,,,,,,4096,32,32,16,4,4096,6,0,3648,False,AttentionBackend.FLASH_ATTENTION
0.0,0.0,0.0,0.0,0.0,0.048,0.049,0.0486,0.049,0.000489897948556636,0.001,0.001,0.001,0.001,0.0,,,,,,4096,32,32,16,4,4096,7,0,3648,False,AttentionBackend.FLASH_ATTENTION
0.0,0.0,0.0,0.0,0.0,0.051000000000000004,0.052000000000000005,0.0516,0.052000000000000005,0.000489897948556636,0.001,0.001,0.001,0.001,0.0,,,,,,4096,32,32,16,4,4096,8,0,3648,False,AttentionBackend.FLASH_ATTENTION
0.0,0.0,0.0,0.0,0.0,0.014,0.015,0.014599999999999998,0.015,0.0004898979485566351,0.001,0.001,0.001,0.001,0.0,,,,,,4096,32,32,16,4,4096,1,0,3712,False,AttentionBackend.FLASH_ATTENTION
0.0,0.0,0.0,0.0,0.0,0.016,0.017,0.0166,0.017,0.000489897948556636,0.001,0.001,0.001,0.001,0.0,,,,,,4096,32,32,16,4,4096,2,0,3712,False,AttentionBackend.FLASH_ATTENTION
0.0,0.0,0.0,0.0,0.0,0.024,0.025,0.0242,0.024,0.00040000000000000034,0.001,0.001,0.001,0.001,0.0,,,,,,4096,32,32,16,4,4096,3,0,3712,False,AttentionBackend.FLASH_ATTENTION
0.0,0.0,0.0,0.0,0.0,0.031,0.033,0.0318,0.032,0.0007483314773547889,0.001,0.001,0.001,0.001,0.0,,,,,,4096,32,32,16,4,4096,4,0,3712,False,AttentionBackend.FLASH_ATTENTION
0.0,0.0,0.0,0.0,0.0,0.037,0.039,0.0382,0.038,0.0007483314773547889,0.001,0.001,0.001,0.001,0.0,,,,,,4096,32,32,16,4,4096,5,0,3712,False,AttentionBackend.FLASH_ATTENTION
0.0,0.0,0.0,0.0,0.0,0.039,0.04,0.0396,0.04,0.000489897948556636,0.001,0.001,0.001,0.001,0.0,,,,,,4096,32,32,16,4,4096,6,0,3712,False,AttentionBackend.FLASH_ATTENTION
0.0,0.0,0.0,0.0,0.0,0.049,0.051000000000000004,0.0496,0.049,0.0008000000000000007,0.001,0.001,0.001,0.001,0.0,,,,,,4096,32,32,16,4,4096,7,0,3712,False,AttentionBackend.FLASH_ATTENTION
0.0,0.0,0.0,0.0,0.0,0.052000000000000005,0.053,0.0526,0.053,0.0004898979485566326,0.001,0.001,0.001,0.001,0.0,,,,,,4096,32,32,16,4,4096,8,0,3712,False,AttentionBackend.FLASH_ATTENTION
0.0,0.0,0.0,0.0,0.0,0.014,0.015,0.014799999999999999,0.015,0.0003999999999999997,0.001,0.001,0.001,0.001,0.0,,,,,,4096,32,32,16,4,4096,1,0,3776,False,AttentionBackend.FLASH_ATTENTION
0.0,0.0,0.0,0.0,0.0,0.016,0.017,0.0166,0.017,0.000489897948556636,0.001,0.001,0.001,0.001,0.0,,,,,,4096,32,32,16,4,4096,2,0,3776,False,AttentionBackend.FLASH_ATTENTION
0.0,0.0,0.0,0.0,0.0,0.024,0.026000000000000002,0.0248,0.025,0.0007483314773547889,0.001,0.001,0.001,0.001,0.0,,,,,,4096,32,32,16,4,4096,3,0,3776,False,AttentionBackend.FLASH_ATTENTION
0.0,0.0,0.0,0.0,0.0,0.032,0.034,0.0332,0.033,0.000748331477354789,0.001,0.001,0.001,0.001,0.0,,,,,,4096,32,32,16,4,4096,4,0,3776,False,AttentionBackend.FLASH_ATTENTION
0.0,0.0,0.0,0.0,0.0,0.038,0.038,0.038,0.038,0.0,0.001,0.001,0.001,0.001,0.0,,,,,,4096,32,32,16,4,4096,5,0,3776,False,AttentionBackend.FLASH_ATTENTION
0.0,0.0,0.0,0.0,0.0,0.039,0.041,0.04,0.04,0.0006324555320336764,0.001,0.001,0.001,0.001,0.0,,,,,,4096,32,32,16,4,4096,6,0,3776,False,AttentionBackend.FLASH_ATTENTION
0.0,0.0,0.0,0.0,0.0,0.049,0.05,0.0498,0.05,0.00040000000000000034,0.001,0.001,0.001,0.001,0.0,,,,,,4096,32,32,16,4,4096,7,0,3776,False,AttentionBackend.FLASH_ATTENTION
0.0,0.0,0.0,0.0,0.0,0.051000000000000004,0.052000000000000005,0.0518,0.052000000000000005,0.00040000000000000034,0.001,0.001,0.001,0.001,0.0,,,,,,4096,32,32,16,4,4096,8,0,3776,False,AttentionBackend.FLASH_ATTENTION
0.0,0.0,0.0,0.0,0.0,0.014,0.014,0.014000000000000002,0.014,1.734723475976807e-18,0.001,0.001,0.001,0.001,0.0,,,,,,4096,32,32,16,4,4096,1,0,3840,False,AttentionBackend.FLASH_ATTENTION
0.0,0.0,0.0,0.0,0.0,0.019,0.019,0.019,0.019,0.0,0.001,0.001,0.001,0.001,0.0,,,,,,4096,32,32,16,4,4096,2,0,3840,False,AttentionBackend.FLASH_ATTENTION
0.0,0.0,0.0,0.0,0.0,0.025,0.026000000000000002,0.0252,0.025,0.00040000000000000034,0.001,0.001,0.001,0.001,0.0,,,,,,4096,32,32,16,4,4096,3,0,3840,False,AttentionBackend.FLASH_ATTENTION
0.0,0.0,0.0,0.0,0.0,0.031,0.034,0.033,0.034,0.001264911064067353,0.001,0.001,0.001,0.001,0.0,,,,,,4096,32,32,16,4,4096,4,0,3840,False,AttentionBackend.FLASH_ATTENTION
0.0,0.0,0.0,0.0,0.0,0.04,0.04,0.04,0.04,0.0,0.001,0.001,0.001,0.001,0.0,,,,,,4096,32,32,16,4,4096,5,0,3840,False,AttentionBackend.FLASH_ATTENTION
0.0,0.0,0.0,0.0,0.0,0.04,0.042,0.0412,0.041,0.000748331477354789,0.001,0.001,0.001,0.001,0.0,,,,,,4096,32,32,16,4,4096,6,0,3840,False,AttentionBackend.FLASH_ATTENTION
0.0,0.0,0.0,0.0,0.0,0.05,0.052000000000000005,0.051000000000000004,0.051000000000000004,0.0006324555320336764,0.001,0.001,0.001,0.001,0.0,,,,,,4096,32,32,16,4,4096,7,0,3840,False,AttentionBackend.FLASH_ATTENTION
0.0,0.0,0.0,0.0,0.0,0.052000000000000005,0.055,0.0536,0.054,0.0010198039027185556,0.001,0.001,0.001,0.001,0.0,,,,,,4096,32,32,16,4,4096,8,0,3840,False,AttentionBackend.FLASH_ATTENTION
0.0,0.0,0.0,0.0,0.0,0.014,0.015,0.014199999999999999,0.014,0.00039999999999999964,0.001,0.001,0.001,0.001,0.0,,,,,,4096,32,32,16,4,4096,1,0,3904,False,AttentionBackend.FLASH_ATTENTION
0.0,0.0,0.0,0.0,0.0,0.019,0.019,0.019,0.019,0.0,0.001,0.001,0.001,0.001,0.0,,,,,,4096,32,32,16,4,4096,2,0,3904,False,AttentionBackend.FLASH_ATTENTION
0.0,0.0,0.0,0.0,0.0,0.025,0.026000000000000002,0.0252,0.025,0.00040000000000000034,0.001,0.001,0.001,0.001,0.0,,,,,,4096,32,32,16,4,4096,3,0,3904,False,AttentionBackend.FLASH_ATTENTION
0.0,0.0,0.0,0.0,0.0,0.032,0.034,0.0328,0.033,0.000748331477354789,0.001,0.001,0.001,0.001,0.0,,,,,,4096,32,32,16,4,4096,4,0,3904,False,AttentionBackend.FLASH_ATTENTION
0.0,0.0,0.0,0.0,0.0,0.039,0.04,0.0398,0.04,0.00040000000000000034,0.001,0.001,0.001,0.001,0.0,,,,,,4096,32,32,16,4,4096,5,0,3904,False,AttentionBackend.FLASH_ATTENTION
0.0,0.0,0.0,0.0,0.0,0.04,0.043000000000000003,0.041600000000000005,0.042,0.001019803902718558,0.001,0.001,0.001,0.001,0.0,,,,,,4096,32,32,16,4,4096,6,0,3904,False,AttentionBackend.FLASH_ATTENTION
0.0,0.0,0.0,0.0,0.0,0.051000000000000004,0.052000000000000005,0.0514,0.051000000000000004,0.000489897948556636,0.001,0.001,0.001,0.001,0.0,,,,,,4096,32,32,16,4,4096,7,0,3904,False,AttentionBackend.FLASH_ATTENTION
0.0,0.0,0.0,0.0,0.0,0.053,0.054,0.0538,0.054,0.00040000000000000034,0.001,0.001,0.001,0.001,0.0,,,,,,4096,32,32,16,4,4096,8,0,3904,False,AttentionBackend.FLASH_ATTENTION
0.0,0.0,0.0,0.0,0.0,0.015,0.015,0.015,0.015,0.0,0.001,0.001,0.001,0.001,0.0,,,,,,4096,32,32,16,4,4096,1,0,3968,False,AttentionBackend.FLASH_ATTENTION
0.0,0.0,0.0,0.0,0.0,0.019,0.019,0.019,0.019,0.0,0.001,0.001,0.001,0.001,0.0,,,,,,4096,32,32,16,4,4096,2,0,3968,False,AttentionBackend.FLASH_ATTENTION
0.0,0.0,0.0,0.0,0.0,0.026000000000000002,0.026000000000000002,0.026000000000000002,0.026000000000000002,0.0,0.001,0.001,0.001,0.001,0.0,,,,,,4096,32,32,16,4,4096,3,0,3968,False,AttentionBackend.FLASH_ATTENTION
0.0,0.0,0.0,0.0,0.0,0.033,0.034,0.0334,0.033,0.000489897948556636,0.001,0.001,0.001,0.001,0.0,,,,,,4096,32,32,16,4,4096,4,0,3968,False,AttentionBackend.FLASH_ATTENTION
0.0,0.0,0.0,0.0,0.0,0.039,0.041,0.0402,0.04,0.0007483314773547889,0.001,0.001,0.001,0.001,0.0,,,,,,4096,32,32,16,4,4096,5,0,3968,False,AttentionBackend.FLASH_ATTENTION
0.0,0.0,0.0,0.0,0.0,0.041,0.042,0.0412,0.041,0.00040000000000000034,0.001,0.001,0.001,0.001,0.0,,,,,,4096,32,32,16,4,4096,6,0,3968,False,AttentionBackend.FLASH_ATTENTION
0.0,0.0,0.0,0.0,0.0,0.051000000000000004,0.052000000000000005,0.0512,0.051000000000000004,0.00040000000000000034,0.001,0.001,0.001,0.001,0.0,,,,,,4096,32,32,16,4,4096,7,0,3968,False,AttentionBackend.FLASH_ATTENTION
0.0,0.0,0.0,0.0,0.0,0.054,0.055,0.0546,0.055,0.000489897948556636,0.001,0.001,0.001,0.001,0.0,,,,,,4096,32,32,16,4,4096,8,0,3968,False,AttentionBackend.FLASH_ATTENTION
0.0,0.0,0.0,0.0,0.0,0.015,0.015,0.015,0.015,0.0,0.001,0.001,0.001,0.001,0.0,,,,,,4096,32,32,16,4,4096,1,0,4032,False,AttentionBackend.FLASH_ATTENTION
0.0,0.0,0.0,0.0,0.0,0.019,0.02,0.019200000000000002,0.019,0.00040000000000000034,0.001,0.001,0.001,0.001,0.0,,,,,,4096,32,32,16,4,4096,2,0,4032,False,AttentionBackend.FLASH_ATTENTION
0.0,0.0,0.0,0.0,0.0,0.025,0.026000000000000002,0.0258,0.026000000000000002,0.00040000000000000034,0.001,0.001,0.001,0.001,0.0,,,,,,4096,32,32,16,4,4096,3,0,4032,False,AttentionBackend.FLASH_ATTENTION
0.0,0.0,0.0,0.0,0.0,0.034,0.035,0.0342,0.034,0.00040000000000000034,0.001,0.001,0.001,0.001,0.0,,,,,,4096,32,32,16,4,4096,4,0,4032,False,AttentionBackend.FLASH_ATTENTION
0.0,0.0,0.0,0.0,0.0,0.04,0.041,0.040400000000000005,0.04,0.000489897948556636,0.001,0.001,0.001,0.001,0.0,,,,,,4096,32,32,16,4,4096,5,0,4032,False,AttentionBackend.FLASH_ATTENTION
0.0,0.0,0.0,0.0,0.0,0.042,0.043000000000000003,0.0422,0.042,0.00040000000000000034,0.001,0.001,0.001,0.001,0.0,,,,,,4096,32,32,16,4,4096,6,0,4032,False,AttentionBackend.FLASH_ATTENTION
0.0,0.0,0.0,0.0,0.0,0.052000000000000005,0.053,0.0522,0.052000000000000005,0.0003999999999999976,0.001,0.001,0.001,0.001,0.0,,,,,,4096,32,32,16,4,4096,7,0,4032,False,AttentionBackend.FLASH_ATTENTION
0.0,0.0,0.0,0.0,0.0,0.056,0.058,0.056600000000000004,0.056,0.0008000000000000007,0.001,0.001,0.001,0.001,0.0,,,,,,4096,32,32,16,4,4096,8,0,4032,False,AttentionBackend.FLASH_ATTENTION
0.0,0.0,0.0,0.0,0.0,,,,,,0.002,0.002,0.002,0.002,0.0,0.025,0.026000000000000002,0.0252,0.025,0.00040000000000000034,4096,32,32,16,4,4096,1,512,0,True,AttentionBackend.FLASH_ATTENTION
0.0,0.0,0.0,0.0,0.0,,,,,,0.002,0.002,0.002,0.002,0.0,0.043000000000000003,0.044,0.0438,0.044,0.0003999999999999976,4096,32,32,16,4,4096,1,512,512,True,AttentionBackend.FLASH_ATTENTION
0.0,0.0,0.0,0.0,0.0,,,,,,0.002,0.002,0.002,0.002,0.0,0.048,0.049,0.0484,0.048,0.000489897948556636,4096,32,32,16,4,4096,1,512,1024,True,AttentionBackend.FLASH_ATTENTION
0.0,0.0,0.0,0.0,0.0,,,,,,0.002,0.002,0.002,0.002,0.0,0.049,0.049,0.049,0.049,0.0,4096,32,32,16,4,4096,1,512,1024,True,AttentionBackend.FLASH_ATTENTION
0.0,0.0,0.0,0.0,0.0,,,,,,0.002,0.002,0.002,0.002,0.0,0.03,0.03,0.03,0.03,0.0,4096,32,32,16,4,4096,1,544,0,True,AttentionBackend.FLASH_ATTENTION
0.0,0.0,0.0,0.0,0.0,,,,,,0.002,0.002,0.002,0.002,0.0,0.034,0.035,0.034800000000000005,0.035,0.00040000000000000034,4096,32,32,16,4,4096,1,544,512,True,AttentionBackend.FLASH_ATTENTION
0.0,0.0,0.0,0.0,0.0,,,,,,0.002,0.002,0.002,0.002,0.0,0.04,0.041,0.0402,0.04,0.00040000000000000034,4096,32,32,16,4,4096,1,544,1024,True,AttentionBackend.FLASH_ATTENTION
0.0,0.0,0.0,0.0,0.0,,,,,,0.002,0.002,0.002,0.002,0.0,0.04,0.041,0.0408,0.041,0.00040000000000000034,4096,32,32,16,4,4096,1,544,1024,True,AttentionBackend.FLASH_ATTENTION
0.0,0.0,0.0,0.0,0.0,,,,,,0.002,0.002,0.002,0.002,0.0,0.03,0.03,0.03,0.03,0.0,4096,32,32,16,4,4096,1,576,0,True,AttentionBackend.FLASH_ATTENTION
0.0,0.0,0.0,0.0,0.0,,,,,,0.002,0.002,0.002,0.002,0.0,0.035,0.037,0.036000000000000004,0.036000000000000004,0.0008944271909999136,4096,32,32,16,4,4096,1,576,512,True,AttentionBackend.FLASH_ATTENTION
0.0,0.0,0.0,0.0,0.0,,,,,,0.002,0.002,0.002,0.002,0.0,0.04,0.041,0.0408,0.041,0.00040000000000000034,4096,32,32,16,4,4096,1,576,1024,True,AttentionBackend.FLASH_ATTENTION
0.0,0.0,0.0,0.0,0.0,,,,,,0.002,0.002,0.002,0.002,0.0,0.04,0.041,0.040600000000000004,0.041,0.000489897948556636,4096,32,32,16,4,4096,1,576,1024,True,AttentionBackend.FLASH_ATTENTION
0.0,0.0,0.0,0.0,0.0,,,,,,0.002,0.002,0.002,0.002,0.0,0.03,0.03,0.03,0.03,0.0,4096,32,32,16,4,4096,1,608,0,True,AttentionBackend.FLASH_ATTENTION
0.0,0.0,0.0,0.0,0.0,,,,,,0.002,0.002,0.002,0.002,0.0,0.038,0.039,0.038400000000000004,0.038,0.000489897948556636,4096,32,32,16,4,4096,1,608,512,True,AttentionBackend.FLASH_ATTENTION
0.0,0.0,0.0,0.0,0.0,,,,,,0.002,0.002,0.002,0.002,0.0,0.04,0.04,0.04,0.04,0.0,4096,32,32,16,4,4096,1,608,1024,True,AttentionBackend.FLASH_ATTENTION
0.0,0.0,0.0,0.0,0.0,,,,,,0.002,0.002,0.002,0.002,0.0,0.04,0.041,0.040400000000000005,0.04,0.000489897948556636,4096,32,32,16,4,4096,1,608,1024,True,AttentionBackend.FLASH_ATTENTION
0.0,0.0,0.0,0.0,0.0,,,,,,0.002,0.002,0.002,0.002,0.0,0.03,0.031,0.030199999999999998,0.03,0.00040000000000000034,4096,32,32,16,4,4096,1,640,0,True,AttentionBackend.FLASH_ATTENTION
0.0,0.0,0.0,0.0,0.0,,,,,,0.002,0.002,0.002,0.002,0.0,0.039,0.04,0.039400000000000004,0.039,0.0004898979485566361,4096,32,32,16,4,4096,1,640,512,True,AttentionBackend.FLASH_ATTENTION
0.0,0.0,0.0,0.0,0.0,,,,,,0.002,0.002,0.002,0.002,0.0,0.04,0.041,0.040600000000000004,0.041,0.000489897948556636,4096,32,32,16,4,4096,1,640,1024,True,AttentionBackend.FLASH_ATTENTION
0.0,0.0,0.0,0.0,0.0,,,,,,0.002,0.002,0.002,0.002,0.0,0.041,0.042,0.0412,0.041,0.00040000000000000034,4096,32,32,16,4,4096,1,640,1024,True,AttentionBackend.FLASH_ATTENTION
0.0,0.0,0.0,0.0,0.0,,,,,,0.002,0.002,0.002,0.002,0.0,0.03,0.031,0.0304,0.03,0.000489897948556636,4096,32,32,16,4,4096,1,672,0,True,AttentionBackend.FLASH_ATTENTION
0.0,0.0,0.0,0.0,0.0,,,,,,0.002,0.002,0.002,0.002,0.0,0.051000000000000004,0.052000000000000005,0.0512,0.051000000000000004,0.00040000000000000034,4096,32,32,16,4,4096,1,672,512,True,AttentionBackend.FLASH_ATTENTION
0.0,0.0,0.0,0.0,0.0,,,,,,0.002,0.002,0.002,0.002,0.0,0.049,0.05,0.0498,0.05,0.00040000000000000034,4096,32,32,16,4,4096,1,672,1024,True,AttentionBackend.FLASH_ATTENTION
0.0,0.0,0.0,0.0,0.0,,,,,,0.002,0.002,0.002,0.002,0.0,0.048,0.049,0.0482,0.048,0.00040000000000000034,4096,32,32,16,4,4096,1,672,1024,True,AttentionBackend.FLASH_ATTENTION
0.0,0.0,0.0,0.0,0.0,,,,,,0.002,0.002,0.002,0.002,0.0,0.03,0.032,0.0306,0.03,0.0008000000000000007,4096,32,32,16,4,4096,1,704,0,True,AttentionBackend.FLASH_ATTENTION
0.0,0.0,0.0,0.0,0.0,,,,,,0.002,0.002,0.002,0.002,0.0,0.052000000000000005,0.053,0.0524,0.052000000000000005,0.0004898979485566326,4096,32,32,16,4,4096,1,704,512,True,AttentionBackend.FLASH_ATTENTION
0.0,0.0,0.0,0.0,0.0,,,,,,0.002,0.002,0.002,0.002,0.0,0.049,0.05,0.0496,0.05,0.000489897948556636,4096,32,32,16,4,4096,1,704,1024,True,AttentionBackend.FLASH_ATTENTION
0.0,0.0,0.0,0.0,0.0,,,,,,0.002,0.002,0.002,0.002,0.0,0.05,0.051000000000000004,0.0502,0.05,0.00040000000000000034,4096,32,32,16,4,4096,1,704,1024,True,AttentionBackend.FLASH_ATTENTION
0.0,0.0,0.0,0.0,0.0,,,,,,0.002,0.002,0.002,0.002,0.0,0.044,0.046,0.0452,0.045,0.000748331477354789,4096,32,32,16,4,4096,1,736,0,True,AttentionBackend.FLASH_ATTENTION
0.0,0.0,0.0,0.0,0.0,,,,,,0.002,0.002,0.002,0.002,0.0,0.05,0.053,0.0514,0.051000000000000004,0.0010198039027185556,4096,32,32,16,4,4096,1,736,512,True,AttentionBackend.FLASH_ATTENTION
0.0,0.0,0.0,0.0,0.0,,,,,,0.002,0.002,0.002,0.002,0.0,0.067,0.069,0.0678,0.068,0.0007483314773547889,4096,32,32,16,4,4096,1,736,1024,True,AttentionBackend.FLASH_ATTENTION
0.0,0.0,0.0,0.0,0.0,,,,,,0.002,0.002,0.002,0.002,0.0,0.068,0.07200000000000001,0.06960000000000001,0.069,0.001356465996625055,4096,32,32,16,4,4096,1,736,1024,True,AttentionBackend.FLASH_ATTENTION
0.0,0.0,0.0,0.0,0.0,,,,,,0.002,0.002,0.002,0.002,0.0,0.045,0.046,0.045599999999999995,0.046,0.000489897948556636,4096,32,32,16,4,4096,1,768,0,True,AttentionBackend.FLASH_ATTENTION
0.0,0.0,0.0,0.0,0.0,,,,,,0.002,0.002,0.002,0.002,0.0,0.051000000000000004,0.055,0.0522,0.052000000000000005,0.0014696938456699054,4096,32,32,16,4,4096,1,768,512,True,AttentionBackend.FLASH_ATTENTION
0.0,0.0,0.0,0.0,0.0,,,,,,0.002,0.002,0.002,0.002,0.0,0.067,0.07,0.0688,0.069,0.001166190378969061,4096,32,32,16,4,4096,1,768,1024,True,AttentionBackend.FLASH_ATTENTION
0.0,0.0,0.0,0.0,0.0,,,,,,0.002,0.002,0.002,0.002,0.0,0.068,0.07,0.06920000000000001,0.069,0.0007483314773547889,4096,32,32,16,4,4096,1,768,1024,True,AttentionBackend.FLASH_ATTENTION
0.0,0.0,0.0,0.0,0.0,,,,,,0.002,0.002,0.002,0.002,0.0,0.067,0.067,0.067,0.067,0.0,4096,32,32,16,4,4096,1,800,0,True,AttentionBackend.FLASH_ATTENTION
0.0,0.0,0.0,0.0,0.0,,,,,,0.002,0.002,0.002,0.002,0.0,0.061,0.063,0.0618,0.062,0.000748331477354789,4096,32,32,16,4,4096,1,800,512,True,AttentionBackend.FLASH_ATTENTION
0.0,0.0,0.0,0.0,0.0,,,,,,0.002,0.002,0.002,0.002,0.0,0.07,0.074,0.07200000000000001,0.07200000000000001,0.0014142135623730905,4096,32,32,16,4,4096,1,800,1024,True,AttentionBackend.FLASH_ATTENTION
0.0,0.0,0.0,0.0,0.0,,,,,,0.002,0.002,0.002,0.002,0.0,0.07100000000000001,0.078,0.07360000000000001,0.073,0.0024166091947189117,4096,32,32,16,4,4096,1,800,1024,True,AttentionBackend.FLASH_ATTENTION
0.0,0.0,0.0,0.0,0.0,,,,,,0.002,0.002,0.002,0.002,0.0,0.066,0.067,0.0664,0.066,0.000489897948556636,4096,32,32,16,4,4096,1,832,0,True,AttentionBackend.FLASH_ATTENTION
0.0,0.0,0.0,0.0,0.0,,,,,,0.002,0.002,0.002,0.002,0.0,0.06,0.062,0.0612,0.061,0.000748331477354789,4096,32,32,16,4,4096,1,832,512,True,AttentionBackend.FLASH_ATTENTION
0.0,0.0,0.0,0.0,0.0,,,,,,0.002,0.002,0.002,0.002,0.0,0.073,0.079,0.076,0.075,0.0025298221281347057,4096,32,32,16,4,4096,1,832,1024,True,AttentionBackend.FLASH_ATTENTION
0.0,0.0,0.0,0.0,0.0,,,,,,0.002,0.002,0.002,0.002,0.0,0.07200000000000001,0.077,0.0746,0.075,0.0018547236990991386,4096,32,32,16,4,4096,1,832,1024,True,AttentionBackend.FLASH_ATTENTION
0.0,0.0,0.0,0.0,0.0,,,,,,0.002,0.002,0.002,0.002,0.0,0.066,0.066,0.066,0.066,0.0,4096,32,32,16,4,4096,1,864,0,True,AttentionBackend.FLASH_ATTENTION
0.0,0.0,0.0,0.0,0.0,,,,,,0.002,0.002,0.002,0.002,0.0,0.076,0.077,0.0764,0.076,0.000489897948556636,4096,32,32,16,4,4096,1,864,512,True,AttentionBackend.FLASH_ATTENTION
0.0,0.0,0.0,0.0,0.0,,,,,,0.002,0.002,0.002,0.002,0.0,0.084,0.084,0.084,0.084,0.0,4096,32,32,16,4,4096,1,864,1024,True,AttentionBackend.FLASH_ATTENTION
0.0,0.0,0.0,0.0,0.0,,,,,,0.002,0.002,0.002,0.002,0.0,0.085,0.08600000000000001,0.08560000000000001,0.08600000000000001,0.000489897948556636,4096,32,32,16,4,4096,1,864,1024,True,AttentionBackend.FLASH_ATTENTION
0.0,0.0,0.0,0.0,0.0,,,,,,0.002,0.002,0.002,0.002,0.0,0.067,0.067,0.067,0.067,0.0,4096,32,32,16,4,4096,1,896,0,True,AttentionBackend.FLASH_ATTENTION
0.0,0.0,0.0,0.0,0.0,,,,,,0.002,0.002,0.002,0.002,0.0,0.077,0.077,0.077,0.077,0.0,4096,32,32,16,4,4096,1,896,512,True,AttentionBackend.FLASH_ATTENTION
0.0,0.0,0.0,0.0,0.0,,,,,,0.002,0.002,0.002,0.002,0.0,0.084,0.084,0.084,0.084,0.0,4096,32,32,16,4,4096,1,896,1024,True,AttentionBackend.FLASH_ATTENTION
0.0,0.0,0.0,0.0,0.0,,,,,,0.002,0.002,0.002,0.002,0.0,0.08600000000000001,0.08700000000000001,0.08620000000000001,0.08600000000000001,0.00040000000000000034,4096,32,32,16,4,4096,1,896,1024,True,AttentionBackend.FLASH_ATTENTION
0.0,0.0,0.0,0.0,0.0,,,,,,0.002,0.002,0.002,0.002,0.0,0.073,0.074,0.0732,0.073,0.00040000000000000034,4096,32,32,16,4,4096,1,928,0,True,AttentionBackend.FLASH_ATTENTION
0.0,0.0,0.0,0.0,0.0,,,,,,0.002,0.002,0.002,0.002,0.0,0.081,0.081,0.081,0.081,0.0,4096,32,32,16,4,4096,1,928,512,True,AttentionBackend.FLASH_ATTENTION
0.0,0.0,0.0,0.0,0.0,,,,,,0.002,0.002,0.002,0.002,0.0,0.091,0.091,0.091,0.091,0.0,4096,32,32,16,4,4096,1,928,1024,True,AttentionBackend.FLASH_ATTENTION
0.0,0.0,0.0,0.0,0.0,,,,,,0.002,0.002,0.002,0.002,0.0,0.092,0.092,0.092,0.092,0.0,4096,32,32,16,4,4096,1,928,1024,True,AttentionBackend.FLASH_ATTENTION
0.0,0.0,0.0,0.0,0.0,,,,,,0.002,0.002,0.002,0.002,0.0,0.07200000000000001,0.073,0.0724,0.07200000000000001,0.0004898979485566293,4096,32,32,16,4,4096,1,960,0,True,AttentionBackend.FLASH_ATTENTION
0.0,0.0,0.0,0.0,0.0,,,,,,0.002,0.002,0.002,0.002,0.0,0.081,0.081,0.081,0.081,0.0,4096,32,32,16,4,4096,1,960,512,True,AttentionBackend.FLASH_ATTENTION
0.0,0.0,0.0,0.0,0.0,,,,,,0.002,0.002,0.002,0.002,0.0,0.09,0.091,0.0904,0.09,0.000489897948556636,4096,32,32,16,4,4096,1,960,1024,True,AttentionBackend.FLASH_ATTENTION
0.0,0.0,0.0,0.0,0.0,,,,,,0.002,0.002,0.002,0.002,0.0,0.09,0.091,0.0904,0.09,0.000489897948556636,4096,32,32,16,4,4096,1,960,1024,True,AttentionBackend.FLASH_ATTENTION
0.0,0.0,0.0,0.0,0.0,,,,,,0.002,0.002,0.002,0.002,0.0,0.076,0.077,0.0764,0.076,0.000489897948556636,4096,32,32,16,4,4096,1,992,0,True,AttentionBackend.FLASH_ATTENTION
0.0,0.0,0.0,0.0,0.0,,,,,,0.002,0.002,0.002,0.002,0.0,0.085,0.085,0.085,0.085,0.0,4096,32,32,16,4,4096,1,992,512,True,AttentionBackend.FLASH_ATTENTION
0.0,0.0,0.0,0.0,0.0,,,,,,0.002,0.002,0.002,0.002,0.0,0.094,0.095,0.09419999999999999,0.094,0.00040000000000000034,4096,32,32,16,4,4096,1,992,1024,True,AttentionBackend.FLASH_ATTENTION
0.0,0.0,0.0,0.0,0.0,,,,,,0.002,0.002,0.002,0.002,0.0,0.091,0.092,0.09179999999999999,0.092,0.00040000000000000034,4096,32,32,16,4,4096,1,992,1024,True,AttentionBackend.FLASH_ATTENTION
0.0,0.0,0.0,0.0,0.0,,,,,,0.002,0.002,0.002,0.002,0.0,0.074,0.074,0.074,0.074,0.0,4096,32,32,16,4,4096,1,1024,0,True,AttentionBackend.FLASH_ATTENTION
0.0,0.0,0.0,0.0,0.0,,,,,,0.002,0.002,0.002,0.002,0.0,0.083,0.084,0.0834,0.083,0.000489897948556636,4096,32,32,16,4,4096,1,1024,512,True,AttentionBackend.FLASH_ATTENTION
0.0,0.0,0.0,0.0,0.0,,,,,,0.002,0.002,0.002,0.002,0.0,0.092,0.092,0.092,0.092,0.0,4096,32,32,16,4,4096,1,1024,1024,True,AttentionBackend.FLASH_ATTENTION
0.0,0.0,0.0,0.0,0.0,,,,,,0.002,0.002,0.002,0.002,0.0,0.092,0.092,0.092,0.092,0.0,4096,32,32,16,4,4096,1,1024,1024,True,AttentionBackend.FLASH_ATTENTION
0.0,0.0,0.0,0.0,0.0,,,,,,0.002,0.002,0.002,0.002,0.0,0.074,0.074,0.074,0.074,0.0,4096,32,32,16,4,4096,1,1024,0,True,AttentionBackend.FLASH_ATTENTION
0.0,0.0,0.0,0.0,0.0,,,,,,0.002,0.002,0.002,0.002,0.0,0.083,0.084,0.08360000000000001,0.084,0.000489897948556636,4096,32,32,16,4,4096,1,1024,512,True,AttentionBackend.FLASH_ATTENTION
0.0,0.0,0.0,0.0,0.0,,,,,,0.002,0.002,0.002,0.002,0.0,0.092,0.093,0.0928,0.093,0.00040000000000000034,4096,32,32,16,4,4096,1,1024,1024,True,AttentionBackend.FLASH_ATTENTION
0.0,0.0,0.0,0.0,0.0,,,,,,0.002,0.002,0.002,0.002,0.0,0.092,0.092,0.092,0.092,0.0,4096,32,32,16,4,4096,1,1024,1024,True,AttentionBackend.FLASH_ATTENTION
0.0,0.0,0.0,0.0,0.0,,,,,,0.002,0.002,0.002,0.002,0.0,0.083,0.083,0.083,0.083,0.0,4096,32,32,16,4,4096,1,1088,0,True,AttentionBackend.FLASH_ATTENTION
0.0,0.0,0.0,0.0,0.0,,,,,,0.002,0.002,0.002,0.002,0.0,0.094,0.094,0.094,0.094,0.0,4096,32,32,16,4,4096,1,1088,512,True,AttentionBackend.FLASH_ATTENTION
0.0,0.0,0.0,0.0,0.0,,,,,,0.002,0.002,0.002,0.002,0.0,0.10400000000000001,0.105,0.1046,0.105,0.0004898979485566293,4096,32,32,16,4,4096,1,1088,1024,True,AttentionBackend.FLASH_ATTENTION
0.0,0.0,0.0,0.0,0.0,,,,,,0.002,0.002,0.002,0.002,0.0,0.106,0.107,0.10640000000000001,0.106,0.000489897948556636,4096,32,32,16,4,4096,1,1088,1024,True,AttentionBackend.FLASH_ATTENTION
0.0,0.0,0.0,0.0,0.0,,,,,,0.002,0.002,0.002,0.002,0.0,0.084,0.085,0.08480000000000001,0.085,0.00040000000000000034,4096,32,32,16,4,4096,1,1152,0,True,AttentionBackend.FLASH_ATTENTION
0.0,0.0,0.0,0.0,0.0,,,,,,0.002,0.002,0.002,0.002,0.0,0.095,0.095,0.095,0.095,0.0,4096,32,32,16,4,4096,1,1152,512,True,AttentionBackend.FLASH_ATTENTION
0.0,0.0,0.0,0.0,0.0,,,,,,0.002,0.002,0.002,0.002,0.0,0.109,0.111,0.10980000000000001,0.11,0.0007483314773547889,4096,32,32,16,4,4096,1,1152,1024,True,AttentionBackend.FLASH_ATTENTION
0.0,0.0,0.0,0.0,0.0,,,,,,0.002,0.002,0.002,0.002,0.0,0.109,0.11,0.1096,0.11,0.000489897948556636,4096,32,32,16,4,4096,1,1152,1024,True,AttentionBackend.FLASH_ATTENTION
0.0,0.0,0.0,0.0,0.0,,,,,,0.002,0.002,0.002,0.002,0.0,0.094,0.095,0.09419999999999999,0.094,0.00040000000000000034,4096,32,32,16,4,4096,1,1216,0,True,AttentionBackend.FLASH_ATTENTION
0.0,0.0,0.0,0.0,0.0,,,,,,0.002,0.002,0.002,0.002,0.0,0.10300000000000001,0.10300000000000001,0.10300000000000001,0.10300000000000001,0.0,4096,32,32,16,4,4096,1,1216,512,True,AttentionBackend.FLASH_ATTENTION
0.0,0.0,0.0,0.0,0.0,,,,,,0.002,0.002,0.002,0.002,0.0,0.117,0.117,0.11700000000000002,0.117,1.3877787807814457e-17,4096,32,32,16,4,4096,1,1216,1024,True,AttentionBackend.FLASH_ATTENTION
0.0,0.0,0.0,0.0,0.0,,,,,,0.002,0.002,0.002,0.002,0.0,0.117,0.117,0.11700000000000002,0.117,1.3877787807814457e-17,4096,32,32,16,4,4096,1,1216,1024,True,AttentionBackend.FLASH_ATTENTION
0.0,0.0,0.0,0.0,0.0,,,,,,0.002,0.002,0.002,0.002,0.0,0.10400000000000001,0.106,0.1048,0.105,0.000748331477354783,4096,32,32,16,4,4096,1,1280,0,True,AttentionBackend.FLASH_ATTENTION
0.0,0.0,0.0,0.0,0.0,,,,,,0.002,0.002,0.002,0.002,0.0,0.117,0.11900000000000001,0.11800000000000002,0.11800000000000001,0.0006324555320336764,4096,32,32,16,4,4096,1,1280,512,True,AttentionBackend.FLASH_ATTENTION
0.0,0.0,0.0,0.0,0.0,,,,,,0.002,0.002,0.002,0.002,0.0,0.126,0.128,0.127,0.127,0.0006324555320336764,4096,32,32,16,4,4096,1,1280,1024,True,AttentionBackend.FLASH_ATTENTION
0.0,0.0,0.0,0.0,0.0,,,,,,0.002,0.002,0.002,0.002,0.0,0.128,0.129,0.1282,0.128,0.00040000000000000034,4096,32,32,16,4,4096,1,1280,1024,True,AttentionBackend.FLASH_ATTENTION
0.0,0.0,0.0,0.0,0.0,,,,,,0.002,0.002,0.002,0.002,0.0,0.109,0.11,0.1096,0.11,0.000489897948556636,4096,32,32,16,4,4096,1,1344,0,True,AttentionBackend.FLASH_ATTENTION
0.0,0.0,0.0,0.0,0.0,,,,,,0.002,0.002,0.002,0.002,0.0,0.123,0.124,0.1234,0.123,0.000489897948556636,4096,32,32,16,4,4096,1,1344,512,True,AttentionBackend.FLASH_ATTENTION
0.0,0.0,0.0,0.0,0.0,,,,,,0.002,0.002,0.002,0.002,0.0,0.138,0.139,0.13820000000000002,0.138,0.00040000000000000034,4096,32,32,16,4,4096,1,1344,1024,True,AttentionBackend.FLASH_ATTENTION
0.0,0.0,0.0,0.0,0.0,,,,,,0.002,0.002,0.002,0.002,0.0,0.136,0.14,0.13740000000000002,0.137,0.001356465996625055,4096,32,32,16,4,4096,1,1344,1024,True,AttentionBackend.FLASH_ATTENTION
0.0,0.0,0.0,0.0,0.0,,,,,,0.002,0.002,0.002,0.002,0.0,0.106,0.107,0.1068,0.107,0.00040000000000000034,4096,32,32,16,4,4096,1,1408,0,True,AttentionBackend.FLASH_ATTENTION
0.0,0.0,0.0,0.0,0.0,,,,,,0.002,0.003,0.0022,0.002,0.0004,0.125,0.128,0.126,0.126,0.0010954451150103333,4096,32,32,16,4,4096,1,1408,512,True,AttentionBackend.FLASH_ATTENTION
0.0,0.0,0.0,0.0,0.0,,,,,,0.002,0.002,0.002,0.002,0.0,0.14200000000000002,0.14400000000000002,0.1426,0.14200000000000002,0.0008000000000000007,4096,32,32,16,4,4096,1,1408,1024,True,AttentionBackend.FLASH_ATTENTION
0.0,0.0,0.0,0.0,0.0,,,,,,0.002,0.002,0.002,0.002,0.0,0.139,0.14,0.13940000000000002,0.139,0.000489897948556636,4096,32,32,16,4,4096,1,1408,1024,True,AttentionBackend.FLASH_ATTENTION
0.0,0.0,0.0,0.0,0.0,,,,,,0.002,0.002,0.002,0.002,0.0,0.114,0.116,0.11520000000000001,0.115,0.000748331477354789,4096,32,32,16,4,4096,1,1472,0,True,AttentionBackend.FLASH_ATTENTION
0.0,0.0,0.0,0.0,0.0,,,,,,0.002,0.003,0.0026,0.003,0.0004898979485566356,0.134,0.137,0.1348,0.134,0.001166190378969061,4096,32,32,16,4,4096,1,1472,512,True,AttentionBackend.FLASH_ATTENTION
0.0,0.0,0.0,0.0,0.0,,,,,,0.002,0.003,0.0022,0.002,0.0004,0.146,0.147,0.1466,0.147,0.000489897948556636,4096,32,32,16,4,4096,1,1472,1024,True,AttentionBackend.FLASH_ATTENTION
0.0,0.0,0.0,0.0,0.0,,,,,,0.002,0.003,0.0027999999999999995,0.003,0.0004,0.14200000000000002,0.14400000000000002,0.14320000000000002,0.14300000000000002,0.0007483314773547889,4096,32,32,16,4,4096,1,1472,1024,True,AttentionBackend.FLASH_ATTENTION
0.0,0.0,0.0,0.0,0.0,,,,,,0.002,0.003,0.0022,0.002,0.0004,0.123,0.124,0.1236,0.124,0.000489897948556636,4096,32,32,16,4,4096,1,1536,0,True,AttentionBackend.FLASH_ATTENTION
0.0,0.0,0.0,0.0,0.0,,,,,,0.002,0.003,0.0022,0.002,0.0004,0.132,0.134,0.1326,0.132,0.0008000000000000007,4096,32,32,16,4,4096,1,1536,512,True,AttentionBackend.FLASH_ATTENTION
0.0,0.0,0.0,0.0,0.0,,,,,,0.003,0.003,0.003,0.003,0.0,0.155,0.157,0.1558,0.156,0.0007483314773547889,4096,32,32,16,4,4096,1,1536,1024,True,AttentionBackend.FLASH_ATTENTION
0.0,0.0,0.0,0.0,0.0,,,,,,0.003,0.003,0.003,0.003,0.0,0.146,0.147,0.1466,0.147,0.0004898979485566361,4096,32,32,16,4,4096,1,1536,1024,True,AttentionBackend.FLASH_ATTENTION
0.0,0.0,0.0,0.0,0.0,,,,,,0.003,0.003,0.003,0.003,0.0,0.13,0.132,0.131,0.131,0.0006324555320336764,4096,32,32,16,4,4096,1,1600,0,True,AttentionBackend.FLASH_ATTENTION
0.0,0.0,0.0,0.0,0.0,,,,,,0.003,0.003,0.003,0.003,0.0,0.14300000000000002,0.14400000000000002,0.14320000000000002,0.14300000000000002,0.00040000000000000034,4096,32,32,16,4,4096,1,1600,512,True,AttentionBackend.FLASH_ATTENTION
0.0,0.0,0.0,0.0,0.0,,,,,,0.003,0.003,0.003,0.003,0.0,0.158,0.16,0.15940000000000001,0.16,0.0008000000000000007,4096,32,32,16,4,4096,1,1600,1024,True,AttentionBackend.FLASH_ATTENTION
0.0,0.0,0.0,0.0,0.0,,,,,,0.003,0.003,0.003,0.003,0.0,0.163,0.165,0.1638,0.164,0.0007483314773547889,4096,32,32,16,4,4096,1,1600,1024,True,AttentionBackend.FLASH_ATTENTION
0.0,0.0,0.0,0.0,0.0,,,,,,0.003,0.003,0.003,0.003,0.0,0.129,0.13,0.12940000000000002,0.129,0.000489897948556636,4096,32,32,16,4,4096,1,1664,0,True,AttentionBackend.FLASH_ATTENTION
0.0,0.0,0.0,0.0,0.0,,,,,,0.003,0.003,0.003,0.003,0.0,0.145,0.148,0.1466,0.147,0.0010198039027185578,4096,32,32,16,4,4096,1,1664,512,True,AttentionBackend.FLASH_ATTENTION
0.0,0.0,0.0,0.0,0.0,,,,,,0.003,0.003,0.003,0.003,0.0,0.161,0.164,0.162,0.161,0.0012649110640673528,4096,32,32,16,4,4096,1,1664,1024,True,AttentionBackend.FLASH_ATTENTION
0.0,0.0,0.0,0.0,0.0,,,,,,0.003,0.003,0.003,0.003,0.0,0.162,0.165,0.164,0.164,0.0010954451150103333,4096,32,32,16,4,4096,1,1664,1024,True,AttentionBackend.FLASH_ATTENTION
0.0,0.0,0.0,0.0,0.0,,,,,,0.003,0.003,0.003,0.003,0.0,0.135,0.136,0.1358,0.136,0.00040000000000000034,4096,32,32,16,4,4096,1,1728,0,True,AttentionBackend.FLASH_ATTENTION
0.0,0.0,0.0,0.0,0.0,,,,,,0.003,0.003,0.003,0.003,0.0,0.153,0.154,0.1538,0.154,0.00040000000000000034,4096,32,32,16,4,4096,1,1728,512,True,AttentionBackend.FLASH_ATTENTION
0.0,0.0,0.0,0.0,0.0,,,,,,0.003,0.003,0.003,0.003,0.0,0.17,0.17200000000000001,0.171,0.171,0.0006324555320336764,4096,32,32,16,4,4096,1,1728,1024,True,AttentionBackend.FLASH_ATTENTION
0.0,0.0,0.0,0.0,0.0,,,,,,0.003,0.003,0.003,0.003,0.0,0.17,0.171,0.17040000000000002,0.17,0.000489897948556636,4096,32,32,16,4,4096,1,1728,1024,True,AttentionBackend.FLASH_ATTENTION
0.0,0.0,0.0,0.0,0.0,,,,,,0.003,0.003,0.003,0.003,0.0,0.14400000000000002,0.145,0.1446,0.145,0.0004898979485566225,4096,32,32,16,4,4096,1,1792,0,True,AttentionBackend.FLASH_ATTENTION
0.0,0.0,0.0,0.0,0.0,,,,,,0.003,0.003,0.003,0.003,0.0,0.154,0.156,0.155,0.155,0.0006324555320336764,4096,32,32,16,4,4096,1,1792,512,True,AttentionBackend.FLASH_ATTENTION
0.0,0.0,0.0,0.0,0.0,,,,,,0.003,0.003,0.003,0.003,0.0,0.168,0.17,0.169,0.169,0.0008944271909999167,4096,32,32,16,4,4096,1,1792,1024,True,AttentionBackend.FLASH_ATTENTION
0.0,0.0,0.0,0.0,0.0,,,,,,0.003,0.003,0.003,0.003,0.0,0.17500000000000002,0.177,0.1758,0.176,0.0007483314773547771,4096,32,32,16,4,4096,1,1792,1024,True,AttentionBackend.FLASH_ATTENTION
0.0,0.0,0.0,0.0,0.0,,,,,,0.003,0.003,0.003,0.003,0.0,0.152,0.153,0.1528,0.153,0.00040000000000000034,4096,32,32,16,4,4096,1,1856,0,True,AttentionBackend.FLASH_ATTENTION
0.0,0.0,0.0,0.0,0.0,,,,,,0.003,0.003,0.003,0.003,0.0,0.16,0.164,0.16240000000000002,0.163,0.001356465996625055,4096,32,32,16,4,4096,1,1856,512,True,AttentionBackend.FLASH_ATTENTION
0.0,0.0,0.0,0.0,0.0,,,,,,0.003,0.003,0.003,0.003,0.0,0.192,0.194,0.193,0.193,0.0006324555320336764,4096,32,32,16,4,4096,1,1856,1024,True,AttentionBackend.FLASH_ATTENTION
0.0,0.0,0.0,0.0,0.0,,,,,,0.003,0.003,0.003,0.003,0.0,0.191,0.191,0.191,0.191,0.0,4096,32,32,16,4,4096,1,1856,1024,True,AttentionBackend.FLASH_ATTENTION
0.0,0.0,0.0,0.0,0.0,,,,,,0.003,0.003,0.003,0.003,0.0,0.15,0.151,0.1508,0.151,0.00040000000000000034,4096,32,32,16,4,4096,1,1920,0,True,AttentionBackend.FLASH_ATTENTION
0.0,0.0,0.0,0.0,0.0,,,,,,0.003,0.003,0.003,0.003,0.0,0.17300000000000001,0.17500000000000002,0.17420000000000002,0.17400000000000002,0.0007483314773547889,4096,32,32,16,4,4096,1,1920,512,True,AttentionBackend.FLASH_ATTENTION
0.0,0.0,0.0,0.0,0.0,,,,,,0.003,0.003,0.003,0.003,0.0,0.216,0.22,0.21800000000000003,0.217,0.0016733200530681528,4096,32,32,16,4,4096,1,1920,1024,True,AttentionBackend.FLASH_ATTENTION
0.0,0.0,0.0,0.0,0.0,,,,,,0.003,0.003,0.003,0.003,0.0,0.19,0.191,0.19060000000000002,0.191,0.000489897948556636,4096,32,32,16,4,4096,1,1920,1024,True,AttentionBackend.FLASH_ATTENTION
0.0,0.0,0.0,0.0,0.0,,,,,,0.003,0.003,0.003,0.003,0.0,0.162,0.163,0.16260000000000002,0.163,0.0004898979485566361,4096,32,32,16,4,4096,1,1984,0,True,AttentionBackend.FLASH_ATTENTION
0.0,0.0,0.0,0.0,0.0,,,,,,0.003,0.003,0.003,0.003,0.0,0.191,0.193,0.1922,0.193,0.000979795897113272,4096,32,32,16,4,4096,1,1984,512,True,AttentionBackend.FLASH_ATTENTION
0.0,0.0,0.0,0.0,0.0,,,,,,0.003,0.003,0.003,0.003,0.0,0.20500000000000002,0.20600000000000002,0.20580000000000004,0.20600000000000002,0.00040000000000000034,4096,32,32,16,4,4096,1,1984,1024,True,AttentionBackend.FLASH_ATTENTION
0.0,0.0,0.0,0.0,0.0,,,,,,0.003,0.003,0.003,0.003,0.0,0.212,0.215,0.2136,0.214,0.0010198039027185578,4096,32,32,16,4,4096,1,1984,1024,True,AttentionBackend.FLASH_ATTENTION
0.0,0.0,0.0,0.0,0.0,,,,,,0.003,0.003,0.003,0.003,0.0,0.163,0.164,0.1632,0.163,0.00040000000000000034,4096,32,32,16,4,4096,1,2048,0,True,AttentionBackend.FLASH_ATTENTION
0.0,0.0,0.0,0.0,0.0,,,,,,0.003,0.003,0.003,0.003,0.0,0.194,0.196,0.19519999999999998,0.195,0.0007483314773547889,4096,32,32,16,4,4096,1,2048,512,True,AttentionBackend.FLASH_ATTENTION
0.0,0.0,0.0,0.0,0.0,,,,,,0.003,0.004,0.0032,0.003,0.0004,0.212,0.215,0.2138,0.214,0.000979795897113272,4096,32,32,16,4,4096,1,2048,1024,True,AttentionBackend.FLASH_ATTENTION
0.0,0.0,0.0,0.0,0.0,,,,,,0.003,0.004,0.0032,0.003,0.0004,0.215,0.217,0.21600000000000003,0.216,0.0008944271909999167,4096,32,32,16,4,4096,1,2048,1024,True,AttentionBackend.FLASH_ATTENTION
0.0,0.0,0.0,0.0,0.0,,,,,,0.003,0.004,0.0032,0.003,0.0004,0.176,0.177,0.17640000000000003,0.176,0.000489897948556636,4096,32,32,16,4,4096,1,2112,0,True,AttentionBackend.FLASH_ATTENTION
0.0,0.0,0.0,0.0,0.0,,,,,,0.003,0.003,0.003,0.003,0.0,0.221,0.223,0.2222,0.222,0.0007483314773547889,4096,32,32,16,4,4096,1,2112,512,True,AttentionBackend.FLASH_ATTENTION
0.0,0.0,0.0,0.0,0.0,,,,,,0.003,0.004,0.0032,0.003,0.0004,0.212,0.215,0.2132,0.213,0.001166190378969061,4096,32,32,16,4,4096,1,2112,1024,True,AttentionBackend.FLASH_ATTENTION
0.0,0.0,0.0,0.0,0.0,,,,,,0.003,0.003,0.003,0.003,0.0,0.20500000000000002,0.20700000000000002,0.20560000000000006,0.20500000000000002,0.0008000000000000007,4096,32,32,16,4,4096,1,2112,1024,True,AttentionBackend.FLASH_ATTENTION
0.0,0.0,0.0,0.0,0.0,,,,,,0.003,0.004,0.0034000000000000002,0.003,0.0004898979485566356,0.183,0.193,0.18719999999999998,0.185,0.0037094473981982845,4096,32,32,16,4,4096,1,2176,0,True,AttentionBackend.FLASH_ATTENTION
0.0,0.0,0.0,0.0,0.0,,,,,,0.003,0.004,0.0034000000000000002,0.003,0.0004898979485566356,0.20800000000000002,0.233,0.221,0.219,0.008508818954473057,4096,32,32,16,4,4096,1,2176,512,True,AttentionBackend.FLASH_ATTENTION
0.0,0.0,0.0,0.0,0.0,,,,,,0.003,0.004,0.0036000000000000003,0.004,0.0004898979485566356,0.229,0.249,0.2374,0.23800000000000002,0.007391887445030527,4096,32,32,16,4,4096,1,2176,1024,True,AttentionBackend.FLASH_ATTENTION
0.0,0.0,0.0,0.0,0.0,,,,,,0.003,0.004,0.0036,0.004,0.0004898979485566356,0.23700000000000002,0.27,0.24900000000000003,0.248,0.01174734012447073,4096,32,32,16,4,4096,1,2176,1024,True,AttentionBackend.FLASH_ATTENTION
0.0,0.0,0.0,0.0,0.0,,,,,,0.003,0.004,0.0038,0.004,0.0004,0.183,0.197,0.1894,0.187,0.005953150426454892,4096,32,32,16,4,4096,1,2240,0,True,AttentionBackend.FLASH_ATTENTION
0.0,0.0,0.0,0.0,0.0,,,,,,0.003,0.003,0.003,0.003,0.0,0.211,0.218,0.2136,0.214,0.0025768197453450276,4096,32,32,16,4,4096,1,2240,512,True,AttentionBackend.FLASH_ATTENTION
0.0,0.0,0.0,0.0,0.0,,,,,,0.003,0.004,0.0034000000000000002,0.003,0.0004898979485566356,0.228,0.245,0.23759999999999998,0.242,0.007116178749862871,4096,32,32,16,4,4096,1,2240,1024,True,AttentionBackend.FLASH_ATTENTION
0.0,0.0,0.0,0.0,0.0,,,,,,0.003,0.004,0.0034000000000000002,0.003,0.0004898979485566356,0.231,0.256,0.24000000000000005,0.23800000000000002,0.008461678320522468,4096,32,32,16,4,4096,1,2240,1024,True,AttentionBackend.FLASH_ATTENTION
0.0,0.0,0.0,0.0,0.0,,,,,,0.003,0.004,0.0034000000000000002,0.003,0.0004898979485566356,0.201,0.229,0.209,0.20500000000000002,0.010295630140987,4096,32,32,16,4,4096,1,2304,0,True,AttentionBackend.FLASH_ATTENTION
0.0,0.0,0.0,0.0,0.0,,,,,,0.003,0.004,0.0038,0.004,0.0004,0.221,0.23600000000000002,0.23000000000000004,0.233,0.0053665631459995,4096,32,32,16,4,4096,1,2304,512,True,AttentionBackend.FLASH_ATTENTION
0.0,0.0,0.0,0.0,0.0,,,,,,0.004,0.004,0.004,0.004,0.0,0.242,0.258,0.2476,0.246,0.005462600113499069,4096,32,32,16,4,4096,1,2304,1024,True,AttentionBackend.FLASH_ATTENTION
0.0,0.0,0.0,0.0,0.0,,,,,,0.003,0.004,0.0038,0.004,0.0004,0.24,0.262,0.24980000000000002,0.247,0.00754718490564529,4096,32,32,16,4,4096,1,2304,1024,True,AttentionBackend.FLASH_ATTENTION
0.0,0.0,0.0,0.0,0.0,,,,,,0.004,0.004,0.004,0.004,0.0,0.21,0.222,0.2152,0.212,0.005192301994298872,4096,32,32,16,4,4096,1,2368,0,True,AttentionBackend.FLASH_ATTENTION
0.0,0.0,0.0,0.0,0.0,,,,,,0.003,0.004,0.0038,0.004,0.0004,0.232,0.23900000000000002,0.23600000000000004,0.23700000000000002,0.0026076809620810618,4096,32,32,16,4,4096,1,2368,512,True,AttentionBackend.FLASH_ATTENTION
0.0,0.0,0.0,0.0,0.0,,,,,,0.003,0.004,0.0038,0.004,0.0004,0.254,0.264,0.25939999999999996,0.258,0.0036660605559646754,4096,32,32,16,4,4096,1,2368,1024,True,AttentionBackend.FLASH_ATTENTION
0.0,0.0,0.0,0.0,0.0,,,,,,0.004,0.004,0.004,0.004,0.0,0.255,0.264,0.25999999999999995,0.26,0.0032863353450309995,4096,32,32,16,4,4096,1,2368,1024,True,AttentionBackend.FLASH_ATTENTION
0.0,0.0,0.0,0.0,0.0,,,,,,0.004,0.004,0.004,0.004,0.0,0.221,0.23700000000000002,0.22880000000000003,0.228,0.0067349832961931,4096,32,32,16,4,4096,1,2432,0,True,AttentionBackend.FLASH_ATTENTION
0.0,0.0,0.0,0.0,0.0,,,,,,0.004,0.004,0.004,0.004,0.0,0.249,0.297,0.27,0.27,0.01718138527593162,4096,32,32,16,4,4096,1,2432,512,True,AttentionBackend.FLASH_ATTENTION
0.0,0.0,0.0,0.0,0.0,,,,,,0.004,0.004,0.004,0.004,0.0,0.268,0.28,0.27260000000000006,0.27,0.004963869458396347,4096,32,32,16,4,4096,1,2432,1024,True,AttentionBackend.FLASH_ATTENTION
0.0,0.0,0.0,0.0,0.0,,,,,,0.004,0.004,0.004,0.004,0.0,0.269,0.331,0.2846,0.273,0.023337523433303715,4096,32,32,16,4,4096,1,2432,1024,True,AttentionBackend.FLASH_ATTENTION
0.0,0.0,0.0,0.0,0.0,,,,,,0.004,0.004,0.004,0.004,0.0,0.234,0.256,0.24300000000000002,0.23800000000000002,0.00880908621821809,4096,32,32,16,4,4096,1,2496,0,True,AttentionBackend.FLASH_ATTENTION
0.0,0.0,0.0,0.0,0.0,,,,,,0.004,0.004,0.004,0.004,0.0,0.254,0.279,0.26280000000000003,0.258,0.009019977827023754,4096,32,32,16,4,4096,1,2496,512,True,AttentionBackend.FLASH_ATTENTION
0.0,0.0,0.0,0.0,0.0,,,,,,0.004,0.004,0.004,0.004,0.0,0.281,0.289,0.2840000000000001,0.28300000000000003,0.002828427124746173,4096,32,32,16,4,4096,1,2496,1024,True,AttentionBackend.FLASH_ATTENTION
0.0,0.0,0.0,0.0,0.0,,,,,,0.004,0.004,0.004,0.004,0.0,0.277,0.28600000000000003,0.2836,0.28600000000000003,0.0034985711369071837,4096,32,32,16,4,4096,1,2496,1024,True,AttentionBackend.FLASH_ATTENTION
0.0,0.0,0.0,0.0,0.0,,,,,,0.004,0.004,0.004,0.004,0.0,0.25,0.27,0.2592,0.256,0.008255906976220126,4096,32,32,16,4,4096,1,2560,0,True,AttentionBackend.FLASH_ATTENTION
0.0,0.0,0.0,0.0,0.0,,,,,,0.004,0.004,0.004,0.004,0.0,0.269,0.28600000000000003,0.2798,0.281,0.0063686733312362685,4096,32,32,16,4,4096,1,2560,512,True,AttentionBackend.FLASH_ATTENTION
0.0,0.0,0.0,0.0,0.0,,,,,,0.004,0.004,0.004,0.004,0.0,0.28300000000000003,0.295,0.29000000000000004,0.292,0.004381780460041307,4096,32,32,16,4,4096,1,2560,1024,True,AttentionBackend.FLASH_ATTENTION
0.0,0.0,0.0,0.0,0.0,,,,,,0.004,0.004,0.004,0.004,0.0,0.28500000000000003,0.301,0.29379999999999995,0.295,0.006368673331236243,4096,32,32,16,4,4096,1,2560,1024,True,AttentionBackend.FLASH_ATTENTION
0.0,0.0,0.0,0.0,0.0,,,,,,0.004,0.004,0.004,0.004,0.0,0.257,0.266,0.25920000000000004,0.258,0.0034292856398964525,4096,32,32,16,4,4096,1,2624,0,True,AttentionBackend.FLASH_ATTENTION
0.0,0.0,0.0,0.0,0.0,,,,,,0.004,0.004,0.004,0.004,0.0,0.28200000000000003,0.296,0.2882,0.29,0.005153639490690031,4096,32,32,16,4,4096,1,2624,512,True,AttentionBackend.FLASH_ATTENTION
0.0,0.0,0.0,0.0,0.0,,,,,,0.004,0.004,0.004,0.004,0.0,0.305,0.325,0.31579999999999997,0.319,0.00754718490564529,4096,32,32,16,4,4096,1,2624,1024,True,AttentionBackend.FLASH_ATTENTION
0.0,0.0,0.0,0.0,0.0,,,,,,0.004,0.004,0.004,0.004,0.0,0.305,0.309,0.3068,0.307,0.001326649916142161,4096,32,32,16,4,4096,1,2624,1024,True,AttentionBackend.FLASH_ATTENTION
0.0,0.0,0.0,0.0,0.0,,,,,,0.004,0.004,0.004,0.004,0.0,0.263,0.28400000000000003,0.27240000000000003,0.271,0.008039900496896719,4096,32,32,16,4,4096,1,2688,0,True,AttentionBackend.FLASH_ATTENTION
0.0,0.0,0.0,0.0,0.0,,,,,,0.004,0.004,0.004,0.004,0.0,0.29,0.305,0.298,0.301,0.006260990336999417,4096,32,32,16,4,4096,1,2688,512,True,AttentionBackend.FLASH_ATTENTION
0.0,0.0,0.0,0.0,0.0,,,,,,0.004,0.004,0.004,0.004,0.0,0.304,0.317,0.3106,0.308,0.0053888774341229965,4096,32,32,16,4,4096,1,2688,1024,True,AttentionBackend.FLASH_ATTENTION
0.0,0.0,0.0,0.0,0.0,,,,,,0.004,0.004,0.004,0.004,0.0,0.314,0.338,0.32480000000000003,0.321,0.008840814442120147,4096,32,32,16,4,4096,1,2688,1024,True,AttentionBackend.FLASH_ATTENTION
0.0,0.0,0.0,0.0,0.0,,,,,,0.004,0.004,0.004,0.004,0.0,0.274,0.28800000000000003,0.2806,0.279,0.006311893535223805,4096,32,32,16,4,4096,1,2752,0,True,AttentionBackend.FLASH_ATTENTION
0.0,0.0,0.0,0.0,0.0,,,,,,0.004,0.004,0.004,0.004,0.0,0.303,0.311,0.3064,0.304,0.003382306905057556,4096,32,32,16,4,4096,1,2752,512,True,AttentionBackend.FLASH_ATTENTION
0.0,0.0,0.0,0.0,0.0,,,,,,0.004,0.004,0.004,0.004,0.0,0.327,0.338,0.3304,0.328,0.004223742416388579,4096,32,32,16,4,4096,1,2752,1024,True,AttentionBackend.FLASH_ATTENTION
0.0,0.0,0.0,0.0,0.0,,,,,,0.004,0.004,0.004,0.004,0.0,0.327,0.339,0.33480000000000004,0.336,0.004069397989875164,4096,32,32,16,4,4096,1,2752,1024,True,AttentionBackend.FLASH_ATTENTION
0.0,0.0,0.0,0.0,0.0,,,,,,0.004,0.004,0.004,0.004,0.0,0.28500000000000003,0.309,0.2954,0.294,0.007761443164772894,4096,32,32,16,4,4096,1,2816,0,True,AttentionBackend.FLASH_ATTENTION
0.0,0.0,0.0,0.0,0.0,,,,,,0.004,0.004,0.004,0.004,0.0,0.315,0.335,0.32239999999999996,0.323,0.007144228439796708,4096,32,32,16,4,4096,1,2816,512,True,AttentionBackend.FLASH_ATTENTION
0.0,0.0,0.0,0.0,0.0,,,,,,0.004,0.004,0.004,0.004,0.0,0.354,0.37,0.36100000000000004,0.359,0.006066300355241246,4096,32,32,16,4,4096,1,2816,1024,True,AttentionBackend.FLASH_ATTENTION
0.0,0.0,0.0,0.0,0.0,,,,,,0.004,0.004,0.004,0.004,0.0,0.342,0.37,0.3588,0.359,0.009325234581499801,4096,32,32,16,4,4096,1,2816,1024,True,AttentionBackend.FLASH_ATTENTION
0.0,0.0,0.0,0.0,0.0,,,,,,0.004,0.004,0.004,0.004,0.0,0.299,0.31,0.30519999999999997,0.307,0.004400000000000004,4096,32,32,16,4,4096,1,2880,0,True,AttentionBackend.FLASH_ATTENTION
0.0,0.0,0.0,0.0,0.0,,,,,,0.004,0.004,0.004,0.004,0.0,0.328,0.355,0.339,0.339,0.008966604708583946,4096,32,32,16,4,4096,1,2880,512,True,AttentionBackend.FLASH_ATTENTION
0.0,0.0,0.0,0.0,0.0,,,,,,0.004,0.004,0.004,0.004,0.0,0.37,0.375,0.372,0.372,0.0016733200530681526,4096,32,32,16,4,4096,1,2880,1024,True,AttentionBackend.FLASH_ATTENTION
0.0,0.0,0.0,0.0,0.0,,,,,,0.004,0.004,0.004,0.004,0.0,0.356,0.369,0.36,0.358,0.004690415759823433,4096,32,32,16,4,4096,1,2880,1024,True,AttentionBackend.FLASH_ATTENTION
0.0,0.0,0.0,0.0,0.0,,,,,,0.004,0.004,0.004,0.004,0.0,0.306,0.32,0.312,0.31,0.005549774770204649,4096,32,32,16,4,4096,1,2944,0,True,AttentionBackend.FLASH_ATTENTION
0.0,0.0,0.0,0.0,0.0,,,,,,0.004,0.004,0.004,0.004,0.0,0.332,0.35100000000000003,0.3418,0.338,0.007440430095095317,4096,32,32,16,4,4096,1,2944,512,True,AttentionBackend.FLASH_ATTENTION
0.0,0.0,0.0,0.0,0.0,,,,,,0.004,0.004,0.004,0.004,0.0,0.359,0.371,0.363,0.361,0.004560701700396556,4096,32,32,16,4,4096,1,2944,1024,True,AttentionBackend.FLASH_ATTENTION
0.0,0.0,0.0,0.0,0.0,,,,,,0.004,0.004,0.004,0.004,0.0,0.354,0.376,0.36079999999999995,0.357,0.008280096617793787,4096,32,32,16,4,4096,1,2944,1024,True,AttentionBackend.FLASH_ATTENTION
0.0,0.0,0.0,0.0,0.0,,,,,,0.004,0.004,0.004,0.004,0.0,0.328,0.335,0.33120000000000005,0.332,0.002785677655436826,4096,32,32,16,4,4096,1,3008,0,True,AttentionBackend.FLASH_ATTENTION
0.0,0.0,0.0,0.0,0.0,,,,,,0.004,0.005,0.004200000000000001,0.004,0.0004,0.34500000000000003,0.371,0.3538,0.35000000000000003,0.009195651146058106,4096,32,32,16,4,4096,1,3008,512,True,AttentionBackend.FLASH_ATTENTION
0.0,0.0,0.0,0.0,0.0,,,,,,0.004,0.005,0.0044,0.004,0.0004898979485566356,0.372,0.386,0.3787999999999999,0.38,0.0054918120870983975,4096,32,32,16,4,4096,1,3008,1024,True,AttentionBackend.FLASH_ATTENTION
0.0,0.0,0.0,0.0,0.0,,,,,,0.004,0.004,0.004,0.004,0.0,0.368,0.376,0.37320000000000003,0.375,0.002925747767665561,4096,32,32,16,4,4096,1,3008,1024,True,AttentionBackend.FLASH_ATTENTION
0.0,0.0,0.0,0.0,0.0,,,,,,0.004,0.004,0.004,0.004,0.0,0.329,0.339,0.3346,0.334,0.003929376540877704,4096,32,32,16,4,4096,1,3072,0,True,AttentionBackend.FLASH_ATTENTION
0.0,0.0,0.0,0.0,0.0,,,,,,0.004,0.004,0.004,0.004,0.0,0.355,0.374,0.3628,0.357,0.008376156636548778,4096,32,32,16,4,4096,1,3072,512,True,AttentionBackend.FLASH_ATTENTION
0.0,0.0,0.0,0.0,0.0,,,,,,0.004,0.005,0.004600000000000001,0.005,0.0004898979485566356,0.374,0.397,0.38320000000000004,0.381,0.007756287771866133,4096,32,32,16,4,4096,1,3072,1024,True,AttentionBackend.FLASH_ATTENTION
0.0,0.0,0.0,0.0,0.0,,,,,,0.004,0.005,0.0044,0.004,0.0004898979485566356,0.38,0.392,0.3874000000000001,0.388,0.004270831300812529,4096,32,32,16,4,4096,1,3072,1024,True,AttentionBackend.FLASH_ATTENTION
0.0,0.0,0.0,0.0,0.0,,,,,,0.004,0.004,0.004,0.004,0.0,0.343,0.356,0.3494,0.35100000000000003,0.00475815090134811,4096,32,32,16,4,4096,1,3136,0,True,AttentionBackend.FLASH_ATTENTION
0.0,0.0,0.0,0.0,0.0,,,,,,0.004,0.004,0.004,0.004,0.0,0.373,0.379,0.37679999999999997,0.378,0.0021354156504062643,4096,32,32,16,4,4096,1,3136,512,True,AttentionBackend.FLASH_ATTENTION
0.0,0.0,0.0,0.0,0.0,,,,,,0.004,0.004,0.004,0.004,0.0,0.352,0.368,0.36219999999999997,0.364,0.005455272678794347,4096,32,32,16,4,4096,1,3200,0,True,AttentionBackend.FLASH_ATTENTION
0.0,0.0,0.0,0.0,0.0,,,,,,0.004,0.005,0.0044,0.004,0.0004898979485566356,0.382,0.392,0.38500000000000006,0.384,0.003687817782917158,4096,32,32,16,4,4096,1,3200,512,True,AttentionBackend.FLASH_ATTENTION
0.0,0.0,0.0,0.0,0.0,,,,,,0.004,0.005,0.0044,0.004,0.0004898979485566356,0.374,0.395,0.3814,0.38,0.007787168933572721,4096,32,32,16,4,4096,1,3264,0,True,AttentionBackend.FLASH_ATTENTION
0.0,0.0,0.0,0.0,0.0,,,,,,0.005,0.005,0.005,0.005,0.0,0.4,0.41400000000000003,0.40700000000000003,0.406,0.004979959839195498,4096,32,32,16,4,4096,1,3264,512,True,AttentionBackend.FLASH_ATTENTION
0.0,0.0,0.0,0.0,0.0,,,,,,0.004,0.005,0.0048000000000000004,0.005,0.0004,0.382,0.391,0.38660000000000005,0.387,0.003611094017053561,4096,32,32,16,4,4096,1,3328,0,True,AttentionBackend.FLASH_ATTENTION
0.0,0.0,0.0,0.0,0.0,,,,,,0.005,0.005,0.005,0.005,0.0,0.40900000000000003,0.421,0.4126,0.41000000000000003,0.00458693797647187,4096,32,32,16,4,4096,1,3328,512,True,AttentionBackend.FLASH_ATTENTION
0.0,0.0,0.0,0.0,0.0,,,,,,0.005,0.005,0.005,0.005,0.0,0.387,0.406,0.40040000000000003,0.404,0.007002856560004645,4096,32,32,16,4,4096,1,3392,0,True,AttentionBackend.FLASH_ATTENTION
0.0,0.0,0.0,0.0,0.0,,,,,,0.005,0.005,0.005,0.005,0.0,0.424,0.429,0.4258,0.425,0.0019390719429665333,4096,32,32,16,4,4096,1,3392,512,True,AttentionBackend.FLASH_ATTENTION
0.0,0.0,0.0,0.0,0.0,,,,,,0.005,0.005,0.005,0.005,0.0,0.404,0.41400000000000003,0.4096,0.41000000000000003,0.0032000000000000028,4096,32,32,16,4,4096,1,3456,0,True,AttentionBackend.FLASH_ATTENTION
0.0,0.0,0.0,0.0,0.0,,,,,,0.005,0.005,0.005,0.005,0.0,0.427,0.459,0.43920000000000003,0.439,0.011214276615100958,4096,32,32,16,4,4096,1,3456,512,True,AttentionBackend.FLASH_ATTENTION
0.0,0.0,0.0,0.0,0.0,,,,,,0.005,0.005,0.005,0.005,0.0,0.41400000000000003,0.433,0.42300000000000004,0.421,0.008124038404635945,4096,32,32,16,4,4096,1,3520,0,True,AttentionBackend.FLASH_ATTENTION
0.0,0.0,0.0,0.0,0.0,,,,,,0.005,0.005,0.005,0.005,0.0,0.443,0.45,0.446,0.445,0.0026076809620810618,4096,32,32,16,4,4096,1,3520,512,True,AttentionBackend.FLASH_ATTENTION
0.0,0.0,0.0,0.0,0.0,,,,,,0.005,0.005,0.005,0.005,0.0,0.427,0.443,0.43599999999999994,0.44,0.007014271166700079,4096,32,32,16,4,4096,1,3584,0,True,AttentionBackend.FLASH_ATTENTION
0.0,0.0,0.0,0.0,0.0,,,,,,0.005,0.005,0.005,0.005,0.0,0.449,0.497,0.4652,0.46,0.01647300822557919,4096,32,32,16,4,4096,1,3584,512,True,AttentionBackend.FLASH_ATTENTION
0.0,0.0,0.0,0.0,0.0,,,,,,0.005,0.006,0.005200000000000001,0.005,0.0004,0.435,0.459,0.4476,0.445,0.008284926070883198,4096,32,32,16,4,4096,1,3648,0,True,AttentionBackend.FLASH_ATTENTION
0.0,0.0,0.0,0.0,0.0,,,,,,0.005,0.005,0.005,0.005,0.0,0.444,0.463,0.4514,0.451,0.006651315659326362,4096,32,32,16,4,4096,1,3712,0,True,AttentionBackend.FLASH_ATTENTION
0.0,0.0,0.0,0.0,0.0,,,,,,0.005,0.006,0.0054,0.005,0.0004898979485566356,0.466,0.47900000000000004,0.47220000000000006,0.47000000000000003,0.005306599664568644,4096,32,32,16,4,4096,1,3776,0,True,AttentionBackend.FLASH_ATTENTION
0.0,0.0,0.0,0.0,0.0,,,,,,0.006,0.006,0.006,0.006,0.0,0.466,0.481,0.47620000000000007,0.47900000000000004,0.005344155686354949,4096,32,32,16,4,4096,1,3840,0,True,AttentionBackend.FLASH_ATTENTION
0.0,0.0,0.0,0.0,0.0,,,,,,0.006,0.006,0.006,0.006,0.0,0.483,0.507,0.4948,0.493,0.008400000000000008,4096,32,32,16,4,4096,1,3904,0,True,AttentionBackend.FLASH_ATTENTION
0.0,0.0,0.0,0.0,0.0,,,,,,0.006,0.006,0.006,0.006,0.0,0.504,0.531,0.519,0.521,0.009859006035092998,4096,32,32,16,4,4096,1,3968,0,True,AttentionBackend.FLASH_ATTENTION
0.0,0.0,0.0,0.0,0.0,,,,,,0.006,0.006,0.006,0.006,0.0,0.518,0.545,0.5272000000000001,0.524,0.010107423014794632,4096,32,32,16,4,4096,1,4032,0,True,AttentionBackend.FLASH_ATTENTION
0.0,0.0,0.0,0.0,0.0,,,,,,0.006,0.006,0.006,0.006,0.0,0.53,0.55,0.5378000000000001,0.536,0.006764613810115111,4096,32,32,16,4,4096,1,4096,0,True,AttentionBackend.FLASH_ATTENTION
0.0,0.0,0.0,0.0,0.0,,,,,,0.006,0.006,0.006,0.006,0.0,0.525,0.537,0.5314000000000001,0.533,0.004317406628984584,4096,32,32,16,4,4096,1,4096,0,True,AttentionBackend.FLASH_ATTENTION
