,time_stats.send_recv.min,time_stats.send_recv.max,time_stats.send_recv.mean,time_stats.send_recv.median,time_stats.send_recv.std,round_times,rank,num_workers,size,collective,devices_per_node,max_devices_per_node
0,0.003,0.003,0.003,0.003,0.0,"[0.003, 0.003, 0.003, 0.003, 0.003, 0.003, 0.003, 0.003, 0.003, 0.003, 0.003, 0.003, 0.003, 0.003, 0.003, 0.003, 0.003, 0.003, 0.003, 0.003, 0.003, 0.003, 0.003, 0.003, 0.003, 0.003, 0.003, 0.003, 0.003, 0.003, 0.003, 0.003, 0.003, 0.003, 0.003, 0.003, 0.003, 0.003, 0.003, 0.003, 0.003, 0.003, 0.003, 0.003, 0.003, 0.003, 0.003, 0.003, 0.003, 0.003, 0.003, 0.003, 0.003, 0.003, 0.003, 0.003, 0.003, 0.003, 0.003, 0.003]",0,2,2048,send_recv,2,2
1,0.003,0.003,0.003,0.003,0.0,"[0.003, 0.003, 0.003, 0.003, 0.003, 0.003, 0.003, 0.003, 0.003, 0.003, 0.003, 0.003, 0.003, 0.003, 0.003, 0.003, 0.003, 0.003, 0.003, 0.003, 0.003, 0.003, 0.003, 0.003, 0.003, 0.003, 0.003, 0.003, 0.003, 0.003, 0.003, 0.003, 0.003, 0.003, 0.003, 0.003, 0.003, 0.003, 0.003, 0.003, 0.003, 0.003, 0.003, 0.003, 0.003, 0.003, 0.003, 0.003, 0.003, 0.003, 0.003, 0.003, 0.003, 0.003, 0.003, 0.003, 0.003, 0.003, 0.003, 0.003]",0,2,10240,send_recv,2,2
2,0.006,0.006,0.006,0.006,0.0,"[0.006, 0.006, 0.006, 0.006, 0.006, 0.006, 0.006, 0.006, 0.006, 0.006, 0.006, 0.006, 0.006, 0.006, 0.006, 0.006, 0.006, 0.006, 0.006, 0.006, 0.006, 0.006, 0.006, 0.006, 0.006, 0.006, 0.006, 0.006, 0.006, 0.006, 0.006, 0.006, 0.006, 0.006, 0.006, 0.006, 0.006, 0.006, 0.006, 0.006, 0.006, 0.006, 0.006, 0.006, 0.006, 0.006, 0.006, 0.006, 0.006, 0.006, 0.006, 0.006, 0.006, 0.006, 0.006, 0.006, 0.006, 0.006, 0.006, 0.006]",0,2,18432,send_recv,2,2
3,0.006,0.006,0.006,0.006,0.0,"[0.006, 0.006, 0.006, 0.006, 0.006, 0.006, 0.006, 0.006, 0.006, 0.006, 0.006, 0.006, 0.006, 0.006, 0.006, 0.006, 0.006, 0.006, 0.006, 0.006, 0.006, 0.006, 0.006, 0.006, 0.006, 0.006, 0.006, 0.006, 0.006, 0.006, 0.006, 0.006, 0.006, 0.006, 0.006, 0.006, 0.006, 0.006, 0.006, 0.006, 0.006, 0.006, 0.006, 0.006, 0.006, 0.006, 0.006, 0.006, 0.006, 0.006, 0.006, 0.006, 0.006, 0.006, 0.006, 0.006, 0.006, 0.006, 0.006, 0.006]",0,2,26624,send_recv,2,2
4,0.006,0.006,0.006,0.006,0.0,"[0.006, 0.006, 0.006, 0.006, 0.006, 0.006, 0.006, 0.006, 0.006, 0.006, 0.006, 0.006, 0.006, 0.006, 0.006, 0.006, 0.006, 0.006, 0.006, 0.006, 0.006, 0.006, 0.006, 0.006, 0.006, 0.006, 0.006, 0.006, 0.006, 0.006, 0.006, 0.006, 0.006, 0.006, 0.006, 0.006, 0.006, 0.006, 0.006, 0.006, 0.006, 0.006, 0.006, 0.006, 0.006, 0.006, 0.006, 0.006, 0.006, 0.006, 0.006, 0.006, 0.006, 0.006, 0.006, 0.006, 0.006, 0.006, 0.006, 0.006]",0,2,34816,send_recv,2,2
5,0.006,0.007,0.006016666666666667,0.006,0.00012801909579781016,"[0.007, 0.006, 0.006, 0.006, 0.006, 0.006, 0.006, 0.006, 0.006, 0.006, 0.006, 0.006, 0.006, 0.006, 0.006, 0.006, 0.006, 0.006, 0.006, 0.006, 0.006, 0.006, 0.006, 0.006, 0.006, 0.006, 0.006, 0.006, 0.006, 0.006, 0.006, 0.006, 0.006, 0.006, 0.006, 0.006, 0.006, 0.006, 0.006, 0.006, 0.006, 0.006, 0.006, 0.006, 0.006, 0.006, 0.006, 0.006, 0.006, 0.006, 0.006, 0.006, 0.006, 0.006, 0.006, 0.006, 0.006, 0.006, 0.006, 0.006]",0,2,43008,send_recv,2,2
6,0.006,0.007,0.0060999999999999995,0.006,0.00030000000000000003,"[0.007, 0.006, 0.006, 0.007, 0.006, 0.006, 0.006, 0.006, 0.006, 0.006, 0.006, 0.006, 0.006, 0.006, 0.006, 0.006, 0.006, 0.006, 0.006, 0.006, 0.006, 0.006, 0.006, 0.007, 0.006, 0.006, 0.006, 0.007, 0.006, 0.006, 0.006, 0.006, 0.006, 0.006, 0.006, 0.006, 0.006, 0.006, 0.006, 0.006, 0.007, 0.006, 0.006, 0.006, 0.006, 0.006, 0.006, 0.006, 0.006, 0.006, 0.007, 0.006, 0.006, 0.006, 0.006, 0.006, 0.006, 0.006, 0.006, 0.006]",0,2,51200,send_recv,2,2
7,0.007,0.007,0.007000000000000001,0.007,8.673617379884035e-19,"[0.007, 0.007, 0.007, 0.007, 0.007, 0.007, 0.007, 0.007, 0.007, 0.007, 0.007, 0.007, 0.007, 0.007, 0.007, 0.007, 0.007, 0.007, 0.007, 0.007, 0.007, 0.007, 0.007, 0.007, 0.007, 0.007, 0.007, 0.007, 0.007, 0.007, 0.007, 0.007, 0.007, 0.007, 0.007, 0.007, 0.007, 0.007, 0.007, 0.007, 0.007, 0.007, 0.007, 0.007, 0.007, 0.007, 0.007, 0.007, 0.007, 0.007, 0.007, 0.007, 0.007, 0.007, 0.007, 0.007, 0.007, 0.007, 0.007, 0.007]",0,2,59392,send_recv,2,2
8,0.006,0.007,0.006366666666666667,0.006,0.0004818944098266987,"[0.007, 0.006, 0.006, 0.007, 0.006, 0.006, 0.006, 0.006, 0.007, 0.006, 0.006, 0.007, 0.007, 0.007, 0.006, 0.006, 0.007, 0.006, 0.006, 0.007, 0.006, 0.006, 0.007, 0.006, 0.007, 0.006, 0.006, 0.007, 0.007, 0.006, 0.007, 0.006, 0.007, 0.006, 0.006, 0.007, 0.006, 0.006, 0.006, 0.007, 0.007, 0.006, 0.006, 0.007, 0.006, 0.006, 0.006, 0.006, 0.007, 0.006, 0.006, 0.007, 0.006, 0.006, 0.006, 0.006, 0.007, 0.006, 0.006, 0.007]",0,2,67584,send_recv,2,2
9,0.006,0.007,0.0064,0.006,0.0004898979485566357,"[0.007, 0.006, 0.006, 0.006, 0.006, 0.007, 0.006, 0.006, 0.007, 0.006, 0.006, 0.006, 0.006, 0.007, 0.006, 0.006, 0.007, 0.007, 0.006, 0.006, 0.007, 0.007, 0.006, 0.006, 0.007, 0.006, 0.006, 0.006, 0.007, 0.007, 0.006, 0.006, 0.007, 0.006, 0.006, 0.006, 0.007, 0.007, 0.006, 0.006, 0.007, 0.007, 0.006, 0.006, 0.007, 0.007, 0.006, 0.007, 0.007, 0.007, 0.006, 0.006, 0.007, 0.007, 0.006, 0.006, 0.007, 0.006, 0.006, 0.006]",0,2,75776,send_recv,2,2
10,0.006,0.007,0.006733333333333333,0.007,0.00044221663871405327,"[0.007, 0.007, 0.007, 0.007, 0.007, 0.007, 0.007, 0.006, 0.006, 0.007, 0.007, 0.007, 0.006, 0.007, 0.007, 0.006, 0.007, 0.007, 0.007, 0.006, 0.007, 0.007, 0.006, 0.006, 0.007, 0.007, 0.007, 0.007, 0.007, 0.007, 0.007, 0.007, 0.006, 0.007, 0.007, 0.007, 0.007, 0.007, 0.007, 0.006, 0.006, 0.007, 0.007, 0.006, 0.007, 0.007, 0.007, 0.006, 0.006, 0.007, 0.007, 0.007, 0.006, 0.007, 0.007, 0.006, 0.007, 0.007, 0.007, 0.006]",0,2,83968,send_recv,2,2
11,0.007,0.007,0.007000000000000001,0.007,8.673617379884035e-19,"[0.007, 0.007, 0.007, 0.007, 0.007, 0.007, 0.007, 0.007, 0.007, 0.007, 0.007, 0.007, 0.007, 0.007, 0.007, 0.007, 0.007, 0.007, 0.007, 0.007, 0.007, 0.007, 0.007, 0.007, 0.007, 0.007, 0.007, 0.007, 0.007, 0.007, 0.007, 0.007, 0.007, 0.007, 0.007, 0.007, 0.007, 0.007, 0.007, 0.007, 0.007, 0.007, 0.007, 0.007, 0.007, 0.007, 0.007, 0.007, 0.007, 0.007, 0.007, 0.007, 0.007, 0.007, 0.007, 0.007, 0.007, 0.007, 0.007, 0.007]",0,2,92160,send_recv,2,2
12,0.007,0.007,0.007000000000000001,0.007,8.673617379884035e-19,"[0.007, 0.007, 0.007, 0.007, 0.007, 0.007, 0.007, 0.007, 0.007, 0.007, 0.007, 0.007, 0.007, 0.007, 0.007, 0.007, 0.007, 0.007, 0.007, 0.007, 0.007, 0.007, 0.007, 0.007, 0.007, 0.007, 0.007, 0.007, 0.007, 0.007, 0.007, 0.007, 0.007, 0.007, 0.007, 0.007, 0.007, 0.007, 0.007, 0.007, 0.007, 0.007, 0.007, 0.007, 0.007, 0.007, 0.007, 0.007, 0.007, 0.007, 0.007, 0.007, 0.007, 0.007, 0.007, 0.007, 0.007, 0.007, 0.007, 0.007]",0,2,100352,send_recv,2,2
13,0.007,0.007,0.007000000000000001,0.007,8.673617379884035e-19,"[0.007, 0.007, 0.007, 0.007, 0.007, 0.007, 0.007, 0.007, 0.007, 0.007, 0.007, 0.007, 0.007, 0.007, 0.007, 0.007, 0.007, 0.007, 0.007, 0.007, 0.007, 0.007, 0.007, 0.007, 0.007, 0.007, 0.007, 0.007, 0.007, 0.007, 0.007, 0.007, 0.007, 0.007, 0.007, 0.007, 0.007, 0.007, 0.007, 0.007, 0.007, 0.007, 0.007, 0.007, 0.007, 0.007, 0.007, 0.007, 0.007, 0.007, 0.007, 0.007, 0.007, 0.007, 0.007, 0.007, 0.007, 0.007, 0.007, 0.007]",0,2,108544,send_recv,2,2
14,0.006,0.008,0.0068000000000000005,0.007,0.0004396968652757639,"[0.008, 0.007, 0.007, 0.006, 0.006, 0.007, 0.007, 0.006, 0.007, 0.007, 0.006, 0.007, 0.007, 0.006, 0.007, 0.007, 0.007, 0.007, 0.007, 0.007, 0.006, 0.007, 0.007, 0.006, 0.007, 0.007, 0.007, 0.006, 0.007, 0.007, 0.007, 0.007, 0.007, 0.007, 0.006, 0.007, 0.007, 0.007, 0.007, 0.007, 0.006, 0.007, 0.007, 0.007, 0.007, 0.007, 0.007, 0.007, 0.006, 0.007, 0.007, 0.007, 0.006, 0.007, 0.007, 0.006, 0.007, 0.007, 0.007, 0.007]",0,2,116736,send_recv,2,2
15,0.007,0.007,0.007000000000000001,0.007,8.673617379884035e-19,"[0.007, 0.007, 0.007, 0.007, 0.007, 0.007, 0.007, 0.007, 0.007, 0.007, 0.007, 0.007, 0.007, 0.007, 0.007, 0.007, 0.007, 0.007, 0.007, 0.007, 0.007, 0.007, 0.007, 0.007, 0.007, 0.007, 0.007, 0.007, 0.007, 0.007, 0.007, 0.007, 0.007, 0.007, 0.007, 0.007, 0.007, 0.007, 0.007, 0.007, 0.007, 0.007, 0.007, 0.007, 0.007, 0.007, 0.007, 0.007, 0.007, 0.007, 0.007, 0.007, 0.007, 0.007, 0.007, 0.007, 0.007, 0.007, 0.007, 0.007]",0,2,124928,send_recv,2,2
16,0.006,0.007,0.006566666666666667,0.007,0.0004955356249106169,"[0.007, 0.006, 0.006, 0.007, 0.006, 0.007, 0.006, 0.007, 0.007, 0.006, 0.006, 0.007, 0.006, 0.006, 0.006, 0.007, 0.007, 0.006, 0.007, 0.007, 0.007, 0.006, 0.006, 0.007, 0.007, 0.006, 0.006, 0.007, 0.006, 0.007, 0.006, 0.007, 0.007, 0.006, 0.007, 0.007, 0.007, 0.006, 0.007, 0.007, 0.007, 0.006, 0.006, 0.007, 0.007, 0.006, 0.006, 0.007, 0.007, 0.006, 0.006, 0.007, 0.007, 0.006, 0.007, 0.007, 0.007, 0.006, 0.007, 0.007]",0,2,133120,send_recv,2,2
17,0.006,0.007,0.006516666666666667,0.007,0.0004997221450188317,"[0.007, 0.007, 0.006, 0.006, 0.007, 0.007, 0.006, 0.006, 0.007, 0.007, 0.006, 0.006, 0.007, 0.007, 0.006, 0.006, 0.007, 0.007, 0.006, 0.006, 0.007, 0.007, 0.006, 0.006, 0.007, 0.007, 0.006, 0.006, 0.007, 0.007, 0.006, 0.006, 0.007, 0.007, 0.006, 0.006, 0.006, 0.007, 0.006, 0.006, 0.007, 0.007, 0.006, 0.006, 0.007, 0.007, 0.006, 0.007, 0.007, 0.007, 0.006, 0.006, 0.007, 0.007, 0.006, 0.007, 0.007, 0.007, 0.006, 0.006]",0,2,141312,send_recv,2,2
18,0.006,0.007,0.00685,0.007,0.0003570714214271425,"[0.007, 0.007, 0.007, 0.006, 0.007, 0.007, 0.007, 0.007, 0.007, 0.007, 0.007, 0.007, 0.007, 0.007, 0.007, 0.007, 0.007, 0.007, 0.007, 0.007, 0.007, 0.007, 0.007, 0.007, 0.007, 0.007, 0.007, 0.007, 0.007, 0.007, 0.007, 0.006, 0.007, 0.007, 0.007, 0.006, 0.007, 0.007, 0.007, 0.007, 0.006, 0.007, 0.007, 0.007, 0.007, 0.007, 0.007, 0.007, 0.006, 0.007, 0.007, 0.006, 0.007, 0.007, 0.007, 0.006, 0.006, 0.007, 0.007, 0.006]",0,2,149504,send_recv,2,2
19,0.007,0.007,0.007000000000000001,0.007,8.673617379884035e-19,"[0.007, 0.007, 0.007, 0.007, 0.007, 0.007, 0.007, 0.007, 0.007, 0.007, 0.007, 0.007, 0.007, 0.007, 0.007, 0.007, 0.007, 0.007, 0.007, 0.007, 0.007, 0.007, 0.007, 0.007, 0.007, 0.007, 0.007, 0.007, 0.007, 0.007, 0.007, 0.007, 0.007, 0.007, 0.007, 0.007, 0.007, 0.007, 0.007, 0.007, 0.007, 0.007, 0.007, 0.007, 0.007, 0.007, 0.007, 0.007, 0.007, 0.007, 0.007, 0.007, 0.007, 0.007, 0.007, 0.007, 0.007, 0.007, 0.007, 0.007]",0,2,157696,send_recv,2,2
20,0.007,0.007,0.007000000000000001,0.007,8.673617379884035e-19,"[0.007, 0.007, 0.007, 0.007, 0.007, 0.007, 0.007, 0.007, 0.007, 0.007, 0.007, 0.007, 0.007, 0.007, 0.007, 0.007, 0.007, 0.007, 0.007, 0.007, 0.007, 0.007, 0.007, 0.007, 0.007, 0.007, 0.007, 0.007, 0.007, 0.007, 0.007, 0.007, 0.007, 0.007, 0.007, 0.007, 0.007, 0.007, 0.007, 0.007, 0.007, 0.007, 0.007, 0.007, 0.007, 0.007, 0.007, 0.007, 0.007, 0.007, 0.007, 0.007, 0.007, 0.007, 0.007, 0.007, 0.007, 0.007, 0.007, 0.007]",0,2,165888,send_recv,2,2
21,0.007,0.008,0.007016666666666668,0.007,0.00012801909579781016,"[0.008, 0.007, 0.007, 0.007, 0.007, 0.007, 0.007, 0.007, 0.007, 0.007, 0.007, 0.007, 0.007, 0.007, 0.007, 0.007, 0.007, 0.007, 0.007, 0.007, 0.007, 0.007, 0.007, 0.007, 0.007, 0.007, 0.007, 0.007, 0.007, 0.007, 0.007, 0.007, 0.007, 0.007, 0.007, 0.007, 0.007, 0.007, 0.007, 0.007, 0.007, 0.007, 0.007, 0.007, 0.007, 0.007, 0.007, 0.007, 0.007, 0.007, 0.007, 0.007, 0.007, 0.007, 0.007, 0.007, 0.007, 0.007, 0.007, 0.007]",0,2,174080,send_recv,2,2
22,0.006,0.007,0.006983333333333334,0.007,0.00012801909579781016,"[0.007, 0.007, 0.007, 0.007, 0.007, 0.007, 0.007, 0.007, 0.007, 0.007, 0.007, 0.007, 0.007, 0.007, 0.007, 0.007, 0.007, 0.007, 0.007, 0.007, 0.007, 0.007, 0.007, 0.007, 0.007, 0.007, 0.007, 0.007, 0.007, 0.007, 0.007, 0.007, 0.007, 0.007, 0.007, 0.007, 0.007, 0.007, 0.007, 0.007, 0.007, 0.007, 0.007, 0.007, 0.007, 0.007, 0.007, 0.007, 0.007, 0.007, 0.006, 0.007, 0.007, 0.007, 0.007, 0.007, 0.007, 0.007, 0.007, 0.007]",0,2,182272,send_recv,2,2
23,0.007,0.008,0.007083333333333334,0.007,0.0002763853991962833,"[0.008, 0.007, 0.007, 0.007, 0.007, 0.008, 0.008, 0.007, 0.007, 0.007, 0.007, 0.007, 0.007, 0.007, 0.007, 0.007, 0.007, 0.007, 0.007, 0.007, 0.007, 0.007, 0.007, 0.007, 0.007, 0.008, 0.007, 0.007, 0.008, 0.007, 0.007, 0.007, 0.007, 0.007, 0.007, 0.007, 0.007, 0.007, 0.007, 0.007, 0.007, 0.007, 0.007, 0.007, 0.007, 0.007, 0.007, 0.007, 0.007, 0.007, 0.007, 0.007, 0.007, 0.007, 0.007, 0.007, 0.007, 0.007, 0.007, 0.007]",0,2,190464,send_recv,2,2
24,0.006,0.007,0.0069500000000000004,0.007,0.0002179449471770337,"[0.007, 0.007, 0.007, 0.007, 0.007, 0.007, 0.007, 0.007, 0.007, 0.007, 0.007, 0.007, 0.007, 0.007, 0.007, 0.007, 0.007, 0.007, 0.007, 0.007, 0.007, 0.007, 0.007, 0.007, 0.007, 0.007, 0.007, 0.007, 0.007, 0.007, 0.007, 0.007, 0.007, 0.007, 0.007, 0.007, 0.007, 0.007, 0.007, 0.007, 0.007, 0.007, 0.007, 0.007, 0.007, 0.007, 0.007, 0.007, 0.007, 0.006, 0.007, 0.007, 0.007, 0.007, 0.006, 0.007, 0.007, 0.007, 0.007, 0.006]",0,2,198656,send_recv,2,2
25,0.006,0.007,0.006916666666666667,0.007,0.00027638539919628343,"[0.007, 0.007, 0.007, 0.007, 0.007, 0.007, 0.006, 0.007, 0.007, 0.007, 0.007, 0.007, 0.007, 0.006, 0.007, 0.007, 0.007, 0.007, 0.007, 0.007, 0.007, 0.007, 0.007, 0.007, 0.007, 0.007, 0.007, 0.007, 0.006, 0.007, 0.007, 0.007, 0.006, 0.006, 0.007, 0.007, 0.007, 0.007, 0.007, 0.007, 0.007, 0.007, 0.007, 0.007, 0.007, 0.007, 0.007, 0.007, 0.007, 0.007, 0.007, 0.007, 0.007, 0.007, 0.007, 0.007, 0.007, 0.007, 0.007, 0.007]",0,2,206848,send_recv,2,2
26,0.006,0.007,0.006966666666666667,0.007,0.00017950549357115015,"[0.007, 0.007, 0.007, 0.007, 0.007, 0.007, 0.007, 0.007, 0.007, 0.007, 0.007, 0.006, 0.007, 0.007, 0.007, 0.007, 0.007, 0.007, 0.007, 0.007, 0.007, 0.007, 0.007, 0.007, 0.007, 0.007, 0.007, 0.007, 0.007, 0.006, 0.007, 0.007, 0.007, 0.007, 0.007, 0.007, 0.007, 0.007, 0.007, 0.007, 0.007, 0.007, 0.007, 0.007, 0.007, 0.007, 0.007, 0.007, 0.007, 0.007, 0.007, 0.007, 0.007, 0.007, 0.007, 0.007, 0.007, 0.007, 0.007, 0.007]",0,2,215040,send_recv,2,2
27,0.007,0.007,0.007000000000000001,0.007,8.673617379884035e-19,"[0.007, 0.007, 0.007, 0.007, 0.007, 0.007, 0.007, 0.007, 0.007, 0.007, 0.007, 0.007, 0.007, 0.007, 0.007, 0.007, 0.007, 0.007, 0.007, 0.007, 0.007, 0.007, 0.007, 0.007, 0.007, 0.007, 0.007, 0.007, 0.007, 0.007, 0.007, 0.007, 0.007, 0.007, 0.007, 0.007, 0.007, 0.007, 0.007, 0.007, 0.007, 0.007, 0.007, 0.007, 0.007, 0.007, 0.007, 0.007, 0.007, 0.007, 0.007, 0.007, 0.007, 0.007, 0.007, 0.007, 0.007, 0.007, 0.007, 0.007]",0,2,223232,send_recv,2,2
28,0.007,0.007,0.007000000000000001,0.007,8.673617379884035e-19,"[0.007, 0.007, 0.007, 0.007, 0.007, 0.007, 0.007, 0.007, 0.007, 0.007, 0.007, 0.007, 0.007, 0.007, 0.007, 0.007, 0.007, 0.007, 0.007, 0.007, 0.007, 0.007, 0.007, 0.007, 0.007, 0.007, 0.007, 0.007, 0.007, 0.007, 0.007, 0.007, 0.007, 0.007, 0.007, 0.007, 0.007, 0.007, 0.007, 0.007, 0.007, 0.007, 0.007, 0.007, 0.007, 0.007, 0.007, 0.007, 0.007, 0.007, 0.007, 0.007, 0.007, 0.007, 0.007, 0.007, 0.007, 0.007, 0.007, 0.007]",0,2,231424,send_recv,2,2
29,0.007,0.008,0.007016666666666668,0.007,0.00012801909579781016,"[0.008, 0.007, 0.007, 0.007, 0.007, 0.007, 0.007, 0.007, 0.007, 0.007, 0.007, 0.007, 0.007, 0.007, 0.007, 0.007, 0.007, 0.007, 0.007, 0.007, 0.007, 0.007, 0.007, 0.007, 0.007, 0.007, 0.007, 0.007, 0.007, 0.007, 0.007, 0.007, 0.007, 0.007, 0.007, 0.007, 0.007, 0.007, 0.007, 0.007, 0.007, 0.007, 0.007, 0.007, 0.007, 0.007, 0.007, 0.007, 0.007, 0.007, 0.007, 0.007, 0.007, 0.007, 0.007, 0.007, 0.007, 0.007, 0.007, 0.007]",0,2,239616,send_recv,2,2
30,0.006,0.007,0.0066500000000000005,0.007,0.0004769696007084728,"[0.007, 0.007, 0.006, 0.007, 0.006, 0.007, 0.007, 0.007, 0.007, 0.007, 0.006, 0.007, 0.006, 0.006, 0.007, 0.006, 0.007, 0.006, 0.007, 0.007, 0.007, 0.007, 0.006, 0.006, 0.007, 0.007, 0.006, 0.007, 0.007, 0.006, 0.007, 0.007, 0.007, 0.007, 0.006, 0.007, 0.007, 0.006, 0.007, 0.006, 0.007, 0.007, 0.006, 0.007, 0.006, 0.007, 0.006, 0.007, 0.007, 0.006, 0.006, 0.007, 0.006, 0.007, 0.007, 0.006, 0.007, 0.007, 0.007, 0.007]",0,2,247808,send_recv,2,2
31,0.007,0.007,0.007000000000000001,0.007,8.673617379884035e-19,"[0.007, 0.007, 0.007, 0.007, 0.007, 0.007, 0.007, 0.007, 0.007, 0.007, 0.007, 0.007, 0.007, 0.007, 0.007, 0.007, 0.007, 0.007, 0.007, 0.007, 0.007, 0.007, 0.007, 0.007, 0.007, 0.007, 0.007, 0.007, 0.007, 0.007, 0.007, 0.007, 0.007, 0.007, 0.007, 0.007, 0.007, 0.007, 0.007, 0.007, 0.007, 0.007, 0.007, 0.007, 0.007, 0.007, 0.007, 0.007, 0.007, 0.007, 0.007, 0.007, 0.007, 0.007, 0.007, 0.007, 0.007, 0.007, 0.007, 0.007]",0,2,256000,send_recv,2,2
32,0.007,0.007,0.007000000000000001,0.007,8.673617379884035e-19,"[0.007, 0.007, 0.007, 0.007, 0.007, 0.007, 0.007, 0.007, 0.007, 0.007, 0.007, 0.007, 0.007, 0.007, 0.007, 0.007, 0.007, 0.007, 0.007, 0.007, 0.007, 0.007, 0.007, 0.007, 0.007, 0.007, 0.007, 0.007, 0.007, 0.007, 0.007, 0.007, 0.007, 0.007, 0.007, 0.007, 0.007, 0.007, 0.007, 0.007, 0.007, 0.007, 0.007, 0.007, 0.007, 0.007, 0.007, 0.007, 0.007, 0.007, 0.007, 0.007, 0.007, 0.007, 0.007, 0.007, 0.007, 0.007, 0.007, 0.007]",0,2,264192,send_recv,2,2
33,0.007,0.007,0.007000000000000001,0.007,8.673617379884035e-19,"[0.007, 0.007, 0.007, 0.007, 0.007, 0.007, 0.007, 0.007, 0.007, 0.007, 0.007, 0.007, 0.007, 0.007, 0.007, 0.007, 0.007, 0.007, 0.007, 0.007, 0.007, 0.007, 0.007, 0.007, 0.007, 0.007, 0.007, 0.007, 0.007, 0.007, 0.007, 0.007, 0.007, 0.007, 0.007, 0.007, 0.007, 0.007, 0.007, 0.007, 0.007, 0.007, 0.007, 0.007, 0.007, 0.007, 0.007, 0.007, 0.007, 0.007, 0.007, 0.007, 0.007, 0.007, 0.007, 0.007, 0.007, 0.007, 0.007, 0.007]",0,2,272384,send_recv,2,2
34,0.007,0.007,0.007000000000000001,0.007,8.673617379884035e-19,"[0.007, 0.007, 0.007, 0.007, 0.007, 0.007, 0.007, 0.007, 0.007, 0.007, 0.007, 0.007, 0.007, 0.007, 0.007, 0.007, 0.007, 0.007, 0.007, 0.007, 0.007, 0.007, 0.007, 0.007, 0.007, 0.007, 0.007, 0.007, 0.007, 0.007, 0.007, 0.007, 0.007, 0.007, 0.007, 0.007, 0.007, 0.007, 0.007, 0.007, 0.007, 0.007, 0.007, 0.007, 0.007, 0.007, 0.007, 0.007, 0.007, 0.007, 0.007, 0.007, 0.007, 0.007, 0.007, 0.007, 0.007, 0.007, 0.007, 0.007]",0,2,280576,send_recv,2,2
35,0.007,0.007,0.007000000000000001,0.007,8.673617379884035e-19,"[0.007, 0.007, 0.007, 0.007, 0.007, 0.007, 0.007, 0.007, 0.007, 0.007, 0.007, 0.007, 0.007, 0.007, 0.007, 0.007, 0.007, 0.007, 0.007, 0.007, 0.007, 0.007, 0.007, 0.007, 0.007, 0.007, 0.007, 0.007, 0.007, 0.007, 0.007, 0.007, 0.007, 0.007, 0.007, 0.007, 0.007, 0.007, 0.007, 0.007, 0.007, 0.007, 0.007, 0.007, 0.007, 0.007, 0.007, 0.007, 0.007, 0.007, 0.007, 0.007, 0.007, 0.007, 0.007, 0.007, 0.007, 0.007, 0.007, 0.007]",0,2,288768,send_recv,2,2
36,0.007,0.007,0.007000000000000001,0.007,8.673617379884035e-19,"[0.007, 0.007, 0.007, 0.007, 0.007, 0.007, 0.007, 0.007, 0.007, 0.007, 0.007, 0.007, 0.007, 0.007, 0.007, 0.007, 0.007, 0.007, 0.007, 0.007, 0.007, 0.007, 0.007, 0.007, 0.007, 0.007, 0.007, 0.007, 0.007, 0.007, 0.007, 0.007, 0.007, 0.007, 0.007, 0.007, 0.007, 0.007, 0.007, 0.007, 0.007, 0.007, 0.007, 0.007, 0.007, 0.007, 0.007, 0.007, 0.007, 0.007, 0.007, 0.007, 0.007, 0.007, 0.007, 0.007, 0.007, 0.007, 0.007, 0.007]",0,2,296960,send_recv,2,2
37,0.007,0.007,0.007000000000000001,0.007,8.673617379884035e-19,"[0.007, 0.007, 0.007, 0.007, 0.007, 0.007, 0.007, 0.007, 0.007, 0.007, 0.007, 0.007, 0.007, 0.007, 0.007, 0.007, 0.007, 0.007, 0.007, 0.007, 0.007, 0.007, 0.007, 0.007, 0.007, 0.007, 0.007, 0.007, 0.007, 0.007, 0.007, 0.007, 0.007, 0.007, 0.007, 0.007, 0.007, 0.007, 0.007, 0.007, 0.007, 0.007, 0.007, 0.007, 0.007, 0.007, 0.007, 0.007, 0.007, 0.007, 0.007, 0.007, 0.007, 0.007, 0.007, 0.007, 0.007, 0.007, 0.007, 0.007]",0,2,305152,send_recv,2,2
38,0.007,0.007,0.007000000000000001,0.007,8.673617379884035e-19,"[0.007, 0.007, 0.007, 0.007, 0.007, 0.007, 0.007, 0.007, 0.007, 0.007, 0.007, 0.007, 0.007, 0.007, 0.007, 0.007, 0.007, 0.007, 0.007, 0.007, 0.007, 0.007, 0.007, 0.007, 0.007, 0.007, 0.007, 0.007, 0.007, 0.007, 0.007, 0.007, 0.007, 0.007, 0.007, 0.007, 0.007, 0.007, 0.007, 0.007, 0.007, 0.007, 0.007, 0.007, 0.007, 0.007, 0.007, 0.007, 0.007, 0.007, 0.007, 0.007, 0.007, 0.007, 0.007, 0.007, 0.007, 0.007, 0.007, 0.007]",0,2,313344,send_recv,2,2
39,0.007,0.008,0.007516666666666668,0.008,0.0004997221450188318,"[0.008, 0.008, 0.008, 0.007, 0.007, 0.008, 0.008, 0.008, 0.007, 0.007, 0.008, 0.008, 0.007, 0.008, 0.008, 0.007, 0.007, 0.007, 0.007, 0.008, 0.007, 0.007, 0.007, 0.007, 0.008, 0.008, 0.008, 0.008, 0.007, 0.008, 0.008, 0.007, 0.008, 0.008, 0.007, 0.007, 0.008, 0.008, 0.007, 0.007, 0.008, 0.008, 0.007, 0.007, 0.007, 0.008, 0.007, 0.007, 0.007, 0.008, 0.008, 0.008, 0.008, 0.007, 0.008, 0.008, 0.007, 0.007, 0.008, 0.007]",0,2,321536,send_recv,2,2
40,0.007,0.007,0.007000000000000001,0.007,8.673617379884035e-19,"[0.007, 0.007, 0.007, 0.007, 0.007, 0.007, 0.007, 0.007, 0.007, 0.007, 0.007, 0.007, 0.007, 0.007, 0.007, 0.007, 0.007, 0.007, 0.007, 0.007, 0.007, 0.007, 0.007, 0.007, 0.007, 0.007, 0.007, 0.007, 0.007, 0.007, 0.007, 0.007, 0.007, 0.007, 0.007, 0.007, 0.007, 0.007, 0.007, 0.007, 0.007, 0.007, 0.007, 0.007, 0.007, 0.007, 0.007, 0.007, 0.007, 0.007, 0.007, 0.007, 0.007, 0.007, 0.007, 0.007, 0.007, 0.007, 0.007, 0.007]",0,2,329728,send_recv,2,2
41,0.007,0.007,0.007000000000000001,0.007,8.673617379884035e-19,"[0.007, 0.007, 0.007, 0.007, 0.007, 0.007, 0.007, 0.007, 0.007, 0.007, 0.007, 0.007, 0.007, 0.007, 0.007, 0.007, 0.007, 0.007, 0.007, 0.007, 0.007, 0.007, 0.007, 0.007, 0.007, 0.007, 0.007, 0.007, 0.007, 0.007, 0.007, 0.007, 0.007, 0.007, 0.007, 0.007, 0.007, 0.007, 0.007, 0.007, 0.007, 0.007, 0.007, 0.007, 0.007, 0.007, 0.007, 0.007, 0.007, 0.007, 0.007, 0.007, 0.007, 0.007, 0.007, 0.007, 0.007, 0.007, 0.007, 0.007]",0,2,337920,send_recv,2,2
42,0.007,0.008,0.007016666666666668,0.007,0.00012801909579781016,"[0.007, 0.007, 0.007, 0.007, 0.007, 0.007, 0.007, 0.007, 0.007, 0.007, 0.007, 0.007, 0.007, 0.007, 0.007, 0.007, 0.007, 0.007, 0.007, 0.007, 0.007, 0.007, 0.007, 0.008, 0.007, 0.007, 0.007, 0.007, 0.007, 0.007, 0.007, 0.007, 0.007, 0.007, 0.007, 0.007, 0.007, 0.007, 0.007, 0.007, 0.007, 0.007, 0.007, 0.007, 0.007, 0.007, 0.007, 0.007, 0.007, 0.007, 0.007, 0.007, 0.007, 0.007, 0.007, 0.007, 0.007, 0.007, 0.007, 0.007]",0,2,346112,send_recv,2,2
43,0.007,0.007,0.007000000000000001,0.007,8.673617379884035e-19,"[0.007, 0.007, 0.007, 0.007, 0.007, 0.007, 0.007, 0.007, 0.007, 0.007, 0.007, 0.007, 0.007, 0.007, 0.007, 0.007, 0.007, 0.007, 0.007, 0.007, 0.007, 0.007, 0.007, 0.007, 0.007, 0.007, 0.007, 0.007, 0.007, 0.007, 0.007, 0.007, 0.007, 0.007, 0.007, 0.007, 0.007, 0.007, 0.007, 0.007, 0.007, 0.007, 0.007, 0.007, 0.007, 0.007, 0.007, 0.007, 0.007, 0.007, 0.007, 0.007, 0.007, 0.007, 0.007, 0.007, 0.007, 0.007, 0.007, 0.007]",0,2,354304,send_recv,2,2
44,0.007,0.007,0.007000000000000001,0.007,8.673617379884035e-19,"[0.007, 0.007, 0.007, 0.007, 0.007, 0.007, 0.007, 0.007, 0.007, 0.007, 0.007, 0.007, 0.007, 0.007, 0.007, 0.007, 0.007, 0.007, 0.007, 0.007, 0.007, 0.007, 0.007, 0.007, 0.007, 0.007, 0.007, 0.007, 0.007, 0.007, 0.007, 0.007, 0.007, 0.007, 0.007, 0.007, 0.007, 0.007, 0.007, 0.007, 0.007, 0.007, 0.007, 0.007, 0.007, 0.007, 0.007, 0.007, 0.007, 0.007, 0.007, 0.007, 0.007, 0.007, 0.007, 0.007, 0.007, 0.007, 0.007, 0.007]",0,2,362496,send_recv,2,2
45,0.007,0.008,0.007016666666666668,0.007,0.00012801909579781016,"[0.008, 0.007, 0.007, 0.007, 0.007, 0.007, 0.007, 0.007, 0.007, 0.007, 0.007, 0.007, 0.007, 0.007, 0.007, 0.007, 0.007, 0.007, 0.007, 0.007, 0.007, 0.007, 0.007, 0.007, 0.007, 0.007, 0.007, 0.007, 0.007, 0.007, 0.007, 0.007, 0.007, 0.007, 0.007, 0.007, 0.007, 0.007, 0.007, 0.007, 0.007, 0.007, 0.007, 0.007, 0.007, 0.007, 0.007, 0.007, 0.007, 0.007, 0.007, 0.007, 0.007, 0.007, 0.007, 0.007, 0.007, 0.007, 0.007, 0.007]",0,2,370688,send_recv,2,2
46,0.007,0.007,0.007000000000000001,0.007,8.673617379884035e-19,"[0.007, 0.007, 0.007, 0.007, 0.007, 0.007, 0.007, 0.007, 0.007, 0.007, 0.007, 0.007, 0.007, 0.007, 0.007, 0.007, 0.007, 0.007, 0.007, 0.007, 0.007, 0.007, 0.007, 0.007, 0.007, 0.007, 0.007, 0.007, 0.007, 0.007, 0.007, 0.007, 0.007, 0.007, 0.007, 0.007, 0.007, 0.007, 0.007, 0.007, 0.007, 0.007, 0.007, 0.007, 0.007, 0.007, 0.007, 0.007, 0.007, 0.007, 0.007, 0.007, 0.007, 0.007, 0.007, 0.007, 0.007, 0.007, 0.007, 0.007]",0,2,378880,send_recv,2,2
47,0.007,0.008,0.007433333333333334,0.007,0.0004955356249106169,"[0.008, 0.008, 0.008, 0.007, 0.007, 0.007, 0.008, 0.007, 0.008, 0.007, 0.008, 0.008, 0.007, 0.007, 0.008, 0.007, 0.008, 0.008, 0.008, 0.008, 0.007, 0.007, 0.008, 0.007, 0.007, 0.007, 0.008, 0.007, 0.007, 0.007, 0.007, 0.008, 0.008, 0.008, 0.008, 0.007, 0.007, 0.008, 0.007, 0.008, 0.008, 0.007, 0.007, 0.008, 0.007, 0.007, 0.007, 0.007, 0.007, 0.008, 0.008, 0.007, 0.007, 0.007, 0.007, 0.007, 0.008, 0.007, 0.007, 0.008]",0,2,387072,send_recv,2,2
48,0.007,0.007,0.007000000000000001,0.007,8.673617379884035e-19,"[0.007, 0.007, 0.007, 0.007, 0.007, 0.007, 0.007, 0.007, 0.007, 0.007, 0.007, 0.007, 0.007, 0.007, 0.007, 0.007, 0.007, 0.007, 0.007, 0.007, 0.007, 0.007, 0.007, 0.007, 0.007, 0.007, 0.007, 0.007, 0.007, 0.007, 0.007, 0.007, 0.007, 0.007, 0.007, 0.007, 0.007, 0.007, 0.007, 0.007, 0.007, 0.007, 0.007, 0.007, 0.007, 0.007, 0.007, 0.007, 0.007, 0.007, 0.007, 0.007, 0.007, 0.007, 0.007, 0.007, 0.007, 0.007, 0.007, 0.007]",0,2,395264,send_recv,2,2
49,0.007,0.007,0.007000000000000001,0.007,8.673617379884035e-19,"[0.007, 0.007, 0.007, 0.007, 0.007, 0.007, 0.007, 0.007, 0.007, 0.007, 0.007, 0.007, 0.007, 0.007, 0.007, 0.007, 0.007, 0.007, 0.007, 0.007, 0.007, 0.007, 0.007, 0.007, 0.007, 0.007, 0.007, 0.007, 0.007, 0.007, 0.007, 0.007, 0.007, 0.007, 0.007, 0.007, 0.007, 0.007, 0.007, 0.007, 0.007, 0.007, 0.007, 0.007, 0.007, 0.007, 0.007, 0.007, 0.007, 0.007, 0.007, 0.007, 0.007, 0.007, 0.007, 0.007, 0.007, 0.007, 0.007, 0.007]",0,2,403456,send_recv,2,2
50,0.007,0.007,0.007000000000000001,0.007,8.673617379884035e-19,"[0.007, 0.007, 0.007, 0.007, 0.007, 0.007, 0.007, 0.007, 0.007, 0.007, 0.007, 0.007, 0.007, 0.007, 0.007, 0.007, 0.007, 0.007, 0.007, 0.007, 0.007, 0.007, 0.007, 0.007, 0.007, 0.007, 0.007, 0.007, 0.007, 0.007, 0.007, 0.007, 0.007, 0.007, 0.007, 0.007, 0.007, 0.007, 0.007, 0.007, 0.007, 0.007, 0.007, 0.007, 0.007, 0.007, 0.007, 0.007, 0.007, 0.007, 0.007, 0.007, 0.007, 0.007, 0.007, 0.007, 0.007, 0.007, 0.007, 0.007]",0,2,411648,send_recv,2,2
51,0.007,0.007,0.007000000000000001,0.007,8.673617379884035e-19,"[0.007, 0.007, 0.007, 0.007, 0.007, 0.007, 0.007, 0.007, 0.007, 0.007, 0.007, 0.007, 0.007, 0.007, 0.007, 0.007, 0.007, 0.007, 0.007, 0.007, 0.007, 0.007, 0.007, 0.007, 0.007, 0.007, 0.007, 0.007, 0.007, 0.007, 0.007, 0.007, 0.007, 0.007, 0.007, 0.007, 0.007, 0.007, 0.007, 0.007, 0.007, 0.007, 0.007, 0.007, 0.007, 0.007, 0.007, 0.007, 0.007, 0.007, 0.007, 0.007, 0.007, 0.007, 0.007, 0.007, 0.007, 0.007, 0.007, 0.007]",0,2,419840,send_recv,2,2
52,0.007,0.007,0.007000000000000001,0.007,8.673617379884035e-19,"[0.007, 0.007, 0.007, 0.007, 0.007, 0.007, 0.007, 0.007, 0.007, 0.007, 0.007, 0.007, 0.007, 0.007, 0.007, 0.007, 0.007, 0.007, 0.007, 0.007, 0.007, 0.007, 0.007, 0.007, 0.007, 0.007, 0.007, 0.007, 0.007, 0.007, 0.007, 0.007, 0.007, 0.007, 0.007, 0.007, 0.007, 0.007, 0.007, 0.007, 0.007, 0.007, 0.007, 0.007, 0.007, 0.007, 0.007, 0.007, 0.007, 0.007, 0.007, 0.007, 0.007, 0.007, 0.007, 0.007, 0.007, 0.007, 0.007, 0.007]",0,2,428032,send_recv,2,2
53,0.007,0.008,0.007016666666666668,0.007,0.00012801909579781016,"[0.008, 0.007, 0.007, 0.007, 0.007, 0.007, 0.007, 0.007, 0.007, 0.007, 0.007, 0.007, 0.007, 0.007, 0.007, 0.007, 0.007, 0.007, 0.007, 0.007, 0.007, 0.007, 0.007, 0.007, 0.007, 0.007, 0.007, 0.007, 0.007, 0.007, 0.007, 0.007, 0.007, 0.007, 0.007, 0.007, 0.007, 0.007, 0.007, 0.007, 0.007, 0.007, 0.007, 0.007, 0.007, 0.007, 0.007, 0.007, 0.007, 0.007, 0.007, 0.007, 0.007, 0.007, 0.007, 0.007, 0.007, 0.007, 0.007, 0.007]",0,2,436224,send_recv,2,2
54,0.007,0.008,0.007016666666666668,0.007,0.00012801909579781016,"[0.007, 0.007, 0.007, 0.007, 0.007, 0.007, 0.007, 0.007, 0.007, 0.007, 0.007, 0.007, 0.007, 0.007, 0.007, 0.007, 0.007, 0.007, 0.007, 0.008, 0.007, 0.007, 0.007, 0.007, 0.007, 0.007, 0.007, 0.007, 0.007, 0.007, 0.007, 0.007, 0.007, 0.007, 0.007, 0.007, 0.007, 0.007, 0.007, 0.007, 0.007, 0.007, 0.007, 0.007, 0.007, 0.007, 0.007, 0.007, 0.007, 0.007, 0.007, 0.007, 0.007, 0.007, 0.007, 0.007, 0.007, 0.007, 0.007, 0.007]",0,2,444416,send_recv,2,2
55,0.007,0.008,0.007433333333333334,0.007,0.0004955356249106169,"[0.008, 0.008, 0.007, 0.007, 0.007, 0.007, 0.008, 0.007, 0.008, 0.008, 0.008, 0.007, 0.008, 0.008, 0.008, 0.007, 0.008, 0.008, 0.008, 0.007, 0.007, 0.008, 0.007, 0.008, 0.008, 0.008, 0.008, 0.008, 0.007, 0.007, 0.008, 0.007, 0.007, 0.007, 0.007, 0.007, 0.007, 0.007, 0.007, 0.008, 0.007, 0.007, 0.008, 0.007, 0.007, 0.007, 0.008, 0.008, 0.007, 0.008, 0.007, 0.007, 0.007, 0.008, 0.007, 0.007, 0.007, 0.007, 0.008, 0.007]",0,2,452608,send_recv,2,2
56,0.007,0.007,0.007000000000000001,0.007,8.673617379884035e-19,"[0.007, 0.007, 0.007, 0.007, 0.007, 0.007, 0.007, 0.007, 0.007, 0.007, 0.007, 0.007, 0.007, 0.007, 0.007, 0.007, 0.007, 0.007, 0.007, 0.007, 0.007, 0.007, 0.007, 0.007, 0.007, 0.007, 0.007, 0.007, 0.007, 0.007, 0.007, 0.007, 0.007, 0.007, 0.007, 0.007, 0.007, 0.007, 0.007, 0.007, 0.007, 0.007, 0.007, 0.007, 0.007, 0.007, 0.007, 0.007, 0.007, 0.007, 0.007, 0.007, 0.007, 0.007, 0.007, 0.007, 0.007, 0.007, 0.007, 0.007]",0,2,460800,send_recv,2,2
57,0.006,0.007,0.006983333333333334,0.007,0.00012801909579781016,"[0.007, 0.007, 0.007, 0.007, 0.007, 0.007, 0.007, 0.007, 0.007, 0.006, 0.007, 0.007, 0.007, 0.007, 0.007, 0.007, 0.007, 0.007, 0.007, 0.007, 0.007, 0.007, 0.007, 0.007, 0.007, 0.007, 0.007, 0.007, 0.007, 0.007, 0.007, 0.007, 0.007, 0.007, 0.007, 0.007, 0.007, 0.007, 0.007, 0.007, 0.007, 0.007, 0.007, 0.007, 0.007, 0.007, 0.007, 0.007, 0.007, 0.007, 0.007, 0.007, 0.007, 0.007, 0.007, 0.007, 0.007, 0.007, 0.007, 0.007]",0,2,468992,send_recv,2,2
58,0.006,0.007,0.006750000000000001,0.007,0.00043301270189221935,"[0.007, 0.007, 0.007, 0.007, 0.007, 0.007, 0.007, 0.006, 0.007, 0.007, 0.006, 0.007, 0.007, 0.007, 0.007, 0.007, 0.007, 0.007, 0.007, 0.007, 0.006, 0.006, 0.007, 0.006, 0.007, 0.006, 0.006, 0.007, 0.007, 0.007, 0.006, 0.007, 0.007, 0.007, 0.007, 0.007, 0.007, 0.006, 0.007, 0.007, 0.007, 0.007, 0.007, 0.007, 0.006, 0.006, 0.006, 0.007, 0.007, 0.007, 0.007, 0.007, 0.007, 0.006, 0.007, 0.007, 0.007, 0.006, 0.006, 0.007]",0,2,477184,send_recv,2,2
59,0.007,0.007,0.007000000000000001,0.007,8.673617379884035e-19,"[0.007, 0.007, 0.007, 0.007, 0.007, 0.007, 0.007, 0.007, 0.007, 0.007, 0.007, 0.007, 0.007, 0.007, 0.007, 0.007, 0.007, 0.007, 0.007, 0.007, 0.007, 0.007, 0.007, 0.007, 0.007, 0.007, 0.007, 0.007, 0.007, 0.007, 0.007, 0.007, 0.007, 0.007, 0.007, 0.007, 0.007, 0.007, 0.007, 0.007, 0.007, 0.007, 0.007, 0.007, 0.007, 0.007, 0.007, 0.007, 0.007, 0.007, 0.007, 0.007, 0.007, 0.007, 0.007, 0.007, 0.007, 0.007, 0.007, 0.007]",0,2,485376,send_recv,2,2
60,0.007,0.007,0.007000000000000001,0.007,8.673617379884035e-19,"[0.007, 0.007, 0.007, 0.007, 0.007, 0.007, 0.007, 0.007, 0.007, 0.007, 0.007, 0.007, 0.007, 0.007, 0.007, 0.007, 0.007, 0.007, 0.007, 0.007, 0.007, 0.007, 0.007, 0.007, 0.007, 0.007, 0.007, 0.007, 0.007, 0.007, 0.007, 0.007, 0.007, 0.007, 0.007, 0.007, 0.007, 0.007, 0.007, 0.007, 0.007, 0.007, 0.007, 0.007, 0.007, 0.007, 0.007, 0.007, 0.007, 0.007, 0.007, 0.007, 0.007, 0.007, 0.007, 0.007, 0.007, 0.007, 0.007, 0.007]",0,2,493568,send_recv,2,2
61,0.007,0.007,0.007000000000000001,0.007,8.673617379884035e-19,"[0.007, 0.007, 0.007, 0.007, 0.007, 0.007, 0.007, 0.007, 0.007, 0.007, 0.007, 0.007, 0.007, 0.007, 0.007, 0.007, 0.007, 0.007, 0.007, 0.007, 0.007, 0.007, 0.007, 0.007, 0.007, 0.007, 0.007, 0.007, 0.007, 0.007, 0.007, 0.007, 0.007, 0.007, 0.007, 0.007, 0.007, 0.007, 0.007, 0.007, 0.007, 0.007, 0.007, 0.007, 0.007, 0.007, 0.007, 0.007, 0.007, 0.007, 0.007, 0.007, 0.007, 0.007, 0.007, 0.007, 0.007, 0.007, 0.007, 0.007]",0,2,501760,send_recv,2,2
62,0.006,0.008,0.006633333333333334,0.007,0.0005153208277913435,"[0.007, 0.007, 0.006, 0.006, 0.007, 0.007, 0.007, 0.007, 0.006, 0.006, 0.007, 0.006, 0.007, 0.006, 0.007, 0.007, 0.007, 0.007, 0.007, 0.007, 0.007, 0.006, 0.006, 0.007, 0.007, 0.007, 0.006, 0.006, 0.007, 0.007, 0.007, 0.007, 0.006, 0.006, 0.006, 0.006, 0.007, 0.007, 0.007, 0.007, 0.006, 0.007, 0.006, 0.007, 0.007, 0.007, 0.006, 0.008, 0.007, 0.006, 0.006, 0.006, 0.007, 0.007, 0.007, 0.007, 0.007, 0.006, 0.006, 0.006]",0,2,509952,send_recv,2,2
63,0.007,0.008,0.0073166666666666675,0.007,0.00046517619123176207,"[0.008, 0.007, 0.007, 0.007, 0.007, 0.008, 0.007, 0.007, 0.007, 0.007, 0.007, 0.007, 0.007, 0.007, 0.008, 0.007, 0.007, 0.008, 0.007, 0.007, 0.007, 0.007, 0.008, 0.007, 0.007, 0.007, 0.007, 0.007, 0.008, 0.007, 0.008, 0.008, 0.007, 0.008, 0.008, 0.008, 0.008, 0.008, 0.007, 0.008, 0.008, 0.007, 0.007, 0.007, 0.007, 0.007, 0.008, 0.007, 0.007, 0.007, 0.007, 0.007, 0.007, 0.007, 0.007, 0.007, 0.007, 0.008, 0.008, 0.008]",0,2,518144,send_recv,2,2
64,0.007,0.007,0.007000000000000001,0.007,8.673617379884035e-19,"[0.007, 0.007, 0.007, 0.007, 0.007, 0.007, 0.007, 0.007, 0.007, 0.007, 0.007, 0.007, 0.007, 0.007, 0.007, 0.007, 0.007, 0.007, 0.007, 0.007, 0.007, 0.007, 0.007, 0.007, 0.007, 0.007, 0.007, 0.007, 0.007, 0.007, 0.007, 0.007, 0.007, 0.007, 0.007, 0.007, 0.007, 0.007, 0.007, 0.007, 0.007, 0.007, 0.007, 0.007, 0.007, 0.007, 0.007, 0.007, 0.007, 0.007, 0.007, 0.007, 0.007, 0.007, 0.007, 0.007, 0.007, 0.007, 0.007, 0.007]",0,2,526336,send_recv,2,2
65,0.007,0.007,0.007000000000000001,0.007,8.673617379884035e-19,"[0.007, 0.007, 0.007, 0.007, 0.007, 0.007, 0.007, 0.007, 0.007, 0.007, 0.007, 0.007, 0.007, 0.007, 0.007, 0.007, 0.007, 0.007, 0.007, 0.007, 0.007, 0.007, 0.007, 0.007, 0.007, 0.007, 0.007, 0.007, 0.007, 0.007, 0.007, 0.007, 0.007, 0.007, 0.007, 0.007, 0.007, 0.007, 0.007, 0.007, 0.007, 0.007, 0.007, 0.007, 0.007, 0.007, 0.007, 0.007, 0.007, 0.007, 0.007, 0.007, 0.007, 0.007, 0.007, 0.007, 0.007, 0.007, 0.007, 0.007]",0,2,534528,send_recv,2,2
66,0.007,0.007,0.007000000000000001,0.007,8.673617379884035e-19,"[0.007, 0.007, 0.007, 0.007, 0.007, 0.007, 0.007, 0.007, 0.007, 0.007, 0.007, 0.007, 0.007, 0.007, 0.007, 0.007, 0.007, 0.007, 0.007, 0.007, 0.007, 0.007, 0.007, 0.007, 0.007, 0.007, 0.007, 0.007, 0.007, 0.007, 0.007, 0.007, 0.007, 0.007, 0.007, 0.007, 0.007, 0.007, 0.007, 0.007, 0.007, 0.007, 0.007, 0.007, 0.007, 0.007, 0.007, 0.007, 0.007, 0.007, 0.007, 0.007, 0.007, 0.007, 0.007, 0.007, 0.007, 0.007, 0.007, 0.007]",0,2,542720,send_recv,2,2
67,0.007,0.007,0.007000000000000001,0.007,8.673617379884035e-19,"[0.007, 0.007, 0.007, 0.007, 0.007, 0.007, 0.007, 0.007, 0.007, 0.007, 0.007, 0.007, 0.007, 0.007, 0.007, 0.007, 0.007, 0.007, 0.007, 0.007, 0.007, 0.007, 0.007, 0.007, 0.007, 0.007, 0.007, 0.007, 0.007, 0.007, 0.007, 0.007, 0.007, 0.007, 0.007, 0.007, 0.007, 0.007, 0.007, 0.007, 0.007, 0.007, 0.007, 0.007, 0.007, 0.007, 0.007, 0.007, 0.007, 0.007, 0.007, 0.007, 0.007, 0.007, 0.007, 0.007, 0.007, 0.007, 0.007, 0.007]",0,2,550912,send_recv,2,2
68,0.007,0.008,0.007016666666666668,0.007,0.00012801909579781016,"[0.008, 0.007, 0.007, 0.007, 0.007, 0.007, 0.007, 0.007, 0.007, 0.007, 0.007, 0.007, 0.007, 0.007, 0.007, 0.007, 0.007, 0.007, 0.007, 0.007, 0.007, 0.007, 0.007, 0.007, 0.007, 0.007, 0.007, 0.007, 0.007, 0.007, 0.007, 0.007, 0.007, 0.007, 0.007, 0.007, 0.007, 0.007, 0.007, 0.007, 0.007, 0.007, 0.007, 0.007, 0.007, 0.007, 0.007, 0.007, 0.007, 0.007, 0.007, 0.007, 0.007, 0.007, 0.007, 0.007, 0.007, 0.007, 0.007, 0.007]",0,2,559104,send_recv,2,2
69,0.006,0.008,0.0069500000000000004,0.007,0.0002843120351538663,"[0.007, 0.007, 0.007, 0.007, 0.007, 0.007, 0.007, 0.007, 0.007, 0.007, 0.007, 0.007, 0.007, 0.007, 0.007, 0.007, 0.006, 0.007, 0.007, 0.007, 0.007, 0.007, 0.007, 0.006, 0.007, 0.007, 0.007, 0.007, 0.007, 0.007, 0.007, 0.007, 0.007, 0.007, 0.007, 0.007, 0.007, 0.007, 0.007, 0.007, 0.008, 0.007, 0.007, 0.007, 0.007, 0.007, 0.007, 0.007, 0.006, 0.007, 0.007, 0.007, 0.007, 0.007, 0.007, 0.006, 0.007, 0.007, 0.007, 0.007]",0,2,567296,send_recv,2,2
70,0.007,0.007,0.007000000000000001,0.007,8.673617379884035e-19,"[0.007, 0.007, 0.007, 0.007, 0.007, 0.007, 0.007, 0.007, 0.007, 0.007, 0.007, 0.007, 0.007, 0.007, 0.007, 0.007, 0.007, 0.007, 0.007, 0.007, 0.007, 0.007, 0.007, 0.007, 0.007, 0.007, 0.007, 0.007, 0.007, 0.007, 0.007, 0.007, 0.007, 0.007, 0.007, 0.007, 0.007, 0.007, 0.007, 0.007, 0.007, 0.007, 0.007, 0.007, 0.007, 0.007, 0.007, 0.007, 0.007, 0.007, 0.007, 0.007, 0.007, 0.007, 0.007, 0.007, 0.007, 0.007, 0.007, 0.007]",0,2,575488,send_recv,2,2
71,0.007,0.008,0.007266666666666668,0.007,0.0004422166387140534,"[0.007, 0.007, 0.007, 0.008, 0.007, 0.008, 0.008, 0.008, 0.007, 0.007, 0.008, 0.007, 0.007, 0.007, 0.007, 0.007, 0.007, 0.008, 0.007, 0.007, 0.008, 0.008, 0.007, 0.007, 0.008, 0.007, 0.008, 0.007, 0.007, 0.007, 0.007, 0.007, 0.007, 0.007, 0.007, 0.007, 0.007, 0.007, 0.008, 0.007, 0.007, 0.007, 0.007, 0.007, 0.007, 0.008, 0.007, 0.007, 0.007, 0.008, 0.008, 0.007, 0.007, 0.008, 0.007, 0.007, 0.007, 0.008, 0.007, 0.007]",0,2,583680,send_recv,2,2
72,0.007,0.007,0.007000000000000001,0.007,8.673617379884035e-19,"[0.007, 0.007, 0.007, 0.007, 0.007, 0.007, 0.007, 0.007, 0.007, 0.007, 0.007, 0.007, 0.007, 0.007, 0.007, 0.007, 0.007, 0.007, 0.007, 0.007, 0.007, 0.007, 0.007, 0.007, 0.007, 0.007, 0.007, 0.007, 0.007, 0.007, 0.007, 0.007, 0.007, 0.007, 0.007, 0.007, 0.007, 0.007, 0.007, 0.007, 0.007, 0.007, 0.007, 0.007, 0.007, 0.007, 0.007, 0.007, 0.007, 0.007, 0.007, 0.007, 0.007, 0.007, 0.007, 0.007, 0.007, 0.007, 0.007, 0.007]",0,2,591872,send_recv,2,2
73,0.007,0.007,0.007000000000000001,0.007,8.673617379884035e-19,"[0.007, 0.007, 0.007, 0.007, 0.007, 0.007, 0.007, 0.007, 0.007, 0.007, 0.007, 0.007, 0.007, 0.007, 0.007, 0.007, 0.007, 0.007, 0.007, 0.007, 0.007, 0.007, 0.007, 0.007, 0.007, 0.007, 0.007, 0.007, 0.007, 0.007, 0.007, 0.007, 0.007, 0.007, 0.007, 0.007, 0.007, 0.007, 0.007, 0.007, 0.007, 0.007, 0.007, 0.007, 0.007, 0.007, 0.007, 0.007, 0.007, 0.007, 0.007, 0.007, 0.007, 0.007, 0.007, 0.007, 0.007, 0.007, 0.007, 0.007]",0,2,600064,send_recv,2,2
74,0.007,0.007,0.007000000000000001,0.007,8.673617379884035e-19,"[0.007, 0.007, 0.007, 0.007, 0.007, 0.007, 0.007, 0.007, 0.007, 0.007, 0.007, 0.007, 0.007, 0.007, 0.007, 0.007, 0.007, 0.007, 0.007, 0.007, 0.007, 0.007, 0.007, 0.007, 0.007, 0.007, 0.007, 0.007, 0.007, 0.007, 0.007, 0.007, 0.007, 0.007, 0.007, 0.007, 0.007, 0.007, 0.007, 0.007, 0.007, 0.007, 0.007, 0.007, 0.007, 0.007, 0.007, 0.007, 0.007, 0.007, 0.007, 0.007, 0.007, 0.007, 0.007, 0.007, 0.007, 0.007, 0.007, 0.007]",0,2,608256,send_recv,2,2
75,0.007,0.007,0.007000000000000001,0.007,8.673617379884035e-19,"[0.007, 0.007, 0.007, 0.007, 0.007, 0.007, 0.007, 0.007, 0.007, 0.007, 0.007, 0.007, 0.007, 0.007, 0.007, 0.007, 0.007, 0.007, 0.007, 0.007, 0.007, 0.007, 0.007, 0.007, 0.007, 0.007, 0.007, 0.007, 0.007, 0.007, 0.007, 0.007, 0.007, 0.007, 0.007, 0.007, 0.007, 0.007, 0.007, 0.007, 0.007, 0.007, 0.007, 0.007, 0.007, 0.007, 0.007, 0.007, 0.007, 0.007, 0.007, 0.007, 0.007, 0.007, 0.007, 0.007, 0.007, 0.007, 0.007, 0.007]",0,2,616448,send_recv,2,2
76,0.007,0.007,0.007000000000000001,0.007,8.673617379884035e-19,"[0.007, 0.007, 0.007, 0.007, 0.007, 0.007, 0.007, 0.007, 0.007, 0.007, 0.007, 0.007, 0.007, 0.007, 0.007, 0.007, 0.007, 0.007, 0.007, 0.007, 0.007, 0.007, 0.007, 0.007, 0.007, 0.007, 0.007, 0.007, 0.007, 0.007, 0.007, 0.007, 0.007, 0.007, 0.007, 0.007, 0.007, 0.007, 0.007, 0.007, 0.007, 0.007, 0.007, 0.007, 0.007, 0.007, 0.007, 0.007, 0.007, 0.007, 0.007, 0.007, 0.007, 0.007, 0.007, 0.007, 0.007, 0.007, 0.007, 0.007]",0,2,624640,send_recv,2,2
77,0.007,0.007,0.007000000000000001,0.007,8.673617379884035e-19,"[0.007, 0.007, 0.007, 0.007, 0.007, 0.007, 0.007, 0.007, 0.007, 0.007, 0.007, 0.007, 0.007, 0.007, 0.007, 0.007, 0.007, 0.007, 0.007, 0.007, 0.007, 0.007, 0.007, 0.007, 0.007, 0.007, 0.007, 0.007, 0.007, 0.007, 0.007, 0.007, 0.007, 0.007, 0.007, 0.007, 0.007, 0.007, 0.007, 0.007, 0.007, 0.007, 0.007, 0.007, 0.007, 0.007, 0.007, 0.007, 0.007, 0.007, 0.007, 0.007, 0.007, 0.007, 0.007, 0.007, 0.007, 0.007, 0.007, 0.007]",0,2,632832,send_recv,2,2
78,0.007,0.007,0.007000000000000001,0.007,8.673617379884035e-19,"[0.007, 0.007, 0.007, 0.007, 0.007, 0.007, 0.007, 0.007, 0.007, 0.007, 0.007, 0.007, 0.007, 0.007, 0.007, 0.007, 0.007, 0.007, 0.007, 0.007, 0.007, 0.007, 0.007, 0.007, 0.007, 0.007, 0.007, 0.007, 0.007, 0.007, 0.007, 0.007, 0.007, 0.007, 0.007, 0.007, 0.007, 0.007, 0.007, 0.007, 0.007, 0.007, 0.007, 0.007, 0.007, 0.007, 0.007, 0.007, 0.007, 0.007, 0.007, 0.007, 0.007, 0.007, 0.007, 0.007, 0.007, 0.007, 0.007, 0.007]",0,2,641024,send_recv,2,2
79,0.007,0.007,0.007000000000000001,0.007,8.673617379884035e-19,"[0.007, 0.007, 0.007, 0.007, 0.007, 0.007, 0.007, 0.007, 0.007, 0.007, 0.007, 0.007, 0.007, 0.007, 0.007, 0.007, 0.007, 0.007, 0.007, 0.007, 0.007, 0.007, 0.007, 0.007, 0.007, 0.007, 0.007, 0.007, 0.007, 0.007, 0.007, 0.007, 0.007, 0.007, 0.007, 0.007, 0.007, 0.007, 0.007, 0.007, 0.007, 0.007, 0.007, 0.007, 0.007, 0.007, 0.007, 0.007, 0.007, 0.007, 0.007, 0.007, 0.007, 0.007, 0.007, 0.007, 0.007, 0.007, 0.007, 0.007]",0,2,649216,send_recv,2,2
80,0.007,0.007,0.007000000000000001,0.007,8.673617379884035e-19,"[0.007, 0.007, 0.007, 0.007, 0.007, 0.007, 0.007, 0.007, 0.007, 0.007, 0.007, 0.007, 0.007, 0.007, 0.007, 0.007, 0.007, 0.007, 0.007, 0.007, 0.007, 0.007, 0.007, 0.007, 0.007, 0.007, 0.007, 0.007, 0.007, 0.007, 0.007, 0.007, 0.007, 0.007, 0.007, 0.007, 0.007, 0.007, 0.007, 0.007, 0.007, 0.007, 0.007, 0.007, 0.007, 0.007, 0.007, 0.007, 0.007, 0.007, 0.007, 0.007, 0.007, 0.007, 0.007, 0.007, 0.007, 0.007, 0.007, 0.007]",0,2,657408,send_recv,2,2
81,0.007,0.007,0.007000000000000001,0.007,8.673617379884035e-19,"[0.007, 0.007, 0.007, 0.007, 0.007, 0.007, 0.007, 0.007, 0.007, 0.007, 0.007, 0.007, 0.007, 0.007, 0.007, 0.007, 0.007, 0.007, 0.007, 0.007, 0.007, 0.007, 0.007, 0.007, 0.007, 0.007, 0.007, 0.007, 0.007, 0.007, 0.007, 0.007, 0.007, 0.007, 0.007, 0.007, 0.007, 0.007, 0.007, 0.007, 0.007, 0.007, 0.007, 0.007, 0.007, 0.007, 0.007, 0.007, 0.007, 0.007, 0.007, 0.007, 0.007, 0.007, 0.007, 0.007, 0.007, 0.007, 0.007, 0.007]",0,2,665600,send_recv,2,2
82,0.007,0.007,0.007000000000000001,0.007,8.673617379884035e-19,"[0.007, 0.007, 0.007, 0.007, 0.007, 0.007, 0.007, 0.007, 0.007, 0.007, 0.007, 0.007, 0.007, 0.007, 0.007, 0.007, 0.007, 0.007, 0.007, 0.007, 0.007, 0.007, 0.007, 0.007, 0.007, 0.007, 0.007, 0.007, 0.007, 0.007, 0.007, 0.007, 0.007, 0.007, 0.007, 0.007, 0.007, 0.007, 0.007, 0.007, 0.007, 0.007, 0.007, 0.007, 0.007, 0.007, 0.007, 0.007, 0.007, 0.007, 0.007, 0.007, 0.007, 0.007, 0.007, 0.007, 0.007, 0.007, 0.007, 0.007]",0,2,673792,send_recv,2,2
83,0.007,0.008,0.007016666666666668,0.007,0.00012801909579781016,"[0.008, 0.007, 0.007, 0.007, 0.007, 0.007, 0.007, 0.007, 0.007, 0.007, 0.007, 0.007, 0.007, 0.007, 0.007, 0.007, 0.007, 0.007, 0.007, 0.007, 0.007, 0.007, 0.007, 0.007, 0.007, 0.007, 0.007, 0.007, 0.007, 0.007, 0.007, 0.007, 0.007, 0.007, 0.007, 0.007, 0.007, 0.007, 0.007, 0.007, 0.007, 0.007, 0.007, 0.007, 0.007, 0.007, 0.007, 0.007, 0.007, 0.007, 0.007, 0.007, 0.007, 0.007, 0.007, 0.007, 0.007, 0.007, 0.007, 0.007]",0,2,681984,send_recv,2,2
84,0.007,0.007,0.007000000000000001,0.007,8.673617379884035e-19,"[0.007, 0.007, 0.007, 0.007, 0.007, 0.007, 0.007, 0.007, 0.007, 0.007, 0.007, 0.007, 0.007, 0.007, 0.007, 0.007, 0.007, 0.007, 0.007, 0.007, 0.007, 0.007, 0.007, 0.007, 0.007, 0.007, 0.007, 0.007, 0.007, 0.007, 0.007, 0.007, 0.007, 0.007, 0.007, 0.007, 0.007, 0.007, 0.007, 0.007, 0.007, 0.007, 0.007, 0.007, 0.007, 0.007, 0.007, 0.007, 0.007, 0.007, 0.007, 0.007, 0.007, 0.007, 0.007, 0.007, 0.007, 0.007, 0.007, 0.007]",0,2,690176,send_recv,2,2
85,0.007,0.007,0.007000000000000001,0.007,8.673617379884035e-19,"[0.007, 0.007, 0.007, 0.007, 0.007, 0.007, 0.007, 0.007, 0.007, 0.007, 0.007, 0.007, 0.007, 0.007, 0.007, 0.007, 0.007, 0.007, 0.007, 0.007, 0.007, 0.007, 0.007, 0.007, 0.007, 0.007, 0.007, 0.007, 0.007, 0.007, 0.007, 0.007, 0.007, 0.007, 0.007, 0.007, 0.007, 0.007, 0.007, 0.007, 0.007, 0.007, 0.007, 0.007, 0.007, 0.007, 0.007, 0.007, 0.007, 0.007, 0.007, 0.007, 0.007, 0.007, 0.007, 0.007, 0.007, 0.007, 0.007, 0.007]",0,2,698368,send_recv,2,2
86,0.007,0.007,0.007000000000000001,0.007,8.673617379884035e-19,"[0.007, 0.007, 0.007, 0.007, 0.007, 0.007, 0.007, 0.007, 0.007, 0.007, 0.007, 0.007, 0.007, 0.007, 0.007, 0.007, 0.007, 0.007, 0.007, 0.007, 0.007, 0.007, 0.007, 0.007, 0.007, 0.007, 0.007, 0.007, 0.007, 0.007, 0.007, 0.007, 0.007, 0.007, 0.007, 0.007, 0.007, 0.007, 0.007, 0.007, 0.007, 0.007, 0.007, 0.007, 0.007, 0.007, 0.007, 0.007, 0.007, 0.007, 0.007, 0.007, 0.007, 0.007, 0.007, 0.007, 0.007, 0.007, 0.007, 0.007]",0,2,706560,send_recv,2,2
87,0.007,0.007,0.007000000000000001,0.007,8.673617379884035e-19,"[0.007, 0.007, 0.007, 0.007, 0.007, 0.007, 0.007, 0.007, 0.007, 0.007, 0.007, 0.007, 0.007, 0.007, 0.007, 0.007, 0.007, 0.007, 0.007, 0.007, 0.007, 0.007, 0.007, 0.007, 0.007, 0.007, 0.007, 0.007, 0.007, 0.007, 0.007, 0.007, 0.007, 0.007, 0.007, 0.007, 0.007, 0.007, 0.007, 0.007, 0.007, 0.007, 0.007, 0.007, 0.007, 0.007, 0.007, 0.007, 0.007, 0.007, 0.007, 0.007, 0.007, 0.007, 0.007, 0.007, 0.007, 0.007, 0.007, 0.007]",0,2,714752,send_recv,2,2
88,0.007,0.007,0.007000000000000001,0.007,8.673617379884035e-19,"[0.007, 0.007, 0.007, 0.007, 0.007, 0.007, 0.007, 0.007, 0.007, 0.007, 0.007, 0.007, 0.007, 0.007, 0.007, 0.007, 0.007, 0.007, 0.007, 0.007, 0.007, 0.007, 0.007, 0.007, 0.007, 0.007, 0.007, 0.007, 0.007, 0.007, 0.007, 0.007, 0.007, 0.007, 0.007, 0.007, 0.007, 0.007, 0.007, 0.007, 0.007, 0.007, 0.007, 0.007, 0.007, 0.007, 0.007, 0.007, 0.007, 0.007, 0.007, 0.007, 0.007, 0.007, 0.007, 0.007, 0.007, 0.007, 0.007, 0.007]",0,2,722944,send_recv,2,2
89,0.007,0.008,0.007016666666666668,0.007,0.00012801909579781016,"[0.008, 0.007, 0.007, 0.007, 0.007, 0.007, 0.007, 0.007, 0.007, 0.007, 0.007, 0.007, 0.007, 0.007, 0.007, 0.007, 0.007, 0.007, 0.007, 0.007, 0.007, 0.007, 0.007, 0.007, 0.007, 0.007, 0.007, 0.007, 0.007, 0.007, 0.007, 0.007, 0.007, 0.007, 0.007, 0.007, 0.007, 0.007, 0.007, 0.007, 0.007, 0.007, 0.007, 0.007, 0.007, 0.007, 0.007, 0.007, 0.007, 0.007, 0.007, 0.007, 0.007, 0.007, 0.007, 0.007, 0.007, 0.007, 0.007, 0.007]",0,2,731136,send_recv,2,2
90,0.007,0.007,0.007000000000000001,0.007,8.673617379884035e-19,"[0.007, 0.007, 0.007, 0.007, 0.007, 0.007, 0.007, 0.007, 0.007, 0.007, 0.007, 0.007, 0.007, 0.007, 0.007, 0.007, 0.007, 0.007, 0.007, 0.007, 0.007, 0.007, 0.007, 0.007, 0.007, 0.007, 0.007, 0.007, 0.007, 0.007, 0.007, 0.007, 0.007, 0.007, 0.007, 0.007, 0.007, 0.007, 0.007, 0.007, 0.007, 0.007, 0.007, 0.007, 0.007, 0.007, 0.007, 0.007, 0.007, 0.007, 0.007, 0.007, 0.007, 0.007, 0.007, 0.007, 0.007, 0.007, 0.007, 0.007]",0,2,739328,send_recv,2,2
91,0.007,0.007,0.007000000000000001,0.007,8.673617379884035e-19,"[0.007, 0.007, 0.007, 0.007, 0.007, 0.007, 0.007, 0.007, 0.007, 0.007, 0.007, 0.007, 0.007, 0.007, 0.007, 0.007, 0.007, 0.007, 0.007, 0.007, 0.007, 0.007, 0.007, 0.007, 0.007, 0.007, 0.007, 0.007, 0.007, 0.007, 0.007, 0.007, 0.007, 0.007, 0.007, 0.007, 0.007, 0.007, 0.007, 0.007, 0.007, 0.007, 0.007, 0.007, 0.007, 0.007, 0.007, 0.007, 0.007, 0.007, 0.007, 0.007, 0.007, 0.007, 0.007, 0.007, 0.007, 0.007, 0.007, 0.007]",0,2,747520,send_recv,2,2
92,0.007,0.007,0.007000000000000001,0.007,8.673617379884035e-19,"[0.007, 0.007, 0.007, 0.007, 0.007, 0.007, 0.007, 0.007, 0.007, 0.007, 0.007, 0.007, 0.007, 0.007, 0.007, 0.007, 0.007, 0.007, 0.007, 0.007, 0.007, 0.007, 0.007, 0.007, 0.007, 0.007, 0.007, 0.007, 0.007, 0.007, 0.007, 0.007, 0.007, 0.007, 0.007, 0.007, 0.007, 0.007, 0.007, 0.007, 0.007, 0.007, 0.007, 0.007, 0.007, 0.007, 0.007, 0.007, 0.007, 0.007, 0.007, 0.007, 0.007, 0.007, 0.007, 0.007, 0.007, 0.007, 0.007, 0.007]",0,2,755712,send_recv,2,2
93,0.007,0.007,0.007000000000000001,0.007,8.673617379884035e-19,"[0.007, 0.007, 0.007, 0.007, 0.007, 0.007, 0.007, 0.007, 0.007, 0.007, 0.007, 0.007, 0.007, 0.007, 0.007, 0.007, 0.007, 0.007, 0.007, 0.007, 0.007, 0.007, 0.007, 0.007, 0.007, 0.007, 0.007, 0.007, 0.007, 0.007, 0.007, 0.007, 0.007, 0.007, 0.007, 0.007, 0.007, 0.007, 0.007, 0.007, 0.007, 0.007, 0.007, 0.007, 0.007, 0.007, 0.007, 0.007, 0.007, 0.007, 0.007, 0.007, 0.007, 0.007, 0.007, 0.007, 0.007, 0.007, 0.007, 0.007]",0,2,763904,send_recv,2,2
94,0.007,0.007,0.007000000000000001,0.007,8.673617379884035e-19,"[0.007, 0.007, 0.007, 0.007, 0.007, 0.007, 0.007, 0.007, 0.007, 0.007, 0.007, 0.007, 0.007, 0.007, 0.007, 0.007, 0.007, 0.007, 0.007, 0.007, 0.007, 0.007, 0.007, 0.007, 0.007, 0.007, 0.007, 0.007, 0.007, 0.007, 0.007, 0.007, 0.007, 0.007, 0.007, 0.007, 0.007, 0.007, 0.007, 0.007, 0.007, 0.007, 0.007, 0.007, 0.007, 0.007, 0.007, 0.007, 0.007, 0.007, 0.007, 0.007, 0.007, 0.007, 0.007, 0.007, 0.007, 0.007, 0.007, 0.007]",0,2,772096,send_recv,2,2
95,0.007,0.007,0.007000000000000001,0.007,8.673617379884035e-19,"[0.007, 0.007, 0.007, 0.007, 0.007, 0.007, 0.007, 0.007, 0.007, 0.007, 0.007, 0.007, 0.007, 0.007, 0.007, 0.007, 0.007, 0.007, 0.007, 0.007, 0.007, 0.007, 0.007, 0.007, 0.007, 0.007, 0.007, 0.007, 0.007, 0.007, 0.007, 0.007, 0.007, 0.007, 0.007, 0.007, 0.007, 0.007, 0.007, 0.007, 0.007, 0.007, 0.007, 0.007, 0.007, 0.007, 0.007, 0.007, 0.007, 0.007, 0.007, 0.007, 0.007, 0.007, 0.007, 0.007, 0.007, 0.007, 0.007, 0.007]",0,2,780288,send_recv,2,2
96,0.007,0.007,0.007000000000000001,0.007,8.673617379884035e-19,"[0.007, 0.007, 0.007, 0.007, 0.007, 0.007, 0.007, 0.007, 0.007, 0.007, 0.007, 0.007, 0.007, 0.007, 0.007, 0.007, 0.007, 0.007, 0.007, 0.007, 0.007, 0.007, 0.007, 0.007, 0.007, 0.007, 0.007, 0.007, 0.007, 0.007, 0.007, 0.007, 0.007, 0.007, 0.007, 0.007, 0.007, 0.007, 0.007, 0.007, 0.007, 0.007, 0.007, 0.007, 0.007, 0.007, 0.007, 0.007, 0.007, 0.007, 0.007, 0.007, 0.007, 0.007, 0.007, 0.007, 0.007, 0.007, 0.007, 0.007]",0,2,788480,send_recv,2,2
97,0.007,0.007,0.007000000000000001,0.007,8.673617379884035e-19,"[0.007, 0.007, 0.007, 0.007, 0.007, 0.007, 0.007, 0.007, 0.007, 0.007, 0.007, 0.007, 0.007, 0.007, 0.007, 0.007, 0.007, 0.007, 0.007, 0.007, 0.007, 0.007, 0.007, 0.007, 0.007, 0.007, 0.007, 0.007, 0.007, 0.007, 0.007, 0.007, 0.007, 0.007, 0.007, 0.007, 0.007, 0.007, 0.007, 0.007, 0.007, 0.007, 0.007, 0.007, 0.007, 0.007, 0.007, 0.007, 0.007, 0.007, 0.007, 0.007, 0.007, 0.007, 0.007, 0.007, 0.007, 0.007, 0.007, 0.007]",0,2,796672,send_recv,2,2
98,0.007,0.008,0.007966666666666667,0.008,0.00017950549357115015,"[0.008, 0.008, 0.008, 0.008, 0.008, 0.008, 0.008, 0.008, 0.008, 0.008, 0.008, 0.008, 0.008, 0.008, 0.008, 0.007, 0.008, 0.008, 0.008, 0.008, 0.008, 0.008, 0.007, 0.008, 0.008, 0.008, 0.008, 0.008, 0.008, 0.008, 0.008, 0.008, 0.008, 0.008, 0.008, 0.008, 0.008, 0.008, 0.008, 0.008, 0.008, 0.008, 0.008, 0.008, 0.008, 0.008, 0.008, 0.008, 0.008, 0.008, 0.008, 0.008, 0.008, 0.008, 0.008, 0.008, 0.008, 0.008, 0.008, 0.008]",0,2,804864,send_recv,2,2
99,0.007,0.008,0.007083333333333334,0.007,0.0002763853991962833,"[0.008, 0.007, 0.007, 0.007, 0.007, 0.007, 0.007, 0.007, 0.007, 0.007, 0.007, 0.007, 0.008, 0.007, 0.007, 0.007, 0.007, 0.008, 0.007, 0.007, 0.007, 0.007, 0.007, 0.007, 0.007, 0.007, 0.007, 0.007, 0.007, 0.007, 0.008, 0.007, 0.007, 0.007, 0.007, 0.007, 0.007, 0.007, 0.007, 0.007, 0.007, 0.007, 0.007, 0.007, 0.008, 0.007, 0.007, 0.007, 0.007, 0.007, 0.007, 0.007, 0.007, 0.007, 0.007, 0.007, 0.007, 0.007, 0.007, 0.007]",0,2,813056,send_recv,2,2
100,0.007,0.008,0.007066666666666667,0.007,0.0002494438257849294,"[0.008, 0.007, 0.007, 0.007, 0.007, 0.007, 0.007, 0.007, 0.007, 0.007, 0.007, 0.007, 0.007, 0.007, 0.007, 0.007, 0.007, 0.007, 0.007, 0.008, 0.007, 0.007, 0.007, 0.007, 0.007, 0.007, 0.007, 0.007, 0.007, 0.007, 0.007, 0.008, 0.007, 0.008, 0.007, 0.007, 0.007, 0.007, 0.007, 0.007, 0.007, 0.007, 0.007, 0.007, 0.007, 0.007, 0.007, 0.007, 0.007, 0.007, 0.007, 0.007, 0.007, 0.007, 0.007, 0.007, 0.007, 0.007, 0.007, 0.007]",0,2,821248,send_recv,2,2
101,0.007,0.008,0.007216666666666667,0.007,0.0004119735698102759,"[0.007, 0.007, 0.008, 0.008, 0.007, 0.007, 0.007, 0.007, 0.008, 0.007, 0.007, 0.007, 0.007, 0.007, 0.007, 0.007, 0.008, 0.007, 0.008, 0.007, 0.007, 0.007, 0.007, 0.007, 0.007, 0.007, 0.008, 0.008, 0.007, 0.007, 0.007, 0.007, 0.007, 0.007, 0.007, 0.008, 0.007, 0.007, 0.007, 0.008, 0.007, 0.007, 0.008, 0.008, 0.007, 0.007, 0.007, 0.007, 0.007, 0.008, 0.007, 0.007, 0.007, 0.007, 0.007, 0.007, 0.007, 0.007, 0.008, 0.007]",0,2,829440,send_recv,2,2
102,0.007,0.008,0.007333333333333334,0.007,0.00047140452079103175,"[0.008, 0.007, 0.007, 0.007, 0.007, 0.007, 0.007, 0.008, 0.008, 0.007, 0.007, 0.007, 0.007, 0.008, 0.008, 0.008, 0.007, 0.007, 0.007, 0.007, 0.007, 0.007, 0.007, 0.008, 0.008, 0.008, 0.007, 0.007, 0.007, 0.007, 0.007, 0.008, 0.008, 0.007, 0.007, 0.007, 0.007, 0.008, 0.007, 0.008, 0.008, 0.007, 0.007, 0.007, 0.007, 0.008, 0.007, 0.008, 0.007, 0.007, 0.008, 0.007, 0.007, 0.008, 0.007, 0.008, 0.008, 0.007, 0.007, 0.007]",0,2,837632,send_recv,2,2
103,0.007,0.008,0.00795,0.008,0.0002179449471770337,"[0.007, 0.008, 0.008, 0.008, 0.008, 0.008, 0.008, 0.008, 0.008, 0.008, 0.008, 0.008, 0.008, 0.008, 0.008, 0.008, 0.008, 0.008, 0.008, 0.008, 0.008, 0.008, 0.008, 0.008, 0.008, 0.008, 0.008, 0.008, 0.008, 0.008, 0.008, 0.008, 0.008, 0.008, 0.008, 0.008, 0.008, 0.008, 0.008, 0.008, 0.007, 0.008, 0.008, 0.008, 0.008, 0.008, 0.008, 0.008, 0.007, 0.008, 0.008, 0.008, 0.008, 0.008, 0.008, 0.008, 0.008, 0.008, 0.008, 0.008]",0,2,845824,send_recv,2,2
104,0.007,0.008,0.007033333333333334,0.007,0.00017950549357115015,"[0.007, 0.007, 0.007, 0.007, 0.007, 0.007, 0.007, 0.008, 0.007, 0.007, 0.007, 0.007, 0.007, 0.007, 0.007, 0.007, 0.007, 0.007, 0.007, 0.007, 0.007, 0.007, 0.007, 0.007, 0.007, 0.007, 0.007, 0.007, 0.007, 0.007, 0.007, 0.007, 0.007, 0.007, 0.007, 0.008, 0.007, 0.007, 0.007, 0.007, 0.007, 0.007, 0.007, 0.007, 0.007, 0.007, 0.007, 0.007, 0.007, 0.007, 0.007, 0.007, 0.007, 0.007, 0.007, 0.007, 0.007, 0.007, 0.007, 0.007]",0,2,854016,send_recv,2,2
105,0.007,0.008,0.007066666666666667,0.007,0.0002494438257849294,"[0.007, 0.007, 0.007, 0.007, 0.007, 0.007, 0.007, 0.007, 0.007, 0.007, 0.007, 0.007, 0.007, 0.007, 0.007, 0.007, 0.007, 0.007, 0.007, 0.007, 0.007, 0.007, 0.007, 0.007, 0.007, 0.007, 0.007, 0.007, 0.007, 0.007, 0.007, 0.007, 0.007, 0.007, 0.007, 0.008, 0.007, 0.007, 0.007, 0.007, 0.007, 0.007, 0.007, 0.007, 0.007, 0.007, 0.007, 0.007, 0.007, 0.007, 0.007, 0.008, 0.008, 0.007, 0.007, 0.007, 0.007, 0.007, 0.007, 0.008]",0,2,862208,send_recv,2,2
106,0.008,0.008,0.008,0.008,0.0,"[0.008, 0.008, 0.008, 0.008, 0.008, 0.008, 0.008, 0.008, 0.008, 0.008, 0.008, 0.008, 0.008, 0.008, 0.008, 0.008, 0.008, 0.008, 0.008, 0.008, 0.008, 0.008, 0.008, 0.008, 0.008, 0.008, 0.008, 0.008, 0.008, 0.008, 0.008, 0.008, 0.008, 0.008, 0.008, 0.008, 0.008, 0.008, 0.008, 0.008, 0.008, 0.008, 0.008, 0.008, 0.008, 0.008, 0.008, 0.008, 0.008, 0.008, 0.008, 0.008, 0.008, 0.008, 0.008, 0.008, 0.008, 0.008, 0.008, 0.008]",0,2,870400,send_recv,2,2
107,0.007,0.008,0.007066666666666667,0.007,0.0002494438257849294,"[0.007, 0.007, 0.007, 0.007, 0.007, 0.007, 0.007, 0.007, 0.008, 0.007, 0.008, 0.007, 0.007, 0.007, 0.007, 0.007, 0.007, 0.007, 0.007, 0.007, 0.007, 0.007, 0.007, 0.007, 0.007, 0.007, 0.007, 0.007, 0.007, 0.007, 0.007, 0.007, 0.007, 0.008, 0.007, 0.007, 0.007, 0.007, 0.007, 0.007, 0.008, 0.007, 0.007, 0.007, 0.007, 0.007, 0.007, 0.007, 0.007, 0.007, 0.007, 0.007, 0.007, 0.007, 0.007, 0.007, 0.007, 0.007, 0.007, 0.007]",0,2,878592,send_recv,2,2
108,0.007,0.008,0.007266666666666668,0.007,0.0004422166387140533,"[0.008, 0.007, 0.007, 0.007, 0.008, 0.008, 0.008, 0.007, 0.007, 0.007, 0.007, 0.007, 0.007, 0.008, 0.008, 0.008, 0.007, 0.007, 0.007, 0.007, 0.007, 0.008, 0.007, 0.008, 0.007, 0.007, 0.007, 0.007, 0.007, 0.008, 0.008, 0.007, 0.007, 0.007, 0.007, 0.007, 0.007, 0.007, 0.008, 0.007, 0.007, 0.007, 0.007, 0.007, 0.007, 0.008, 0.007, 0.007, 0.007, 0.007, 0.007, 0.007, 0.007, 0.008, 0.007, 0.008, 0.007, 0.007, 0.007, 0.008]",0,2,886784,send_recv,2,2
109,0.007,0.008,0.007566666666666668,0.008,0.0004955356249106169,"[0.008, 0.008, 0.008, 0.008, 0.007, 0.007, 0.008, 0.008, 0.007, 0.008, 0.008, 0.008, 0.007, 0.007, 0.007, 0.007, 0.008, 0.008, 0.008, 0.008, 0.007, 0.007, 0.007, 0.007, 0.007, 0.007, 0.008, 0.007, 0.007, 0.007, 0.007, 0.008, 0.008, 0.008, 0.008, 0.008, 0.008, 0.008, 0.007, 0.008, 0.008, 0.008, 0.008, 0.007, 0.008, 0.007, 0.007, 0.008, 0.007, 0.008, 0.008, 0.008, 0.008, 0.007, 0.007, 0.008, 0.007, 0.007, 0.008, 0.008]",0,2,894976,send_recv,2,2
110,0.007,0.008,0.007566666666666668,0.008,0.0004955356249106168,"[0.008, 0.007, 0.007, 0.007, 0.007, 0.007, 0.007, 0.008, 0.008, 0.008, 0.008, 0.007, 0.007, 0.007, 0.008, 0.008, 0.008, 0.008, 0.007, 0.007, 0.007, 0.008, 0.008, 0.008, 0.008, 0.008, 0.008, 0.007, 0.008, 0.007, 0.008, 0.008, 0.008, 0.007, 0.007, 0.007, 0.008, 0.007, 0.007, 0.008, 0.008, 0.008, 0.008, 0.007, 0.008, 0.008, 0.008, 0.008, 0.008, 0.007, 0.008, 0.007, 0.008, 0.007, 0.008, 0.008, 0.008, 0.007, 0.007, 0.007]",0,2,903168,send_recv,2,2
111,0.008,0.008,0.008,0.008,0.0,"[0.008, 0.008, 0.008, 0.008, 0.008, 0.008, 0.008, 0.008, 0.008, 0.008, 0.008, 0.008, 0.008, 0.008, 0.008, 0.008, 0.008, 0.008, 0.008, 0.008, 0.008, 0.008, 0.008, 0.008, 0.008, 0.008, 0.008, 0.008, 0.008, 0.008, 0.008, 0.008, 0.008, 0.008, 0.008, 0.008, 0.008, 0.008, 0.008, 0.008, 0.008, 0.008, 0.008, 0.008, 0.008, 0.008, 0.008, 0.008, 0.008, 0.008, 0.008, 0.008, 0.008, 0.008, 0.008, 0.008, 0.008, 0.008, 0.008, 0.008]",0,2,911360,send_recv,2,2
112,0.007,0.008,0.007283333333333334,0.007,0.0004506168611531925,"[0.007, 0.007, 0.008, 0.008, 0.007, 0.007, 0.007, 0.007, 0.007, 0.008, 0.007, 0.008, 0.007, 0.007, 0.007, 0.007, 0.007, 0.007, 0.007, 0.008, 0.007, 0.007, 0.008, 0.007, 0.007, 0.008, 0.008, 0.008, 0.007, 0.007, 0.007, 0.007, 0.007, 0.008, 0.007, 0.007, 0.007, 0.007, 0.008, 0.007, 0.007, 0.007, 0.007, 0.008, 0.008, 0.007, 0.007, 0.007, 0.007, 0.007, 0.008, 0.008, 0.008, 0.007, 0.007, 0.007, 0.007, 0.008, 0.007, 0.007]",0,2,919552,send_recv,2,2
113,0.007,0.009000000000000001,0.007300000000000001,0.007,0.0004932882862316248,"[0.009000000000000001, 0.007, 0.007, 0.007, 0.008, 0.007, 0.007, 0.008, 0.007, 0.007, 0.008, 0.008, 0.007, 0.007, 0.007, 0.007, 0.008, 0.007, 0.007, 0.008, 0.007, 0.007, 0.007, 0.008, 0.007, 0.007, 0.007, 0.008, 0.007, 0.008, 0.008, 0.007, 0.007, 0.007, 0.007, 0.008, 0.008, 0.007, 0.007, 0.007, 0.008, 0.007, 0.007, 0.008, 0.007, 0.007, 0.007, 0.007, 0.008, 0.007, 0.007, 0.007, 0.007, 0.007, 0.007, 0.007, 0.007, 0.008, 0.007, 0.007]",0,2,927744,send_recv,2,2
114,0.008,0.008,0.008,0.008,0.0,"[0.008, 0.008, 0.008, 0.008, 0.008, 0.008, 0.008, 0.008, 0.008, 0.008, 0.008, 0.008, 0.008, 0.008, 0.008, 0.008, 0.008, 0.008, 0.008, 0.008, 0.008, 0.008, 0.008, 0.008, 0.008, 0.008, 0.008, 0.008, 0.008, 0.008, 0.008, 0.008, 0.008, 0.008, 0.008, 0.008, 0.008, 0.008, 0.008, 0.008, 0.008, 0.008, 0.008, 0.008, 0.008, 0.008, 0.008, 0.008, 0.008, 0.008, 0.008, 0.008, 0.008, 0.008, 0.008, 0.008, 0.008, 0.008, 0.008, 0.008]",0,2,935936,send_recv,2,2
115,0.007,0.008,0.007366666666666668,0.007,0.0004818944098266987,"[0.007, 0.007, 0.007, 0.007, 0.007, 0.007, 0.008, 0.008, 0.007, 0.007, 0.007, 0.007, 0.007, 0.007, 0.008, 0.007, 0.008, 0.007, 0.007, 0.007, 0.007, 0.008, 0.008, 0.007, 0.007, 0.008, 0.008, 0.007, 0.008, 0.007, 0.008, 0.007, 0.007, 0.008, 0.007, 0.008, 0.008, 0.008, 0.007, 0.008, 0.007, 0.007, 0.008, 0.007, 0.007, 0.008, 0.007, 0.007, 0.007, 0.007, 0.008, 0.007, 0.007, 0.008, 0.008, 0.007, 0.008, 0.008, 0.007, 0.007]",0,2,944128,send_recv,2,2
116,0.007,0.009000000000000001,0.0074666666666666675,0.007,0.0005312459150169743,"[0.009000000000000001, 0.007, 0.007, 0.008, 0.007, 0.008, 0.008, 0.007, 0.007, 0.007, 0.007, 0.007, 0.008, 0.008, 0.008, 0.007, 0.008, 0.007, 0.007, 0.007, 0.007, 0.007, 0.008, 0.008, 0.007, 0.007, 0.008, 0.008, 0.008, 0.007, 0.007, 0.008, 0.007, 0.007, 0.008, 0.008, 0.007, 0.008, 0.008, 0.007, 0.008, 0.007, 0.008, 0.007, 0.007, 0.008, 0.008, 0.007, 0.007, 0.007, 0.007, 0.008, 0.007, 0.008, 0.008, 0.008, 0.007, 0.007, 0.007, 0.008]",0,2,952320,send_recv,2,2
117,0.007,0.008,0.007733333333333333,0.008,0.00044221663871405327,"[0.008, 0.007, 0.008, 0.008, 0.008, 0.008, 0.008, 0.008, 0.008, 0.008, 0.008, 0.008, 0.008, 0.007, 0.008, 0.008, 0.008, 0.007, 0.007, 0.008, 0.008, 0.007, 0.007, 0.007, 0.008, 0.008, 0.008, 0.008, 0.008, 0.007, 0.008, 0.007, 0.008, 0.007, 0.008, 0.008, 0.008, 0.007, 0.007, 0.008, 0.008, 0.007, 0.008, 0.008, 0.007, 0.007, 0.007, 0.008, 0.008, 0.008, 0.008, 0.008, 0.008, 0.008, 0.008, 0.008, 0.008, 0.008, 0.008, 0.008]",0,2,960512,send_recv,2,2
118,0.007,0.008,0.007750000000000001,0.008,0.0004330127018922193,"[0.008, 0.008, 0.007, 0.008, 0.008, 0.008, 0.007, 0.008, 0.008, 0.007, 0.007, 0.008, 0.008, 0.008, 0.008, 0.008, 0.008, 0.008, 0.008, 0.007, 0.008, 0.008, 0.007, 0.008, 0.008, 0.007, 0.008, 0.008, 0.007, 0.008, 0.008, 0.008, 0.008, 0.008, 0.007, 0.008, 0.008, 0.008, 0.008, 0.008, 0.008, 0.008, 0.008, 0.008, 0.008, 0.008, 0.008, 0.008, 0.008, 0.008, 0.007, 0.008, 0.007, 0.008, 0.007, 0.008, 0.008, 0.007, 0.007, 0.007]",0,2,968704,send_recv,2,2
119,0.008,0.008,0.008,0.008,0.0,"[0.008, 0.008, 0.008, 0.008, 0.008, 0.008, 0.008, 0.008, 0.008, 0.008, 0.008, 0.008, 0.008, 0.008, 0.008, 0.008, 0.008, 0.008, 0.008, 0.008, 0.008, 0.008, 0.008, 0.008, 0.008, 0.008, 0.008, 0.008, 0.008, 0.008, 0.008, 0.008, 0.008, 0.008, 0.008, 0.008, 0.008, 0.008, 0.008, 0.008, 0.008, 0.008, 0.008, 0.008, 0.008, 0.008, 0.008, 0.008, 0.008, 0.008, 0.008, 0.008, 0.008, 0.008, 0.008, 0.008, 0.008, 0.008, 0.008, 0.008]",0,2,976896,send_recv,2,2
120,0.007,0.008,0.007266666666666668,0.007,0.0004422166387140534,"[0.008, 0.007, 0.007, 0.007, 0.007, 0.007, 0.007, 0.007, 0.007, 0.007, 0.007, 0.007, 0.008, 0.007, 0.007, 0.008, 0.007, 0.007, 0.008, 0.007, 0.008, 0.008, 0.007, 0.008, 0.008, 0.007, 0.007, 0.007, 0.007, 0.007, 0.007, 0.007, 0.007, 0.007, 0.007, 0.007, 0.008, 0.007, 0.008, 0.008, 0.008, 0.007, 0.007, 0.007, 0.008, 0.007, 0.008, 0.007, 0.007, 0.007, 0.007, 0.007, 0.007, 0.008, 0.007, 0.008, 0.007, 0.007, 0.007, 0.007]",0,2,985088,send_recv,2,2
121,0.007,0.008,0.0071666666666666675,0.007,0.00037267799624996503,"[0.008, 0.007, 0.007, 0.007, 0.007, 0.007, 0.007, 0.007, 0.007, 0.007, 0.008, 0.007, 0.007, 0.007, 0.007, 0.007, 0.007, 0.007, 0.007, 0.007, 0.007, 0.007, 0.007, 0.007, 0.007, 0.007, 0.007, 0.007, 0.008, 0.007, 0.007, 0.007, 0.007, 0.008, 0.007, 0.007, 0.007, 0.007, 0.007, 0.007, 0.007, 0.007, 0.008, 0.007, 0.007, 0.008, 0.007, 0.007, 0.008, 0.007, 0.008, 0.007, 0.008, 0.008, 0.007, 0.007, 0.007, 0.007, 0.007, 0.007]",0,2,993280,send_recv,2,2
122,0.007,0.008,0.007783333333333334,0.008,0.00041197356981027583,"[0.008, 0.008, 0.007, 0.008, 0.008, 0.008, 0.007, 0.008, 0.008, 0.008, 0.007, 0.007, 0.008, 0.008, 0.007, 0.008, 0.008, 0.008, 0.008, 0.007, 0.008, 0.008, 0.008, 0.008, 0.008, 0.008, 0.007, 0.008, 0.008, 0.008, 0.008, 0.007, 0.008, 0.008, 0.007, 0.007, 0.008, 0.008, 0.007, 0.008, 0.008, 0.007, 0.008, 0.008, 0.008, 0.008, 0.008, 0.008, 0.008, 0.008, 0.008, 0.008, 0.008, 0.008, 0.008, 0.008, 0.008, 0.008, 0.007, 0.008]",0,2,1001472,send_recv,2,2
123,0.008,0.008,0.008,0.008,0.0,"[0.008, 0.008, 0.008, 0.008, 0.008, 0.008, 0.008, 0.008, 0.008, 0.008, 0.008, 0.008, 0.008, 0.008, 0.008, 0.008, 0.008, 0.008, 0.008, 0.008, 0.008, 0.008, 0.008, 0.008, 0.008, 0.008, 0.008, 0.008, 0.008, 0.008, 0.008, 0.008, 0.008, 0.008, 0.008, 0.008, 0.008, 0.008, 0.008, 0.008, 0.008, 0.008, 0.008, 0.008, 0.008, 0.008, 0.008, 0.008, 0.008, 0.008, 0.008, 0.008, 0.008, 0.008, 0.008, 0.008, 0.008, 0.008, 0.008, 0.008]",0,2,1009664,send_recv,2,2
124,0.007,0.008,0.007966666666666667,0.008,0.00017950549357115015,"[0.008, 0.008, 0.008, 0.008, 0.008, 0.008, 0.008, 0.008, 0.008, 0.008, 0.008, 0.008, 0.008, 0.008, 0.008, 0.008, 0.008, 0.008, 0.008, 0.008, 0.008, 0.008, 0.008, 0.008, 0.008, 0.008, 0.008, 0.008, 0.008, 0.008, 0.008, 0.008, 0.008, 0.008, 0.007, 0.008, 0.008, 0.008, 0.008, 0.008, 0.008, 0.008, 0.008, 0.008, 0.008, 0.008, 0.008, 0.008, 0.008, 0.008, 0.008, 0.008, 0.008, 0.008, 0.008, 0.008, 0.008, 0.008, 0.007, 0.008]",0,2,1017856,send_recv,2,2
125,0.007,0.009000000000000001,0.007983333333333334,0.008,0.00022298480267099428,"[0.009000000000000001, 0.008, 0.007, 0.008, 0.008, 0.008, 0.008, 0.008, 0.008, 0.008, 0.008, 0.008, 0.008, 0.008, 0.008, 0.008, 0.008, 0.008, 0.008, 0.008, 0.008, 0.008, 0.008, 0.008, 0.008, 0.008, 0.008, 0.008, 0.008, 0.008, 0.008, 0.008, 0.008, 0.008, 0.008, 0.008, 0.008, 0.008, 0.008, 0.008, 0.008, 0.008, 0.007, 0.008, 0.008, 0.008, 0.008, 0.008, 0.008, 0.008, 0.008, 0.008, 0.008, 0.008, 0.008, 0.008, 0.008, 0.008, 0.008, 0.008]",0,2,1026048,send_recv,2,2
126,0.007,0.008,0.007933333333333334,0.008,0.00024944382578492944,"[0.008, 0.008, 0.008, 0.008, 0.008, 0.008, 0.008, 0.008, 0.008, 0.008, 0.008, 0.008, 0.008, 0.008, 0.008, 0.007, 0.008, 0.008, 0.008, 0.008, 0.008, 0.008, 0.008, 0.008, 0.008, 0.008, 0.008, 0.008, 0.008, 0.008, 0.008, 0.008, 0.008, 0.008, 0.008, 0.008, 0.008, 0.008, 0.008, 0.007, 0.008, 0.008, 0.008, 0.008, 0.008, 0.008, 0.008, 0.007, 0.008, 0.008, 0.008, 0.008, 0.008, 0.008, 0.008, 0.008, 0.008, 0.008, 0.007, 0.008]",0,2,1034240,send_recv,2,2
127,0.007,0.008,0.007933333333333334,0.008,0.0002494438257849294,"[0.008, 0.008, 0.008, 0.008, 0.007, 0.008, 0.008, 0.008, 0.008, 0.008, 0.008, 0.008, 0.007, 0.008, 0.008, 0.008, 0.008, 0.008, 0.008, 0.008, 0.008, 0.008, 0.008, 0.008, 0.008, 0.008, 0.008, 0.008, 0.008, 0.008, 0.008, 0.008, 0.008, 0.008, 0.008, 0.008, 0.008, 0.008, 0.008, 0.008, 0.008, 0.008, 0.008, 0.008, 0.008, 0.008, 0.008, 0.007, 0.008, 0.008, 0.008, 0.008, 0.007, 0.008, 0.008, 0.008, 0.008, 0.008, 0.008, 0.008]",0,2,1042432,send_recv,2,2
128,0.008,0.008,0.008,0.008,0.0,"[0.008, 0.008, 0.008, 0.008, 0.008, 0.008, 0.008, 0.008, 0.008, 0.008, 0.008, 0.008, 0.008, 0.008, 0.008, 0.008, 0.008, 0.008, 0.008, 0.008, 0.008, 0.008, 0.008, 0.008, 0.008, 0.008, 0.008, 0.008, 0.008, 0.008, 0.008, 0.008, 0.008, 0.008, 0.008, 0.008, 0.008, 0.008, 0.008, 0.008, 0.008, 0.008, 0.008, 0.008, 0.008, 0.008, 0.008, 0.008, 0.008, 0.008, 0.008, 0.008, 0.008, 0.008, 0.008, 0.008, 0.008, 0.008, 0.008, 0.008]",0,2,1048576,send_recv,2,2
129,0.009000000000000001,0.009000000000000001,0.009000000000000001,0.009000000000000001,0.0,"[0.009000000000000001, 0.009000000000000001, 0.009000000000000001, 0.009000000000000001, 0.009000000000000001, 0.009000000000000001, 0.009000000000000001, 0.009000000000000001, 0.009000000000000001, 0.009000000000000001, 0.009000000000000001, 0.009000000000000001, 0.009000000000000001, 0.009000000000000001, 0.009000000000000001, 0.009000000000000001, 0.009000000000000001, 0.009000000000000001, 0.009000000000000001, 0.009000000000000001, 0.009000000000000001, 0.009000000000000001, 0.009000000000000001, 0.009000000000000001, 0.009000000000000001, 0.009000000000000001, 0.009000000000000001, 0.009000000000000001, 0.009000000000000001, 0.009000000000000001, 0.009000000000000001, 0.009000000000000001, 0.009000000000000001, 0.009000000000000001, 0.009000000000000001, 0.009000000000000001, 0.009000000000000001, 0.009000000000000001, 0.009000000000000001, 0.009000000000000001, 0.009000000000000001, 0.009000000000000001, 0.009000000000000001, 0.009000000000000001, 0.009000000000000001, 0.009000000000000001, 0.009000000000000001, 0.009000000000000001, 0.009000000000000001, 0.009000000000000001, 0.009000000000000001, 0.009000000000000001, 0.009000000000000001, 0.009000000000000001, 0.009000000000000001, 0.009000000000000001, 0.009000000000000001, 0.009000000000000001, 0.009000000000000001, 0.009000000000000001]",0,2,1081344,send_recv,2,2
130,0.009000000000000001,0.009000000000000001,0.009000000000000001,0.009000000000000001,0.0,"[0.009000000000000001, 0.009000000000000001, 0.009000000000000001, 0.009000000000000001, 0.009000000000000001, 0.009000000000000001, 0.009000000000000001, 0.009000000000000001, 0.009000000000000001, 0.009000000000000001, 0.009000000000000001, 0.009000000000000001, 0.009000000000000001, 0.009000000000000001, 0.009000000000000001, 0.009000000000000001, 0.009000000000000001, 0.009000000000000001, 0.009000000000000001, 0.009000000000000001, 0.009000000000000001, 0.009000000000000001, 0.009000000000000001, 0.009000000000000001, 0.009000000000000001, 0.009000000000000001, 0.009000000000000001, 0.009000000000000001, 0.009000000000000001, 0.009000000000000001, 0.009000000000000001, 0.009000000000000001, 0.009000000000000001, 0.009000000000000001, 0.009000000000000001, 0.009000000000000001, 0.009000000000000001, 0.009000000000000001, 0.009000000000000001, 0.009000000000000001, 0.009000000000000001, 0.009000000000000001, 0.009000000000000001, 0.009000000000000001, 0.009000000000000001, 0.009000000000000001, 0.009000000000000001, 0.009000000000000001, 0.009000000000000001, 0.009000000000000001, 0.009000000000000001, 0.009000000000000001, 0.009000000000000001, 0.009000000000000001, 0.009000000000000001, 0.009000000000000001, 0.009000000000000001, 0.009000000000000001, 0.009000000000000001, 0.009000000000000001]",0,2,1114112,send_recv,2,2
131,0.009000000000000001,0.009000000000000001,0.009000000000000001,0.009000000000000001,0.0,"[0.009000000000000001, 0.009000000000000001, 0.009000000000000001, 0.009000000000000001, 0.009000000000000001, 0.009000000000000001, 0.009000000000000001, 0.009000000000000001, 0.009000000000000001, 0.009000000000000001, 0.009000000000000001, 0.009000000000000001, 0.009000000000000001, 0.009000000000000001, 0.009000000000000001, 0.009000000000000001, 0.009000000000000001, 0.009000000000000001, 0.009000000000000001, 0.009000000000000001, 0.009000000000000001, 0.009000000000000001, 0.009000000000000001, 0.009000000000000001, 0.009000000000000001, 0.009000000000000001, 0.009000000000000001, 0.009000000000000001, 0.009000000000000001, 0.009000000000000001, 0.009000000000000001, 0.009000000000000001, 0.009000000000000001, 0.009000000000000001, 0.009000000000000001, 0.009000000000000001, 0.009000000000000001, 0.009000000000000001, 0.009000000000000001, 0.009000000000000001, 0.009000000000000001, 0.009000000000000001, 0.009000000000000001, 0.009000000000000001, 0.009000000000000001, 0.009000000000000001, 0.009000000000000001, 0.009000000000000001, 0.009000000000000001, 0.009000000000000001, 0.009000000000000001, 0.009000000000000001, 0.009000000000000001, 0.009000000000000001, 0.009000000000000001, 0.009000000000000001, 0.009000000000000001, 0.009000000000000001, 0.009000000000000001, 0.009000000000000001]",0,2,1146880,send_recv,2,2
132,0.008,0.01,0.008916666666666666,0.009000000000000001,0.0003312434485725301,"[0.01, 0.008, 0.009000000000000001, 0.009000000000000001, 0.009000000000000001, 0.009000000000000001, 0.009000000000000001, 0.009000000000000001, 0.009000000000000001, 0.008, 0.009000000000000001, 0.009000000000000001, 0.009000000000000001, 0.009000000000000001, 0.009000000000000001, 0.009000000000000001, 0.009000000000000001, 0.009000000000000001, 0.009000000000000001, 0.009000000000000001, 0.009000000000000001, 0.009000000000000001, 0.009000000000000001, 0.009000000000000001, 0.009000000000000001, 0.008, 0.009000000000000001, 0.009000000000000001, 0.009000000000000001, 0.008, 0.009000000000000001, 0.009000000000000001, 0.009000000000000001, 0.009000000000000001, 0.009000000000000001, 0.009000000000000001, 0.009000000000000001, 0.009000000000000001, 0.009000000000000001, 0.009000000000000001, 0.009000000000000001, 0.009000000000000001, 0.009000000000000001, 0.009000000000000001, 0.009000000000000001, 0.008, 0.009000000000000001, 0.009000000000000001, 0.009000000000000001, 0.009000000000000001, 0.009000000000000001, 0.009000000000000001, 0.009000000000000001, 0.008, 0.009000000000000001, 0.009000000000000001, 0.009000000000000001, 0.009000000000000001, 0.009000000000000001, 0.009000000000000001]",0,2,1179648,send_recv,2,2
133,0.008,0.009000000000000001,0.008950000000000001,0.009000000000000001,0.00021794494717703388,"[0.009000000000000001, 0.009000000000000001, 0.008, 0.009000000000000001, 0.009000000000000001, 0.009000000000000001, 0.009000000000000001, 0.009000000000000001, 0.009000000000000001, 0.009000000000000001, 0.009000000000000001, 0.009000000000000001, 0.009000000000000001, 0.009000000000000001, 0.009000000000000001, 0.009000000000000001, 0.009000000000000001, 0.009000000000000001, 0.008, 0.009000000000000001, 0.009000000000000001, 0.009000000000000001, 0.009000000000000001, 0.009000000000000001, 0.009000000000000001, 0.009000000000000001, 0.009000000000000001, 0.009000000000000001, 0.009000000000000001, 0.009000000000000001, 0.009000000000000001, 0.009000000000000001, 0.009000000000000001, 0.009000000000000001, 0.009000000000000001, 0.009000000000000001, 0.009000000000000001, 0.009000000000000001, 0.009000000000000001, 0.009000000000000001, 0.009000000000000001, 0.009000000000000001, 0.009000000000000001, 0.009000000000000001, 0.009000000000000001, 0.009000000000000001, 0.009000000000000001, 0.009000000000000001, 0.009000000000000001, 0.009000000000000001, 0.009000000000000001, 0.009000000000000001, 0.009000000000000001, 0.009000000000000001, 0.008, 0.009000000000000001, 0.009000000000000001, 0.009000000000000001, 0.009000000000000001, 0.009000000000000001]",0,2,1212416,send_recv,2,2
134,0.008,0.009000000000000001,0.008716666666666668,0.009000000000000001,0.0004506168611531928,"[0.009000000000000001, 0.009000000000000001, 0.009000000000000001, 0.008, 0.009000000000000001, 0.008, 0.009000000000000001, 0.009000000000000001, 0.009000000000000001, 0.009000000000000001, 0.009000000000000001, 0.008, 0.009000000000000001, 0.009000000000000001, 0.009000000000000001, 0.009000000000000001, 0.009000000000000001, 0.009000000000000001, 0.009000000000000001, 0.009000000000000001, 0.008, 0.009000000000000001, 0.008, 0.009000000000000001, 0.009000000000000001, 0.009000000000000001, 0.009000000000000001, 0.009000000000000001, 0.008, 0.009000000000000001, 0.008, 0.009000000000000001, 0.008, 0.009000000000000001, 0.009000000000000001, 0.009000000000000001, 0.009000000000000001, 0.009000000000000001, 0.008, 0.008, 0.008, 0.009000000000000001, 0.008, 0.008, 0.009000000000000001, 0.009000000000000001, 0.008, 0.009000000000000001, 0.009000000000000001, 0.009000000000000001, 0.009000000000000001, 0.009000000000000001, 0.009000000000000001, 0.009000000000000001, 0.008, 0.008, 0.009000000000000001, 0.009000000000000001, 0.008, 0.009000000000000001]",0,2,1245184,send_recv,2,2
135,0.008,0.009000000000000001,0.008733333333333334,0.009000000000000001,0.00044221663871405365,"[0.009000000000000001, 0.009000000000000001, 0.009000000000000001, 0.008, 0.008, 0.009000000000000001, 0.009000000000000001, 0.009000000000000001, 0.009000000000000001, 0.009000000000000001, 0.009000000000000001, 0.008, 0.009000000000000001, 0.009000000000000001, 0.008, 0.009000000000000001, 0.009000000000000001, 0.009000000000000001, 0.008, 0.008, 0.009000000000000001, 0.008, 0.009000000000000001, 0.009000000000000001, 0.009000000000000001, 0.009000000000000001, 0.008, 0.009000000000000001, 0.009000000000000001, 0.009000000000000001, 0.009000000000000001, 0.008, 0.009000000000000001, 0.009000000000000001, 0.008, 0.009000000000000001, 0.009000000000000001, 0.009000000000000001, 0.009000000000000001, 0.009000000000000001, 0.009000000000000001, 0.009000000000000001, 0.008, 0.008, 0.009000000000000001, 0.009000000000000001, 0.009000000000000001, 0.009000000000000001, 0.009000000000000001, 0.009000000000000001, 0.008, 0.009000000000000001, 0.009000000000000001, 0.009000000000000001, 0.008, 0.009000000000000001, 0.008, 0.009000000000000001, 0.008, 0.009000000000000001]",0,2,1277952,send_recv,2,2
136,0.008,0.009000000000000001,0.008933333333333333,0.009000000000000001,0.00024944382578492966,"[0.009000000000000001, 0.009000000000000001, 0.009000000000000001, 0.009000000000000001, 0.009000000000000001, 0.009000000000000001, 0.009000000000000001, 0.009000000000000001, 0.009000000000000001, 0.009000000000000001, 0.009000000000000001, 0.009000000000000001, 0.009000000000000001, 0.009000000000000001, 0.009000000000000001, 0.009000000000000001, 0.008, 0.009000000000000001, 0.009000000000000001, 0.009000000000000001, 0.009000000000000001, 0.009000000000000001, 0.009000000000000001, 0.009000000000000001, 0.009000000000000001, 0.009000000000000001, 0.009000000000000001, 0.009000000000000001, 0.009000000000000001, 0.009000000000000001, 0.009000000000000001, 0.009000000000000001, 0.008, 0.009000000000000001, 0.009000000000000001, 0.009000000000000001, 0.009000000000000001, 0.009000000000000001, 0.009000000000000001, 0.009000000000000001, 0.009000000000000001, 0.009000000000000001, 0.009000000000000001, 0.009000000000000001, 0.009000000000000001, 0.009000000000000001, 0.009000000000000001, 0.009000000000000001, 0.008, 0.009000000000000001, 0.008, 0.009000000000000001, 0.009000000000000001, 0.009000000000000001, 0.009000000000000001, 0.009000000000000001, 0.009000000000000001, 0.009000000000000001, 0.009000000000000001, 0.009000000000000001]",0,2,1310720,send_recv,2,2
137,0.009000000000000001,0.01,0.009083333333333334,0.009000000000000001,0.0002763853991962831,"[0.009000000000000001, 0.009000000000000001, 0.009000000000000001, 0.009000000000000001, 0.009000000000000001, 0.009000000000000001, 0.009000000000000001, 0.009000000000000001, 0.009000000000000001, 0.01, 0.009000000000000001, 0.01, 0.009000000000000001, 0.009000000000000001, 0.009000000000000001, 0.009000000000000001, 0.009000000000000001, 0.009000000000000001, 0.009000000000000001, 0.009000000000000001, 0.009000000000000001, 0.009000000000000001, 0.009000000000000001, 0.009000000000000001, 0.009000000000000001, 0.009000000000000001, 0.009000000000000001, 0.009000000000000001, 0.01, 0.009000000000000001, 0.009000000000000001, 0.009000000000000001, 0.009000000000000001, 0.009000000000000001, 0.009000000000000001, 0.009000000000000001, 0.009000000000000001, 0.009000000000000001, 0.009000000000000001, 0.009000000000000001, 0.009000000000000001, 0.009000000000000001, 0.009000000000000001, 0.009000000000000001, 0.009000000000000001, 0.009000000000000001, 0.009000000000000001, 0.009000000000000001, 0.009000000000000001, 0.009000000000000001, 0.009000000000000001, 0.009000000000000001, 0.009000000000000001, 0.009000000000000001, 0.01, 0.009000000000000001, 0.009000000000000001, 0.009000000000000001, 0.009000000000000001, 0.01]",0,2,1343488,send_recv,2,2
138,0.009000000000000001,0.01,0.009366666666666667,0.009000000000000001,0.00048189440982669826,"[0.01, 0.009000000000000001, 0.01, 0.009000000000000001, 0.01, 0.009000000000000001, 0.009000000000000001, 0.009000000000000001, 0.01, 0.01, 0.009000000000000001, 0.009000000000000001, 0.009000000000000001, 0.01, 0.009000000000000001, 0.01, 0.01, 0.009000000000000001, 0.009000000000000001, 0.009000000000000001, 0.009000000000000001, 0.01, 0.009000000000000001, 0.01, 0.01, 0.009000000000000001, 0.009000000000000001, 0.009000000000000001, 0.009000000000000001, 0.009000000000000001, 0.009000000000000001, 0.009000000000000001, 0.01, 0.009000000000000001, 0.01, 0.01, 0.009000000000000001, 0.01, 0.01, 0.009000000000000001, 0.01, 0.009000000000000001, 0.01, 0.009000000000000001, 0.01, 0.009000000000000001, 0.009000000000000001, 0.009000000000000001, 0.01, 0.009000000000000001, 0.009000000000000001, 0.009000000000000001, 0.009000000000000001, 0.01, 0.009000000000000001, 0.009000000000000001, 0.009000000000000001, 0.009000000000000001, 0.009000000000000001, 0.01]",0,2,1376256,send_recv,2,2
139,0.01,0.01,0.010000000000000002,0.01,1.734723475976807e-18,"[0.01, 0.01, 0.01, 0.01, 0.01, 0.01, 0.01, 0.01, 0.01, 0.01, 0.01, 0.01, 0.01, 0.01, 0.01, 0.01, 0.01, 0.01, 0.01, 0.01, 0.01, 0.01, 0.01, 0.01, 0.01, 0.01, 0.01, 0.01, 0.01, 0.01, 0.01, 0.01, 0.01, 0.01, 0.01, 0.01, 0.01, 0.01, 0.01, 0.01, 0.01, 0.01, 0.01, 0.01, 0.01, 0.01, 0.01, 0.01, 0.01, 0.01, 0.01, 0.01, 0.01, 0.01, 0.01, 0.01, 0.01, 0.01, 0.01, 0.01]",0,2,1409024,send_recv,2,2
140,0.01,0.01,0.010000000000000002,0.01,1.734723475976807e-18,"[0.01, 0.01, 0.01, 0.01, 0.01, 0.01, 0.01, 0.01, 0.01, 0.01, 0.01, 0.01, 0.01, 0.01, 0.01, 0.01, 0.01, 0.01, 0.01, 0.01, 0.01, 0.01, 0.01, 0.01, 0.01, 0.01, 0.01, 0.01, 0.01, 0.01, 0.01, 0.01, 0.01, 0.01, 0.01, 0.01, 0.01, 0.01, 0.01, 0.01, 0.01, 0.01, 0.01, 0.01, 0.01, 0.01, 0.01, 0.01, 0.01, 0.01, 0.01, 0.01, 0.01, 0.01, 0.01, 0.01, 0.01, 0.01, 0.01, 0.01]",0,2,1441792,send_recv,2,2
141,0.009000000000000001,0.01,0.009550000000000001,0.01,0.0004974937185533095,"[0.01, 0.01, 0.01, 0.01, 0.01, 0.01, 0.009000000000000001, 0.009000000000000001, 0.009000000000000001, 0.01, 0.009000000000000001, 0.009000000000000001, 0.01, 0.009000000000000001, 0.009000000000000001, 0.01, 0.01, 0.01, 0.01, 0.01, 0.01, 0.01, 0.009000000000000001, 0.009000000000000001, 0.009000000000000001, 0.009000000000000001, 0.009000000000000001, 0.009000000000000001, 0.01, 0.01, 0.01, 0.009000000000000001, 0.009000000000000001, 0.01, 0.009000000000000001, 0.01, 0.01, 0.009000000000000001, 0.009000000000000001, 0.01, 0.01, 0.01, 0.009000000000000001, 0.01, 0.01, 0.009000000000000001, 0.009000000000000001, 0.01, 0.009000000000000001, 0.01, 0.009000000000000001, 0.01, 0.01, 0.01, 0.009000000000000001, 0.009000000000000001, 0.009000000000000001, 0.009000000000000001, 0.01, 0.01]",0,2,1474560,send_recv,2,2
142,0.009000000000000001,0.01,0.009683333333333334,0.01,0.00046517619123176163,"[0.01, 0.009000000000000001, 0.009000000000000001, 0.01, 0.009000000000000001, 0.01, 0.01, 0.009000000000000001, 0.009000000000000001, 0.01, 0.009000000000000001, 0.01, 0.009000000000000001, 0.009000000000000001, 0.01, 0.01, 0.01, 0.01, 0.01, 0.01, 0.009000000000000001, 0.01, 0.01, 0.01, 0.01, 0.01, 0.01, 0.01, 0.01, 0.01, 0.009000000000000001, 0.009000000000000001, 0.009000000000000001, 0.01, 0.01, 0.009000000000000001, 0.009000000000000001, 0.01, 0.01, 0.01, 0.01, 0.01, 0.01, 0.01, 0.01, 0.01, 0.01, 0.009000000000000001, 0.009000000000000001, 0.01, 0.009000000000000001, 0.01, 0.01, 0.01, 0.009000000000000001, 0.01, 0.01, 0.01, 0.009000000000000001, 0.01]",0,2,1507328,send_recv,2,2
143,0.009000000000000001,0.01,0.009783333333333335,0.01,0.00041197356981027546,"[0.009000000000000001, 0.01, 0.01, 0.01, 0.01, 0.009000000000000001, 0.01, 0.01, 0.01, 0.01, 0.01, 0.01, 0.01, 0.01, 0.01, 0.01, 0.01, 0.01, 0.01, 0.009000000000000001, 0.01, 0.009000000000000001, 0.009000000000000001, 0.01, 0.01, 0.01, 0.01, 0.01, 0.01, 0.01, 0.009000000000000001, 0.01, 0.009000000000000001, 0.01, 0.009000000000000001, 0.01, 0.01, 0.01, 0.009000000000000001, 0.01, 0.009000000000000001, 0.01, 0.01, 0.01, 0.01, 0.009000000000000001, 0.01, 0.01, 0.01, 0.01, 0.01, 0.01, 0.01, 0.009000000000000001, 0.009000000000000001, 0.01, 0.01, 0.01, 0.01, 0.01]",0,2,1540096,send_recv,2,2
144,0.009000000000000001,0.01,0.009950000000000002,0.01,0.00021794494717703353,"[0.01, 0.009000000000000001, 0.01, 0.01, 0.01, 0.01, 0.01, 0.01, 0.01, 0.01, 0.01, 0.01, 0.01, 0.01, 0.009000000000000001, 0.01, 0.01, 0.01, 0.01, 0.01, 0.01, 0.01, 0.01, 0.01, 0.01, 0.01, 0.01, 0.01, 0.01, 0.01, 0.01, 0.01, 0.01, 0.01, 0.01, 0.01, 0.01, 0.01, 0.01, 0.01, 0.01, 0.009000000000000001, 0.01, 0.01, 0.01, 0.01, 0.01, 0.01, 0.01, 0.01, 0.01, 0.01, 0.01, 0.01, 0.01, 0.01, 0.01, 0.01, 0.01, 0.01]",0,2,1572864,send_recv,2,2
145,0.01,0.011,0.010283333333333335,0.01,0.00045061686115319203,"[0.01, 0.011, 0.01, 0.01, 0.01, 0.01, 0.011, 0.01, 0.011, 0.01, 0.01, 0.01, 0.01, 0.011, 0.01, 0.01, 0.01, 0.01, 0.01, 0.01, 0.01, 0.011, 0.01, 0.01, 0.01, 0.011, 0.01, 0.01, 0.01, 0.011, 0.01, 0.01, 0.011, 0.011, 0.01, 0.01, 0.011, 0.011, 0.011, 0.01, 0.01, 0.01, 0.01, 0.011, 0.01, 0.01, 0.011, 0.01, 0.01, 0.01, 0.01, 0.011, 0.01, 0.01, 0.011, 0.01, 0.01, 0.01, 0.01, 0.011]",0,2,1605632,send_recv,2,2
146,0.011,0.011,0.011,0.011,0.0,"[0.011, 0.011, 0.011, 0.011, 0.011, 0.011, 0.011, 0.011, 0.011, 0.011, 0.011, 0.011, 0.011, 0.011, 0.011, 0.011, 0.011, 0.011, 0.011, 0.011, 0.011, 0.011, 0.011, 0.011, 0.011, 0.011, 0.011, 0.011, 0.011, 0.011, 0.011, 0.011, 0.011, 0.011, 0.011, 0.011, 0.011, 0.011, 0.011, 0.011, 0.011, 0.011, 0.011, 0.011, 0.011, 0.011, 0.011, 0.011, 0.011, 0.011, 0.011, 0.011, 0.011, 0.011, 0.011, 0.011, 0.011, 0.011, 0.011, 0.011]",0,2,1638400,send_recv,2,2
147,0.011,0.011,0.011,0.011,0.0,"[0.011, 0.011, 0.011, 0.011, 0.011, 0.011, 0.011, 0.011, 0.011, 0.011, 0.011, 0.011, 0.011, 0.011, 0.011, 0.011, 0.011, 0.011, 0.011, 0.011, 0.011, 0.011, 0.011, 0.011, 0.011, 0.011, 0.011, 0.011, 0.011, 0.011, 0.011, 0.011, 0.011, 0.011, 0.011, 0.011, 0.011, 0.011, 0.011, 0.011, 0.011, 0.011, 0.011, 0.011, 0.011, 0.011, 0.011, 0.011, 0.011, 0.011, 0.011, 0.011, 0.011, 0.011, 0.011, 0.011, 0.011, 0.011, 0.011, 0.011]",0,2,1671168,send_recv,2,2
148,0.011,0.011,0.011,0.011,0.0,"[0.011, 0.011, 0.011, 0.011, 0.011, 0.011, 0.011, 0.011, 0.011, 0.011, 0.011, 0.011, 0.011, 0.011, 0.011, 0.011, 0.011, 0.011, 0.011, 0.011, 0.011, 0.011, 0.011, 0.011, 0.011, 0.011, 0.011, 0.011, 0.011, 0.011, 0.011, 0.011, 0.011, 0.011, 0.011, 0.011, 0.011, 0.011, 0.011, 0.011, 0.011, 0.011, 0.011, 0.011, 0.011, 0.011, 0.011, 0.011, 0.011, 0.011, 0.011, 0.011, 0.011, 0.011, 0.011, 0.011, 0.011, 0.011, 0.011, 0.011]",0,2,1703936,send_recv,2,2
149,0.01,0.011,0.01075,0.011,0.0004330127018922189,"[0.011, 0.011, 0.011, 0.01, 0.011, 0.01, 0.01, 0.011, 0.011, 0.011, 0.011, 0.01, 0.011, 0.011, 0.01, 0.011, 0.011, 0.011, 0.011, 0.011, 0.011, 0.011, 0.01, 0.011, 0.01, 0.011, 0.011, 0.01, 0.011, 0.011, 0.011, 0.011, 0.011, 0.011, 0.011, 0.01, 0.011, 0.01, 0.01, 0.011, 0.011, 0.011, 0.011, 0.011, 0.011, 0.011, 0.01, 0.011, 0.01, 0.011, 0.011, 0.01, 0.011, 0.011, 0.011, 0.011, 0.011, 0.011, 0.011, 0.01]",0,2,1736704,send_recv,2,2
150,0.011,0.011,0.011,0.011,0.0,"[0.011, 0.011, 0.011, 0.011, 0.011, 0.011, 0.011, 0.011, 0.011, 0.011, 0.011, 0.011, 0.011, 0.011, 0.011, 0.011, 0.011, 0.011, 0.011, 0.011, 0.011, 0.011, 0.011, 0.011, 0.011, 0.011, 0.011, 0.011, 0.011, 0.011, 0.011, 0.011, 0.011, 0.011, 0.011, 0.011, 0.011, 0.011, 0.011, 0.011, 0.011, 0.011, 0.011, 0.011, 0.011, 0.011, 0.011, 0.011, 0.011, 0.011, 0.011, 0.011, 0.011, 0.011, 0.011, 0.011, 0.011, 0.011, 0.011, 0.011]",0,2,1769472,send_recv,2,2
151,0.011,0.011,0.011,0.011,0.0,"[0.011, 0.011, 0.011, 0.011, 0.011, 0.011, 0.011, 0.011, 0.011, 0.011, 0.011, 0.011, 0.011, 0.011, 0.011, 0.011, 0.011, 0.011, 0.011, 0.011, 0.011, 0.011, 0.011, 0.011, 0.011, 0.011, 0.011, 0.011, 0.011, 0.011, 0.011, 0.011, 0.011, 0.011, 0.011, 0.011, 0.011, 0.011, 0.011, 0.011, 0.011, 0.011, 0.011, 0.011, 0.011, 0.011, 0.011, 0.011, 0.011, 0.011, 0.011, 0.011, 0.011, 0.011, 0.011, 0.011, 0.011, 0.011, 0.011, 0.011]",0,2,1802240,send_recv,2,2
152,0.011,0.011,0.011,0.011,0.0,"[0.011, 0.011, 0.011, 0.011, 0.011, 0.011, 0.011, 0.011, 0.011, 0.011, 0.011, 0.011, 0.011, 0.011, 0.011, 0.011, 0.011, 0.011, 0.011, 0.011, 0.011, 0.011, 0.011, 0.011, 0.011, 0.011, 0.011, 0.011, 0.011, 0.011, 0.011, 0.011, 0.011, 0.011, 0.011, 0.011, 0.011, 0.011, 0.011, 0.011, 0.011, 0.011, 0.011, 0.011, 0.011, 0.011, 0.011, 0.011, 0.011, 0.011, 0.011, 0.011, 0.011, 0.011, 0.011, 0.011, 0.011, 0.011, 0.011, 0.011]",0,2,1835008,send_recv,2,2
153,0.011,0.011,0.011,0.011,0.0,"[0.011, 0.011, 0.011, 0.011, 0.011, 0.011, 0.011, 0.011, 0.011, 0.011, 0.011, 0.011, 0.011, 0.011, 0.011, 0.011, 0.011, 0.011, 0.011, 0.011, 0.011, 0.011, 0.011, 0.011, 0.011, 0.011, 0.011, 0.011, 0.011, 0.011, 0.011, 0.011, 0.011, 0.011, 0.011, 0.011, 0.011, 0.011, 0.011, 0.011, 0.011, 0.011, 0.011, 0.011, 0.011, 0.011, 0.011, 0.011, 0.011, 0.011, 0.011, 0.011, 0.011, 0.011, 0.011, 0.011, 0.011, 0.011, 0.011, 0.011]",0,2,1867776,send_recv,2,2
154,0.011,0.011,0.011,0.011,0.0,"[0.011, 0.011, 0.011, 0.011, 0.011, 0.011, 0.011, 0.011, 0.011, 0.011, 0.011, 0.011, 0.011, 0.011, 0.011, 0.011, 0.011, 0.011, 0.011, 0.011, 0.011, 0.011, 0.011, 0.011, 0.011, 0.011, 0.011, 0.011, 0.011, 0.011, 0.011, 0.011, 0.011, 0.011, 0.011, 0.011, 0.011, 0.011, 0.011, 0.011, 0.011, 0.011, 0.011, 0.011, 0.011, 0.011, 0.011, 0.011, 0.011, 0.011, 0.011, 0.011, 0.011, 0.011, 0.011, 0.011, 0.011, 0.011, 0.011, 0.011]",0,2,1900544,send_recv,2,2
155,0.011,0.011,0.011,0.011,0.0,"[0.011, 0.011, 0.011, 0.011, 0.011, 0.011, 0.011, 0.011, 0.011, 0.011, 0.011, 0.011, 0.011, 0.011, 0.011, 0.011, 0.011, 0.011, 0.011, 0.011, 0.011, 0.011, 0.011, 0.011, 0.011, 0.011, 0.011, 0.011, 0.011, 0.011, 0.011, 0.011, 0.011, 0.011, 0.011, 0.011, 0.011, 0.011, 0.011, 0.011, 0.011, 0.011, 0.011, 0.011, 0.011, 0.011, 0.011, 0.011, 0.011, 0.011, 0.011, 0.011, 0.011, 0.011, 0.011, 0.011, 0.011, 0.011, 0.011, 0.011]",0,2,1933312,send_recv,2,2
156,0.011,0.012,0.011016666666666666,0.011,0.00012801909579781027,"[0.011, 0.011, 0.011, 0.011, 0.012, 0.011, 0.011, 0.011, 0.011, 0.011, 0.011, 0.011, 0.011, 0.011, 0.011, 0.011, 0.011, 0.011, 0.011, 0.011, 0.011, 0.011, 0.011, 0.011, 0.011, 0.011, 0.011, 0.011, 0.011, 0.011, 0.011, 0.011, 0.011, 0.011, 0.011, 0.011, 0.011, 0.011, 0.011, 0.011, 0.011, 0.011, 0.011, 0.011, 0.011, 0.011, 0.011, 0.011, 0.011, 0.011, 0.011, 0.011, 0.011, 0.011, 0.011, 0.011, 0.011, 0.011, 0.011, 0.011]",0,2,1966080,send_recv,2,2
157,0.01,0.011,0.010949999999999998,0.011,0.0002179449471770335,"[0.011, 0.011, 0.011, 0.011, 0.011, 0.011, 0.011, 0.011, 0.011, 0.011, 0.011, 0.011, 0.011, 0.011, 0.011, 0.011, 0.011, 0.011, 0.011, 0.011, 0.011, 0.01, 0.011, 0.011, 0.011, 0.011, 0.011, 0.011, 0.011, 0.011, 0.011, 0.011, 0.011, 0.011, 0.011, 0.011, 0.011, 0.011, 0.011, 0.011, 0.011, 0.011, 0.011, 0.011, 0.011, 0.011, 0.011, 0.011, 0.011, 0.011, 0.011, 0.011, 0.011, 0.01, 0.011, 0.011, 0.011, 0.01, 0.011, 0.011]",0,2,1998848,send_recv,2,2
158,0.011,0.012,0.011033333333333332,0.011,0.0001795054935711503,"[0.012, 0.011, 0.011, 0.011, 0.011, 0.011, 0.011, 0.011, 0.011, 0.011, 0.011, 0.011, 0.011, 0.011, 0.011, 0.011, 0.011, 0.011, 0.011, 0.011, 0.011, 0.011, 0.011, 0.011, 0.011, 0.011, 0.011, 0.011, 0.011, 0.011, 0.011, 0.011, 0.011, 0.011, 0.011, 0.011, 0.011, 0.011, 0.011, 0.011, 0.011, 0.011, 0.011, 0.011, 0.011, 0.011, 0.011, 0.011, 0.011, 0.011, 0.011, 0.011, 0.012, 0.011, 0.011, 0.011, 0.011, 0.011, 0.011, 0.011]",0,2,2031616,send_recv,2,2
159,0.011,0.011,0.011,0.011,0.0,"[0.011, 0.011, 0.011, 0.011, 0.011, 0.011, 0.011, 0.011, 0.011, 0.011, 0.011, 0.011, 0.011, 0.011, 0.011, 0.011, 0.011, 0.011, 0.011, 0.011, 0.011, 0.011, 0.011, 0.011, 0.011, 0.011, 0.011, 0.011, 0.011, 0.011, 0.011, 0.011, 0.011, 0.011, 0.011, 0.011, 0.011, 0.011, 0.011, 0.011, 0.011, 0.011, 0.011, 0.011, 0.011, 0.011, 0.011, 0.011, 0.011, 0.011, 0.011, 0.011, 0.011, 0.011, 0.011, 0.011, 0.011, 0.011, 0.011, 0.011]",0,2,2064384,send_recv,2,2
160,0.011,0.012,0.011183333333333332,0.011,0.000386939558874797,"[0.011, 0.011, 0.011, 0.011, 0.011, 0.011, 0.011, 0.011, 0.011, 0.011, 0.012, 0.012, 0.011, 0.011, 0.011, 0.011, 0.011, 0.011, 0.011, 0.012, 0.011, 0.011, 0.011, 0.011, 0.011, 0.011, 0.011, 0.012, 0.011, 0.011, 0.012, 0.012, 0.011, 0.011, 0.012, 0.011, 0.011, 0.011, 0.011, 0.011, 0.011, 0.011, 0.012, 0.012, 0.011, 0.011, 0.011, 0.011, 0.011, 0.011, 0.012, 0.011, 0.011, 0.011, 0.012, 0.011, 0.011, 0.011, 0.011, 0.011]",0,2,2097152,send_recv,2,2
161,0.012,0.012,0.012,0.012,0.0,"[0.012, 0.012, 0.012, 0.012, 0.012, 0.012, 0.012, 0.012, 0.012, 0.012, 0.012, 0.012, 0.012, 0.012, 0.012, 0.012, 0.012, 0.012, 0.012, 0.012, 0.012, 0.012, 0.012, 0.012, 0.012, 0.012, 0.012, 0.012, 0.012, 0.012, 0.012, 0.012, 0.012, 0.012, 0.012, 0.012, 0.012, 0.012, 0.012, 0.012, 0.012, 0.012, 0.012, 0.012, 0.012, 0.012, 0.012, 0.012, 0.012, 0.012, 0.012, 0.012, 0.012, 0.012, 0.012, 0.012, 0.012, 0.012, 0.012, 0.012]",0,2,2129920,send_recv,2,2
162,0.012,0.012,0.012,0.012,0.0,"[0.012, 0.012, 0.012, 0.012, 0.012, 0.012, 0.012, 0.012, 0.012, 0.012, 0.012, 0.012, 0.012, 0.012, 0.012, 0.012, 0.012, 0.012, 0.012, 0.012, 0.012, 0.012, 0.012, 0.012, 0.012, 0.012, 0.012, 0.012, 0.012, 0.012, 0.012, 0.012, 0.012, 0.012, 0.012, 0.012, 0.012, 0.012, 0.012, 0.012, 0.012, 0.012, 0.012, 0.012, 0.012, 0.012, 0.012, 0.012, 0.012, 0.012, 0.012, 0.012, 0.012, 0.012, 0.012, 0.012, 0.012, 0.012, 0.012, 0.012]",0,2,2162688,send_recv,2,2
163,0.011,0.012,0.011933333333333332,0.012,0.00024944382578492966,"[0.012, 0.012, 0.012, 0.012, 0.012, 0.012, 0.012, 0.012, 0.012, 0.012, 0.012, 0.012, 0.012, 0.012, 0.012, 0.012, 0.012, 0.012, 0.011, 0.012, 0.012, 0.012, 0.012, 0.012, 0.012, 0.012, 0.012, 0.011, 0.012, 0.012, 0.012, 0.012, 0.012, 0.011, 0.012, 0.012, 0.012, 0.012, 0.012, 0.012, 0.012, 0.011, 0.012, 0.012, 0.012, 0.012, 0.012, 0.012, 0.012, 0.012, 0.012, 0.012, 0.012, 0.012, 0.012, 0.012, 0.012, 0.012, 0.012, 0.012]",0,2,2195456,send_recv,2,2
164,0.012,0.012,0.012,0.012,0.0,"[0.012, 0.012, 0.012, 0.012, 0.012, 0.012, 0.012, 0.012, 0.012, 0.012, 0.012, 0.012, 0.012, 0.012, 0.012, 0.012, 0.012, 0.012, 0.012, 0.012, 0.012, 0.012, 0.012, 0.012, 0.012, 0.012, 0.012, 0.012, 0.012, 0.012, 0.012, 0.012, 0.012, 0.012, 0.012, 0.012, 0.012, 0.012, 0.012, 0.012, 0.012, 0.012, 0.012, 0.012, 0.012, 0.012, 0.012, 0.012, 0.012, 0.012, 0.012, 0.012, 0.012, 0.012, 0.012, 0.012, 0.012, 0.012, 0.012, 0.012]",0,2,2228224,send_recv,2,2
165,0.012,0.012,0.012,0.012,0.0,"[0.012, 0.012, 0.012, 0.012, 0.012, 0.012, 0.012, 0.012, 0.012, 0.012, 0.012, 0.012, 0.012, 0.012, 0.012, 0.012, 0.012, 0.012, 0.012, 0.012, 0.012, 0.012, 0.012, 0.012, 0.012, 0.012, 0.012, 0.012, 0.012, 0.012, 0.012, 0.012, 0.012, 0.012, 0.012, 0.012, 0.012, 0.012, 0.012, 0.012, 0.012, 0.012, 0.012, 0.012, 0.012, 0.012, 0.012, 0.012, 0.012, 0.012, 0.012, 0.012, 0.012, 0.012, 0.012, 0.012, 0.012, 0.012, 0.012, 0.012]",0,2,2260992,send_recv,2,2
166,0.011,0.012,0.011983333333333334,0.012,0.00012801909579781027,"[0.012, 0.012, 0.012, 0.012, 0.012, 0.012, 0.012, 0.012, 0.012, 0.012, 0.012, 0.012, 0.012, 0.012, 0.012, 0.012, 0.012, 0.012, 0.012, 0.012, 0.012, 0.012, 0.012, 0.012, 0.012, 0.012, 0.012, 0.012, 0.012, 0.012, 0.012, 0.012, 0.012, 0.012, 0.012, 0.011, 0.012, 0.012, 0.012, 0.012, 0.012, 0.012, 0.012, 0.012, 0.012, 0.012, 0.012, 0.012, 0.012, 0.012, 0.012, 0.012, 0.012, 0.012, 0.012, 0.012, 0.012, 0.012, 0.012, 0.012]",0,2,2293760,send_recv,2,2
167,0.011,0.013000000000000001,0.012,0.012,0.00018257418583505553,"[0.013000000000000001, 0.012, 0.012, 0.012, 0.012, 0.012, 0.012, 0.012, 0.012, 0.012, 0.012, 0.012, 0.012, 0.012, 0.012, 0.012, 0.012, 0.012, 0.012, 0.012, 0.012, 0.012, 0.012, 0.012, 0.012, 0.012, 0.012, 0.012, 0.012, 0.012, 0.012, 0.012, 0.012, 0.012, 0.012, 0.012, 0.012, 0.012, 0.012, 0.012, 0.012, 0.012, 0.012, 0.012, 0.012, 0.012, 0.012, 0.012, 0.012, 0.012, 0.012, 0.012, 0.012, 0.011, 0.012, 0.012, 0.012, 0.012, 0.012, 0.012]",0,2,2326528,send_recv,2,2
168,0.012,0.012,0.012,0.012,0.0,"[0.012, 0.012, 0.012, 0.012, 0.012, 0.012, 0.012, 0.012, 0.012, 0.012, 0.012, 0.012, 0.012, 0.012, 0.012, 0.012, 0.012, 0.012, 0.012, 0.012, 0.012, 0.012, 0.012, 0.012, 0.012, 0.012, 0.012, 0.012, 0.012, 0.012, 0.012, 0.012, 0.012, 0.012, 0.012, 0.012, 0.012, 0.012, 0.012, 0.012, 0.012, 0.012, 0.012, 0.012, 0.012, 0.012, 0.012, 0.012, 0.012, 0.012, 0.012, 0.012, 0.012, 0.012, 0.012, 0.012, 0.012, 0.012, 0.012, 0.012]",0,2,2359296,send_recv,2,2
169,0.013000000000000001,0.014,0.013016666666666668,0.013000000000000001,0.00012801909579781006,"[0.013000000000000001, 0.013000000000000001, 0.013000000000000001, 0.013000000000000001, 0.013000000000000001, 0.013000000000000001, 0.013000000000000001, 0.013000000000000001, 0.013000000000000001, 0.013000000000000001, 0.013000000000000001, 0.013000000000000001, 0.013000000000000001, 0.013000000000000001, 0.013000000000000001, 0.013000000000000001, 0.013000000000000001, 0.013000000000000001, 0.013000000000000001, 0.013000000000000001, 0.013000000000000001, 0.013000000000000001, 0.013000000000000001, 0.013000000000000001, 0.013000000000000001, 0.013000000000000001, 0.013000000000000001, 0.013000000000000001, 0.013000000000000001, 0.013000000000000001, 0.013000000000000001, 0.013000000000000001, 0.013000000000000001, 0.013000000000000001, 0.013000000000000001, 0.013000000000000001, 0.013000000000000001, 0.013000000000000001, 0.013000000000000001, 0.013000000000000001, 0.013000000000000001, 0.013000000000000001, 0.013000000000000001, 0.013000000000000001, 0.013000000000000001, 0.013000000000000001, 0.013000000000000001, 0.013000000000000001, 0.013000000000000001, 0.013000000000000001, 0.013000000000000001, 0.013000000000000001, 0.014, 0.013000000000000001, 0.013000000000000001, 0.013000000000000001, 0.013000000000000001, 0.013000000000000001, 0.013000000000000001, 0.013000000000000001]",0,2,2392064,send_recv,2,2
170,0.013000000000000001,0.014,0.013250000000000001,0.013000000000000001,0.0004330127018922189,"[0.014, 0.013000000000000001, 0.013000000000000001, 0.013000000000000001, 0.013000000000000001, 0.013000000000000001, 0.013000000000000001, 0.013000000000000001, 0.014, 0.013000000000000001, 0.013000000000000001, 0.013000000000000001, 0.013000000000000001, 0.013000000000000001, 0.013000000000000001, 0.013000000000000001, 0.014, 0.013000000000000001, 0.014, 0.013000000000000001, 0.014, 0.014, 0.013000000000000001, 0.013000000000000001, 0.013000000000000001, 0.013000000000000001, 0.013000000000000001, 0.013000000000000001, 0.014, 0.014, 0.013000000000000001, 0.013000000000000001, 0.014, 0.013000000000000001, 0.014, 0.013000000000000001, 0.013000000000000001, 0.014, 0.013000000000000001, 0.013000000000000001, 0.013000000000000001, 0.014, 0.013000000000000001, 0.013000000000000001, 0.014, 0.014, 0.013000000000000001, 0.013000000000000001, 0.013000000000000001, 0.013000000000000001, 0.013000000000000001, 0.013000000000000001, 0.013000000000000001, 0.014, 0.013000000000000001, 0.013000000000000001, 0.013000000000000001, 0.013000000000000001, 0.013000000000000001, 0.013000000000000001]",0,2,2424832,send_recv,2,2
171,0.013000000000000001,0.014,0.013733333333333335,0.014,0.00044221663871405294,"[0.014, 0.014, 0.014, 0.014, 0.014, 0.014, 0.013000000000000001, 0.014, 0.014, 0.014, 0.014, 0.014, 0.013000000000000001, 0.014, 0.014, 0.014, 0.013000000000000001, 0.013000000000000001, 0.014, 0.014, 0.013000000000000001, 0.014, 0.013000000000000001, 0.014, 0.014, 0.013000000000000001, 0.014, 0.013000000000000001, 0.014, 0.014, 0.014, 0.014, 0.014, 0.014, 0.014, 0.014, 0.014, 0.014, 0.014, 0.014, 0.014, 0.013000000000000001, 0.014, 0.013000000000000001, 0.014, 0.014, 0.014, 0.014, 0.013000000000000001, 0.013000000000000001, 0.014, 0.013000000000000001, 0.013000000000000001, 0.014, 0.014, 0.014, 0.013000000000000001, 0.014, 0.014, 0.013000000000000001]",0,2,2457600,send_recv,2,2
172,0.013000000000000001,0.014,0.01365,0.014,0.0004769696007084724,"[0.014, 0.014, 0.014, 0.013000000000000001, 0.013000000000000001, 0.014, 0.013000000000000001, 0.014, 0.013000000000000001, 0.014, 0.014, 0.014, 0.013000000000000001, 0.014, 0.013000000000000001, 0.014, 0.014, 0.014, 0.014, 0.013000000000000001, 0.014, 0.013000000000000001, 0.013000000000000001, 0.014, 0.013000000000000001, 0.013000000000000001, 0.014, 0.013000000000000001, 0.014, 0.014, 0.013000000000000001, 0.014, 0.014, 0.014, 0.014, 0.014, 0.014, 0.013000000000000001, 0.013000000000000001, 0.014, 0.013000000000000001, 0.014, 0.014, 0.014, 0.014, 0.013000000000000001, 0.013000000000000001, 0.014, 0.014, 0.014, 0.014, 0.013000000000000001, 0.014, 0.014, 0.013000000000000001, 0.014, 0.014, 0.014, 0.014, 0.013000000000000001]",0,2,2490368,send_recv,2,2
173,0.013000000000000001,0.014,0.013833333333333335,0.014,0.0003726779962499646,"[0.014, 0.014, 0.014, 0.014, 0.014, 0.013000000000000001, 0.013000000000000001, 0.014, 0.014, 0.014, 0.014, 0.014, 0.014, 0.013000000000000001, 0.014, 0.014, 0.014, 0.014, 0.013000000000000001, 0.014, 0.014, 0.014, 0.014, 0.014, 0.014, 0.014, 0.014, 0.013000000000000001, 0.014, 0.014, 0.014, 0.014, 0.014, 0.014, 0.014, 0.014, 0.014, 0.013000000000000001, 0.014, 0.014, 0.013000000000000001, 0.014, 0.014, 0.014, 0.014, 0.013000000000000001, 0.014, 0.014, 0.014, 0.014, 0.014, 0.014, 0.014, 0.013000000000000001, 0.014, 0.014, 0.014, 0.014, 0.014, 0.013000000000000001]",0,2,2523136,send_recv,2,2
174,0.013000000000000001,0.015,0.013966666666666667,0.014,0.00036362373715452355,"[0.015, 0.014, 0.014, 0.014, 0.014, 0.014, 0.014, 0.014, 0.014, 0.014, 0.014, 0.014, 0.014, 0.013000000000000001, 0.014, 0.014, 0.014, 0.014, 0.014, 0.014, 0.014, 0.014, 0.014, 0.014, 0.014, 0.014, 0.014, 0.014, 0.014, 0.014, 0.014, 0.014, 0.014, 0.014, 0.014, 0.014, 0.014, 0.013000000000000001, 0.014, 0.014, 0.014, 0.014, 0.013000000000000001, 0.014, 0.014, 0.014, 0.015, 0.014, 0.014, 0.014, 0.014, 0.014, 0.014, 0.013000000000000001, 0.014, 0.015, 0.013000000000000001, 0.014, 0.014, 0.014]",0,2,2555904,send_recv,2,2
175,0.013000000000000001,0.014,0.013516666666666668,0.014,0.0004997221450188312,"[0.014, 0.014, 0.014, 0.014, 0.013000000000000001, 0.013000000000000001, 0.013000000000000001, 0.014, 0.013000000000000001, 0.014, 0.013000000000000001, 0.014, 0.014, 0.014, 0.014, 0.013000000000000001, 0.014, 0.013000000000000001, 0.013000000000000001, 0.014, 0.014, 0.013000000000000001, 0.013000000000000001, 0.013000000000000001, 0.014, 0.014, 0.013000000000000001, 0.013000000000000001, 0.013000000000000001, 0.013000000000000001, 0.013000000000000001, 0.013000000000000001, 0.014, 0.013000000000000001, 0.013000000000000001, 0.014, 0.014, 0.013000000000000001, 0.013000000000000001, 0.013000000000000001, 0.014, 0.014, 0.013000000000000001, 0.014, 0.014, 0.013000000000000001, 0.013000000000000001, 0.014, 0.013000000000000001, 0.014, 0.013000000000000001, 0.014, 0.014, 0.013000000000000001, 0.013000000000000001, 0.014, 0.014, 0.014, 0.014, 0.014]",0,2,2588672,send_recv,2,2
176,0.013000000000000001,0.014,0.013800000000000002,0.014,0.0003999999999999997,"[0.014, 0.014, 0.014, 0.014, 0.014, 0.014, 0.013000000000000001, 0.013000000000000001, 0.014, 0.014, 0.014, 0.014, 0.014, 0.014, 0.014, 0.014, 0.013000000000000001, 0.014, 0.014, 0.014, 0.014, 0.014, 0.014, 0.013000000000000001, 0.013000000000000001, 0.013000000000000001, 0.013000000000000001, 0.014, 0.014, 0.014, 0.014, 0.014, 0.014, 0.013000000000000001, 0.014, 0.014, 0.014, 0.013000000000000001, 0.014, 0.014, 0.014, 0.014, 0.014, 0.014, 0.014, 0.014, 0.014, 0.014, 0.014, 0.014, 0.014, 0.014, 0.014, 0.013000000000000001, 0.014, 0.013000000000000001, 0.014, 0.014, 0.013000000000000001, 0.014]",0,2,2621440,send_recv,2,2
177,0.014,0.014,0.014000000000000002,0.014,1.734723475976807e-18,"[0.014, 0.014, 0.014, 0.014, 0.014, 0.014, 0.014, 0.014, 0.014, 0.014, 0.014, 0.014, 0.014, 0.014, 0.014, 0.014, 0.014, 0.014, 0.014, 0.014, 0.014, 0.014, 0.014, 0.014, 0.014, 0.014, 0.014, 0.014, 0.014, 0.014, 0.014, 0.014, 0.014, 0.014, 0.014, 0.014, 0.014, 0.014, 0.014, 0.014, 0.014, 0.014, 0.014, 0.014, 0.014, 0.014, 0.014, 0.014, 0.014, 0.014, 0.014, 0.014, 0.014, 0.014, 0.014, 0.014, 0.014, 0.014, 0.014, 0.014]",0,2,2654208,send_recv,2,2
178,0.014,0.015,0.014033333333333335,0.014,0.00017950549357114998,"[0.015, 0.014, 0.014, 0.014, 0.014, 0.014, 0.014, 0.014, 0.014, 0.014, 0.014, 0.014, 0.014, 0.014, 0.014, 0.014, 0.014, 0.014, 0.014, 0.014, 0.014, 0.014, 0.014, 0.014, 0.014, 0.014, 0.014, 0.014, 0.014, 0.014, 0.014, 0.015, 0.014, 0.014, 0.014, 0.014, 0.014, 0.014, 0.014, 0.014, 0.014, 0.014, 0.014, 0.014, 0.014, 0.014, 0.014, 0.014, 0.014, 0.014, 0.014, 0.014, 0.014, 0.014, 0.014, 0.014, 0.014, 0.014, 0.014, 0.014]",0,2,2686976,send_recv,2,2
179,0.014,0.015,0.014016666666666669,0.014,0.00012801909579781003,"[0.015, 0.014, 0.014, 0.014, 0.014, 0.014, 0.014, 0.014, 0.014, 0.014, 0.014, 0.014, 0.014, 0.014, 0.014, 0.014, 0.014, 0.014, 0.014, 0.014, 0.014, 0.014, 0.014, 0.014, 0.014, 0.014, 0.014, 0.014, 0.014, 0.014, 0.014, 0.014, 0.014, 0.014, 0.014, 0.014, 0.014, 0.014, 0.014, 0.014, 0.014, 0.014, 0.014, 0.014, 0.014, 0.014, 0.014, 0.014, 0.014, 0.014, 0.014, 0.014, 0.014, 0.014, 0.014, 0.014, 0.014, 0.014, 0.014, 0.014]",0,2,2719744,send_recv,2,2
180,0.013000000000000001,0.014,0.013983333333333335,0.014,0.00012801909579781006,"[0.014, 0.014, 0.014, 0.014, 0.014, 0.014, 0.014, 0.014, 0.014, 0.014, 0.014, 0.014, 0.014, 0.014, 0.014, 0.014, 0.014, 0.014, 0.014, 0.014, 0.014, 0.014, 0.014, 0.014, 0.014, 0.014, 0.014, 0.014, 0.014, 0.014, 0.014, 0.014, 0.014, 0.014, 0.014, 0.014, 0.014, 0.014, 0.014, 0.014, 0.014, 0.014, 0.014, 0.013000000000000001, 0.014, 0.014, 0.014, 0.014, 0.014, 0.014, 0.014, 0.014, 0.014, 0.014, 0.014, 0.014, 0.014, 0.014, 0.014, 0.014]",0,2,2752512,send_recv,2,2
181,0.013000000000000001,0.014,0.013666666666666667,0.014,0.00047140452079103126,"[0.013000000000000001, 0.014, 0.014, 0.013000000000000001, 0.014, 0.014, 0.014, 0.014, 0.013000000000000001, 0.014, 0.014, 0.013000000000000001, 0.013000000000000001, 0.014, 0.014, 0.014, 0.014, 0.014, 0.013000000000000001, 0.013000000000000001, 0.013000000000000001, 0.014, 0.014, 0.014, 0.013000000000000001, 0.014, 0.014, 0.014, 0.013000000000000001, 0.014, 0.014, 0.013000000000000001, 0.014, 0.014, 0.013000000000000001, 0.014, 0.013000000000000001, 0.014, 0.014, 0.014, 0.014, 0.014, 0.013000000000000001, 0.014, 0.014, 0.014, 0.014, 0.013000000000000001, 0.013000000000000001, 0.014, 0.014, 0.013000000000000001, 0.013000000000000001, 0.014, 0.014, 0.014, 0.013000000000000001, 0.014, 0.014, 0.013000000000000001]",0,2,2785280,send_recv,2,2
182,0.013000000000000001,0.014,0.013883333333333334,0.014,0.00032102267140430343,"[0.014, 0.014, 0.014, 0.014, 0.013000000000000001, 0.014, 0.014, 0.014, 0.014, 0.013000000000000001, 0.014, 0.014, 0.014, 0.014, 0.014, 0.014, 0.014, 0.014, 0.014, 0.014, 0.013000000000000001, 0.014, 0.014, 0.014, 0.014, 0.014, 0.014, 0.014, 0.014, 0.014, 0.014, 0.014, 0.014, 0.013000000000000001, 0.014, 0.014, 0.014, 0.013000000000000001, 0.014, 0.014, 0.014, 0.014, 0.014, 0.014, 0.014, 0.014, 0.014, 0.014, 0.014, 0.013000000000000001, 0.014, 0.014, 0.014, 0.014, 0.014, 0.014, 0.014, 0.013000000000000001, 0.014, 0.014]",0,2,2818048,send_recv,2,2
183,0.014,0.015,0.014050000000000002,0.014,0.0002179449471770335,"[0.014, 0.014, 0.014, 0.015, 0.015, 0.014, 0.014, 0.014, 0.014, 0.014, 0.014, 0.014, 0.014, 0.014, 0.014, 0.014, 0.014, 0.014, 0.014, 0.014, 0.015, 0.014, 0.014, 0.014, 0.014, 0.014, 0.014, 0.014, 0.014, 0.014, 0.014, 0.014, 0.014, 0.014, 0.014, 0.014, 0.014, 0.014, 0.014, 0.014, 0.014, 0.014, 0.014, 0.014, 0.014, 0.014, 0.014, 0.014, 0.014, 0.014, 0.014, 0.014, 0.014, 0.014, 0.014, 0.014, 0.014, 0.014, 0.014, 0.014]",0,2,2850816,send_recv,2,2
184,0.014,0.015,0.014066666666666668,0.014,0.0002494438257849293,"[0.015, 0.014, 0.014, 0.014, 0.014, 0.014, 0.014, 0.014, 0.014, 0.015, 0.014, 0.014, 0.014, 0.014, 0.014, 0.014, 0.014, 0.014, 0.014, 0.014, 0.014, 0.014, 0.014, 0.014, 0.014, 0.014, 0.014, 0.014, 0.014, 0.014, 0.014, 0.014, 0.014, 0.014, 0.014, 0.014, 0.014, 0.014, 0.014, 0.014, 0.014, 0.014, 0.014, 0.014, 0.014, 0.014, 0.014, 0.014, 0.014, 0.014, 0.014, 0.014, 0.014, 0.014, 0.015, 0.014, 0.014, 0.014, 0.015, 0.014]",0,2,2883584,send_recv,2,2
185,0.014,0.015,0.014083333333333335,0.014,0.0002763853991962831,"[0.014, 0.014, 0.014, 0.014, 0.014, 0.014, 0.014, 0.014, 0.014, 0.014, 0.014, 0.015, 0.014, 0.014, 0.014, 0.014, 0.014, 0.014, 0.014, 0.015, 0.014, 0.014, 0.014, 0.014, 0.014, 0.014, 0.014, 0.014, 0.014, 0.015, 0.014, 0.014, 0.014, 0.014, 0.014, 0.014, 0.014, 0.014, 0.014, 0.014, 0.014, 0.014, 0.014, 0.014, 0.014, 0.015, 0.014, 0.014, 0.014, 0.015, 0.014, 0.014, 0.014, 0.014, 0.014, 0.014, 0.014, 0.014, 0.014, 0.014]",0,2,2916352,send_recv,2,2
186,0.014,0.015,0.014150000000000001,0.014,0.00035707142142714214,"[0.014, 0.014, 0.014, 0.014, 0.015, 0.014, 0.015, 0.014, 0.014, 0.014, 0.014, 0.014, 0.014, 0.014, 0.014, 0.014, 0.014, 0.014, 0.014, 0.014, 0.014, 0.014, 0.015, 0.014, 0.014, 0.015, 0.015, 0.014, 0.014, 0.014, 0.015, 0.014, 0.014, 0.014, 0.015, 0.014, 0.014, 0.014, 0.014, 0.014, 0.014, 0.014, 0.015, 0.014, 0.014, 0.014, 0.014, 0.014, 0.014, 0.014, 0.014, 0.014, 0.014, 0.014, 0.014, 0.014, 0.014, 0.014, 0.014, 0.015]",0,2,2949120,send_recv,2,2
187,0.014,0.014,0.014000000000000002,0.014,1.734723475976807e-18,"[0.014, 0.014, 0.014, 0.014, 0.014, 0.014, 0.014, 0.014, 0.014, 0.014, 0.014, 0.014, 0.014, 0.014, 0.014, 0.014, 0.014, 0.014, 0.014, 0.014, 0.014, 0.014, 0.014, 0.014, 0.014, 0.014, 0.014, 0.014, 0.014, 0.014, 0.014, 0.014, 0.014, 0.014, 0.014, 0.014, 0.014, 0.014, 0.014, 0.014, 0.014, 0.014, 0.014, 0.014, 0.014, 0.014, 0.014, 0.014, 0.014, 0.014, 0.014, 0.014, 0.014, 0.014, 0.014, 0.014, 0.014, 0.014, 0.014, 0.014]",0,2,2981888,send_recv,2,2
188,0.014,0.014,0.014000000000000002,0.014,1.734723475976807e-18,"[0.014, 0.014, 0.014, 0.014, 0.014, 0.014, 0.014, 0.014, 0.014, 0.014, 0.014, 0.014, 0.014, 0.014, 0.014, 0.014, 0.014, 0.014, 0.014, 0.014, 0.014, 0.014, 0.014, 0.014, 0.014, 0.014, 0.014, 0.014, 0.014, 0.014, 0.014, 0.014, 0.014, 0.014, 0.014, 0.014, 0.014, 0.014, 0.014, 0.014, 0.014, 0.014, 0.014, 0.014, 0.014, 0.014, 0.014, 0.014, 0.014, 0.014, 0.014, 0.014, 0.014, 0.014, 0.014, 0.014, 0.014, 0.014, 0.014, 0.014]",0,2,3014656,send_recv,2,2
189,0.014,0.014,0.014000000000000002,0.014,1.734723475976807e-18,"[0.014, 0.014, 0.014, 0.014, 0.014, 0.014, 0.014, 0.014, 0.014, 0.014, 0.014, 0.014, 0.014, 0.014, 0.014, 0.014, 0.014, 0.014, 0.014, 0.014, 0.014, 0.014, 0.014, 0.014, 0.014, 0.014, 0.014, 0.014, 0.014, 0.014, 0.014, 0.014, 0.014, 0.014, 0.014, 0.014, 0.014, 0.014, 0.014, 0.014, 0.014, 0.014, 0.014, 0.014, 0.014, 0.014, 0.014, 0.014, 0.014, 0.014, 0.014, 0.014, 0.014, 0.014, 0.014, 0.014, 0.014, 0.014, 0.014, 0.014]",0,2,3047424,send_recv,2,2
190,0.014,0.014,0.014000000000000002,0.014,1.734723475976807e-18,"[0.014, 0.014, 0.014, 0.014, 0.014, 0.014, 0.014, 0.014, 0.014, 0.014, 0.014, 0.014, 0.014, 0.014, 0.014, 0.014, 0.014, 0.014, 0.014, 0.014, 0.014, 0.014, 0.014, 0.014, 0.014, 0.014, 0.014, 0.014, 0.014, 0.014, 0.014, 0.014, 0.014, 0.014, 0.014, 0.014, 0.014, 0.014, 0.014, 0.014, 0.014, 0.014, 0.014, 0.014, 0.014, 0.014, 0.014, 0.014, 0.014, 0.014, 0.014, 0.014, 0.014, 0.014, 0.014, 0.014, 0.014, 0.014, 0.014, 0.014]",0,2,3080192,send_recv,2,2
191,0.014,0.015,0.014016666666666669,0.014,0.00012801909579781003,"[0.015, 0.014, 0.014, 0.014, 0.014, 0.014, 0.014, 0.014, 0.014, 0.014, 0.014, 0.014, 0.014, 0.014, 0.014, 0.014, 0.014, 0.014, 0.014, 0.014, 0.014, 0.014, 0.014, 0.014, 0.014, 0.014, 0.014, 0.014, 0.014, 0.014, 0.014, 0.014, 0.014, 0.014, 0.014, 0.014, 0.014, 0.014, 0.014, 0.014, 0.014, 0.014, 0.014, 0.014, 0.014, 0.014, 0.014, 0.014, 0.014, 0.014, 0.014, 0.014, 0.014, 0.014, 0.014, 0.014, 0.014, 0.014, 0.014, 0.014]",0,2,3112960,send_recv,2,2
192,0.014,0.014,0.014000000000000002,0.014,1.734723475976807e-18,"[0.014, 0.014, 0.014, 0.014, 0.014, 0.014, 0.014, 0.014, 0.014, 0.014, 0.014, 0.014, 0.014, 0.014, 0.014, 0.014, 0.014, 0.014, 0.014, 0.014, 0.014, 0.014, 0.014, 0.014, 0.014, 0.014, 0.014, 0.014, 0.014, 0.014, 0.014, 0.014, 0.014, 0.014, 0.014, 0.014, 0.014, 0.014, 0.014, 0.014, 0.014, 0.014, 0.014, 0.014, 0.014, 0.014, 0.014, 0.014, 0.014, 0.014, 0.014, 0.014, 0.014, 0.014, 0.014, 0.014, 0.014, 0.014, 0.014, 0.014]",0,2,3145728,send_recv,2,2
193,0.015,0.016,0.015683333333333334,0.016,0.00046517619123176245,"[0.016, 0.016, 0.016, 0.016, 0.016, 0.016, 0.015, 0.016, 0.015, 0.015, 0.015, 0.016, 0.016, 0.016, 0.016, 0.016, 0.016, 0.015, 0.015, 0.016, 0.015, 0.016, 0.016, 0.015, 0.015, 0.015, 0.015, 0.016, 0.016, 0.015, 0.016, 0.016, 0.016, 0.016, 0.016, 0.016, 0.016, 0.016, 0.016, 0.016, 0.015, 0.016, 0.016, 0.015, 0.015, 0.015, 0.015, 0.016, 0.016, 0.016, 0.016, 0.016, 0.016, 0.016, 0.015, 0.016, 0.016, 0.016, 0.016, 0.015]",0,2,3178496,send_recv,2,2
194,0.016,0.016,0.016,0.016,0.0,"[0.016, 0.016, 0.016, 0.016, 0.016, 0.016, 0.016, 0.016, 0.016, 0.016, 0.016, 0.016, 0.016, 0.016, 0.016, 0.016, 0.016, 0.016, 0.016, 0.016, 0.016, 0.016, 0.016, 0.016, 0.016, 0.016, 0.016, 0.016, 0.016, 0.016, 0.016, 0.016, 0.016, 0.016, 0.016, 0.016, 0.016, 0.016, 0.016, 0.016, 0.016, 0.016, 0.016, 0.016, 0.016, 0.016, 0.016, 0.016, 0.016, 0.016, 0.016, 0.016, 0.016, 0.016, 0.016, 0.016, 0.016, 0.016, 0.016, 0.016]",0,2,3211264,send_recv,2,2
195,0.016,0.017,0.016050000000000002,0.016,0.00021794494717703385,"[0.016, 0.016, 0.016, 0.016, 0.016, 0.016, 0.016, 0.016, 0.016, 0.016, 0.016, 0.016, 0.016, 0.016, 0.016, 0.016, 0.016, 0.016, 0.016, 0.016, 0.016, 0.016, 0.016, 0.016, 0.016, 0.016, 0.016, 0.016, 0.016, 0.016, 0.016, 0.016, 0.016, 0.017, 0.017, 0.016, 0.016, 0.016, 0.016, 0.016, 0.016, 0.016, 0.016, 0.016, 0.016, 0.017, 0.016, 0.016, 0.016, 0.016, 0.016, 0.016, 0.016, 0.016, 0.016, 0.016, 0.016, 0.016, 0.016, 0.016]",0,2,3244032,send_recv,2,2
196,0.016,0.017,0.0164,0.016,0.000489897948556636,"[0.016, 0.016, 0.016, 0.016, 0.016, 0.016, 0.016, 0.016, 0.016, 0.016, 0.016, 0.017, 0.016, 0.017, 0.017, 0.017, 0.017, 0.016, 0.017, 0.017, 0.017, 0.016, 0.017, 0.017, 0.017, 0.016, 0.016, 0.016, 0.016, 0.016, 0.016, 0.017, 0.017, 0.016, 0.016, 0.016, 0.017, 0.016, 0.017, 0.017, 0.017, 0.016, 0.017, 0.016, 0.016, 0.016, 0.017, 0.016, 0.017, 0.016, 0.016, 0.016, 0.017, 0.016, 0.016, 0.017, 0.016, 0.017, 0.017, 0.016]",0,2,3276800,send_recv,2,2
197,0.016,0.017,0.016300000000000002,0.016,0.0004582575694955844,"[0.016, 0.016, 0.016, 0.017, 0.016, 0.017, 0.016, 0.017, 0.016, 0.016, 0.017, 0.016, 0.016, 0.017, 0.016, 0.016, 0.016, 0.016, 0.017, 0.016, 0.016, 0.016, 0.016, 0.016, 0.016, 0.017, 0.017, 0.016, 0.016, 0.016, 0.017, 0.017, 0.016, 0.016, 0.016, 0.017, 0.016, 0.016, 0.016, 0.016, 0.016, 0.017, 0.016, 0.017, 0.016, 0.016, 0.017, 0.016, 0.016, 0.017, 0.017, 0.016, 0.016, 0.017, 0.016, 0.016, 0.016, 0.016, 0.016, 0.017]",0,2,3309568,send_recv,2,2
198,0.016,0.017,0.016633333333333337,0.017,0.000481894409826699,"[0.017, 0.017, 0.017, 0.017, 0.017, 0.016, 0.017, 0.016, 0.016, 0.017, 0.016, 0.016, 0.017, 0.016, 0.017, 0.016, 0.016, 0.017, 0.016, 0.016, 0.017, 0.017, 0.016, 0.017, 0.017, 0.017, 0.017, 0.017, 0.016, 0.017, 0.017, 0.017, 0.017, 0.017, 0.017, 0.017, 0.016, 0.017, 0.016, 0.017, 0.017, 0.017, 0.017, 0.017, 0.017, 0.017, 0.017, 0.017, 0.016, 0.016, 0.017, 0.016, 0.017, 0.016, 0.016, 0.016, 0.017, 0.017, 0.016, 0.016]",0,2,3342336,send_recv,2,2
199,0.016,0.017,0.016716666666666668,0.017,0.00045061686115319285,"[0.017, 0.017, 0.016, 0.016, 0.017, 0.017, 0.017, 0.016, 0.016, 0.017, 0.016, 0.017, 0.017, 0.017, 0.017, 0.017, 0.017, 0.017, 0.016, 0.017, 0.017, 0.017, 0.017, 0.016, 0.017, 0.017, 0.017, 0.017, 0.017, 0.017, 0.017, 0.017, 0.017, 0.017, 0.016, 0.017, 0.017, 0.017, 0.017, 0.017, 0.016, 0.016, 0.016, 0.017, 0.016, 0.017, 0.017, 0.017, 0.017, 0.017, 0.016, 0.017, 0.016, 0.017, 0.017, 0.016, 0.017, 0.016, 0.016, 0.017]",0,2,3375104,send_recv,2,2
200,0.016,0.017,0.0166,0.017,0.000489897948556636,"[0.017, 0.017, 0.017, 0.017, 0.017, 0.017, 0.016, 0.017, 0.016, 0.016, 0.016, 0.017, 0.017, 0.016, 0.017, 0.016, 0.017, 0.017, 0.016, 0.017, 0.016, 0.016, 0.017, 0.017, 0.016, 0.017, 0.016, 0.017, 0.016, 0.016, 0.016, 0.017, 0.017, 0.017, 0.017, 0.017, 0.017, 0.017, 0.016, 0.017, 0.017, 0.017, 0.017, 0.017, 0.017, 0.017, 0.016, 0.016, 0.016, 0.017, 0.016, 0.017, 0.017, 0.016, 0.016, 0.016, 0.016, 0.017, 0.017, 0.016]",0,2,3407872,send_recv,2,2
201,0.015,0.016,0.015983333333333336,0.016,0.00012801909579781027,"[0.016, 0.016, 0.016, 0.016, 0.016, 0.016, 0.016, 0.016, 0.016, 0.016, 0.016, 0.016, 0.016, 0.016, 0.016, 0.016, 0.016, 0.016, 0.016, 0.016, 0.016, 0.016, 0.016, 0.016, 0.016, 0.016, 0.016, 0.016, 0.016, 0.016, 0.016, 0.016, 0.016, 0.016, 0.016, 0.016, 0.016, 0.016, 0.016, 0.016, 0.016, 0.016, 0.016, 0.016, 0.016, 0.016, 0.016, 0.016, 0.016, 0.016, 0.016, 0.016, 0.016, 0.015, 0.016, 0.016, 0.016, 0.016, 0.016, 0.016]",0,2,3440640,send_recv,2,2
202,0.016,0.017,0.01601666666666667,0.016,0.00012801909579781025,"[0.016, 0.016, 0.016, 0.016, 0.016, 0.016, 0.016, 0.016, 0.016, 0.016, 0.016, 0.016, 0.016, 0.016, 0.016, 0.016, 0.016, 0.016, 0.016, 0.016, 0.016, 0.016, 0.016, 0.016, 0.016, 0.017, 0.016, 0.016, 0.016, 0.016, 0.016, 0.016, 0.016, 0.016, 0.016, 0.016, 0.016, 0.016, 0.016, 0.016, 0.016, 0.016, 0.016, 0.016, 0.016, 0.016, 0.016, 0.016, 0.016, 0.016, 0.016, 0.016, 0.016, 0.016, 0.016, 0.016, 0.016, 0.016, 0.016, 0.016]",0,2,3473408,send_recv,2,2
203,0.016,0.017,0.016200000000000003,0.016,0.00040000000000000034,"[0.016, 0.016, 0.016, 0.017, 0.016, 0.016, 0.016, 0.016, 0.016, 0.016, 0.016, 0.016, 0.016, 0.016, 0.016, 0.016, 0.016, 0.017, 0.016, 0.016, 0.016, 0.016, 0.016, 0.016, 0.016, 0.017, 0.017, 0.016, 0.016, 0.016, 0.016, 0.016, 0.016, 0.016, 0.016, 0.016, 0.016, 0.016, 0.017, 0.017, 0.016, 0.017, 0.016, 0.016, 0.016, 0.016, 0.016, 0.016, 0.016, 0.016, 0.017, 0.017, 0.016, 0.017, 0.017, 0.017, 0.016, 0.016, 0.016, 0.016]",0,2,3506176,send_recv,2,2
204,0.016,0.017,0.016733333333333333,0.017,0.0004422166387140537,"[0.017, 0.016, 0.017, 0.017, 0.016, 0.016, 0.016, 0.017, 0.016, 0.016, 0.017, 0.017, 0.017, 0.017, 0.017, 0.017, 0.017, 0.017, 0.017, 0.017, 0.017, 0.017, 0.017, 0.017, 0.017, 0.016, 0.017, 0.017, 0.016, 0.017, 0.017, 0.017, 0.017, 0.016, 0.017, 0.017, 0.017, 0.016, 0.017, 0.017, 0.017, 0.016, 0.017, 0.017, 0.016, 0.017, 0.017, 0.017, 0.017, 0.017, 0.017, 0.016, 0.017, 0.016, 0.017, 0.017, 0.016, 0.016, 0.017, 0.017]",0,2,3538944,send_recv,2,2
205,0.016,0.017,0.016816666666666667,0.017,0.000386939558874797,"[0.017, 0.016, 0.017, 0.017, 0.016, 0.017, 0.017, 0.017, 0.017, 0.016, 0.016, 0.017, 0.017, 0.017, 0.017, 0.016, 0.017, 0.016, 0.017, 0.017, 0.017, 0.017, 0.017, 0.016, 0.017, 0.016, 0.017, 0.017, 0.017, 0.017, 0.017, 0.017, 0.017, 0.017, 0.017, 0.017, 0.017, 0.017, 0.017, 0.016, 0.017, 0.016, 0.017, 0.017, 0.017, 0.017, 0.017, 0.017, 0.017, 0.017, 0.017, 0.017, 0.017, 0.017, 0.016, 0.017, 0.017, 0.017, 0.017, 0.017]",0,2,3571712,send_recv,2,2
206,0.016,0.017,0.016716666666666668,0.017,0.0004506168611531928,"[0.017, 0.016, 0.017, 0.016, 0.017, 0.017, 0.016, 0.016, 0.017, 0.016, 0.017, 0.017, 0.017, 0.017, 0.017, 0.017, 0.017, 0.017, 0.017, 0.017, 0.017, 0.017, 0.017, 0.016, 0.017, 0.017, 0.016, 0.017, 0.017, 0.017, 0.017, 0.017, 0.017, 0.017, 0.016, 0.016, 0.016, 0.017, 0.017, 0.017, 0.017, 0.016, 0.016, 0.017, 0.017, 0.017, 0.016, 0.017, 0.017, 0.016, 0.016, 0.017, 0.016, 0.017, 0.017, 0.017, 0.017, 0.017, 0.016, 0.017]",0,2,3604480,send_recv,2,2
207,0.016,0.017,0.016766666666666666,0.017,0.000422952584681651,"[0.017, 0.017, 0.017, 0.017, 0.017, 0.017, 0.016, 0.016, 0.017, 0.017, 0.017, 0.017, 0.016, 0.017, 0.016, 0.017, 0.017, 0.017, 0.017, 0.017, 0.017, 0.017, 0.017, 0.016, 0.017, 0.017, 0.017, 0.016, 0.016, 0.017, 0.017, 0.017, 0.016, 0.016, 0.017, 0.017, 0.017, 0.017, 0.017, 0.017, 0.017, 0.017, 0.017, 0.016, 0.016, 0.017, 0.017, 0.017, 0.017, 0.016, 0.017, 0.017, 0.017, 0.017, 0.017, 0.017, 0.016, 0.016, 0.017, 0.017]",0,2,3637248,send_recv,2,2
208,0.016,0.017,0.016716666666666668,0.017,0.0004506168611531928,"[0.016, 0.017, 0.017, 0.017, 0.017, 0.017, 0.017, 0.016, 0.017, 0.017, 0.017, 0.017, 0.016, 0.016, 0.016, 0.017, 0.016, 0.017, 0.017, 0.017, 0.017, 0.016, 0.017, 0.017, 0.016, 0.017, 0.017, 0.017, 0.017, 0.017, 0.017, 0.017, 0.016, 0.017, 0.017, 0.017, 0.017, 0.017, 0.016, 0.017, 0.017, 0.016, 0.017, 0.017, 0.017, 0.016, 0.016, 0.017, 0.017, 0.016, 0.017, 0.017, 0.017, 0.016, 0.017, 0.017, 0.017, 0.016, 0.017, 0.016]",0,2,3670016,send_recv,2,2
209,0.016,0.017,0.016233333333333336,0.016,0.00042295258468165095,"[0.017, 0.016, 0.016, 0.016, 0.017, 0.016, 0.016, 0.016, 0.016, 0.017, 0.016, 0.016, 0.016, 0.017, 0.016, 0.016, 0.016, 0.016, 0.016, 0.016, 0.016, 0.016, 0.017, 0.016, 0.016, 0.017, 0.016, 0.016, 0.016, 0.016, 0.016, 0.016, 0.016, 0.016, 0.016, 0.016, 0.017, 0.016, 0.017, 0.016, 0.016, 0.016, 0.016, 0.016, 0.016, 0.017, 0.016, 0.016, 0.017, 0.017, 0.016, 0.016, 0.016, 0.017, 0.017, 0.016, 0.016, 0.017, 0.016, 0.016]",0,2,3702784,send_recv,2,2
210,0.016,0.017,0.016283333333333334,0.016,0.0004506168611531928,"[0.017, 0.016, 0.016, 0.016, 0.016, 0.016, 0.017, 0.016, 0.016, 0.016, 0.017, 0.017, 0.016, 0.016, 0.017, 0.016, 0.016, 0.017, 0.017, 0.017, 0.016, 0.016, 0.017, 0.016, 0.016, 0.016, 0.017, 0.017, 0.016, 0.016, 0.017, 0.016, 0.016, 0.016, 0.016, 0.017, 0.016, 0.016, 0.016, 0.016, 0.017, 0.016, 0.016, 0.016, 0.016, 0.016, 0.017, 0.016, 0.016, 0.016, 0.016, 0.017, 0.016, 0.016, 0.017, 0.016, 0.016, 0.016, 0.016, 0.016]",0,2,3735552,send_recv,2,2
211,0.016,0.017,0.016766666666666666,0.017,0.000422952584681651,"[0.017, 0.016, 0.016, 0.017, 0.017, 0.017, 0.017, 0.017, 0.017, 0.017, 0.017, 0.017, 0.016, 0.017, 0.016, 0.017, 0.017, 0.016, 0.017, 0.017, 0.017, 0.016, 0.016, 0.016, 0.017, 0.017, 0.017, 0.017, 0.017, 0.017, 0.017, 0.016, 0.017, 0.016, 0.017, 0.017, 0.017, 0.017, 0.017, 0.017, 0.017, 0.017, 0.017, 0.017, 0.017, 0.016, 0.016, 0.016, 0.017, 0.017, 0.016, 0.017, 0.017, 0.017, 0.017, 0.017, 0.017, 0.017, 0.017, 0.017]",0,2,3768320,send_recv,2,2
212,0.017,0.017,0.017,0.017,0.0,"[0.017, 0.017, 0.017, 0.017, 0.017, 0.017, 0.017, 0.017, 0.017, 0.017, 0.017, 0.017, 0.017, 0.017, 0.017, 0.017, 0.017, 0.017, 0.017, 0.017, 0.017, 0.017, 0.017, 0.017, 0.017, 0.017, 0.017, 0.017, 0.017, 0.017, 0.017, 0.017, 0.017, 0.017, 0.017, 0.017, 0.017, 0.017, 0.017, 0.017, 0.017, 0.017, 0.017, 0.017, 0.017, 0.017, 0.017, 0.017, 0.017, 0.017, 0.017, 0.017, 0.017, 0.017, 0.017, 0.017, 0.017, 0.017, 0.017, 0.017]",0,2,3801088,send_recv,2,2
213,0.016,0.017,0.016983333333333333,0.017,0.00012801909579781025,"[0.017, 0.017, 0.017, 0.017, 0.017, 0.017, 0.017, 0.017, 0.017, 0.017, 0.017, 0.017, 0.017, 0.017, 0.017, 0.017, 0.017, 0.017, 0.017, 0.017, 0.017, 0.017, 0.017, 0.017, 0.017, 0.017, 0.017, 0.017, 0.017, 0.017, 0.017, 0.017, 0.017, 0.017, 0.017, 0.017, 0.017, 0.017, 0.017, 0.017, 0.017, 0.017, 0.017, 0.017, 0.016, 0.017, 0.017, 0.017, 0.017, 0.017, 0.017, 0.017, 0.017, 0.017, 0.017, 0.017, 0.017, 0.017, 0.017, 0.017]",0,2,3833856,send_recv,2,2
214,0.016,0.017,0.016900000000000002,0.017,0.0003000000000000003,"[0.017, 0.017, 0.017, 0.017, 0.017, 0.017, 0.017, 0.017, 0.017, 0.017, 0.017, 0.016, 0.017, 0.017, 0.016, 0.017, 0.016, 0.017, 0.017, 0.017, 0.017, 0.017, 0.017, 0.017, 0.017, 0.017, 0.017, 0.017, 0.017, 0.017, 0.016, 0.017, 0.017, 0.017, 0.017, 0.016, 0.017, 0.017, 0.017, 0.017, 0.017, 0.017, 0.017, 0.016, 0.017, 0.017, 0.017, 0.017, 0.017, 0.017, 0.017, 0.017, 0.017, 0.017, 0.017, 0.017, 0.017, 0.017, 0.017, 0.017]",0,2,3866624,send_recv,2,2
215,0.017,0.017,0.017,0.017,0.0,"[0.017, 0.017, 0.017, 0.017, 0.017, 0.017, 0.017, 0.017, 0.017, 0.017, 0.017, 0.017, 0.017, 0.017, 0.017, 0.017, 0.017, 0.017, 0.017, 0.017, 0.017, 0.017, 0.017, 0.017, 0.017, 0.017, 0.017, 0.017, 0.017, 0.017, 0.017, 0.017, 0.017, 0.017, 0.017, 0.017, 0.017, 0.017, 0.017, 0.017, 0.017, 0.017, 0.017, 0.017, 0.017, 0.017, 0.017, 0.017, 0.017, 0.017, 0.017, 0.017, 0.017, 0.017, 0.017, 0.017, 0.017, 0.017, 0.017, 0.017]",0,2,3899392,send_recv,2,2
216,0.016,0.017,0.016983333333333333,0.017,0.00012801909579781025,"[0.017, 0.017, 0.017, 0.017, 0.017, 0.017, 0.017, 0.017, 0.017, 0.017, 0.017, 0.017, 0.017, 0.017, 0.017, 0.017, 0.016, 0.017, 0.017, 0.017, 0.017, 0.017, 0.017, 0.017, 0.017, 0.017, 0.017, 0.017, 0.017, 0.017, 0.017, 0.017, 0.017, 0.017, 0.017, 0.017, 0.017, 0.017, 0.017, 0.017, 0.017, 0.017, 0.017, 0.017, 0.017, 0.017, 0.017, 0.017, 0.017, 0.017, 0.017, 0.017, 0.017, 0.017, 0.017, 0.017, 0.017, 0.017, 0.017, 0.017]",0,2,3932160,send_recv,2,2
217,0.016,0.017,0.01616666666666667,0.016,0.0003726779962499653,"[0.016, 0.016, 0.017, 0.016, 0.017, 0.016, 0.016, 0.016, 0.016, 0.016, 0.016, 0.017, 0.016, 0.016, 0.017, 0.016, 0.016, 0.016, 0.016, 0.016, 0.016, 0.016, 0.016, 0.016, 0.016, 0.016, 0.016, 0.016, 0.016, 0.016, 0.016, 0.017, 0.016, 0.016, 0.016, 0.017, 0.017, 0.016, 0.016, 0.017, 0.016, 0.016, 0.016, 0.016, 0.016, 0.016, 0.017, 0.016, 0.016, 0.016, 0.016, 0.017, 0.016, 0.016, 0.016, 0.016, 0.016, 0.016, 0.016, 0.016]",0,2,3964928,send_recv,2,2
218,0.016,0.017,0.016316666666666667,0.016,0.00046517619123176245,"[0.017, 0.017, 0.016, 0.017, 0.017, 0.016, 0.016, 0.016, 0.016, 0.017, 0.017, 0.016, 0.016, 0.016, 0.016, 0.016, 0.017, 0.017, 0.016, 0.016, 0.016, 0.016, 0.017, 0.016, 0.016, 0.017, 0.016, 0.016, 0.016, 0.016, 0.016, 0.017, 0.017, 0.016, 0.016, 0.016, 0.016, 0.016, 0.016, 0.017, 0.017, 0.016, 0.016, 0.016, 0.017, 0.016, 0.016, 0.016, 0.016, 0.017, 0.016, 0.016, 0.016, 0.016, 0.017, 0.016, 0.017, 0.016, 0.016, 0.017]",0,2,3997696,send_recv,2,2
219,0.016,0.017,0.01651666666666667,0.017,0.0004997221450188321,"[0.017, 0.017, 0.016, 0.016, 0.017, 0.017, 0.017, 0.016, 0.016, 0.017, 0.017, 0.016, 0.016, 0.017, 0.017, 0.016, 0.017, 0.017, 0.017, 0.017, 0.016, 0.017, 0.017, 0.016, 0.017, 0.017, 0.016, 0.016, 0.016, 0.016, 0.017, 0.017, 0.017, 0.017, 0.016, 0.016, 0.016, 0.017, 0.017, 0.017, 0.017, 0.016, 0.016, 0.016, 0.016, 0.016, 0.017, 0.017, 0.016, 0.017, 0.016, 0.016, 0.016, 0.016, 0.017, 0.017, 0.017, 0.016, 0.016, 0.016]",0,2,4030464,send_recv,2,2
220,0.016,0.017,0.016716666666666668,0.017,0.00045061686115319285,"[0.017, 0.016, 0.017, 0.017, 0.017, 0.017, 0.017, 0.016, 0.017, 0.017, 0.017, 0.017, 0.017, 0.017, 0.017, 0.016, 0.016, 0.016, 0.016, 0.017, 0.016, 0.017, 0.017, 0.016, 0.016, 0.017, 0.017, 0.017, 0.016, 0.017, 0.017, 0.016, 0.017, 0.017, 0.017, 0.017, 0.017, 0.017, 0.017, 0.016, 0.016, 0.017, 0.017, 0.017, 0.017, 0.017, 0.017, 0.016, 0.017, 0.017, 0.017, 0.017, 0.016, 0.017, 0.017, 0.016, 0.016, 0.017, 0.017, 0.017]",0,2,4063232,send_recv,2,2
221,0.016,0.017,0.016900000000000002,0.017,0.0003000000000000003,"[0.017, 0.017, 0.017, 0.017, 0.017, 0.017, 0.017, 0.017, 0.017, 0.017, 0.017, 0.017, 0.016, 0.017, 0.017, 0.017, 0.017, 0.017, 0.017, 0.017, 0.017, 0.017, 0.017, 0.017, 0.017, 0.017, 0.017, 0.017, 0.017, 0.017, 0.017, 0.017, 0.017, 0.017, 0.017, 0.017, 0.017, 0.017, 0.016, 0.017, 0.017, 0.016, 0.017, 0.017, 0.017, 0.016, 0.017, 0.017, 0.017, 0.017, 0.016, 0.017, 0.016, 0.017, 0.017, 0.017, 0.017, 0.017, 0.017, 0.017]",0,2,4096000,send_recv,2,2
222,0.017,0.017,0.017,0.017,0.0,"[0.017, 0.017, 0.017, 0.017, 0.017, 0.017, 0.017, 0.017, 0.017, 0.017, 0.017, 0.017, 0.017, 0.017, 0.017, 0.017, 0.017, 0.017, 0.017, 0.017, 0.017, 0.017, 0.017, 0.017, 0.017, 0.017, 0.017, 0.017, 0.017, 0.017, 0.017, 0.017, 0.017, 0.017, 0.017, 0.017, 0.017, 0.017, 0.017, 0.017, 0.017, 0.017, 0.017, 0.017, 0.017, 0.017, 0.017, 0.017, 0.017, 0.017, 0.017, 0.017, 0.017, 0.017, 0.017, 0.017, 0.017, 0.017, 0.017, 0.017]",0,2,4128768,send_recv,2,2
223,0.017,0.017,0.017,0.017,0.0,"[0.017, 0.017, 0.017, 0.017, 0.017, 0.017, 0.017, 0.017, 0.017, 0.017, 0.017, 0.017, 0.017, 0.017, 0.017, 0.017, 0.017, 0.017, 0.017, 0.017, 0.017, 0.017, 0.017, 0.017, 0.017, 0.017, 0.017, 0.017, 0.017, 0.017, 0.017, 0.017, 0.017, 0.017, 0.017, 0.017, 0.017, 0.017, 0.017, 0.017, 0.017, 0.017, 0.017, 0.017, 0.017, 0.017, 0.017, 0.017, 0.017, 0.017, 0.017, 0.017, 0.017, 0.017, 0.017, 0.017, 0.017, 0.017, 0.017, 0.017]",0,2,4161536,send_recv,2,2
224,0.017,0.017,0.017,0.017,0.0,"[0.017, 0.017, 0.017, 0.017, 0.017, 0.017, 0.017, 0.017, 0.017, 0.017, 0.017, 0.017, 0.017, 0.017, 0.017, 0.017, 0.017, 0.017, 0.017, 0.017, 0.017, 0.017, 0.017, 0.017, 0.017, 0.017, 0.017, 0.017, 0.017, 0.017, 0.017, 0.017, 0.017, 0.017, 0.017, 0.017, 0.017, 0.017, 0.017, 0.017, 0.017, 0.017, 0.017, 0.017, 0.017, 0.017, 0.017, 0.017, 0.017, 0.017, 0.017, 0.017, 0.017, 0.017, 0.017, 0.017, 0.017, 0.017, 0.017, 0.017]",0,2,4194304,send_recv,2,2
225,0.019,0.02,0.019216666666666663,0.019,0.00041197356981027627,"[0.019, 0.02, 0.019, 0.019, 0.019, 0.019, 0.019, 0.019, 0.019, 0.02, 0.019, 0.019, 0.019, 0.019, 0.019, 0.019, 0.019, 0.019, 0.02, 0.019, 0.019, 0.019, 0.019, 0.02, 0.019, 0.02, 0.019, 0.019, 0.019, 0.02, 0.019, 0.019, 0.019, 0.02, 0.019, 0.019, 0.019, 0.019, 0.019, 0.019, 0.019, 0.019, 0.019, 0.019, 0.019, 0.02, 0.019, 0.02, 0.019, 0.02, 0.019, 0.019, 0.02, 0.019, 0.02, 0.019, 0.02, 0.019, 0.019, 0.019]",0,2,4227072,send_recv,2,2
226,0.019,0.02,0.01976666666666667,0.02,0.000422952584681651,"[0.02, 0.02, 0.02, 0.019, 0.02, 0.019, 0.02, 0.02, 0.02, 0.02, 0.02, 0.02, 0.02, 0.02, 0.02, 0.02, 0.019, 0.02, 0.02, 0.02, 0.019, 0.02, 0.02, 0.02, 0.02, 0.02, 0.02, 0.019, 0.019, 0.019, 0.02, 0.02, 0.019, 0.02, 0.02, 0.02, 0.02, 0.019, 0.019, 0.02, 0.019, 0.02, 0.019, 0.02, 0.02, 0.02, 0.02, 0.02, 0.02, 0.019, 0.02, 0.02, 0.019, 0.02, 0.02, 0.02, 0.02, 0.02, 0.02, 0.02]",0,2,4259840,send_recv,2,2
227,0.018000000000000002,0.019,0.0185,0.018500000000000003,0.0004999999999999988,"[0.019, 0.018000000000000002, 0.018000000000000002, 0.018000000000000002, 0.019, 0.019, 0.018000000000000002, 0.019, 0.019, 0.019, 0.018000000000000002, 0.019, 0.018000000000000002, 0.019, 0.018000000000000002, 0.018000000000000002, 0.018000000000000002, 0.018000000000000002, 0.019, 0.019, 0.018000000000000002, 0.019, 0.019, 0.019, 0.019, 0.019, 0.019, 0.019, 0.018000000000000002, 0.019, 0.018000000000000002, 0.018000000000000002, 0.018000000000000002, 0.019, 0.018000000000000002, 0.019, 0.018000000000000002, 0.018000000000000002, 0.019, 0.018000000000000002, 0.019, 0.019, 0.018000000000000002, 0.019, 0.018000000000000002, 0.018000000000000002, 0.018000000000000002, 0.018000000000000002, 0.019, 0.019, 0.018000000000000002, 0.019, 0.018000000000000002, 0.018000000000000002, 0.018000000000000002, 0.019, 0.018000000000000002, 0.019, 0.018000000000000002, 0.019]",0,2,4292608,send_recv,2,2
228,0.018000000000000002,0.019,0.01891666666666666,0.019,0.0002763853991962826,"[0.019, 0.019, 0.019, 0.019, 0.019, 0.019, 0.019, 0.019, 0.019, 0.019, 0.019, 0.019, 0.019, 0.019, 0.019, 0.019, 0.019, 0.019, 0.018000000000000002, 0.019, 0.019, 0.018000000000000002, 0.019, 0.019, 0.019, 0.019, 0.019, 0.019, 0.019, 0.019, 0.019, 0.019, 0.019, 0.019, 0.019, 0.019, 0.019, 0.019, 0.019, 0.018000000000000002, 0.019, 0.019, 0.018000000000000002, 0.019, 0.019, 0.019, 0.019, 0.019, 0.019, 0.019, 0.019, 0.019, 0.019, 0.019, 0.019, 0.019, 0.019, 0.018000000000000002, 0.019, 0.019]",0,2,4325376,send_recv,2,2
229,0.019,0.02,0.019099999999999995,0.019,0.00030000000000000024,"[0.019, 0.019, 0.019, 0.019, 0.019, 0.02, 0.019, 0.019, 0.019, 0.019, 0.019, 0.019, 0.019, 0.019, 0.019, 0.019, 0.019, 0.019, 0.019, 0.019, 0.019, 0.019, 0.019, 0.019, 0.019, 0.019, 0.019, 0.019, 0.019, 0.019, 0.019, 0.019, 0.02, 0.019, 0.019, 0.019, 0.019, 0.019, 0.019, 0.019, 0.019, 0.019, 0.019, 0.019, 0.019, 0.02, 0.019, 0.019, 0.02, 0.019, 0.019, 0.02, 0.019, 0.02, 0.019, 0.019, 0.019, 0.019, 0.019, 0.019]",0,2,4358144,send_recv,2,2
230,0.019,0.02,0.01918333333333333,0.019,0.00038693955887479696,"[0.019, 0.019, 0.019, 0.019, 0.019, 0.019, 0.019, 0.02, 0.019, 0.019, 0.019, 0.019, 0.019, 0.02, 0.019, 0.019, 0.019, 0.019, 0.02, 0.019, 0.019, 0.019, 0.019, 0.019, 0.02, 0.02, 0.019, 0.019, 0.019, 0.019, 0.019, 0.019, 0.019, 0.019, 0.02, 0.019, 0.019, 0.019, 0.019, 0.019, 0.019, 0.019, 0.02, 0.019, 0.019, 0.02, 0.019, 0.019, 0.019, 0.019, 0.02, 0.019, 0.019, 0.02, 0.019, 0.019, 0.019, 0.019, 0.019, 0.02]",0,2,4390912,send_recv,2,2
231,0.019,0.02,0.019466666666666667,0.019,0.0004988876515698592,"[0.02, 0.019, 0.02, 0.02, 0.02, 0.019, 0.02, 0.019, 0.019, 0.019, 0.02, 0.019, 0.02, 0.02, 0.019, 0.019, 0.019, 0.019, 0.02, 0.019, 0.019, 0.02, 0.019, 0.02, 0.019, 0.02, 0.02, 0.019, 0.019, 0.02, 0.019, 0.02, 0.019, 0.019, 0.02, 0.019, 0.019, 0.02, 0.02, 0.02, 0.019, 0.019, 0.02, 0.02, 0.019, 0.02, 0.019, 0.019, 0.019, 0.019, 0.02, 0.019, 0.02, 0.02, 0.019, 0.02, 0.019, 0.02, 0.02, 0.019]",0,2,4423680,send_recv,2,2
232,0.019,0.02,0.019633333333333332,0.02,0.0004818944098266991,"[0.02, 0.019, 0.02, 0.02, 0.02, 0.019, 0.019, 0.02, 0.019, 0.02, 0.02, 0.02, 0.02, 0.019, 0.02, 0.02, 0.019, 0.02, 0.02, 0.019, 0.02, 0.019, 0.02, 0.02, 0.019, 0.019, 0.02, 0.019, 0.02, 0.019, 0.019, 0.02, 0.02, 0.02, 0.02, 0.02, 0.02, 0.019, 0.019, 0.02, 0.019, 0.02, 0.019, 0.02, 0.02, 0.019, 0.02, 0.02, 0.019, 0.02, 0.02, 0.02, 0.02, 0.019, 0.02, 0.02, 0.019, 0.02, 0.02, 0.019]",0,2,4456448,send_recv,2,2
233,0.019,0.02,0.019649999999999997,0.02,0.00047696960070847325,"[0.02, 0.02, 0.02, 0.02, 0.02, 0.02, 0.02, 0.02, 0.02, 0.02, 0.019, 0.02, 0.02, 0.019, 0.02, 0.019, 0.02, 0.02, 0.019, 0.019, 0.02, 0.02, 0.019, 0.019, 0.019, 0.02, 0.02, 0.019, 0.02, 0.019, 0.02, 0.02, 0.02, 0.02, 0.02, 0.019, 0.02, 0.02, 0.019, 0.02, 0.019, 0.02, 0.019, 0.019, 0.02, 0.019, 0.019, 0.02, 0.02, 0.02, 0.02, 0.019, 0.02, 0.02, 0.019, 0.02, 0.019, 0.02, 0.019, 0.02]",0,2,4489216,send_recv,2,2
234,0.019,0.02,0.01975,0.02,0.0004330127018922197,"[0.02, 0.02, 0.019, 0.02, 0.02, 0.02, 0.02, 0.02, 0.02, 0.02, 0.019, 0.019, 0.02, 0.019, 0.02, 0.019, 0.02, 0.02, 0.019, 0.019, 0.02, 0.02, 0.02, 0.02, 0.02, 0.02, 0.019, 0.019, 0.02, 0.02, 0.02, 0.02, 0.019, 0.02, 0.019, 0.019, 0.02, 0.019, 0.02, 0.019, 0.02, 0.02, 0.02, 0.02, 0.02, 0.02, 0.02, 0.02, 0.019, 0.02, 0.02, 0.02, 0.02, 0.02, 0.02, 0.02, 0.02, 0.02, 0.02, 0.02]",0,2,4521984,send_recv,2,2
235,0.019,0.02,0.019616666666666668,0.02,0.0004861984048604945,"[0.02, 0.02, 0.019, 0.02, 0.02, 0.019, 0.02, 0.019, 0.02, 0.02, 0.02, 0.02, 0.019, 0.019, 0.02, 0.02, 0.02, 0.02, 0.019, 0.019, 0.019, 0.019, 0.02, 0.019, 0.02, 0.02, 0.019, 0.02, 0.019, 0.019, 0.02, 0.019, 0.02, 0.02, 0.019, 0.02, 0.02, 0.02, 0.02, 0.02, 0.02, 0.02, 0.019, 0.02, 0.019, 0.019, 0.02, 0.019, 0.02, 0.02, 0.019, 0.02, 0.019, 0.02, 0.02, 0.019, 0.02, 0.02, 0.019, 0.02]",0,2,4554752,send_recv,2,2
236,0.019,0.02,0.01985,0.02,0.0003570714214271428,"[0.02, 0.02, 0.019, 0.02, 0.02, 0.02, 0.02, 0.02, 0.02, 0.02, 0.02, 0.02, 0.02, 0.02, 0.02, 0.019, 0.02, 0.019, 0.02, 0.02, 0.019, 0.02, 0.02, 0.02, 0.02, 0.02, 0.02, 0.02, 0.02, 0.02, 0.02, 0.02, 0.02, 0.02, 0.02, 0.02, 0.02, 0.02, 0.02, 0.02, 0.02, 0.02, 0.02, 0.02, 0.019, 0.02, 0.02, 0.02, 0.02, 0.019, 0.02, 0.02, 0.019, 0.019, 0.02, 0.02, 0.02, 0.019, 0.02, 0.02]",0,2,4587520,send_recv,2,2
237,0.019,0.02,0.019149999999999993,0.019,0.0003570714214271429,"[0.019, 0.019, 0.019, 0.019, 0.019, 0.019, 0.02, 0.019, 0.019, 0.019, 0.02, 0.019, 0.019, 0.02, 0.019, 0.019, 0.019, 0.019, 0.019, 0.02, 0.019, 0.019, 0.019, 0.019, 0.02, 0.019, 0.019, 0.019, 0.02, 0.019, 0.019, 0.019, 0.019, 0.019, 0.019, 0.019, 0.019, 0.02, 0.019, 0.019, 0.019, 0.019, 0.019, 0.019, 0.02, 0.019, 0.019, 0.019, 0.02, 0.019, 0.019, 0.019, 0.019, 0.019, 0.019, 0.019, 0.019, 0.019, 0.019, 0.019]",0,2,4620288,send_recv,2,2
238,0.019,0.02,0.019066666666666662,0.019,0.00024944382578492966,"[0.019, 0.019, 0.019, 0.019, 0.019, 0.019, 0.019, 0.02, 0.019, 0.019, 0.019, 0.019, 0.019, 0.019, 0.019, 0.019, 0.019, 0.019, 0.019, 0.019, 0.019, 0.02, 0.019, 0.019, 0.019, 0.019, 0.019, 0.019, 0.019, 0.019, 0.019, 0.019, 0.019, 0.019, 0.019, 0.02, 0.019, 0.019, 0.019, 0.019, 0.019, 0.019, 0.019, 0.019, 0.019, 0.02, 0.019, 0.019, 0.019, 0.019, 0.019, 0.019, 0.019, 0.019, 0.019, 0.019, 0.019, 0.019, 0.019, 0.019]",0,2,4653056,send_recv,2,2
239,0.019,0.02,0.01928333333333333,0.019,0.00045061686115319285,"[0.019, 0.019, 0.02, 0.02, 0.019, 0.02, 0.019, 0.019, 0.019, 0.019, 0.019, 0.02, 0.019, 0.019, 0.019, 0.019, 0.019, 0.019, 0.02, 0.019, 0.02, 0.02, 0.019, 0.02, 0.02, 0.019, 0.019, 0.019, 0.019, 0.019, 0.019, 0.02, 0.019, 0.02, 0.019, 0.019, 0.019, 0.02, 0.02, 0.019, 0.019, 0.019, 0.019, 0.019, 0.019, 0.02, 0.019, 0.02, 0.02, 0.019, 0.019, 0.019, 0.019, 0.019, 0.019, 0.019, 0.02, 0.019, 0.019, 0.019]",0,2,4685824,send_recv,2,2
240,0.019,0.02,0.0197,0.02,0.0004582575694955844,"[0.02, 0.02, 0.02, 0.02, 0.019, 0.02, 0.02, 0.02, 0.019, 0.019, 0.02, 0.019, 0.02, 0.02, 0.02, 0.019, 0.02, 0.02, 0.02, 0.02, 0.02, 0.02, 0.019, 0.02, 0.02, 0.019, 0.019, 0.02, 0.02, 0.02, 0.019, 0.019, 0.019, 0.019, 0.019, 0.019, 0.02, 0.019, 0.02, 0.02, 0.019, 0.02, 0.02, 0.02, 0.02, 0.02, 0.02, 0.02, 0.02, 0.02, 0.02, 0.02, 0.02, 0.02, 0.02, 0.02, 0.019, 0.02, 0.02, 0.019]",0,2,4718592,send_recv,2,2
241,0.019,0.02,0.01971666666666667,0.02,0.00045061686115319285,"[0.02, 0.02, 0.02, 0.019, 0.02, 0.02, 0.019, 0.02, 0.019, 0.02, 0.019, 0.019, 0.02, 0.02, 0.019, 0.02, 0.02, 0.02, 0.02, 0.02, 0.02, 0.02, 0.019, 0.02, 0.019, 0.019, 0.02, 0.019, 0.02, 0.02, 0.019, 0.019, 0.02, 0.02, 0.02, 0.02, 0.02, 0.02, 0.019, 0.02, 0.02, 0.019, 0.02, 0.02, 0.02, 0.02, 0.02, 0.02, 0.019, 0.02, 0.02, 0.02, 0.019, 0.019, 0.02, 0.02, 0.02, 0.02, 0.02, 0.02]",0,2,4751360,send_recv,2,2
242,0.019,0.02,0.019900000000000004,0.02,0.00030000000000000024,"[0.02, 0.02, 0.02, 0.019, 0.02, 0.02, 0.02, 0.02, 0.02, 0.02, 0.02, 0.02, 0.02, 0.019, 0.02, 0.02, 0.02, 0.02, 0.02, 0.02, 0.02, 0.02, 0.019, 0.02, 0.02, 0.02, 0.02, 0.019, 0.02, 0.02, 0.02, 0.02, 0.02, 0.02, 0.02, 0.02, 0.02, 0.02, 0.02, 0.02, 0.02, 0.02, 0.02, 0.02, 0.02, 0.02, 0.019, 0.02, 0.019, 0.02, 0.02, 0.02, 0.02, 0.02, 0.02, 0.02, 0.02, 0.02, 0.02, 0.02]",0,2,4784128,send_recv,2,2
243,0.02,0.02,0.020000000000000004,0.02,3.469446951953614e-18,"[0.02, 0.02, 0.02, 0.02, 0.02, 0.02, 0.02, 0.02, 0.02, 0.02, 0.02, 0.02, 0.02, 0.02, 0.02, 0.02, 0.02, 0.02, 0.02, 0.02, 0.02, 0.02, 0.02, 0.02, 0.02, 0.02, 0.02, 0.02, 0.02, 0.02, 0.02, 0.02, 0.02, 0.02, 0.02, 0.02, 0.02, 0.02, 0.02, 0.02, 0.02, 0.02, 0.02, 0.02, 0.02, 0.02, 0.02, 0.02, 0.02, 0.02, 0.02, 0.02, 0.02, 0.02, 0.02, 0.02, 0.02, 0.02, 0.02, 0.02]",0,2,4816896,send_recv,2,2
244,0.019,0.02,0.019900000000000004,0.02,0.00030000000000000024,"[0.02, 0.02, 0.02, 0.019, 0.02, 0.02, 0.02, 0.02, 0.02, 0.02, 0.02, 0.02, 0.02, 0.02, 0.02, 0.02, 0.02, 0.02, 0.02, 0.02, 0.02, 0.02, 0.02, 0.02, 0.02, 0.02, 0.02, 0.02, 0.02, 0.019, 0.02, 0.02, 0.02, 0.02, 0.019, 0.02, 0.02, 0.019, 0.02, 0.02, 0.02, 0.02, 0.019, 0.02, 0.02, 0.02, 0.02, 0.02, 0.02, 0.02, 0.019, 0.02, 0.02, 0.02, 0.02, 0.02, 0.02, 0.02, 0.02, 0.02]",0,2,4849664,send_recv,2,2
245,0.019,0.02,0.019900000000000004,0.02,0.00030000000000000024,"[0.02, 0.02, 0.019, 0.02, 0.02, 0.02, 0.02, 0.02, 0.02, 0.02, 0.02, 0.02, 0.019, 0.02, 0.02, 0.02, 0.02, 0.02, 0.02, 0.02, 0.02, 0.02, 0.02, 0.02, 0.02, 0.02, 0.02, 0.019, 0.02, 0.02, 0.02, 0.02, 0.02, 0.02, 0.02, 0.02, 0.02, 0.02, 0.02, 0.02, 0.02, 0.02, 0.02, 0.02, 0.02, 0.019, 0.02, 0.02, 0.02, 0.02, 0.02, 0.02, 0.02, 0.02, 0.02, 0.019, 0.02, 0.02, 0.019, 0.02]",0,2,4882432,send_recv,2,2
246,0.019,0.02,0.019850000000000003,0.02,0.00035707142142714284,"[0.02, 0.02, 0.02, 0.019, 0.02, 0.02, 0.02, 0.02, 0.02, 0.02, 0.019, 0.02, 0.02, 0.02, 0.019, 0.02, 0.02, 0.02, 0.02, 0.02, 0.019, 0.02, 0.02, 0.02, 0.02, 0.02, 0.02, 0.02, 0.019, 0.02, 0.02, 0.02, 0.02, 0.02, 0.02, 0.02, 0.02, 0.02, 0.02, 0.019, 0.02, 0.02, 0.019, 0.02, 0.02, 0.02, 0.02, 0.019, 0.02, 0.02, 0.02, 0.02, 0.019, 0.02, 0.02, 0.02, 0.02, 0.02, 0.02, 0.02]",0,2,4915200,send_recv,2,2
247,0.019,0.019,0.018999999999999996,0.019,3.469446951953614e-18,"[0.019, 0.019, 0.019, 0.019, 0.019, 0.019, 0.019, 0.019, 0.019, 0.019, 0.019, 0.019, 0.019, 0.019, 0.019, 0.019, 0.019, 0.019, 0.019, 0.019, 0.019, 0.019, 0.019, 0.019, 0.019, 0.019, 0.019, 0.019, 0.019, 0.019, 0.019, 0.019, 0.019, 0.019, 0.019, 0.019, 0.019, 0.019, 0.019, 0.019, 0.019, 0.019, 0.019, 0.019, 0.019, 0.019, 0.019, 0.019, 0.019, 0.019, 0.019, 0.019, 0.019, 0.019, 0.019, 0.019, 0.019, 0.019, 0.019, 0.019]",0,2,4947968,send_recv,2,2
248,0.019,0.02,0.019049999999999997,0.019,0.0002179449471770339,"[0.019, 0.019, 0.019, 0.019, 0.019, 0.019, 0.019, 0.019, 0.019, 0.019, 0.019, 0.019, 0.019, 0.019, 0.019, 0.019, 0.019, 0.019, 0.019, 0.019, 0.019, 0.019, 0.019, 0.019, 0.02, 0.019, 0.019, 0.019, 0.019, 0.019, 0.02, 0.019, 0.019, 0.019, 0.019, 0.019, 0.019, 0.019, 0.019, 0.019, 0.019, 0.019, 0.019, 0.019, 0.019, 0.019, 0.019, 0.019, 0.019, 0.019, 0.019, 0.02, 0.019, 0.019, 0.019, 0.019, 0.019, 0.019, 0.019, 0.019]",0,2,4980736,send_recv,2,2
249,0.019,0.02,0.019066666666666666,0.019,0.00024944382578492966,"[0.019, 0.02, 0.019, 0.019, 0.019, 0.019, 0.019, 0.019, 0.019, 0.019, 0.019, 0.019, 0.019, 0.019, 0.019, 0.019, 0.019, 0.019, 0.019, 0.019, 0.019, 0.02, 0.019, 0.019, 0.019, 0.019, 0.019, 0.019, 0.019, 0.019, 0.019, 0.019, 0.019, 0.019, 0.019, 0.019, 0.019, 0.019, 0.019, 0.019, 0.019, 0.019, 0.019, 0.019, 0.019, 0.019, 0.019, 0.02, 0.019, 0.019, 0.019, 0.019, 0.019, 0.019, 0.019, 0.019, 0.02, 0.019, 0.019, 0.019]",0,2,5013504,send_recv,2,2
250,0.019,0.02,0.019199999999999995,0.019,0.00040000000000000034,"[0.019, 0.019, 0.019, 0.019, 0.019, 0.019, 0.019, 0.019, 0.019, 0.019, 0.019, 0.02, 0.02, 0.019, 0.019, 0.019, 0.02, 0.019, 0.019, 0.02, 0.019, 0.019, 0.019, 0.019, 0.019, 0.019, 0.02, 0.019, 0.019, 0.019, 0.019, 0.02, 0.019, 0.019, 0.019, 0.019, 0.019, 0.02, 0.02, 0.019, 0.019, 0.019, 0.02, 0.019, 0.019, 0.019, 0.019, 0.02, 0.019, 0.019, 0.019, 0.02, 0.019, 0.02, 0.019, 0.019, 0.019, 0.019, 0.019, 0.019]",0,2,5046272,send_recv,2,2
251,0.019,0.02,0.019433333333333337,0.019,0.0004955356249106172,"[0.02, 0.02, 0.019, 0.019, 0.019, 0.019, 0.02, 0.019, 0.019, 0.019, 0.019, 0.02, 0.019, 0.019, 0.019, 0.019, 0.02, 0.02, 0.02, 0.02, 0.019, 0.02, 0.019, 0.019, 0.019, 0.02, 0.019, 0.019, 0.02, 0.019, 0.02, 0.02, 0.019, 0.019, 0.019, 0.02, 0.02, 0.02, 0.019, 0.02, 0.02, 0.02, 0.02, 0.019, 0.019, 0.02, 0.019, 0.019, 0.019, 0.019, 0.02, 0.019, 0.019, 0.019, 0.02, 0.019, 0.02, 0.019, 0.02, 0.02]",0,2,5079040,send_recv,2,2
252,0.019,0.02,0.019616666666666668,0.02,0.0004861984048604945,"[0.019, 0.02, 0.019, 0.02, 0.019, 0.02, 0.02, 0.02, 0.02, 0.019, 0.019, 0.019, 0.019, 0.02, 0.02, 0.02, 0.02, 0.019, 0.02, 0.019, 0.02, 0.02, 0.02, 0.019, 0.02, 0.02, 0.019, 0.02, 0.019, 0.019, 0.019, 0.02, 0.019, 0.019, 0.019, 0.02, 0.02, 0.019, 0.02, 0.02, 0.02, 0.02, 0.02, 0.019, 0.02, 0.02, 0.019, 0.019, 0.02, 0.02, 0.02, 0.02, 0.02, 0.02, 0.02, 0.02, 0.019, 0.019, 0.02, 0.02]",0,2,5111808,send_recv,2,2
253,0.019,0.02,0.019766666666666665,0.02,0.000422952584681651,"[0.02, 0.02, 0.02, 0.02, 0.02, 0.02, 0.02, 0.02, 0.02, 0.02, 0.02, 0.02, 0.02, 0.02, 0.019, 0.02, 0.02, 0.02, 0.019, 0.02, 0.02, 0.02, 0.02, 0.02, 0.02, 0.02, 0.02, 0.02, 0.02, 0.02, 0.02, 0.019, 0.019, 0.019, 0.019, 0.019, 0.02, 0.019, 0.02, 0.019, 0.02, 0.02, 0.02, 0.02, 0.02, 0.02, 0.02, 0.02, 0.019, 0.019, 0.02, 0.019, 0.02, 0.02, 0.02, 0.02, 0.02, 0.019, 0.02, 0.019]",0,2,5144576,send_recv,2,2
254,0.019,0.02,0.019650000000000004,0.02,0.00047696960070847325,"[0.02, 0.02, 0.019, 0.019, 0.02, 0.02, 0.019, 0.02, 0.019, 0.02, 0.019, 0.019, 0.02, 0.02, 0.02, 0.02, 0.019, 0.02, 0.019, 0.019, 0.02, 0.02, 0.02, 0.019, 0.019, 0.02, 0.02, 0.019, 0.02, 0.02, 0.02, 0.02, 0.019, 0.019, 0.02, 0.02, 0.02, 0.02, 0.019, 0.02, 0.02, 0.02, 0.019, 0.019, 0.019, 0.02, 0.019, 0.02, 0.02, 0.02, 0.019, 0.019, 0.02, 0.02, 0.02, 0.02, 0.02, 0.02, 0.02, 0.02]",0,2,5177344,send_recv,2,2
255,0.019,0.02,0.019883333333333333,0.02,0.00032102267140430397,"[0.02, 0.02, 0.02, 0.02, 0.02, 0.02, 0.02, 0.019, 0.02, 0.02, 0.02, 0.02, 0.02, 0.02, 0.02, 0.02, 0.02, 0.02, 0.02, 0.02, 0.02, 0.02, 0.02, 0.019, 0.02, 0.02, 0.02, 0.02, 0.02, 0.02, 0.02, 0.019, 0.02, 0.02, 0.02, 0.02, 0.02, 0.02, 0.02, 0.02, 0.019, 0.02, 0.02, 0.02, 0.02, 0.02, 0.02, 0.019, 0.019, 0.02, 0.02, 0.02, 0.019, 0.02, 0.02, 0.02, 0.02, 0.02, 0.02, 0.02]",0,2,5210112,send_recv,2,2
256,0.019,0.02,0.019916666666666673,0.02,0.00027638539919628365,"[0.02, 0.02, 0.02, 0.02, 0.02, 0.02, 0.02, 0.02, 0.02, 0.02, 0.02, 0.02, 0.02, 0.02, 0.02, 0.02, 0.02, 0.02, 0.02, 0.02, 0.02, 0.02, 0.02, 0.02, 0.02, 0.02, 0.02, 0.02, 0.019, 0.019, 0.02, 0.02, 0.02, 0.02, 0.02, 0.02, 0.02, 0.02, 0.02, 0.02, 0.02, 0.019, 0.02, 0.02, 0.02, 0.019, 0.02, 0.02, 0.019, 0.02, 0.02, 0.02, 0.02, 0.02, 0.02, 0.02, 0.02, 0.02, 0.02, 0.02]",0,2,5242880,send_recv,2,2
257,0.021,0.023,0.022149999999999996,0.022,0.00040104031385053234,"[0.023, 0.023, 0.022, 0.022, 0.022, 0.022, 0.023, 0.023, 0.022, 0.022, 0.022, 0.022, 0.022, 0.022, 0.022, 0.022, 0.022, 0.022, 0.022, 0.022, 0.022, 0.022, 0.022, 0.022, 0.022, 0.023, 0.022, 0.022, 0.022, 0.022, 0.022, 0.022, 0.022, 0.023, 0.022, 0.022, 0.022, 0.022, 0.022, 0.022, 0.022, 0.023, 0.022, 0.023, 0.022, 0.022, 0.022, 0.022, 0.022, 0.023, 0.021, 0.022, 0.022, 0.022, 0.022, 0.023, 0.022, 0.022, 0.022, 0.022]",0,2,5275648,send_recv,2,2
258,0.022,0.023,0.02218333333333333,0.022,0.000386939558874797,"[0.023, 0.022, 0.022, 0.022, 0.022, 0.022, 0.022, 0.022, 0.022, 0.022, 0.022, 0.022, 0.022, 0.022, 0.022, 0.022, 0.023, 0.022, 0.022, 0.023, 0.022, 0.022, 0.023, 0.022, 0.023, 0.023, 0.022, 0.022, 0.022, 0.023, 0.023, 0.022, 0.022, 0.022, 0.022, 0.022, 0.022, 0.022, 0.022, 0.022, 0.022, 0.022, 0.022, 0.022, 0.022, 0.022, 0.022, 0.022, 0.023, 0.022, 0.022, 0.022, 0.022, 0.022, 0.023, 0.022, 0.022, 0.022, 0.022, 0.023]",0,2,5308416,send_recv,2,2
259,0.021,0.023,0.022249999999999995,0.022,0.00046992907266238973,"[0.023, 0.023, 0.022, 0.022, 0.022, 0.022, 0.022, 0.021, 0.022, 0.022, 0.022, 0.023, 0.022, 0.022, 0.023, 0.022, 0.023, 0.023, 0.022, 0.023, 0.022, 0.022, 0.023, 0.022, 0.023, 0.022, 0.022, 0.022, 0.022, 0.023, 0.022, 0.022, 0.022, 0.023, 0.022, 0.023, 0.022, 0.022, 0.022, 0.022, 0.022, 0.022, 0.022, 0.023, 0.022, 0.022, 0.022, 0.022, 0.022, 0.022, 0.022, 0.022, 0.022, 0.023, 0.023, 0.022, 0.022, 0.023, 0.022, 0.022]",0,2,5341184,send_recv,2,2
260,0.022,0.023,0.022199999999999998,0.022,0.00040000000000000034,"[0.022, 0.022, 0.022, 0.022, 0.022, 0.022, 0.022, 0.023, 0.022, 0.022, 0.023, 0.022, 0.022, 0.022, 0.022, 0.022, 0.023, 0.022, 0.022, 0.022, 0.023, 0.023, 0.022, 0.022, 0.022, 0.022, 0.022, 0.022, 0.023, 0.023, 0.022, 0.022, 0.023, 0.022, 0.022, 0.022, 0.022, 0.022, 0.022, 0.022, 0.023, 0.022, 0.023, 0.022, 0.022, 0.022, 0.023, 0.022, 0.022, 0.022, 0.022, 0.022, 0.022, 0.023, 0.022, 0.022, 0.022, 0.022, 0.022, 0.022]",0,2,5373952,send_recv,2,2
261,0.022,0.023,0.022299999999999993,0.022,0.0004582575694955844,"[0.022, 0.022, 0.022, 0.022, 0.022, 0.023, 0.022, 0.023, 0.022, 0.022, 0.022, 0.022, 0.023, 0.022, 0.022, 0.023, 0.023, 0.022, 0.022, 0.022, 0.022, 0.023, 0.022, 0.022, 0.023, 0.022, 0.022, 0.022, 0.022, 0.022, 0.022, 0.022, 0.022, 0.022, 0.023, 0.022, 0.022, 0.023, 0.022, 0.022, 0.022, 0.022, 0.023, 0.022, 0.022, 0.023, 0.022, 0.022, 0.023, 0.022, 0.023, 0.022, 0.023, 0.023, 0.023, 0.022, 0.023, 0.022, 0.023, 0.022]",0,2,5406720,send_recv,2,2
262,0.022,0.023,0.022349999999999995,0.022,0.00047696960070847325,"[0.023, 0.023, 0.023, 0.022, 0.022, 0.023, 0.023, 0.023, 0.023, 0.022, 0.022, 0.022, 0.022, 0.023, 0.022, 0.022, 0.022, 0.023, 0.023, 0.022, 0.023, 0.022, 0.022, 0.022, 0.022, 0.022, 0.022, 0.022, 0.022, 0.023, 0.022, 0.022, 0.022, 0.022, 0.022, 0.022, 0.022, 0.022, 0.023, 0.022, 0.022, 0.022, 0.023, 0.022, 0.022, 0.022, 0.022, 0.023, 0.023, 0.022, 0.023, 0.022, 0.022, 0.023, 0.022, 0.023, 0.023, 0.022, 0.023, 0.022]",0,2,5439488,send_recv,2,2
263,0.022,0.023,0.022333333333333327,0.022,0.00047140452079103207,"[0.022, 0.022, 0.022, 0.022, 0.023, 0.023, 0.022, 0.022, 0.022, 0.022, 0.022, 0.022, 0.023, 0.022, 0.023, 0.022, 0.022, 0.023, 0.022, 0.022, 0.022, 0.023, 0.022, 0.022, 0.022, 0.022, 0.022, 0.022, 0.023, 0.023, 0.022, 0.023, 0.022, 0.023, 0.022, 0.022, 0.023, 0.022, 0.022, 0.022, 0.022, 0.022, 0.022, 0.023, 0.023, 0.022, 0.022, 0.023, 0.022, 0.023, 0.023, 0.023, 0.023, 0.022, 0.022, 0.022, 0.022, 0.023, 0.023, 0.022]",0,2,5472256,send_recv,2,2
264,0.022,0.023,0.022499999999999996,0.0225,0.0005000000000000004,"[0.023, 0.023, 0.023, 0.023, 0.023, 0.023, 0.022, 0.023, 0.022, 0.022, 0.022, 0.022, 0.023, 0.022, 0.023, 0.022, 0.023, 0.023, 0.023, 0.023, 0.023, 0.022, 0.023, 0.022, 0.023, 0.022, 0.023, 0.023, 0.023, 0.022, 0.023, 0.023, 0.023, 0.023, 0.022, 0.022, 0.022, 0.022, 0.022, 0.023, 0.022, 0.023, 0.022, 0.023, 0.023, 0.022, 0.022, 0.022, 0.023, 0.022, 0.022, 0.022, 0.022, 0.022, 0.022, 0.022, 0.022, 0.023, 0.022, 0.023]",0,2,5505024,send_recv,2,2
265,0.021,0.023,0.021999999999999995,0.022,0.0001825741858350552,"[0.022, 0.022, 0.022, 0.022, 0.022, 0.022, 0.022, 0.022, 0.022, 0.022, 0.022, 0.022, 0.022, 0.022, 0.022, 0.022, 0.022, 0.023, 0.022, 0.022, 0.022, 0.022, 0.022, 0.022, 0.022, 0.022, 0.022, 0.022, 0.022, 0.022, 0.022, 0.022, 0.022, 0.022, 0.022, 0.022, 0.022, 0.022, 0.022, 0.022, 0.022, 0.022, 0.022, 0.022, 0.022, 0.022, 0.022, 0.022, 0.022, 0.022, 0.022, 0.022, 0.022, 0.022, 0.022, 0.022, 0.022, 0.022, 0.022, 0.021]",0,2,5537792,send_recv,2,2
266,0.021,0.022,0.021983333333333334,0.022,0.00012801909579780987,"[0.022, 0.022, 0.022, 0.022, 0.022, 0.022, 0.022, 0.022, 0.022, 0.021, 0.022, 0.022, 0.022, 0.022, 0.022, 0.022, 0.022, 0.022, 0.022, 0.022, 0.022, 0.022, 0.022, 0.022, 0.022, 0.022, 0.022, 0.022, 0.022, 0.022, 0.022, 0.022, 0.022, 0.022, 0.022, 0.022, 0.022, 0.022, 0.022, 0.022, 0.022, 0.022, 0.022, 0.022, 0.022, 0.022, 0.022, 0.022, 0.022, 0.022, 0.022, 0.022, 0.022, 0.022, 0.022, 0.022, 0.022, 0.022, 0.022, 0.022]",0,2,5570560,send_recv,2,2
267,0.021,0.023,0.022,0.022,0.00018257418583505523,"[0.022, 0.022, 0.022, 0.022, 0.022, 0.022, 0.022, 0.022, 0.022, 0.022, 0.021, 0.022, 0.022, 0.022, 0.022, 0.022, 0.022, 0.022, 0.022, 0.022, 0.022, 0.022, 0.022, 0.022, 0.022, 0.022, 0.022, 0.022, 0.022, 0.022, 0.022, 0.022, 0.022, 0.022, 0.022, 0.022, 0.022, 0.022, 0.022, 0.022, 0.022, 0.022, 0.022, 0.022, 0.022, 0.022, 0.022, 0.022, 0.022, 0.022, 0.022, 0.022, 0.022, 0.022, 0.023, 0.022, 0.022, 0.022, 0.022, 0.022]",0,2,5603328,send_recv,2,2
268,0.022,0.023,0.02213333333333333,0.022,0.00033993463423951926,"[0.022, 0.022, 0.022, 0.023, 0.022, 0.022, 0.023, 0.023, 0.023, 0.022, 0.022, 0.022, 0.022, 0.022, 0.022, 0.022, 0.022, 0.022, 0.023, 0.022, 0.022, 0.023, 0.022, 0.022, 0.022, 0.022, 0.022, 0.022, 0.022, 0.022, 0.022, 0.022, 0.023, 0.022, 0.022, 0.022, 0.022, 0.022, 0.022, 0.022, 0.022, 0.022, 0.022, 0.022, 0.022, 0.022, 0.022, 0.022, 0.022, 0.022, 0.022, 0.022, 0.022, 0.022, 0.022, 0.022, 0.022, 0.022, 0.022, 0.023]",0,2,5636096,send_recv,2,2
269,0.022,0.023,0.022649999999999993,0.023,0.0004769696007084732,"[0.023, 0.023, 0.022, 0.022, 0.023, 0.023, 0.023, 0.023, 0.023, 0.022, 0.023, 0.023, 0.022, 0.023, 0.023, 0.022, 0.023, 0.022, 0.023, 0.023, 0.022, 0.023, 0.022, 0.023, 0.023, 0.023, 0.023, 0.022, 0.022, 0.023, 0.023, 0.022, 0.023, 0.023, 0.023, 0.023, 0.023, 0.023, 0.023, 0.022, 0.022, 0.022, 0.023, 0.023, 0.022, 0.023, 0.022, 0.023, 0.023, 0.022, 0.022, 0.022, 0.023, 0.023, 0.022, 0.023, 0.022, 0.023, 0.023, 0.023]",0,2,5668864,send_recv,2,2
270,0.022,0.023,0.02279999999999999,0.023,0.0004000000000000003,"[0.023, 0.022, 0.023, 0.022, 0.023, 0.023, 0.023, 0.023, 0.023, 0.023, 0.022, 0.023, 0.022, 0.023, 0.023, 0.023, 0.023, 0.023, 0.023, 0.022, 0.023, 0.023, 0.023, 0.023, 0.022, 0.022, 0.023, 0.023, 0.023, 0.023, 0.023, 0.023, 0.023, 0.023, 0.023, 0.023, 0.022, 0.023, 0.022, 0.023, 0.023, 0.023, 0.023, 0.022, 0.023, 0.023, 0.023, 0.023, 0.023, 0.023, 0.023, 0.023, 0.022, 0.023, 0.022, 0.023, 0.023, 0.023, 0.023, 0.023]",0,2,5701632,send_recv,2,2
271,0.022,0.023,0.02276666666666666,0.023,0.000422952584681651,"[0.023, 0.023, 0.023, 0.022, 0.023, 0.023, 0.022, 0.023, 0.023, 0.023, 0.023, 0.023, 0.023, 0.023, 0.022, 0.023, 0.023, 0.023, 0.023, 0.022, 0.023, 0.023, 0.022, 0.023, 0.023, 0.023, 0.023, 0.022, 0.022, 0.022, 0.023, 0.023, 0.023, 0.023, 0.023, 0.022, 0.023, 0.023, 0.023, 0.023, 0.023, 0.022, 0.023, 0.022, 0.023, 0.023, 0.023, 0.023, 0.023, 0.023, 0.022, 0.023, 0.023, 0.022, 0.023, 0.023, 0.023, 0.022, 0.023, 0.023]",0,2,5734400,send_recv,2,2
272,0.022,0.023,0.022899999999999993,0.023,0.0003000000000000003,"[0.023, 0.023, 0.023, 0.023, 0.023, 0.023, 0.023, 0.023, 0.023, 0.023, 0.023, 0.023, 0.022, 0.023, 0.022, 0.023, 0.023, 0.023, 0.023, 0.023, 0.023, 0.023, 0.023, 0.023, 0.023, 0.023, 0.023, 0.023, 0.023, 0.023, 0.022, 0.023, 0.023, 0.023, 0.022, 0.023, 0.023, 0.023, 0.023, 0.023, 0.023, 0.023, 0.023, 0.023, 0.023, 0.023, 0.023, 0.023, 0.023, 0.023, 0.022, 0.023, 0.023, 0.023, 0.023, 0.023, 0.022, 0.023, 0.023, 0.023]",0,2,5767168,send_recv,2,2
273,0.022,0.023,0.022649999999999993,0.023,0.00047696960070847325,"[0.023, 0.022, 0.022, 0.023, 0.023, 0.022, 0.023, 0.023, 0.022, 0.022, 0.022, 0.023, 0.023, 0.022, 0.023, 0.023, 0.022, 0.022, 0.022, 0.022, 0.023, 0.023, 0.023, 0.023, 0.022, 0.022, 0.023, 0.023, 0.023, 0.023, 0.023, 0.023, 0.022, 0.023, 0.023, 0.023, 0.023, 0.023, 0.023, 0.023, 0.022, 0.023, 0.023, 0.022, 0.022, 0.023, 0.023, 0.023, 0.023, 0.023, 0.022, 0.023, 0.023, 0.023, 0.022, 0.023, 0.022, 0.023, 0.023, 0.022]",0,2,5799936,send_recv,2,2
274,0.022,0.023,0.022783333333333326,0.023,0.00041197356981027616,"[0.023, 0.023, 0.022, 0.023, 0.023, 0.023, 0.023, 0.023, 0.023, 0.022, 0.023, 0.023, 0.023, 0.022, 0.023, 0.023, 0.023, 0.023, 0.023, 0.023, 0.023, 0.023, 0.023, 0.023, 0.023, 0.023, 0.022, 0.023, 0.023, 0.023, 0.023, 0.023, 0.023, 0.022, 0.022, 0.022, 0.022, 0.023, 0.023, 0.023, 0.022, 0.023, 0.023, 0.023, 0.022, 0.022, 0.023, 0.022, 0.023, 0.023, 0.023, 0.023, 0.023, 0.022, 0.023, 0.023, 0.023, 0.023, 0.023, 0.023]",0,2,5832704,send_recv,2,2
275,0.022,0.023,0.022783333333333326,0.023,0.00041197356981027616,"[0.023, 0.023, 0.023, 0.023, 0.022, 0.023, 0.023, 0.022, 0.023, 0.022, 0.023, 0.023, 0.023, 0.023, 0.023, 0.022, 0.022, 0.023, 0.023, 0.023, 0.022, 0.022, 0.023, 0.023, 0.023, 0.022, 0.022, 0.023, 0.022, 0.023, 0.023, 0.022, 0.023, 0.022, 0.023, 0.023, 0.023, 0.023, 0.023, 0.022, 0.023, 0.023, 0.023, 0.023, 0.023, 0.023, 0.023, 0.023, 0.023, 0.023, 0.023, 0.023, 0.023, 0.023, 0.023, 0.023, 0.023, 0.023, 0.023, 0.023]",0,2,5865472,send_recv,2,2
276,0.022,0.023,0.02288333333333333,0.023,0.00032102267140430397,"[0.023, 0.023, 0.023, 0.023, 0.023, 0.023, 0.023, 0.022, 0.023, 0.023, 0.023, 0.023, 0.023, 0.023, 0.022, 0.023, 0.023, 0.023, 0.023, 0.022, 0.023, 0.023, 0.023, 0.023, 0.023, 0.023, 0.023, 0.023, 0.023, 0.023, 0.023, 0.023, 0.023, 0.023, 0.023, 0.023, 0.022, 0.023, 0.022, 0.023, 0.023, 0.023, 0.023, 0.023, 0.023, 0.023, 0.023, 0.023, 0.023, 0.023, 0.023, 0.023, 0.023, 0.023, 0.023, 0.023, 0.023, 0.022, 0.022, 0.023]",0,2,5898240,send_recv,2,2
277,0.021,0.022,0.021733333333333327,0.022,0.0004422166387140522,"[0.022, 0.022, 0.021, 0.022, 0.022, 0.022, 0.022, 0.022, 0.021, 0.021, 0.022, 0.022, 0.022, 0.022, 0.021, 0.022, 0.022, 0.021, 0.022, 0.022, 0.022, 0.021, 0.022, 0.022, 0.022, 0.022, 0.022, 0.022, 0.022, 0.022, 0.021, 0.022, 0.022, 0.022, 0.022, 0.022, 0.022, 0.022, 0.021, 0.022, 0.022, 0.022, 0.022, 0.022, 0.021, 0.021, 0.022, 0.021, 0.022, 0.022, 0.021, 0.021, 0.022, 0.021, 0.021, 0.022, 0.021, 0.022, 0.022, 0.022]",0,2,5931008,send_recv,2,2
278,0.021,0.022,0.021749999999999995,0.022,0.0004330127018922182,"[0.022, 0.021, 0.021, 0.022, 0.021, 0.022, 0.022, 0.022, 0.022, 0.022, 0.021, 0.022, 0.022, 0.021, 0.022, 0.022, 0.022, 0.022, 0.021, 0.022, 0.022, 0.022, 0.022, 0.022, 0.021, 0.022, 0.022, 0.022, 0.022, 0.022, 0.021, 0.022, 0.022, 0.022, 0.022, 0.021, 0.021, 0.022, 0.021, 0.022, 0.022, 0.022, 0.021, 0.022, 0.022, 0.022, 0.022, 0.021, 0.022, 0.021, 0.022, 0.022, 0.022, 0.022, 0.021, 0.022, 0.022, 0.022, 0.022, 0.022]",0,2,5963776,send_recv,2,2
279,0.021,0.022,0.02191666666666666,0.022,0.0002763853991962826,"[0.022, 0.022, 0.022, 0.022, 0.022, 0.022, 0.021, 0.022, 0.022, 0.022, 0.022, 0.022, 0.022, 0.022, 0.022, 0.022, 0.022, 0.022, 0.022, 0.021, 0.022, 0.022, 0.022, 0.021, 0.022, 0.022, 0.022, 0.022, 0.022, 0.022, 0.022, 0.022, 0.022, 0.022, 0.022, 0.022, 0.022, 0.022, 0.022, 0.022, 0.022, 0.022, 0.022, 0.022, 0.022, 0.022, 0.022, 0.022, 0.021, 0.022, 0.022, 0.022, 0.022, 0.022, 0.022, 0.022, 0.021, 0.022, 0.022, 0.022]",0,2,5996544,send_recv,2,2
280,0.021,0.022,0.02193333333333333,0.022,0.00024944382578492874,"[0.022, 0.022, 0.022, 0.022, 0.022, 0.021, 0.022, 0.022, 0.022, 0.022, 0.022, 0.022, 0.022, 0.022, 0.021, 0.022, 0.022, 0.022, 0.022, 0.022, 0.022, 0.022, 0.022, 0.022, 0.022, 0.022, 0.022, 0.022, 0.021, 0.022, 0.022, 0.022, 0.022, 0.022, 0.022, 0.021, 0.022, 0.022, 0.022, 0.022, 0.022, 0.022, 0.022, 0.022, 0.022, 0.022, 0.022, 0.022, 0.022, 0.022, 0.022, 0.022, 0.022, 0.022, 0.022, 0.022, 0.022, 0.022, 0.022, 0.022]",0,2,6029312,send_recv,2,2
281,0.022,0.022,0.022,0.022,0.0,"[0.022, 0.022, 0.022, 0.022, 0.022, 0.022, 0.022, 0.022, 0.022, 0.022, 0.022, 0.022, 0.022, 0.022, 0.022, 0.022, 0.022, 0.022, 0.022, 0.022, 0.022, 0.022, 0.022, 0.022, 0.022, 0.022, 0.022, 0.022, 0.022, 0.022, 0.022, 0.022, 0.022, 0.022, 0.022, 0.022, 0.022, 0.022, 0.022, 0.022, 0.022, 0.022, 0.022, 0.022, 0.022, 0.022, 0.022, 0.022, 0.022, 0.022, 0.022, 0.022, 0.022, 0.022, 0.022, 0.022, 0.022, 0.022, 0.022, 0.022]",0,2,6062080,send_recv,2,2
282,0.022,0.022,0.022,0.022,0.0,"[0.022, 0.022, 0.022, 0.022, 0.022, 0.022, 0.022, 0.022, 0.022, 0.022, 0.022, 0.022, 0.022, 0.022, 0.022, 0.022, 0.022, 0.022, 0.022, 0.022, 0.022, 0.022, 0.022, 0.022, 0.022, 0.022, 0.022, 0.022, 0.022, 0.022, 0.022, 0.022, 0.022, 0.022, 0.022, 0.022, 0.022, 0.022, 0.022, 0.022, 0.022, 0.022, 0.022, 0.022, 0.022, 0.022, 0.022, 0.022, 0.022, 0.022, 0.022, 0.022, 0.022, 0.022, 0.022, 0.022, 0.022, 0.022, 0.022, 0.022]",0,2,6094848,send_recv,2,2
283,0.022,0.022,0.022,0.022,0.0,"[0.022, 0.022, 0.022, 0.022, 0.022, 0.022, 0.022, 0.022, 0.022, 0.022, 0.022, 0.022, 0.022, 0.022, 0.022, 0.022, 0.022, 0.022, 0.022, 0.022, 0.022, 0.022, 0.022, 0.022, 0.022, 0.022, 0.022, 0.022, 0.022, 0.022, 0.022, 0.022, 0.022, 0.022, 0.022, 0.022, 0.022, 0.022, 0.022, 0.022, 0.022, 0.022, 0.022, 0.022, 0.022, 0.022, 0.022, 0.022, 0.022, 0.022, 0.022, 0.022, 0.022, 0.022, 0.022, 0.022, 0.022, 0.022, 0.022, 0.022]",0,2,6127616,send_recv,2,2
284,0.022,0.023,0.02205,0.022,0.00021794494717703385,"[0.022, 0.022, 0.022, 0.022, 0.022, 0.022, 0.022, 0.022, 0.022, 0.022, 0.022, 0.022, 0.023, 0.022, 0.022, 0.022, 0.022, 0.022, 0.022, 0.022, 0.022, 0.022, 0.022, 0.022, 0.022, 0.022, 0.022, 0.022, 0.022, 0.022, 0.022, 0.022, 0.022, 0.022, 0.022, 0.022, 0.023, 0.022, 0.022, 0.022, 0.022, 0.022, 0.022, 0.022, 0.022, 0.022, 0.022, 0.022, 0.022, 0.022, 0.022, 0.023, 0.022, 0.022, 0.022, 0.022, 0.022, 0.022, 0.022, 0.022]",0,2,6160384,send_recv,2,2
285,0.022,0.023,0.022066666666666665,0.022,0.00024944382578492966,"[0.022, 0.022, 0.022, 0.022, 0.022, 0.022, 0.022, 0.022, 0.022, 0.022, 0.022, 0.022, 0.022, 0.022, 0.022, 0.022, 0.023, 0.022, 0.022, 0.022, 0.022, 0.022, 0.022, 0.022, 0.022, 0.022, 0.022, 0.022, 0.022, 0.022, 0.022, 0.022, 0.022, 0.022, 0.022, 0.023, 0.022, 0.022, 0.022, 0.022, 0.023, 0.022, 0.022, 0.022, 0.022, 0.022, 0.022, 0.022, 0.022, 0.022, 0.022, 0.022, 0.022, 0.022, 0.022, 0.022, 0.022, 0.022, 0.022, 0.023]",0,2,6193152,send_recv,2,2
286,0.022,0.023,0.022233333333333327,0.022,0.0004229525846816511,"[0.023, 0.022, 0.023, 0.022, 0.023, 0.023, 0.022, 0.022, 0.023, 0.023, 0.023, 0.022, 0.022, 0.023, 0.022, 0.022, 0.022, 0.022, 0.022, 0.023, 0.022, 0.022, 0.022, 0.022, 0.022, 0.022, 0.022, 0.022, 0.022, 0.022, 0.022, 0.022, 0.022, 0.022, 0.022, 0.022, 0.023, 0.022, 0.022, 0.022, 0.023, 0.022, 0.022, 0.022, 0.022, 0.023, 0.022, 0.022, 0.022, 0.022, 0.022, 0.023, 0.022, 0.022, 0.022, 0.022, 0.023, 0.022, 0.022, 0.022]",0,2,6225920,send_recv,2,2
287,0.022,0.023,0.02244999999999999,0.022,0.0004974937185533105,"[0.023, 0.022, 0.022, 0.022, 0.023, 0.023, 0.022, 0.022, 0.022, 0.023, 0.023, 0.022, 0.023, 0.022, 0.023, 0.022, 0.023, 0.022, 0.023, 0.022, 0.023, 0.022, 0.023, 0.023, 0.022, 0.022, 0.022, 0.022, 0.022, 0.022, 0.023, 0.023, 0.023, 0.022, 0.022, 0.023, 0.022, 0.022, 0.023, 0.023, 0.022, 0.023, 0.023, 0.022, 0.023, 0.022, 0.022, 0.022, 0.022, 0.022, 0.022, 0.023, 0.022, 0.023, 0.022, 0.022, 0.023, 0.023, 0.023, 0.023]",0,2,6258688,send_recv,2,2
288,0.022,0.023,0.022533333333333325,0.023,0.0004988876515698593,"[0.023, 0.023, 0.022, 0.022, 0.022, 0.023, 0.023, 0.022, 0.022, 0.022, 0.023, 0.022, 0.022, 0.022, 0.023, 0.023, 0.022, 0.023, 0.023, 0.023, 0.023, 0.023, 0.023, 0.023, 0.022, 0.022, 0.022, 0.023, 0.023, 0.022, 0.022, 0.022, 0.022, 0.022, 0.022, 0.022, 0.023, 0.023, 0.023, 0.023, 0.023, 0.023, 0.023, 0.023, 0.022, 0.022, 0.023, 0.023, 0.022, 0.023, 0.023, 0.023, 0.022, 0.022, 0.022, 0.022, 0.023, 0.022, 0.023, 0.023]",0,2,6291456,send_recv,2,2
289,0.024,0.026000000000000002,0.024983333333333326,0.025,0.00028819360776317666,"[0.025, 0.025, 0.025, 0.025, 0.026000000000000002, 0.025, 0.025, 0.025, 0.025, 0.025, 0.025, 0.025, 0.025, 0.025, 0.025, 0.025, 0.025, 0.025, 0.025, 0.025, 0.025, 0.025, 0.025, 0.025, 0.025, 0.025, 0.025, 0.026000000000000002, 0.025, 0.024, 0.025, 0.025, 0.025, 0.025, 0.025, 0.025, 0.025, 0.025, 0.025, 0.025, 0.025, 0.024, 0.025, 0.025, 0.025, 0.025, 0.025, 0.025, 0.025, 0.025, 0.025, 0.025, 0.025, 0.025, 0.025, 0.025, 0.025, 0.025, 0.025, 0.024]",0,2,6324224,send_recv,2,2
290,0.024,0.026000000000000002,0.025016666666666656,0.025,0.00022298480267099441,"[0.025, 0.025, 0.024, 0.025, 0.025, 0.025, 0.025, 0.025, 0.025, 0.025, 0.025, 0.025, 0.025, 0.025, 0.025, 0.025, 0.025, 0.025, 0.025, 0.025, 0.025, 0.025, 0.025, 0.025, 0.025, 0.025, 0.025, 0.025, 0.025, 0.025, 0.025, 0.025, 0.025, 0.025, 0.025, 0.025, 0.026000000000000002, 0.025, 0.025, 0.025, 0.025, 0.025, 0.025, 0.025, 0.025, 0.025, 0.025, 0.025, 0.025, 0.025, 0.025, 0.025, 0.026000000000000002, 0.025, 0.025, 0.025, 0.025, 0.025, 0.025, 0.025]",0,2,6356992,send_recv,2,2
291,0.024,0.026000000000000002,0.025033333333333328,0.025,0.0002560381915956205,"[0.025, 0.025, 0.025, 0.025, 0.025, 0.025, 0.025, 0.025, 0.025, 0.026000000000000002, 0.025, 0.025, 0.025, 0.025, 0.026000000000000002, 0.025, 0.025, 0.025, 0.024, 0.025, 0.025, 0.025, 0.025, 0.025, 0.025, 0.025, 0.025, 0.025, 0.025, 0.025, 0.025, 0.025, 0.025, 0.025, 0.025, 0.025, 0.025, 0.026000000000000002, 0.025, 0.025, 0.025, 0.025, 0.025, 0.025, 0.025, 0.025, 0.025, 0.025, 0.025, 0.025, 0.025, 0.025, 0.025, 0.025, 0.025, 0.025, 0.025, 0.025, 0.025, 0.025]",0,2,6389760,send_recv,2,2
292,0.025,0.026000000000000002,0.025016666666666656,0.025,0.00012801909579781027,"[0.025, 0.025, 0.025, 0.025, 0.025, 0.025, 0.025, 0.025, 0.025, 0.025, 0.025, 0.025, 0.025, 0.025, 0.025, 0.025, 0.025, 0.025, 0.025, 0.025, 0.025, 0.025, 0.025, 0.025, 0.025, 0.025, 0.026000000000000002, 0.025, 0.025, 0.025, 0.025, 0.025, 0.025, 0.025, 0.025, 0.025, 0.025, 0.025, 0.025, 0.025, 0.025, 0.025, 0.025, 0.025, 0.025, 0.025, 0.025, 0.025, 0.025, 0.025, 0.025, 0.025, 0.025, 0.025, 0.025, 0.025, 0.025, 0.025, 0.025, 0.025]",0,2,6422528,send_recv,2,2
293,0.024,0.025,0.024649999999999995,0.025,0.0004769696007084732,"[0.025, 0.025, 0.024, 0.025, 0.025, 0.025, 0.025, 0.025, 0.025, 0.024, 0.025, 0.025, 0.024, 0.025, 0.024, 0.025, 0.025, 0.024, 0.025, 0.025, 0.024, 0.025, 0.024, 0.025, 0.025, 0.024, 0.024, 0.024, 0.025, 0.025, 0.024, 0.024, 0.025, 0.025, 0.024, 0.025, 0.025, 0.025, 0.025, 0.024, 0.025, 0.024, 0.025, 0.025, 0.024, 0.025, 0.024, 0.025, 0.025, 0.024, 0.025, 0.024, 0.025, 0.025, 0.024, 0.025, 0.025, 0.024, 0.025, 0.025]",0,2,6455296,send_recv,2,2
294,0.024,0.025,0.02458333333333333,0.025,0.0004930066485916352,"[0.025, 0.025, 0.025, 0.024, 0.025, 0.025, 0.024, 0.025, 0.024, 0.024, 0.025, 0.024, 0.024, 0.025, 0.024, 0.025, 0.025, 0.024, 0.025, 0.024, 0.024, 0.025, 0.024, 0.025, 0.025, 0.024, 0.025, 0.025, 0.024, 0.025, 0.025, 0.025, 0.024, 0.024, 0.025, 0.024, 0.024, 0.025, 0.025, 0.025, 0.025, 0.024, 0.025, 0.024, 0.024, 0.025, 0.024, 0.024, 0.025, 0.024, 0.025, 0.025, 0.025, 0.025, 0.025, 0.024, 0.025, 0.025, 0.025, 0.024]",0,2,6488064,send_recv,2,2
295,0.024,0.025,0.02471666666666666,0.025,0.00045061686115319285,"[0.025, 0.025, 0.025, 0.024, 0.024, 0.025, 0.025, 0.025, 0.025, 0.024, 0.025, 0.024, 0.025, 0.025, 0.025, 0.025, 0.024, 0.025, 0.025, 0.024, 0.024, 0.025, 0.025, 0.025, 0.025, 0.025, 0.025, 0.025, 0.025, 0.025, 0.024, 0.025, 0.024, 0.024, 0.025, 0.025, 0.025, 0.025, 0.025, 0.024, 0.024, 0.024, 0.025, 0.025, 0.025, 0.025, 0.025, 0.025, 0.025, 0.025, 0.025, 0.024, 0.025, 0.024, 0.025, 0.025, 0.024, 0.025, 0.025, 0.024]",0,2,6520832,send_recv,2,2
296,0.024,0.025,0.024799999999999992,0.025,0.0004000000000000003,"[0.025, 0.025, 0.025, 0.025, 0.025, 0.024, 0.024, 0.025, 0.025, 0.025, 0.025, 0.025, 0.024, 0.025, 0.025, 0.025, 0.025, 0.025, 0.025, 0.025, 0.024, 0.024, 0.025, 0.025, 0.025, 0.024, 0.025, 0.024, 0.025, 0.024, 0.024, 0.025, 0.025, 0.025, 0.025, 0.025, 0.025, 0.025, 0.025, 0.025, 0.025, 0.025, 0.025, 0.024, 0.025, 0.024, 0.025, 0.025, 0.025, 0.025, 0.025, 0.025, 0.025, 0.024, 0.025, 0.025, 0.025, 0.025, 0.025, 0.025]",0,2,6553600,send_recv,2,2
297,0.024,0.025,0.02496666666666666,0.025,0.0001795054935711503,"[0.025, 0.025, 0.025, 0.025, 0.025, 0.025, 0.025, 0.025, 0.025, 0.025, 0.025, 0.025, 0.025, 0.025, 0.025, 0.025, 0.025, 0.025, 0.025, 0.025, 0.025, 0.025, 0.025, 0.025, 0.025, 0.025, 0.025, 0.025, 0.025, 0.024, 0.025, 0.025, 0.025, 0.025, 0.025, 0.025, 0.025, 0.025, 0.025, 0.025, 0.025, 0.025, 0.025, 0.025, 0.025, 0.025, 0.025, 0.025, 0.025, 0.025, 0.025, 0.025, 0.025, 0.025, 0.025, 0.025, 0.024, 0.025, 0.025, 0.025]",0,2,6586368,send_recv,2,2
298,0.025,0.026000000000000002,0.025016666666666656,0.025,0.00012801909579781027,"[0.026000000000000002, 0.025, 0.025, 0.025, 0.025, 0.025, 0.025, 0.025, 0.025, 0.025, 0.025, 0.025, 0.025, 0.025, 0.025, 0.025, 0.025, 0.025, 0.025, 0.025, 0.025, 0.025, 0.025, 0.025, 0.025, 0.025, 0.025, 0.025, 0.025, 0.025, 0.025, 0.025, 0.025, 0.025, 0.025, 0.025, 0.025, 0.025, 0.025, 0.025, 0.025, 0.025, 0.025, 0.025, 0.025, 0.025, 0.025, 0.025, 0.025, 0.025, 0.025, 0.025, 0.025, 0.025, 0.025, 0.025, 0.025, 0.025, 0.025, 0.025]",0,2,6619136,send_recv,2,2
299,0.025,0.026000000000000002,0.025066666666666664,0.025,0.0002494438257849296,"[0.025, 0.025, 0.025, 0.025, 0.025, 0.025, 0.025, 0.025, 0.025, 0.025, 0.025, 0.025, 0.025, 0.025, 0.025, 0.025, 0.026000000000000002, 0.025, 0.025, 0.025, 0.025, 0.025, 0.025, 0.025, 0.025, 0.025, 0.025, 0.025, 0.025, 0.025, 0.025, 0.025, 0.025, 0.025, 0.025, 0.025, 0.025, 0.025, 0.025, 0.025, 0.025, 0.026000000000000002, 0.025, 0.025, 0.025, 0.025, 0.025, 0.025, 0.025, 0.025, 0.025, 0.025, 0.025, 0.025, 0.026000000000000002, 0.025, 0.026000000000000002, 0.025, 0.025, 0.025]",0,2,6651904,send_recv,2,2
300,0.025,0.026000000000000002,0.02508333333333333,0.025,0.0002763853991962836,"[0.025, 0.025, 0.025, 0.025, 0.025, 0.025, 0.025, 0.025, 0.025, 0.025, 0.025, 0.025, 0.025, 0.025, 0.026000000000000002, 0.025, 0.025, 0.025, 0.026000000000000002, 0.025, 0.025, 0.025, 0.025, 0.025, 0.025, 0.025, 0.025, 0.025, 0.025, 0.025, 0.026000000000000002, 0.025, 0.025, 0.025, 0.025, 0.025, 0.025, 0.025, 0.025, 0.025, 0.025, 0.025, 0.025, 0.026000000000000002, 0.025, 0.025, 0.025, 0.025, 0.025, 0.025, 0.025, 0.025, 0.025, 0.025, 0.025, 0.025, 0.025, 0.025, 0.025, 0.026000000000000002]",0,2,6684672,send_recv,2,2
301,0.025,0.026000000000000002,0.02518333333333333,0.025,0.00038693955887479696,"[0.025, 0.025, 0.025, 0.025, 0.025, 0.025, 0.026000000000000002, 0.025, 0.025, 0.025, 0.025, 0.025, 0.025, 0.025, 0.025, 0.025, 0.026000000000000002, 0.025, 0.026000000000000002, 0.026000000000000002, 0.025, 0.025, 0.025, 0.025, 0.025, 0.025, 0.025, 0.026000000000000002, 0.025, 0.025, 0.025, 0.025, 0.026000000000000002, 0.025, 0.026000000000000002, 0.025, 0.025, 0.025, 0.026000000000000002, 0.025, 0.025, 0.025, 0.025, 0.025, 0.025, 0.025, 0.025, 0.025, 0.025, 0.026000000000000002, 0.025, 0.026000000000000002, 0.025, 0.025, 0.025, 0.025, 0.025, 0.025, 0.026000000000000002, 0.025]",0,2,6717440,send_recv,2,2
302,0.025,0.026000000000000002,0.02518333333333333,0.025,0.00038693955887479696,"[0.026000000000000002, 0.025, 0.025, 0.025, 0.025, 0.025, 0.025, 0.025, 0.025, 0.025, 0.025, 0.025, 0.025, 0.026000000000000002, 0.025, 0.025, 0.025, 0.025, 0.025, 0.025, 0.025, 0.025, 0.025, 0.025, 0.026000000000000002, 0.025, 0.025, 0.025, 0.025, 0.025, 0.025, 0.026000000000000002, 0.026000000000000002, 0.025, 0.025, 0.025, 0.025, 0.026000000000000002, 0.025, 0.026000000000000002, 0.025, 0.025, 0.025, 0.025, 0.025, 0.025, 0.025, 0.026000000000000002, 0.026000000000000002, 0.025, 0.026000000000000002, 0.025, 0.025, 0.025, 0.025, 0.025, 0.026000000000000002, 0.025, 0.025, 0.025]",0,2,6750208,send_recv,2,2
303,0.025,0.026000000000000002,0.02506666666666666,0.025,0.00024944382578492966,"[0.026000000000000002, 0.025, 0.025, 0.025, 0.025, 0.026000000000000002, 0.025, 0.025, 0.025, 0.025, 0.025, 0.025, 0.025, 0.025, 0.025, 0.025, 0.025, 0.025, 0.026000000000000002, 0.025, 0.025, 0.025, 0.025, 0.026000000000000002, 0.025, 0.025, 0.025, 0.025, 0.025, 0.025, 0.025, 0.025, 0.025, 0.025, 0.025, 0.025, 0.025, 0.025, 0.025, 0.025, 0.025, 0.025, 0.025, 0.025, 0.025, 0.025, 0.025, 0.025, 0.025, 0.025, 0.025, 0.025, 0.025, 0.025, 0.025, 0.025, 0.025, 0.025, 0.025, 0.025]",0,2,6782976,send_recv,2,2
304,0.025,0.026000000000000002,0.02513333333333333,0.025,0.0003399346342395193,"[0.025, 0.025, 0.026000000000000002, 0.025, 0.025, 0.025, 0.025, 0.026000000000000002, 0.025, 0.025, 0.025, 0.025, 0.025, 0.025, 0.025, 0.025, 0.025, 0.025, 0.025, 0.025, 0.025, 0.025, 0.025, 0.025, 0.025, 0.025, 0.025, 0.025, 0.025, 0.025, 0.025, 0.026000000000000002, 0.025, 0.025, 0.026000000000000002, 0.025, 0.025, 0.025, 0.025, 0.025, 0.025, 0.025, 0.025, 0.025, 0.025, 0.025, 0.025, 0.026000000000000002, 0.026000000000000002, 0.025, 0.025, 0.025, 0.025, 0.025, 0.025, 0.025, 0.025, 0.026000000000000002, 0.025, 0.026000000000000002]",0,2,6815744,send_recv,2,2
305,0.025,0.026000000000000002,0.02516666666666666,0.025,0.0003726779962499653,"[0.025, 0.026000000000000002, 0.025, 0.025, 0.025, 0.025, 0.025, 0.025, 0.025, 0.025, 0.025, 0.025, 0.025, 0.025, 0.026000000000000002, 0.026000000000000002, 0.025, 0.025, 0.025, 0.025, 0.025, 0.025, 0.025, 0.025, 0.025, 0.025, 0.026000000000000002, 0.025, 0.025, 0.025, 0.026000000000000002, 0.026000000000000002, 0.025, 0.025, 0.025, 0.025, 0.026000000000000002, 0.025, 0.025, 0.026000000000000002, 0.025, 0.025, 0.025, 0.025, 0.025, 0.025, 0.025, 0.026000000000000002, 0.025, 0.025, 0.025, 0.025, 0.025, 0.025, 0.025, 0.026000000000000002, 0.025, 0.025, 0.025, 0.025]",0,2,6848512,send_recv,2,2
306,0.025,0.026000000000000002,0.025249999999999995,0.025,0.0004330127018922197,"[0.026000000000000002, 0.026000000000000002, 0.026000000000000002, 0.026000000000000002, 0.026000000000000002, 0.026000000000000002, 0.025, 0.025, 0.025, 0.026000000000000002, 0.025, 0.025, 0.025, 0.025, 0.025, 0.026000000000000002, 0.025, 0.026000000000000002, 0.025, 0.025, 0.026000000000000002, 0.025, 0.025, 0.025, 0.025, 0.026000000000000002, 0.025, 0.025, 0.025, 0.025, 0.026000000000000002, 0.025, 0.026000000000000002, 0.025, 0.025, 0.025, 0.025, 0.025, 0.025, 0.025, 0.025, 0.025, 0.025, 0.026000000000000002, 0.025, 0.025, 0.025, 0.025, 0.025, 0.025, 0.025, 0.025, 0.026000000000000002, 0.025, 0.025, 0.025, 0.025, 0.025, 0.025, 0.025]",0,2,6881280,send_recv,2,2
307,0.024,0.025,0.024216666666666664,0.024,0.00041197356981027627,"[0.025, 0.024, 0.024, 0.024, 0.024, 0.024, 0.024, 0.024, 0.024, 0.024, 0.024, 0.024, 0.024, 0.025, 0.024, 0.024, 0.024, 0.024, 0.024, 0.024, 0.024, 0.024, 0.024, 0.025, 0.024, 0.025, 0.024, 0.024, 0.024, 0.025, 0.024, 0.024, 0.024, 0.024, 0.024, 0.025, 0.024, 0.024, 0.025, 0.025, 0.024, 0.025, 0.025, 0.024, 0.024, 0.024, 0.025, 0.024, 0.024, 0.024, 0.024, 0.025, 0.024, 0.024, 0.024, 0.024, 0.024, 0.025, 0.024, 0.024]",0,2,6914048,send_recv,2,2
308,0.024,0.025,0.024399999999999998,0.024,0.000489897948556636,"[0.025, 0.024, 0.024, 0.025, 0.024, 0.025, 0.025, 0.025, 0.025, 0.024, 0.024, 0.024, 0.024, 0.024, 0.024, 0.024, 0.024, 0.024, 0.025, 0.025, 0.024, 0.024, 0.025, 0.025, 0.024, 0.024, 0.024, 0.025, 0.024, 0.024, 0.025, 0.025, 0.024, 0.024, 0.025, 0.025, 0.024, 0.024, 0.024, 0.024, 0.025, 0.025, 0.024, 0.025, 0.024, 0.025, 0.024, 0.025, 0.024, 0.025, 0.025, 0.024, 0.024, 0.024, 0.025, 0.024, 0.024, 0.024, 0.024, 0.025]",0,2,6946816,send_recv,2,2
309,0.024,0.025,0.024566666666666664,0.025,0.0004955356249106172,"[0.025, 0.025, 0.024, 0.024, 0.025, 0.025, 0.025, 0.024, 0.025, 0.024, 0.025, 0.025, 0.024, 0.025, 0.024, 0.025, 0.025, 0.024, 0.024, 0.025, 0.025, 0.025, 0.024, 0.024, 0.025, 0.025, 0.024, 0.024, 0.025, 0.024, 0.024, 0.024, 0.025, 0.024, 0.024, 0.024, 0.025, 0.025, 0.024, 0.024, 0.025, 0.025, 0.025, 0.025, 0.025, 0.025, 0.024, 0.024, 0.025, 0.024, 0.025, 0.025, 0.024, 0.025, 0.025, 0.024, 0.025, 0.025, 0.024, 0.025]",0,2,6979584,send_recv,2,2
310,0.024,0.025,0.024566666666666664,0.025,0.0004955356249106172,"[0.024, 0.024, 0.025, 0.024, 0.025, 0.025, 0.024, 0.025, 0.025, 0.025, 0.024, 0.025, 0.024, 0.025, 0.024, 0.025, 0.025, 0.024, 0.025, 0.024, 0.025, 0.025, 0.024, 0.024, 0.025, 0.024, 0.025, 0.024, 0.024, 0.024, 0.024, 0.024, 0.025, 0.025, 0.025, 0.025, 0.024, 0.025, 0.024, 0.025, 0.025, 0.025, 0.025, 0.025, 0.024, 0.025, 0.025, 0.025, 0.024, 0.025, 0.025, 0.024, 0.024, 0.025, 0.024, 0.025, 0.025, 0.025, 0.024, 0.024]",0,2,7012352,send_recv,2,2
311,0.024,0.025,0.024749999999999994,0.025,0.0004330127018922197,"[0.025, 0.025, 0.025, 0.025, 0.024, 0.025, 0.024, 0.025, 0.025, 0.024, 0.025, 0.024, 0.025, 0.025, 0.025, 0.024, 0.024, 0.025, 0.025, 0.025, 0.024, 0.025, 0.025, 0.024, 0.025, 0.025, 0.025, 0.025, 0.025, 0.025, 0.025, 0.025, 0.025, 0.024, 0.025, 0.024, 0.025, 0.025, 0.024, 0.025, 0.025, 0.025, 0.025, 0.025, 0.025, 0.025, 0.025, 0.025, 0.024, 0.025, 0.025, 0.025, 0.024, 0.025, 0.024, 0.025, 0.025, 0.025, 0.025, 0.024]",0,2,7045120,send_recv,2,2
312,0.024,0.025,0.02483333333333333,0.025,0.00037267799624996525,"[0.025, 0.024, 0.025, 0.025, 0.025, 0.025, 0.025, 0.025, 0.025, 0.025, 0.025, 0.024, 0.025, 0.025, 0.024, 0.025, 0.025, 0.024, 0.025, 0.025, 0.025, 0.024, 0.025, 0.025, 0.025, 0.025, 0.024, 0.025, 0.025, 0.024, 0.025, 0.025, 0.025, 0.025, 0.025, 0.024, 0.025, 0.025, 0.025, 0.025, 0.025, 0.025, 0.025, 0.024, 0.025, 0.025, 0.025, 0.025, 0.025, 0.025, 0.025, 0.025, 0.025, 0.025, 0.025, 0.025, 0.025, 0.025, 0.025, 0.024]",0,2,7077888,send_recv,2,2
313,0.024,0.025,0.02486666666666666,0.025,0.0003399346342395193,"[0.024, 0.025, 0.025, 0.025, 0.025, 0.024, 0.025, 0.025, 0.025, 0.025, 0.025, 0.024, 0.025, 0.025, 0.024, 0.025, 0.025, 0.025, 0.025, 0.025, 0.025, 0.025, 0.025, 0.025, 0.025, 0.025, 0.025, 0.025, 0.025, 0.025, 0.025, 0.025, 0.025, 0.025, 0.024, 0.025, 0.025, 0.025, 0.025, 0.025, 0.025, 0.025, 0.025, 0.024, 0.025, 0.025, 0.025, 0.025, 0.025, 0.024, 0.025, 0.025, 0.025, 0.025, 0.025, 0.025, 0.024, 0.025, 0.025, 0.025]",0,2,7110656,send_recv,2,2
314,0.024,0.025,0.024949999999999993,0.025,0.00021794494717703385,"[0.025, 0.025, 0.025, 0.025, 0.025, 0.025, 0.025, 0.025, 0.025, 0.025, 0.025, 0.025, 0.025, 0.024, 0.025, 0.025, 0.025, 0.025, 0.025, 0.025, 0.025, 0.025, 0.025, 0.025, 0.025, 0.025, 0.025, 0.025, 0.025, 0.024, 0.025, 0.025, 0.025, 0.025, 0.025, 0.025, 0.025, 0.025, 0.025, 0.025, 0.025, 0.025, 0.025, 0.025, 0.025, 0.025, 0.025, 0.025, 0.025, 0.025, 0.025, 0.025, 0.025, 0.025, 0.025, 0.025, 0.024, 0.025, 0.025, 0.025]",0,2,7143424,send_recv,2,2
315,0.024,0.026000000000000002,0.024983333333333326,0.025,0.00022298480267099444,"[0.025, 0.025, 0.024, 0.025, 0.025, 0.025, 0.025, 0.025, 0.025, 0.025, 0.025, 0.025, 0.025, 0.025, 0.025, 0.025, 0.025, 0.025, 0.025, 0.025, 0.025, 0.025, 0.025, 0.025, 0.025, 0.025, 0.025, 0.025, 0.025, 0.025, 0.025, 0.025, 0.025, 0.025, 0.025, 0.025, 0.025, 0.025, 0.025, 0.025, 0.025, 0.026000000000000002, 0.025, 0.025, 0.025, 0.025, 0.025, 0.025, 0.025, 0.025, 0.025, 0.025, 0.025, 0.025, 0.025, 0.025, 0.025, 0.025, 0.024, 0.025]",0,2,7176192,send_recv,2,2
316,0.025,0.026000000000000002,0.025066666666666664,0.025,0.0002494438257849296,"[0.025, 0.025, 0.025, 0.025, 0.025, 0.025, 0.026000000000000002, 0.025, 0.025, 0.025, 0.025, 0.025, 0.025, 0.025, 0.025, 0.025, 0.025, 0.025, 0.025, 0.025, 0.026000000000000002, 0.025, 0.025, 0.025, 0.025, 0.025, 0.025, 0.025, 0.025, 0.025, 0.025, 0.025, 0.025, 0.025, 0.025, 0.025, 0.025, 0.025, 0.025, 0.025, 0.025, 0.025, 0.025, 0.025, 0.025, 0.025, 0.026000000000000002, 0.025, 0.025, 0.025, 0.025, 0.025, 0.025, 0.025, 0.025, 0.025, 0.025, 0.025, 0.025, 0.026000000000000002]",0,2,7208960,send_recv,2,2
317,0.025,0.026000000000000002,0.025049999999999996,0.025,0.00021794494717703388,"[0.025, 0.025, 0.025, 0.025, 0.025, 0.025, 0.025, 0.025, 0.025, 0.025, 0.025, 0.025, 0.025, 0.025, 0.025, 0.025, 0.025, 0.025, 0.025, 0.025, 0.025, 0.025, 0.025, 0.025, 0.026000000000000002, 0.025, 0.025, 0.025, 0.025, 0.025, 0.025, 0.025, 0.026000000000000002, 0.025, 0.025, 0.025, 0.025, 0.025, 0.025, 0.025, 0.025, 0.025, 0.025, 0.025, 0.025, 0.025, 0.025, 0.025, 0.026000000000000002, 0.025, 0.025, 0.025, 0.025, 0.025, 0.025, 0.025, 0.025, 0.025, 0.025, 0.025]",0,2,7241728,send_recv,2,2
318,0.025,0.026000000000000002,0.025233333333333326,0.025,0.0004229525846816511,"[0.026000000000000002, 0.025, 0.025, 0.025, 0.025, 0.026000000000000002, 0.025, 0.025, 0.025, 0.025, 0.026000000000000002, 0.025, 0.025, 0.026000000000000002, 0.025, 0.025, 0.026000000000000002, 0.025, 0.025, 0.026000000000000002, 0.025, 0.025, 0.025, 0.025, 0.025, 0.025, 0.025, 0.025, 0.025, 0.025, 0.025, 0.025, 0.026000000000000002, 0.025, 0.025, 0.025, 0.025, 0.026000000000000002, 0.025, 0.025, 0.026000000000000002, 0.026000000000000002, 0.025, 0.025, 0.026000000000000002, 0.025, 0.025, 0.025, 0.025, 0.025, 0.025, 0.025, 0.025, 0.026000000000000002, 0.026000000000000002, 0.025, 0.026000000000000002, 0.025, 0.025, 0.025]",0,2,7274496,send_recv,2,2
319,0.025,0.026000000000000002,0.025199999999999997,0.025,0.00040000000000000034,"[0.025, 0.025, 0.025, 0.025, 0.025, 0.025, 0.026000000000000002, 0.025, 0.025, 0.025, 0.026000000000000002, 0.025, 0.025, 0.026000000000000002, 0.025, 0.025, 0.025, 0.025, 0.025, 0.025, 0.025, 0.025, 0.025, 0.025, 0.025, 0.025, 0.025, 0.025, 0.026000000000000002, 0.025, 0.025, 0.025, 0.025, 0.025, 0.025, 0.026000000000000002, 0.026000000000000002, 0.026000000000000002, 0.025, 0.025, 0.025, 0.025, 0.026000000000000002, 0.025, 0.025, 0.026000000000000002, 0.025, 0.025, 0.026000000000000002, 0.025, 0.025, 0.025, 0.026000000000000002, 0.025, 0.025, 0.025, 0.025, 0.026000000000000002, 0.025, 0.025]",0,2,7307264,send_recv,2,2
320,0.025,0.026000000000000002,0.02549999999999999,0.025500000000000002,0.0005000000000000004,"[0.025, 0.025, 0.026000000000000002, 0.026000000000000002, 0.026000000000000002, 0.026000000000000002, 0.025, 0.026000000000000002, 0.026000000000000002, 0.026000000000000002, 0.026000000000000002, 0.026000000000000002, 0.025, 0.025, 0.026000000000000002, 0.025, 0.025, 0.025, 0.026000000000000002, 0.025, 0.025, 0.025, 0.025, 0.026000000000000002, 0.025, 0.026000000000000002, 0.026000000000000002, 0.026000000000000002, 0.025, 0.025, 0.026000000000000002, 0.026000000000000002, 0.025, 0.026000000000000002, 0.026000000000000002, 0.026000000000000002, 0.026000000000000002, 0.025, 0.025, 0.025, 0.025, 0.025, 0.026000000000000002, 0.026000000000000002, 0.025, 0.026000000000000002, 0.026000000000000002, 0.026000000000000002, 0.025, 0.026000000000000002, 0.026000000000000002, 0.025, 0.025, 0.026000000000000002, 0.025, 0.026000000000000002, 0.025, 0.025, 0.025, 0.025]",0,2,7340032,send_recv,2,2
321,0.027,0.028,0.027216666666666663,0.027,0.00041197356981027627,"[0.027, 0.028, 0.027, 0.027, 0.027, 0.027, 0.027, 0.027, 0.027, 0.028, 0.027, 0.028, 0.027, 0.027, 0.028, 0.027, 0.027, 0.027, 0.027, 0.027, 0.028, 0.027, 0.027, 0.027, 0.027, 0.028, 0.027, 0.027, 0.027, 0.027, 0.027, 0.027, 0.027, 0.028, 0.027, 0.027, 0.027, 0.027, 0.028, 0.027, 0.027, 0.027, 0.027, 0.027, 0.028, 0.027, 0.027, 0.027, 0.028, 0.028, 0.027, 0.027, 0.027, 0.027, 0.027, 0.028, 0.028, 0.027, 0.027, 0.027]",0,2,7372800,send_recv,2,2
322,0.027,0.028,0.027266666666666665,0.027,0.0004422166387140537,"[0.027, 0.027, 0.027, 0.027, 0.027, 0.027, 0.028, 0.028, 0.028, 0.027, 0.027, 0.028, 0.027, 0.027, 0.028, 0.027, 0.027, 0.027, 0.027, 0.028, 0.027, 0.027, 0.027, 0.027, 0.027, 0.028, 0.028, 0.028, 0.028, 0.027, 0.027, 0.027, 0.028, 0.027, 0.027, 0.027, 0.028, 0.027, 0.028, 0.027, 0.028, 0.027, 0.027, 0.027, 0.027, 0.027, 0.028, 0.027, 0.027, 0.027, 0.027, 0.027, 0.027, 0.027, 0.027, 0.027, 0.027, 0.028, 0.027, 0.027]",0,2,7405568,send_recv,2,2
323,0.027,0.028,0.02738333333333333,0.027,0.0004861984048604945,"[0.028, 0.028, 0.027, 0.028, 0.027, 0.027, 0.028, 0.027, 0.028, 0.027, 0.027, 0.028, 0.028, 0.027, 0.028, 0.027, 0.027, 0.028, 0.027, 0.028, 0.027, 0.027, 0.027, 0.027, 0.027, 0.027, 0.027, 0.028, 0.027, 0.028, 0.028, 0.027, 0.028, 0.028, 0.027, 0.028, 0.027, 0.027, 0.028, 0.027, 0.027, 0.027, 0.027, 0.028, 0.027, 0.027, 0.028, 0.027, 0.027, 0.027, 0.028, 0.028, 0.027, 0.027, 0.027, 0.027, 0.027, 0.028, 0.027, 0.028]",0,2,7438336,send_recv,2,2
324,0.027,0.028,0.02738333333333333,0.027,0.0004861984048604945,"[0.028, 0.028, 0.027, 0.028, 0.028, 0.027, 0.027, 0.027, 0.027, 0.027, 0.027, 0.027, 0.027, 0.027, 0.028, 0.027, 0.028, 0.027, 0.027, 0.028, 0.027, 0.028, 0.027, 0.027, 0.028, 0.027, 0.027, 0.028, 0.027, 0.027, 0.028, 0.027, 0.028, 0.027, 0.027, 0.028, 0.028, 0.027, 0.027, 0.027, 0.028, 0.028, 0.027, 0.028, 0.027, 0.028, 0.027, 0.028, 0.028, 0.027, 0.027, 0.027, 0.027, 0.027, 0.027, 0.028, 0.028, 0.027, 0.027, 0.028]",0,2,7471104,send_recv,2,2
325,0.027,0.028,0.027600000000000003,0.028,0.0004898979485566361,"[0.027, 0.028, 0.028, 0.028, 0.027, 0.028, 0.027, 0.027, 0.028, 0.027, 0.028, 0.027, 0.027, 0.028, 0.027, 0.027, 0.028, 0.028, 0.028, 0.028, 0.028, 0.028, 0.028, 0.028, 0.028, 0.028, 0.027, 0.027, 0.028, 0.027, 0.028, 0.028, 0.028, 0.027, 0.028, 0.027, 0.028, 0.028, 0.027, 0.027, 0.028, 0.028, 0.028, 0.027, 0.028, 0.028, 0.027, 0.027, 0.027, 0.027, 0.028, 0.027, 0.027, 0.028, 0.027, 0.028, 0.028, 0.028, 0.028, 0.028]",0,2,7503872,send_recv,2,2
326,0.027,0.028,0.027766666666666665,0.028,0.000422952584681651,"[0.028, 0.028, 0.028, 0.028, 0.028, 0.028, 0.028, 0.028, 0.027, 0.028, 0.028, 0.028, 0.028, 0.028, 0.028, 0.028, 0.028, 0.028, 0.028, 0.028, 0.028, 0.028, 0.027, 0.028, 0.027, 0.028, 0.028, 0.027, 0.028, 0.028, 0.027, 0.028, 0.027, 0.028, 0.028, 0.027, 0.028, 0.028, 0.027, 0.028, 0.028, 0.028, 0.028, 0.028, 0.028, 0.028, 0.027, 0.028, 0.028, 0.028, 0.027, 0.027, 0.028, 0.028, 0.027, 0.028, 0.027, 0.027, 0.028, 0.028]",0,2,7536640,send_recv,2,2
327,0.027,0.028,0.02795,0.028,0.00021794494717703385,"[0.028, 0.028, 0.028, 0.028, 0.028, 0.028, 0.028, 0.027, 0.028, 0.028, 0.028, 0.028, 0.028, 0.028, 0.028, 0.028, 0.028, 0.028, 0.028, 0.028, 0.028, 0.028, 0.028, 0.028, 0.027, 0.028, 0.028, 0.028, 0.028, 0.028, 0.028, 0.028, 0.028, 0.028, 0.028, 0.028, 0.028, 0.028, 0.028, 0.028, 0.028, 0.028, 0.028, 0.028, 0.028, 0.028, 0.028, 0.028, 0.027, 0.028, 0.028, 0.028, 0.028, 0.028, 0.028, 0.028, 0.028, 0.028, 0.028, 0.028]",0,2,7569408,send_recv,2,2
328,0.027,0.028,0.02798333333333334,0.028,0.00012801909579781027,"[0.028, 0.028, 0.028, 0.028, 0.028, 0.028, 0.028, 0.028, 0.028, 0.028, 0.028, 0.028, 0.028, 0.028, 0.028, 0.028, 0.027, 0.028, 0.028, 0.028, 0.028, 0.028, 0.028, 0.028, 0.028, 0.028, 0.028, 0.028, 0.028, 0.028, 0.028, 0.028, 0.028, 0.028, 0.028, 0.028, 0.028, 0.028, 0.028, 0.028, 0.028, 0.028, 0.028, 0.028, 0.028, 0.028, 0.028, 0.028, 0.028, 0.028, 0.028, 0.028, 0.028, 0.028, 0.028, 0.028, 0.028, 0.028, 0.028, 0.028]",0,2,7602176,send_recv,2,2
329,0.027,0.028,0.02796666666666667,0.028,0.0001795054935711503,"[0.028, 0.028, 0.028, 0.028, 0.028, 0.028, 0.028, 0.028, 0.028, 0.028, 0.028, 0.028, 0.028, 0.028, 0.028, 0.028, 0.028, 0.028, 0.028, 0.028, 0.028, 0.028, 0.028, 0.028, 0.028, 0.028, 0.028, 0.028, 0.028, 0.028, 0.028, 0.028, 0.028, 0.028, 0.028, 0.028, 0.028, 0.028, 0.028, 0.028, 0.028, 0.028, 0.027, 0.028, 0.028, 0.028, 0.028, 0.028, 0.028, 0.028, 0.027, 0.028, 0.028, 0.028, 0.028, 0.028, 0.028, 0.028, 0.028, 0.028]",0,2,7634944,send_recv,2,2
330,0.028,0.028,0.028000000000000004,0.028,3.469446951953614e-18,"[0.028, 0.028, 0.028, 0.028, 0.028, 0.028, 0.028, 0.028, 0.028, 0.028, 0.028, 0.028, 0.028, 0.028, 0.028, 0.028, 0.028, 0.028, 0.028, 0.028, 0.028, 0.028, 0.028, 0.028, 0.028, 0.028, 0.028, 0.028, 0.028, 0.028, 0.028, 0.028, 0.028, 0.028, 0.028, 0.028, 0.028, 0.028, 0.028, 0.028, 0.028, 0.028, 0.028, 0.028, 0.028, 0.028, 0.028, 0.028, 0.028, 0.028, 0.028, 0.028, 0.028, 0.028, 0.028, 0.028, 0.028, 0.028, 0.028, 0.028]",0,2,7667712,send_recv,2,2
331,0.028,0.028,0.028000000000000004,0.028,3.469446951953614e-18,"[0.028, 0.028, 0.028, 0.028, 0.028, 0.028, 0.028, 0.028, 0.028, 0.028, 0.028, 0.028, 0.028, 0.028, 0.028, 0.028, 0.028, 0.028, 0.028, 0.028, 0.028, 0.028, 0.028, 0.028, 0.028, 0.028, 0.028, 0.028, 0.028, 0.028, 0.028, 0.028, 0.028, 0.028, 0.028, 0.028, 0.028, 0.028, 0.028, 0.028, 0.028, 0.028, 0.028, 0.028, 0.028, 0.028, 0.028, 0.028, 0.028, 0.028, 0.028, 0.028, 0.028, 0.028, 0.028, 0.028, 0.028, 0.028, 0.028, 0.028]",0,2,7700480,send_recv,2,2
332,0.028,0.029,0.02801666666666667,0.028,0.00012801909579781025,"[0.028, 0.028, 0.028, 0.029, 0.028, 0.028, 0.028, 0.028, 0.028, 0.028, 0.028, 0.028, 0.028, 0.028, 0.028, 0.028, 0.028, 0.028, 0.028, 0.028, 0.028, 0.028, 0.028, 0.028, 0.028, 0.028, 0.028, 0.028, 0.028, 0.028, 0.028, 0.028, 0.028, 0.028, 0.028, 0.028, 0.028, 0.028, 0.028, 0.028, 0.028, 0.028, 0.028, 0.028, 0.028, 0.028, 0.028, 0.028, 0.028, 0.028, 0.028, 0.028, 0.028, 0.028, 0.028, 0.028, 0.028, 0.028, 0.028, 0.028]",0,2,7733248,send_recv,2,2
333,0.027,0.029,0.02801666666666667,0.028,0.0002229848026709944,"[0.028, 0.028, 0.028, 0.028, 0.028, 0.028, 0.028, 0.028, 0.028, 0.028, 0.028, 0.028, 0.028, 0.028, 0.028, 0.028, 0.028, 0.028, 0.028, 0.028, 0.028, 0.028, 0.028, 0.028, 0.028, 0.028, 0.028, 0.029, 0.028, 0.028, 0.028, 0.028, 0.028, 0.028, 0.028, 0.028, 0.028, 0.028, 0.028, 0.028, 0.028, 0.028, 0.028, 0.029, 0.028, 0.028, 0.028, 0.028, 0.028, 0.028, 0.028, 0.028, 0.028, 0.028, 0.027, 0.028, 0.028, 0.028, 0.028, 0.028]",0,2,7766016,send_recv,2,2
334,0.027,0.029,0.02801666666666667,0.028,0.0002229848026709944,"[0.028, 0.028, 0.028, 0.028, 0.028, 0.028, 0.028, 0.028, 0.028, 0.028, 0.028, 0.028, 0.028, 0.029, 0.028, 0.028, 0.028, 0.028, 0.028, 0.027, 0.028, 0.028, 0.028, 0.028, 0.028, 0.028, 0.028, 0.028, 0.028, 0.028, 0.028, 0.028, 0.028, 0.028, 0.028, 0.028, 0.028, 0.028, 0.028, 0.028, 0.028, 0.028, 0.028, 0.028, 0.028, 0.028, 0.028, 0.028, 0.028, 0.028, 0.028, 0.028, 0.028, 0.028, 0.028, 0.028, 0.028, 0.028, 0.029, 0.028]",0,2,7798784,send_recv,2,2
335,0.027,0.029,0.028050000000000005,0.028,0.0002843120351538666,"[0.028, 0.028, 0.028, 0.028, 0.028, 0.029, 0.028, 0.028, 0.028, 0.028, 0.028, 0.028, 0.028, 0.028, 0.028, 0.028, 0.027, 0.028, 0.029, 0.028, 0.028, 0.028, 0.028, 0.028, 0.028, 0.028, 0.028, 0.028, 0.028, 0.028, 0.028, 0.028, 0.028, 0.028, 0.028, 0.028, 0.028, 0.028, 0.028, 0.028, 0.028, 0.028, 0.028, 0.028, 0.028, 0.028, 0.029, 0.028, 0.028, 0.028, 0.028, 0.028, 0.028, 0.028, 0.029, 0.028, 0.028, 0.028, 0.028, 0.028]",0,2,7831552,send_recv,2,2
336,0.028,0.028,0.028000000000000004,0.028,3.469446951953614e-18,"[0.028, 0.028, 0.028, 0.028, 0.028, 0.028, 0.028, 0.028, 0.028, 0.028, 0.028, 0.028, 0.028, 0.028, 0.028, 0.028, 0.028, 0.028, 0.028, 0.028, 0.028, 0.028, 0.028, 0.028, 0.028, 0.028, 0.028, 0.028, 0.028, 0.028, 0.028, 0.028, 0.028, 0.028, 0.028, 0.028, 0.028, 0.028, 0.028, 0.028, 0.028, 0.028, 0.028, 0.028, 0.028, 0.028, 0.028, 0.028, 0.028, 0.028, 0.028, 0.028, 0.028, 0.028, 0.028, 0.028, 0.028, 0.028, 0.028, 0.028]",0,2,7864320,send_recv,2,2
337,0.026000000000000002,0.028,0.026983333333333328,0.027,0.0002881936077631761,"[0.028, 0.026000000000000002, 0.027, 0.027, 0.027, 0.027, 0.027, 0.027, 0.027, 0.027, 0.027, 0.027, 0.027, 0.027, 0.027, 0.027, 0.027, 0.027, 0.027, 0.027, 0.027, 0.026000000000000002, 0.027, 0.027, 0.027, 0.027, 0.027, 0.027, 0.027, 0.027, 0.027, 0.028, 0.027, 0.027, 0.027, 0.027, 0.027, 0.027, 0.027, 0.027, 0.027, 0.027, 0.027, 0.027, 0.027, 0.027, 0.027, 0.027, 0.027, 0.026000000000000002, 0.027, 0.027, 0.027, 0.027, 0.027, 0.027, 0.027, 0.027, 0.027, 0.027]",0,2,7897088,send_recv,2,2
338,0.026000000000000002,0.028,0.02694999999999999,0.027,0.0002843120351538659,"[0.027, 0.027, 0.027, 0.027, 0.027, 0.027, 0.027, 0.027, 0.027, 0.027, 0.027, 0.027, 0.027, 0.027, 0.027, 0.027, 0.027, 0.027, 0.027, 0.027, 0.027, 0.027, 0.027, 0.027, 0.027, 0.027, 0.027, 0.027, 0.027, 0.027, 0.027, 0.027, 0.027, 0.027, 0.027, 0.027, 0.027, 0.027, 0.027, 0.026000000000000002, 0.027, 0.027, 0.027, 0.027, 0.028, 0.026000000000000002, 0.027, 0.027, 0.027, 0.027, 0.026000000000000002, 0.027, 0.027, 0.026000000000000002, 0.027, 0.027, 0.027, 0.027, 0.027, 0.027]",0,2,7929856,send_recv,2,2
339,0.027,0.028,0.027016666666666658,0.027,0.0001280190957978102,"[0.027, 0.027, 0.027, 0.027, 0.027, 0.027, 0.027, 0.027, 0.027, 0.027, 0.027, 0.028, 0.027, 0.027, 0.027, 0.027, 0.027, 0.027, 0.027, 0.027, 0.027, 0.027, 0.027, 0.027, 0.027, 0.027, 0.027, 0.027, 0.027, 0.027, 0.027, 0.027, 0.027, 0.027, 0.027, 0.027, 0.027, 0.027, 0.027, 0.027, 0.027, 0.027, 0.027, 0.027, 0.027, 0.027, 0.027, 0.027, 0.027, 0.027, 0.027, 0.027, 0.027, 0.027, 0.027, 0.027, 0.027, 0.027, 0.027, 0.027]",0,2,7962624,send_recv,2,2
340,0.027,0.028,0.027066666666666666,0.027,0.00024944382578492966,"[0.027, 0.028, 0.027, 0.027, 0.027, 0.027, 0.027, 0.027, 0.027, 0.027, 0.027, 0.027, 0.027, 0.027, 0.027, 0.027, 0.028, 0.027, 0.027, 0.027, 0.027, 0.027, 0.027, 0.027, 0.027, 0.027, 0.027, 0.027, 0.027, 0.027, 0.027, 0.027, 0.027, 0.027, 0.027, 0.027, 0.027, 0.027, 0.027, 0.027, 0.027, 0.027, 0.027, 0.027, 0.027, 0.027, 0.027, 0.027, 0.027, 0.027, 0.027, 0.027, 0.027, 0.027, 0.027, 0.028, 0.028, 0.027, 0.027, 0.027]",0,2,7995392,send_recv,2,2
341,0.027,0.028,0.0272,0.027,0.0004000000000000004,"[0.028, 0.027, 0.027, 0.028, 0.028, 0.027, 0.027, 0.027, 0.027, 0.027, 0.028, 0.027, 0.027, 0.027, 0.027, 0.027, 0.027, 0.027, 0.027, 0.027, 0.027, 0.027, 0.027, 0.027, 0.028, 0.027, 0.027, 0.028, 0.028, 0.027, 0.027, 0.027, 0.027, 0.027, 0.028, 0.028, 0.027, 0.027, 0.027, 0.027, 0.028, 0.027, 0.027, 0.027, 0.027, 0.027, 0.027, 0.027, 0.028, 0.027, 0.027, 0.027, 0.027, 0.027, 0.027, 0.027, 0.027, 0.027, 0.028, 0.027]",0,2,8028160,send_recv,2,2
342,0.027,0.028,0.027233333333333328,0.027,0.0004229525846816511,"[0.028, 0.027, 0.027, 0.027, 0.027, 0.027, 0.027, 0.027, 0.027, 0.027, 0.027, 0.027, 0.027, 0.027, 0.027, 0.027, 0.027, 0.028, 0.027, 0.027, 0.027, 0.027, 0.028, 0.028, 0.027, 0.027, 0.028, 0.027, 0.027, 0.027, 0.027, 0.028, 0.027, 0.027, 0.027, 0.027, 0.027, 0.028, 0.027, 0.027, 0.028, 0.027, 0.027, 0.027, 0.027, 0.028, 0.028, 0.027, 0.028, 0.027, 0.027, 0.028, 0.027, 0.028, 0.027, 0.027, 0.027, 0.027, 0.028, 0.027]",0,2,8060928,send_recv,2,2
343,0.027,0.028,0.027500000000000004,0.0275,0.0005000000000000004,"[0.027, 0.027, 0.028, 0.028, 0.027, 0.027, 0.028, 0.028, 0.027, 0.028, 0.028, 0.027, 0.027, 0.027, 0.027, 0.027, 0.028, 0.028, 0.027, 0.028, 0.028, 0.028, 0.027, 0.028, 0.028, 0.028, 0.028, 0.027, 0.028, 0.027, 0.028, 0.028, 0.028, 0.027, 0.027, 0.027, 0.027, 0.027, 0.027, 0.028, 0.027, 0.028, 0.027, 0.027, 0.027, 0.027, 0.028, 0.028, 0.027, 0.028, 0.028, 0.027, 0.028, 0.027, 0.028, 0.027, 0.028, 0.027, 0.028, 0.028]",0,2,8093696,send_recv,2,2
344,0.027,0.028,0.027499999999999993,0.0275,0.0005000000000000004,"[0.027, 0.027, 0.028, 0.027, 0.027, 0.027, 0.027, 0.027, 0.027, 0.028, 0.028, 0.027, 0.028, 0.027, 0.028, 0.028, 0.027, 0.027, 0.028, 0.028, 0.028, 0.027, 0.028, 0.028, 0.027, 0.028, 0.028, 0.027, 0.027, 0.027, 0.028, 0.028, 0.028, 0.028, 0.027, 0.028, 0.028, 0.027, 0.027, 0.028, 0.027, 0.028, 0.028, 0.027, 0.028, 0.027, 0.027, 0.028, 0.027, 0.028, 0.028, 0.028, 0.027, 0.027, 0.028, 0.028, 0.027, 0.027, 0.028, 0.027]",0,2,8126464,send_recv,2,2
345,0.027,0.028,0.027700000000000002,0.028,0.0004582575694955844,"[0.027, 0.027, 0.028, 0.028, 0.028, 0.027, 0.028, 0.028, 0.027, 0.028, 0.028, 0.028, 0.028, 0.028, 0.028, 0.027, 0.027, 0.028, 0.028, 0.028, 0.028, 0.027, 0.027, 0.028, 0.028, 0.028, 0.027, 0.028, 0.028, 0.027, 0.028, 0.028, 0.028, 0.028, 0.028, 0.028, 0.028, 0.027, 0.028, 0.028, 0.028, 0.027, 0.027, 0.028, 0.028, 0.027, 0.028, 0.027, 0.027, 0.028, 0.028, 0.027, 0.028, 0.028, 0.028, 0.028, 0.028, 0.028, 0.028, 0.027]",0,2,8159232,send_recv,2,2
346,0.027,0.028,0.027883333333333333,0.028,0.000321022671404304,"[0.028, 0.028, 0.028, 0.028, 0.027, 0.027, 0.028, 0.027, 0.028, 0.028, 0.028, 0.028, 0.028, 0.028, 0.028, 0.027, 0.028, 0.028, 0.028, 0.028, 0.028, 0.028, 0.028, 0.028, 0.028, 0.028, 0.028, 0.028, 0.028, 0.028, 0.028, 0.028, 0.028, 0.028, 0.028, 0.028, 0.028, 0.028, 0.028, 0.028, 0.027, 0.028, 0.027, 0.028, 0.028, 0.028, 0.028, 0.028, 0.027, 0.028, 0.028, 0.028, 0.028, 0.028, 0.028, 0.028, 0.028, 0.028, 0.028, 0.028]",0,2,8192000,send_recv,2,2
347,0.027,0.028,0.02785,0.028,0.0003570714214271428,"[0.027, 0.028, 0.027, 0.028, 0.028, 0.028, 0.028, 0.028, 0.027, 0.028, 0.028, 0.028, 0.028, 0.028, 0.028, 0.028, 0.028, 0.028, 0.028, 0.028, 0.028, 0.028, 0.028, 0.028, 0.028, 0.027, 0.028, 0.028, 0.028, 0.028, 0.028, 0.028, 0.028, 0.028, 0.027, 0.028, 0.028, 0.028, 0.028, 0.028, 0.028, 0.028, 0.028, 0.028, 0.027, 0.027, 0.028, 0.028, 0.028, 0.028, 0.027, 0.028, 0.028, 0.028, 0.028, 0.028, 0.027, 0.028, 0.028, 0.028]",0,2,8224768,send_recv,2,2
348,0.027,0.028,0.027883333333333333,0.028,0.000321022671404304,"[0.027, 0.028, 0.028, 0.028, 0.028, 0.028, 0.028, 0.028, 0.028, 0.028, 0.028, 0.028, 0.027, 0.028, 0.028, 0.028, 0.028, 0.028, 0.028, 0.028, 0.028, 0.027, 0.028, 0.027, 0.028, 0.028, 0.028, 0.028, 0.028, 0.028, 0.028, 0.028, 0.028, 0.028, 0.028, 0.028, 0.028, 0.028, 0.028, 0.027, 0.027, 0.028, 0.028, 0.028, 0.028, 0.028, 0.028, 0.028, 0.028, 0.028, 0.027, 0.028, 0.028, 0.028, 0.028, 0.028, 0.028, 0.028, 0.028, 0.028]",0,2,8257536,send_recv,2,2
349,0.027,0.028,0.02798333333333334,0.028,0.00012801909579781027,"[0.028, 0.028, 0.028, 0.028, 0.027, 0.028, 0.028, 0.028, 0.028, 0.028, 0.028, 0.028, 0.028, 0.028, 0.028, 0.028, 0.028, 0.028, 0.028, 0.028, 0.028, 0.028, 0.028, 0.028, 0.028, 0.028, 0.028, 0.028, 0.028, 0.028, 0.028, 0.028, 0.028, 0.028, 0.028, 0.028, 0.028, 0.028, 0.028, 0.028, 0.028, 0.028, 0.028, 0.028, 0.028, 0.028, 0.028, 0.028, 0.028, 0.028, 0.028, 0.028, 0.028, 0.028, 0.028, 0.028, 0.028, 0.028, 0.028, 0.028]",0,2,8290304,send_recv,2,2
350,0.028,0.029,0.028033333333333334,0.028,0.0001795054935711503,"[0.029, 0.028, 0.028, 0.028, 0.028, 0.028, 0.028, 0.028, 0.028, 0.028, 0.028, 0.028, 0.028, 0.028, 0.028, 0.028, 0.028, 0.028, 0.028, 0.028, 0.028, 0.028, 0.028, 0.028, 0.028, 0.028, 0.028, 0.028, 0.028, 0.028, 0.028, 0.028, 0.028, 0.028, 0.028, 0.028, 0.028, 0.028, 0.028, 0.028, 0.028, 0.028, 0.028, 0.028, 0.028, 0.028, 0.028, 0.028, 0.028, 0.028, 0.028, 0.028, 0.028, 0.028, 0.028, 0.028, 0.029, 0.028, 0.028, 0.028]",0,2,8323072,send_recv,2,2
351,0.028,0.029,0.02801666666666667,0.028,0.00012801909579781025,"[0.028, 0.028, 0.028, 0.028, 0.028, 0.028, 0.028, 0.028, 0.028, 0.028, 0.028, 0.028, 0.028, 0.028, 0.028, 0.028, 0.028, 0.028, 0.029, 0.028, 0.028, 0.028, 0.028, 0.028, 0.028, 0.028, 0.028, 0.028, 0.028, 0.028, 0.028, 0.028, 0.028, 0.028, 0.028, 0.028, 0.028, 0.028, 0.028, 0.028, 0.028, 0.028, 0.028, 0.028, 0.028, 0.028, 0.028, 0.028, 0.028, 0.028, 0.028, 0.028, 0.028, 0.028, 0.028, 0.028, 0.028, 0.028, 0.028, 0.028]",0,2,8355840,send_recv,2,2
352,0.028,0.029,0.028100000000000003,0.028,0.0003000000000000003,"[0.028, 0.028, 0.028, 0.028, 0.028, 0.028, 0.028, 0.028, 0.028, 0.028, 0.028, 0.028, 0.028, 0.028, 0.028, 0.028, 0.028, 0.028, 0.029, 0.028, 0.029, 0.028, 0.028, 0.029, 0.029, 0.028, 0.028, 0.028, 0.028, 0.028, 0.028, 0.028, 0.028, 0.028, 0.029, 0.028, 0.028, 0.028, 0.028, 0.028, 0.028, 0.028, 0.028, 0.028, 0.028, 0.028, 0.028, 0.029, 0.028, 0.028, 0.028, 0.028, 0.028, 0.028, 0.028, 0.028, 0.028, 0.028, 0.028, 0.028]",0,2,8388608,send_recv,2,2
353,0.031,0.032,0.03138333333333333,0.031,0.0004861984048604945,"[0.032, 0.031, 0.031, 0.031, 0.032, 0.031, 0.031, 0.031, 0.032, 0.031, 0.031, 0.031, 0.032, 0.031, 0.032, 0.031, 0.032, 0.031, 0.032, 0.031, 0.031, 0.032, 0.031, 0.031, 0.032, 0.031, 0.032, 0.032, 0.032, 0.031, 0.031, 0.031, 0.032, 0.031, 0.031, 0.032, 0.032, 0.032, 0.031, 0.031, 0.032, 0.031, 0.031, 0.031, 0.032, 0.031, 0.031, 0.031, 0.032, 0.032, 0.031, 0.031, 0.032, 0.031, 0.031, 0.031, 0.032, 0.032, 0.031, 0.031]",0,2,8421376,send_recv,2,2
354,0.031,0.032,0.03145,0.031,0.0004974937185533104,"[0.031, 0.032, 0.032, 0.031, 0.032, 0.031, 0.032, 0.031, 0.031, 0.032, 0.031, 0.031, 0.032, 0.032, 0.031, 0.031, 0.031, 0.032, 0.032, 0.031, 0.031, 0.032, 0.031, 0.031, 0.031, 0.031, 0.032, 0.032, 0.032, 0.031, 0.031, 0.032, 0.031, 0.032, 0.031, 0.031, 0.032, 0.032, 0.031, 0.032, 0.031, 0.032, 0.032, 0.031, 0.031, 0.032, 0.032, 0.031, 0.031, 0.032, 0.032, 0.031, 0.032, 0.031, 0.032, 0.031, 0.031, 0.032, 0.031, 0.031]",0,2,8454144,send_recv,2,2
355,0.031,0.032,0.031566666666666666,0.032,0.0004955356249106172,"[0.032, 0.032, 0.032, 0.031, 0.031, 0.031, 0.032, 0.032, 0.031, 0.032, 0.032, 0.032, 0.031, 0.032, 0.032, 0.032, 0.031, 0.032, 0.032, 0.031, 0.031, 0.031, 0.032, 0.031, 0.031, 0.031, 0.032, 0.032, 0.032, 0.031, 0.032, 0.032, 0.031, 0.031, 0.032, 0.032, 0.031, 0.032, 0.031, 0.032, 0.031, 0.031, 0.032, 0.032, 0.031, 0.032, 0.032, 0.032, 0.031, 0.031, 0.032, 0.032, 0.031, 0.031, 0.032, 0.032, 0.031, 0.032, 0.032, 0.031]",0,2,8486912,send_recv,2,2
356,0.031,0.033,0.0319,0.032,0.00035118845842842494,"[0.032, 0.032, 0.031, 0.032, 0.032, 0.032, 0.031, 0.032, 0.032, 0.032, 0.032, 0.032, 0.032, 0.032, 0.031, 0.032, 0.032, 0.032, 0.032, 0.032, 0.032, 0.032, 0.032, 0.032, 0.032, 0.032, 0.031, 0.032, 0.032, 0.032, 0.032, 0.032, 0.032, 0.032, 0.032, 0.032, 0.031, 0.031, 0.032, 0.033, 0.032, 0.032, 0.032, 0.032, 0.032, 0.032, 0.032, 0.032, 0.032, 0.032, 0.032, 0.032, 0.032, 0.032, 0.032, 0.032, 0.032, 0.032, 0.031, 0.032]",0,2,8519680,send_recv,2,2
357,0.031,0.033,0.031983333333333336,0.032,0.00028819360776317666,"[0.032, 0.032, 0.032, 0.032, 0.032, 0.032, 0.032, 0.032, 0.032, 0.032, 0.032, 0.032, 0.032, 0.032, 0.032, 0.032, 0.033, 0.032, 0.032, 0.032, 0.032, 0.032, 0.031, 0.032, 0.032, 0.032, 0.032, 0.032, 0.032, 0.032, 0.032, 0.032, 0.031, 0.032, 0.032, 0.032, 0.032, 0.032, 0.032, 0.032, 0.032, 0.032, 0.032, 0.031, 0.032, 0.032, 0.032, 0.032, 0.032, 0.032, 0.032, 0.032, 0.033, 0.032, 0.032, 0.032, 0.032, 0.032, 0.032, 0.032]",0,2,8552448,send_recv,2,2
358,0.032,0.033,0.03211666666666667,0.032,0.000321022671404304,"[0.032, 0.033, 0.032, 0.032, 0.032, 0.032, 0.032, 0.033, 0.032, 0.032, 0.032, 0.033, 0.032, 0.032, 0.032, 0.032, 0.032, 0.032, 0.032, 0.032, 0.032, 0.032, 0.032, 0.032, 0.032, 0.033, 0.032, 0.032, 0.032, 0.032, 0.032, 0.032, 0.032, 0.032, 0.032, 0.032, 0.032, 0.032, 0.032, 0.032, 0.032, 0.032, 0.032, 0.032, 0.032, 0.033, 0.032, 0.032, 0.032, 0.033, 0.032, 0.032, 0.032, 0.032, 0.032, 0.032, 0.032, 0.033, 0.032, 0.032]",0,2,8585216,send_recv,2,2
359,0.031,0.033,0.032183333333333335,0.032,0.0004278499217664482,"[0.033, 0.032, 0.032, 0.032, 0.033, 0.032, 0.033, 0.032, 0.032, 0.032, 0.032, 0.032, 0.032, 0.032, 0.033, 0.032, 0.032, 0.031, 0.032, 0.032, 0.032, 0.032, 0.033, 0.032, 0.032, 0.032, 0.033, 0.032, 0.033, 0.032, 0.032, 0.032, 0.032, 0.032, 0.032, 0.032, 0.032, 0.033, 0.032, 0.032, 0.032, 0.032, 0.032, 0.032, 0.032, 0.032, 0.033, 0.033, 0.032, 0.032, 0.032, 0.033, 0.032, 0.032, 0.033, 0.032, 0.032, 0.032, 0.032, 0.032]",0,2,8617984,send_recv,2,2
360,0.032,0.033,0.032100000000000004,0.032,0.00030000000000000024,"[0.033, 0.032, 0.032, 0.032, 0.032, 0.032, 0.032, 0.032, 0.032, 0.032, 0.032, 0.032, 0.032, 0.032, 0.032, 0.032, 0.032, 0.033, 0.032, 0.032, 0.032, 0.032, 0.032, 0.032, 0.032, 0.032, 0.032, 0.032, 0.032, 0.032, 0.032, 0.032, 0.032, 0.032, 0.032, 0.033, 0.032, 0.032, 0.032, 0.032, 0.032, 0.032, 0.032, 0.033, 0.032, 0.032, 0.032, 0.032, 0.032, 0.032, 0.032, 0.033, 0.032, 0.032, 0.032, 0.032, 0.032, 0.032, 0.032, 0.033]",0,2,8650752,send_recv,2,2
361,0.031,0.033,0.03205,0.032,0.0002843120351538667,"[0.032, 0.032, 0.032, 0.031, 0.032, 0.032, 0.033, 0.032, 0.033, 0.032, 0.032, 0.032, 0.032, 0.032, 0.033, 0.032, 0.032, 0.032, 0.032, 0.032, 0.032, 0.032, 0.032, 0.032, 0.032, 0.032, 0.032, 0.032, 0.032, 0.032, 0.032, 0.032, 0.033, 0.032, 0.032, 0.032, 0.032, 0.032, 0.032, 0.032, 0.032, 0.032, 0.032, 0.032, 0.032, 0.032, 0.032, 0.032, 0.032, 0.032, 0.032, 0.032, 0.032, 0.032, 0.032, 0.032, 0.032, 0.032, 0.032, 0.032]",0,2,8683520,send_recv,2,2
362,0.032,0.033,0.03201666666666667,0.032,0.0001280190957978103,"[0.032, 0.032, 0.032, 0.032, 0.032, 0.032, 0.032, 0.032, 0.032, 0.032, 0.032, 0.032, 0.032, 0.032, 0.032, 0.032, 0.032, 0.032, 0.032, 0.033, 0.032, 0.032, 0.032, 0.032, 0.032, 0.032, 0.032, 0.032, 0.032, 0.032, 0.032, 0.032, 0.032, 0.032, 0.032, 0.032, 0.032, 0.032, 0.032, 0.032, 0.032, 0.032, 0.032, 0.032, 0.032, 0.032, 0.032, 0.032, 0.032, 0.032, 0.032, 0.032, 0.032, 0.032, 0.032, 0.032, 0.032, 0.032, 0.032, 0.032]",0,2,8716288,send_recv,2,2
363,0.032,0.033,0.032233333333333336,0.032,0.000422952584681651,"[0.033, 0.032, 0.032, 0.032, 0.032, 0.032, 0.033, 0.032, 0.032, 0.032, 0.032, 0.032, 0.032, 0.032, 0.032, 0.032, 0.033, 0.032, 0.033, 0.032, 0.033, 0.032, 0.032, 0.032, 0.032, 0.032, 0.033, 0.033, 0.032, 0.032, 0.033, 0.032, 0.032, 0.032, 0.033, 0.032, 0.032, 0.032, 0.032, 0.032, 0.033, 0.032, 0.032, 0.032, 0.032, 0.032, 0.033, 0.032, 0.032, 0.032, 0.033, 0.032, 0.032, 0.032, 0.033, 0.032, 0.032, 0.032, 0.033, 0.032]",0,2,8749056,send_recv,2,2
364,0.032,0.033,0.03213333333333333,0.032,0.00033993463423951926,"[0.033, 0.032, 0.032, 0.032, 0.032, 0.032, 0.032, 0.032, 0.032, 0.032, 0.032, 0.032, 0.032, 0.033, 0.033, 0.033, 0.032, 0.032, 0.032, 0.032, 0.032, 0.032, 0.032, 0.032, 0.032, 0.032, 0.032, 0.032, 0.032, 0.032, 0.032, 0.032, 0.032, 0.032, 0.032, 0.032, 0.032, 0.033, 0.032, 0.033, 0.032, 0.032, 0.032, 0.032, 0.032, 0.032, 0.032, 0.033, 0.032, 0.032, 0.032, 0.032, 0.032, 0.032, 0.032, 0.032, 0.033, 0.032, 0.032, 0.032]",0,2,8781824,send_recv,2,2
365,0.032,0.033,0.03241666666666667,0.032,0.0004930066485916352,"[0.033, 0.032, 0.033, 0.032, 0.032, 0.032, 0.032, 0.033, 0.033, 0.033, 0.032, 0.032, 0.032, 0.032, 0.032, 0.032, 0.033, 0.033, 0.033, 0.032, 0.033, 0.033, 0.032, 0.032, 0.032, 0.033, 0.032, 0.032, 0.032, 0.032, 0.033, 0.032, 0.033, 0.033, 0.032, 0.032, 0.033, 0.033, 0.032, 0.032, 0.033, 0.032, 0.032, 0.032, 0.033, 0.033, 0.032, 0.032, 0.033, 0.032, 0.032, 0.032, 0.033, 0.033, 0.033, 0.033, 0.033, 0.032, 0.032, 0.032]",0,2,8814592,send_recv,2,2
366,0.032,0.033,0.03241666666666667,0.032,0.0004930066485916352,"[0.032, 0.033, 0.032, 0.033, 0.032, 0.032, 0.033, 0.033, 0.032, 0.032, 0.033, 0.032, 0.033, 0.033, 0.033, 0.032, 0.032, 0.033, 0.032, 0.032, 0.032, 0.033, 0.032, 0.032, 0.032, 0.033, 0.033, 0.032, 0.032, 0.033, 0.032, 0.032, 0.032, 0.033, 0.033, 0.033, 0.032, 0.032, 0.033, 0.032, 0.032, 0.033, 0.033, 0.033, 0.032, 0.033, 0.032, 0.032, 0.032, 0.032, 0.033, 0.032, 0.032, 0.032, 0.033, 0.033, 0.032, 0.033, 0.032, 0.032]",0,2,8847360,send_recv,2,2
367,0.03,0.031,0.030566666666666666,0.031,0.0004955356249106172,"[0.03, 0.03, 0.031, 0.03, 0.031, 0.03, 0.031, 0.031, 0.031, 0.031, 0.031, 0.031, 0.031, 0.03, 0.031, 0.031, 0.031, 0.031, 0.031, 0.031, 0.03, 0.03, 0.031, 0.03, 0.031, 0.031, 0.031, 0.03, 0.03, 0.031, 0.031, 0.031, 0.03, 0.031, 0.03, 0.031, 0.031, 0.03, 0.03, 0.03, 0.03, 0.03, 0.031, 0.031, 0.03, 0.031, 0.031, 0.031, 0.03, 0.03, 0.031, 0.03, 0.03, 0.03, 0.03, 0.031, 0.03, 0.03, 0.031, 0.031]",0,2,8880128,send_recv,2,2
368,0.03,0.032,0.03068333333333333,0.031,0.0004997221450188321,"[0.03, 0.031, 0.031, 0.03, 0.03, 0.031, 0.031, 0.03, 0.03, 0.031, 0.03, 0.031, 0.031, 0.031, 0.03, 0.031, 0.03, 0.03, 0.031, 0.031, 0.031, 0.032, 0.031, 0.031, 0.031, 0.031, 0.031, 0.031, 0.031, 0.03, 0.03, 0.031, 0.031, 0.031, 0.031, 0.031, 0.031, 0.03, 0.03, 0.031, 0.03, 0.031, 0.03, 0.031, 0.03, 0.03, 0.031, 0.031, 0.03, 0.031, 0.031, 0.03, 0.031, 0.031, 0.031, 0.031, 0.031, 0.03, 0.031, 0.031]",0,2,8912896,send_recv,2,2
369,0.03,0.031,0.030833333333333327,0.031,0.0003726779962499653,"[0.031, 0.031, 0.031, 0.031, 0.031, 0.031, 0.03, 0.03, 0.031, 0.031, 0.03, 0.03, 0.031, 0.031, 0.031, 0.03, 0.031, 0.031, 0.031, 0.03, 0.031, 0.031, 0.031, 0.031, 0.03, 0.031, 0.031, 0.031, 0.031, 0.031, 0.03, 0.031, 0.031, 0.031, 0.031, 0.031, 0.031, 0.031, 0.031, 0.031, 0.031, 0.031, 0.031, 0.031, 0.031, 0.031, 0.031, 0.031, 0.031, 0.031, 0.03, 0.031, 0.031, 0.031, 0.031, 0.03, 0.031, 0.031, 0.031, 0.031]",0,2,8945664,send_recv,2,2
370,0.03,0.032,0.030849999999999995,0.031,0.00040104031385053255,"[0.031, 0.031, 0.031, 0.031, 0.03, 0.031, 0.031, 0.031, 0.031, 0.031, 0.03, 0.031, 0.031, 0.031, 0.031, 0.031, 0.031, 0.032, 0.031, 0.031, 0.03, 0.03, 0.031, 0.03, 0.031, 0.031, 0.03, 0.031, 0.031, 0.031, 0.031, 0.031, 0.03, 0.031, 0.031, 0.031, 0.031, 0.031, 0.03, 0.031, 0.031, 0.031, 0.031, 0.031, 0.031, 0.031, 0.031, 0.03, 0.031, 0.031, 0.031, 0.031, 0.031, 0.031, 0.031, 0.031, 0.03, 0.031, 0.031, 0.031]",0,2,8978432,send_recv,2,2
371,0.03,0.031,0.030933333333333327,0.031,0.00024944382578492966,"[0.03, 0.031, 0.031, 0.031, 0.031, 0.031, 0.031, 0.03, 0.03, 0.031, 0.031, 0.031, 0.031, 0.031, 0.031, 0.031, 0.031, 0.031, 0.031, 0.031, 0.031, 0.031, 0.031, 0.031, 0.031, 0.031, 0.031, 0.031, 0.031, 0.031, 0.031, 0.031, 0.031, 0.031, 0.031, 0.031, 0.031, 0.031, 0.031, 0.031, 0.031, 0.03, 0.031, 0.031, 0.031, 0.031, 0.031, 0.031, 0.031, 0.031, 0.031, 0.031, 0.031, 0.031, 0.031, 0.031, 0.031, 0.031, 0.031, 0.031]",0,2,9011200,send_recv,2,2
372,0.03,0.031,0.030983333333333325,0.031,0.00012801909579781025,"[0.031, 0.031, 0.031, 0.031, 0.031, 0.031, 0.031, 0.031, 0.031, 0.031, 0.031, 0.031, 0.031, 0.031, 0.031, 0.031, 0.031, 0.031, 0.031, 0.031, 0.031, 0.031, 0.031, 0.031, 0.031, 0.031, 0.031, 0.031, 0.03, 0.031, 0.031, 0.031, 0.031, 0.031, 0.031, 0.031, 0.031, 0.031, 0.031, 0.031, 0.031, 0.031, 0.031, 0.031, 0.031, 0.031, 0.031, 0.031, 0.031, 0.031, 0.031, 0.031, 0.031, 0.031, 0.031, 0.031, 0.031, 0.031, 0.031, 0.031]",0,2,9043968,send_recv,2,2
373,0.031,0.032,0.031033333333333326,0.031,0.00017950549357115026,"[0.032, 0.031, 0.031, 0.031, 0.031, 0.031, 0.031, 0.031, 0.031, 0.031, 0.031, 0.031, 0.031, 0.031, 0.031, 0.031, 0.031, 0.031, 0.032, 0.031, 0.031, 0.031, 0.031, 0.031, 0.031, 0.031, 0.031, 0.031, 0.031, 0.031, 0.031, 0.031, 0.031, 0.031, 0.031, 0.031, 0.031, 0.031, 0.031, 0.031, 0.031, 0.031, 0.031, 0.031, 0.031, 0.031, 0.031, 0.031, 0.031, 0.031, 0.031, 0.031, 0.031, 0.031, 0.031, 0.031, 0.031, 0.031, 0.031, 0.031]",0,2,9076736,send_recv,2,2
374,0.031,0.032,0.03108333333333333,0.031,0.00027638539919628354,"[0.031, 0.031, 0.031, 0.031, 0.031, 0.031, 0.031, 0.031, 0.031, 0.031, 0.031, 0.031, 0.031, 0.031, 0.031, 0.031, 0.031, 0.032, 0.031, 0.031, 0.031, 0.031, 0.031, 0.031, 0.031, 0.031, 0.032, 0.031, 0.031, 0.031, 0.031, 0.032, 0.031, 0.031, 0.031, 0.031, 0.031, 0.031, 0.031, 0.031, 0.031, 0.031, 0.031, 0.032, 0.031, 0.031, 0.031, 0.031, 0.031, 0.031, 0.031, 0.031, 0.031, 0.031, 0.031, 0.031, 0.031, 0.032, 0.031, 0.031]",0,2,9109504,send_recv,2,2
375,0.031,0.032,0.031216666666666663,0.031,0.00041197356981027627,"[0.031, 0.031, 0.032, 0.032, 0.031, 0.032, 0.031, 0.031, 0.031, 0.031, 0.032, 0.031, 0.031, 0.031, 0.031, 0.031, 0.031, 0.031, 0.031, 0.031, 0.031, 0.031, 0.031, 0.031, 0.031, 0.031, 0.032, 0.031, 0.031, 0.031, 0.031, 0.032, 0.031, 0.031, 0.031, 0.031, 0.032, 0.031, 0.031, 0.031, 0.031, 0.031, 0.031, 0.032, 0.031, 0.031, 0.031, 0.032, 0.031, 0.031, 0.032, 0.031, 0.031, 0.031, 0.032, 0.031, 0.032, 0.031, 0.032, 0.031]",0,2,9142272,send_recv,2,2
376,0.031,0.032,0.03141666666666666,0.031,0.0004930066485916352,"[0.032, 0.032, 0.032, 0.031, 0.032, 0.031, 0.031, 0.032, 0.031, 0.032, 0.032, 0.031, 0.031, 0.031, 0.032, 0.032, 0.031, 0.031, 0.032, 0.032, 0.031, 0.032, 0.031, 0.031, 0.031, 0.031, 0.032, 0.032, 0.031, 0.031, 0.031, 0.031, 0.031, 0.032, 0.032, 0.032, 0.031, 0.031, 0.031, 0.032, 0.031, 0.031, 0.032, 0.031, 0.032, 0.031, 0.032, 0.032, 0.031, 0.031, 0.032, 0.032, 0.032, 0.031, 0.031, 0.031, 0.031, 0.031, 0.031, 0.031]",0,2,9175040,send_recv,2,2
377,0.031,0.032,0.03141666666666666,0.031,0.0004930066485916352,"[0.031, 0.031, 0.032, 0.031, 0.032, 0.032, 0.031, 0.032, 0.031, 0.031, 0.031, 0.031, 0.031, 0.031, 0.032, 0.031, 0.032, 0.031, 0.032, 0.032, 0.031, 0.032, 0.032, 0.031, 0.032, 0.031, 0.032, 0.031, 0.032, 0.031, 0.031, 0.032, 0.031, 0.031, 0.031, 0.031, 0.032, 0.032, 0.031, 0.032, 0.032, 0.032, 0.032, 0.031, 0.032, 0.031, 0.031, 0.031, 0.031, 0.031, 0.032, 0.031, 0.032, 0.031, 0.031, 0.031, 0.032, 0.031, 0.031, 0.032]",0,2,9207808,send_recv,2,2
378,0.031,0.032,0.031516666666666665,0.032,0.0004997221450188321,"[0.031, 0.032, 0.031, 0.031, 0.031, 0.031, 0.031, 0.032, 0.031, 0.032, 0.032, 0.032, 0.031, 0.032, 0.032, 0.031, 0.032, 0.032, 0.032, 0.031, 0.031, 0.032, 0.032, 0.031, 0.031, 0.032, 0.031, 0.031, 0.032, 0.032, 0.031, 0.031, 0.031, 0.032, 0.032, 0.032, 0.032, 0.032, 0.031, 0.031, 0.032, 0.032, 0.031, 0.031, 0.032, 0.032, 0.032, 0.032, 0.031, 0.032, 0.031, 0.031, 0.032, 0.032, 0.031, 0.031, 0.031, 0.032, 0.031, 0.032]",0,2,9240576,send_recv,2,2
379,0.031,0.032,0.03165,0.032,0.00047696960070847325,"[0.032, 0.032, 0.031, 0.032, 0.032, 0.031, 0.032, 0.032, 0.032, 0.032, 0.032, 0.031, 0.032, 0.031, 0.032, 0.031, 0.031, 0.032, 0.032, 0.032, 0.032, 0.032, 0.031, 0.031, 0.031, 0.032, 0.032, 0.032, 0.031, 0.031, 0.032, 0.032, 0.031, 0.031, 0.032, 0.032, 0.031, 0.031, 0.032, 0.032, 0.032, 0.031, 0.032, 0.032, 0.032, 0.031, 0.032, 0.031, 0.032, 0.032, 0.032, 0.032, 0.032, 0.032, 0.031, 0.032, 0.031, 0.032, 0.031, 0.032]",0,2,9273344,send_recv,2,2
380,0.031,0.032,0.031766666666666665,0.032,0.00042295258468165106,"[0.032, 0.032, 0.032, 0.032, 0.032, 0.032, 0.032, 0.032, 0.032, 0.032, 0.032, 0.032, 0.032, 0.032, 0.031, 0.031, 0.032, 0.032, 0.032, 0.032, 0.032, 0.031, 0.031, 0.032, 0.031, 0.032, 0.031, 0.032, 0.032, 0.032, 0.032, 0.032, 0.032, 0.032, 0.032, 0.032, 0.032, 0.032, 0.031, 0.032, 0.032, 0.032, 0.031, 0.031, 0.032, 0.032, 0.032, 0.032, 0.032, 0.032, 0.032, 0.032, 0.032, 0.031, 0.031, 0.031, 0.031, 0.032, 0.031, 0.032]",0,2,9306112,send_recv,2,2
381,0.031,0.032,0.03188333333333333,0.032,0.000321022671404304,"[0.032, 0.032, 0.032, 0.032, 0.032, 0.031, 0.032, 0.032, 0.032, 0.032, 0.032, 0.031, 0.032, 0.032, 0.032, 0.032, 0.032, 0.032, 0.032, 0.032, 0.032, 0.032, 0.032, 0.032, 0.032, 0.032, 0.031, 0.032, 0.032, 0.032, 0.031, 0.032, 0.032, 0.032, 0.032, 0.032, 0.032, 0.032, 0.032, 0.032, 0.032, 0.032, 0.032, 0.032, 0.032, 0.031, 0.032, 0.032, 0.032, 0.032, 0.032, 0.031, 0.032, 0.032, 0.032, 0.032, 0.032, 0.031, 0.032, 0.032]",0,2,9338880,send_recv,2,2
382,0.031,0.032,0.03191666666666667,0.032,0.00027638539919628354,"[0.032, 0.031, 0.032, 0.032, 0.031, 0.032, 0.032, 0.031, 0.032, 0.032, 0.032, 0.032, 0.032, 0.032, 0.032, 0.032, 0.032, 0.032, 0.032, 0.032, 0.032, 0.032, 0.032, 0.032, 0.032, 0.032, 0.032, 0.032, 0.032, 0.032, 0.032, 0.032, 0.032, 0.032, 0.032, 0.032, 0.031, 0.032, 0.032, 0.032, 0.031, 0.032, 0.032, 0.032, 0.032, 0.032, 0.032, 0.032, 0.032, 0.032, 0.032, 0.032, 0.032, 0.032, 0.032, 0.032, 0.032, 0.032, 0.032, 0.032]",0,2,9371648,send_recv,2,2
383,0.032,0.033,0.03203333333333334,0.032,0.00017950549357115026,"[0.033, 0.032, 0.032, 0.032, 0.032, 0.032, 0.032, 0.032, 0.032, 0.032, 0.032, 0.032, 0.032, 0.032, 0.033, 0.032, 0.032, 0.032, 0.032, 0.032, 0.032, 0.032, 0.032, 0.032, 0.032, 0.032, 0.032, 0.032, 0.032, 0.032, 0.032, 0.032, 0.032, 0.032, 0.032, 0.032, 0.032, 0.032, 0.032, 0.032, 0.032, 0.032, 0.032, 0.032, 0.032, 0.032, 0.032, 0.032, 0.032, 0.032, 0.032, 0.032, 0.032, 0.032, 0.032, 0.032, 0.032, 0.032, 0.032, 0.032]",0,2,9404416,send_recv,2,2
384,0.032,0.033,0.03205,0.032,0.00021794494717703385,"[0.032, 0.032, 0.032, 0.033, 0.032, 0.032, 0.032, 0.033, 0.032, 0.032, 0.032, 0.032, 0.032, 0.032, 0.032, 0.032, 0.032, 0.032, 0.032, 0.032, 0.032, 0.032, 0.032, 0.032, 0.032, 0.032, 0.032, 0.032, 0.032, 0.032, 0.032, 0.032, 0.032, 0.032, 0.032, 0.032, 0.032, 0.032, 0.032, 0.032, 0.032, 0.032, 0.032, 0.032, 0.032, 0.032, 0.032, 0.032, 0.032, 0.032, 0.032, 0.032, 0.032, 0.032, 0.032, 0.033, 0.032, 0.032, 0.032, 0.032]",0,2,9437184,send_recv,2,2
385,0.034,0.035,0.03433333333333333,0.034,0.00047140452079103207,"[0.034, 0.034, 0.035, 0.034, 0.035, 0.034, 0.034, 0.035, 0.034, 0.034, 0.035, 0.034, 0.035, 0.035, 0.035, 0.034, 0.034, 0.034, 0.035, 0.034, 0.035, 0.034, 0.034, 0.034, 0.035, 0.034, 0.034, 0.034, 0.035, 0.034, 0.034, 0.034, 0.035, 0.034, 0.034, 0.035, 0.034, 0.034, 0.034, 0.034, 0.035, 0.034, 0.035, 0.034, 0.034, 0.035, 0.034, 0.034, 0.034, 0.035, 0.035, 0.034, 0.035, 0.034, 0.034, 0.034, 0.035, 0.034, 0.034, 0.034]",0,2,9469952,send_recv,2,2
386,0.034,0.035,0.03451666666666666,0.035,0.0004997221450188321,"[0.034, 0.035, 0.035, 0.035, 0.034, 0.035, 0.034, 0.034, 0.035, 0.035, 0.035, 0.034, 0.035, 0.035, 0.034, 0.035, 0.035, 0.035, 0.035, 0.034, 0.034, 0.035, 0.035, 0.035, 0.034, 0.035, 0.035, 0.034, 0.034, 0.034, 0.034, 0.035, 0.034, 0.035, 0.035, 0.034, 0.035, 0.035, 0.035, 0.035, 0.034, 0.035, 0.034, 0.034, 0.034, 0.035, 0.034, 0.034, 0.034, 0.034, 0.034, 0.034, 0.035, 0.035, 0.034, 0.035, 0.034, 0.035, 0.034, 0.034]",0,2,9502720,send_recv,2,2
387,0.034,0.035,0.034483333333333324,0.034,0.0004997221450188321,"[0.035, 0.035, 0.035, 0.034, 0.035, 0.035, 0.035, 0.034, 0.034, 0.034, 0.034, 0.034, 0.035, 0.034, 0.035, 0.035, 0.035, 0.035, 0.034, 0.034, 0.035, 0.034, 0.035, 0.035, 0.034, 0.034, 0.035, 0.034, 0.035, 0.034, 0.035, 0.034, 0.035, 0.034, 0.034, 0.034, 0.035, 0.034, 0.035, 0.035, 0.035, 0.034, 0.035, 0.034, 0.035, 0.034, 0.035, 0.034, 0.034, 0.034, 0.034, 0.034, 0.035, 0.035, 0.035, 0.034, 0.035, 0.034, 0.034, 0.034]",0,2,9535488,send_recv,2,2
388,0.034,0.035,0.03456666666666666,0.035,0.0004955356249106172,"[0.035, 0.035, 0.034, 0.035, 0.035, 0.035, 0.035, 0.035, 0.034, 0.035, 0.034, 0.035, 0.034, 0.035, 0.034, 0.035, 0.034, 0.035, 0.034, 0.035, 0.035, 0.035, 0.034, 0.035, 0.034, 0.035, 0.035, 0.035, 0.035, 0.034, 0.035, 0.035, 0.034, 0.035, 0.034, 0.035, 0.035, 0.034, 0.034, 0.034, 0.035, 0.035, 0.034, 0.035, 0.035, 0.035, 0.034, 0.034, 0.034, 0.034, 0.034, 0.035, 0.034, 0.034, 0.035, 0.034, 0.035, 0.034, 0.034, 0.035]",0,2,9568256,send_recv,2,2
389,0.034,0.035,0.034583333333333334,0.035,0.0004930066485916352,"[0.035, 0.034, 0.035, 0.034, 0.035, 0.035, 0.035, 0.034, 0.035, 0.034, 0.034, 0.035, 0.035, 0.034, 0.034, 0.034, 0.035, 0.035, 0.035, 0.034, 0.034, 0.034, 0.035, 0.034, 0.035, 0.035, 0.035, 0.034, 0.035, 0.034, 0.034, 0.035, 0.035, 0.034, 0.034, 0.035, 0.035, 0.035, 0.035, 0.035, 0.035, 0.034, 0.035, 0.034, 0.034, 0.035, 0.035, 0.034, 0.035, 0.035, 0.035, 0.035, 0.034, 0.034, 0.035, 0.034, 0.035, 0.035, 0.034, 0.035]",0,2,9601024,send_recv,2,2
390,0.034,0.035,0.034766666666666675,0.035,0.0004229525846816511,"[0.035, 0.035, 0.034, 0.034, 0.035, 0.035, 0.035, 0.035, 0.035, 0.035, 0.035, 0.035, 0.035, 0.035, 0.035, 0.035, 0.035, 0.035, 0.034, 0.035, 0.035, 0.035, 0.035, 0.034, 0.034, 0.035, 0.034, 0.035, 0.035, 0.035, 0.034, 0.035, 0.035, 0.035, 0.034, 0.035, 0.035, 0.035, 0.035, 0.035, 0.035, 0.035, 0.034, 0.035, 0.034, 0.035, 0.035, 0.035, 0.035, 0.035, 0.034, 0.035, 0.035, 0.035, 0.035, 0.034, 0.034, 0.035, 0.034, 0.035]",0,2,9633792,send_recv,2,2
391,0.034,0.035,0.03465,0.035,0.00047696960070847325,"[0.035, 0.035, 0.034, 0.035, 0.035, 0.035, 0.035, 0.034, 0.035, 0.035, 0.035, 0.035, 0.034, 0.034, 0.035, 0.034, 0.035, 0.034, 0.035, 0.035, 0.034, 0.034, 0.035, 0.034, 0.035, 0.035, 0.035, 0.035, 0.035, 0.034, 0.035, 0.034, 0.035, 0.034, 0.035, 0.034, 0.034, 0.034, 0.035, 0.034, 0.034, 0.035, 0.035, 0.035, 0.035, 0.034, 0.035, 0.034, 0.035, 0.035, 0.035, 0.034, 0.035, 0.035, 0.035, 0.035, 0.035, 0.034, 0.035, 0.035]",0,2,9666560,send_recv,2,2
392,0.034,0.035,0.03478333333333334,0.035,0.00041197356981027627,"[0.035, 0.035, 0.034, 0.035, 0.035, 0.035, 0.034, 0.035, 0.034, 0.035, 0.035, 0.034, 0.035, 0.035, 0.034, 0.035, 0.035, 0.035, 0.035, 0.035, 0.035, 0.035, 0.035, 0.035, 0.035, 0.035, 0.035, 0.035, 0.034, 0.035, 0.035, 0.035, 0.035, 0.034, 0.035, 0.034, 0.035, 0.035, 0.035, 0.035, 0.035, 0.035, 0.035, 0.035, 0.035, 0.035, 0.035, 0.035, 0.035, 0.034, 0.034, 0.035, 0.035, 0.035, 0.034, 0.035, 0.034, 0.035, 0.034, 0.035]",0,2,9699328,send_recv,2,2
393,0.034,0.035,0.034850000000000006,0.035,0.00035707142142714284,"[0.035, 0.035, 0.035, 0.035, 0.035, 0.035, 0.035, 0.035, 0.035, 0.035, 0.035, 0.035, 0.035, 0.035, 0.035, 0.035, 0.035, 0.034, 0.035, 0.035, 0.035, 0.034, 0.035, 0.034, 0.035, 0.034, 0.035, 0.034, 0.035, 0.035, 0.035, 0.035, 0.035, 0.035, 0.035, 0.035, 0.035, 0.035, 0.035, 0.034, 0.035, 0.035, 0.035, 0.035, 0.035, 0.035, 0.035, 0.034, 0.035, 0.035, 0.035, 0.035, 0.035, 0.034, 0.035, 0.035, 0.035, 0.035, 0.035, 0.034]",0,2,9732096,send_recv,2,2
394,0.034,0.035,0.03491666666666667,0.035,0.00027638539919628354,"[0.035, 0.035, 0.035, 0.035, 0.035, 0.035, 0.035, 0.035, 0.035, 0.035, 0.035, 0.035, 0.034, 0.035, 0.035, 0.035, 0.035, 0.035, 0.035, 0.035, 0.035, 0.035, 0.035, 0.035, 0.034, 0.035, 0.034, 0.035, 0.035, 0.035, 0.035, 0.035, 0.035, 0.035, 0.035, 0.035, 0.035, 0.035, 0.034, 0.035, 0.035, 0.035, 0.035, 0.035, 0.035, 0.035, 0.035, 0.035, 0.034, 0.035, 0.035, 0.035, 0.035, 0.035, 0.035, 0.035, 0.035, 0.035, 0.035, 0.035]",0,2,9764864,send_recv,2,2
395,0.034,0.036000000000000004,0.03486666666666668,0.035,0.00038586123009300784,"[0.035, 0.035, 0.035, 0.035, 0.035, 0.035, 0.035, 0.035, 0.035, 0.035, 0.035, 0.034, 0.035, 0.035, 0.035, 0.035, 0.035, 0.035, 0.035, 0.034, 0.036000000000000004, 0.035, 0.035, 0.035, 0.035, 0.035, 0.035, 0.035, 0.034, 0.035, 0.034, 0.035, 0.035, 0.034, 0.035, 0.034, 0.035, 0.034, 0.035, 0.035, 0.035, 0.034, 0.035, 0.035, 0.035, 0.035, 0.035, 0.035, 0.035, 0.034, 0.035, 0.035, 0.035, 0.035, 0.035, 0.035, 0.035, 0.035, 0.035, 0.035]",0,2,9797632,send_recv,2,2
396,0.034,0.036000000000000004,0.034983333333333345,0.035,0.0002229848026709944,"[0.036000000000000004, 0.035, 0.035, 0.035, 0.035, 0.035, 0.035, 0.035, 0.035, 0.035, 0.035, 0.035, 0.035, 0.035, 0.035, 0.035, 0.035, 0.035, 0.035, 0.035, 0.034, 0.035, 0.035, 0.035, 0.035, 0.035, 0.035, 0.035, 0.035, 0.035, 0.035, 0.035, 0.035, 0.035, 0.035, 0.035, 0.035, 0.035, 0.035, 0.035, 0.035, 0.035, 0.035, 0.035, 0.035, 0.035, 0.035, 0.035, 0.035, 0.035, 0.035, 0.035, 0.035, 0.035, 0.035, 0.035, 0.034, 0.035, 0.035, 0.035]",0,2,9830400,send_recv,2,2
397,0.032,0.033,0.03228333333333334,0.032,0.0004506168611531929,"[0.033, 0.032, 0.032, 0.033, 0.033, 0.032, 0.032, 0.032, 0.033, 0.032, 0.032, 0.032, 0.033, 0.032, 0.033, 0.032, 0.032, 0.032, 0.033, 0.033, 0.033, 0.032, 0.032, 0.032, 0.033, 0.032, 0.033, 0.032, 0.032, 0.033, 0.032, 0.032, 0.032, 0.032, 0.032, 0.032, 0.032, 0.032, 0.032, 0.032, 0.032, 0.032, 0.032, 0.032, 0.033, 0.033, 0.032, 0.032, 0.033, 0.032, 0.032, 0.032, 0.033, 0.032, 0.032, 0.032, 0.032, 0.032, 0.032, 0.033]",0,2,9863168,send_recv,2,2
398,0.032,0.033,0.032466666666666665,0.032,0.0004988876515698593,"[0.032, 0.033, 0.032, 0.032, 0.032, 0.033, 0.033, 0.033, 0.032, 0.032, 0.032, 0.033, 0.033, 0.033, 0.033, 0.032, 0.032, 0.033, 0.033, 0.032, 0.032, 0.033, 0.032, 0.033, 0.032, 0.033, 0.033, 0.033, 0.033, 0.033, 0.032, 0.032, 0.032, 0.033, 0.033, 0.033, 0.032, 0.032, 0.032, 0.033, 0.032, 0.032, 0.032, 0.033, 0.033, 0.032, 0.032, 0.032, 0.032, 0.032, 0.033, 0.032, 0.032, 0.033, 0.032, 0.032, 0.032, 0.033, 0.033, 0.033]",0,2,9895936,send_recv,2,2
399,0.032,0.033,0.0327,0.033,0.0004582575694955844,"[0.033, 0.033, 0.033, 0.033, 0.033, 0.033, 0.033, 0.033, 0.033, 0.033, 0.032, 0.033, 0.032, 0.033, 0.033, 0.033, 0.033, 0.033, 0.033, 0.032, 0.032, 0.032, 0.033, 0.032, 0.033, 0.032, 0.032, 0.032, 0.032, 0.033, 0.033, 0.033, 0.033, 0.032, 0.033, 0.033, 0.033, 0.033, 0.033, 0.033, 0.032, 0.032, 0.033, 0.033, 0.033, 0.032, 0.033, 0.033, 0.033, 0.033, 0.033, 0.033, 0.032, 0.032, 0.033, 0.033, 0.033, 0.033, 0.032, 0.032]",0,2,9928704,send_recv,2,2
400,0.032,0.033,0.03269999999999999,0.033,0.0004582575694955844,"[0.033, 0.032, 0.032, 0.032, 0.032, 0.032, 0.033, 0.032, 0.033, 0.033, 0.033, 0.033, 0.032, 0.032, 0.033, 0.032, 0.033, 0.033, 0.032, 0.033, 0.033, 0.033, 0.033, 0.033, 0.033, 0.032, 0.033, 0.033, 0.033, 0.033, 0.033, 0.032, 0.032, 0.033, 0.033, 0.033, 0.033, 0.033, 0.032, 0.033, 0.033, 0.032, 0.032, 0.033, 0.033, 0.033, 0.033, 0.033, 0.033, 0.033, 0.033, 0.033, 0.033, 0.033, 0.033, 0.032, 0.033, 0.033, 0.032, 0.033]",0,2,9961472,send_recv,2,2
401,0.032,0.033,0.03286666666666666,0.033,0.0003399346342395193,"[0.033, 0.033, 0.033, 0.033, 0.033, 0.033, 0.033, 0.032, 0.033, 0.033, 0.032, 0.032, 0.033, 0.033, 0.033, 0.033, 0.033, 0.033, 0.033, 0.033, 0.033, 0.033, 0.033, 0.032, 0.033, 0.033, 0.033, 0.033, 0.033, 0.033, 0.033, 0.032, 0.033, 0.033, 0.033, 0.033, 0.033, 0.033, 0.032, 0.032, 0.033, 0.033, 0.033, 0.033, 0.033, 0.032, 0.033, 0.033, 0.033, 0.033, 0.033, 0.033, 0.033, 0.033, 0.033, 0.033, 0.033, 0.033, 0.033, 0.033]",0,2,9994240,send_recv,2,2
402,0.032,0.033,0.032916666666666664,0.033,0.0002763853991962836,"[0.033, 0.032, 0.033, 0.033, 0.033, 0.033, 0.033, 0.033, 0.033, 0.033, 0.033, 0.032, 0.033, 0.033, 0.032, 0.033, 0.033, 0.033, 0.033, 0.033, 0.033, 0.033, 0.033, 0.033, 0.033, 0.033, 0.033, 0.033, 0.033, 0.033, 0.033, 0.033, 0.033, 0.033, 0.033, 0.033, 0.033, 0.033, 0.033, 0.033, 0.032, 0.033, 0.033, 0.033, 0.033, 0.033, 0.033, 0.033, 0.033, 0.033, 0.033, 0.033, 0.033, 0.032, 0.033, 0.033, 0.033, 0.033, 0.033, 0.033]",0,2,10027008,send_recv,2,2
403,0.032,0.033,0.03295,0.033,0.00021794494717703385,"[0.033, 0.033, 0.033, 0.033, 0.033, 0.033, 0.033, 0.033, 0.033, 0.033, 0.033, 0.033, 0.033, 0.033, 0.033, 0.033, 0.033, 0.033, 0.033, 0.033, 0.033, 0.033, 0.033, 0.033, 0.033, 0.033, 0.033, 0.033, 0.033, 0.033, 0.033, 0.033, 0.033, 0.033, 0.033, 0.033, 0.033, 0.033, 0.032, 0.033, 0.032, 0.033, 0.033, 0.033, 0.033, 0.033, 0.033, 0.033, 0.032, 0.033, 0.033, 0.033, 0.033, 0.033, 0.033, 0.033, 0.033, 0.033, 0.033, 0.033]",0,2,10059776,send_recv,2,2
404,0.032,0.034,0.032999999999999995,0.033,0.00018257418583505553,"[0.033, 0.033, 0.033, 0.033, 0.033, 0.033, 0.033, 0.033, 0.033, 0.033, 0.033, 0.033, 0.033, 0.033, 0.033, 0.033, 0.033, 0.033, 0.033, 0.033, 0.033, 0.033, 0.033, 0.033, 0.033, 0.033, 0.033, 0.033, 0.033, 0.033, 0.033, 0.033, 0.032, 0.033, 0.033, 0.033, 0.033, 0.033, 0.033, 0.033, 0.033, 0.033, 0.033, 0.033, 0.033, 0.033, 0.033, 0.034, 0.033, 0.033, 0.033, 0.033, 0.033, 0.033, 0.033, 0.033, 0.033, 0.033, 0.033, 0.033]",0,2,10092544,send_recv,2,2
405,0.033,0.034,0.03308333333333333,0.033,0.00027638539919628354,"[0.033, 0.033, 0.034, 0.033, 0.033, 0.033, 0.033, 0.033, 0.033, 0.034, 0.033, 0.033, 0.033, 0.033, 0.033, 0.033, 0.033, 0.033, 0.033, 0.033, 0.033, 0.033, 0.033, 0.033, 0.033, 0.033, 0.033, 0.033, 0.033, 0.033, 0.034, 0.033, 0.033, 0.034, 0.033, 0.033, 0.033, 0.033, 0.033, 0.033, 0.033, 0.033, 0.034, 0.033, 0.033, 0.033, 0.033, 0.033, 0.033, 0.033, 0.033, 0.033, 0.033, 0.033, 0.033, 0.033, 0.033, 0.033, 0.033, 0.033]",0,2,10125312,send_recv,2,2
406,0.033,0.034,0.03306666666666666,0.033,0.00024944382578492966,"[0.033, 0.033, 0.033, 0.033, 0.033, 0.033, 0.033, 0.033, 0.033, 0.033, 0.033, 0.033, 0.033, 0.034, 0.033, 0.033, 0.033, 0.033, 0.033, 0.033, 0.033, 0.033, 0.033, 0.033, 0.033, 0.034, 0.033, 0.033, 0.033, 0.033, 0.033, 0.034, 0.033, 0.033, 0.033, 0.033, 0.033, 0.033, 0.033, 0.033, 0.033, 0.033, 0.034, 0.033, 0.033, 0.033, 0.033, 0.033, 0.033, 0.033, 0.033, 0.033, 0.033, 0.033, 0.033, 0.033, 0.033, 0.033, 0.033, 0.033]",0,2,10158080,send_recv,2,2
407,0.033,0.034,0.03323333333333333,0.033,0.0004229525846816511,"[0.033, 0.033, 0.034, 0.033, 0.033, 0.033, 0.033, 0.034, 0.033, 0.033, 0.033, 0.033, 0.034, 0.033, 0.034, 0.034, 0.033, 0.033, 0.033, 0.033, 0.033, 0.033, 0.033, 0.034, 0.033, 0.033, 0.034, 0.034, 0.033, 0.033, 0.033, 0.033, 0.033, 0.033, 0.034, 0.033, 0.033, 0.033, 0.034, 0.033, 0.033, 0.033, 0.034, 0.033, 0.033, 0.033, 0.034, 0.033, 0.033, 0.033, 0.034, 0.033, 0.033, 0.033, 0.034, 0.033, 0.033, 0.033, 0.033, 0.033]",0,2,10190848,send_recv,2,2
408,0.033,0.034,0.03333333333333333,0.033,0.0004714045207910322,"[0.034, 0.034, 0.034, 0.034, 0.034, 0.033, 0.033, 0.034, 0.034, 0.033, 0.033, 0.033, 0.033, 0.033, 0.033, 0.034, 0.033, 0.033, 0.033, 0.034, 0.033, 0.033, 0.033, 0.034, 0.033, 0.033, 0.033, 0.033, 0.034, 0.033, 0.033, 0.034, 0.033, 0.034, 0.033, 0.034, 0.034, 0.033, 0.033, 0.033, 0.034, 0.033, 0.033, 0.034, 0.034, 0.033, 0.033, 0.034, 0.033, 0.033, 0.034, 0.033, 0.033, 0.033, 0.033, 0.033, 0.033, 0.033, 0.033, 0.033]",0,2,10223616,send_recv,2,2
409,0.033,0.034,0.03351666666666667,0.034,0.0004997221450188321,"[0.034, 0.034, 0.033, 0.033, 0.034, 0.033, 0.034, 0.034, 0.034, 0.034, 0.033, 0.033, 0.034, 0.034, 0.033, 0.033, 0.034, 0.034, 0.033, 0.033, 0.034, 0.034, 0.033, 0.033, 0.034, 0.034, 0.033, 0.033, 0.034, 0.034, 0.033, 0.033, 0.034, 0.034, 0.033, 0.033, 0.033, 0.033, 0.033, 0.033, 0.034, 0.033, 0.033, 0.034, 0.033, 0.034, 0.034, 0.033, 0.033, 0.034, 0.033, 0.033, 0.034, 0.034, 0.034, 0.034, 0.034, 0.034, 0.033, 0.034]",0,2,10256384,send_recv,2,2
410,0.033,0.034,0.033600000000000005,0.034,0.000489897948556636,"[0.034, 0.034, 0.034, 0.033, 0.034, 0.034, 0.033, 0.033, 0.033, 0.034, 0.034, 0.033, 0.033, 0.033, 0.034, 0.033, 0.033, 0.034, 0.033, 0.034, 0.033, 0.034, 0.033, 0.034, 0.034, 0.034, 0.034, 0.034, 0.033, 0.034, 0.034, 0.033, 0.033, 0.034, 0.034, 0.034, 0.034, 0.034, 0.034, 0.034, 0.033, 0.034, 0.033, 0.034, 0.033, 0.034, 0.034, 0.033, 0.034, 0.034, 0.033, 0.033, 0.033, 0.034, 0.033, 0.034, 0.034, 0.034, 0.034, 0.033]",0,2,10289152,send_recv,2,2
411,0.033,0.034,0.03373333333333333,0.034,0.0004422166387140537,"[0.034, 0.033, 0.034, 0.034, 0.034, 0.033, 0.034, 0.034, 0.034, 0.033, 0.034, 0.034, 0.033, 0.033, 0.034, 0.034, 0.034, 0.034, 0.034, 0.034, 0.033, 0.033, 0.034, 0.034, 0.033, 0.034, 0.034, 0.034, 0.034, 0.033, 0.034, 0.034, 0.034, 0.033, 0.034, 0.034, 0.034, 0.034, 0.034, 0.034, 0.034, 0.033, 0.033, 0.034, 0.033, 0.034, 0.034, 0.034, 0.034, 0.034, 0.034, 0.034, 0.033, 0.034, 0.034, 0.034, 0.033, 0.033, 0.034, 0.034]",0,2,10321920,send_recv,2,2
412,0.033,0.034,0.033816666666666675,0.034,0.0003869395588747969,"[0.034, 0.034, 0.034, 0.034, 0.034, 0.033, 0.034, 0.034, 0.034, 0.034, 0.034, 0.034, 0.034, 0.033, 0.034, 0.033, 0.034, 0.034, 0.034, 0.034, 0.034, 0.034, 0.033, 0.034, 0.034, 0.034, 0.034, 0.034, 0.034, 0.033, 0.034, 0.034, 0.034, 0.034, 0.034, 0.033, 0.034, 0.034, 0.034, 0.034, 0.034, 0.034, 0.034, 0.034, 0.034, 0.034, 0.034, 0.033, 0.034, 0.033, 0.033, 0.034, 0.033, 0.034, 0.033, 0.034, 0.034, 0.034, 0.034, 0.034]",0,2,10354688,send_recv,2,2
413,0.033,0.034,0.03386666666666668,0.034,0.0003399346342395193,"[0.034, 0.034, 0.034, 0.033, 0.034, 0.034, 0.034, 0.034, 0.034, 0.034, 0.034, 0.034, 0.034, 0.034, 0.034, 0.034, 0.034, 0.034, 0.034, 0.033, 0.034, 0.034, 0.034, 0.034, 0.034, 0.034, 0.034, 0.034, 0.034, 0.034, 0.033, 0.033, 0.034, 0.034, 0.034, 0.033, 0.034, 0.034, 0.034, 0.034, 0.034, 0.034, 0.034, 0.033, 0.034, 0.034, 0.034, 0.034, 0.034, 0.034, 0.034, 0.034, 0.034, 0.034, 0.034, 0.033, 0.034, 0.034, 0.034, 0.033]",0,2,10387456,send_recv,2,2
414,0.033,0.034,0.03398333333333333,0.034,0.00012801909579781027,"[0.034, 0.034, 0.034, 0.034, 0.034, 0.034, 0.034, 0.034, 0.034, 0.034, 0.034, 0.034, 0.034, 0.034, 0.034, 0.034, 0.034, 0.034, 0.034, 0.034, 0.034, 0.034, 0.034, 0.034, 0.034, 0.034, 0.034, 0.034, 0.034, 0.034, 0.034, 0.034, 0.033, 0.034, 0.034, 0.034, 0.034, 0.034, 0.034, 0.034, 0.034, 0.034, 0.034, 0.034, 0.034, 0.034, 0.034, 0.034, 0.034, 0.034, 0.034, 0.034, 0.034, 0.034, 0.034, 0.034, 0.034, 0.034, 0.034, 0.034]",0,2,10420224,send_recv,2,2
415,0.034,0.034,0.034,0.034,0.0,"[0.034, 0.034, 0.034, 0.034, 0.034, 0.034, 0.034, 0.034, 0.034, 0.034, 0.034, 0.034, 0.034, 0.034, 0.034, 0.034, 0.034, 0.034, 0.034, 0.034, 0.034, 0.034, 0.034, 0.034, 0.034, 0.034, 0.034, 0.034, 0.034, 0.034, 0.034, 0.034, 0.034, 0.034, 0.034, 0.034, 0.034, 0.034, 0.034, 0.034, 0.034, 0.034, 0.034, 0.034, 0.034, 0.034, 0.034, 0.034, 0.034, 0.034, 0.034, 0.034, 0.034, 0.034, 0.034, 0.034, 0.034, 0.034, 0.034, 0.034]",0,2,10452992,send_recv,2,2
416,0.033,0.035,0.03398333333333333,0.034,0.00022298480267099441,"[0.034, 0.034, 0.034, 0.034, 0.034, 0.034, 0.034, 0.034, 0.034, 0.034, 0.034, 0.035, 0.034, 0.034, 0.033, 0.034, 0.034, 0.034, 0.034, 0.034, 0.034, 0.034, 0.034, 0.034, 0.034, 0.034, 0.034, 0.034, 0.034, 0.034, 0.034, 0.034, 0.034, 0.034, 0.034, 0.034, 0.034, 0.034, 0.034, 0.034, 0.034, 0.034, 0.034, 0.034, 0.034, 0.034, 0.034, 0.034, 0.034, 0.034, 0.034, 0.034, 0.034, 0.034, 0.034, 0.034, 0.034, 0.033, 0.034, 0.034]",0,2,10485760,send_recv,2,2
417,0.037,0.038,0.03766666666666666,0.038,0.00047140452079103207,"[0.038, 0.037, 0.038, 0.038, 0.038, 0.038, 0.037, 0.037, 0.038, 0.038, 0.038, 0.037, 0.038, 0.038, 0.037, 0.038, 0.037, 0.037, 0.038, 0.037, 0.038, 0.037, 0.037, 0.038, 0.038, 0.038, 0.038, 0.038, 0.038, 0.037, 0.037, 0.038, 0.038, 0.038, 0.038, 0.038, 0.038, 0.037, 0.038, 0.038, 0.038, 0.038, 0.037, 0.037, 0.038, 0.037, 0.038, 0.037, 0.038, 0.037, 0.038, 0.038, 0.038, 0.038, 0.038, 0.038, 0.037, 0.037, 0.038, 0.038]",0,2,10518528,send_recv,2,2
418,0.037,0.038,0.03758333333333332,0.038,0.0004930066485916351,"[0.037, 0.038, 0.038, 0.037, 0.037, 0.038, 0.038, 0.037, 0.038, 0.038, 0.037, 0.037, 0.038, 0.037, 0.037, 0.038, 0.037, 0.038, 0.038, 0.037, 0.038, 0.038, 0.037, 0.038, 0.037, 0.038, 0.038, 0.037, 0.037, 0.037, 0.037, 0.038, 0.038, 0.038, 0.037, 0.037, 0.038, 0.038, 0.037, 0.038, 0.038, 0.038, 0.038, 0.037, 0.038, 0.038, 0.037, 0.038, 0.037, 0.038, 0.038, 0.037, 0.037, 0.038, 0.038, 0.038, 0.038, 0.038, 0.038, 0.037]",0,2,10551296,send_recv,2,2
419,0.037,0.038,0.03768333333333332,0.038,0.00046517619123176256,"[0.038, 0.037, 0.038, 0.038, 0.038, 0.037, 0.038, 0.038, 0.037, 0.037, 0.037, 0.038, 0.038, 0.038, 0.037, 0.037, 0.037, 0.038, 0.038, 0.037, 0.038, 0.038, 0.037, 0.038, 0.038, 0.038, 0.038, 0.038, 0.038, 0.038, 0.038, 0.037, 0.038, 0.038, 0.038, 0.037, 0.038, 0.037, 0.038, 0.038, 0.037, 0.037, 0.038, 0.037, 0.038, 0.038, 0.038, 0.037, 0.037, 0.038, 0.038, 0.038, 0.038, 0.038, 0.038, 0.038, 0.038, 0.038, 0.038, 0.037]",0,2,10584064,send_recv,2,2
420,0.037,0.038,0.03769999999999999,0.038,0.0004582575694955845,"[0.038, 0.038, 0.038, 0.038, 0.038, 0.038, 0.037, 0.038, 0.038, 0.038, 0.038, 0.038, 0.038, 0.038, 0.037, 0.037, 0.037, 0.038, 0.037, 0.038, 0.038, 0.037, 0.037, 0.038, 0.037, 0.038, 0.037, 0.037, 0.037, 0.037, 0.037, 0.038, 0.038, 0.037, 0.038, 0.038, 0.038, 0.038, 0.037, 0.038, 0.038, 0.038, 0.037, 0.038, 0.038, 0.038, 0.038, 0.038, 0.038, 0.038, 0.037, 0.038, 0.038, 0.037, 0.038, 0.038, 0.038, 0.038, 0.038, 0.038]",0,2,10616832,send_recv,2,2
421,0.037,0.038,0.037599999999999995,0.038,0.000489897948556636,"[0.038, 0.038, 0.038, 0.038, 0.037, 0.038, 0.038, 0.037, 0.038, 0.037, 0.038, 0.037, 0.037, 0.037, 0.038, 0.037, 0.037, 0.038, 0.037, 0.037, 0.038, 0.038, 0.038, 0.038, 0.037, 0.037, 0.038, 0.037, 0.038, 0.038, 0.038, 0.037, 0.038, 0.037, 0.038, 0.037, 0.038, 0.038, 0.038, 0.037, 0.038, 0.037, 0.038, 0.037, 0.037, 0.037, 0.038, 0.038, 0.037, 0.037, 0.038, 0.038, 0.038, 0.038, 0.038, 0.038, 0.038, 0.037, 0.038, 0.038]",0,2,10649600,send_recv,2,2
422,0.037,0.038,0.037516666666666657,0.038,0.0004997221450188321,"[0.037, 0.037, 0.038, 0.038, 0.037, 0.037, 0.037, 0.038, 0.037, 0.037, 0.038, 0.037, 0.037, 0.038, 0.037, 0.038, 0.037, 0.038, 0.037, 0.038, 0.037, 0.038, 0.037, 0.038, 0.037, 0.038, 0.037, 0.038, 0.038, 0.038, 0.038, 0.038, 0.038, 0.038, 0.037, 0.038, 0.038, 0.037, 0.037, 0.037, 0.037, 0.038, 0.038, 0.038, 0.038, 0.037, 0.038, 0.038, 0.037, 0.038, 0.037, 0.037, 0.037, 0.037, 0.038, 0.038, 0.038, 0.037, 0.037, 0.038]",0,2,10682368,send_recv,2,2
423,0.037,0.038,0.03759999999999999,0.038,0.000489897948556636,"[0.038, 0.037, 0.038, 0.038, 0.038, 0.037, 0.038, 0.038, 0.038, 0.038, 0.038, 0.038, 0.038, 0.037, 0.037, 0.038, 0.038, 0.037, 0.038, 0.038, 0.038, 0.037, 0.037, 0.037, 0.038, 0.037, 0.038, 0.038, 0.038, 0.037, 0.038, 0.038, 0.038, 0.038, 0.038, 0.037, 0.038, 0.037, 0.037, 0.038, 0.038, 0.037, 0.038, 0.038, 0.037, 0.037, 0.037, 0.037, 0.038, 0.038, 0.037, 0.037, 0.037, 0.038, 0.038, 0.037, 0.038, 0.037, 0.037, 0.038]",0,2,10715136,send_recv,2,2
424,0.037,0.038,0.03753333333333332,0.038,0.0004988876515698593,"[0.038, 0.038, 0.037, 0.038, 0.038, 0.038, 0.038, 0.038, 0.037, 0.038, 0.038, 0.038, 0.037, 0.037, 0.037, 0.037, 0.037, 0.037, 0.037, 0.037, 0.038, 0.038, 0.037, 0.038, 0.038, 0.038, 0.037, 0.038, 0.038, 0.038, 0.037, 0.038, 0.037, 0.037, 0.037, 0.038, 0.038, 0.038, 0.037, 0.037, 0.037, 0.038, 0.037, 0.038, 0.038, 0.038, 0.037, 0.037, 0.038, 0.037, 0.037, 0.038, 0.038, 0.038, 0.037, 0.038, 0.037, 0.037, 0.037, 0.038]",0,2,10747904,send_recv,2,2
425,0.037,0.038,0.03745,0.037,0.0004974937185533105,"[0.038, 0.037, 0.038, 0.037, 0.038, 0.038, 0.038, 0.037, 0.038, 0.037, 0.038, 0.037, 0.037, 0.037, 0.037, 0.037, 0.038, 0.038, 0.038, 0.038, 0.037, 0.038, 0.038, 0.037, 0.037, 0.038, 0.038, 0.038, 0.037, 0.037, 0.038, 0.037, 0.038, 0.038, 0.037, 0.037, 0.038, 0.037, 0.038, 0.037, 0.037, 0.038, 0.037, 0.037, 0.037, 0.037, 0.038, 0.037, 0.037, 0.037, 0.038, 0.037, 0.037, 0.037, 0.038, 0.037, 0.038, 0.037, 0.038, 0.037]",0,2,10780672,send_recv,2,2
426,0.037,0.039,0.037666666666666654,0.038,0.0005055250296034372,"[0.038, 0.038, 0.037, 0.038, 0.037, 0.038, 0.037, 0.039, 0.038, 0.038, 0.038, 0.038, 0.037, 0.038, 0.037, 0.037, 0.037, 0.038, 0.037, 0.038, 0.037, 0.038, 0.037, 0.037, 0.037, 0.038, 0.037, 0.038, 0.037, 0.038, 0.037, 0.038, 0.037, 0.038, 0.038, 0.038, 0.038, 0.037, 0.038, 0.038, 0.038, 0.038, 0.037, 0.038, 0.037, 0.038, 0.038, 0.038, 0.038, 0.038, 0.038, 0.038, 0.037, 0.037, 0.038, 0.038, 0.038, 0.038, 0.038, 0.038]",0,2,10813440,send_recv,2,2
427,0.035,0.036000000000000004,0.035266666666666675,0.035,0.0004422166387140537,"[0.036000000000000004, 0.035, 0.035, 0.035, 0.035, 0.035, 0.035, 0.036000000000000004, 0.035, 0.035, 0.035, 0.036000000000000004, 0.035, 0.035, 0.036000000000000004, 0.036000000000000004, 0.035, 0.035, 0.036000000000000004, 0.035, 0.035, 0.035, 0.036000000000000004, 0.036000000000000004, 0.035, 0.035, 0.036000000000000004, 0.035, 0.035, 0.035, 0.036000000000000004, 0.035, 0.036000000000000004, 0.035, 0.036000000000000004, 0.036000000000000004, 0.035, 0.035, 0.036000000000000004, 0.035, 0.035, 0.035, 0.035, 0.035, 0.035, 0.035, 0.035, 0.035, 0.035, 0.035, 0.036000000000000004, 0.035, 0.035, 0.035, 0.035, 0.036000000000000004, 0.035, 0.035, 0.035, 0.035]",0,2,10846208,send_recv,2,2
428,0.035,0.036000000000000004,0.035383333333333336,0.035,0.0004861984048604945,"[0.036000000000000004, 0.035, 0.035, 0.036000000000000004, 0.036000000000000004, 0.035, 0.036000000000000004, 0.036000000000000004, 0.036000000000000004, 0.035, 0.035, 0.035, 0.035, 0.035, 0.035, 0.035, 0.036000000000000004, 0.036000000000000004, 0.035, 0.036000000000000004, 0.036000000000000004, 0.035, 0.035, 0.036000000000000004, 0.036000000000000004, 0.035, 0.036000000000000004, 0.036000000000000004, 0.036000000000000004, 0.035, 0.035, 0.035, 0.035, 0.035, 0.035, 0.035, 0.036000000000000004, 0.035, 0.035, 0.035, 0.036000000000000004, 0.035, 0.035, 0.035, 0.036000000000000004, 0.035, 0.035, 0.036000000000000004, 0.035, 0.035, 0.035, 0.035, 0.036000000000000004, 0.035, 0.036000000000000004, 0.036000000000000004, 0.035, 0.035, 0.035, 0.036000000000000004]",0,2,10878976,send_recv,2,2
429,0.035,0.036000000000000004,0.0356,0.036000000000000004,0.000489897948556636,"[0.035, 0.036000000000000004, 0.035, 0.035, 0.036000000000000004, 0.036000000000000004, 0.035, 0.036000000000000004, 0.036000000000000004, 0.036000000000000004, 0.035, 0.036000000000000004, 0.035, 0.036000000000000004, 0.035, 0.036000000000000004, 0.036000000000000004, 0.036000000000000004, 0.035, 0.035, 0.036000000000000004, 0.036000000000000004, 0.035, 0.035, 0.036000000000000004, 0.036000000000000004, 0.035, 0.035, 0.035, 0.036000000000000004, 0.035, 0.036000000000000004, 0.035, 0.036000000000000004, 0.036000000000000004, 0.036000000000000004, 0.036000000000000004, 0.035, 0.036000000000000004, 0.035, 0.036000000000000004, 0.036000000000000004, 0.036000000000000004, 0.035, 0.036000000000000004, 0.036000000000000004, 0.035, 0.035, 0.036000000000000004, 0.036000000000000004, 0.036000000000000004, 0.035, 0.036000000000000004, 0.036000000000000004, 0.036000000000000004, 0.035, 0.036000000000000004, 0.036000000000000004, 0.036000000000000004, 0.035]",0,2,10911744,send_recv,2,2
430,0.035,0.036000000000000004,0.03556666666666667,0.036000000000000004,0.0004955356249106174,"[0.036000000000000004, 0.036000000000000004, 0.036000000000000004, 0.035, 0.035, 0.036000000000000004, 0.036000000000000004, 0.035, 0.036000000000000004, 0.035, 0.036000000000000004, 0.035, 0.035, 0.036000000000000004, 0.036000000000000004, 0.035, 0.035, 0.036000000000000004, 0.035, 0.036000000000000004, 0.035, 0.036000000000000004, 0.035, 0.035, 0.035, 0.036000000000000004, 0.036000000000000004, 0.036000000000000004, 0.035, 0.036000000000000004, 0.036000000000000004, 0.036000000000000004, 0.036000000000000004, 0.036000000000000004, 0.036000000000000004, 0.036000000000000004, 0.035, 0.035, 0.036000000000000004, 0.036000000000000004, 0.035, 0.036000000000000004, 0.036000000000000004, 0.036000000000000004, 0.035, 0.036000000000000004, 0.035, 0.035, 0.035, 0.036000000000000004, 0.035, 0.035, 0.036000000000000004, 0.036000000000000004, 0.036000000000000004, 0.036000000000000004, 0.035, 0.036000000000000004, 0.035, 0.035]",0,2,10944512,send_recv,2,2
431,0.035,0.036000000000000004,0.03565,0.036000000000000004,0.00047696960070847325,"[0.036000000000000004, 0.036000000000000004, 0.036000000000000004, 0.036000000000000004, 0.036000000000000004, 0.035, 0.036000000000000004, 0.036000000000000004, 0.036000000000000004, 0.035, 0.036000000000000004, 0.036000000000000004, 0.035, 0.035, 0.036000000000000004, 0.035, 0.036000000000000004, 0.035, 0.036000000000000004, 0.035, 0.035, 0.036000000000000004, 0.036000000000000004, 0.036000000000000004, 0.036000000000000004, 0.035, 0.036000000000000004, 0.036000000000000004, 0.036000000000000004, 0.036000000000000004, 0.036000000000000004, 0.036000000000000004, 0.035, 0.035, 0.036000000000000004, 0.036000000000000004, 0.035, 0.035, 0.035, 0.036000000000000004, 0.035, 0.036000000000000004, 0.036000000000000004, 0.036000000000000004, 0.035, 0.036000000000000004, 0.035, 0.035, 0.035, 0.036000000000000004, 0.036000000000000004, 0.036000000000000004, 0.035, 0.036000000000000004, 0.036000000000000004, 0.036000000000000004, 0.035, 0.036000000000000004, 0.036000000000000004, 0.036000000000000004]",0,2,10977280,send_recv,2,2
432,0.035,0.036000000000000004,0.03578333333333334,0.036000000000000004,0.0004119735698102762,"[0.036000000000000004, 0.035, 0.035, 0.036000000000000004, 0.036000000000000004, 0.036000000000000004, 0.035, 0.036000000000000004, 0.036000000000000004, 0.035, 0.035, 0.036000000000000004, 0.036000000000000004, 0.035, 0.035, 0.036000000000000004, 0.036000000000000004, 0.036000000000000004, 0.035, 0.036000000000000004, 0.036000000000000004, 0.036000000000000004, 0.036000000000000004, 0.036000000000000004, 0.036000000000000004, 0.036000000000000004, 0.036000000000000004, 0.036000000000000004, 0.036000000000000004, 0.036000000000000004, 0.035, 0.036000000000000004, 0.036000000000000004, 0.035, 0.036000000000000004, 0.036000000000000004, 0.036000000000000004, 0.035, 0.036000000000000004, 0.036000000000000004, 0.036000000000000004, 0.036000000000000004, 0.035, 0.036000000000000004, 0.036000000000000004, 0.035, 0.036000000000000004, 0.036000000000000004, 0.036000000000000004, 0.036000000000000004, 0.036000000000000004, 0.036000000000000004, 0.036000000000000004, 0.036000000000000004, 0.036000000000000004, 0.036000000000000004, 0.036000000000000004, 0.036000000000000004, 0.036000000000000004, 0.036000000000000004]",0,2,11010048,send_recv,2,2
433,0.035,0.036000000000000004,0.035833333333333335,0.036000000000000004,0.0003726779962499653,"[0.036000000000000004, 0.035, 0.036000000000000004, 0.036000000000000004, 0.036000000000000004, 0.036000000000000004, 0.036000000000000004, 0.035, 0.036000000000000004, 0.036000000000000004, 0.036000000000000004, 0.036000000000000004, 0.036000000000000004, 0.036000000000000004, 0.036000000000000004, 0.036000000000000004, 0.036000000000000004, 0.035, 0.036000000000000004, 0.035, 0.036000000000000004, 0.036000000000000004, 0.036000000000000004, 0.036000000000000004, 0.036000000000000004, 0.036000000000000004, 0.036000000000000004, 0.035, 0.036000000000000004, 0.036000000000000004, 0.036000000000000004, 0.035, 0.036000000000000004, 0.036000000000000004, 0.036000000000000004, 0.036000000000000004, 0.036000000000000004, 0.036000000000000004, 0.036000000000000004, 0.036000000000000004, 0.036000000000000004, 0.036000000000000004, 0.036000000000000004, 0.035, 0.036000000000000004, 0.036000000000000004, 0.036000000000000004, 0.036000000000000004, 0.036000000000000004, 0.035, 0.036000000000000004, 0.036000000000000004, 0.036000000000000004, 0.036000000000000004, 0.035, 0.036000000000000004, 0.036000000000000004, 0.035, 0.036000000000000004, 0.036000000000000004]",0,2,11042816,send_recv,2,2
434,0.035,0.036000000000000004,0.03591666666666667,0.036000000000000004,0.00027638539919628354,"[0.035, 0.036000000000000004, 0.036000000000000004, 0.036000000000000004, 0.036000000000000004, 0.036000000000000004, 0.036000000000000004, 0.036000000000000004, 0.036000000000000004, 0.036000000000000004, 0.036000000000000004, 0.036000000000000004, 0.036000000000000004, 0.036000000000000004, 0.036000000000000004, 0.036000000000000004, 0.036000000000000004, 0.036000000000000004, 0.036000000000000004, 0.036000000000000004, 0.036000000000000004, 0.036000000000000004, 0.036000000000000004, 0.036000000000000004, 0.036000000000000004, 0.036000000000000004, 0.036000000000000004, 0.036000000000000004, 0.036000000000000004, 0.036000000000000004, 0.036000000000000004, 0.035, 0.036000000000000004, 0.036000000000000004, 0.036000000000000004, 0.036000000000000004, 0.036000000000000004, 0.036000000000000004, 0.036000000000000004, 0.035, 0.036000000000000004, 0.036000000000000004, 0.036000000000000004, 0.036000000000000004, 0.036000000000000004, 0.036000000000000004, 0.036000000000000004, 0.036000000000000004, 0.036000000000000004, 0.036000000000000004, 0.036000000000000004, 0.036000000000000004, 0.035, 0.036000000000000004, 0.036000000000000004, 0.036000000000000004, 0.036000000000000004, 0.036000000000000004, 0.036000000000000004, 0.035]",0,2,11075584,send_recv,2,2
435,0.036000000000000004,0.037,0.03601666666666667,0.036000000000000004,0.0001280190957978094,"[0.036000000000000004, 0.036000000000000004, 0.036000000000000004, 0.036000000000000004, 0.036000000000000004, 0.036000000000000004, 0.036000000000000004, 0.036000000000000004, 0.036000000000000004, 0.036000000000000004, 0.036000000000000004, 0.036000000000000004, 0.036000000000000004, 0.036000000000000004, 0.036000000000000004, 0.036000000000000004, 0.036000000000000004, 0.036000000000000004, 0.036000000000000004, 0.036000000000000004, 0.036000000000000004, 0.036000000000000004, 0.036000000000000004, 0.036000000000000004, 0.036000000000000004, 0.036000000000000004, 0.036000000000000004, 0.036000000000000004, 0.036000000000000004, 0.036000000000000004, 0.036000000000000004, 0.036000000000000004, 0.036000000000000004, 0.036000000000000004, 0.036000000000000004, 0.036000000000000004, 0.036000000000000004, 0.036000000000000004, 0.037, 0.036000000000000004, 0.036000000000000004, 0.036000000000000004, 0.036000000000000004, 0.036000000000000004, 0.036000000000000004, 0.036000000000000004, 0.036000000000000004, 0.036000000000000004, 0.036000000000000004, 0.036000000000000004, 0.036000000000000004, 0.036000000000000004, 0.036000000000000004, 0.036000000000000004, 0.036000000000000004, 0.036000000000000004, 0.036000000000000004, 0.036000000000000004, 0.036000000000000004, 0.036000000000000004]",0,2,11108352,send_recv,2,2
436,0.035,0.037,0.036,0.036000000000000004,0.00025819888974716045,"[0.036000000000000004, 0.036000000000000004, 0.036000000000000004, 0.036000000000000004, 0.036000000000000004, 0.035, 0.036000000000000004, 0.036000000000000004, 0.036000000000000004, 0.036000000000000004, 0.036000000000000004, 0.036000000000000004, 0.036000000000000004, 0.036000000000000004, 0.036000000000000004, 0.036000000000000004, 0.036000000000000004, 0.036000000000000004, 0.036000000000000004, 0.036000000000000004, 0.036000000000000004, 0.036000000000000004, 0.036000000000000004, 0.036000000000000004, 0.036000000000000004, 0.036000000000000004, 0.036000000000000004, 0.036000000000000004, 0.036000000000000004, 0.035, 0.036000000000000004, 0.036000000000000004, 0.036000000000000004, 0.036000000000000004, 0.036000000000000004, 0.036000000000000004, 0.036000000000000004, 0.036000000000000004, 0.036000000000000004, 0.036000000000000004, 0.036000000000000004, 0.036000000000000004, 0.036000000000000004, 0.036000000000000004, 0.036000000000000004, 0.036000000000000004, 0.036000000000000004, 0.036000000000000004, 0.036000000000000004, 0.036000000000000004, 0.036000000000000004, 0.037, 0.036000000000000004, 0.036000000000000004, 0.036000000000000004, 0.036000000000000004, 0.037, 0.036000000000000004, 0.036000000000000004, 0.036000000000000004]",0,2,11141120,send_recv,2,2
437,0.035,0.037,0.036050000000000006,0.036000000000000004,0.0002843120351538651,"[0.036000000000000004, 0.036000000000000004, 0.036000000000000004, 0.036000000000000004, 0.036000000000000004, 0.036000000000000004, 0.036000000000000004, 0.036000000000000004, 0.036000000000000004, 0.036000000000000004, 0.036000000000000004, 0.036000000000000004, 0.036000000000000004, 0.036000000000000004, 0.036000000000000004, 0.036000000000000004, 0.036000000000000004, 0.036000000000000004, 0.035, 0.036000000000000004, 0.036000000000000004, 0.036000000000000004, 0.036000000000000004, 0.036000000000000004, 0.037, 0.036000000000000004, 0.036000000000000004, 0.036000000000000004, 0.036000000000000004, 0.036000000000000004, 0.036000000000000004, 0.036000000000000004, 0.037, 0.036000000000000004, 0.036000000000000004, 0.036000000000000004, 0.036000000000000004, 0.036000000000000004, 0.036000000000000004, 0.036000000000000004, 0.036000000000000004, 0.036000000000000004, 0.036000000000000004, 0.036000000000000004, 0.036000000000000004, 0.036000000000000004, 0.036000000000000004, 0.036000000000000004, 0.037, 0.036000000000000004, 0.036000000000000004, 0.036000000000000004, 0.036000000000000004, 0.037, 0.036000000000000004, 0.036000000000000004, 0.036000000000000004, 0.036000000000000004, 0.036000000000000004, 0.036000000000000004]",0,2,11173888,send_recv,2,2
438,0.035,0.037,0.03608333333333334,0.036000000000000004,0.00033124344857252824,"[0.036000000000000004, 0.036000000000000004, 0.036000000000000004, 0.036000000000000004, 0.036000000000000004, 0.037, 0.036000000000000004, 0.036000000000000004, 0.036000000000000004, 0.036000000000000004, 0.037, 0.036000000000000004, 0.036000000000000004, 0.036000000000000004, 0.037, 0.036000000000000004, 0.036000000000000004, 0.037, 0.036000000000000004, 0.036000000000000004, 0.036000000000000004, 0.037, 0.036000000000000004, 0.036000000000000004, 0.036000000000000004, 0.037, 0.036000000000000004, 0.036000000000000004, 0.036000000000000004, 0.036000000000000004, 0.036000000000000004, 0.036000000000000004, 0.036000000000000004, 0.036000000000000004, 0.036000000000000004, 0.036000000000000004, 0.036000000000000004, 0.036000000000000004, 0.036000000000000004, 0.036000000000000004, 0.036000000000000004, 0.036000000000000004, 0.036000000000000004, 0.036000000000000004, 0.036000000000000004, 0.036000000000000004, 0.036000000000000004, 0.036000000000000004, 0.036000000000000004, 0.036000000000000004, 0.036000000000000004, 0.036000000000000004, 0.036000000000000004, 0.036000000000000004, 0.036000000000000004, 0.036000000000000004, 0.036000000000000004, 0.036000000000000004, 0.036000000000000004, 0.035]",0,2,11206656,send_recv,2,2
439,0.036000000000000004,0.037,0.03615000000000001,0.036000000000000004,0.0003570714214271403,"[0.036000000000000004, 0.036000000000000004, 0.036000000000000004, 0.036000000000000004, 0.036000000000000004, 0.036000000000000004, 0.036000000000000004, 0.036000000000000004, 0.036000000000000004, 0.036000000000000004, 0.036000000000000004, 0.036000000000000004, 0.036000000000000004, 0.036000000000000004, 0.036000000000000004, 0.037, 0.036000000000000004, 0.036000000000000004, 0.037, 0.036000000000000004, 0.036000000000000004, 0.036000000000000004, 0.036000000000000004, 0.036000000000000004, 0.036000000000000004, 0.036000000000000004, 0.036000000000000004, 0.036000000000000004, 0.036000000000000004, 0.037, 0.036000000000000004, 0.036000000000000004, 0.036000000000000004, 0.036000000000000004, 0.037, 0.036000000000000004, 0.036000000000000004, 0.036000000000000004, 0.037, 0.036000000000000004, 0.036000000000000004, 0.036000000000000004, 0.036000000000000004, 0.037, 0.037, 0.036000000000000004, 0.037, 0.036000000000000004, 0.036000000000000004, 0.036000000000000004, 0.036000000000000004, 0.036000000000000004, 0.036000000000000004, 0.036000000000000004, 0.037, 0.036000000000000004, 0.036000000000000004, 0.036000000000000004, 0.036000000000000004, 0.036000000000000004]",0,2,11239424,send_recv,2,2
440,0.036000000000000004,0.037,0.03615,0.036000000000000004,0.00035707142142714035,"[0.037, 0.036000000000000004, 0.036000000000000004, 0.036000000000000004, 0.036000000000000004, 0.036000000000000004, 0.037, 0.036000000000000004, 0.036000000000000004, 0.036000000000000004, 0.036000000000000004, 0.036000000000000004, 0.036000000000000004, 0.036000000000000004, 0.036000000000000004, 0.036000000000000004, 0.036000000000000004, 0.036000000000000004, 0.036000000000000004, 0.036000000000000004, 0.036000000000000004, 0.036000000000000004, 0.036000000000000004, 0.037, 0.037, 0.036000000000000004, 0.036000000000000004, 0.037, 0.036000000000000004, 0.036000000000000004, 0.036000000000000004, 0.036000000000000004, 0.036000000000000004, 0.036000000000000004, 0.036000000000000004, 0.036000000000000004, 0.036000000000000004, 0.036000000000000004, 0.036000000000000004, 0.036000000000000004, 0.036000000000000004, 0.036000000000000004, 0.036000000000000004, 0.037, 0.037, 0.036000000000000004, 0.036000000000000004, 0.036000000000000004, 0.036000000000000004, 0.037, 0.036000000000000004, 0.036000000000000004, 0.037, 0.036000000000000004, 0.036000000000000004, 0.036000000000000004, 0.036000000000000004, 0.036000000000000004, 0.036000000000000004, 0.036000000000000004]",0,2,11272192,send_recv,2,2
441,0.036000000000000004,0.037,0.036333333333333336,0.036000000000000004,0.0004714045207910289,"[0.037, 0.037, 0.036000000000000004, 0.036000000000000004, 0.037, 0.037, 0.036000000000000004, 0.037, 0.037, 0.036000000000000004, 0.036000000000000004, 0.036000000000000004, 0.037, 0.037, 0.036000000000000004, 0.036000000000000004, 0.036000000000000004, 0.036000000000000004, 0.036000000000000004, 0.036000000000000004, 0.036000000000000004, 0.036000000000000004, 0.036000000000000004, 0.036000000000000004, 0.036000000000000004, 0.037, 0.036000000000000004, 0.036000000000000004, 0.036000000000000004, 0.036000000000000004, 0.036000000000000004, 0.036000000000000004, 0.036000000000000004, 0.037, 0.036000000000000004, 0.037, 0.037, 0.036000000000000004, 0.036000000000000004, 0.036000000000000004, 0.037, 0.037, 0.037, 0.036000000000000004, 0.037, 0.037, 0.036000000000000004, 0.036000000000000004, 0.037, 0.037, 0.036000000000000004, 0.036000000000000004, 0.036000000000000004, 0.036000000000000004, 0.036000000000000004, 0.036000000000000004, 0.036000000000000004, 0.036000000000000004, 0.036000000000000004, 0.037]",0,2,11304960,send_recv,2,2
442,0.036000000000000004,0.037,0.03648333333333333,0.036000000000000004,0.0004997221450188286,"[0.036000000000000004, 0.036000000000000004, 0.037, 0.036000000000000004, 0.037, 0.037, 0.037, 0.036000000000000004, 0.037, 0.037, 0.036000000000000004, 0.036000000000000004, 0.036000000000000004, 0.036000000000000004, 0.037, 0.037, 0.037, 0.036000000000000004, 0.036000000000000004, 0.037, 0.037, 0.036000000000000004, 0.037, 0.036000000000000004, 0.036000000000000004, 0.037, 0.036000000000000004, 0.036000000000000004, 0.036000000000000004, 0.036000000000000004, 0.037, 0.036000000000000004, 0.036000000000000004, 0.037, 0.037, 0.037, 0.036000000000000004, 0.036000000000000004, 0.037, 0.037, 0.036000000000000004, 0.037, 0.037, 0.036000000000000004, 0.037, 0.037, 0.037, 0.036000000000000004, 0.036000000000000004, 0.036000000000000004, 0.037, 0.036000000000000004, 0.036000000000000004, 0.037, 0.037, 0.036000000000000004, 0.036000000000000004, 0.037, 0.037, 0.036000000000000004]",0,2,11337728,send_recv,2,2
443,0.036000000000000004,0.037,0.03666666666666666,0.037,0.0004714045207910288,"[0.036000000000000004, 0.037, 0.037, 0.037, 0.036000000000000004, 0.037, 0.037, 0.037, 0.036000000000000004, 0.036000000000000004, 0.037, 0.037, 0.037, 0.037, 0.037, 0.037, 0.036000000000000004, 0.037, 0.036000000000000004, 0.037, 0.036000000000000004, 0.036000000000000004, 0.037, 0.037, 0.036000000000000004, 0.036000000000000004, 0.036000000000000004, 0.037, 0.036000000000000004, 0.036000000000000004, 0.037, 0.037, 0.037, 0.036000000000000004, 0.037, 0.037, 0.037, 0.036000000000000004, 0.037, 0.037, 0.036000000000000004, 0.037, 0.037, 0.037, 0.037, 0.037, 0.037, 0.037, 0.037, 0.036000000000000004, 0.037, 0.037, 0.036000000000000004, 0.037, 0.037, 0.037, 0.036000000000000004, 0.036000000000000004, 0.037, 0.037]",0,2,11370496,send_recv,2,2
444,0.036000000000000004,0.037,0.036833333333333336,0.037,0.0003726779962499626,"[0.037, 0.036000000000000004, 0.037, 0.037, 0.037, 0.037, 0.037, 0.037, 0.037, 0.037, 0.037, 0.037, 0.037, 0.036000000000000004, 0.037, 0.037, 0.037, 0.037, 0.036000000000000004, 0.037, 0.037, 0.037, 0.036000000000000004, 0.037, 0.037, 0.037, 0.036000000000000004, 0.037, 0.037, 0.037, 0.037, 0.036000000000000004, 0.037, 0.037, 0.036000000000000004, 0.037, 0.037, 0.037, 0.036000000000000004, 0.037, 0.037, 0.037, 0.036000000000000004, 0.037, 0.037, 0.037, 0.037, 0.037, 0.037, 0.037, 0.037, 0.037, 0.037, 0.036000000000000004, 0.037, 0.037, 0.037, 0.037, 0.037, 0.037]",0,2,11403264,send_recv,2,2
445,0.036000000000000004,0.037,0.03678333333333333,0.037,0.0004119735698102734,"[0.036000000000000004, 0.037, 0.037, 0.037, 0.037, 0.037, 0.037, 0.037, 0.037, 0.037, 0.036000000000000004, 0.037, 0.037, 0.037, 0.037, 0.036000000000000004, 0.037, 0.037, 0.037, 0.037, 0.036000000000000004, 0.037, 0.036000000000000004, 0.037, 0.037, 0.037, 0.037, 0.037, 0.037, 0.037, 0.036000000000000004, 0.037, 0.036000000000000004, 0.037, 0.036000000000000004, 0.037, 0.037, 0.037, 0.037, 0.037, 0.037, 0.037, 0.036000000000000004, 0.036000000000000004, 0.037, 0.037, 0.037, 0.036000000000000004, 0.037, 0.037, 0.036000000000000004, 0.037, 0.037, 0.037, 0.037, 0.037, 0.037, 0.037, 0.036000000000000004, 0.037]",0,2,11436032,send_recv,2,2
446,0.036000000000000004,0.037,0.036866666666666666,0.037,0.00033993463423951693,"[0.037, 0.037, 0.037, 0.036000000000000004, 0.037, 0.037, 0.037, 0.037, 0.036000000000000004, 0.037, 0.037, 0.036000000000000004, 0.037, 0.037, 0.037, 0.037, 0.037, 0.037, 0.037, 0.037, 0.037, 0.037, 0.037, 0.037, 0.037, 0.037, 0.037, 0.037, 0.037, 0.036000000000000004, 0.037, 0.037, 0.036000000000000004, 0.037, 0.037, 0.037, 0.037, 0.037, 0.037, 0.037, 0.037, 0.037, 0.037, 0.037, 0.036000000000000004, 0.037, 0.037, 0.037, 0.037, 0.037, 0.037, 0.037, 0.037, 0.037, 0.037, 0.036000000000000004, 0.037, 0.037, 0.037, 0.036000000000000004]",0,2,11468800,send_recv,2,2
447,0.036000000000000004,0.038,0.037,0.037,0.00025819888974716045,"[0.038, 0.037, 0.037, 0.037, 0.037, 0.037, 0.037, 0.037, 0.037, 0.037, 0.037, 0.037, 0.037, 0.037, 0.037, 0.037, 0.037, 0.037, 0.037, 0.037, 0.037, 0.037, 0.037, 0.037, 0.037, 0.037, 0.037, 0.037, 0.037, 0.037, 0.037, 0.037, 0.036000000000000004, 0.037, 0.038, 0.037, 0.037, 0.037, 0.037, 0.037, 0.037, 0.036000000000000004, 0.037, 0.037, 0.037, 0.037, 0.037, 0.037, 0.037, 0.037, 0.037, 0.037, 0.037, 0.037, 0.037, 0.037, 0.037, 0.037, 0.037, 0.037]",0,2,11501568,send_recv,2,2
448,0.037,0.038,0.03703333333333333,0.037,0.0001795054935711503,"[0.037, 0.037, 0.037, 0.037, 0.037, 0.037, 0.037, 0.037, 0.037, 0.037, 0.037, 0.037, 0.037, 0.037, 0.037, 0.037, 0.037, 0.037, 0.037, 0.037, 0.037, 0.037, 0.037, 0.037, 0.037, 0.037, 0.037, 0.037, 0.038, 0.037, 0.037, 0.037, 0.038, 0.037, 0.037, 0.037, 0.037, 0.037, 0.037, 0.037, 0.037, 0.037, 0.037, 0.037, 0.037, 0.037, 0.037, 0.037, 0.037, 0.037, 0.037, 0.037, 0.037, 0.037, 0.037, 0.037, 0.037, 0.037, 0.037, 0.037]",0,2,11534336,send_recv,2,2
449,0.04,0.041,0.040316666666666674,0.04,0.0004651761912317625,"[0.041, 0.04, 0.041, 0.041, 0.041, 0.04, 0.04, 0.04, 0.04, 0.04, 0.041, 0.04, 0.041, 0.04, 0.041, 0.04, 0.041, 0.04, 0.04, 0.04, 0.04, 0.04, 0.041, 0.04, 0.041, 0.04, 0.041, 0.04, 0.041, 0.04, 0.041, 0.04, 0.04, 0.04, 0.04, 0.04, 0.041, 0.04, 0.041, 0.04, 0.04, 0.04, 0.04, 0.04, 0.041, 0.04, 0.041, 0.04, 0.04, 0.04, 0.041, 0.04, 0.041, 0.04, 0.04, 0.04, 0.04, 0.04, 0.04, 0.04]",0,2,11567104,send_recv,2,2
450,0.04,0.041,0.04043333333333333,0.04,0.0004955356249106172,"[0.04, 0.041, 0.04, 0.041, 0.04, 0.04, 0.041, 0.04, 0.04, 0.04, 0.041, 0.04, 0.04, 0.041, 0.041, 0.04, 0.04, 0.041, 0.04, 0.041, 0.04, 0.041, 0.041, 0.04, 0.041, 0.04, 0.04, 0.04, 0.04, 0.041, 0.04, 0.041, 0.041, 0.041, 0.04, 0.041, 0.04, 0.04, 0.04, 0.041, 0.04, 0.04, 0.04, 0.04, 0.04, 0.041, 0.04, 0.041, 0.04, 0.04, 0.04, 0.041, 0.04, 0.041, 0.041, 0.041, 0.04, 0.041, 0.041, 0.041]",0,2,11599872,send_recv,2,2
451,0.04,0.041,0.040466666666666665,0.04,0.0004988876515698593,"[0.04, 0.04, 0.04, 0.04, 0.04, 0.04, 0.041, 0.04, 0.041, 0.04, 0.041, 0.04, 0.04, 0.04, 0.041, 0.04, 0.04, 0.041, 0.041, 0.041, 0.041, 0.04, 0.04, 0.041, 0.04, 0.04, 0.04, 0.04, 0.04, 0.041, 0.041, 0.04, 0.041, 0.04, 0.041, 0.04, 0.041, 0.04, 0.041, 0.041, 0.041, 0.04, 0.041, 0.04, 0.04, 0.04, 0.04, 0.041, 0.041, 0.041, 0.04, 0.04, 0.041, 0.04, 0.041, 0.041, 0.041, 0.041, 0.041, 0.041]",0,2,11632640,send_recv,2,2
452,0.04,0.041,0.04055,0.041,0.0004974937185533104,"[0.041, 0.041, 0.04, 0.04, 0.041, 0.041, 0.041, 0.041, 0.041, 0.041, 0.04, 0.04, 0.04, 0.041, 0.04, 0.041, 0.04, 0.04, 0.041, 0.041, 0.04, 0.041, 0.041, 0.041, 0.04, 0.041, 0.04, 0.041, 0.041, 0.041, 0.04, 0.041, 0.041, 0.04, 0.04, 0.04, 0.04, 0.041, 0.041, 0.041, 0.04, 0.041, 0.04, 0.041, 0.04, 0.04, 0.04, 0.041, 0.04, 0.041, 0.04, 0.04, 0.04, 0.041, 0.04, 0.041, 0.041, 0.041, 0.04, 0.041]",0,2,11665408,send_recv,2,2
453,0.04,0.041,0.04058333333333333,0.041,0.0004930066485916352,"[0.04, 0.04, 0.04, 0.041, 0.041, 0.041, 0.041, 0.04, 0.04, 0.041, 0.041, 0.041, 0.041, 0.04, 0.041, 0.04, 0.04, 0.041, 0.04, 0.04, 0.041, 0.04, 0.041, 0.041, 0.041, 0.04, 0.041, 0.04, 0.04, 0.041, 0.041, 0.04, 0.04, 0.04, 0.041, 0.04, 0.04, 0.041, 0.041, 0.04, 0.041, 0.04, 0.041, 0.041, 0.041, 0.041, 0.041, 0.04, 0.04, 0.04, 0.041, 0.04, 0.041, 0.041, 0.041, 0.041, 0.041, 0.041, 0.041, 0.041]",0,2,11698176,send_recv,2,2
454,0.04,0.041,0.04045000000000001,0.04,0.0004974937185533104,"[0.04, 0.041, 0.04, 0.041, 0.04, 0.041, 0.041, 0.04, 0.04, 0.04, 0.04, 0.041, 0.041, 0.041, 0.04, 0.041, 0.04, 0.041, 0.04, 0.04, 0.04, 0.041, 0.04, 0.041, 0.04, 0.041, 0.04, 0.041, 0.04, 0.041, 0.04, 0.041, 0.04, 0.041, 0.04, 0.041, 0.04, 0.041, 0.04, 0.041, 0.04, 0.041, 0.04, 0.04, 0.04, 0.041, 0.04, 0.041, 0.04, 0.041, 0.041, 0.04, 0.04, 0.04, 0.04, 0.041, 0.04, 0.041, 0.041, 0.04]",0,2,11730944,send_recv,2,2
455,0.04,0.041,0.04061666666666666,0.041,0.0004861984048604945,"[0.041, 0.04, 0.041, 0.041, 0.041, 0.041, 0.041, 0.041, 0.041, 0.04, 0.041, 0.041, 0.041, 0.041, 0.04, 0.04, 0.041, 0.04, 0.04, 0.041, 0.04, 0.04, 0.041, 0.041, 0.041, 0.04, 0.041, 0.041, 0.041, 0.04, 0.041, 0.041, 0.041, 0.041, 0.041, 0.04, 0.041, 0.04, 0.04, 0.041, 0.041, 0.04, 0.04, 0.04, 0.04, 0.04, 0.041, 0.041, 0.041, 0.041, 0.04, 0.04, 0.04, 0.041, 0.04, 0.041, 0.04, 0.041, 0.041, 0.041]",0,2,11763712,send_recv,2,2
456,0.04,0.041,0.04045000000000001,0.04,0.0004974937185533104,"[0.04, 0.04, 0.04, 0.041, 0.041, 0.041, 0.04, 0.041, 0.041, 0.041, 0.04, 0.041, 0.04, 0.04, 0.04, 0.041, 0.04, 0.04, 0.04, 0.041, 0.04, 0.041, 0.04, 0.041, 0.04, 0.041, 0.04, 0.041, 0.04, 0.041, 0.04, 0.041, 0.04, 0.041, 0.04, 0.04, 0.041, 0.041, 0.04, 0.04, 0.04, 0.04, 0.04, 0.041, 0.04, 0.041, 0.04, 0.041, 0.04, 0.041, 0.04, 0.041, 0.04, 0.041, 0.04, 0.041, 0.041, 0.041, 0.04, 0.04]",0,2,11796480,send_recv,2,2
457,0.037,0.039,0.03798333333333333,0.038,0.00028819360776317666,"[0.038, 0.038, 0.038, 0.038, 0.038, 0.038, 0.038, 0.038, 0.038, 0.038, 0.038, 0.038, 0.038, 0.038, 0.038, 0.038, 0.038, 0.038, 0.038, 0.038, 0.038, 0.038, 0.038, 0.038, 0.038, 0.038, 0.038, 0.037, 0.038, 0.038, 0.038, 0.038, 0.038, 0.038, 0.038, 0.038, 0.039, 0.038, 0.038, 0.038, 0.038, 0.038, 0.038, 0.038, 0.038, 0.038, 0.038, 0.038, 0.039, 0.038, 0.037, 0.038, 0.038, 0.038, 0.038, 0.037, 0.038, 0.038, 0.038, 0.038]",0,2,11829248,send_recv,2,2
458,0.038,0.039,0.03801666666666666,0.038,0.0001280190957978102,"[0.038, 0.038, 0.039, 0.038, 0.038, 0.038, 0.038, 0.038, 0.038, 0.038, 0.038, 0.038, 0.038, 0.038, 0.038, 0.038, 0.038, 0.038, 0.038, 0.038, 0.038, 0.038, 0.038, 0.038, 0.038, 0.038, 0.038, 0.038, 0.038, 0.038, 0.038, 0.038, 0.038, 0.038, 0.038, 0.038, 0.038, 0.038, 0.038, 0.038, 0.038, 0.038, 0.038, 0.038, 0.038, 0.038, 0.038, 0.038, 0.038, 0.038, 0.038, 0.038, 0.038, 0.038, 0.038, 0.038, 0.038, 0.038, 0.038, 0.038]",0,2,11862016,send_recv,2,2
459,0.038,0.039,0.038166666666666654,0.038,0.0003726779962499652,"[0.039, 0.038, 0.038, 0.038, 0.038, 0.038, 0.038, 0.039, 0.038, 0.038, 0.039, 0.038, 0.038, 0.038, 0.038, 0.038, 0.038, 0.038, 0.039, 0.038, 0.038, 0.038, 0.038, 0.039, 0.038, 0.038, 0.038, 0.038, 0.038, 0.038, 0.039, 0.038, 0.038, 0.038, 0.038, 0.038, 0.038, 0.038, 0.038, 0.038, 0.039, 0.038, 0.038, 0.038, 0.038, 0.038, 0.038, 0.039, 0.038, 0.038, 0.038, 0.038, 0.038, 0.038, 0.039, 0.039, 0.038, 0.038, 0.038, 0.038]",0,2,11894784,send_recv,2,2
460,0.038,0.039,0.038200000000000005,0.038,0.00040000000000000034,"[0.038, 0.038, 0.038, 0.039, 0.038, 0.038, 0.038, 0.039, 0.038, 0.038, 0.038, 0.038, 0.038, 0.038, 0.038, 0.038, 0.038, 0.039, 0.038, 0.038, 0.038, 0.038, 0.038, 0.038, 0.038, 0.038, 0.038, 0.038, 0.039, 0.038, 0.038, 0.039, 0.038, 0.038, 0.038, 0.038, 0.038, 0.038, 0.038, 0.039, 0.038, 0.038, 0.038, 0.038, 0.038, 0.038, 0.038, 0.039, 0.038, 0.038, 0.038, 0.039, 0.039, 0.038, 0.038, 0.039, 0.039, 0.038, 0.038, 0.039]",0,2,11927552,send_recv,2,2
461,0.038,0.039,0.03816666666666666,0.038,0.0003726779962499652,"[0.039, 0.039, 0.038, 0.038, 0.039, 0.039, 0.038, 0.038, 0.038, 0.039, 0.039, 0.038, 0.038, 0.038, 0.039, 0.038, 0.039, 0.038, 0.038, 0.038, 0.039, 0.038, 0.038, 0.038, 0.038, 0.038, 0.038, 0.038, 0.038, 0.038, 0.038, 0.038, 0.038, 0.038, 0.038, 0.038, 0.038, 0.038, 0.038, 0.038, 0.038, 0.038, 0.038, 0.038, 0.038, 0.038, 0.038, 0.038, 0.038, 0.038, 0.038, 0.038, 0.038, 0.038, 0.038, 0.038, 0.038, 0.039, 0.038, 0.038]",0,2,11960320,send_recv,2,2
462,0.038,0.039,0.03826666666666666,0.038,0.0004422166387140538,"[0.038, 0.039, 0.038, 0.038, 0.038, 0.039, 0.039, 0.038, 0.038, 0.039, 0.038, 0.038, 0.038, 0.038, 0.038, 0.038, 0.038, 0.039, 0.039, 0.038, 0.038, 0.038, 0.038, 0.038, 0.038, 0.039, 0.038, 0.039, 0.038, 0.038, 0.039, 0.038, 0.038, 0.038, 0.038, 0.038, 0.038, 0.038, 0.039, 0.039, 0.038, 0.039, 0.038, 0.038, 0.038, 0.039, 0.039, 0.039, 0.038, 0.039, 0.038, 0.038, 0.038, 0.038, 0.038, 0.038, 0.038, 0.038, 0.038, 0.038]",0,2,11993088,send_recv,2,2
463,0.038,0.039,0.038483333333333335,0.038,0.0004997221450188321,"[0.038, 0.038, 0.038, 0.038, 0.038, 0.039, 0.039, 0.038, 0.038, 0.038, 0.039, 0.038, 0.039, 0.039, 0.039, 0.039, 0.038, 0.038, 0.039, 0.038, 0.039, 0.038, 0.038, 0.039, 0.039, 0.038, 0.039, 0.039, 0.038, 0.038, 0.039, 0.038, 0.039, 0.038, 0.039, 0.039, 0.038, 0.038, 0.039, 0.038, 0.038, 0.038, 0.039, 0.039, 0.038, 0.039, 0.039, 0.038, 0.038, 0.038, 0.039, 0.039, 0.039, 0.038, 0.039, 0.038, 0.039, 0.038, 0.039, 0.039]",0,2,12025856,send_recv,2,2
464,0.038,0.039,0.038533333333333336,0.039,0.0004988876515698593,"[0.039, 0.038, 0.038, 0.039, 0.039, 0.039, 0.039, 0.039, 0.039, 0.038, 0.038, 0.039, 0.038, 0.038, 0.038, 0.039, 0.039, 0.038, 0.039, 0.039, 0.039, 0.039, 0.038, 0.039, 0.039, 0.038, 0.038, 0.039, 0.038, 0.038, 0.038, 0.039, 0.039, 0.038, 0.038, 0.039, 0.038, 0.038, 0.038, 0.039, 0.039, 0.038, 0.038, 0.039, 0.039, 0.038, 0.038, 0.039, 0.039, 0.038, 0.039, 0.039, 0.038, 0.039, 0.038, 0.039, 0.039, 0.038, 0.038, 0.039]",0,2,12058624,send_recv,2,2
465,0.038,0.039,0.03873333333333335,0.039,0.00044221663871405365,"[0.039, 0.038, 0.038, 0.038, 0.039, 0.039, 0.038, 0.038, 0.039, 0.039, 0.039, 0.039, 0.039, 0.039, 0.039, 0.038, 0.039, 0.038, 0.038, 0.039, 0.038, 0.039, 0.039, 0.039, 0.039, 0.038, 0.039, 0.038, 0.039, 0.039, 0.039, 0.039, 0.039, 0.039, 0.039, 0.039, 0.039, 0.039, 0.039, 0.039, 0.039, 0.039, 0.038, 0.038, 0.039, 0.039, 0.039, 0.039, 0.039, 0.039, 0.038, 0.039, 0.039, 0.038, 0.038, 0.039, 0.039, 0.039, 0.039, 0.039]",0,2,12091392,send_recv,2,2
466,0.038,0.04,0.03890000000000001,0.039,0.000351188458428425,"[0.039, 0.039, 0.039, 0.039, 0.039, 0.039, 0.039, 0.039, 0.039, 0.039, 0.039, 0.039, 0.039, 0.039, 0.039, 0.039, 0.039, 0.039, 0.039, 0.039, 0.038, 0.039, 0.039, 0.04, 0.039, 0.039, 0.039, 0.039, 0.039, 0.038, 0.038, 0.039, 0.039, 0.039, 0.039, 0.039, 0.039, 0.039, 0.039, 0.039, 0.039, 0.039, 0.039, 0.038, 0.039, 0.039, 0.039, 0.038, 0.038, 0.039, 0.039, 0.039, 0.039, 0.039, 0.039, 0.038, 0.039, 0.039, 0.039, 0.039]",0,2,12124160,send_recv,2,2
467,0.038,0.039,0.038966666666666684,0.039,0.00017950549357115028,"[0.039, 0.039, 0.039, 0.039, 0.039, 0.039, 0.039, 0.039, 0.039, 0.038, 0.039, 0.039, 0.039, 0.039, 0.039, 0.039, 0.039, 0.039, 0.039, 0.039, 0.039, 0.039, 0.039, 0.039, 0.039, 0.039, 0.039, 0.039, 0.038, 0.039, 0.039, 0.039, 0.039, 0.039, 0.039, 0.039, 0.039, 0.039, 0.039, 0.039, 0.039, 0.039, 0.039, 0.039, 0.039, 0.039, 0.039, 0.039, 0.039, 0.039, 0.039, 0.039, 0.039, 0.039, 0.039, 0.039, 0.039, 0.039, 0.039, 0.039]",0,2,12156928,send_recv,2,2
468,0.038,0.039,0.03895000000000001,0.039,0.00021794494717703385,"[0.039, 0.039, 0.039, 0.039, 0.039, 0.039, 0.039, 0.039, 0.039, 0.039, 0.039, 0.039, 0.039, 0.038, 0.039, 0.039, 0.039, 0.039, 0.039, 0.039, 0.039, 0.039, 0.039, 0.039, 0.039, 0.038, 0.039, 0.039, 0.039, 0.039, 0.039, 0.039, 0.039, 0.039, 0.039, 0.039, 0.039, 0.039, 0.039, 0.039, 0.039, 0.039, 0.039, 0.039, 0.039, 0.038, 0.039, 0.039, 0.039, 0.039, 0.039, 0.039, 0.039, 0.039, 0.039, 0.039, 0.039, 0.039, 0.039, 0.039]",0,2,12189696,send_recv,2,2
469,0.039,0.04,0.03905000000000001,0.039,0.00021794494717703385,"[0.04, 0.039, 0.039, 0.039, 0.04, 0.039, 0.039, 0.039, 0.039, 0.039, 0.039, 0.039, 0.039, 0.039, 0.039, 0.039, 0.039, 0.039, 0.039, 0.039, 0.039, 0.039, 0.039, 0.039, 0.039, 0.039, 0.039, 0.039, 0.039, 0.039, 0.039, 0.039, 0.039, 0.039, 0.039, 0.039, 0.039, 0.039, 0.039, 0.039, 0.039, 0.039, 0.039, 0.039, 0.039, 0.039, 0.039, 0.039, 0.039, 0.039, 0.039, 0.039, 0.039, 0.039, 0.039, 0.039, 0.04, 0.039, 0.039, 0.039]",0,2,12222464,send_recv,2,2
470,0.038,0.04,0.039000000000000014,0.039,0.0002581988897471614,"[0.039, 0.039, 0.039, 0.039, 0.039, 0.039, 0.039, 0.039, 0.039, 0.039, 0.039, 0.039, 0.039, 0.039, 0.039, 0.039, 0.039, 0.039, 0.039, 0.039, 0.039, 0.04, 0.039, 0.039, 0.039, 0.039, 0.039, 0.039, 0.039, 0.039, 0.039, 0.039, 0.039, 0.039, 0.039, 0.039, 0.038, 0.039, 0.039, 0.039, 0.039, 0.039, 0.039, 0.039, 0.039, 0.039, 0.04, 0.038, 0.039, 0.039, 0.039, 0.039, 0.039, 0.039, 0.039, 0.039, 0.039, 0.039, 0.039, 0.039]",0,2,12255232,send_recv,2,2
471,0.039,0.04,0.039166666666666676,0.039,0.00037267799624996525,"[0.039, 0.039, 0.04, 0.039, 0.039, 0.039, 0.039, 0.039, 0.039, 0.039, 0.039, 0.039, 0.039, 0.039, 0.04, 0.039, 0.039, 0.039, 0.04, 0.039, 0.039, 0.039, 0.04, 0.039, 0.039, 0.039, 0.039, 0.039, 0.039, 0.039, 0.04, 0.039, 0.039, 0.039, 0.04, 0.039, 0.039, 0.039, 0.039, 0.04, 0.039, 0.039, 0.04, 0.039, 0.039, 0.039, 0.04, 0.039, 0.039, 0.039, 0.039, 0.039, 0.039, 0.039, 0.039, 0.039, 0.039, 0.039, 0.039, 0.04]",0,2,12288000,send_recv,2,2
472,0.039,0.04,0.039133333333333346,0.039,0.0003399346342395193,"[0.04, 0.039, 0.039, 0.04, 0.039, 0.039, 0.039, 0.04, 0.039, 0.039, 0.039, 0.039, 0.039, 0.039, 0.039, 0.04, 0.039, 0.039, 0.039, 0.04, 0.039, 0.039, 0.039, 0.04, 0.039, 0.039, 0.039, 0.039, 0.039, 0.039, 0.039, 0.039, 0.039, 0.039, 0.039, 0.039, 0.039, 0.039, 0.039, 0.039, 0.04, 0.039, 0.039, 0.039, 0.039, 0.039, 0.039, 0.04, 0.039, 0.039, 0.039, 0.039, 0.039, 0.039, 0.039, 0.039, 0.039, 0.039, 0.039, 0.039]",0,2,12320768,send_recv,2,2
473,0.039,0.04,0.039333333333333345,0.039,0.00047140452079103207,"[0.04, 0.04, 0.039, 0.039, 0.04, 0.039, 0.039, 0.039, 0.039, 0.039, 0.039, 0.039, 0.039, 0.04, 0.04, 0.039, 0.04, 0.04, 0.039, 0.04, 0.04, 0.04, 0.039, 0.039, 0.04, 0.039, 0.039, 0.039, 0.039, 0.039, 0.039, 0.039, 0.04, 0.04, 0.039, 0.039, 0.039, 0.039, 0.039, 0.04, 0.039, 0.04, 0.039, 0.039, 0.04, 0.039, 0.039, 0.039, 0.04, 0.039, 0.039, 0.039, 0.04, 0.04, 0.039, 0.039, 0.04, 0.039, 0.039, 0.039]",0,2,12353536,send_recv,2,2
474,0.039,0.04,0.03961666666666667,0.04,0.0004861984048604945,"[0.04, 0.04, 0.039, 0.039, 0.039, 0.04, 0.04, 0.039, 0.04, 0.04, 0.04, 0.039, 0.039, 0.039, 0.04, 0.04, 0.039, 0.04, 0.04, 0.039, 0.04, 0.04, 0.04, 0.04, 0.039, 0.04, 0.04, 0.039, 0.039, 0.04, 0.04, 0.039, 0.039, 0.04, 0.04, 0.04, 0.039, 0.04, 0.04, 0.04, 0.04, 0.04, 0.039, 0.039, 0.039, 0.04, 0.04, 0.04, 0.039, 0.04, 0.04, 0.039, 0.039, 0.04, 0.04, 0.039, 0.039, 0.04, 0.04, 0.04]",0,2,12386304,send_recv,2,2
475,0.039,0.04,0.039650000000000005,0.04,0.00047696960070847325,"[0.039, 0.039, 0.039, 0.04, 0.04, 0.039, 0.04, 0.04, 0.039, 0.04, 0.04, 0.04, 0.039, 0.039, 0.04, 0.04, 0.04, 0.039, 0.04, 0.04, 0.039, 0.039, 0.04, 0.039, 0.039, 0.04, 0.04, 0.039, 0.04, 0.039, 0.04, 0.039, 0.04, 0.04, 0.04, 0.04, 0.04, 0.039, 0.04, 0.04, 0.039, 0.039, 0.04, 0.04, 0.04, 0.039, 0.04, 0.04, 0.04, 0.04, 0.04, 0.04, 0.039, 0.04, 0.04, 0.04, 0.039, 0.04, 0.04, 0.04]",0,2,12419072,send_recv,2,2
476,0.039,0.04,0.03971666666666667,0.04,0.00045061686115319285,"[0.04, 0.04, 0.04, 0.04, 0.04, 0.04, 0.04, 0.04, 0.04, 0.039, 0.039, 0.04, 0.04, 0.039, 0.04, 0.04, 0.04, 0.039, 0.039, 0.04, 0.04, 0.039, 0.039, 0.04, 0.04, 0.04, 0.039, 0.04, 0.04, 0.04, 0.039, 0.04, 0.04, 0.039, 0.039, 0.04, 0.04, 0.039, 0.039, 0.04, 0.04, 0.04, 0.04, 0.04, 0.04, 0.04, 0.039, 0.04, 0.04, 0.039, 0.039, 0.04, 0.04, 0.04, 0.04, 0.04, 0.04, 0.04, 0.039, 0.04]",0,2,12451840,send_recv,2,2
477,0.039,0.04,0.03985000000000001,0.04,0.0003570714214271428,"[0.04, 0.04, 0.04, 0.039, 0.04, 0.04, 0.04, 0.04, 0.04, 0.04, 0.04, 0.04, 0.04, 0.04, 0.04, 0.04, 0.04, 0.04, 0.04, 0.04, 0.04, 0.04, 0.04, 0.04, 0.04, 0.04, 0.04, 0.039, 0.04, 0.04, 0.04, 0.04, 0.04, 0.04, 0.039, 0.039, 0.04, 0.04, 0.04, 0.04, 0.04, 0.04, 0.04, 0.04, 0.039, 0.04, 0.04, 0.039, 0.04, 0.04, 0.04, 0.039, 0.04, 0.04, 0.04, 0.039, 0.04, 0.04, 0.039, 0.04]",0,2,12484608,send_recv,2,2
478,0.039,0.04,0.039833333333333346,0.04,0.0003726779962499652,"[0.039, 0.04, 0.04, 0.04, 0.04, 0.04, 0.04, 0.039, 0.039, 0.04, 0.04, 0.039, 0.04, 0.04, 0.04, 0.04, 0.04, 0.04, 0.04, 0.04, 0.04, 0.04, 0.04, 0.039, 0.04, 0.04, 0.039, 0.04, 0.039, 0.04, 0.04, 0.04, 0.04, 0.04, 0.04, 0.039, 0.039, 0.04, 0.04, 0.04, 0.04, 0.04, 0.04, 0.04, 0.04, 0.04, 0.04, 0.04, 0.039, 0.04, 0.04, 0.04, 0.04, 0.04, 0.04, 0.04, 0.04, 0.04, 0.04, 0.04]",0,2,12517376,send_recv,2,2
479,0.039,0.04,0.03991666666666668,0.04,0.0002763853991962836,"[0.04, 0.04, 0.04, 0.04, 0.04, 0.04, 0.04, 0.04, 0.04, 0.04, 0.04, 0.04, 0.04, 0.04, 0.04, 0.04, 0.04, 0.04, 0.04, 0.04, 0.04, 0.039, 0.04, 0.04, 0.04, 0.04, 0.04, 0.04, 0.04, 0.04, 0.04, 0.04, 0.04, 0.039, 0.04, 0.04, 0.04, 0.04, 0.04, 0.04, 0.039, 0.04, 0.04, 0.04, 0.04, 0.04, 0.04, 0.04, 0.04, 0.039, 0.04, 0.04, 0.04, 0.04, 0.04, 0.04, 0.04, 0.039, 0.04, 0.04]",0,2,12550144,send_recv,2,2
480,0.04,0.04,0.04000000000000001,0.04,6.938893903907228e-18,"[0.04, 0.04, 0.04, 0.04, 0.04, 0.04, 0.04, 0.04, 0.04, 0.04, 0.04, 0.04, 0.04, 0.04, 0.04, 0.04, 0.04, 0.04, 0.04, 0.04, 0.04, 0.04, 0.04, 0.04, 0.04, 0.04, 0.04, 0.04, 0.04, 0.04, 0.04, 0.04, 0.04, 0.04, 0.04, 0.04, 0.04, 0.04, 0.04, 0.04, 0.04, 0.04, 0.04, 0.04, 0.04, 0.04, 0.04, 0.04, 0.04, 0.04, 0.04, 0.04, 0.04, 0.04, 0.04, 0.04, 0.04, 0.04, 0.04, 0.04]",0,2,12582912,send_recv,2,2
481,0.043000000000000003,0.044,0.04308333333333334,0.043000000000000003,0.0002763853991962817,"[0.043000000000000003, 0.043000000000000003, 0.043000000000000003, 0.043000000000000003, 0.043000000000000003, 0.043000000000000003, 0.043000000000000003, 0.043000000000000003, 0.043000000000000003, 0.043000000000000003, 0.043000000000000003, 0.043000000000000003, 0.043000000000000003, 0.043000000000000003, 0.043000000000000003, 0.043000000000000003, 0.043000000000000003, 0.043000000000000003, 0.043000000000000003, 0.043000000000000003, 0.044, 0.043000000000000003, 0.044, 0.043000000000000003, 0.044, 0.043000000000000003, 0.043000000000000003, 0.043000000000000003, 0.043000000000000003, 0.043000000000000003, 0.043000000000000003, 0.043000000000000003, 0.044, 0.043000000000000003, 0.043000000000000003, 0.043000000000000003, 0.043000000000000003, 0.043000000000000003, 0.043000000000000003, 0.043000000000000003, 0.043000000000000003, 0.043000000000000003, 0.043000000000000003, 0.043000000000000003, 0.043000000000000003, 0.043000000000000003, 0.043000000000000003, 0.044, 0.043000000000000003, 0.043000000000000003, 0.043000000000000003, 0.043000000000000003, 0.043000000000000003, 0.043000000000000003, 0.043000000000000003, 0.043000000000000003, 0.043000000000000003, 0.043000000000000003, 0.043000000000000003, 0.043000000000000003]",0,2,12615680,send_recv,2,2
482,0.042,0.044,0.04303333333333335,0.043000000000000003,0.00025603819159561924,"[0.043000000000000003, 0.043000000000000003, 0.043000000000000003, 0.043000000000000003, 0.042, 0.043000000000000003, 0.043000000000000003, 0.044, 0.043000000000000003, 0.043000000000000003, 0.043000000000000003, 0.043000000000000003, 0.043000000000000003, 0.043000000000000003, 0.043000000000000003, 0.043000000000000003, 0.043000000000000003, 0.043000000000000003, 0.043000000000000003, 0.043000000000000003, 0.043000000000000003, 0.044, 0.043000000000000003, 0.043000000000000003, 0.043000000000000003, 0.044, 0.043000000000000003, 0.043000000000000003, 0.043000000000000003, 0.043000000000000003, 0.043000000000000003, 0.043000000000000003, 0.043000000000000003, 0.043000000000000003, 0.043000000000000003, 0.043000000000000003, 0.043000000000000003, 0.043000000000000003, 0.043000000000000003, 0.043000000000000003, 0.043000000000000003, 0.043000000000000003, 0.043000000000000003, 0.043000000000000003, 0.043000000000000003, 0.043000000000000003, 0.043000000000000003, 0.043000000000000003, 0.043000000000000003, 0.043000000000000003, 0.043000000000000003, 0.043000000000000003, 0.043000000000000003, 0.043000000000000003, 0.043000000000000003, 0.043000000000000003, 0.043000000000000003, 0.043000000000000003, 0.043000000000000003, 0.043000000000000003]",0,2,12648448,send_recv,2,2
483,0.042,0.043000000000000003,0.042966666666666674,0.043000000000000003,0.0001795054935711503,"[0.043000000000000003, 0.043000000000000003, 0.043000000000000003, 0.043000000000000003, 0.043000000000000003, 0.043000000000000003, 0.043000000000000003, 0.043000000000000003, 0.043000000000000003, 0.043000000000000003, 0.043000000000000003, 0.043000000000000003, 0.043000000000000003, 0.043000000000000003, 0.043000000000000003, 0.043000000000000003, 0.043000000000000003, 0.042, 0.043000000000000003, 0.043000000000000003, 0.043000000000000003, 0.043000000000000003, 0.043000000000000003, 0.043000000000000003, 0.043000000000000003, 0.043000000000000003, 0.043000000000000003, 0.043000000000000003, 0.043000000000000003, 0.043000000000000003, 0.043000000000000003, 0.043000000000000003, 0.043000000000000003, 0.043000000000000003, 0.043000000000000003, 0.043000000000000003, 0.043000000000000003, 0.043000000000000003, 0.043000000000000003, 0.043000000000000003, 0.043000000000000003, 0.042, 0.043000000000000003, 0.043000000000000003, 0.043000000000000003, 0.043000000000000003, 0.043000000000000003, 0.043000000000000003, 0.043000000000000003, 0.043000000000000003, 0.043000000000000003, 0.043000000000000003, 0.043000000000000003, 0.043000000000000003, 0.043000000000000003, 0.043000000000000003, 0.043000000000000003, 0.043000000000000003, 0.043000000000000003, 0.043000000000000003]",0,2,12681216,send_recv,2,2
484,0.043000000000000003,0.044,0.04303333333333335,0.043000000000000003,0.00017950549357114906,"[0.043000000000000003, 0.043000000000000003, 0.043000000000000003, 0.043000000000000003, 0.043000000000000003, 0.043000000000000003, 0.043000000000000003, 0.043000000000000003, 0.043000000000000003, 0.043000000000000003, 0.043000000000000003, 0.043000000000000003, 0.043000000000000003, 0.043000000000000003, 0.043000000000000003, 0.043000000000000003, 0.044, 0.043000000000000003, 0.043000000000000003, 0.043000000000000003, 0.043000000000000003, 0.043000000000000003, 0.043000000000000003, 0.043000000000000003, 0.043000000000000003, 0.043000000000000003, 0.043000000000000003, 0.043000000000000003, 0.043000000000000003, 0.043000000000000003, 0.043000000000000003, 0.043000000000000003, 0.043000000000000003, 0.044, 0.043000000000000003, 0.043000000000000003, 0.043000000000000003, 0.043000000000000003, 0.043000000000000003, 0.043000000000000003, 0.043000000000000003, 0.043000000000000003, 0.043000000000000003, 0.043000000000000003, 0.043000000000000003, 0.043000000000000003, 0.043000000000000003, 0.043000000000000003, 0.043000000000000003, 0.043000000000000003, 0.043000000000000003, 0.043000000000000003, 0.043000000000000003, 0.043000000000000003, 0.043000000000000003, 0.043000000000000003, 0.043000000000000003, 0.043000000000000003, 0.043000000000000003, 0.043000000000000003]",0,2,12713984,send_recv,2,2
485,0.043000000000000003,0.044,0.04316666666666667,0.043000000000000003,0.00037267799624996276,"[0.044, 0.043000000000000003, 0.043000000000000003, 0.043000000000000003, 0.043000000000000003, 0.043000000000000003, 0.043000000000000003, 0.043000000000000003, 0.043000000000000003, 0.043000000000000003, 0.043000000000000003, 0.043000000000000003, 0.043000000000000003, 0.043000000000000003, 0.044, 0.043000000000000003, 0.043000000000000003, 0.043000000000000003, 0.043000000000000003, 0.043000000000000003, 0.043000000000000003, 0.043000000000000003, 0.043000000000000003, 0.043000000000000003, 0.044, 0.043000000000000003, 0.044, 0.043000000000000003, 0.044, 0.044, 0.043000000000000003, 0.043000000000000003, 0.044, 0.043000000000000003, 0.043000000000000003, 0.043000000000000003, 0.043000000000000003, 0.043000000000000003, 0.043000000000000003, 0.043000000000000003, 0.043000000000000003, 0.043000000000000003, 0.043000000000000003, 0.043000000000000003, 0.043000000000000003, 0.043000000000000003, 0.043000000000000003, 0.043000000000000003, 0.044, 0.043000000000000003, 0.043000000000000003, 0.043000000000000003, 0.043000000000000003, 0.043000000000000003, 0.044, 0.043000000000000003, 0.044, 0.043000000000000003, 0.043000000000000003, 0.043000000000000003]",0,2,12746752,send_recv,2,2
486,0.043000000000000003,0.044,0.04311666666666668,0.043000000000000003,0.0003210226714043018,"[0.043000000000000003, 0.043000000000000003, 0.043000000000000003, 0.043000000000000003, 0.043000000000000003, 0.043000000000000003, 0.043000000000000003, 0.044, 0.043000000000000003, 0.043000000000000003, 0.043000000000000003, 0.043000000000000003, 0.043000000000000003, 0.043000000000000003, 0.043000000000000003, 0.043000000000000003, 0.043000000000000003, 0.043000000000000003, 0.043000000000000003, 0.043000000000000003, 0.043000000000000003, 0.043000000000000003, 0.043000000000000003, 0.043000000000000003, 0.043000000000000003, 0.043000000000000003, 0.043000000000000003, 0.044, 0.043000000000000003, 0.043000000000000003, 0.043000000000000003, 0.043000000000000003, 0.043000000000000003, 0.043000000000000003, 0.043000000000000003, 0.043000000000000003, 0.043000000000000003, 0.044, 0.043000000000000003, 0.043000000000000003, 0.043000000000000003, 0.044, 0.044, 0.044, 0.043000000000000003, 0.043000000000000003, 0.043000000000000003, 0.043000000000000003, 0.043000000000000003, 0.043000000000000003, 0.043000000000000003, 0.044, 0.043000000000000003, 0.043000000000000003, 0.043000000000000003, 0.043000000000000003, 0.043000000000000003, 0.043000000000000003, 0.043000000000000003, 0.043000000000000003]",0,2,12779520,send_recv,2,2
487,0.04,0.041,0.04058333333333333,0.041,0.0004930066485916352,"[0.041, 0.04, 0.041, 0.041, 0.04, 0.04, 0.041, 0.041, 0.041, 0.04, 0.041, 0.041, 0.04, 0.04, 0.041, 0.041, 0.04, 0.04, 0.041, 0.041, 0.04, 0.04, 0.041, 0.04, 0.04, 0.041, 0.041, 0.04, 0.041, 0.04, 0.041, 0.041, 0.041, 0.04, 0.041, 0.041, 0.041, 0.04, 0.041, 0.041, 0.04, 0.04, 0.041, 0.041, 0.04, 0.04, 0.041, 0.041, 0.04, 0.04, 0.041, 0.041, 0.04, 0.041, 0.041, 0.041, 0.041, 0.04, 0.04, 0.041]",0,2,12812288,send_recv,2,2
488,0.04,0.041,0.04075,0.041,0.0004330127018922197,"[0.041, 0.041, 0.041, 0.041, 0.041, 0.04, 0.04, 0.041, 0.041, 0.041, 0.04, 0.041, 0.041, 0.04, 0.04, 0.041, 0.041, 0.041, 0.041, 0.041, 0.041, 0.04, 0.041, 0.041, 0.041, 0.041, 0.04, 0.041, 0.041, 0.041, 0.04, 0.041, 0.041, 0.04, 0.04, 0.041, 0.041, 0.04, 0.041, 0.041, 0.041, 0.041, 0.041, 0.041, 0.041, 0.04, 0.041, 0.041, 0.041, 0.04, 0.041, 0.041, 0.041, 0.041, 0.041, 0.041, 0.041, 0.04, 0.04, 0.041]",0,2,12845056,send_recv,2,2
489,0.04,0.041,0.04083333333333334,0.041,0.0003726779962499652,"[0.041, 0.041, 0.04, 0.041, 0.041, 0.041, 0.041, 0.04, 0.041, 0.041, 0.041, 0.041, 0.041, 0.041, 0.04, 0.041, 0.041, 0.041, 0.041, 0.04, 0.041, 0.041, 0.041, 0.041, 0.041, 0.041, 0.04, 0.041, 0.041, 0.041, 0.041, 0.041, 0.041, 0.041, 0.04, 0.041, 0.041, 0.041, 0.04, 0.041, 0.041, 0.041, 0.041, 0.04, 0.041, 0.041, 0.041, 0.041, 0.04, 0.041, 0.041, 0.041, 0.041, 0.041, 0.041, 0.04, 0.041, 0.041, 0.041, 0.041]",0,2,12877824,send_recv,2,2
490,0.04,0.041,0.04086666666666667,0.041,0.0003399346342395193,"[0.041, 0.041, 0.041, 0.041, 0.041, 0.041, 0.041, 0.041, 0.041, 0.041, 0.041, 0.041, 0.041, 0.041, 0.041, 0.04, 0.041, 0.041, 0.041, 0.041, 0.04, 0.041, 0.041, 0.04, 0.04, 0.041, 0.041, 0.041, 0.04, 0.041, 0.041, 0.041, 0.04, 0.041, 0.041, 0.041, 0.041, 0.041, 0.041, 0.041, 0.041, 0.041, 0.04, 0.041, 0.041, 0.041, 0.041, 0.041, 0.041, 0.041, 0.041, 0.041, 0.041, 0.041, 0.041, 0.041, 0.041, 0.041, 0.041, 0.04]",0,2,12910592,send_recv,2,2
491,0.04,0.041,0.0409,0.041,0.00030000000000000024,"[0.041, 0.041, 0.041, 0.041, 0.041, 0.04, 0.041, 0.041, 0.04, 0.041, 0.041, 0.041, 0.04, 0.04, 0.041, 0.041, 0.041, 0.041, 0.041, 0.041, 0.041, 0.041, 0.041, 0.041, 0.04, 0.041, 0.041, 0.041, 0.041, 0.041, 0.041, 0.041, 0.041, 0.041, 0.041, 0.041, 0.041, 0.041, 0.041, 0.041, 0.04, 0.041, 0.041, 0.041, 0.041, 0.041, 0.041, 0.041, 0.041, 0.041, 0.041, 0.041, 0.041, 0.041, 0.041, 0.041, 0.041, 0.041, 0.041, 0.041]",0,2,12943360,send_recv,2,2
492,0.04,0.042,0.041,0.041,0.00018257418583505553,"[0.041, 0.041, 0.04, 0.041, 0.041, 0.041, 0.041, 0.041, 0.041, 0.041, 0.041, 0.041, 0.041, 0.041, 0.041, 0.041, 0.041, 0.041, 0.041, 0.041, 0.041, 0.041, 0.041, 0.041, 0.041, 0.041, 0.041, 0.041, 0.041, 0.041, 0.041, 0.041, 0.041, 0.041, 0.041, 0.041, 0.041, 0.041, 0.041, 0.041, 0.041, 0.041, 0.041, 0.042, 0.041, 0.041, 0.041, 0.041, 0.041, 0.041, 0.041, 0.041, 0.041, 0.041, 0.041, 0.041, 0.041, 0.041, 0.041, 0.041]",0,2,12976128,send_recv,2,2
493,0.041,0.042,0.04101666666666667,0.041,0.00012801909579781033,"[0.041, 0.041, 0.041, 0.041, 0.041, 0.041, 0.041, 0.041, 0.042, 0.041, 0.041, 0.041, 0.041, 0.041, 0.041, 0.041, 0.041, 0.041, 0.041, 0.041, 0.041, 0.041, 0.041, 0.041, 0.041, 0.041, 0.041, 0.041, 0.041, 0.041, 0.041, 0.041, 0.041, 0.041, 0.041, 0.041, 0.041, 0.041, 0.041, 0.041, 0.041, 0.041, 0.041, 0.041, 0.041, 0.041, 0.041, 0.041, 0.041, 0.041, 0.041, 0.041, 0.041, 0.041, 0.041, 0.041, 0.041, 0.041, 0.041, 0.041]",0,2,13008896,send_recv,2,2
494,0.041,0.042,0.04108333333333333,0.041,0.00027638539919628354,"[0.041, 0.041, 0.041, 0.041, 0.041, 0.042, 0.041, 0.041, 0.041, 0.041, 0.041, 0.041, 0.041, 0.041, 0.041, 0.041, 0.041, 0.041, 0.041, 0.041, 0.041, 0.041, 0.041, 0.041, 0.041, 0.041, 0.042, 0.041, 0.041, 0.041, 0.041, 0.041, 0.041, 0.042, 0.041, 0.041, 0.041, 0.042, 0.041, 0.041, 0.041, 0.041, 0.042, 0.041, 0.041, 0.041, 0.041, 0.041, 0.041, 0.041, 0.041, 0.041, 0.041, 0.041, 0.041, 0.041, 0.041, 0.041, 0.041, 0.041]",0,2,13041664,send_recv,2,2
495,0.041,0.042,0.04115,0.041,0.0003570714214271428,"[0.041, 0.041, 0.041, 0.041, 0.041, 0.041, 0.042, 0.042, 0.041, 0.041, 0.042, 0.041, 0.041, 0.041, 0.041, 0.041, 0.041, 0.041, 0.041, 0.041, 0.041, 0.041, 0.042, 0.041, 0.042, 0.041, 0.041, 0.041, 0.041, 0.041, 0.041, 0.041, 0.041, 0.041, 0.042, 0.041, 0.041, 0.041, 0.041, 0.042, 0.041, 0.041, 0.041, 0.041, 0.042, 0.041, 0.041, 0.041, 0.041, 0.041, 0.041, 0.041, 0.041, 0.041, 0.041, 0.041, 0.041, 0.041, 0.042, 0.041]",0,2,13074432,send_recv,2,2
496,0.041,0.042,0.04126666666666667,0.041,0.0004422166387140537,"[0.042, 0.041, 0.041, 0.041, 0.041, 0.041, 0.041, 0.042, 0.042, 0.041, 0.041, 0.042, 0.041, 0.041, 0.041, 0.041, 0.041, 0.042, 0.041, 0.041, 0.042, 0.041, 0.041, 0.041, 0.041, 0.041, 0.041, 0.041, 0.041, 0.041, 0.041, 0.042, 0.042, 0.041, 0.041, 0.042, 0.041, 0.041, 0.042, 0.042, 0.042, 0.041, 0.041, 0.042, 0.041, 0.041, 0.041, 0.041, 0.042, 0.041, 0.041, 0.042, 0.042, 0.041, 0.041, 0.041, 0.041, 0.041, 0.041, 0.041]",0,2,13107200,send_recv,2,2
497,0.041,0.042,0.04135,0.041,0.00047696960070847325,"[0.041, 0.041, 0.042, 0.042, 0.042, 0.042, 0.041, 0.041, 0.042, 0.041, 0.042, 0.041, 0.041, 0.041, 0.041, 0.042, 0.041, 0.041, 0.041, 0.041, 0.041, 0.041, 0.041, 0.041, 0.042, 0.042, 0.041, 0.041, 0.041, 0.041, 0.041, 0.042, 0.042, 0.042, 0.042, 0.041, 0.041, 0.042, 0.042, 0.041, 0.042, 0.042, 0.041, 0.042, 0.041, 0.041, 0.041, 0.042, 0.041, 0.041, 0.041, 0.041, 0.041, 0.042, 0.041, 0.041, 0.041, 0.042, 0.041, 0.041]",0,2,13139968,send_recv,2,2
498,0.041,0.042,0.04166666666666666,0.042,0.00047140452079103207,"[0.042, 0.042, 0.042, 0.042, 0.041, 0.042, 0.041, 0.042, 0.042, 0.042, 0.042, 0.042, 0.042, 0.042, 0.042, 0.042, 0.042, 0.042, 0.041, 0.042, 0.042, 0.042, 0.041, 0.041, 0.041, 0.042, 0.042, 0.041, 0.041, 0.042, 0.042, 0.041, 0.042, 0.042, 0.042, 0.041, 0.042, 0.041, 0.042, 0.042, 0.041, 0.042, 0.042, 0.042, 0.042, 0.041, 0.042, 0.042, 0.041, 0.042, 0.042, 0.041, 0.041, 0.042, 0.041, 0.041, 0.041, 0.042, 0.042, 0.041]",0,2,13172736,send_recv,2,2
499,0.041,0.042,0.04169999999999999,0.042,0.0004582575694955844,"[0.042, 0.041, 0.042, 0.042, 0.042, 0.042, 0.042, 0.042, 0.042, 0.041, 0.042, 0.041, 0.042, 0.041, 0.042, 0.041, 0.042, 0.042, 0.042, 0.041, 0.042, 0.042, 0.041, 0.041, 0.041, 0.042, 0.042, 0.042, 0.042, 0.041, 0.042, 0.042, 0.042, 0.042, 0.042, 0.042, 0.042, 0.041, 0.042, 0.042, 0.042, 0.042, 0.041, 0.041, 0.041, 0.041, 0.042, 0.042, 0.041, 0.041, 0.042, 0.042, 0.042, 0.041, 0.042, 0.042, 0.042, 0.042, 0.042, 0.042]",0,2,13205504,send_recv,2,2
500,0.041,0.042,0.04173333333333332,0.042,0.00044221663871405365,"[0.042, 0.042, 0.041, 0.042, 0.042, 0.041, 0.041, 0.042, 0.042, 0.041, 0.041, 0.042, 0.042, 0.042, 0.041, 0.042, 0.042, 0.042, 0.042, 0.042, 0.041, 0.041, 0.042, 0.042, 0.041, 0.042, 0.042, 0.042, 0.042, 0.041, 0.041, 0.042, 0.042, 0.042, 0.041, 0.042, 0.042, 0.041, 0.041, 0.042, 0.042, 0.042, 0.042, 0.042, 0.042, 0.042, 0.042, 0.042, 0.042, 0.042, 0.041, 0.042, 0.042, 0.042, 0.042, 0.042, 0.041, 0.042, 0.042, 0.042]",0,2,13238272,send_recv,2,2
501,0.041,0.042,0.04181666666666665,0.042,0.0003869395588747969,"[0.042, 0.042, 0.042, 0.042, 0.042, 0.042, 0.042, 0.041, 0.042, 0.042, 0.042, 0.041, 0.041, 0.042, 0.042, 0.042, 0.042, 0.041, 0.042, 0.042, 0.042, 0.042, 0.042, 0.042, 0.042, 0.042, 0.042, 0.042, 0.042, 0.042, 0.042, 0.041, 0.042, 0.042, 0.042, 0.041, 0.042, 0.042, 0.042, 0.042, 0.042, 0.042, 0.042, 0.041, 0.041, 0.042, 0.042, 0.041, 0.042, 0.042, 0.042, 0.041, 0.042, 0.042, 0.042, 0.042, 0.042, 0.042, 0.042, 0.041]",0,2,13271040,send_recv,2,2
502,0.041,0.042,0.041983333333333324,0.042,0.0001280190957978103,"[0.042, 0.042, 0.042, 0.042, 0.042, 0.042, 0.042, 0.042, 0.042, 0.042, 0.042, 0.042, 0.041, 0.042, 0.042, 0.042, 0.042, 0.042, 0.042, 0.042, 0.042, 0.042, 0.042, 0.042, 0.042, 0.042, 0.042, 0.042, 0.042, 0.042, 0.042, 0.042, 0.042, 0.042, 0.042, 0.042, 0.042, 0.042, 0.042, 0.042, 0.042, 0.042, 0.042, 0.042, 0.042, 0.042, 0.042, 0.042, 0.042, 0.042, 0.042, 0.042, 0.042, 0.042, 0.042, 0.042, 0.042, 0.042, 0.042, 0.042]",0,2,13303808,send_recv,2,2
503,0.041,0.042,0.041983333333333324,0.042,0.0001280190957978103,"[0.042, 0.042, 0.042, 0.042, 0.042, 0.042, 0.042, 0.042, 0.042, 0.042, 0.042, 0.042, 0.042, 0.041, 0.042, 0.042, 0.042, 0.042, 0.042, 0.042, 0.042, 0.042, 0.042, 0.042, 0.042, 0.042, 0.042, 0.042, 0.042, 0.042, 0.042, 0.042, 0.042, 0.042, 0.042, 0.042, 0.042, 0.042, 0.042, 0.042, 0.042, 0.042, 0.042, 0.042, 0.042, 0.042, 0.042, 0.042, 0.042, 0.042, 0.042, 0.042, 0.042, 0.042, 0.042, 0.042, 0.042, 0.042, 0.042, 0.042]",0,2,13336576,send_recv,2,2
504,0.042,0.043000000000000003,0.042033333333333325,0.042,0.0001795054935711503,"[0.042, 0.042, 0.042, 0.042, 0.042, 0.043000000000000003, 0.042, 0.042, 0.042, 0.042, 0.042, 0.042, 0.042, 0.042, 0.042, 0.042, 0.042, 0.042, 0.042, 0.042, 0.042, 0.042, 0.042, 0.042, 0.042, 0.042, 0.042, 0.042, 0.042, 0.042, 0.042, 0.042, 0.042, 0.042, 0.042, 0.042, 0.042, 0.042, 0.042, 0.043000000000000003, 0.042, 0.042, 0.042, 0.042, 0.042, 0.042, 0.042, 0.042, 0.042, 0.042, 0.042, 0.042, 0.042, 0.042, 0.042, 0.042, 0.042, 0.042, 0.042, 0.042]",0,2,13369344,send_recv,2,2
505,0.042,0.043000000000000003,0.04208333333333332,0.042,0.0002763853991962836,"[0.042, 0.042, 0.042, 0.042, 0.042, 0.042, 0.042, 0.042, 0.042, 0.042, 0.042, 0.042, 0.042, 0.042, 0.042, 0.042, 0.042, 0.042, 0.042, 0.042, 0.042, 0.042, 0.042, 0.042, 0.042, 0.042, 0.042, 0.042, 0.043000000000000003, 0.042, 0.042, 0.042, 0.042, 0.042, 0.042, 0.042, 0.042, 0.042, 0.042, 0.042, 0.043000000000000003, 0.042, 0.042, 0.042, 0.043000000000000003, 0.042, 0.043000000000000003, 0.042, 0.042, 0.042, 0.043000000000000003, 0.042, 0.042, 0.042, 0.042, 0.042, 0.042, 0.042, 0.042, 0.042]",0,2,13402112,send_recv,2,2
506,0.042,0.043000000000000003,0.042116666666666656,0.042,0.00032102267140430397,"[0.043000000000000003, 0.042, 0.043000000000000003, 0.042, 0.042, 0.042, 0.042, 0.042, 0.042, 0.042, 0.042, 0.043000000000000003, 0.042, 0.042, 0.042, 0.042, 0.042, 0.042, 0.042, 0.042, 0.042, 0.042, 0.042, 0.042, 0.042, 0.042, 0.042, 0.042, 0.042, 0.043000000000000003, 0.042, 0.042, 0.042, 0.043000000000000003, 0.042, 0.042, 0.042, 0.042, 0.042, 0.043000000000000003, 0.042, 0.042, 0.042, 0.042, 0.042, 0.043000000000000003, 0.042, 0.042, 0.042, 0.042, 0.042, 0.042, 0.042, 0.042, 0.042, 0.042, 0.042, 0.042, 0.042, 0.042]",0,2,13434880,send_recv,2,2
507,0.042,0.043000000000000003,0.04208333333333333,0.042,0.0002763853991962836,"[0.042, 0.042, 0.042, 0.042, 0.042, 0.042, 0.042, 0.042, 0.042, 0.042, 0.043000000000000003, 0.042, 0.042, 0.042, 0.042, 0.042, 0.042, 0.042, 0.042, 0.043000000000000003, 0.042, 0.042, 0.042, 0.042, 0.042, 0.042, 0.042, 0.042, 0.042, 0.042, 0.042, 0.042, 0.042, 0.042, 0.043000000000000003, 0.042, 0.042, 0.042, 0.042, 0.042, 0.042, 0.042, 0.043000000000000003, 0.042, 0.042, 0.042, 0.042, 0.042, 0.042, 0.042, 0.043000000000000003, 0.042, 0.042, 0.042, 0.042, 0.042, 0.042, 0.042, 0.042, 0.042]",0,2,13467648,send_recv,2,2
508,0.042,0.043000000000000003,0.04223333333333333,0.042,0.0004229525846816511,"[0.042, 0.043000000000000003, 0.042, 0.042, 0.043000000000000003, 0.042, 0.042, 0.042, 0.043000000000000003, 0.042, 0.042, 0.042, 0.042, 0.043000000000000003, 0.043000000000000003, 0.042, 0.042, 0.042, 0.043000000000000003, 0.043000000000000003, 0.042, 0.042, 0.042, 0.042, 0.043000000000000003, 0.042, 0.042, 0.042, 0.042, 0.043000000000000003, 0.042, 0.042, 0.043000000000000003, 0.042, 0.042, 0.042, 0.042, 0.043000000000000003, 0.042, 0.042, 0.042, 0.042, 0.042, 0.042, 0.042, 0.042, 0.042, 0.042, 0.042, 0.043000000000000003, 0.042, 0.043000000000000003, 0.042, 0.042, 0.042, 0.042, 0.042, 0.042, 0.042, 0.043000000000000003]",0,2,13500416,send_recv,2,2
509,0.042,0.043000000000000003,0.04244999999999999,0.042,0.0004974937185533104,"[0.043000000000000003, 0.042, 0.042, 0.042, 0.042, 0.042, 0.042, 0.042, 0.042, 0.042, 0.043000000000000003, 0.042, 0.043000000000000003, 0.042, 0.043000000000000003, 0.042, 0.043000000000000003, 0.043000000000000003, 0.043000000000000003, 0.042, 0.043000000000000003, 0.042, 0.043000000000000003, 0.042, 0.043000000000000003, 0.042, 0.043000000000000003, 0.042, 0.043000000000000003, 0.043000000000000003, 0.043000000000000003, 0.042, 0.043000000000000003, 0.042, 0.043000000000000003, 0.043000000000000003, 0.043000000000000003, 0.042, 0.043000000000000003, 0.043000000000000003, 0.043000000000000003, 0.042, 0.043000000000000003, 0.042, 0.042, 0.042, 0.042, 0.043000000000000003, 0.042, 0.042, 0.043000000000000003, 0.043000000000000003, 0.043000000000000003, 0.042, 0.043000000000000003, 0.042, 0.042, 0.042, 0.042, 0.042]",0,2,13533184,send_recv,2,2
510,0.042,0.043000000000000003,0.042783333333333326,0.043000000000000003,0.0004119735698102762,"[0.043000000000000003, 0.042, 0.043000000000000003, 0.043000000000000003, 0.043000000000000003, 0.043000000000000003, 0.043000000000000003, 0.043000000000000003, 0.042, 0.042, 0.043000000000000003, 0.043000000000000003, 0.042, 0.043000000000000003, 0.043000000000000003, 0.043000000000000003, 0.043000000000000003, 0.043000000000000003, 0.043000000000000003, 0.043000000000000003, 0.043000000000000003, 0.043000000000000003, 0.043000000000000003, 0.043000000000000003, 0.043000000000000003, 0.043000000000000003, 0.043000000000000003, 0.043000000000000003, 0.043000000000000003, 0.043000000000000003, 0.043000000000000003, 0.043000000000000003, 0.042, 0.043000000000000003, 0.042, 0.043000000000000003, 0.042, 0.043000000000000003, 0.043000000000000003, 0.043000000000000003, 0.043000000000000003, 0.043000000000000003, 0.043000000000000003, 0.042, 0.042, 0.043000000000000003, 0.043000000000000003, 0.043000000000000003, 0.043000000000000003, 0.043000000000000003, 0.043000000000000003, 0.043000000000000003, 0.042, 0.043000000000000003, 0.043000000000000003, 0.042, 0.043000000000000003, 0.042, 0.043000000000000003, 0.042]",0,2,13565952,send_recv,2,2
511,0.042,0.043000000000000003,0.04283333333333334,0.043000000000000003,0.0003726779962499652,"[0.043000000000000003, 0.043000000000000003, 0.043000000000000003, 0.043000000000000003, 0.043000000000000003, 0.042, 0.043000000000000003, 0.043000000000000003, 0.043000000000000003, 0.042, 0.043000000000000003, 0.043000000000000003, 0.042, 0.042, 0.043000000000000003, 0.043000000000000003, 0.042, 0.043000000000000003, 0.043000000000000003, 0.043000000000000003, 0.042, 0.043000000000000003, 0.043000000000000003, 0.043000000000000003, 0.043000000000000003, 0.043000000000000003, 0.043000000000000003, 0.043000000000000003, 0.043000000000000003, 0.043000000000000003, 0.043000000000000003, 0.043000000000000003, 0.043000000000000003, 0.043000000000000003, 0.043000000000000003, 0.043000000000000003, 0.042, 0.042, 0.043000000000000003, 0.043000000000000003, 0.043000000000000003, 0.043000000000000003, 0.043000000000000003, 0.043000000000000003, 0.043000000000000003, 0.043000000000000003, 0.043000000000000003, 0.043000000000000003, 0.043000000000000003, 0.043000000000000003, 0.043000000000000003, 0.043000000000000003, 0.043000000000000003, 0.042, 0.042, 0.043000000000000003, 0.043000000000000003, 0.043000000000000003, 0.043000000000000003, 0.043000000000000003]",0,2,13598720,send_recv,2,2
512,0.042,0.043000000000000003,0.042766666666666654,0.043000000000000003,0.000422952584681651,"[0.043000000000000003, 0.042, 0.043000000000000003, 0.043000000000000003, 0.043000000000000003, 0.043000000000000003, 0.042, 0.043000000000000003, 0.043000000000000003, 0.043000000000000003, 0.042, 0.043000000000000003, 0.043000000000000003, 0.043000000000000003, 0.042, 0.043000000000000003, 0.043000000000000003, 0.043000000000000003, 0.043000000000000003, 0.043000000000000003, 0.042, 0.043000000000000003, 0.042, 0.043000000000000003, 0.043000000000000003, 0.043000000000000003, 0.042, 0.043000000000000003, 0.043000000000000003, 0.043000000000000003, 0.043000000000000003, 0.043000000000000003, 0.043000000000000003, 0.043000000000000003, 0.043000000000000003, 0.043000000000000003, 0.043000000000000003, 0.042, 0.043000000000000003, 0.043000000000000003, 0.043000000000000003, 0.043000000000000003, 0.042, 0.043000000000000003, 0.043000000000000003, 0.043000000000000003, 0.043000000000000003, 0.043000000000000003, 0.043000000000000003, 0.043000000000000003, 0.043000000000000003, 0.042, 0.043000000000000003, 0.043000000000000003, 0.042, 0.043000000000000003, 0.042, 0.042, 0.043000000000000003, 0.042]",0,2,13631488,send_recv,2,2
513,0.045,0.047,0.045699999999999984,0.046,0.0004932882862316252,"[0.046, 0.045, 0.046, 0.045, 0.046, 0.045, 0.046, 0.046, 0.046, 0.046, 0.046, 0.046, 0.046, 0.046, 0.045, 0.045, 0.046, 0.045, 0.046, 0.045, 0.046, 0.046, 0.046, 0.045, 0.046, 0.045, 0.046, 0.045, 0.047, 0.046, 0.046, 0.046, 0.046, 0.046, 0.046, 0.045, 0.046, 0.046, 0.045, 0.045, 0.046, 0.046, 0.046, 0.046, 0.046, 0.045, 0.046, 0.046, 0.046, 0.046, 0.046, 0.045, 0.045, 0.045, 0.046, 0.046, 0.046, 0.045, 0.046, 0.045]",0,2,13664256,send_recv,2,2
514,0.045,0.047,0.04591666666666665,0.046,0.0003782268572636742,"[0.045, 0.046, 0.046, 0.046, 0.046, 0.046, 0.045, 0.046, 0.046, 0.046, 0.046, 0.046, 0.046, 0.046, 0.046, 0.046, 0.046, 0.046, 0.046, 0.046, 0.046, 0.047, 0.046, 0.046, 0.046, 0.046, 0.045, 0.046, 0.046, 0.046, 0.045, 0.046, 0.046, 0.046, 0.046, 0.046, 0.046, 0.046, 0.046, 0.046, 0.045, 0.046, 0.046, 0.046, 0.046, 0.046, 0.045, 0.046, 0.046, 0.047, 0.046, 0.046, 0.045, 0.046, 0.046, 0.046, 0.046, 0.046, 0.046, 0.046]",0,2,13697024,send_recv,2,2
515,0.045,0.047,0.04588333333333331,0.046,0.000369308663436006,"[0.046, 0.046, 0.046, 0.046, 0.046, 0.045, 0.046, 0.046, 0.046, 0.046, 0.046, 0.045, 0.046, 0.045, 0.046, 0.046, 0.046, 0.045, 0.046, 0.046, 0.046, 0.046, 0.046, 0.046, 0.046, 0.045, 0.046, 0.046, 0.046, 0.045, 0.047, 0.046, 0.046, 0.046, 0.046, 0.046, 0.046, 0.045, 0.046, 0.045, 0.046, 0.046, 0.046, 0.046, 0.046, 0.046, 0.046, 0.046, 0.046, 0.046, 0.046, 0.046, 0.046, 0.046, 0.046, 0.046, 0.046, 0.046, 0.046, 0.046]",0,2,13729792,send_recv,2,2
516,0.045,0.047,0.045983333333333314,0.046,0.00046517619123176245,"[0.047, 0.046, 0.046, 0.046, 0.046, 0.046, 0.046, 0.046, 0.046, 0.046, 0.046, 0.047, 0.045, 0.046, 0.045, 0.046, 0.046, 0.046, 0.045, 0.047, 0.045, 0.046, 0.046, 0.046, 0.046, 0.047, 0.046, 0.046, 0.046, 0.047, 0.046, 0.046, 0.046, 0.046, 0.046, 0.046, 0.046, 0.046, 0.046, 0.046, 0.046, 0.046, 0.046, 0.046, 0.045, 0.046, 0.046, 0.047, 0.046, 0.046, 0.046, 0.046, 0.046, 0.045, 0.046, 0.046, 0.046, 0.046, 0.045, 0.046]",0,2,13762560,send_recv,2,2
517,0.043000000000000003,0.044,0.043100000000000006,0.043000000000000003,0.0002999999999999982,"[0.043000000000000003, 0.043000000000000003, 0.043000000000000003, 0.043000000000000003, 0.043000000000000003, 0.043000000000000003, 0.043000000000000003, 0.043000000000000003, 0.044, 0.043000000000000003, 0.043000000000000003, 0.043000000000000003, 0.043000000000000003, 0.043000000000000003, 0.043000000000000003, 0.043000000000000003, 0.043000000000000003, 0.043000000000000003, 0.043000000000000003, 0.043000000000000003, 0.043000000000000003, 0.043000000000000003, 0.043000000000000003, 0.043000000000000003, 0.043000000000000003, 0.043000000000000003, 0.044, 0.043000000000000003, 0.044, 0.044, 0.043000000000000003, 0.043000000000000003, 0.043000000000000003, 0.043000000000000003, 0.043000000000000003, 0.043000000000000003, 0.043000000000000003, 0.043000000000000003, 0.043000000000000003, 0.043000000000000003, 0.043000000000000003, 0.043000000000000003, 0.043000000000000003, 0.043000000000000003, 0.043000000000000003, 0.044, 0.043000000000000003, 0.043000000000000003, 0.043000000000000003, 0.043000000000000003, 0.043000000000000003, 0.043000000000000003, 0.043000000000000003, 0.043000000000000003, 0.043000000000000003, 0.043000000000000003, 0.044, 0.043000000000000003, 0.043000000000000003, 0.043000000000000003]",0,2,13795328,send_recv,2,2
518,0.043000000000000003,0.044,0.04313333333333334,0.043000000000000003,0.00033993463423951693,"[0.043000000000000003, 0.043000000000000003, 0.043000000000000003, 0.043000000000000003, 0.043000000000000003, 0.044, 0.044, 0.043000000000000003, 0.043000000000000003, 0.043000000000000003, 0.043000000000000003, 0.043000000000000003, 0.043000000000000003, 0.043000000000000003, 0.043000000000000003, 0.043000000000000003, 0.043000000000000003, 0.044, 0.043000000000000003, 0.043000000000000003, 0.043000000000000003, 0.043000000000000003, 0.043000000000000003, 0.043000000000000003, 0.043000000000000003, 0.043000000000000003, 0.044, 0.043000000000000003, 0.043000000000000003, 0.044, 0.043000000000000003, 0.043000000000000003, 0.043000000000000003, 0.043000000000000003, 0.043000000000000003, 0.043000000000000003, 0.043000000000000003, 0.043000000000000003, 0.043000000000000003, 0.044, 0.043000000000000003, 0.043000000000000003, 0.043000000000000003, 0.043000000000000003, 0.043000000000000003, 0.043000000000000003, 0.043000000000000003, 0.043000000000000003, 0.043000000000000003, 0.043000000000000003, 0.044, 0.043000000000000003, 0.043000000000000003, 0.043000000000000003, 0.043000000000000003, 0.043000000000000003, 0.043000000000000003, 0.044, 0.043000000000000003, 0.043000000000000003]",0,2,13828096,send_recv,2,2
519,0.043000000000000003,0.044,0.043233333333333346,0.043000000000000003,0.0004229525846816481,"[0.044, 0.043000000000000003, 0.044, 0.044, 0.043000000000000003, 0.043000000000000003, 0.044, 0.043000000000000003, 0.043000000000000003, 0.043000000000000003, 0.043000000000000003, 0.043000000000000003, 0.044, 0.043000000000000003, 0.043000000000000003, 0.044, 0.043000000000000003, 0.043000000000000003, 0.043000000000000003, 0.044, 0.043000000000000003, 0.043000000000000003, 0.043000000000000003, 0.044, 0.043000000000000003, 0.043000000000000003, 0.043000000000000003, 0.043000000000000003, 0.043000000000000003, 0.043000000000000003, 0.043000000000000003, 0.043000000000000003, 0.043000000000000003, 0.043000000000000003, 0.043000000000000003, 0.044, 0.043000000000000003, 0.043000000000000003, 0.043000000000000003, 0.043000000000000003, 0.043000000000000003, 0.043000000000000003, 0.044, 0.043000000000000003, 0.043000000000000003, 0.043000000000000003, 0.044, 0.043000000000000003, 0.043000000000000003, 0.043000000000000003, 0.044, 0.044, 0.043000000000000003, 0.043000000000000003, 0.043000000000000003, 0.043000000000000003, 0.043000000000000003, 0.043000000000000003, 0.043000000000000003, 0.044]",0,2,13860864,send_recv,2,2
520,0.043000000000000003,0.044,0.04345000000000001,0.043000000000000003,0.0004974937185533069,"[0.044, 0.044, 0.043000000000000003, 0.043000000000000003, 0.044, 0.044, 0.043000000000000003, 0.044, 0.043000000000000003, 0.043000000000000003, 0.044, 0.043000000000000003, 0.043000000000000003, 0.043000000000000003, 0.043000000000000003, 0.044, 0.043000000000000003, 0.044, 0.044, 0.044, 0.043000000000000003, 0.043000000000000003, 0.043000000000000003, 0.043000000000000003, 0.043000000000000003, 0.043000000000000003, 0.044, 0.044, 0.044, 0.043000000000000003, 0.043000000000000003, 0.044, 0.043000000000000003, 0.043000000000000003, 0.043000000000000003, 0.044, 0.044, 0.043000000000000003, 0.043000000000000003, 0.044, 0.044, 0.044, 0.044, 0.044, 0.044, 0.043000000000000003, 0.044, 0.043000000000000003, 0.043000000000000003, 0.043000000000000003, 0.043000000000000003, 0.044, 0.043000000000000003, 0.043000000000000003, 0.044, 0.044, 0.044, 0.043000000000000003, 0.043000000000000003, 0.043000000000000003]",0,2,13893632,send_recv,2,2
521,0.043000000000000003,0.044,0.04356666666666666,0.044,0.0004955356249106139,"[0.044, 0.044, 0.044, 0.043000000000000003, 0.044, 0.044, 0.044, 0.044, 0.044, 0.044, 0.043000000000000003, 0.043000000000000003, 0.043000000000000003, 0.044, 0.043000000000000003, 0.043000000000000003, 0.044, 0.044, 0.043000000000000003, 0.043000000000000003, 0.044, 0.044, 0.044, 0.043000000000000003, 0.043000000000000003, 0.044, 0.043000000000000003, 0.043000000000000003, 0.044, 0.044, 0.043000000000000003, 0.044, 0.044, 0.044, 0.044, 0.043000000000000003, 0.044, 0.044, 0.043000000000000003, 0.044, 0.044, 0.043000000000000003, 0.043000000000000003, 0.044, 0.043000000000000003, 0.044, 0.043000000000000003, 0.043000000000000003, 0.044, 0.044, 0.043000000000000003, 0.043000000000000003, 0.044, 0.043000000000000003, 0.043000000000000003, 0.043000000000000003, 0.044, 0.044, 0.043000000000000003, 0.044]",0,2,13926400,send_recv,2,2
522,0.043000000000000003,0.044,0.04371666666666667,0.044,0.0004506168611531897,"[0.043000000000000003, 0.044, 0.044, 0.043000000000000003, 0.044, 0.044, 0.044, 0.044, 0.043000000000000003, 0.044, 0.044, 0.043000000000000003, 0.043000000000000003, 0.044, 0.044, 0.043000000000000003, 0.043000000000000003, 0.044, 0.044, 0.043000000000000003, 0.043000000000000003, 0.044, 0.044, 0.044, 0.044, 0.043000000000000003, 0.044, 0.044, 0.043000000000000003, 0.044, 0.044, 0.044, 0.044, 0.044, 0.044, 0.043000000000000003, 0.044, 0.044, 0.044, 0.044, 0.044, 0.044, 0.044, 0.044, 0.044, 0.044, 0.044, 0.044, 0.043000000000000003, 0.044, 0.044, 0.043000000000000003, 0.043000000000000003, 0.044, 0.044, 0.044, 0.044, 0.043000000000000003, 0.044, 0.043000000000000003]",0,2,13959168,send_recv,2,2
523,0.043000000000000003,0.044,0.043783333333333334,0.044,0.00041197356981027334,"[0.044, 0.043000000000000003, 0.044, 0.044, 0.043000000000000003, 0.043000000000000003, 0.044, 0.044, 0.043000000000000003, 0.043000000000000003, 0.044, 0.043000000000000003, 0.043000000000000003, 0.043000000000000003, 0.044, 0.044, 0.044, 0.044, 0.044, 0.044, 0.044, 0.044, 0.044, 0.044, 0.044, 0.043000000000000003, 0.044, 0.044, 0.044, 0.044, 0.044, 0.044, 0.044, 0.044, 0.044, 0.044, 0.044, 0.043000000000000003, 0.044, 0.044, 0.044, 0.044, 0.044, 0.044, 0.043000000000000003, 0.044, 0.044, 0.044, 0.044, 0.044, 0.044, 0.044, 0.043000000000000003, 0.044, 0.044, 0.044, 0.043000000000000003, 0.044, 0.044, 0.044]",0,2,13991936,send_recv,2,2
524,0.043000000000000003,0.044,0.04388333333333332,0.044,0.00032102267140430186,"[0.044, 0.043000000000000003, 0.044, 0.044, 0.044, 0.044, 0.044, 0.044, 0.044, 0.044, 0.044, 0.043000000000000003, 0.044, 0.044, 0.044, 0.044, 0.044, 0.044, 0.044, 0.044, 0.044, 0.043000000000000003, 0.043000000000000003, 0.044, 0.044, 0.044, 0.044, 0.044, 0.044, 0.043000000000000003, 0.044, 0.044, 0.044, 0.044, 0.044, 0.044, 0.044, 0.044, 0.044, 0.044, 0.044, 0.044, 0.044, 0.044, 0.044, 0.044, 0.043000000000000003, 0.044, 0.044, 0.044, 0.044, 0.044, 0.044, 0.044, 0.044, 0.044, 0.044, 0.044, 0.043000000000000003, 0.044]",0,2,14024704,send_recv,2,2
525,0.043000000000000003,0.044,0.04393333333333333,0.044,0.0002494438257849279,"[0.044, 0.044, 0.044, 0.044, 0.044, 0.044, 0.044, 0.044, 0.044, 0.044, 0.044, 0.044, 0.044, 0.044, 0.044, 0.044, 0.044, 0.044, 0.043000000000000003, 0.044, 0.044, 0.044, 0.044, 0.044, 0.044, 0.044, 0.044, 0.044, 0.044, 0.044, 0.044, 0.043000000000000003, 0.044, 0.044, 0.044, 0.044, 0.044, 0.044, 0.044, 0.044, 0.044, 0.044, 0.044, 0.043000000000000003, 0.044, 0.044, 0.044, 0.044, 0.044, 0.044, 0.044, 0.044, 0.044, 0.044, 0.044, 0.044, 0.044, 0.044, 0.043000000000000003, 0.044]",0,2,14057472,send_recv,2,2
526,0.043000000000000003,0.044,0.04396666666666667,0.044,0.00017950549357114906,"[0.044, 0.044, 0.044, 0.044, 0.044, 0.044, 0.044, 0.044, 0.044, 0.044, 0.044, 0.044, 0.044, 0.044, 0.044, 0.044, 0.044, 0.044, 0.044, 0.044, 0.044, 0.044, 0.044, 0.044, 0.043000000000000003, 0.044, 0.044, 0.044, 0.044, 0.044, 0.044, 0.044, 0.044, 0.044, 0.044, 0.044, 0.044, 0.044, 0.044, 0.044, 0.044, 0.044, 0.044, 0.044, 0.044, 0.044, 0.044, 0.044, 0.044, 0.044, 0.044, 0.044, 0.043000000000000003, 0.044, 0.044, 0.044, 0.044, 0.044, 0.044, 0.044]",0,2,14090240,send_recv,2,2
527,0.043000000000000003,0.045,0.044033333333333334,0.044,0.00025603819159562,"[0.044, 0.044, 0.044, 0.044, 0.044, 0.044, 0.044, 0.044, 0.044, 0.044, 0.044, 0.044, 0.044, 0.044, 0.044, 0.044, 0.044, 0.044, 0.044, 0.045, 0.043000000000000003, 0.044, 0.044, 0.044, 0.044, 0.044, 0.044, 0.044, 0.044, 0.044, 0.044, 0.044, 0.045, 0.044, 0.044, 0.045, 0.044, 0.044, 0.044, 0.044, 0.044, 0.044, 0.044, 0.044, 0.044, 0.044, 0.044, 0.044, 0.044, 0.044, 0.044, 0.044, 0.044, 0.044, 0.044, 0.044, 0.044, 0.044, 0.044, 0.044]",0,2,14123008,send_recv,2,2
528,0.044,0.045,0.044066666666666664,0.044,0.00024944382578492966,"[0.044, 0.044, 0.044, 0.044, 0.044, 0.044, 0.044, 0.044, 0.044, 0.044, 0.044, 0.044, 0.044, 0.044, 0.044, 0.044, 0.044, 0.044, 0.044, 0.044, 0.044, 0.044, 0.044, 0.044, 0.044, 0.044, 0.044, 0.045, 0.044, 0.044, 0.044, 0.044, 0.044, 0.044, 0.044, 0.044, 0.044, 0.044, 0.044, 0.044, 0.044, 0.044, 0.044, 0.045, 0.044, 0.044, 0.044, 0.044, 0.044, 0.044, 0.044, 0.044, 0.045, 0.044, 0.044, 0.044, 0.045, 0.044, 0.044, 0.044]",0,2,14155776,send_recv,2,2
529,0.044,0.045,0.04405,0.044,0.00021794494717703385,"[0.044, 0.044, 0.044, 0.044, 0.045, 0.044, 0.044, 0.044, 0.044, 0.044, 0.044, 0.044, 0.044, 0.044, 0.044, 0.044, 0.044, 0.044, 0.044, 0.044, 0.044, 0.044, 0.044, 0.044, 0.044, 0.044, 0.044, 0.044, 0.044, 0.044, 0.044, 0.044, 0.044, 0.044, 0.044, 0.044, 0.044, 0.044, 0.044, 0.044, 0.044, 0.045, 0.044, 0.044, 0.044, 0.044, 0.044, 0.044, 0.044, 0.044, 0.044, 0.044, 0.044, 0.045, 0.044, 0.044, 0.044, 0.044, 0.044, 0.044]",0,2,14188544,send_recv,2,2
530,0.044,0.045,0.04429999999999999,0.044,0.0004582575694955845,"[0.045, 0.044, 0.044, 0.044, 0.044, 0.045, 0.045, 0.044, 0.044, 0.045, 0.044, 0.044, 0.044, 0.045, 0.044, 0.044, 0.044, 0.045, 0.044, 0.044, 0.045, 0.044, 0.044, 0.044, 0.044, 0.045, 0.045, 0.044, 0.045, 0.044, 0.044, 0.045, 0.045, 0.044, 0.045, 0.044, 0.045, 0.044, 0.044, 0.045, 0.044, 0.044, 0.045, 0.045, 0.044, 0.044, 0.044, 0.044, 0.044, 0.044, 0.045, 0.044, 0.044, 0.044, 0.044, 0.044, 0.044, 0.044, 0.044, 0.044]",0,2,14221312,send_recv,2,2
531,0.044,0.045,0.04441666666666666,0.044,0.0004930066485916352,"[0.044, 0.044, 0.045, 0.044, 0.044, 0.044, 0.045, 0.045, 0.044, 0.044, 0.045, 0.045, 0.044, 0.044, 0.044, 0.045, 0.044, 0.044, 0.045, 0.044, 0.044, 0.044, 0.044, 0.044, 0.044, 0.044, 0.045, 0.044, 0.044, 0.045, 0.045, 0.045, 0.044, 0.044, 0.045, 0.045, 0.045, 0.044, 0.045, 0.045, 0.044, 0.044, 0.045, 0.044, 0.044, 0.044, 0.045, 0.045, 0.044, 0.044, 0.045, 0.045, 0.045, 0.044, 0.045, 0.045, 0.044, 0.044, 0.044, 0.045]",0,2,14254080,send_recv,2,2
532,0.044,0.045,0.044549999999999985,0.045,0.0004974937185533104,"[0.045, 0.045, 0.044, 0.045, 0.045, 0.044, 0.044, 0.045, 0.045, 0.045, 0.044, 0.045, 0.044, 0.045, 0.044, 0.044, 0.044, 0.044, 0.045, 0.045, 0.045, 0.044, 0.044, 0.044, 0.044, 0.045, 0.045, 0.045, 0.045, 0.045, 0.044, 0.045, 0.044, 0.045, 0.044, 0.045, 0.044, 0.044, 0.045, 0.045, 0.045, 0.044, 0.044, 0.045, 0.045, 0.044, 0.044, 0.044, 0.045, 0.044, 0.044, 0.045, 0.045, 0.044, 0.045, 0.045, 0.044, 0.045, 0.045, 0.045]",0,2,14286848,send_recv,2,2
533,0.044,0.045,0.044749999999999984,0.045,0.0004330127018922197,"[0.045, 0.045, 0.045, 0.045, 0.045, 0.045, 0.045, 0.045, 0.045, 0.044, 0.045, 0.045, 0.045, 0.045, 0.044, 0.044, 0.045, 0.044, 0.045, 0.044, 0.044, 0.045, 0.045, 0.044, 0.045, 0.045, 0.045, 0.044, 0.045, 0.045, 0.045, 0.045, 0.044, 0.044, 0.045, 0.044, 0.045, 0.044, 0.045, 0.045, 0.045, 0.045, 0.045, 0.045, 0.045, 0.045, 0.045, 0.045, 0.045, 0.044, 0.045, 0.045, 0.045, 0.045, 0.045, 0.044, 0.044, 0.045, 0.045, 0.045]",0,2,14319616,send_recv,2,2
534,0.044,0.045,0.04479999999999999,0.045,0.0004000000000000004,"[0.045, 0.045, 0.044, 0.045, 0.045, 0.045, 0.045, 0.045, 0.044, 0.045, 0.045, 0.045, 0.044, 0.045, 0.045, 0.045, 0.044, 0.045, 0.045, 0.044, 0.044, 0.045, 0.045, 0.045, 0.045, 0.045, 0.045, 0.045, 0.045, 0.045, 0.045, 0.045, 0.045, 0.045, 0.045, 0.045, 0.045, 0.045, 0.044, 0.045, 0.045, 0.045, 0.045, 0.045, 0.044, 0.045, 0.045, 0.045, 0.044, 0.045, 0.045, 0.045, 0.045, 0.045, 0.045, 0.044, 0.044, 0.045, 0.045, 0.044]",0,2,14352384,send_recv,2,2
535,0.044,0.045,0.04494999999999998,0.045,0.00021794494717703393,"[0.045, 0.045, 0.045, 0.045, 0.045, 0.045, 0.044, 0.045, 0.045, 0.044, 0.045, 0.045, 0.045, 0.045, 0.045, 0.045, 0.045, 0.045, 0.045, 0.045, 0.045, 0.045, 0.045, 0.045, 0.045, 0.045, 0.045, 0.045, 0.045, 0.044, 0.045, 0.045, 0.045, 0.045, 0.045, 0.045, 0.045, 0.045, 0.045, 0.045, 0.045, 0.045, 0.045, 0.045, 0.045, 0.045, 0.045, 0.045, 0.045, 0.045, 0.045, 0.045, 0.045, 0.045, 0.045, 0.045, 0.045, 0.045, 0.045, 0.045]",0,2,14385152,send_recv,2,2
536,0.044,0.046,0.04498333333333333,0.045,0.0002229848026709944,"[0.045, 0.045, 0.045, 0.045, 0.045, 0.045, 0.045, 0.045, 0.045, 0.045, 0.044, 0.045, 0.045, 0.045, 0.045, 0.045, 0.045, 0.045, 0.045, 0.045, 0.045, 0.045, 0.045, 0.045, 0.045, 0.045, 0.045, 0.045, 0.045, 0.045, 0.045, 0.045, 0.045, 0.045, 0.045, 0.045, 0.045, 0.045, 0.045, 0.045, 0.045, 0.045, 0.044, 0.045, 0.045, 0.045, 0.045, 0.045, 0.045, 0.045, 0.045, 0.045, 0.045, 0.045, 0.045, 0.045, 0.045, 0.045, 0.045, 0.046]",0,2,14417920,send_recv,2,2
537,0.044,0.045,0.04493333333333332,0.045,0.00024944382578492966,"[0.045, 0.045, 0.044, 0.045, 0.045, 0.045, 0.045, 0.045, 0.045, 0.045, 0.045, 0.045, 0.045, 0.045, 0.045, 0.045, 0.045, 0.045, 0.045, 0.045, 0.045, 0.045, 0.045, 0.045, 0.045, 0.045, 0.045, 0.045, 0.045, 0.045, 0.045, 0.045, 0.045, 0.045, 0.045, 0.044, 0.045, 0.045, 0.045, 0.045, 0.045, 0.045, 0.045, 0.045, 0.045, 0.045, 0.045, 0.045, 0.045, 0.045, 0.045, 0.045, 0.045, 0.045, 0.045, 0.044, 0.045, 0.045, 0.045, 0.044]",0,2,14450688,send_recv,2,2
538,0.045,0.046,0.045016666666666656,0.045,0.00012801909579781022,"[0.045, 0.045, 0.045, 0.045, 0.045, 0.045, 0.045, 0.045, 0.045, 0.045, 0.045, 0.045, 0.045, 0.045, 0.045, 0.045, 0.045, 0.045, 0.045, 0.045, 0.045, 0.045, 0.045, 0.045, 0.045, 0.045, 0.045, 0.045, 0.045, 0.045, 0.045, 0.045, 0.045, 0.046, 0.045, 0.045, 0.045, 0.045, 0.045, 0.045, 0.045, 0.045, 0.045, 0.045, 0.045, 0.045, 0.045, 0.045, 0.045, 0.045, 0.045, 0.045, 0.045, 0.045, 0.045, 0.045, 0.045, 0.045, 0.045, 0.045]",0,2,14483456,send_recv,2,2
539,0.045,0.046,0.04504999999999999,0.045,0.0002179449471770339,"[0.046, 0.045, 0.045, 0.045, 0.045, 0.045, 0.045, 0.045, 0.046, 0.045, 0.045, 0.045, 0.045, 0.045, 0.045, 0.045, 0.045, 0.045, 0.045, 0.045, 0.046, 0.045, 0.045, 0.045, 0.045, 0.045, 0.045, 0.045, 0.045, 0.045, 0.045, 0.045, 0.045, 0.045, 0.045, 0.045, 0.045, 0.045, 0.045, 0.045, 0.045, 0.045, 0.045, 0.045, 0.045, 0.045, 0.045, 0.045, 0.045, 0.045, 0.045, 0.045, 0.045, 0.045, 0.045, 0.045, 0.045, 0.045, 0.045, 0.045]",0,2,14516224,send_recv,2,2
540,0.045,0.046,0.04503333333333332,0.045,0.0001795054935711503,"[0.045, 0.045, 0.045, 0.045, 0.046, 0.045, 0.045, 0.045, 0.045, 0.045, 0.045, 0.045, 0.045, 0.045, 0.045, 0.045, 0.045, 0.045, 0.045, 0.045, 0.045, 0.045, 0.045, 0.045, 0.045, 0.045, 0.045, 0.045, 0.045, 0.045, 0.045, 0.045, 0.045, 0.045, 0.046, 0.045, 0.045, 0.045, 0.045, 0.045, 0.045, 0.045, 0.045, 0.045, 0.045, 0.045, 0.045, 0.045, 0.045, 0.045, 0.045, 0.045, 0.045, 0.045, 0.045, 0.045, 0.045, 0.045, 0.045, 0.045]",0,2,14548992,send_recv,2,2
541,0.045,0.046,0.04514999999999999,0.045,0.0003570714214271428,"[0.045, 0.046, 0.045, 0.045, 0.045, 0.045, 0.046, 0.045, 0.046, 0.045, 0.045, 0.045, 0.045, 0.045, 0.045, 0.045, 0.045, 0.045, 0.045, 0.045, 0.045, 0.045, 0.045, 0.045, 0.046, 0.045, 0.046, 0.045, 0.046, 0.045, 0.046, 0.045, 0.045, 0.045, 0.045, 0.045, 0.045, 0.045, 0.045, 0.045, 0.045, 0.045, 0.045, 0.045, 0.045, 0.045, 0.045, 0.045, 0.046, 0.045, 0.045, 0.045, 0.045, 0.045, 0.046, 0.045, 0.045, 0.045, 0.045, 0.045]",0,2,14581760,send_recv,2,2
542,0.045,0.046,0.045299999999999986,0.045,0.0004582575694955845,"[0.046, 0.045, 0.045, 0.045, 0.045, 0.046, 0.045, 0.046, 0.046, 0.045, 0.045, 0.046, 0.045, 0.045, 0.046, 0.046, 0.045, 0.046, 0.046, 0.045, 0.045, 0.045, 0.045, 0.045, 0.045, 0.045, 0.045, 0.045, 0.045, 0.046, 0.045, 0.045, 0.045, 0.045, 0.045, 0.045, 0.045, 0.045, 0.045, 0.045, 0.045, 0.045, 0.046, 0.045, 0.045, 0.046, 0.045, 0.045, 0.045, 0.046, 0.045, 0.046, 0.045, 0.045, 0.045, 0.046, 0.046, 0.046, 0.045, 0.046]",0,2,14614528,send_recv,2,2
543,0.045,0.046,0.045266666666666656,0.045,0.0004422166387140537,"[0.045, 0.045, 0.045, 0.046, 0.045, 0.045, 0.045, 0.046, 0.046, 0.045, 0.045, 0.045, 0.046, 0.045, 0.045, 0.045, 0.046, 0.045, 0.045, 0.045, 0.045, 0.045, 0.045, 0.045, 0.045, 0.045, 0.045, 0.046, 0.046, 0.045, 0.045, 0.046, 0.045, 0.045, 0.045, 0.045, 0.045, 0.045, 0.046, 0.046, 0.046, 0.045, 0.045, 0.045, 0.046, 0.045, 0.046, 0.045, 0.046, 0.045, 0.045, 0.046, 0.045, 0.045, 0.045, 0.045, 0.045, 0.045, 0.046, 0.045]",0,2,14647296,send_recv,2,2
544,0.045,0.046,0.04564999999999998,0.046,0.00047696960070847325,"[0.046, 0.045, 0.045, 0.046, 0.046, 0.045, 0.045, 0.046, 0.045, 0.046, 0.045, 0.045, 0.046, 0.046, 0.045, 0.045, 0.046, 0.046, 0.045, 0.046, 0.046, 0.046, 0.046, 0.045, 0.046, 0.045, 0.045, 0.045, 0.046, 0.046, 0.046, 0.046, 0.046, 0.046, 0.045, 0.045, 0.046, 0.046, 0.045, 0.046, 0.045, 0.046, 0.046, 0.045, 0.046, 0.046, 0.046, 0.046, 0.046, 0.046, 0.046, 0.046, 0.046, 0.046, 0.046, 0.046, 0.046, 0.046, 0.045, 0.045]",0,2,14680064,send_recv,2,2
545,0.048,0.049,0.04848333333333332,0.048,0.0004997221450188321,"[0.049, 0.048, 0.048, 0.048, 0.048, 0.049, 0.049, 0.049, 0.049, 0.048, 0.048, 0.048, 0.049, 0.048, 0.049, 0.048, 0.049, 0.049, 0.048, 0.048, 0.049, 0.048, 0.048, 0.049, 0.048, 0.048, 0.048, 0.049, 0.048, 0.049, 0.049, 0.049, 0.048, 0.048, 0.049, 0.048, 0.048, 0.049, 0.048, 0.048, 0.048, 0.048, 0.049, 0.048, 0.048, 0.049, 0.049, 0.049, 0.049, 0.048, 0.049, 0.049, 0.049, 0.049, 0.048, 0.048, 0.048, 0.049, 0.049, 0.049]",0,2,14712832,send_recv,2,2
546,0.048,0.049,0.0484,0.048,0.000489897948556636,"[0.048, 0.049, 0.048, 0.048, 0.048, 0.049, 0.048, 0.048, 0.048, 0.048, 0.048, 0.049, 0.048, 0.049, 0.048, 0.049, 0.048, 0.049, 0.049, 0.049, 0.048, 0.049, 0.048, 0.048, 0.048, 0.049, 0.048, 0.048, 0.048, 0.049, 0.048, 0.048, 0.049, 0.049, 0.048, 0.049, 0.048, 0.049, 0.048, 0.049, 0.048, 0.049, 0.048, 0.049, 0.048, 0.048, 0.048, 0.049, 0.048, 0.048, 0.048, 0.049, 0.048, 0.049, 0.048, 0.049, 0.048, 0.048, 0.049, 0.049]",0,2,14745600,send_recv,2,2
547,0.045,0.047,0.045833333333333316,0.046,0.0004149966532662915,"[0.047, 0.045, 0.046, 0.046, 0.046, 0.046, 0.046, 0.046, 0.046, 0.045, 0.046, 0.046, 0.045, 0.046, 0.046, 0.046, 0.046, 0.046, 0.046, 0.046, 0.045, 0.046, 0.046, 0.046, 0.046, 0.046, 0.046, 0.046, 0.046, 0.045, 0.046, 0.046, 0.046, 0.045, 0.046, 0.046, 0.046, 0.045, 0.046, 0.046, 0.045, 0.045, 0.046, 0.046, 0.045, 0.046, 0.046, 0.046, 0.046, 0.046, 0.046, 0.046, 0.046, 0.046, 0.046, 0.046, 0.046, 0.046, 0.046, 0.045]",0,2,14778368,send_recv,2,2
548,0.045,0.046,0.04593333333333331,0.046,0.00024944382578492966,"[0.046, 0.046, 0.046, 0.046, 0.046, 0.046, 0.046, 0.046, 0.046, 0.046, 0.046, 0.046, 0.046, 0.046, 0.045, 0.046, 0.046, 0.046, 0.046, 0.046, 0.046, 0.046, 0.046, 0.046, 0.046, 0.046, 0.046, 0.046, 0.046, 0.046, 0.046, 0.046, 0.046, 0.046, 0.046, 0.046, 0.046, 0.046, 0.046, 0.046, 0.046, 0.046, 0.046, 0.046, 0.046, 0.046, 0.046, 0.046, 0.046, 0.045, 0.046, 0.046, 0.046, 0.045, 0.046, 0.046, 0.046, 0.046, 0.045, 0.046]",0,2,14811136,send_recv,2,2
549,0.046,0.047,0.04601666666666664,0.046,0.00012801909579781025,"[0.046, 0.046, 0.046, 0.046, 0.046, 0.046, 0.046, 0.046, 0.046, 0.046, 0.046, 0.046, 0.046, 0.046, 0.046, 0.046, 0.046, 0.046, 0.046, 0.046, 0.046, 0.046, 0.046, 0.046, 0.046, 0.046, 0.046, 0.046, 0.046, 0.046, 0.046, 0.046, 0.046, 0.046, 0.047, 0.046, 0.046, 0.046, 0.046, 0.046, 0.046, 0.046, 0.046, 0.046, 0.046, 0.046, 0.046, 0.046, 0.046, 0.046, 0.046, 0.046, 0.046, 0.046, 0.046, 0.046, 0.046, 0.046, 0.046, 0.046]",0,2,14843904,send_recv,2,2
550,0.046,0.047,0.046083333333333316,0.046,0.00027638539919628365,"[0.047, 0.046, 0.046, 0.046, 0.046, 0.046, 0.046, 0.046, 0.046, 0.046, 0.046, 0.046, 0.046, 0.046, 0.046, 0.046, 0.046, 0.046, 0.046, 0.047, 0.046, 0.046, 0.046, 0.046, 0.046, 0.046, 0.046, 0.046, 0.046, 0.046, 0.046, 0.046, 0.046, 0.046, 0.047, 0.047, 0.046, 0.046, 0.046, 0.046, 0.046, 0.046, 0.046, 0.046, 0.046, 0.046, 0.046, 0.046, 0.046, 0.046, 0.046, 0.046, 0.046, 0.047, 0.046, 0.046, 0.046, 0.046, 0.046, 0.046]",0,2,14876672,send_recv,2,2
551,0.046,0.047,0.04611666666666666,0.046,0.00032102267140430397,"[0.047, 0.046, 0.046, 0.046, 0.046, 0.046, 0.046, 0.046, 0.046, 0.046, 0.046, 0.046, 0.046, 0.046, 0.047, 0.046, 0.046, 0.046, 0.046, 0.046, 0.046, 0.046, 0.046, 0.047, 0.046, 0.046, 0.046, 0.046, 0.046, 0.046, 0.047, 0.046, 0.046, 0.046, 0.046, 0.046, 0.046, 0.046, 0.046, 0.046, 0.046, 0.046, 0.046, 0.046, 0.046, 0.046, 0.047, 0.046, 0.046, 0.046, 0.047, 0.046, 0.046, 0.046, 0.046, 0.046, 0.046, 0.046, 0.047, 0.046]",0,2,14909440,send_recv,2,2
552,0.046,0.047,0.04614999999999998,0.046,0.0003570714214271428,"[0.046, 0.046, 0.046, 0.047, 0.046, 0.046, 0.046, 0.047, 0.046, 0.047, 0.046, 0.046, 0.046, 0.046, 0.046, 0.046, 0.046, 0.046, 0.046, 0.046, 0.046, 0.046, 0.046, 0.046, 0.047, 0.046, 0.046, 0.046, 0.046, 0.046, 0.047, 0.046, 0.047, 0.046, 0.046, 0.046, 0.046, 0.046, 0.046, 0.046, 0.046, 0.046, 0.046, 0.046, 0.046, 0.046, 0.046, 0.047, 0.046, 0.046, 0.046, 0.046, 0.047, 0.047, 0.046, 0.046, 0.046, 0.046, 0.046, 0.046]",0,2,14942208,send_recv,2,2
553,0.046,0.047,0.046383333333333325,0.046,0.00048619840486049454,"[0.047, 0.047, 0.046, 0.046, 0.047, 0.046, 0.046, 0.047, 0.046, 0.047, 0.046, 0.046, 0.047, 0.047, 0.046, 0.046, 0.046, 0.047, 0.046, 0.046, 0.047, 0.046, 0.046, 0.047, 0.047, 0.046, 0.046, 0.046, 0.046, 0.046, 0.046, 0.046, 0.047, 0.046, 0.047, 0.046, 0.047, 0.046, 0.046, 0.046, 0.047, 0.046, 0.047, 0.046, 0.047, 0.046, 0.046, 0.046, 0.046, 0.047, 0.046, 0.047, 0.047, 0.047, 0.047, 0.046, 0.046, 0.047, 0.046, 0.046]",0,2,14974976,send_recv,2,2
554,0.046,0.047,0.04639999999999998,0.046,0.000489897948556636,"[0.047, 0.047, 0.046, 0.046, 0.046, 0.047, 0.046, 0.046, 0.046, 0.047, 0.047, 0.046, 0.046, 0.047, 0.047, 0.046, 0.046, 0.047, 0.047, 0.047, 0.046, 0.046, 0.047, 0.046, 0.046, 0.047, 0.047, 0.046, 0.046, 0.047, 0.046, 0.047, 0.046, 0.046, 0.046, 0.047, 0.046, 0.047, 0.046, 0.046, 0.046, 0.047, 0.047, 0.046, 0.046, 0.047, 0.047, 0.046, 0.046, 0.046, 0.047, 0.046, 0.046, 0.047, 0.046, 0.046, 0.046, 0.047, 0.046, 0.046]",0,2,15007744,send_recv,2,2
555,0.046,0.047,0.04649999999999999,0.0465,0.0005000000000000006,"[0.047, 0.046, 0.047, 0.046, 0.046, 0.046, 0.047, 0.046, 0.046, 0.046, 0.047, 0.047, 0.047, 0.046, 0.047, 0.047, 0.047, 0.046, 0.047, 0.046, 0.046, 0.047, 0.047, 0.047, 0.046, 0.046, 0.046, 0.047, 0.046, 0.047, 0.047, 0.047, 0.046, 0.046, 0.047, 0.047, 0.046, 0.046, 0.047, 0.046, 0.046, 0.046, 0.047, 0.046, 0.046, 0.046, 0.047, 0.047, 0.046, 0.046, 0.047, 0.047, 0.046, 0.047, 0.047, 0.047, 0.047, 0.046, 0.047, 0.046]",0,2,15040512,send_recv,2,2
556,0.046,0.047,0.04671666666666666,0.047,0.0004506168611531929,"[0.046, 0.047, 0.046, 0.047, 0.047, 0.046, 0.046, 0.047, 0.047, 0.046, 0.047, 0.047, 0.047, 0.047, 0.047, 0.047, 0.047, 0.046, 0.047, 0.047, 0.047, 0.047, 0.046, 0.047, 0.047, 0.046, 0.047, 0.047, 0.047, 0.046, 0.047, 0.047, 0.046, 0.046, 0.046, 0.047, 0.047, 0.047, 0.046, 0.047, 0.047, 0.046, 0.047, 0.047, 0.047, 0.046, 0.047, 0.047, 0.047, 0.047, 0.047, 0.047, 0.047, 0.047, 0.046, 0.047, 0.047, 0.046, 0.047, 0.047]",0,2,15073280,send_recv,2,2
557,0.046,0.047,0.046833333333333345,0.047,0.00037267799624996525,"[0.047, 0.047, 0.047, 0.046, 0.047, 0.047, 0.046, 0.046, 0.047, 0.047, 0.047, 0.046, 0.047, 0.047, 0.047, 0.046, 0.047, 0.047, 0.047, 0.046, 0.047, 0.047, 0.047, 0.046, 0.047, 0.047, 0.047, 0.046, 0.047, 0.047, 0.047, 0.047, 0.047, 0.047, 0.047, 0.046, 0.047, 0.047, 0.047, 0.047, 0.047, 0.047, 0.047, 0.046, 0.047, 0.047, 0.047, 0.047, 0.047, 0.047, 0.047, 0.047, 0.047, 0.047, 0.047, 0.047, 0.047, 0.047, 0.047, 0.047]",0,2,15106048,send_recv,2,2
558,0.046,0.047,0.046883333333333325,0.047,0.000321022671404304,"[0.047, 0.047, 0.047, 0.047, 0.047, 0.047, 0.047, 0.047, 0.047, 0.047, 0.047, 0.047, 0.047, 0.047, 0.047, 0.047, 0.046, 0.047, 0.047, 0.047, 0.046, 0.047, 0.047, 0.047, 0.047, 0.047, 0.047, 0.047, 0.047, 0.047, 0.047, 0.047, 0.047, 0.047, 0.047, 0.046, 0.047, 0.047, 0.047, 0.047, 0.046, 0.047, 0.047, 0.046, 0.047, 0.047, 0.047, 0.047, 0.047, 0.047, 0.047, 0.047, 0.047, 0.047, 0.047, 0.046, 0.047, 0.047, 0.047, 0.046]",0,2,15138816,send_recv,2,2
559,0.046,0.048,0.04698333333333334,0.047,0.0003411581581743123,"[0.048, 0.047, 0.047, 0.047, 0.047, 0.047, 0.048, 0.047, 0.047, 0.047, 0.047, 0.047, 0.047, 0.047, 0.047, 0.047, 0.046, 0.046, 0.047, 0.047, 0.047, 0.047, 0.047, 0.047, 0.046, 0.047, 0.048, 0.047, 0.047, 0.047, 0.047, 0.047, 0.047, 0.047, 0.047, 0.047, 0.047, 0.047, 0.047, 0.047, 0.047, 0.047, 0.047, 0.047, 0.046, 0.047, 0.047, 0.047, 0.047, 0.047, 0.047, 0.047, 0.047, 0.047, 0.047, 0.047, 0.047, 0.047, 0.047, 0.047]",0,2,15171584,send_recv,2,2
560,0.046,0.048,0.04700000000000001,0.047,0.0002581988897471614,"[0.047, 0.047, 0.047, 0.047, 0.047, 0.047, 0.047, 0.047, 0.047, 0.047, 0.046, 0.047, 0.047, 0.047, 0.047, 0.047, 0.047, 0.047, 0.047, 0.048, 0.047, 0.047, 0.047, 0.047, 0.047, 0.047, 0.047, 0.047, 0.047, 0.047, 0.046, 0.047, 0.047, 0.047, 0.047, 0.047, 0.047, 0.047, 0.047, 0.047, 0.047, 0.047, 0.047, 0.047, 0.047, 0.047, 0.047, 0.047, 0.047, 0.047, 0.047, 0.047, 0.047, 0.047, 0.047, 0.047, 0.047, 0.047, 0.047, 0.048]",0,2,15204352,send_recv,2,2
561,0.047,0.048,0.04703333333333334,0.047,0.00017950549357115028,"[0.047, 0.047, 0.047, 0.047, 0.047, 0.047, 0.047, 0.047, 0.047, 0.047, 0.047, 0.047, 0.047, 0.047, 0.047, 0.047, 0.048, 0.047, 0.047, 0.047, 0.047, 0.047, 0.047, 0.047, 0.047, 0.047, 0.047, 0.047, 0.047, 0.047, 0.047, 0.047, 0.047, 0.047, 0.047, 0.047, 0.047, 0.047, 0.047, 0.047, 0.047, 0.047, 0.047, 0.047, 0.047, 0.047, 0.047, 0.047, 0.047, 0.047, 0.047, 0.047, 0.047, 0.047, 0.047, 0.047, 0.048, 0.047, 0.047, 0.047]",0,2,15237120,send_recv,2,2
562,0.047,0.048,0.04705,0.047,0.00021794494717703385,"[0.047, 0.047, 0.047, 0.047, 0.047, 0.047, 0.047, 0.047, 0.047, 0.047, 0.047, 0.047, 0.047, 0.047, 0.047, 0.047, 0.047, 0.047, 0.047, 0.047, 0.047, 0.048, 0.047, 0.047, 0.047, 0.047, 0.047, 0.047, 0.047, 0.047, 0.047, 0.047, 0.047, 0.047, 0.047, 0.047, 0.047, 0.047, 0.047, 0.047, 0.047, 0.047, 0.047, 0.048, 0.047, 0.047, 0.047, 0.047, 0.047, 0.047, 0.047, 0.047, 0.047, 0.047, 0.047, 0.047, 0.047, 0.048, 0.047, 0.047]",0,2,15269888,send_recv,2,2
563,0.047,0.048,0.04716666666666667,0.047,0.0003726779962499653,"[0.048, 0.047, 0.047, 0.048, 0.047, 0.047, 0.047, 0.047, 0.047, 0.047, 0.047, 0.047, 0.047, 0.047, 0.048, 0.047, 0.047, 0.047, 0.047, 0.047, 0.047, 0.047, 0.047, 0.048, 0.047, 0.047, 0.047, 0.047, 0.047, 0.047, 0.047, 0.048, 0.047, 0.047, 0.047, 0.047, 0.048, 0.047, 0.047, 0.047, 0.047, 0.047, 0.047, 0.047, 0.047, 0.047, 0.047, 0.047, 0.048, 0.048, 0.047, 0.047, 0.047, 0.047, 0.048, 0.048, 0.047, 0.047, 0.047, 0.047]",0,2,15302656,send_recv,2,2
564,0.047,0.048,0.04735,0.047,0.00047696960070847325,"[0.048, 0.048, 0.047, 0.048, 0.048, 0.047, 0.047, 0.048, 0.047, 0.047, 0.047, 0.048, 0.048, 0.047, 0.047, 0.048, 0.048, 0.047, 0.047, 0.048, 0.048, 0.047, 0.047, 0.047, 0.047, 0.047, 0.047, 0.048, 0.047, 0.047, 0.047, 0.048, 0.047, 0.047, 0.047, 0.048, 0.048, 0.047, 0.047, 0.048, 0.047, 0.047, 0.047, 0.048, 0.047, 0.047, 0.047, 0.047, 0.048, 0.047, 0.047, 0.047, 0.047, 0.048, 0.047, 0.047, 0.047, 0.047, 0.048, 0.048]",0,2,15335424,send_recv,2,2
565,0.047,0.048,0.04738333333333334,0.047,0.0004861984048604945,"[0.048, 0.048, 0.048, 0.047, 0.047, 0.047, 0.047, 0.047, 0.048, 0.047, 0.047, 0.048, 0.047, 0.048, 0.047, 0.047, 0.047, 0.047, 0.047, 0.047, 0.048, 0.048, 0.047, 0.047, 0.048, 0.048, 0.047, 0.047, 0.047, 0.048, 0.047, 0.047, 0.048, 0.048, 0.047, 0.048, 0.048, 0.047, 0.047, 0.047, 0.048, 0.047, 0.047, 0.048, 0.048, 0.047, 0.047, 0.047, 0.047, 0.048, 0.048, 0.047, 0.048, 0.047, 0.048, 0.047, 0.047, 0.048, 0.047, 0.047]",0,2,15368192,send_recv,2,2
566,0.047,0.048,0.04753333333333333,0.048,0.0004988876515698593,"[0.047, 0.048, 0.048, 0.047, 0.047, 0.048, 0.048, 0.047, 0.047, 0.048, 0.048, 0.047, 0.048, 0.048, 0.047, 0.047, 0.047, 0.048, 0.048, 0.047, 0.047, 0.047, 0.048, 0.047, 0.047, 0.048, 0.048, 0.047, 0.047, 0.048, 0.048, 0.047, 0.048, 0.048, 0.047, 0.047, 0.048, 0.047, 0.048, 0.048, 0.048, 0.048, 0.048, 0.047, 0.047, 0.048, 0.048, 0.047, 0.048, 0.048, 0.048, 0.048, 0.048, 0.048, 0.047, 0.047, 0.047, 0.047, 0.048, 0.047]",0,2,15400960,send_recv,2,2
567,0.047,0.048,0.0476,0.048,0.0004898979485566361,"[0.047, 0.047, 0.048, 0.048, 0.047, 0.048, 0.048, 0.048, 0.048, 0.048, 0.048, 0.047, 0.048, 0.048, 0.048, 0.048, 0.047, 0.047, 0.048, 0.048, 0.047, 0.048, 0.048, 0.047, 0.048, 0.048, 0.047, 0.048, 0.047, 0.047, 0.048, 0.048, 0.047, 0.047, 0.048, 0.048, 0.048, 0.048, 0.048, 0.048, 0.047, 0.047, 0.048, 0.047, 0.047, 0.047, 0.048, 0.048, 0.047, 0.047, 0.048, 0.047, 0.047, 0.047, 0.048, 0.048, 0.048, 0.047, 0.048, 0.048]",0,2,15433728,send_recv,2,2
568,0.047,0.048,0.04778333333333333,0.048,0.00041197356981027627,"[0.048, 0.048, 0.048, 0.048, 0.048, 0.047, 0.047, 0.048, 0.048, 0.047, 0.047, 0.048, 0.048, 0.047, 0.048, 0.048, 0.048, 0.047, 0.048, 0.048, 0.048, 0.047, 0.047, 0.048, 0.048, 0.048, 0.047, 0.047, 0.048, 0.047, 0.048, 0.048, 0.048, 0.048, 0.048, 0.048, 0.048, 0.048, 0.048, 0.048, 0.048, 0.048, 0.048, 0.048, 0.048, 0.048, 0.048, 0.048, 0.048, 0.047, 0.048, 0.048, 0.048, 0.047, 0.048, 0.048, 0.048, 0.048, 0.048, 0.048]",0,2,15466496,send_recv,2,2
569,0.047,0.049,0.04795,0.048,0.00028431203515386663,"[0.048, 0.048, 0.048, 0.048, 0.048, 0.048, 0.048, 0.048, 0.048, 0.048, 0.048, 0.048, 0.048, 0.048, 0.048, 0.048, 0.048, 0.048, 0.048, 0.048, 0.048, 0.048, 0.048, 0.048, 0.048, 0.048, 0.047, 0.047, 0.048, 0.048, 0.048, 0.048, 0.048, 0.048, 0.048, 0.048, 0.048, 0.048, 0.048, 0.048, 0.048, 0.048, 0.047, 0.048, 0.048, 0.048, 0.048, 0.048, 0.048, 0.048, 0.048, 0.048, 0.049, 0.048, 0.048, 0.048, 0.048, 0.048, 0.047, 0.048]",0,2,15499264,send_recv,2,2
570,0.047,0.048,0.04796666666666667,0.048,0.0001795054935711503,"[0.048, 0.048, 0.048, 0.048, 0.048, 0.048, 0.048, 0.048, 0.048, 0.048, 0.048, 0.048, 0.048, 0.048, 0.048, 0.048, 0.048, 0.048, 0.048, 0.047, 0.048, 0.048, 0.048, 0.048, 0.048, 0.048, 0.048, 0.048, 0.048, 0.048, 0.048, 0.048, 0.048, 0.048, 0.048, 0.048, 0.048, 0.048, 0.048, 0.048, 0.048, 0.048, 0.048, 0.048, 0.048, 0.048, 0.048, 0.048, 0.048, 0.048, 0.048, 0.048, 0.048, 0.048, 0.048, 0.048, 0.048, 0.048, 0.048, 0.047]",0,2,15532032,send_recv,2,2
571,0.047,0.049,0.048,0.048,0.0002581988897471614,"[0.049, 0.048, 0.048, 0.048, 0.048, 0.048, 0.048, 0.049, 0.048, 0.048, 0.048, 0.048, 0.048, 0.048, 0.048, 0.048, 0.048, 0.048, 0.048, 0.048, 0.048, 0.048, 0.048, 0.048, 0.048, 0.048, 0.048, 0.048, 0.047, 0.048, 0.048, 0.048, 0.048, 0.048, 0.048, 0.048, 0.048, 0.048, 0.048, 0.048, 0.048, 0.048, 0.048, 0.048, 0.047, 0.048, 0.048, 0.048, 0.048, 0.048, 0.048, 0.048, 0.048, 0.048, 0.048, 0.048, 0.048, 0.048, 0.048, 0.048]",0,2,15564800,send_recv,2,2
572,0.047,0.049,0.048016666666666666,0.048,0.00022298480267099441,"[0.049, 0.048, 0.048, 0.048, 0.048, 0.048, 0.048, 0.048, 0.048, 0.048, 0.048, 0.048, 0.048, 0.048, 0.048, 0.048, 0.048, 0.048, 0.048, 0.048, 0.048, 0.048, 0.048, 0.048, 0.049, 0.048, 0.048, 0.048, 0.048, 0.048, 0.048, 0.048, 0.048, 0.048, 0.048, 0.048, 0.048, 0.048, 0.048, 0.048, 0.048, 0.048, 0.048, 0.048, 0.048, 0.048, 0.048, 0.048, 0.048, 0.048, 0.048, 0.048, 0.048, 0.048, 0.048, 0.048, 0.048, 0.047, 0.048, 0.048]",0,2,15597568,send_recv,2,2
573,0.048,0.049,0.048100000000000004,0.048,0.00030000000000000024,"[0.049, 0.049, 0.048, 0.048, 0.048, 0.048, 0.049, 0.048, 0.048, 0.048, 0.049, 0.048, 0.048, 0.048, 0.048, 0.048, 0.048, 0.048, 0.048, 0.048, 0.048, 0.048, 0.048, 0.048, 0.048, 0.048, 0.048, 0.049, 0.048, 0.048, 0.048, 0.048, 0.048, 0.048, 0.048, 0.048, 0.048, 0.048, 0.048, 0.048, 0.048, 0.048, 0.048, 0.048, 0.048, 0.049, 0.048, 0.048, 0.048, 0.048, 0.048, 0.048, 0.048, 0.048, 0.048, 0.048, 0.048, 0.048, 0.048, 0.048]",0,2,15630336,send_recv,2,2
574,0.048,0.049,0.04828333333333333,0.048,0.00045061686115319285,"[0.049, 0.049, 0.049, 0.048, 0.048, 0.048, 0.048, 0.048, 0.048, 0.049, 0.048, 0.048, 0.048, 0.049, 0.048, 0.048, 0.048, 0.048, 0.048, 0.048, 0.048, 0.049, 0.049, 0.048, 0.048, 0.049, 0.049, 0.048, 0.048, 0.048, 0.048, 0.048, 0.048, 0.049, 0.048, 0.049, 0.048, 0.048, 0.048, 0.048, 0.048, 0.048, 0.049, 0.049, 0.048, 0.049, 0.048, 0.048, 0.048, 0.049, 0.048, 0.048, 0.048, 0.048, 0.049, 0.048, 0.048, 0.048, 0.049, 0.048]",0,2,15663104,send_recv,2,2
575,0.048,0.05,0.04836666666666666,0.048,0.0005153208277913439,"[0.049, 0.048, 0.048, 0.049, 0.048, 0.048, 0.049, 0.048, 0.048, 0.048, 0.049, 0.049, 0.048, 0.048, 0.049, 0.049, 0.048, 0.048, 0.048, 0.048, 0.048, 0.048, 0.049, 0.049, 0.048, 0.048, 0.049, 0.048, 0.048, 0.048, 0.049, 0.049, 0.05, 0.048, 0.049, 0.048, 0.048, 0.048, 0.049, 0.049, 0.048, 0.048, 0.049, 0.048, 0.048, 0.048, 0.049, 0.049, 0.048, 0.048, 0.048, 0.048, 0.048, 0.048, 0.048, 0.049, 0.048, 0.048, 0.048, 0.049]",0,2,15695872,send_recv,2,2
576,0.048,0.049,0.048549999999999996,0.049,0.0004974937185533104,"[0.049, 0.048, 0.049, 0.049, 0.048, 0.048, 0.049, 0.049, 0.048, 0.048, 0.049, 0.049, 0.049, 0.048, 0.049, 0.048, 0.048, 0.048, 0.048, 0.049, 0.049, 0.048, 0.048, 0.049, 0.049, 0.048, 0.049, 0.049, 0.049, 0.049, 0.048, 0.048, 0.049, 0.048, 0.048, 0.049, 0.049, 0.048, 0.048, 0.049, 0.049, 0.048, 0.048, 0.049, 0.049, 0.049, 0.048, 0.049, 0.049, 0.048, 0.048, 0.049, 0.049, 0.049, 0.048, 0.049, 0.049, 0.048, 0.048, 0.049]",0,2,15728640,send_recv,2,2
577,0.048,0.049,0.048266666666666666,0.048,0.0004422166387140537,"[0.048, 0.049, 0.048, 0.048, 0.048, 0.049, 0.048, 0.048, 0.049, 0.049, 0.048, 0.048, 0.048, 0.048, 0.048, 0.048, 0.049, 0.048, 0.048, 0.048, 0.049, 0.048, 0.049, 0.048, 0.049, 0.048, 0.049, 0.048, 0.049, 0.048, 0.048, 0.048, 0.048, 0.049, 0.048, 0.048, 0.048, 0.049, 0.048, 0.048, 0.048, 0.048, 0.049, 0.049, 0.048, 0.048, 0.048, 0.048, 0.049, 0.048, 0.048, 0.048, 0.049, 0.048, 0.048, 0.048, 0.048, 0.048, 0.048, 0.048]",0,2,15761408,send_recv,2,2
578,0.048,0.049,0.04831666666666666,0.048,0.0004651761912317625,"[0.049, 0.049, 0.049, 0.048, 0.048, 0.048, 0.048, 0.049, 0.048, 0.048, 0.048, 0.049, 0.048, 0.049, 0.048, 0.049, 0.048, 0.048, 0.048, 0.048, 0.048, 0.049, 0.048, 0.048, 0.048, 0.048, 0.049, 0.049, 0.048, 0.049, 0.049, 0.048, 0.048, 0.048, 0.048, 0.048, 0.048, 0.048, 0.048, 0.048, 0.048, 0.048, 0.049, 0.048, 0.049, 0.048, 0.048, 0.048, 0.048, 0.048, 0.049, 0.048, 0.049, 0.049, 0.048, 0.049, 0.048, 0.049, 0.048, 0.048]",0,2,15794176,send_recv,2,2
579,0.048,0.049,0.048499999999999995,0.0485,0.0005000000000000004,"[0.048, 0.048, 0.048, 0.049, 0.048, 0.048, 0.049, 0.048, 0.049, 0.048, 0.049, 0.048, 0.048, 0.048, 0.049, 0.048, 0.049, 0.048, 0.048, 0.049, 0.049, 0.049, 0.049, 0.048, 0.049, 0.048, 0.048, 0.049, 0.049, 0.048, 0.049, 0.049, 0.048, 0.049, 0.049, 0.049, 0.048, 0.048, 0.049, 0.048, 0.049, 0.048, 0.049, 0.049, 0.049, 0.048, 0.049, 0.049, 0.048, 0.048, 0.049, 0.048, 0.048, 0.048, 0.048, 0.049, 0.049, 0.048, 0.049, 0.049]",0,2,15826944,send_recv,2,2
580,0.048,0.049,0.048549999999999996,0.049,0.0004974937185533104,"[0.049, 0.049, 0.048, 0.049, 0.049, 0.048, 0.048, 0.049, 0.049, 0.048, 0.048, 0.049, 0.049, 0.048, 0.048, 0.049, 0.049, 0.048, 0.048, 0.049, 0.049, 0.048, 0.048, 0.048, 0.049, 0.048, 0.048, 0.049, 0.049, 0.048, 0.048, 0.049, 0.049, 0.048, 0.048, 0.049, 0.049, 0.048, 0.048, 0.049, 0.049, 0.048, 0.048, 0.049, 0.048, 0.049, 0.048, 0.049, 0.049, 0.048, 0.048, 0.049, 0.049, 0.049, 0.049, 0.049, 0.049, 0.049, 0.049, 0.048]",0,2,15859712,send_recv,2,2
581,0.048,0.05,0.04879999999999999,0.049,0.00043969686527576434,"[0.049, 0.049, 0.049, 0.048, 0.049, 0.049, 0.048, 0.048, 0.049, 0.049, 0.049, 0.049, 0.049, 0.049, 0.049, 0.049, 0.049, 0.049, 0.049, 0.049, 0.049, 0.049, 0.049, 0.048, 0.049, 0.049, 0.049, 0.048, 0.049, 0.049, 0.049, 0.049, 0.048, 0.049, 0.049, 0.048, 0.049, 0.049, 0.049, 0.049, 0.049, 0.049, 0.048, 0.048, 0.049, 0.049, 0.048, 0.048, 0.049, 0.049, 0.049, 0.048, 0.05, 0.049, 0.049, 0.049, 0.048, 0.049, 0.049, 0.049]",0,2,15892480,send_recv,2,2
582,0.048,0.049,0.04873333333333333,0.049,0.0004422166387140537,"[0.049, 0.049, 0.049, 0.049, 0.048, 0.049, 0.049, 0.049, 0.048, 0.049, 0.048, 0.049, 0.048, 0.049, 0.049, 0.049, 0.049, 0.049, 0.049, 0.048, 0.048, 0.049, 0.049, 0.049, 0.049, 0.049, 0.049, 0.049, 0.048, 0.049, 0.049, 0.049, 0.049, 0.049, 0.049, 0.049, 0.048, 0.049, 0.048, 0.048, 0.048, 0.049, 0.049, 0.049, 0.048, 0.049, 0.049, 0.048, 0.049, 0.049, 0.049, 0.048, 0.049, 0.049, 0.049, 0.048, 0.049, 0.049, 0.049, 0.048]",0,2,15925248,send_recv,2,2
583,0.048,0.05,0.04898333333333333,0.049,0.00022298480267099441,"[0.05, 0.048, 0.049, 0.049, 0.049, 0.049, 0.049, 0.049, 0.049, 0.049, 0.049, 0.049, 0.049, 0.049, 0.049, 0.049, 0.049, 0.049, 0.049, 0.049, 0.049, 0.049, 0.049, 0.049, 0.049, 0.049, 0.049, 0.049, 0.049, 0.049, 0.049, 0.049, 0.049, 0.049, 0.049, 0.049, 0.049, 0.049, 0.049, 0.049, 0.049, 0.049, 0.049, 0.049, 0.049, 0.049, 0.049, 0.049, 0.049, 0.049, 0.049, 0.049, 0.049, 0.048, 0.049, 0.049, 0.049, 0.049, 0.049, 0.049]",0,2,15958016,send_recv,2,2
584,0.048,0.05,0.048983333333333316,0.049,0.00028819360776317666,"[0.049, 0.049, 0.049, 0.049, 0.049, 0.049, 0.049, 0.049, 0.049, 0.049, 0.049, 0.049, 0.049, 0.049, 0.049, 0.049, 0.049, 0.049, 0.049, 0.049, 0.049, 0.049, 0.049, 0.049, 0.049, 0.049, 0.049, 0.049, 0.049, 0.049, 0.049, 0.049, 0.049, 0.048, 0.049, 0.049, 0.049, 0.049, 0.049, 0.049, 0.049, 0.049, 0.049, 0.049, 0.049, 0.049, 0.048, 0.05, 0.049, 0.048, 0.049, 0.049, 0.049, 0.049, 0.049, 0.05, 0.049, 0.049, 0.049, 0.049]",0,2,15990784,send_recv,2,2
585,0.048,0.05,0.049033333333333325,0.049,0.00031446603773522045,"[0.05, 0.049, 0.049, 0.049, 0.049, 0.049, 0.049, 0.049, 0.049, 0.05, 0.049, 0.049, 0.05, 0.049, 0.049, 0.049, 0.049, 0.049, 0.049, 0.049, 0.049, 0.049, 0.049, 0.049, 0.049, 0.049, 0.049, 0.049, 0.05, 0.049, 0.048, 0.049, 0.049, 0.049, 0.049, 0.049, 0.049, 0.049, 0.049, 0.049, 0.049, 0.049, 0.048, 0.049, 0.049, 0.049, 0.049, 0.049, 0.049, 0.049, 0.049, 0.049, 0.049, 0.049, 0.049, 0.049, 0.049, 0.049, 0.049, 0.049]",0,2,16023552,send_recv,2,2
586,0.049,0.05,0.049083333333333326,0.049,0.0002763853991962836,"[0.049, 0.049, 0.049, 0.049, 0.049, 0.049, 0.049, 0.049, 0.049, 0.049, 0.049, 0.049, 0.049, 0.05, 0.049, 0.049, 0.049, 0.05, 0.049, 0.049, 0.049, 0.049, 0.049, 0.049, 0.049, 0.049, 0.049, 0.049, 0.049, 0.049, 0.049, 0.049, 0.049, 0.049, 0.049, 0.049, 0.049, 0.049, 0.049, 0.049, 0.049, 0.05, 0.049, 0.049, 0.049, 0.049, 0.049, 0.049, 0.05, 0.049, 0.049, 0.049, 0.049, 0.049, 0.049, 0.049, 0.049, 0.05, 0.049, 0.049]",0,2,16056320,send_recv,2,2
587,0.049,0.05,0.04916666666666666,0.049,0.0003726779962499653,"[0.049, 0.049, 0.049, 0.05, 0.049, 0.049, 0.049, 0.05, 0.049, 0.049, 0.049, 0.049, 0.049, 0.049, 0.049, 0.05, 0.049, 0.049, 0.049, 0.049, 0.049, 0.049, 0.049, 0.049, 0.049, 0.049, 0.049, 0.049, 0.049, 0.049, 0.049, 0.049, 0.05, 0.049, 0.049, 0.05, 0.049, 0.049, 0.049, 0.049, 0.049, 0.049, 0.049, 0.049, 0.049, 0.049, 0.049, 0.05, 0.049, 0.049, 0.05, 0.05, 0.049, 0.049, 0.049, 0.049, 0.049, 0.049, 0.05, 0.05]",0,2,16089088,send_recv,2,2
588,0.049,0.05,0.04928333333333332,0.049,0.0004506168611531929,"[0.049, 0.049, 0.049, 0.049, 0.049, 0.05, 0.049, 0.049, 0.049, 0.049, 0.049, 0.05, 0.05, 0.049, 0.049, 0.05, 0.05, 0.049, 0.049, 0.049, 0.049, 0.05, 0.049, 0.05, 0.049, 0.049, 0.05, 0.049, 0.049, 0.049, 0.049, 0.05, 0.05, 0.049, 0.049, 0.049, 0.049, 0.049, 0.049, 0.05, 0.049, 0.05, 0.049, 0.049, 0.05, 0.049, 0.049, 0.05, 0.049, 0.049, 0.049, 0.049, 0.049, 0.049, 0.049, 0.05, 0.05, 0.049, 0.05, 0.049]",0,2,16121856,send_recv,2,2
589,0.049,0.05,0.049449999999999994,0.049,0.0004974937185533105,"[0.05, 0.05, 0.049, 0.049, 0.05, 0.049, 0.049, 0.049, 0.05, 0.05, 0.049, 0.049, 0.05, 0.05, 0.049, 0.049, 0.05, 0.05, 0.049, 0.049, 0.05, 0.05, 0.049, 0.049, 0.05, 0.05, 0.049, 0.049, 0.049, 0.049, 0.05, 0.049, 0.05, 0.049, 0.049, 0.049, 0.05, 0.05, 0.049, 0.049, 0.05, 0.05, 0.049, 0.049, 0.05, 0.049, 0.049, 0.049, 0.05, 0.05, 0.05, 0.05, 0.05, 0.049, 0.049, 0.049, 0.05, 0.05, 0.049, 0.049]",0,2,16154624,send_recv,2,2
590,0.049,0.05,0.04959999999999999,0.05,0.000489897948556636,"[0.049, 0.05, 0.05, 0.05, 0.05, 0.05, 0.05, 0.049, 0.049, 0.05, 0.05, 0.049, 0.049, 0.05, 0.05, 0.049, 0.05, 0.05, 0.05, 0.05, 0.05, 0.05, 0.05, 0.049, 0.049, 0.05, 0.05, 0.05, 0.049, 0.049, 0.05, 0.049, 0.049, 0.05, 0.05, 0.049, 0.049, 0.05, 0.049, 0.049, 0.049, 0.05, 0.05, 0.049, 0.049, 0.05, 0.05, 0.049, 0.049, 0.049, 0.05, 0.05, 0.049, 0.05, 0.05, 0.05, 0.049, 0.05, 0.05, 0.05]",0,2,16187392,send_recv,2,2
591,0.049,0.05,0.049733333333333324,0.05,0.00044221663871405365,"[0.049, 0.049, 0.05, 0.05, 0.049, 0.05, 0.049, 0.05, 0.05, 0.05, 0.05, 0.05, 0.05, 0.049, 0.05, 0.05, 0.049, 0.05, 0.05, 0.05, 0.05, 0.049, 0.05, 0.05, 0.049, 0.05, 0.05, 0.05, 0.05, 0.049, 0.049, 0.05, 0.05, 0.05, 0.05, 0.05, 0.05, 0.049, 0.05, 0.05, 0.05, 0.05, 0.05, 0.05, 0.049, 0.05, 0.05, 0.05, 0.05, 0.049, 0.05, 0.05, 0.05, 0.049, 0.05, 0.05, 0.049, 0.049, 0.05, 0.05]",0,2,16220160,send_recv,2,2
592,0.049,0.051000000000000004,0.04979999999999998,0.05,0.0004396968652757644,"[0.05, 0.05, 0.05, 0.05, 0.05, 0.05, 0.05, 0.05, 0.05, 0.049, 0.05, 0.05, 0.05, 0.05, 0.049, 0.05, 0.05, 0.05, 0.05, 0.05, 0.051000000000000004, 0.05, 0.049, 0.05, 0.05, 0.049, 0.05, 0.05, 0.05, 0.049, 0.05, 0.05, 0.05, 0.049, 0.049, 0.05, 0.05, 0.05, 0.049, 0.05, 0.05, 0.05, 0.05, 0.05, 0.05, 0.049, 0.049, 0.05, 0.05, 0.05, 0.049, 0.05, 0.05, 0.049, 0.05, 0.05, 0.05, 0.05, 0.049, 0.05]",0,2,16252928,send_recv,2,2
593,0.049,0.051000000000000004,0.04991666666666665,0.05,0.00033124344857253014,"[0.05, 0.05, 0.05, 0.05, 0.05, 0.05, 0.049, 0.05, 0.05, 0.05, 0.05, 0.049, 0.05, 0.05, 0.05, 0.05, 0.05, 0.05, 0.05, 0.049, 0.05, 0.05, 0.05, 0.05, 0.05, 0.05, 0.05, 0.05, 0.05, 0.05, 0.05, 0.05, 0.05, 0.05, 0.05, 0.05, 0.05, 0.05, 0.05, 0.05, 0.05, 0.051000000000000004, 0.05, 0.05, 0.05, 0.05, 0.05, 0.049, 0.05, 0.05, 0.05, 0.05, 0.05, 0.05, 0.05, 0.049, 0.05, 0.05, 0.05, 0.049]",0,2,16285696,send_recv,2,2
594,0.049,0.05,0.04998333333333332,0.05,0.00012801909579781027,"[0.05, 0.05, 0.05, 0.05, 0.05, 0.05, 0.05, 0.05, 0.05, 0.05, 0.05, 0.05, 0.05, 0.05, 0.05, 0.05, 0.05, 0.05, 0.05, 0.05, 0.05, 0.05, 0.05, 0.05, 0.05, 0.05, 0.05, 0.05, 0.05, 0.05, 0.05, 0.05, 0.05, 0.05, 0.05, 0.05, 0.05, 0.05, 0.05, 0.05, 0.049, 0.05, 0.05, 0.05, 0.05, 0.05, 0.05, 0.05, 0.05, 0.05, 0.05, 0.05, 0.05, 0.05, 0.05, 0.05, 0.05, 0.05, 0.05, 0.05]",0,2,16318464,send_recv,2,2
595,0.05,0.051000000000000004,0.05004999999999999,0.05,0.00021794494717703383,"[0.051000000000000004, 0.05, 0.05, 0.05, 0.05, 0.05, 0.05, 0.05, 0.05, 0.05, 0.05, 0.05, 0.05, 0.05, 0.05, 0.05, 0.05, 0.05, 0.05, 0.051000000000000004, 0.05, 0.05, 0.05, 0.05, 0.05, 0.05, 0.05, 0.05, 0.05, 0.05, 0.05, 0.05, 0.05, 0.05, 0.051000000000000004, 0.05, 0.05, 0.05, 0.05, 0.05, 0.05, 0.05, 0.05, 0.05, 0.05, 0.05, 0.05, 0.05, 0.05, 0.05, 0.05, 0.05, 0.05, 0.05, 0.05, 0.05, 0.05, 0.05, 0.05, 0.05]",0,2,16351232,send_recv,2,2
596,0.05,0.051000000000000004,0.05004999999999999,0.05,0.00021794494717703385,"[0.05, 0.05, 0.05, 0.05, 0.05, 0.05, 0.05, 0.051000000000000004, 0.05, 0.05, 0.05, 0.05, 0.05, 0.05, 0.05, 0.05, 0.05, 0.05, 0.05, 0.05, 0.05, 0.05, 0.05, 0.05, 0.05, 0.051000000000000004, 0.05, 0.05, 0.05, 0.05, 0.05, 0.05, 0.05, 0.05, 0.05, 0.05, 0.05, 0.05, 0.05, 0.05, 0.05, 0.05, 0.05, 0.05, 0.05, 0.05, 0.05, 0.05, 0.05, 0.05, 0.05, 0.05, 0.05, 0.05, 0.05, 0.05, 0.051000000000000004, 0.05, 0.05, 0.05]",0,2,16384000,send_recv,2,2
597,0.049,0.051000000000000004,0.05008333333333332,0.05,0.00033124344857253014,"[0.05, 0.05, 0.05, 0.05, 0.051000000000000004, 0.05, 0.05, 0.05, 0.05, 0.05, 0.05, 0.05, 0.051000000000000004, 0.05, 0.05, 0.05, 0.05, 0.05, 0.05, 0.05, 0.05, 0.05, 0.05, 0.05, 0.051000000000000004, 0.05, 0.05, 0.05, 0.051000000000000004, 0.051000000000000004, 0.05, 0.05, 0.05, 0.05, 0.05, 0.05, 0.05, 0.05, 0.05, 0.05, 0.05, 0.05, 0.049, 0.05, 0.05, 0.05, 0.05, 0.05, 0.05, 0.051000000000000004, 0.05, 0.05, 0.05, 0.05, 0.05, 0.05, 0.05, 0.05, 0.05, 0.05]",0,2,16416768,send_recv,2,2
598,0.05,0.051000000000000004,0.050166666666666665,0.05,0.0003726779962499653,"[0.05, 0.05, 0.05, 0.05, 0.05, 0.05, 0.05, 0.05, 0.05, 0.05, 0.05, 0.05, 0.05, 0.05, 0.05, 0.05, 0.05, 0.05, 0.051000000000000004, 0.05, 0.05, 0.051000000000000004, 0.05, 0.05, 0.05, 0.05, 0.051000000000000004, 0.05, 0.05, 0.05, 0.051000000000000004, 0.051000000000000004, 0.05, 0.05, 0.05, 0.05, 0.05, 0.051000000000000004, 0.05, 0.05, 0.05, 0.05, 0.05, 0.05, 0.05, 0.05, 0.051000000000000004, 0.05, 0.05, 0.051000000000000004, 0.05, 0.05, 0.05, 0.05, 0.05, 0.05, 0.05, 0.05, 0.051000000000000004, 0.051000000000000004]",0,2,16449536,send_recv,2,2
599,0.05,0.051000000000000004,0.05036666666666666,0.05,0.00048189440982669907,"[0.051000000000000004, 0.05, 0.05, 0.05, 0.05, 0.05, 0.051000000000000004, 0.05, 0.051000000000000004, 0.05, 0.05, 0.051000000000000004, 0.05, 0.051000000000000004, 0.051000000000000004, 0.051000000000000004, 0.05, 0.05, 0.05, 0.051000000000000004, 0.05, 0.05, 0.051000000000000004, 0.051000000000000004, 0.05, 0.05, 0.051000000000000004, 0.05, 0.05, 0.051000000000000004, 0.051000000000000004, 0.051000000000000004, 0.05, 0.05, 0.05, 0.051000000000000004, 0.05, 0.05, 0.051000000000000004, 0.051000000000000004, 0.05, 0.05, 0.051000000000000004, 0.05, 0.051000000000000004, 0.05, 0.05, 0.051000000000000004, 0.05, 0.05, 0.05, 0.051000000000000004, 0.05, 0.05, 0.051000000000000004, 0.05, 0.05, 0.05, 0.05, 0.05]",0,2,16482304,send_recv,2,2
600,0.05,0.051000000000000004,0.05054999999999999,0.051000000000000004,0.0004974937185533105,"[0.051000000000000004, 0.05, 0.05, 0.051000000000000004, 0.051000000000000004, 0.05, 0.05, 0.051000000000000004, 0.05, 0.05, 0.051000000000000004, 0.051000000000000004, 0.051000000000000004, 0.05, 0.05, 0.051000000000000004, 0.05, 0.051000000000000004, 0.051000000000000004, 0.051000000000000004, 0.051000000000000004, 0.05, 0.05, 0.051000000000000004, 0.05, 0.051000000000000004, 0.05, 0.051000000000000004, 0.051000000000000004, 0.05, 0.05, 0.051000000000000004, 0.051000000000000004, 0.05, 0.05, 0.051000000000000004, 0.051000000000000004, 0.05, 0.051000000000000004, 0.051000000000000004, 0.051000000000000004, 0.05, 0.05, 0.051000000000000004, 0.051000000000000004, 0.05, 0.051000000000000004, 0.051000000000000004, 0.05, 0.051000000000000004, 0.05, 0.05, 0.051000000000000004, 0.051000000000000004, 0.05, 0.051000000000000004, 0.051000000000000004, 0.05, 0.05, 0.051000000000000004]",0,2,16515072,send_recv,2,2
601,0.05,0.051000000000000004,0.050633333333333336,0.051000000000000004,0.00048189440982669907,"[0.051000000000000004, 0.051000000000000004, 0.051000000000000004, 0.05, 0.051000000000000004, 0.051000000000000004, 0.05, 0.051000000000000004, 0.051000000000000004, 0.051000000000000004, 0.05, 0.05, 0.05, 0.051000000000000004, 0.05, 0.051000000000000004, 0.051000000000000004, 0.05, 0.05, 0.05, 0.051000000000000004, 0.051000000000000004, 0.051000000000000004, 0.05, 0.051000000000000004, 0.051000000000000004, 0.051000000000000004, 0.051000000000000004, 0.051000000000000004, 0.051000000000000004, 0.05, 0.051000000000000004, 0.051000000000000004, 0.05, 0.05, 0.05, 0.051000000000000004, 0.051000000000000004, 0.051000000000000004, 0.05, 0.051000000000000004, 0.051000000000000004, 0.05, 0.05, 0.051000000000000004, 0.051000000000000004, 0.05, 0.05, 0.051000000000000004, 0.051000000000000004, 0.051000000000000004, 0.051000000000000004, 0.051000000000000004, 0.05, 0.05, 0.05, 0.051000000000000004, 0.051000000000000004, 0.051000000000000004, 0.051000000000000004]",0,2,16547840,send_recv,2,2
602,0.05,0.051000000000000004,0.05073333333333333,0.051000000000000004,0.0004422166387140537,"[0.051000000000000004, 0.051000000000000004, 0.051000000000000004, 0.051000000000000004, 0.05, 0.051000000000000004, 0.051000000000000004, 0.051000000000000004, 0.05, 0.051000000000000004, 0.051000000000000004, 0.051000000000000004, 0.051000000000000004, 0.051000000000000004, 0.051000000000000004, 0.05, 0.051000000000000004, 0.051000000000000004, 0.051000000000000004, 0.05, 0.051000000000000004, 0.051000000000000004, 0.051000000000000004, 0.051000000000000004, 0.05, 0.051000000000000004, 0.051000000000000004, 0.051000000000000004, 0.051000000000000004, 0.051000000000000004, 0.051000000000000004, 0.051000000000000004, 0.05, 0.051000000000000004, 0.051000000000000004, 0.051000000000000004, 0.05, 0.05, 0.05, 0.05, 0.05, 0.051000000000000004, 0.051000000000000004, 0.05, 0.05, 0.051000000000000004, 0.051000000000000004, 0.051000000000000004, 0.051000000000000004, 0.051000000000000004, 0.051000000000000004, 0.05, 0.05, 0.051000000000000004, 0.051000000000000004, 0.051000000000000004, 0.05, 0.051000000000000004, 0.051000000000000004, 0.051000000000000004]",0,2,16580608,send_recv,2,2
603,0.05,0.051000000000000004,0.05086666666666666,0.051000000000000004,0.0003399346342395193,"[0.051000000000000004, 0.051000000000000004, 0.051000000000000004, 0.051000000000000004, 0.05, 0.051000000000000004, 0.051000000000000004, 0.051000000000000004, 0.051000000000000004, 0.05, 0.051000000000000004, 0.051000000000000004, 0.051000000000000004, 0.051000000000000004, 0.051000000000000004, 0.051000000000000004, 0.051000000000000004, 0.051000000000000004, 0.051000000000000004, 0.051000000000000004, 0.051000000000000004, 0.05, 0.051000000000000004, 0.051000000000000004, 0.051000000000000004, 0.051000000000000004, 0.051000000000000004, 0.051000000000000004, 0.05, 0.051000000000000004, 0.051000000000000004, 0.051000000000000004, 0.051000000000000004, 0.051000000000000004, 0.051000000000000004, 0.051000000000000004, 0.051000000000000004, 0.051000000000000004, 0.051000000000000004, 0.051000000000000004, 0.051000000000000004, 0.05, 0.051000000000000004, 0.051000000000000004, 0.051000000000000004, 0.051000000000000004, 0.051000000000000004, 0.051000000000000004, 0.051000000000000004, 0.051000000000000004, 0.051000000000000004, 0.051000000000000004, 0.051000000000000004, 0.05, 0.051000000000000004, 0.051000000000000004, 0.05, 0.05, 0.051000000000000004, 0.051000000000000004]",0,2,16613376,send_recv,2,2
604,0.05,0.052000000000000005,0.05095000000000001,0.051000000000000004,0.00028431203515386663,"[0.051000000000000004, 0.051000000000000004, 0.051000000000000004, 0.051000000000000004, 0.051000000000000004, 0.05, 0.051000000000000004, 0.051000000000000004, 0.051000000000000004, 0.05, 0.051000000000000004, 0.051000000000000004, 0.051000000000000004, 0.051000000000000004, 0.051000000000000004, 0.051000000000000004, 0.051000000000000004, 0.051000000000000004, 0.051000000000000004, 0.051000000000000004, 0.051000000000000004, 0.051000000000000004, 0.051000000000000004, 0.051000000000000004, 0.051000000000000004, 0.051000000000000004, 0.051000000000000004, 0.051000000000000004, 0.051000000000000004, 0.05, 0.051000000000000004, 0.051000000000000004, 0.051000000000000004, 0.051000000000000004, 0.051000000000000004, 0.051000000000000004, 0.052000000000000005, 0.051000000000000004, 0.051000000000000004, 0.051000000000000004, 0.051000000000000004, 0.051000000000000004, 0.051000000000000004, 0.051000000000000004, 0.051000000000000004, 0.051000000000000004, 0.05, 0.051000000000000004, 0.051000000000000004, 0.051000000000000004, 0.051000000000000004, 0.051000000000000004, 0.051000000000000004, 0.051000000000000004, 0.051000000000000004, 0.051000000000000004, 0.051000000000000004, 0.051000000000000004, 0.051000000000000004, 0.051000000000000004]",0,2,16646144,send_recv,2,2
605,0.05,0.052000000000000005,0.05095000000000001,0.051000000000000004,0.00028431203515386663,"[0.051000000000000004, 0.051000000000000004, 0.051000000000000004, 0.051000000000000004, 0.051000000000000004, 0.051000000000000004, 0.051000000000000004, 0.05, 0.051000000000000004, 0.051000000000000004, 0.05, 0.051000000000000004, 0.051000000000000004, 0.052000000000000005, 0.051000000000000004, 0.051000000000000004, 0.051000000000000004, 0.051000000000000004, 0.051000000000000004, 0.051000000000000004, 0.051000000000000004, 0.051000000000000004, 0.051000000000000004, 0.051000000000000004, 0.051000000000000004, 0.051000000000000004, 0.051000000000000004, 0.051000000000000004, 0.051000000000000004, 0.051000000000000004, 0.051000000000000004, 0.051000000000000004, 0.051000000000000004, 0.051000000000000004, 0.051000000000000004, 0.051000000000000004, 0.051000000000000004, 0.051000000000000004, 0.051000000000000004, 0.051000000000000004, 0.051000000000000004, 0.051000000000000004, 0.051000000000000004, 0.051000000000000004, 0.051000000000000004, 0.051000000000000004, 0.051000000000000004, 0.051000000000000004, 0.051000000000000004, 0.051000000000000004, 0.05, 0.051000000000000004, 0.051000000000000004, 0.051000000000000004, 0.051000000000000004, 0.051000000000000004, 0.051000000000000004, 0.051000000000000004, 0.05, 0.051000000000000004]",0,2,16678912,send_recv,2,2
606,0.051000000000000004,0.052000000000000005,0.051016666666666675,0.051000000000000004,0.0001280190957978103,"[0.051000000000000004, 0.052000000000000005, 0.051000000000000004, 0.051000000000000004, 0.051000000000000004, 0.051000000000000004, 0.051000000000000004, 0.051000000000000004, 0.051000000000000004, 0.051000000000000004, 0.051000000000000004, 0.051000000000000004, 0.051000000000000004, 0.051000000000000004, 0.051000000000000004, 0.051000000000000004, 0.051000000000000004, 0.051000000000000004, 0.051000000000000004, 0.051000000000000004, 0.051000000000000004, 0.051000000000000004, 0.051000000000000004, 0.051000000000000004, 0.051000000000000004, 0.051000000000000004, 0.051000000000000004, 0.051000000000000004, 0.051000000000000004, 0.051000000000000004, 0.051000000000000004, 0.051000000000000004, 0.051000000000000004, 0.051000000000000004, 0.051000000000000004, 0.051000000000000004, 0.051000000000000004, 0.051000000000000004, 0.051000000000000004, 0.051000000000000004, 0.051000000000000004, 0.051000000000000004, 0.051000000000000004, 0.051000000000000004, 0.051000000000000004, 0.051000000000000004, 0.051000000000000004, 0.051000000000000004, 0.051000000000000004, 0.051000000000000004, 0.051000000000000004, 0.051000000000000004, 0.051000000000000004, 0.051000000000000004, 0.051000000000000004, 0.051000000000000004, 0.051000000000000004, 0.051000000000000004, 0.051000000000000004, 0.051000000000000004]",0,2,16711680,send_recv,2,2
607,0.051000000000000004,0.052000000000000005,0.05108333333333334,0.051000000000000004,0.0002763853991962836,"[0.051000000000000004, 0.051000000000000004, 0.052000000000000005, 0.051000000000000004, 0.051000000000000004, 0.051000000000000004, 0.051000000000000004, 0.051000000000000004, 0.051000000000000004, 0.051000000000000004, 0.051000000000000004, 0.051000000000000004, 0.051000000000000004, 0.051000000000000004, 0.051000000000000004, 0.051000000000000004, 0.051000000000000004, 0.051000000000000004, 0.051000000000000004, 0.051000000000000004, 0.051000000000000004, 0.051000000000000004, 0.051000000000000004, 0.051000000000000004, 0.051000000000000004, 0.051000000000000004, 0.051000000000000004, 0.051000000000000004, 0.051000000000000004, 0.051000000000000004, 0.051000000000000004, 0.052000000000000005, 0.051000000000000004, 0.051000000000000004, 0.051000000000000004, 0.051000000000000004, 0.052000000000000005, 0.051000000000000004, 0.051000000000000004, 0.051000000000000004, 0.051000000000000004, 0.051000000000000004, 0.051000000000000004, 0.051000000000000004, 0.051000000000000004, 0.051000000000000004, 0.051000000000000004, 0.051000000000000004, 0.051000000000000004, 0.051000000000000004, 0.051000000000000004, 0.052000000000000005, 0.051000000000000004, 0.051000000000000004, 0.051000000000000004, 0.051000000000000004, 0.051000000000000004, 0.051000000000000004, 0.051000000000000004, 0.052000000000000005]",0,2,16744448,send_recv,2,2
608,0.051000000000000004,0.052000000000000005,0.05110000000000001,0.051000000000000004,0.00030000000000000024,"[0.051000000000000004, 0.051000000000000004, 0.051000000000000004, 0.051000000000000004, 0.051000000000000004, 0.051000000000000004, 0.051000000000000004, 0.051000000000000004, 0.051000000000000004, 0.051000000000000004, 0.051000000000000004, 0.052000000000000005, 0.052000000000000005, 0.051000000000000004, 0.051000000000000004, 0.051000000000000004, 0.052000000000000005, 0.051000000000000004, 0.051000000000000004, 0.051000000000000004, 0.051000000000000004, 0.051000000000000004, 0.051000000000000004, 0.052000000000000005, 0.051000000000000004, 0.051000000000000004, 0.051000000000000004, 0.051000000000000004, 0.051000000000000004, 0.051000000000000004, 0.051000000000000004, 0.051000000000000004, 0.051000000000000004, 0.051000000000000004, 0.051000000000000004, 0.051000000000000004, 0.051000000000000004, 0.051000000000000004, 0.051000000000000004, 0.051000000000000004, 0.052000000000000005, 0.051000000000000004, 0.051000000000000004, 0.051000000000000004, 0.051000000000000004, 0.051000000000000004, 0.051000000000000004, 0.051000000000000004, 0.051000000000000004, 0.051000000000000004, 0.051000000000000004, 0.051000000000000004, 0.052000000000000005, 0.051000000000000004, 0.051000000000000004, 0.051000000000000004, 0.051000000000000004, 0.051000000000000004, 0.051000000000000004, 0.051000000000000004]",0,2,16777216,send_recv,2,2
609,0.051000000000000004,0.052000000000000005,0.05108333333333334,0.051000000000000004,0.0002763853991962836,"[0.051000000000000004, 0.051000000000000004, 0.051000000000000004, 0.051000000000000004, 0.051000000000000004, 0.051000000000000004, 0.052000000000000005, 0.051000000000000004, 0.051000000000000004, 0.051000000000000004, 0.051000000000000004, 0.051000000000000004, 0.051000000000000004, 0.051000000000000004, 0.051000000000000004, 0.051000000000000004, 0.052000000000000005, 0.051000000000000004, 0.051000000000000004, 0.051000000000000004, 0.051000000000000004, 0.051000000000000004, 0.051000000000000004, 0.051000000000000004, 0.051000000000000004, 0.051000000000000004, 0.051000000000000004, 0.051000000000000004, 0.052000000000000005, 0.051000000000000004, 0.051000000000000004, 0.051000000000000004, 0.051000000000000004, 0.051000000000000004, 0.051000000000000004, 0.051000000000000004, 0.051000000000000004, 0.051000000000000004, 0.051000000000000004, 0.051000000000000004, 0.052000000000000005, 0.051000000000000004, 0.051000000000000004, 0.051000000000000004, 0.051000000000000004, 0.051000000000000004, 0.051000000000000004, 0.051000000000000004, 0.052000000000000005, 0.051000000000000004, 0.051000000000000004, 0.051000000000000004, 0.051000000000000004, 0.051000000000000004, 0.051000000000000004, 0.051000000000000004, 0.051000000000000004, 0.051000000000000004, 0.051000000000000004, 0.051000000000000004]",0,2,16777216,send_recv,2,2
610,0.052000000000000005,0.053,0.05256666666666666,0.053,0.0004955356249106138,"[0.053, 0.053, 0.053, 0.052000000000000005, 0.053, 0.053, 0.053, 0.052000000000000005, 0.053, 0.053, 0.052000000000000005, 0.052000000000000005, 0.052000000000000005, 0.053, 0.052000000000000005, 0.053, 0.053, 0.053, 0.052000000000000005, 0.052000000000000005, 0.053, 0.053, 0.052000000000000005, 0.052000000000000005, 0.052000000000000005, 0.052000000000000005, 0.052000000000000005, 0.052000000000000005, 0.052000000000000005, 0.053, 0.052000000000000005, 0.052000000000000005, 0.052000000000000005, 0.053, 0.052000000000000005, 0.053, 0.052000000000000005, 0.053, 0.053, 0.053, 0.053, 0.053, 0.052000000000000005, 0.052000000000000005, 0.053, 0.053, 0.053, 0.052000000000000005, 0.052000000000000005, 0.053, 0.052000000000000005, 0.053, 0.053, 0.053, 0.053, 0.053, 0.053, 0.053, 0.052000000000000005, 0.053]",0,2,16908288,send_recv,2,2
611,0.053,0.054,0.05303333333333333,0.053,0.0001795054935711503,"[0.053, 0.053, 0.053, 0.053, 0.053, 0.053, 0.053, 0.053, 0.053, 0.053, 0.053, 0.053, 0.053, 0.053, 0.053, 0.053, 0.053, 0.053, 0.053, 0.053, 0.053, 0.053, 0.053, 0.053, 0.053, 0.053, 0.054, 0.053, 0.053, 0.053, 0.054, 0.053, 0.053, 0.053, 0.053, 0.053, 0.053, 0.053, 0.053, 0.053, 0.053, 0.053, 0.053, 0.053, 0.053, 0.053, 0.053, 0.053, 0.053, 0.053, 0.053, 0.053, 0.053, 0.053, 0.053, 0.053, 0.053, 0.053, 0.053, 0.053]",0,2,17039360,send_recv,2,2
612,0.053,0.054,0.05318333333333333,0.053,0.000386939558874797,"[0.053, 0.053, 0.053, 0.053, 0.053, 0.054, 0.053, 0.054, 0.053, 0.054, 0.053, 0.054, 0.053, 0.054, 0.053, 0.053, 0.053, 0.053, 0.053, 0.054, 0.053, 0.053, 0.053, 0.053, 0.053, 0.053, 0.053, 0.053, 0.053, 0.054, 0.053, 0.053, 0.053, 0.054, 0.053, 0.054, 0.053, 0.053, 0.053, 0.053, 0.053, 0.053, 0.053, 0.053, 0.053, 0.054, 0.053, 0.053, 0.053, 0.053, 0.054, 0.053, 0.053, 0.053, 0.053, 0.053, 0.053, 0.053, 0.053, 0.053]",0,2,17170432,send_recv,2,2
613,0.053,0.054,0.053399999999999996,0.053,0.000489897948556636,"[0.054, 0.053, 0.054, 0.054, 0.053, 0.054, 0.053, 0.054, 0.054, 0.053, 0.053, 0.054, 0.054, 0.053, 0.053, 0.054, 0.054, 0.053, 0.053, 0.054, 0.054, 0.054, 0.053, 0.054, 0.054, 0.053, 0.054, 0.053, 0.053, 0.053, 0.053, 0.053, 0.053, 0.053, 0.053, 0.054, 0.054, 0.053, 0.053, 0.054, 0.054, 0.053, 0.053, 0.054, 0.053, 0.053, 0.054, 0.053, 0.053, 0.053, 0.053, 0.053, 0.053, 0.053, 0.054, 0.053, 0.053, 0.053, 0.054, 0.053]",0,2,17301504,send_recv,2,2
614,0.053,0.055,0.053916666666666654,0.054,0.00033124344857253014,"[0.054, 0.054, 0.054, 0.054, 0.054, 0.054, 0.053, 0.054, 0.054, 0.054, 0.053, 0.054, 0.054, 0.054, 0.053, 0.054, 0.054, 0.053, 0.054, 0.054, 0.054, 0.054, 0.054, 0.054, 0.054, 0.054, 0.054, 0.054, 0.054, 0.054, 0.054, 0.053, 0.054, 0.054, 0.054, 0.054, 0.054, 0.054, 0.053, 0.054, 0.054, 0.054, 0.054, 0.054, 0.054, 0.054, 0.054, 0.054, 0.054, 0.054, 0.054, 0.054, 0.054, 0.055, 0.054, 0.054, 0.054, 0.054, 0.054, 0.054]",0,2,17432576,send_recv,2,2
615,0.054,0.055,0.05424999999999999,0.054,0.0004330127018922197,"[0.055, 0.055, 0.055, 0.054, 0.054, 0.054, 0.054, 0.055, 0.054, 0.055, 0.055, 0.054, 0.054, 0.054, 0.054, 0.054, 0.054, 0.054, 0.054, 0.054, 0.054, 0.054, 0.055, 0.054, 0.054, 0.055, 0.054, 0.054, 0.054, 0.054, 0.054, 0.055, 0.054, 0.055, 0.055, 0.054, 0.054, 0.054, 0.054, 0.054, 0.054, 0.054, 0.055, 0.054, 0.054, 0.054, 0.054, 0.054, 0.054, 0.055, 0.055, 0.054, 0.054, 0.054, 0.054, 0.055, 0.054, 0.054, 0.054, 0.054]",0,2,17563648,send_recv,2,2
616,0.054,0.055,0.054599999999999996,0.055,0.000489897948556636,"[0.054, 0.054, 0.055, 0.054, 0.055, 0.055, 0.054, 0.055, 0.054, 0.055, 0.055, 0.055, 0.055, 0.054, 0.055, 0.055, 0.054, 0.054, 0.055, 0.054, 0.054, 0.055, 0.055, 0.054, 0.054, 0.054, 0.055, 0.055, 0.055, 0.055, 0.055, 0.055, 0.055, 0.055, 0.054, 0.055, 0.054, 0.054, 0.055, 0.055, 0.054, 0.055, 0.055, 0.055, 0.054, 0.054, 0.055, 0.055, 0.054, 0.054, 0.055, 0.054, 0.055, 0.055, 0.055, 0.055, 0.055, 0.055, 0.054, 0.054]",0,2,17694720,send_recv,2,2
617,0.054,0.056,0.055050000000000016,0.055,0.0002843120351538666,"[0.055, 0.055, 0.055, 0.055, 0.055, 0.055, 0.055, 0.055, 0.055, 0.055, 0.055, 0.055, 0.056, 0.055, 0.055, 0.055, 0.055, 0.055, 0.055, 0.055, 0.055, 0.055, 0.055, 0.055, 0.055, 0.055, 0.055, 0.055, 0.055, 0.055, 0.055, 0.055, 0.055, 0.056, 0.055, 0.055, 0.055, 0.055, 0.055, 0.055, 0.054, 0.055, 0.056, 0.055, 0.055, 0.055, 0.055, 0.055, 0.055, 0.055, 0.055, 0.055, 0.056, 0.055, 0.055, 0.055, 0.055, 0.055, 0.055, 0.055]",0,2,17825792,send_recv,2,2
618,0.054,0.056,0.05501666666666668,0.055,0.00028819360776317666,"[0.056, 0.055, 0.055, 0.055, 0.054, 0.055, 0.055, 0.055, 0.055, 0.055, 0.055, 0.055, 0.055, 0.055, 0.055, 0.055, 0.055, 0.055, 0.055, 0.055, 0.055, 0.055, 0.055, 0.055, 0.055, 0.054, 0.055, 0.055, 0.055, 0.055, 0.055, 0.055, 0.055, 0.055, 0.055, 0.055, 0.055, 0.055, 0.055, 0.055, 0.055, 0.055, 0.055, 0.055, 0.055, 0.055, 0.055, 0.055, 0.056, 0.055, 0.055, 0.055, 0.055, 0.055, 0.055, 0.055, 0.056, 0.055, 0.055, 0.055]",0,2,17956864,send_recv,2,2
619,0.055,0.056,0.05521666666666668,0.055,0.00041197356981027616,"[0.056, 0.055, 0.055, 0.055, 0.055, 0.055, 0.055, 0.055, 0.055, 0.055, 0.055, 0.056, 0.056, 0.056, 0.055, 0.055, 0.055, 0.055, 0.055, 0.056, 0.055, 0.056, 0.055, 0.055, 0.055, 0.055, 0.055, 0.055, 0.055, 0.056, 0.055, 0.055, 0.055, 0.055, 0.055, 0.055, 0.056, 0.055, 0.055, 0.056, 0.055, 0.055, 0.056, 0.055, 0.056, 0.056, 0.055, 0.055, 0.055, 0.055, 0.055, 0.056, 0.055, 0.055, 0.055, 0.055, 0.055, 0.055, 0.055, 0.055]",0,2,18087936,send_recv,2,2
620,0.055,0.056,0.055583333333333346,0.056,0.0004930066485916351,"[0.056, 0.056, 0.056, 0.056, 0.055, 0.055, 0.055, 0.056, 0.055, 0.055, 0.056, 0.055, 0.055, 0.055, 0.055, 0.055, 0.055, 0.056, 0.056, 0.056, 0.056, 0.056, 0.056, 0.056, 0.055, 0.056, 0.056, 0.055, 0.056, 0.056, 0.056, 0.056, 0.056, 0.056, 0.056, 0.056, 0.055, 0.056, 0.055, 0.056, 0.056, 0.055, 0.056, 0.055, 0.055, 0.055, 0.056, 0.056, 0.055, 0.056, 0.055, 0.056, 0.055, 0.056, 0.056, 0.055, 0.056, 0.055, 0.056, 0.055]",0,2,18219008,send_recv,2,2
621,0.055,0.057,0.05598333333333334,0.056,0.00028819360776317666,"[0.056, 0.056, 0.056, 0.056, 0.056, 0.056, 0.056, 0.056, 0.056, 0.056, 0.056, 0.056, 0.056, 0.056, 0.056, 0.056, 0.056, 0.056, 0.056, 0.056, 0.056, 0.056, 0.056, 0.056, 0.056, 0.055, 0.056, 0.056, 0.056, 0.056, 0.055, 0.056, 0.056, 0.056, 0.056, 0.056, 0.056, 0.056, 0.056, 0.056, 0.056, 0.056, 0.056, 0.056, 0.056, 0.056, 0.056, 0.056, 0.056, 0.056, 0.056, 0.055, 0.056, 0.056, 0.056, 0.057, 0.057, 0.056, 0.056, 0.056]",0,2,18350080,send_recv,2,2
622,0.056,0.057,0.05608333333333334,0.056,0.00027638539919628365,"[0.056, 0.056, 0.056, 0.056, 0.056, 0.056, 0.057, 0.056, 0.056, 0.056, 0.056, 0.057, 0.056, 0.057, 0.056, 0.056, 0.056, 0.056, 0.056, 0.056, 0.057, 0.056, 0.056, 0.056, 0.056, 0.056, 0.056, 0.056, 0.056, 0.056, 0.056, 0.056, 0.056, 0.056, 0.056, 0.056, 0.056, 0.056, 0.056, 0.056, 0.056, 0.056, 0.056, 0.056, 0.056, 0.056, 0.056, 0.056, 0.056, 0.056, 0.056, 0.056, 0.057, 0.056, 0.056, 0.056, 0.056, 0.056, 0.056, 0.056]",0,2,18481152,send_recv,2,2
623,0.056,0.057,0.056549999999999996,0.057,0.0004974937185533104,"[0.057, 0.057, 0.056, 0.056, 0.056, 0.057, 0.056, 0.056, 0.057, 0.057, 0.057, 0.056, 0.056, 0.056, 0.056, 0.057, 0.056, 0.057, 0.057, 0.057, 0.056, 0.056, 0.056, 0.057, 0.057, 0.057, 0.057, 0.057, 0.057, 0.056, 0.057, 0.056, 0.057, 0.057, 0.057, 0.056, 0.056, 0.056, 0.056, 0.057, 0.056, 0.056, 0.056, 0.056, 0.057, 0.057, 0.057, 0.056, 0.057, 0.057, 0.057, 0.056, 0.056, 0.057, 0.056, 0.057, 0.057, 0.057, 0.057, 0.057]",0,2,18612224,send_recv,2,2
624,0.056,0.222,0.059649999999999995,0.057,0.021138294633200657,"[0.222, 0.057, 0.057, 0.057, 0.057, 0.057, 0.057, 0.057, 0.057, 0.056, 0.056, 0.057, 0.057, 0.057, 0.057, 0.057, 0.057, 0.056, 0.057, 0.057, 0.057, 0.057, 0.057, 0.057, 0.057, 0.056, 0.057, 0.057, 0.057, 0.057, 0.057, 0.057, 0.057, 0.056, 0.056, 0.057, 0.057, 0.057, 0.057, 0.057, 0.057, 0.057, 0.057, 0.057, 0.057, 0.057, 0.057, 0.057, 0.057, 0.057, 0.057, 0.057, 0.057, 0.057, 0.057, 0.057, 0.057, 0.057, 0.057, 0.057]",0,2,18743296,send_recv,2,2
625,0.056,0.058,0.057183333333333336,0.057,0.0004278499217664482,"[0.057, 0.057, 0.057, 0.057, 0.057, 0.057, 0.056, 0.057, 0.058, 0.058, 0.057, 0.058, 0.058, 0.057, 0.057, 0.057, 0.058, 0.058, 0.057, 0.057, 0.057, 0.057, 0.057, 0.057, 0.057, 0.057, 0.057, 0.057, 0.057, 0.057, 0.057, 0.057, 0.057, 0.057, 0.057, 0.057, 0.058, 0.058, 0.057, 0.057, 0.057, 0.057, 0.057, 0.057, 0.058, 0.057, 0.057, 0.057, 0.057, 0.057, 0.057, 0.058, 0.057, 0.057, 0.057, 0.057, 0.058, 0.057, 0.058, 0.057]",0,2,18874368,send_recv,2,2
626,0.057,0.058,0.05763333333333333,0.058,0.0004818944098266991,"[0.057, 0.058, 0.058, 0.058, 0.058, 0.058, 0.057, 0.058, 0.057, 0.057, 0.058, 0.057, 0.057, 0.058, 0.058, 0.057, 0.058, 0.058, 0.058, 0.058, 0.057, 0.058, 0.058, 0.058, 0.058, 0.057, 0.057, 0.057, 0.058, 0.058, 0.058, 0.058, 0.058, 0.058, 0.058, 0.058, 0.057, 0.058, 0.057, 0.057, 0.058, 0.057, 0.057, 0.058, 0.058, 0.058, 0.058, 0.057, 0.058, 0.057, 0.058, 0.058, 0.058, 0.058, 0.057, 0.057, 0.058, 0.057, 0.058, 0.057]",0,2,19005440,send_recv,2,2
627,0.057,0.059000000000000004,0.05796666666666666,0.058,0.00025603819159562054,"[0.058, 0.058, 0.058, 0.058, 0.058, 0.058, 0.058, 0.058, 0.058, 0.058, 0.058, 0.058, 0.058, 0.058, 0.058, 0.059000000000000004, 0.058, 0.058, 0.058, 0.058, 0.058, 0.058, 0.058, 0.058, 0.058, 0.058, 0.058, 0.058, 0.058, 0.058, 0.058, 0.057, 0.058, 0.058, 0.058, 0.058, 0.058, 0.058, 0.058, 0.058, 0.058, 0.058, 0.058, 0.058, 0.058, 0.058, 0.058, 0.057, 0.058, 0.058, 0.058, 0.058, 0.058, 0.058, 0.058, 0.057, 0.058, 0.058, 0.058, 0.058]",0,2,19136512,send_recv,2,2
628,0.058,0.059000000000000004,0.05813333333333333,0.058,0.0003399346342395193,"[0.058, 0.059000000000000004, 0.059000000000000004, 0.058, 0.058, 0.058, 0.058, 0.058, 0.058, 0.058, 0.058, 0.058, 0.059000000000000004, 0.058, 0.058, 0.058, 0.058, 0.058, 0.059000000000000004, 0.058, 0.058, 0.058, 0.058, 0.058, 0.058, 0.058, 0.058, 0.058, 0.058, 0.059000000000000004, 0.058, 0.059000000000000004, 0.058, 0.058, 0.058, 0.058, 0.058, 0.058, 0.058, 0.058, 0.058, 0.058, 0.058, 0.058, 0.058, 0.058, 0.058, 0.058, 0.058, 0.058, 0.059000000000000004, 0.058, 0.058, 0.058, 0.058, 0.059000000000000004, 0.058, 0.058, 0.058, 0.058]",0,2,19267584,send_recv,2,2
629,0.058,0.059000000000000004,0.05848333333333333,0.058,0.000499722145018832,"[0.059000000000000004, 0.058, 0.058, 0.058, 0.059000000000000004, 0.058, 0.059000000000000004, 0.059000000000000004, 0.059000000000000004, 0.058, 0.058, 0.059000000000000004, 0.058, 0.059000000000000004, 0.059000000000000004, 0.058, 0.059000000000000004, 0.058, 0.058, 0.059000000000000004, 0.059000000000000004, 0.058, 0.058, 0.059000000000000004, 0.058, 0.058, 0.058, 0.059000000000000004, 0.059000000000000004, 0.058, 0.059000000000000004, 0.059000000000000004, 0.058, 0.059000000000000004, 0.059000000000000004, 0.058, 0.059000000000000004, 0.059000000000000004, 0.059000000000000004, 0.058, 0.058, 0.059000000000000004, 0.058, 0.059000000000000004, 0.059000000000000004, 0.058, 0.059000000000000004, 0.059000000000000004, 0.058, 0.058, 0.058, 0.058, 0.059000000000000004, 0.058, 0.059000000000000004, 0.058, 0.059000000000000004, 0.058, 0.058, 0.058]",0,2,19398656,send_recv,2,2
630,0.058,0.06,0.058950000000000016,0.059000000000000004,0.00033788558221188776,"[0.059000000000000004, 0.059000000000000004, 0.059000000000000004, 0.059000000000000004, 0.059000000000000004, 0.059000000000000004, 0.059000000000000004, 0.059000000000000004, 0.059000000000000004, 0.059000000000000004, 0.059000000000000004, 0.059000000000000004, 0.059000000000000004, 0.059000000000000004, 0.059000000000000004, 0.058, 0.059000000000000004, 0.059000000000000004, 0.059000000000000004, 0.059000000000000004, 0.059000000000000004, 0.059000000000000004, 0.059000000000000004, 0.059000000000000004, 0.059000000000000004, 0.059000000000000004, 0.059000000000000004, 0.059000000000000004, 0.059000000000000004, 0.059000000000000004, 0.059000000000000004, 0.059000000000000004, 0.059000000000000004, 0.059000000000000004, 0.058, 0.06, 0.059000000000000004, 0.059000000000000004, 0.059000000000000004, 0.059000000000000004, 0.06, 0.058, 0.059000000000000004, 0.059000000000000004, 0.059000000000000004, 0.059000000000000004, 0.059000000000000004, 0.058, 0.059000000000000004, 0.059000000000000004, 0.059000000000000004, 0.059000000000000004, 0.059000000000000004, 0.059000000000000004, 0.059000000000000004, 0.058, 0.059000000000000004, 0.059000000000000004, 0.059000000000000004, 0.059000000000000004]",0,2,19529728,send_recv,2,2
631,0.058,0.06,0.059100000000000014,0.059000000000000004,0.0003958114029012622,"[0.059000000000000004, 0.059000000000000004, 0.059000000000000004, 0.058, 0.059000000000000004, 0.059000000000000004, 0.06, 0.059000000000000004, 0.059000000000000004, 0.059000000000000004, 0.06, 0.059000000000000004, 0.059000000000000004, 0.059000000000000004, 0.059000000000000004, 0.059000000000000004, 0.059000000000000004, 0.059000000000000004, 0.06, 0.058, 0.059000000000000004, 0.059000000000000004, 0.06, 0.059000000000000004, 0.059000000000000004, 0.059000000000000004, 0.059000000000000004, 0.059000000000000004, 0.059000000000000004, 0.059000000000000004, 0.059000000000000004, 0.06, 0.059000000000000004, 0.059000000000000004, 0.059000000000000004, 0.06, 0.059000000000000004, 0.059000000000000004, 0.059000000000000004, 0.059000000000000004, 0.059000000000000004, 0.059000000000000004, 0.059000000000000004, 0.059000000000000004, 0.059000000000000004, 0.059000000000000004, 0.059000000000000004, 0.06, 0.059000000000000004, 0.059000000000000004, 0.059000000000000004, 0.059000000000000004, 0.059000000000000004, 0.059000000000000004, 0.059000000000000004, 0.059000000000000004, 0.06, 0.059000000000000004, 0.059000000000000004, 0.059000000000000004]",0,2,19660800,send_recv,2,2
632,0.059000000000000004,0.061,0.05948333333333334,0.059000000000000004,0.0005320296566504093,"[0.061, 0.059000000000000004, 0.059000000000000004, 0.059000000000000004, 0.059000000000000004, 0.059000000000000004, 0.059000000000000004, 0.06, 0.059000000000000004, 0.059000000000000004, 0.059000000000000004, 0.06, 0.059000000000000004, 0.06, 0.059000000000000004, 0.06, 0.059000000000000004, 0.06, 0.06, 0.06, 0.059000000000000004, 0.06, 0.06, 0.059000000000000004, 0.06, 0.06, 0.06, 0.06, 0.06, 0.06, 0.059000000000000004, 0.06, 0.059000000000000004, 0.059000000000000004, 0.06, 0.06, 0.059000000000000004, 0.059000000000000004, 0.06, 0.059000000000000004, 0.059000000000000004, 0.06, 0.059000000000000004, 0.06, 0.06, 0.059000000000000004, 0.059000000000000004, 0.059000000000000004, 0.059000000000000004, 0.059000000000000004, 0.059000000000000004, 0.06, 0.06, 0.059000000000000004, 0.06, 0.059000000000000004, 0.059000000000000004, 0.059000000000000004, 0.06, 0.06]",0,2,19791872,send_recv,2,2
633,0.059000000000000004,0.06,0.05978333333333334,0.06,0.00041197356981027334,"[0.06, 0.06, 0.06, 0.06, 0.06, 0.059000000000000004, 0.059000000000000004, 0.06, 0.06, 0.06, 0.06, 0.059000000000000004, 0.06, 0.06, 0.059000000000000004, 0.06, 0.06, 0.06, 0.06, 0.06, 0.059000000000000004, 0.059000000000000004, 0.059000000000000004, 0.06, 0.06, 0.059000000000000004, 0.06, 0.06, 0.06, 0.06, 0.06, 0.06, 0.06, 0.06, 0.06, 0.059000000000000004, 0.06, 0.06, 0.06, 0.06, 0.06, 0.06, 0.06, 0.06, 0.06, 0.06, 0.059000000000000004, 0.06, 0.06, 0.059000000000000004, 0.06, 0.06, 0.06, 0.06, 0.06, 0.06, 0.06, 0.06, 0.059000000000000004, 0.059000000000000004]",0,2,19922944,send_recv,2,2
634,0.06,0.061,0.06015,0.06,0.0003570714214271428,"[0.06, 0.06, 0.06, 0.06, 0.061, 0.061, 0.06, 0.06, 0.061, 0.06, 0.061, 0.061, 0.06, 0.06, 0.06, 0.06, 0.06, 0.06, 0.06, 0.06, 0.06, 0.06, 0.06, 0.06, 0.06, 0.061, 0.06, 0.06, 0.06, 0.06, 0.06, 0.06, 0.061, 0.06, 0.06, 0.06, 0.06, 0.06, 0.06, 0.06, 0.061, 0.06, 0.06, 0.06, 0.06, 0.061, 0.06, 0.06, 0.06, 0.06, 0.06, 0.06, 0.06, 0.06, 0.06, 0.06, 0.06, 0.06, 0.06, 0.06]",0,2,20054016,send_recv,2,2
635,0.06,0.061,0.06066666666666666,0.061,0.00047140452079103207,"[0.061, 0.06, 0.061, 0.061, 0.061, 0.061, 0.061, 0.06, 0.06, 0.061, 0.06, 0.061, 0.061, 0.061, 0.061, 0.061, 0.061, 0.06, 0.061, 0.061, 0.061, 0.061, 0.061, 0.06, 0.061, 0.061, 0.061, 0.061, 0.06, 0.06, 0.061, 0.06, 0.06, 0.061, 0.061, 0.061, 0.061, 0.061, 0.061, 0.061, 0.06, 0.061, 0.061, 0.06, 0.06, 0.061, 0.06, 0.061, 0.06, 0.06, 0.061, 0.061, 0.06, 0.061, 0.06, 0.061, 0.06, 0.06, 0.061, 0.061]",0,2,20185088,send_recv,2,2
636,0.06,0.061,0.06094999999999999,0.061,0.00021794494717703385,"[0.061, 0.061, 0.061, 0.061, 0.061, 0.06, 0.061, 0.061, 0.061, 0.061, 0.061, 0.061, 0.061, 0.061, 0.061, 0.061, 0.061, 0.061, 0.061, 0.061, 0.061, 0.061, 0.061, 0.061, 0.061, 0.061, 0.061, 0.061, 0.061, 0.061, 0.061, 0.061, 0.06, 0.061, 0.061, 0.061, 0.061, 0.061, 0.061, 0.061, 0.061, 0.061, 0.061, 0.061, 0.061, 0.06, 0.061, 0.061, 0.061, 0.061, 0.061, 0.061, 0.061, 0.061, 0.061, 0.061, 0.061, 0.061, 0.061, 0.061]",0,2,20316160,send_recv,2,2
637,0.061,0.062,0.06108333333333333,0.061,0.00027638539919628354,"[0.061, 0.061, 0.062, 0.061, 0.061, 0.061, 0.061, 0.061, 0.061, 0.061, 0.061, 0.061, 0.061, 0.061, 0.061, 0.061, 0.061, 0.061, 0.061, 0.061, 0.061, 0.061, 0.061, 0.062, 0.062, 0.061, 0.062, 0.061, 0.061, 0.061, 0.061, 0.061, 0.061, 0.061, 0.061, 0.061, 0.061, 0.061, 0.061, 0.061, 0.061, 0.061, 0.061, 0.061, 0.061, 0.061, 0.061, 0.061, 0.061, 0.061, 0.061, 0.061, 0.061, 0.061, 0.061, 0.062, 0.061, 0.061, 0.061, 0.061]",0,2,20447232,send_recv,2,2
638,0.061,0.062,0.06159999999999999,0.062,0.000489897948556636,"[0.062, 0.061, 0.062, 0.061, 0.062, 0.062, 0.061, 0.061, 0.061, 0.062, 0.062, 0.061, 0.062, 0.061, 0.062, 0.062, 0.062, 0.062, 0.061, 0.062, 0.062, 0.062, 0.061, 0.062, 0.062, 0.062, 0.062, 0.062, 0.062, 0.062, 0.062, 0.062, 0.062, 0.061, 0.061, 0.061, 0.061, 0.061, 0.061, 0.062, 0.061, 0.061, 0.062, 0.062, 0.062, 0.061, 0.061, 0.061, 0.062, 0.062, 0.061, 0.062, 0.062, 0.061, 0.061, 0.062, 0.061, 0.062, 0.062, 0.062]",0,2,20578304,send_recv,2,2
639,0.061,0.063,0.061916666666666655,0.062,0.00033124344857253014,"[0.062, 0.062, 0.063, 0.062, 0.062, 0.062, 0.062, 0.062, 0.062, 0.062, 0.062, 0.062, 0.062, 0.061, 0.062, 0.062, 0.061, 0.062, 0.062, 0.061, 0.062, 0.062, 0.062, 0.062, 0.062, 0.062, 0.062, 0.062, 0.062, 0.062, 0.062, 0.061, 0.062, 0.062, 0.062, 0.061, 0.062, 0.062, 0.062, 0.062, 0.062, 0.062, 0.062, 0.062, 0.062, 0.062, 0.062, 0.062, 0.062, 0.062, 0.062, 0.062, 0.062, 0.062, 0.062, 0.062, 0.062, 0.062, 0.062, 0.061]",0,2,20709376,send_recv,2,2
640,0.062,0.063,0.06201666666666665,0.062,0.00012801909579781022,"[0.062, 0.062, 0.062, 0.062, 0.062, 0.062, 0.062, 0.062, 0.062, 0.062, 0.062, 0.062, 0.062, 0.062, 0.062, 0.062, 0.062, 0.062, 0.062, 0.062, 0.062, 0.062, 0.062, 0.062, 0.062, 0.062, 0.062, 0.063, 0.062, 0.062, 0.062, 0.062, 0.062, 0.062, 0.062, 0.062, 0.062, 0.062, 0.062, 0.062, 0.062, 0.062, 0.062, 0.062, 0.062, 0.062, 0.062, 0.062, 0.062, 0.062, 0.062, 0.062, 0.062, 0.062, 0.062, 0.062, 0.062, 0.062, 0.062, 0.062]",0,2,20840448,send_recv,2,2
641,0.062,0.063,0.0626,0.063,0.000489897948556636,"[0.063, 0.063, 0.062, 0.062, 0.063, 0.063, 0.063, 0.063, 0.062, 0.062, 0.063, 0.063, 0.063, 0.063, 0.062, 0.062, 0.063, 0.063, 0.062, 0.063, 0.063, 0.062, 0.062, 0.062, 0.062, 0.063, 0.062, 0.063, 0.063, 0.063, 0.063, 0.063, 0.063, 0.062, 0.063, 0.063, 0.062, 0.063, 0.062, 0.062, 0.063, 0.062, 0.062, 0.062, 0.062, 0.063, 0.063, 0.063, 0.063, 0.062, 0.062, 0.063, 0.063, 0.063, 0.063, 0.063, 0.063, 0.062, 0.062, 0.063]",0,2,20971520,send_recv,2,2
642,0.063,0.064,0.06305000000000001,0.063,0.00021794494717703385,"[0.064, 0.063, 0.063, 0.063, 0.063, 0.063, 0.063, 0.063, 0.063, 0.063, 0.063, 0.063, 0.063, 0.063, 0.063, 0.063, 0.063, 0.063, 0.063, 0.063, 0.063, 0.063, 0.063, 0.063, 0.063, 0.063, 0.063, 0.063, 0.063, 0.063, 0.063, 0.063, 0.063, 0.063, 0.063, 0.063, 0.063, 0.063, 0.063, 0.063, 0.063, 0.063, 0.063, 0.063, 0.063, 0.064, 0.063, 0.063, 0.063, 0.063, 0.063, 0.063, 0.063, 0.063, 0.063, 0.063, 0.063, 0.064, 0.063, 0.063]",0,2,21102592,send_recv,2,2
643,0.063,0.064,0.06335,0.063,0.0004769696007084733,"[0.064, 0.063, 0.063, 0.063, 0.063, 0.064, 0.063, 0.064, 0.063, 0.064, 0.063, 0.063, 0.064, 0.063, 0.063, 0.063, 0.063, 0.063, 0.064, 0.063, 0.063, 0.064, 0.063, 0.064, 0.063, 0.063, 0.064, 0.064, 0.063, 0.064, 0.064, 0.063, 0.063, 0.064, 0.063, 0.064, 0.063, 0.064, 0.064, 0.064, 0.063, 0.063, 0.063, 0.063, 0.063, 0.063, 0.064, 0.063, 0.064, 0.063, 0.064, 0.063, 0.063, 0.063, 0.063, 0.063, 0.063, 0.063, 0.064, 0.063]",0,2,21233664,send_recv,2,2
644,0.063,0.064,0.06380000000000001,0.064,0.0004000000000000003,"[0.064, 0.064, 0.064, 0.063, 0.064, 0.064, 0.064, 0.064, 0.063, 0.063, 0.064, 0.064, 0.064, 0.064, 0.064, 0.064, 0.063, 0.064, 0.064, 0.064, 0.064, 0.064, 0.063, 0.063, 0.064, 0.064, 0.064, 0.064, 0.064, 0.064, 0.063, 0.064, 0.064, 0.063, 0.064, 0.063, 0.064, 0.064, 0.064, 0.064, 0.064, 0.064, 0.064, 0.064, 0.064, 0.064, 0.064, 0.064, 0.064, 0.063, 0.064, 0.064, 0.064, 0.064, 0.063, 0.064, 0.064, 0.064, 0.064, 0.063]",0,2,21364736,send_recv,2,2
645,0.063,0.064,0.06396666666666667,0.064,0.0001795054935711503,"[0.064, 0.064, 0.064, 0.064, 0.064, 0.064, 0.064, 0.064, 0.064, 0.064, 0.063, 0.064, 0.064, 0.064, 0.064, 0.064, 0.064, 0.064, 0.063, 0.064, 0.064, 0.064, 0.064, 0.064, 0.064, 0.064, 0.064, 0.064, 0.064, 0.064, 0.064, 0.064, 0.064, 0.064, 0.064, 0.064, 0.064, 0.064, 0.064, 0.064, 0.064, 0.064, 0.064, 0.064, 0.064, 0.064, 0.064, 0.064, 0.064, 0.064, 0.064, 0.064, 0.064, 0.064, 0.064, 0.064, 0.064, 0.064, 0.064, 0.064]",0,2,21495808,send_recv,2,2
646,0.064,0.065,0.06421666666666667,0.064,0.00041197356981027627,"[0.064, 0.064, 0.064, 0.065, 0.064, 0.065, 0.065, 0.064, 0.064, 0.064, 0.064, 0.064, 0.064, 0.065, 0.064, 0.064, 0.064, 0.064, 0.065, 0.064, 0.065, 0.064, 0.064, 0.064, 0.064, 0.064, 0.064, 0.064, 0.065, 0.065, 0.064, 0.064, 0.064, 0.064, 0.064, 0.065, 0.064, 0.065, 0.065, 0.064, 0.064, 0.065, 0.064, 0.064, 0.064, 0.064, 0.064, 0.064, 0.065, 0.064, 0.064, 0.064, 0.064, 0.064, 0.064, 0.064, 0.064, 0.064, 0.064, 0.064]",0,2,21626880,send_recv,2,2
647,0.064,0.065,0.0648,0.065,0.0004000000000000004,"[0.065, 0.065, 0.065, 0.065, 0.065, 0.064, 0.065, 0.065, 0.065, 0.065, 0.065, 0.065, 0.064, 0.064, 0.065, 0.065, 0.065, 0.065, 0.065, 0.064, 0.065, 0.065, 0.065, 0.065, 0.065, 0.065, 0.065, 0.065, 0.065, 0.065, 0.064, 0.065, 0.065, 0.065, 0.065, 0.064, 0.065, 0.064, 0.065, 0.064, 0.065, 0.065, 0.065, 0.065, 0.065, 0.065, 0.065, 0.064, 0.064, 0.065, 0.065, 0.065, 0.065, 0.064, 0.064, 0.065, 0.065, 0.065, 0.065, 0.065]",0,2,21757952,send_recv,2,2
648,0.064,0.066,0.06495000000000001,0.065,0.00028431203515386663,"[0.065, 0.065, 0.064, 0.065, 0.065, 0.065, 0.065, 0.065, 0.065, 0.065, 0.065, 0.065, 0.065, 0.065, 0.065, 0.065, 0.065, 0.065, 0.065, 0.065, 0.065, 0.065, 0.065, 0.065, 0.064, 0.065, 0.065, 0.065, 0.065, 0.065, 0.065, 0.065, 0.064, 0.065, 0.065, 0.066, 0.065, 0.065, 0.065, 0.065, 0.064, 0.065, 0.065, 0.065, 0.065, 0.065, 0.065, 0.065, 0.065, 0.065, 0.065, 0.065, 0.065, 0.065, 0.065, 0.065, 0.065, 0.065, 0.065, 0.065]",0,2,21889024,send_recv,2,2
649,0.065,0.066,0.06521666666666666,0.065,0.0004119735698102762,"[0.066, 0.065, 0.066, 0.066, 0.065, 0.065, 0.065, 0.065, 0.066, 0.066, 0.066, 0.065, 0.065, 0.065, 0.066, 0.065, 0.065, 0.065, 0.065, 0.065, 0.065, 0.065, 0.066, 0.065, 0.065, 0.066, 0.065, 0.065, 0.065, 0.066, 0.066, 0.065, 0.065, 0.065, 0.065, 0.065, 0.066, 0.065, 0.065, 0.065, 0.065, 0.065, 0.065, 0.065, 0.065, 0.065, 0.065, 0.065, 0.065, 0.065, 0.065, 0.065, 0.065, 0.065, 0.065, 0.065, 0.066, 0.065, 0.065, 0.065]",0,2,22020096,send_recv,2,2
650,0.065,0.066,0.06583333333333333,0.066,0.00037267799624996525,"[0.066, 0.066, 0.065, 0.066, 0.066, 0.066, 0.066, 0.066, 0.066, 0.066, 0.066, 0.065, 0.066, 0.066, 0.066, 0.066, 0.066, 0.066, 0.065, 0.065, 0.065, 0.066, 0.066, 0.066, 0.066, 0.066, 0.066, 0.065, 0.065, 0.066, 0.065, 0.066, 0.066, 0.066, 0.066, 0.066, 0.066, 0.066, 0.066, 0.066, 0.066, 0.066, 0.066, 0.066, 0.066, 0.065, 0.066, 0.065, 0.066, 0.066, 0.066, 0.066, 0.066, 0.066, 0.066, 0.066, 0.066, 0.066, 0.066, 0.066]",0,2,22151168,send_recv,2,2
651,0.066,0.067,0.06606666666666666,0.066,0.00024944382578492966,"[0.066, 0.066, 0.066, 0.066, 0.066, 0.066, 0.066, 0.066, 0.066, 0.066, 0.066, 0.066, 0.066, 0.066, 0.066, 0.066, 0.066, 0.067, 0.066, 0.066, 0.066, 0.066, 0.066, 0.066, 0.066, 0.066, 0.066, 0.066, 0.066, 0.066, 0.066, 0.066, 0.066, 0.066, 0.066, 0.066, 0.067, 0.066, 0.066, 0.066, 0.066, 0.066, 0.066, 0.067, 0.066, 0.066, 0.066, 0.066, 0.066, 0.066, 0.067, 0.066, 0.066, 0.066, 0.066, 0.066, 0.066, 0.066, 0.066, 0.066]",0,2,22282240,send_recv,2,2
652,0.066,0.067,0.06641666666666667,0.066,0.0004930066485916351,"[0.066, 0.066, 0.066, 0.067, 0.067, 0.067, 0.066, 0.066, 0.066, 0.066, 0.067, 0.067, 0.067, 0.067, 0.067, 0.067, 0.067, 0.066, 0.067, 0.066, 0.067, 0.066, 0.066, 0.067, 0.066, 0.066, 0.067, 0.066, 0.066, 0.066, 0.066, 0.067, 0.066, 0.066, 0.066, 0.067, 0.066, 0.066, 0.067, 0.067, 0.066, 0.066, 0.067, 0.066, 0.066, 0.067, 0.066, 0.067, 0.067, 0.066, 0.066, 0.066, 0.066, 0.066, 0.066, 0.067, 0.066, 0.067, 0.067, 0.066]",0,2,22413312,send_recv,2,2
653,0.066,0.067,0.06685000000000002,0.067,0.0003570714214271428,"[0.067, 0.067, 0.067, 0.067, 0.067, 0.066, 0.066, 0.067, 0.067, 0.066, 0.067, 0.067, 0.067, 0.067, 0.067, 0.067, 0.067, 0.066, 0.067, 0.067, 0.067, 0.067, 0.067, 0.067, 0.067, 0.066, 0.067, 0.067, 0.067, 0.067, 0.067, 0.067, 0.067, 0.066, 0.067, 0.067, 0.067, 0.067, 0.066, 0.067, 0.067, 0.066, 0.067, 0.067, 0.067, 0.067, 0.067, 0.067, 0.067, 0.066, 0.067, 0.067, 0.067, 0.067, 0.067, 0.067, 0.067, 0.067, 0.067, 0.067]",0,2,22544384,send_recv,2,2
654,0.067,0.068,0.0671,0.067,0.00030000000000000024,"[0.068, 0.068, 0.067, 0.067, 0.067, 0.068, 0.067, 0.067, 0.067, 0.068, 0.067, 0.067, 0.067, 0.067, 0.067, 0.067, 0.067, 0.067, 0.067, 0.067, 0.067, 0.067, 0.067, 0.067, 0.067, 0.067, 0.067, 0.067, 0.068, 0.067, 0.067, 0.067, 0.067, 0.067, 0.067, 0.067, 0.067, 0.067, 0.067, 0.067, 0.067, 0.067, 0.067, 0.067, 0.068, 0.067, 0.067, 0.067, 0.067, 0.067, 0.067, 0.067, 0.067, 0.067, 0.067, 0.067, 0.067, 0.067, 0.067, 0.067]",0,2,22675456,send_recv,2,2
655,0.067,0.068,0.06745000000000001,0.067,0.0004974937185533104,"[0.067, 0.067, 0.068, 0.068, 0.067, 0.067, 0.067, 0.068, 0.068, 0.068, 0.067, 0.068, 0.067, 0.067, 0.068, 0.067, 0.067, 0.068, 0.068, 0.067, 0.068, 0.067, 0.068, 0.068, 0.067, 0.068, 0.068, 0.067, 0.068, 0.067, 0.068, 0.068, 0.067, 0.067, 0.068, 0.068, 0.068, 0.067, 0.067, 0.067, 0.067, 0.068, 0.067, 0.067, 0.067, 0.068, 0.067, 0.067, 0.067, 0.068, 0.067, 0.068, 0.067, 0.067, 0.067, 0.068, 0.067, 0.068, 0.068, 0.067]",0,2,22806528,send_recv,2,2
656,0.067,0.068,0.06793333333333333,0.068,0.00024944382578492966,"[0.067, 0.068, 0.068, 0.068, 0.068, 0.068, 0.068, 0.068, 0.068, 0.068, 0.068, 0.068, 0.068, 0.068, 0.067, 0.068, 0.068, 0.068, 0.068, 0.068, 0.068, 0.068, 0.068, 0.068, 0.068, 0.068, 0.068, 0.068, 0.068, 0.068, 0.068, 0.068, 0.068, 0.067, 0.068, 0.068, 0.068, 0.068, 0.068, 0.068, 0.068, 0.068, 0.068, 0.068, 0.067, 0.068, 0.068, 0.068, 0.068, 0.068, 0.068, 0.068, 0.068, 0.068, 0.068, 0.068, 0.068, 0.068, 0.068, 0.068]",0,2,22937600,send_recv,2,2
657,0.067,0.069,0.06804999999999999,0.068,0.0002843120351538666,"[0.068, 0.068, 0.068, 0.068, 0.068, 0.068, 0.068, 0.068, 0.068, 0.068, 0.068, 0.069, 0.068, 0.068, 0.068, 0.068, 0.068, 0.068, 0.068, 0.068, 0.068, 0.068, 0.068, 0.067, 0.069, 0.068, 0.068, 0.068, 0.068, 0.068, 0.068, 0.068, 0.068, 0.068, 0.068, 0.068, 0.068, 0.068, 0.068, 0.068, 0.068, 0.068, 0.068, 0.069, 0.068, 0.068, 0.068, 0.068, 0.069, 0.068, 0.068, 0.068, 0.068, 0.068, 0.068, 0.068, 0.068, 0.068, 0.068, 0.068]",0,2,23068672,send_recv,2,2
658,0.068,0.069,0.06871666666666666,0.069,0.0004506168611531929,"[0.069, 0.069, 0.069, 0.068, 0.068, 0.068, 0.069, 0.069, 0.069, 0.069, 0.068, 0.068, 0.069, 0.068, 0.069, 0.069, 0.069, 0.069, 0.069, 0.069, 0.069, 0.069, 0.069, 0.069, 0.068, 0.069, 0.068, 0.069, 0.069, 0.069, 0.068, 0.069, 0.069, 0.069, 0.068, 0.068, 0.069, 0.069, 0.069, 0.069, 0.069, 0.069, 0.068, 0.068, 0.068, 0.069, 0.069, 0.069, 0.069, 0.069, 0.068, 0.069, 0.069, 0.069, 0.069, 0.069, 0.069, 0.069, 0.068, 0.068]",0,2,23199744,send_recv,2,2
659,0.068,0.07,0.06895000000000001,0.069,0.00028431203515386663,"[0.069, 0.069, 0.069, 0.069, 0.069, 0.069, 0.069, 0.069, 0.069, 0.069, 0.069, 0.069, 0.069, 0.069, 0.069, 0.069, 0.069, 0.069, 0.069, 0.069, 0.069, 0.069, 0.069, 0.069, 0.068, 0.069, 0.069, 0.069, 0.069, 0.069, 0.069, 0.069, 0.069, 0.069, 0.069, 0.068, 0.069, 0.069, 0.069, 0.069, 0.068, 0.069, 0.069, 0.069, 0.069, 0.069, 0.069, 0.069, 0.069, 0.069, 0.069, 0.069, 0.069, 0.069, 0.07, 0.069, 0.069, 0.069, 0.069, 0.068]",0,2,23330816,send_recv,2,2
660,0.069,0.07,0.06926666666666667,0.069,0.0004422166387140537,"[0.069, 0.069, 0.069, 0.069, 0.069, 0.07, 0.07, 0.069, 0.069, 0.07, 0.069, 0.069, 0.069, 0.069, 0.069, 0.069, 0.069, 0.069, 0.069, 0.07, 0.07, 0.07, 0.069, 0.069, 0.07, 0.069, 0.069, 0.069, 0.069, 0.069, 0.069, 0.069, 0.069, 0.07, 0.069, 0.069, 0.069, 0.069, 0.07, 0.069, 0.07, 0.069, 0.07, 0.069, 0.07, 0.069, 0.069, 0.07, 0.069, 0.069, 0.069, 0.07, 0.069, 0.069, 0.069, 0.069, 0.069, 0.07, 0.069, 0.07]",0,2,23461888,send_recv,2,2
661,0.069,0.07,0.06970000000000001,0.07,0.0004582575694955845,"[0.07, 0.069, 0.07, 0.07, 0.07, 0.07, 0.07, 0.069, 0.07, 0.069, 0.07, 0.069, 0.07, 0.069, 0.069, 0.07, 0.07, 0.07, 0.07, 0.07, 0.07, 0.07, 0.07, 0.07, 0.07, 0.069, 0.07, 0.07, 0.07, 0.069, 0.07, 0.069, 0.07, 0.07, 0.069, 0.069, 0.069, 0.07, 0.07, 0.07, 0.07, 0.07, 0.069, 0.07, 0.07, 0.07, 0.07, 0.069, 0.07, 0.07, 0.07, 0.069, 0.07, 0.069, 0.07, 0.07, 0.07, 0.069, 0.069, 0.07]",0,2,23592960,send_recv,2,2
662,0.069,0.07,0.06996666666666668,0.07,0.0001795054935711503,"[0.07, 0.07, 0.07, 0.07, 0.07, 0.069, 0.07, 0.07, 0.07, 0.07, 0.07, 0.07, 0.07, 0.07, 0.07, 0.069, 0.07, 0.07, 0.07, 0.07, 0.07, 0.07, 0.07, 0.07, 0.07, 0.07, 0.07, 0.07, 0.07, 0.07, 0.07, 0.07, 0.07, 0.07, 0.07, 0.07, 0.07, 0.07, 0.07, 0.07, 0.07, 0.07, 0.07, 0.07, 0.07, 0.07, 0.07, 0.07, 0.07, 0.07, 0.07, 0.07, 0.07, 0.07, 0.07, 0.07, 0.07, 0.07, 0.07, 0.07]",0,2,23724032,send_recv,2,2
663,0.07,0.07100000000000001,0.07020000000000001,0.07,0.00040000000000000034,"[0.07, 0.07, 0.07100000000000001, 0.07, 0.07, 0.07, 0.07, 0.07, 0.07, 0.07, 0.07, 0.07, 0.07100000000000001, 0.07, 0.07, 0.07, 0.07100000000000001, 0.07, 0.07, 0.07, 0.07, 0.07, 0.07100000000000001, 0.07, 0.07, 0.07100000000000001, 0.07100000000000001, 0.07, 0.07, 0.07, 0.07, 0.07, 0.07, 0.07, 0.07, 0.07, 0.07, 0.07100000000000001, 0.07, 0.07, 0.07100000000000001, 0.07100000000000001, 0.07100000000000001, 0.07, 0.07, 0.07, 0.07, 0.07, 0.07, 0.07, 0.07, 0.07100000000000001, 0.07, 0.07, 0.07, 0.07, 0.07, 0.07, 0.07100000000000001, 0.07]",0,2,23855104,send_recv,2,2
664,0.07,0.07100000000000001,0.07063333333333334,0.07100000000000001,0.00048189440982669907,"[0.07100000000000001, 0.07, 0.07100000000000001, 0.07100000000000001, 0.07100000000000001, 0.07100000000000001, 0.07100000000000001, 0.07, 0.07, 0.07100000000000001, 0.07100000000000001, 0.07, 0.07, 0.07, 0.07100000000000001, 0.07, 0.07100000000000001, 0.07, 0.07, 0.07100000000000001, 0.07, 0.07, 0.07100000000000001, 0.07100000000000001, 0.07, 0.07100000000000001, 0.07100000000000001, 0.07100000000000001, 0.07, 0.07, 0.07100000000000001, 0.07100000000000001, 0.07100000000000001, 0.07, 0.07, 0.07100000000000001, 0.07, 0.07100000000000001, 0.07100000000000001, 0.07100000000000001, 0.07100000000000001, 0.07100000000000001, 0.07100000000000001, 0.07100000000000001, 0.07, 0.07100000000000001, 0.07, 0.07100000000000001, 0.07100000000000001, 0.07100000000000001, 0.07100000000000001, 0.07, 0.07100000000000001, 0.07100000000000001, 0.07100000000000001, 0.07100000000000001, 0.07100000000000001, 0.07, 0.07100000000000001, 0.07]",0,2,23986176,send_recv,2,2
665,0.07,0.07200000000000001,0.07098333333333333,0.07100000000000001,0.00022298480267099444,"[0.07100000000000001, 0.07100000000000001, 0.07100000000000001, 0.07100000000000001, 0.07100000000000001, 0.07100000000000001, 0.07100000000000001, 0.07100000000000001, 0.07100000000000001, 0.07100000000000001, 0.07100000000000001, 0.07100000000000001, 0.07100000000000001, 0.07100000000000001, 0.07100000000000001, 0.07100000000000001, 0.07100000000000001, 0.07100000000000001, 0.07100000000000001, 0.07100000000000001, 0.07100000000000001, 0.07100000000000001, 0.07100000000000001, 0.07100000000000001, 0.07100000000000001, 0.07, 0.07100000000000001, 0.07100000000000001, 0.07100000000000001, 0.07100000000000001, 0.07100000000000001, 0.07100000000000001, 0.07100000000000001, 0.07100000000000001, 0.07100000000000001, 0.07100000000000001, 0.07100000000000001, 0.07100000000000001, 0.07100000000000001, 0.07100000000000001, 0.07100000000000001, 0.07100000000000001, 0.07100000000000001, 0.07100000000000001, 0.07100000000000001, 0.07200000000000001, 0.07100000000000001, 0.07100000000000001, 0.07100000000000001, 0.07, 0.07100000000000001, 0.07100000000000001, 0.07100000000000001, 0.07100000000000001, 0.07100000000000001, 0.07100000000000001, 0.07100000000000001, 0.07100000000000001, 0.07100000000000001, 0.07100000000000001]",0,2,24117248,send_recv,2,2
666,0.07100000000000001,0.07200000000000001,0.07148333333333334,0.07100000000000001,0.0004997221450188321,"[0.07200000000000001, 0.07200000000000001, 0.07100000000000001, 0.07100000000000001, 0.07200000000000001, 0.07200000000000001, 0.07100000000000001, 0.07100000000000001, 0.07200000000000001, 0.07100000000000001, 0.07200000000000001, 0.07100000000000001, 0.07100000000000001, 0.07200000000000001, 0.07100000000000001, 0.07100000000000001, 0.07200000000000001, 0.07100000000000001, 0.07200000000000001, 0.07100000000000001, 0.07100000000000001, 0.07200000000000001, 0.07100000000000001, 0.07200000000000001, 0.07200000000000001, 0.07200000000000001, 0.07200000000000001, 0.07100000000000001, 0.07100000000000001, 0.07100000000000001, 0.07200000000000001, 0.07200000000000001, 0.07200000000000001, 0.07100000000000001, 0.07100000000000001, 0.07100000000000001, 0.07200000000000001, 0.07200000000000001, 0.07200000000000001, 0.07100000000000001, 0.07200000000000001, 0.07100000000000001, 0.07200000000000001, 0.07200000000000001, 0.07100000000000001, 0.07100000000000001, 0.07100000000000001, 0.07100000000000001, 0.07100000000000001, 0.07100000000000001, 0.07100000000000001, 0.07200000000000001, 0.07200000000000001, 0.07200000000000001, 0.07200000000000001, 0.07100000000000001, 0.07100000000000001, 0.07200000000000001, 0.07100000000000001, 0.07200000000000001]",0,2,24248320,send_recv,2,2
667,0.07100000000000001,0.07200000000000001,0.07191666666666667,0.07200000000000001,0.0002763853991962836,"[0.07200000000000001, 0.07100000000000001, 0.07200000000000001, 0.07200000000000001, 0.07200000000000001, 0.07200000000000001, 0.07200000000000001, 0.07200000000000001, 0.07200000000000001, 0.07200000000000001, 0.07200000000000001, 0.07200000000000001, 0.07200000000000001, 0.07200000000000001, 0.07200000000000001, 0.07200000000000001, 0.07200000000000001, 0.07200000000000001, 0.07200000000000001, 0.07200000000000001, 0.07200000000000001, 0.07200000000000001, 0.07200000000000001, 0.07200000000000001, 0.07200000000000001, 0.07200000000000001, 0.07200000000000001, 0.07200000000000001, 0.07200000000000001, 0.07200000000000001, 0.07200000000000001, 0.07200000000000001, 0.07200000000000001, 0.07200000000000001, 0.07200000000000001, 0.07100000000000001, 0.07100000000000001, 0.07200000000000001, 0.07200000000000001, 0.07200000000000001, 0.07200000000000001, 0.07200000000000001, 0.07200000000000001, 0.07200000000000001, 0.07200000000000001, 0.07200000000000001, 0.07200000000000001, 0.07200000000000001, 0.07200000000000001, 0.07100000000000001, 0.07200000000000001, 0.07200000000000001, 0.07200000000000001, 0.07200000000000001, 0.07200000000000001, 0.07100000000000001, 0.07200000000000001, 0.07200000000000001, 0.07200000000000001, 0.07200000000000001]",0,2,24379392,send_recv,2,2
668,0.07200000000000001,0.073,0.07210000000000003,0.07200000000000001,0.0002999999999999961,"[0.07200000000000001, 0.07200000000000001, 0.07200000000000001, 0.07200000000000001, 0.073, 0.07200000000000001, 0.07200000000000001, 0.073, 0.07200000000000001, 0.07200000000000001, 0.07200000000000001, 0.07200000000000001, 0.07200000000000001, 0.07200000000000001, 0.07200000000000001, 0.07200000000000001, 0.07200000000000001, 0.07200000000000001, 0.073, 0.07200000000000001, 0.07200000000000001, 0.07200000000000001, 0.07200000000000001, 0.07200000000000001, 0.07200000000000001, 0.07200000000000001, 0.07200000000000001, 0.07200000000000001, 0.07200000000000001, 0.07200000000000001, 0.07200000000000001, 0.07200000000000001, 0.07200000000000001, 0.07200000000000001, 0.07200000000000001, 0.073, 0.07200000000000001, 0.07200000000000001, 0.07200000000000001, 0.073, 0.07200000000000001, 0.07200000000000001, 0.07200000000000001, 0.07200000000000001, 0.07200000000000001, 0.07200000000000001, 0.07200000000000001, 0.07200000000000001, 0.07200000000000001, 0.07200000000000001, 0.07200000000000001, 0.07200000000000001, 0.07200000000000001, 0.07200000000000001, 0.07200000000000001, 0.07200000000000001, 0.07200000000000001, 0.073, 0.07200000000000001, 0.07200000000000001]",0,2,24510464,send_recv,2,2
669,0.07200000000000001,0.073,0.07245000000000003,0.07200000000000001,0.0004974937185533034,"[0.07200000000000001, 0.07200000000000001, 0.07200000000000001, 0.07200000000000001, 0.073, 0.07200000000000001, 0.073, 0.073, 0.073, 0.07200000000000001, 0.07200000000000001, 0.07200000000000001, 0.073, 0.07200000000000001, 0.073, 0.073, 0.07200000000000001, 0.07200000000000001, 0.073, 0.07200000000000001, 0.073, 0.07200000000000001, 0.073, 0.07200000000000001, 0.07200000000000001, 0.07200000000000001, 0.07200000000000001, 0.073, 0.07200000000000001, 0.07200000000000001, 0.07200000000000001, 0.073, 0.073, 0.073, 0.073, 0.07200000000000001, 0.073, 0.073, 0.07200000000000001, 0.07200000000000001, 0.073, 0.07200000000000001, 0.07200000000000001, 0.07200000000000001, 0.073, 0.07200000000000001, 0.07200000000000001, 0.073, 0.073, 0.07200000000000001, 0.073, 0.07200000000000001, 0.073, 0.07200000000000001, 0.073, 0.073, 0.07200000000000001, 0.073, 0.073, 0.07200000000000001]",0,2,24641536,send_recv,2,2
670,0.07200000000000001,0.073,0.07280000000000003,0.073,0.00039999999999999487,"[0.07200000000000001, 0.073, 0.073, 0.073, 0.073, 0.073, 0.07200000000000001, 0.073, 0.073, 0.07200000000000001, 0.073, 0.073, 0.073, 0.073, 0.07200000000000001, 0.073, 0.073, 0.073, 0.073, 0.073, 0.073, 0.073, 0.07200000000000001, 0.07200000000000001, 0.073, 0.073, 0.073, 0.073, 0.073, 0.073, 0.073, 0.07200000000000001, 0.073, 0.073, 0.073, 0.073, 0.073, 0.073, 0.073, 0.073, 0.073, 0.073, 0.073, 0.073, 0.073, 0.073, 0.07200000000000001, 0.07200000000000001, 0.07200000000000001, 0.073, 0.073, 0.07200000000000001, 0.073, 0.07200000000000001, 0.073, 0.073, 0.073, 0.073, 0.073, 0.073]",0,2,24772608,send_recv,2,2
671,0.07200000000000001,0.074,0.0730666666666667,0.073,0.00030912061651652297,"[0.073, 0.073, 0.073, 0.073, 0.073, 0.073, 0.073, 0.073, 0.073, 0.073, 0.073, 0.073, 0.073, 0.073, 0.073, 0.073, 0.073, 0.073, 0.074, 0.073, 0.073, 0.073, 0.073, 0.073, 0.073, 0.074, 0.073, 0.074, 0.07200000000000001, 0.073, 0.073, 0.073, 0.073, 0.073, 0.074, 0.073, 0.073, 0.073, 0.073, 0.073, 0.073, 0.073, 0.073, 0.073, 0.073, 0.073, 0.073, 0.073, 0.073, 0.074, 0.073, 0.073, 0.073, 0.073, 0.073, 0.073, 0.073, 0.073, 0.073, 0.073]",0,2,24903680,send_recv,2,2
672,0.073,0.074,0.07355,0.074,0.0004974937185533105,"[0.073, 0.073, 0.073, 0.073, 0.074, 0.074, 0.074, 0.074, 0.073, 0.074, 0.073, 0.074, 0.073, 0.073, 0.074, 0.074, 0.074, 0.074, 0.074, 0.074, 0.074, 0.074, 0.074, 0.073, 0.073, 0.073, 0.074, 0.073, 0.074, 0.074, 0.073, 0.073, 0.073, 0.073, 0.073, 0.073, 0.074, 0.074, 0.074, 0.074, 0.073, 0.074, 0.073, 0.074, 0.073, 0.074, 0.074, 0.074, 0.073, 0.073, 0.073, 0.074, 0.073, 0.074, 0.074, 0.074, 0.074, 0.074, 0.073, 0.073]",0,2,25034752,send_recv,2,2
673,0.073,0.075,0.07395,0.074,0.00028431203515386663,"[0.074, 0.074, 0.074, 0.074, 0.074, 0.074, 0.074, 0.074, 0.074, 0.074, 0.075, 0.074, 0.074, 0.073, 0.074, 0.074, 0.074, 0.074, 0.074, 0.074, 0.074, 0.074, 0.074, 0.074, 0.074, 0.074, 0.074, 0.074, 0.074, 0.074, 0.074, 0.074, 0.073, 0.074, 0.074, 0.074, 0.074, 0.074, 0.074, 0.074, 0.074, 0.074, 0.074, 0.074, 0.073, 0.074, 0.074, 0.074, 0.074, 0.074, 0.074, 0.074, 0.074, 0.074, 0.074, 0.074, 0.074, 0.074, 0.074, 0.073]",0,2,25165824,send_recv,2,2
674,0.075,0.076,0.07549999999999998,0.0755,0.0005000000000000004,"[0.075, 0.076, 0.075, 0.075, 0.075, 0.076, 0.075, 0.076, 0.075, 0.076, 0.075, 0.075, 0.076, 0.076, 0.075, 0.075, 0.075, 0.075, 0.076, 0.076, 0.076, 0.076, 0.075, 0.075, 0.076, 0.075, 0.076, 0.075, 0.075, 0.076, 0.076, 0.075, 0.076, 0.076, 0.075, 0.075, 0.076, 0.076, 0.075, 0.076, 0.075, 0.076, 0.075, 0.075, 0.075, 0.076, 0.075, 0.076, 0.075, 0.076, 0.076, 0.076, 0.075, 0.076, 0.075, 0.076, 0.076, 0.075, 0.076, 0.076]",0,2,25296896,send_recv,2,2
675,0.075,0.077,0.07594999999999998,0.076,0.0002843120351538666,"[0.076, 0.076, 0.076, 0.076, 0.076, 0.076, 0.076, 0.075, 0.076, 0.075, 0.076, 0.076, 0.076, 0.076, 0.076, 0.076, 0.076, 0.076, 0.076, 0.076, 0.076, 0.076, 0.076, 0.076, 0.077, 0.076, 0.076, 0.076, 0.076, 0.075, 0.076, 0.076, 0.076, 0.076, 0.076, 0.076, 0.075, 0.076, 0.076, 0.076, 0.076, 0.076, 0.076, 0.076, 0.076, 0.076, 0.076, 0.076, 0.076, 0.076, 0.076, 0.076, 0.076, 0.076, 0.076, 0.076, 0.076, 0.076, 0.076, 0.076]",0,2,25427968,send_recv,2,2
676,0.076,0.077,0.07621666666666664,0.076,0.00041197356981027616,"[0.076, 0.077, 0.076, 0.076, 0.076, 0.077, 0.076, 0.076, 0.076, 0.076, 0.076, 0.076, 0.076, 0.077, 0.076, 0.076, 0.076, 0.076, 0.076, 0.077, 0.077, 0.076, 0.076, 0.076, 0.076, 0.076, 0.077, 0.076, 0.077, 0.077, 0.076, 0.077, 0.076, 0.077, 0.076, 0.076, 0.076, 0.076, 0.076, 0.076, 0.076, 0.076, 0.076, 0.076, 0.076, 0.077, 0.076, 0.076, 0.076, 0.077, 0.076, 0.076, 0.076, 0.076, 0.076, 0.077, 0.076, 0.076, 0.076, 0.076]",0,2,25559040,send_recv,2,2
677,0.076,0.077,0.07658333333333331,0.077,0.0004930066485916351,"[0.077, 0.077, 0.077, 0.077, 0.076, 0.076, 0.077, 0.077, 0.077, 0.077, 0.077, 0.076, 0.077, 0.076, 0.076, 0.077, 0.077, 0.077, 0.077, 0.077, 0.077, 0.076, 0.077, 0.076, 0.077, 0.077, 0.077, 0.077, 0.076, 0.077, 0.077, 0.077, 0.077, 0.076, 0.076, 0.077, 0.076, 0.076, 0.077, 0.077, 0.076, 0.076, 0.076, 0.077, 0.077, 0.077, 0.076, 0.077, 0.077, 0.076, 0.076, 0.076, 0.076, 0.076, 0.077, 0.076, 0.076, 0.076, 0.077, 0.076]",0,2,25690112,send_recv,2,2
678,0.076,0.078,0.07698333333333333,0.077,0.00022298480267099444,"[0.077, 0.077, 0.077, 0.077, 0.077, 0.077, 0.077, 0.077, 0.077, 0.077, 0.077, 0.077, 0.077, 0.077, 0.077, 0.077, 0.077, 0.077, 0.077, 0.077, 0.077, 0.077, 0.077, 0.077, 0.077, 0.077, 0.077, 0.076, 0.077, 0.077, 0.077, 0.077, 0.077, 0.077, 0.077, 0.077, 0.077, 0.077, 0.077, 0.077, 0.077, 0.077, 0.077, 0.077, 0.077, 0.077, 0.077, 0.077, 0.076, 0.077, 0.077, 0.077, 0.077, 0.077, 0.078, 0.077, 0.077, 0.077, 0.077, 0.077]",0,2,25821184,send_recv,2,2
679,0.077,0.078,0.07726666666666666,0.077,0.0004422166387140537,"[0.077, 0.077, 0.077, 0.077, 0.077, 0.077, 0.077, 0.077, 0.078, 0.077, 0.077, 0.077, 0.077, 0.077, 0.078, 0.077, 0.077, 0.077, 0.077, 0.077, 0.078, 0.078, 0.078, 0.077, 0.077, 0.078, 0.078, 0.077, 0.077, 0.077, 0.077, 0.077, 0.077, 0.078, 0.077, 0.077, 0.077, 0.078, 0.078, 0.078, 0.077, 0.078, 0.077, 0.077, 0.077, 0.077, 0.078, 0.077, 0.077, 0.077, 0.078, 0.077, 0.078, 0.077, 0.077, 0.077, 0.078, 0.077, 0.077, 0.077]",0,2,25952256,send_recv,2,2
680,0.077,0.078,0.07761666666666668,0.078,0.00048619840486049454,"[0.077, 0.077, 0.078, 0.077, 0.078, 0.077, 0.078, 0.078, 0.078, 0.077, 0.077, 0.078, 0.078, 0.078, 0.078, 0.077, 0.077, 0.078, 0.078, 0.077, 0.078, 0.078, 0.078, 0.078, 0.078, 0.078, 0.077, 0.077, 0.077, 0.078, 0.077, 0.078, 0.078, 0.077, 0.077, 0.078, 0.077, 0.078, 0.078, 0.078, 0.077, 0.078, 0.078, 0.078, 0.077, 0.077, 0.078, 0.078, 0.077, 0.078, 0.078, 0.078, 0.077, 0.077, 0.078, 0.078, 0.077, 0.078, 0.078, 0.078]",0,2,26083328,send_recv,2,2
681,0.077,0.079,0.0779666666666667,0.078,0.0002560381915956205,"[0.078, 0.078, 0.078, 0.078, 0.078, 0.077, 0.078, 0.078, 0.078, 0.078, 0.078, 0.078, 0.079, 0.078, 0.078, 0.078, 0.078, 0.078, 0.077, 0.078, 0.078, 0.078, 0.078, 0.078, 0.078, 0.078, 0.078, 0.078, 0.078, 0.078, 0.078, 0.078, 0.078, 0.078, 0.078, 0.078, 0.078, 0.078, 0.078, 0.078, 0.078, 0.078, 0.078, 0.078, 0.078, 0.078, 0.078, 0.078, 0.078, 0.078, 0.078, 0.078, 0.078, 0.078, 0.077, 0.078, 0.078, 0.078, 0.078, 0.078]",0,2,26214400,send_recv,2,2
682,0.077,0.079,0.07801666666666668,0.078,0.0003411581581743123,"[0.078, 0.078, 0.078, 0.078, 0.079, 0.078, 0.078, 0.078, 0.078, 0.079, 0.078, 0.078, 0.078, 0.078, 0.078, 0.078, 0.078, 0.078, 0.078, 0.078, 0.078, 0.078, 0.077, 0.078, 0.078, 0.078, 0.077, 0.078, 0.078, 0.078, 0.078, 0.078, 0.078, 0.077, 0.078, 0.078, 0.078, 0.078, 0.078, 0.078, 0.078, 0.078, 0.078, 0.078, 0.078, 0.078, 0.078, 0.078, 0.078, 0.078, 0.078, 0.079, 0.078, 0.078, 0.078, 0.079, 0.078, 0.078, 0.078, 0.078]",0,2,26345472,send_recv,2,2
683,0.078,0.079,0.07836666666666668,0.078,0.0004818944098266991,"[0.079, 0.078, 0.078, 0.078, 0.079, 0.079, 0.079, 0.078, 0.079, 0.078, 0.078, 0.078, 0.079, 0.078, 0.078, 0.078, 0.079, 0.078, 0.079, 0.078, 0.079, 0.079, 0.078, 0.078, 0.079, 0.079, 0.078, 0.078, 0.078, 0.079, 0.078, 0.078, 0.079, 0.079, 0.078, 0.078, 0.079, 0.078, 0.078, 0.078, 0.079, 0.078, 0.078, 0.078, 0.079, 0.078, 0.078, 0.078, 0.079, 0.078, 0.078, 0.078, 0.079, 0.078, 0.079, 0.078, 0.078, 0.078, 0.079, 0.078]",0,2,26476544,send_recv,2,2
684,0.078,0.08,0.07878333333333334,0.079,0.0004506168611531929,"[0.078, 0.078, 0.079, 0.079, 0.079, 0.079, 0.079, 0.079, 0.078, 0.078, 0.079, 0.079, 0.079, 0.079, 0.08, 0.078, 0.078, 0.079, 0.079, 0.078, 0.079, 0.079, 0.079, 0.079, 0.079, 0.079, 0.079, 0.078, 0.079, 0.079, 0.079, 0.078, 0.079, 0.079, 0.079, 0.079, 0.079, 0.079, 0.079, 0.079, 0.078, 0.079, 0.079, 0.079, 0.079, 0.079, 0.079, 0.079, 0.078, 0.079, 0.079, 0.078, 0.079, 0.079, 0.079, 0.079, 0.078, 0.078, 0.079, 0.079]",0,2,26607616,send_recv,2,2
685,0.078,0.08,0.07905,0.079,0.00028431203515386663,"[0.079, 0.079, 0.08, 0.079, 0.079, 0.078, 0.079, 0.079, 0.079, 0.079, 0.079, 0.079, 0.08, 0.079, 0.079, 0.079, 0.079, 0.079, 0.079, 0.079, 0.079, 0.079, 0.079, 0.079, 0.079, 0.079, 0.079, 0.08, 0.079, 0.079, 0.079, 0.079, 0.079, 0.079, 0.079, 0.079, 0.079, 0.079, 0.079, 0.079, 0.079, 0.079, 0.079, 0.079, 0.079, 0.079, 0.08, 0.079, 0.079, 0.079, 0.079, 0.079, 0.079, 0.079, 0.079, 0.079, 0.079, 0.079, 0.079, 0.079]",0,2,26738688,send_recv,2,2
686,0.078,0.08,0.07951666666666668,0.08,0.0005320296566504127,"[0.08, 0.079, 0.079, 0.08, 0.079, 0.079, 0.08, 0.079, 0.079, 0.08, 0.078, 0.08, 0.079, 0.08, 0.08, 0.08, 0.079, 0.08, 0.079, 0.08, 0.08, 0.08, 0.079, 0.079, 0.08, 0.079, 0.079, 0.08, 0.079, 0.079, 0.08, 0.08, 0.079, 0.08, 0.079, 0.08, 0.08, 0.079, 0.08, 0.08, 0.08, 0.08, 0.079, 0.08, 0.08, 0.079, 0.08, 0.079, 0.08, 0.08, 0.079, 0.08, 0.079, 0.079, 0.079, 0.079, 0.079, 0.08, 0.08, 0.08]",0,2,26869760,send_recv,2,2
687,0.079,0.08,0.07988333333333335,0.08,0.000321022671404304,"[0.08, 0.08, 0.08, 0.079, 0.08, 0.08, 0.079, 0.08, 0.08, 0.08, 0.079, 0.08, 0.08, 0.08, 0.08, 0.08, 0.08, 0.08, 0.08, 0.08, 0.08, 0.08, 0.079, 0.08, 0.08, 0.08, 0.079, 0.079, 0.08, 0.08, 0.08, 0.079, 0.08, 0.08, 0.08, 0.08, 0.08, 0.08, 0.08, 0.08, 0.08, 0.08, 0.08, 0.08, 0.08, 0.08, 0.08, 0.08, 0.08, 0.08, 0.08, 0.08, 0.08, 0.08, 0.08, 0.08, 0.08, 0.08, 0.08, 0.08]",0,2,27000832,send_recv,2,2
688,0.08,0.081,0.08010000000000002,0.08,0.0003000000000000003,"[0.08, 0.08, 0.08, 0.08, 0.08, 0.08, 0.08, 0.08, 0.08, 0.08, 0.08, 0.08, 0.08, 0.081, 0.08, 0.08, 0.08, 0.08, 0.08, 0.08, 0.08, 0.08, 0.08, 0.08, 0.08, 0.08, 0.081, 0.08, 0.08, 0.08, 0.08, 0.08, 0.08, 0.08, 0.08, 0.08, 0.08, 0.081, 0.08, 0.08, 0.081, 0.08, 0.08, 0.08, 0.08, 0.08, 0.08, 0.08, 0.08, 0.08, 0.08, 0.08, 0.08, 0.08, 0.08, 0.081, 0.08, 0.08, 0.08, 0.081]",0,2,27131904,send_recv,2,2
689,0.08,0.081,0.08048333333333337,0.08,0.0004997221450188321,"[0.08, 0.081, 0.08, 0.081, 0.081, 0.08, 0.081, 0.081, 0.08, 0.08, 0.08, 0.081, 0.081, 0.08, 0.081, 0.081, 0.081, 0.08, 0.08, 0.08, 0.08, 0.08, 0.081, 0.081, 0.081, 0.08, 0.081, 0.08, 0.08, 0.081, 0.08, 0.081, 0.081, 0.08, 0.08, 0.08, 0.08, 0.08, 0.08, 0.081, 0.08, 0.08, 0.08, 0.081, 0.081, 0.08, 0.081, 0.081, 0.081, 0.081, 0.08, 0.081, 0.081, 0.08, 0.081, 0.08, 0.081, 0.08, 0.08, 0.081]",0,2,27262976,send_recv,2,2
690,0.08,0.081,0.0809166666666667,0.081,0.0002763853991962835,"[0.081, 0.081, 0.081, 0.081, 0.081, 0.081, 0.081, 0.081, 0.081, 0.081, 0.08, 0.081, 0.081, 0.081, 0.081, 0.081, 0.081, 0.081, 0.081, 0.081, 0.081, 0.081, 0.08, 0.08, 0.081, 0.081, 0.081, 0.081, 0.081, 0.081, 0.081, 0.081, 0.081, 0.081, 0.081, 0.081, 0.081, 0.081, 0.081, 0.081, 0.081, 0.081, 0.081, 0.081, 0.081, 0.081, 0.081, 0.081, 0.081, 0.08, 0.08, 0.081, 0.081, 0.081, 0.081, 0.081, 0.081, 0.081, 0.081, 0.081]",0,2,27394048,send_recv,2,2
691,0.081,0.082,0.08113333333333336,0.081,0.0003399346342395193,"[0.082, 0.082, 0.081, 0.081, 0.081, 0.081, 0.081, 0.081, 0.082, 0.081, 0.081, 0.081, 0.081, 0.081, 0.081, 0.081, 0.082, 0.081, 0.081, 0.081, 0.081, 0.081, 0.081, 0.081, 0.081, 0.082, 0.081, 0.081, 0.082, 0.081, 0.081, 0.081, 0.082, 0.081, 0.081, 0.081, 0.081, 0.081, 0.081, 0.081, 0.081, 0.081, 0.081, 0.081, 0.081, 0.081, 0.081, 0.081, 0.081, 0.082, 0.081, 0.081, 0.081, 0.081, 0.081, 0.081, 0.081, 0.081, 0.081, 0.081]",0,2,27525120,send_recv,2,2
692,0.081,0.082,0.08146666666666667,0.081,0.0004988876515698593,"[0.082, 0.082, 0.082, 0.081, 0.082, 0.082, 0.081, 0.082, 0.081, 0.081, 0.081, 0.082, 0.081, 0.082, 0.081, 0.082, 0.081, 0.081, 0.082, 0.081, 0.081, 0.082, 0.081, 0.081, 0.081, 0.082, 0.082, 0.082, 0.081, 0.082, 0.081, 0.082, 0.081, 0.081, 0.081, 0.082, 0.081, 0.081, 0.081, 0.082, 0.082, 0.081, 0.081, 0.082, 0.081, 0.082, 0.081, 0.081, 0.081, 0.081, 0.082, 0.081, 0.082, 0.082, 0.082, 0.082, 0.081, 0.082, 0.081, 0.082]",0,2,27656192,send_recv,2,2
693,0.081,0.083,0.08183333333333337,0.082,0.0004533823502911818,"[0.082, 0.082, 0.083, 0.082, 0.082, 0.082, 0.081, 0.082, 0.082, 0.082, 0.082, 0.082, 0.082, 0.082, 0.082, 0.081, 0.082, 0.082, 0.082, 0.082, 0.082, 0.082, 0.082, 0.082, 0.082, 0.082, 0.083, 0.082, 0.082, 0.082, 0.082, 0.082, 0.082, 0.081, 0.082, 0.082, 0.082, 0.082, 0.082, 0.081, 0.082, 0.082, 0.082, 0.082, 0.081, 0.081, 0.082, 0.082, 0.082, 0.081, 0.082, 0.082, 0.082, 0.081, 0.081, 0.082, 0.082, 0.081, 0.081, 0.081]",0,2,27787264,send_recv,2,2
694,0.082,0.083,0.08216666666666667,0.082,0.0003726779962499652,"[0.082, 0.082, 0.082, 0.082, 0.082, 0.082, 0.082, 0.083, 0.083, 0.083, 0.082, 0.082, 0.082, 0.082, 0.082, 0.082, 0.082, 0.083, 0.082, 0.082, 0.082, 0.083, 0.082, 0.083, 0.082, 0.082, 0.082, 0.083, 0.082, 0.082, 0.082, 0.082, 0.082, 0.082, 0.082, 0.082, 0.082, 0.082, 0.082, 0.082, 0.082, 0.082, 0.082, 0.082, 0.082, 0.082, 0.082, 0.083, 0.083, 0.082, 0.082, 0.082, 0.082, 0.082, 0.082, 0.083, 0.082, 0.082, 0.082, 0.082]",0,2,27918336,send_recv,2,2
695,0.082,0.083,0.08241666666666667,0.082,0.0004930066485916352,"[0.082, 0.083, 0.082, 0.082, 0.083, 0.082, 0.083, 0.082, 0.083, 0.083, 0.082, 0.083, 0.083, 0.082, 0.082, 0.082, 0.083, 0.082, 0.082, 0.082, 0.082, 0.083, 0.082, 0.083, 0.083, 0.083, 0.082, 0.082, 0.082, 0.082, 0.083, 0.082, 0.082, 0.082, 0.083, 0.083, 0.082, 0.082, 0.083, 0.082, 0.083, 0.083, 0.083, 0.083, 0.083, 0.082, 0.083, 0.082, 0.082, 0.082, 0.082, 0.082, 0.082, 0.083, 0.083, 0.082, 0.082, 0.082, 0.083, 0.082]",0,2,28049408,send_recv,2,2
696,0.082,0.084,0.08290000000000002,0.083,0.000351188458428425,"[0.083, 0.083, 0.083, 0.083, 0.082, 0.083, 0.083, 0.083, 0.083, 0.083, 0.083, 0.083, 0.083, 0.083, 0.083, 0.083, 0.083, 0.083, 0.084, 0.083, 0.083, 0.083, 0.083, 0.083, 0.083, 0.082, 0.083, 0.083, 0.083, 0.083, 0.083, 0.083, 0.082, 0.082, 0.083, 0.083, 0.083, 0.083, 0.083, 0.083, 0.082, 0.083, 0.083, 0.083, 0.082, 0.083, 0.083, 0.083, 0.082, 0.083, 0.083, 0.083, 0.083, 0.083, 0.083, 0.083, 0.083, 0.083, 0.083, 0.083]",0,2,28180480,send_recv,2,2
697,0.083,0.084,0.08321666666666667,0.083,0.00041197356981027627,"[0.084, 0.083, 0.083, 0.083, 0.083, 0.083, 0.083, 0.083, 0.083, 0.083, 0.083, 0.083, 0.084, 0.083, 0.083, 0.083, 0.084, 0.083, 0.083, 0.083, 0.083, 0.084, 0.084, 0.083, 0.083, 0.083, 0.083, 0.083, 0.083, 0.083, 0.083, 0.084, 0.084, 0.084, 0.084, 0.083, 0.083, 0.084, 0.083, 0.083, 0.083, 0.083, 0.083, 0.084, 0.084, 0.083, 0.083, 0.084, 0.083, 0.083, 0.083, 0.083, 0.083, 0.083, 0.083, 0.083, 0.083, 0.083, 0.083, 0.083]",0,2,28311552,send_recv,2,2
698,0.083,0.084,0.08355,0.084,0.0004974937185533104,"[0.083, 0.084, 0.083, 0.084, 0.083, 0.083, 0.083, 0.084, 0.084, 0.084, 0.083, 0.084, 0.084, 0.084, 0.084, 0.084, 0.083, 0.084, 0.083, 0.083, 0.083, 0.084, 0.084, 0.084, 0.084, 0.084, 0.083, 0.084, 0.084, 0.084, 0.083, 0.083, 0.084, 0.084, 0.083, 0.084, 0.083, 0.083, 0.083, 0.083, 0.083, 0.084, 0.083, 0.084, 0.084, 0.084, 0.083, 0.083, 0.084, 0.084, 0.084, 0.083, 0.084, 0.084, 0.083, 0.083, 0.083, 0.084, 0.083, 0.084]",0,2,28442624,send_recv,2,2
699,0.083,0.085,0.08396666666666665,0.084,0.0003636237371545242,"[0.085, 0.084, 0.085, 0.084, 0.084, 0.084, 0.085, 0.084, 0.084, 0.084, 0.084, 0.084, 0.083, 0.084, 0.084, 0.084, 0.083, 0.084, 0.084, 0.084, 0.084, 0.084, 0.084, 0.084, 0.084, 0.084, 0.084, 0.084, 0.083, 0.084, 0.084, 0.084, 0.084, 0.084, 0.084, 0.084, 0.084, 0.084, 0.084, 0.084, 0.083, 0.084, 0.084, 0.084, 0.084, 0.084, 0.084, 0.084, 0.084, 0.084, 0.084, 0.084, 0.084, 0.084, 0.084, 0.083, 0.084, 0.084, 0.084, 0.084]",0,2,28573696,send_recv,2,2
700,0.084,0.085,0.08406666666666665,0.084,0.00024944382578492966,"[0.084, 0.084, 0.084, 0.084, 0.084, 0.084, 0.084, 0.084, 0.084, 0.084, 0.084, 0.084, 0.084, 0.084, 0.084, 0.084, 0.084, 0.084, 0.084, 0.084, 0.084, 0.085, 0.084, 0.084, 0.084, 0.084, 0.084, 0.084, 0.084, 0.084, 0.084, 0.084, 0.084, 0.084, 0.084, 0.084, 0.084, 0.084, 0.084, 0.084, 0.084, 0.084, 0.084, 0.085, 0.084, 0.085, 0.084, 0.084, 0.085, 0.084, 0.084, 0.084, 0.084, 0.084, 0.084, 0.084, 0.084, 0.084, 0.084, 0.084]",0,2,28704768,send_recv,2,2
701,0.084,0.085,0.08441666666666664,0.084,0.0004930066485916351,"[0.084, 0.085, 0.085, 0.085, 0.085, 0.085, 0.085, 0.084, 0.084, 0.085, 0.084, 0.084, 0.084, 0.084, 0.084, 0.084, 0.085, 0.084, 0.084, 0.085, 0.085, 0.084, 0.084, 0.084, 0.084, 0.085, 0.085, 0.085, 0.085, 0.085, 0.084, 0.085, 0.085, 0.084, 0.085, 0.084, 0.085, 0.084, 0.084, 0.084, 0.084, 0.084, 0.085, 0.084, 0.085, 0.085, 0.084, 0.084, 0.084, 0.084, 0.084, 0.084, 0.085, 0.084, 0.085, 0.084, 0.085, 0.084, 0.084, 0.084]",0,2,28835840,send_recv,2,2
702,0.084,0.08600000000000001,0.08491666666666667,0.085,0.00041998677227847214,"[0.085, 0.085, 0.084, 0.08600000000000001, 0.085, 0.085, 0.085, 0.084, 0.085, 0.085, 0.085, 0.085, 0.085, 0.085, 0.084, 0.085, 0.085, 0.08600000000000001, 0.085, 0.085, 0.085, 0.085, 0.085, 0.085, 0.085, 0.085, 0.085, 0.085, 0.084, 0.085, 0.085, 0.085, 0.085, 0.085, 0.084, 0.085, 0.085, 0.084, 0.085, 0.085, 0.084, 0.085, 0.085, 0.085, 0.085, 0.085, 0.085, 0.085, 0.085, 0.085, 0.085, 0.085, 0.085, 0.08600000000000001, 0.085, 0.085, 0.085, 0.084, 0.085, 0.085]",0,2,28966912,send_recv,2,2
703,0.085,0.08600000000000001,0.08516666666666667,0.085,0.0003726779962499652,"[0.085, 0.085, 0.08600000000000001, 0.085, 0.085, 0.085, 0.085, 0.085, 0.085, 0.085, 0.08600000000000001, 0.085, 0.085, 0.085, 0.08600000000000001, 0.085, 0.08600000000000001, 0.08600000000000001, 0.085, 0.085, 0.085, 0.085, 0.08600000000000001, 0.085, 0.085, 0.085, 0.085, 0.085, 0.085, 0.085, 0.085, 0.08600000000000001, 0.085, 0.085, 0.085, 0.085, 0.085, 0.085, 0.085, 0.085, 0.085, 0.085, 0.08600000000000001, 0.085, 0.085, 0.085, 0.085, 0.085, 0.085, 0.085, 0.085, 0.085, 0.085, 0.08600000000000001, 0.085, 0.085, 0.08600000000000001, 0.085, 0.085, 0.085]",0,2,29097984,send_recv,2,2
704,0.085,0.08600000000000001,0.08570000000000001,0.08600000000000001,0.0004582575694955844,"[0.08600000000000001, 0.08600000000000001, 0.085, 0.08600000000000001, 0.085, 0.08600000000000001, 0.085, 0.08600000000000001, 0.08600000000000001, 0.08600000000000001, 0.085, 0.085, 0.08600000000000001, 0.085, 0.08600000000000001, 0.08600000000000001, 0.08600000000000001, 0.08600000000000001, 0.08600000000000001, 0.08600000000000001, 0.085, 0.08600000000000001, 0.08600000000000001, 0.08600000000000001, 0.08600000000000001, 0.08600000000000001, 0.085, 0.08600000000000001, 0.08600000000000001, 0.085, 0.085, 0.08600000000000001, 0.085, 0.08600000000000001, 0.08600000000000001, 0.08600000000000001, 0.08600000000000001, 0.08600000000000001, 0.085, 0.08600000000000001, 0.085, 0.08600000000000001, 0.08600000000000001, 0.085, 0.08600000000000001, 0.08600000000000001, 0.08600000000000001, 0.08600000000000001, 0.08600000000000001, 0.085, 0.08600000000000001, 0.08600000000000001, 0.085, 0.08600000000000001, 0.08600000000000001, 0.08600000000000001, 0.085, 0.08600000000000001, 0.085, 0.08600000000000001]",0,2,29229056,send_recv,2,2
705,0.085,0.08700000000000001,0.08600000000000002,0.08600000000000001,0.00036514837167011106,"[0.08600000000000001, 0.08600000000000001, 0.08600000000000001, 0.08600000000000001, 0.085, 0.085, 0.08600000000000001, 0.08700000000000001, 0.08600000000000001, 0.08600000000000001, 0.08600000000000001, 0.08600000000000001, 0.08600000000000001, 0.08600000000000001, 0.08600000000000001, 0.08600000000000001, 0.08600000000000001, 0.08600000000000001, 0.08600000000000001, 0.08600000000000001, 0.08600000000000001, 0.08600000000000001, 0.08600000000000001, 0.08600000000000001, 0.08600000000000001, 0.08600000000000001, 0.08600000000000001, 0.08600000000000001, 0.08600000000000001, 0.08600000000000001, 0.08600000000000001, 0.08600000000000001, 0.08600000000000001, 0.08600000000000001, 0.08600000000000001, 0.085, 0.08600000000000001, 0.08600000000000001, 0.08700000000000001, 0.08600000000000001, 0.08600000000000001, 0.08600000000000001, 0.08600000000000001, 0.08600000000000001, 0.08600000000000001, 0.08600000000000001, 0.085, 0.08600000000000001, 0.08600000000000001, 0.08600000000000001, 0.08600000000000001, 0.08700000000000001, 0.08600000000000001, 0.08600000000000001, 0.08600000000000001, 0.08700000000000001, 0.08600000000000001, 0.08600000000000001, 0.08600000000000001, 0.08600000000000001]",0,2,29360128,send_recv,2,2
706,0.08600000000000001,0.08700000000000001,0.08626666666666667,0.08600000000000001,0.0004422166387140537,"[0.08600000000000001, 0.08600000000000001, 0.08600000000000001, 0.08600000000000001, 0.08600000000000001, 0.08700000000000001, 0.08600000000000001, 0.08600000000000001, 0.08700000000000001, 0.08600000000000001, 0.08700000000000001, 0.08600000000000001, 0.08600000000000001, 0.08700000000000001, 0.08600000000000001, 0.08600000000000001, 0.08600000000000001, 0.08600000000000001, 0.08700000000000001, 0.08600000000000001, 0.08600000000000001, 0.08600000000000001, 0.08700000000000001, 0.08600000000000001, 0.08600000000000001, 0.08700000000000001, 0.08600000000000001, 0.08700000000000001, 0.08600000000000001, 0.08700000000000001, 0.08600000000000001, 0.08700000000000001, 0.08600000000000001, 0.08600000000000001, 0.08700000000000001, 0.08600000000000001, 0.08700000000000001, 0.08600000000000001, 0.08600000000000001, 0.08600000000000001, 0.08600000000000001, 0.08700000000000001, 0.08600000000000001, 0.08600000000000001, 0.08600000000000001, 0.08600000000000001, 0.08600000000000001, 0.08600000000000001, 0.08600000000000001, 0.08700000000000001, 0.08600000000000001, 0.08600000000000001, 0.08600000000000001, 0.08600000000000001, 0.08600000000000001, 0.08700000000000001, 0.08600000000000001, 0.08700000000000001, 0.08600000000000001, 0.08600000000000001]",0,2,29491200,send_recv,2,2
707,0.08600000000000001,0.088,0.08678333333333334,0.08700000000000001,0.00048619840486049335,"[0.08700000000000001, 0.08700000000000001, 0.08700000000000001, 0.08700000000000001, 0.088, 0.08700000000000001, 0.08700000000000001, 0.08700000000000001, 0.08700000000000001, 0.08700000000000001, 0.088, 0.08700000000000001, 0.08700000000000001, 0.08600000000000001, 0.08600000000000001, 0.08700000000000001, 0.08700000000000001, 0.08600000000000001, 0.08600000000000001, 0.08700000000000001, 0.08700000000000001, 0.08700000000000001, 0.08700000000000001, 0.08700000000000001, 0.08600000000000001, 0.08600000000000001, 0.08700000000000001, 0.08700000000000001, 0.08700000000000001, 0.08600000000000001, 0.08700000000000001, 0.08700000000000001, 0.08700000000000001, 0.08600000000000001, 0.08700000000000001, 0.08700000000000001, 0.08700000000000001, 0.08700000000000001, 0.08700000000000001, 0.08700000000000001, 0.08600000000000001, 0.08700000000000001, 0.08600000000000001, 0.08600000000000001, 0.08700000000000001, 0.08700000000000001, 0.08700000000000001, 0.08700000000000001, 0.08700000000000001, 0.08600000000000001, 0.08700000000000001, 0.08700000000000001, 0.08600000000000001, 0.08700000000000001, 0.08700000000000001, 0.08700000000000001, 0.08600000000000001, 0.08600000000000001, 0.08700000000000001, 0.08700000000000001]",0,2,29622272,send_recv,2,2
708,0.08600000000000001,0.088,0.08691666666666666,0.08700000000000001,0.0003312434485725294,"[0.08700000000000001, 0.08700000000000001, 0.08700000000000001, 0.08700000000000001, 0.08700000000000001, 0.08600000000000001, 0.08700000000000001, 0.08700000000000001, 0.08700000000000001, 0.08700000000000001, 0.08700000000000001, 0.088, 0.08700000000000001, 0.08700000000000001, 0.08700000000000001, 0.08700000000000001, 0.08700000000000001, 0.08700000000000001, 0.08600000000000001, 0.08700000000000001, 0.08700000000000001, 0.08700000000000001, 0.08700000000000001, 0.08700000000000001, 0.08600000000000001, 0.08700000000000001, 0.08700000000000001, 0.08700000000000001, 0.08700000000000001, 0.08700000000000001, 0.08700000000000001, 0.08700000000000001, 0.08700000000000001, 0.08700000000000001, 0.08700000000000001, 0.08700000000000001, 0.08700000000000001, 0.08700000000000001, 0.08700000000000001, 0.08700000000000001, 0.08700000000000001, 0.08700000000000001, 0.08700000000000001, 0.08600000000000001, 0.08700000000000001, 0.08700000000000001, 0.08700000000000001, 0.08600000000000001, 0.08700000000000001, 0.08600000000000001, 0.08700000000000001, 0.08700000000000001, 0.08700000000000001, 0.08700000000000001, 0.08700000000000001, 0.08700000000000001, 0.08700000000000001, 0.08700000000000001, 0.08700000000000001, 0.08700000000000001]",0,2,29753344,send_recv,2,2
709,0.08700000000000001,0.088,0.08716666666666664,0.08700000000000001,0.0003726779962499601,"[0.08700000000000001, 0.088, 0.08700000000000001, 0.088, 0.08700000000000001, 0.08700000000000001, 0.08700000000000001, 0.08700000000000001, 0.08700000000000001, 0.08700000000000001, 0.088, 0.088, 0.08700000000000001, 0.08700000000000001, 0.08700000000000001, 0.08700000000000001, 0.08700000000000001, 0.08700000000000001, 0.08700000000000001, 0.088, 0.08700000000000001, 0.088, 0.08700000000000001, 0.08700000000000001, 0.088, 0.08700000000000001, 0.08700000000000001, 0.08700000000000001, 0.08700000000000001, 0.08700000000000001, 0.08700000000000001, 0.08700000000000001, 0.08700000000000001, 0.08700000000000001, 0.08700000000000001, 0.08700000000000001, 0.08700000000000001, 0.08700000000000001, 0.08700000000000001, 0.08700000000000001, 0.08700000000000001, 0.08700000000000001, 0.08700000000000001, 0.08700000000000001, 0.08700000000000001, 0.08700000000000001, 0.088, 0.088, 0.08700000000000001, 0.08700000000000001, 0.08700000000000001, 0.088, 0.08700000000000001, 0.08700000000000001, 0.08700000000000001, 0.08700000000000001, 0.08700000000000001, 0.08700000000000001, 0.08700000000000001, 0.08700000000000001]",0,2,29884416,send_recv,2,2
710,0.08700000000000001,0.088,0.08775,0.088,0.0004330127018922137,"[0.08700000000000001, 0.088, 0.088, 0.088, 0.08700000000000001, 0.088, 0.088, 0.088, 0.08700000000000001, 0.088, 0.08700000000000001, 0.088, 0.088, 0.088, 0.088, 0.088, 0.088, 0.088, 0.088, 0.088, 0.088, 0.088, 0.08700000000000001, 0.088, 0.08700000000000001, 0.088, 0.08700000000000001, 0.08700000000000001, 0.08700000000000001, 0.088, 0.08700000000000001, 0.08700000000000001, 0.088, 0.088, 0.088, 0.088, 0.088, 0.088, 0.08700000000000001, 0.088, 0.088, 0.088, 0.08700000000000001, 0.08700000000000001, 0.088, 0.088, 0.088, 0.088, 0.088, 0.088, 0.088, 0.088, 0.088, 0.088, 0.088, 0.08700000000000001, 0.088, 0.088, 0.088, 0.088]",0,2,30015488,send_recv,2,2
711,0.08700000000000001,0.089,0.08796666666666667,0.088,0.00025603819159561794,"[0.089, 0.088, 0.088, 0.088, 0.088, 0.088, 0.088, 0.088, 0.088, 0.088, 0.088, 0.088, 0.08700000000000001, 0.088, 0.088, 0.088, 0.08700000000000001, 0.088, 0.088, 0.088, 0.088, 0.088, 0.088, 0.088, 0.088, 0.088, 0.088, 0.088, 0.088, 0.088, 0.088, 0.08700000000000001, 0.088, 0.088, 0.088, 0.088, 0.088, 0.088, 0.088, 0.088, 0.088, 0.088, 0.088, 0.088, 0.088, 0.088, 0.088, 0.088, 0.088, 0.088, 0.088, 0.088, 0.088, 0.088, 0.088, 0.088, 0.088, 0.088, 0.088, 0.088]",0,2,30146560,send_recv,2,2
712,0.088,0.089,0.08821666666666667,0.088,0.00041197356981027627,"[0.088, 0.088, 0.088, 0.089, 0.088, 0.088, 0.088, 0.088, 0.088, 0.089, 0.088, 0.088, 0.088, 0.088, 0.088, 0.088, 0.088, 0.088, 0.089, 0.089, 0.088, 0.088, 0.088, 0.088, 0.089, 0.088, 0.088, 0.088, 0.088, 0.088, 0.088, 0.088, 0.088, 0.089, 0.088, 0.088, 0.088, 0.088, 0.088, 0.088, 0.088, 0.088, 0.089, 0.089, 0.088, 0.088, 0.088, 0.088, 0.089, 0.088, 0.089, 0.089, 0.088, 0.088, 0.088, 0.089, 0.089, 0.088, 0.088, 0.088]",0,2,30277632,send_recv,2,2
713,0.088,0.089,0.08881666666666668,0.089,0.0003869395588747969,"[0.089, 0.089, 0.088, 0.089, 0.088, 0.089, 0.089, 0.088, 0.089, 0.088, 0.089, 0.089, 0.089, 0.089, 0.088, 0.089, 0.089, 0.089, 0.089, 0.088, 0.089, 0.089, 0.089, 0.089, 0.088, 0.088, 0.089, 0.089, 0.089, 0.089, 0.089, 0.089, 0.089, 0.089, 0.088, 0.089, 0.089, 0.089, 0.089, 0.089, 0.089, 0.089, 0.089, 0.089, 0.089, 0.089, 0.089, 0.089, 0.089, 0.089, 0.089, 0.089, 0.089, 0.088, 0.089, 0.089, 0.089, 0.089, 0.089, 0.088]",0,2,30408704,send_recv,2,2
714,0.088,0.09,0.08908333333333335,0.089,0.0003312434485725301,"[0.089, 0.09, 0.089, 0.09, 0.089, 0.089, 0.089, 0.089, 0.089, 0.09, 0.089, 0.089, 0.089, 0.089, 0.089, 0.089, 0.089, 0.089, 0.089, 0.089, 0.089, 0.09, 0.089, 0.089, 0.089, 0.089, 0.089, 0.089, 0.089, 0.089, 0.089, 0.089, 0.089, 0.089, 0.089, 0.089, 0.09, 0.089, 0.088, 0.089, 0.089, 0.089, 0.089, 0.089, 0.09, 0.089, 0.089, 0.089, 0.089, 0.089, 0.089, 0.089, 0.089, 0.089, 0.089, 0.089, 0.089, 0.089, 0.089, 0.089]",0,2,30539776,send_recv,2,2
715,0.089,0.09,0.08933333333333335,0.089,0.00047140452079103207,"[0.089, 0.089, 0.089, 0.089, 0.089, 0.089, 0.09, 0.09, 0.089, 0.089, 0.09, 0.089, 0.09, 0.09, 0.09, 0.09, 0.09, 0.09, 0.089, 0.089, 0.089, 0.09, 0.089, 0.089, 0.09, 0.089, 0.09, 0.089, 0.089, 0.09, 0.09, 0.089, 0.089, 0.09, 0.089, 0.089, 0.09, 0.09, 0.089, 0.089, 0.09, 0.089, 0.09, 0.089, 0.089, 0.089, 0.089, 0.09, 0.089, 0.089, 0.089, 0.089, 0.089, 0.089, 0.089, 0.089, 0.089, 0.089, 0.089, 0.089]",0,2,30670848,send_recv,2,2
716,0.089,0.091,0.08988333333333332,0.09,0.00045061686115319285,"[0.089, 0.09, 0.09, 0.09, 0.089, 0.09, 0.09, 0.09, 0.09, 0.091, 0.091, 0.09, 0.09, 0.09, 0.09, 0.09, 0.09, 0.09, 0.09, 0.09, 0.09, 0.089, 0.09, 0.09, 0.09, 0.09, 0.09, 0.089, 0.09, 0.09, 0.089, 0.09, 0.089, 0.089, 0.09, 0.09, 0.09, 0.09, 0.089, 0.09, 0.09, 0.09, 0.09, 0.09, 0.09, 0.089, 0.09, 0.09, 0.09, 0.09, 0.09, 0.09, 0.09, 0.09, 0.09, 0.091, 0.09, 0.089, 0.09, 0.09]",0,2,30801920,send_recv,2,2
717,0.089,0.091,0.09013333333333333,0.09,0.0004268749491621903,"[0.091, 0.09, 0.09, 0.091, 0.09, 0.09, 0.091, 0.091, 0.09, 0.09, 0.091, 0.09, 0.091, 0.09, 0.09, 0.09, 0.09, 0.09, 0.09, 0.09, 0.09, 0.089, 0.09, 0.09, 0.09, 0.09, 0.09, 0.089, 0.091, 0.09, 0.09, 0.09, 0.09, 0.09, 0.09, 0.09, 0.09, 0.09, 0.09, 0.09, 0.09, 0.09, 0.09, 0.09, 0.09, 0.09, 0.09, 0.09, 0.09, 0.09, 0.09, 0.09, 0.091, 0.09, 0.09, 0.09, 0.09, 0.09, 0.091, 0.091]",0,2,30932992,send_recv,2,2
718,0.09,0.091,0.09063333333333332,0.091,0.0004818944098266991,"[0.09, 0.091, 0.09, 0.091, 0.09, 0.09, 0.091, 0.091, 0.09, 0.09, 0.091, 0.09, 0.091, 0.091, 0.091, 0.091, 0.091, 0.091, 0.09, 0.091, 0.09, 0.09, 0.09, 0.091, 0.091, 0.09, 0.091, 0.091, 0.091, 0.09, 0.09, 0.091, 0.09, 0.091, 0.091, 0.091, 0.091, 0.091, 0.091, 0.09, 0.09, 0.091, 0.09, 0.09, 0.091, 0.091, 0.091, 0.091, 0.09, 0.091, 0.091, 0.091, 0.091, 0.091, 0.091, 0.091, 0.09, 0.09, 0.091, 0.091]",0,2,31064064,send_recv,2,2
719,0.09,0.092,0.091,0.091,0.0003162277660168382,"[0.091, 0.091, 0.091, 0.09, 0.092, 0.091, 0.091, 0.091, 0.091, 0.091, 0.091, 0.091, 0.091, 0.091, 0.091, 0.091, 0.091, 0.091, 0.092, 0.09, 0.091, 0.091, 0.091, 0.091, 0.091, 0.091, 0.091, 0.091, 0.091, 0.091, 0.091, 0.091, 0.091, 0.091, 0.091, 0.091, 0.091, 0.091, 0.091, 0.091, 0.091, 0.091, 0.091, 0.091, 0.091, 0.091, 0.091, 0.092, 0.091, 0.091, 0.091, 0.09, 0.091, 0.091, 0.091, 0.091, 0.091, 0.091, 0.091, 0.091]",0,2,31195136,send_recv,2,2
720,0.091,0.092,0.09123333333333333,0.091,0.000422952584681651,"[0.091, 0.092, 0.091, 0.091, 0.091, 0.092, 0.091, 0.091, 0.092, 0.091, 0.091, 0.091, 0.091, 0.092, 0.091, 0.091, 0.091, 0.091, 0.091, 0.092, 0.091, 0.091, 0.091, 0.091, 0.091, 0.091, 0.092, 0.091, 0.091, 0.092, 0.091, 0.091, 0.092, 0.091, 0.091, 0.091, 0.091, 0.092, 0.091, 0.091, 0.091, 0.091, 0.091, 0.091, 0.091, 0.091, 0.091, 0.091, 0.091, 0.092, 0.092, 0.092, 0.091, 0.091, 0.092, 0.091, 0.091, 0.092, 0.091, 0.091]",0,2,31326208,send_recv,2,2
721,0.091,0.092,0.09176666666666668,0.092,0.000422952584681651,"[0.092, 0.092, 0.091, 0.092, 0.092, 0.092, 0.092, 0.092, 0.092, 0.092, 0.091, 0.092, 0.092, 0.092, 0.092, 0.092, 0.092, 0.092, 0.092, 0.091, 0.092, 0.092, 0.092, 0.092, 0.092, 0.091, 0.092, 0.092, 0.092, 0.092, 0.092, 0.092, 0.092, 0.092, 0.092, 0.091, 0.092, 0.092, 0.091, 0.092, 0.092, 0.091, 0.092, 0.092, 0.092, 0.092, 0.092, 0.092, 0.091, 0.092, 0.092, 0.092, 0.091, 0.092, 0.092, 0.091, 0.091, 0.091, 0.091, 0.091]",0,2,31457280,send_recv,2,2
722,0.092,0.093,0.09211666666666662,0.092,0.00032102267140430397,"[0.092, 0.092, 0.092, 0.092, 0.092, 0.092, 0.092, 0.093, 0.092, 0.092, 0.092, 0.092, 0.092, 0.092, 0.092, 0.092, 0.092, 0.092, 0.093, 0.092, 0.092, 0.092, 0.092, 0.092, 0.092, 0.092, 0.092, 0.092, 0.092, 0.092, 0.092, 0.092, 0.092, 0.092, 0.093, 0.093, 0.092, 0.093, 0.092, 0.092, 0.092, 0.092, 0.092, 0.092, 0.092, 0.092, 0.093, 0.092, 0.092, 0.092, 0.092, 0.093, 0.092, 0.092, 0.092, 0.092, 0.092, 0.092, 0.092, 0.092]",0,2,31588352,send_recv,2,2
723,0.091,0.093,0.09236666666666664,0.092,0.000515320827791344,"[0.092, 0.092, 0.093, 0.093, 0.091, 0.092, 0.093, 0.092, 0.092, 0.092, 0.093, 0.092, 0.093, 0.093, 0.093, 0.092, 0.093, 0.092, 0.092, 0.092, 0.092, 0.093, 0.093, 0.092, 0.092, 0.093, 0.093, 0.093, 0.092, 0.092, 0.092, 0.092, 0.092, 0.092, 0.092, 0.092, 0.093, 0.092, 0.092, 0.092, 0.092, 0.093, 0.093, 0.092, 0.092, 0.092, 0.093, 0.092, 0.093, 0.092, 0.093, 0.092, 0.093, 0.093, 0.093, 0.093, 0.092, 0.092, 0.092, 0.092]",0,2,31719424,send_recv,2,2
724,0.092,0.093,0.09273333333333332,0.093,0.00044221663871405365,"[0.093, 0.093, 0.093, 0.093, 0.093, 0.092, 0.093, 0.093, 0.092, 0.092, 0.093, 0.093, 0.092, 0.093, 0.093, 0.093, 0.093, 0.093, 0.093, 0.093, 0.092, 0.093, 0.093, 0.093, 0.092, 0.093, 0.093, 0.093, 0.092, 0.093, 0.092, 0.093, 0.092, 0.092, 0.093, 0.092, 0.093, 0.093, 0.093, 0.093, 0.093, 0.093, 0.093, 0.093, 0.093, 0.092, 0.093, 0.093, 0.093, 0.093, 0.092, 0.093, 0.092, 0.093, 0.092, 0.093, 0.093, 0.092, 0.093, 0.093]",0,2,31850496,send_recv,2,2
725,0.092,0.094,0.09313333333333333,0.093,0.00038586123009300784,"[0.094, 0.094, 0.093, 0.093, 0.094, 0.093, 0.093, 0.093, 0.093, 0.093, 0.093, 0.093, 0.093, 0.093, 0.093, 0.093, 0.093, 0.093, 0.093, 0.093, 0.093, 0.093, 0.093, 0.093, 0.094, 0.093, 0.093, 0.093, 0.093, 0.093, 0.093, 0.093, 0.093, 0.094, 0.093, 0.093, 0.093, 0.092, 0.094, 0.093, 0.093, 0.093, 0.093, 0.093, 0.093, 0.093, 0.093, 0.093, 0.093, 0.093, 0.094, 0.093, 0.093, 0.093, 0.094, 0.093, 0.093, 0.093, 0.094, 0.093]",0,2,31981568,send_recv,2,2
726,0.093,0.094,0.0936,0.094,0.0004898979485566361,"[0.094, 0.094, 0.094, 0.093, 0.094, 0.094, 0.094, 0.093, 0.093, 0.094, 0.094, 0.093, 0.093, 0.093, 0.094, 0.094, 0.093, 0.094, 0.094, 0.093, 0.094, 0.094, 0.093, 0.093, 0.094, 0.094, 0.094, 0.094, 0.094, 0.094, 0.093, 0.094, 0.093, 0.094, 0.093, 0.094, 0.093, 0.094, 0.093, 0.094, 0.093, 0.094, 0.094, 0.093, 0.093, 0.093, 0.094, 0.094, 0.093, 0.093, 0.094, 0.093, 0.093, 0.094, 0.094, 0.094, 0.094, 0.094, 0.093, 0.094]",0,2,32112640,send_recv,2,2
727,0.093,0.253,0.09656666666666666,0.094,0.02036775774491526,"[0.253, 0.093, 0.094, 0.094, 0.094, 0.094, 0.094, 0.094, 0.094, 0.093, 0.094, 0.094, 0.094, 0.094, 0.094, 0.094, 0.094, 0.094, 0.094, 0.094, 0.094, 0.094, 0.094, 0.094, 0.093, 0.094, 0.094, 0.094, 0.094, 0.094, 0.094, 0.094, 0.094, 0.094, 0.094, 0.094, 0.094, 0.094, 0.094, 0.094, 0.094, 0.094, 0.094, 0.094, 0.094, 0.094, 0.094, 0.094, 0.094, 0.094, 0.094, 0.094, 0.094, 0.094, 0.094, 0.094, 0.093, 0.094, 0.094, 0.093]",0,2,32243712,send_recv,2,2
728,0.094,0.095,0.09426666666666668,0.094,0.00044221663871405365,"[0.094, 0.094, 0.094, 0.095, 0.095, 0.095, 0.095, 0.095, 0.094, 0.094, 0.094, 0.094, 0.094, 0.094, 0.094, 0.095, 0.095, 0.094, 0.094, 0.095, 0.094, 0.094, 0.094, 0.095, 0.094, 0.094, 0.094, 0.094, 0.094, 0.094, 0.094, 0.095, 0.094, 0.094, 0.094, 0.094, 0.094, 0.094, 0.095, 0.094, 0.094, 0.094, 0.094, 0.094, 0.095, 0.095, 0.094, 0.094, 0.094, 0.094, 0.094, 0.095, 0.094, 0.094, 0.094, 0.095, 0.094, 0.095, 0.094, 0.094]",0,2,32374784,send_recv,2,2
729,0.094,0.096,0.09463333333333332,0.095,0.000515320827791344,"[0.094, 0.094, 0.095, 0.095, 0.095, 0.095, 0.094, 0.095, 0.095, 0.095, 0.094, 0.094, 0.095, 0.094, 0.095, 0.095, 0.094, 0.094, 0.094, 0.094, 0.095, 0.095, 0.094, 0.094, 0.095, 0.095, 0.095, 0.095, 0.095, 0.094, 0.094, 0.094, 0.095, 0.094, 0.096, 0.095, 0.095, 0.095, 0.094, 0.095, 0.095, 0.095, 0.094, 0.094, 0.095, 0.095, 0.095, 0.095, 0.095, 0.095, 0.095, 0.094, 0.095, 0.095, 0.094, 0.095, 0.095, 0.094, 0.094, 0.095]",0,2,32505856,send_recv,2,2
730,0.095,0.096,0.09504999999999998,0.095,0.00021794494717703383,"[0.095, 0.095, 0.095, 0.095, 0.095, 0.096, 0.095, 0.096, 0.095, 0.095, 0.095, 0.095, 0.095, 0.095, 0.095, 0.095, 0.095, 0.095, 0.095, 0.095, 0.095, 0.095, 0.095, 0.095, 0.095, 0.095, 0.095, 0.095, 0.095, 0.095, 0.095, 0.095, 0.095, 0.095, 0.095, 0.095, 0.095, 0.095, 0.095, 0.095, 0.095, 0.095, 0.095, 0.095, 0.095, 0.096, 0.095, 0.095, 0.095, 0.095, 0.095, 0.095, 0.095, 0.095, 0.095, 0.095, 0.095, 0.095, 0.095, 0.095]",0,2,32636928,send_recv,2,2
731,0.095,0.096,0.09545,0.095,0.0004974937185533105,"[0.095, 0.095, 0.096, 0.095, 0.095, 0.095, 0.095, 0.096, 0.095, 0.095, 0.096, 0.095, 0.096, 0.095, 0.095, 0.095, 0.095, 0.096, 0.096, 0.096, 0.095, 0.095, 0.095, 0.095, 0.095, 0.096, 0.096, 0.095, 0.096, 0.096, 0.096, 0.096, 0.095, 0.095, 0.095, 0.095, 0.096, 0.095, 0.096, 0.095, 0.096, 0.096, 0.095, 0.095, 0.096, 0.096, 0.096, 0.095, 0.096, 0.096, 0.095, 0.096, 0.096, 0.095, 0.095, 0.095, 0.096, 0.096, 0.096, 0.095]",0,2,32768000,send_recv,2,2
732,0.095,0.096,0.09576666666666665,0.096,0.000422952584681651,"[0.096, 0.096, 0.096, 0.096, 0.096, 0.096, 0.095, 0.096, 0.096, 0.096, 0.096, 0.095, 0.096, 0.096, 0.096, 0.095, 0.096, 0.095, 0.095, 0.096, 0.095, 0.096, 0.095, 0.095, 0.096, 0.096, 0.095, 0.096, 0.096, 0.095, 0.096, 0.096, 0.096, 0.096, 0.096, 0.096, 0.096, 0.096, 0.096, 0.095, 0.096, 0.096, 0.096, 0.096, 0.095, 0.096, 0.096, 0.095, 0.095, 0.096, 0.096, 0.096, 0.096, 0.096, 0.096, 0.096, 0.096, 0.096, 0.096, 0.096]",0,2,32899072,send_recv,2,2
733,0.096,0.097,0.0961,0.096,0.00030000000000000024,"[0.096, 0.097, 0.096, 0.096, 0.097, 0.096, 0.096, 0.096, 0.096, 0.096, 0.097, 0.096, 0.096, 0.096, 0.096, 0.096, 0.097, 0.096, 0.096, 0.096, 0.096, 0.096, 0.096, 0.096, 0.096, 0.096, 0.096, 0.096, 0.096, 0.096, 0.096, 0.097, 0.096, 0.096, 0.096, 0.096, 0.096, 0.096, 0.096, 0.096, 0.096, 0.096, 0.096, 0.096, 0.096, 0.096, 0.096, 0.096, 0.097, 0.096, 0.096, 0.096, 0.096, 0.096, 0.096, 0.096, 0.096, 0.096, 0.096, 0.096]",0,2,33030144,send_recv,2,2
734,0.096,0.098,0.09658333333333333,0.097,0.0005257270098529172,"[0.097, 0.096, 0.097, 0.096, 0.097, 0.097, 0.097, 0.097, 0.096, 0.096, 0.096, 0.097, 0.096, 0.096, 0.097, 0.096, 0.097, 0.097, 0.096, 0.097, 0.096, 0.097, 0.097, 0.097, 0.096, 0.096, 0.096, 0.097, 0.096, 0.096, 0.097, 0.097, 0.096, 0.097, 0.096, 0.097, 0.096, 0.096, 0.097, 0.097, 0.097, 0.097, 0.097, 0.097, 0.097, 0.097, 0.098, 0.096, 0.097, 0.097, 0.096, 0.097, 0.096, 0.097, 0.096, 0.097, 0.096, 0.097, 0.096, 0.096]",0,2,33161216,send_recv,2,2
735,0.096,0.098,0.09695000000000002,0.097,0.00033788558221188846,"[0.097, 0.097, 0.097, 0.097, 0.097, 0.097, 0.096, 0.097, 0.097, 0.097, 0.097, 0.097, 0.097, 0.097, 0.097, 0.097, 0.097, 0.097, 0.097, 0.097, 0.097, 0.097, 0.098, 0.096, 0.097, 0.097, 0.097, 0.097, 0.097, 0.097, 0.097, 0.097, 0.097, 0.097, 0.097, 0.096, 0.097, 0.098, 0.097, 0.097, 0.097, 0.096, 0.097, 0.097, 0.097, 0.097, 0.097, 0.097, 0.097, 0.097, 0.097, 0.097, 0.097, 0.097, 0.097, 0.096, 0.097, 0.097, 0.097, 0.097]",0,2,33292288,send_recv,2,2
736,0.097,0.098,0.09708333333333335,0.097,0.00027638539919628354,"[0.098, 0.097, 0.097, 0.097, 0.098, 0.097, 0.097, 0.097, 0.097, 0.097, 0.097, 0.097, 0.097, 0.097, 0.097, 0.097, 0.097, 0.097, 0.097, 0.097, 0.097, 0.097, 0.097, 0.097, 0.097, 0.097, 0.097, 0.097, 0.097, 0.097, 0.097, 0.097, 0.097, 0.097, 0.097, 0.097, 0.097, 0.098, 0.097, 0.097, 0.097, 0.097, 0.097, 0.098, 0.097, 0.097, 0.097, 0.097, 0.097, 0.097, 0.097, 0.098, 0.097, 0.097, 0.097, 0.097, 0.097, 0.097, 0.097, 0.097]",0,2,33423360,send_recv,2,2
737,0.097,0.098,0.09748333333333334,0.097,0.0004997221450188321,"[0.097, 0.097, 0.098, 0.098, 0.097, 0.097, 0.098, 0.098, 0.097, 0.097, 0.098, 0.098, 0.098, 0.098, 0.098, 0.098, 0.098, 0.097, 0.097, 0.097, 0.098, 0.097, 0.097, 0.097, 0.098, 0.097, 0.097, 0.098, 0.098, 0.098, 0.098, 0.097, 0.098, 0.098, 0.097, 0.098, 0.097, 0.097, 0.097, 0.098, 0.098, 0.097, 0.098, 0.098, 0.097, 0.097, 0.097, 0.098, 0.097, 0.097, 0.098, 0.098, 0.097, 0.097, 0.097, 0.097, 0.098, 0.097, 0.097, 0.098]",0,2,33554432,send_recv,2,2
738,0.098,0.1,0.099,0.099,0.00044721359549995833,"[0.099, 0.099, 0.099, 0.098, 0.099, 0.099, 0.099, 0.099, 0.099, 0.098, 0.099, 0.099, 0.099, 0.099, 0.099, 0.1, 0.099, 0.099, 0.1, 0.099, 0.099, 0.1, 0.099, 0.099, 0.1, 0.099, 0.099, 0.099, 0.099, 0.099, 0.099, 0.099, 0.099, 0.099, 0.099, 0.099, 0.099, 0.099, 0.099, 0.099, 0.098, 0.099, 0.099, 0.098, 0.099, 0.099, 0.099, 0.099, 0.098, 0.099, 0.1, 0.098, 0.1, 0.099, 0.099, 0.099, 0.099, 0.099, 0.099, 0.099]",0,2,33685504,send_recv,2,2
739,0.099,0.1,0.09938333333333332,0.099,0.00048619840486049454,"[0.099, 0.099, 0.1, 0.099, 0.099, 0.099, 0.1, 0.1, 0.099, 0.099, 0.099, 0.099, 0.099, 0.1, 0.1, 0.099, 0.099, 0.099, 0.099, 0.1, 0.099, 0.099, 0.099, 0.1, 0.099, 0.1, 0.099, 0.099, 0.099, 0.099, 0.099, 0.1, 0.099, 0.1, 0.1, 0.1, 0.1, 0.099, 0.099, 0.1, 0.099, 0.099, 0.1, 0.099, 0.1, 0.099, 0.099, 0.1, 0.099, 0.1, 0.1, 0.099, 0.099, 0.1, 0.099, 0.1, 0.099, 0.099, 0.1, 0.1]",0,2,33816576,send_recv,2,2
740,0.099,0.101,0.09976666666666663,0.1,0.00046067583203617554,"[0.1, 0.1, 0.1, 0.1, 0.1, 0.099, 0.1, 0.1, 0.1, 0.1, 0.1, 0.1, 0.1, 0.099, 0.1, 0.1, 0.1, 0.099, 0.1, 0.1, 0.1, 0.1, 0.1, 0.1, 0.099, 0.099, 0.1, 0.1, 0.099, 0.1, 0.099, 0.1, 0.099, 0.099, 0.099, 0.1, 0.099, 0.1, 0.1, 0.1, 0.1, 0.1, 0.099, 0.1, 0.1, 0.1, 0.1, 0.1, 0.1, 0.101, 0.099, 0.099, 0.1, 0.1, 0.1, 0.099, 0.1, 0.1, 0.1, 0.1]",0,2,33947648,send_recv,2,2
741,0.099,0.101,0.10009999999999998,0.1,0.0004725815626252613,"[0.1, 0.1, 0.1, 0.1, 0.101, 0.099, 0.1, 0.1, 0.1, 0.1, 0.1, 0.1, 0.1, 0.1, 0.1, 0.1, 0.1, 0.1, 0.1, 0.1, 0.1, 0.101, 0.101, 0.1, 0.1, 0.1, 0.1, 0.1, 0.1, 0.1, 0.1, 0.1, 0.1, 0.099, 0.1, 0.1, 0.1, 0.1, 0.101, 0.099, 0.1, 0.1, 0.101, 0.1, 0.101, 0.1, 0.099, 0.1, 0.1, 0.101, 0.1, 0.1, 0.1, 0.1, 0.1, 0.101, 0.101, 0.1, 0.1, 0.101]",0,2,34078720,send_recv,2,2
742,0.099,0.101,0.10016666666666665,0.1,0.0004149966532662915,"[0.1, 0.1, 0.1, 0.1, 0.1, 0.101, 0.101, 0.1, 0.1, 0.1, 0.1, 0.1, 0.101, 0.1, 0.1, 0.099, 0.1, 0.1, 0.1, 0.1, 0.1, 0.1, 0.101, 0.1, 0.1, 0.1, 0.1, 0.1, 0.1, 0.101, 0.1, 0.1, 0.1, 0.1, 0.1, 0.101, 0.1, 0.1, 0.1, 0.101, 0.1, 0.1, 0.1, 0.1, 0.1, 0.1, 0.101, 0.1, 0.1, 0.101, 0.1, 0.1, 0.1, 0.1, 0.1, 0.1, 0.1, 0.101, 0.1, 0.101]",0,2,34209792,send_recv,2,2
743,0.1,0.10200000000000001,0.10054999999999999,0.101,0.0005299371031861553,"[0.10200000000000001, 0.101, 0.101, 0.101, 0.1, 0.1, 0.101, 0.1, 0.1, 0.1, 0.101, 0.1, 0.101, 0.1, 0.101, 0.101, 0.101, 0.101, 0.1, 0.101, 0.1, 0.1, 0.101, 0.1, 0.1, 0.101, 0.1, 0.1, 0.101, 0.101, 0.101, 0.101, 0.101, 0.101, 0.101, 0.101, 0.101, 0.101, 0.101, 0.1, 0.1, 0.1, 0.101, 0.101, 0.1, 0.101, 0.1, 0.1, 0.1, 0.1, 0.1, 0.1, 0.1, 0.101, 0.1, 0.1, 0.1, 0.101, 0.101, 0.101]",0,2,34340864,send_recv,2,2
744,0.1,0.10200000000000001,0.10095,0.101,0.00038405728739343076,"[0.101, 0.101, 0.101, 0.101, 0.101, 0.1, 0.101, 0.101, 0.101, 0.101, 0.10200000000000001, 0.101, 0.101, 0.1, 0.101, 0.101, 0.101, 0.101, 0.101, 0.101, 0.1, 0.101, 0.101, 0.101, 0.101, 0.101, 0.101, 0.101, 0.101, 0.101, 0.101, 0.101, 0.101, 0.101, 0.101, 0.101, 0.101, 0.1, 0.101, 0.101, 0.101, 0.101, 0.101, 0.101, 0.10200000000000001, 0.101, 0.1, 0.101, 0.101, 0.101, 0.101, 0.101, 0.101, 0.1, 0.101, 0.101, 0.101, 0.101, 0.101, 0.10200000000000001]",0,2,34471936,send_recv,2,2
745,0.1,0.10200000000000001,0.10141666666666667,0.101,0.0005257270098529172,"[0.101, 0.101, 0.101, 0.101, 0.10200000000000001, 0.101, 0.101, 0.101, 0.10200000000000001, 0.10200000000000001, 0.101, 0.101, 0.101, 0.10200000000000001, 0.10200000000000001, 0.10200000000000001, 0.101, 0.10200000000000001, 0.101, 0.10200000000000001, 0.10200000000000001, 0.10200000000000001, 0.10200000000000001, 0.101, 0.101, 0.10200000000000001, 0.101, 0.101, 0.10200000000000001, 0.10200000000000001, 0.101, 0.101, 0.101, 0.10200000000000001, 0.1, 0.101, 0.10200000000000001, 0.10200000000000001, 0.101, 0.10200000000000001, 0.10200000000000001, 0.10200000000000001, 0.101, 0.101, 0.101, 0.10200000000000001, 0.10200000000000001, 0.10200000000000001, 0.101, 0.101, 0.101, 0.10200000000000001, 0.101, 0.101, 0.101, 0.10200000000000001, 0.101, 0.10200000000000001, 0.101, 0.101]",0,2,34603008,send_recv,2,2
746,0.101,0.10200000000000001,0.10156666666666668,0.10200000000000001,0.0004955356249106172,"[0.101, 0.10200000000000001, 0.101, 0.101, 0.10200000000000001, 0.101, 0.10200000000000001, 0.101, 0.10200000000000001, 0.10200000000000001, 0.10200000000000001, 0.101, 0.10200000000000001, 0.101, 0.10200000000000001, 0.101, 0.10200000000000001, 0.10200000000000001, 0.101, 0.10200000000000001, 0.101, 0.10200000000000001, 0.10200000000000001, 0.10200000000000001, 0.101, 0.10200000000000001, 0.101, 0.10200000000000001, 0.101, 0.101, 0.10200000000000001, 0.101, 0.10200000000000001, 0.10200000000000001, 0.10200000000000001, 0.10200000000000001, 0.101, 0.10200000000000001, 0.10200000000000001, 0.101, 0.101, 0.10200000000000001, 0.101, 0.10200000000000001, 0.10200000000000001, 0.101, 0.10200000000000001, 0.10200000000000001, 0.101, 0.10200000000000001, 0.10200000000000001, 0.10200000000000001, 0.101, 0.101, 0.10200000000000001, 0.101, 0.101, 0.10200000000000001, 0.10200000000000001, 0.101]",0,2,34734080,send_recv,2,2
747,0.101,0.10300000000000001,0.10195000000000001,0.10200000000000001,0.0004252450274057695,"[0.10200000000000001, 0.10200000000000001, 0.101, 0.10200000000000001, 0.10200000000000001, 0.10200000000000001, 0.10200000000000001, 0.10300000000000001, 0.10200000000000001, 0.101, 0.10200000000000001, 0.10200000000000001, 0.10200000000000001, 0.101, 0.10200000000000001, 0.10200000000000001, 0.101, 0.10200000000000001, 0.10200000000000001, 0.10200000000000001, 0.10200000000000001, 0.10200000000000001, 0.10200000000000001, 0.10200000000000001, 0.10200000000000001, 0.10200000000000001, 0.10200000000000001, 0.10200000000000001, 0.10200000000000001, 0.101, 0.10200000000000001, 0.10200000000000001, 0.10200000000000001, 0.10200000000000001, 0.10200000000000001, 0.10300000000000001, 0.10200000000000001, 0.10200000000000001, 0.101, 0.10200000000000001, 0.10200000000000001, 0.101, 0.10200000000000001, 0.10200000000000001, 0.10200000000000001, 0.10200000000000001, 0.10200000000000001, 0.10200000000000001, 0.10200000000000001, 0.10200000000000001, 0.10300000000000001, 0.10200000000000001, 0.10200000000000001, 0.10200000000000001, 0.10200000000000001, 0.10200000000000001, 0.10200000000000001, 0.10200000000000001, 0.10200000000000001, 0.10300000000000001]",0,2,34865152,send_recv,2,2
748,0.101,0.10300000000000001,0.10245,0.10200000000000001,0.0005299371031861554,"[0.10300000000000001, 0.10200000000000001, 0.10200000000000001, 0.10200000000000001, 0.10200000000000001, 0.10200000000000001, 0.10200000000000001, 0.10200000000000001, 0.10300000000000001, 0.10200000000000001, 0.10200000000000001, 0.10300000000000001, 0.10200000000000001, 0.10300000000000001, 0.10300000000000001, 0.10300000000000001, 0.10300000000000001, 0.10200000000000001, 0.10300000000000001, 0.10300000000000001, 0.10300000000000001, 0.10200000000000001, 0.10300000000000001, 0.10200000000000001, 0.10200000000000001, 0.10200000000000001, 0.10200000000000001, 0.10300000000000001, 0.10300000000000001, 0.101, 0.10200000000000001, 0.10300000000000001, 0.10300000000000001, 0.10200000000000001, 0.10200000000000001, 0.10300000000000001, 0.10200000000000001, 0.10300000000000001, 0.10200000000000001, 0.10200000000000001, 0.10300000000000001, 0.10200000000000001, 0.10200000000000001, 0.10300000000000001, 0.10200000000000001, 0.10200000000000001, 0.10200000000000001, 0.10300000000000001, 0.10300000000000001, 0.10300000000000001, 0.10300000000000001, 0.10300000000000001, 0.10300000000000001, 0.10200000000000001, 0.10200000000000001, 0.10300000000000001, 0.10300000000000001, 0.10200000000000001, 0.10200000000000001, 0.10300000000000001]",0,2,34996224,send_recv,2,2
749,0.10200000000000001,0.10300000000000001,0.10281666666666664,0.10300000000000001,0.0003869395588747969,"[0.10300000000000001, 0.10300000000000001, 0.10300000000000001, 0.10300000000000001, 0.10300000000000001, 0.10300000000000001, 0.10200000000000001, 0.10300000000000001, 0.10200000000000001, 0.10300000000000001, 0.10300000000000001, 0.10200000000000001, 0.10300000000000001, 0.10300000000000001, 0.10300000000000001, 0.10300000000000001, 0.10300000000000001, 0.10300000000000001, 0.10300000000000001, 0.10300000000000001, 0.10300000000000001, 0.10300000000000001, 0.10300000000000001, 0.10300000000000001, 0.10300000000000001, 0.10300000000000001, 0.10300000000000001, 0.10200000000000001, 0.10300000000000001, 0.10300000000000001, 0.10300000000000001, 0.10300000000000001, 0.10200000000000001, 0.10200000000000001, 0.10200000000000001, 0.10300000000000001, 0.10300000000000001, 0.10300000000000001, 0.10200000000000001, 0.10200000000000001, 0.10300000000000001, 0.10300000000000001, 0.10300000000000001, 0.10300000000000001, 0.10300000000000001, 0.10300000000000001, 0.10300000000000001, 0.10300000000000001, 0.10300000000000001, 0.10300000000000001, 0.10300000000000001, 0.10200000000000001, 0.10200000000000001, 0.10300000000000001, 0.10300000000000001, 0.10300000000000001, 0.10300000000000001, 0.10300000000000001, 0.10300000000000001, 0.10300000000000001]",0,2,35127296,send_recv,2,2
750,0.10200000000000001,0.10400000000000001,0.10293333333333332,0.10300000000000001,0.0004422166387140537,"[0.10300000000000001, 0.10300000000000001, 0.10300000000000001, 0.10300000000000001, 0.10200000000000001, 0.10300000000000001, 0.10300000000000001, 0.10300000000000001, 0.10300000000000001, 0.10400000000000001, 0.10300000000000001, 0.10300000000000001, 0.10300000000000001, 0.10300000000000001, 0.10300000000000001, 0.10300000000000001, 0.10300000000000001, 0.10300000000000001, 0.10300000000000001, 0.10300000000000001, 0.10300000000000001, 0.10300000000000001, 0.10400000000000001, 0.10300000000000001, 0.10400000000000001, 0.10200000000000001, 0.10300000000000001, 0.10300000000000001, 0.10300000000000001, 0.10300000000000001, 0.10300000000000001, 0.10300000000000001, 0.10300000000000001, 0.10300000000000001, 0.10400000000000001, 0.10300000000000001, 0.10300000000000001, 0.10300000000000001, 0.10200000000000001, 0.10300000000000001, 0.10300000000000001, 0.10300000000000001, 0.10300000000000001, 0.10200000000000001, 0.10300000000000001, 0.10300000000000001, 0.10200000000000001, 0.10300000000000001, 0.10300000000000001, 0.10300000000000001, 0.10200000000000001, 0.10300000000000001, 0.10300000000000001, 0.10300000000000001, 0.10300000000000001, 0.10200000000000001, 0.10300000000000001, 0.10200000000000001, 0.10300000000000001, 0.10300000000000001]",0,2,35258368,send_recv,2,2
751,0.10200000000000001,0.10400000000000001,0.10323333333333332,0.10300000000000001,0.00046067583203617554,"[0.10300000000000001, 0.10300000000000001, 0.10300000000000001, 0.10300000000000001, 0.10300000000000001, 0.10400000000000001, 0.10400000000000001, 0.10300000000000001, 0.10400000000000001, 0.10300000000000001, 0.10400000000000001, 0.10300000000000001, 0.10400000000000001, 0.10300000000000001, 0.10400000000000001, 0.10400000000000001, 0.10300000000000001, 0.10300000000000001, 0.10300000000000001, 0.10300000000000001, 0.10400000000000001, 0.10300000000000001, 0.10300000000000001, 0.10300000000000001, 0.10300000000000001, 0.10300000000000001, 0.10300000000000001, 0.10300000000000001, 0.10300000000000001, 0.10300000000000001, 0.10300000000000001, 0.10300000000000001, 0.10300000000000001, 0.10400000000000001, 0.10300000000000001, 0.10300000000000001, 0.10300000000000001, 0.10400000000000001, 0.10400000000000001, 0.10300000000000001, 0.10300000000000001, 0.10300000000000001, 0.10300000000000001, 0.10300000000000001, 0.10300000000000001, 0.10300000000000001, 0.10400000000000001, 0.10300000000000001, 0.10300000000000001, 0.10300000000000001, 0.10400000000000001, 0.10300000000000001, 0.10400000000000001, 0.10300000000000001, 0.10300000000000001, 0.10400000000000001, 0.10300000000000001, 0.10200000000000001, 0.10300000000000001, 0.10300000000000001]",0,2,35389440,send_recv,2,2
752,0.10300000000000001,0.105,0.10368333333333334,0.10400000000000001,0.0004997221450188315,"[0.10400000000000001, 0.10400000000000001, 0.10400000000000001, 0.10300000000000001, 0.10400000000000001, 0.10400000000000001, 0.10300000000000001, 0.10400000000000001, 0.10300000000000001, 0.10400000000000001, 0.10400000000000001, 0.10400000000000001, 0.10300000000000001, 0.10400000000000001, 0.105, 0.10400000000000001, 0.10300000000000001, 0.10300000000000001, 0.10400000000000001, 0.10400000000000001, 0.10300000000000001, 0.10400000000000001, 0.10300000000000001, 0.10300000000000001, 0.10400000000000001, 0.10300000000000001, 0.10400000000000001, 0.10400000000000001, 0.10400000000000001, 0.10400000000000001, 0.10400000000000001, 0.10300000000000001, 0.10300000000000001, 0.10400000000000001, 0.10300000000000001, 0.10300000000000001, 0.10400000000000001, 0.10400000000000001, 0.10300000000000001, 0.10400000000000001, 0.10400000000000001, 0.10300000000000001, 0.10400000000000001, 0.10300000000000001, 0.10400000000000001, 0.10300000000000001, 0.10400000000000001, 0.10400000000000001, 0.10300000000000001, 0.10400000000000001, 0.10400000000000001, 0.10400000000000001, 0.10300000000000001, 0.10400000000000001, 0.10400000000000001, 0.10400000000000001, 0.10400000000000001, 0.10400000000000001, 0.10400000000000001, 0.10400000000000001]",0,2,35520512,send_recv,2,2
753,0.10300000000000001,0.105,0.10408333333333333,0.10400000000000001,0.0004199867722784681,"[0.10400000000000001, 0.10400000000000001, 0.10400000000000001, 0.10400000000000001, 0.105, 0.10400000000000001, 0.10400000000000001, 0.10400000000000001, 0.10400000000000001, 0.10400000000000001, 0.10300000000000001, 0.10400000000000001, 0.10300000000000001, 0.10400000000000001, 0.10400000000000001, 0.10400000000000001, 0.10400000000000001, 0.10400000000000001, 0.105, 0.10400000000000001, 0.10400000000000001, 0.105, 0.10400000000000001, 0.10400000000000001, 0.10400000000000001, 0.10400000000000001, 0.10400000000000001, 0.10400000000000001, 0.10400000000000001, 0.105, 0.10400000000000001, 0.10400000000000001, 0.105, 0.10400000000000001, 0.10400000000000001, 0.10400000000000001, 0.10400000000000001, 0.10400000000000001, 0.10400000000000001, 0.10400000000000001, 0.10400000000000001, 0.10400000000000001, 0.105, 0.10400000000000001, 0.10400000000000001, 0.105, 0.10400000000000001, 0.10400000000000001, 0.10400000000000001, 0.10400000000000001, 0.10400000000000001, 0.10400000000000001, 0.10400000000000001, 0.10400000000000001, 0.105, 0.10400000000000001, 0.10400000000000001, 0.10400000000000001, 0.10400000000000001, 0.10300000000000001]",0,2,35651584,send_recv,2,2
754,0.10400000000000001,0.105,0.10441666666666667,0.10400000000000001,0.0004930066485916283,"[0.10400000000000001, 0.105, 0.10400000000000001, 0.105, 0.10400000000000001, 0.105, 0.10400000000000001, 0.10400000000000001, 0.105, 0.10400000000000001, 0.105, 0.10400000000000001, 0.105, 0.105, 0.10400000000000001, 0.10400000000000001, 0.10400000000000001, 0.105, 0.105, 0.105, 0.105, 0.10400000000000001, 0.10400000000000001, 0.10400000000000001, 0.10400000000000001, 0.10400000000000001, 0.10400000000000001, 0.10400000000000001, 0.105, 0.10400000000000001, 0.10400000000000001, 0.10400000000000001, 0.10400000000000001, 0.105, 0.105, 0.105, 0.10400000000000001, 0.10400000000000001, 0.105, 0.10400000000000001, 0.10400000000000001, 0.105, 0.10400000000000001, 0.10400000000000001, 0.10400000000000001, 0.10400000000000001, 0.105, 0.105, 0.105, 0.10400000000000001, 0.10400000000000001, 0.105, 0.105, 0.105, 0.10400000000000001, 0.10400000000000001, 0.10400000000000001, 0.105, 0.10400000000000001, 0.105]",0,2,35782656,send_recv,2,2
755,0.10400000000000001,0.106,0.10486666666666668,0.105,0.00042687494916218564,"[0.105, 0.106, 0.105, 0.105, 0.105, 0.105, 0.10400000000000001, 0.105, 0.105, 0.106, 0.105, 0.105, 0.105, 0.105, 0.105, 0.10400000000000001, 0.105, 0.105, 0.105, 0.105, 0.105, 0.105, 0.105, 0.105, 0.105, 0.105, 0.105, 0.105, 0.105, 0.105, 0.105, 0.105, 0.10400000000000001, 0.105, 0.105, 0.105, 0.10400000000000001, 0.105, 0.105, 0.10400000000000001, 0.105, 0.105, 0.105, 0.105, 0.10400000000000001, 0.105, 0.10400000000000001, 0.105, 0.105, 0.105, 0.105, 0.10400000000000001, 0.105, 0.105, 0.105, 0.10400000000000001, 0.105, 0.105, 0.10400000000000001, 0.105]",0,2,35913728,send_recv,2,2
756,0.10400000000000001,0.107,0.10525000000000002,0.105,0.0005041494487418056,"[0.106, 0.106, 0.105, 0.105, 0.105, 0.105, 0.106, 0.106, 0.106, 0.105, 0.10400000000000001, 0.106, 0.105, 0.105, 0.105, 0.106, 0.105, 0.105, 0.105, 0.105, 0.105, 0.106, 0.105, 0.105, 0.105, 0.105, 0.105, 0.106, 0.105, 0.105, 0.105, 0.106, 0.105, 0.105, 0.105, 0.105, 0.105, 0.105, 0.106, 0.105, 0.105, 0.105, 0.106, 0.105, 0.105, 0.105, 0.105, 0.105, 0.106, 0.105, 0.105, 0.105, 0.105, 0.105, 0.107, 0.105, 0.105, 0.105, 0.105, 0.106]",0,2,36044800,send_recv,2,2
757,0.105,0.107,0.10573333333333332,0.106,0.0005120763831912411,"[0.106, 0.106, 0.106, 0.106, 0.106, 0.106, 0.106, 0.106, 0.106, 0.106, 0.106, 0.105, 0.106, 0.106, 0.105, 0.105, 0.106, 0.105, 0.106, 0.106, 0.106, 0.106, 0.105, 0.106, 0.105, 0.106, 0.106, 0.106, 0.105, 0.106, 0.106, 0.106, 0.105, 0.105, 0.105, 0.106, 0.106, 0.107, 0.105, 0.105, 0.106, 0.105, 0.105, 0.106, 0.106, 0.106, 0.106, 0.105, 0.106, 0.105, 0.106, 0.106, 0.107, 0.105, 0.106, 0.105, 0.106, 0.106, 0.106, 0.106]",0,2,36175872,send_recv,2,2
758,0.105,0.107,0.10594999999999999,0.106,0.00046278144589716105,"[0.106, 0.106, 0.106, 0.106, 0.106, 0.106, 0.105, 0.106, 0.106, 0.106, 0.106, 0.106, 0.106, 0.106, 0.106, 0.105, 0.106, 0.107, 0.106, 0.106, 0.106, 0.106, 0.107, 0.106, 0.107, 0.106, 0.107, 0.105, 0.106, 0.106, 0.106, 0.105, 0.106, 0.106, 0.106, 0.105, 0.106, 0.106, 0.106, 0.105, 0.106, 0.106, 0.106, 0.107, 0.106, 0.106, 0.106, 0.106, 0.105, 0.106, 0.105, 0.106, 0.106, 0.106, 0.106, 0.106, 0.106, 0.106, 0.106, 0.106]",0,2,36306944,send_recv,2,2
759,0.105,0.109,0.10643333333333334,0.106,0.0006420453428086079,"[0.107, 0.107, 0.106, 0.106, 0.106, 0.106, 0.107, 0.107, 0.106, 0.106, 0.107, 0.107, 0.107, 0.106, 0.106, 0.108, 0.106, 0.106, 0.107, 0.107, 0.106, 0.106, 0.107, 0.106, 0.106, 0.106, 0.106, 0.107, 0.107, 0.106, 0.106, 0.107, 0.107, 0.106, 0.106, 0.106, 0.107, 0.106, 0.107, 0.107, 0.106, 0.106, 0.106, 0.106, 0.107, 0.106, 0.107, 0.106, 0.106, 0.106, 0.106, 0.109, 0.107, 0.107, 0.106, 0.106, 0.105, 0.106, 0.106, 0.107]",0,2,36438016,send_recv,2,2
760,0.106,0.107,0.10675,0.107,0.0004330127018922197,"[0.107, 0.106, 0.106, 0.107, 0.107, 0.107, 0.107, 0.107, 0.107, 0.107, 0.106, 0.106, 0.107, 0.106, 0.106, 0.107, 0.107, 0.107, 0.107, 0.107, 0.107, 0.107, 0.106, 0.106, 0.107, 0.107, 0.107, 0.106, 0.107, 0.107, 0.107, 0.107, 0.107, 0.107, 0.106, 0.107, 0.107, 0.107, 0.106, 0.107, 0.107, 0.107, 0.107, 0.106, 0.107, 0.107, 0.107, 0.107, 0.107, 0.107, 0.107, 0.107, 0.107, 0.106, 0.106, 0.107, 0.106, 0.107, 0.107, 0.107]",0,2,36569088,send_recv,2,2
761,0.106,0.108,0.10718333333333334,0.107,0.0005913731666403396,"[0.107, 0.107, 0.107, 0.108, 0.108, 0.107, 0.107, 0.108, 0.108, 0.107, 0.106, 0.107, 0.108, 0.107, 0.108, 0.107, 0.107, 0.108, 0.108, 0.107, 0.107, 0.108, 0.107, 0.107, 0.108, 0.107, 0.107, 0.107, 0.107, 0.108, 0.108, 0.107, 0.107, 0.107, 0.106, 0.107, 0.108, 0.107, 0.107, 0.107, 0.108, 0.106, 0.107, 0.106, 0.107, 0.106, 0.108, 0.107, 0.107, 0.108, 0.107, 0.107, 0.108, 0.107, 0.107, 0.107, 0.107, 0.107, 0.107, 0.106]",0,2,36700160,send_recv,2,2
762,0.107,0.108,0.1073,0.107,0.0004582575694955845,"[0.107, 0.107, 0.107, 0.107, 0.108, 0.107, 0.107, 0.107, 0.108, 0.107, 0.107, 0.107, 0.107, 0.107, 0.107, 0.107, 0.107, 0.108, 0.108, 0.107, 0.108, 0.107, 0.107, 0.107, 0.107, 0.108, 0.107, 0.107, 0.108, 0.107, 0.108, 0.107, 0.107, 0.108, 0.107, 0.108, 0.107, 0.108, 0.108, 0.107, 0.108, 0.107, 0.107, 0.107, 0.107, 0.107, 0.107, 0.108, 0.108, 0.108, 0.108, 0.107, 0.108, 0.107, 0.107, 0.107, 0.107, 0.107, 0.107, 0.107]",0,2,36831232,send_recv,2,2
763,0.107,0.109,0.10769999999999999,0.108,0.0004932882862316252,"[0.107, 0.107, 0.108, 0.107, 0.108, 0.108, 0.108, 0.107, 0.108, 0.108, 0.107, 0.109, 0.108, 0.108, 0.108, 0.107, 0.108, 0.107, 0.107, 0.108, 0.107, 0.108, 0.108, 0.108, 0.108, 0.107, 0.107, 0.108, 0.107, 0.107, 0.108, 0.108, 0.108, 0.107, 0.108, 0.108, 0.108, 0.108, 0.108, 0.107, 0.108, 0.108, 0.108, 0.108, 0.108, 0.107, 0.107, 0.108, 0.108, 0.108, 0.108, 0.108, 0.108, 0.108, 0.107, 0.108, 0.108, 0.108, 0.107, 0.108]",0,2,36962304,send_recv,2,2
764,0.107,0.109,0.10831666666666666,0.108,0.0005624845676895407,"[0.109, 0.109, 0.109, 0.108, 0.108, 0.108, 0.108, 0.108, 0.108, 0.109, 0.109, 0.108, 0.108, 0.108, 0.108, 0.108, 0.108, 0.109, 0.108, 0.108, 0.108, 0.108, 0.108, 0.108, 0.108, 0.109, 0.109, 0.109, 0.109, 0.108, 0.108, 0.109, 0.109, 0.108, 0.107, 0.108, 0.108, 0.109, 0.109, 0.108, 0.107, 0.109, 0.108, 0.108, 0.108, 0.108, 0.108, 0.108, 0.108, 0.108, 0.109, 0.109, 0.107, 0.108, 0.109, 0.109, 0.108, 0.109, 0.109, 0.109]",0,2,37093376,send_recv,2,2
765,0.108,0.11,0.10861666666666665,0.109,0.0005193478816960966,"[0.109, 0.109, 0.109, 0.109, 0.109, 0.108, 0.108, 0.108, 0.109, 0.109, 0.108, 0.109, 0.109, 0.109, 0.109, 0.108, 0.108, 0.109, 0.108, 0.109, 0.109, 0.109, 0.108, 0.108, 0.108, 0.109, 0.108, 0.109, 0.109, 0.109, 0.109, 0.109, 0.109, 0.108, 0.108, 0.109, 0.109, 0.108, 0.109, 0.108, 0.109, 0.11, 0.109, 0.109, 0.109, 0.109, 0.108, 0.108, 0.108, 0.108, 0.108, 0.109, 0.108, 0.109, 0.108, 0.109, 0.109, 0.109, 0.108, 0.108]",0,2,37224448,send_recv,2,2
766,0.108,0.11,0.10893333333333334,0.109,0.00047842333648024456,"[0.109, 0.109, 0.109, 0.109, 0.109, 0.109, 0.11, 0.109, 0.109, 0.11, 0.108, 0.108, 0.108, 0.109, 0.109, 0.109, 0.109, 0.108, 0.109, 0.109, 0.109, 0.109, 0.109, 0.108, 0.109, 0.109, 0.11, 0.109, 0.109, 0.109, 0.11, 0.109, 0.109, 0.109, 0.109, 0.109, 0.109, 0.109, 0.109, 0.109, 0.109, 0.109, 0.109, 0.109, 0.109, 0.108, 0.109, 0.108, 0.109, 0.108, 0.109, 0.109, 0.109, 0.108, 0.109, 0.109, 0.11, 0.109, 0.109, 0.109]",0,2,37355520,send_recv,2,2
767,0.108,0.11,0.10931666666666669,0.109,0.0005320296566504127,"[0.109, 0.109, 0.109, 0.109, 0.109, 0.109, 0.109, 0.11, 0.11, 0.109, 0.109, 0.109, 0.11, 0.109, 0.109, 0.11, 0.108, 0.109, 0.11, 0.11, 0.109, 0.11, 0.11, 0.109, 0.11, 0.11, 0.109, 0.11, 0.109, 0.109, 0.109, 0.11, 0.11, 0.11, 0.109, 0.109, 0.109, 0.109, 0.109, 0.11, 0.109, 0.11, 0.109, 0.109, 0.109, 0.109, 0.11, 0.109, 0.108, 0.109, 0.11, 0.109, 0.109, 0.109, 0.11, 0.109, 0.11, 0.109, 0.11, 0.109]",0,2,37486592,send_recv,2,2
768,0.109,0.111,0.10986666666666665,0.11,0.0006446359868604579,"[0.11, 0.11, 0.11, 0.11, 0.11, 0.11, 0.11, 0.11, 0.111, 0.11, 0.111, 0.11, 0.109, 0.109, 0.109, 0.11, 0.11, 0.109, 0.11, 0.11, 0.11, 0.11, 0.109, 0.11, 0.109, 0.111, 0.109, 0.111, 0.11, 0.11, 0.109, 0.109, 0.11, 0.109, 0.11, 0.11, 0.11, 0.109, 0.11, 0.11, 0.11, 0.11, 0.109, 0.111, 0.11, 0.11, 0.109, 0.109, 0.111, 0.11, 0.109, 0.111, 0.11, 0.109, 0.11, 0.11, 0.109, 0.111, 0.111, 0.11]",0,2,37617664,send_recv,2,2
769,0.109,0.111,0.1102666666666667,0.11,0.000512076383191241,"[0.11, 0.11, 0.11, 0.11, 0.111, 0.11, 0.11, 0.11, 0.11, 0.11, 0.111, 0.11, 0.11, 0.11, 0.11, 0.11, 0.11, 0.111, 0.111, 0.11, 0.11, 0.11, 0.11, 0.11, 0.111, 0.11, 0.111, 0.11, 0.11, 0.11, 0.111, 0.11, 0.111, 0.111, 0.111, 0.11, 0.11, 0.111, 0.11, 0.11, 0.111, 0.109, 0.111, 0.11, 0.111, 0.11, 0.111, 0.11, 0.11, 0.11, 0.109, 0.11, 0.111, 0.11, 0.111, 0.11, 0.11, 0.111, 0.11, 0.11]",0,2,37748736,send_recv,2,2
770,0.109,0.111,0.10975,0.11,0.0005664215155988814,"[0.11, 0.11, 0.11, 0.111, 0.11, 0.109, 0.111, 0.109, 0.11, 0.109, 0.11, 0.11, 0.109, 0.111, 0.11, 0.11, 0.11, 0.11, 0.11, 0.11, 0.11, 0.109, 0.11, 0.11, 0.11, 0.11, 0.11, 0.11, 0.11, 0.109, 0.11, 0.11, 0.109, 0.11, 0.11, 0.11, 0.109, 0.109, 0.11, 0.11, 0.109, 0.11, 0.109, 0.109, 0.11, 0.109, 0.11, 0.11, 0.11, 0.109, 0.109, 0.11, 0.111, 0.109, 0.11, 0.11, 0.109, 0.11, 0.109, 0.109]",0,2,37879808,send_recv,2,2
771,0.109,0.111,0.11021666666666667,0.11,0.0005193478816960965,"[0.11, 0.11, 0.111, 0.111, 0.11, 0.11, 0.111, 0.109, 0.11, 0.11, 0.11, 0.111, 0.11, 0.11, 0.11, 0.11, 0.11, 0.11, 0.11, 0.111, 0.109, 0.11, 0.11, 0.11, 0.11, 0.11, 0.11, 0.11, 0.111, 0.11, 0.111, 0.111, 0.111, 0.11, 0.111, 0.111, 0.11, 0.11, 0.11, 0.11, 0.11, 0.11, 0.11, 0.111, 0.11, 0.11, 0.111, 0.11, 0.111, 0.111, 0.11, 0.11, 0.11, 0.11, 0.11, 0.11, 0.11, 0.11, 0.111, 0.109]",0,2,38010880,send_recv,2,2
772,0.11,0.112,0.11059999999999999,0.111,0.0005537749241945388,"[0.11, 0.111, 0.11, 0.11, 0.11, 0.111, 0.11, 0.111, 0.111, 0.111, 0.11, 0.111, 0.11, 0.112, 0.11, 0.111, 0.11, 0.111, 0.111, 0.111, 0.111, 0.111, 0.112, 0.11, 0.11, 0.11, 0.11, 0.111, 0.11, 0.11, 0.11, 0.111, 0.111, 0.11, 0.111, 0.11, 0.11, 0.111, 0.111, 0.111, 0.11, 0.11, 0.111, 0.111, 0.111, 0.111, 0.111, 0.111, 0.11, 0.111, 0.11, 0.111, 0.11, 0.11, 0.11, 0.111, 0.111, 0.111, 0.111, 0.111]",0,2,38141952,send_recv,2,2
773,0.11,0.113,0.11101666666666664,0.111,0.0005320296566504127,"[0.111, 0.111, 0.111, 0.111, 0.111, 0.112, 0.111, 0.111, 0.111, 0.111, 0.111, 0.111, 0.111, 0.111, 0.111, 0.111, 0.11, 0.111, 0.11, 0.111, 0.111, 0.113, 0.111, 0.111, 0.112, 0.11, 0.111, 0.111, 0.112, 0.111, 0.111, 0.112, 0.111, 0.112, 0.111, 0.11, 0.111, 0.111, 0.111, 0.11, 0.111, 0.111, 0.111, 0.112, 0.11, 0.111, 0.111, 0.111, 0.11, 0.111, 0.111, 0.111, 0.111, 0.111, 0.111, 0.111, 0.111, 0.111, 0.111, 0.111]",0,2,38273024,send_recv,2,2
774,0.111,0.113,0.11158333333333333,0.112,0.0005257270098529172,"[0.112, 0.112, 0.112, 0.111, 0.111, 0.112, 0.113, 0.111, 0.112, 0.112, 0.112, 0.112, 0.112, 0.111, 0.111, 0.112, 0.112, 0.112, 0.111, 0.112, 0.112, 0.111, 0.112, 0.111, 0.111, 0.111, 0.111, 0.111, 0.112, 0.111, 0.112, 0.112, 0.112, 0.112, 0.111, 0.112, 0.111, 0.112, 0.111, 0.112, 0.111, 0.111, 0.111, 0.111, 0.112, 0.112, 0.112, 0.112, 0.112, 0.112, 0.111, 0.112, 0.111, 0.112, 0.111, 0.112, 0.112, 0.111, 0.111, 0.111]",0,2,38404096,send_recv,2,2
775,0.111,0.113,0.11205000000000001,0.112,0.0005299371031861554,"[0.112, 0.112, 0.113, 0.112, 0.112, 0.112, 0.112, 0.112, 0.112, 0.112, 0.112, 0.112, 0.113, 0.112, 0.112, 0.113, 0.112, 0.111, 0.112, 0.112, 0.112, 0.111, 0.112, 0.111, 0.112, 0.112, 0.112, 0.112, 0.113, 0.113, 0.112, 0.112, 0.112, 0.112, 0.112, 0.112, 0.111, 0.113, 0.113, 0.112, 0.113, 0.112, 0.113, 0.112, 0.112, 0.112, 0.112, 0.112, 0.112, 0.111, 0.112, 0.112, 0.112, 0.112, 0.111, 0.112, 0.112, 0.111, 0.112, 0.113]",0,2,38535168,send_recv,2,2
776,0.111,0.113,0.1122666666666667,0.112,0.000512076383191241,"[0.113, 0.112, 0.113, 0.113, 0.112, 0.113, 0.112, 0.113, 0.112, 0.113, 0.112, 0.113, 0.112, 0.112, 0.111, 0.112, 0.112, 0.112, 0.112, 0.113, 0.112, 0.112, 0.112, 0.113, 0.112, 0.113, 0.112, 0.112, 0.113, 0.112, 0.112, 0.112, 0.112, 0.113, 0.112, 0.112, 0.112, 0.112, 0.112, 0.112, 0.112, 0.113, 0.112, 0.113, 0.112, 0.112, 0.112, 0.112, 0.111, 0.113, 0.112, 0.113, 0.113, 0.112, 0.112, 0.112, 0.112, 0.113, 0.112, 0.112]",0,2,38666240,send_recv,2,2
777,0.112,0.114,0.11246666666666669,0.112,0.0005617433182117578,"[0.112, 0.112, 0.112, 0.113, 0.112, 0.112, 0.113, 0.113, 0.112, 0.113, 0.112, 0.112, 0.112, 0.112, 0.113, 0.113, 0.112, 0.112, 0.113, 0.112, 0.113, 0.112, 0.113, 0.113, 0.112, 0.113, 0.113, 0.113, 0.114, 0.113, 0.112, 0.113, 0.113, 0.112, 0.112, 0.112, 0.112, 0.112, 0.112, 0.113, 0.113, 0.113, 0.112, 0.112, 0.113, 0.112, 0.112, 0.112, 0.112, 0.113, 0.113, 0.112, 0.112, 0.112, 0.113, 0.114, 0.112, 0.112, 0.113, 0.112]",0,2,38797312,send_recv,2,2
778,0.111,0.113,0.1124666666666667,0.112,0.0005312459150169748,"[0.113, 0.112, 0.113, 0.113, 0.112, 0.112, 0.112, 0.112, 0.112, 0.113, 0.113, 0.113, 0.112, 0.112, 0.112, 0.112, 0.112, 0.113, 0.113, 0.112, 0.113, 0.112, 0.113, 0.112, 0.113, 0.113, 0.113, 0.112, 0.113, 0.113, 0.111, 0.112, 0.113, 0.113, 0.113, 0.112, 0.113, 0.113, 0.112, 0.112, 0.112, 0.113, 0.112, 0.112, 0.112, 0.112, 0.112, 0.113, 0.112, 0.113, 0.112, 0.113, 0.112, 0.113, 0.113, 0.112, 0.113, 0.113, 0.113, 0.112]",0,2,38928384,send_recv,2,2
779,0.112,0.114,0.11283333333333335,0.113,0.0005821416398857665,"[0.113, 0.114, 0.114, 0.114, 0.113, 0.112, 0.113, 0.112, 0.113, 0.113, 0.112, 0.113, 0.113, 0.112, 0.112, 0.113, 0.113, 0.113, 0.113, 0.113, 0.112, 0.113, 0.113, 0.113, 0.112, 0.113, 0.113, 0.112, 0.113, 0.113, 0.112, 0.113, 0.113, 0.113, 0.112, 0.113, 0.113, 0.112, 0.113, 0.113, 0.112, 0.113, 0.113, 0.113, 0.114, 0.112, 0.113, 0.112, 0.112, 0.113, 0.114, 0.113, 0.112, 0.113, 0.114, 0.113, 0.113, 0.113, 0.113, 0.113]",0,2,39059456,send_recv,2,2
780,0.112,0.114,0.11335000000000002,0.113,0.0005423713365090998,"[0.112, 0.113, 0.113, 0.113, 0.114, 0.114, 0.114, 0.114, 0.114, 0.114, 0.113, 0.113, 0.114, 0.114, 0.113, 0.113, 0.114, 0.113, 0.114, 0.114, 0.114, 0.114, 0.113, 0.113, 0.113, 0.113, 0.113, 0.113, 0.114, 0.114, 0.113, 0.113, 0.113, 0.113, 0.114, 0.113, 0.114, 0.113, 0.113, 0.114, 0.114, 0.114, 0.113, 0.114, 0.113, 0.114, 0.113, 0.113, 0.113, 0.113, 0.113, 0.113, 0.113, 0.113, 0.113, 0.114, 0.113, 0.113, 0.112, 0.113]",0,2,39190528,send_recv,2,2
781,0.113,0.115,0.11378333333333333,0.114,0.0005193478816960965,"[0.113, 0.113, 0.115, 0.114, 0.114, 0.114, 0.114, 0.114, 0.114, 0.113, 0.114, 0.114, 0.113, 0.114, 0.114, 0.113, 0.114, 0.113, 0.114, 0.114, 0.114, 0.114, 0.113, 0.114, 0.114, 0.114, 0.114, 0.114, 0.115, 0.114, 0.114, 0.114, 0.114, 0.114, 0.113, 0.114, 0.114, 0.114, 0.114, 0.114, 0.114, 0.114, 0.113, 0.114, 0.114, 0.113, 0.115, 0.114, 0.114, 0.114, 0.113, 0.113, 0.113, 0.113, 0.114, 0.113, 0.114, 0.113, 0.114, 0.114]",0,2,39321600,send_recv,2,2
782,0.113,0.116,0.11423333333333333,0.114,0.0004955356249106174,"[0.114, 0.114, 0.114, 0.114, 0.114, 0.114, 0.114, 0.114, 0.115, 0.114, 0.115, 0.114, 0.114, 0.114, 0.114, 0.114, 0.114, 0.115, 0.114, 0.115, 0.114, 0.114, 0.114, 0.114, 0.114, 0.114, 0.114, 0.116, 0.114, 0.114, 0.114, 0.113, 0.115, 0.115, 0.115, 0.114, 0.114, 0.114, 0.114, 0.114, 0.114, 0.115, 0.114, 0.114, 0.114, 0.115, 0.114, 0.115, 0.114, 0.115, 0.115, 0.115, 0.114, 0.114, 0.114, 0.114, 0.114, 0.114, 0.114, 0.114]",0,2,39452672,send_recv,2,2
783,0.114,0.115,0.11473333333333334,0.115,0.0004422166387140537,"[0.115, 0.115, 0.115, 0.115, 0.115, 0.115, 0.115, 0.115, 0.115, 0.114, 0.115, 0.115, 0.115, 0.115, 0.115, 0.115, 0.115, 0.115, 0.115, 0.115, 0.114, 0.114, 0.115, 0.114, 0.115, 0.114, 0.114, 0.115, 0.115, 0.114, 0.115, 0.115, 0.115, 0.114, 0.115, 0.115, 0.114, 0.115, 0.115, 0.115, 0.115, 0.115, 0.115, 0.115, 0.115, 0.115, 0.115, 0.115, 0.114, 0.114, 0.115, 0.115, 0.115, 0.114, 0.114, 0.114, 0.115, 0.115, 0.114, 0.114]",0,2,39583744,send_recv,2,2
784,0.114,0.116,0.11510000000000001,0.115,0.0004358898943540677,"[0.115, 0.116, 0.116, 0.115, 0.116, 0.115, 0.115, 0.115, 0.115, 0.115, 0.115, 0.115, 0.115, 0.116, 0.115, 0.115, 0.115, 0.115, 0.115, 0.115, 0.115, 0.116, 0.115, 0.115, 0.115, 0.115, 0.116, 0.115, 0.115, 0.115, 0.114, 0.115, 0.116, 0.115, 0.115, 0.115, 0.115, 0.115, 0.114, 0.116, 0.115, 0.115, 0.115, 0.115, 0.115, 0.115, 0.115, 0.115, 0.115, 0.114, 0.115, 0.115, 0.115, 0.115, 0.115, 0.115, 0.115, 0.115, 0.116, 0.115]",0,2,39714816,send_recv,2,2
785,0.115,0.116,0.11538333333333334,0.115,0.0004861984048604945,"[0.115, 0.115, 0.115, 0.115, 0.116, 0.116, 0.115, 0.115, 0.115, 0.115, 0.115, 0.115, 0.115, 0.115, 0.115, 0.116, 0.115, 0.115, 0.115, 0.115, 0.116, 0.115, 0.116, 0.115, 0.115, 0.116, 0.115, 0.115, 0.116, 0.115, 0.115, 0.115, 0.116, 0.115, 0.116, 0.115, 0.115, 0.116, 0.115, 0.116, 0.115, 0.116, 0.116, 0.116, 0.115, 0.115, 0.115, 0.116, 0.116, 0.116, 0.116, 0.115, 0.116, 0.116, 0.115, 0.116, 0.115, 0.116, 0.115, 0.116]",0,2,39845888,send_recv,2,2
786,0.115,0.116,0.11551666666666666,0.116,0.000499722145018832,"[0.115, 0.116, 0.116, 0.115, 0.115, 0.115, 0.116, 0.116, 0.115, 0.116, 0.115, 0.115, 0.115, 0.116, 0.116, 0.116, 0.116, 0.116, 0.116, 0.116, 0.116, 0.116, 0.115, 0.115, 0.116, 0.115, 0.116, 0.115, 0.115, 0.116, 0.115, 0.116, 0.116, 0.116, 0.116, 0.115, 0.116, 0.115, 0.115, 0.115, 0.115, 0.116, 0.116, 0.115, 0.115, 0.115, 0.116, 0.115, 0.115, 0.116, 0.115, 0.115, 0.116, 0.116, 0.115, 0.115, 0.115, 0.116, 0.116, 0.116]",0,2,39976960,send_recv,2,2
787,0.115,0.117,0.11585000000000001,0.116,0.00047696960070847325,"[0.116, 0.117, 0.116, 0.116, 0.116, 0.115, 0.115, 0.116, 0.116, 0.116, 0.116, 0.116, 0.116, 0.115, 0.116, 0.116, 0.116, 0.116, 0.116, 0.116, 0.115, 0.116, 0.116, 0.116, 0.116, 0.117, 0.116, 0.116, 0.116, 0.116, 0.116, 0.116, 0.116, 0.116, 0.116, 0.115, 0.116, 0.115, 0.116, 0.116, 0.116, 0.116, 0.116, 0.116, 0.116, 0.115, 0.116, 0.115, 0.115, 0.116, 0.116, 0.116, 0.116, 0.115, 0.117, 0.116, 0.115, 0.116, 0.116, 0.115]",0,2,40108032,send_recv,2,2
788,0.115,0.117,0.11635000000000001,0.116,0.0005107184482014859,"[0.117, 0.116, 0.116, 0.116, 0.116, 0.116, 0.116, 0.116, 0.116, 0.116, 0.116, 0.117, 0.117, 0.115, 0.117, 0.116, 0.117, 0.117, 0.116, 0.117, 0.116, 0.116, 0.117, 0.117, 0.116, 0.117, 0.116, 0.117, 0.116, 0.116, 0.116, 0.116, 0.116, 0.117, 0.116, 0.117, 0.117, 0.116, 0.116, 0.116, 0.116, 0.116, 0.116, 0.117, 0.116, 0.117, 0.116, 0.116, 0.117, 0.116, 0.116, 0.116, 0.117, 0.116, 0.116, 0.117, 0.117, 0.117, 0.116, 0.117]",0,2,40239104,send_recv,2,2
789,0.116,0.11800000000000001,0.11671666666666668,0.117,0.0005193478816960965,"[0.117, 0.117, 0.116, 0.117, 0.116, 0.117, 0.117, 0.117, 0.11800000000000001, 0.116, 0.117, 0.117, 0.117, 0.117, 0.117, 0.116, 0.117, 0.116, 0.117, 0.117, 0.117, 0.117, 0.117, 0.116, 0.117, 0.117, 0.116, 0.117, 0.116, 0.116, 0.117, 0.116, 0.117, 0.117, 0.116, 0.117, 0.116, 0.116, 0.117, 0.116, 0.117, 0.117, 0.117, 0.117, 0.117, 0.117, 0.117, 0.116, 0.117, 0.116, 0.116, 0.116, 0.116, 0.117, 0.117, 0.117, 0.117, 0.117, 0.117, 0.11800000000000001]",0,2,40370176,send_recv,2,2
790,0.117,0.11800000000000001,0.11723333333333336,0.117,0.000422952584681651,"[0.117, 0.117, 0.117, 0.117, 0.117, 0.11800000000000001, 0.117, 0.117, 0.117, 0.117, 0.117, 0.117, 0.117, 0.117, 0.117, 0.117, 0.117, 0.117, 0.117, 0.11800000000000001, 0.117, 0.117, 0.11800000000000001, 0.117, 0.11800000000000001, 0.117, 0.11800000000000001, 0.117, 0.117, 0.117, 0.117, 0.117, 0.117, 0.117, 0.11800000000000001, 0.117, 0.117, 0.11800000000000001, 0.117, 0.117, 0.11800000000000001, 0.117, 0.117, 0.117, 0.117, 0.117, 0.117, 0.11800000000000001, 0.117, 0.117, 0.117, 0.11800000000000001, 0.117, 0.117, 0.117, 0.11800000000000001, 0.11800000000000001, 0.11800000000000001, 0.11800000000000001, 0.117]",0,2,40501248,send_recv,2,2
791,0.117,0.11900000000000001,0.11760000000000002,0.11800000000000001,0.000522812904711938,"[0.117, 0.11800000000000001, 0.11800000000000001, 0.11800000000000001, 0.117, 0.117, 0.11800000000000001, 0.117, 0.117, 0.117, 0.11800000000000001, 0.11800000000000001, 0.117, 0.117, 0.11800000000000001, 0.11800000000000001, 0.11800000000000001, 0.117, 0.117, 0.11900000000000001, 0.11800000000000001, 0.117, 0.117, 0.117, 0.11800000000000001, 0.117, 0.11800000000000001, 0.11800000000000001, 0.11800000000000001, 0.11800000000000001, 0.117, 0.11800000000000001, 0.11800000000000001, 0.117, 0.11800000000000001, 0.117, 0.117, 0.117, 0.11800000000000001, 0.11800000000000001, 0.117, 0.11800000000000001, 0.11800000000000001, 0.11800000000000001, 0.117, 0.11800000000000001, 0.11800000000000001, 0.11800000000000001, 0.11800000000000001, 0.117, 0.11800000000000001, 0.11800000000000001, 0.117, 0.11800000000000001, 0.11800000000000001, 0.117, 0.11800000000000001, 0.117, 0.11800000000000001, 0.11800000000000001]",0,2,40632320,send_recv,2,2
792,0.117,0.11900000000000001,0.11795000000000001,0.11800000000000001,0.0004627814458971611,"[0.11800000000000001, 0.117, 0.11800000000000001, 0.11800000000000001, 0.117, 0.11800000000000001, 0.117, 0.11800000000000001, 0.11800000000000001, 0.11800000000000001, 0.11800000000000001, 0.11900000000000001, 0.11800000000000001, 0.11800000000000001, 0.11800000000000001, 0.11800000000000001, 0.11800000000000001, 0.11800000000000001, 0.11800000000000001, 0.11800000000000001, 0.11800000000000001, 0.11900000000000001, 0.11800000000000001, 0.11800000000000001, 0.11900000000000001, 0.11800000000000001, 0.117, 0.11800000000000001, 0.117, 0.11800000000000001, 0.11800000000000001, 0.11800000000000001, 0.11800000000000001, 0.11800000000000001, 0.11800000000000001, 0.11800000000000001, 0.11800000000000001, 0.11800000000000001, 0.11800000000000001, 0.11800000000000001, 0.11800000000000001, 0.11800000000000001, 0.11800000000000001, 0.11800000000000001, 0.11800000000000001, 0.11900000000000001, 0.11800000000000001, 0.11800000000000001, 0.11800000000000001, 0.11800000000000001, 0.11800000000000001, 0.117, 0.11800000000000001, 0.11800000000000001, 0.11800000000000001, 0.117, 0.11800000000000001, 0.117, 0.11900000000000001, 0.11800000000000001]",0,2,40763392,send_recv,2,2
793,0.11800000000000001,0.12,0.11833333333333335,0.11800000000000001,0.0005055250296034364,"[0.11800000000000001, 0.11900000000000001, 0.12, 0.11800000000000001, 0.11900000000000001, 0.11800000000000001, 0.11800000000000001, 0.11900000000000001, 0.11900000000000001, 0.11800000000000001, 0.11800000000000001, 0.11800000000000001, 0.11800000000000001, 0.11800000000000001, 0.11800000000000001, 0.11900000000000001, 0.11900000000000001, 0.11800000000000001, 0.11800000000000001, 0.11800000000000001, 0.11800000000000001, 0.11800000000000001, 0.11800000000000001, 0.11800000000000001, 0.11900000000000001, 0.11800000000000001, 0.11800000000000001, 0.11800000000000001, 0.11900000000000001, 0.11800000000000001, 0.11800000000000001, 0.11900000000000001, 0.11800000000000001, 0.11900000000000001, 0.11900000000000001, 0.11800000000000001, 0.11900000000000001, 0.11800000000000001, 0.11800000000000001, 0.11900000000000001, 0.11800000000000001, 0.11800000000000001, 0.11900000000000001, 0.11800000000000001, 0.11800000000000001, 0.11900000000000001, 0.11800000000000001, 0.11800000000000001, 0.11800000000000001, 0.11800000000000001, 0.11800000000000001, 0.11800000000000001, 0.11800000000000001, 0.11900000000000001, 0.11800000000000001, 0.11800000000000001, 0.11800000000000001, 0.11900000000000001, 0.11900000000000001, 0.11800000000000001]",0,2,40894464,send_recv,2,2
794,0.11800000000000001,0.11900000000000001,0.1185,0.11850000000000001,0.0005000000000000004,"[0.11800000000000001, 0.11900000000000001, 0.11900000000000001, 0.11900000000000001, 0.11800000000000001, 0.11900000000000001, 0.11900000000000001, 0.11900000000000001, 0.11800000000000001, 0.11800000000000001, 0.11900000000000001, 0.11800000000000001, 0.11800000000000001, 0.11800000000000001, 0.11800000000000001, 0.11900000000000001, 0.11900000000000001, 0.11900000000000001, 0.11900000000000001, 0.11900000000000001, 0.11800000000000001, 0.11900000000000001, 0.11900000000000001, 0.11900000000000001, 0.11800000000000001, 0.11800000000000001, 0.11800000000000001, 0.11800000000000001, 0.11800000000000001, 0.11800000000000001, 0.11800000000000001, 0.11900000000000001, 0.11900000000000001, 0.11800000000000001, 0.11800000000000001, 0.11800000000000001, 0.11800000000000001, 0.11900000000000001, 0.11900000000000001, 0.11800000000000001, 0.11800000000000001, 0.11900000000000001, 0.11800000000000001, 0.11900000000000001, 0.11900000000000001, 0.11800000000000001, 0.11800000000000001, 0.11900000000000001, 0.11800000000000001, 0.11800000000000001, 0.11900000000000001, 0.11800000000000001, 0.11800000000000001, 0.11900000000000001, 0.11900000000000001, 0.11900000000000001, 0.11800000000000001, 0.11900000000000001, 0.11900000000000001, 0.11900000000000001]",0,2,41025536,send_recv,2,2
795,0.11800000000000001,0.12,0.11896666666666667,0.11900000000000001,0.0004068851871911214,"[0.11900000000000001, 0.11900000000000001, 0.11900000000000001, 0.11900000000000001, 0.11900000000000001, 0.11900000000000001, 0.11900000000000001, 0.11900000000000001, 0.11900000000000001, 0.11900000000000001, 0.11900000000000001, 0.11900000000000001, 0.11900000000000001, 0.11900000000000001, 0.11900000000000001, 0.11900000000000001, 0.11900000000000001, 0.11900000000000001, 0.12, 0.11900000000000001, 0.12, 0.11900000000000001, 0.11900000000000001, 0.11900000000000001, 0.11900000000000001, 0.11900000000000001, 0.11800000000000001, 0.11900000000000001, 0.11900000000000001, 0.11900000000000001, 0.11900000000000001, 0.11900000000000001, 0.11800000000000001, 0.12, 0.11900000000000001, 0.11900000000000001, 0.11900000000000001, 0.11900000000000001, 0.11900000000000001, 0.11900000000000001, 0.11900000000000001, 0.11900000000000001, 0.11900000000000001, 0.11800000000000001, 0.11900000000000001, 0.11900000000000001, 0.11900000000000001, 0.12, 0.11800000000000001, 0.11900000000000001, 0.11900000000000001, 0.11800000000000001, 0.11900000000000001, 0.11900000000000001, 0.11800000000000001, 0.11900000000000001, 0.11900000000000001, 0.11900000000000001, 0.11900000000000001, 0.11900000000000001]",0,2,41156608,send_recv,2,2
796,0.11800000000000001,0.12,0.11946666666666665,0.11900000000000001,0.000531245915016968,"[0.12, 0.12, 0.11900000000000001, 0.12, 0.11900000000000001, 0.12, 0.12, 0.12, 0.11900000000000001, 0.12, 0.11900000000000001, 0.11900000000000001, 0.11900000000000001, 0.12, 0.11900000000000001, 0.11900000000000001, 0.11800000000000001, 0.11900000000000001, 0.11900000000000001, 0.11900000000000001, 0.12, 0.12, 0.11900000000000001, 0.11900000000000001, 0.12, 0.12, 0.11900000000000001, 0.11900000000000001, 0.11900000000000001, 0.12, 0.12, 0.11900000000000001, 0.11900000000000001, 0.11900000000000001, 0.11900000000000001, 0.11900000000000001, 0.12, 0.11900000000000001, 0.11900000000000001, 0.12, 0.11900000000000001, 0.12, 0.12, 0.12, 0.12, 0.12, 0.12, 0.12, 0.11900000000000001, 0.12, 0.12, 0.11900000000000001, 0.11900000000000001, 0.12, 0.12, 0.11900000000000001, 0.11900000000000001, 0.12, 0.11900000000000001, 0.12]",0,2,41287680,send_recv,2,2
797,0.11900000000000001,0.121,0.11988333333333333,0.12,0.00041197356981027177,"[0.12, 0.11900000000000001, 0.11900000000000001, 0.12, 0.12, 0.12, 0.12, 0.11900000000000001, 0.12, 0.12, 0.12, 0.12, 0.12, 0.11900000000000001, 0.12, 0.12, 0.12, 0.12, 0.12, 0.12, 0.11900000000000001, 0.12, 0.12, 0.12, 0.12, 0.12, 0.121, 0.12, 0.11900000000000001, 0.12, 0.12, 0.12, 0.11900000000000001, 0.12, 0.12, 0.12, 0.12, 0.12, 0.12, 0.12, 0.12, 0.12, 0.12, 0.12, 0.12, 0.12, 0.12, 0.12, 0.11900000000000001, 0.12, 0.12, 0.11900000000000001, 0.121, 0.12, 0.12, 0.12, 0.12, 0.12, 0.12, 0.12]",0,2,41418752,send_recv,2,2
798,0.12,0.121,0.1203,0.12,0.0004582575694955845,"[0.121, 0.12, 0.12, 0.12, 0.12, 0.12, 0.121, 0.121, 0.121, 0.12, 0.12, 0.12, 0.12, 0.121, 0.12, 0.12, 0.121, 0.121, 0.121, 0.12, 0.12, 0.12, 0.121, 0.121, 0.12, 0.121, 0.12, 0.12, 0.12, 0.121, 0.12, 0.121, 0.121, 0.12, 0.121, 0.12, 0.12, 0.12, 0.12, 0.12, 0.12, 0.12, 0.12, 0.12, 0.12, 0.121, 0.12, 0.12, 0.12, 0.12, 0.121, 0.12, 0.12, 0.121, 0.12, 0.12, 0.12, 0.12, 0.12, 0.12]",0,2,41549824,send_recv,2,2
799,0.12,0.122,0.12064999999999998,0.121,0.0005107184482014859,"[0.12, 0.12, 0.12, 0.121, 0.121, 0.121, 0.12, 0.12, 0.12, 0.12, 0.12, 0.121, 0.12, 0.121, 0.121, 0.12, 0.121, 0.12, 0.121, 0.121, 0.121, 0.121, 0.12, 0.121, 0.121, 0.121, 0.12, 0.121, 0.121, 0.121, 0.12, 0.121, 0.121, 0.121, 0.121, 0.121, 0.12, 0.121, 0.121, 0.12, 0.12, 0.121, 0.121, 0.121, 0.12, 0.121, 0.121, 0.121, 0.121, 0.12, 0.12, 0.121, 0.121, 0.121, 0.121, 0.121, 0.122, 0.12, 0.12, 0.121]",0,2,41680896,send_recv,2,2
800,0.12,0.122,0.1208,0.121,0.0005715476066494087,"[0.121, 0.121, 0.121, 0.12, 0.121, 0.122, 0.12, 0.12, 0.121, 0.12, 0.121, 0.121, 0.121, 0.12, 0.121, 0.121, 0.121, 0.121, 0.12, 0.122, 0.121, 0.121, 0.121, 0.12, 0.121, 0.121, 0.121, 0.12, 0.12, 0.122, 0.121, 0.121, 0.121, 0.12, 0.121, 0.121, 0.12, 0.121, 0.121, 0.122, 0.121, 0.121, 0.12, 0.122, 0.121, 0.121, 0.121, 0.121, 0.12, 0.121, 0.121, 0.121, 0.12, 0.121, 0.12, 0.12, 0.121, 0.121, 0.121, 0.12]",0,2,41811968,send_recv,2,2
801,0.12,0.122,0.12111666666666669,0.121,0.0005193478816960966,"[0.121, 0.121, 0.121, 0.121, 0.122, 0.122, 0.121, 0.121, 0.122, 0.122, 0.122, 0.121, 0.122, 0.121, 0.121, 0.121, 0.121, 0.12, 0.121, 0.121, 0.122, 0.121, 0.121, 0.121, 0.121, 0.12, 0.122, 0.12, 0.121, 0.121, 0.121, 0.121, 0.121, 0.121, 0.121, 0.121, 0.121, 0.121, 0.121, 0.121, 0.121, 0.12, 0.122, 0.121, 0.122, 0.121, 0.121, 0.121, 0.121, 0.122, 0.121, 0.12, 0.122, 0.121, 0.121, 0.121, 0.121, 0.121, 0.121, 0.121]",0,2,41943040,send_recv,2,2
802,0.122,0.124,0.12308333333333335,0.123,0.0005565269285688005,"[0.124, 0.123, 0.123, 0.123, 0.123, 0.123, 0.122, 0.124, 0.123, 0.123, 0.123, 0.123, 0.124, 0.123, 0.123, 0.122, 0.124, 0.123, 0.123, 0.123, 0.123, 0.123, 0.123, 0.124, 0.123, 0.124, 0.124, 0.123, 0.122, 0.124, 0.123, 0.123, 0.123, 0.123, 0.123, 0.122, 0.123, 0.122, 0.123, 0.123, 0.123, 0.123, 0.123, 0.123, 0.124, 0.123, 0.123, 0.124, 0.123, 0.124, 0.123, 0.123, 0.123, 0.123, 0.122, 0.124, 0.122, 0.123, 0.123, 0.123]",0,2,42074112,send_recv,2,2
803,0.122,0.124,0.12331666666666667,0.123,0.0004997221450188321,"[0.124, 0.123, 0.124, 0.123, 0.123, 0.124, 0.123, 0.123, 0.123, 0.124, 0.123, 0.122, 0.123, 0.123, 0.123, 0.123, 0.124, 0.123, 0.123, 0.123, 0.124, 0.124, 0.123, 0.123, 0.123, 0.123, 0.123, 0.123, 0.123, 0.123, 0.123, 0.123, 0.124, 0.124, 0.124, 0.123, 0.123, 0.123, 0.123, 0.123, 0.124, 0.124, 0.124, 0.123, 0.123, 0.124, 0.124, 0.124, 0.123, 0.124, 0.123, 0.124, 0.123, 0.123, 0.123, 0.123, 0.124, 0.123, 0.124, 0.123]",0,2,42205184,send_recv,2,2
804,0.123,0.125,0.12379999999999998,0.124,0.00047609522856952377,"[0.124, 0.125, 0.124, 0.124, 0.124, 0.123, 0.124, 0.124, 0.124, 0.124, 0.124, 0.124, 0.124, 0.124, 0.124, 0.123, 0.123, 0.124, 0.124, 0.124, 0.124, 0.124, 0.123, 0.124, 0.124, 0.124, 0.124, 0.123, 0.124, 0.124, 0.124, 0.124, 0.123, 0.125, 0.123, 0.124, 0.123, 0.124, 0.124, 0.124, 0.124, 0.123, 0.124, 0.124, 0.123, 0.123, 0.124, 0.124, 0.123, 0.124, 0.123, 0.124, 0.124, 0.123, 0.124, 0.124, 0.124, 0.124, 0.124, 0.124]",0,2,42336256,send_recv,2,2
805,0.123,0.125,0.12419999999999999,0.124,0.0005416025603090644,"[0.125, 0.124, 0.124, 0.124, 0.123, 0.124, 0.124, 0.124, 0.124, 0.124, 0.124, 0.124, 0.125, 0.124, 0.125, 0.124, 0.125, 0.124, 0.124, 0.125, 0.125, 0.124, 0.124, 0.124, 0.125, 0.124, 0.123, 0.124, 0.124, 0.124, 0.124, 0.124, 0.124, 0.125, 0.124, 0.124, 0.124, 0.124, 0.125, 0.124, 0.125, 0.124, 0.124, 0.124, 0.125, 0.124, 0.123, 0.123, 0.124, 0.124, 0.125, 0.125, 0.125, 0.124, 0.125, 0.124, 0.124, 0.124, 0.124, 0.125]",0,2,42467328,send_recv,2,2
806,0.123,0.125,0.12436666666666665,0.124,0.000515320827791344,"[0.124, 0.125, 0.124, 0.124, 0.124, 0.124, 0.124, 0.125, 0.124, 0.124, 0.125, 0.125, 0.124, 0.125, 0.125, 0.124, 0.125, 0.125, 0.125, 0.124, 0.124, 0.125, 0.124, 0.125, 0.124, 0.125, 0.124, 0.124, 0.124, 0.125, 0.124, 0.125, 0.124, 0.123, 0.124, 0.124, 0.125, 0.125, 0.125, 0.124, 0.125, 0.124, 0.124, 0.124, 0.124, 0.125, 0.124, 0.124, 0.124, 0.125, 0.125, 0.124, 0.124, 0.125, 0.124, 0.124, 0.124, 0.124, 0.124, 0.125]",0,2,42598400,send_recv,2,2
807,0.124,0.126,0.12473333333333335,0.125,0.000512076383191241,"[0.125, 0.125, 0.126, 0.124, 0.125, 0.125, 0.124, 0.125, 0.125, 0.124, 0.125, 0.125, 0.124, 0.125, 0.125, 0.124, 0.125, 0.125, 0.125, 0.125, 0.125, 0.125, 0.125, 0.125, 0.124, 0.125, 0.125, 0.124, 0.124, 0.125, 0.125, 0.125, 0.124, 0.124, 0.125, 0.125, 0.125, 0.125, 0.125, 0.124, 0.124, 0.124, 0.125, 0.125, 0.124, 0.125, 0.125, 0.124, 0.124, 0.124, 0.125, 0.125, 0.125, 0.124, 0.125, 0.125, 0.126, 0.125, 0.125, 0.125]",0,2,42729472,send_recv,2,2
808,0.124,0.126,0.12505,0.125,0.0004252450274057694,"[0.125, 0.126, 0.125, 0.125, 0.125, 0.125, 0.125, 0.125, 0.125, 0.125, 0.125, 0.125, 0.125, 0.125, 0.125, 0.125, 0.125, 0.125, 0.125, 0.126, 0.124, 0.125, 0.125, 0.125, 0.124, 0.125, 0.125, 0.126, 0.124, 0.125, 0.125, 0.125, 0.125, 0.125, 0.125, 0.125, 0.126, 0.125, 0.125, 0.126, 0.125, 0.125, 0.126, 0.125, 0.125, 0.125, 0.125, 0.125, 0.125, 0.126, 0.125, 0.125, 0.124, 0.125, 0.125, 0.125, 0.125, 0.125, 0.125, 0.125]",0,2,42860544,send_recv,2,2
809,0.125,0.127,0.12560000000000002,0.126,0.0005537749241945389,"[0.126, 0.125, 0.126, 0.126, 0.125, 0.126, 0.126, 0.126, 0.125, 0.125, 0.125, 0.125, 0.127, 0.126, 0.126, 0.125, 0.126, 0.126, 0.125, 0.126, 0.126, 0.126, 0.126, 0.125, 0.125, 0.125, 0.126, 0.126, 0.126, 0.126, 0.125, 0.127, 0.126, 0.126, 0.126, 0.125, 0.125, 0.125, 0.126, 0.125, 0.126, 0.125, 0.125, 0.126, 0.126, 0.126, 0.125, 0.126, 0.126, 0.125, 0.126, 0.126, 0.126, 0.125, 0.125, 0.125, 0.125, 0.125, 0.126, 0.125]",0,2,42991616,send_recv,2,2
810,0.125,0.127,0.12583333333333335,0.126,0.0005217491947499514,"[0.125, 0.126, 0.126, 0.126, 0.125, 0.126, 0.126, 0.126, 0.126, 0.125, 0.126, 0.126, 0.126, 0.126, 0.126, 0.125, 0.126, 0.125, 0.126, 0.126, 0.126, 0.125, 0.126, 0.125, 0.126, 0.125, 0.125, 0.126, 0.125, 0.126, 0.127, 0.126, 0.126, 0.126, 0.126, 0.127, 0.125, 0.125, 0.127, 0.126, 0.126, 0.126, 0.126, 0.126, 0.126, 0.126, 0.126, 0.125, 0.126, 0.126, 0.125, 0.126, 0.126, 0.127, 0.126, 0.126, 0.126, 0.126, 0.126, 0.126]",0,2,43122688,send_recv,2,2
811,0.126,0.127,0.12650000000000003,0.1265,0.0005000000000000004,"[0.126, 0.126, 0.127, 0.127, 0.126, 0.126, 0.127, 0.126, 0.126, 0.127, 0.127, 0.127, 0.126, 0.127, 0.127, 0.126, 0.126, 0.127, 0.126, 0.127, 0.127, 0.127, 0.127, 0.127, 0.126, 0.126, 0.127, 0.127, 0.127, 0.126, 0.127, 0.127, 0.127, 0.126, 0.126, 0.126, 0.126, 0.126, 0.127, 0.127, 0.127, 0.126, 0.126, 0.126, 0.127, 0.126, 0.127, 0.126, 0.126, 0.127, 0.127, 0.126, 0.127, 0.126, 0.127, 0.127, 0.126, 0.126, 0.126, 0.126]",0,2,43253760,send_recv,2,2
812,0.126,0.127,0.1265,0.1265,0.0005000000000000006,"[0.126, 0.127, 0.127, 0.126, 0.127, 0.127, 0.126, 0.126, 0.126, 0.127, 0.127, 0.127, 0.126, 0.126, 0.127, 0.127, 0.127, 0.127, 0.126, 0.127, 0.126, 0.126, 0.126, 0.127, 0.127, 0.126, 0.127, 0.127, 0.126, 0.127, 0.126, 0.127, 0.127, 0.127, 0.127, 0.127, 0.126, 0.126, 0.126, 0.126, 0.127, 0.126, 0.127, 0.127, 0.127, 0.126, 0.126, 0.127, 0.126, 0.126, 0.126, 0.127, 0.126, 0.126, 0.126, 0.127, 0.126, 0.126, 0.126, 0.127]",0,2,43384832,send_recv,2,2
813,0.126,0.128,0.12686666666666666,0.127,0.0005312459150169747,"[0.127, 0.126, 0.127, 0.127, 0.128, 0.126, 0.126, 0.128, 0.127, 0.128, 0.127, 0.127, 0.127, 0.127, 0.127, 0.127, 0.127, 0.127, 0.126, 0.127, 0.127, 0.126, 0.127, 0.126, 0.127, 0.126, 0.127, 0.126, 0.128, 0.126, 0.127, 0.127, 0.127, 0.127, 0.127, 0.127, 0.127, 0.127, 0.127, 0.127, 0.127, 0.127, 0.126, 0.126, 0.128, 0.127, 0.127, 0.127, 0.127, 0.127, 0.127, 0.127, 0.127, 0.126, 0.127, 0.126, 0.127, 0.127, 0.127, 0.127]",0,2,43515904,send_recv,2,2
814,0.126,0.128,0.12699999999999997,0.127,0.0005163977794943227,"[0.127, 0.128, 0.127, 0.128, 0.127, 0.127, 0.127, 0.127, 0.126, 0.128, 0.126, 0.127, 0.127, 0.127, 0.127, 0.127, 0.127, 0.128, 0.127, 0.128, 0.126, 0.127, 0.127, 0.127, 0.127, 0.127, 0.127, 0.127, 0.127, 0.127, 0.127, 0.127, 0.126, 0.127, 0.126, 0.127, 0.127, 0.127, 0.127, 0.126, 0.127, 0.128, 0.127, 0.127, 0.126, 0.128, 0.127, 0.127, 0.127, 0.127, 0.127, 0.126, 0.127, 0.127, 0.127, 0.128, 0.127, 0.127, 0.127, 0.127]",0,2,43646976,send_recv,2,2
815,0.126,0.128,0.12743333333333334,0.127,0.0005280993172584958,"[0.128, 0.127, 0.128, 0.128, 0.127, 0.128, 0.127, 0.127, 0.127, 0.127, 0.128, 0.127, 0.128, 0.127, 0.127, 0.128, 0.127, 0.128, 0.128, 0.127, 0.128, 0.127, 0.127, 0.128, 0.128, 0.128, 0.128, 0.127, 0.128, 0.127, 0.127, 0.127, 0.127, 0.127, 0.128, 0.128, 0.128, 0.127, 0.128, 0.128, 0.127, 0.127, 0.128, 0.127, 0.127, 0.127, 0.128, 0.128, 0.126, 0.128, 0.128, 0.127, 0.127, 0.127, 0.128, 0.127, 0.128, 0.127, 0.127, 0.127]",0,2,43778048,send_recv,2,2
816,0.127,0.129,0.12786666666666666,0.128,0.00046427960923947105,"[0.128, 0.129, 0.128, 0.128, 0.128, 0.128, 0.127, 0.128, 0.128, 0.128, 0.128, 0.128, 0.129, 0.127, 0.128, 0.128, 0.128, 0.127, 0.128, 0.128, 0.128, 0.128, 0.127, 0.127, 0.128, 0.128, 0.128, 0.128, 0.128, 0.128, 0.128, 0.128, 0.128, 0.127, 0.128, 0.128, 0.128, 0.128, 0.127, 0.128, 0.128, 0.127, 0.128, 0.128, 0.128, 0.128, 0.128, 0.128, 0.128, 0.128, 0.127, 0.129, 0.128, 0.128, 0.128, 0.127, 0.128, 0.127, 0.128, 0.128]",0,2,43909120,send_recv,2,2
817,0.127,0.129,0.12810000000000002,0.128,0.00043588989435406776,"[0.129, 0.128, 0.128, 0.128, 0.128, 0.128, 0.128, 0.128, 0.128, 0.129, 0.128, 0.128, 0.129, 0.128, 0.128, 0.128, 0.128, 0.129, 0.128, 0.128, 0.128, 0.128, 0.128, 0.128, 0.128, 0.128, 0.128, 0.128, 0.128, 0.128, 0.128, 0.128, 0.129, 0.128, 0.128, 0.128, 0.128, 0.127, 0.128, 0.129, 0.128, 0.128, 0.128, 0.128, 0.129, 0.127, 0.128, 0.129, 0.128, 0.128, 0.128, 0.128, 0.129, 0.127, 0.128, 0.128, 0.128, 0.128, 0.128, 0.128]",0,2,44040192,send_recv,2,2
818,0.128,0.131,0.12913333333333332,0.129,0.0006182412330330475,"[0.129, 0.129, 0.129, 0.129, 0.128, 0.129, 0.129, 0.128, 0.129, 0.129, 0.129, 0.129, 0.128, 0.129, 0.129, 0.129, 0.129, 0.128, 0.129, 0.13, 0.131, 0.131, 0.129, 0.129, 0.13, 0.129, 0.129, 0.129, 0.129, 0.129, 0.129, 0.129, 0.128, 0.13, 0.129, 0.13, 0.129, 0.13, 0.128, 0.129, 0.129, 0.129, 0.129, 0.129, 0.129, 0.129, 0.129, 0.13, 0.129, 0.13, 0.129, 0.13, 0.129, 0.129, 0.129, 0.13, 0.129, 0.13, 0.129, 0.129]",0,2,44171264,send_recv,2,2
819,0.128,0.131,0.12956666666666666,0.13,0.0006420453428086079,"[0.129, 0.129, 0.13, 0.13, 0.13, 0.129, 0.13, 0.13, 0.129, 0.13, 0.13, 0.129, 0.13, 0.129, 0.129, 0.129, 0.13, 0.129, 0.13, 0.128, 0.13, 0.13, 0.128, 0.13, 0.131, 0.13, 0.13, 0.129, 0.129, 0.129, 0.13, 0.129, 0.129, 0.13, 0.13, 0.13, 0.13, 0.13, 0.13, 0.13, 0.129, 0.131, 0.129, 0.128, 0.13, 0.13, 0.13, 0.129, 0.13, 0.129, 0.13, 0.129, 0.13, 0.129, 0.129, 0.13, 0.13, 0.129, 0.13, 0.13]",0,2,44302336,send_recv,2,2
820,0.129,0.131,0.12971666666666665,0.13,0.0005505048188304586,"[0.129, 0.129, 0.129, 0.13, 0.13, 0.13, 0.13, 0.13, 0.129, 0.13, 0.129, 0.13, 0.13, 0.129, 0.13, 0.13, 0.13, 0.129, 0.13, 0.13, 0.13, 0.13, 0.13, 0.13, 0.131, 0.13, 0.129, 0.13, 0.13, 0.13, 0.13, 0.129, 0.13, 0.13, 0.129, 0.131, 0.129, 0.13, 0.13, 0.129, 0.129, 0.131, 0.129, 0.13, 0.13, 0.13, 0.129, 0.13, 0.13, 0.13, 0.13, 0.129, 0.13, 0.13, 0.129, 0.13, 0.129, 0.129, 0.13, 0.129]",0,2,44433408,send_recv,2,2
821,0.129,0.131,0.13008333333333336,0.13,0.0005857094463601865,"[0.13, 0.13, 0.131, 0.13, 0.13, 0.13, 0.13, 0.131, 0.13, 0.129, 0.129, 0.13, 0.13, 0.129, 0.129, 0.13, 0.131, 0.13, 0.129, 0.131, 0.13, 0.129, 0.13, 0.13, 0.131, 0.13, 0.129, 0.13, 0.13, 0.13, 0.131, 0.13, 0.129, 0.13, 0.131, 0.13, 0.13, 0.13, 0.13, 0.13, 0.13, 0.131, 0.131, 0.13, 0.13, 0.13, 0.131, 0.13, 0.131, 0.13, 0.131, 0.13, 0.13, 0.13, 0.13, 0.13, 0.131, 0.13, 0.13, 0.13]",0,2,44564480,send_recv,2,2
822,0.129,0.131,0.13026666666666667,0.13,0.0005436502143433369,"[0.13, 0.13, 0.131, 0.129, 0.13, 0.13, 0.13, 0.13, 0.13, 0.13, 0.13, 0.131, 0.131, 0.13, 0.13, 0.131, 0.13, 0.131, 0.13, 0.13, 0.13, 0.13, 0.13, 0.13, 0.13, 0.13, 0.13, 0.131, 0.13, 0.131, 0.13, 0.131, 0.13, 0.13, 0.13, 0.13, 0.131, 0.13, 0.13, 0.131, 0.13, 0.129, 0.131, 0.131, 0.13, 0.13, 0.13, 0.131, 0.13, 0.13, 0.131, 0.131, 0.13, 0.131, 0.13, 0.131, 0.13, 0.131, 0.129, 0.131]",0,2,44695552,send_recv,2,2
823,0.13,0.132,0.13058333333333336,0.131,0.0005565269285688005,"[0.131, 0.13, 0.131, 0.131, 0.13, 0.13, 0.13, 0.131, 0.131, 0.131, 0.131, 0.13, 0.13, 0.13, 0.131, 0.13, 0.13, 0.131, 0.13, 0.13, 0.13, 0.131, 0.131, 0.131, 0.13, 0.13, 0.131, 0.13, 0.131, 0.131, 0.131, 0.131, 0.131, 0.13, 0.131, 0.131, 0.13, 0.13, 0.131, 0.13, 0.131, 0.131, 0.13, 0.131, 0.13, 0.13, 0.13, 0.132, 0.131, 0.131, 0.131, 0.13, 0.13, 0.13, 0.131, 0.132, 0.131, 0.131, 0.13, 0.131]",0,2,44826624,send_recv,2,2
824,0.13,0.132,0.1308,0.131,0.0005715476066494088,"[0.132, 0.131, 0.13, 0.131, 0.13, 0.13, 0.131, 0.131, 0.131, 0.131, 0.131, 0.13, 0.13, 0.13, 0.132, 0.132, 0.131, 0.131, 0.131, 0.131, 0.13, 0.13, 0.131, 0.131, 0.131, 0.131, 0.131, 0.131, 0.131, 0.13, 0.131, 0.131, 0.131, 0.131, 0.131, 0.13, 0.131, 0.131, 0.131, 0.131, 0.131, 0.13, 0.13, 0.131, 0.131, 0.13, 0.13, 0.131, 0.131, 0.131, 0.13, 0.131, 0.13, 0.132, 0.131, 0.131, 0.131, 0.131, 0.13, 0.132]",0,2,44957696,send_recv,2,2
825,0.13,0.133,0.13136666666666666,0.131,0.0005763872155263533,"[0.133, 0.131, 0.131, 0.131, 0.132, 0.131, 0.132, 0.131, 0.131, 0.131, 0.132, 0.131, 0.131, 0.132, 0.131, 0.132, 0.131, 0.131, 0.132, 0.131, 0.132, 0.131, 0.131, 0.131, 0.131, 0.132, 0.132, 0.133, 0.132, 0.131, 0.131, 0.131, 0.132, 0.132, 0.132, 0.131, 0.132, 0.131, 0.131, 0.132, 0.131, 0.131, 0.131, 0.132, 0.131, 0.131, 0.131, 0.131, 0.13, 0.131, 0.131, 0.131, 0.131, 0.131, 0.131, 0.132, 0.131, 0.132, 0.131, 0.132]",0,2,45088768,send_recv,2,2
826,0.131,0.134,0.13216666666666665,0.132,0.0006871842709362774,"[0.134, 0.132, 0.132, 0.131, 0.131, 0.132, 0.132, 0.132, 0.133, 0.133, 0.132, 0.134, 0.132, 0.132, 0.132, 0.133, 0.132, 0.132, 0.132, 0.133, 0.132, 0.133, 0.132, 0.133, 0.132, 0.133, 0.132, 0.132, 0.133, 0.132, 0.133, 0.132, 0.131, 0.132, 0.132, 0.132, 0.131, 0.133, 0.132, 0.132, 0.131, 0.132, 0.132, 0.132, 0.131, 0.132, 0.131, 0.132, 0.132, 0.133, 0.132, 0.133, 0.132, 0.132, 0.131, 0.133, 0.132, 0.133, 0.132, 0.132]",0,2,45219840,send_recv,2,2
827,0.131,0.134,0.13233333333333333,0.132,0.0005962847939999444,"[0.133, 0.132, 0.133, 0.132, 0.132, 0.132, 0.133, 0.132, 0.132, 0.132, 0.132, 0.131, 0.133, 0.132, 0.132, 0.132, 0.133, 0.132, 0.132, 0.132, 0.133, 0.132, 0.132, 0.132, 0.133, 0.132, 0.131, 0.132, 0.133, 0.133, 0.133, 0.132, 0.133, 0.132, 0.134, 0.132, 0.133, 0.132, 0.133, 0.133, 0.133, 0.131, 0.132, 0.132, 0.132, 0.132, 0.132, 0.133, 0.133, 0.132, 0.132, 0.132, 0.132, 0.132, 0.133, 0.133, 0.132, 0.132, 0.133, 0.133]",0,2,45350912,send_recv,2,2
828,0.131,0.134,0.13255,0.133,0.0005894913061275804,"[0.133, 0.133, 0.132, 0.133, 0.132, 0.133, 0.133, 0.133, 0.133, 0.133, 0.132, 0.134, 0.132, 0.133, 0.132, 0.133, 0.132, 0.133, 0.132, 0.133, 0.132, 0.132, 0.132, 0.133, 0.132, 0.133, 0.132, 0.134, 0.132, 0.133, 0.132, 0.133, 0.131, 0.132, 0.133, 0.132, 0.132, 0.132, 0.133, 0.133, 0.132, 0.133, 0.132, 0.133, 0.133, 0.133, 0.132, 0.133, 0.132, 0.133, 0.132, 0.133, 0.133, 0.132, 0.133, 0.133, 0.133, 0.132, 0.132, 0.132]",0,2,45481984,send_recv,2,2
829,0.131,0.134,0.13288333333333333,0.133,0.0005799904213768443,"[0.134, 0.133, 0.133, 0.133, 0.133, 0.133, 0.132, 0.133, 0.133, 0.132, 0.133, 0.133, 0.133, 0.133, 0.133, 0.133, 0.133, 0.132, 0.133, 0.133, 0.133, 0.132, 0.134, 0.134, 0.134, 0.133, 0.132, 0.133, 0.133, 0.132, 0.132, 0.132, 0.133, 0.133, 0.133, 0.133, 0.133, 0.133, 0.134, 0.131, 0.133, 0.133, 0.133, 0.133, 0.133, 0.133, 0.134, 0.132, 0.133, 0.133, 0.132, 0.133, 0.133, 0.133, 0.133, 0.133, 0.133, 0.132, 0.133, 0.133]",0,2,45613056,send_recv,2,2
830,0.132,0.135,0.1332,0.133,0.0006000000000000006,"[0.134, 0.133, 0.133, 0.133, 0.134, 0.132, 0.133, 0.132, 0.133, 0.133, 0.133, 0.134, 0.133, 0.134, 0.133, 0.134, 0.133, 0.134, 0.133, 0.133, 0.133, 0.134, 0.134, 0.135, 0.133, 0.134, 0.133, 0.133, 0.133, 0.133, 0.134, 0.133, 0.132, 0.133, 0.133, 0.133, 0.132, 0.134, 0.133, 0.133, 0.133, 0.133, 0.133, 0.133, 0.133, 0.133, 0.133, 0.133, 0.133, 0.133, 0.133, 0.133, 0.134, 0.135, 0.133, 0.133, 0.133, 0.133, 0.133, 0.133]",0,2,45744128,send_recv,2,2
831,0.133,0.135,0.13336666666666672,0.133,0.0005467073155618913,"[0.135, 0.133, 0.133, 0.133, 0.133, 0.133, 0.135, 0.134, 0.133, 0.133, 0.134, 0.133, 0.133, 0.133, 0.133, 0.133, 0.134, 0.133, 0.133, 0.133, 0.133, 0.133, 0.134, 0.133, 0.133, 0.134, 0.134, 0.133, 0.134, 0.133, 0.133, 0.133, 0.133, 0.133, 0.134, 0.134, 0.133, 0.133, 0.134, 0.133, 0.133, 0.133, 0.134, 0.133, 0.134, 0.133, 0.133, 0.133, 0.133, 0.134, 0.133, 0.134, 0.133, 0.133, 0.134, 0.134, 0.134, 0.134, 0.133, 0.133]",0,2,45875200,send_recv,2,2
832,0.133,0.135,0.13390000000000002,0.134,0.0004725815626252613,"[0.134, 0.134, 0.134, 0.134, 0.133, 0.134, 0.134, 0.134, 0.133, 0.134, 0.134, 0.134, 0.134, 0.135, 0.133, 0.134, 0.134, 0.134, 0.134, 0.135, 0.134, 0.134, 0.133, 0.133, 0.134, 0.134, 0.134, 0.134, 0.134, 0.134, 0.134, 0.134, 0.134, 0.134, 0.133, 0.134, 0.134, 0.133, 0.134, 0.134, 0.134, 0.134, 0.134, 0.133, 0.134, 0.135, 0.133, 0.134, 0.134, 0.134, 0.134, 0.135, 0.134, 0.134, 0.134, 0.134, 0.134, 0.133, 0.134, 0.134]",0,2,46006272,send_recv,2,2
833,0.133,0.136,0.13431666666666667,0.134,0.0006452820227535319,"[0.134, 0.135, 0.135, 0.134, 0.135, 0.134, 0.135, 0.133, 0.135, 0.134, 0.134, 0.135, 0.135, 0.135, 0.134, 0.134, 0.136, 0.135, 0.135, 0.135, 0.134, 0.134, 0.134, 0.135, 0.135, 0.134, 0.134, 0.134, 0.134, 0.134, 0.133, 0.134, 0.134, 0.134, 0.134, 0.135, 0.134, 0.134, 0.135, 0.134, 0.135, 0.134, 0.134, 0.134, 0.134, 0.134, 0.136, 0.134, 0.134, 0.134, 0.135, 0.134, 0.135, 0.134, 0.133, 0.134, 0.135, 0.134, 0.133, 0.134]",0,2,46137344,send_recv,2,2
834,0.133,0.137,0.13483333333333333,0.135,0.0007564537145273486,"[0.135, 0.135, 0.134, 0.135, 0.135, 0.135, 0.134, 0.135, 0.135, 0.136, 0.136, 0.135, 0.135, 0.134, 0.135, 0.134, 0.134, 0.134, 0.134, 0.135, 0.135, 0.134, 0.135, 0.135, 0.135, 0.135, 0.134, 0.135, 0.136, 0.134, 0.135, 0.136, 0.133, 0.136, 0.134, 0.136, 0.136, 0.135, 0.135, 0.134, 0.134, 0.135, 0.135, 0.135, 0.134, 0.136, 0.134, 0.135, 0.134, 0.135, 0.135, 0.136, 0.134, 0.135, 0.134, 0.135, 0.135, 0.137, 0.135, 0.134]",0,2,46268416,send_recv,2,2
835,0.134,0.137,0.13533333333333336,0.135,0.0005962847939999444,"[0.136, 0.135, 0.136, 0.136, 0.136, 0.135, 0.135, 0.134, 0.136, 0.135, 0.136, 0.135, 0.135, 0.135, 0.136, 0.135, 0.136, 0.135, 0.135, 0.135, 0.135, 0.135, 0.136, 0.136, 0.136, 0.135, 0.135, 0.136, 0.136, 0.135, 0.135, 0.135, 0.135, 0.135, 0.136, 0.135, 0.135, 0.136, 0.134, 0.136, 0.136, 0.135, 0.136, 0.135, 0.135, 0.134, 0.135, 0.135, 0.135, 0.135, 0.136, 0.135, 0.136, 0.135, 0.137, 0.135, 0.135, 0.135, 0.136, 0.135]",0,2,46399488,send_recv,2,2
836,0.135,0.137,0.13558333333333333,0.136,0.0005565269285688005,"[0.135, 0.135, 0.136, 0.135, 0.136, 0.136, 0.136, 0.135, 0.136, 0.135, 0.136, 0.135, 0.136, 0.136, 0.136, 0.136, 0.135, 0.136, 0.135, 0.136, 0.136, 0.135, 0.135, 0.136, 0.135, 0.136, 0.135, 0.135, 0.136, 0.136, 0.136, 0.136, 0.136, 0.135, 0.135, 0.135, 0.135, 0.136, 0.136, 0.137, 0.135, 0.135, 0.135, 0.135, 0.135, 0.136, 0.135, 0.136, 0.136, 0.136, 0.135, 0.136, 0.135, 0.135, 0.135, 0.136, 0.136, 0.136, 0.136, 0.137]",0,2,46530560,send_recv,2,2
837,0.135,0.137,0.13583333333333333,0.136,0.0005821416398857667,"[0.136, 0.135, 0.136, 0.136, 0.137, 0.136, 0.135, 0.136, 0.136, 0.136, 0.136, 0.135, 0.136, 0.135, 0.136, 0.135, 0.136, 0.135, 0.135, 0.136, 0.137, 0.136, 0.136, 0.136, 0.136, 0.136, 0.136, 0.135, 0.137, 0.135, 0.137, 0.136, 0.136, 0.137, 0.135, 0.135, 0.136, 0.135, 0.136, 0.136, 0.136, 0.136, 0.136, 0.136, 0.136, 0.135, 0.135, 0.135, 0.136, 0.136, 0.137, 0.136, 0.136, 0.136, 0.136, 0.136, 0.136, 0.136, 0.136, 0.135]",0,2,46661632,send_recv,2,2
838,0.135,0.137,0.1360833333333333,0.136,0.0005565269285688004,"[0.135, 0.137, 0.136, 0.135, 0.136, 0.136, 0.137, 0.137, 0.136, 0.136, 0.136, 0.135, 0.136, 0.136, 0.136, 0.136, 0.136, 0.137, 0.136, 0.137, 0.136, 0.136, 0.136, 0.136, 0.136, 0.136, 0.136, 0.136, 0.137, 0.137, 0.136, 0.136, 0.135, 0.136, 0.136, 0.136, 0.136, 0.136, 0.136, 0.137, 0.136, 0.136, 0.136, 0.137, 0.136, 0.135, 0.136, 0.137, 0.135, 0.136, 0.137, 0.137, 0.136, 0.136, 0.136, 0.136, 0.135, 0.136, 0.136, 0.136]",0,2,46792704,send_recv,2,2
839,0.136,0.138,0.13674999999999998,0.137,0.0005951190357119046,"[0.138, 0.137, 0.136, 0.138, 0.137, 0.138, 0.137, 0.136, 0.136, 0.136, 0.136, 0.137, 0.138, 0.136, 0.137, 0.138, 0.137, 0.137, 0.137, 0.137, 0.137, 0.136, 0.137, 0.137, 0.137, 0.136, 0.137, 0.137, 0.136, 0.136, 0.136, 0.137, 0.136, 0.137, 0.137, 0.136, 0.137, 0.136, 0.137, 0.137, 0.137, 0.137, 0.137, 0.136, 0.137, 0.137, 0.136, 0.137, 0.137, 0.136, 0.137, 0.137, 0.137, 0.137, 0.137, 0.137, 0.136, 0.137, 0.136, 0.136]",0,2,46923776,send_recv,2,2
840,0.136,0.139,0.13705,0.137,0.0006435578192102614,"[0.136, 0.137, 0.138, 0.138, 0.137, 0.137, 0.138, 0.137, 0.137, 0.137, 0.137, 0.139, 0.136, 0.138, 0.137, 0.137, 0.137, 0.137, 0.136, 0.138, 0.137, 0.137, 0.137, 0.136, 0.137, 0.136, 0.136, 0.137, 0.138, 0.137, 0.137, 0.137, 0.136, 0.137, 0.137, 0.137, 0.137, 0.137, 0.137, 0.137, 0.137, 0.137, 0.137, 0.136, 0.138, 0.137, 0.136, 0.137, 0.137, 0.137, 0.137, 0.138, 0.136, 0.137, 0.138, 0.137, 0.138, 0.138, 0.137, 0.137]",0,2,47054848,send_recv,2,2
841,0.136,0.139,0.13745000000000002,0.137,0.0006435578192102614,"[0.137, 0.138, 0.136, 0.138, 0.138, 0.138, 0.137, 0.138, 0.137, 0.138, 0.139, 0.137, 0.137, 0.137, 0.138, 0.137, 0.138, 0.137, 0.137, 0.136, 0.138, 0.138, 0.138, 0.137, 0.138, 0.138, 0.137, 0.137, 0.137, 0.138, 0.137, 0.137, 0.138, 0.137, 0.138, 0.137, 0.138, 0.137, 0.138, 0.137, 0.138, 0.137, 0.138, 0.137, 0.137, 0.137, 0.137, 0.137, 0.138, 0.136, 0.137, 0.138, 0.139, 0.137, 0.138, 0.138, 0.138, 0.137, 0.137, 0.138]",0,2,47185920,send_recv,2,2
842,0.136,0.139,0.13753333333333334,0.138,0.0006446359868604579,"[0.137, 0.138, 0.137, 0.137, 0.138, 0.138, 0.138, 0.138, 0.138, 0.138, 0.136, 0.136, 0.137, 0.137, 0.137, 0.137, 0.137, 0.138, 0.138, 0.137, 0.137, 0.138, 0.137, 0.137, 0.137, 0.138, 0.138, 0.138, 0.137, 0.138, 0.139, 0.138, 0.138, 0.138, 0.138, 0.137, 0.137, 0.138, 0.137, 0.138, 0.137, 0.138, 0.138, 0.137, 0.137, 0.137, 0.138, 0.138, 0.137, 0.136, 0.137, 0.138, 0.138, 0.138, 0.138, 0.138, 0.138, 0.137, 0.138, 0.139]",0,2,47316992,send_recv,2,2
843,0.136,0.139,0.13773333333333335,0.138,0.0006018490028422602,"[0.137, 0.137, 0.139, 0.138, 0.139, 0.138, 0.138, 0.138, 0.138, 0.137, 0.138, 0.138, 0.137, 0.137, 0.138, 0.138, 0.139, 0.138, 0.138, 0.138, 0.137, 0.138, 0.137, 0.137, 0.138, 0.138, 0.139, 0.137, 0.138, 0.138, 0.138, 0.137, 0.138, 0.138, 0.138, 0.138, 0.137, 0.138, 0.137, 0.138, 0.137, 0.136, 0.138, 0.138, 0.138, 0.138, 0.138, 0.138, 0.138, 0.137, 0.138, 0.138, 0.137, 0.137, 0.138, 0.138, 0.137, 0.137, 0.138, 0.138]",0,2,47448064,send_recv,2,2
844,0.137,0.139,0.13803333333333334,0.138,0.0007063206700139037,"[0.138, 0.137, 0.138, 0.138, 0.138, 0.139, 0.138, 0.139, 0.138, 0.138, 0.138, 0.138, 0.139, 0.138, 0.137, 0.139, 0.137, 0.137, 0.137, 0.138, 0.138, 0.138, 0.138, 0.139, 0.137, 0.139, 0.138, 0.138, 0.139, 0.139, 0.137, 0.139, 0.137, 0.138, 0.139, 0.138, 0.137, 0.138, 0.137, 0.138, 0.138, 0.138, 0.138, 0.139, 0.137, 0.139, 0.137, 0.138, 0.139, 0.138, 0.137, 0.138, 0.139, 0.138, 0.137, 0.139, 0.138, 0.138, 0.138, 0.139]",0,2,47579136,send_recv,2,2
845,0.137,0.14,0.13845000000000002,0.138,0.0005605057240266751,"[0.139, 0.139, 0.14, 0.138, 0.138, 0.139, 0.138, 0.138, 0.139, 0.139, 0.138, 0.138, 0.139, 0.139, 0.139, 0.138, 0.139, 0.138, 0.138, 0.138, 0.139, 0.138, 0.139, 0.138, 0.139, 0.138, 0.137, 0.138, 0.138, 0.138, 0.138, 0.139, 0.139, 0.139, 0.138, 0.139, 0.139, 0.139, 0.138, 0.139, 0.139, 0.139, 0.138, 0.138, 0.138, 0.139, 0.138, 0.138, 0.138, 0.138, 0.138, 0.138, 0.139, 0.138, 0.138, 0.138, 0.139, 0.139, 0.139, 0.138]",0,2,47710208,send_recv,2,2
846,0.137,0.14,0.13878333333333334,0.139,0.0006605973727535477,"[0.138, 0.139, 0.138, 0.14, 0.137, 0.14, 0.14, 0.139, 0.138, 0.139, 0.14, 0.139, 0.139, 0.139, 0.139, 0.139, 0.139, 0.14, 0.138, 0.138, 0.138, 0.139, 0.139, 0.14, 0.138, 0.139, 0.139, 0.138, 0.139, 0.139, 0.139, 0.14, 0.138, 0.139, 0.139, 0.139, 0.139, 0.138, 0.138, 0.138, 0.138, 0.139, 0.139, 0.139, 0.139, 0.139, 0.139, 0.139, 0.139, 0.139, 0.139, 0.138, 0.139, 0.138, 0.138, 0.139, 0.138, 0.139, 0.139, 0.138]",0,2,47841280,send_recv,2,2
847,0.137,0.14100000000000001,0.13918333333333333,0.139,0.0006189148209209053,"[0.139, 0.139, 0.139, 0.139, 0.139, 0.139, 0.139, 0.14, 0.14, 0.138, 0.139, 0.139, 0.14, 0.138, 0.14, 0.14, 0.139, 0.14, 0.14, 0.14, 0.139, 0.139, 0.14, 0.139, 0.139, 0.139, 0.139, 0.139, 0.139, 0.139, 0.14, 0.139, 0.139, 0.139, 0.139, 0.139, 0.14, 0.139, 0.14100000000000001, 0.139, 0.14, 0.138, 0.139, 0.139, 0.137, 0.139, 0.14, 0.139, 0.139, 0.139, 0.139, 0.139, 0.14, 0.139, 0.139, 0.139, 0.139, 0.139, 0.139, 0.139]",0,2,47972352,send_recv,2,2
848,0.138,0.14100000000000001,0.13951666666666668,0.1395,0.0006452820227535319,"[0.139, 0.139, 0.14, 0.14, 0.139, 0.14, 0.139, 0.139, 0.14100000000000001, 0.14, 0.139, 0.139, 0.138, 0.139, 0.139, 0.14, 0.139, 0.139, 0.139, 0.139, 0.139, 0.14, 0.14, 0.14100000000000001, 0.138, 0.14, 0.14, 0.14, 0.14, 0.14, 0.139, 0.139, 0.14, 0.14, 0.14, 0.139, 0.139, 0.139, 0.139, 0.14100000000000001, 0.139, 0.14, 0.139, 0.14, 0.14, 0.139, 0.14, 0.139, 0.14, 0.14, 0.139, 0.14, 0.14, 0.139, 0.139, 0.14, 0.14, 0.14, 0.139, 0.14]",0,2,48103424,send_recv,2,2
849,0.139,0.14100000000000001,0.13996666666666668,0.14,0.0006574360974438679,"[0.14, 0.139, 0.139, 0.14, 0.14, 0.139, 0.14100000000000001, 0.139, 0.14100000000000001, 0.14, 0.14100000000000001, 0.14, 0.139, 0.14, 0.14100000000000001, 0.139, 0.14, 0.14, 0.14100000000000001, 0.139, 0.14, 0.14, 0.14, 0.139, 0.14, 0.14, 0.14100000000000001, 0.14, 0.14, 0.14, 0.139, 0.139, 0.14, 0.14, 0.139, 0.14, 0.14, 0.14, 0.14, 0.139, 0.14, 0.14100000000000001, 0.14, 0.14, 0.139, 0.14100000000000001, 0.14100000000000001, 0.139, 0.14, 0.14, 0.14, 0.14, 0.14100000000000001, 0.14100000000000001, 0.14, 0.14, 0.14, 0.14100000000000001, 0.14, 0.14]",0,2,48234496,send_recv,2,2
850,0.139,0.14200000000000002,0.14020000000000002,0.14,0.0006531972647421814,"[0.14, 0.14100000000000001, 0.14100000000000001, 0.14100000000000001, 0.14, 0.14, 0.14, 0.139, 0.139, 0.14, 0.14, 0.14, 0.14, 0.14, 0.14, 0.14, 0.14, 0.14200000000000002, 0.14, 0.139, 0.14, 0.14100000000000001, 0.14, 0.14100000000000001, 0.14, 0.14, 0.14, 0.14, 0.14, 0.14, 0.14100000000000001, 0.14100000000000001, 0.14, 0.14, 0.14100000000000001, 0.14100000000000001, 0.139, 0.14, 0.14, 0.14100000000000001, 0.139, 0.14, 0.14, 0.14, 0.14, 0.14, 0.14, 0.14, 0.14, 0.14, 0.14, 0.14100000000000001, 0.14200000000000002, 0.139, 0.14100000000000001, 0.14, 0.14, 0.14100000000000001, 0.14, 0.14100000000000001]",0,2,48365568,send_recv,2,2
851,0.139,0.14200000000000002,0.14036666666666667,0.14,0.0007063206700139036,"[0.14100000000000001, 0.139, 0.14, 0.139, 0.14, 0.14, 0.14, 0.14200000000000002, 0.14, 0.139, 0.14, 0.14100000000000001, 0.14, 0.14, 0.14, 0.14100000000000001, 0.14, 0.139, 0.14100000000000001, 0.14, 0.14100000000000001, 0.14, 0.14, 0.14200000000000002, 0.14100000000000001, 0.14, 0.14100000000000001, 0.14200000000000002, 0.14100000000000001, 0.14, 0.14, 0.14, 0.14, 0.14100000000000001, 0.14100000000000001, 0.14100000000000001, 0.14100000000000001, 0.14, 0.14100000000000001, 0.14, 0.14, 0.14, 0.14100000000000001, 0.14100000000000001, 0.14, 0.14, 0.14, 0.139, 0.14, 0.14100000000000001, 0.14100000000000001, 0.14, 0.14, 0.14, 0.14100000000000001, 0.14, 0.14, 0.14100000000000001, 0.14100000000000001, 0.14100000000000001]",0,2,48496640,send_recv,2,2
852,0.14,0.14200000000000002,0.14076666666666668,0.14100000000000001,0.000642045342808608,"[0.14, 0.14100000000000001, 0.14100000000000001, 0.14, 0.14100000000000001, 0.14, 0.14, 0.14100000000000001, 0.14, 0.14, 0.14, 0.14200000000000002, 0.14, 0.14100000000000001, 0.14100000000000001, 0.14200000000000002, 0.14200000000000002, 0.14, 0.14, 0.14200000000000002, 0.14200000000000002, 0.14100000000000001, 0.14100000000000001, 0.14100000000000001, 0.14100000000000001, 0.14200000000000002, 0.14100000000000001, 0.14100000000000001, 0.14, 0.14100000000000001, 0.14, 0.14, 0.14, 0.14100000000000001, 0.14100000000000001, 0.14100000000000001, 0.14100000000000001, 0.14, 0.14100000000000001, 0.14100000000000001, 0.14, 0.14100000000000001, 0.14, 0.14100000000000001, 0.14100000000000001, 0.14, 0.14100000000000001, 0.14100000000000001, 0.14100000000000001, 0.14100000000000001, 0.14, 0.14100000000000001, 0.14, 0.14200000000000002, 0.14100000000000001, 0.14100000000000001, 0.14100000000000001, 0.14, 0.14100000000000001, 0.14100000000000001]",0,2,48627712,send_recv,2,2
853,0.14,0.14200000000000002,0.1412333333333333,0.14100000000000001,0.0006155395104206468,"[0.14100000000000001, 0.14200000000000002, 0.14100000000000001, 0.14100000000000001, 0.14100000000000001, 0.14100000000000001, 0.14100000000000001, 0.14100000000000001, 0.14200000000000002, 0.14100000000000001, 0.14200000000000002, 0.14100000000000001, 0.14100000000000001, 0.14100000000000001, 0.14200000000000002, 0.14100000000000001, 0.14200000000000002, 0.14100000000000001, 0.14200000000000002, 0.14100000000000001, 0.14100000000000001, 0.14100000000000001, 0.14200000000000002, 0.14, 0.14200000000000002, 0.14200000000000002, 0.14, 0.14100000000000001, 0.14200000000000002, 0.14100000000000001, 0.14200000000000002, 0.14100000000000001, 0.14100000000000001, 0.14100000000000001, 0.14100000000000001, 0.14, 0.14100000000000001, 0.14100000000000001, 0.14100000000000001, 0.14100000000000001, 0.14100000000000001, 0.14200000000000002, 0.14, 0.14100000000000001, 0.14200000000000002, 0.14100000000000001, 0.14100000000000001, 0.14100000000000001, 0.14200000000000002, 0.14, 0.14200000000000002, 0.14200000000000002, 0.14100000000000001, 0.14200000000000002, 0.14100000000000001, 0.14, 0.14200000000000002, 0.14200000000000002, 0.14100000000000001, 0.14200000000000002]",0,2,48758784,send_recv,2,2
854,0.14,0.14300000000000002,0.14146666666666668,0.14100000000000001,0.0006944222218666559,"[0.14, 0.14200000000000002, 0.14300000000000002, 0.14200000000000002, 0.14100000000000001, 0.14200000000000002, 0.14100000000000001, 0.14100000000000001, 0.14200000000000002, 0.14200000000000002, 0.14100000000000001, 0.14300000000000002, 0.14100000000000001, 0.14200000000000002, 0.14100000000000001, 0.14100000000000001, 0.14100000000000001, 0.14200000000000002, 0.14200000000000002, 0.14100000000000001, 0.14100000000000001, 0.14100000000000001, 0.14200000000000002, 0.14100000000000001, 0.14100000000000001, 0.14200000000000002, 0.14200000000000002, 0.14100000000000001, 0.14100000000000001, 0.14200000000000002, 0.14100000000000001, 0.14200000000000002, 0.14100000000000001, 0.14300000000000002, 0.14100000000000001, 0.14100000000000001, 0.14200000000000002, 0.14200000000000002, 0.14200000000000002, 0.14200000000000002, 0.14200000000000002, 0.14100000000000001, 0.14100000000000001, 0.14100000000000001, 0.14, 0.14100000000000001, 0.14, 0.14200000000000002, 0.14200000000000002, 0.14100000000000001, 0.14300000000000002, 0.14200000000000002, 0.14100000000000001, 0.14200000000000002, 0.14100000000000001, 0.14200000000000002, 0.14100000000000001, 0.14100000000000001, 0.14100000000000001, 0.14100000000000001]",0,2,48889856,send_recv,2,2
855,0.14100000000000001,0.14300000000000002,0.14178333333333332,0.14200000000000002,0.0005799904213768443,"[0.14200000000000002, 0.14200000000000002, 0.14100000000000001, 0.14200000000000002, 0.14100000000000001, 0.14200000000000002, 0.14300000000000002, 0.14100000000000001, 0.14100000000000001, 0.14100000000000001, 0.14200000000000002, 0.14300000000000002, 0.14200000000000002, 0.14200000000000002, 0.14200000000000002, 0.14200000000000002, 0.14200000000000002, 0.14100000000000001, 0.14100000000000001, 0.14100000000000001, 0.14200000000000002, 0.14100000000000001, 0.14300000000000002, 0.14100000000000001, 0.14100000000000001, 0.14200000000000002, 0.14200000000000002, 0.14200000000000002, 0.14100000000000001, 0.14200000000000002, 0.14200000000000002, 0.14200000000000002, 0.14100000000000001, 0.14200000000000002, 0.14200000000000002, 0.14200000000000002, 0.14100000000000001, 0.14100000000000001, 0.14300000000000002, 0.14200000000000002, 0.14200000000000002, 0.14200000000000002, 0.14200000000000002, 0.14100000000000001, 0.14200000000000002, 0.14200000000000002, 0.14200000000000002, 0.14200000000000002, 0.14100000000000001, 0.14200000000000002, 0.14200000000000002, 0.14200000000000002, 0.14300000000000002, 0.14200000000000002, 0.14200000000000002, 0.14200000000000002, 0.14100000000000001, 0.14200000000000002, 0.14200000000000002, 0.14200000000000002]",0,2,49020928,send_recv,2,2
856,0.14100000000000001,0.14400000000000002,0.14228333333333334,0.14200000000000002,0.0007092640943651078,"[0.14100000000000001, 0.14200000000000002, 0.14200000000000002, 0.14400000000000002, 0.14200000000000002, 0.14100000000000001, 0.14200000000000002, 0.14300000000000002, 0.14200000000000002, 0.14200000000000002, 0.14200000000000002, 0.14200000000000002, 0.14400000000000002, 0.14200000000000002, 0.14200000000000002, 0.14300000000000002, 0.14300000000000002, 0.14100000000000001, 0.14100000000000001, 0.14200000000000002, 0.14200000000000002, 0.14200000000000002, 0.14200000000000002, 0.14300000000000002, 0.14300000000000002, 0.14200000000000002, 0.14200000000000002, 0.14200000000000002, 0.14300000000000002, 0.14300000000000002, 0.14100000000000001, 0.14200000000000002, 0.14300000000000002, 0.14200000000000002, 0.14300000000000002, 0.14200000000000002, 0.14300000000000002, 0.14200000000000002, 0.14200000000000002, 0.14200000000000002, 0.14200000000000002, 0.14200000000000002, 0.14200000000000002, 0.14300000000000002, 0.14200000000000002, 0.14200000000000002, 0.14200000000000002, 0.14300000000000002, 0.14200000000000002, 0.14200000000000002, 0.14300000000000002, 0.14300000000000002, 0.14400000000000002, 0.14200000000000002, 0.14300000000000002, 0.14300000000000002, 0.14300000000000002, 0.14100000000000001, 0.14200000000000002, 0.14200000000000002]",0,2,49152000,send_recv,2,2
857,0.14100000000000001,0.14400000000000002,0.14238333333333336,0.14200000000000002,0.0006080478782318239,"[0.14400000000000002, 0.14400000000000002, 0.14300000000000002, 0.14300000000000002, 0.14200000000000002, 0.14200000000000002, 0.14200000000000002, 0.14200000000000002, 0.14200000000000002, 0.14200000000000002, 0.14300000000000002, 0.14200000000000002, 0.14200000000000002, 0.14300000000000002, 0.14200000000000002, 0.14300000000000002, 0.14200000000000002, 0.14200000000000002, 0.14200000000000002, 0.14200000000000002, 0.14200000000000002, 0.14200000000000002, 0.14200000000000002, 0.14300000000000002, 0.14200000000000002, 0.14300000000000002, 0.14300000000000002, 0.14300000000000002, 0.14200000000000002, 0.14200000000000002, 0.14200000000000002, 0.14200000000000002, 0.14300000000000002, 0.14300000000000002, 0.14200000000000002, 0.14300000000000002, 0.14200000000000002, 0.14200000000000002, 0.14300000000000002, 0.14200000000000002, 0.14200000000000002, 0.14200000000000002, 0.14200000000000002, 0.14200000000000002, 0.14200000000000002, 0.14200000000000002, 0.14300000000000002, 0.14200000000000002, 0.14300000000000002, 0.14300000000000002, 0.14300000000000002, 0.14300000000000002, 0.14300000000000002, 0.14100000000000001, 0.14200000000000002, 0.14300000000000002, 0.14300000000000002, 0.14200000000000002, 0.14100000000000001, 0.14200000000000002]",0,2,49283072,send_recv,2,2
858,0.14200000000000002,0.14400000000000002,0.14263333333333336,0.14300000000000002,0.0006046119049072356,"[0.14300000000000002, 0.14300000000000002, 0.14200000000000002, 0.14200000000000002, 0.14300000000000002, 0.14400000000000002, 0.14300000000000002, 0.14200000000000002, 0.14200000000000002, 0.14300000000000002, 0.14200000000000002, 0.14200000000000002, 0.14300000000000002, 0.14300000000000002, 0.14200000000000002, 0.14300000000000002, 0.14300000000000002, 0.14200000000000002, 0.14200000000000002, 0.14200000000000002, 0.14200000000000002, 0.14300000000000002, 0.14300000000000002, 0.14200000000000002, 0.14200000000000002, 0.14300000000000002, 0.14200000000000002, 0.14300000000000002, 0.14300000000000002, 0.14300000000000002, 0.14200000000000002, 0.14300000000000002, 0.14300000000000002, 0.14200000000000002, 0.14300000000000002, 0.14200000000000002, 0.14200000000000002, 0.14400000000000002, 0.14300000000000002, 0.14300000000000002, 0.14200000000000002, 0.14300000000000002, 0.14300000000000002, 0.14200000000000002, 0.14200000000000002, 0.14200000000000002, 0.14300000000000002, 0.14300000000000002, 0.14300000000000002, 0.14300000000000002, 0.14300000000000002, 0.14300000000000002, 0.14200000000000002, 0.14200000000000002, 0.14400000000000002, 0.14200000000000002, 0.14300000000000002, 0.14400000000000002, 0.14200000000000002, 0.14300000000000002]",0,2,49414144,send_recv,2,2
859,0.14200000000000002,0.14400000000000002,0.14295000000000005,0.14300000000000002,0.000560505724026675,"[0.14300000000000002, 0.14200000000000002, 0.14300000000000002, 0.14400000000000002, 0.14200000000000002, 0.14300000000000002, 0.14300000000000002, 0.14200000000000002, 0.14200000000000002, 0.14300000000000002, 0.14400000000000002, 0.14300000000000002, 0.14300000000000002, 0.14300000000000002, 0.14300000000000002, 0.14300000000000002, 0.14300000000000002, 0.14300000000000002, 0.14400000000000002, 0.14300000000000002, 0.14300000000000002, 0.14200000000000002, 0.14300000000000002, 0.14300000000000002, 0.14300000000000002, 0.14300000000000002, 0.14300000000000002, 0.14300000000000002, 0.14300000000000002, 0.14300000000000002, 0.14300000000000002, 0.14200000000000002, 0.14400000000000002, 0.14300000000000002, 0.14300000000000002, 0.14300000000000002, 0.14200000000000002, 0.14200000000000002, 0.14200000000000002, 0.14300000000000002, 0.14300000000000002, 0.14300000000000002, 0.14300000000000002, 0.14400000000000002, 0.14300000000000002, 0.14300000000000002, 0.14200000000000002, 0.14300000000000002, 0.14300000000000002, 0.14300000000000002, 0.14400000000000002, 0.14200000000000002, 0.14400000000000002, 0.14300000000000002, 0.14400000000000002, 0.14300000000000002, 0.14300000000000002, 0.14300000000000002, 0.14300000000000002, 0.14300000000000002]",0,2,49545216,send_recv,2,2
860,0.14200000000000002,0.145,0.1434166666666667,0.14300000000000002,0.0005857094463601853,"[0.14300000000000002, 0.14400000000000002, 0.14300000000000002, 0.14400000000000002, 0.14300000000000002, 0.14300000000000002, 0.14300000000000002, 0.14300000000000002, 0.14300000000000002, 0.14300000000000002, 0.14300000000000002, 0.14300000000000002, 0.14400000000000002, 0.14300000000000002, 0.14400000000000002, 0.14400000000000002, 0.14400000000000002, 0.14200000000000002, 0.14300000000000002, 0.14300000000000002, 0.14400000000000002, 0.14400000000000002, 0.14300000000000002, 0.14400000000000002, 0.14300000000000002, 0.14300000000000002, 0.14300000000000002, 0.14300000000000002, 0.14400000000000002, 0.14300000000000002, 0.14300000000000002, 0.14300000000000002, 0.14400000000000002, 0.14400000000000002, 0.14400000000000002, 0.14300000000000002, 0.14300000000000002, 0.14300000000000002, 0.14400000000000002, 0.14400000000000002, 0.14400000000000002, 0.14300000000000002, 0.14300000000000002, 0.14400000000000002, 0.14300000000000002, 0.14400000000000002, 0.14300000000000002, 0.14400000000000002, 0.14400000000000002, 0.14300000000000002, 0.145, 0.14300000000000002, 0.14400000000000002, 0.14400000000000002, 0.14300000000000002, 0.14400000000000002, 0.14400000000000002, 0.14200000000000002, 0.14300000000000002, 0.14400000000000002]",0,2,49676288,send_recv,2,2
861,0.14300000000000002,0.145,0.14370000000000002,0.14400000000000002,0.000585946527708228,"[0.14400000000000002, 0.14300000000000002, 0.14400000000000002, 0.14300000000000002, 0.14400000000000002, 0.14300000000000002, 0.14400000000000002, 0.14300000000000002, 0.14400000000000002, 0.14300000000000002, 0.14300000000000002, 0.14400000000000002, 0.14400000000000002, 0.14300000000000002, 0.14400000000000002, 0.14300000000000002, 0.14400000000000002, 0.14400000000000002, 0.14400000000000002, 0.14300000000000002, 0.14300000000000002, 0.14400000000000002, 0.14300000000000002, 0.14400000000000002, 0.14400000000000002, 0.14400000000000002, 0.14400000000000002, 0.14400000000000002, 0.145, 0.14400000000000002, 0.14400000000000002, 0.14400000000000002, 0.14300000000000002, 0.14400000000000002, 0.14400000000000002, 0.14300000000000002, 0.14400000000000002, 0.14400000000000002, 0.14300000000000002, 0.14300000000000002, 0.14300000000000002, 0.145, 0.14400000000000002, 0.14400000000000002, 0.14300000000000002, 0.14400000000000002, 0.145, 0.14300000000000002, 0.14300000000000002, 0.14400000000000002, 0.14400000000000002, 0.14300000000000002, 0.14400000000000002, 0.14400000000000002, 0.14400000000000002, 0.14400000000000002, 0.145, 0.14300000000000002, 0.14400000000000002, 0.14300000000000002]",0,2,49807360,send_recv,2,2
862,0.14300000000000002,0.146,0.14413333333333336,0.14400000000000002,0.0005906681715556359,"[0.145, 0.14400000000000002, 0.14300000000000002, 0.14400000000000002, 0.145, 0.14400000000000002, 0.14400000000000002, 0.145, 0.14400000000000002, 0.14400000000000002, 0.14400000000000002, 0.146, 0.14300000000000002, 0.14400000000000002, 0.14400000000000002, 0.145, 0.14400000000000002, 0.14400000000000002, 0.14400000000000002, 0.14400000000000002, 0.14400000000000002, 0.14400000000000002, 0.14400000000000002, 0.14400000000000002, 0.14400000000000002, 0.145, 0.14400000000000002, 0.145, 0.14400000000000002, 0.145, 0.14400000000000002, 0.14400000000000002, 0.14300000000000002, 0.14300000000000002, 0.14400000000000002, 0.14400000000000002, 0.14300000000000002, 0.145, 0.145, 0.14400000000000002, 0.14400000000000002, 0.14400000000000002, 0.14300000000000002, 0.145, 0.14400000000000002, 0.14400000000000002, 0.14400000000000002, 0.14400000000000002, 0.14400000000000002, 0.14400000000000002, 0.14400000000000002, 0.14400000000000002, 0.14400000000000002, 0.14400000000000002, 0.145, 0.14400000000000002, 0.14400000000000002, 0.145, 0.14400000000000002, 0.14400000000000002]",0,2,49938432,send_recv,2,2
863,0.14400000000000002,0.146,0.1445,0.14400000000000002,0.0005916079783099492,"[0.145, 0.145, 0.145, 0.14400000000000002, 0.145, 0.14400000000000002, 0.14400000000000002, 0.14400000000000002, 0.14400000000000002, 0.145, 0.14400000000000002, 0.14400000000000002, 0.14400000000000002, 0.14400000000000002, 0.145, 0.14400000000000002, 0.14400000000000002, 0.14400000000000002, 0.14400000000000002, 0.14400000000000002, 0.14400000000000002, 0.14400000000000002, 0.146, 0.14400000000000002, 0.14400000000000002, 0.145, 0.14400000000000002, 0.145, 0.14400000000000002, 0.145, 0.14400000000000002, 0.14400000000000002, 0.14400000000000002, 0.14400000000000002, 0.145, 0.145, 0.145, 0.14400000000000002, 0.145, 0.146, 0.14400000000000002, 0.145, 0.145, 0.145, 0.145, 0.14400000000000002, 0.146, 0.14400000000000002, 0.14400000000000002, 0.14400000000000002, 0.14400000000000002, 0.145, 0.14400000000000002, 0.145, 0.145, 0.145, 0.14400000000000002, 0.145, 0.145, 0.145]",0,2,50069504,send_recv,2,2
864,0.14400000000000002,0.147,0.14486666666666667,0.145,0.000590668171555636,"[0.145, 0.14400000000000002, 0.145, 0.145, 0.145, 0.145, 0.145, 0.14400000000000002, 0.145, 0.14400000000000002, 0.145, 0.14400000000000002, 0.145, 0.145, 0.145, 0.145, 0.145, 0.14400000000000002, 0.146, 0.145, 0.145, 0.147, 0.145, 0.14400000000000002, 0.14400000000000002, 0.146, 0.145, 0.146, 0.14400000000000002, 0.145, 0.145, 0.145, 0.145, 0.145, 0.145, 0.145, 0.145, 0.146, 0.145, 0.145, 0.145, 0.145, 0.145, 0.14400000000000002, 0.145, 0.145, 0.145, 0.14400000000000002, 0.14400000000000002, 0.145, 0.145, 0.145, 0.145, 0.145, 0.145, 0.145, 0.14400000000000002, 0.14400000000000002, 0.145, 0.14400000000000002]",0,2,50200576,send_recv,2,2
865,0.14400000000000002,0.147,0.14521666666666666,0.145,0.0006853628398317303,"[0.146, 0.146, 0.145, 0.145, 0.145, 0.145, 0.145, 0.146, 0.145, 0.145, 0.146, 0.145, 0.146, 0.146, 0.147, 0.145, 0.145, 0.145, 0.146, 0.145, 0.145, 0.146, 0.146, 0.146, 0.146, 0.146, 0.146, 0.145, 0.145, 0.145, 0.14400000000000002, 0.145, 0.145, 0.14400000000000002, 0.145, 0.145, 0.146, 0.14400000000000002, 0.145, 0.145, 0.145, 0.145, 0.145, 0.14400000000000002, 0.145, 0.14400000000000002, 0.145, 0.145, 0.146, 0.14400000000000002, 0.145, 0.14400000000000002, 0.146, 0.146, 0.146, 0.145, 0.145, 0.146, 0.145, 0.14400000000000002]",0,2,50331648,send_recv,2,2
866,0.145,0.148,0.14640000000000003,0.146,0.0005830951894845306,"[0.146, 0.147, 0.147, 0.146, 0.147, 0.147, 0.146, 0.147, 0.145, 0.146, 0.147, 0.146, 0.147, 0.145, 0.146, 0.148, 0.146, 0.146, 0.146, 0.146, 0.146, 0.147, 0.146, 0.147, 0.146, 0.147, 0.147, 0.146, 0.147, 0.146, 0.147, 0.146, 0.146, 0.146, 0.146, 0.146, 0.146, 0.147, 0.147, 0.146, 0.146, 0.147, 0.147, 0.147, 0.147, 0.146, 0.146, 0.146, 0.146, 0.147, 0.147, 0.146, 0.146, 0.147, 0.146, 0.146, 0.146, 0.147, 0.147, 0.146]",0,2,50462720,send_recv,2,2
867,0.146,0.148,0.1468,0.147,0.0006531972647421814,"[0.146, 0.147, 0.147, 0.148, 0.148, 0.146, 0.147, 0.147, 0.146, 0.148, 0.147, 0.147, 0.146, 0.146, 0.146, 0.147, 0.146, 0.147, 0.146, 0.146, 0.146, 0.147, 0.147, 0.148, 0.147, 0.148, 0.146, 0.147, 0.147, 0.146, 0.147, 0.148, 0.146, 0.146, 0.147, 0.148, 0.146, 0.147, 0.147, 0.148, 0.146, 0.147, 0.147, 0.147, 0.147, 0.147, 0.147, 0.147, 0.146, 0.146, 0.146, 0.147, 0.147, 0.147, 0.147, 0.147, 0.147, 0.146, 0.147, 0.147]",0,2,50593792,send_recv,2,2
868,0.146,0.148,0.14703333333333335,0.147,0.0006046119049072356,"[0.148, 0.146, 0.146, 0.148, 0.147, 0.146, 0.147, 0.146, 0.147, 0.148, 0.147, 0.147, 0.147, 0.147, 0.147, 0.147, 0.147, 0.148, 0.147, 0.147, 0.147, 0.148, 0.147, 0.147, 0.147, 0.147, 0.146, 0.148, 0.146, 0.147, 0.147, 0.146, 0.147, 0.147, 0.147, 0.147, 0.148, 0.146, 0.147, 0.147, 0.147, 0.147, 0.147, 0.147, 0.148, 0.147, 0.148, 0.146, 0.147, 0.147, 0.147, 0.147, 0.147, 0.146, 0.148, 0.148, 0.148, 0.147, 0.147, 0.147]",0,2,50724864,send_recv,2,2
869,0.146,0.149,0.14726666666666668,0.147,0.0006289320754704409,"[0.147, 0.147, 0.147, 0.148, 0.147, 0.147, 0.147, 0.146, 0.147, 0.147, 0.147, 0.148, 0.147, 0.147, 0.148, 0.147, 0.147, 0.149, 0.147, 0.147, 0.147, 0.148, 0.147, 0.146, 0.148, 0.147, 0.147, 0.147, 0.147, 0.148, 0.147, 0.147, 0.148, 0.148, 0.147, 0.147, 0.147, 0.148, 0.147, 0.147, 0.147, 0.148, 0.146, 0.148, 0.148, 0.146, 0.148, 0.147, 0.147, 0.147, 0.147, 0.148, 0.147, 0.148, 0.147, 0.148, 0.148, 0.146, 0.148, 0.148]",0,2,50855936,send_recv,2,2
870,0.146,0.149,0.14774999999999996,0.148,0.000536190264738181,"[0.148, 0.147, 0.149, 0.148, 0.147, 0.148, 0.148, 0.147, 0.148, 0.146, 0.147, 0.149, 0.148, 0.148, 0.148, 0.147, 0.148, 0.147, 0.148, 0.147, 0.148, 0.147, 0.148, 0.148, 0.147, 0.148, 0.148, 0.148, 0.147, 0.148, 0.147, 0.147, 0.148, 0.148, 0.148, 0.148, 0.148, 0.148, 0.148, 0.148, 0.148, 0.148, 0.147, 0.148, 0.148, 0.148, 0.148, 0.148, 0.148, 0.148, 0.148, 0.148, 0.147, 0.148, 0.147, 0.148, 0.148, 0.148, 0.148, 0.148]",0,2,50987008,send_recv,2,2
871,0.147,0.15,0.1481833333333333,0.148,0.0006189148209209053,"[0.149, 0.147, 0.148, 0.148, 0.149, 0.147, 0.149, 0.149, 0.148, 0.148, 0.148, 0.148, 0.148, 0.147, 0.148, 0.148, 0.15, 0.147, 0.148, 0.149, 0.149, 0.148, 0.148, 0.148, 0.149, 0.148, 0.148, 0.148, 0.149, 0.149, 0.148, 0.148, 0.148, 0.148, 0.147, 0.149, 0.148, 0.148, 0.148, 0.148, 0.148, 0.148, 0.148, 0.149, 0.148, 0.149, 0.148, 0.149, 0.148, 0.148, 0.148, 0.147, 0.148, 0.148, 0.148, 0.148, 0.149, 0.148, 0.148, 0.149]",0,2,51118080,send_recv,2,2
872,0.147,0.15,0.14858333333333326,0.149,0.0006400954789890511,"[0.148, 0.148, 0.148, 0.148, 0.149, 0.148, 0.148, 0.148, 0.148, 0.149, 0.149, 0.149, 0.149, 0.149, 0.148, 0.149, 0.149, 0.149, 0.149, 0.149, 0.148, 0.148, 0.148, 0.149, 0.149, 0.148, 0.149, 0.149, 0.148, 0.149, 0.148, 0.15, 0.148, 0.148, 0.149, 0.148, 0.15, 0.149, 0.148, 0.149, 0.148, 0.149, 0.148, 0.149, 0.15, 0.148, 0.148, 0.15, 0.149, 0.148, 0.149, 0.148, 0.149, 0.148, 0.147, 0.148, 0.149, 0.149, 0.149, 0.149]",0,2,51249152,send_recv,2,2
873,0.148,0.15,0.14889999999999995,0.149,0.0005972157622389643,"[0.15, 0.149, 0.149, 0.149, 0.149, 0.149, 0.148, 0.149, 0.149, 0.149, 0.149, 0.148, 0.149, 0.149, 0.148, 0.148, 0.149, 0.149, 0.149, 0.148, 0.148, 0.15, 0.149, 0.149, 0.15, 0.15, 0.15, 0.149, 0.149, 0.149, 0.149, 0.149, 0.148, 0.148, 0.149, 0.148, 0.15, 0.149, 0.148, 0.15, 0.149, 0.149, 0.149, 0.148, 0.149, 0.15, 0.149, 0.149, 0.149, 0.148, 0.149, 0.148, 0.149, 0.149, 0.149, 0.148, 0.149, 0.149, 0.149, 0.149]",0,2,51380224,send_recv,2,2
874,0.148,0.15,0.14891666666666664,0.149,0.0005565269285688004,"[0.148, 0.149, 0.149, 0.149, 0.149, 0.149, 0.149, 0.149, 0.148, 0.149, 0.149, 0.149, 0.149, 0.149, 0.15, 0.148, 0.148, 0.15, 0.149, 0.149, 0.149, 0.149, 0.149, 0.15, 0.15, 0.149, 0.149, 0.149, 0.15, 0.149, 0.149, 0.149, 0.148, 0.15, 0.149, 0.148, 0.149, 0.149, 0.149, 0.149, 0.148, 0.149, 0.15, 0.149, 0.149, 0.149, 0.149, 0.149, 0.148, 0.149, 0.149, 0.148, 0.149, 0.148, 0.149, 0.149, 0.148, 0.149, 0.149, 0.148]",0,2,51511296,send_recv,2,2
875,0.148,0.15,0.14913333333333328,0.149,0.0006446359868604578,"[0.15, 0.149, 0.149, 0.15, 0.149, 0.148, 0.149, 0.149, 0.15, 0.149, 0.148, 0.149, 0.148, 0.149, 0.15, 0.149, 0.148, 0.149, 0.15, 0.149, 0.149, 0.148, 0.149, 0.149, 0.148, 0.149, 0.149, 0.15, 0.149, 0.15, 0.15, 0.149, 0.148, 0.149, 0.149, 0.149, 0.149, 0.149, 0.15, 0.148, 0.148, 0.149, 0.15, 0.15, 0.149, 0.149, 0.149, 0.149, 0.149, 0.149, 0.149, 0.15, 0.15, 0.15, 0.15, 0.15, 0.15, 0.149, 0.149, 0.149]",0,2,51642368,send_recv,2,2
876,0.148,0.151,0.14956666666666665,0.15,0.0006155395104206468,"[0.15, 0.15, 0.15, 0.15, 0.15, 0.149, 0.149, 0.15, 0.149, 0.15, 0.149, 0.15, 0.149, 0.15, 0.15, 0.15, 0.15, 0.149, 0.15, 0.15, 0.149, 0.15, 0.149, 0.149, 0.15, 0.149, 0.149, 0.15, 0.15, 0.149, 0.149, 0.148, 0.149, 0.149, 0.15, 0.15, 0.15, 0.149, 0.15, 0.15, 0.15, 0.149, 0.149, 0.15, 0.15, 0.149, 0.149, 0.15, 0.151, 0.151, 0.149, 0.15, 0.149, 0.149, 0.15, 0.15, 0.15, 0.148, 0.149, 0.15]",0,2,51773440,send_recv,2,2
877,0.149,0.151,0.14993333333333334,0.15,0.000654896090146284,"[0.151, 0.15, 0.15, 0.15, 0.149, 0.149, 0.15, 0.149, 0.149, 0.149, 0.15, 0.15, 0.149, 0.15, 0.15, 0.149, 0.151, 0.15, 0.149, 0.15, 0.15, 0.15, 0.15, 0.149, 0.151, 0.15, 0.151, 0.15, 0.15, 0.151, 0.15, 0.149, 0.149, 0.15, 0.15, 0.15, 0.149, 0.151, 0.15, 0.15, 0.15, 0.15, 0.149, 0.151, 0.151, 0.15, 0.15, 0.149, 0.15, 0.15, 0.15, 0.149, 0.15, 0.15, 0.15, 0.151, 0.151, 0.151, 0.15, 0.15]",0,2,51904512,send_recv,2,2
878,0.149,0.152,0.15031666666666668,0.15,0.0006452820227535319,"[0.15, 0.151, 0.15, 0.15, 0.15, 0.151, 0.15, 0.15, 0.15, 0.15, 0.152, 0.15, 0.151, 0.15, 0.15, 0.15, 0.151, 0.151, 0.151, 0.15, 0.149, 0.15, 0.151, 0.151, 0.151, 0.15, 0.15, 0.149, 0.15, 0.15, 0.15, 0.15, 0.15, 0.151, 0.151, 0.151, 0.15, 0.151, 0.15, 0.149, 0.15, 0.151, 0.15, 0.15, 0.15, 0.152, 0.15, 0.15, 0.15, 0.151, 0.151, 0.15, 0.149, 0.15, 0.15, 0.151, 0.15, 0.15, 0.151, 0.151]",0,2,52035584,send_recv,2,2
879,0.149,0.152,0.1508833333333333,0.151,0.0006080478782318239,"[0.152, 0.15, 0.15, 0.151, 0.151, 0.15, 0.151, 0.151, 0.151, 0.149, 0.151, 0.151, 0.15, 0.151, 0.151, 0.151, 0.151, 0.15, 0.151, 0.151, 0.151, 0.151, 0.151, 0.152, 0.15, 0.152, 0.151, 0.151, 0.151, 0.151, 0.152, 0.151, 0.151, 0.151, 0.15, 0.151, 0.151, 0.151, 0.151, 0.151, 0.151, 0.15, 0.151, 0.15, 0.151, 0.152, 0.151, 0.15, 0.151, 0.15, 0.152, 0.151, 0.151, 0.151, 0.151, 0.151, 0.15, 0.151, 0.151, 0.152]",0,2,52166656,send_recv,2,2
880,0.15,0.152,0.15113333333333331,0.151,0.0005617433182117577,"[0.15, 0.151, 0.152, 0.152, 0.151, 0.151, 0.152, 0.151, 0.151, 0.151, 0.151, 0.151, 0.151, 0.151, 0.15, 0.15, 0.151, 0.152, 0.152, 0.151, 0.152, 0.151, 0.152, 0.152, 0.152, 0.152, 0.151, 0.151, 0.151, 0.15, 0.152, 0.151, 0.15, 0.151, 0.151, 0.151, 0.152, 0.151, 0.151, 0.151, 0.151, 0.151, 0.151, 0.152, 0.151, 0.151, 0.151, 0.151, 0.151, 0.151, 0.151, 0.15, 0.151, 0.151, 0.152, 0.151, 0.151, 0.151, 0.151, 0.151]",0,2,52297728,send_recv,2,2
881,0.15,0.153,0.15139999999999995,0.151,0.0006377042156569669,"[0.151, 0.151, 0.151, 0.152, 0.152, 0.151, 0.151, 0.151, 0.15, 0.151, 0.153, 0.151, 0.152, 0.151, 0.151, 0.152, 0.15, 0.152, 0.151, 0.152, 0.151, 0.152, 0.153, 0.151, 0.15, 0.152, 0.151, 0.152, 0.151, 0.151, 0.152, 0.152, 0.151, 0.152, 0.151, 0.152, 0.151, 0.151, 0.152, 0.151, 0.152, 0.152, 0.152, 0.151, 0.151, 0.151, 0.152, 0.152, 0.151, 0.152, 0.152, 0.151, 0.151, 0.151, 0.152, 0.151, 0.152, 0.151, 0.151, 0.151]",0,2,52428800,send_recv,2,2
882,0.151,0.154,0.15206666666666666,0.152,0.0007039570693980965,"[0.153, 0.152, 0.153, 0.152, 0.152, 0.152, 0.153, 0.152, 0.151, 0.152, 0.153, 0.153, 0.151, 0.151, 0.151, 0.152, 0.152, 0.153, 0.152, 0.152, 0.152, 0.152, 0.152, 0.152, 0.152, 0.153, 0.152, 0.151, 0.152, 0.152, 0.152, 0.151, 0.152, 0.151, 0.152, 0.153, 0.153, 0.151, 0.153, 0.153, 0.152, 0.152, 0.152, 0.153, 0.152, 0.152, 0.152, 0.151, 0.153, 0.152, 0.152, 0.152, 0.152, 0.151, 0.154, 0.152, 0.151, 0.153, 0.152, 0.151]",0,2,52559872,send_recv,2,2
883,0.15,0.154,0.15213333333333331,0.152,0.0006944222218666559,"[0.151, 0.152, 0.153, 0.152, 0.152, 0.152, 0.152, 0.152, 0.151, 0.152, 0.153, 0.152, 0.152, 0.152, 0.152, 0.153, 0.152, 0.152, 0.152, 0.151, 0.152, 0.152, 0.152, 0.152, 0.153, 0.153, 0.152, 0.152, 0.152, 0.152, 0.152, 0.152, 0.154, 0.152, 0.152, 0.154, 0.152, 0.151, 0.152, 0.151, 0.152, 0.153, 0.152, 0.152, 0.152, 0.15, 0.153, 0.152, 0.153, 0.152, 0.152, 0.152, 0.153, 0.153, 0.153, 0.152, 0.151, 0.153, 0.152, 0.152]",0,2,52690944,send_recv,2,2
884,0.151,0.154,0.15259999999999999,0.153,0.0006879922480183437,"[0.153, 0.154, 0.153, 0.153, 0.153, 0.152, 0.152, 0.153, 0.153, 0.153, 0.152, 0.152, 0.153, 0.153, 0.154, 0.153, 0.153, 0.152, 0.153, 0.153, 0.153, 0.151, 0.152, 0.152, 0.153, 0.152, 0.152, 0.153, 0.153, 0.151, 0.154, 0.153, 0.153, 0.152, 0.152, 0.153, 0.154, 0.153, 0.153, 0.153, 0.153, 0.152, 0.151, 0.153, 0.152, 0.152, 0.153, 0.152, 0.153, 0.152, 0.152, 0.153, 0.153, 0.152, 0.152, 0.152, 0.153, 0.152, 0.152, 0.153]",0,2,52822016,send_recv,2,2
885,0.151,0.154,0.15288333333333337,0.153,0.0007092640943651077,"[0.153, 0.154, 0.153, 0.153, 0.154, 0.154, 0.151, 0.153, 0.153, 0.153, 0.153, 0.152, 0.153, 0.152, 0.153, 0.153, 0.154, 0.153, 0.152, 0.152, 0.153, 0.153, 0.153, 0.152, 0.154, 0.153, 0.153, 0.153, 0.152, 0.153, 0.152, 0.152, 0.154, 0.154, 0.152, 0.153, 0.152, 0.152, 0.153, 0.152, 0.154, 0.153, 0.153, 0.153, 0.152, 0.153, 0.153, 0.152, 0.153, 0.153, 0.154, 0.152, 0.154, 0.153, 0.153, 0.152, 0.153, 0.154, 0.153, 0.153]",0,2,52953088,send_recv,2,2
886,0.152,0.155,0.15333333333333332,0.153,0.0006992058987801016,"[0.154, 0.153, 0.153, 0.154, 0.153, 0.154, 0.154, 0.153, 0.153, 0.153, 0.153, 0.154, 0.153, 0.154, 0.153, 0.153, 0.152, 0.153, 0.153, 0.153, 0.154, 0.153, 0.154, 0.154, 0.153, 0.152, 0.154, 0.153, 0.153, 0.153, 0.154, 0.153, 0.153, 0.152, 0.154, 0.153, 0.153, 0.155, 0.153, 0.152, 0.153, 0.154, 0.154, 0.153, 0.153, 0.154, 0.154, 0.154, 0.152, 0.154, 0.152, 0.153, 0.153, 0.154, 0.155, 0.154, 0.154, 0.153, 0.153, 0.154]",0,2,53084160,send_recv,2,2
887,0.152,0.155,0.15386666666666665,0.154,0.0005906681715556455,"[0.154, 0.154, 0.154, 0.155, 0.154, 0.154, 0.154, 0.154, 0.153, 0.154, 0.155, 0.154, 0.153, 0.153, 0.154, 0.154, 0.153, 0.154, 0.154, 0.154, 0.154, 0.153, 0.153, 0.155, 0.154, 0.154, 0.153, 0.155, 0.154, 0.154, 0.153, 0.155, 0.154, 0.154, 0.153, 0.154, 0.154, 0.154, 0.154, 0.154, 0.154, 0.153, 0.154, 0.154, 0.154, 0.154, 0.154, 0.154, 0.154, 0.154, 0.154, 0.153, 0.154, 0.154, 0.154, 0.155, 0.152, 0.153, 0.154, 0.154]",0,2,53215232,send_recv,2,2
888,0.152,0.156,0.15406666666666666,0.154,0.0007717224601860159,"[0.153, 0.154, 0.154, 0.153, 0.155, 0.154, 0.154, 0.154, 0.154, 0.154, 0.153, 0.154, 0.155, 0.154, 0.154, 0.156, 0.155, 0.154, 0.155, 0.154, 0.155, 0.154, 0.153, 0.153, 0.154, 0.152, 0.154, 0.154, 0.154, 0.154, 0.155, 0.154, 0.153, 0.154, 0.154, 0.155, 0.154, 0.154, 0.154, 0.153, 0.153, 0.155, 0.154, 0.156, 0.154, 0.153, 0.154, 0.154, 0.155, 0.155, 0.154, 0.153, 0.154, 0.155, 0.153, 0.154, 0.155, 0.155, 0.154, 0.154]",0,2,53346304,send_recv,2,2
889,0.153,0.157,0.15448333333333333,0.154,0.0006950219820664353,"[0.154, 0.156, 0.155, 0.154, 0.157, 0.154, 0.154, 0.154, 0.154, 0.156, 0.155, 0.155, 0.156, 0.155, 0.155, 0.154, 0.154, 0.155, 0.154, 0.155, 0.154, 0.154, 0.155, 0.155, 0.155, 0.155, 0.154, 0.154, 0.155, 0.155, 0.154, 0.154, 0.155, 0.154, 0.153, 0.154, 0.154, 0.155, 0.154, 0.154, 0.155, 0.154, 0.154, 0.155, 0.154, 0.154, 0.154, 0.154, 0.154, 0.154, 0.154, 0.155, 0.155, 0.155, 0.154, 0.154, 0.154, 0.155, 0.154, 0.154]",0,2,53477376,send_recv,2,2
890,0.154,0.156,0.15469999999999998,0.155,0.0006137317546507329,"[0.155, 0.156, 0.154, 0.154, 0.155, 0.154, 0.155, 0.155, 0.154, 0.156, 0.155, 0.154, 0.156, 0.156, 0.155, 0.154, 0.154, 0.155, 0.155, 0.154, 0.155, 0.154, 0.155, 0.154, 0.155, 0.155, 0.155, 0.156, 0.155, 0.155, 0.155, 0.154, 0.155, 0.154, 0.155, 0.154, 0.155, 0.154, 0.155, 0.154, 0.154, 0.154, 0.155, 0.154, 0.155, 0.154, 0.155, 0.155, 0.154, 0.155, 0.154, 0.155, 0.155, 0.154, 0.155, 0.155, 0.154, 0.155, 0.155, 0.155]",0,2,53608448,send_recv,2,2
891,0.153,0.156,0.15520000000000003,0.155,0.0007023769168568499,"[0.156, 0.155, 0.154, 0.156, 0.155, 0.155, 0.156, 0.155, 0.155, 0.155, 0.154, 0.155, 0.155, 0.154, 0.155, 0.156, 0.156, 0.155, 0.156, 0.156, 0.155, 0.155, 0.156, 0.156, 0.154, 0.156, 0.155, 0.156, 0.154, 0.155, 0.155, 0.156, 0.155, 0.155, 0.155, 0.156, 0.155, 0.155, 0.155, 0.156, 0.155, 0.156, 0.154, 0.155, 0.155, 0.156, 0.156, 0.155, 0.153, 0.154, 0.155, 0.155, 0.156, 0.155, 0.155, 0.155, 0.156, 0.156, 0.155, 0.156]",0,2,53739520,send_recv,2,2
892,0.154,0.157,0.15553333333333336,0.156,0.0005617433182117577,"[0.157, 0.156, 0.155, 0.156, 0.156, 0.156, 0.155, 0.155, 0.156, 0.156, 0.155, 0.155, 0.156, 0.155, 0.155, 0.155, 0.156, 0.154, 0.155, 0.156, 0.155, 0.155, 0.155, 0.155, 0.156, 0.156, 0.156, 0.155, 0.156, 0.155, 0.156, 0.155, 0.155, 0.155, 0.155, 0.156, 0.155, 0.155, 0.156, 0.156, 0.156, 0.156, 0.155, 0.156, 0.156, 0.156, 0.156, 0.155, 0.156, 0.156, 0.156, 0.156, 0.156, 0.155, 0.156, 0.155, 0.156, 0.155, 0.155, 0.156]",0,2,53870592,send_recv,2,2
893,0.154,0.157,0.15573333333333336,0.156,0.0007039570693980965,"[0.157, 0.155, 0.156, 0.156, 0.155, 0.156, 0.156, 0.155, 0.156, 0.156, 0.156, 0.155, 0.155, 0.156, 0.156, 0.155, 0.156, 0.157, 0.156, 0.155, 0.156, 0.156, 0.155, 0.156, 0.155, 0.156, 0.156, 0.156, 0.156, 0.156, 0.157, 0.154, 0.157, 0.155, 0.155, 0.156, 0.156, 0.156, 0.156, 0.155, 0.156, 0.155, 0.156, 0.156, 0.156, 0.155, 0.157, 0.156, 0.156, 0.157, 0.156, 0.156, 0.155, 0.155, 0.155, 0.155, 0.156, 0.157, 0.154, 0.155]",0,2,54001664,send_recv,2,2
894,0.155,0.157,0.15608333333333338,0.156,0.0005565269285688004,"[0.156, 0.156, 0.156, 0.155, 0.155, 0.156, 0.157, 0.156, 0.156, 0.156, 0.157, 0.156, 0.156, 0.157, 0.156, 0.156, 0.156, 0.156, 0.157, 0.156, 0.156, 0.157, 0.156, 0.156, 0.156, 0.156, 0.157, 0.155, 0.156, 0.156, 0.156, 0.156, 0.156, 0.156, 0.156, 0.155, 0.156, 0.156, 0.156, 0.156, 0.156, 0.156, 0.155, 0.156, 0.156, 0.156, 0.156, 0.155, 0.157, 0.156, 0.157, 0.155, 0.156, 0.157, 0.157, 0.156, 0.156, 0.156, 0.157, 0.157]",0,2,54132736,send_recv,2,2
895,0.154,0.158,0.15638333333333335,0.156,0.0006853628398317369,"[0.157, 0.156, 0.156, 0.157, 0.156, 0.157, 0.156, 0.156, 0.156, 0.156, 0.157, 0.155, 0.157, 0.156, 0.156, 0.156, 0.156, 0.156, 0.157, 0.157, 0.156, 0.156, 0.156, 0.157, 0.156, 0.156, 0.157, 0.157, 0.156, 0.157, 0.156, 0.158, 0.157, 0.154, 0.156, 0.157, 0.157, 0.157, 0.157, 0.157, 0.157, 0.156, 0.157, 0.155, 0.156, 0.156, 0.157, 0.156, 0.156, 0.156, 0.157, 0.156, 0.156, 0.158, 0.156, 0.156, 0.157, 0.157, 0.156, 0.156]",0,2,54263808,send_recv,2,2
896,0.155,0.158,0.15671666666666667,0.157,0.0006348665651580308,"[0.157, 0.156, 0.156, 0.156, 0.156, 0.157, 0.158, 0.156, 0.157, 0.156, 0.157, 0.156, 0.156, 0.157, 0.156, 0.157, 0.156, 0.157, 0.157, 0.158, 0.157, 0.157, 0.157, 0.156, 0.157, 0.157, 0.157, 0.156, 0.157, 0.156, 0.157, 0.157, 0.155, 0.158, 0.156, 0.157, 0.157, 0.157, 0.157, 0.157, 0.156, 0.156, 0.157, 0.157, 0.157, 0.156, 0.157, 0.156, 0.157, 0.157, 0.157, 0.158, 0.157, 0.156, 0.157, 0.157, 0.157, 0.158, 0.156, 0.157]",0,2,54394880,send_recv,2,2
897,0.156,0.158,0.15698333333333336,0.157,0.0005624845676895407,"[0.157, 0.157, 0.157, 0.157, 0.156, 0.157, 0.156, 0.157, 0.157, 0.158, 0.157, 0.158, 0.157, 0.156, 0.157, 0.156, 0.157, 0.157, 0.158, 0.157, 0.158, 0.158, 0.157, 0.157, 0.157, 0.157, 0.157, 0.157, 0.157, 0.158, 0.157, 0.156, 0.157, 0.157, 0.157, 0.156, 0.157, 0.156, 0.157, 0.157, 0.157, 0.157, 0.158, 0.157, 0.158, 0.157, 0.157, 0.157, 0.157, 0.158, 0.157, 0.157, 0.157, 0.156, 0.157, 0.156, 0.157, 0.157, 0.157, 0.156]",0,2,54525952,send_recv,2,2
898,0.156,0.159,0.15744999999999998,0.157,0.0007621242243449124,"[0.157, 0.157, 0.158, 0.158, 0.157, 0.157, 0.157, 0.158, 0.157, 0.157, 0.158, 0.159, 0.158, 0.158, 0.158, 0.157, 0.156, 0.158, 0.156, 0.158, 0.157, 0.157, 0.157, 0.157, 0.157, 0.157, 0.157, 0.156, 0.158, 0.156, 0.158, 0.158, 0.156, 0.158, 0.157, 0.157, 0.157, 0.158, 0.158, 0.158, 0.156, 0.158, 0.158, 0.159, 0.159, 0.157, 0.158, 0.158, 0.158, 0.157, 0.157, 0.158, 0.158, 0.157, 0.157, 0.157, 0.157, 0.159, 0.158, 0.158]",0,2,54657024,send_recv,2,2
899,0.156,0.159,0.1579833333333333,0.158,0.0006950219820664354,"[0.158, 0.158, 0.158, 0.157, 0.157, 0.158, 0.158, 0.158, 0.158, 0.158, 0.159, 0.159, 0.157, 0.157, 0.158, 0.157, 0.158, 0.158, 0.157, 0.158, 0.159, 0.157, 0.159, 0.159, 0.158, 0.157, 0.158, 0.157, 0.156, 0.158, 0.159, 0.158, 0.159, 0.157, 0.158, 0.159, 0.158, 0.159, 0.157, 0.158, 0.158, 0.158, 0.158, 0.158, 0.158, 0.158, 0.158, 0.158, 0.159, 0.158, 0.159, 0.158, 0.158, 0.159, 0.158, 0.157, 0.158, 0.159, 0.158, 0.158]",0,2,54788096,send_recv,2,2
900,0.157,0.16,0.15811666666666663,0.158,0.0006853628398317368,"[0.159, 0.157, 0.158, 0.159, 0.158, 0.157, 0.157, 0.157, 0.158, 0.158, 0.157, 0.158, 0.159, 0.158, 0.159, 0.158, 0.159, 0.158, 0.159, 0.157, 0.16, 0.158, 0.158, 0.159, 0.159, 0.158, 0.158, 0.158, 0.158, 0.159, 0.158, 0.158, 0.158, 0.158, 0.158, 0.158, 0.159, 0.16, 0.158, 0.158, 0.158, 0.158, 0.158, 0.158, 0.158, 0.158, 0.157, 0.157, 0.159, 0.158, 0.158, 0.158, 0.158, 0.158, 0.157, 0.158, 0.159, 0.158, 0.158, 0.158]",0,2,54919168,send_recv,2,2
901,0.157,0.16,0.15841666666666668,0.158,0.0006902093080282891,"[0.16, 0.157, 0.158, 0.159, 0.16, 0.158, 0.157, 0.158, 0.158, 0.158, 0.159, 0.158, 0.158, 0.159, 0.158, 0.158, 0.158, 0.158, 0.159, 0.158, 0.158, 0.159, 0.157, 0.16, 0.158, 0.158, 0.159, 0.158, 0.158, 0.159, 0.158, 0.158, 0.158, 0.158, 0.159, 0.158, 0.158, 0.159, 0.158, 0.158, 0.158, 0.159, 0.158, 0.159, 0.159, 0.158, 0.158, 0.159, 0.159, 0.159, 0.159, 0.158, 0.159, 0.158, 0.159, 0.16, 0.159, 0.158, 0.159, 0.158]",0,2,55050240,send_recv,2,2
902,0.157,0.161,0.15886666666666668,0.159,0.0007845734863959887,"[0.159, 0.161, 0.159, 0.158, 0.159, 0.16, 0.159, 0.158, 0.158, 0.159, 0.16, 0.158, 0.158, 0.159, 0.16, 0.158, 0.158, 0.16, 0.159, 0.16, 0.159, 0.159, 0.159, 0.158, 0.158, 0.158, 0.159, 0.158, 0.159, 0.159, 0.158, 0.158, 0.158, 0.158, 0.16, 0.159, 0.159, 0.159, 0.157, 0.159, 0.159, 0.159, 0.159, 0.158, 0.16, 0.159, 0.158, 0.16, 0.158, 0.159, 0.16, 0.159, 0.159, 0.159, 0.16, 0.159, 0.159, 0.16, 0.159, 0.158]",0,2,55181312,send_recv,2,2
903,0.158,0.161,0.15933333333333338,0.159,0.0007453559924999306,"[0.16, 0.159, 0.16, 0.16, 0.158, 0.159, 0.158, 0.16, 0.16, 0.159, 0.16, 0.159, 0.159, 0.16, 0.159, 0.161, 0.16, 0.158, 0.159, 0.159, 0.159, 0.16, 0.159, 0.16, 0.159, 0.159, 0.159, 0.16, 0.16, 0.16, 0.161, 0.16, 0.158, 0.159, 0.16, 0.16, 0.159, 0.158, 0.16, 0.159, 0.16, 0.16, 0.159, 0.159, 0.159, 0.158, 0.158, 0.16, 0.159, 0.159, 0.16, 0.159, 0.159, 0.158, 0.159, 0.16, 0.16, 0.16, 0.159, 0.159]",0,2,55312384,send_recv,2,2
904,0.158,0.161,0.15966666666666668,0.16,0.0006236095644623241,"[0.16, 0.159, 0.159, 0.161, 0.16, 0.16, 0.16, 0.161, 0.16, 0.159, 0.16, 0.159, 0.16, 0.159, 0.161, 0.16, 0.159, 0.159, 0.16, 0.16, 0.159, 0.159, 0.159, 0.16, 0.159, 0.159, 0.159, 0.159, 0.159, 0.16, 0.16, 0.159, 0.159, 0.16, 0.16, 0.16, 0.16, 0.159, 0.16, 0.16, 0.16, 0.16, 0.16, 0.16, 0.16, 0.16, 0.16, 0.16, 0.16, 0.16, 0.159, 0.159, 0.16, 0.158, 0.16, 0.159, 0.159, 0.16, 0.161, 0.16]",0,2,55443456,send_recv,2,2
905,0.159,0.162,0.16006666666666666,0.16,0.000654896090146284,"[0.161, 0.161, 0.16, 0.16, 0.16, 0.159, 0.159, 0.16, 0.161, 0.16, 0.16, 0.16, 0.161, 0.16, 0.16, 0.16, 0.161, 0.16, 0.161, 0.16, 0.16, 0.16, 0.16, 0.159, 0.16, 0.16, 0.16, 0.16, 0.161, 0.16, 0.159, 0.159, 0.16, 0.161, 0.161, 0.16, 0.16, 0.159, 0.16, 0.16, 0.16, 0.16, 0.16, 0.16, 0.16, 0.16, 0.16, 0.16, 0.162, 0.159, 0.16, 0.159, 0.16, 0.159, 0.159, 0.161, 0.161, 0.161, 0.16, 0.16]",0,2,55574528,send_recv,2,2
906,0.158,0.161,0.15998333333333334,0.16,0.0007414325473178415,"[0.16, 0.161, 0.16, 0.159, 0.16, 0.159, 0.16, 0.159, 0.16, 0.161, 0.161, 0.16, 0.16, 0.161, 0.161, 0.16, 0.161, 0.159, 0.16, 0.16, 0.159, 0.161, 0.16, 0.159, 0.16, 0.16, 0.16, 0.161, 0.16, 0.158, 0.16, 0.16, 0.159, 0.16, 0.16, 0.16, 0.16, 0.161, 0.16, 0.16, 0.16, 0.161, 0.159, 0.16, 0.159, 0.159, 0.161, 0.159, 0.16, 0.16, 0.161, 0.161, 0.16, 0.159, 0.161, 0.159, 0.161, 0.16, 0.159, 0.16]",0,2,55705600,send_recv,2,2
907,0.159,0.162,0.16026666666666667,0.16,0.0006798692684790386,"[0.16, 0.161, 0.16, 0.162, 0.16, 0.16, 0.161, 0.161, 0.16, 0.16, 0.161, 0.16, 0.16, 0.159, 0.161, 0.16, 0.16, 0.161, 0.16, 0.16, 0.16, 0.16, 0.16, 0.16, 0.161, 0.159, 0.159, 0.161, 0.16, 0.16, 0.16, 0.161, 0.161, 0.161, 0.159, 0.161, 0.161, 0.161, 0.16, 0.16, 0.16, 0.16, 0.16, 0.161, 0.159, 0.16, 0.161, 0.161, 0.161, 0.16, 0.159, 0.16, 0.161, 0.16, 0.161, 0.16, 0.161, 0.16, 0.159, 0.16]",0,2,55836672,send_recv,2,2
908,0.159,0.162,0.16043333333333334,0.16,0.000715697018452797,"[0.16, 0.16, 0.161, 0.16, 0.161, 0.161, 0.16, 0.16, 0.161, 0.16, 0.161, 0.161, 0.16, 0.16, 0.161, 0.16, 0.16, 0.16, 0.161, 0.161, 0.16, 0.16, 0.16, 0.16, 0.161, 0.161, 0.159, 0.162, 0.161, 0.162, 0.161, 0.159, 0.16, 0.16, 0.161, 0.161, 0.16, 0.159, 0.159, 0.16, 0.161, 0.16, 0.161, 0.161, 0.161, 0.161, 0.161, 0.159, 0.161, 0.16, 0.16, 0.161, 0.16, 0.161, 0.161, 0.16, 0.162, 0.16, 0.16, 0.16]",0,2,55967744,send_recv,2,2
909,0.159,0.162,0.1608,0.161,0.0007483314773547889,"[0.161, 0.16, 0.161, 0.161, 0.16, 0.162, 0.16, 0.162, 0.16, 0.159, 0.162, 0.16, 0.162, 0.161, 0.16, 0.161, 0.162, 0.161, 0.161, 0.161, 0.16, 0.161, 0.161, 0.16, 0.161, 0.161, 0.162, 0.16, 0.161, 0.161, 0.16, 0.161, 0.161, 0.16, 0.161, 0.16, 0.161, 0.161, 0.161, 0.162, 0.161, 0.161, 0.161, 0.161, 0.16, 0.161, 0.16, 0.16, 0.162, 0.159, 0.162, 0.161, 0.161, 0.162, 0.16, 0.161, 0.161, 0.16, 0.161, 0.16]",0,2,56098816,send_recv,2,2
910,0.16,0.163,0.16135000000000002,0.161,0.0006788470618138773,"[0.161, 0.161, 0.162, 0.161, 0.162, 0.162, 0.161, 0.162, 0.162, 0.161, 0.161, 0.161, 0.161, 0.162, 0.161, 0.162, 0.161, 0.161, 0.161, 0.161, 0.161, 0.162, 0.162, 0.161, 0.161, 0.161, 0.161, 0.162, 0.161, 0.161, 0.161, 0.163, 0.161, 0.16, 0.162, 0.16, 0.16, 0.162, 0.161, 0.162, 0.162, 0.161, 0.162, 0.161, 0.162, 0.161, 0.161, 0.162, 0.162, 0.161, 0.162, 0.161, 0.162, 0.16, 0.162, 0.161, 0.161, 0.162, 0.163, 0.16]",0,2,56229888,send_recv,2,2
911,0.16,0.163,0.1614,0.161,0.0007348469228349541,"[0.161, 0.161, 0.161, 0.162, 0.161, 0.163, 0.161, 0.162, 0.162, 0.162, 0.162, 0.162, 0.162, 0.161, 0.161, 0.161, 0.16, 0.162, 0.161, 0.16, 0.161, 0.16, 0.16, 0.162, 0.161, 0.161, 0.161, 0.161, 0.161, 0.161, 0.161, 0.163, 0.161, 0.16, 0.162, 0.161, 0.162, 0.161, 0.162, 0.162, 0.161, 0.162, 0.161, 0.161, 0.161, 0.161, 0.162, 0.162, 0.162, 0.161, 0.162, 0.162, 0.161, 0.162, 0.162, 0.163, 0.161, 0.161, 0.163, 0.161]",0,2,56360960,send_recv,2,2
912,0.16,0.163,0.16191666666666674,0.162,0.0007808471183414991,"[0.163, 0.162, 0.162, 0.162, 0.163, 0.163, 0.162, 0.162, 0.162, 0.162, 0.162, 0.162, 0.162, 0.161, 0.161, 0.162, 0.161, 0.162, 0.161, 0.161, 0.163, 0.161, 0.161, 0.162, 0.161, 0.163, 0.161, 0.162, 0.163, 0.161, 0.161, 0.162, 0.162, 0.162, 0.163, 0.161, 0.163, 0.162, 0.161, 0.163, 0.163, 0.162, 0.162, 0.161, 0.163, 0.163, 0.16, 0.162, 0.163, 0.162, 0.162, 0.162, 0.163, 0.16, 0.162, 0.162, 0.162, 0.162, 0.162, 0.161]",0,2,56492032,send_recv,2,2
913,0.161,0.164,0.1622666666666667,0.162,0.0008137703743822475,"[0.163, 0.163, 0.161, 0.162, 0.162, 0.161, 0.161, 0.162, 0.161, 0.164, 0.162, 0.162, 0.163, 0.161, 0.162, 0.163, 0.161, 0.163, 0.164, 0.162, 0.163, 0.162, 0.162, 0.161, 0.162, 0.163, 0.162, 0.162, 0.163, 0.162, 0.163, 0.162, 0.162, 0.161, 0.162, 0.162, 0.163, 0.161, 0.162, 0.163, 0.162, 0.163, 0.161, 0.162, 0.163, 0.163, 0.161, 0.164, 0.162, 0.163, 0.163, 0.163, 0.162, 0.163, 0.163, 0.162, 0.163, 0.163, 0.162, 0.162]",0,2,56623104,send_recv,2,2
914,0.161,0.165,0.16275000000000006,0.163,0.0009242113755341189,"[0.162, 0.164, 0.162, 0.162, 0.163, 0.162, 0.163, 0.163, 0.163, 0.163, 0.162, 0.161, 0.162, 0.161, 0.162, 0.165, 0.162, 0.163, 0.164, 0.164, 0.164, 0.162, 0.163, 0.162, 0.162, 0.163, 0.165, 0.162, 0.163, 0.163, 0.163, 0.164, 0.161, 0.164, 0.164, 0.162, 0.162, 0.162, 0.164, 0.163, 0.162, 0.163, 0.164, 0.162, 0.163, 0.163, 0.163, 0.162, 0.162, 0.163, 0.164, 0.162, 0.162, 0.163, 0.164, 0.162, 0.163, 0.162, 0.162, 0.163]",0,2,56754176,send_recv,2,2
915,0.162,0.165,0.16295,0.163,0.0007836878630339172,"[0.163, 0.163, 0.162, 0.163, 0.164, 0.162, 0.163, 0.163, 0.163, 0.163, 0.162, 0.164, 0.162, 0.162, 0.164, 0.163, 0.162, 0.164, 0.162, 0.162, 0.163, 0.163, 0.163, 0.163, 0.164, 0.164, 0.163, 0.163, 0.164, 0.163, 0.163, 0.164, 0.164, 0.162, 0.163, 0.163, 0.163, 0.162, 0.162, 0.163, 0.163, 0.162, 0.163, 0.165, 0.162, 0.162, 0.165, 0.164, 0.163, 0.162, 0.162, 0.163, 0.164, 0.162, 0.163, 0.162, 0.163, 0.163, 0.163, 0.163]",0,2,56885248,send_recv,2,2
916,0.162,0.166,0.16355,0.163,0.0008251262529657715,"[0.165, 0.163, 0.163, 0.165, 0.164, 0.163, 0.164, 0.162, 0.163, 0.164, 0.164, 0.164, 0.163, 0.163, 0.163, 0.165, 0.165, 0.163, 0.163, 0.164, 0.165, 0.164, 0.163, 0.163, 0.166, 0.164, 0.163, 0.163, 0.164, 0.163, 0.165, 0.164, 0.164, 0.163, 0.162, 0.164, 0.163, 0.164, 0.163, 0.163, 0.164, 0.162, 0.163, 0.164, 0.165, 0.163, 0.163, 0.163, 0.164, 0.164, 0.163, 0.163, 0.163, 0.163, 0.163, 0.164, 0.164, 0.163, 0.163, 0.163]",0,2,57016320,send_recv,2,2
917,0.162,0.165,0.16358333333333336,0.164,0.0006400954789890513,"[0.163, 0.163, 0.164, 0.163, 0.163, 0.163, 0.164, 0.164, 0.164, 0.164, 0.163, 0.163, 0.164, 0.164, 0.163, 0.163, 0.164, 0.164, 0.164, 0.164, 0.163, 0.164, 0.163, 0.163, 0.164, 0.164, 0.164, 0.163, 0.163, 0.164, 0.162, 0.163, 0.163, 0.162, 0.164, 0.165, 0.164, 0.164, 0.163, 0.163, 0.165, 0.163, 0.164, 0.164, 0.164, 0.164, 0.164, 0.163, 0.164, 0.164, 0.165, 0.164, 0.163, 0.164, 0.164, 0.164, 0.164, 0.163, 0.163, 0.163]",0,2,57147392,send_recv,2,2
918,0.162,0.166,0.16386666666666666,0.164,0.000740870359029763,"[0.163, 0.166, 0.165, 0.163, 0.164, 0.163, 0.164, 0.164, 0.164, 0.164, 0.164, 0.164, 0.164, 0.164, 0.164, 0.164, 0.164, 0.163, 0.164, 0.164, 0.164, 0.164, 0.163, 0.165, 0.163, 0.164, 0.165, 0.163, 0.164, 0.164, 0.163, 0.165, 0.164, 0.163, 0.163, 0.164, 0.163, 0.164, 0.164, 0.164, 0.164, 0.165, 0.164, 0.162, 0.164, 0.165, 0.165, 0.164, 0.163, 0.164, 0.164, 0.165, 0.163, 0.163, 0.163, 0.164, 0.165, 0.164, 0.163, 0.163]",0,2,57278464,send_recv,2,2
919,0.163,0.166,0.16433333333333333,0.164,0.0007673909622147565,"[0.164, 0.164, 0.164, 0.164, 0.165, 0.164, 0.164, 0.166, 0.164, 0.165, 0.165, 0.164, 0.164, 0.164, 0.165, 0.165, 0.165, 0.164, 0.164, 0.165, 0.164, 0.165, 0.163, 0.165, 0.163, 0.164, 0.165, 0.164, 0.164, 0.165, 0.164, 0.164, 0.164, 0.164, 0.164, 0.163, 0.164, 0.163, 0.164, 0.166, 0.163, 0.164, 0.164, 0.165, 0.165, 0.164, 0.165, 0.164, 0.165, 0.165, 0.166, 0.163, 0.165, 0.163, 0.165, 0.164, 0.164, 0.164, 0.165, 0.166]",0,2,57409536,send_recv,2,2
920,0.163,0.167,0.16466666666666666,0.165,0.0007888106377466162,"[0.167, 0.166, 0.166, 0.164, 0.165, 0.164, 0.164, 0.164, 0.165, 0.166, 0.165, 0.165, 0.165, 0.164, 0.164, 0.164, 0.164, 0.165, 0.164, 0.166, 0.165, 0.164, 0.164, 0.165, 0.164, 0.164, 0.165, 0.165, 0.165, 0.165, 0.165, 0.164, 0.163, 0.164, 0.164, 0.164, 0.165, 0.164, 0.165, 0.165, 0.165, 0.164, 0.164, 0.166, 0.166, 0.165, 0.165, 0.165, 0.165, 0.164, 0.164, 0.164, 0.165, 0.164, 0.166, 0.164, 0.165, 0.165, 0.165, 0.163]",0,2,57540608,send_recv,2,2
921,0.163,0.167,0.16476666666666667,0.165,0.0008239471396205524,"[0.165, 0.166, 0.163, 0.167, 0.164, 0.164, 0.164, 0.164, 0.164, 0.166, 0.164, 0.165, 0.165, 0.164, 0.164, 0.165, 0.165, 0.166, 0.165, 0.165, 0.164, 0.164, 0.164, 0.167, 0.166, 0.164, 0.165, 0.164, 0.165, 0.164, 0.165, 0.163, 0.165, 0.165, 0.165, 0.165, 0.165, 0.165, 0.164, 0.165, 0.165, 0.165, 0.165, 0.165, 0.165, 0.165, 0.165, 0.164, 0.165, 0.166, 0.164, 0.165, 0.164, 0.164, 0.164, 0.166, 0.166, 0.165, 0.165, 0.164]",0,2,57671680,send_recv,2,2
922,0.164,0.167,0.16546666666666662,0.165,0.0007180219742846012,"[0.165, 0.165, 0.166, 0.166, 0.164, 0.165, 0.167, 0.165, 0.166, 0.165, 0.165, 0.165, 0.165, 0.166, 0.166, 0.164, 0.165, 0.166, 0.166, 0.166, 0.166, 0.165, 0.166, 0.165, 0.165, 0.165, 0.167, 0.166, 0.165, 0.165, 0.166, 0.164, 0.166, 0.166, 0.166, 0.165, 0.166, 0.165, 0.167, 0.165, 0.165, 0.167, 0.164, 0.165, 0.165, 0.165, 0.166, 0.166, 0.165, 0.166, 0.166, 0.166, 0.166, 0.165, 0.166, 0.166, 0.165, 0.165, 0.165, 0.165]",0,2,57802752,send_recv,2,2
923,0.164,0.167,0.1656,0.165,0.0008000000000000008,"[0.167, 0.165, 0.167, 0.166, 0.165, 0.165, 0.165, 0.166, 0.166, 0.165, 0.165, 0.167, 0.165, 0.165, 0.165, 0.165, 0.164, 0.165, 0.165, 0.166, 0.165, 0.166, 0.165, 0.166, 0.165, 0.166, 0.165, 0.166, 0.166, 0.166, 0.165, 0.165, 0.165, 0.166, 0.165, 0.165, 0.164, 0.165, 0.166, 0.166, 0.166, 0.165, 0.165, 0.167, 0.165, 0.166, 0.167, 0.167, 0.165, 0.166, 0.167, 0.167, 0.166, 0.167, 0.167, 0.165, 0.165, 0.165, 0.165, 0.166]",0,2,57933824,send_recv,2,2
924,0.165,0.167,0.16598333333333332,0.166,0.0006950219820664354,"[0.166, 0.165, 0.165, 0.165, 0.166, 0.167, 0.166, 0.165, 0.166, 0.166, 0.166, 0.166, 0.166, 0.166, 0.166, 0.166, 0.166, 0.165, 0.166, 0.167, 0.165, 0.166, 0.167, 0.167, 0.166, 0.166, 0.167, 0.167, 0.167, 0.165, 0.167, 0.167, 0.166, 0.165, 0.166, 0.165, 0.165, 0.166, 0.166, 0.166, 0.166, 0.166, 0.165, 0.167, 0.166, 0.165, 0.166, 0.166, 0.166, 0.167, 0.165, 0.166, 0.166, 0.167, 0.166, 0.165, 0.167, 0.165, 0.167, 0.166]",0,2,58064896,send_recv,2,2
925,0.165,0.168,0.16624999999999998,0.166,0.000808805703903396,"[0.167, 0.166, 0.167, 0.165, 0.166, 0.167, 0.166, 0.166, 0.167, 0.165, 0.166, 0.166, 0.167, 0.166, 0.165, 0.167, 0.166, 0.165, 0.167, 0.167, 0.166, 0.166, 0.167, 0.166, 0.166, 0.167, 0.165, 0.165, 0.166, 0.166, 0.168, 0.168, 0.167, 0.166, 0.167, 0.167, 0.166, 0.166, 0.166, 0.166, 0.166, 0.165, 0.166, 0.166, 0.165, 0.167, 0.166, 0.167, 0.166, 0.165, 0.166, 0.165, 0.166, 0.168, 0.166, 0.167, 0.168, 0.167, 0.166, 0.166]",0,2,58195968,send_recv,2,2
926,0.165,0.168,0.16665000000000002,0.167,0.0006788470618138773,"[0.167, 0.167, 0.167, 0.167, 0.166, 0.166, 0.166, 0.167, 0.167, 0.167, 0.166, 0.167, 0.167, 0.167, 0.166, 0.167, 0.167, 0.166, 0.165, 0.166, 0.166, 0.166, 0.166, 0.167, 0.167, 0.166, 0.166, 0.168, 0.167, 0.166, 0.167, 0.167, 0.166, 0.166, 0.167, 0.167, 0.167, 0.167, 0.167, 0.166, 0.166, 0.167, 0.167, 0.168, 0.168, 0.167, 0.168, 0.167, 0.168, 0.167, 0.167, 0.166, 0.165, 0.167, 0.167, 0.166, 0.166, 0.167, 0.166, 0.166]",0,2,58327040,send_recv,2,2
927,0.165,0.169,0.16688333333333333,0.167,0.0008183655798127285,"[0.165, 0.169, 0.167, 0.167, 0.168, 0.166, 0.167, 0.168, 0.166, 0.166, 0.168, 0.166, 0.167, 0.167, 0.166, 0.166, 0.166, 0.166, 0.167, 0.167, 0.168, 0.167, 0.166, 0.167, 0.167, 0.166, 0.168, 0.169, 0.167, 0.168, 0.167, 0.167, 0.166, 0.167, 0.166, 0.168, 0.167, 0.166, 0.167, 0.167, 0.167, 0.166, 0.167, 0.167, 0.166, 0.167, 0.168, 0.166, 0.167, 0.168, 0.166, 0.167, 0.166, 0.167, 0.166, 0.167, 0.167, 0.168, 0.167, 0.167]",0,2,58458112,send_recv,2,2
928,0.166,0.169,0.16738333333333333,0.167,0.000732385751423995,"[0.169, 0.168, 0.167, 0.167, 0.167, 0.166, 0.167, 0.168, 0.167, 0.168, 0.167, 0.167, 0.168, 0.168, 0.167, 0.167, 0.167, 0.168, 0.166, 0.167, 0.167, 0.168, 0.167, 0.167, 0.167, 0.168, 0.167, 0.167, 0.167, 0.167, 0.167, 0.167, 0.167, 0.168, 0.168, 0.169, 0.167, 0.168, 0.168, 0.167, 0.166, 0.168, 0.166, 0.167, 0.167, 0.167, 0.167, 0.169, 0.168, 0.167, 0.168, 0.168, 0.169, 0.166, 0.167, 0.167, 0.168, 0.168, 0.168, 0.168]",0,2,58589184,send_recv,2,2
929,0.166,0.169,0.16753333333333328,0.1675,0.0006699917080747266,"[0.167, 0.168, 0.166, 0.168, 0.168, 0.167, 0.168, 0.167, 0.167, 0.168, 0.168, 0.168, 0.167, 0.167, 0.168, 0.168, 0.167, 0.168, 0.167, 0.168, 0.167, 0.168, 0.166, 0.167, 0.167, 0.168, 0.167, 0.167, 0.169, 0.169, 0.167, 0.169, 0.169, 0.167, 0.167, 0.168, 0.168, 0.167, 0.168, 0.167, 0.168, 0.168, 0.168, 0.168, 0.167, 0.167, 0.168, 0.167, 0.167, 0.168, 0.167, 0.167, 0.167, 0.168, 0.167, 0.167, 0.168, 0.168, 0.168, 0.167]",0,2,58720256,send_recv,2,2
930,0.169,0.171,0.16955000000000003,0.169,0.0006171169527191212,"[0.169, 0.169, 0.169, 0.17, 0.17, 0.17, 0.169, 0.169, 0.17, 0.171, 0.169, 0.169, 0.17, 0.169, 0.169, 0.169, 0.17, 0.17, 0.169, 0.169, 0.169, 0.169, 0.169, 0.169, 0.169, 0.169, 0.17, 0.169, 0.169, 0.17, 0.169, 0.169, 0.171, 0.17, 0.17, 0.169, 0.169, 0.169, 0.17, 0.169, 0.169, 0.17, 0.169, 0.17, 0.17, 0.171, 0.17, 0.17, 0.17, 0.17, 0.17, 0.17, 0.17, 0.17, 0.17, 0.17, 0.171, 0.169, 0.169, 0.169]",0,2,58851328,send_recv,2,2
931,0.169,0.17200000000000001,0.17006666666666664,0.17,0.0007272474743090483,"[0.17, 0.17, 0.17, 0.171, 0.171, 0.17, 0.171, 0.169, 0.17, 0.17, 0.17, 0.171, 0.171, 0.17, 0.17, 0.171, 0.17, 0.169, 0.17, 0.169, 0.169, 0.17, 0.17, 0.17, 0.17, 0.17, 0.17, 0.169, 0.169, 0.17, 0.171, 0.17, 0.169, 0.17, 0.169, 0.17, 0.17, 0.169, 0.171, 0.17, 0.169, 0.17, 0.169, 0.17, 0.169, 0.17, 0.17, 0.17, 0.17, 0.17, 0.17, 0.17, 0.17, 0.17200000000000001, 0.171, 0.171, 0.171, 0.171, 0.17, 0.17200000000000001]",0,2,58982400,send_recv,2,2
932,0.169,0.171,0.1703,0.17,0.0004932882862316252,"[0.17, 0.17, 0.17, 0.17, 0.171, 0.17, 0.17, 0.17, 0.171, 0.17, 0.171, 0.171, 0.171, 0.17, 0.171, 0.171, 0.171, 0.169, 0.17, 0.17, 0.171, 0.17, 0.17, 0.17, 0.17, 0.17, 0.17, 0.171, 0.17, 0.17, 0.17, 0.17, 0.171, 0.17, 0.17, 0.171, 0.171, 0.17, 0.17, 0.17, 0.171, 0.171, 0.17, 0.17, 0.17, 0.17, 0.171, 0.17, 0.17, 0.17, 0.171, 0.17, 0.171, 0.17, 0.171, 0.17, 0.17, 0.17, 0.17, 0.17]",0,2,59113472,send_recv,2,2
933,0.17,0.17200000000000001,0.17068333333333333,0.171,0.0005913731666403396,"[0.17200000000000001, 0.171, 0.171, 0.171, 0.17, 0.171, 0.17200000000000001, 0.171, 0.17, 0.171, 0.171, 0.17, 0.171, 0.17, 0.17, 0.171, 0.171, 0.17, 0.171, 0.171, 0.171, 0.17, 0.171, 0.17, 0.171, 0.171, 0.171, 0.171, 0.17, 0.17, 0.171, 0.17, 0.171, 0.171, 0.171, 0.171, 0.171, 0.171, 0.171, 0.171, 0.17, 0.171, 0.171, 0.17, 0.17, 0.17, 0.171, 0.17, 0.17, 0.17200000000000001, 0.17, 0.17, 0.17, 0.171, 0.171, 0.17, 0.171, 0.17, 0.17200000000000001, 0.17]",0,2,59244544,send_recv,2,2
934,0.17,0.17200000000000001,0.17098333333333332,0.171,0.0006189148209209053,"[0.171, 0.171, 0.17, 0.171, 0.17200000000000001, 0.17200000000000001, 0.17, 0.171, 0.171, 0.171, 0.17, 0.171, 0.17200000000000001, 0.171, 0.171, 0.17, 0.171, 0.171, 0.171, 0.17200000000000001, 0.17, 0.171, 0.171, 0.17, 0.17, 0.17200000000000001, 0.171, 0.17, 0.17200000000000001, 0.171, 0.171, 0.171, 0.17200000000000001, 0.171, 0.171, 0.171, 0.171, 0.17200000000000001, 0.171, 0.17, 0.171, 0.17, 0.171, 0.171, 0.171, 0.17, 0.171, 0.17, 0.17200000000000001, 0.171, 0.17200000000000001, 0.171, 0.171, 0.17200000000000001, 0.171, 0.171, 0.171, 0.171, 0.171, 0.171]",0,2,59375616,send_recv,2,2
935,0.17,0.17300000000000001,0.17120000000000005,0.171,0.0006782329983125273,"[0.17200000000000001, 0.171, 0.17200000000000001, 0.171, 0.171, 0.17200000000000001, 0.171, 0.17300000000000001, 0.17200000000000001, 0.17, 0.17200000000000001, 0.171, 0.171, 0.17, 0.171, 0.17200000000000001, 0.171, 0.17, 0.171, 0.171, 0.17, 0.17, 0.171, 0.171, 0.171, 0.171, 0.17200000000000001, 0.17200000000000001, 0.17, 0.171, 0.171, 0.17200000000000001, 0.171, 0.17200000000000001, 0.17, 0.171, 0.171, 0.171, 0.171, 0.171, 0.171, 0.171, 0.171, 0.17200000000000001, 0.17200000000000001, 0.17200000000000001, 0.171, 0.17200000000000001, 0.171, 0.171, 0.17200000000000001, 0.171, 0.17, 0.171, 0.171, 0.171, 0.17200000000000001, 0.171, 0.17200000000000001, 0.17200000000000001]",0,2,59506688,send_recv,2,2
936,0.171,0.17300000000000001,0.17168333333333333,0.17200000000000001,0.0005624845676895406,"[0.17200000000000001, 0.17200000000000001, 0.17200000000000001, 0.171, 0.17200000000000001, 0.171, 0.171, 0.171, 0.171, 0.17200000000000001, 0.17200000000000001, 0.17200000000000001, 0.17200000000000001, 0.171, 0.171, 0.17200000000000001, 0.171, 0.17200000000000001, 0.17200000000000001, 0.17200000000000001, 0.17200000000000001, 0.17300000000000001, 0.17200000000000001, 0.17200000000000001, 0.171, 0.171, 0.171, 0.17200000000000001, 0.17200000000000001, 0.171, 0.17200000000000001, 0.17200000000000001, 0.171, 0.171, 0.17200000000000001, 0.17200000000000001, 0.17300000000000001, 0.17200000000000001, 0.17200000000000001, 0.17200000000000001, 0.171, 0.171, 0.171, 0.17200000000000001, 0.17200000000000001, 0.17200000000000001, 0.17200000000000001, 0.17200000000000001, 0.17200000000000001, 0.17200000000000001, 0.171, 0.17200000000000001, 0.171, 0.171, 0.17200000000000001, 0.17200000000000001, 0.171, 0.17200000000000001, 0.171, 0.17300000000000001]",0,2,59637760,send_recv,2,2
937,0.171,0.17400000000000002,0.17200000000000004,0.17200000000000001,0.0006324555320336764,"[0.17200000000000001, 0.17200000000000001, 0.17300000000000001, 0.17200000000000001, 0.171, 0.17200000000000001, 0.17200000000000001, 0.17200000000000001, 0.17200000000000001, 0.17200000000000001, 0.17200000000000001, 0.17200000000000001, 0.171, 0.17200000000000001, 0.171, 0.17200000000000001, 0.17200000000000001, 0.171, 0.17200000000000001, 0.17300000000000001, 0.17300000000000001, 0.17200000000000001, 0.17200000000000001, 0.17200000000000001, 0.17200000000000001, 0.17200000000000001, 0.171, 0.17200000000000001, 0.17300000000000001, 0.17200000000000001, 0.17300000000000001, 0.17200000000000001, 0.17200000000000001, 0.171, 0.171, 0.171, 0.17200000000000001, 0.17200000000000001, 0.17200000000000001, 0.17300000000000001, 0.17200000000000001, 0.17200000000000001, 0.17200000000000001, 0.171, 0.17200000000000001, 0.17200000000000001, 0.17200000000000001, 0.171, 0.17300000000000001, 0.17400000000000002, 0.17200000000000001, 0.171, 0.17200000000000001, 0.17300000000000001, 0.17300000000000001, 0.17200000000000001, 0.17200000000000001, 0.17200000000000001, 0.17200000000000001, 0.17200000000000001]",0,2,59768832,send_recv,2,2
938,0.171,0.17300000000000001,0.17233333333333337,0.17200000000000001,0.0006236095644623241,"[0.17300000000000001, 0.17300000000000001, 0.17300000000000001, 0.17200000000000001, 0.17300000000000001, 0.17200000000000001, 0.17300000000000001, 0.17200000000000001, 0.17300000000000001, 0.17300000000000001, 0.17200000000000001, 0.171, 0.17200000000000001, 0.17300000000000001, 0.17200000000000001, 0.17200000000000001, 0.17300000000000001, 0.17200000000000001, 0.17200000000000001, 0.17200000000000001, 0.17300000000000001, 0.17200000000000001, 0.17200000000000001, 0.17300000000000001, 0.17200000000000001, 0.17300000000000001, 0.17200000000000001, 0.17200000000000001, 0.17300000000000001, 0.17200000000000001, 0.17300000000000001, 0.17200000000000001, 0.17300000000000001, 0.17300000000000001, 0.17300000000000001, 0.17200000000000001, 0.17200000000000001, 0.17300000000000001, 0.17200000000000001, 0.171, 0.17200000000000001, 0.17300000000000001, 0.17300000000000001, 0.17200000000000001, 0.17300000000000001, 0.17200000000000001, 0.17200000000000001, 0.171, 0.171, 0.17200000000000001, 0.17300000000000001, 0.17300000000000001, 0.17200000000000001, 0.17300000000000001, 0.17200000000000001, 0.17200000000000001, 0.171, 0.17200000000000001, 0.17300000000000001, 0.17200000000000001]",0,2,59899904,send_recv,2,2
939,0.171,0.17400000000000002,0.17263333333333336,0.17300000000000001,0.0006046119049072357,"[0.17300000000000001, 0.17200000000000001, 0.17200000000000001, 0.17300000000000001, 0.17300000000000001, 0.17200000000000001, 0.17300000000000001, 0.17200000000000001, 0.17200000000000001, 0.17300000000000001, 0.17200000000000001, 0.17300000000000001, 0.17200000000000001, 0.17300000000000001, 0.17200000000000001, 0.17300000000000001, 0.17300000000000001, 0.17300000000000001, 0.17300000000000001, 0.17200000000000001, 0.17300000000000001, 0.17200000000000001, 0.17300000000000001, 0.171, 0.17200000000000001, 0.17400000000000002, 0.17300000000000001, 0.17200000000000001, 0.17300000000000001, 0.17400000000000002, 0.17200000000000001, 0.17300000000000001, 0.17300000000000001, 0.17300000000000001, 0.17300000000000001, 0.17200000000000001, 0.17200000000000001, 0.17200000000000001, 0.17200000000000001, 0.17300000000000001, 0.17300000000000001, 0.17300000000000001, 0.17300000000000001, 0.17200000000000001, 0.17300000000000001, 0.17200000000000001, 0.17300000000000001, 0.17300000000000001, 0.17300000000000001, 0.17300000000000001, 0.17400000000000002, 0.17200000000000001, 0.17200000000000001, 0.17200000000000001, 0.17300000000000001, 0.17300000000000001, 0.17300000000000001, 0.17200000000000001, 0.17300000000000001, 0.17300000000000001]",0,2,60030976,send_recv,2,2
940,0.17200000000000001,0.17400000000000002,0.17298333333333332,0.17300000000000001,0.0004997221450188321,"[0.17300000000000001, 0.17300000000000001, 0.17300000000000001, 0.17200000000000001, 0.17200000000000001, 0.17300000000000001, 0.17300000000000001, 0.17300000000000001, 0.17300000000000001, 0.17300000000000001, 0.17300000000000001, 0.17300000000000001, 0.17200000000000001, 0.17300000000000001, 0.17300000000000001, 0.17300000000000001, 0.17300000000000001, 0.17300000000000001, 0.17300000000000001, 0.17200000000000001, 0.17300000000000001, 0.17300000000000001, 0.17200000000000001, 0.17300000000000001, 0.17300000000000001, 0.17400000000000002, 0.17300000000000001, 0.17300000000000001, 0.17300000000000001, 0.17300000000000001, 0.17300000000000001, 0.17300000000000001, 0.17400000000000002, 0.17200000000000001, 0.17300000000000001, 0.17300000000000001, 0.17300000000000001, 0.17300000000000001, 0.17300000000000001, 0.17300000000000001, 0.17300000000000001, 0.17400000000000002, 0.17200000000000001, 0.17300000000000001, 0.17300000000000001, 0.17300000000000001, 0.17400000000000002, 0.17300000000000001, 0.17400000000000002, 0.17300000000000001, 0.17300000000000001, 0.17200000000000001, 0.17400000000000002, 0.17300000000000001, 0.17300000000000001, 0.17300000000000001, 0.17400000000000002, 0.17300000000000001, 0.17300000000000001, 0.17300000000000001]",0,2,60162048,send_recv,2,2
941,0.17200000000000001,0.17500000000000002,0.17331666666666667,0.17300000000000001,0.0007851043808875925,"[0.17400000000000002, 0.17300000000000001, 0.17200000000000001, 0.17300000000000001, 0.17400000000000002, 0.17400000000000002, 0.17300000000000001, 0.17300000000000001, 0.17500000000000002, 0.17300000000000001, 0.17300000000000001, 0.17500000000000002, 0.17300000000000001, 0.17300000000000001, 0.17400000000000002, 0.17400000000000002, 0.17300000000000001, 0.17300000000000001, 0.17300000000000001, 0.17300000000000001, 0.17300000000000001, 0.17400000000000002, 0.17300000000000001, 0.17400000000000002, 0.17400000000000002, 0.17300000000000001, 0.17200000000000001, 0.17300000000000001, 0.17300000000000001, 0.17500000000000002, 0.17400000000000002, 0.17400000000000002, 0.17300000000000001, 0.17400000000000002, 0.17400000000000002, 0.17200000000000001, 0.17400000000000002, 0.17400000000000002, 0.17300000000000001, 0.17200000000000001, 0.17300000000000001, 0.17400000000000002, 0.17400000000000002, 0.17300000000000001, 0.17200000000000001, 0.17400000000000002, 0.17300000000000001, 0.17300000000000001, 0.17200000000000001, 0.17400000000000002, 0.17400000000000002, 0.17300000000000001, 0.17400000000000002, 0.17400000000000002, 0.17300000000000001, 0.17200000000000001, 0.17200000000000001, 0.17300000000000001, 0.17200000000000001, 0.17400000000000002]",0,2,60293120,send_recv,2,2
942,0.17200000000000001,0.17500000000000002,0.17356666666666662,0.17400000000000002,0.000692017983067557,"[0.17300000000000001, 0.17300000000000001, 0.17400000000000002, 0.17400000000000002, 0.17300000000000001, 0.17500000000000002, 0.17400000000000002, 0.17400000000000002, 0.17400000000000002, 0.17300000000000001, 0.17400000000000002, 0.17500000000000002, 0.17300000000000001, 0.17300000000000001, 0.17300000000000001, 0.17300000000000001, 0.17400000000000002, 0.17400000000000002, 0.17400000000000002, 0.17300000000000001, 0.17300000000000001, 0.17400000000000002, 0.17400000000000002, 0.17300000000000001, 0.17300000000000001, 0.17400000000000002, 0.17300000000000001, 0.17300000000000001, 0.17400000000000002, 0.17300000000000001, 0.17300000000000001, 0.17200000000000001, 0.17500000000000002, 0.17400000000000002, 0.17300000000000001, 0.17400000000000002, 0.17400000000000002, 0.17300000000000001, 0.17300000000000001, 0.17500000000000002, 0.17400000000000002, 0.17300000000000001, 0.17400000000000002, 0.17400000000000002, 0.17400000000000002, 0.17400000000000002, 0.17400000000000002, 0.17300000000000001, 0.17300000000000001, 0.17300000000000001, 0.17400000000000002, 0.17300000000000001, 0.17400000000000002, 0.17200000000000001, 0.17200000000000001, 0.17400000000000002, 0.17400000000000002, 0.17400000000000002, 0.17400000000000002, 0.17400000000000002]",0,2,60424192,send_recv,2,2
943,0.17200000000000001,0.17500000000000002,0.17371666666666663,0.17400000000000002,0.0006348665651580308,"[0.17400000000000002, 0.17400000000000002, 0.17400000000000002, 0.17400000000000002, 0.17300000000000001, 0.17300000000000001, 0.17300000000000001, 0.17500000000000002, 0.17400000000000002, 0.17400000000000002, 0.17300000000000001, 0.17400000000000002, 0.17500000000000002, 0.17300000000000001, 0.17400000000000002, 0.17300000000000001, 0.17400000000000002, 0.17300000000000001, 0.17400000000000002, 0.17400000000000002, 0.17400000000000002, 0.17400000000000002, 0.17500000000000002, 0.17400000000000002, 0.17300000000000001, 0.17400000000000002, 0.17400000000000002, 0.17300000000000001, 0.17300000000000001, 0.17300000000000001, 0.17400000000000002, 0.17400000000000002, 0.17300000000000001, 0.17300000000000001, 0.17400000000000002, 0.17400000000000002, 0.17500000000000002, 0.17400000000000002, 0.17400000000000002, 0.17400000000000002, 0.17400000000000002, 0.17500000000000002, 0.17400000000000002, 0.17400000000000002, 0.17300000000000001, 0.17400000000000002, 0.17400000000000002, 0.17400000000000002, 0.17200000000000001, 0.17300000000000001, 0.17300000000000001, 0.17400000000000002, 0.17300000000000001, 0.17400000000000002, 0.17400000000000002, 0.17300000000000001, 0.17300000000000001, 0.17400000000000002, 0.17300000000000001, 0.17400000000000002]",0,2,60555264,send_recv,2,2
944,0.17300000000000001,0.17500000000000002,0.1741833333333333,0.17400000000000002,0.0005624845676895407,"[0.17500000000000002, 0.17500000000000002, 0.17400000000000002, 0.17300000000000001, 0.17400000000000002, 0.17400000000000002, 0.17400000000000002, 0.17400000000000002, 0.17500000000000002, 0.17400000000000002, 0.17400000000000002, 0.17500000000000002, 0.17400000000000002, 0.17400000000000002, 0.17400000000000002, 0.17500000000000002, 0.17300000000000001, 0.17400000000000002, 0.17500000000000002, 0.17300000000000001, 0.17400000000000002, 0.17300000000000001, 0.17400000000000002, 0.17400000000000002, 0.17400000000000002, 0.17500000000000002, 0.17400000000000002, 0.17500000000000002, 0.17400000000000002, 0.17400000000000002, 0.17400000000000002, 0.17400000000000002, 0.17400000000000002, 0.17500000000000002, 0.17400000000000002, 0.17500000000000002, 0.17500000000000002, 0.17500000000000002, 0.17400000000000002, 0.17400000000000002, 0.17400000000000002, 0.17400000000000002, 0.17400000000000002, 0.17500000000000002, 0.17500000000000002, 0.17400000000000002, 0.17500000000000002, 0.17400000000000002, 0.17400000000000002, 0.17400000000000002, 0.17300000000000001, 0.17400000000000002, 0.17500000000000002, 0.17400000000000002, 0.17400000000000002, 0.17400000000000002, 0.17400000000000002, 0.17400000000000002, 0.17400000000000002, 0.17400000000000002]",0,2,60686336,send_recv,2,2
945,0.17300000000000001,0.176,0.17450000000000002,0.17500000000000002,0.0006191391873668898,"[0.17400000000000002, 0.17400000000000002, 0.17500000000000002, 0.17400000000000002, 0.17500000000000002, 0.17500000000000002, 0.17500000000000002, 0.17300000000000001, 0.17400000000000002, 0.17500000000000002, 0.17500000000000002, 0.17400000000000002, 0.17500000000000002, 0.17400000000000002, 0.17400000000000002, 0.17400000000000002, 0.17400000000000002, 0.17400000000000002, 0.17500000000000002, 0.17400000000000002, 0.17500000000000002, 0.17500000000000002, 0.17400000000000002, 0.17300000000000001, 0.17400000000000002, 0.17500000000000002, 0.17400000000000002, 0.17500000000000002, 0.176, 0.17300000000000001, 0.17400000000000002, 0.17500000000000002, 0.17500000000000002, 0.17500000000000002, 0.17500000000000002, 0.17400000000000002, 0.17500000000000002, 0.17500000000000002, 0.17400000000000002, 0.17500000000000002, 0.17400000000000002, 0.17500000000000002, 0.17500000000000002, 0.17400000000000002, 0.17400000000000002, 0.17400000000000002, 0.17400000000000002, 0.17500000000000002, 0.17500000000000002, 0.17500000000000002, 0.17500000000000002, 0.17500000000000002, 0.17500000000000002, 0.17500000000000002, 0.17500000000000002, 0.17500000000000002, 0.17500000000000002, 0.17400000000000002, 0.17400000000000002, 0.17400000000000002]",0,2,60817408,send_recv,2,2
946,0.17400000000000002,0.178,0.17560000000000003,0.176,0.000637704215656955,"[0.176, 0.176, 0.17500000000000002, 0.176, 0.17500000000000002, 0.176, 0.176, 0.176, 0.176, 0.176, 0.176, 0.17500000000000002, 0.176, 0.176, 0.17500000000000002, 0.17500000000000002, 0.176, 0.176, 0.176, 0.176, 0.176, 0.176, 0.176, 0.178, 0.17500000000000002, 0.17500000000000002, 0.17500000000000002, 0.17400000000000002, 0.176, 0.176, 0.176, 0.17500000000000002, 0.17500000000000002, 0.176, 0.17500000000000002, 0.176, 0.176, 0.17500000000000002, 0.17500000000000002, 0.176, 0.176, 0.17500000000000002, 0.176, 0.176, 0.17500000000000002, 0.176, 0.176, 0.17500000000000002, 0.176, 0.17500000000000002, 0.176, 0.17500000000000002, 0.17500000000000002, 0.176, 0.17500000000000002, 0.17500000000000002, 0.17400000000000002, 0.17500000000000002, 0.176, 0.176]",0,2,60948480,send_recv,2,2
947,0.17400000000000002,0.177,0.17581666666666665,0.176,0.0007186020379103269,"[0.176, 0.17500000000000002, 0.176, 0.177, 0.17400000000000002, 0.176, 0.176, 0.176, 0.17500000000000002, 0.17500000000000002, 0.176, 0.176, 0.176, 0.176, 0.177, 0.176, 0.176, 0.176, 0.177, 0.177, 0.176, 0.177, 0.176, 0.17400000000000002, 0.17500000000000002, 0.176, 0.17500000000000002, 0.177, 0.176, 0.176, 0.17400000000000002, 0.17500000000000002, 0.176, 0.176, 0.17500000000000002, 0.176, 0.176, 0.176, 0.176, 0.177, 0.176, 0.17500000000000002, 0.176, 0.177, 0.176, 0.176, 0.17500000000000002, 0.176, 0.176, 0.17500000000000002, 0.176, 0.176, 0.176, 0.17500000000000002, 0.176, 0.176, 0.176, 0.17500000000000002, 0.17500000000000002, 0.176]",0,2,61079552,send_recv,2,2
948,0.17500000000000002,0.178,0.17633333333333331,0.176,0.0007226494462892887,"[0.178, 0.177, 0.176, 0.176, 0.176, 0.176, 0.176, 0.177, 0.176, 0.176, 0.177, 0.176, 0.17500000000000002, 0.17500000000000002, 0.176, 0.17500000000000002, 0.177, 0.176, 0.177, 0.176, 0.176, 0.176, 0.176, 0.177, 0.176, 0.177, 0.176, 0.176, 0.177, 0.176, 0.176, 0.177, 0.178, 0.176, 0.177, 0.176, 0.176, 0.176, 0.176, 0.178, 0.177, 0.17500000000000002, 0.17500000000000002, 0.177, 0.177, 0.176, 0.177, 0.176, 0.177, 0.17500000000000002, 0.176, 0.177, 0.176, 0.177, 0.176, 0.177, 0.177, 0.176, 0.176, 0.177]",0,2,61210624,send_recv,2,2
949,0.17500000000000002,0.178,0.17639999999999997,0.176,0.0007571877794400313,"[0.176, 0.176, 0.176, 0.176, 0.176, 0.177, 0.17500000000000002, 0.17500000000000002, 0.176, 0.176, 0.176, 0.17500000000000002, 0.178, 0.176, 0.17500000000000002, 0.177, 0.176, 0.177, 0.177, 0.176, 0.177, 0.177, 0.176, 0.176, 0.177, 0.177, 0.177, 0.176, 0.177, 0.177, 0.176, 0.177, 0.176, 0.177, 0.176, 0.176, 0.177, 0.17500000000000002, 0.17500000000000002, 0.176, 0.176, 0.177, 0.176, 0.176, 0.176, 0.178, 0.177, 0.177, 0.177, 0.177, 0.177, 0.176, 0.17500000000000002, 0.178, 0.176, 0.177, 0.177, 0.177, 0.177, 0.177]",0,2,61341696,send_recv,2,2
950,0.17500000000000002,0.178,0.17661666666666667,0.177,0.000776566517148113,"[0.176, 0.176, 0.178, 0.176, 0.176, 0.177, 0.177, 0.177, 0.177, 0.177, 0.177, 0.177, 0.176, 0.176, 0.17500000000000002, 0.177, 0.176, 0.177, 0.176, 0.177, 0.176, 0.177, 0.178, 0.177, 0.177, 0.177, 0.177, 0.177, 0.177, 0.176, 0.176, 0.176, 0.176, 0.17500000000000002, 0.176, 0.176, 0.178, 0.177, 0.177, 0.178, 0.176, 0.176, 0.178, 0.177, 0.176, 0.177, 0.177, 0.17500000000000002, 0.177, 0.178, 0.177, 0.178, 0.176, 0.17500000000000002, 0.176, 0.176, 0.176, 0.177, 0.177, 0.177]",0,2,61472768,send_recv,2,2
951,0.17500000000000002,0.179,0.17716666666666664,0.177,0.0007340905181848405,"[0.178, 0.177, 0.177, 0.177, 0.177, 0.176, 0.177, 0.177, 0.177, 0.176, 0.177, 0.177, 0.177, 0.177, 0.178, 0.177, 0.177, 0.176, 0.177, 0.178, 0.176, 0.177, 0.177, 0.177, 0.177, 0.177, 0.176, 0.177, 0.177, 0.178, 0.176, 0.177, 0.177, 0.178, 0.178, 0.177, 0.17500000000000002, 0.177, 0.178, 0.177, 0.177, 0.178, 0.179, 0.178, 0.177, 0.177, 0.178, 0.177, 0.178, 0.178, 0.177, 0.178, 0.176, 0.179, 0.177, 0.178, 0.177, 0.177, 0.177, 0.178]",0,2,61603840,send_recv,2,2
952,0.17500000000000002,0.179,0.1776,0.178,0.0007571877794400355,"[0.179, 0.179, 0.177, 0.178, 0.178, 0.176, 0.179, 0.177, 0.178, 0.178, 0.178, 0.179, 0.178, 0.177, 0.177, 0.177, 0.179, 0.178, 0.178, 0.177, 0.177, 0.178, 0.177, 0.178, 0.177, 0.177, 0.178, 0.178, 0.178, 0.177, 0.178, 0.177, 0.178, 0.17500000000000002, 0.178, 0.178, 0.177, 0.178, 0.176, 0.178, 0.178, 0.178, 0.177, 0.178, 0.178, 0.178, 0.177, 0.177, 0.177, 0.177, 0.178, 0.177, 0.178, 0.177, 0.178, 0.178, 0.177, 0.177, 0.178, 0.178]",0,2,61734912,send_recv,2,2
953,0.176,0.18,0.17798333333333333,0.178,0.0006950219820664353,"[0.178, 0.178, 0.178, 0.178, 0.179, 0.179, 0.179, 0.178, 0.178, 0.178, 0.179, 0.178, 0.178, 0.177, 0.178, 0.177, 0.178, 0.177, 0.177, 0.178, 0.178, 0.179, 0.178, 0.178, 0.178, 0.179, 0.178, 0.178, 0.178, 0.178, 0.178, 0.178, 0.178, 0.179, 0.177, 0.179, 0.178, 0.177, 0.178, 0.178, 0.176, 0.178, 0.178, 0.177, 0.177, 0.178, 0.178, 0.178, 0.178, 0.18, 0.178, 0.179, 0.177, 0.177, 0.178, 0.178, 0.178, 0.177, 0.178, 0.179]",0,2,61865984,send_recv,2,2
954,0.177,0.18,0.17815,0.178,0.0007488880646220332,"[0.178, 0.179, 0.178, 0.179, 0.178, 0.179, 0.179, 0.177, 0.179, 0.178, 0.177, 0.179, 0.179, 0.177, 0.178, 0.177, 0.179, 0.18, 0.179, 0.178, 0.178, 0.178, 0.179, 0.177, 0.179, 0.178, 0.179, 0.177, 0.178, 0.178, 0.178, 0.177, 0.178, 0.177, 0.178, 0.178, 0.177, 0.178, 0.178, 0.178, 0.179, 0.178, 0.179, 0.179, 0.178, 0.177, 0.178, 0.178, 0.179, 0.178, 0.178, 0.178, 0.177, 0.179, 0.178, 0.178, 0.177, 0.179, 0.179, 0.178]",0,2,61997056,send_recv,2,2
955,0.177,0.18,0.17863333333333337,0.179,0.0006823163163486246,"[0.178, 0.179, 0.178, 0.179, 0.177, 0.178, 0.178, 0.178, 0.179, 0.178, 0.178, 0.179, 0.179, 0.178, 0.179, 0.179, 0.178, 0.178, 0.179, 0.18, 0.179, 0.18, 0.179, 0.179, 0.179, 0.179, 0.178, 0.178, 0.179, 0.178, 0.18, 0.179, 0.178, 0.18, 0.18, 0.178, 0.179, 0.178, 0.179, 0.179, 0.179, 0.179, 0.179, 0.178, 0.179, 0.179, 0.178, 0.178, 0.178, 0.179, 0.18, 0.178, 0.179, 0.178, 0.179, 0.178, 0.178, 0.178, 0.179, 0.178]",0,2,62128128,send_recv,2,2
956,0.177,0.18,0.17875000000000002,0.179,0.0006982120021884477,"[0.18, 0.179, 0.179, 0.179, 0.179, 0.179, 0.178, 0.178, 0.179, 0.178, 0.178, 0.179, 0.178, 0.18, 0.179, 0.18, 0.179, 0.178, 0.178, 0.179, 0.178, 0.179, 0.179, 0.18, 0.179, 0.178, 0.179, 0.179, 0.178, 0.179, 0.179, 0.179, 0.179, 0.179, 0.179, 0.179, 0.179, 0.18, 0.177, 0.18, 0.179, 0.178, 0.179, 0.178, 0.178, 0.178, 0.178, 0.179, 0.18, 0.179, 0.178, 0.18, 0.178, 0.179, 0.178, 0.178, 0.179, 0.178, 0.178, 0.179]",0,2,62259200,send_recv,2,2
957,0.178,0.18,0.17918333333333336,0.179,0.0006706133179576909,"[0.18, 0.179, 0.179, 0.18, 0.179, 0.178, 0.18, 0.18, 0.18, 0.178, 0.179, 0.179, 0.178, 0.179, 0.179, 0.179, 0.179, 0.178, 0.179, 0.178, 0.179, 0.18, 0.18, 0.18, 0.179, 0.179, 0.179, 0.18, 0.179, 0.18, 0.179, 0.178, 0.179, 0.179, 0.18, 0.179, 0.179, 0.179, 0.18, 0.18, 0.179, 0.18, 0.179, 0.179, 0.179, 0.179, 0.179, 0.179, 0.178, 0.18, 0.179, 0.179, 0.18, 0.18, 0.179, 0.18, 0.178, 0.178, 0.18, 0.18]",0,2,62390272,send_recv,2,2
958,0.178,0.181,0.17956666666666665,0.18,0.000715697018452797,"[0.18, 0.18, 0.179, 0.18, 0.179, 0.18, 0.178, 0.179, 0.179, 0.18, 0.181, 0.179, 0.18, 0.18, 0.181, 0.179, 0.18, 0.18, 0.179, 0.179, 0.179, 0.179, 0.18, 0.18, 0.181, 0.179, 0.18, 0.179, 0.179, 0.179, 0.181, 0.18, 0.179, 0.179, 0.179, 0.179, 0.178, 0.18, 0.179, 0.18, 0.18, 0.18, 0.18, 0.179, 0.179, 0.179, 0.18, 0.179, 0.179, 0.181, 0.18, 0.178, 0.18, 0.18, 0.18, 0.18, 0.179, 0.18, 0.18, 0.18]",0,2,62521344,send_recv,2,2
959,0.179,0.181,0.17989999999999995,0.18,0.0006244997998398403,"[0.18, 0.18, 0.18, 0.18, 0.181, 0.18, 0.179, 0.18, 0.18, 0.18, 0.179, 0.18, 0.18, 0.179, 0.18, 0.179, 0.18, 0.18, 0.18, 0.18, 0.179, 0.18, 0.18, 0.18, 0.179, 0.181, 0.181, 0.18, 0.18, 0.18, 0.179, 0.18, 0.18, 0.179, 0.179, 0.181, 0.179, 0.18, 0.18, 0.18, 0.181, 0.181, 0.179, 0.18, 0.18, 0.18, 0.179, 0.181, 0.179, 0.179, 0.181, 0.18, 0.18, 0.179, 0.18, 0.18, 0.18, 0.18, 0.18, 0.181]",0,2,62652416,send_recv,2,2
960,0.178,0.182,0.18036666666666668,0.18,0.0007295356209413102,"[0.181, 0.18, 0.18, 0.181, 0.181, 0.18, 0.181, 0.182, 0.181, 0.181, 0.18, 0.181, 0.179, 0.18, 0.18, 0.181, 0.181, 0.18, 0.181, 0.18, 0.18, 0.18, 0.181, 0.181, 0.18, 0.181, 0.18, 0.182, 0.182, 0.18, 0.18, 0.18, 0.181, 0.181, 0.181, 0.18, 0.18, 0.18, 0.18, 0.181, 0.18, 0.18, 0.181, 0.18, 0.18, 0.18, 0.18, 0.181, 0.18, 0.181, 0.18, 0.18, 0.181, 0.18, 0.179, 0.18, 0.178, 0.18, 0.179, 0.18]",0,2,62783488,send_recv,2,2
961,0.18,0.182,0.18080000000000002,0.181,0.0005416025603090645,"[0.181, 0.181, 0.181, 0.181, 0.181, 0.18, 0.181, 0.18, 0.181, 0.182, 0.181, 0.182, 0.181, 0.181, 0.18, 0.181, 0.18, 0.181, 0.18, 0.181, 0.18, 0.181, 0.181, 0.181, 0.181, 0.181, 0.181, 0.181, 0.181, 0.181, 0.18, 0.181, 0.181, 0.181, 0.18, 0.181, 0.181, 0.18, 0.18, 0.18, 0.18, 0.181, 0.18, 0.181, 0.181, 0.18, 0.18, 0.181, 0.181, 0.181, 0.181, 0.181, 0.181, 0.181, 0.181, 0.181, 0.182, 0.181, 0.18, 0.182]",0,2,62914560,send_recv,2,2
962,0.179,0.183,0.1809833333333333,0.181,0.0009397103572673641,"[0.183, 0.18, 0.182, 0.181, 0.181, 0.181, 0.182, 0.179, 0.18, 0.18, 0.181, 0.182, 0.18, 0.182, 0.181, 0.18, 0.182, 0.181, 0.181, 0.182, 0.182, 0.181, 0.18, 0.182, 0.181, 0.181, 0.18, 0.181, 0.182, 0.181, 0.181, 0.182, 0.181, 0.182, 0.181, 0.182, 0.179, 0.182, 0.181, 0.18, 0.179, 0.181, 0.182, 0.18, 0.181, 0.181, 0.18, 0.18, 0.18, 0.182, 0.182, 0.181, 0.181, 0.18, 0.183, 0.18, 0.182, 0.181, 0.18, 0.18]",0,2,63045632,send_recv,2,2
963,0.18,0.183,0.18134999999999998,0.181,0.0008129165598838139,"[0.181, 0.181, 0.182, 0.183, 0.182, 0.181, 0.181, 0.183, 0.182, 0.183, 0.182, 0.182, 0.182, 0.181, 0.182, 0.183, 0.181, 0.181, 0.182, 0.181, 0.181, 0.18, 0.182, 0.18, 0.181, 0.181, 0.182, 0.181, 0.181, 0.181, 0.183, 0.181, 0.181, 0.181, 0.182, 0.18, 0.182, 0.182, 0.18, 0.181, 0.18, 0.18, 0.181, 0.181, 0.182, 0.182, 0.182, 0.182, 0.181, 0.18, 0.181, 0.181, 0.182, 0.181, 0.181, 0.181, 0.181, 0.18, 0.181, 0.182]",0,2,63176704,send_recv,2,2
964,0.18,0.184,0.18164999999999998,0.182,0.0008129165598838139,"[0.181, 0.182, 0.181, 0.181, 0.182, 0.181, 0.181, 0.182, 0.182, 0.182, 0.181, 0.181, 0.182, 0.183, 0.182, 0.182, 0.18, 0.181, 0.184, 0.181, 0.183, 0.182, 0.182, 0.182, 0.182, 0.183, 0.182, 0.18, 0.181, 0.181, 0.182, 0.182, 0.181, 0.182, 0.181, 0.181, 0.182, 0.181, 0.182, 0.182, 0.183, 0.181, 0.182, 0.181, 0.181, 0.182, 0.182, 0.182, 0.18, 0.182, 0.182, 0.182, 0.183, 0.18, 0.182, 0.182, 0.182, 0.182, 0.182, 0.18]",0,2,63307776,send_recv,2,2
965,0.18,0.184,0.18201666666666666,0.182,0.0007635807459303546,"[0.18, 0.182, 0.181, 0.182, 0.183, 0.184, 0.183, 0.182, 0.182, 0.181, 0.182, 0.181, 0.182, 0.182, 0.182, 0.182, 0.183, 0.182, 0.183, 0.182, 0.182, 0.182, 0.182, 0.182, 0.182, 0.183, 0.18, 0.182, 0.181, 0.182, 0.183, 0.183, 0.183, 0.183, 0.181, 0.182, 0.182, 0.181, 0.182, 0.182, 0.183, 0.182, 0.182, 0.182, 0.182, 0.182, 0.182, 0.182, 0.183, 0.182, 0.181, 0.181, 0.183, 0.182, 0.183, 0.182, 0.181, 0.182, 0.181, 0.182]",0,2,63438848,send_recv,2,2
966,0.181,0.184,0.18221666666666664,0.182,0.0007977398629182888,"[0.182, 0.181, 0.182, 0.183, 0.182, 0.183, 0.182, 0.183, 0.183, 0.183, 0.181, 0.183, 0.183, 0.183, 0.184, 0.183, 0.182, 0.182, 0.181, 0.182, 0.182, 0.182, 0.182, 0.182, 0.181, 0.183, 0.182, 0.181, 0.181, 0.182, 0.183, 0.183, 0.184, 0.182, 0.181, 0.182, 0.181, 0.182, 0.183, 0.182, 0.182, 0.182, 0.183, 0.183, 0.181, 0.182, 0.183, 0.183, 0.183, 0.182, 0.182, 0.181, 0.182, 0.183, 0.183, 0.182, 0.181, 0.182, 0.181, 0.183]",0,2,63569920,send_recv,2,2
967,0.18,0.184,0.18263333333333334,0.183,0.0008749603165604466,"[0.182, 0.183, 0.183, 0.183, 0.183, 0.182, 0.182, 0.182, 0.182, 0.183, 0.182, 0.184, 0.183, 0.182, 0.183, 0.184, 0.183, 0.184, 0.183, 0.183, 0.182, 0.181, 0.183, 0.182, 0.182, 0.182, 0.183, 0.182, 0.182, 0.184, 0.183, 0.184, 0.183, 0.182, 0.183, 0.182, 0.182, 0.184, 0.182, 0.184, 0.183, 0.182, 0.183, 0.182, 0.183, 0.183, 0.184, 0.182, 0.183, 0.18, 0.181, 0.183, 0.183, 0.182, 0.181, 0.182, 0.184, 0.184, 0.183, 0.182]",0,2,63700992,send_recv,2,2
968,0.182,0.184,0.18316666666666667,0.183,0.0006368324391514273,"[0.184, 0.183, 0.183, 0.183, 0.184, 0.184, 0.183, 0.184, 0.183, 0.184, 0.183, 0.184, 0.183, 0.182, 0.184, 0.183, 0.183, 0.184, 0.184, 0.183, 0.184, 0.184, 0.183, 0.184, 0.183, 0.182, 0.183, 0.183, 0.183, 0.184, 0.183, 0.183, 0.182, 0.184, 0.183, 0.183, 0.184, 0.183, 0.182, 0.183, 0.183, 0.183, 0.183, 0.184, 0.183, 0.183, 0.183, 0.183, 0.183, 0.183, 0.182, 0.182, 0.182, 0.183, 0.184, 0.182, 0.184, 0.183, 0.183, 0.183]",0,2,63832064,send_recv,2,2
969,0.181,0.184,0.18336666666666662,0.1835,0.0007295356209413102,"[0.184, 0.184, 0.184, 0.182, 0.184, 0.183, 0.184, 0.184, 0.181, 0.183, 0.183, 0.184, 0.184, 0.183, 0.183, 0.184, 0.183, 0.184, 0.184, 0.183, 0.184, 0.184, 0.184, 0.183, 0.183, 0.184, 0.183, 0.183, 0.184, 0.182, 0.184, 0.183, 0.183, 0.183, 0.184, 0.184, 0.184, 0.182, 0.184, 0.184, 0.183, 0.184, 0.183, 0.183, 0.184, 0.184, 0.182, 0.183, 0.184, 0.183, 0.182, 0.184, 0.183, 0.183, 0.182, 0.183, 0.184, 0.183, 0.184, 0.184]",0,2,63963136,send_recv,2,2
970,0.182,0.185,0.18373333333333333,0.184,0.0007498147919468001,"[0.185, 0.184, 0.184, 0.183, 0.184, 0.184, 0.184, 0.183, 0.184, 0.183, 0.183, 0.184, 0.183, 0.183, 0.183, 0.183, 0.184, 0.184, 0.184, 0.184, 0.183, 0.184, 0.184, 0.183, 0.183, 0.184, 0.184, 0.184, 0.184, 0.183, 0.184, 0.184, 0.182, 0.185, 0.183, 0.184, 0.183, 0.183, 0.184, 0.184, 0.185, 0.184, 0.184, 0.185, 0.185, 0.184, 0.185, 0.183, 0.183, 0.185, 0.184, 0.183, 0.185, 0.183, 0.184, 0.183, 0.185, 0.182, 0.183, 0.184]",0,2,64094208,send_recv,2,2
971,0.182,0.186,0.18420000000000003,0.184,0.0009451631252505225,"[0.184, 0.183, 0.184, 0.185, 0.184, 0.184, 0.184, 0.184, 0.184, 0.184, 0.185, 0.185, 0.183, 0.184, 0.184, 0.186, 0.185, 0.185, 0.184, 0.186, 0.184, 0.185, 0.185, 0.184, 0.182, 0.184, 0.185, 0.185, 0.185, 0.183, 0.182, 0.185, 0.184, 0.184, 0.186, 0.184, 0.184, 0.184, 0.184, 0.184, 0.184, 0.186, 0.184, 0.184, 0.184, 0.184, 0.186, 0.185, 0.183, 0.182, 0.183, 0.184, 0.184, 0.185, 0.183, 0.183, 0.185, 0.185, 0.185, 0.183]",0,2,64225280,send_recv,2,2
972,0.183,0.186,0.18446666666666667,0.184,0.000740870359029763,"[0.185, 0.185, 0.183, 0.184, 0.185, 0.184, 0.184, 0.184, 0.186, 0.184, 0.185, 0.183, 0.184, 0.184, 0.184, 0.185, 0.185, 0.184, 0.183, 0.184, 0.184, 0.185, 0.184, 0.184, 0.185, 0.184, 0.184, 0.186, 0.184, 0.184, 0.185, 0.184, 0.186, 0.184, 0.184, 0.184, 0.185, 0.186, 0.186, 0.184, 0.184, 0.184, 0.184, 0.185, 0.185, 0.184, 0.185, 0.184, 0.185, 0.184, 0.184, 0.185, 0.184, 0.184, 0.186, 0.185, 0.184, 0.185, 0.185, 0.185]",0,2,64356352,send_recv,2,2
973,0.183,0.187,0.18478333333333335,0.185,0.0006853628398317368,"[0.184, 0.184, 0.185, 0.184, 0.185, 0.186, 0.184, 0.185, 0.185, 0.186, 0.184, 0.185, 0.185, 0.185, 0.185, 0.185, 0.185, 0.185, 0.185, 0.185, 0.184, 0.185, 0.186, 0.185, 0.185, 0.184, 0.185, 0.186, 0.184, 0.184, 0.184, 0.185, 0.184, 0.185, 0.185, 0.185, 0.184, 0.185, 0.185, 0.185, 0.185, 0.185, 0.185, 0.184, 0.187, 0.185, 0.185, 0.184, 0.185, 0.185, 0.185, 0.185, 0.185, 0.185, 0.184, 0.185, 0.185, 0.183, 0.183, 0.185]",0,2,64487424,send_recv,2,2
974,0.184,0.187,0.18526666666666666,0.185,0.0008137703743822477,"[0.184, 0.186, 0.186, 0.185, 0.186, 0.185, 0.185, 0.184, 0.185, 0.185, 0.185, 0.185, 0.185, 0.184, 0.185, 0.184, 0.185, 0.185, 0.184, 0.184, 0.184, 0.187, 0.186, 0.185, 0.185, 0.186, 0.186, 0.186, 0.186, 0.186, 0.185, 0.186, 0.185, 0.186, 0.185, 0.185, 0.186, 0.184, 0.185, 0.185, 0.186, 0.186, 0.185, 0.186, 0.185, 0.186, 0.186, 0.186, 0.185, 0.187, 0.185, 0.184, 0.185, 0.187, 0.184, 0.186, 0.186, 0.186, 0.185, 0.184]",0,2,64618496,send_recv,2,2
975,0.184,0.187,0.1855166666666667,0.185,0.0006706133179576909,"[0.186, 0.185, 0.185, 0.186, 0.185, 0.185, 0.186, 0.187, 0.186, 0.185, 0.187, 0.186, 0.185, 0.185, 0.186, 0.187, 0.185, 0.186, 0.185, 0.185, 0.186, 0.185, 0.186, 0.187, 0.186, 0.185, 0.185, 0.185, 0.186, 0.186, 0.186, 0.185, 0.184, 0.185, 0.186, 0.185, 0.186, 0.186, 0.185, 0.185, 0.186, 0.185, 0.185, 0.187, 0.185, 0.186, 0.185, 0.186, 0.186, 0.185, 0.185, 0.186, 0.185, 0.185, 0.186, 0.185, 0.185, 0.185, 0.185, 0.185]",0,2,64749568,send_recv,2,2
976,0.185,0.188,0.18596666666666667,0.186,0.0007951240294584383,"[0.185, 0.187, 0.186, 0.185, 0.186, 0.185, 0.186, 0.188, 0.186, 0.186, 0.187, 0.187, 0.185, 0.185, 0.185, 0.186, 0.185, 0.186, 0.186, 0.186, 0.186, 0.185, 0.186, 0.185, 0.185, 0.187, 0.185, 0.187, 0.187, 0.185, 0.186, 0.186, 0.186, 0.185, 0.186, 0.186, 0.185, 0.186, 0.187, 0.186, 0.187, 0.185, 0.186, 0.187, 0.187, 0.185, 0.186, 0.186, 0.188, 0.186, 0.186, 0.187, 0.186, 0.185, 0.186, 0.186, 0.186, 0.185, 0.186, 0.187]",0,2,64880640,send_recv,2,2
977,0.184,0.188,0.18636666666666668,0.186,0.0007951240294584382,"[0.186, 0.186, 0.187, 0.186, 0.187, 0.187, 0.185, 0.187, 0.186, 0.186, 0.187, 0.186, 0.186, 0.188, 0.187, 0.187, 0.186, 0.185, 0.186, 0.186, 0.187, 0.187, 0.186, 0.187, 0.188, 0.186, 0.186, 0.186, 0.186, 0.186, 0.186, 0.184, 0.185, 0.187, 0.188, 0.187, 0.186, 0.186, 0.186, 0.185, 0.186, 0.187, 0.186, 0.186, 0.186, 0.187, 0.186, 0.187, 0.187, 0.186, 0.186, 0.187, 0.187, 0.186, 0.187, 0.187, 0.187, 0.185, 0.188, 0.186]",0,2,65011712,send_recv,2,2
978,0.185,0.188,0.18638333333333332,0.186,0.000776566517148117,"[0.187, 0.186, 0.187, 0.186, 0.186, 0.186, 0.187, 0.186, 0.186, 0.187, 0.187, 0.186, 0.186, 0.186, 0.187, 0.186, 0.187, 0.186, 0.187, 0.186, 0.186, 0.186, 0.187, 0.186, 0.186, 0.188, 0.187, 0.186, 0.186, 0.185, 0.187, 0.186, 0.185, 0.186, 0.186, 0.185, 0.186, 0.188, 0.188, 0.185, 0.186, 0.187, 0.188, 0.186, 0.188, 0.186, 0.187, 0.186, 0.187, 0.187, 0.187, 0.185, 0.186, 0.186, 0.187, 0.187, 0.186, 0.187, 0.186, 0.185]",0,2,65142784,send_recv,2,2
979,0.184,0.188,0.1864833333333333,0.187,0.0009035424112286542,"[0.186, 0.186, 0.187, 0.187, 0.186, 0.186, 0.187, 0.187, 0.188, 0.186, 0.185, 0.186, 0.188, 0.186, 0.188, 0.186, 0.186, 0.186, 0.185, 0.186, 0.187, 0.187, 0.185, 0.186, 0.187, 0.187, 0.187, 0.184, 0.187, 0.186, 0.185, 0.187, 0.187, 0.185, 0.187, 0.187, 0.187, 0.187, 0.187, 0.188, 0.187, 0.188, 0.186, 0.187, 0.185, 0.186, 0.188, 0.187, 0.186, 0.187, 0.186, 0.187, 0.185, 0.185, 0.187, 0.187, 0.186, 0.187, 0.187, 0.187]",0,2,65273856,send_recv,2,2
980,0.185,0.189,0.1872833333333333,0.187,0.0008773381458834578,"[0.189, 0.187, 0.187, 0.188, 0.188, 0.186, 0.188, 0.188, 0.187, 0.188, 0.187, 0.187, 0.188, 0.188, 0.188, 0.188, 0.188, 0.187, 0.185, 0.186, 0.188, 0.186, 0.189, 0.187, 0.186, 0.186, 0.187, 0.187, 0.187, 0.188, 0.187, 0.187, 0.186, 0.188, 0.188, 0.188, 0.188, 0.186, 0.188, 0.187, 0.189, 0.187, 0.187, 0.186, 0.187, 0.186, 0.187, 0.188, 0.187, 0.188, 0.187, 0.189, 0.188, 0.187, 0.186, 0.187, 0.187, 0.188, 0.187, 0.187]",0,2,65404928,send_recv,2,2
981,0.185,0.189,0.18743333333333334,0.188,0.0008634555897992418,"[0.187, 0.187, 0.186, 0.189, 0.187, 0.187, 0.187, 0.188, 0.187, 0.187, 0.188, 0.187, 0.187, 0.186, 0.185, 0.187, 0.187, 0.189, 0.187, 0.187, 0.189, 0.188, 0.188, 0.187, 0.188, 0.186, 0.189, 0.187, 0.186, 0.188, 0.188, 0.188, 0.188, 0.188, 0.188, 0.187, 0.188, 0.186, 0.187, 0.188, 0.188, 0.187, 0.188, 0.188, 0.186, 0.188, 0.188, 0.187, 0.188, 0.186, 0.188, 0.188, 0.188, 0.188, 0.188, 0.188, 0.188, 0.188, 0.188, 0.186]",0,2,65536000,send_recv,2,2
982,0.186,0.19,0.18780000000000002,0.188,0.0008524474568362956,"[0.189, 0.189, 0.187, 0.186, 0.187, 0.188, 0.189, 0.188, 0.187, 0.188, 0.188, 0.188, 0.188, 0.189, 0.187, 0.188, 0.187, 0.187, 0.188, 0.188, 0.188, 0.188, 0.188, 0.187, 0.187, 0.187, 0.186, 0.188, 0.188, 0.188, 0.187, 0.187, 0.189, 0.188, 0.188, 0.188, 0.187, 0.186, 0.188, 0.187, 0.19, 0.189, 0.188, 0.187, 0.188, 0.188, 0.187, 0.188, 0.189, 0.188, 0.188, 0.187, 0.189, 0.188, 0.188, 0.187, 0.187, 0.19, 0.188, 0.188]",0,2,65667072,send_recv,2,2
983,0.186,0.19,0.1882833333333333,0.188,0.0008384840818736851,"[0.188, 0.187, 0.189, 0.188, 0.189, 0.188, 0.189, 0.188, 0.189, 0.189, 0.19, 0.189, 0.188, 0.188, 0.188, 0.189, 0.188, 0.189, 0.188, 0.188, 0.188, 0.188, 0.188, 0.188, 0.189, 0.189, 0.189, 0.186, 0.188, 0.188, 0.188, 0.188, 0.189, 0.188, 0.187, 0.189, 0.19, 0.188, 0.189, 0.188, 0.189, 0.188, 0.188, 0.187, 0.188, 0.189, 0.187, 0.19, 0.189, 0.188, 0.188, 0.188, 0.187, 0.189, 0.19, 0.187, 0.187, 0.188, 0.189, 0.187]",0,2,65798144,send_recv,2,2
984,0.187,0.332,0.19078333333333336,0.188,0.018405698091140753,"[0.332, 0.189, 0.188, 0.188, 0.188, 0.188, 0.191, 0.189, 0.189, 0.189, 0.188, 0.19, 0.188, 0.188, 0.189, 0.189, 0.19, 0.189, 0.188, 0.187, 0.188, 0.188, 0.19, 0.188, 0.188, 0.188, 0.188, 0.188, 0.189, 0.188, 0.188, 0.189, 0.188, 0.189, 0.19, 0.189, 0.189, 0.187, 0.187, 0.19, 0.187, 0.188, 0.188, 0.187, 0.189, 0.188, 0.189, 0.189, 0.187, 0.188, 0.188, 0.189, 0.187, 0.189, 0.188, 0.188, 0.187, 0.189, 0.188, 0.188]",0,2,65929216,send_recv,2,2
985,0.187,0.191,0.1888,0.189,0.0009092121131323911,"[0.189, 0.188, 0.189, 0.19, 0.19, 0.189, 0.19, 0.188, 0.188, 0.189, 0.189, 0.189, 0.189, 0.19, 0.187, 0.189, 0.189, 0.191, 0.189, 0.189, 0.19, 0.188, 0.188, 0.19, 0.189, 0.187, 0.189, 0.188, 0.189, 0.189, 0.189, 0.19, 0.188, 0.188, 0.188, 0.189, 0.189, 0.188, 0.188, 0.188, 0.19, 0.188, 0.188, 0.19, 0.19, 0.189, 0.19, 0.187, 0.19, 0.188, 0.188, 0.189, 0.188, 0.19, 0.188, 0.189, 0.189, 0.189, 0.187, 0.188]",0,2,66060288,send_recv,2,2
986,0.187,0.191,0.18871666666666667,0.189,0.0009145429945545973,"[0.19, 0.189, 0.189, 0.188, 0.189, 0.19, 0.188, 0.189, 0.19, 0.189, 0.188, 0.188, 0.189, 0.188, 0.191, 0.189, 0.188, 0.19, 0.189, 0.19, 0.188, 0.188, 0.189, 0.188, 0.188, 0.189, 0.188, 0.189, 0.189, 0.188, 0.188, 0.189, 0.191, 0.188, 0.188, 0.189, 0.188, 0.188, 0.189, 0.189, 0.188, 0.187, 0.189, 0.189, 0.19, 0.188, 0.189, 0.189, 0.189, 0.187, 0.187, 0.187, 0.187, 0.189, 0.189, 0.189, 0.189, 0.189, 0.19, 0.19]",0,2,66191360,send_recv,2,2
987,0.187,0.191,0.189,0.189,0.0009309493362512636,"[0.187, 0.188, 0.189, 0.19, 0.19, 0.189, 0.187, 0.189, 0.189, 0.188, 0.19, 0.19, 0.188, 0.19, 0.189, 0.188, 0.189, 0.189, 0.19, 0.188, 0.189, 0.187, 0.188, 0.189, 0.189, 0.19, 0.189, 0.19, 0.188, 0.188, 0.189, 0.188, 0.189, 0.19, 0.189, 0.189, 0.188, 0.189, 0.188, 0.188, 0.19, 0.188, 0.19, 0.189, 0.189, 0.189, 0.19, 0.19, 0.191, 0.189, 0.19, 0.191, 0.188, 0.19, 0.19, 0.189, 0.189, 0.19, 0.188, 0.189]",0,2,66322432,send_recv,2,2
988,0.188,0.191,0.18915000000000004,0.189,0.0008722576072086357,"[0.189, 0.188, 0.189, 0.188, 0.19, 0.189, 0.19, 0.19, 0.189, 0.189, 0.188, 0.19, 0.19, 0.188, 0.188, 0.19, 0.189, 0.188, 0.189, 0.188, 0.189, 0.189, 0.19, 0.188, 0.189, 0.189, 0.19, 0.19, 0.189, 0.191, 0.19, 0.189, 0.189, 0.188, 0.189, 0.19, 0.189, 0.191, 0.189, 0.189, 0.19, 0.188, 0.189, 0.191, 0.189, 0.19, 0.188, 0.189, 0.191, 0.189, 0.191, 0.189, 0.189, 0.188, 0.188, 0.189, 0.189, 0.188, 0.189, 0.189]",0,2,66453504,send_recv,2,2
989,0.188,0.193,0.1897833333333333,0.19,0.0009145429945545975,"[0.19, 0.189, 0.191, 0.19, 0.191, 0.19, 0.19, 0.189, 0.19, 0.189, 0.19, 0.189, 0.189, 0.191, 0.191, 0.191, 0.189, 0.191, 0.191, 0.19, 0.189, 0.19, 0.191, 0.19, 0.188, 0.19, 0.189, 0.19, 0.193, 0.19, 0.189, 0.19, 0.189, 0.19, 0.19, 0.188, 0.19, 0.19, 0.19, 0.19, 0.189, 0.188, 0.189, 0.19, 0.19, 0.191, 0.19, 0.188, 0.191, 0.19, 0.189, 0.19, 0.19, 0.19, 0.189, 0.19, 0.189, 0.189, 0.189, 0.189]",0,2,66584576,send_recv,2,2
990,0.188,0.192,0.19013333333333335,0.19,0.0008653836657164787,"[0.19, 0.19, 0.19, 0.189, 0.191, 0.19, 0.19, 0.189, 0.19, 0.189, 0.192, 0.19, 0.189, 0.19, 0.189, 0.19, 0.19, 0.191, 0.19, 0.191, 0.191, 0.19, 0.19, 0.19, 0.19, 0.189, 0.189, 0.19, 0.192, 0.191, 0.19, 0.189, 0.191, 0.19, 0.191, 0.189, 0.191, 0.192, 0.19, 0.19, 0.19, 0.189, 0.191, 0.189, 0.191, 0.19, 0.19, 0.19, 0.188, 0.191, 0.189, 0.19, 0.191, 0.19, 0.19, 0.19, 0.191, 0.192, 0.191, 0.19]",0,2,66715648,send_recv,2,2
991,0.189,0.192,0.19063333333333335,0.191,0.0008158158833680285,"[0.19, 0.191, 0.191, 0.191, 0.191, 0.19, 0.19, 0.19, 0.191, 0.191, 0.19, 0.19, 0.191, 0.19, 0.191, 0.19, 0.19, 0.19, 0.19, 0.189, 0.191, 0.192, 0.191, 0.19, 0.191, 0.191, 0.191, 0.19, 0.19, 0.192, 0.191, 0.19, 0.19, 0.191, 0.191, 0.192, 0.19, 0.192, 0.192, 0.192, 0.191, 0.189, 0.191, 0.191, 0.189, 0.19, 0.19, 0.19, 0.192, 0.192, 0.19, 0.19, 0.19, 0.192, 0.19, 0.19, 0.192, 0.19, 0.191, 0.191]",0,2,66846720,send_recv,2,2
992,0.19,0.193,0.19108333333333336,0.191,0.0007808471183414993,"[0.19, 0.191, 0.193, 0.19, 0.191, 0.191, 0.191, 0.191, 0.19, 0.191, 0.19, 0.191, 0.19, 0.191, 0.191, 0.19, 0.19, 0.191, 0.192, 0.191, 0.192, 0.191, 0.191, 0.191, 0.191, 0.193, 0.191, 0.191, 0.191, 0.192, 0.192, 0.192, 0.192, 0.19, 0.191, 0.193, 0.192, 0.191, 0.19, 0.191, 0.19, 0.191, 0.191, 0.191, 0.191, 0.192, 0.19, 0.191, 0.191, 0.191, 0.192, 0.19, 0.192, 0.192, 0.191, 0.192, 0.19, 0.191, 0.191, 0.191]",0,2,66977792,send_recv,2,2
993,0.19,0.193,0.19156666666666666,0.192,0.000738617326872012,"[0.192, 0.191, 0.191, 0.191, 0.191, 0.192, 0.191, 0.191, 0.193, 0.19, 0.192, 0.191, 0.192, 0.193, 0.191, 0.193, 0.192, 0.192, 0.192, 0.192, 0.192, 0.193, 0.191, 0.191, 0.191, 0.192, 0.192, 0.191, 0.191, 0.191, 0.191, 0.192, 0.193, 0.191, 0.191, 0.192, 0.191, 0.192, 0.19, 0.191, 0.192, 0.191, 0.192, 0.192, 0.192, 0.191, 0.192, 0.191, 0.191, 0.193, 0.192, 0.191, 0.191, 0.192, 0.19, 0.191, 0.192, 0.192, 0.192, 0.192]",0,2,67108864,send_recv,2,2
