,time_stats.all_reduce.min,time_stats.all_reduce.max,time_stats.all_reduce.mean,time_stats.all_reduce.median,time_stats.all_reduce.std,rank,num_workers,size,collective,devices_per_node,max_devices_per_node
0,0.01,0.042,0.031716666666666664,0.033,0.005348182453465435,-1,2,2048,all_reduce,2,4
1,0.015,0.051000000000000004,0.033183333333333336,0.033,0.004236711250748889,-1,2,10240,all_reduce,2,4
2,0.008,0.041,0.0328,0.033,0.003978274332756185,-1,2,18432,all_reduce,2,4
3,0.008,0.059000000000000004,0.0322,0.033,0.007769169839822013,-1,2,26624,all_reduce,2,4
4,0.008,0.055,0.033449999999999994,0.033,0.006034415188455852,-1,2,34816,all_reduce,2,4
5,0.016,0.052000000000000005,0.0341,0.034,0.005667744995439838,-1,2,43008,all_reduce,2,4
6,0.021,0.053,0.034216666666666666,0.034,0.004427533800611301,-1,2,51200,all_reduce,2,4
7,0.012,0.05,0.03423333333333334,0.034,0.004255845653007428,-1,2,59392,all_reduce,2,4
8,0.025,0.051000000000000004,0.03501666666666666,0.034,0.004271969361105276,-1,2,67584,all_reduce,2,4
9,0.021,0.051000000000000004,0.035583333333333335,0.035,0.00412832357689602,-1,2,75776,all_reduce,2,4
10,0.032,0.051000000000000004,0.035899999999999994,0.035,0.0037625346067068494,-1,2,83968,all_reduce,2,4
11,0.01,0.056,0.03588333333333334,0.035,0.006760403505380101,-1,2,92160,all_reduce,2,4
12,0.015,0.052000000000000005,0.034850000000000006,0.035,0.005124532499002552,-1,2,100352,all_reduce,2,4
13,0.033,0.051000000000000004,0.036533333333333334,0.035,0.004488751373031134,-1,2,108544,all_reduce,2,4
14,0.022,0.051000000000000004,0.03559999999999999,0.035,0.003769173207305107,-1,2,116736,all_reduce,2,4
15,0.015,0.052000000000000005,0.035800000000000005,0.035500000000000004,0.00571489282489182,-1,2,124928,all_reduce,2,4
16,0.033,0.052000000000000005,0.03618333333333334,0.035,0.003752739739917432,-1,2,133120,all_reduce,2,4
17,0.032,0.052000000000000005,0.03663333333333333,0.036000000000000004,0.0034008168953290553,-1,2,141312,all_reduce,2,4
18,0.015,0.055,0.035766666666666676,0.036000000000000004,0.005093677998809461,-1,2,149504,all_reduce,2,4
19,0.015,0.051000000000000004,0.03411666666666667,0.035,0.007268864346573603,-1,2,157696,all_reduce,2,4
20,0.009000000000000001,0.051000000000000004,0.03516666666666667,0.036000000000000004,0.006841458583924598,-1,2,165888,all_reduce,2,4
21,0.013000000000000001,0.055,0.03623333333333334,0.036000000000000004,0.006616561712013944,-1,2,174080,all_reduce,2,4
22,0.008,0.054,0.03395,0.036000000000000004,0.007938146299147344,-1,2,182272,all_reduce,2,4
23,0.011,0.04,0.034833333333333334,0.036000000000000004,0.005674993881543447,-1,2,190464,all_reduce,2,4
24,0.016,0.054,0.034083333333333334,0.036000000000000004,0.0057221548000342985,-1,2,198656,all_reduce,2,4
25,0.008,0.053,0.0346,0.036000000000000004,0.007186097689288673,-1,2,206848,all_reduce,2,4
26,0.016,0.054,0.03491666666666667,0.036000000000000004,0.006011909476660104,-1,2,215040,all_reduce,2,4
27,0.008,0.041,0.027216666666666663,0.029,0.008748507809271756,-1,2,223232,all_reduce,2,4
28,0.008,0.041,0.0283,0.034,0.010154309429990797,-1,2,231424,all_reduce,2,4
29,0.01,0.045,0.032,0.035,0.00764198926981712,-1,2,239616,all_reduce,2,4
30,0.008,0.04,0.026116666666666667,0.0275,0.009722982509954901,-1,2,247808,all_reduce,2,4
31,0.009000000000000001,0.038,0.02825,0.034,0.00850416564592514,-1,2,256000,all_reduce,2,4
32,0.008,0.079,0.0226,0.009000000000000001,0.019429530788638894,-1,2,264192,all_reduce,2,4
33,0.01,0.039,0.03178333333333334,0.035,0.007550036791669002,-1,2,272384,all_reduce,2,4
34,0.01,0.039,0.030416666666666668,0.035,0.008448454822563052,-1,2,280576,all_reduce,2,4
35,0.01,0.042,0.03433333333333333,0.036500000000000005,0.006378784279852147,-1,2,288768,all_reduce,2,4
36,0.01,0.04,0.03258333333333333,0.035,0.006878206323033807,-1,2,296960,all_reduce,2,4
37,0.01,0.039,0.032433333333333335,0.036000000000000004,0.008060948386442435,-1,2,305152,all_reduce,2,4
38,0.013000000000000001,0.04,0.03321666666666667,0.036000000000000004,0.006964413511240954,-1,2,313344,all_reduce,2,4
39,0.01,0.038,0.03353333333333333,0.035,0.006512722591632132,-1,2,321536,all_reduce,2,4
40,0.009000000000000001,0.047,0.035616666666666665,0.036000000000000004,0.004895888297563805,-1,2,329728,all_reduce,2,4
41,0.013000000000000001,0.039,0.0343,0.036000000000000004,0.00516817182376902,-1,2,337920,all_reduce,2,4
42,0.009000000000000001,0.04,0.03283333333333333,0.035,0.006547688311321961,-1,2,346112,all_reduce,2,4
43,0.016,0.039,0.0351,0.036000000000000004,0.003305046646166031,-1,2,354304,all_reduce,2,4
44,0.013000000000000001,0.04,0.03465,0.036000000000000004,0.005464506687097503,-1,2,362496,all_reduce,2,4
45,0.009000000000000001,0.063,0.03495000000000001,0.036000000000000004,0.00897668275775263,-1,2,370688,all_reduce,2,4
46,0.009000000000000001,0.042,0.03428333333333333,0.036000000000000004,0.007169592426041773,-1,2,378880,all_reduce,2,4
47,0.012,0.04,0.033800000000000004,0.036000000000000004,0.005570158585414483,-1,2,387072,all_reduce,2,4
48,0.016,0.038,0.03358333333333333,0.035,0.004532444765858219,-1,2,395264,all_reduce,2,4
49,0.01,0.039,0.03481666666666667,0.036000000000000004,0.004544196543089022,-1,2,403456,all_reduce,2,4
50,0.011,0.065,0.03415000000000001,0.035500000000000004,0.011023951197279494,-1,2,411648,all_reduce,2,4
51,0.012,0.043000000000000003,0.03358333333333333,0.035,0.005672423546323819,-1,2,419840,all_reduce,2,4
52,0.014,0.061,0.03554999999999999,0.036000000000000004,0.007572813215707884,-1,2,428032,all_reduce,2,4
53,0.012,0.048,0.03273333333333333,0.035,0.007771457749711797,-1,2,436224,all_reduce,2,4
54,0.014,0.038,0.030933333333333334,0.034,0.00658246829759847,-1,2,444416,all_reduce,2,4
55,0.01,0.038,0.03328333333333334,0.036000000000000004,0.006298390446949301,-1,2,452608,all_reduce,2,4
56,0.01,0.038,0.03256666666666667,0.035,0.006165405276396858,-1,2,460800,all_reduce,2,4
57,0.01,0.039,0.03315,0.036000000000000004,0.006587424888882352,-1,2,468992,all_reduce,2,4
58,0.01,0.039,0.033,0.036000000000000004,0.007730890418746515,-1,2,477184,all_reduce,2,4
59,0.011,0.039,0.0332,0.036000000000000004,0.006516133823057964,-1,2,485376,all_reduce,2,4
60,0.017,0.038,0.0336,0.035,0.004834597535817572,-1,2,493568,all_reduce,2,4
61,0.011,0.04,0.03255,0.036000000000000004,0.007328994928819822,-1,2,501760,all_reduce,2,4
62,0.012,0.038,0.0333,0.035,0.005814636704042653,-1,2,509952,all_reduce,2,4
63,0.011,0.038,0.03245000000000001,0.035,0.0063598349035175455,-1,2,518144,all_reduce,2,4
64,0.011,0.038,0.0327,0.035500000000000004,0.006957729514719583,-1,2,526336,all_reduce,2,4
65,0.018000000000000002,0.038,0.034616666666666664,0.035,0.0035123195880911646,-1,2,534528,all_reduce,2,4
66,0.011,0.042,0.031983333333333336,0.035,0.007766362654994223,-1,2,542720,all_reduce,2,4
67,0.012,0.038,0.03316666666666667,0.036000000000000004,0.005975412584546406,-1,2,550912,all_reduce,2,4
68,0.018000000000000002,0.04,0.03483333333333332,0.036000000000000004,0.003693086634360056,-1,2,559104,all_reduce,2,4
69,0.012,0.039,0.032683333333333335,0.036000000000000004,0.0072214764572227355,-1,2,567296,all_reduce,2,4
70,0.013000000000000001,0.039,0.034416666666666665,0.036000000000000004,0.005459828039620133,-1,2,575488,all_reduce,2,4
71,0.012,0.057,0.035649999999999994,0.036000000000000004,0.009168469519681751,-1,2,583680,all_reduce,2,4
72,0.012,0.04,0.03325,0.035,0.005824159452945407,-1,2,591872,all_reduce,2,4
73,0.011,0.039,0.02776666666666667,0.03,0.008581698873507248,-1,2,600064,all_reduce,2,4
74,0.012,0.039,0.03116666666666667,0.034,0.006887589483185601,-1,2,608256,all_reduce,2,4
75,0.014,0.039,0.03016666666666667,0.034,0.0070996870040555705,-1,2,616448,all_reduce,2,4
76,0.011,0.038,0.027283333333333333,0.0275,0.007398404482649546,-1,2,624640,all_reduce,2,4
77,0.011,0.039,0.027900000000000005,0.0315,0.008703830574331434,-1,2,632832,all_reduce,2,4
78,0.012,0.037,0.02855,0.032,0.00767555644019811,-1,2,641024,all_reduce,2,4
79,0.011,0.04,0.028883333333333334,0.034,0.008662354696552715,-1,2,649216,all_reduce,2,4
80,0.013000000000000001,0.04,0.029966666666666662,0.033,0.007514356629516299,-1,2,657408,all_reduce,2,4
81,0.011,0.04,0.02875,0.032,0.008680677776917346,-1,2,665600,all_reduce,2,4
82,0.011,0.042,0.02693333333333333,0.026000000000000002,0.008833396226191196,-1,2,673792,all_reduce,2,4
83,0.013000000000000001,0.038,0.028633333333333334,0.031,0.007637553418616607,-1,2,681984,all_reduce,2,4
84,0.012,0.039,0.030083333333333333,0.033,0.0066088114581132435,-1,2,690176,all_reduce,2,4
85,0.012,0.038,0.0281,0.0305,0.008076096416792791,-1,2,698368,all_reduce,2,4
86,0.013000000000000001,0.038,0.030283333333333336,0.034,0.007905887398360513,-1,2,706560,all_reduce,2,4
87,0.012,0.038,0.03033333333333333,0.034,0.0075247738984119805,-1,2,714752,all_reduce,2,4
88,0.012,0.038,0.02968333333333333,0.033,0.00775777387886213,-1,2,722944,all_reduce,2,4
89,0.012,0.038,0.032633333333333334,0.035,0.005799329463155394,-1,2,731136,all_reduce,2,4
90,0.016,0.038,0.03128333333333334,0.034,0.006532206535484178,-1,2,739328,all_reduce,2,4
91,0.012,0.038,0.029000000000000005,0.033,0.008666025617317318,-1,2,747520,all_reduce,2,4
92,0.012,0.039,0.028133333333333337,0.0285,0.007679988425917205,-1,2,755712,all_reduce,2,4
93,0.012,0.039,0.031599999999999996,0.034,0.006463229326995393,-1,2,763904,all_reduce,2,4
94,0.013000000000000001,0.038,0.03103333333333334,0.0345,0.006976070208617138,-1,2,772096,all_reduce,2,4
95,0.012,0.041,0.03265,0.036000000000000004,0.006687862139727463,-1,2,780288,all_reduce,2,4
96,0.015,0.038,0.03078333333333333,0.0345,0.0068922460457789495,-1,2,788480,all_reduce,2,4
97,0.012,0.038,0.031733333333333336,0.035,0.006806532809653451,-1,2,796672,all_reduce,2,4
98,0.013000000000000001,0.038,0.029500000000000002,0.033,0.007269800547470336,-1,2,804864,all_reduce,2,4
99,0.014,0.04,0.03231666666666667,0.035,0.006502542237890928,-1,2,813056,all_reduce,2,4
100,0.014,0.037,0.02785,0.0295,0.0075339785859354115,-1,2,821248,all_reduce,2,4
101,0.013000000000000001,0.037,0.029333333333333336,0.033,0.0076630426217151005,-1,2,829440,all_reduce,2,4
102,0.014,0.038,0.030650000000000004,0.0335,0.006877075444305281,-1,2,837632,all_reduce,2,4
103,0.013000000000000001,0.039,0.029400000000000003,0.033,0.007517091636175966,-1,2,845824,all_reduce,2,4
104,0.012,0.039,0.030449999999999998,0.034,0.007446307809914925,-1,2,854016,all_reduce,2,4
105,0.021,0.04,0.032,0.034,0.0056302753041037,-1,2,862208,all_reduce,2,4
106,0.021,0.039,0.03241666666666666,0.035,0.005238611987497791,-1,2,870400,all_reduce,2,4
107,0.021,0.039,0.03313333333333333,0.035500000000000004,0.004814792022738078,-1,2,878592,all_reduce,2,4
108,0.022,0.038,0.03325,0.035,0.004624662149822406,-1,2,886784,all_reduce,2,4
109,0.021,0.038,0.03278333333333334,0.035,0.0045573810705516185,-1,2,894976,all_reduce,2,4
110,0.022,0.042,0.03398333333333334,0.036000000000000004,0.004318532415326094,-1,2,903168,all_reduce,2,4
111,0.022,0.04,0.03451666666666667,0.036000000000000004,0.0039811709611899644,-1,2,911360,all_reduce,2,4
112,0.022,0.055,0.034583333333333334,0.036000000000000004,0.0046378575034408094,-1,2,919552,all_reduce,2,4
113,0.022,0.04,0.033433333333333336,0.035,0.0047200517887930945,-1,2,927744,all_reduce,2,4
114,0.023,0.038,0.03345,0.035,0.003904804732633887,-1,2,935936,all_reduce,2,4
115,0.022,0.039,0.03490000000000001,0.036000000000000004,0.0037536648758246917,-1,2,944128,all_reduce,2,4
116,0.021,0.075,0.03401666666666667,0.036000000000000004,0.007299524337623347,-1,2,952320,all_reduce,2,4
117,0.021,0.045,0.03423333333333333,0.036000000000000004,0.004831723869961482,-1,2,960512,all_reduce,2,4
118,0.021,0.041,0.0341,0.036000000000000004,0.004836320915737499,-1,2,968704,all_reduce,2,4
119,0.021,0.04,0.03381666666666667,0.036000000000000004,0.00531191009796748,-1,2,976896,all_reduce,2,4
120,0.022,0.039,0.033183333333333336,0.035,0.00462418160927483,-1,2,985088,all_reduce,2,4
121,0.022,0.039,0.03306666666666666,0.035,0.005055909633510298,-1,2,993280,all_reduce,2,4
122,0.022,0.038,0.03305,0.035,0.004695476546635069,-1,2,1001472,all_reduce,2,4
123,0.022,0.041,0.032733333333333337,0.034,0.004449219656923624,-1,2,1009664,all_reduce,2,4
124,0.022,0.037,0.03278333333333334,0.035,0.004494780924089133,-1,2,1017856,all_reduce,2,4
125,0.023,0.038,0.03458333333333334,0.036000000000000004,0.003377828033251874,-1,2,1026048,all_reduce,2,4
126,0.022,0.039,0.03181666666666667,0.034,0.005038159937472764,-1,2,1034240,all_reduce,2,4
127,0.022,0.039,0.03386666666666667,0.036000000000000004,0.004613265895460853,-1,2,1042432,all_reduce,2,4
128,0.022,0.038,0.034,0.036000000000000004,0.004393176527297759,-1,2,1048576,all_reduce,2,4
129,0.021,0.039,0.03314999999999999,0.035,0.004504904734471826,-1,2,1081344,all_reduce,2,4
130,0.023,0.065,0.03673333333333335,0.036000000000000004,0.00776502128493899,-1,2,1114112,all_reduce,2,4
131,0.022,0.049,0.03355,0.036000000000000004,0.005277073052365298,-1,2,1146880,all_reduce,2,4
132,0.021,0.04,0.03459999999999999,0.036000000000000004,0.004211887937730537,-1,2,1179648,all_reduce,2,4
133,0.024,0.06,0.036566666666666664,0.037,0.0046881647676771014,-1,2,1212416,all_reduce,2,4
134,0.022,0.045,0.035333333333333335,0.037,0.004808557187163549,-1,2,1245184,all_reduce,2,4
135,0.022,0.039,0.032216666666666664,0.033,0.004950056116404697,-1,2,1277952,all_reduce,2,4
136,0.024,0.039,0.03476666666666666,0.036000000000000004,0.0037919505388241664,-1,2,1310720,all_reduce,2,4
137,0.024,0.041,0.03448333333333333,0.036000000000000004,0.003976982384784836,-1,2,1343488,all_reduce,2,4
138,0.022,0.038,0.032633333333333334,0.035,0.005141227696010189,-1,2,1376256,all_reduce,2,4
139,0.024,0.04,0.034,0.036000000000000004,0.004155317877932645,-1,2,1409024,all_reduce,2,4
140,0.023,0.04,0.033800000000000004,0.036000000000000004,0.0043734044709661446,-1,2,1441792,all_reduce,2,4
141,0.025,0.043000000000000003,0.035699999999999996,0.037,0.0032726136343907146,-1,2,1474560,all_reduce,2,4
142,0.025,0.04,0.034833333333333334,0.036000000000000004,0.0031631559486619614,-1,2,1507328,all_reduce,2,4
143,0.023,0.04,0.03543333333333333,0.037,0.004034710508684468,-1,2,1540096,all_reduce,2,4
144,0.024,0.038,0.035483333333333325,0.036000000000000004,0.003063177362732291,-1,2,1572864,all_reduce,2,4
145,0.025,0.04,0.03455,0.036000000000000004,0.003644287767634896,-1,2,1605632,all_reduce,2,4
146,0.027,0.04,0.036233333333333326,0.036000000000000004,0.002147608489045948,-1,2,1638400,all_reduce,2,4
147,0.026000000000000002,0.042,0.03525,0.036000000000000004,0.0028497075873382747,-1,2,1671168,all_reduce,2,4
148,0.025,0.04,0.034800000000000005,0.036000000000000004,0.003365511352924941,-1,2,1703936,all_reduce,2,4
149,0.026000000000000002,0.038,0.03488333333333333,0.036000000000000004,0.0032046407321605053,-1,2,1736704,all_reduce,2,4
150,0.026000000000000002,0.039,0.035333333333333335,0.036000000000000004,0.00262466929133727,-1,2,1769472,all_reduce,2,4
151,0.026000000000000002,0.039,0.03371666666666666,0.035500000000000004,0.003715246365391608,-1,2,1802240,all_reduce,2,4
152,0.025,0.038,0.034300000000000004,0.035,0.0032161053050752757,-1,2,1835008,all_reduce,2,4
153,0.026000000000000002,0.038,0.03445,0.036000000000000004,0.0030899029110960756,-1,2,1867776,all_reduce,2,4
154,0.026000000000000002,0.039,0.03466666666666666,0.036000000000000004,0.003379677828169754,-1,2,1900544,all_reduce,2,4
155,0.025,0.039,0.0341,0.035,0.0037581023580170528,-1,2,1933312,all_reduce,2,4
156,0.025,0.039,0.03415,0.035,0.003472871050490262,-1,2,1966080,all_reduce,2,4
157,0.026000000000000002,0.039,0.035083333333333334,0.036000000000000004,0.0033580334853733794,-1,2,1998848,all_reduce,2,4
158,0.025,0.063,0.03493333333333334,0.036000000000000004,0.0051667741924295045,-1,2,2031616,all_reduce,2,4
159,0.025,0.041,0.035050000000000005,0.036000000000000004,0.003195960992669758,-1,2,2064384,all_reduce,2,4
160,0.025,0.041,0.034733333333333324,0.036000000000000004,0.0035159951965584688,-1,2,2097152,all_reduce,2,4
161,0.026000000000000002,0.042,0.03498333333333334,0.036000000000000004,0.0031910900262379868,-1,2,2129920,all_reduce,2,4
162,0.026000000000000002,0.04,0.035683333333333324,0.037,0.003159597372380783,-1,2,2162688,all_reduce,2,4
163,0.026000000000000002,0.08,0.03606666666666668,0.036000000000000004,0.006500940102956051,-1,2,2195456,all_reduce,2,4
164,0.026000000000000002,0.066,0.03575,0.036000000000000004,0.004770132772435865,-1,2,2228224,all_reduce,2,4
165,0.026000000000000002,0.078,0.03503333333333334,0.035500000000000004,0.006891943767101476,-1,2,2260992,all_reduce,2,4
166,0.026000000000000002,0.045,0.0354,0.036000000000000004,0.0025703436864876,-1,2,2293760,all_reduce,2,4
167,0.026000000000000002,0.039,0.03415,0.035,0.0036093628246547894,-1,2,2326528,all_reduce,2,4
168,0.026000000000000002,0.041,0.034083333333333334,0.035,0.0032928795233891505,-1,2,2359296,all_reduce,2,4
169,0.028,0.039,0.03555,0.036000000000000004,0.0022466641938660966,-1,2,2392064,all_reduce,2,4
170,0.026000000000000002,0.039,0.03626666666666667,0.037,0.0022647050335284032,-1,2,2424832,all_reduce,2,4
171,0.027,0.041,0.035800000000000005,0.036000000000000004,0.002515286597321797,-1,2,2457600,all_reduce,2,4
172,0.026000000000000002,0.041,0.035866666666666665,0.036000000000000004,0.0026674998698323405,-1,2,2490368,all_reduce,2,4
173,0.026000000000000002,0.04,0.03558333333333334,0.036000000000000004,0.002951223851594829,-1,2,2523136,all_reduce,2,4
174,0.028,0.044,0.03545,0.035,0.0020930440352112355,-1,2,2555904,all_reduce,2,4
175,0.027,0.04,0.0353,0.036000000000000004,0.002794637722496424,-1,2,2588672,all_reduce,2,4
176,0.027,0.039,0.0351,0.035,0.002357258294431619,-1,2,2621440,all_reduce,2,4
177,0.027,0.038,0.03498333333333334,0.036000000000000004,0.0021793857442458926,-1,2,2654208,all_reduce,2,4
178,0.028,0.039,0.035800000000000005,0.036000000000000004,0.0020314198646923447,-1,2,2686976,all_reduce,2,4
179,0.031,0.047,0.036333333333333336,0.036000000000000004,0.0023428377854407432,-1,2,2719744,all_reduce,2,4
180,0.028,0.041,0.0356,0.036000000000000004,0.0017907168024751052,-1,2,2752512,all_reduce,2,4
181,0.027,0.04,0.03590000000000001,0.036000000000000004,0.001912241267901795,-1,2,2785280,all_reduce,2,4
182,0.027,0.038,0.034966666666666674,0.036000000000000004,0.0026265736024122547,-1,2,2818048,all_reduce,2,4
183,0.027,0.039,0.03578333333333334,0.036000000000000004,0.0019243324961023636,-1,2,2850816,all_reduce,2,4
184,0.029,0.042,0.036133333333333344,0.036500000000000005,0.0020204509947588977,-1,2,2883584,all_reduce,2,4
185,0.028,0.039,0.03553333333333333,0.036000000000000004,0.0018481221700838808,-1,2,2916352,all_reduce,2,4
186,0.029,0.039,0.03618333333333334,0.036000000000000004,0.001755863193860943,-1,2,2949120,all_reduce,2,4
187,0.028,0.056,0.03646666666666667,0.036500000000000005,0.003232474112640175,-1,2,2981888,all_reduce,2,4
188,0.028,0.039,0.03553333333333334,0.036000000000000004,0.0018838494867926383,-1,2,3014656,all_reduce,2,4
189,0.029,0.039,0.03549999999999999,0.036000000000000004,0.0020776589389663223,-1,2,3047424,all_reduce,2,4
190,0.029,0.04,0.03578333333333334,0.036000000000000004,0.0020823997908396186,-1,2,3080192,all_reduce,2,4
191,0.028,0.039,0.035883333333333337,0.036000000000000004,0.0019671609548336964,-1,2,3112960,all_reduce,2,4
192,0.028,0.039,0.03534999999999999,0.036000000000000004,0.0025088177826750723,-1,2,3145728,all_reduce,2,4
193,0.028,0.042,0.03526666666666666,0.036000000000000004,0.0027740864362084242,-1,2,3178496,all_reduce,2,4
194,0.028,0.039,0.03551666666666666,0.036000000000000004,0.0019277937879578532,-1,2,3211264,all_reduce,2,4
195,0.032,0.04,0.03611666666666667,0.036000000000000004,0.0014386529193041032,-1,2,3244032,all_reduce,2,4
196,0.029,0.04,0.03538333333333333,0.036000000000000004,0.00199241617696259,-1,2,3276800,all_reduce,2,4
197,0.029,0.039,0.03521666666666666,0.036000000000000004,0.002338743727350695,-1,2,3309568,all_reduce,2,4
198,0.028,0.039,0.03585000000000001,0.036000000000000004,0.0022717467581870408,-1,2,3342336,all_reduce,2,4
199,0.028,0.041,0.03493333333333334,0.035,0.002242518425540555,-1,2,3375104,all_reduce,2,4
200,0.028,0.038,0.034716666666666667,0.035,0.0023529532270933243,-1,2,3407872,all_reduce,2,4
201,0.028,0.039,0.035133333333333336,0.035,0.002171532996653644,-1,2,3440640,all_reduce,2,4
202,0.029,0.04,0.03605,0.036000000000000004,0.0018656991540259996,-1,2,3473408,all_reduce,2,4
203,0.03,0.039,0.03554999999999999,0.036000000000000004,0.0017741194999210165,-1,2,3506176,all_reduce,2,4
204,0.029,0.038,0.035366666666666664,0.036000000000000004,0.0022133433734712036,-1,2,3538944,all_reduce,2,4
205,0.029,0.039,0.03535,0.036000000000000004,0.002365199075483217,-1,2,3571712,all_reduce,2,4
206,0.029,0.038,0.035583333333333335,0.036000000000000004,0.0019346977943739826,-1,2,3604480,all_reduce,2,4
207,0.029,0.039,0.03606666666666667,0.036000000000000004,0.0016719914938645927,-1,2,3637248,all_reduce,2,4
208,0.03,0.039,0.03543333333333334,0.036000000000000004,0.001935343782265971,-1,2,3670016,all_reduce,2,4
209,0.03,0.038,0.0352,0.035500000000000004,0.0015684387141358122,-1,2,3702784,all_reduce,2,4
210,0.03,0.076,0.03713333333333334,0.037,0.005469511454924978,-1,2,3735552,all_reduce,2,4
211,0.03,0.039,0.036250000000000004,0.036000000000000004,0.0015559027390339441,-1,2,3768320,all_reduce,2,4
212,0.03,0.04,0.03535,0.036000000000000004,0.0017207072189461322,-1,2,3801088,all_reduce,2,4
213,0.03,0.04,0.036399999999999995,0.036000000000000004,0.0014966629547095752,-1,2,3833856,all_reduce,2,4
214,0.03,0.039,0.036116666666666665,0.036000000000000004,0.0016841582137343525,-1,2,3866624,all_reduce,2,4
215,0.031,0.041,0.036149999999999995,0.036000000000000004,0.0017303660499058179,-1,2,3899392,all_reduce,2,4
216,0.03,0.041,0.036,0.036000000000000004,0.0021679483388678793,-1,2,3932160,all_reduce,2,4
217,0.03,0.039,0.03516666666666667,0.035,0.0018544241394268161,-1,2,3964928,all_reduce,2,4
218,0.032,0.066,0.040799999999999996,0.037,0.009431860898041277,-1,2,3997696,all_reduce,2,4
219,0.03,0.041,0.03581666666666667,0.036000000000000004,0.0021717248649147265,-1,2,4030464,all_reduce,2,4
220,0.03,0.042,0.035800000000000005,0.036000000000000004,0.0019131126469708987,-1,2,4063232,all_reduce,2,4
221,0.03,0.039,0.03576666666666666,0.036000000000000004,0.0015744487571492719,-1,2,4096000,all_reduce,2,4
222,0.03,0.045,0.03618333333333334,0.036000000000000004,0.0022619436086889714,-1,2,4128768,all_reduce,2,4
223,0.031,0.039,0.0359,0.036000000000000004,0.001699999999999999,-1,2,4161536,all_reduce,2,4
224,0.03,0.042,0.03623333333333334,0.036000000000000004,0.0018015425489162206,-1,2,4194304,all_reduce,2,4
225,0.03,0.039,0.035949999999999996,0.036000000000000004,0.0021009918292717524,-1,2,4227072,all_reduce,2,4
226,0.031,0.039,0.03581666666666667,0.036000000000000004,0.0016071887118678852,-1,2,4259840,all_reduce,2,4
227,0.032,0.039,0.03598333333333334,0.036000000000000004,0.0011179097558489323,-1,2,4292608,all_reduce,2,4
228,0.031,0.04,0.036066666666666664,0.036000000000000004,0.0014929463784372453,-1,2,4325376,all_reduce,2,4
229,0.031,0.039,0.03571666666666666,0.036000000000000004,0.0017232882005695448,-1,2,4358144,all_reduce,2,4
230,0.031,0.038,0.035383333333333336,0.036000000000000004,0.0018981716349043766,-1,2,4390912,all_reduce,2,4
231,0.031,0.038,0.035800000000000005,0.036000000000000004,0.0016911534525287752,-1,2,4423680,all_reduce,2,4
232,0.031,0.039,0.0355,0.036000000000000004,0.0016782927833565466,-1,2,4456448,all_reduce,2,4
233,0.031,0.038,0.03554999999999999,0.036000000000000004,0.0016168384788427892,-1,2,4489216,all_reduce,2,4
234,0.031,0.04,0.03556666666666667,0.036000000000000004,0.0018917951498216945,-1,2,4521984,all_reduce,2,4
235,0.031,0.039,0.035583333333333335,0.036000000000000004,0.0017252214028607709,-1,2,4554752,all_reduce,2,4
236,0.033,0.038,0.03605,0.036000000000000004,0.001071214264281426,-1,2,4587520,all_reduce,2,4
237,0.032,0.039,0.03603333333333334,0.036000000000000004,0.0011542193128787177,-1,2,4620288,all_reduce,2,4
238,0.034,0.038,0.035916666666666666,0.036000000000000004,0.0009881239238521075,-1,2,4653056,all_reduce,2,4
239,0.033,0.039,0.036283333333333334,0.036000000000000004,0.0011415145884111826,-1,2,4685824,all_reduce,2,4
240,0.032,0.045,0.036,0.036000000000000004,0.0018257418583505526,-1,2,4718592,all_reduce,2,4
241,0.032,0.039,0.03578333333333334,0.036000000000000004,0.0011984944258897853,-1,2,4751360,all_reduce,2,4
242,0.032,0.039,0.03596666666666667,0.036000000000000004,0.0013900439641328683,-1,2,4784128,all_reduce,2,4
243,0.035,0.039,0.036300000000000006,0.036000000000000004,0.000918331820930392,-1,2,4816896,all_reduce,2,4
244,0.034,0.04,0.035883333333333337,0.036000000000000004,0.0010180318702716958,-1,2,4849664,all_reduce,2,4
245,0.033,0.039,0.03603333333333334,0.036000000000000004,0.0012775845264491187,-1,2,4882432,all_reduce,2,4
246,0.035,0.039,0.03635,0.036000000000000004,0.0010774197572595969,-1,2,4915200,all_reduce,2,4
247,0.033,0.058,0.037066666666666664,0.036000000000000004,0.004142731251508143,-1,2,4947968,all_reduce,2,4
248,0.033,0.04,0.03646666666666666,0.036000000000000004,0.0014079141387961904,-1,2,4980736,all_reduce,2,4
249,0.033,0.038,0.035633333333333336,0.036000000000000004,0.001168569876197206,-1,2,5013504,all_reduce,2,4
250,0.032,0.039,0.03573333333333333,0.036000000000000004,0.0013274871834493243,-1,2,5046272,all_reduce,2,4
251,0.033,0.038,0.03606666666666667,0.036000000000000004,0.0011953614051360723,-1,2,5079040,all_reduce,2,4
252,0.033,0.091,0.03705,0.036000000000000004,0.007188938261894681,-1,2,5111808,all_reduce,2,4
253,0.034,0.038,0.036066666666666664,0.036000000000000004,0.0010306416555826853,-1,2,5144576,all_reduce,2,4
254,0.034,0.04,0.036533333333333334,0.037,0.0011897712198383147,-1,2,5177344,all_reduce,2,4
255,0.034,0.039,0.03651666666666666,0.037,0.0012448783965601693,-1,2,5210112,all_reduce,2,4
256,0.034,0.039,0.0361,0.036000000000000004,0.00109087121146357,-1,2,5242880,all_reduce,2,4
257,0.035,0.045,0.03676666666666668,0.037,0.001553133034296231,-1,2,5275648,all_reduce,2,4
258,0.034,0.039,0.03678333333333332,0.037,0.001184506460748759,-1,2,5308416,all_reduce,2,4
259,0.034,0.039,0.036300000000000006,0.036000000000000004,0.001144552314225958,-1,2,5341184,all_reduce,2,4
260,0.034,0.04,0.036800000000000006,0.037,0.0011518101695447314,-1,2,5373952,all_reduce,2,4
261,0.035,0.045,0.036449999999999996,0.036000000000000004,0.0017265090018106853,-1,2,5406720,all_reduce,2,4
262,0.034,0.039,0.03578333333333334,0.036000000000000004,0.0010015266125049064,-1,2,5439488,all_reduce,2,4
263,0.034,0.04,0.03683333333333332,0.037,0.0012671051872498792,-1,2,5472256,all_reduce,2,4
264,0.034,0.039,0.03638333333333333,0.037,0.001184506460748759,-1,2,5505024,all_reduce,2,4
265,0.035,0.039,0.03646666666666666,0.036000000000000004,0.0010873004286866706,-1,2,5537792,all_reduce,2,4
266,0.035,0.04,0.03683333333333334,0.037,0.001082692117927446,-1,2,5570560,all_reduce,2,4
267,0.035,0.039,0.036533333333333334,0.036000000000000004,0.0009213516640723482,-1,2,5603328,all_reduce,2,4
268,0.035,0.04,0.03683333333333332,0.037,0.0009159087776022706,-1,2,5636096,all_reduce,2,4
269,0.036000000000000004,0.039,0.03701666666666667,0.037,0.0009572820320516235,-1,2,5668864,all_reduce,2,4
270,0.036000000000000004,0.04,0.03673333333333333,0.036500000000000005,0.0008919392106839747,-1,2,5701632,all_reduce,2,4
271,0.035,0.04,0.03676666666666666,0.037,0.001116044602852212,-1,2,5734400,all_reduce,2,4
272,0.035,0.039,0.036833333333333336,0.037,0.0008595864638818395,-1,2,5767168,all_reduce,2,4
273,0.035,0.038,0.036566666666666664,0.036500000000000005,0.0007156970184527938,-1,2,5799936,all_reduce,2,4
274,0.035,0.039,0.03685000000000001,0.037,0.0008331666499966637,-1,2,5832704,all_reduce,2,4
275,0.035,0.146,0.03833333333333334,0.036500000000000005,0.014038835026058568,-1,2,5865472,all_reduce,2,4
276,0.035,0.042,0.03666666666666667,0.036000000000000004,0.001135292424395092,-1,2,5898240,all_reduce,2,4
277,0.036000000000000004,0.04,0.03738333333333333,0.037,0.0009676718911329851,-1,2,5931008,all_reduce,2,4
278,0.036000000000000004,0.04,0.03741666666666666,0.037,0.0008998456657795388,-1,2,5963776,all_reduce,2,4
279,0.036000000000000004,0.058,0.0379,0.037,0.0028029746104213413,-1,2,5996544,all_reduce,2,4
280,0.037,0.043000000000000003,0.03766666666666666,0.037,0.0010274023338281636,-1,2,6029312,all_reduce,2,4
281,0.037,0.043000000000000003,0.03763333333333333,0.037,0.0009480975102218602,-1,2,6062080,all_reduce,2,4
282,0.037,0.06,0.038066666666666665,0.037,0.003315954697452237,-1,2,6094848,all_reduce,2,4
283,0.037,0.049,0.03743333333333333,0.037,0.0015954797258365763,-1,2,6127616,all_reduce,2,4
284,0.037,0.04,0.03729999999999999,0.037,0.0006403124237432854,-1,2,6160384,all_reduce,2,4
285,0.037,0.051000000000000004,0.03754999999999999,0.037,0.0018477463750922827,-1,2,6193152,all_reduce,2,4
286,0.036000000000000004,0.061,0.03818333333333333,0.037,0.005054673305192159,-1,2,6225920,all_reduce,2,4
287,0.036000000000000004,0.04,0.037283333333333335,0.037,0.000914542994554596,-1,2,6258688,all_reduce,2,4
288,0.036000000000000004,0.039,0.037066666666666664,0.037,0.00040276819911981885,-1,2,6291456,all_reduce,2,4
289,0.037,0.039,0.03791666666666667,0.038,0.0005565269285688005,-1,2,6324224,all_reduce,2,4
290,0.037,0.039,0.03799999999999999,0.038,0.0005477225575051665,-1,2,6356992,all_reduce,2,4
291,0.037,0.039,0.03809999999999999,0.038,0.0003958114029012643,-1,2,6389760,all_reduce,2,4
292,0.038,0.04,0.03828333333333333,0.038,0.00048619840486049444,-1,2,6422528,all_reduce,2,4
293,0.038,0.04,0.03834999999999999,0.038,0.0005107184482014858,-1,2,6455296,all_reduce,2,4
294,0.038,0.04,0.03874999999999999,0.039,0.0004699290726623899,-1,2,6488064,all_reduce,2,4
295,0.038,0.04,0.039000000000000014,0.039,0.00031622776601683826,-1,2,6520832,all_reduce,2,4
296,0.039,0.04,0.03901666666666668,0.039,0.0001280190957978103,-1,2,6553600,all_reduce,2,4
297,0.039,0.04,0.03901666666666668,0.039,0.00012801909579781027,-1,2,6586368,all_reduce,2,4
298,0.039,0.062,0.03991666666666668,0.039,0.004120241362940876,-1,2,6619136,all_reduce,2,4
299,0.039,0.063,0.040283333333333345,0.039,0.004996971304922835,-1,2,6651904,all_reduce,2,4
300,0.039,0.053,0.040116666666666675,0.04,0.0022663602734095236,-1,2,6684672,all_reduce,2,4
301,0.039,0.041,0.039833333333333346,0.04,0.0004149966532662915,-1,2,6717440,all_reduce,2,4
302,0.039,0.046,0.04013333333333334,0.04,0.000939266853573691,-1,2,6750208,all_reduce,2,4
303,0.04,0.04,0.04000000000000001,0.04,6.938893903907228e-18,-1,2,6782976,all_reduce,2,4
304,0.04,0.041,0.04003333333333334,0.04,0.00017950549357115028,-1,2,6815744,all_reduce,2,4
305,0.04,0.041,0.04008333333333334,0.04,0.0002763853991962836,-1,2,6848512,all_reduce,2,4
306,0.04,0.041,0.04063333333333333,0.041,0.0004818944098266991,-1,2,6881280,all_reduce,2,4
307,0.04,0.041,0.04016666666666668,0.04,0.00037267799624996525,-1,2,6914048,all_reduce,2,4
308,0.04,0.041,0.0403,0.04,0.0004582575694955844,-1,2,6946816,all_reduce,2,4
309,0.04,0.041,0.04041666666666667,0.04,0.0004930066485916352,-1,2,6979584,all_reduce,2,4
310,0.04,0.041,0.04005000000000001,0.04,0.00021794494717703385,-1,2,7012352,all_reduce,2,4
311,0.04,0.041,0.04016666666666668,0.04,0.00037267799624996525,-1,2,7045120,all_reduce,2,4
312,0.04,0.041,0.040316666666666674,0.04,0.00046517619123176245,-1,2,7077888,all_reduce,2,4
313,0.041,0.054,0.041416666666666664,0.041,0.0022456748552619,-1,2,7110656,all_reduce,2,4
314,0.041,0.041,0.041,0.041,0.0,-1,2,7143424,all_reduce,2,4
315,0.041,0.041,0.041,0.041,0.0,-1,2,7176192,all_reduce,2,4
316,0.041,0.042,0.041299999999999996,0.041,0.0004582575694955845,-1,2,7208960,all_reduce,2,4
317,0.041,0.042,0.041616666666666656,0.042,0.0004861984048604945,-1,2,7241728,all_reduce,2,4
318,0.041,0.042,0.041816666666666655,0.042,0.000386939558874797,-1,2,7274496,all_reduce,2,4
319,0.041,0.042,0.04143333333333333,0.041,0.0004955356249106172,-1,2,7307264,all_reduce,2,4
320,0.041,0.042,0.041566666666666655,0.042,0.0004955356249106172,-1,2,7340032,all_reduce,2,4
321,0.041,0.042,0.04191666666666665,0.042,0.00027638539919628354,-1,2,7372800,all_reduce,2,4
322,0.041,0.069,0.0417,0.041,0.0035791060336346566,-1,2,7405568,all_reduce,2,4
323,0.041,0.042,0.04166666666666666,0.042,0.00047140452079103207,-1,2,7438336,all_reduce,2,4
324,0.041,0.042,0.041849999999999984,0.042,0.00035707142142714284,-1,2,7471104,all_reduce,2,4
325,0.042,0.043000000000000003,0.042033333333333325,0.042,0.0001795054935711503,-1,2,7503872,all_reduce,2,4
326,0.042,0.043000000000000003,0.042099999999999985,0.042,0.0003000000000000003,-1,2,7536640,all_reduce,2,4
327,0.042,0.043000000000000003,0.042099999999999985,0.042,0.0003000000000000003,-1,2,7569408,all_reduce,2,4
328,0.042,0.043000000000000003,0.04261666666666667,0.043000000000000003,0.0004861984048604945,-1,2,7602176,all_reduce,2,4
329,0.042,0.044,0.042950000000000016,0.043000000000000003,0.00028431203515386614,-1,2,7634944,all_reduce,2,4
330,0.043000000000000003,0.05,0.04313333333333334,0.043000000000000003,0.0009030811456096044,-1,2,7667712,all_reduce,2,4
331,0.042,0.044,0.04255,0.043000000000000003,0.0005299371031861551,-1,2,7700480,all_reduce,2,4
332,0.042,0.044,0.04291666666666667,0.043000000000000003,0.00033124344857252976,-1,2,7733248,all_reduce,2,4
333,0.042,0.043000000000000003,0.042966666666666674,0.043000000000000003,0.0001795054935711503,-1,2,7766016,all_reduce,2,4
334,0.042,0.043000000000000003,0.04256666666666667,0.043000000000000003,0.0004955356249106174,-1,2,7798784,all_reduce,2,4
335,0.042,0.049,0.043016666666666675,0.043000000000000003,0.0008264717512144957,-1,2,7831552,all_reduce,2,4
336,0.042,0.043000000000000003,0.042983333333333346,0.043000000000000003,0.0001280190957978102,-1,2,7864320,all_reduce,2,4
337,0.043000000000000003,0.044,0.04305000000000001,0.043000000000000003,0.00021794494717703234,-1,2,7897088,all_reduce,2,4
338,0.043000000000000003,0.044,0.04311666666666667,0.043000000000000003,0.0003210226714043018,-1,2,7929856,all_reduce,2,4
339,0.043000000000000003,0.044,0.04331666666666668,0.043000000000000003,0.00046517619123175925,-1,2,7962624,all_reduce,2,4
340,0.043000000000000003,0.044,0.04398333333333333,0.044,0.00012801909579780943,-1,2,7995392,all_reduce,2,4
341,0.043000000000000003,0.044,0.04396666666666667,0.044,0.00017950549357114906,-1,2,8028160,all_reduce,2,4
342,0.044,0.085,0.044683333333333325,0.044,0.005248782927710217,-1,2,8060928,all_reduce,2,4
343,0.043000000000000003,0.044,0.04396666666666667,0.044,0.00017950549357114906,-1,2,8093696,all_reduce,2,4
344,0.043000000000000003,0.044,0.04398333333333333,0.044,0.0001280190957978094,-1,2,8126464,all_reduce,2,4
345,0.044,0.045,0.04408333333333333,0.044,0.00027638539919628354,-1,2,8159232,all_reduce,2,4
346,0.043000000000000003,0.045,0.04396666666666667,0.044,0.00025603819159561924,-1,2,8192000,all_reduce,2,4
347,0.044,0.058,0.04424999999999999,0.044,0.0017946680287265768,-1,2,8224768,all_reduce,2,4
348,0.044,0.044,0.044,0.044,0.0,-1,2,8257536,all_reduce,2,4
349,0.044,0.045,0.044233333333333326,0.044,0.0004229525846816511,-1,2,8290304,all_reduce,2,4
350,0.044,0.05,0.04464999999999999,0.045,0.0008529361054615998,-1,2,8323072,all_reduce,2,4
351,0.044,0.045,0.04476666666666665,0.045,0.000422952584681651,-1,2,8355840,all_reduce,2,4
352,0.045,0.045,0.04499999999999999,0.045,6.938893903907228e-18,-1,2,8388608,all_reduce,2,4
353,0.045,0.046,0.045016666666666656,0.045,0.00012801909579781022,-1,2,8421376,all_reduce,2,4
354,0.045,0.046,0.04506666666666666,0.045,0.00024944382578492966,-1,2,8454144,all_reduce,2,4
355,0.045,0.045,0.04499999999999999,0.045,6.938893903907228e-18,-1,2,8486912,all_reduce,2,4
356,0.045,0.045,0.04499999999999999,0.045,6.938893903907228e-18,-1,2,8519680,all_reduce,2,4
357,0.045,0.046,0.04504999999999999,0.045,0.00021794494717703388,-1,2,8552448,all_reduce,2,4
358,0.045,0.046,0.045016666666666656,0.045,0.00012801909579781022,-1,2,8585216,all_reduce,2,4
359,0.045,0.045,0.04499999999999999,0.045,6.938893903907228e-18,-1,2,8617984,all_reduce,2,4
360,0.045,0.046,0.045016666666666656,0.045,0.00012801909579781025,-1,2,8650752,all_reduce,2,4
361,0.045,0.046,0.04543333333333331,0.045,0.0004955356249106172,-1,2,8683520,all_reduce,2,4
362,0.045,0.048,0.04588333333333332,0.046,0.00045061686115319295,-1,2,8716288,all_reduce,2,4
363,0.045,0.046,0.04593333333333331,0.046,0.00024944382578492966,-1,2,8749056,all_reduce,2,4
364,0.046,0.047,0.04601666666666664,0.046,0.00012801909579781025,-1,2,8781824,all_reduce,2,4
365,0.046,0.047,0.04608333333333332,0.046,0.0002763853991962836,-1,2,8814592,all_reduce,2,4
366,0.046,0.047,0.04621666666666666,0.046,0.00041197356981027627,-1,2,8847360,all_reduce,2,4
367,0.045,0.047,0.04599999999999998,0.046,0.00018257418583505553,-1,2,8880128,all_reduce,2,4
368,0.046,0.046,0.04599999999999998,0.046,2.0816681711721685e-17,-1,2,8912896,all_reduce,2,4
369,0.046,0.047,0.04606666666666665,0.046,0.00024944382578492966,-1,2,8945664,all_reduce,2,4
370,0.046,0.046,0.04599999999999998,0.046,2.0816681711721685e-17,-1,2,8978432,all_reduce,2,4
371,0.046,0.047,0.04604999999999999,0.046,0.00021794494717703383,-1,2,9011200,all_reduce,2,4
372,0.046,0.047,0.046083333333333316,0.046,0.0002763853991962836,-1,2,9043968,all_reduce,2,4
373,0.046,0.047,0.04649999999999999,0.0465,0.0005000000000000006,-1,2,9076736,all_reduce,2,4
374,0.046,0.047,0.046766666666666665,0.047,0.00042295258468165095,-1,2,9109504,all_reduce,2,4
375,0.046,0.047,0.046933333333333334,0.047,0.00024944382578492966,-1,2,9142272,all_reduce,2,4
376,0.047,0.048,0.04703333333333334,0.047,0.00017950549357115028,-1,2,9175040,all_reduce,2,4
377,0.047,0.089,0.04781666666666668,0.047,0.0053711937427560925,-1,2,9207808,all_reduce,2,4
378,0.047,0.048,0.04721666666666667,0.047,0.00041197356981027627,-1,2,9240576,all_reduce,2,4
379,0.047,0.048,0.04716666666666667,0.047,0.0003726779962499653,-1,2,9273344,all_reduce,2,4
380,0.047,0.055,0.04741666666666666,0.047,0.0010846146269015966,-1,2,9306112,all_reduce,2,4
381,0.047,0.048,0.04756666666666667,0.048,0.0004955356249106172,-1,2,9338880,all_reduce,2,4
382,0.047,0.06,0.04751666666666667,0.047,0.002247158699830126,-1,2,9371648,all_reduce,2,4
383,0.047,0.061,0.047400000000000005,0.047,0.001809235566014921,-1,2,9404416,all_reduce,2,4
384,0.047,0.048,0.047516666666666665,0.048,0.0004997221450188321,-1,2,9437184,all_reduce,2,4
385,0.047,0.048,0.04795,0.048,0.00021794494717703385,-1,2,9469952,all_reduce,2,4
386,0.047,0.059000000000000004,0.048133333333333334,0.048,0.001431394036905593,-1,2,9502720,all_reduce,2,4
387,0.048,0.048,0.048,0.048,0.0,-1,2,9535488,all_reduce,2,4
388,0.048,0.049,0.048133333333333334,0.048,0.00033993463423951926,-1,2,9568256,all_reduce,2,4
389,0.048,0.049,0.04828333333333333,0.048,0.00045061686115319285,-1,2,9601024,all_reduce,2,4
390,0.048,0.049,0.04861666666666666,0.049,0.0004861984048604945,-1,2,9633792,all_reduce,2,4
391,0.048,0.061,0.04836666666666666,0.048,0.0016829207415152445,-1,2,9666560,all_reduce,2,4
392,0.048,0.049,0.04833333333333333,0.048,0.0004714045207910321,-1,2,9699328,all_reduce,2,4
393,0.048,0.049,0.04871666666666666,0.049,0.00045061686115319295,-1,2,9732096,all_reduce,2,4
394,0.048,0.049,0.048183333333333335,0.048,0.000386939558874797,-1,2,9764864,all_reduce,2,4
395,0.048,0.049,0.04846666666666666,0.048,0.0004988876515698593,-1,2,9797632,all_reduce,2,4
396,0.048,0.066,0.04903333333333333,0.049,0.002250678909919306,-1,2,9830400,all_reduce,2,4
397,0.049,0.05,0.049033333333333325,0.049,0.0001795054935711503,-1,2,9863168,all_reduce,2,4
398,0.049,0.05,0.04901666666666666,0.049,0.00012801909579781022,-1,2,9895936,all_reduce,2,4
399,0.049,0.05,0.04913333333333333,0.049,0.0003399346342395193,-1,2,9928704,all_reduce,2,4
400,0.049,0.05,0.04944999999999999,0.049,0.0004974937185533104,-1,2,9961472,all_reduce,2,4
401,0.049,0.05,0.04979999999999998,0.05,0.00040000000000000034,-1,2,9994240,all_reduce,2,4
402,0.049,0.05,0.04994999999999998,0.05,0.00021794494717703385,-1,2,10027008,all_reduce,2,4
403,0.049,0.05,0.04969999999999999,0.05,0.0004582575694955844,-1,2,10059776,all_reduce,2,4
404,0.049,0.05,0.04983333333333332,0.05,0.0003726779962499653,-1,2,10092544,all_reduce,2,4
405,0.049,0.05,0.04996666666666665,0.05,0.0001795054935711503,-1,2,10125312,all_reduce,2,4
406,0.049,0.05,0.04974999999999998,0.05,0.0004330127018922197,-1,2,10158080,all_reduce,2,4
407,0.049,0.05,0.04991666666666665,0.05,0.00027638539919628354,-1,2,10190848,all_reduce,2,4
408,0.049,0.051000000000000004,0.04999999999999998,0.05,0.00018257418583505553,-1,2,10223616,all_reduce,2,4
409,0.05,0.051000000000000004,0.05016666666666665,0.05,0.0003726779962499653,-1,2,10256384,all_reduce,2,4
410,0.05,0.057,0.050616666666666664,0.05,0.0011268195162590245,-1,2,10289152,all_reduce,2,4
411,0.05,0.051000000000000004,0.050616666666666664,0.051000000000000004,0.0004861984048604945,-1,2,10321920,all_reduce,2,4
412,0.05,0.063,0.05115,0.051000000000000004,0.001558043645088288,-1,2,10354688,all_reduce,2,4
413,0.051000000000000004,0.052000000000000005,0.051016666666666675,0.051000000000000004,0.0001280190957978103,-1,2,10387456,all_reduce,2,4
414,0.051000000000000004,0.058,0.05120000000000001,0.051000000000000004,0.0009273618495495702,-1,2,10420224,all_reduce,2,4
415,0.05,0.06,0.05113333333333334,0.051000000000000004,0.0011614167593456224,-1,2,10452992,all_reduce,2,4
416,0.051000000000000004,0.051000000000000004,0.05100000000000001,0.051000000000000004,6.938893903907228e-18,-1,2,10485760,all_reduce,2,4
417,0.051000000000000004,0.052000000000000005,0.051100000000000007,0.051000000000000004,0.00030000000000000024,-1,2,10518528,all_reduce,2,4
418,0.05,0.052000000000000005,0.05100000000000001,0.051000000000000004,0.00018257418583505553,-1,2,10551296,all_reduce,2,4
419,0.051000000000000004,0.052000000000000005,0.05103333333333334,0.051000000000000004,0.00017950549357115026,-1,2,10584064,all_reduce,2,4
420,0.051000000000000004,0.052000000000000005,0.05110000000000001,0.051000000000000004,0.00030000000000000024,-1,2,10616832,all_reduce,2,4
421,0.051000000000000004,0.052000000000000005,0.05138333333333334,0.051000000000000004,0.0004861984048604945,-1,2,10649600,all_reduce,2,4
422,0.051000000000000004,0.052000000000000005,0.051616666666666665,0.052000000000000005,0.0004861984048604945,-1,2,10682368,all_reduce,2,4
423,0.051000000000000004,0.052000000000000005,0.05173333333333334,0.052000000000000005,0.0004422166387140537,-1,2,10715136,all_reduce,2,4
424,0.052000000000000005,0.053,0.052050000000000006,0.052000000000000005,0.00021794494717703234,-1,2,10747904,all_reduce,2,4
425,0.052000000000000005,0.053,0.05213333333333334,0.052000000000000005,0.0003399346342395169,-1,2,10780672,all_reduce,2,4
426,0.052000000000000005,0.053,0.05235,0.052000000000000005,0.00047696960070846994,-1,2,10813440,all_reduce,2,4
427,0.052000000000000005,0.052000000000000005,0.052000000000000005,0.052000000000000005,0.0,-1,2,10846208,all_reduce,2,4
428,0.052000000000000005,0.163,0.05416666666666667,0.052000000000000005,0.014176467198220516,-1,2,10878976,all_reduce,2,4
429,0.052000000000000005,0.053,0.05243333333333334,0.052000000000000005,0.0004955356249106139,-1,2,10911744,all_reduce,2,4
430,0.052000000000000005,0.057,0.052166666666666674,0.052000000000000005,0.0006871842709362759,-1,2,10944512,all_reduce,2,4
431,0.052000000000000005,0.053,0.0522,0.052000000000000005,0.0003999999999999976,-1,2,10977280,all_reduce,2,4
432,0.052000000000000005,0.053,0.05243333333333334,0.052000000000000005,0.0004955356249106139,-1,2,11010048,all_reduce,2,4
433,0.052000000000000005,0.057,0.05294999999999999,0.053,0.00061711695271912,-1,2,11042816,all_reduce,2,4
434,0.052000000000000005,0.053,0.05296666666666667,0.053,0.00017950549357114906,-1,2,11075584,all_reduce,2,4
435,0.053,0.054,0.05305,0.053,0.00021794494717703385,-1,2,11108352,all_reduce,2,4
436,0.053,0.054,0.05336666666666665,0.053,0.00048189440982669907,-1,2,11141120,all_reduce,2,4
437,0.053,0.054,0.05374999999999999,0.054,0.0004330127018922197,-1,2,11173888,all_reduce,2,4
438,0.053,0.054,0.053849999999999995,0.054,0.00035707142142714284,-1,2,11206656,all_reduce,2,4
439,0.053,0.054,0.053666666666666654,0.054,0.00047140452079103207,-1,2,11239424,all_reduce,2,4
440,0.053,0.054,0.05381666666666666,0.054,0.00038693955887479696,-1,2,11272192,all_reduce,2,4
441,0.053,0.054,0.05393333333333332,0.054,0.00024944382578492966,-1,2,11304960,all_reduce,2,4
442,0.053,0.054,0.05369999999999999,0.054,0.0004582575694955844,-1,2,11337728,all_reduce,2,4
443,0.053,0.054,0.05378333333333332,0.054,0.00041197356981027616,-1,2,11370496,all_reduce,2,4
444,0.053,0.064,0.054049999999999994,0.054,0.001334478674739066,-1,2,11403264,all_reduce,2,4
445,0.054,0.055,0.05431666666666666,0.054,0.00046517619123176245,-1,2,11436032,all_reduce,2,4
446,0.054,0.055,0.05460000000000001,0.055,0.000489897948556636,-1,2,11468800,all_reduce,2,4
447,0.054,0.139,0.05611666666666668,0.055,0.010799832817636065,-1,2,11501568,all_reduce,2,4
448,0.055,0.056,0.05563333333333334,0.056,0.00048189440982669907,-1,2,11534336,all_reduce,2,4
449,0.055,0.057,0.05591666666666668,0.056,0.00033124344857253014,-1,2,11567104,all_reduce,2,4
450,0.055,0.057,0.055983333333333336,0.056,0.00022298480267099441,-1,2,11599872,all_reduce,2,4
451,0.055,0.056,0.055083333333333345,0.055,0.0002763853991962836,-1,2,11632640,all_reduce,2,4
452,0.055,0.056,0.055483333333333336,0.055,0.0004997221450188321,-1,2,11665408,all_reduce,2,4
453,0.055,0.056,0.05543333333333334,0.055,0.0004955356249106172,-1,2,11698176,all_reduce,2,4
454,0.054,0.055,0.05498333333333335,0.055,0.0001280190957978102,-1,2,11730944,all_reduce,2,4
455,0.055,0.056,0.05506666666666668,0.055,0.00024944382578492966,-1,2,11763712,all_reduce,2,4
456,0.055,0.056,0.055083333333333345,0.055,0.0002763853991962836,-1,2,11796480,all_reduce,2,4
457,0.055,0.056,0.05598333333333334,0.056,0.00012801909579781022,-1,2,11829248,all_reduce,2,4
458,0.055,0.056,0.05596666666666668,0.056,0.0001795054935711503,-1,2,11862016,all_reduce,2,4
459,0.056,0.057,0.05601666666666667,0.056,0.00012801909579781027,-1,2,11894784,all_reduce,2,4
460,0.056,0.058,0.057,0.057,0.00018257418583505553,-1,2,11927552,all_reduce,2,4
461,0.057,0.057,0.057,0.057,0.0,-1,2,11960320,all_reduce,2,4
462,0.057,0.058,0.05703333333333333,0.057,0.0001795054935711503,-1,2,11993088,all_reduce,2,4
463,0.056,0.057,0.05645,0.056,0.0004974937185533105,-1,2,12025856,all_reduce,2,4
464,0.056,0.057,0.05658333333333333,0.057,0.0004930066485916352,-1,2,12058624,all_reduce,2,4
465,0.056,0.057,0.056799999999999996,0.057,0.0004000000000000004,-1,2,12091392,all_reduce,2,4
466,0.056,0.056,0.05600000000000001,0.056,6.938893903907228e-18,-1,2,12124160,all_reduce,2,4
467,0.056,0.057,0.05608333333333334,0.056,0.0002763853991962836,-1,2,12156928,all_reduce,2,4
468,0.056,0.057,0.056366666666666676,0.056,0.0004818944098266991,-1,2,12189696,all_reduce,2,4
469,0.057,0.058,0.0571,0.057,0.00030000000000000024,-1,2,12222464,all_reduce,2,4
470,0.057,0.058,0.05726666666666667,0.057,0.00044221663871405376,-1,2,12255232,all_reduce,2,4
471,0.057,0.058,0.05751666666666666,0.058,0.0004997221450188321,-1,2,12288000,all_reduce,2,4
472,0.058,0.059000000000000004,0.058416666666666665,0.058,0.0004930066485916352,-1,2,12320768,all_reduce,2,4
473,0.058,0.059000000000000004,0.05878333333333335,0.059000000000000004,0.0004119735698102762,-1,2,12353536,all_reduce,2,4
474,0.058,0.06,0.05881666666666668,0.059000000000000004,0.00046517619123176185,-1,2,12386304,all_reduce,2,4
475,0.058,0.059000000000000004,0.05809999999999999,0.058,0.0003000000000000003,-1,2,12419072,all_reduce,2,4
476,0.058,0.059000000000000004,0.05806666666666666,0.058,0.00024944382578492966,-1,2,12451840,all_reduce,2,4
477,0.058,0.059000000000000004,0.05818333333333333,0.058,0.0003869395588747969,-1,2,12484608,all_reduce,2,4
478,0.057,0.06,0.057383333333333335,0.057,0.0005799904213768437,-1,2,12517376,all_reduce,2,4
479,0.057,0.058,0.057499999999999996,0.0575,0.0005000000000000006,-1,2,12550144,all_reduce,2,4
480,0.057,0.058,0.0576,0.058,0.000489897948556636,-1,2,12582912,all_reduce,2,4
481,0.058,0.059000000000000004,0.05834999999999999,0.058,0.00047696960070847325,-1,2,12615680,all_reduce,2,4
482,0.058,0.059000000000000004,0.05866666666666667,0.059000000000000004,0.00047140452079103207,-1,2,12648448,all_reduce,2,4
483,0.058,0.059000000000000004,0.058800000000000005,0.059000000000000004,0.00040000000000000034,-1,2,12681216,all_reduce,2,4
484,0.059000000000000004,0.06,0.059750000000000004,0.06,0.0004330127018922167,-1,2,12713984,all_reduce,2,4
485,0.059000000000000004,0.06,0.059816666666666664,0.06,0.0003869395588747943,-1,2,12746752,all_reduce,2,4
486,0.059000000000000004,0.06,0.05991666666666666,0.06,0.0002763853991962817,-1,2,12779520,all_reduce,2,4
487,0.06,0.061,0.06001666666666667,0.06,0.00012801909579781027,-1,2,12812288,all_reduce,2,4
488,0.06,0.061,0.060050000000000006,0.06,0.00021794494717703385,-1,2,12845056,all_reduce,2,4
489,0.059000000000000004,0.061,0.060050000000000006,0.06,0.0002843120351538662,-1,2,12877824,all_reduce,2,4
490,0.059000000000000004,0.06,0.05998333333333334,0.06,0.00012801909579780932,-1,2,12910592,all_reduce,2,4
491,0.06,0.114,0.06095,0.06,0.0069099565845235226,-1,2,12943360,all_reduce,2,4
492,0.06,0.061,0.06003333333333334,0.06,0.00017950549357115028,-1,2,12976128,all_reduce,2,4
493,0.06,0.061,0.06081666666666666,0.061,0.00038693955887479696,-1,2,13008896,all_reduce,2,4
494,0.06,0.061,0.060899999999999996,0.061,0.0003000000000000003,-1,2,13041664,all_reduce,2,4
495,0.06,0.062,0.060916666666666654,0.061,0.00033124344857253014,-1,2,13074432,all_reduce,2,4
496,0.061,0.062,0.061399999999999996,0.061,0.000489897948556636,-1,2,13107200,all_reduce,2,4
497,0.061,0.062,0.06158333333333332,0.062,0.0004930066485916351,-1,2,13139968,all_reduce,2,4
498,0.061,0.062,0.06161666666666665,0.062,0.00048619840486049444,-1,2,13172736,all_reduce,2,4
499,0.061,0.062,0.061316666666666665,0.061,0.00046517619123176245,-1,2,13205504,all_reduce,2,4
500,0.061,0.062,0.061349999999999995,0.061,0.00047696960070847325,-1,2,13238272,all_reduce,2,4
501,0.061,0.062,0.06153333333333332,0.062,0.0004988876515698593,-1,2,13271040,all_reduce,2,4
502,0.061,0.062,0.06124999999999999,0.061,0.0004330127018922197,-1,2,13303808,all_reduce,2,4
503,0.061,0.062,0.06153333333333333,0.062,0.0004988876515698593,-1,2,13336576,all_reduce,2,4
504,0.061,0.063,0.06158333333333332,0.062,0.0005257270098529172,-1,2,13369344,all_reduce,2,4
505,0.062,0.063,0.06201666666666665,0.062,0.00012801909579781022,-1,2,13402112,all_reduce,2,4
506,0.062,0.063,0.06209999999999998,0.062,0.0003000000000000003,-1,2,13434880,all_reduce,2,4
507,0.062,0.063,0.06205,0.062,0.00021794494717703385,-1,2,13467648,all_reduce,2,4
508,0.062,0.063,0.06280000000000001,0.063,0.0004000000000000003,-1,2,13500416,all_reduce,2,4
509,0.062,0.063,0.06283333333333334,0.063,0.0003726779962499652,-1,2,13533184,all_reduce,2,4
510,0.062,0.063,0.06295,0.063,0.00021794494717703388,-1,2,13565952,all_reduce,2,4
511,0.062,0.063,0.06281666666666669,0.063,0.0003869395588747969,-1,2,13598720,all_reduce,2,4
512,0.062,0.064,0.06296666666666667,0.063,0.00025603819159562054,-1,2,13631488,all_reduce,2,4
513,0.062,0.064,0.06296666666666667,0.063,0.00025603819159562054,-1,2,13664256,all_reduce,2,4
514,0.062,0.064,0.06288333333333333,0.063,0.0004119735698102762,-1,2,13697024,all_reduce,2,4
515,0.062,0.064,0.06295,0.063,0.00028431203515386663,-1,2,13729792,all_reduce,2,4
516,0.062,0.064,0.06303333333333334,0.063,0.00025603819159562054,-1,2,13762560,all_reduce,2,4
517,0.063,0.064,0.06355000000000001,0.064,0.0004974937185533105,-1,2,13795328,all_reduce,2,4
518,0.063,0.064,0.06365000000000001,0.064,0.00047696960070847325,-1,2,13828096,all_reduce,2,4
519,0.063,0.064,0.0637,0.064,0.0004582575694955844,-1,2,13860864,all_reduce,2,4
520,0.064,0.065,0.06416666666666668,0.064,0.00037267799624996525,-1,2,13893632,all_reduce,2,4
521,0.064,0.065,0.06420000000000001,0.064,0.00040000000000000034,-1,2,13926400,all_reduce,2,4
522,0.064,0.065,0.06426666666666667,0.064,0.0004422166387140537,-1,2,13959168,all_reduce,2,4
523,0.063,0.065,0.06426666666666667,0.064,0.00047842333648024456,-1,2,13991936,all_reduce,2,4
524,0.064,0.065,0.06436666666666667,0.064,0.00048189440982669907,-1,2,14024704,all_reduce,2,4
525,0.064,0.065,0.06435,0.064,0.0004769696007084733,-1,2,14057472,all_reduce,2,4
526,0.063,0.065,0.064,0.064,0.0002581988897471614,-1,2,14090240,all_reduce,2,4
527,0.063,0.065,0.06408333333333334,0.064,0.00033124344857253014,-1,2,14123008,all_reduce,2,4
528,0.064,0.065,0.06415,0.064,0.0003570714214271428,-1,2,14155776,all_reduce,2,4
529,0.064,0.065,0.06453333333333333,0.065,0.0004988876515698593,-1,2,14188544,all_reduce,2,4
530,0.064,0.066,0.06470000000000001,0.065,0.0004932882862316252,-1,2,14221312,all_reduce,2,4
531,0.064,0.066,0.06481666666666666,0.065,0.000499722145018832,-1,2,14254080,all_reduce,2,4
532,0.065,0.066,0.06528333333333333,0.065,0.00045061686115319285,-1,2,14286848,all_reduce,2,4
533,0.065,0.066,0.06539999999999999,0.065,0.000489897948556636,-1,2,14319616,all_reduce,2,4
534,0.065,0.066,0.06548333333333332,0.065,0.0004997221450188321,-1,2,14352384,all_reduce,2,4
535,0.065,0.066,0.06534999999999999,0.065,0.00047696960070847325,-1,2,14385152,all_reduce,2,4
536,0.065,0.066,0.06541666666666666,0.065,0.0004930066485916352,-1,2,14417920,all_reduce,2,4
537,0.065,0.066,0.06554999999999998,0.066,0.0004974937185533104,-1,2,14450688,all_reduce,2,4
538,0.065,0.066,0.06526666666666667,0.065,0.0004422166387140537,-1,2,14483456,all_reduce,2,4
539,0.065,0.066,0.06548333333333332,0.065,0.0004997221450188321,-1,2,14516224,all_reduce,2,4
540,0.065,0.066,0.06555,0.066,0.0004974937185533104,-1,2,14548992,all_reduce,2,4
541,0.065,0.067,0.06593333333333333,0.066,0.0003091206165165237,-1,2,14581760,all_reduce,2,4
542,0.065,0.067,0.06599999999999999,0.066,0.0003162277660168382,-1,2,14614528,all_reduce,2,4
543,0.066,0.067,0.06601666666666665,0.066,0.00012801909579781022,-1,2,14647296,all_reduce,2,4
544,0.066,0.067,0.06636666666666667,0.066,0.00048189440982669907,-1,2,14680064,all_reduce,2,4
545,0.066,0.067,0.06655000000000001,0.067,0.0004974937185533105,-1,2,14712832,all_reduce,2,4
546,0.066,0.067,0.06655000000000001,0.067,0.0004974937185533105,-1,2,14745600,all_reduce,2,4
547,0.066,0.067,0.06646666666666667,0.066,0.0004988876515698593,-1,2,14778368,all_reduce,2,4
548,0.066,0.068,0.06665,0.067,0.0005107184482014859,-1,2,14811136,all_reduce,2,4
549,0.066,0.067,0.06680000000000001,0.067,0.0004000000000000003,-1,2,14843904,all_reduce,2,4
550,0.066,0.067,0.06646666666666666,0.066,0.0004988876515698593,-1,2,14876672,all_reduce,2,4
551,0.066,0.067,0.06655000000000001,0.067,0.0004974937185533105,-1,2,14909440,all_reduce,2,4
552,0.066,0.067,0.06658333333333334,0.067,0.0004930066485916352,-1,2,14942208,all_reduce,2,4
553,0.067,0.068,0.06715000000000002,0.067,0.0003570714214271428,-1,2,14974976,all_reduce,2,4
554,0.067,0.068,0.0673,0.067,0.0004582575694955845,-1,2,15007744,all_reduce,2,4
555,0.067,0.068,0.06735000000000001,0.067,0.0004769696007084733,-1,2,15040512,all_reduce,2,4
556,0.067,0.069,0.06771666666666668,0.068,0.0004861984048604945,-1,2,15073280,all_reduce,2,4
557,0.067,0.069,0.06788333333333334,0.068,0.0004861984048604945,-1,2,15106048,all_reduce,2,4
558,0.067,0.069,0.06791666666666667,0.068,0.0003782268572636742,-1,2,15138816,all_reduce,2,4
559,0.067,0.069,0.06798333333333333,0.068,0.0004651761912317625,-1,2,15171584,all_reduce,2,4
560,0.068,0.069,0.06813333333333334,0.068,0.0003399346342395193,-1,2,15204352,all_reduce,2,4
561,0.067,0.069,0.06820000000000001,0.068,0.0004760952285695238,-1,2,15237120,all_reduce,2,4
562,0.067,0.069,0.0678,0.068,0.00043969686527576445,-1,2,15269888,all_reduce,2,4
563,0.067,0.069,0.06801666666666666,0.068,0.000386939558874797,-1,2,15302656,all_reduce,2,4
564,0.067,0.069,0.0681,0.068,0.0004358898943540678,-1,2,15335424,all_reduce,2,4
565,0.068,0.069,0.06843333333333333,0.068,0.0004955356249106172,-1,2,15368192,all_reduce,2,4
566,0.068,0.069,0.06853333333333333,0.069,0.0004988876515698593,-1,2,15400960,all_reduce,2,4
567,0.068,0.07,0.06866666666666667,0.069,0.000505525029603437,-1,2,15433728,all_reduce,2,4
568,0.068,0.07,0.06913333333333334,0.069,0.00038586123009300784,-1,2,15466496,all_reduce,2,4
569,0.068,0.07,0.06923333333333333,0.069,0.0004955356249106172,-1,2,15499264,all_reduce,2,4
570,0.069,0.07,0.06931666666666668,0.069,0.00046517619123176245,-1,2,15532032,all_reduce,2,4
571,0.069,0.07,0.06933333333333334,0.069,0.00047140452079103207,-1,2,15564800,all_reduce,2,4
572,0.069,0.07,0.06943333333333333,0.069,0.0004955356249106172,-1,2,15597568,all_reduce,2,4
573,0.069,0.07,0.06951666666666668,0.07,0.0004997221450188321,-1,2,15630336,all_reduce,2,4
574,0.068,0.07,0.06911666666666669,0.069,0.0004119735698102762,-1,2,15663104,all_reduce,2,4
575,0.069,0.07,0.06926666666666667,0.069,0.0004422166387140537,-1,2,15695872,all_reduce,2,4
576,0.069,0.07,0.06943333333333333,0.069,0.0004955356249106172,-1,2,15728640,all_reduce,2,4
577,0.069,0.07100000000000001,0.06973333333333334,0.07,0.000512076383191241,-1,2,15761408,all_reduce,2,4
578,0.069,0.07100000000000001,0.06985000000000001,0.07,0.0004406434688800765,-1,2,15794176,all_reduce,2,4
579,0.069,0.07100000000000001,0.07011666666666666,0.07,0.00045061686115319295,-1,2,15826944,all_reduce,2,4
580,0.07,0.07100000000000001,0.07053333333333334,0.07100000000000001,0.0004988876515698593,-1,2,15859712,all_reduce,2,4
581,0.07,0.07100000000000001,0.07058333333333335,0.07100000000000001,0.0004930066485916352,-1,2,15892480,all_reduce,2,4
582,0.07,0.07100000000000001,0.07061666666666667,0.07100000000000001,0.0004861984048604945,-1,2,15925248,all_reduce,2,4
583,0.07,0.07200000000000001,0.07051666666666669,0.07050000000000001,0.0005320296566504127,-1,2,15958016,all_reduce,2,4
584,0.07,0.07100000000000001,0.07071666666666666,0.07100000000000001,0.00045061686115319295,-1,2,15990784,all_reduce,2,4
585,0.07,0.07200000000000001,0.07079999999999999,0.07100000000000001,0.0005099019513592788,-1,2,16023552,all_reduce,2,4
586,0.07,0.07100000000000001,0.0704166666666667,0.07,0.0004930066485916351,-1,2,16056320,all_reduce,2,4
587,0.07,0.07100000000000001,0.07050000000000001,0.07050000000000001,0.0005000000000000006,-1,2,16089088,all_reduce,2,4
588,0.07,0.07100000000000001,0.07055000000000002,0.07100000000000001,0.0004974937185533105,-1,2,16121856,all_reduce,2,4
589,0.07100000000000001,0.07200000000000001,0.07116666666666667,0.07100000000000001,0.00037267799624996525,-1,2,16154624,all_reduce,2,4
590,0.07100000000000001,0.07200000000000001,0.0712,0.07100000000000001,0.0004000000000000003,-1,2,16187392,all_reduce,2,4
591,0.07100000000000001,0.07200000000000001,0.07141666666666667,0.07100000000000001,0.0004930066485916352,-1,2,16220160,all_reduce,2,4
592,0.07100000000000001,0.073,0.07178333333333335,0.07200000000000001,0.00045061686115319225,-1,2,16252928,all_reduce,2,4
593,0.07100000000000001,0.073,0.07198333333333334,0.07200000000000001,0.0003869395588747946,-1,2,16285696,all_reduce,2,4
594,0.07100000000000001,0.073,0.07205000000000002,0.07200000000000001,0.0003378855822118853,-1,2,16318464,all_reduce,2,4
595,0.07100000000000001,0.073,0.07193333333333335,0.07200000000000001,0.0005120763831912382,-1,2,16351232,all_reduce,2,4
596,0.07100000000000001,0.073,0.07211666666666669,0.07200000000000001,0.00045061686115318835,-1,2,16384000,all_reduce,2,4
597,0.07200000000000001,0.073,0.07230000000000002,0.07200000000000001,0.0004582575694955781,-1,2,16416768,all_reduce,2,4
598,0.07100000000000001,0.073,0.07168333333333335,0.07200000000000001,0.0004997221450188315,-1,2,16449536,all_reduce,2,4
599,0.07100000000000001,0.07200000000000001,0.07186666666666669,0.07200000000000001,0.0003399346342395193,-1,2,16482304,all_reduce,2,4
600,0.07100000000000001,0.073,0.07203333333333335,0.07200000000000001,0.00025603819159561794,-1,2,16515072,all_reduce,2,4
601,0.07200000000000001,0.073,0.0723,0.07200000000000001,0.00045825756949557803,-1,2,16547840,all_reduce,2,4
602,0.07200000000000001,0.073,0.07246666666666668,0.07200000000000001,0.0004988876515698524,-1,2,16580608,all_reduce,2,4
603,0.07200000000000001,0.073,0.07258333333333335,0.073,0.0004930066485916284,-1,2,16613376,all_reduce,2,4
604,0.07200000000000001,0.074,0.07303333333333335,0.073,0.00031446603773521893,-1,2,16646144,all_reduce,2,4
605,0.07200000000000001,0.074,0.07316666666666667,0.073,0.0004149966532662908,-1,2,16678912,all_reduce,2,4
606,0.073,0.074,0.07320000000000002,0.073,0.00040000000000000034,-1,2,16711680,all_reduce,2,4
607,0.073,0.074,0.07308333333333336,0.073,0.0002763853991962836,-1,2,16744448,all_reduce,2,4
608,0.07200000000000001,0.074,0.07313333333333336,0.073,0.00038586123009300724,-1,2,16777216,all_reduce,2,4
609,0.073,0.074,0.07320000000000002,0.073,0.00040000000000000034,-1,2,16777216,all_reduce,2,4
610,0.073,0.074,0.07341666666666667,0.073,0.0004930066485916351,-1,2,16908288,all_reduce,2,4
611,0.074,0.075,0.07431666666666666,0.074,0.00046517619123176245,-1,2,17039360,all_reduce,2,4
612,0.074,0.076,0.07466666666666667,0.075,0.0005055250296034372,-1,2,17170432,all_reduce,2,4
613,0.074,0.076,0.0747,0.075,0.0004932882862316252,-1,2,17301504,all_reduce,2,4
614,0.075,0.077,0.07569999999999998,0.076,0.0004932882862316251,-1,2,17432576,all_reduce,2,4
615,0.076,0.077,0.07609999999999999,0.076,0.0003000000000000003,-1,2,17563648,all_reduce,2,4
616,0.075,0.077,0.07603333333333334,0.076,0.00040688518719112377,-1,2,17694720,all_reduce,2,4
617,0.077,0.079,0.07766666666666669,0.078,0.0005374838498865704,-1,2,17825792,all_reduce,2,4
618,0.077,0.078,0.07750000000000003,0.0775,0.0005000000000000004,-1,2,17956864,all_reduce,2,4
619,0.077,0.078,0.07748333333333335,0.077,0.000499722145018832,-1,2,18087936,all_reduce,2,4
620,0.079,0.08,0.07936666666666667,0.079,0.00048189440982669907,-1,2,18219008,all_reduce,2,4
621,0.078,0.08,0.07913333333333333,0.079,0.00038586123009300784,-1,2,18350080,all_reduce,2,4
622,0.078,0.08,0.07866666666666668,0.079,0.0005055250296034372,-1,2,18481152,all_reduce,2,4
623,0.08,0.082,0.08098333333333337,0.081,0.0004278499217664482,-1,2,18612224,all_reduce,2,4
624,0.08,0.082,0.0809166666666667,0.081,0.00041998677227847214,-1,2,18743296,all_reduce,2,4
625,0.079,0.081,0.07998333333333334,0.08,0.0004278499217664483,-1,2,18874368,all_reduce,2,4
626,0.082,0.083,0.08256666666666668,0.083,0.0004955356249106172,-1,2,19005440,all_reduce,2,4
627,0.082,0.084,0.08290000000000002,0.083,0.000351188458428425,-1,2,19136512,all_reduce,2,4
628,0.082,0.084,0.08306666666666668,0.083,0.000512076383191241,-1,2,19267584,all_reduce,2,4
629,0.084,0.08600000000000001,0.08434999999999998,0.084,0.0005107184482014859,-1,2,19398656,all_reduce,2,4
630,0.084,0.08600000000000001,0.08495,0.085,0.0005605057240266751,-1,2,19529728,all_reduce,2,4
631,0.084,0.08600000000000001,0.08485,0.085,0.0004010403138505325,-1,2,19660800,all_reduce,2,4
632,0.085,0.08700000000000001,0.08595000000000001,0.08600000000000001,0.00046278144589716105,-1,2,19791872,all_reduce,2,4
633,0.085,0.08700000000000001,0.08613333333333335,0.08600000000000001,0.00046427960923947105,-1,2,19922944,all_reduce,2,4
634,0.085,0.08700000000000001,0.08631666666666667,0.08600000000000001,0.0005320296566504127,-1,2,20054016,all_reduce,2,4
635,0.08700000000000001,0.088,0.08764999999999998,0.088,0.0004769696007084666,-1,2,20185088,all_reduce,2,4
636,0.08700000000000001,0.089,0.08795,0.088,0.0004974937185533064,-1,2,20316160,all_reduce,2,4
637,0.08700000000000001,0.089,0.08763333333333333,0.088,0.0005763872155263469,-1,2,20447232,all_reduce,2,4
638,0.088,0.09,0.08865000000000002,0.089,0.0005423713365090999,-1,2,20578304,all_reduce,2,4
639,0.088,0.09,0.08893333333333334,0.089,0.0003091206165165237,-1,2,20709376,all_reduce,2,4
640,0.088,0.089,0.08885000000000003,0.089,0.00035707142142714284,-1,2,20840448,all_reduce,2,4
641,0.09,0.091,0.09011666666666664,0.09,0.00032102267140430397,-1,2,20971520,all_reduce,2,4
642,0.089,0.091,0.09026666666666666,0.09,0.00047842333648024456,-1,2,21102592,all_reduce,2,4
643,0.089,0.091,0.09016666666666666,0.09,0.00041499665326629137,-1,2,21233664,all_reduce,2,4
644,0.091,0.092,0.09126666666666665,0.091,0.00044221663871405365,-1,2,21364736,all_reduce,2,4
645,0.091,0.092,0.09129999999999999,0.091,0.0004582575694955845,-1,2,21495808,all_reduce,2,4
646,0.091,0.092,0.09146666666666664,0.091,0.0004988876515698593,-1,2,21626880,all_reduce,2,4
647,0.092,0.093,0.0926333333333333,0.093,0.00048189440982669907,-1,2,21757952,all_reduce,2,4
648,0.092,0.093,0.09268333333333331,0.093,0.00046517619123176245,-1,2,21889024,all_reduce,2,4
649,0.092,0.093,0.09268333333333331,0.093,0.00046517619123176245,-1,2,22020096,all_reduce,2,4
650,0.093,0.094,0.09363333333333333,0.094,0.00048189440982669907,-1,2,22151168,all_reduce,2,4
651,0.093,0.095,0.09359999999999997,0.094,0.0005228129047119378,-1,2,22282240,all_reduce,2,4
652,0.093,0.095,0.09355000000000001,0.094,0.0005299371031861554,-1,2,22413312,all_reduce,2,4
653,0.094,0.096,0.09494999999999996,0.095,0.00042524502740576953,-1,2,22544384,all_reduce,2,4
654,0.094,0.096,0.0951333333333333,0.095,0.00046427960923947105,-1,2,22675456,all_reduce,2,4
655,0.094,0.096,0.09494999999999999,0.095,0.0004252450274057694,-1,2,22806528,all_reduce,2,4
656,0.095,0.097,0.09595,0.096,0.0003840572873934307,-1,2,22937600,all_reduce,2,4
657,0.095,0.097,0.09608333333333333,0.096,0.0003782268572636742,-1,2,23068672,all_reduce,2,4
658,0.095,0.097,0.09630000000000001,0.096,0.0004932882862316251,-1,2,23199744,all_reduce,2,4
659,0.097,0.098,0.09748333333333334,0.097,0.0004997221450188321,-1,2,23330816,all_reduce,2,4
660,0.097,0.099,0.09803333333333333,0.098,0.0004068851871911238,-1,2,23461888,all_reduce,2,4
661,0.097,0.099,0.09776666666666665,0.098,0.0004606758320361755,-1,2,23592960,all_reduce,2,4
662,0.098,0.1,0.099,0.099,0.00044721359549995833,-1,2,23724032,all_reduce,2,4
663,0.098,0.1,0.09925,0.099,0.0005041494487418063,-1,2,23855104,all_reduce,2,4
664,0.098,0.1,0.09903333333333333,0.099,0.0003636237371545242,-1,2,23986176,all_reduce,2,4
665,0.1,0.10200000000000001,0.1005833333333333,0.101,0.0005257270098529172,-1,2,24117248,all_reduce,2,4
666,0.1,0.10200000000000001,0.10069999999999998,0.101,0.0004932882862316251,-1,2,24248320,all_reduce,2,4
667,0.099,0.101,0.1002333333333333,0.1,0.0005587684871413408,-1,2,24379392,all_reduce,2,4
668,0.10200000000000001,0.10300000000000001,0.10235000000000001,0.10200000000000001,0.0004769696007084733,-1,2,24510464,all_reduce,2,4
669,0.101,0.10300000000000001,0.10180000000000002,0.10200000000000001,0.0005099019513592789,-1,2,24641536,all_reduce,2,4
670,0.101,0.10200000000000001,0.10131666666666667,0.101,0.0004651761912317625,-1,2,24772608,all_reduce,2,4
671,0.10300000000000001,0.105,0.10378333333333332,0.10400000000000001,0.0004506168611531923,-1,2,24903680,all_reduce,2,4
672,0.10300000000000001,0.10400000000000001,0.10314999999999999,0.10300000000000001,0.00035707142142714284,-1,2,25034752,all_reduce,2,4
673,0.10200000000000001,0.10400000000000001,0.10236666666666668,0.10200000000000001,0.000515320827791344,-1,2,25165824,all_reduce,2,4
674,0.10400000000000001,0.107,0.1052,0.105,0.0005715476066494068,-1,2,25296896,all_reduce,2,4
675,0.105,0.106,0.10531666666666668,0.105,0.00046517619123176245,-1,2,25427968,all_reduce,2,4
676,0.105,0.108,0.10591666666666667,0.106,0.0006400954789890513,-1,2,25559040,all_reduce,2,4
677,0.106,0.108,0.10715000000000001,0.107,0.0005107184482014858,-1,2,25690112,all_reduce,2,4
678,0.107,0.108,0.10753333333333333,0.108,0.0004988876515698593,-1,2,25821184,all_reduce,2,4
679,0.107,0.109,0.10771666666666664,0.108,0.00048619840486049454,-1,2,25952256,all_reduce,2,4
680,0.108,0.145,0.1093,0.109,0.0046736851983561435,-1,2,26083328,all_reduce,2,4
681,0.108,0.11,0.10876666666666666,0.109,0.0005280993172584958,-1,2,26214400,all_reduce,2,4
682,0.108,0.11,0.10893333333333333,0.109,0.00044221663871405365,-1,2,26345472,all_reduce,2,4
683,0.109,0.111,0.11036666666666668,0.11,0.000515320827791344,-1,2,26476544,all_reduce,2,4
684,0.11,0.112,0.11055000000000001,0.11,0.0006171169527191212,-1,2,26607616,all_reduce,2,4
685,0.11,0.112,0.11036666666666668,0.11,0.000515320827791344,-1,2,26738688,all_reduce,2,4
686,0.111,0.112,0.11151666666666667,0.112,0.0004997221450188321,-1,2,26869760,all_reduce,2,4
687,0.111,0.113,0.11160000000000002,0.112,0.000522812904711938,-1,2,27000832,all_reduce,2,4
688,0.111,0.113,0.11175,0.112,0.0004699290726623899,-1,2,27131904,all_reduce,2,4
689,0.112,0.114,0.11291666666666669,0.113,0.0005257270098529172,-1,2,27262976,all_reduce,2,4
690,0.112,0.114,0.1130166666666667,0.113,0.00046517619123176245,-1,2,27394048,all_reduce,2,4
691,0.112,0.191,0.11413333333333336,0.113,0.010017429255497085,-1,2,27525120,all_reduce,2,4
692,0.113,0.115,0.11418333333333333,0.114,0.000499722145018832,-1,2,27656192,all_reduce,2,4
693,0.113,0.115,0.11416666666666668,0.114,0.0004887626099538398,-1,2,27787264,all_reduce,2,4
694,0.113,0.115,0.11424999999999999,0.114,0.0005951190357119048,-1,2,27918336,all_reduce,2,4
695,0.114,0.117,0.11556666666666668,0.116,0.0005878397362849471,-1,2,28049408,all_reduce,2,4
696,0.114,0.117,0.11551666666666668,0.115,0.000645282022753532,-1,2,28180480,all_reduce,2,4
697,0.115,0.116,0.11533333333333333,0.115,0.00047140452079103207,-1,2,28311552,all_reduce,2,4
698,0.116,0.11800000000000001,0.11658333333333333,0.117,0.0005257270098529172,-1,2,28442624,all_reduce,2,4
699,0.116,0.11800000000000001,0.11671666666666668,0.117,0.0006080478782318239,-1,2,28573696,all_reduce,2,4
700,0.116,0.11800000000000001,0.11655,0.117,0.0005605057240266751,-1,2,28704768,all_reduce,2,4
701,0.116,0.11900000000000001,0.1174166666666667,0.117,0.0006135054106435327,-1,2,28835840,all_reduce,2,4
702,0.117,0.11900000000000001,0.11768333333333335,0.11800000000000001,0.0006452820227535319,-1,2,28966912,all_reduce,2,4
703,0.117,0.11900000000000001,0.11771666666666668,0.11800000000000001,0.0005193478816960965,-1,2,29097984,all_reduce,2,4
704,0.11800000000000001,0.12,0.11889999999999999,0.11900000000000001,0.0005385164807134482,-1,2,29229056,all_reduce,2,4
705,0.11800000000000001,0.12,0.11905,0.11900000000000001,0.0006934214687571529,-1,2,29360128,all_reduce,2,4
706,0.11800000000000001,0.12,0.11883333333333335,0.11900000000000001,0.0005217491947499493,-1,2,29491200,all_reduce,2,4
707,0.11900000000000001,0.121,0.11996666666666668,0.12,0.0004818944098266954,-1,2,29622272,all_reduce,2,4
708,0.11900000000000001,0.122,0.12035,0.12,0.0007029698902987697,-1,2,29753344,all_reduce,2,4
709,0.11900000000000001,0.121,0.12016666666666669,0.12,0.0004887626099538382,-1,2,29884416,all_reduce,2,4
710,0.121,0.122,0.12125000000000001,0.121,0.0004330127018922197,-1,2,30015488,all_reduce,2,4
711,0.12,0.123,0.12158333333333333,0.122,0.0005857094463601865,-1,2,30146560,all_reduce,2,4
712,0.12,0.122,0.12133333333333335,0.121,0.0005374838498865704,-1,2,30277632,all_reduce,2,4
713,0.122,0.124,0.12331666666666669,0.123,0.0005913731666403396,-1,2,30408704,all_reduce,2,4
714,0.122,0.124,0.12285,0.123,0.0006006940430313372,-1,2,30539776,all_reduce,2,4
715,0.121,0.124,0.12251666666666666,0.123,0.0006189148209209053,-1,2,30670848,all_reduce,2,4
716,0.124,0.126,0.12455,0.125,0.0005299371031861554,-1,2,30801920,all_reduce,2,4
717,0.123,0.126,0.12443333333333333,0.124,0.0006674994798166934,-1,2,30932992,all_reduce,2,4
718,0.123,0.125,0.12363333333333332,0.124,0.000515320827791344,-1,2,31064064,all_reduce,2,4
719,0.125,0.127,0.1260166666666667,0.126,0.0005320296566504127,-1,2,31195136,all_reduce,2,4
720,0.124,0.127,0.12556666666666666,0.126,0.0006155395104206468,-1,2,31326208,all_reduce,2,4
721,0.123,0.125,0.12451666666666665,0.125,0.0005320296566504127,-1,2,31457280,all_reduce,2,4
722,0.127,0.129,0.1275666666666667,0.128,0.0005280993172584958,-1,2,31588352,all_reduce,2,4
723,0.126,0.129,0.12766666666666668,0.128,0.0005962847939999444,-1,2,31719424,all_reduce,2,4
724,0.127,0.129,0.12795,0.128,0.0004974937185533104,-1,2,31850496,all_reduce,2,4
725,0.128,0.13,0.12958333333333333,0.13,0.0005565269285688005,-1,2,31981568,all_reduce,2,4
726,0.128,0.131,0.12963333333333332,0.13,0.0006574360974438679,-1,2,32112640,all_reduce,2,4
727,0.128,0.21,0.13115000000000002,0.13,0.010287249389414062,-1,2,32243712,all_reduce,2,4
728,0.13,0.132,0.13110000000000002,0.131,0.0005066228051190226,-1,2,32374784,all_reduce,2,4
729,0.13,0.132,0.13125,0.131,0.0005951190357119048,-1,2,32505856,all_reduce,2,4
730,0.13,0.132,0.1308666666666667,0.131,0.0004988876515698593,-1,2,32636928,all_reduce,2,4
731,0.131,0.134,0.1325333333333333,0.133,0.0006182412330330476,-1,2,32768000,all_reduce,2,4
732,0.131,0.133,0.13218333333333332,0.132,0.0005320296566504128,-1,2,32899072,all_reduce,2,4
733,0.131,0.134,0.13233333333333333,0.132,0.0007226494462892939,-1,2,33030144,all_reduce,2,4
734,0.132,0.135,0.13375000000000004,0.134,0.0006487166818676194,-1,2,33161216,all_reduce,2,4
735,0.132,0.135,0.13346666666666665,0.133,0.0005906681715556455,-1,2,33292288,all_reduce,2,4
736,0.132,0.135,0.13351666666666664,0.134,0.0005913731666403396,-1,2,33423360,all_reduce,2,4
737,0.134,0.136,0.13463333333333335,0.135,0.0006046119049072357,-1,2,33554432,all_reduce,2,4
738,0.134,0.136,0.13455,0.135,0.0005299371031861554,-1,2,33685504,all_reduce,2,4
739,0.134,0.136,0.13453333333333334,0.134,0.0005906681715556456,-1,2,33816576,all_reduce,2,4
740,0.135,0.137,0.13604999999999998,0.136,0.0005299371031861553,-1,2,33947648,all_reduce,2,4
741,0.135,0.137,0.13596666666666665,0.136,0.0005153208277913439,-1,2,34078720,all_reduce,2,4
742,0.135,0.138,0.1357,0.136,0.0006403124237432854,-1,2,34209792,all_reduce,2,4
743,0.136,0.139,0.1370666666666667,0.137,0.0005734883511361757,-1,2,34340864,all_reduce,2,4
744,0.136,0.138,0.1372166666666667,0.137,0.00045061686115319295,-1,2,34471936,all_reduce,2,4
745,0.136,0.138,0.1369166666666667,0.137,0.0005857094463601866,-1,2,34603008,all_reduce,2,4
746,0.137,0.14,0.13828333333333334,0.138,0.0006605973727535477,-1,2,34734080,all_reduce,2,4
747,0.137,0.14,0.1382,0.138,0.0006782329983125274,-1,2,34865152,all_reduce,2,4
748,0.137,0.139,0.13815000000000002,0.138,0.0005423713365090997,-1,2,34996224,all_reduce,2,4
749,0.138,0.14,0.13925000000000004,0.139,0.0005664215155988814,-1,2,35127296,all_reduce,2,4
750,0.138,0.14,0.13918333333333335,0.139,0.0005320296566504128,-1,2,35258368,all_reduce,2,4
751,0.138,0.14,0.13920000000000002,0.139,0.0005715476066494088,-1,2,35389440,all_reduce,2,4
752,0.14,0.14200000000000002,0.1404666666666667,0.14,0.0005906681715556457,-1,2,35520512,all_reduce,2,4
753,0.14,0.14200000000000002,0.14088333333333336,0.14100000000000001,0.0005193478816960966,-1,2,35651584,all_reduce,2,4
754,0.139,0.14200000000000002,0.14033333333333337,0.14,0.0006236095644623241,-1,2,35782656,all_reduce,2,4
755,0.14100000000000001,0.14300000000000002,0.14163333333333336,0.14200000000000002,0.0005763872155263533,-1,2,35913728,all_reduce,2,4
756,0.14,0.14300000000000002,0.14161666666666667,0.14200000000000002,0.0005799904213768444,-1,2,36044800,all_reduce,2,4
757,0.14,0.14300000000000002,0.14146666666666666,0.14100000000000001,0.0005906681715556455,-1,2,36175872,all_reduce,2,4
758,0.14200000000000002,0.14400000000000002,0.1428833333333334,0.14300000000000002,0.0006080478782318238,-1,2,36306944,all_reduce,2,4
759,0.14200000000000002,0.14400000000000002,0.14285000000000003,0.14300000000000002,0.0005423713365090998,-1,2,36438016,all_reduce,2,4
760,0.14200000000000002,0.14400000000000002,0.1425166666666667,0.14200000000000002,0.0005913731666403396,-1,2,36569088,all_reduce,2,4
761,0.14300000000000002,0.146,0.14441666666666672,0.14400000000000002,0.00061350541064352,-1,2,36700160,all_reduce,2,4
762,0.14300000000000002,0.146,0.14445,0.14400000000000002,0.0006689544080129709,-1,2,36831232,all_reduce,2,4
763,0.14200000000000002,0.145,0.14365000000000006,0.14400000000000002,0.0006006940430313342,-1,2,36962304,all_reduce,2,4
764,0.145,0.147,0.14591666666666672,0.146,0.0005565269285688005,-1,2,37093376,all_reduce,2,4
765,0.145,0.147,0.1457166666666667,0.146,0.0005799904213768443,-1,2,37224448,all_reduce,2,4
766,0.14400000000000002,0.146,0.14515,0.145,0.0006006940430313309,-1,2,37355520,all_reduce,2,4
767,0.146,0.148,0.14735,0.147,0.0005107184482014858,-1,2,37486592,all_reduce,2,4
768,0.145,0.149,0.1471,0.147,0.0007234178138070241,-1,2,37617664,all_reduce,2,4
769,0.145,0.147,0.14590000000000003,0.146,0.0005972157622389643,-1,2,37748736,all_reduce,2,4
770,0.148,0.15,0.14903333333333327,0.149,0.0006315765107165478,-1,2,37879808,all_reduce,2,4
771,0.148,0.151,0.14886666666666662,0.149,0.0006699917080747266,-1,2,38010880,all_reduce,2,4
772,0.148,0.151,0.14943333333333333,0.149,0.0007156970184527969,-1,2,38141952,all_reduce,2,4
773,0.15,0.153,0.15119999999999997,0.151,0.0006531972647421814,-1,2,38273024,all_reduce,2,4
774,0.15,0.153,0.15096666666666664,0.151,0.0007063206700139036,-1,2,38404096,all_reduce,2,4
775,0.149,0.153,0.15101666666666666,0.151,0.0007414325473178415,-1,2,38535168,all_reduce,2,4
776,0.151,0.154,0.15261666666666668,0.153,0.0006853628398317368,-1,2,38666240,all_reduce,2,4
777,0.151,0.154,0.15269999999999997,0.153,0.0007371114795832,-1,2,38797312,all_reduce,2,4
778,0.151,0.154,0.15258333333333332,0.153,0.0007139483330201305,-1,2,38928384,all_reduce,2,4
779,0.153,0.156,0.15446666666666664,0.1545,0.0006182412330330475,-1,2,39059456,all_reduce,2,4
780,0.153,0.156,0.1543833333333333,0.154,0.0006853628398317368,-1,2,39190528,all_reduce,2,4
781,0.153,0.156,0.15408333333333335,0.154,0.0006656241849238625,-1,2,39321600,all_reduce,2,4
782,0.154,0.157,0.15564999999999998,0.156,0.0005423713365090998,-1,2,39452672,all_reduce,2,4
783,0.154,0.158,0.1555,0.155,0.000763762615825974,-1,2,39583744,all_reduce,2,4
784,0.154,0.157,0.15525,0.155,0.0006487166818676195,-1,2,39714816,all_reduce,2,4
785,0.155,0.158,0.15653333333333339,0.156,0.0006699917080747266,-1,2,39845888,all_reduce,2,4
786,0.156,0.158,0.15683333333333332,0.157,0.0006624868971450603,-1,2,39976960,all_reduce,2,4
787,0.155,0.158,0.15673333333333334,0.157,0.0007272474743090482,-1,2,40108032,all_reduce,2,4
788,0.156,0.159,0.15785,0.158,0.0006006940430313371,-1,2,40239104,all_reduce,2,4
789,0.157,0.16,0.1577333333333333,0.158,0.0006289320754704409,-1,2,40370176,all_reduce,2,4
790,0.157,0.159,0.15763333333333332,0.158,0.0005763872155263533,-1,2,40501248,all_reduce,2,4
791,0.158,0.161,0.1587666666666667,0.159,0.000715697018452797,-1,2,40632320,all_reduce,2,4
792,0.158,0.16,0.15900000000000006,0.159,0.0006324555320336764,-1,2,40763392,all_reduce,2,4
793,0.157,0.16,0.15870000000000004,0.159,0.0006658328118479399,-1,2,40894464,all_reduce,2,4
794,0.159,0.161,0.16015000000000004,0.16,0.0005722761571129803,-1,2,41025536,all_reduce,2,4
795,0.159,0.162,0.16026666666666667,0.16,0.0006289320754704408,-1,2,41156608,all_reduce,2,4
796,0.159,0.161,0.1595333333333334,0.1595,0.0005617433182117578,-1,2,41287680,all_reduce,2,4
797,0.16,0.162,0.1610666666666667,0.161,0.0006018490028422603,-1,2,41418752,all_reduce,2,4
798,0.16,0.162,0.16095,0.161,0.0006689544080129832,-1,2,41549824,all_reduce,2,4
799,0.16,0.162,0.16066666666666665,0.161,0.0005962847939999444,-1,2,41680896,all_reduce,2,4
800,0.16,0.163,0.16186666666666666,0.162,0.0006699917080747267,-1,2,41811968,all_reduce,2,4
801,0.161,0.163,0.16191666666666668,0.162,0.0006656241849238625,-1,2,41943040,all_reduce,2,4
802,0.161,0.163,0.16170000000000004,0.162,0.0005859465277082321,-1,2,42074112,all_reduce,2,4
803,0.163,0.165,0.16346666666666668,0.163,0.0005906681715556456,-1,2,42205184,all_reduce,2,4
804,0.162,0.165,0.16363333333333333,0.164,0.0007295356209413103,-1,2,42336256,all_reduce,2,4
805,0.162,0.165,0.16323333333333334,0.163,0.0006920179830675571,-1,2,42467328,all_reduce,2,4
806,0.163,0.166,0.16441666666666663,0.164,0.0005857094463601865,-1,2,42598400,all_reduce,2,4
807,0.163,0.165,0.1642,0.164,0.0006271629240742265,-1,2,42729472,all_reduce,2,4
808,0.163,0.165,0.1642,0.164,0.0005715476066494088,-1,2,42860544,all_reduce,2,4
809,0.165,0.167,0.16611666666666666,0.166,0.0005505048188304587,-1,2,42991616,all_reduce,2,4
810,0.165,0.167,0.16593333333333332,0.166,0.0006018490028422602,-1,2,43122688,all_reduce,2,4
811,0.164,0.167,0.16536666666666663,0.165,0.0006315765107165477,-1,2,43253760,all_reduce,2,4
812,0.166,0.169,0.16746666666666662,0.167,0.0005617433182117578,-1,2,43384832,all_reduce,2,4
813,0.166,0.168,0.16701666666666665,0.167,0.0005624845676895407,-1,2,43515904,all_reduce,2,4
814,0.165,0.168,0.16635000000000003,0.166,0.0006278269400612459,-1,2,43646976,all_reduce,2,4
815,0.168,0.17,0.1692166666666667,0.169,0.0005505048188304586,-1,2,43778048,all_reduce,2,4
816,0.167,0.17,0.1684333333333333,0.168,0.0007608474807008891,-1,2,43909120,all_reduce,2,4
817,0.166,0.168,0.16701666666666667,0.167,0.0005913731666403395,-1,2,44040192,all_reduce,2,4
818,0.169,0.17200000000000001,0.17046666666666666,0.17,0.0006182412330330475,-1,2,44171264,all_reduce,2,4
819,0.169,0.17200000000000001,0.17043333333333333,0.17,0.0006155395104206468,-1,2,44302336,all_reduce,2,4
820,0.17,0.17200000000000001,0.1707333333333333,0.171,0.0006289320754704408,-1,2,44433408,all_reduce,2,4
821,0.171,0.17400000000000002,0.1725666666666667,0.17300000000000001,0.0006420453428086079,-1,2,44564480,all_reduce,2,4
822,0.171,0.17300000000000001,0.17240000000000005,0.17200000000000001,0.0005830951894845306,-1,2,44695552,all_reduce,2,4
823,0.171,0.17400000000000002,0.17225000000000001,0.17200000000000001,0.0006739188873051915,-1,2,44826624,all_reduce,2,4
824,0.17300000000000001,0.17500000000000002,0.1743666666666667,0.17400000000000002,0.0005467073155618913,-1,2,44957696,all_reduce,2,4
825,0.17300000000000001,0.176,0.1744166666666667,0.17400000000000002,0.000640095478989049,-1,2,45088768,all_reduce,2,4
826,0.17300000000000001,0.176,0.17415000000000003,0.17400000000000002,0.0007029698902987707,-1,2,45219840,all_reduce,2,4
827,0.17400000000000002,0.177,0.17555,0.1755,0.0006934214687571457,-1,2,45350912,all_reduce,2,4
828,0.17400000000000002,0.176,0.17540000000000003,0.17500000000000002,0.0005537749241945257,-1,2,45481984,all_reduce,2,4
829,0.17400000000000002,0.177,0.17538333333333334,0.17500000000000002,0.0007977398629182765,-1,2,45613056,all_reduce,2,4
830,0.176,0.178,0.17686666666666667,0.177,0.000694422221866656,-1,2,45744128,all_reduce,2,4
831,0.17500000000000002,0.178,0.1768,0.177,0.0007257180352359064,-1,2,45875200,all_reduce,2,4
832,0.17500000000000002,0.177,0.17655,0.177,0.000529937103186154,-1,2,46006272,all_reduce,2,4
833,0.177,0.179,0.17811666666666667,0.178,0.0006853628398317368,-1,2,46137344,all_reduce,2,4
834,0.176,0.179,0.17803333333333338,0.178,0.0007063206700139036,-1,2,46268416,all_reduce,2,4
835,0.176,0.179,0.17770000000000002,0.178,0.0007141428428542856,-1,2,46399488,all_reduce,2,4
836,0.178,0.18,0.1789166666666667,0.179,0.0006902093080282891,-1,2,46530560,all_reduce,2,4
837,0.178,0.18,0.17895000000000003,0.179,0.0006934214687571578,-1,2,46661632,all_reduce,2,4
838,0.177,0.179,0.17840000000000003,0.178,0.0005537749241945389,-1,2,46792704,all_reduce,2,4
839,0.179,0.182,0.1801833333333333,0.18,0.0007186020379103372,-1,2,46923776,all_reduce,2,4
840,0.179,0.181,0.1802166666666666,0.18,0.0006348665651580309,-1,2,47054848,all_reduce,2,4
841,0.179,0.181,0.17984999999999998,0.18,0.0005423713365090998,-1,2,47185920,all_reduce,2,4
842,0.18,0.183,0.18104999999999996,0.181,0.0006171169527191211,-1,2,47316992,all_reduce,2,4
843,0.18,0.183,0.1812166666666667,0.181,0.0005799904213768443,-1,2,47448064,all_reduce,2,4
844,0.179,0.182,0.1807833333333333,0.181,0.0006853628398317368,-1,2,47579136,all_reduce,2,4
845,0.181,0.184,0.1823,0.182,0.0006403124237432856,-1,2,47710208,all_reduce,2,4
846,0.181,0.184,0.18223333333333336,0.182,0.0005878397362849472,-1,2,47841280,all_reduce,2,4
847,0.181,0.183,0.18191666666666664,0.182,0.0005257270098529172,-1,2,47972352,all_reduce,2,4
848,0.182,0.184,0.18326666666666663,0.183,0.0006018490028422602,-1,2,48103424,all_reduce,2,4
849,0.182,0.184,0.18285,0.183,0.0005423713365090998,-1,2,48234496,all_reduce,2,4
850,0.181,0.184,0.18265,0.183,0.0005423713365090997,-1,2,48365568,all_reduce,2,4
851,0.183,0.185,0.18423333333333333,0.184,0.0006155395104206468,-1,2,48496640,all_reduce,2,4
852,0.183,0.186,0.18418333333333334,0.184,0.0006706133179576909,-1,2,48627712,all_reduce,2,4
853,0.183,0.185,0.18381666666666663,0.184,0.0005320296566504128,-1,2,48758784,all_reduce,2,4
854,0.184,0.187,0.18556666666666669,0.186,0.0006155395104206468,-1,2,48889856,all_reduce,2,4
855,0.184,0.187,0.18533333333333335,0.185,0.0006749485577105535,-1,2,49020928,all_reduce,2,4
856,0.184,0.186,0.1851,0.185,0.0005686240703077333,-1,2,49152000,all_reduce,2,4
857,0.186,0.188,0.1871666666666667,0.187,0.0006368324391514272,-1,2,49283072,all_reduce,2,4
858,0.185,0.188,0.18683333333333332,0.187,0.0006871842709362774,-1,2,49414144,all_reduce,2,4
859,0.185,0.187,0.18613333333333332,0.186,0.0005906681715556455,-1,2,49545216,all_reduce,2,4
860,0.187,0.189,0.18850000000000003,0.189,0.0005322906474223776,-1,2,49676288,all_reduce,2,4
861,0.187,0.189,0.18803333333333333,0.188,0.000515320827791344,-1,2,49807360,all_reduce,2,4
862,0.186,0.189,0.1874833333333333,0.187,0.0006189148209209052,-1,2,49938432,all_reduce,2,4
863,0.189,0.191,0.18999999999999995,0.19,0.00044721359549995833,-1,2,50069504,all_reduce,2,4
864,0.188,0.191,0.1895666666666667,0.19,0.0005878397362849471,-1,2,50200576,all_reduce,2,4
865,0.187,0.189,0.18823333333333334,0.188,0.0005878397362849471,-1,2,50331648,all_reduce,2,4
866,0.19,0.193,0.1913333333333334,0.191,0.0005374838498865704,-1,2,50462720,all_reduce,2,4
867,0.19,0.193,0.19143333333333334,0.191,0.0006674994798166934,-1,2,50593792,all_reduce,2,4
868,0.191,0.193,0.19133333333333338,0.191,0.0005055250296034372,-1,2,50724864,all_reduce,2,4
869,0.192,0.195,0.19336666666666671,0.193,0.0006315765107165478,-1,2,50855936,all_reduce,2,4
870,0.192,0.195,0.19311666666666666,0.193,0.0006080478782318239,-1,2,50987008,all_reduce,2,4
871,0.192,0.195,0.1932666666666667,0.193,0.0006018490028422602,-1,2,51118080,all_reduce,2,4
872,0.194,0.196,0.19476666666666673,0.195,0.0005280993172584958,-1,2,51249152,all_reduce,2,4
873,0.194,0.196,0.19480000000000003,0.195,0.0006531972647421814,-1,2,51380224,all_reduce,2,4
874,0.193,0.195,0.19441666666666674,0.194,0.0006135054106435326,-1,2,51511296,all_reduce,2,4
875,0.195,0.197,0.19599999999999998,0.196,0.0005773502691896263,-1,2,51642368,all_reduce,2,4
876,0.195,0.197,0.19623333333333332,0.196,0.0005878397362849471,-1,2,51773440,all_reduce,2,4
877,0.195,0.197,0.19578333333333334,0.196,0.0006605973727535477,-1,2,51904512,all_reduce,2,4
878,0.196,0.199,0.1974333333333333,0.197,0.0005878397362849472,-1,2,52035584,all_reduce,2,4
879,0.196,0.199,0.1973833333333333,0.197,0.0007092640943651078,-1,2,52166656,all_reduce,2,4
880,0.196,0.198,0.19691666666666666,0.197,0.0006135054106435326,-1,2,52297728,all_reduce,2,4
881,0.197,0.2,0.19845,0.198,0.0006171169527191212,-1,2,52428800,all_reduce,2,4
882,0.197,0.2,0.19835,0.198,0.0006538348415311016,-1,2,52559872,all_reduce,2,4
883,0.197,0.2,0.19831666666666664,0.198,0.0005913731666403396,-1,2,52690944,all_reduce,2,4
884,0.198,0.201,0.19974999999999998,0.2,0.0006982120021884477,-1,2,52822016,all_reduce,2,4
885,0.199,0.201,0.19988333333333333,0.2,0.0006853628398317368,-1,2,52953088,all_reduce,2,4
886,0.198,0.201,0.19951666666666665,0.2,0.0005624845676895407,-1,2,53084160,all_reduce,2,4
887,0.2,0.202,0.20098333333333335,0.201,0.0005913731666403395,-1,2,53215232,all_reduce,2,4
888,0.2,0.202,0.201,0.201,0.0006324555320336764,-1,2,53346304,all_reduce,2,4
889,0.199,0.201,0.2004833333333334,0.201,0.0005913731666403396,-1,2,53477376,all_reduce,2,4
890,0.201,0.20400000000000001,0.202,0.202,0.0006324555320336764,-1,2,53608448,all_reduce,2,4
891,0.201,0.203,0.20185,0.202,0.0006006940430313371,-1,2,53739520,all_reduce,2,4
892,0.2,0.203,0.20153333333333334,0.202,0.0006446359868604579,-1,2,53870592,all_reduce,2,4
893,0.202,0.20500000000000002,0.203,0.203,0.0006582805886043839,-1,2,54001664,all_reduce,2,4
894,0.202,0.20400000000000001,0.20288333333333336,0.203,0.0006080478782318239,-1,2,54132736,all_reduce,2,4
895,0.201,0.20400000000000001,0.20243333333333333,0.202,0.0006155395104206468,-1,2,54263808,all_reduce,2,4
896,0.202,0.20500000000000002,0.20380000000000004,0.20400000000000001,0.0006271629240742265,-1,2,54394880,all_reduce,2,4
897,0.203,0.20600000000000002,0.20400000000000007,0.20400000000000001,0.0006582805886043839,-1,2,54525952,all_reduce,2,4
898,0.203,0.20500000000000002,0.20388333333333333,0.20400000000000001,0.0006605973727535477,-1,2,54657024,all_reduce,2,4
899,0.20400000000000001,0.20600000000000002,0.20515000000000003,0.20500000000000002,0.0006538348415311015,-1,2,54788096,all_reduce,2,4
900,0.20400000000000001,0.20600000000000002,0.20525,0.20500000000000002,0.0006487166818676195,-1,2,54919168,all_reduce,2,4
901,0.20400000000000001,0.20600000000000002,0.20475000000000002,0.20500000000000002,0.0006487166818676195,-1,2,55050240,all_reduce,2,4
902,0.20500000000000002,0.20700000000000002,0.20633333333333334,0.20600000000000002,0.0005374838498865705,-1,2,55181312,all_reduce,2,4
903,0.20500000000000002,0.20800000000000002,0.20641666666666664,0.20600000000000002,0.0006400954789890513,-1,2,55312384,all_reduce,2,4
904,0.20400000000000001,0.20700000000000002,0.2057833333333333,0.20600000000000002,0.0007323857514239951,-1,2,55443456,all_reduce,2,4
905,0.20700000000000002,0.209,0.20791666666666672,0.20800000000000002,0.0005857094463601796,-1,2,55574528,all_reduce,2,4
906,0.20600000000000002,0.209,0.20761666666666667,0.20800000000000002,0.0007977398629182829,-1,2,55705600,all_reduce,2,4
907,0.20600000000000002,0.20800000000000002,0.2070333333333334,0.20700000000000002,0.0006315765107165478,-1,2,55836672,all_reduce,2,4
908,0.20800000000000002,0.211,0.20929999999999999,0.209,0.0006403124237432808,-1,2,55967744,all_reduce,2,4
909,0.20800000000000002,0.21,0.2091,0.209,0.0006506407098647639,-1,2,56098816,all_reduce,2,4
910,0.20700000000000002,0.209,0.20825000000000002,0.20800000000000002,0.0006224949798994255,-1,2,56229888,all_reduce,2,4
911,0.21,0.212,0.21108333333333337,0.211,0.0005857094463601863,-1,2,56360960,all_reduce,2,4
912,0.209,0.212,0.21043333333333336,0.21,0.0007156970184527969,-1,2,56492032,all_reduce,2,4
913,0.20800000000000002,0.21,0.20901666666666666,0.209,0.000562484567689533,-1,2,56623104,all_reduce,2,4
914,0.211,0.213,0.21226666666666666,0.212,0.000654896090146284,-1,2,56754176,all_reduce,2,4
915,0.211,0.214,0.2122,0.212,0.0007257180352359087,-1,2,56885248,all_reduce,2,4
916,0.211,0.214,0.21214999999999998,0.212,0.0005722761571129804,-1,2,57016320,all_reduce,2,4
917,0.213,0.216,0.21411666666666665,0.214,0.0007092640943651078,-1,2,57147392,all_reduce,2,4
918,0.212,0.215,0.214,0.214,0.0007071067811865481,-1,2,57278464,all_reduce,2,4
919,0.212,0.216,0.21366666666666664,0.214,0.0006992058987801016,-1,2,57409536,all_reduce,2,4
920,0.215,0.217,0.21569999999999998,0.216,0.0005859465277082321,-1,2,57540608,all_reduce,2,4
921,0.214,0.217,0.21580000000000002,0.216,0.0006782329983125274,-1,2,57671680,all_reduce,2,4
922,0.214,0.217,0.21521666666666667,0.215,0.0007547994582816174,-1,2,57802752,all_reduce,2,4
923,0.216,0.218,0.21716666666666667,0.217,0.0005217491947499515,-1,2,57933824,all_reduce,2,4
924,0.216,0.218,0.21678333333333333,0.217,0.0006348665651580309,-1,2,58064896,all_reduce,2,4
925,0.215,0.218,0.21685000000000004,0.217,0.0006788470618138774,-1,2,58195968,all_reduce,2,4
926,0.217,0.22,0.21853333333333333,0.219,0.000694422221866656,-1,2,58327040,all_reduce,2,4
927,0.217,0.22,0.2185833333333333,0.219,0.0006135054106435327,-1,2,58458112,all_reduce,2,4
928,0.217,0.219,0.21788333333333337,0.218,0.0006080478782318238,-1,2,58589184,all_reduce,2,4
929,0.218,0.221,0.21929999999999997,0.219,0.0006658328118479399,-1,2,58720256,all_reduce,2,4
930,0.218,0.221,0.21935000000000002,0.219,0.0006278269400612459,-1,2,58851328,all_reduce,2,4
931,0.217,0.22,0.21905,0.219,0.0006689544080129831,-1,2,58982400,all_reduce,2,4
932,0.219,0.221,0.22040000000000004,0.22,0.0005537749241945388,-1,2,59113472,all_reduce,2,4
933,0.219,0.222,0.22030000000000002,0.22,0.0005859465277082321,-1,2,59244544,all_reduce,2,4
934,0.219,0.221,0.2200666666666667,0.22,0.0005436502143433369,-1,2,59375616,all_reduce,2,4
935,0.221,0.223,0.22163333333333332,0.222,0.0005763872155263533,-1,2,59506688,all_reduce,2,4
936,0.22,0.223,0.22155,0.222,0.0006689544080129834,-1,2,59637760,all_reduce,2,4
937,0.22,0.223,0.22135000000000002,0.221,0.0006788470618138773,-1,2,59768832,all_reduce,2,4
938,0.222,0.225,0.22276666666666667,0.223,0.0006155395104206468,-1,2,59899904,all_reduce,2,4
939,0.221,0.225,0.22290000000000007,0.223,0.0008306623862918082,-1,2,60030976,all_reduce,2,4
940,0.221,0.224,0.22236666666666666,0.222,0.0005467073155618913,-1,2,60162048,all_reduce,2,4
941,0.223,0.226,0.22408333333333333,0.224,0.0005857094463601866,-1,2,60293120,all_reduce,2,4
942,0.223,0.225,0.22375000000000003,0.224,0.0007444237144709105,-1,2,60424192,all_reduce,2,4
943,0.223,0.225,0.22375000000000003,0.224,0.0005664215155988814,-1,2,60555264,all_reduce,2,4
944,0.223,0.226,0.2250333333333333,0.225,0.0006574360974438679,-1,2,60686336,all_reduce,2,4
945,0.224,0.226,0.22488333333333335,0.225,0.0006605973727535478,-1,2,60817408,all_reduce,2,4
946,0.223,0.226,0.2245,0.225,0.0005916079783099621,-1,2,60948480,all_reduce,2,4
947,0.225,0.229,0.22626666666666673,0.226,0.0007717224601860159,-1,2,61079552,all_reduce,2,4
948,0.225,0.228,0.2262333333333334,0.226,0.0006674994798166935,-1,2,61210624,all_reduce,2,4
949,0.225,0.227,0.22591666666666668,0.226,0.0005257270098529173,-1,2,61341696,all_reduce,2,4
950,0.226,0.228,0.22730000000000003,0.227,0.0005567764362830027,-1,2,61472768,all_reduce,2,4
951,0.226,0.228,0.2270166666666667,0.227,0.0005913731666403396,-1,2,61603840,all_reduce,2,4
952,0.226,0.228,0.22675000000000003,0.227,0.0006487166818676194,-1,2,61734912,all_reduce,2,4
953,0.227,0.23,0.22861666666666666,0.229,0.0006853628398317368,-1,2,61865984,all_reduce,2,4
954,0.227,0.23,0.22838333333333333,0.228,0.0006348665651580308,-1,2,61997056,all_reduce,2,4
955,0.227,0.229,0.22776666666666667,0.228,0.0005587684871413409,-1,2,62128128,all_reduce,2,4
956,0.228,0.231,0.23001666666666667,0.23,0.0006706133179576908,-1,2,62259200,all_reduce,2,4
957,0.229,0.231,0.2298,0.23,0.000509901951359279,-1,2,62390272,all_reduce,2,4
958,0.228,0.231,0.22896666666666668,0.229,0.0006315765107165478,-1,2,62521344,all_reduce,2,4
959,0.231,0.232,0.23141666666666666,0.231,0.0004930066485916352,-1,2,62652416,all_reduce,2,4
960,0.23,0.232,0.2311666666666667,0.231,0.0005821416398857667,-1,2,62783488,all_reduce,2,4
961,0.229,0.231,0.22961666666666672,0.23,0.0006080478782318238,-1,2,62914560,all_reduce,2,4
962,0.232,0.234,0.23266666666666672,0.233,0.0005374838498865706,-1,2,63045632,all_reduce,2,4
963,0.231,0.23500000000000001,0.23278333333333337,0.233,0.0006348665651580309,-1,2,63176704,all_reduce,2,4
964,0.231,0.234,0.23268333333333338,0.233,0.0005320296566504127,-1,2,63307776,all_reduce,2,4
965,0.234,0.23600000000000002,0.23490000000000003,0.23500000000000001,0.0006244997998398403,-1,2,63438848,all_reduce,2,4
966,0.233,0.23600000000000002,0.23493333333333333,0.23500000000000001,0.0006548960901462841,-1,2,63569920,all_reduce,2,4
967,0.233,0.23600000000000002,0.23493333333333333,0.23500000000000001,0.000654896090146284,-1,2,63700992,all_reduce,2,4
968,0.23600000000000002,0.23800000000000002,0.2367166666666667,0.23700000000000002,0.0006080478782318239,-1,2,63832064,all_reduce,2,4
969,0.23500000000000001,0.23900000000000002,0.2368833333333334,0.23700000000000002,0.000776566517148117,-1,2,63963136,all_reduce,2,4
970,0.23500000000000001,0.23800000000000002,0.23631666666666673,0.23600000000000002,0.000645282022753532,-1,2,64094208,all_reduce,2,4
971,0.23700000000000002,0.23900000000000002,0.23808333333333334,0.23800000000000002,0.0006135054106435326,-1,2,64225280,all_reduce,2,4
972,0.23700000000000002,0.23900000000000002,0.23811666666666667,0.23800000000000002,0.00048619840486049454,-1,2,64356352,all_reduce,2,4
973,0.23600000000000002,0.24,0.23778333333333337,0.23800000000000002,0.0007323857514239937,-1,2,64487424,all_reduce,2,4
974,0.23800000000000002,0.241,0.2394333333333334,0.23900000000000002,0.0005878397362849343,-1,2,64618496,all_reduce,2,4
975,0.23800000000000002,0.241,0.2393666666666667,0.23900000000000002,0.0006574360974438556,-1,2,64749568,all_reduce,2,4
976,0.23800000000000002,0.24,0.23896666666666672,0.23900000000000002,0.0006046119049072277,-1,2,64880640,all_reduce,2,4
977,0.23900000000000002,0.242,0.24053333333333332,0.2405,0.0006182412330330464,-1,2,65011712,all_reduce,2,4
978,0.23900000000000002,0.242,0.2404833333333333,0.24,0.0006706133179576888,-1,2,65142784,all_reduce,2,4
979,0.23900000000000002,0.242,0.2402,0.24,0.0006271629240742212,-1,2,65273856,all_reduce,2,4
980,0.24,0.243,0.24188333333333337,0.242,0.0006080478782318238,-1,2,65404928,all_reduce,2,4
981,0.24,0.243,0.24158333333333334,0.242,0.0006902093080282891,-1,2,65536000,all_reduce,2,4
982,0.24,0.243,0.24133333333333334,0.241,0.0007673909622147565,-1,2,65667072,all_reduce,2,4
983,0.242,0.244,0.24296666666666666,0.243,0.0005467073155618913,-1,2,65798144,all_reduce,2,4
984,0.241,0.244,0.24304999999999996,0.243,0.0006689544080129831,-1,2,65929216,all_reduce,2,4
985,0.241,0.244,0.24271666666666664,0.243,0.0006348665651580309,-1,2,66060288,all_reduce,2,4
986,0.242,0.246,0.24401666666666666,0.244,0.0008463975950396423,-1,2,66191360,all_reduce,2,4
987,0.243,0.245,0.24369999999999997,0.244,0.0006137317546507329,-1,2,66322432,all_reduce,2,4
988,0.242,0.245,0.24338333333333334,0.243,0.0006348665651580308,-1,2,66453504,all_reduce,2,4
989,0.243,0.247,0.2450166666666666,0.245,0.0006950219820664354,-1,2,66584576,all_reduce,2,4
990,0.244,0.246,0.24481666666666663,0.245,0.0006189148209209053,-1,2,66715648,all_reduce,2,4
991,0.243,0.246,0.24444999999999997,0.244,0.0006171169527191212,-1,2,66846720,all_reduce,2,4
992,0.244,0.247,0.24596666666666664,0.246,0.0007063206700139036,-1,2,66977792,all_reduce,2,4
993,0.245,0.248,0.24586666666666665,0.246,0.0007180219742846012,-1,2,67108864,all_reduce,2,4
994,0.018000000000000002,0.037,0.03295,0.034,0.003328788568433468,-1,4,2048,all_reduce,4,4
995,0.03,0.035,0.03328333333333333,0.033,0.0009847447497814974,-1,4,10240,all_reduce,4,4
996,0.029,0.036000000000000004,0.033166666666666664,0.033,0.0010826921179274485,-1,4,18432,all_reduce,4,4
997,0.031,0.043000000000000003,0.03333333333333333,0.033,0.0017857460314638504,-1,4,26624,all_reduce,4,4
998,0.021,0.04,0.033283333333333324,0.033,0.002302836415283456,-1,4,34816,all_reduce,4,4
999,0.029,0.04,0.032966666666666665,0.033,0.0014828650946356822,-1,4,43008,all_reduce,4,4
1000,0.029,0.037,0.03291666666666667,0.033,0.001463917878692503,-1,4,51200,all_reduce,4,4
1001,0.029,0.048,0.03368333333333333,0.034,0.0023201412792232196,-1,4,59392,all_reduce,4,4
1002,0.031,0.038,0.033666666666666664,0.034,0.0013743685418725544,-1,4,67584,all_reduce,4,4
1003,0.032,0.054,0.03493333333333334,0.034,0.0038421637422450155,-1,4,75776,all_reduce,4,4
1004,0.029,0.037,0.033850000000000005,0.034,0.0012223611032205937,-1,4,83968,all_reduce,4,4
1005,0.029,0.045,0.03333333333333333,0.033,0.0020949675149960893,-1,4,92160,all_reduce,4,4
1006,0.029,0.039,0.03365,0.0335,0.0014924811556599302,-1,4,100352,all_reduce,4,4
1007,0.027,0.037,0.033900000000000007,0.034,0.0015459624833740315,-1,4,108544,all_reduce,4,4
1008,0.031,0.057,0.03471666666666666,0.034,0.003521797205342118,-1,4,116736,all_reduce,4,4
1009,0.031,0.038,0.034083333333333334,0.034,0.0012687482895445512,-1,4,124928,all_reduce,4,4
1010,0.028,0.041,0.034166666666666665,0.034,0.0018363611361119096,-1,4,133120,all_reduce,4,4
1011,0.025,0.038,0.03423333333333334,0.034,0.0017065234314893605,-1,4,141312,all_reduce,4,4
1012,0.029,0.037,0.034633333333333335,0.035,0.0015595583420386114,-1,4,149504,all_reduce,4,4
1013,0.032,0.049,0.03575,0.0345,0.0036038174204584775,-1,4,157696,all_reduce,4,4
1014,0.032,0.037,0.0343,0.034,0.0011733143937865365,-1,4,165888,all_reduce,4,4
1015,0.032,0.059000000000000004,0.036950000000000004,0.035,0.005168574916421999,-1,4,174080,all_reduce,4,4
1016,0.03,0.037,0.03403333333333333,0.034,0.001316139134826643,-1,4,182272,all_reduce,4,4
1017,0.033,0.037,0.03496666666666667,0.035,0.0010482790129010926,-1,4,190464,all_reduce,4,4
1018,0.032,0.039,0.03468333333333333,0.034,0.0012448783965601712,-1,4,198656,all_reduce,4,4
1019,0.026000000000000002,0.038,0.03498333333333334,0.035,0.0017747456781810236,-1,4,206848,all_reduce,4,4
1020,0.033,0.038,0.03491666666666667,0.035,0.0010374916331657277,-1,4,215040,all_reduce,4,4
1021,0.02,0.036000000000000004,0.033850000000000005,0.034,0.0020722371164195153,-1,4,223232,all_reduce,4,4
1022,0.033,0.038,0.03523333333333333,0.035,0.0010857664983268214,-1,4,231424,all_reduce,4,4
1023,0.032,0.038,0.03495,0.035,0.0010234744745229365,-1,4,239616,all_reduce,4,4
1024,0.031,0.038,0.03495,0.035,0.001383534121974108,-1,4,247808,all_reduce,4,4
1025,0.031,0.038,0.035133333333333336,0.035,0.0012840906856172144,-1,4,256000,all_reduce,4,4
1026,0.031,0.039,0.03464999999999999,0.035,0.0012493331554606776,-1,4,264192,all_reduce,4,4
1027,0.029,0.037,0.03493333333333334,0.035,0.0013523641850067196,-1,4,272384,all_reduce,4,4
1028,0.033,0.038,0.035466666666666674,0.035,0.0009030811456096038,-1,4,280576,all_reduce,4,4
1029,0.032,0.038,0.03505,0.035,0.0011018923117377057,-1,4,288768,all_reduce,4,4
1030,0.024,0.04,0.03503333333333333,0.035,0.0018436075745366443,-1,4,296960,all_reduce,4,4
1031,0.033,0.038,0.03534999999999999,0.035,0.001222361103220593,-1,4,305152,all_reduce,4,4
1032,0.03,0.041,0.035199999999999995,0.035,0.0016206994374857622,-1,4,313344,all_reduce,4,4
1033,0.022,0.038,0.03555,0.036000000000000004,0.002011839953873071,-1,4,321536,all_reduce,4,4
1034,0.031,0.056,0.035550000000000005,0.035,0.003040970239906993,-1,4,329728,all_reduce,4,4
1035,0.034,0.043000000000000003,0.03559999999999999,0.035,0.0014047538337136982,-1,4,337920,all_reduce,4,4
1036,0.033,0.04,0.03541666666666667,0.035,0.0011444309600068588,-1,4,346112,all_reduce,4,4
1037,0.027,0.038,0.034833333333333334,0.035,0.0016038148964959214,-1,4,354304,all_reduce,4,4
1038,0.034,0.037,0.035649999999999994,0.036000000000000004,0.0009970790674097335,-1,4,362496,all_reduce,4,4
1039,0.028,0.04,0.0356,0.036000000000000004,0.0015405626677721786,-1,4,370688,all_reduce,4,4
1040,0.034,0.083,0.03685,0.036000000000000004,0.0061068950102868705,-1,4,378880,all_reduce,4,4
1041,0.034,0.038,0.03551666666666667,0.035,0.0009218037872683215,-1,4,387072,all_reduce,4,4
1042,0.03,0.04,0.03601666666666667,0.036000000000000004,0.0017271524413193966,-1,4,395264,all_reduce,4,4
1043,0.027,0.048,0.035649999999999994,0.035,0.0029315809159336987,-1,4,403456,all_reduce,4,4
1044,0.034,0.039,0.03613333333333333,0.036000000000000004,0.000991071249821232,-1,4,411648,all_reduce,4,4
1045,0.032,0.039,0.03638333333333333,0.036000000000000004,0.001266118302353912,-1,4,419840,all_reduce,4,4
1046,0.032,0.039,0.03578333333333333,0.036000000000000004,0.0013915419105757774,-1,4,428032,all_reduce,4,4
1047,0.029,0.039,0.03608333333333334,0.036000000000000004,0.001552328000849762,-1,4,436224,all_reduce,4,4
1048,0.034,0.04,0.03583333333333334,0.036000000000000004,0.0010979779394667056,-1,4,444416,all_reduce,4,4
1049,0.034,0.04,0.03618333333333334,0.036000000000000004,0.0009397103572673616,-1,4,452608,all_reduce,4,4
1050,0.033,0.04,0.03638333333333333,0.036000000000000004,0.001517582141287763,-1,4,460800,all_reduce,4,4
1051,0.03,0.039,0.03581666666666667,0.036000000000000004,0.0016979562878812729,-1,4,468992,all_reduce,4,4
1052,0.034,0.039,0.03676666666666666,0.037,0.001116044602852212,-1,4,477184,all_reduce,4,4
1053,0.025,0.039,0.0356,0.036000000000000004,0.0026470108928122425,-1,4,485376,all_reduce,4,4
1054,0.023,0.038,0.03466666666666666,0.035,0.002553864174583727,-1,4,493568,all_reduce,4,4
1055,0.02,0.038,0.03485,0.035,0.0030321884286215895,-1,4,501760,all_reduce,4,4
1056,0.023,0.038,0.034749999999999996,0.035,0.0026809513236909026,-1,4,509952,all_reduce,4,4
1057,0.032,0.056,0.038450000000000005,0.037,0.0052517457414971375,-1,4,518144,all_reduce,4,4
1058,0.027,0.042,0.035833333333333335,0.036000000000000004,0.0019249819623974541,-1,4,526336,all_reduce,4,4
1059,0.028,0.039,0.03521666666666667,0.035500000000000004,0.002106273697525772,-1,4,534528,all_reduce,4,4
1060,0.021,0.043000000000000003,0.035416666666666666,0.036000000000000004,0.002859438561831481,-1,4,542720,all_reduce,4,4
1061,0.029,0.039,0.035616666666666665,0.036000000000000004,0.001674232825970018,-1,4,550912,all_reduce,4,4
1062,0.021,0.039,0.03553333333333333,0.036000000000000004,0.003057595278791633,-1,4,559104,all_reduce,4,4
1063,0.031,0.043000000000000003,0.03648333333333333,0.036000000000000004,0.0020288885846415734,-1,4,567296,all_reduce,4,4
1064,0.021,0.054,0.036266666666666676,0.036000000000000004,0.003405224743765902,-1,4,575488,all_reduce,4,4
1065,0.018000000000000002,0.041,0.03541666666666665,0.036000000000000004,0.0038353255692603486,-1,4,583680,all_reduce,4,4
1066,0.023,0.04,0.035050000000000005,0.036000000000000004,0.002871846096154876,-1,4,591872,all_reduce,4,4
1067,0.027,0.145,0.036583333333333336,0.035500000000000004,0.01432165221691346,-1,4,600064,all_reduce,4,4
1068,0.021,0.039,0.03486666666666667,0.035500000000000004,0.0029522119767312702,-1,4,608256,all_reduce,4,4
1069,0.028,0.04,0.035383333333333336,0.035,0.002145473270762317,-1,4,616448,all_reduce,4,4
1070,0.026000000000000002,0.039,0.03486666666666667,0.035,0.0020933757957476776,-1,4,624640,all_reduce,4,4
1071,0.025,0.041,0.03583333333333334,0.036000000000000004,0.0026151269355212735,-1,4,632832,all_reduce,4,4
1072,0.023,0.039,0.035916666666666666,0.036000000000000004,0.002154775059154796,-1,4,641024,all_reduce,4,4
1073,0.022,0.047,0.03556666666666666,0.036000000000000004,0.0032267975180079425,-1,4,649216,all_reduce,4,4
1074,0.03,0.049,0.03616666666666667,0.036000000000000004,0.0027028791233711423,-1,4,657408,all_reduce,4,4
1075,0.022,0.042,0.03573333333333333,0.036000000000000004,0.0029488227406128625,-1,4,665600,all_reduce,4,4
1076,0.025,0.042,0.03601666666666667,0.036000000000000004,0.0023839160126891117,-1,4,673792,all_reduce,4,4
1077,0.019,0.04,0.03605,0.037,0.0029912372022292038,-1,4,681984,all_reduce,4,4
1078,0.021,0.038,0.03476666666666666,0.036000000000000004,0.003111091269778001,-1,4,690176,all_reduce,4,4
1079,0.03,0.04,0.03651666666666666,0.037,0.0016582286399113417,-1,4,698368,all_reduce,4,4
1080,0.022,0.04,0.03548333333333333,0.036000000000000004,0.002735517420078979,-1,4,706560,all_reduce,4,4
1081,0.028,0.04,0.03528333333333334,0.036000000000000004,0.0018356803159107584,-1,4,714752,all_reduce,4,4
1082,0.026000000000000002,0.039,0.03586666666666667,0.036000000000000004,0.00230554886210541,-1,4,722944,all_reduce,4,4
1083,0.019,0.039,0.03506666666666666,0.036000000000000004,0.0036325687268867406,-1,4,731136,all_reduce,4,4
1084,0.024,0.039,0.03563333333333333,0.036000000000000004,0.0023942059690474043,-1,4,739328,all_reduce,4,4
1085,0.017,0.042,0.035616666666666665,0.036000000000000004,0.003670112017666793,-1,4,747520,all_reduce,4,4
1086,0.024,0.05,0.03585,0.036000000000000004,0.0032239985525224202,-1,4,755712,all_reduce,4,4
1087,0.03,0.147,0.038283333333333336,0.037,0.01424089377657019,-1,4,763904,all_reduce,4,4
1088,0.029,0.041,0.0361,0.036000000000000004,0.001738773514099329,-1,4,772096,all_reduce,4,4
1089,0.031,0.045,0.036483333333333326,0.036000000000000004,0.0021717248649147257,-1,4,780288,all_reduce,4,4
1090,0.029,0.04,0.036183333333333324,0.036000000000000004,0.0016380035273330614,-1,4,788480,all_reduce,4,4
1091,0.033,0.04,0.035800000000000005,0.036000000000000004,0.001411854572303157,-1,4,796672,all_reduce,4,4
1092,0.03,0.056,0.03615000000000001,0.036000000000000004,0.002993465104746225,-1,4,804864,all_reduce,4,4
1093,0.026000000000000002,0.039,0.0359,0.036000000000000004,0.0018321208111548382,-1,4,813056,all_reduce,4,4
1094,0.03,0.058,0.0366,0.036000000000000004,0.003061590000854676,-1,4,821248,all_reduce,4,4
1095,0.027,0.039,0.03541666666666667,0.036000000000000004,0.0022082547155817165,-1,4,829440,all_reduce,4,4
1096,0.02,0.039,0.03565,0.036000000000000004,0.0029372606285449025,-1,4,837632,all_reduce,4,4
1097,0.019,0.043000000000000003,0.035333333333333335,0.036000000000000004,0.00282646225676001,-1,4,845824,all_reduce,4,4
1098,0.029,0.039,0.0362,0.036500000000000005,0.0018511257835886418,-1,4,854016,all_reduce,4,4
1099,0.026000000000000002,0.04,0.036683333333333325,0.037,0.001953558007556695,-1,4,862208,all_reduce,4,4
1100,0.034,0.042,0.0366,0.036000000000000004,0.0015832456116050546,-1,4,870400,all_reduce,4,4
1101,0.028,0.04,0.03673333333333333,0.037,0.0019821424996424664,-1,4,878592,all_reduce,4,4
1102,0.03,0.039,0.03571666666666666,0.036000000000000004,0.0015285250697613325,-1,4,886784,all_reduce,4,4
1103,0.031,0.038,0.03565,0.036000000000000004,0.0013143439428094904,-1,4,894976,all_reduce,4,4
1104,0.026000000000000002,0.039,0.036283333333333334,0.036000000000000004,0.0018447372592202802,-1,4,903168,all_reduce,4,4
1105,0.026000000000000002,0.056,0.03581666666666667,0.036000000000000004,0.003227443088404331,-1,4,911360,all_reduce,4,4
1106,0.033,0.057,0.03686666666666667,0.036000000000000004,0.0033934577580331765,-1,4,919552,all_reduce,4,4
1107,0.031,0.039,0.035300000000000005,0.035,0.0016563010998406453,-1,4,927744,all_reduce,4,4
1108,0.026000000000000002,0.058,0.03511666666666667,0.035,0.0038344563572370416,-1,4,935936,all_reduce,4,4
1109,0.023,0.041,0.036083333333333335,0.036000000000000004,0.0026222869577696654,-1,4,944128,all_reduce,4,4
1110,0.024,0.039,0.0354,0.035,0.00227449628123093,-1,4,952320,all_reduce,4,4
1111,0.031,0.039,0.03611666666666667,0.036000000000000004,0.0016940254491070136,-1,4,960512,all_reduce,4,4
1112,0.027,0.06,0.03666666666666667,0.036000000000000004,0.0035292429153510455,-1,4,968704,all_reduce,4,4
1113,0.025,0.04,0.0357,0.036000000000000004,0.001819340539866024,-1,4,976896,all_reduce,4,4
1114,0.033,0.039,0.03621666666666668,0.036000000000000004,0.001317721096776129,-1,4,985088,all_reduce,4,4
1115,0.032,0.039,0.03565,0.035500000000000004,0.0011807483502705662,-1,4,993280,all_reduce,4,4
1116,0.032,0.047,0.03661666666666667,0.036000000000000004,0.002288315731906085,-1,4,1001472,all_reduce,4,4
1117,0.023,0.039,0.035800000000000005,0.036000000000000004,0.002096027989634998,-1,4,1009664,all_reduce,4,4
1118,0.026000000000000002,0.048,0.035866666666666665,0.036000000000000004,0.0026233989826601324,-1,4,1017856,all_reduce,4,4
1119,0.03,0.039,0.035500000000000004,0.035500000000000004,0.001522060007577449,-1,4,1026048,all_reduce,4,4
1120,0.034,0.063,0.0367,0.036000000000000004,0.003639139092331224,-1,4,1034240,all_reduce,4,4
1121,0.03,0.10200000000000001,0.03779999999999999,0.036000000000000004,0.00902551937563706,-1,4,1042432,all_reduce,4,4
1122,0.03,0.04,0.03643333333333333,0.036000000000000004,0.0015954797258365748,-1,4,1048576,all_reduce,4,4
1123,0.03,0.031,0.030100000000000002,0.03,0.0003000000000000003,-1,4,1081344,all_reduce,4,4
1124,0.03,0.031,0.030316666666666665,0.03,0.00046517619123176245,-1,4,1114112,all_reduce,4,4
1125,0.03,0.031,0.030816666666666666,0.031,0.00038693955887479696,-1,4,1146880,all_reduce,4,4
1126,0.03,0.032,0.030999999999999993,0.031,0.00018257418583505553,-1,4,1179648,all_reduce,4,4
1127,0.031,0.032,0.031166666666666665,0.031,0.00037267799624996525,-1,4,1212416,all_reduce,4,4
1128,0.031,0.032,0.03136666666666667,0.031,0.00048189440982669907,-1,4,1245184,all_reduce,4,4
1129,0.031,0.032,0.03185,0.032,0.00035707142142714284,-1,4,1277952,all_reduce,4,4
1130,0.031,0.033,0.032,0.032,0.00018257418583505553,-1,4,1310720,all_reduce,4,4
1131,0.031,0.032,0.03126666666666666,0.031,0.00044221663871405376,-1,4,1343488,all_reduce,4,4
1132,0.031,0.032,0.03141666666666666,0.031,0.0004930066485916352,-1,4,1376256,all_reduce,4,4
1133,0.031,0.032,0.0316,0.032,0.000489897948556636,-1,4,1409024,all_reduce,4,4
1134,0.031,0.032,0.031816666666666674,0.032,0.0003869395588747969,-1,4,1441792,all_reduce,4,4
1135,0.031,0.033,0.032,0.032,0.00018257418583505553,-1,4,1474560,all_reduce,4,4
1136,0.032,0.033,0.03201666666666667,0.032,0.00012801909579781027,-1,4,1507328,all_reduce,4,4
1137,0.032,0.037,0.032216666666666664,0.032,0.000709264094365107,-1,4,1540096,all_reduce,4,4
1138,0.032,0.033,0.03208333333333334,0.032,0.0002763853991962836,-1,4,1572864,all_reduce,4,4
1139,0.031,0.032,0.031933333333333334,0.032,0.00024944382578492966,-1,4,1605632,all_reduce,4,4
1140,0.031,0.032,0.03196666666666667,0.032,0.0001795054935711503,-1,4,1638400,all_reduce,4,4
1141,0.032,0.033,0.032100000000000004,0.032,0.00030000000000000024,-1,4,1671168,all_reduce,4,4
1142,0.032,0.033,0.03216666666666667,0.032,0.0003726779962499653,-1,4,1703936,all_reduce,4,4
1143,0.032,0.037,0.032400000000000005,0.032,0.000860232526704263,-1,4,1736704,all_reduce,4,4
1144,0.032,0.033,0.03225,0.032,0.00043301270189221973,-1,4,1769472,all_reduce,4,4
1145,0.032,0.033,0.03233333333333333,0.032,0.00047140452079103207,-1,4,1802240,all_reduce,4,4
1146,0.032,0.033,0.032466666666666665,0.032,0.0004988876515698593,-1,4,1835008,all_reduce,4,4
1147,0.032,0.034,0.03261666666666666,0.033,0.0005193478816960966,-1,4,1867776,all_reduce,4,4
1148,0.032,0.036000000000000004,0.032783333333333324,0.033,0.0006080478782318239,-1,4,1900544,all_reduce,4,4
1149,0.032,0.033,0.03295,0.033,0.00021794494717703385,-1,4,1933312,all_reduce,4,4
1150,0.032,0.033,0.03298333333333333,0.033,0.0001280190957978103,-1,4,1966080,all_reduce,4,4
1151,0.033,0.037,0.03308333333333333,0.033,0.0005257270098529164,-1,4,1998848,all_reduce,4,4
1152,0.033,0.037,0.03311666666666666,0.033,0.0005505048188304577,-1,4,2031616,all_reduce,4,4
1153,0.033,0.034,0.03306666666666666,0.033,0.00024944382578492966,-1,4,2064384,all_reduce,4,4
1154,0.033,0.037,0.03319999999999999,0.033,0.0005999999999999997,-1,4,2097152,all_reduce,4,4
1155,0.037,0.04,0.03705,0.037,0.0003840572873934308,-1,4,2129920,all_reduce,4,4
1156,0.037,0.038,0.03701666666666666,0.037,0.0001280190957978103,-1,4,2162688,all_reduce,4,4
1157,0.037,0.04,0.03756666666666666,0.038,0.0006155395104206467,-1,4,2195456,all_reduce,4,4
1158,0.037,0.039,0.03758333333333332,0.038,0.0005257270098529172,-1,4,2228224,all_reduce,4,4
1159,0.038,0.039,0.03803333333333332,0.038,0.0001795054935711503,-1,4,2260992,all_reduce,4,4
1160,0.038,0.039,0.03801666666666666,0.038,0.00012801909579781022,-1,4,2293760,all_reduce,4,4
1161,0.038,0.04,0.038566666666666666,0.039,0.0005280993172584958,-1,4,2326528,all_reduce,4,4
1162,0.038,0.039,0.038833333333333345,0.039,0.00037267799624996525,-1,4,2359296,all_reduce,4,4
1163,0.038,0.04,0.03809999999999999,0.038,0.0003958114029012643,-1,4,2392064,all_reduce,4,4
1164,0.038,0.041,0.03806666666666666,0.038,0.0004027681991198194,-1,4,2424832,all_reduce,4,4
1165,0.038,0.052000000000000005,0.038716666666666684,0.038,0.0018537499531729978,-1,4,2457600,all_reduce,4,4
1166,0.038,0.04,0.039050000000000015,0.039,0.0003840572873934308,-1,4,2490368,all_reduce,4,4
1167,0.039,0.042,0.0396,0.04,0.0006633249580710806,-1,4,2523136,all_reduce,4,4
1168,0.039,0.041,0.03958333333333334,0.04,0.0005257270098529172,-1,4,2555904,all_reduce,4,4
1169,0.039,0.041,0.039616666666666675,0.04,0.0005193478816960966,-1,4,2588672,all_reduce,4,4
1170,0.039,0.041,0.03963333333333334,0.04,0.000515320827791344,-1,4,2621440,all_reduce,4,4
1171,0.038,0.042,0.03926666666666668,0.039,0.0005734883511361756,-1,4,2654208,all_reduce,4,4
1172,0.038,0.041,0.03906666666666667,0.039,0.0005436502143433368,-1,4,2686976,all_reduce,4,4
1173,0.038,0.039,0.03898333333333335,0.039,0.0001280190957978102,-1,4,2719744,all_reduce,4,4
1174,0.039,0.04,0.039033333333333343,0.039,0.00017950549357115028,-1,4,2752512,all_reduce,4,4
1175,0.039,0.039,0.039000000000000014,0.039,1.3877787807814457e-17,-1,4,2785280,all_reduce,4,4
1176,0.038,0.04,0.039033333333333343,0.039,0.00025603819159562054,-1,4,2818048,all_reduce,4,4
1177,0.038,0.04,0.039000000000000014,0.039,0.00018257418583505553,-1,4,2850816,all_reduce,4,4
1178,0.039,0.04,0.039033333333333343,0.039,0.00017950549357115028,-1,4,2883584,all_reduce,4,4
1179,0.039,0.04,0.03901666666666668,0.039,0.0001280190957978103,-1,4,2916352,all_reduce,4,4
1180,0.039,0.04,0.03901666666666668,0.039,0.00012801909579781027,-1,4,2949120,all_reduce,4,4
1181,0.039,0.04,0.039166666666666676,0.039,0.00037267799624996525,-1,4,2981888,all_reduce,4,4
1182,0.039,0.04,0.039083333333333345,0.039,0.0002763853991962836,-1,4,3014656,all_reduce,4,4
1183,0.039,0.043000000000000003,0.03988333333333335,0.039,0.0012921773184134697,-1,4,3047424,all_reduce,4,4
1184,0.039,0.04,0.039133333333333346,0.039,0.0003399346342395193,-1,4,3080192,all_reduce,4,4
1185,0.039,0.04,0.039166666666666676,0.039,0.00037267799624996525,-1,4,3112960,all_reduce,4,4
1186,0.039,0.04,0.03938333333333335,0.039,0.0004861984048604945,-1,4,3145728,all_reduce,4,4
1187,0.042,0.043000000000000003,0.042116666666666656,0.042,0.00032102267140430397,-1,4,3178496,all_reduce,4,4
1188,0.041,0.043000000000000003,0.042066666666666655,0.042,0.0003091206165165238,-1,4,3211264,all_reduce,4,4
1189,0.042,0.043000000000000003,0.042383333333333335,0.042,0.0004861984048604945,-1,4,3244032,all_reduce,4,4
1190,0.042,0.046,0.042499999999999996,0.042,0.0006708203932499369,-1,4,3276800,all_reduce,4,4
1191,0.042,0.043000000000000003,0.04285000000000001,0.043000000000000003,0.0003570714214271428,-1,4,3309568,all_reduce,4,4
1192,0.042,0.043000000000000003,0.04295,0.043000000000000003,0.00021794494717703385,-1,4,3342336,all_reduce,4,4
1193,0.043000000000000003,0.044,0.04315000000000001,0.043000000000000003,0.0003570714214271403,-1,4,3375104,all_reduce,4,4
1194,0.043000000000000003,0.045,0.043216666666666674,0.043000000000000003,0.0004506168611531903,-1,4,3407872,all_reduce,4,4
1195,0.042,0.043000000000000003,0.042950000000000016,0.043000000000000003,0.00021794494717703385,-1,4,3440640,all_reduce,4,4
1196,0.042,0.043000000000000003,0.042933333333333344,0.043000000000000003,0.00024944382578492966,-1,4,3473408,all_reduce,4,4
1197,0.042,0.044,0.042966666666666674,0.043000000000000003,0.0002560381915956201,-1,4,3506176,all_reduce,4,4
1198,0.043000000000000003,0.044,0.04303333333333335,0.043000000000000003,0.00017950549357114906,-1,4,3538944,all_reduce,4,4
1199,0.043000000000000003,0.044,0.04328333333333334,0.043000000000000003,0.0004506168611531898,-1,4,3571712,all_reduce,4,4
1200,0.043000000000000003,0.044,0.043300000000000005,0.043000000000000003,0.00045825756949558123,-1,4,3604480,all_reduce,4,4
1201,0.043000000000000003,0.045,0.04340000000000001,0.043000000000000003,0.0005228129047119346,-1,4,3637248,all_reduce,4,4
1202,0.043000000000000003,0.044,0.043449999999999996,0.043000000000000003,0.000497493718553307,-1,4,3670016,all_reduce,4,4
1203,0.043000000000000003,0.044,0.04308333333333334,0.043000000000000003,0.0002763853991962817,-1,4,3702784,all_reduce,4,4
1204,0.043000000000000003,0.044,0.04310000000000001,0.043000000000000003,0.00029999999999999813,-1,4,3735552,all_reduce,4,4
1205,0.043000000000000003,0.044,0.04368333333333333,0.044,0.00046517619123175925,-1,4,3768320,all_reduce,4,4
1206,0.043000000000000003,0.044,0.043583333333333335,0.044,0.0004930066485916317,-1,4,3801088,all_reduce,4,4
1207,0.043000000000000003,0.044,0.04383333333333333,0.044,0.00037267799624996276,-1,4,3833856,all_reduce,4,4
1208,0.043000000000000003,0.044,0.04386666666666667,0.044,0.00033993463423951693,-1,4,3866624,all_reduce,4,4
1209,0.043000000000000003,0.044,0.043816666666666663,0.044,0.0003869395588747943,-1,4,3899392,all_reduce,4,4
1210,0.043000000000000003,0.044,0.04396666666666667,0.044,0.00017950549357114906,-1,4,3932160,all_reduce,4,4
1211,0.044,0.045,0.04405,0.044,0.00021794494717703385,-1,4,3964928,all_reduce,4,4
1212,0.043000000000000003,0.045,0.04398333333333333,0.044,0.0002229848026709934,-1,4,3997696,all_reduce,4,4
1213,0.044,0.045,0.04403333333333333,0.044,0.0001795054935711503,-1,4,4030464,all_reduce,4,4
1214,0.044,0.045,0.04405,0.044,0.00021794494717703385,-1,4,4063232,all_reduce,4,4
1215,0.044,0.045,0.04408333333333333,0.044,0.00027638539919628354,-1,4,4096000,all_reduce,4,4
1216,0.044,0.045,0.044116666666666665,0.044,0.000321022671404304,-1,4,4128768,all_reduce,4,4
1217,0.044,0.045,0.044199999999999996,0.044,0.0004000000000000004,-1,4,4161536,all_reduce,4,4
1218,0.046,0.048,0.046799999999999994,0.047,0.0004396968652757644,-1,4,4194304,all_reduce,4,4
1219,0.05,0.051000000000000004,0.050983333333333346,0.051000000000000004,0.00012801909579781022,-1,4,4227072,all_reduce,4,4
1220,0.051000000000000004,0.052000000000000005,0.05103333333333334,0.051000000000000004,0.00017950549357115028,-1,4,4259840,all_reduce,4,4
1221,0.051000000000000004,0.052000000000000005,0.05160000000000001,0.052000000000000005,0.0004898979485566361,-1,4,4292608,all_reduce,4,4
1222,0.051000000000000004,0.052000000000000005,0.051866666666666665,0.052000000000000005,0.0003399346342395193,-1,4,4325376,all_reduce,4,4
1223,0.052000000000000005,0.052000000000000005,0.052000000000000005,0.052000000000000005,0.0,-1,4,4358144,all_reduce,4,4
1224,0.052000000000000005,0.052000000000000005,0.052000000000000005,0.052000000000000005,0.0,-1,4,4390912,all_reduce,4,4
1225,0.052000000000000005,0.053,0.05254999999999999,0.053,0.0004974937185533069,-1,4,4423680,all_reduce,4,4
1226,0.052000000000000005,0.053,0.05275,0.053,0.0004330127018922167,-1,4,4456448,all_reduce,4,4
1227,0.052000000000000005,0.053,0.05201666666666667,0.052000000000000005,0.00012801909579780943,-1,4,4489216,all_reduce,4,4
1228,0.052000000000000005,0.053,0.05205,0.052000000000000005,0.0002179449471770324,-1,4,4521984,all_reduce,4,4
1229,0.052000000000000005,0.053,0.05206666666666667,0.052000000000000005,0.0002494438257849279,-1,4,4554752,all_reduce,4,4
1230,0.052000000000000005,0.053,0.05211666666666667,0.052000000000000005,0.0003210226714043018,-1,4,4587520,all_reduce,4,4
1231,0.052000000000000005,0.053,0.05279999999999999,0.053,0.0003999999999999976,-1,4,4620288,all_reduce,4,4
1232,0.052000000000000005,0.053,0.05286666666666666,0.053,0.00033993463423951693,-1,4,4653056,all_reduce,4,4
1233,0.052000000000000005,0.056,0.05298333333333332,0.053,0.0004651761912317615,-1,4,4685824,all_reduce,4,4
1234,0.052000000000000005,0.056,0.053066666666666665,0.053,0.0005734883511361754,-1,4,4718592,all_reduce,4,4
1235,0.052000000000000005,0.053,0.05223333333333333,0.052000000000000005,0.00042295258468164813,-1,4,4751360,all_reduce,4,4
1236,0.052000000000000005,0.053,0.05226666666666667,0.052000000000000005,0.00044221663871405067,-1,4,4784128,all_reduce,4,4
1237,0.053,0.058,0.053349999999999995,0.053,0.001029967637032026,-1,4,4816896,all_reduce,4,4
1238,0.052000000000000005,0.054,0.053,0.053,0.0003162277660168371,-1,4,4849664,all_reduce,4,4
1239,0.053,0.053,0.053,0.053,0.0,-1,4,4882432,all_reduce,4,4
1240,0.053,0.053,0.053,0.053,0.0,-1,4,4915200,all_reduce,4,4
1241,0.053,0.053,0.053,0.053,0.0,-1,4,4947968,all_reduce,4,4
1242,0.053,0.053,0.053,0.053,0.0,-1,4,4980736,all_reduce,4,4
1243,0.053,0.054,0.053066666666666665,0.053,0.00024944382578492966,-1,4,5013504,all_reduce,4,4
1244,0.053,0.054,0.05303333333333333,0.053,0.0001795054935711503,-1,4,5046272,all_reduce,4,4
1245,0.053,0.054,0.05301666666666666,0.053,0.00012801909579781027,-1,4,5079040,all_reduce,4,4
1246,0.042,0.043000000000000003,0.04285000000000001,0.043000000000000003,0.00035707142142714273,-1,4,5111808,all_reduce,4,4
1247,0.042,0.044,0.04290000000000001,0.043000000000000003,0.00035118845842842456,-1,4,5144576,all_reduce,4,4
1248,0.043000000000000003,0.044,0.043016666666666675,0.043000000000000003,0.0001280190957978094,-1,4,5177344,all_reduce,4,4
1249,0.042,0.044,0.04305000000000001,0.043000000000000003,0.0002843120351538651,-1,4,5210112,all_reduce,4,4
1250,0.043000000000000003,0.044,0.04311666666666668,0.043000000000000003,0.0003210226714043018,-1,4,5242880,all_reduce,4,4
1251,0.043000000000000003,0.045,0.04315000000000001,0.043000000000000003,0.00040104031385053033,-1,4,5275648,all_reduce,4,4
1252,0.043000000000000003,0.044,0.04311666666666668,0.043000000000000003,0.0003210226714043018,-1,4,5308416,all_reduce,4,4
1253,0.043000000000000003,0.044,0.0432,0.043000000000000003,0.0003999999999999976,-1,4,5341184,all_reduce,4,4
1254,0.043000000000000003,0.044,0.043333333333333335,0.043000000000000003,0.0004714045207910289,-1,4,5373952,all_reduce,4,4
1255,0.043000000000000003,0.044,0.04353333333333334,0.044,0.000498887651569856,-1,4,5406720,all_reduce,4,4
1256,0.043000000000000003,0.044,0.043533333333333334,0.044,0.0004988876515698558,-1,4,5439488,all_reduce,4,4
1257,0.043000000000000003,0.045,0.043783333333333334,0.044,0.00045061686115319003,-1,4,5472256,all_reduce,4,4
1258,0.043000000000000003,0.045,0.043616666666666665,0.044,0.0005193478816960932,-1,4,5505024,all_reduce,4,4
1259,0.044,0.045,0.04416666666666666,0.044,0.00037267799624996525,-1,4,5537792,all_reduce,4,4
1260,0.044,0.046,0.044433333333333325,0.044,0.0005280993172584958,-1,4,5570560,all_reduce,4,4
1261,0.044,0.045,0.044483333333333326,0.044,0.000499722145018832,-1,4,5603328,all_reduce,4,4
1262,0.044,0.046,0.04466666666666665,0.045,0.0005055250296034372,-1,4,5636096,all_reduce,4,4
1263,0.044,0.046,0.04466666666666666,0.045,0.000505525029603437,-1,4,5668864,all_reduce,4,4
1264,0.044,0.045,0.04469999999999999,0.045,0.0004582575694955844,-1,4,5701632,all_reduce,4,4
1265,0.044,0.046,0.04489999999999999,0.045,0.00047258156262526123,-1,4,5734400,all_reduce,4,4
1266,0.045,0.047,0.04563333333333332,0.046,0.0005153208277913439,-1,4,5767168,all_reduce,4,4
1267,0.045,0.046,0.04591666666666665,0.046,0.00027638539919628354,-1,4,5799936,all_reduce,4,4
1268,0.046,0.047,0.04601666666666664,0.046,0.00012801909579781022,-1,4,5832704,all_reduce,4,4
1269,0.046,0.047,0.04619999999999999,0.046,0.0004000000000000003,-1,4,5865472,all_reduce,4,4
1270,0.046,0.047,0.04613333333333332,0.046,0.0003399346342395193,-1,4,5898240,all_reduce,4,4
1271,0.046,0.057,0.04643333333333331,0.046,0.001441835250258812,-1,4,5931008,all_reduce,4,4
1272,0.046,0.047,0.04629999999999999,0.046,0.0004582575694955844,-1,4,5963776,all_reduce,4,4
1273,0.046,0.047,0.04614999999999998,0.046,0.0003570714214271428,-1,4,5996544,all_reduce,4,4
1274,0.046,0.047,0.04619999999999999,0.046,0.0004000000000000003,-1,4,6029312,all_reduce,4,4
1275,0.046,0.06,0.04658333333333332,0.046,0.0018100798018012602,-1,4,6062080,all_reduce,4,4
1276,0.046,0.057,0.04656666666666666,0.046,0.0014418352502588115,-1,4,6094848,all_reduce,4,4
1277,0.046,0.047,0.046433333333333326,0.046,0.0004955356249106172,-1,4,6127616,all_reduce,4,4
1278,0.046,0.047,0.046699999999999985,0.047,0.0004582575694955844,-1,4,6160384,all_reduce,4,4
1279,0.046,0.047,0.046883333333333325,0.047,0.000321022671404304,-1,4,6193152,all_reduce,4,4
1280,0.046,0.047,0.046733333333333335,0.047,0.0004422166387140537,-1,4,6225920,all_reduce,4,4
1281,0.046,0.048,0.046950000000000006,0.047,0.00028431203515386663,-1,4,6258688,all_reduce,4,4
1282,0.046,0.05,0.04700000000000001,0.047,0.0004830458915396484,-1,4,6291456,all_reduce,4,4
1283,0.047,0.048,0.04705000000000001,0.047,0.00021794494717703385,-1,4,6324224,all_reduce,4,4
1284,0.047,0.058,0.047400000000000005,0.047,0.0014399074044303452,-1,4,6356992,all_reduce,4,4
1285,0.047,0.048,0.04731666666666667,0.047,0.00046517619123176245,-1,4,6389760,all_reduce,4,4
1286,0.047,0.05,0.04759999999999999,0.047,0.0008205689083394121,-1,4,6422528,all_reduce,4,4
1287,0.049,0.05,0.049366666666666656,0.049,0.00048189440982669907,-1,4,6455296,all_reduce,4,4
1288,0.049,0.053,0.049633333333333314,0.05,0.0006574360974438673,-1,4,6488064,all_reduce,4,4
1289,0.049,0.05,0.04976666666666665,0.05,0.000422952584681651,-1,4,6520832,all_reduce,4,4
1290,0.049,0.051000000000000004,0.04973333333333332,0.05,0.00047842333648024456,-1,4,6553600,all_reduce,4,4
1291,0.049,0.051000000000000004,0.04996666666666665,0.05,0.00036362373715452426,-1,4,6586368,all_reduce,4,4
1292,0.049,0.051000000000000004,0.05005,0.05,0.0003840572873934307,-1,4,6619136,all_reduce,4,4
1293,0.049,0.051000000000000004,0.05014999999999999,0.05,0.00040104031385053245,-1,4,6651904,all_reduce,4,4
1294,0.049,0.05,0.04974999999999999,0.05,0.0004330127018922197,-1,4,6684672,all_reduce,4,4
1295,0.049,0.051000000000000004,0.04994999999999998,0.05,0.00038405728739343076,-1,4,6717440,all_reduce,4,4
1296,0.049,0.051000000000000004,0.05001666666666666,0.05,0.00028819360776317666,-1,4,6750208,all_reduce,4,4
1297,0.049,0.051000000000000004,0.050033333333333325,0.05,0.00025603819159562054,-1,4,6782976,all_reduce,4,4
1298,0.05,0.051000000000000004,0.05009999999999999,0.05,0.0003000000000000003,-1,4,6815744,all_reduce,4,4
1299,0.05,0.051000000000000004,0.05018333333333332,0.05,0.000386939558874797,-1,4,6848512,all_reduce,4,4
1300,0.05,0.051000000000000004,0.05026666666666666,0.05,0.0004422166387140537,-1,4,6881280,all_reduce,4,4
1301,0.05,0.051000000000000004,0.05018333333333334,0.05,0.00038693955887479696,-1,4,6914048,all_reduce,4,4
1302,0.05,0.058,0.050416666666666665,0.05,0.0010846146269015966,-1,4,6946816,all_reduce,4,4
1303,0.05,0.051000000000000004,0.050350000000000006,0.05,0.0004769696007084732,-1,4,6979584,all_reduce,4,4
1304,0.05,0.065,0.05083333333333333,0.05,0.002161532378249797,-1,4,7012352,all_reduce,4,4
1305,0.05,0.051000000000000004,0.050633333333333336,0.051000000000000004,0.00048189440982669907,-1,4,7045120,all_reduce,4,4
1306,0.05,0.052000000000000005,0.05088333333333333,0.051000000000000004,0.000369308663436006,-1,4,7077888,all_reduce,4,4
1307,0.05,0.052000000000000005,0.05091666666666667,0.051000000000000004,0.0003782268572636742,-1,4,7110656,all_reduce,4,4
1308,0.051000000000000004,0.052000000000000005,0.05103333333333334,0.051000000000000004,0.00017950549357115028,-1,4,7143424,all_reduce,4,4
1309,0.05,0.052000000000000005,0.05100000000000001,0.051000000000000004,0.0002581988897471614,-1,4,7176192,all_reduce,4,4
1310,0.051000000000000004,0.052000000000000005,0.05120000000000001,0.051000000000000004,0.0004000000000000004,-1,4,7208960,all_reduce,4,4
1311,0.051000000000000004,0.052000000000000005,0.051183333333333345,0.051000000000000004,0.0003869395588747969,-1,4,7241728,all_reduce,4,4
1312,0.051000000000000004,0.052000000000000005,0.05128333333333334,0.051000000000000004,0.00045061686115319285,-1,4,7274496,all_reduce,4,4
1313,0.051000000000000004,0.052000000000000005,0.05143333333333334,0.051000000000000004,0.0004955356249106172,-1,4,7307264,all_reduce,4,4
1314,0.051000000000000004,0.052000000000000005,0.05176666666666667,0.052000000000000005,0.0004229525846816511,-1,4,7340032,all_reduce,4,4
1315,0.051000000000000004,0.053,0.051899999999999995,0.052000000000000005,0.00035118845842842456,-1,4,7372800,all_reduce,4,4
1316,0.055,0.056,0.055366666666666675,0.055,0.00048189440982669907,-1,4,7405568,all_reduce,4,4
1317,0.055,0.056,0.05535000000000001,0.055,0.00047696960070847325,-1,4,7438336,all_reduce,4,4
1318,0.055,0.057,0.05538333333333335,0.055,0.0005193478816960966,-1,4,7471104,all_reduce,4,4
1319,0.055,0.056,0.05558333333333334,0.056,0.0004930066485916352,-1,4,7503872,all_reduce,4,4
1320,0.055,0.056,0.05573333333333334,0.056,0.0004422166387140537,-1,4,7536640,all_reduce,4,4
1321,0.055,0.062,0.056033333333333345,0.056,0.0008749603165604458,-1,4,7569408,all_reduce,4,4
1322,0.056,0.057,0.05601666666666667,0.056,0.0001280190957978103,-1,4,7602176,all_reduce,4,4
1323,0.055,0.057,0.05601666666666667,0.056,0.0003411581581743123,-1,4,7634944,all_reduce,4,4
1324,0.055,0.057,0.05603333333333334,0.056,0.0003144660377352204,-1,4,7667712,all_reduce,4,4
1325,0.055,0.057,0.05605000000000001,0.056,0.00028431203515386663,-1,4,7700480,all_reduce,4,4
1326,0.055,0.057,0.05601666666666667,0.056,0.00028819360776317666,-1,4,7733248,all_reduce,4,4
1327,0.056,0.057,0.05625000000000001,0.056,0.0004330127018922197,-1,4,7766016,all_reduce,4,4
1328,0.056,0.057,0.056316666666666675,0.056,0.00046517619123176245,-1,4,7798784,all_reduce,4,4
1329,0.056,0.057,0.05636666666666667,0.056,0.00048189440982669907,-1,4,7831552,all_reduce,4,4
1330,0.056,0.057,0.05641666666666667,0.056,0.0004930066485916352,-1,4,7864320,all_reduce,4,4
1331,0.056,0.057,0.0565,0.0565,0.0005000000000000006,-1,4,7897088,all_reduce,4,4
1332,0.056,0.058,0.0566,0.057,0.000522812904711938,-1,4,7929856,all_reduce,4,4
1333,0.056,0.058,0.05681666666666666,0.057,0.0004278499217664482,-1,4,7962624,all_reduce,4,4
1334,0.056,0.058,0.0569,0.057,0.0003958114029012642,-1,4,7995392,all_reduce,4,4
1335,0.056,0.058,0.05695000000000001,0.057,0.0003378855822118885,-1,4,8028160,all_reduce,4,4
1336,0.056,0.058,0.0571,0.057,0.00035118845842842494,-1,4,8060928,all_reduce,4,4
1337,0.057,0.059000000000000004,0.05811666666666667,0.058,0.00041197356981027627,-1,4,8093696,all_reduce,4,4
1338,0.058,0.059000000000000004,0.058199999999999995,0.058,0.0004000000000000003,-1,4,8126464,all_reduce,4,4
1339,0.058,0.059000000000000004,0.05825,0.058,0.0004330127018922197,-1,4,8159232,all_reduce,4,4
1340,0.058,0.059000000000000004,0.05843333333333333,0.058,0.0004955356249106172,-1,4,8192000,all_reduce,4,4
1341,0.058,0.059000000000000004,0.05861666666666668,0.059000000000000004,0.00048619840486049454,-1,4,8224768,all_reduce,4,4
1342,0.058,0.059000000000000004,0.05863333333333334,0.059000000000000004,0.0004818944098266991,-1,4,8257536,all_reduce,4,4
1343,0.058,0.059000000000000004,0.058800000000000005,0.059000000000000004,0.0004000000000000004,-1,4,8290304,all_reduce,4,4
1344,0.058,0.059000000000000004,0.058800000000000005,0.059000000000000004,0.00040000000000000034,-1,4,8323072,all_reduce,4,4
1345,0.058,0.06,0.05888333333333335,0.059000000000000004,0.00045061686115319203,-1,4,8355840,all_reduce,4,4
1346,0.058,0.059000000000000004,0.05881666666666668,0.059000000000000004,0.0003869395588747969,-1,4,8388608,all_reduce,4,4
1347,0.058,0.06,0.05903333333333335,0.059000000000000004,0.0003636237371545226,-1,4,8421376,all_reduce,4,4
1348,0.058,0.06,0.05913333333333335,0.059000000000000004,0.0003858612300930055,-1,4,8454144,all_reduce,4,4
1349,0.059000000000000004,0.061,0.05935000000000001,0.059000000000000004,0.0005107184482014827,-1,4,8486912,all_reduce,4,4
1350,0.059000000000000004,0.06,0.059466666666666675,0.059000000000000004,0.000498887651569856,-1,4,8519680,all_reduce,4,4
1351,0.059000000000000004,0.066,0.05940000000000001,0.059000000000000004,0.0009865765724632483,-1,4,8552448,all_reduce,4,4
1352,0.059000000000000004,0.061,0.059500000000000004,0.059000000000000004,0.0005322906474223742,-1,4,8585216,all_reduce,4,4
1353,0.059000000000000004,0.06,0.05948333333333334,0.059000000000000004,0.0004997221450188286,-1,4,8617984,all_reduce,4,4
1354,0.059000000000000004,0.061,0.0597,0.06,0.0005259911279353141,-1,4,8650752,all_reduce,4,4
1355,0.059000000000000004,0.061,0.059866666666666665,0.06,0.00046427960923946867,-1,4,8683520,all_reduce,4,4
1356,0.059000000000000004,0.061,0.06003333333333334,0.06,0.0003144660377352197,-1,4,8716288,all_reduce,4,4
1357,0.059000000000000004,0.061,0.06015,0.06,0.0004010403138505322,-1,4,8749056,all_reduce,4,4
1358,0.06,0.082,0.06125,0.061,0.0027302319803757832,-1,4,8781824,all_reduce,4,4
1359,0.06,0.062,0.061066666666666665,0.061,0.0003590109871423007,-1,4,8814592,all_reduce,4,4
1360,0.06,0.062,0.061066666666666665,0.061,0.0003590109871423006,-1,4,8847360,all_reduce,4,4
1361,0.061,0.062,0.061349999999999995,0.061,0.00047696960070847325,-1,4,8880128,all_reduce,4,4
1362,0.061,0.062,0.061349999999999995,0.061,0.00047696960070847325,-1,4,8912896,all_reduce,4,4
1363,0.061,0.062,0.06158333333333332,0.062,0.0004930066485916351,-1,4,8945664,all_reduce,4,4
1364,0.061,0.062,0.06159999999999999,0.062,0.000489897948556636,-1,4,8978432,all_reduce,4,4
1365,0.061,0.062,0.06153333333333332,0.062,0.0004988876515698593,-1,4,9011200,all_reduce,4,4
1366,0.061,0.063,0.06148333333333333,0.061,0.0005624845676895407,-1,4,9043968,all_reduce,4,4
1367,0.061,0.063,0.061633333333333325,0.062,0.0005153208277913439,-1,4,9076736,all_reduce,4,4
1368,0.061,0.063,0.06181666666666666,0.062,0.0004997221450188321,-1,4,9109504,all_reduce,4,4
1369,0.061,0.063,0.06193333333333332,0.062,0.0004027681991198195,-1,4,9142272,all_reduce,4,4
1370,0.061,0.063,0.06211666666666666,0.062,0.0004506168611531929,-1,4,9175040,all_reduce,4,4
1371,0.061,0.063,0.062099999999999995,0.062,0.0005385164807134509,-1,4,9207808,all_reduce,4,4
1372,0.062,0.063,0.06236666666666666,0.062,0.00048189440982669907,-1,4,9240576,all_reduce,4,4
1373,0.062,0.064,0.06258333333333334,0.063,0.0005565269285688004,-1,4,9273344,all_reduce,4,4
1374,0.062,0.064,0.06275,0.063,0.0004699290726623899,-1,4,9306112,all_reduce,4,4
1375,0.062,0.064,0.06308333333333334,0.063,0.0003782268572636743,-1,4,9338880,all_reduce,4,4
1376,0.062,0.064,0.06311666666666667,0.063,0.000369308663436006,-1,4,9371648,all_reduce,4,4
1377,0.065,0.066,0.06506666666666666,0.065,0.00024944382578492966,-1,4,9404416,all_reduce,4,4
1378,0.065,0.066,0.06521666666666666,0.065,0.0004119735698102762,-1,4,9437184,all_reduce,4,4
1379,0.065,0.066,0.06521666666666666,0.065,0.0004119735698102762,-1,4,9469952,all_reduce,4,4
1380,0.065,0.066,0.06556666666666666,0.066,0.0004955356249106172,-1,4,9502720,all_reduce,4,4
1381,0.065,0.067,0.06599999999999999,0.066,0.00018257418583505553,-1,4,9535488,all_reduce,4,4
1382,0.065,0.066,0.0656,0.066,0.000489897948556636,-1,4,9568256,all_reduce,4,4
1383,0.065,0.066,0.06598333333333332,0.066,0.0001280190957978103,-1,4,9601024,all_reduce,4,4
1384,0.065,0.067,0.06608333333333333,0.066,0.00033124344857253014,-1,4,9633792,all_reduce,4,4
1385,0.065,0.066,0.06595,0.066,0.00021794494717703385,-1,4,9666560,all_reduce,4,4
1386,0.066,0.066,0.06599999999999999,0.066,1.3877787807814457e-17,-1,4,9699328,all_reduce,4,4
1387,0.066,0.067,0.06628333333333333,0.066,0.0004506168611531928,-1,4,9732096,all_reduce,4,4
1388,0.066,0.067,0.06603333333333333,0.066,0.0001795054935711503,-1,4,9764864,all_reduce,4,4
1389,0.066,0.067,0.06611666666666666,0.066,0.00032102267140430397,-1,4,9797632,all_reduce,4,4
1390,0.066,0.067,0.06678333333333335,0.067,0.0004119735698102762,-1,4,9830400,all_reduce,4,4
1391,0.066,0.067,0.06661666666666669,0.067,0.00048619840486049454,-1,4,9863168,all_reduce,4,4
1392,0.066,0.067,0.06696666666666667,0.067,0.0001795054935711503,-1,4,9895936,all_reduce,4,4
1393,0.066,0.068,0.06706666666666668,0.067,0.0003091206165165237,-1,4,9928704,all_reduce,4,4
1394,0.066,0.067,0.06691666666666668,0.067,0.0002763853991962836,-1,4,9961472,all_reduce,4,4
1395,0.067,0.067,0.067,0.067,0.0,-1,4,9994240,all_reduce,4,4
1396,0.067,0.068,0.06728333333333335,0.067,0.00045061686115319285,-1,4,10027008,all_reduce,4,4
1397,0.067,0.068,0.0671,0.067,0.00030000000000000024,-1,4,10059776,all_reduce,4,4
1398,0.067,0.068,0.0674,0.067,0.000489897948556636,-1,4,10092544,all_reduce,4,4
1399,0.067,0.068,0.06780000000000001,0.068,0.0004000000000000003,-1,4,10125312,all_reduce,4,4
1400,0.067,0.068,0.06748333333333334,0.067,0.0004997221450188321,-1,4,10158080,all_reduce,4,4
1401,0.067,0.068,0.0679,0.068,0.0003000000000000003,-1,4,10190848,all_reduce,4,4
1402,0.068,0.069,0.06804999999999999,0.068,0.00021794494717703383,-1,4,10223616,all_reduce,4,4
1403,0.068,0.069,0.06828333333333332,0.068,0.0004506168611531929,-1,4,10256384,all_reduce,4,4
1404,0.068,0.069,0.06858333333333334,0.069,0.0004930066485916352,-1,4,10289152,all_reduce,4,4
1405,0.068,0.07,0.06886666666666667,0.069,0.00038586123009300784,-1,4,10321920,all_reduce,4,4
1406,0.068,0.069,0.06858333333333334,0.069,0.0004930066485916352,-1,4,10354688,all_reduce,4,4
1407,0.068,0.069,0.06888333333333334,0.069,0.000321022671404304,-1,4,10387456,all_reduce,4,4
1408,0.068,0.07,0.06905,0.069,0.0003378855822118885,-1,4,10420224,all_reduce,4,4
1409,0.068,0.069,0.06898333333333334,0.069,0.0001280190957978103,-1,4,10452992,all_reduce,4,4
1410,0.069,0.07,0.06913333333333334,0.069,0.00033993463423951926,-1,4,10485760,all_reduce,4,4
1411,0.069,0.07,0.06938333333333334,0.069,0.00048619840486049454,-1,4,10518528,all_reduce,4,4
1412,0.069,0.07,0.06926666666666667,0.069,0.0004422166387140537,-1,4,10551296,all_reduce,4,4
1413,0.069,0.07,0.06983333333333336,0.07,0.0003726779962499653,-1,4,10584064,all_reduce,4,4
1414,0.069,0.07100000000000001,0.06998333333333334,0.07,0.0002881936077631767,-1,4,10616832,all_reduce,4,4
1415,0.068,0.07,0.06908333333333334,0.069,0.00033124344857253014,-1,4,10649600,all_reduce,4,4
1416,0.069,0.07,0.06950000000000002,0.0695,0.0005000000000000004,-1,4,10682368,all_reduce,4,4
1417,0.069,0.07100000000000001,0.06980000000000001,0.07,0.0004396968652757643,-1,4,10715136,all_reduce,4,4
1418,0.069,0.07,0.0694,0.069,0.000489897948556636,-1,4,10747904,all_reduce,4,4
1419,0.069,0.07100000000000001,0.06986666666666669,0.07,0.00038586123009300784,-1,4,10780672,all_reduce,4,4
1420,0.069,0.07100000000000001,0.07001666666666667,0.07,0.00028819360776317666,-1,4,10813440,all_reduce,4,4
1421,0.069,0.07,0.06986666666666669,0.07,0.0003399346342395193,-1,4,10846208,all_reduce,4,4
1422,0.069,0.07100000000000001,0.07003333333333335,0.07,0.00025603819159562054,-1,4,10878976,all_reduce,4,4
1423,0.07,0.07100000000000001,0.07030000000000002,0.07,0.0004582575694955844,-1,4,10911744,all_reduce,4,4
1424,0.069,0.07100000000000001,0.07000000000000002,0.07,0.0002581988897471614,-1,4,10944512,all_reduce,4,4
1425,0.07,0.07100000000000001,0.07028333333333335,0.07,0.00045061686115319295,-1,4,10977280,all_reduce,4,4
1426,0.07,0.07100000000000001,0.07076666666666666,0.07100000000000001,0.000422952584681651,-1,4,11010048,all_reduce,4,4
1427,0.07,0.07200000000000001,0.07096666666666665,0.07100000000000001,0.00025603819159562054,-1,4,11042816,all_reduce,4,4
1428,0.07,0.07200000000000001,0.07105,0.07100000000000001,0.00028431203515386663,-1,4,11075584,all_reduce,4,4
1429,0.07100000000000001,0.07200000000000001,0.07121666666666666,0.07100000000000001,0.0004119735698102762,-1,4,11108352,all_reduce,4,4
1430,0.07100000000000001,0.07200000000000001,0.07109999999999998,0.07100000000000001,0.00030000000000000024,-1,4,11141120,all_reduce,4,4
1431,0.07100000000000001,0.07200000000000001,0.07133333333333332,0.07100000000000001,0.0004714045207910322,-1,4,11173888,all_reduce,4,4
1432,0.07100000000000001,0.07200000000000001,0.07163333333333335,0.07200000000000001,0.00048189440982669907,-1,4,11206656,all_reduce,4,4
1433,0.07100000000000001,0.07200000000000001,0.07125,0.07100000000000001,0.0004330127018922197,-1,4,11239424,all_reduce,4,4
1434,0.07100000000000001,0.07200000000000001,0.07171666666666668,0.07200000000000001,0.00045061686115319285,-1,4,11272192,all_reduce,4,4
1435,0.07100000000000001,0.07200000000000001,0.07188333333333334,0.07200000000000001,0.000321022671404304,-1,4,11304960,all_reduce,4,4
1436,0.07100000000000001,0.07200000000000001,0.07185,0.07200000000000001,0.00035707142142714284,-1,4,11337728,all_reduce,4,4
1437,0.07100000000000001,0.073,0.07206666666666668,0.07200000000000001,0.00030912061651652026,-1,4,11370496,all_reduce,4,4
1438,0.07200000000000001,0.073,0.07225000000000002,0.07200000000000001,0.00043301270189221366,-1,4,11403264,all_reduce,4,4
1439,0.07100000000000001,0.07200000000000001,0.07188333333333333,0.07200000000000001,0.000321022671404304,-1,4,11436032,all_reduce,4,4
1440,0.07200000000000001,0.073,0.07216666666666668,0.07200000000000001,0.00037267799624996005,-1,4,11468800,all_reduce,4,4
1441,0.07200000000000001,0.073,0.07235,0.07200000000000001,0.0004769696007084666,-1,4,11501568,all_reduce,4,4
1442,0.07100000000000001,0.073,0.07200000000000001,0.07200000000000001,0.0003651483716701085,-1,4,11534336,all_reduce,4,4
1443,0.07200000000000001,0.073,0.07218333333333335,0.07200000000000001,0.00038693955887479154,-1,4,11567104,all_reduce,4,4
1444,0.07200000000000001,0.074,0.07260000000000001,0.073,0.0005228129047119312,-1,4,11599872,all_reduce,4,4
1445,0.07200000000000001,0.073,0.07236666666666669,0.07200000000000001,0.0004818944098266924,-1,4,11632640,all_reduce,4,4
1446,0.07200000000000001,0.074,0.07285000000000004,0.073,0.00044064346888007165,-1,4,11665408,all_reduce,4,4
1447,0.073,0.074,0.07305000000000003,0.073,0.00021794494717703385,-1,4,11698176,all_reduce,4,4
1448,0.07200000000000001,0.074,0.07285000000000003,0.073,0.00044064346888007165,-1,4,11730944,all_reduce,4,4
1449,0.07200000000000001,0.074,0.07313333333333336,0.073,0.0003858612300930072,-1,4,11763712,all_reduce,4,4
1450,0.073,0.074,0.07343333333333334,0.073,0.0004955356249106172,-1,4,11796480,all_reduce,4,4
1451,0.073,0.074,0.07336666666666666,0.073,0.00048189440982669907,-1,4,11829248,all_reduce,4,4
1452,0.073,0.074,0.07376666666666669,0.074,0.0004229525846816511,-1,4,11862016,all_reduce,4,4
1453,0.073,0.074,0.07373333333333333,0.074,0.0004422166387140537,-1,4,11894784,all_reduce,4,4
1454,0.073,0.074,0.07391666666666666,0.074,0.0002763853991962836,-1,4,11927552,all_reduce,4,4
1455,0.073,0.075,0.07404999999999999,0.074,0.00028431203515386663,-1,4,11960320,all_reduce,4,4
1456,0.074,0.075,0.07416666666666667,0.074,0.00037267799624996525,-1,4,11993088,all_reduce,4,4
1457,0.073,0.075,0.07408333333333332,0.074,0.00033124344857253014,-1,4,12025856,all_reduce,4,4
1458,0.074,0.075,0.07411666666666665,0.074,0.00032102267140430397,-1,4,12058624,all_reduce,4,4
1459,0.074,0.075,0.07425,0.074,0.00043301270189221973,-1,4,12091392,all_reduce,4,4
1460,0.074,0.075,0.07435,0.074,0.00047696960070847325,-1,4,12124160,all_reduce,4,4
1461,0.074,0.076,0.07471666666666668,0.075,0.00048619840486049454,-1,4,12156928,all_reduce,4,4
1462,0.074,0.076,0.07485000000000001,0.075,0.0004406434688800766,-1,4,12189696,all_reduce,4,4
1463,0.074,0.075,0.07423333333333333,0.074,0.000422952584681651,-1,4,12222464,all_reduce,4,4
1464,0.074,0.075,0.07454999999999999,0.075,0.0004974937185533104,-1,4,12255232,all_reduce,4,4
1465,0.074,0.076,0.07473333333333335,0.075,0.000512076383191241,-1,4,12288000,all_reduce,4,4
1466,0.074,0.075,0.07448333333333333,0.074,0.0004997221450188321,-1,4,12320768,all_reduce,4,4
1467,0.074,0.075,0.07483333333333335,0.075,0.0003726779962499653,-1,4,12353536,all_reduce,4,4
1468,0.074,0.076,0.07501666666666666,0.075,0.00042784992176644833,-1,4,12386304,all_reduce,4,4
1469,0.074,0.076,0.07493333333333334,0.075,0.0003091206165165237,-1,4,12419072,all_reduce,4,4
1470,0.075,0.076,0.07533333333333332,0.075,0.00047140452079103207,-1,4,12451840,all_reduce,4,4
1471,0.075,0.077,0.07543333333333332,0.075,0.0005280993172584958,-1,4,12484608,all_reduce,4,4
1472,0.074,0.076,0.07513333333333334,0.075,0.00038586123009300784,-1,4,12517376,all_reduce,4,4
1473,0.075,0.077,0.07554999999999999,0.076,0.0005299371031861554,-1,4,12550144,all_reduce,4,4
1474,0.075,0.076,0.07578333333333331,0.076,0.0004119735698102762,-1,4,12582912,all_reduce,4,4
1475,0.075,0.077,0.07594999999999998,0.076,0.0002843120351538666,-1,4,12615680,all_reduce,4,4
1476,0.076,0.077,0.07611666666666664,0.076,0.00032102267140430397,-1,4,12648448,all_reduce,4,4
1477,0.076,0.077,0.07628333333333331,0.076,0.0004506168611531929,-1,4,12681216,all_reduce,4,4
1478,0.076,0.077,0.07634999999999999,0.076,0.00047696960070847325,-1,4,12713984,all_reduce,4,4
1479,0.076,0.077,0.07661666666666665,0.077,0.0004861984048604945,-1,4,12746752,all_reduce,4,4
1480,0.076,0.077,0.07683333333333332,0.077,0.00037267799624996525,-1,4,12779520,all_reduce,4,4
1481,0.076,0.106,0.07688333333333332,0.076,0.003821394451709423,-1,4,12812288,all_reduce,4,4
1482,0.076,0.078,0.07685,0.077,0.00044064346888007653,-1,4,12845056,all_reduce,4,4
1483,0.076,0.078,0.07701666666666668,0.077,0.0004278499217664483,-1,4,12877824,all_reduce,4,4
1484,0.076,0.078,0.077,0.077,0.0003162277660168382,-1,4,12910592,all_reduce,4,4
1485,0.076,0.078,0.07723333333333335,0.077,0.00046067583203617554,-1,4,12943360,all_reduce,4,4
1486,0.077,0.078,0.07741666666666668,0.077,0.0004930066485916351,-1,4,12976128,all_reduce,4,4
1487,0.077,0.078,0.07721666666666668,0.077,0.0004119735698102762,-1,4,13008896,all_reduce,4,4
1488,0.077,0.079,0.07755000000000001,0.078,0.0005299371031861554,-1,4,13041664,all_reduce,4,4
1489,0.077,0.078,0.07768333333333335,0.078,0.00046517619123176256,-1,4,13074432,all_reduce,4,4
1490,0.077,0.078,0.0772,0.077,0.0004000000000000004,-1,4,13107200,all_reduce,4,4
1491,0.077,0.078,0.07755000000000001,0.078,0.0004974937185533105,-1,4,13139968,all_reduce,4,4
1492,0.077,0.078,0.07766666666666669,0.078,0.0004714045207910322,-1,4,13172736,all_reduce,4,4
1493,0.077,0.078,0.07785000000000002,0.078,0.0003570714214271428,-1,4,13205504,all_reduce,4,4
1494,0.077,0.079,0.07800000000000003,0.078,0.00018257418583505553,-1,4,13238272,all_reduce,4,4
1495,0.078,0.079,0.07810000000000002,0.078,0.0003000000000000003,-1,4,13271040,all_reduce,4,4
1496,0.077,0.079,0.07791666666666669,0.078,0.0003312434485725301,-1,4,13303808,all_reduce,4,4
1497,0.078,0.079,0.07808333333333335,0.078,0.00027638539919628354,-1,4,13336576,all_reduce,4,4
1498,0.078,0.079,0.07821666666666668,0.078,0.0004119735698102762,-1,4,13369344,all_reduce,4,4
1499,0.078,0.08,0.07891666666666666,0.079,0.0003782268572636743,-1,4,13402112,all_reduce,4,4
1500,0.078,0.079,0.07894999999999999,0.079,0.00021794494717703385,-1,4,13434880,all_reduce,4,4
1501,0.079,0.08,0.07904999999999998,0.079,0.00021794494717703383,-1,4,13467648,all_reduce,4,4
1502,0.079,0.081,0.07918333333333334,0.079,0.00042784992176644817,-1,4,13500416,all_reduce,4,4
1503,0.079,0.08,0.07938333333333333,0.079,0.0004861984048604945,-1,4,13533184,all_reduce,4,4
1504,0.079,0.08,0.07946666666666666,0.079,0.0004988876515698593,-1,4,13565952,all_reduce,4,4
1505,0.079,0.08,0.0793,0.079,0.0004582575694955844,-1,4,13598720,all_reduce,4,4
1506,0.079,0.08,0.07936666666666667,0.079,0.00048189440982669907,-1,4,13631488,all_reduce,4,4
1507,0.079,0.08,0.07960000000000002,0.08,0.000489897948556636,-1,4,13664256,all_reduce,4,4
1508,0.079,0.081,0.07976666666666667,0.08,0.00046067583203617554,-1,4,13697024,all_reduce,4,4
1509,0.079,0.08,0.07995000000000001,0.08,0.00021794494717703388,-1,4,13729792,all_reduce,4,4
1510,0.079,0.081,0.07998333333333334,0.08,0.00034115815817431234,-1,4,13762560,all_reduce,4,4
1511,0.079,0.08,0.0795,0.0795,0.0005000000000000006,-1,4,13795328,all_reduce,4,4
1512,0.079,0.081,0.07966666666666668,0.08,0.0005055250296034372,-1,4,13828096,all_reduce,4,4
1513,0.079,0.08,0.07988333333333333,0.08,0.00032102267140430397,-1,4,13860864,all_reduce,4,4
1514,0.079,0.08,0.07970000000000002,0.08,0.0004582575694955844,-1,4,13893632,all_reduce,4,4
1515,0.079,0.081,0.07998333333333335,0.08,0.0002881936077631766,-1,4,13926400,all_reduce,4,4
1516,0.079,0.08,0.07996666666666669,0.08,0.0001795054935711503,-1,4,13959168,all_reduce,4,4
1517,0.08,0.081,0.08005000000000001,0.08,0.00021794494717703385,-1,4,13991936,all_reduce,4,4
1518,0.08,0.081,0.08018333333333336,0.08,0.000386939558874797,-1,4,14024704,all_reduce,4,4
1519,0.08,0.081,0.08030000000000002,0.08,0.00045825756949558437,-1,4,14057472,all_reduce,4,4
1520,0.08,0.081,0.08001666666666667,0.08,0.00012801909579781027,-1,4,14090240,all_reduce,4,4
1521,0.08,0.081,0.08021666666666669,0.08,0.00041197356981027627,-1,4,14123008,all_reduce,4,4
1522,0.08,0.081,0.08036666666666668,0.08,0.00048189440982669907,-1,4,14155776,all_reduce,4,4
1523,0.081,0.082,0.08131666666666669,0.081,0.00046517619123176245,-1,4,14188544,all_reduce,4,4
1524,0.081,0.082,0.08161666666666668,0.082,0.00048619840486049454,-1,4,14221312,all_reduce,4,4
1525,0.081,0.082,0.08156666666666666,0.082,0.0004955356249106172,-1,4,14254080,all_reduce,4,4
1526,0.081,0.082,0.08176666666666668,0.082,0.0004229525846816511,-1,4,14286848,all_reduce,4,4
1527,0.081,0.082,0.0819,0.082,0.0003000000000000003,-1,4,14319616,all_reduce,4,4
1528,0.082,0.082,0.082,0.082,0.0,-1,4,14352384,all_reduce,4,4
1529,0.081,0.082,0.08193333333333334,0.082,0.00024944382578492966,-1,4,14385152,all_reduce,4,4
1530,0.081,0.083,0.08205,0.082,0.00028431203515386663,-1,4,14417920,all_reduce,4,4
1531,0.081,0.083,0.082,0.082,0.0002581988897471614,-1,4,14450688,all_reduce,4,4
1532,0.082,0.083,0.08223333333333334,0.082,0.000422952584681651,-1,4,14483456,all_reduce,4,4
1533,0.082,0.083,0.08240000000000001,0.082,0.000489897948556636,-1,4,14516224,all_reduce,4,4
1534,0.082,0.084,0.0826,0.083,0.0005228129047119378,-1,4,14548992,all_reduce,4,4
1535,0.082,0.083,0.08261666666666666,0.083,0.0004861984048604945,-1,4,14581760,all_reduce,4,4
1536,0.082,0.084,0.08280000000000003,0.083,0.00043969686527576434,-1,4,14614528,all_reduce,4,4
1537,0.082,0.084,0.0830166666666667,0.083,0.00022298480267099441,-1,4,14647296,all_reduce,4,4
1538,0.082,0.084,0.08281666666666668,0.083,0.00046517619123176245,-1,4,14680064,all_reduce,4,4
1539,0.082,0.084,0.0829166666666667,0.083,0.0003312434485725301,-1,4,14712832,all_reduce,4,4
1540,0.082,0.084,0.08298333333333335,0.083,0.0002229848026709944,-1,4,14745600,all_reduce,4,4
1541,0.083,0.084,0.08315000000000002,0.083,0.0003570714214271428,-1,4,14778368,all_reduce,4,4
1542,0.083,0.084,0.08329999999999999,0.083,0.0004582575694955844,-1,4,14811136,all_reduce,4,4
1543,0.083,0.084,0.08348333333333333,0.083,0.0004997221450188321,-1,4,14843904,all_reduce,4,4
1544,0.083,0.084,0.08338333333333334,0.083,0.0004861984048604945,-1,4,14876672,all_reduce,4,4
1545,0.083,0.084,0.08355,0.084,0.0004974937185533104,-1,4,14909440,all_reduce,4,4
1546,0.083,0.084,0.08373333333333331,0.084,0.00044221663871405365,-1,4,14942208,all_reduce,4,4
1547,0.084,0.085,0.08448333333333333,0.084,0.0004997221450188321,-1,4,14974976,all_reduce,4,4
1548,0.084,0.085,0.08451666666666663,0.085,0.0004997221450188321,-1,4,15007744,all_reduce,4,4
1549,0.084,0.085,0.0846833333333333,0.085,0.0004651761912317625,-1,4,15040512,all_reduce,4,4
1550,0.084,0.085,0.08493333333333333,0.085,0.00024944382578492966,-1,4,15073280,all_reduce,4,4
1551,0.085,0.08600000000000001,0.08506666666666665,0.085,0.00024944382578492966,-1,4,15106048,all_reduce,4,4
1552,0.085,0.08700000000000001,0.08513333333333332,0.085,0.00038586123009300784,-1,4,15138816,all_reduce,4,4
1553,0.085,0.08600000000000001,0.0851,0.085,0.0003000000000000003,-1,4,15171584,all_reduce,4,4
1554,0.085,0.08700000000000001,0.08535,0.085,0.0005107184482014858,-1,4,15204352,all_reduce,4,4
1555,0.085,0.08600000000000001,0.08541666666666667,0.085,0.0004930066485916352,-1,4,15237120,all_reduce,4,4
1556,0.085,0.08600000000000001,0.08568333333333335,0.08600000000000001,0.00046517619123176245,-1,4,15269888,all_reduce,4,4
1557,0.085,0.08600000000000001,0.08581666666666667,0.08600000000000001,0.000386939558874797,-1,4,15302656,all_reduce,4,4
1558,0.085,0.08600000000000001,0.08590000000000002,0.08600000000000001,0.0003000000000000003,-1,4,15335424,all_reduce,4,4
1559,0.085,0.08600000000000001,0.08585000000000002,0.08600000000000001,0.00035707142142714284,-1,4,15368192,all_reduce,4,4
1560,0.085,0.08700000000000001,0.08596666666666668,0.08600000000000001,0.00025603819159562054,-1,4,15400960,all_reduce,4,4
1561,0.085,0.08700000000000001,0.08603333333333335,0.08600000000000001,0.00025603819159562054,-1,4,15433728,all_reduce,4,4
1562,0.085,0.08700000000000001,0.08593333333333335,0.08600000000000001,0.0004422166387140537,-1,4,15466496,all_reduce,4,4
1563,0.085,0.08700000000000001,0.08603333333333335,0.08600000000000001,0.00031446603773522045,-1,4,15499264,all_reduce,4,4
1564,0.08600000000000001,0.08700000000000001,0.08610000000000001,0.08600000000000001,0.0003000000000000003,-1,4,15532032,all_reduce,4,4
1565,0.08600000000000001,0.08700000000000001,0.08668333333333332,0.08700000000000001,0.00046517619123176245,-1,4,15564800,all_reduce,4,4
1566,0.08600000000000001,0.08700000000000001,0.0868,0.08700000000000001,0.00040000000000000034,-1,4,15597568,all_reduce,4,4
1567,0.08600000000000001,0.088,0.08689999999999999,0.08700000000000001,0.00035118845842842424,-1,4,15630336,all_reduce,4,4
1568,0.08600000000000001,0.088,0.08666666666666666,0.08700000000000001,0.0005055250296034366,-1,4,15663104,all_reduce,4,4
1569,0.08600000000000001,0.08700000000000001,0.08679999999999997,0.08700000000000001,0.00040000000000000034,-1,4,15695872,all_reduce,4,4
1570,0.08600000000000001,0.08700000000000001,0.08694999999999999,0.08700000000000001,0.00021794494717703383,-1,4,15728640,all_reduce,4,4
1571,0.08700000000000001,0.089,0.08793333333333334,0.088,0.00035901098714229693,-1,4,15761408,all_reduce,4,4
1572,0.08700000000000001,0.089,0.088,0.088,0.0002581988897471596,-1,4,15794176,all_reduce,4,4
1573,0.088,0.089,0.08804999999999999,0.088,0.00021794494717703388,-1,4,15826944,all_reduce,4,4
1574,0.088,0.089,0.08826666666666667,0.088,0.00044221663871405365,-1,4,15859712,all_reduce,4,4
1575,0.088,0.089,0.08841666666666666,0.088,0.0004930066485916352,-1,4,15892480,all_reduce,4,4
1576,0.088,0.089,0.08854999999999999,0.089,0.0004974937185533104,-1,4,15925248,all_reduce,4,4
1577,0.088,0.089,0.08839999999999999,0.088,0.000489897948556636,-1,4,15958016,all_reduce,4,4
1578,0.088,0.089,0.08851666666666667,0.089,0.0004997221450188321,-1,4,15990784,all_reduce,4,4
1579,0.088,0.09,0.08868333333333335,0.089,0.0004997221450188321,-1,4,16023552,all_reduce,4,4
1580,0.089,0.09,0.08903333333333334,0.089,0.00017950549357115028,-1,4,16056320,all_reduce,4,4
1581,0.089,0.09,0.08905,0.089,0.00021794494717703385,-1,4,16089088,all_reduce,4,4
1582,0.089,0.09,0.08911666666666668,0.089,0.00032102267140430397,-1,4,16121856,all_reduce,4,4
1583,0.089,0.09,0.08931666666666667,0.089,0.00046517619123176245,-1,4,16154624,all_reduce,4,4
1584,0.089,0.091,0.0895,0.089,0.0005322906474223775,-1,4,16187392,all_reduce,4,4
1585,0.089,0.09,0.08956666666666664,0.09,0.0004955356249106172,-1,4,16220160,all_reduce,4,4
1586,0.088,0.09,0.08903333333333333,0.089,0.0002560381915956205,-1,4,16252928,all_reduce,4,4
1587,0.089,0.09,0.08910000000000001,0.089,0.0003000000000000003,-1,4,16285696,all_reduce,4,4
1588,0.089,0.09,0.08913333333333334,0.089,0.0003399346342395193,-1,4,16318464,all_reduce,4,4
1589,0.089,0.091,0.08989999999999997,0.09,0.00035118845842842494,-1,4,16351232,all_reduce,4,4
1590,0.09,0.091,0.09001666666666663,0.09,0.00012801909579781025,-1,4,16384000,all_reduce,4,4
1591,0.089,0.091,0.09003333333333333,0.09,0.00031446603773522045,-1,4,16416768,all_reduce,4,4
1592,0.089,0.091,0.0898,0.09,0.0004760952285695237,-1,4,16449536,all_reduce,4,4
1593,0.089,0.09,0.08981666666666664,0.09,0.0003869395588747969,-1,4,16482304,all_reduce,4,4
1594,0.089,0.091,0.08988333333333332,0.09,0.000369308663436006,-1,4,16515072,all_reduce,4,4
1595,0.09,0.091,0.09091666666666667,0.091,0.0002763853991962836,-1,4,16547840,all_reduce,4,4
1596,0.09,0.092,0.09105,0.091,0.00028431203515386663,-1,4,16580608,all_reduce,4,4
1597,0.091,0.092,0.09106666666666664,0.091,0.00024944382578492966,-1,4,16613376,all_reduce,4,4
1598,0.091,0.092,0.09135,0.091,0.00047696960070847325,-1,4,16646144,all_reduce,4,4
1599,0.091,0.093,0.09148333333333332,0.091,0.0005320296566504127,-1,4,16678912,all_reduce,4,4
1600,0.091,0.092,0.09173333333333332,0.092,0.00044221663871405365,-1,4,16711680,all_reduce,4,4
1601,0.091,0.092,0.09128333333333333,0.091,0.0004506168611531928,-1,4,16744448,all_reduce,4,4
1602,0.091,0.092,0.09161666666666664,0.092,0.0004861984048604945,-1,4,16777216,all_reduce,4,4
1603,0.091,0.092,0.0917333333333333,0.092,0.00044221663871405365,-1,4,16777216,all_reduce,4,4
1604,0.092,0.093,0.09214999999999997,0.092,0.00035707142142714284,-1,4,16908288,all_reduce,4,4
1605,0.092,0.093,0.09229999999999998,0.092,0.0004582575694955844,-1,4,17039360,all_reduce,4,4
1606,0.093,0.094,0.09321666666666667,0.093,0.00041197356981027627,-1,4,17170432,all_reduce,4,4
1607,0.093,0.095,0.09316666666666666,0.093,0.00041499665326629137,-1,4,17301504,all_reduce,4,4
1608,0.094,0.095,0.09459999999999998,0.095,0.0004898979485566361,-1,4,17432576,all_reduce,4,4
1609,0.094,0.096,0.09481666666666663,0.095,0.0004278499217664482,-1,4,17563648,all_reduce,4,4
1610,0.095,0.096,0.09536666666666666,0.095,0.00048189440982669907,-1,4,17694720,all_reduce,4,4
1611,0.095,0.096,0.09536666666666664,0.095,0.0004818944098266991,-1,4,17825792,all_reduce,4,4
1612,0.096,0.097,0.09623333333333334,0.096,0.000422952584681651,-1,4,17956864,all_reduce,4,4
1613,0.096,0.097,0.09631666666666668,0.096,0.00046517619123176245,-1,4,18087936,all_reduce,4,4
1614,0.097,0.099,0.09791666666666667,0.098,0.00045795438880113663,-1,4,18219008,all_reduce,4,4
1615,0.098,0.099,0.09806666666666665,0.098,0.00024944382578492966,-1,4,18350080,all_reduce,4,4
1616,0.098,0.099,0.09898333333333334,0.099,0.0001280190957978103,-1,4,18481152,all_reduce,4,4
1617,0.098,0.1,0.09899999999999999,0.099,0.0003162277660168382,-1,4,18612224,all_reduce,4,4
1618,0.099,0.1,0.09968333333333332,0.1,0.00046517619123176245,-1,4,18743296,all_reduce,4,4
1619,0.099,0.111,0.10014999999999998,0.1,0.0014239030865898137,-1,4,18874368,all_reduce,4,4
1620,0.101,0.10200000000000001,0.10120000000000001,0.101,0.00040000000000000034,-1,4,19005440,all_reduce,4,4
1621,0.101,0.10200000000000001,0.1013,0.101,0.0004582575694955844,-1,4,19136512,all_reduce,4,4
1622,0.10200000000000001,0.10300000000000001,0.10206666666666668,0.10200000000000001,0.00024944382578492966,-1,4,19267584,all_reduce,4,4
1623,0.10200000000000001,0.10300000000000001,0.10221666666666666,0.10200000000000001,0.0004119735698102762,-1,4,19398656,all_reduce,4,4
1624,0.10300000000000001,0.10400000000000001,0.10303333333333331,0.10300000000000001,0.0001795054935711503,-1,4,19529728,all_reduce,4,4
1625,0.10300000000000001,0.105,0.10335,0.10300000000000001,0.0005107184482014851,-1,4,19660800,all_reduce,4,4
1626,0.10400000000000001,0.106,0.10441666666666667,0.10400000000000001,0.0005257270098529106,-1,4,19791872,all_reduce,4,4
1627,0.10400000000000001,0.106,0.10500000000000002,0.105,0.00018257418583505426,-1,4,19922944,all_reduce,4,4
1628,0.105,0.106,0.10579999999999999,0.106,0.0004000000000000004,-1,4,20054016,all_reduce,4,4
1629,0.105,0.107,0.10586666666666668,0.106,0.00038586123009300784,-1,4,20185088,all_reduce,4,4
1630,0.106,0.107,0.10641666666666666,0.106,0.0004930066485916352,-1,4,20316160,all_reduce,4,4
1631,0.106,0.108,0.10696666666666668,0.107,0.00025603819159562044,-1,4,20447232,all_reduce,4,4
1632,0.107,0.109,0.10799999999999997,0.108,0.00018257418583505553,-1,4,20578304,all_reduce,4,4
1633,0.108,0.109,0.10858333333333332,0.109,0.0004930066485916351,-1,4,20709376,all_reduce,4,4
1634,0.109,0.11,0.10905000000000001,0.109,0.00021794494717703385,-1,4,20840448,all_reduce,4,4
1635,0.109,0.11,0.10911666666666667,0.109,0.000321022671404304,-1,4,20971520,all_reduce,4,4
1636,0.109,0.111,0.10998333333333336,0.11,0.00022298480267099441,-1,4,21102592,all_reduce,4,4
1637,0.11,0.111,0.11016666666666669,0.11,0.00037267799624996525,-1,4,21233664,all_reduce,4,4
1638,0.111,0.112,0.1114,0.111,0.000489897948556636,-1,4,21364736,all_reduce,4,4
1639,0.111,0.113,0.11201666666666668,0.112,0.000386939558874797,-1,4,21495808,all_reduce,4,4
1640,0.112,0.114,0.11270000000000002,0.113,0.000525991127935317,-1,4,21626880,all_reduce,4,4
1641,0.112,0.114,0.1127166666666667,0.113,0.0004861984048604945,-1,4,21757952,all_reduce,4,4
1642,0.113,0.114,0.11346666666666666,0.113,0.0004988876515698593,-1,4,21889024,all_reduce,4,4
1643,0.113,0.115,0.11395,0.114,0.00033788558221188857,-1,4,22020096,all_reduce,4,4
1644,0.114,0.116,0.11506666666666668,0.115,0.00035901098714230057,-1,4,22151168,all_reduce,4,4
1645,0.115,0.116,0.11551666666666666,0.116,0.000499722145018832,-1,4,22282240,all_reduce,4,4
1646,0.115,0.117,0.11601666666666666,0.116,0.00022298480267099436,-1,4,22413312,all_reduce,4,4
1647,0.116,0.117,0.11626666666666666,0.116,0.0004422166387140536,-1,4,22544384,all_reduce,4,4
1648,0.116,0.11800000000000001,0.11681666666666667,0.117,0.0004278499217664482,-1,4,22675456,all_reduce,4,4
1649,0.117,0.11800000000000001,0.11718333333333336,0.117,0.0003869395588747969,-1,4,22806528,all_reduce,4,4
1650,0.11800000000000001,0.12,0.11913333333333333,0.11900000000000001,0.0003858612300930032,-1,4,22937600,all_reduce,4,4
1651,0.11900000000000001,0.12,0.11966666666666666,0.12,0.0004714045207910255,-1,4,23068672,all_reduce,4,4
1652,0.12,0.121,0.12050000000000001,0.1205,0.0005000000000000004,-1,4,23199744,all_reduce,4,4
1653,0.11900000000000001,0.121,0.11979999999999999,0.12,0.00047609522856951835,-1,4,23330816,all_reduce,4,4
1654,0.12,0.122,0.12073333333333333,0.121,0.000512076383191241,-1,4,23461888,all_reduce,4,4
1655,0.12,0.122,0.12078333333333334,0.121,0.0005505048188304587,-1,4,23592960,all_reduce,4,4
1656,0.123,0.124,0.12320000000000002,0.123,0.0004000000000000004,-1,4,23724032,all_reduce,4,4
1657,0.122,0.124,0.12321666666666668,0.123,0.00045061686115319285,-1,4,23855104,all_reduce,4,4
1658,0.123,0.126,0.12416666666666668,0.124,0.0004533823502911818,-1,4,23986176,all_reduce,4,4
1659,0.123,0.124,0.12331666666666667,0.123,0.00046517619123176245,-1,4,24117248,all_reduce,4,4
1660,0.124,0.126,0.12421666666666664,0.124,0.00045061686115319285,-1,4,24248320,all_reduce,4,4
1661,0.124,0.125,0.12438333333333332,0.124,0.0004861984048604946,-1,4,24379392,all_reduce,4,4
1662,0.126,0.128,0.12689999999999999,0.127,0.0005066228051190225,-1,4,24510464,all_reduce,4,4
1663,0.126,0.128,0.127,0.127,0.00036514837167011106,-1,4,24641536,all_reduce,4,4
1664,0.127,0.129,0.12796666666666667,0.128,0.0004818944098266991,-1,4,24772608,all_reduce,4,4
1665,0.126,0.128,0.12681666666666666,0.127,0.000499722145018832,-1,4,24903680,all_reduce,4,4
1666,0.127,0.129,0.128,0.128,0.00036514837167011106,-1,4,25034752,all_reduce,4,4
1667,0.127,0.129,0.1278,0.128,0.0004396968652757644,-1,4,25165824,all_reduce,4,4
1668,0.13,0.131,0.13053333333333333,0.131,0.0004988876515698593,-1,4,25296896,all_reduce,4,4
1669,0.129,0.132,0.13031666666666666,0.13,0.0005320296566504126,-1,4,25427968,all_reduce,4,4
1670,0.131,0.132,0.13158333333333333,0.132,0.0004930066485916351,-1,4,25559040,all_reduce,4,4
1671,0.131,0.222,0.13266666666666668,0.131,0.011635673117138043,-1,4,25690112,all_reduce,4,4
1672,0.132,0.133,0.13213333333333332,0.132,0.0003399346342395193,-1,4,25821184,all_reduce,4,4
1673,0.132,0.134,0.13263333333333333,0.133,0.0005153208277913439,-1,4,25952256,all_reduce,4,4
1674,0.133,0.135,0.13395000000000004,0.134,0.0003378855822118885,-1,4,26083328,all_reduce,4,4
1675,0.134,0.136,0.13441666666666668,0.134,0.0005565269285688005,-1,4,26214400,all_reduce,4,4
1676,0.135,0.136,0.13525,0.135,0.00043301270189221973,-1,4,26345472,all_reduce,4,4
1677,0.134,0.136,0.13503333333333334,0.135,0.00048189440982669907,-1,4,26476544,all_reduce,4,4
1678,0.135,0.137,0.13595,0.136,0.000560505724026675,-1,4,26607616,all_reduce,4,4
1679,0.135,0.137,0.13624999999999998,0.136,0.0005361902647381809,-1,4,26738688,all_reduce,4,4
1680,0.137,0.138,0.13760000000000003,0.138,0.000489897948556636,-1,4,26869760,all_reduce,4,4
1681,0.137,0.139,0.13781666666666667,0.138,0.0004997221450188321,-1,4,27000832,all_reduce,4,4
1682,0.138,0.14,0.13858333333333336,0.139,0.0005565269285688005,-1,4,27131904,all_reduce,4,4
1683,0.138,0.14,0.1385,0.138,0.0005627314338711383,-1,4,27262976,all_reduce,4,4
1684,0.138,0.14100000000000001,0.13933333333333334,0.139,0.0005374838498865705,-1,4,27394048,all_reduce,4,4
1685,0.139,0.14,0.13948333333333332,0.139,0.000499722145018832,-1,4,27525120,all_reduce,4,4
1686,0.14,0.14200000000000002,0.14076666666666668,0.14100000000000001,0.0005587684871413408,-1,4,27656192,all_reduce,4,4
1687,0.14,0.14200000000000002,0.14108333333333334,0.14100000000000001,0.0004199867722784721,-1,4,27787264,all_reduce,4,4
1688,0.14100000000000001,0.14300000000000002,0.14181666666666667,0.14200000000000002,0.0004278499217664482,-1,4,27918336,all_reduce,4,4
1689,0.14100000000000001,0.14300000000000002,0.14198333333333332,0.14200000000000002,0.0005320296566504127,-1,4,28049408,all_reduce,4,4
1690,0.14100000000000001,0.14400000000000002,0.1426333333333334,0.14300000000000002,0.0006046119049072357,-1,4,28180480,all_reduce,4,4
1691,0.14200000000000002,0.14400000000000002,0.14273333333333335,0.14300000000000002,0.0005436502143433368,-1,4,28311552,all_reduce,4,4
1692,0.14300000000000002,0.145,0.1441166666666667,0.14400000000000002,0.00045061686115318385,-1,4,28442624,all_reduce,4,4
1693,0.14300000000000002,0.145,0.1444166666666667,0.14400000000000002,0.0005257270098529039,-1,4,28573696,all_reduce,4,4
1694,0.14400000000000002,0.146,0.14510000000000006,0.145,0.0005066228051190175,-1,4,28704768,all_reduce,4,4
1695,0.145,0.146,0.14539999999999997,0.145,0.000489897948556636,-1,4,28835840,all_reduce,4,4
1696,0.145,0.147,0.14608333333333337,0.146,0.0005257270098529172,-1,4,28966912,all_reduce,4,4
1697,0.145,0.148,0.1461833333333334,0.146,0.0005320296566504128,-1,4,29097984,all_reduce,4,4
1698,0.146,0.148,0.1474833333333333,0.1475,0.0005320296566504127,-1,4,29229056,all_reduce,4,4
1699,0.147,0.149,0.1478,0.148,0.0005715476066494087,-1,4,29360128,all_reduce,4,4
1700,0.148,0.149,0.1483833333333333,0.148,0.00048619840486049454,-1,4,29491200,all_reduce,4,4
1701,0.147,0.149,0.1486166666666666,0.149,0.0005193478816960965,-1,4,29622272,all_reduce,4,4
1702,0.148,0.15,0.14944999999999997,0.149,0.0005299371031861553,-1,4,29753344,all_reduce,4,4
1703,0.149,0.152,0.14976666666666666,0.15,0.0005587684871413409,-1,4,29884416,all_reduce,4,4
1704,0.15,0.152,0.15096666666666667,0.151,0.0005467073155618913,-1,4,30015488,all_reduce,4,4
1705,0.15,0.152,0.15105,0.151,0.0004974937185533104,-1,4,30146560,all_reduce,4,4
1706,0.151,0.153,0.15191666666666662,0.152,0.0005565269285688004,-1,4,30277632,all_reduce,4,4
1707,0.151,0.153,0.1520833333333333,0.152,0.0006135054106435325,-1,4,30408704,all_reduce,4,4
1708,0.152,0.154,0.15284999999999999,0.153,0.0005107184482014858,-1,4,30539776,all_reduce,4,4
1709,0.152,0.154,0.1531666666666667,0.153,0.0004533823502911819,-1,4,30670848,all_reduce,4,4
1710,0.153,0.156,0.15448333333333333,0.154,0.0006189148209209052,-1,4,30801920,all_reduce,4,4
1711,0.154,0.156,0.15474999999999997,0.155,0.0005041494487418063,-1,4,30932992,all_reduce,4,4
1712,0.154,0.157,0.15548333333333333,0.155,0.0006452820227535318,-1,4,31064064,all_reduce,4,4
1713,0.155,0.158,0.15573333333333336,0.156,0.0006018490028422602,-1,4,31195136,all_reduce,4,4
1714,0.155,0.157,0.15641666666666668,0.156,0.0005565269285688004,-1,4,31326208,all_reduce,4,4
1715,0.156,0.158,0.15661666666666668,0.157,0.0005505048188304586,-1,4,31457280,all_reduce,4,4
1716,0.157,0.159,0.15793333333333334,0.158,0.0005734883511361756,-1,4,31588352,all_reduce,4,4
1717,0.158,0.159,0.15833333333333333,0.158,0.00047140452079103207,-1,4,31719424,all_reduce,4,4
1718,0.158,0.16,0.1589666666666667,0.159,0.0006046119049072356,-1,4,31850496,all_reduce,4,4
1719,0.158,0.16,0.15920000000000004,0.159,0.0004760952285695237,-1,4,31981568,all_reduce,4,4
1720,0.159,0.161,0.15998333333333337,0.16,0.0004997221450188321,-1,4,32112640,all_reduce,4,4
1721,0.159,0.162,0.1602833333333333,0.16,0.0005193478816960964,-1,4,32243712,all_reduce,4,4
1722,0.16,0.162,0.16126666666666667,0.161,0.000512076383191241,-1,4,32374784,all_reduce,4,4
1723,0.161,0.163,0.16175000000000006,0.162,0.00046992907266238995,-1,4,32505856,all_reduce,4,4
1724,0.162,0.164,0.16245000000000007,0.162,0.0005299371031861553,-1,4,32636928,all_reduce,4,4
1725,0.162,0.163,0.16263333333333338,0.163,0.00048189440982669907,-1,4,32768000,all_reduce,4,4
1726,0.162,0.164,0.16316666666666668,0.163,0.0005821416398857665,-1,4,32899072,all_reduce,4,4
1727,0.163,0.165,0.1633666666666667,0.163,0.000515320827791344,-1,4,33030144,all_reduce,4,4
1728,0.164,0.166,0.16451666666666664,0.164,0.0006189148209209052,-1,4,33161216,all_reduce,4,4
1729,0.164,0.166,0.16494999999999999,0.165,0.0004974937185533104,-1,4,33292288,all_reduce,4,4
1730,0.165,0.167,0.16576666666666667,0.166,0.0004955356249106172,-1,4,33423360,all_reduce,4,4
1731,0.165,0.167,0.1660666666666667,0.166,0.00035901098714230057,-1,4,33554432,all_reduce,4,4
1732,0.166,0.167,0.16653333333333337,0.167,0.0004988876515698593,-1,4,33685504,all_reduce,4,4
1733,0.166,0.168,0.16724999999999998,0.167,0.0005041494487418063,-1,4,33816576,all_reduce,4,4
1734,0.167,0.169,0.16811666666666666,0.168,0.0005505048188304587,-1,4,33947648,all_reduce,4,4
1735,0.168,0.17,0.16863333333333333,0.169,0.000515320827791344,-1,4,34078720,all_reduce,4,4
1736,0.169,0.17,0.16935000000000006,0.169,0.00047696960070847325,-1,4,34209792,all_reduce,4,4
1737,0.169,0.17,0.16971666666666665,0.17,0.0004506168611531929,-1,4,34340864,all_reduce,4,4
1738,0.169,0.171,0.1703,0.17,0.0005259911279353171,-1,4,34471936,all_reduce,4,4
1739,0.17,0.17200000000000001,0.17081666666666664,0.171,0.0005624845676895407,-1,4,34603008,all_reduce,4,4
1740,0.171,0.17200000000000001,0.17156666666666667,0.17200000000000001,0.0004955356249106172,-1,4,34734080,all_reduce,4,4
1741,0.171,0.17300000000000001,0.17195000000000002,0.17200000000000001,0.0003378855822118885,-1,4,34865152,all_reduce,4,4
1742,0.17200000000000001,0.17300000000000001,0.17253333333333337,0.17300000000000001,0.0004988876515698592,-1,4,34996224,all_reduce,4,4
1743,0.17200000000000001,0.17400000000000002,0.17281666666666667,0.17300000000000001,0.0006189148209209053,-1,4,35127296,all_reduce,4,4
1744,0.17200000000000001,0.17400000000000002,0.17326666666666668,0.17300000000000001,0.0005436502143433368,-1,4,35258368,all_reduce,4,4
1745,0.17300000000000001,0.17500000000000002,0.17356666666666667,0.17400000000000002,0.0005587684871413408,-1,4,35389440,all_reduce,4,4
1746,0.17500000000000002,0.177,0.17558333333333337,0.17500000000000002,0.000713948333020118,-1,4,35520512,all_reduce,4,4
1747,0.17500000000000002,0.177,0.17595,0.176,0.0004974937185533025,-1,4,35651584,all_reduce,4,4
1748,0.176,0.178,0.17716666666666667,0.177,0.0005217491947499514,-1,4,35782656,all_reduce,4,4
1749,0.17500000000000002,0.178,0.17621666666666663,0.176,0.0004861984048604933,-1,4,35913728,all_reduce,4,4
1750,0.177,0.178,0.17735000000000004,0.177,0.00047696960070847325,-1,4,36044800,all_reduce,4,4
1751,0.177,0.179,0.17761666666666667,0.178,0.0005505048188304586,-1,4,36175872,all_reduce,4,4
1752,0.179,0.181,0.1798,0.18,0.0005715476066494087,-1,4,36306944,all_reduce,4,4
1753,0.179,0.182,0.17994999999999994,0.18,0.0006171169527191212,-1,4,36438016,all_reduce,4,4
1754,0.18,0.182,0.18101666666666663,0.181,0.00046517619123176245,-1,4,36569088,all_reduce,4,4
1755,0.179,0.18,0.17951666666666669,0.18,0.000499722145018832,-1,4,36700160,all_reduce,4,4
1756,0.18,0.182,0.18049999999999997,0.18,0.0005322906474223775,-1,4,36831232,all_reduce,4,4
1757,0.179,0.182,0.1805833333333333,0.181,0.0005565269285688005,-1,4,36962304,all_reduce,4,4
1758,0.183,0.184,0.1834333333333333,0.183,0.0004955356249106172,-1,4,37093376,all_reduce,4,4
1759,0.182,0.185,0.1834333333333333,0.183,0.000587839736284947,-1,4,37224448,all_reduce,4,4
1760,0.184,0.185,0.18453333333333333,0.185,0.0004988876515698593,-1,4,37355520,all_reduce,4,4
1761,0.182,0.184,0.18289999999999998,0.183,0.0005686240703077333,-1,4,37486592,all_reduce,4,4
1762,0.183,0.185,0.18391666666666662,0.184,0.0005857094463601863,-1,4,37617664,all_reduce,4,4
1763,0.183,0.185,0.1837166666666666,0.184,0.0005193478816960966,-1,4,37748736,all_reduce,4,4
1764,0.186,0.188,0.18688333333333332,0.187,0.0005505048188304586,-1,4,37879808,all_reduce,4,4
1765,0.186,0.188,0.18686666666666663,0.187,0.0005617433182117577,-1,4,38010880,all_reduce,4,4
1766,0.187,0.189,0.18786666666666665,0.188,0.0005617433182117577,-1,4,38141952,all_reduce,4,4
1767,0.187,0.189,0.18776666666666664,0.188,0.0005878397362849472,-1,4,38273024,all_reduce,4,4
1768,0.188,0.19,0.1889,0.189,0.0005686240703077333,-1,4,38404096,all_reduce,4,4
1769,0.188,0.19,0.18925,0.189,0.0005041494487418063,-1,4,38535168,all_reduce,4,4
1770,0.189,0.192,0.19065000000000001,0.191,0.0006006940430313372,-1,4,38666240,all_reduce,4,4
1771,0.189,0.193,0.19088333333333335,0.191,0.000732385751423995,-1,4,38797312,all_reduce,4,4
1772,0.191,0.193,0.19165000000000004,0.192,0.0005722761571129804,-1,4,38928384,all_reduce,4,4
1773,0.191,0.193,0.19155000000000005,0.192,0.0005605057240266751,-1,4,39059456,all_reduce,4,4
1774,0.191,0.193,0.19216666666666665,0.192,0.0005527707983925672,-1,4,39190528,all_reduce,4,4
1775,0.192,0.194,0.19263333333333332,0.193,0.0006046119049072357,-1,4,39321600,all_reduce,4,4
1776,0.193,0.196,0.19390000000000004,0.194,0.0006244997998398403,-1,4,39452672,all_reduce,4,4
1777,0.193,0.196,0.19443333333333337,0.194,0.0005587684871413408,-1,4,39583744,all_reduce,4,4
1778,0.194,0.196,0.19506666666666667,0.195,0.0006018490028422602,-1,4,39714816,all_reduce,4,4
1779,0.194,0.197,0.1951166666666667,0.195,0.0006605973727535477,-1,4,39845888,all_reduce,4,4
1780,0.195,0.197,0.19578333333333334,0.196,0.0006605973727535477,-1,4,39976960,all_reduce,4,4
1781,0.195,0.198,0.19609999999999997,0.196,0.0005066228051190225,-1,4,40108032,all_reduce,4,4
1782,0.196,0.199,0.19735,0.197,0.0006006940430313372,-1,4,40239104,all_reduce,4,4
1783,0.197,0.199,0.1978666666666667,0.198,0.0005906681715556455,-1,4,40370176,all_reduce,4,4
1784,0.198,0.2,0.19855,0.199,0.0005605057240266751,-1,4,40501248,all_reduce,4,4
1785,0.198,0.2,0.19870000000000002,0.199,0.0005859465277082321,-1,4,40632320,all_reduce,4,4
1786,0.198,0.2,0.19918333333333332,0.199,0.0005320296566504127,-1,4,40763392,all_reduce,4,4
1787,0.198,0.201,0.1994,0.199,0.000637704215656967,-1,4,40894464,all_reduce,4,4
1788,0.199,0.203,0.20073333333333337,0.201,0.0006289320754704408,-1,4,41025536,all_reduce,4,4
1789,0.2,0.202,0.20115000000000008,0.201,0.0004769696007084733,-1,4,41156608,all_reduce,4,4
1790,0.201,0.203,0.20186666666666664,0.202,0.0005312459150169747,-1,4,41287680,all_reduce,4,4
1791,0.201,0.203,0.20195,0.202,0.000560505724026675,-1,4,41418752,all_reduce,4,4
1792,0.201,0.20400000000000001,0.20259999999999997,0.203,0.0006110100926607792,-1,4,41549824,all_reduce,4,4
1793,0.202,0.20400000000000001,0.20305,0.203,0.0005894913061275804,-1,4,41680896,all_reduce,4,4
1794,0.203,0.20500000000000002,0.2041,0.20400000000000001,0.0005972157622389644,-1,4,41811968,all_reduce,4,4
1795,0.203,0.20700000000000002,0.20460000000000006,0.20500000000000002,0.000757187779440037,-1,4,41943040,all_reduce,4,4
1796,0.20400000000000001,0.20700000000000002,0.2053,0.20500000000000002,0.0005259911279353171,-1,4,42074112,all_reduce,4,4
1797,0.20500000000000002,0.20700000000000002,0.2055,0.20500000000000002,0.0006191391873668909,-1,4,42205184,all_reduce,4,4
1798,0.20500000000000002,0.20800000000000002,0.2061,0.20600000000000002,0.0005686240703077333,-1,4,42336256,all_reduce,4,4
1799,0.20500000000000002,0.20800000000000002,0.2063,0.20600000000000002,0.0006137317546507329,-1,4,42467328,all_reduce,4,4
1800,0.20600000000000002,0.20800000000000002,0.20725000000000007,0.20700000000000002,0.0005664215155988815,-1,4,42598400,all_reduce,4,4
1801,0.20700000000000002,0.209,0.2076666666666667,0.20800000000000002,0.0006236095644623192,-1,4,42729472,all_reduce,4,4
1802,0.20700000000000002,0.21,0.20825,0.20800000000000002,0.0005951190357118934,-1,4,42860544,all_reduce,4,4
1803,0.20800000000000002,0.21,0.20873333333333333,0.209,0.0006548960901462719,-1,4,42991616,all_reduce,4,4
1804,0.209,0.212,0.2095666666666667,0.209,0.0006674994798166935,-1,4,43122688,all_reduce,4,4
1805,0.209,0.211,0.2099333333333334,0.21,0.0005436502143433368,-1,4,43253760,all_reduce,4,4
1806,0.21,0.213,0.2108666666666667,0.211,0.0006182412330330476,-1,4,43384832,all_reduce,4,4
1807,0.21,0.213,0.21118333333333336,0.211,0.0006189148209209053,-1,4,43515904,all_reduce,4,4
1808,0.211,0.214,0.21201666666666663,0.212,0.0006452820227535319,-1,4,43646976,all_reduce,4,4
1809,0.211,0.215,0.21253333333333332,0.212,0.0008259674462242585,-1,4,43778048,all_reduce,4,4
1810,0.212,0.214,0.21296666666666664,0.213,0.0007063206700139037,-1,4,43909120,all_reduce,4,4
1811,0.212,0.215,0.2135333333333333,0.214,0.000694422221866656,-1,4,44040192,all_reduce,4,4
1812,0.213,0.216,0.21431666666666668,0.214,0.0006452820227535319,-1,4,44171264,all_reduce,4,4
1813,0.214,0.217,0.2147666666666667,0.215,0.0006674994798166935,-1,4,44302336,all_reduce,4,4
1814,0.214,0.217,0.21531666666666668,0.215,0.000645282022753532,-1,4,44433408,all_reduce,4,4
1815,0.215,0.217,0.2157333333333333,0.216,0.0005734883511361756,-1,4,44564480,all_reduce,4,4
1816,0.215,0.217,0.21626666666666663,0.216,0.000654896090146284,-1,4,44695552,all_reduce,4,4
1817,0.216,0.218,0.21665,0.217,0.0006278269400612459,-1,4,44826624,all_reduce,4,4
1818,0.216,0.219,0.21770000000000003,0.218,0.0006904105059069332,-1,4,44957696,all_reduce,4,4
1819,0.217,0.22,0.21823333333333336,0.218,0.000738617326872012,-1,4,45088768,all_reduce,4,4
1820,0.218,0.221,0.21881666666666663,0.219,0.0007186020379103372,-1,4,45219840,all_reduce,4,4
1821,0.218,0.221,0.21893333333333329,0.219,0.0006798692684790386,-1,4,45350912,all_reduce,4,4
1822,0.219,0.221,0.21980000000000002,0.22,0.000748331477354789,-1,4,45481984,all_reduce,4,4
1823,0.219,0.222,0.2201666666666667,0.22,0.000734090518184842,-1,4,45613056,all_reduce,4,4
1824,0.219,0.223,0.2210666666666667,0.221,0.0006798692684790386,-1,4,45744128,all_reduce,4,4
1825,0.22,0.223,0.22128333333333336,0.221,0.0006853628398317368,-1,4,45875200,all_reduce,4,4
1826,0.221,0.224,0.22215000000000004,0.222,0.0007488880646220332,-1,4,46006272,all_reduce,4,4
1827,0.221,0.224,0.22248333333333337,0.222,0.0006452820227535319,-1,4,46137344,all_reduce,4,4
1828,0.222,0.224,0.22295000000000004,0.223,0.0006934214687571579,-1,4,46268416,all_reduce,4,4
1829,0.222,0.225,0.22345000000000004,0.223,0.0007399324293474378,-1,4,46399488,all_reduce,4,4
1830,0.224,0.227,0.2249666666666667,0.225,0.0007520342781785657,-1,4,46530560,all_reduce,4,4
1831,0.224,0.227,0.2251666666666667,0.225,0.0007781745019952508,-1,4,46661632,all_reduce,4,4
1832,0.224,0.228,0.22575000000000006,0.226,0.0006739188873051915,-1,4,46792704,all_reduce,4,4
1833,0.224,0.229,0.22626666666666673,0.226,0.0009637888196533983,-1,4,46923776,all_reduce,4,4
1834,0.225,0.229,0.22681666666666667,0.227,0.000921803787268323,-1,4,47054848,all_reduce,4,4
1835,0.226,0.229,0.2271666666666667,0.227,0.0006624868971450603,-1,4,47185920,all_reduce,4,4
1836,0.227,0.23,0.22801666666666667,0.228,0.0008463975950396423,-1,4,47316992,all_reduce,4,4
1837,0.227,0.23,0.22851666666666667,0.228,0.0007186020379103373,-1,4,47448064,all_reduce,4,4
1838,0.228,0.231,0.22921666666666668,0.229,0.000732385751423995,-1,4,47579136,all_reduce,4,4
1839,0.229,0.232,0.22988333333333336,0.23,0.0007092640943651078,-1,4,47710208,all_reduce,4,4
1840,0.229,0.233,0.23065000000000005,0.231,0.0007921489758877436,-1,4,47841280,all_reduce,4,4
1841,0.229,0.233,0.23123333333333335,0.231,0.0008034647195462641,-1,4,47972352,all_reduce,4,4
1842,0.231,0.23600000000000002,0.23285,0.233,0.0009096702699330135,-1,4,48103424,all_reduce,4,4
1843,0.232,0.23600000000000002,0.23356666666666673,0.233,0.0009374907406950164,-1,4,48234496,all_reduce,4,4
1844,0.233,0.23700000000000002,0.23451666666666665,0.234,0.000921803787268323,-1,4,48365568,all_reduce,4,4
1845,0.232,0.23600000000000002,0.23366666666666672,0.234,0.0007888106377466162,-1,4,48496640,all_reduce,4,4
1846,0.232,0.23700000000000002,0.23450000000000001,0.234,0.0008266397845091503,-1,4,48627712,all_reduce,4,4
1847,0.233,0.23700000000000002,0.2348,0.23500000000000001,0.0007916228058025284,-1,4,48758784,all_reduce,4,4
1848,0.23600000000000002,0.23900000000000002,0.23716666666666666,0.23700000000000002,0.0008787617550976052,-1,4,48889856,all_reduce,4,4
1849,0.23600000000000002,0.23900000000000002,0.23758333333333337,0.23800000000000002,0.00089984566577954,-1,4,49020928,all_reduce,4,4
1850,0.23700000000000002,0.24,0.23833333333333334,0.23800000000000002,0.0009428090415820575,-1,4,49152000,all_reduce,4,4
1851,0.23600000000000002,0.23900000000000002,0.2372166666666667,0.23700000000000002,0.000732385751423995,-1,4,49283072,all_reduce,4,4
1852,0.23600000000000002,0.24,0.23840000000000003,0.23800000000000002,0.0008205689083394068,-1,4,49414144,all_reduce,4,4
1853,0.23700000000000002,0.241,0.2385833333333334,0.23900000000000002,0.0008998456657795337,-1,4,49545216,all_reduce,4,4
1854,0.23900000000000002,0.244,0.24104999999999996,0.241,0.001146371085934508,-1,4,49676288,all_reduce,4,4
1855,0.23900000000000002,0.243,0.2408333333333333,0.241,0.0008399735445569412,-1,4,49807360,all_reduce,4,4
1856,0.24,0.245,0.24219999999999994,0.242,0.0010923979738782636,-1,4,49938432,all_reduce,4,4
1857,0.23900000000000002,0.243,0.24071666666666666,0.241,0.00089613367058467,-1,4,50069504,all_reduce,4,4
1858,0.24,0.245,0.2415833333333333,0.242,0.0009361564446655754,-1,4,50200576,all_reduce,4,4
1859,0.24,0.244,0.24164999999999998,0.242,0.0008529361054615997,-1,4,50331648,all_reduce,4,4
1860,0.243,0.247,0.24489999999999998,0.245,0.0007895146188218014,-1,4,50462720,all_reduce,4,4
1861,0.243,0.247,0.24491666666666662,0.245,0.0008620067027323841,-1,4,50593792,all_reduce,4,4
1862,0.245,0.249,0.2464666666666666,0.246,0.001007747763855399,-1,4,50724864,all_reduce,4,4
1863,0.244,0.248,0.24611666666666665,0.246,0.0009847447497814974,-1,4,50855936,all_reduce,4,4
1864,0.246,0.25,0.24736666666666668,0.247,0.0008938058451861289,-1,4,50987008,all_reduce,4,4
1865,0.246,0.25,0.24796666666666667,0.248,0.000930352382463525,-1,4,51118080,all_reduce,4,4
1866,0.247,0.251,0.24905000000000005,0.249,0.0008450838222724819,-1,4,51249152,all_reduce,4,4
1867,0.248,0.251,0.24978333333333336,0.25,0.0008183655798127288,-1,4,51380224,all_reduce,4,4
1868,0.249,0.253,0.25045,0.25,0.000845083822272482,-1,4,51511296,all_reduce,4,4
1869,0.248,0.253,0.25035,0.25,0.000963068014212912,-1,4,51642368,all_reduce,4,4
1870,0.249,0.253,0.25115000000000004,0.251,0.0008722576072086358,-1,4,51773440,all_reduce,4,4
1871,0.25,0.254,0.25161666666666666,0.252,0.0008581310441237341,-1,4,51904512,all_reduce,4,4
1872,0.251,0.254,0.25275000000000003,0.253,0.0007664854858377954,-1,4,52035584,all_reduce,4,4
1873,0.251,0.256,0.2533666666666667,0.253,0.0010640593133008256,-1,4,52166656,all_reduce,4,4
1874,0.252,0.257,0.2539833333333334,0.254,0.0009914915811823908,-1,4,52297728,all_reduce,4,4
1875,0.252,0.256,0.2539333333333333,0.254,0.0009285592184789421,-1,4,52428800,all_reduce,4,4
1876,0.253,0.258,0.2548666666666667,0.255,0.0010402991022884832,-1,4,52559872,all_reduce,4,4
1877,0.252,0.257,0.2550666666666667,0.255,0.0010306416555826879,-1,4,52690944,all_reduce,4,4
1878,0.255,0.259,0.25665,0.256,0.001046024218967548,-1,4,52822016,all_reduce,4,4
1879,0.255,0.26,0.2573166666666666,0.257,0.001147339918633049,-1,4,52953088,all_reduce,4,4
1880,0.255,0.261,0.25805,0.258,0.001131739074757665,-1,4,53084160,all_reduce,4,4
1881,0.256,0.26,0.2581166666666666,0.258,0.0008961336705846719,-1,4,53215232,all_reduce,4,4
1882,0.257,0.261,0.259,0.259,0.0010645812948447552,-1,4,53346304,all_reduce,4,4
1883,0.257,0.262,0.25920000000000004,0.259,0.001061445555206045,-1,4,53477376,all_reduce,4,4
1884,0.258,0.263,0.26038333333333336,0.26,0.0010968388922515272,-1,4,53608448,all_reduce,4,4
1885,0.259,0.263,0.26070000000000004,0.261,0.0008621678104251716,-1,4,53739520,all_reduce,4,4
1886,0.258,0.264,0.26145,0.261,0.0010866615541802035,-1,4,53870592,all_reduce,4,4
1887,0.26,0.264,0.2612,0.261,0.0009626352718795777,-1,4,54001664,all_reduce,4,4
1888,0.26,0.265,0.26186666666666664,0.262,0.0009741092797468313,-1,4,54132736,all_reduce,4,4
1889,0.26,0.264,0.2620833333333334,0.262,0.00098812392385211,-1,4,54263808,all_reduce,4,4
1890,0.262,0.266,0.2632333333333333,0.263,0.0009374907406950164,-1,4,54394880,all_reduce,4,4
1891,0.262,0.266,0.26358333333333334,0.264,0.0007808471183414992,-1,4,54525952,all_reduce,4,4
1892,0.262,0.266,0.2644666666666667,0.2645,0.0009568466729604891,-1,4,54657024,all_reduce,4,4
1893,0.263,0.267,0.2645333333333333,0.264,0.0009213516640723511,-1,4,54788096,all_reduce,4,4
1894,0.263,0.267,0.26525000000000004,0.265,0.0009059985283284596,-1,4,54919168,all_reduce,4,4
1895,0.264,0.268,0.26538333333333336,0.265,0.0009676718911329865,-1,4,55050240,all_reduce,4,4
1896,0.264,0.269,0.26638333333333336,0.266,0.0010180318702716976,-1,4,55181312,all_reduce,4,4
1897,0.265,0.269,0.26675,0.267,0.000959600611365653,-1,4,55312384,all_reduce,4,4
1898,0.265,0.269,0.2673833333333333,0.2675,0.0009325889889025195,-1,4,55443456,all_reduce,4,4
1899,0.266,0.27,0.26745,0.267,0.0007170541588099658,-1,4,55574528,all_reduce,4,4
1900,0.266,0.27,0.26818333333333333,0.268,0.00102455952595358,-1,4,55705600,all_reduce,4,4
1901,0.267,0.272,0.26880000000000004,0.269,0.0010614455552060446,-1,4,55836672,all_reduce,4,4
1902,0.268,0.272,0.26980000000000004,0.27,0.0008124038404635968,-1,4,55967744,all_reduce,4,4
1903,0.268,0.272,0.27015,0.27,0.000812916559883814,-1,4,56098816,all_reduce,4,4
1904,0.269,0.272,0.2705,0.27,0.0008266397845091502,-1,4,56229888,all_reduce,4,4
1905,0.269,0.273,0.2708333333333333,0.271,0.0008399735445569443,-1,4,56360960,all_reduce,4,4
1906,0.27,0.274,0.27128333333333343,0.271,0.0008961336705846717,-1,4,56492032,all_reduce,4,4
1907,0.27,0.274,0.27175000000000005,0.272,0.0009059985283284596,-1,4,56623104,all_reduce,4,4
1908,0.271,0.275,0.2728666666666667,0.273,0.0009392668535736922,-1,4,56754176,all_reduce,4,4
1909,0.272,0.276,0.27348333333333336,0.273,0.00102455952595358,-1,4,56885248,all_reduce,4,4
1910,0.272,0.276,0.2739000000000001,0.274,0.0008306623862918082,-1,4,57016320,all_reduce,4,4
1911,0.272,0.276,0.27390000000000003,0.274,0.0009609023536933058,-1,4,57147392,all_reduce,4,4
1912,0.273,0.278,0.2747333333333334,0.275,0.0009809292646374783,-1,4,57278464,all_reduce,4,4
1913,0.273,0.278,0.2750833333333334,0.275,0.0010534335395373665,-1,4,57409536,all_reduce,4,4
1914,0.275,0.279,0.27626666666666666,0.276,0.0010143416036468634,-1,4,57540608,all_reduce,4,4
1915,0.275,0.278,0.27643333333333336,0.276,0.0007824463062870342,-1,4,57671680,all_reduce,4,4
1916,0.275,0.28,0.2773999999999999,0.277,0.0010519822558706343,-1,4,57802752,all_reduce,4,4
1917,0.276,0.28,0.2775,0.277,0.0010246950765959609,-1,4,57933824,all_reduce,4,4
1918,0.276,0.28,0.2782833333333333,0.278,0.0010015266125049088,-1,4,58064896,all_reduce,4,4
1919,0.276,0.28,0.2781833333333334,0.278,0.0009397103572673641,-1,4,58195968,all_reduce,4,4
1920,0.277,0.28200000000000003,0.27945000000000003,0.279,0.0008836477427874382,-1,4,58327040,all_reduce,4,4
1921,0.278,0.28200000000000003,0.27955,0.28,0.0008645808232895298,-1,4,58458112,all_reduce,4,4
1922,0.278,0.28200000000000003,0.2798666666666667,0.28,0.0008259674462242584,-1,4,58589184,all_reduce,4,4
1923,0.278,0.28200000000000003,0.28030000000000005,0.28,0.0009000000000000007,-1,4,58720256,all_reduce,4,4
1924,0.279,0.28200000000000003,0.28075000000000006,0.281,0.0009059985283284596,-1,4,58851328,all_reduce,4,4
1925,0.28,0.28300000000000003,0.28115,0.281,0.000812916559883814,-1,4,58982400,all_reduce,4,4
1926,0.28,0.28500000000000003,0.28208333333333335,0.28200000000000003,0.0010048493529988582,-1,4,59113472,all_reduce,4,4
1927,0.281,0.28600000000000003,0.2829333333333334,0.28300000000000003,0.0008730533902472538,-1,4,59244544,all_reduce,4,4
1928,0.28200000000000003,0.28500000000000003,0.2835333333333334,0.28400000000000003,0.0008653836657164787,-1,4,59375616,all_reduce,4,4
1929,0.28200000000000003,0.28600000000000003,0.2839,0.28400000000000003,0.0008306623862918082,-1,4,59506688,all_reduce,4,4
1930,0.28200000000000003,0.28800000000000003,0.28430000000000005,0.28400000000000003,0.0008812869377601532,-1,4,59637760,all_reduce,4,4
1931,0.28300000000000003,0.28700000000000003,0.28511666666666674,0.28500000000000003,0.0008773381458834578,-1,4,59768832,all_reduce,4,4
1932,0.28400000000000003,0.28800000000000003,0.28573333333333345,0.28600000000000003,0.0008537498983243806,-1,4,59899904,all_reduce,4,4
1933,0.28400000000000003,0.28800000000000003,0.2860166666666668,0.28600000000000003,0.0008658650138573701,-1,4,60030976,all_reduce,4,4
1934,0.28500000000000003,0.29,0.28691666666666665,0.28700000000000003,0.0010048493529988534,-1,4,60162048,all_reduce,4,4
1935,0.28600000000000003,0.29,0.2873333333333334,0.28700000000000003,0.0008692269873603423,-1,4,60293120,all_reduce,4,4
1936,0.28600000000000003,0.29,0.28766666666666674,0.28800000000000003,0.0008096638534327302,-1,4,60424192,all_reduce,4,4
1937,0.28600000000000003,0.291,0.28815,0.28800000000000003,0.0010136567466356445,-1,4,60555264,all_reduce,4,4
1938,0.28800000000000003,0.292,0.28974999999999995,0.29,0.000924211375534112,-1,4,60686336,all_reduce,4,4
1939,0.28800000000000003,0.292,0.29029999999999995,0.29,0.0009363047936792079,-1,4,60817408,all_reduce,4,4
1940,0.29,0.293,0.2911166666666667,0.291,0.0008773381458834577,-1,4,60948480,all_reduce,4,4
1941,0.28800000000000003,0.292,0.2899166666666667,0.29,0.0009181805680559516,-1,4,61079552,all_reduce,4,4
1942,0.289,0.293,0.2910166666666667,0.291,0.0009035424112286542,-1,4,61210624,all_reduce,4,4
1943,0.289,0.293,0.2910666666666667,0.291,0.0008730533902472538,-1,4,61341696,all_reduce,4,4
1944,0.292,0.296,0.2937,0.294,0.0009183318209303948,-1,4,61472768,all_reduce,4,4
1945,0.292,0.296,0.29391666666666666,0.294,0.0008620067027323841,-1,4,61603840,all_reduce,4,4
1946,0.292,0.298,0.29468333333333335,0.295,0.001102900217104381,-1,4,61734912,all_reduce,4,4
1947,0.292,0.296,0.29335,0.293,0.0008529361054615998,-1,4,61865984,all_reduce,4,4
1948,0.292,0.296,0.2941500000000001,0.294,0.0007921489758877438,-1,4,61997056,all_reduce,4,4
1949,0.293,0.297,0.2942,0.294,0.0009273618495495711,-1,4,62128128,all_reduce,4,4
1950,0.295,0.301,0.29713333333333325,0.297,0.0010402991022884832,-1,4,62259200,all_reduce,4,4
1951,0.296,0.3,0.2971333333333333,0.297,0.0009910712498212345,-1,4,62390272,all_reduce,4,4
1952,0.297,0.3,0.29806666666666654,0.298,0.0008730533902472538,-1,4,62521344,all_reduce,4,4
1953,0.295,0.299,0.29674999999999996,0.297,0.0009420721840708395,-1,4,62652416,all_reduce,4,4
1954,0.295,0.3,0.2973333333333332,0.297,0.0010274023338281636,-1,4,62783488,all_reduce,4,4
1955,0.296,0.299,0.29744999999999994,0.297,0.0009205976319760993,-1,4,62914560,all_reduce,4,4
1956,0.299,0.303,0.30071666666666663,0.301,0.0010342737656066814,-1,4,63045632,all_reduce,4,4
1957,0.299,0.304,0.3008666666666666,0.301,0.001007747763855399,-1,4,63176704,all_reduce,4,4
1958,0.299,0.305,0.3022166666666666,0.302,0.0011703513242707188,-1,4,63307776,all_reduce,4,4
1959,0.299,0.304,0.30143333333333333,0.301,0.0009195409482755822,-1,4,63438848,all_reduce,4,4
1960,0.301,0.305,0.30291666666666667,0.303,0.00098812392385211,-1,4,63569920,all_reduce,4,4
1961,0.301,0.305,0.3027166666666667,0.303,0.0010968388922515274,-1,4,63700992,all_reduce,4,4
1962,0.303,0.307,0.3047333333333333,0.305,0.001030641655582688,-1,4,63832064,all_reduce,4,4
1963,0.303,0.308,0.30506666666666665,0.305,0.0009977753031397186,-1,4,63963136,all_reduce,4,4
1964,0.303,0.308,0.3058166666666667,0.306,0.0011327204225030807,-1,4,64094208,all_reduce,4,4
1965,0.303,0.308,0.30576666666666663,0.306,0.00114552268516264,-1,4,64225280,all_reduce,4,4
1966,0.305,0.309,0.30623333333333336,0.306,0.0008239471396205524,-1,4,64356352,all_reduce,4,4
1967,0.306,0.31,0.3071833333333333,0.307,0.000903542411228654,-1,4,64487424,all_reduce,4,4
1968,0.307,0.311,0.30831666666666663,0.308,0.0009218037872683231,-1,4,64618496,all_reduce,4,4
1969,0.307,0.31,0.3087666666666667,0.309,0.0009195409482755822,-1,4,64749568,all_reduce,4,4
1970,0.307,0.312,0.3093666666666667,0.309,0.0010949378470437904,-1,4,64880640,all_reduce,4,4
1971,0.307,0.311,0.3092666666666667,0.309,0.0010780641085864162,-1,4,65011712,all_reduce,4,4
1972,0.308,0.313,0.3101999999999999,0.31,0.0008906926143924932,-1,4,65142784,all_reduce,4,4
1973,0.309,0.313,0.31051666666666666,0.31,0.0010722510070977898,-1,4,65273856,all_reduce,4,4
1974,0.31,0.314,0.31160000000000004,0.312,0.0008602325267042634,-1,4,65404928,all_reduce,4,4
1975,0.31,0.314,0.3123666666666667,0.312,0.0009122621455602681,-1,4,65536000,all_reduce,4,4
1976,0.31,0.315,0.3126999999999999,0.313,0.0011298967504452205,-1,4,65667072,all_reduce,4,4
1977,0.311,0.315,0.3127166666666667,0.313,0.0009325889889025196,-1,4,65798144,all_reduce,4,4
1978,0.311,0.315,0.31348333333333334,0.314,0.0008264717512144966,-1,4,65929216,all_reduce,4,4
1979,0.312,0.316,0.3140166666666666,0.314,0.0008264717512144966,-1,4,66060288,all_reduce,4,4
1980,0.313,0.318,0.3149833333333334,0.315,0.00102455952595358,-1,4,66191360,all_reduce,4,4
1981,0.313,0.318,0.31544999999999995,0.3155,0.0010070584226680537,-1,4,66322432,all_reduce,4,4
1982,0.314,0.318,0.3159666666666667,0.316,0.0009655165571973501,-1,4,66453504,all_reduce,4,4
1983,0.314,0.319,0.3158500000000001,0.316,0.001029967637032026,-1,4,66584576,all_reduce,4,4
1984,0.315,0.319,0.3166333333333334,0.316,0.0010482790129010937,-1,4,66715648,all_reduce,4,4
1985,0.315,0.319,0.3171333333333333,0.317,0.000921351664072351,-1,4,66846720,all_reduce,4,4
1986,0.317,0.321,0.3184333333333333,0.318,0.0009374907406950164,-1,4,66977792,all_reduce,4,4
1987,0.317,0.321,0.3187166666666667,0.319,0.0010968388922515274,-1,4,67108864,all_reduce,4,4
