time_stats.emb.min,time_stats.emb.max,time_stats.emb.mean,time_stats.emb.median,time_stats.emb.std,time_stats.input_layernorm.min,time_stats.input_layernorm.max,time_stats.input_layernorm.mean,time_stats.input_layernorm.median,time_stats.input_layernorm.std,time_stats.attn_pre_proj.min,time_stats.attn_pre_proj.max,time_stats.attn_pre_proj.mean,time_stats.attn_pre_proj.median,time_stats.attn_pre_proj.std,time_stats.attn_rope.min,time_stats.attn_rope.max,time_stats.attn_rope.mean,time_stats.attn_rope.median,time_stats.attn_rope.std,time_stats.attn_post_proj.min,time_stats.attn_post_proj.max,time_stats.attn_post_proj.mean,time_stats.attn_post_proj.median,time_stats.attn_post_proj.std,time_stats.post_attention_layernorm.min,time_stats.post_attention_layernorm.max,time_stats.post_attention_layernorm.mean,time_stats.post_attention_layernorm.median,time_stats.post_attention_layernorm.std,time_stats.mlp_up_proj.min,time_stats.mlp_up_proj.max,time_stats.mlp_up_proj.mean,time_stats.mlp_up_proj.median,time_stats.mlp_up_proj.std,time_stats.mlp_act.min,time_stats.mlp_act.max,time_stats.mlp_act.mean,time_stats.mlp_act.median,time_stats.mlp_act.std,time_stats.mlp_down_proj.min,time_stats.mlp_down_proj.max,time_stats.mlp_down_proj.mean,time_stats.mlp_down_proj.median,time_stats.mlp_down_proj.std,time_stats.add.min,time_stats.add.max,time_stats.add.mean,time_stats.add.median,time_stats.add.std,n_head,n_kv_head,n_embd,n_expanded_embd,vocab_size,use_gated_mlp,num_tokens,num_tensor_parallel_workers
1.803,2.271,2.1399047619047615,2.144,0.11866034149618368,0.867,1.024,0.9806999999999999,0.976,0.03590835557359877,17.841,21.599,19.6322,19.5215,0.8361996531929442,1.348,1.5190000000000001,1.4411999999999998,1.4405000000000001,0.04164084533243771,5.946,6.815,6.26565,6.275,0.19770616454728976,0.868,1.0230000000000001,0.95325,0.9565000000000001,0.03339142854086959,37.36,44.392,40.0921,39.803,1.802218518937146,2.43,2.746,2.55585,2.5525,0.05975891146933649,17.150000000000002,20.523,19.0097,19.047,0.7017006555504984,0.511,0.514,0.51285,0.513,0.0009630680142129119,64,64,8192,24576,152064,True,32768,1
2.04,2.4170000000000003,2.1728571428571435,2.1310000000000002,0.0987263103419828,0.9450000000000001,1.045,0.98045,0.969,0.02858928995270779,18.428,20.79,19.3446,19.2255,0.6016648901174141,1.333,1.478,1.4246,1.431,0.03101676965771905,5.921,6.757000000000001,6.13515,6.1045,0.19118296864522225,0.853,1.074,0.94905,0.9460000000000001,0.03863609064074677,37.550000000000004,47.578,39.44505,38.721000000000004,2.175042677167508,2.451,2.807,2.517,2.493,0.0826129529795419,17.512,22.279,18.598950000000002,18.331500000000002,1.0854001324396454,0.512,0.519,0.5131999999999999,0.513,0.0016000000000000014,64,64,8192,24576,152064,True,32768,1
2.04,2.479,2.198904761904762,2.194,0.11731963046144486,0.9400000000000001,1.091,0.98675,0.978,0.035258864133718176,18.768,23.286,19.808349999999997,19.3915,1.1214316865061378,1.387,1.556,1.43315,1.4255,0.034835721608716556,5.8580000000000005,6.384,6.049250000000002,6.0555,0.12630632406969972,0.916,0.978,0.9519500000000001,0.9545000000000001,0.018623842245895417,37.989000000000004,41.63,39.83325000000001,39.892,1.1221668715035205,2.4050000000000002,2.649,2.5235,2.5375,0.05443206775421999,17.276,20.319,18.832500000000003,18.884,0.7474389941660787,0.507,0.513,0.50945,0.509,0.0012835497652993449,64,64,8192,24576,152064,True,32512,1
1.977,2.316,2.1580476190476188,2.187,0.10848369471095913,0.928,1.035,0.9765500000000001,0.972,0.03351786836897595,17.919,21.324,19.396150000000002,19.384500000000003,0.9765752031973781,1.363,1.53,1.4166999999999998,1.4015,0.048397417286462706,5.837,6.656000000000001,6.202050000000001,6.228,0.1856128969118257,0.892,1.0190000000000001,0.9433499999999999,0.9355,0.03108420016664415,36.362,42.195,39.26200000000001,38.942,1.6161481677123541,2.337,2.689,2.49645,2.4775,0.07906736052253167,16.372,20.505,18.552000000000003,18.6425,1.0278053317627807,0.504,0.519,0.50675,0.506,0.003207413287993928,64,64,8192,24576,152064,True,32256,1
2.027,2.3810000000000002,2.1440952380952383,2.113,0.08247822498315473,0.9380000000000001,1.058,0.9715000000000001,0.9644999999999999,0.027796582523756407,18.549,22.091,19.384800000000002,19.082,0.8558583177138611,1.368,1.494,1.40605,1.3995000000000002,0.03174346389416251,5.748,6.448,5.991200000000001,5.968500000000001,0.16187081268715495,0.909,1.01,0.9375,0.931,0.024892770034690787,37.686,41.923,39.489250000000006,39.141000000000005,1.267242513294121,2.414,2.642,2.49905,2.499,0.05893680938089539,17.597,20.17,18.64445,18.692999999999998,0.6573128231671732,0.5,0.511,0.502,0.5015000000000001,0.0022803508501982777,64,64,8192,24576,152064,True,32000,1
1.99,2.297,2.136095238095239,2.1350000000000002,0.09339720846338417,0.922,1.018,0.9654,0.9644999999999999,0.031248039938530536,17.705000000000002,21.464000000000002,19.0409,19.0565,0.8052535563411068,1.347,1.481,1.3905,1.391,0.029900668888839268,5.698,6.389,6.0171,6.0125,0.17303493866846661,0.884,0.997,0.92685,0.9205000000000001,0.024409578038139042,36.668,40.718,38.133599999999994,37.849000000000004,1.199803125516849,2.394,2.566,2.46455,2.467,0.04824880827543818,17.149,19.769000000000002,18.434200000000004,18.625999999999998,0.7691983879338283,0.496,0.5,0.4975500000000001,0.497,0.0013219304066402295,64,64,8192,24576,152064,True,31744,1
2.011,2.346,2.142190476190476,2.149,0.08348345661473702,0.914,1.0110000000000001,0.9595500000000001,0.966,0.024200154958181553,18.285,20.543,19.083350000000003,18.848,0.6808566864619892,1.342,1.45,1.3769500000000001,1.3685,0.027505408559045246,5.686,6.398000000000001,5.8899,5.877000000000001,0.16931417542544994,0.89,0.991,0.9185000000000001,0.91,0.025776927667974705,37.243,40.793,38.829350000000005,38.50150000000001,0.9985296327600894,2.398,2.562,2.4722500000000003,2.4619999999999997,0.042522788008313835,17.638,20.383,18.572849999999995,18.5205,0.7190598914555031,0.492,0.502,0.49479999999999996,0.494,0.0024413111231467426,64,64,8192,24576,152064,True,31488,1
1.971,2.251,2.1156666666666664,2.152,0.09076989921320065,0.914,1.0070000000000001,0.95645,0.9515,0.03242294712082787,17.716,20.674,18.897300000000005,18.7275,0.8320293925096631,1.328,1.486,1.37705,1.368,0.03606449084626039,5.656,6.5360000000000005,5.91855,5.8375,0.24265499685767863,0.873,0.993,0.91275,0.909,0.02808536095548711,36.128,42.508,37.59675000000001,37.149,1.6167366475403473,2.361,2.536,2.4289999999999994,2.4175,0.0573881520873429,17.102,19.77,18.136000000000003,17.8425,0.7627559242641121,0.487,0.493,0.48970000000000014,0.489,0.001345362404707372,64,64,8192,24576,152064,True,31232,1
1.977,2.33,2.107190476190476,2.109,0.08179860229776838,0.903,1.038,0.9532,0.9530000000000001,0.03134740818632378,17.755,20.901,19.00225,18.879,0.8568859827888421,1.322,1.457,1.3639500000000002,1.354,0.03656702749746007,5.593,6.462,5.8401499999999995,5.8325,0.19132466516369492,0.875,0.993,0.9135500000000001,0.9015,0.02951181966602533,36.206,41.958,38.34255,37.682,1.698640058252483,2.339,2.601,2.4349999999999996,2.4375,0.06472325702558544,17.153,20.580000000000002,18.32625,18.247,0.90764474740947,0.483,0.495,0.48624999999999996,0.485,0.002643387977577263,64,64,8192,24576,152064,True,30976,1
1.939,2.185,2.0527142857142855,2.0420000000000003,0.06607725843005785,0.895,0.98,0.9367000000000001,0.931,0.023507658326596445,17.68,19.762,18.706400000000002,18.7835,0.5583391800688897,1.329,1.411,1.3622,1.3639999999999999,0.02225443775969191,5.597,6.127,5.8208,5.829000000000001,0.13964941818711585,0.882,0.9520000000000001,0.9093,0.9075,0.016422849935379687,35.533,38.711,37.23705000000001,37.337500000000006,0.9030048435639749,2.29,2.447,2.3769,2.3915,0.04600097825046769,16.435,18.689,17.78365,17.9175,0.5776953587315724,0.48,0.484,0.4817499999999999,0.482,0.0010897247358851695,64,64,8192,24576,152064,True,30720,1
1.861,2.359,2.0819523809523814,2.1,0.10070299385083614,0.867,1.055,0.94205,0.9440000000000001,0.03731283291308768,17.158,21.993000000000002,18.77675,18.615000000000002,1.132581735461066,1.293,1.551,1.3465500000000001,1.3345,0.05697497257568449,5.44,6.953,5.806900000000001,5.7315000000000005,0.30491423384289557,0.852,1.085,0.9013500000000001,0.894,0.05139287401965374,34.931,41.758,37.41575,37.3335,1.7533962437224506,2.239,2.5060000000000002,2.3749000000000002,2.3825000000000003,0.06569543363126545,16.505,19.927,17.859699999999997,17.906,0.8220450170154915,0.47500000000000003,0.51,0.4796,0.47800000000000004,0.0071302173879903485,64,64,8192,24576,152064,True,30464,1
1.897,2.223,2.0208571428571434,1.976,0.08913942301077496,0.883,0.999,0.92265,0.907,0.030320413915380512,17.543,20.682000000000002,18.41085,18.137999999999998,0.8467630881775615,1.297,1.465,1.34475,1.3315000000000001,0.04168677847951316,5.488,6.46,5.74865,5.7065,0.2374361545763408,0.863,0.994,0.8933500000000002,0.885,0.030456977854015663,35.335,40.817,36.696600000000004,36.019999999999996,1.5491581713950324,2.286,2.485,2.34,2.31,0.059160797830996134,16.794,18.965,17.4806,17.164,0.6867351308910877,0.47100000000000003,0.48,0.4736000000000001,0.47300000000000003,0.002437211521390776,64,64,8192,24576,152064,True,30208,1
1.905,2.274,2.007904761904762,1.964,0.10817618114816428,0.884,1.0130000000000001,0.9198999999999999,0.91,0.03885472944185818,17.297,21.299,18.43745,17.9515,1.0815968507258142,1.2690000000000001,1.476,1.3276000000000001,1.3250000000000002,0.04548780056234858,5.375,6.571,5.6561,5.5365,0.2876588083129039,0.834,1.0130000000000001,0.8872499999999999,0.877,0.03909971227515623,34.603,42.124,36.8849,35.971500000000006,2.2228778171550503,2.227,2.742,2.33765,2.3150000000000004,0.1122275701421001,16.219,19.913,17.49855,17.362000000000002,1.0406065767137933,0.468,0.48,0.4705000000000001,0.47000000000000003,0.002598076211353308,64,64,8192,24576,152064,True,29952,1
1.852,2.236,1.977,1.961,0.08508259292621272,0.86,0.99,0.9000000000000001,0.8915,0.029223278392404926,16.831,19.847,17.973900000000004,17.644,0.782137769194149,1.2510000000000001,1.3900000000000001,1.31785,1.3045,0.03547150264649076,5.373,6.178,5.5829,5.428,0.2626495573954009,0.8170000000000001,0.9430000000000001,0.8730499999999999,0.865,0.029261707058885013,34.366,39.919000000000004,35.9092,35.695,1.2922859435898857,2.198,2.396,2.2807500000000003,2.282,0.055195901115934344,15.711,18.479,17.02475,17.045,0.6982692800775359,0.464,0.46900000000000003,0.46654999999999996,0.467,0.0011169153951844349,64,64,8192,24576,152064,True,29696,1
1.854,2.123,1.9721428571428574,1.976,0.06849072631996785,0.857,0.9400000000000001,0.90045,0.9025000000000001,0.022457682427178476,17.0,19.025000000000002,17.989300000000004,18.07,0.6009123979416638,1.2530000000000001,1.356,1.2998999999999998,1.3054999999999999,0.026671895320730395,5.371,5.859,5.5383000000000004,5.534000000000001,0.12678647404198912,0.8280000000000001,0.914,0.8709,0.871,0.023918402956719334,34.709,38.717,36.433050000000016,36.295,1.1071712367560858,2.21,2.3850000000000002,2.2939000000000007,2.2995,0.04391002163515752,15.801,18.055,17.13145,17.213500000000003,0.5717495496281568,0.46,0.467,0.46195,0.462,0.0015321553446044575,64,64,8192,24576,152064,True,29440,1
1.824,2.218,1.9524285714285714,1.925,0.10158766865013051,0.855,0.983,0.8941500000000001,0.886,0.036001770789782,16.934,21.038,17.872949999999996,17.5365,0.9721414236107832,1.2590000000000001,1.424,1.29915,1.2885,0.03928393437526334,5.361,6.5920000000000005,5.5916000000000015,5.4335,0.29020310129287047,0.837,0.989,0.8654999999999997,0.856,0.03281234523773027,34.069,39.897,35.635149999999996,34.914500000000004,1.6807158378203013,2.199,2.406,2.2673,2.2670000000000003,0.05753529351624102,16.297,19.254,17.114650000000005,17.042,0.679445823815262,0.456,0.465,0.45809999999999995,0.458,0.002118962010041711,64,64,8192,24576,152064,True,29184,1
1.812,2.201,1.9379047619047618,1.9120000000000001,0.10767539612049362,0.842,0.977,0.8891500000000001,0.8775,0.03708271160527506,16.233,20.381,17.8846,17.65,1.0216930263048682,1.21,1.374,1.2778000000000003,1.2685,0.040433402033467326,5.216,6.0280000000000005,5.461799999999999,5.4425,0.1882128050904083,0.792,0.927,0.8551,0.854,0.032124601164839395,33.762,39.172000000000004,35.97165000000001,35.795500000000004,1.4827591603156598,2.17,2.475,2.258,2.2375,0.06637770710110438,15.665000000000001,18.495,16.945100000000004,16.817500000000003,0.7120006249997257,0.453,0.458,0.4542,0.453,0.001691153452528778,64,64,8192,24576,152064,True,28928,1
1.792,2.089,1.916142857142857,1.94,0.0849354296562062,0.837,0.937,0.8787499999999999,0.89,0.029815893412742166,16.507,18.968,17.46275,17.291,0.7360459819196082,1.206,1.358,1.2759,1.27,0.03645531511316284,5.214,5.923,5.47085,5.4015,0.217528682016878,0.8180000000000001,0.92,0.8523000000000002,0.84,0.03005844307345275,33.054,36.812,34.689,34.202,1.198526970910542,2.1590000000000003,2.323,2.2311999999999994,2.2385,0.05024698995959854,15.503,17.532,16.602449999999997,16.7435,0.5700960861995109,0.447,0.455,0.4497,0.4495,0.001791647286716893,64,64,8192,24576,152064,True,28672,1
1.82,2.095,1.9286190476190472,1.932,0.0655391385723619,0.8280000000000001,0.934,0.8751500000000002,0.879,0.027006064133820035,16.597,18.575,17.477300000000007,17.488500000000002,0.5328463286914905,1.217,1.31,1.25545,1.2505000000000002,0.025580216965459836,5.12,5.71,5.271399999999998,5.2315000000000005,0.15521320820084863,0.806,0.884,0.8361999999999998,0.8365,0.018095855879178505,33.675,37.111000000000004,35.3072,35.1635,1.128963312069972,2.1430000000000002,2.329,2.2329,2.2315,0.04196772569487179,16.158,17.857,16.81515,16.6785,0.4195101041691366,0.446,0.452,0.4474499999999999,0.447,0.0015321553446044575,64,64,8192,24576,152064,True,28416,1
1.792,2.0100000000000002,1.8989523809523814,1.9080000000000001,0.07450310072836296,0.8300000000000001,0.908,0.87165,0.88,0.02804331471135323,16.308,18.641000000000002,17.169700000000002,17.107,0.6547350685582684,1.225,1.339,1.2546000000000002,1.2495,0.02433187210224482,5.088,5.805,5.294700000000001,5.218999999999999,0.18914150787175188,0.806,0.907,0.8384499999999999,0.8310000000000001,0.02418568791661711,32.662,36.912,34.17334999999999,33.623000000000005,1.3349344281649191,2.1,2.335,2.18645,2.186,0.06214376477169692,15.389000000000001,17.78,16.560200000000002,16.558999999999997,0.5028743978370742,0.441,0.446,0.4427999999999999,0.443,0.0012884098726725134,64,64,8192,24576,152064,True,28160,1
1.768,2.04,1.8671428571428572,1.816,0.09881646561960723,0.801,0.918,0.8531000000000001,0.8385,0.03384361091845844,16.052,18.82,17.33005,17.185499999999998,0.6851469532151478,1.21,1.289,1.2419499999999997,1.2405,0.023510582723531112,5.021,5.603,5.2166,5.1345,0.18159526425543154,0.801,0.869,0.82825,0.8245,0.019927054473754993,32.532000000000004,37.014,34.3883,34.076499999999996,1.281481061116394,2.097,2.2720000000000002,2.1858500000000003,2.1825,0.04767418064319512,15.867,17.312,16.6119,16.497,0.4877238870508599,0.435,0.443,0.43820000000000003,0.4375,0.0022045407685048622,64,64,8192,24576,152064,True,27904,1
1.727,1.964,1.8445714285714285,1.862,0.0604629531819526,0.801,0.887,0.84505,0.8494999999999999,0.021195459419413372,15.964,18.25,16.995250000000002,16.8555,0.6677453013687178,1.189,1.309,1.2320000000000002,1.2225000000000001,0.03134645115479579,5.122,5.721,5.32745,5.288,0.17371052789051103,0.788,0.888,0.8213000000000001,0.8145,0.025243018836898234,32.031,35.828,33.8426,33.75,1.204749243618771,2.057,2.219,2.1389000000000005,2.1305,0.04535846117319235,14.758000000000001,16.779,15.94905,15.932,0.5532752908814923,0.431,0.435,0.43265000000000003,0.4325,0.0009096702699330135,64,64,8192,24576,152064,True,27648,1
1.748,2.003,1.8505238095238097,1.855,0.08105766263100493,0.806,0.901,0.8436,0.8454999999999999,0.028603146680042026,15.453000000000001,18.921,16.99165,16.766000000000002,0.8473904811242567,1.158,1.321,1.22275,1.214,0.03628756674124072,4.93,5.845,5.168,5.1395,0.23911942622881968,0.77,0.9,0.8157,0.8075000000000001,0.03252860279815289,31.612000000000002,36.686,33.80454999999999,33.597,1.4227767736015375,2.058,2.224,2.1265500000000004,2.1185,0.052743222313393075,14.906,16.986,15.855950000000002,15.816500000000001,0.5656809591103453,0.429,0.435,0.4304,0.4295,0.0018275666882497084,64,64,8192,24576,152064,True,27392,1
1.68,1.952,1.7970952380952383,1.782,0.07974119134030969,0.787,0.88,0.82865,0.8250000000000001,0.027548638804848397,15.693,18.639,16.568399999999997,16.39,0.7720111657223616,1.1460000000000001,1.286,1.2065000000000001,1.201,0.03146664901129448,4.992,5.823,5.1962,5.1615,0.19945340307951637,0.749,0.88,0.80385,0.797,0.02981488722098408,30.43,37.344,33.24355,32.59,1.8258659719431762,2.028,2.2520000000000002,2.1049,2.0835,0.05704989044687119,14.716000000000001,17.868000000000002,15.69105,15.428,0.7736705031859495,0.423,0.429,0.42555,0.4255,0.0012835497652993444,64,64,8192,24576,152064,True,27136,1
1.651,1.957,1.8103333333333336,1.839,0.08661481965649404,0.772,0.881,0.8286,0.833,0.03187381370341489,15.338000000000001,18.86,16.785999999999998,16.7325,0.9514738567086328,1.116,1.258,1.1964,1.194,0.03367105581950172,4.839,5.628,5.12955,5.067,0.20311363198958357,0.728,0.859,0.7999500000000002,0.7955000000000001,0.032041340483818716,31.177,36.514,33.569250000000004,33.66,1.5198227158126043,1.984,2.17,2.0725000000000002,2.0585,0.050195119284647566,14.009,17.189,15.546450000000002,15.5785,0.7854448723494224,0.42,0.424,0.42200000000000004,0.422,0.0012649110640673528,64,64,8192,24576,152064,True,26880,1
1.6520000000000001,1.8900000000000001,1.772476190476191,1.7590000000000001,0.06501034280175588,0.776,0.854,0.8155000000000001,0.81,0.02055845324921112,15.36,17.129,16.252950000000002,16.037,0.551619930296214,1.1500000000000001,1.227,1.17885,1.171,0.018971755322057065,4.837,5.321,4.98095,4.9415000000000004,0.1161445112779764,0.77,0.8230000000000001,0.7833,0.779,0.011987910576910402,30.974,34.805,32.4697,32.135999999999996,1.1626021718541562,1.988,2.153,2.0645000000000002,2.0540000000000003,0.05060187743552608,14.727,16.522000000000002,15.373149999999999,15.0805,0.5067980144988732,0.41600000000000004,0.421,0.41775,0.4175,0.0011346805717910185,64,64,8192,24576,152064,True,26624,1
1.606,1.976,1.7820952380952382,1.7850000000000001,0.09872130312961827,0.754,0.88,0.8147500000000001,0.8155000000000001,0.035377782576074476,15.133000000000001,18.25,16.2822,15.884,0.9737984185651566,1.115,1.2670000000000001,1.1743999999999999,1.1625,0.03936165646920871,4.745,5.575,5.00655,4.9030000000000005,0.2593687481174245,0.734,0.857,0.78695,0.7815000000000001,0.033294856960197315,30.029,35.78,32.625299999999996,32.1385,1.8142190358388375,1.939,2.161,2.0519500000000006,2.0404999999999998,0.061280890169774754,13.645,16.773,15.359100000000003,15.364,0.8008322483516758,0.41200000000000003,0.422,0.41459999999999997,0.41400000000000003,0.002395829710142172,64,64,8192,24576,152064,True,26368,1
1.609,1.85,1.7267619047619047,1.721,0.06374196850390516,0.755,0.835,0.7901000000000001,0.789,0.021869842249088136,14.759,17.248,15.815550000000002,15.628,0.6929763686447036,1.092,1.236,1.1564,1.1515,0.030125404561598807,4.7170000000000005,5.339,4.94775,4.8905,0.17538553959776737,0.713,0.8140000000000001,0.7643,0.7595000000000001,0.022616586833560916,29.47,33.806,31.5651,31.496000000000002,1.1983674686839592,1.936,2.14,2.016050000000001,2.0100000000000002,0.05266448043985626,13.694,16.102,14.935799999999997,14.9145,0.6552746447101395,0.40800000000000003,0.41200000000000003,0.4093,0.40900000000000003,0.0011445523142259606,64,64,8192,24576,152064,True,26112,1
1.609,2.066,1.7369047619047624,1.716,0.10567375885553418,0.751,0.92,0.7937000000000001,0.789,0.037832657850063886,15.14,18.01,16.065549999999998,15.752500000000001,0.8283538781825073,1.109,1.212,1.1520500000000002,1.1480000000000001,0.03400805051748776,4.649,5.248,4.887950000000002,4.830500000000001,0.2045090401424837,0.735,0.8210000000000001,0.7667,0.7575000000000001,0.027309522148876962,30.021,34.823,31.887,31.284,1.587163696661438,1.934,2.29,2.02815,1.9929999999999999,0.08154892703156798,13.863,17.289,15.149750000000003,14.906500000000001,0.7470187999642316,0.405,0.448,0.40895000000000004,0.406,0.009211270270706421,64,64,8192,24576,152064,True,25856,1
1.589,1.87,1.6994285714285713,1.677,0.08672428749096948,0.744,0.8270000000000001,0.77715,0.7755000000000001,0.026109911910996583,14.527000000000001,16.76,15.485699999999998,15.4365,0.5605621375012767,1.105,1.203,1.1376000000000002,1.1260000000000001,0.02686708022841334,4.679,5.218,4.834149999999999,4.811,0.16195594308329647,0.734,0.812,0.7578500000000001,0.747,0.021863840010391607,29.357,33.506,30.971199999999993,30.4635,1.1745074542121905,1.9100000000000001,2.096,1.9804000000000006,1.9635,0.0526159671582686,13.553,16.065,14.676950000000005,14.450500000000002,0.7096537518395858,0.399,0.40800000000000003,0.40155,0.4,0.0023973944189473726,64,64,8192,24576,152064,True,25600,1
1.569,1.838,1.6856666666666666,1.69,0.07610414752062643,0.729,0.8290000000000001,0.77275,0.7715000000000001,0.026572307013129313,14.689,16.993000000000002,15.68335,15.570500000000001,0.6916824614662429,1.094,1.184,1.1273,1.1165,0.028402640722299033,4.558,5.142,4.756600000000001,4.676,0.18850952230590376,0.724,0.804,0.75075,0.742,0.02529204420366217,29.34,33.698,31.081050000000005,30.576,1.295845263717856,1.872,2.067,1.9629000000000005,1.9475,0.0541783166958886,13.236,15.692,14.60215,14.518,0.6521328296443907,0.396,0.402,0.39835000000000004,0.398,0.001492481155659931,64,64,8192,24576,152064,True,25344,1
1.546,1.801,1.6553333333333333,1.6420000000000001,0.07371459333023053,0.728,0.807,0.76115,0.7575000000000001,0.0253639015137656,14.31,16.563,15.142950000000003,14.968,0.6493428582035842,1.074,1.189,1.1125,1.1015000000000001,0.027634217919094452,4.554,5.19,4.714900000000001,4.6690000000000005,0.16418766701552223,0.71,0.788,0.7365999999999999,0.729,0.020433795535827425,28.918,32.531,30.0827,29.465,1.1300936288644405,1.862,2.065,1.9242000000000001,1.9115000000000002,0.05548747606442374,13.605,15.755,14.417200000000003,14.2745,0.6411517449091129,0.391,0.395,0.39315,0.393,0.0012359207094308285,64,64,8192,24576,152064,True,25088,1
1.564,1.883,1.669,1.6460000000000001,0.08014272981909927,0.725,0.833,0.7615500000000001,0.753,0.025747766893460887,14.658,17.331,15.446349999999999,15.221,0.7217339728043844,1.05,1.17,1.1068,1.1005,0.029159218096512805,4.554,5.26,4.793950000000001,4.78,0.195718541533499,0.6910000000000001,0.848,0.73985,0.7335,0.03390615725793767,28.667,36.233000000000004,30.7416,30.2855,1.721393923539874,1.842,2.06,1.9159499999999998,1.9090000000000003,0.05304005561837203,13.437000000000001,16.209,14.389900000000003,14.258500000000002,0.6384327607508874,0.388,0.403,0.3899,0.389,0.003238826948140332,64,64,8192,24576,152064,True,24832,1
1.485,1.742,1.5912857142857144,1.577,0.06880555269476911,0.7010000000000001,0.79,0.7378500000000001,0.732,0.024591207778391053,13.779,16.052,14.662300000000002,14.415500000000002,0.7036069286185291,1.039,1.1480000000000001,1.0797500000000002,1.069,0.029605531577730576,4.418,4.999,4.576099999999999,4.5145,0.18374381622247862,0.684,0.765,0.7158499999999999,0.7095,0.022392576895033756,27.858,31.863,29.25815,28.744,1.2890907367210425,1.804,1.985,1.87475,1.8565,0.05492711079239468,12.83,15.164,13.855949999999998,13.5555,0.7283987558336437,0.382,0.389,0.38439999999999996,0.384,0.0016852299546352733,64,64,8192,24576,152064,True,24576,1
1.494,1.7630000000000001,1.6126190476190476,1.615,0.07002480933856582,0.6960000000000001,0.794,0.7419,0.747,0.02518908493772651,13.922,16.101,15.068550000000002,15.0495,0.6337540118216213,1.022,1.121,1.07835,1.0775000000000001,0.025973592358393565,4.406,4.88,4.67515,4.677,0.13112752380793294,0.67,0.753,0.7187,0.718,0.023119472312317146,28.129,32.114,29.918699999999994,29.646500000000003,1.221519222116459,1.794,1.983,1.8707,1.8635000000000002,0.04688080630705921,12.611,14.984,13.987800000000002,14.095500000000001,0.5793440773840707,0.379,0.386,0.3816,0.3815,0.001743559577416271,64,64,8192,24576,152064,True,24320,1
1.473,1.7590000000000001,1.5689523809523813,1.55,0.0765559093488924,0.6920000000000001,0.8,0.727,0.7195,0.028993102628038964,13.833,16.323,14.44125,14.138000000000002,0.6619028535215725,1.031,1.1500000000000001,1.0619,1.0525,0.02936647748709406,4.353,4.84,4.49765,4.4605,0.15375508934666193,0.681,0.75,0.7045,0.6975,0.020110942295178486,27.259,31.767,28.672250000000002,28.2275,1.328036440576839,1.7770000000000001,1.982,1.8427,1.822,0.05483438702128437,12.685,15.119,13.5892,13.379000000000001,0.690829038185281,0.375,0.385,0.3774,0.377,0.002177154105707726,64,64,8192,24576,152064,True,24064,1
1.454,1.731,1.5792380952380953,1.538,0.07905567945135086,0.681,0.778,0.72585,0.7095,0.028817138997478575,13.774000000000001,16.084,14.646200000000002,14.4305,0.6735234665548038,1.0090000000000001,1.117,1.0573000000000001,1.0535,0.027885659396901498,4.321,4.982,4.526,4.455500000000001,0.2021022018682626,0.662,0.759,0.7052,0.7025000000000001,0.024369242909864867,27.069,32.064,29.124950000000002,28.500999999999998,1.4866410620926624,1.748,1.94,1.8295500000000005,1.813,0.056200956397556075,12.348,14.974,13.625349999999997,13.336500000000001,0.7076421606292266,0.371,0.377,0.37375,0.373,0.0016992645467966442,64,64,8192,24576,152064,True,23808,1
1.452,1.772,1.5394761904761904,1.51,0.0796687302268821,0.68,0.795,0.7121000000000002,0.7030000000000001,0.028428682698992565,13.51,16.44,14.209549999999998,13.891000000000002,0.7205136691971916,1.0090000000000001,1.095,1.0399999999999998,1.0335,0.02262520718137182,4.233,4.774,4.38855,4.3255,0.15826827698562976,0.665,0.741,0.6919000000000001,0.685,0.02149162627629652,26.602,31.108,27.974700000000002,27.438000000000002,1.3160105280733885,1.748,1.905,1.799,1.7850000000000001,0.04832183771339828,12.541,15.191,13.350200000000001,13.0875,0.6874802978995108,0.366,0.376,0.36865000000000003,0.368,0.002080264406271474,64,64,8192,24576,152064,True,23552,1
1.434,1.826,1.5589523809523809,1.55,0.08934335916935518,0.671,0.8230000000000001,0.7168500000000001,0.714,0.03215007776040362,13.485,17.323,14.412199999999999,14.1315,0.8723536324220814,0.981,1.206,1.03655,1.025,0.04586335683309713,4.228,5.406,4.426699999999999,4.3165,0.28489104935044907,0.642,0.8260000000000001,0.69115,0.684,0.0372387902596204,27.027,31.557000000000002,28.391999999999996,28.048000000000002,1.3508472896667485,1.721,1.934,1.7998,1.7925,0.0505000990098039,12.405000000000001,15.321,13.416599999999999,13.45,0.7024826261196784,0.364,0.396,0.3671,0.365,0.006920260110718389,64,64,8192,24576,152064,True,23296,1
1.379,1.782,1.4992380952380953,1.473,0.08794960936154333,0.652,0.79,0.6948500000000001,0.687,0.03069735330610767,12.893,16.927,13.917300000000001,13.775500000000001,0.9110342529235659,0.972,1.1360000000000001,1.02115,1.0095,0.04034386570471403,4.142,5.272,4.36365,4.2415,0.3021892246589875,0.638,0.768,0.6797500000000001,0.6695,0.03246363349965619,25.761,32.881,27.623150000000003,26.997999999999998,1.6609127994870774,1.684,1.942,1.7637,1.7469999999999999,0.05924786915999594,11.89,15.521,13.051750000000002,12.893,0.7869830922580231,0.358,0.364,0.3605,0.36,0.0016583123951777012,64,64,8192,24576,152064,True,23040,1
1.4020000000000001,1.743,1.5232857142857144,1.512,0.08591587405692841,0.654,0.786,0.6984000000000001,0.6960000000000001,0.03164869665562864,13.252,16.365000000000002,14.186999999999998,13.984,0.782057286904227,0.982,1.09,1.0138000000000003,0.9984999999999999,0.028793402021991085,4.138,4.833,4.316599999999999,4.2044999999999995,0.20970631845511953,0.654,0.747,0.67825,0.6655,0.025541877378141162,26.239,32.006,27.8413,27.101,1.553233823350496,1.676,1.901,1.7508000000000004,1.7269999999999999,0.05793410049357805,11.828,14.842,12.96305,12.7925,0.753219919744559,0.355,0.382,0.3594,0.357,0.006590902821313639,64,64,8192,24576,152064,True,22784,1
1.371,1.707,1.4724761904761907,1.432,0.0932015833953066,0.649,0.77,0.6817500000000001,0.669,0.03387310880329703,12.884,15.236,13.607950000000002,13.209,0.7421850493643752,0.97,1.068,0.99705,0.9855,0.0258001453484278,4.045,4.723,4.19885,4.1105,0.1878028953450931,0.619,0.729,0.66405,0.6535,0.024609906541878616,25.706,29.763,26.883449999999993,26.164,1.2259357844112395,1.661,1.827,1.71795,1.6885,0.052916419946931414,11.862,14.477,12.7488,12.3985,0.7860847028151612,0.35100000000000003,0.368,0.3536,0.3525,0.0036386810797320477,64,64,8192,24576,152064,True,22528,1
1.3880000000000001,1.669,1.4717142857142858,1.436,0.07583889117706026,0.65,0.757,0.6813,0.668,0.027608150970320332,13.074,15.588000000000001,13.787400000000002,13.5015,0.700920994121306,0.965,1.066,0.9946999999999999,0.9864999999999999,0.027637112729082272,4.039,4.716,4.2391,4.1665,0.21193888269970662,0.64,0.727,0.66515,0.6585000000000001,0.024300771592688158,25.845,30.464000000000002,27.2429,26.915,1.306534190138169,1.6560000000000001,1.866,1.7100500000000003,1.6895,0.05820435980233784,11.804,14.211,12.6487,12.4025,0.6195695360490217,0.34700000000000003,0.369,0.34984999999999994,0.34850000000000003,0.0047039876700518575,64,64,8192,24576,152064,True,22272,1
1.368,1.546,1.432952380952381,1.42,0.05130346334774997,0.64,0.7030000000000001,0.6642000000000001,0.6595,0.019459188061170505,12.649000000000001,14.581,13.264450000000002,13.158,0.5034596781272556,0.9430000000000001,1.04,0.9775,0.975,0.02421466497806647,3.9490000000000003,4.562,4.0996999999999995,4.0115,0.17561864935137156,0.624,0.7030000000000001,0.6509500000000001,0.641,0.021371651784548636,25.066,29.288,26.271799999999995,25.5915,1.2461642588358888,1.6300000000000001,1.7710000000000001,1.6679,1.653,0.040576963908109234,11.773,13.461,12.3406,12.091000000000001,0.5565310772993725,0.343,0.35000000000000003,0.34490000000000004,0.34500000000000003,0.0015779733838059513,64,64,8192,24576,152064,True,22016,1
1.346,1.684,1.4326666666666665,1.389,0.08499262339606908,0.632,0.761,0.6670500000000001,0.6555,0.030957188179807287,12.777000000000001,15.751,13.6345,13.3325,0.7372087560521783,0.937,1.036,0.9711500000000003,0.964,0.028742433786998627,3.977,4.558,4.136750000000001,4.071,0.1903338842665698,0.624,0.6960000000000001,0.6493,0.643,0.022967585854852066,25.121000000000002,29.302,26.543650000000003,25.988500000000002,1.320486284480077,1.615,1.816,1.6652999999999998,1.6385,0.05630017761961325,11.547,13.984,12.34655,12.063,0.7573014244671669,0.339,0.365,0.34165,0.34,0.005470603257411373,64,64,8192,24576,152064,True,21760,1
1.336,1.541,1.3969999999999998,1.368,0.06365981015186446,0.629,0.7030000000000001,0.6518499999999999,0.646,0.023009291601437908,12.543000000000001,14.265,13.036350000000002,12.7565,0.5530279626745829,0.93,1.0010000000000001,0.9581,0.9515,0.022463080821650428,3.858,4.349,4.024150000000001,3.9400000000000004,0.14702560151211755,0.619,0.678,0.6382000000000001,0.631,0.017022338264762585,24.752,27.718,25.690000000000005,25.338500000000003,0.9349863635369235,1.592,1.745,1.6373000000000002,1.6215000000000002,0.04390569439150235,11.426,13.391,12.0654,11.937999999999999,0.5769353863302198,0.335,0.341,0.33695,0.337,0.0013219304066402298,64,64,8192,24576,152064,True,21504,1
1.316,1.494,1.399761904761905,1.4020000000000001,0.05282667504558546,0.62,0.684,0.6517499999999999,0.653,0.01907583549939558,12.394,14.283,13.229,13.0885,0.5201795843744733,0.892,1.006,0.9477,0.9450000000000001,0.03004679683427169,3.854,4.414,4.04425,3.9775,0.16778792417811236,0.584,0.679,0.6298999999999999,0.6295,0.022744010200490168,24.256,28.178,25.9343,25.8595,1.1399759251843875,1.563,1.709,1.6186,1.606,0.04326014331922632,11.025,12.948,12.068450000000002,11.985,0.5674793806826817,0.331,0.336,0.33304999999999996,0.3325,0.00143090880212542,64,64,8192,24576,152064,True,21248,1
1.283,1.537,1.3760476190476192,1.369,0.06730773407090479,0.607,0.7020000000000001,0.6428999999999999,0.641,0.02611876719908505,11.893,14.229000000000001,12.770050000000001,12.5165,0.690343789354261,0.885,0.998,0.9308500000000001,0.9265000000000001,0.027210797489232094,3.765,4.348,3.9252000000000002,3.8455000000000004,0.17174387907579122,0.582,0.676,0.6220000000000001,0.6165,0.023045606956641453,23.626,28.019000000000002,24.996700000000004,24.7145,1.2224752799136676,1.541,1.743,1.60945,1.6030000000000002,0.05440356146430125,10.951,13.4,11.914750000000002,11.832,0.6793457790403942,0.327,0.336,0.32920000000000005,0.328,0.002088061301782112,64,64,8192,24576,152064,True,20992,1
1.268,1.578,1.3770952380952381,1.363,0.07659721787929424,0.599,0.717,0.6386499999999999,0.6355,0.028238758825415832,12.08,14.367,12.9873,12.927,0.6429357743974122,0.902,0.986,0.9288000000000001,0.918,0.02776076367825639,3.759,4.3870000000000005,3.967399999999999,3.8805,0.21596420999786056,0.593,0.666,0.6211,0.611,0.02427529608470309,24.04,27.946,25.404899999999998,24.78,1.4010848261258129,1.536,1.683,1.5846500000000001,1.5615,0.04959463176594823,10.911,13.355,11.787750000000003,11.681000000000001,0.6772867099685332,0.323,0.34400000000000003,0.32555,0.324,0.00459864110363051,64,64,8192,24576,152064,True,20736,1
1.18,1.474,1.3198095238095238,1.315,0.07499499605378065,0.5700000000000001,0.671,0.6159500000000001,0.6134999999999999,0.025578262255282327,11.655,13.527000000000001,12.420100000000001,12.339500000000001,0.6082175515389212,0.883,0.9590000000000001,0.91175,0.9015,0.024246391484095135,3.645,4.187,3.8319,3.7720000000000002,0.16793924496674387,0.5690000000000001,0.652,0.6055500000000001,0.5985,0.02110562721171774,22.608,26.905,24.360899999999997,24.180500000000002,1.227288877974538,1.476,1.672,1.5566,1.553,0.05217796469775339,10.132,12.742,11.347199999999999,11.333,0.6667959657946352,0.319,0.324,0.3206,0.32,0.0014282856857085714,64,64,8192,24576,152064,True,20480,1
1.243,1.537,1.3372380952380953,1.321,0.06978804970828581,0.592,0.6980000000000001,0.6212500000000001,0.6154999999999999,0.02593043578499986,11.908,14.106,12.6725,12.464500000000001,0.6494159298939317,0.861,0.9470000000000001,0.9038999999999999,0.8975,0.024639196415467794,3.678,4.184,3.8630000000000004,3.7975000000000003,0.1726519620508264,0.5700000000000001,0.644,0.6042500000000001,0.5985,0.021125517745134683,23.015,27.162,24.775650000000002,24.334500000000002,1.2260569837899047,1.494,1.651,1.5584,1.5525,0.04523980548145626,10.611,12.891,11.5652,11.429,0.6423091623198285,0.315,0.335,0.3176,0.3165,0.004140048308896894,64,64,8192,24576,152064,True,20224,1
1.217,1.481,1.310047619047619,1.296,0.07048638922344966,0.5720000000000001,0.677,0.6076499999999999,0.6025,0.02717402252151862,11.321,13.722,12.21,12.2165,0.6844794372367953,0.848,0.9570000000000001,0.8899500000000001,0.8805000000000001,0.029341906890998092,3.577,4.17,3.7717,3.6900000000000004,0.19614537975695476,0.559,0.644,0.59505,0.587,0.02457127387825059,22.379,26.629,24.131249999999998,23.7235,1.369495815072102,1.475,1.675,1.5295,1.5115,0.05464842175214211,10.484,12.894,11.261150000000002,11.1165,0.6570310704220921,0.312,0.321,0.31365,0.313,0.0020316249653910064,64,64,8192,24576,152064,True,19968,1
1.207,1.453,1.2876190476190479,1.2590000000000001,0.06766688448743467,0.5720000000000001,0.658,0.6,0.589,0.024527535546809438,11.603,13.954,12.345500000000001,12.123000000000001,0.6644953348218481,0.857,0.96,0.8834,0.8734999999999999,0.02826552670657316,3.576,4.329,3.7692500000000004,3.6500000000000004,0.21159132189199062,0.5700000000000001,0.657,0.5911,0.579,0.024639196415467766,23.043,27.892,24.272750000000002,23.4565,1.4348565389961465,1.461,1.633,1.5079999999999998,1.491,0.047347650416889736,10.428,12.531,11.090750000000002,10.883500000000002,0.6410729190193577,0.307,0.324,0.30944999999999995,0.308,0.0037077621282924863,64,64,8192,24576,152064,True,19712,1
1.184,1.423,1.2712857142857144,1.24,0.07176027741700829,0.562,0.65,0.5923500000000002,0.578,0.027860859642157475,11.258000000000001,13.523,11.85785,11.5,0.6147883599255923,0.846,0.9500000000000001,0.8674,0.8594999999999999,0.024098547674081962,3.517,4.131,3.649300000000001,3.585,0.15635219857744248,0.56,0.607,0.5760500000000001,0.5685,0.01459272078811895,22.501,25.254,23.3022,22.8485,0.893101875487898,1.44,1.549,1.48075,1.4765000000000001,0.03164786722671847,10.312,12.252,10.97045,10.8235,0.599003545481995,0.304,0.313,0.30599999999999994,0.305,0.002323790007724452,64,64,8192,24576,152064,True,19456,1
1.182,1.414,1.2654761904761904,1.254,0.07176921945846983,0.555,0.647,0.58905,0.581,0.02690069701699194,11.328,13.477,12.052000000000001,11.760000000000002,0.6859474469666027,0.8290000000000001,0.923,0.8654000000000002,0.8525,0.02891781457856041,3.481,4.113,3.6997,3.5875000000000004,0.21573435053324264,0.551,0.631,0.5786500000000002,0.5660000000000001,0.02416459186495809,22.275000000000002,26.3,23.796300000000002,23.009999999999998,1.3889304554224446,1.42,1.609,1.4828000000000001,1.4575,0.05920016891867792,10.175,12.363,11.040899999999997,10.7645,0.7111354934187997,0.299,0.311,0.30105,0.3,0.002889204042638736,64,64,8192,24576,152064,True,19200,1
1.1520000000000001,1.371,1.2270952380952382,1.207,0.06607060059541271,0.551,0.629,0.57505,0.5665,0.02329694185939431,10.778,13.068,11.53165,11.1815,0.6434438029074488,0.8200000000000001,0.913,0.8445500000000001,0.8345,0.026732891725363334,3.364,4.008,3.54925,3.46,0.19678843334911736,0.544,0.622,0.56395,0.5555000000000001,0.022343847027761335,21.466,25.001,22.634999999999998,22.0885,1.1835254961343253,1.401,1.512,1.4424,1.427,0.036159922566288784,10.034,11.689,10.607650000000001,10.383,0.5343352201567851,0.295,0.301,0.29684999999999995,0.296,0.0016515144564913757,64,64,8192,24576,152064,True,18944,1
1.149,1.385,1.2467619047619047,1.245,0.06996523270059263,0.544,0.636,0.5768500000000001,0.5690000000000001,0.027218146520290445,11.012,13.389000000000001,11.86645,11.6495,0.6819547254033806,0.811,0.917,0.8441500000000002,0.8320000000000001,0.03139311230190468,3.39,4.103,3.62075,3.508,0.2190876251639968,0.538,0.62,0.56425,0.552,0.02522870389060839,21.785,25.686,23.145649999999996,22.507,1.2438827627634366,1.385,1.59,1.4451500000000002,1.4144999999999999,0.05863384261670051,9.953,12.07,10.752350000000003,10.4815,0.6546159389290792,0.291,0.311,0.29405,0.2925,0.004259988262894633,64,64,8192,24576,152064,True,18688,1
1.123,1.291,1.1946666666666668,1.163,0.0556051841822011,0.531,0.593,0.5584,0.548,0.019827758320092537,10.553,12.487,11.192749999999998,10.967,0.5915930083258253,0.8,0.874,0.82195,0.811,0.023423225653184467,3.325,3.818,3.4578999999999995,3.3790000000000004,0.1595477671420067,0.534,0.593,0.5483000000000001,0.5395000000000001,0.017343874999549532,21.247,24.364,22.0223,21.5385,1.051946391219629,1.364,1.478,1.40455,1.391,0.03782786671225325,9.735,11.162,10.3193,9.9985,0.5272483380722978,0.28700000000000003,0.292,0.2888,0.28800000000000003,0.001208304597359436,64,64,8192,24576,152064,True,18432,1
1.112,1.374,1.2115238095238092,1.182,0.08753590776014315,0.525,0.626,0.56115,0.5485,0.03190967721554073,10.617,13.058,11.529349999999999,11.2225,0.8124578927550644,0.788,0.908,0.8217000000000001,0.808,0.03451391023920644,3.293,4.039,3.510300000000001,3.3985000000000003,0.2205540976722037,0.522,0.616,0.5487,0.538,0.02579554225055172,20.956,25.527,22.5316,21.985,1.4028974089362345,1.338,1.494,1.3951,1.3815,0.047119953310672945,9.562,11.835,10.379299999999999,10.1115,0.6993833784127275,0.28200000000000003,0.299,0.28615,0.28400000000000003,0.005022698477910043,64,64,8192,24576,152064,True,18176,1
1.095,1.299,1.1712857142857143,1.135,0.07282735151886068,0.519,0.595,0.5448000000000002,0.534,0.025529590674352752,10.372,12.338000000000001,11.031449999999998,10.835,0.6212833874328206,0.78,0.858,0.80195,0.79,0.025401722382547193,3.236,3.747,3.3745000000000003,3.289,0.16327752447902924,0.518,0.581,0.53515,0.5275000000000001,0.018709021887848655,20.681,23.966,21.60235,21.0785,1.059861324655259,1.327,1.453,1.36905,1.3519999999999999,0.041116268069950127,9.477,11.115,9.97025,9.688,0.5321563562525585,0.279,0.28700000000000003,0.28125000000000006,0.281,0.0021183720164314876,64,64,8192,24576,152064,True,17920,1
1.085,1.322,1.168809523809524,1.1420000000000001,0.07034514844178705,0.516,0.606,0.5449499999999999,0.537,0.025279388837549044,10.482000000000001,12.462,11.157900000000001,10.908000000000001,0.6108154303879364,0.763,0.848,0.7917000000000001,0.7835000000000001,0.024605080776132396,3.202,3.787,3.3853500000000003,3.301,0.18115387796014742,0.507,0.579,0.5306,0.523,0.02082162337571209,20.658,24.64,21.840500000000002,21.2545,1.2165314422570426,1.306,1.5050000000000001,1.35385,1.3325,0.04653737745081907,9.276,11.396,9.94105,9.644,0.603686298916913,0.275,0.296,0.27785000000000004,0.276,0.004671991010265317,64,64,8192,24576,152064,True,17664,1
1.061,1.272,1.1303333333333332,1.103,0.07132509965832395,0.505,0.577,0.5264,0.518,0.02410891951125142,10.074,11.934000000000001,10.66295,10.497,0.6178676618014575,0.759,0.845,0.7793000000000001,0.775,0.02294798466096751,3.142,3.598,3.2779,3.22,0.1469142266766564,0.504,0.554,0.5181500000000001,0.509,0.017065388949566912,20.118000000000002,22.81,20.86035,20.4495,0.8770138126050235,1.29,1.436,1.3252000000000002,1.314,0.039062257999250394,9.200000000000001,10.919,9.702100000000002,9.602,0.5100616531361674,0.272,0.278,0.27380000000000004,0.274,0.0016911534525287778,64,64,8192,24576,152064,True,17408,1
1.078,1.422,1.1777142857142855,1.153,0.07892379860596269,0.509,0.646,0.5444500000000001,0.5375000000000001,0.03072372861486704,10.47,12.809000000000001,11.4314,11.2675,0.592859291906604,0.763,0.835,0.7894,0.783,0.020567936211491913,3.205,3.722,3.411749999999999,3.3579999999999997,0.1488673486698813,0.506,0.562,0.5245,0.5195000000000001,0.016995587662684705,19.679000000000002,21.777,20.449999999999996,20.2765,0.6652697197377919,1.29,1.494,1.3371000000000002,1.3275000000000001,0.047739815667846894,9.342,11.938,10.133399999999998,9.933,0.589872392980041,0.268,0.312,0.27264999999999995,0.2695,0.010321216013629394,64,64,8192,24576,152064,True,17152,1
1.0130000000000001,1.285,1.0977619047619047,1.064,0.07772289284736099,0.481,0.5670000000000001,0.51025,0.502,0.024576157144679905,9.607,11.768,10.282399999999999,10.0105,0.5947742765116865,0.73,0.8320000000000001,0.75485,0.7455,0.02486619190788974,3.016,3.657,3.1569499999999997,3.081,0.17249477528319515,0.486,0.5670000000000001,0.5025999999999999,0.4935,0.0209007176910268,19.132,23.451,20.23385,19.731,1.142453468417861,1.239,1.391,1.28375,1.2640000000000002,0.04197722596837478,8.738,10.723,9.37455,9.172,0.5463997140372607,0.263,0.27,0.26515000000000005,0.265,0.001525614630239237,64,64,8192,24576,152064,True,16896,1
1.039,1.397,1.1389523809523807,1.116,0.08478177937138787,0.491,0.628,0.52745,0.518,0.03357152811535394,10.05,12.367,10.911549999999998,10.826,0.6969219809275642,0.737,0.835,0.7659999999999999,0.761,0.027721832551258235,3.109,3.646,3.2872500000000002,3.2455,0.17358366138551176,0.491,0.5660000000000001,0.50985,0.5045,0.020842924458914128,19.145,22.008,19.835,19.497,0.7850771299687693,1.2530000000000001,1.465,1.2963,1.2825,0.05165375107385715,9.11,11.916,9.8138,9.581,0.7061659578314436,0.259,0.296,0.26425000000000004,0.26,0.009999374980467528,64,64,8192,24576,152064,True,16640,1
0.995,1.242,1.067809523809524,1.031,0.07879546702433313,0.47400000000000003,0.5750000000000001,0.49845000000000006,0.488,0.027361423574075977,9.464,11.864,10.0327,9.7075,0.6549612278600926,0.713,0.8230000000000001,0.7366499999999998,0.7284999999999999,0.02841350911098454,3.012,3.583,3.1778000000000004,3.1035000000000004,0.17173660064179685,0.47300000000000003,0.534,0.4908000000000001,0.482,0.019671298889498885,18.908,22.115000000000002,19.7145,19.146,1.0551025305627888,1.214,1.349,1.2513999999999998,1.237,0.0425504406557676,8.691,10.443,9.1369,8.88,0.5350854043982136,0.254,0.261,0.25639999999999996,0.256,0.0018000000000000015,64,64,8192,24576,152064,True,16384,1
0.996,1.264,1.0708571428571427,1.032,0.07823547223380364,0.47700000000000004,0.587,0.50095,0.489,0.026738502201881093,9.486,11.756,10.163100000000002,9.889,0.6660351267012875,0.709,0.789,0.7380000000000001,0.7315,0.022860446189871292,3.0,3.555,3.2029000000000005,3.1695,0.17102365333485306,0.46900000000000003,0.537,0.49380000000000007,0.4875,0.019048884481774785,18.817,22.385,19.87755,19.5905,1.0918812881902498,1.216,1.369,1.2580000000000002,1.237,0.045136459763698775,8.693,10.589,9.243500000000001,9.0715,0.5379116563154214,0.255,0.267,0.25685,0.256,0.00277983812478353,64,64,8192,24576,152064,True,16384,1
0.98,1.217,1.0451428571428572,1.024,0.07285686274455958,0.47000000000000003,0.5650000000000001,0.49195,0.485,0.02431558142426375,9.363,11.727,9.93295,9.690000000000001,0.6473810682279795,0.7010000000000001,0.811,0.7278,0.719,0.02814533709160367,2.997,3.839,3.167,3.0694999999999997,0.22619659590718866,0.466,0.5650000000000001,0.4871,0.47450000000000003,0.02576800341508826,18.561,22.974,19.4161,18.9515,1.131396301036909,1.197,1.338,1.2311999999999999,1.214,0.03671729837556135,8.75,10.719,9.31665,9.0845,0.5553317274386543,0.252,0.259,0.25345,0.253,0.0018296174463532002,64,64,8192,24576,152064,True,16256,1
1.012,1.286,1.1064285714285713,1.083,0.07800645359661652,0.47800000000000004,0.595,0.5126000000000001,0.5035000000000001,0.030601307161623008,9.749,12.291,10.6399,10.5075,0.7018142133071971,0.714,0.868,0.74925,0.7384999999999999,0.0408874980892693,3.013,3.785,3.2432499999999997,3.1820000000000004,0.23728714145524193,0.47700000000000004,0.594,0.5037,0.491,0.03300621153661838,18.511,21.306,19.286250000000003,18.9125,0.8428677758106546,1.203,1.353,1.2504000000000002,1.232,0.0430260386277891,8.826,10.387,9.496599999999999,9.5095,0.5450742518226303,0.251,0.29,0.25559999999999994,0.2525,0.008616263691415204,64,64,8192,24576,152064,True,16128,1
0.97,1.37,1.071761904761905,1.033,0.11162603586120118,0.467,0.615,0.4962000000000001,0.4855,0.03460722467924869,9.72,11.986,10.376050000000003,10.094000000000001,0.656051482354853,0.6970000000000001,0.774,0.7231,0.714,0.023752684058859528,2.951,3.618,3.12615,3.0155000000000003,0.1828256751662632,0.466,0.536,0.48584999999999995,0.47450000000000003,0.020219483178360417,18.412,20.209,18.934,18.558500000000002,0.6427692431969656,1.178,1.309,1.2197500000000001,1.2040000000000002,0.03599704849011931,8.64,11.785,9.31085,9.094999999999999,0.7473925524782808,0.248,0.292,0.25205,0.2495,0.009303090884216918,64,64,8192,24576,152064,True,16000,1
0.961,1.197,1.041952380952381,1.0090000000000001,0.0717850469841843,0.464,0.551,0.4870500000000001,0.47650000000000003,0.023320538158455945,9.092,11.347,9.8076,9.585,0.6157412118739496,0.6890000000000001,0.791,0.7160500000000001,0.709,0.02631629723194354,2.916,3.5740000000000003,3.1058499999999993,3.0725,0.186333645646727,0.456,0.531,0.47730000000000006,0.47100000000000003,0.02101927686672403,18.153,22.277,19.1951,18.653,1.1749808892062883,1.178,1.317,1.2137,1.199,0.03923021794484449,8.396,10.24,8.944150000000002,8.756499999999999,0.5529685592328012,0.248,0.252,0.24930000000000002,0.249,0.0011445523142259606,64,64,8192,24576,152064,True,15872,1
0.9430000000000001,1.2590000000000001,1.019666666666667,0.978,0.10322390519242433,0.452,0.584,0.47775,0.466,0.03417436905050333,9.01,11.961,9.6865,9.3745,0.8449428087154774,0.68,0.851,0.70545,0.6910000000000001,0.04207074399151979,2.888,3.8360000000000003,3.0657,2.9785,0.24816468322466845,0.453,0.556,0.46995000000000015,0.462,0.024751717112152044,17.986,24.235,18.947850000000006,18.3615,1.4951969861861012,1.16,1.366,1.19675,1.1775,0.05087226651133212,8.464,10.537,8.967200000000002,8.825,0.5596122407524697,0.243,0.254,0.24479999999999996,0.244,0.0022934689882359452,64,64,8192,24576,152064,True,15744,1
0.971,1.266,1.0715714285714286,1.043,0.09102985979418873,0.464,0.59,0.49845000000000006,0.4885,0.0358070872872955,9.486,12.281,10.26225,10.108,0.7316641903906465,0.685,0.852,0.7209,0.7075,0.04195104289526065,2.874,3.771,3.118,3.048,0.2420022727166007,0.457,0.583,0.4856999999999999,0.47550000000000003,0.03189216204649662,17.903,21.669,18.652350000000002,18.2855,0.9317173538686505,1.176,1.468,1.2174500000000004,1.2000000000000002,0.06365255297315262,8.542,11.035,9.163599999999999,9.0815,0.6015597559677676,0.242,0.291,0.2476,0.244,0.010983624174196783,64,64,8192,24576,152064,True,15616,1
0.9460000000000001,1.2510000000000001,1.0316666666666667,0.998,0.08595421446402139,0.455,0.5760000000000001,0.4836500000000002,0.47300000000000003,0.031873617617082635,9.442,12.997,10.264149999999999,9.9435,0.9810332958162021,0.674,0.8270000000000001,0.7090000000000001,0.6950000000000001,0.038861291795307056,2.861,3.63,3.07195,3.0200000000000005,0.21404613404591072,0.451,0.542,0.47400000000000003,0.4675,0.024501020386914502,17.830000000000002,22.347,18.52255,18.037,1.1619912424368786,1.151,1.5070000000000001,1.1990500000000002,1.1695,0.07868956411113233,8.364,11.835,9.040650000000001,8.8495,0.8044586549351062,0.24,0.27,0.2431,0.242,0.006315853069855258,64,64,8192,24576,152064,True,15488,1
0.932,1.307,1.0250476190476188,0.978,0.11776751762950927,0.446,0.597,0.4765999999999999,0.462,0.041128335730977496,8.81,12.043000000000001,9.601299999999998,9.314,0.9791840531789724,0.666,0.863,0.70225,0.6865000000000001,0.052092105927865874,2.827,3.823,3.03535,2.9290000000000003,0.283109921232019,0.447,0.55,0.46849999999999997,0.459,0.02923610781208744,17.582,22.955000000000002,18.761300000000002,17.981,1.6166533054430687,1.1360000000000001,1.359,1.18565,1.1555,0.07243774913675875,8.062,10.482000000000001,8.666549999999999,8.344999999999999,0.7150924747891003,0.23900000000000002,0.261,0.24169999999999997,0.2395,0.005874521257089806,64,64,8192,24576,152064,True,15360,1
0.914,1.215,0.9828571428571429,0.9420000000000001,0.08003587630930668,0.437,0.562,0.4624,0.4495,0.03062580611183974,8.744,11.22,9.372,9.115,0.6798567496171528,0.659,0.744,0.6825,0.672,0.02617537010244553,2.801,3.4210000000000003,2.9702,2.894,0.18931788082481807,0.438,0.51,0.45635000000000003,0.449,0.02199835221101799,17.428,21.528,18.40115,17.8655,1.2681207069912546,1.12,1.307,1.1589500000000001,1.1435,0.04881339467810038,8.192,10.883000000000001,8.73985,8.457,0.6842579393035934,0.234,0.272,0.23825000000000002,0.23600000000000002,0.007885905147793752,64,64,8192,24576,152064,True,15232,1
0.9440000000000001,1.5230000000000001,1.0587142857142855,0.987,0.16376322712325603,0.45,0.66,0.48230000000000006,0.4645,0.04724203636593156,9.262,14.534,10.1164,9.722,1.1657845598565801,0.665,0.915,0.7035,0.6825000000000001,0.05826190865393958,2.7920000000000003,4.5120000000000005,3.0734000000000004,2.9415000000000004,0.3841234697333659,0.444,0.661,0.4750000000000001,0.4535,0.049567126202756606,17.357,21.777,18.16865,17.6575,1.1798162261555825,1.131,1.401,1.1844500000000004,1.161,0.07188078672357447,8.187,10.309000000000001,8.858700000000002,8.626,0.6504407044458399,0.23600000000000002,0.257,0.24009999999999998,0.23700000000000002,0.007196526940128825,64,64,8192,24576,152064,True,15104,1
0.908,1.197,0.9955714285714282,0.976,0.08521265914705138,0.435,0.542,0.4652,0.4605,0.027730128019899228,9.112,12.301,9.85295,9.625499999999999,0.7660001615535078,0.649,0.751,0.6813499999999999,0.679,0.026503348845004465,2.749,3.349,2.9694,2.9655,0.17781068584311796,0.432,0.494,0.45600000000000007,0.4575,0.01728004629623428,17.182,19.489,17.8204,17.588,0.6469098391584411,1.112,1.285,1.1509000000000003,1.138,0.03926690718658648,8.084,10.104000000000001,8.6663,8.6605,0.4885632098306218,0.232,0.245,0.23370000000000002,0.233,0.002812472222085044,64,64,8192,24576,152064,True,14976,1
0.898,1.184,0.9748571428571429,0.928,0.08848959353090795,0.434,0.556,0.4593,0.4415,0.03443414003572618,8.537,10.706,9.1701,8.786,0.7425164577300629,0.646,0.763,0.6713500000000001,0.6505000000000001,0.03504465009099106,2.732,3.4,2.9103000000000003,2.7615,0.23294744042380028,0.432,0.52,0.45335000000000003,0.437,0.028346560637932786,17.035,21.087,18.080999999999996,17.256999999999998,1.4224695075817966,1.102,1.389,1.14605,1.1175000000000002,0.07057795335655462,7.869,10.104000000000001,8.3343,8.039,0.6663602704243408,0.231,0.273,0.23465000000000003,0.232,0.0092535128464816,64,64,8192,24576,152064,True,14848,1
0.886,1.182,0.9544285714285714,0.93,0.07471952089461686,0.424,0.539,0.45409999999999995,0.441,0.03333001650164609,8.438,11.321,9.17695,8.9625,0.7953333562098348,0.629,0.782,0.6619499999999999,0.652,0.03852074116628598,2.713,3.63,2.9031000000000002,2.832,0.23760343010992072,0.41500000000000004,0.538,0.4432999999999999,0.434,0.030995322227716886,16.555,21.889,18.078300000000002,17.717,1.4754880582370025,1.071,1.333,1.1349500000000001,1.1065,0.06570043759367207,7.904,10.665000000000001,8.6555,8.434000000000001,0.7238155497086259,0.227,0.257,0.23095000000000004,0.228,0.007137751746873801,64,64,8192,24576,152064,True,14720,1
0.909,1.493,0.9948095238095237,0.96,0.12951286718484736,0.437,0.645,0.4679500000000001,0.4545,0.04680969450872329,8.99,14.562000000000001,9.7995,9.451,1.2055318950571157,0.648,0.889,0.6848500000000002,0.668,0.05609659080550261,2.723,4.51,2.99665,2.89,0.38344846785454756,0.435,0.644,0.4647,0.449,0.047470095849913775,16.761,22.709,17.6093,17.2495,1.306731651870421,1.102,1.373,1.1412000000000002,1.1225,0.05918411949163389,7.973,10.299,8.530800000000001,8.33,0.570251488380346,0.227,0.274,0.23415000000000002,0.2285,0.014213637817251434,64,64,8192,24576,152064,True,14592,1
0.874,1.167,0.9528095238095238,0.928,0.07089201650775034,0.42,0.539,0.4488,0.44,0.029879089678234858,8.773,12.381,9.631150000000002,9.283999999999999,0.9729478544608648,0.63,0.786,0.6627,0.6425000000000001,0.04379280762865063,2.669,3.581,2.8807,2.7605000000000004,0.265630777584225,0.421,0.537,0.44535,0.43,0.03337405429371746,16.591,21.307000000000002,17.450149999999997,16.839,1.2742976997154158,1.073,1.339,1.1166,1.0979999999999999,0.061515363934548914,7.806,10.301,8.374450000000001,8.2125,0.6393295296636938,0.224,0.262,0.22735000000000002,0.225,0.008070161088850707,64,64,8192,24576,152064,True,14464,1
0.85,1.076,0.9224285714285715,0.898,0.05710772729680988,0.41000000000000003,0.503,0.4377,0.43,0.022941447208055556,8.043000000000001,10.24,8.769049999999998,8.67,0.589390827465104,0.608,0.731,0.64035,0.6345000000000001,0.02920834640988771,2.638,3.136,2.7798000000000003,2.6975,0.161342058992688,0.405,0.47000000000000003,0.42730000000000007,0.4195,0.01921743999600363,16.023,19.531,17.090700000000002,16.869,0.972551083491248,1.051,1.242,1.0902499999999997,1.077,0.04264138248227889,8.664,11.013,9.487549999999999,9.306000000000001,0.6402902837776003,0.222,0.241,0.22535000000000002,0.224,0.0044302934440057125,64,64,8192,24576,152064,True,14336,1
0.837,1.029,0.8936190476190475,0.873,0.05208004479414008,0.405,0.481,0.4264500000000001,0.4185,0.020076042936794082,7.907,9.892,8.604199999999999,8.383,0.5829443884282616,0.601,0.671,0.62155,0.615,0.020912854898363368,2.638,3.218,2.7624500000000003,2.666,0.16123723980520133,0.397,0.47600000000000003,0.4173,0.41200000000000003,0.020647275849370535,15.871,20.353,16.9589,16.5755,1.14775824545067,1.031,1.1440000000000001,1.0695,1.0615,0.029437221336260706,8.651,10.616,9.27765,9.119,0.5668783180718767,0.221,0.233,0.22230000000000003,0.222,0.0026851443164195125,64,64,8192,24576,152064,True,14208,1
0.841,1.573,0.9584761904761903,0.911,0.14780573448750994,0.406,0.658,0.45095,0.432,0.05286158813353985,8.286,15.157,9.414849999999998,8.966000000000001,1.43967153458697,0.6,0.888,0.65205,0.63,0.06418214315524218,2.549,4.397,2.85455,2.742,0.40166011440022276,0.399,0.526,0.4375,0.428,0.03263050719801947,16.06,19.578,16.945950000000003,16.557000000000002,0.9457959861936399,1.039,1.309,1.1068,1.0865,0.06307741275607298,7.373,12.095,8.41775,8.1245,0.9848048981904997,0.219,0.268,0.22505000000000003,0.2205,0.012978732603763745,64,64,8192,24576,152064,True,14080,1
0.855,1.118,0.9392380952380954,0.924,0.06766085226854016,0.40800000000000003,0.52,0.44144999999999995,0.433,0.028066839864865446,8.548,10.862,9.4584,9.3345,0.582527801911634,0.612,0.725,0.6472500000000001,0.641,0.02923674913529204,2.602,3.247,2.844,2.8405,0.18240065789355037,0.40700000000000003,0.495,0.43420000000000003,0.432,0.024979191339993365,16.066,19.413,16.97555,16.5305,0.9779237943214184,1.042,1.303,1.0955000000000001,1.062,0.06990171671711645,7.606,9.93,8.318100000000001,8.123999999999999,0.6481036876920235,0.216,0.253,0.2211,0.218,0.008938120607823551,64,64,8192,24576,152064,True,13952,1
0.839,1.1380000000000001,0.9157142857142859,0.889,0.07123612169407882,0.403,0.529,0.4334999999999999,0.422,0.029984162486219285,8.146,10.166,8.7292,8.4895,0.5888175099298594,0.604,0.71,0.63275,0.6214999999999999,0.03179602962635429,2.571,3.169,2.7527,2.686,0.18364424848058816,0.404,0.488,0.42540000000000006,0.41500000000000004,0.02505873101336138,15.988,19.485,17.0551,16.421999999999997,1.2119620827402153,1.028,1.316,1.0777999999999999,1.0550000000000002,0.06564571577795462,7.355,9.821,8.0087,7.8309999999999995,0.6113569415652365,0.215,0.255,0.21939999999999998,0.216,0.009350935782048772,64,64,8192,24576,152064,True,13824,1
0.8180000000000001,1.053,0.8844285714285715,0.849,0.08133737583351822,0.391,0.495,0.42155000000000004,0.40650000000000003,0.03263200116450108,7.841,10.125,8.551449999999999,8.1955,0.7478439325821932,0.589,0.6880000000000001,0.6183500000000001,0.608,0.03209871492754814,2.524,3.251,2.7031,2.628,0.19791283434886173,0.391,0.47100000000000003,0.4146500000000001,0.40750000000000003,0.02484406367726504,15.635,20.194,16.7652,16.191,1.3645150640429,1.006,1.244,1.05565,1.025,0.06813242620074525,7.373,9.765,8.0188,7.6505,0.7420243661767449,0.211,0.246,0.2164,0.212,0.009085152722987109,64,64,8192,24576,152064,True,13696,1
0.845,1.1320000000000001,0.9210952380952383,0.897,0.08098142336181317,0.403,0.521,0.43420000000000003,0.4245,0.033140006035002466,8.226,13.511000000000001,9.223000000000003,8.899000000000001,1.202034275717627,0.6,0.763,0.6355999999999999,0.6214999999999999,0.0464277934000745,2.529,3.365,2.7318,2.6005000000000003,0.2435794736836419,0.403,0.524,0.42794999999999994,0.40900000000000003,0.0351375511383477,15.631,19.925,16.483150000000002,15.878499999999999,1.128372246867141,1.022,1.266,1.0712000000000002,1.0345,0.06870560384713899,7.4030000000000005,9.446,8.0763,7.8685,0.6515399527273826,0.211,0.253,0.21795,0.213,0.012097417079691022,64,64,8192,24576,152064,True,13568,1
0.8200000000000001,1.116,0.908142857142857,0.868,0.07657071783607605,0.396,0.516,0.42679999999999996,0.41150000000000003,0.031693216939906864,8.609,11.243,9.18065,8.8875,0.689880589305135,0.589,0.754,0.62155,0.609,0.03905441716374731,2.5300000000000002,3.129,2.71205,2.667,0.16303173770772358,0.393,0.481,0.41435000000000005,0.40950000000000003,0.02219746607160375,15.59,18.830000000000002,16.3261,15.898,0.9488622081208633,1.006,1.238,1.0542500000000001,1.0270000000000001,0.0643240818045621,7.345,9.514,8.0108,7.738,0.7030361014912392,0.20800000000000002,0.251,0.21395,0.21,0.01146069369628209,64,64,8192,24576,152064,True,13440,1
0.802,1.063,0.8779999999999999,0.849,0.07982182539583901,0.389,0.496,0.4176,0.4055,0.03295208642863149,7.71,10.079,8.40905,8.079,0.732330217524854,0.581,0.7020000000000001,0.6095,0.5934999999999999,0.034550687402713165,2.475,3.1750000000000003,2.6625500000000004,2.5564999999999998,0.2217560540323533,0.389,0.484,0.41209999999999997,0.3985,0.02782606691575365,15.396,19.25,16.57745,15.883,1.3486394431055324,0.992,1.225,1.0423000000000002,1.012,0.06322665577112238,7.078,9.285,7.736749999999999,7.4955,0.676530699599065,0.20700000000000002,0.23900000000000002,0.21190000000000003,0.20800000000000002,0.009591141746424144,64,64,8192,24576,152064,True,13312,1
0.79,1.014,0.8436666666666668,0.8160000000000001,0.06649262997708723,0.381,0.47400000000000003,0.40245,0.39,0.027397947003379657,7.628,9.818,8.1704,7.875,0.660255208233907,0.5660000000000001,0.6910000000000001,0.5967,0.584,0.03333331666666251,2.45,3.128,2.6286000000000005,2.5175,0.21712839519510113,0.376,0.47300000000000003,0.40155,0.387,0.028308081884861083,14.942,19.26,16.22175,15.464500000000001,1.3725233285813394,0.967,1.145,1.012,0.9855,0.051383849602769184,7.12,9.154,7.6487,7.359500000000001,0.607090940469383,0.203,0.229,0.20655,0.20400000000000001,0.0069388399606850676,64,64,8192,24576,152064,True,13184,1
0.811,1.428,0.8963333333333333,0.865,0.1272078663834956,0.389,0.602,0.42160000000000003,0.40900000000000003,0.04540638721589727,7.953,11.731,8.868350000000001,8.656500000000001,0.8350671395163384,0.579,0.8270000000000001,0.6223500000000001,0.6045,0.05464821589036556,2.434,4.337,2.761,2.652,0.3958397402990255,0.389,0.615,0.42510000000000003,0.41050000000000003,0.0489304608602862,15.021,18.982,16.040749999999996,15.810500000000001,1.09294011157977,0.982,1.212,1.0292999999999999,1.0,0.06019393657171793,7.119,12.064,7.862700000000001,7.5445,1.0707833627769903,0.203,0.247,0.20780000000000004,0.20400000000000001,0.00985697722428128,64,64,8192,24576,152064,True,13056,1
0.786,1.415,0.8632857142857143,0.8190000000000001,0.13204658011371553,0.379,0.593,0.40635000000000004,0.391,0.04713944738751187,8.053,14.114,8.7956,8.398,1.2965184688233333,0.5670000000000001,0.809,0.6010500000000001,0.5845,0.05220773410137622,2.414,4.337,2.6667499999999995,2.5469999999999997,0.40476571927474286,0.379,0.593,0.40634999999999993,0.391,0.04625394577763069,14.954,19.046,15.605100000000002,15.227,1.0016557742058896,0.966,1.131,0.9990499999999999,0.9835,0.042572849329120574,7.0440000000000005,10.495000000000001,7.571150000000001,7.3155,0.7703832341763417,0.2,0.244,0.20505,0.201,0.01021506240803256,64,64,8192,24576,152064,True,12928,1
0.772,1.0210000000000001,0.8423333333333334,0.805,0.07294311765134812,0.373,0.47000000000000003,0.40099999999999997,0.387,0.03023574044074331,7.336,9.521,8.14265,7.9085,0.7033168045056225,0.554,0.686,0.5916,0.5760000000000001,0.03908503549953613,2.339,3.055,2.5756000000000006,2.4985,0.20660914790976714,0.37,0.47000000000000003,0.39725,0.3845,0.02784937162666333,14.541,18.726,15.893400000000003,15.557500000000001,1.2905150677152124,0.9490000000000001,1.1300000000000001,0.9957500000000001,0.9704999999999999,0.0550852748018924,6.723,8.634,7.3223,7.0115,0.6076100805615391,0.199,0.226,0.20244999999999996,0.2,0.006591471762815948,64,64,8192,24576,152064,True,12800,1
0.756,0.968,0.812809523809524,0.774,0.07006093881323808,0.366,0.456,0.3879499999999999,0.373,0.027995490708326597,7.309,9.415000000000001,7.90725,7.598000000000001,0.6545467038340351,0.541,0.675,0.5747500000000001,0.5625,0.03548503205578374,2.34,2.938,2.5025500000000003,2.433,0.16761607172344783,0.359,0.45,0.38295,0.375,0.02378754926426849,14.318,18.339,15.5298,15.137,1.1621909739797496,0.925,1.086,0.9713,0.9510000000000001,0.04611626611077699,6.898000000000001,8.791,7.411299999999999,7.1105,0.590595301369728,0.194,0.225,0.19934999999999997,0.196,0.008804970187343055,64,64,8192,24576,152064,True,12672,1
0.747,1.399,0.8583333333333333,0.8140000000000001,0.13311875590841124,0.361,0.585,0.40730000000000005,0.3895,0.05009001896585785,7.61,13.089,8.56435,8.243500000000001,1.2001723324173075,0.541,0.705,0.5858,0.5745,0.039903132709099405,2.2720000000000002,3.1510000000000002,2.5397000000000007,2.4835000000000003,0.20350727259732024,0.363,0.488,0.39705,0.3875,0.030501598318776676,14.372,18.432000000000002,15.28735,14.8825,1.0756386138011227,0.927,1.167,0.9898,0.9664999999999999,0.05926854140266993,6.556,10.298,7.46195,7.141500000000001,0.7955314245835925,0.195,0.23800000000000002,0.20045000000000002,0.197,0.011033924958961794,64,64,8192,24576,152064,True,12544,1
0.751,1.246,0.8362857142857145,0.8,0.11217679195386726,0.364,0.542,0.39790000000000003,0.383,0.0420474731702156,7.665,11.583,8.596050000000002,8.189499999999999,1.0105736724751937,0.542,0.668,0.58165,0.5640000000000001,0.03992527395021854,2.2960000000000003,3.149,2.5693500000000005,2.475,0.24715041472755012,0.361,0.465,0.39455000000000007,0.3795,0.03176708201897052,14.272,17.937,15.231800000000002,14.574000000000002,1.1267470701093483,0.924,1.131,0.9664999999999999,0.9405000000000001,0.05490947094991899,6.692,10.955,7.449950000000001,6.9945,1.0079597945850816,0.192,0.233,0.19755,0.194,0.010057211343110972,64,64,8192,24576,152064,True,12416,1
0.738,1.038,0.8153333333333334,0.771,0.0898444864531583,0.356,0.47400000000000003,0.3882,0.368,0.036700953666083405,7.0840000000000005,9.795,7.8405000000000005,7.4225,0.8104166520994001,0.536,0.6910000000000001,0.56735,0.5495000000000001,0.03788703604136908,2.267,3.0,2.4794000000000005,2.3835,0.20866322148380628,0.357,0.438,0.3815,0.369,0.024009373169660224,14.114,17.645,15.342899999999997,14.6,1.199713336593371,0.913,1.107,0.9628,0.9245000000000001,0.06412300679163445,6.482,8.636000000000001,7.1502500000000015,6.7515,0.6966636832073279,0.19,0.227,0.1974,0.192,0.01186760295931744,64,64,8192,24576,152064,True,12288,1
0.723,0.9450000000000001,0.7889047619047619,0.755,0.07162528468282478,0.354,0.446,0.37945000000000007,0.364,0.02967739038392696,6.972,9.017,7.654199999999999,7.2635000000000005,0.6562311787777229,0.521,0.644,0.5518500000000001,0.5405,0.030017120115027683,2.265,2.853,2.4350500000000004,2.3465,0.1824035292969958,0.34900000000000003,0.44,0.37429999999999997,0.365,0.025219238687954084,13.857000000000001,17.972,15.06035,14.540000000000001,1.1968482474816928,0.896,1.081,0.9401999999999999,0.9175,0.05306561975516726,6.622,8.478,7.19685,6.8365,0.6408480533636659,0.187,0.218,0.1921,0.188,0.00904930936591296,64,64,8192,24576,152064,True,12160,1
0.738,1.062,0.8185238095238095,0.789,0.09200497866840274,0.357,0.485,0.38870000000000005,0.3745,0.03811836827567519,7.383,11.111,8.259949999999998,7.9345,1.0524378592106998,0.533,0.734,0.5699500000000001,0.5525,0.05346912660592091,2.216,3.189,2.4844999999999997,2.42,0.2817439440342951,0.354,0.47800000000000004,0.38354999999999995,0.3745,0.033270820548943494,13.703,17.667,14.7631,14.350999999999999,1.1401837965871997,0.901,1.124,0.9575500000000001,0.928,0.06825941327025892,6.551,9.254,7.187399999999999,6.843500000000001,0.725823904263286,0.187,0.226,0.19405,0.1885,0.012515889900442558,64,64,8192,24576,152064,True,12032,1
0.72,0.9450000000000001,0.7862380952380952,0.753,0.0719033112436448,0.34900000000000003,0.437,0.3752,0.3615,0.027654294422385834,7.412,9.624,8.0835,7.7005,0.7086232779128838,0.522,0.611,0.5491,0.536,0.027384119485570447,2.219,2.918,2.43455,2.342,0.20533009399501093,0.35100000000000003,0.43,0.3748,0.3625,0.024015828113975173,13.746,18.496,14.635750000000002,14.059000000000001,1.2281840202103262,0.886,1.188,0.9331499999999998,0.9045000000000001,0.07063871105845575,6.413,8.884,7.076600000000001,6.768000000000001,0.6848190563937309,0.184,0.20800000000000002,0.18739999999999998,0.185,0.005499090833947013,64,64,8192,24576,152064,True,11904,1
0.707,0.9540000000000001,0.7798571428571428,0.735,0.07728320566300952,0.34400000000000003,0.445,0.37370000000000003,0.354,0.03306826273029776,6.8340000000000005,9.148,7.5608,7.1375,0.776356078098188,0.501,0.644,0.5485,0.525,0.04088092464707715,2.193,2.932,2.41165,2.2855,0.24471499238910555,0.332,0.446,0.3698,0.353,0.031584173251804445,13.034,18.242,14.864600000000001,14.006,1.5188479647416988,0.856,1.1,0.9259499999999999,0.8915,0.0657582504329305,6.242,8.362,6.851350000000001,6.487,0.6776126677534888,0.182,0.212,0.18839999999999998,0.184,0.009101648202386204,64,64,8192,24576,152064,True,11776,1
0.6970000000000001,0.915,0.7599047619047619,0.722,0.06746209147994207,0.339,0.431,0.3642,0.34800000000000003,0.027218743541905083,6.763,9.004,7.3987,6.956,0.7010127744913068,0.504,0.619,0.53615,0.517,0.03558128019057212,2.156,2.886,2.3609999999999998,2.24,0.2132531359675632,0.339,0.431,0.3621,0.34900000000000003,0.025889959443768925,13.41,17.953,14.633750000000001,13.8705,1.309681750464593,0.86,1.055,0.9115,0.8785000000000001,0.058482903484693705,6.346,8.373,6.9701,6.517,0.6843014613458018,0.179,0.202,0.18325000000000002,0.18,0.006370831970786866,64,64,8192,24576,152064,True,11648,1
0.709,1.002,0.7770476190476191,0.742,0.07614489708098583,0.342,0.455,0.36850000000000005,0.358,0.028667926328913296,7.025,9.904,7.744199999999999,7.4985,0.746010160788712,0.51,0.647,0.54,0.526,0.036239481232490066,2.144,2.892,2.3529,2.2880000000000003,0.21860784523891177,0.343,0.435,0.3672000000000001,0.357,0.02699555518969743,13.23,17.103,14.1477,13.729,1.18135735914244,0.856,1.117,0.9148,0.8885000000000001,0.0654022935377652,6.266,8.828,6.8862,6.641,0.7065991508627787,0.18,0.209,0.18340000000000004,0.181,0.006351377803280166,64,64,8192,24576,152064,True,11520,1
0.6880000000000001,0.933,0.7518571428571427,0.725,0.06686609626658323,0.335,0.437,0.36225000000000007,0.35150000000000003,0.029056625750420506,7.026,9.332,7.741750000000001,7.538,0.6688173797831514,0.497,0.632,0.52795,0.5145,0.032302437988486254,2.115,2.769,2.30355,2.2445000000000004,0.17390643317600413,0.334,0.435,0.3589,0.34950000000000003,0.024572138694057537,13.174,16.051000000000002,13.87285,13.538,0.8116068798993763,0.848,1.083,0.9004000000000001,0.8674999999999999,0.06847729550734317,6.1370000000000005,8.211,6.74215,6.5024999999999995,0.5932254440767016,0.177,0.211,0.1819,0.178,0.010197548725061335,64,64,8192,24576,152064,True,11392,1
0.681,0.876,0.7417619047619048,0.717,0.06192922593528284,0.329,0.40700000000000003,0.35364999999999996,0.34400000000000003,0.025044510376527624,6.531,8.345,7.16475,6.969,0.6040481665397223,0.492,0.581,0.5186000000000001,0.5055000000000001,0.027054389662308036,2.099,2.621,2.2855999999999996,2.2119999999999997,0.1851243906134467,0.328,0.395,0.3500500000000001,0.341,0.021770335321257685,13.012,16.294,14.11185,13.627,1.1512012106925533,0.839,1.02,0.8846999999999999,0.854,0.056924599251993,5.9750000000000005,7.659,6.495749999999999,6.17,0.5797547649653255,0.17500000000000002,0.199,0.17895,0.176,0.006476688968909965,64,64,8192,24576,152064,True,11264,1
0.66,0.8260000000000001,0.7195714285714286,0.6890000000000001,0.05726926494624315,0.323,0.387,0.3464,0.335,0.022161678636782,6.397,8.028,7.016249999999999,6.7495,0.5720747219550957,0.481,0.555,0.50775,0.496,0.025835779454082688,2.056,2.578,2.2447500000000002,2.1784999999999997,0.17631247119815432,0.324,0.386,0.3449,0.336,0.021194102953416068,12.763,15.879,13.843,13.363,1.0675967403472155,0.8230000000000001,0.9480000000000001,0.8626999999999999,0.8414999999999999,0.04327019759603601,6.01,7.5680000000000005,6.5755,6.3340000000000005,0.534375663742278,0.171,0.181,0.17404999999999998,0.17250000000000001,0.0032322592717787886,64,64,8192,24576,152064,True,11136,1
0.67,1.296,0.7502857142857143,0.708,0.1281963311476888,0.326,0.533,0.35405000000000003,0.3395,0.04404256463922146,6.696,12.604000000000001,7.5363500000000005,7.2325,1.2095187586391543,0.485,0.713,0.518,0.5075000000000001,0.04688389915525372,2.0380000000000003,3.869,2.2884,2.2125000000000004,0.3757373284623182,0.326,0.534,0.35315,0.343,0.0432079564432293,12.586,16.665,13.486799999999999,13.283,0.8729566197698484,0.8200000000000001,0.996,0.8644999999999999,0.85,0.03982775414205526,5.918,9.927,6.5771,6.2669999999999995,0.851122664484973,0.171,0.21,0.17575000000000002,0.17300000000000001,0.009396142825649252,64,64,8192,24576,152064,True,11008,1
0.658,0.889,0.7140476190476192,0.6940000000000001,0.06361526934888403,0.319,0.406,0.34215000000000007,0.3355,0.024201807783717316,6.759,9.235,7.4184,7.177,0.7523192407482344,0.47900000000000004,0.621,0.5076,0.4915,0.03827714722912356,2.0100000000000002,2.883,2.2366,2.143,0.24848368155675735,0.316,0.433,0.34325000000000006,0.3305,0.031703114988909216,12.584,16.767,13.524900000000002,13.021,1.2197527167422093,0.811,0.997,0.8497,0.8305,0.05222269621534298,5.856,8.063,6.351050000000001,6.1195,0.6214662078504349,0.168,0.186,0.17155,0.17,0.004944441323344827,64,64,8192,24576,152064,True,10880,1
0.646,0.861,0.7115238095238096,0.671,0.06731278732802914,0.314,0.405,0.3401,0.326,0.027861981264798812,6.237,8.117,6.926400000000001,6.7015,0.6372021971085787,0.47100000000000003,0.595,0.5039,0.489,0.03615508263024716,2.004,2.608,2.2222999999999997,2.169,0.20421388297566842,0.315,0.406,0.34185,0.331,0.027761979396289455,12.416,15.852,13.72515,13.209,1.2419358789808759,0.804,0.9590000000000001,0.8534,0.8245,0.0538009293600027,5.775,7.322,6.3385,6.1055,0.5671260441912361,0.166,0.199,0.17124999999999999,0.168,0.008762847710647491,64,64,8192,24576,152064,True,10752,1
0.616,0.785,0.6852380952380953,0.656,0.059270087823940304,0.303,0.368,0.33019999999999994,0.32,0.023057753576617126,6.082,7.681,6.70025,6.4544999999999995,0.5841853194834666,0.458,0.531,0.4845499999999999,0.47150000000000003,0.024707235782256174,1.964,2.424,2.14625,2.063,0.17686940803881265,0.306,0.36,0.32665,0.315,0.020628317914944006,11.976,15.038,13.24515,12.735,1.1350230955799974,0.775,0.904,0.82355,0.7995000000000001,0.04470288022040637,5.622,7.224,6.2738,6.0465,0.5570326381820011,0.162,0.17400000000000002,0.16585,0.164,0.003705064102009576,64,64,8192,24576,152064,True,10624,1
0.638,0.873,0.7083809523809523,0.67,0.07650115230409849,0.31,0.405,0.33775,0.321,0.03255130565737725,6.385,8.652000000000001,7.135950000000001,6.803,0.7521736152644548,0.461,0.644,0.5,0.479,0.05008991914547276,1.934,3.229,2.1936500000000003,2.078,0.31456736559916704,0.309,0.46900000000000003,0.34145,0.3245,0.04114908868978754,12.042,15.884,13.072149999999999,12.531500000000001,1.220168974978466,0.789,1.0110000000000001,0.8425500000000001,0.812,0.06756957525395582,5.6370000000000005,7.679,6.2627,6.021000000000001,0.603830448056406,0.163,0.197,0.17070000000000002,0.1645,0.012128891128211186,64,64,8192,24576,152064,True,10496,1
0.616,0.8190000000000001,0.6897619047619047,0.661,0.06707416276523769,0.3,0.383,0.33020000000000005,0.322,0.026513392842109063,6.393,8.447000000000001,7.10595,6.916500000000001,0.6997896451791783,0.452,0.55,0.48185,0.47250000000000003,0.030077026116290158,1.9120000000000001,2.516,2.11705,2.0725,0.20409176245012925,0.303,0.376,0.32720000000000005,0.32,0.02406782084028382,11.978,15.049,12.913300000000001,12.4495,1.0327925299884773,0.765,0.9490000000000001,0.81975,0.789,0.056932306294405474,5.462,7.361,6.1677,5.92,0.6176867409941709,0.16,0.185,0.16475,0.1625,0.006211883772254594,64,64,8192,24576,152064,True,10368,1
0.614,0.806,0.6706666666666666,0.643,0.06013503323539635,0.296,0.382,0.32165,0.31,0.02546816640435664,5.872,7.799,6.577500000000001,6.2745,0.6218896606312088,0.445,0.562,0.4783500000000001,0.4625,0.03502466987710235,1.8920000000000001,2.521,2.09835,2.02,0.19305187774274565,0.297,0.374,0.32225000000000004,0.312,0.023924621209122626,11.761000000000001,15.361,12.9667,12.507000000000001,1.1371363638543972,0.76,0.96,0.80945,0.782,0.05545040576948016,5.426,7.029,5.974449999999999,5.7605,0.5287378816578211,0.158,0.19,0.16274999999999995,0.159,0.007568850639297886,64,64,8192,24576,152064,True,10240,1
0.593,0.754,0.6508095238095238,0.629,0.05420122916161945,0.292,0.362,0.31429999999999997,0.3045,0.022367610511630432,5.841,7.441,6.3854999999999995,6.1515,0.5541816038087153,0.436,0.531,0.4630000000000001,0.4495,0.028270125574535395,1.8780000000000001,2.3770000000000002,2.0465499999999994,1.973,0.17086090102770735,0.291,0.36,0.3123000000000001,0.3035,0.021753390540327277,11.514000000000001,14.82,12.68955,12.222999999999999,1.0906764174126076,0.746,0.888,0.78525,0.7675000000000001,0.04293468877259971,5.408,6.972,5.981299999999999,5.769,0.5245257000376625,0.154,0.18,0.15889999999999999,0.157,0.00610655385630881,64,64,8192,24576,152064,True,10112,1
0.596,0.8130000000000001,0.672142857142857,0.659,0.062068537934774536,0.29,0.379,0.3217,0.314,0.028194148329041623,5.981,8.254,6.8344499999999995,6.711500000000001,0.635901759315069,0.433,0.562,0.47395000000000004,0.461,0.038205333397315105,1.815,2.501,2.06435,2.0295,0.1855861727069126,0.292,0.388,0.32295,0.3115,0.02756895899376689,11.397,14.542,12.460949999999999,12.190999999999999,0.8172653470568786,0.744,0.921,0.80295,0.785,0.051747922663620036,5.247,6.714,5.9686,5.9205000000000005,0.4550114723828402,0.155,0.187,0.1618,0.157,0.009957911427603681,64,64,8192,24576,152064,True,9984,1
0.5710000000000001,0.789,0.6434285714285713,0.627,0.05478926852567236,0.28,0.374,0.31035,0.3035,0.0232836315895953,5.8420000000000005,8.104000000000001,6.7537,6.641,0.640589189730829,0.421,0.543,0.4594500000000001,0.4465,0.034614267289659634,1.792,2.395,2.02185,1.9955,0.1764302340870181,0.281,0.373,0.31270000000000003,0.304,0.025209323672006758,11.391,14.118,12.257249999999999,12.037500000000001,0.7568052507085293,0.72,0.875,0.77475,0.7585,0.04170716365326226,5.085,6.947,5.84135,5.7330000000000005,0.4791454137315728,0.152,0.183,0.1561,0.153,0.007719455939378113,64,64,8192,24576,152064,True,9856,1
0.578,0.746,0.6369523809523808,0.615,0.05221610423949794,0.281,0.34900000000000003,0.3033,0.298,0.0205526154053444,5.586,7.276,6.239300000000001,6.1865000000000006,0.5938658181778103,0.423,0.537,0.4523499999999999,0.442,0.03260256891718812,1.797,2.431,1.9950000000000003,1.9525000000000001,0.19795226697363183,0.28200000000000003,0.366,0.30679999999999996,0.299,0.02559023251164396,11.146,14.870000000000001,12.378,12.095,1.1434253364343472,0.72,0.867,0.7627,0.746,0.042757572428752326,5.09,6.556,5.641800000000001,5.5265,0.48603483414257453,0.15,0.168,0.15335000000000004,0.152,0.004396305266925858,64,64,8192,24576,152064,True,9728,1
0.552,0.721,0.6223333333333334,0.58,0.058803412059516315,0.272,0.341,0.30015000000000003,0.28350000000000003,0.02348675158467002,5.526,7.0360000000000005,6.10435,5.747,0.5744015385599173,0.41600000000000004,0.495,0.44225000000000003,0.427,0.027624038444803836,1.796,2.259,1.9579499999999999,1.8645,0.17480345391324512,0.279,0.339,0.29815,0.28700000000000003,0.02080450672330396,11.085,14.071,12.116650000000003,11.5505,1.081015553773395,0.6990000000000001,0.84,0.7496,0.7255,0.045716955279195934,5.0360000000000005,6.623,5.727100000000001,5.441000000000001,0.5508267331929343,0.146,0.164,0.151,0.148,0.00557673739743948,64,64,8192,24576,152064,True,9600,1
0.5750000000000001,0.981,0.6493809523809523,0.592,0.0988175211909865,0.276,0.422,0.3082,0.28600000000000003,0.0378584204636168,5.768,9.563,6.5556,6.15,0.9378758659865389,0.41500000000000004,0.581,0.45265000000000005,0.4305,0.04581187073237678,1.735,2.9090000000000003,1.9816999999999996,1.8760000000000001,0.28011374475380535,0.279,0.424,0.30975,0.2945,0.037080823885129614,10.792,15.57,11.874300000000002,11.3865,1.2405249332439876,0.709,0.886,0.7573,0.7295,0.054348965031544086,5.021,7.664000000000001,5.6711,5.3605,0.6982796646043761,0.147,0.178,0.15425,0.149,0.010138417036204422,64,64,8192,24576,152064,True,9472,1
0.5660000000000001,0.812,0.6244285714285714,0.6,0.058912017877001455,0.275,0.375,0.29825,0.28800000000000003,0.024628997137520633,5.851,8.332,6.4753,6.2330000000000005,0.607535027796752,0.40700000000000003,0.535,0.43689999999999996,0.4245,0.032063842564483754,1.712,2.476,1.92655,1.8835000000000002,0.19090062205241762,0.267,0.374,0.29660000000000003,0.2895,0.024294855422496337,10.771,13.6,11.578999999999999,11.244499999999999,0.78427080782087,0.683,0.845,0.73255,0.717,0.039978087748165234,4.9,6.36,5.492300000000001,5.363,0.461328960721089,0.14400000000000002,0.17400000000000002,0.14855,0.146,0.0074597251960109145,64,64,8192,24576,152064,True,9344,1
0.549,0.6990000000000001,0.6027619047619047,0.5720000000000001,0.05066783027664901,0.266,0.327,0.2871,0.2745,0.019957204213015403,5.3260000000000005,6.7780000000000005,5.8331,5.4785,0.5150049417238635,0.402,0.497,0.42840000000000006,0.41000000000000003,0.028622368874710556,1.721,2.207,1.8862999999999999,1.759,0.1802309906758546,0.268,0.337,0.28979999999999995,0.275,0.02282892901561525,10.636000000000001,13.526,11.65815,10.902000000000001,1.0678969180122206,0.682,0.809,0.7256,0.704,0.042469283017258476,4.814,6.2,5.34105,5.162,0.47254348741676677,0.14200000000000002,0.156,0.14545000000000002,0.14400000000000002,0.0039048047326338793,64,64,8192,24576,152064,True,9216,1
0.535,0.677,0.5776666666666667,0.542,0.05386166879218805,0.261,0.32,0.28040000000000004,0.2665,0.021599537032075473,5.199,6.555,5.68305,5.306,0.5638238621236245,0.392,0.459,0.4135,0.3975,0.025745873455759856,1.682,2.142,1.8255499999999998,1.705,0.17606517969206747,0.262,0.316,0.27914999999999995,0.266,0.020671901218804228,10.359,13.305,11.37485,10.561499999999999,1.1141246014248138,0.669,0.792,0.70855,0.678,0.04417066334118154,4.868,6.195,5.358750000000001,4.97,0.530678798803947,0.139,0.153,0.14225000000000004,0.14,0.004526311964502661,64,64,8192,24576,152064,True,9088,1
0.559,0.893,0.6183333333333334,0.5750000000000001,0.0858943611061941,0.266,0.39,0.29200000000000004,0.2745,0.03374611088703408,5.101,8.05,5.7219,5.3765,0.7331078297222041,0.396,0.544,0.4325,0.40750000000000003,0.04244466986560267,1.655,2.703,1.8973,1.7705000000000002,0.25543239810172863,0.266,0.391,0.29405,0.2755,0.03269629183867797,10.262,15.767,11.404700000000002,10.780000000000001,1.3408879185077325,0.675,0.874,0.7306999999999999,0.6920000000000001,0.06656583207622359,4.8020000000000005,6.782,5.4176,5.0795,0.6282072428745151,0.138,0.169,0.14589999999999997,0.14100000000000001,0.010256217626396195,64,64,8192,24576,152064,True,8960,1
0.53,0.684,0.581952380952381,0.548,0.056082826664782315,0.259,0.316,0.27934999999999993,0.2675,0.021197346532054424,5.468,7.1370000000000005,6.06685,5.723000000000001,0.5969217934537155,0.381,0.454,0.40935,0.3935,0.026129054709269527,1.603,2.149,1.7970499999999998,1.6745,0.1829408305983112,0.257,0.32,0.27974999999999994,0.2665,0.022026972102402086,10.202,12.780000000000001,10.9917,10.4605,0.8767965043269735,0.652,0.788,0.6978000000000001,0.6755,0.04323031343860462,4.649,6.172,5.2364,4.925000000000001,0.5314597256613147,0.136,0.148,0.13945000000000002,0.138,0.003216753021293363,64,64,8192,24576,152064,True,8832,1
0.52,0.685,0.5666190476190475,0.528,0.05916761999806844,0.252,0.324,0.27144999999999997,0.2575,0.024559061464152085,5.0440000000000005,6.487,5.489750000000001,5.1675,0.5589649251071126,0.379,0.47800000000000004,0.4037,0.3855,0.032567007845364,1.6260000000000001,2.09,1.7589499999999998,1.661,0.17052051929313372,0.253,0.324,0.2714,0.26,0.02244638055455712,10.062,12.916,10.908,10.306000000000001,1.0103756232213839,0.65,0.801,0.6854000000000001,0.66,0.04510476693211039,4.63,5.9030000000000005,5.0098,4.727,0.4551893671868887,0.135,0.16,0.13955,0.136,0.007533093654004306,64,64,8192,24576,152064,True,8704,1
0.497,0.639,0.5377619047619047,0.514,0.046569870457916454,0.245,0.301,0.26095,0.2515,0.018645307720710855,4.937,6.291,5.27145,5.010999999999999,0.47111914363566265,0.367,0.44,0.38785,0.3745,0.024892318092134366,1.593,2.025,1.7040999999999997,1.616,0.15854428403446147,0.245,0.309,0.2621,0.251,0.020089549522077386,9.688,12.475,10.5686,10.012,1.0098696648577974,0.628,0.748,0.6625,0.641,0.03779880950506245,4.5520000000000005,5.788,4.975849999999999,4.721,0.4479016940133181,0.131,0.145,0.13395,0.132,0.0036534230524263127,64,64,8192,24576,152064,True,8576,1
0.513,0.7030000000000001,0.5641904761904761,0.541,0.05837776733329961,0.25,0.326,0.26995,0.259,0.02461396961077185,4.768,6.3420000000000005,5.23915,4.9865,0.5174114682725925,0.375,0.485,0.40365,0.385,0.03620811373159337,1.566,2.204,1.7387500000000002,1.6470000000000002,0.19152542259449526,0.25,0.335,0.273,0.259,0.027564469884254986,9.684000000000001,13.147,10.5863,10.081,0.9830983216342095,0.641,0.8160000000000001,0.6884,0.656,0.05698192695934388,4.559,6.146,5.05325,4.782,0.5178460075157477,0.131,0.158,0.1382,0.133,0.00958957767578948,64,64,8192,24576,152064,True,8448,1
0.492,0.7030000000000001,0.5452380952380954,0.527,0.05838452564222066,0.241,0.326,0.26264999999999994,0.2535,0.023747157724662547,5.1000000000000005,7.347,5.71995,5.5329999999999995,0.6258050395290853,0.358,0.466,0.3877,0.371,0.03306221408193953,1.518,2.173,1.6968,1.646,0.19649391848095457,0.241,0.325,0.26375000000000004,0.253,0.025139361567072464,9.594,12.594,10.4333,9.923,0.9560836835758677,0.613,0.743,0.65895,0.636,0.04518459361331028,4.371,5.916,4.9134,4.7635000000000005,0.5095924253754169,0.128,0.152,0.13245,0.1295,0.0064921105967166,64,64,8192,24576,152064,True,8320,1
0.458,0.587,0.4976666666666666,0.49,0.03534905310691583,0.227,0.277,0.24265000000000003,0.23800000000000002,0.01441275476791304,4.499,5.716,4.8446,4.781000000000001,0.349445618086706,0.343,0.395,0.36015,0.356,0.015113818180724553,1.506,1.84,1.5800500000000002,1.5405000000000002,0.09642119839537362,0.229,0.277,0.24350000000000005,0.239,0.013570187913216238,9.497,12.562,10.56775,10.261,0.8485161680840266,0.592,0.675,0.6175499999999999,0.6074999999999999,0.025952793683917754,4.045,5.2410000000000005,4.5287999999999995,4.441,0.3781325957914764,0.124,0.13,0.1261,0.1255,0.0017000000000000014,64,64,8192,24576,152064,True,8192,1
0.465,0.557,0.48771428571428577,0.47900000000000004,0.02419591240004701,0.23,0.271,0.23904999999999998,0.23650000000000002,0.010693339048211275,4.522,5.4430000000000005,4.740950000000001,4.7195,0.24828138774382594,0.34600000000000003,0.393,0.3574,0.354,0.012511594622589077,1.5050000000000001,1.745,1.5536500000000002,1.5235,0.06873301608397524,0.229,0.273,0.24034999999999998,0.23650000000000002,0.011398574472275031,9.829,11.806000000000001,10.38405,10.307,0.5699787254801711,0.594,0.665,0.61075,0.606,0.019786043060703185,4.121,5.047,4.4379,4.416,0.2586783523992682,0.125,0.13,0.12589999999999998,0.125,0.0016401219466856739,64,64,8192,24576,152064,True,8192,1
0.453,0.5690000000000001,0.4931428571428572,0.47500000000000003,0.03448572612143247,0.225,0.269,0.2404,0.233,0.013547693530634652,4.508,5.546,4.8616,4.6695,0.36741412602130585,0.342,0.397,0.3598,0.35150000000000003,0.01732224003990246,1.5030000000000001,1.768,1.5801500000000002,1.5215,0.09836171765478681,0.226,0.271,0.24155,0.23450000000000001,0.014568716484302933,9.432,12.176,10.586649999999999,10.124500000000001,0.8765803029386412,0.587,0.673,0.6147499999999999,0.5985,0.028720854792293374,4.0440000000000005,5.172,4.522500000000001,4.307,0.3627559096692981,0.123,0.13,0.12520000000000003,0.1245,0.0018330302779823377,64,64,8192,24576,152064,True,8128,1
0.47400000000000003,0.587,0.4953333333333334,0.483,0.031758513419289244,0.232,0.277,0.24130000000000007,0.23650000000000002,0.012818346227185473,4.617,5.806,4.86355,4.721,0.3568002907790295,0.34600000000000003,0.403,0.3585,0.352,0.01633554406807438,1.5050000000000001,1.869,1.5718,1.5205000000000002,0.11277703666970505,0.232,0.279,0.24274999999999997,0.23750000000000002,0.013667022353095061,9.18,11.566,9.7229,9.393,0.7602302874787351,0.594,0.683,0.61525,0.601,0.028973910678401722,4.328,5.437,4.595,4.4185,0.37347556814335264,0.122,0.13,0.1246,0.124,0.0023108440016582706,64,64,8192,24576,152064,True,8064,1
0.47700000000000004,0.602,0.5039047619047619,0.484,0.04305578304379957,0.234,0.28500000000000003,0.24505,0.23650000000000002,0.017488496218943474,4.678,5.972,5.0085,4.764,0.45599731358857803,0.34700000000000003,0.40900000000000003,0.36195,0.35000000000000003,0.021675965953101145,1.516,1.964,1.6214,1.5330000000000001,0.16350608551365908,0.234,0.303,0.24865000000000004,0.23750000000000002,0.020562769755069477,9.398,12.129,10.079600000000003,9.51,1.011874962631253,0.595,0.6990000000000001,0.6207,0.599,0.03849038841061496,4.417,5.579,4.7139,4.447,0.4581602230661233,0.121,0.134,0.12444999999999999,0.123,0.003747999466382036,64,64,8192,24576,152064,True,8000,1
0.47500000000000003,0.599,0.49823809523809526,0.49,0.029418013208471212,0.234,0.28700000000000003,0.24325000000000002,0.239,0.012801855334286514,4.82,6.104,5.07135,4.966,0.3249255722469377,0.34500000000000003,0.41400000000000003,0.35734999999999995,0.352,0.015916265265444655,1.53,1.909,1.60345,1.566,0.09644660439849605,0.23500000000000001,0.28400000000000003,0.24379999999999996,0.24,0.011914696806885188,9.084,10.882,9.38015,9.1785,0.44980176466972654,0.593,0.6950000000000001,0.6104,0.6,0.02601807064330484,4.232,5.289,4.44375,4.304,0.30335554634784573,0.122,0.137,0.12435,0.123,0.0040530852446007135,64,64,8192,24576,152064,True,7936,1
0.456,0.658,0.5149047619047619,0.492,0.05419269390390515,0.224,0.305,0.2472,0.23800000000000002,0.022879248239398072,4.711,6.6370000000000005,5.3733,5.163,0.5538716548082236,0.336,0.442,0.3657500000000001,0.352,0.03139725306455964,1.496,2.106,1.67505,1.5990000000000002,0.17149882652659754,0.224,0.305,0.24830000000000002,0.23900000000000002,0.02292400488570878,9.307,12.085,9.901,9.5225,0.7470653920507898,0.577,0.759,0.6212,0.602,0.04552537753824785,4.2860000000000005,6.144,4.872449999999999,4.6594999999999995,0.48527904086205914,0.12,0.145,0.12510000000000002,0.121,0.0077453211682925105,64,64,8192,24576,152064,True,7872,1
0.458,0.604,0.498047619047619,0.481,0.04529319952158926,0.225,0.29,0.24255000000000004,0.23450000000000001,0.01930148957982259,4.822,6.3,5.2761499999999995,5.0695,0.46427753284000295,0.338,0.421,0.3571000000000001,0.34450000000000003,0.025432066372986676,1.5150000000000001,1.937,1.63365,1.5615,0.13995544826836862,0.228,0.289,0.24300000000000002,0.233,0.01912851274929653,9.078,11.17,9.587399999999999,9.196000000000002,0.6583091522985229,0.58,0.712,0.6106499999999999,0.587,0.042939812528701174,4.413,6.055,4.8012500000000005,4.589,0.4764704476670089,0.11900000000000001,0.14200000000000002,0.12384999999999999,0.12,0.006725139403759603,64,64,8192,24576,152064,True,7808,1
0.454,0.659,0.49109523809523814,0.47100000000000003,0.04707835895702151,0.224,0.306,0.2383,0.232,0.01977650120724088,4.829,6.8580000000000005,5.28305,5.0785,0.5490625169322708,0.333,0.445,0.35485000000000005,0.3435,0.032126741197949095,1.502,2.17,1.6282000000000003,1.5605,0.1868385934436459,0.228,0.313,0.24235,0.233,0.024631839151797008,9.114,12.443,9.593100000000002,9.2875,0.8473105038886275,0.5700000000000001,0.757,0.6047499999999999,0.5865,0.046910419951221936,4.3260000000000005,6.141,4.718249999999999,4.556,0.46685799500490505,0.11800000000000001,0.145,0.12174999999999998,0.11900000000000001,0.0067444421563239735,64,64,8192,24576,152064,True,7744,1
0.443,0.514,0.4661904761904762,0.464,0.01864101736345608,0.22,0.243,0.22795,0.228,0.006111260099193948,4.263,4.984,4.562099999999999,4.468,0.25009116337847676,0.329,0.353,0.33835000000000004,0.337,0.006994819511609998,1.41,1.606,1.4772000000000003,1.4455,0.06625299993207859,0.221,0.246,0.2314,0.2305,0.006568104749469211,8.56,9.948,9.146849999999999,9.016,0.49333713371283944,0.5630000000000001,0.624,0.58165,0.581,0.014964207296078173,4.018,4.731,4.279249999999999,4.2075000000000005,0.2175129593840331,0.117,0.122,0.11815000000000002,0.11800000000000001,0.0011521718621802898,64,64,8192,24576,152064,True,7680,1
0.451,0.539,0.46709523809523806,0.456,0.021801932552839184,0.22,0.254,0.22620000000000004,0.222,0.008500588214941363,4.365,5.25,4.54025,4.444,0.22010312923718275,0.33,0.372,0.3375,0.333,0.010394710193170365,1.423,1.679,1.4615500000000001,1.427,0.06809513565593361,0.221,0.253,0.22665000000000002,0.2235,0.00813188170105788,8.758000000000001,10.477,9.0524,8.8305,0.4689764812866419,0.5640000000000001,0.64,0.57865,0.5690000000000001,0.021838669831287783,4.099,5.032,4.2806999999999995,4.143,0.26830022363017136,0.116,0.126,0.1177,0.117,0.00230434372436058,64,64,8192,24576,152064,True,7616,1
0.431,0.493,0.4507619047619048,0.448,0.01488976881685882,0.213,0.23700000000000002,0.22145,0.222,0.005598883817333599,4.234,4.91,4.4468000000000005,4.41,0.17525883715236729,0.32,0.34400000000000003,0.32975000000000004,0.329,0.005557652382076451,1.4060000000000001,1.581,1.4450999999999998,1.4289999999999998,0.04719523281010488,0.216,0.23700000000000002,0.22280000000000003,0.222,0.004749736834815172,8.482,9.773,8.87445,8.8015,0.3209664273720851,0.551,0.579,0.5641499999999999,0.5635000000000001,0.007689440811918627,3.938,4.4670000000000005,4.171799999999999,4.1425,0.14621648333891782,0.115,0.117,0.11540000000000002,0.115,0.0005830951894845307,64,64,8192,24576,152064,True,7552,1
0.441,0.517,0.45233333333333337,0.45,0.014932653045729249,0.217,0.247,0.2218,0.221,0.006021627686929838,4.375,5.157,4.495049999999999,4.4695,0.15747332313760318,0.323,0.359,0.32900000000000007,0.328,0.007120393247567154,1.414,1.655,1.44135,1.4285,0.04962587530714195,0.218,0.247,0.22275,0.222,0.005760859310901456,8.704,10.268,8.96615,8.8995,0.33160658542918,0.553,0.672,0.56665,0.561,0.025032528837494617,4.059,5.247,4.2281,4.1645,0.2539856098285885,0.113,0.132,0.11540000000000002,0.114,0.003954743986657038,64,64,8192,24576,152064,True,7488,1
0.449,0.5660000000000001,0.46595238095238106,0.454,0.029214276011951673,0.22,0.272,0.2277,0.223,0.012849513609471765,4.564,5.678,4.73075,4.59,0.28568389436578323,0.325,0.393,0.3331,0.3275,0.015361966020011891,1.451,1.7850000000000001,1.5,1.453,0.08628615184373449,0.221,0.272,0.22825,0.224,0.011882234638316147,8.521,10.222,8.7537,8.5495,0.4118923524417514,0.556,0.651,0.56985,0.5630000000000001,0.02224022257082872,3.998,4.882,4.155850000000001,4.002,0.26555720193585414,0.114,0.131,0.11615,0.115,0.00423408785926792,64,64,8192,24576,152064,True,7424,1
0.434,0.741,0.48419047619047617,0.456,0.07837736495869506,0.211,0.326,0.2311,0.219,0.030141167860585627,4.461,7.519,5.075000000000001,4.7815,0.7916021728115707,0.317,0.45,0.339,0.326,0.032706268512320384,1.3980000000000001,2.383,1.5908,1.5230000000000001,0.2517327153947218,0.212,0.325,0.23269999999999996,0.2235,0.029431445768089613,8.77,12.682,9.39,8.943999999999999,1.03596027916132,0.544,0.731,0.57755,0.554,0.05019011356831143,4.058,6.2090000000000005,4.5677,4.3205,0.6137535417413084,0.111,0.137,0.11545000000000001,0.112,0.007499833331481441,64,64,8192,24576,152064,True,7360,1
0.422,0.47500000000000003,0.4485714285714287,0.443,0.014601276619240012,0.20800000000000002,0.228,0.21825,0.2165,0.005107592387808567,4.4590000000000005,5.203,4.7728,4.681,0.2045401183142319,0.31,0.34,0.32199999999999995,0.321,0.006308724118235007,1.4020000000000001,1.607,1.4768000000000001,1.4385,0.06271809946100089,0.209,0.234,0.21875,0.2165,0.005998958242895183,8.471,9.666,8.68135,8.5455,0.2782396943284694,0.535,0.624,0.5532,0.5485,0.01765955831837251,4.015,5.032,4.2951,4.196,0.21566105350758163,0.11,0.121,0.11140000000000001,0.111,0.0022891046284519182,64,64,8192,24576,152064,True,7296,1
0.429,0.47900000000000004,0.44414285714285723,0.435,0.01670553291373769,0.212,0.231,0.21774999999999997,0.214,0.006163400035694589,4.64,5.303,4.845250000000001,4.7065,0.22183549648331763,0.313,0.336,0.32035,0.316,0.007465085398037996,1.421,1.6480000000000001,1.4881499999999999,1.4365,0.08196845429797979,0.212,0.25,0.21985000000000002,0.215,0.009608719998001818,8.512,9.815,8.788800000000002,8.597999999999999,0.34834589132068144,0.538,0.616,0.55155,0.5415000000000001,0.01904593132403873,4.139,5.031,4.34005,4.183,0.2583949448034927,0.109,0.11900000000000001,0.11060000000000003,0.11,0.002034698994937582,64,64,8192,24576,152064,True,7232,1
0.395,0.448,0.42019047619047617,0.41500000000000004,0.013517604210168538,0.201,0.218,0.20810000000000003,0.20700000000000002,0.0041581245772583505,3.959,4.39,4.0764499999999995,4.009,0.12814619580775696,0.301,0.318,0.3075,0.3065,0.004353159771935787,1.313,1.412,1.3369000000000002,1.3265,0.02776310501366878,0.2,0.219,0.20855,0.20700000000000002,0.00448859666265526,8.518,9.484,8.8801,8.775500000000001,0.2710317140114787,0.519,0.542,0.5293500000000001,0.5275000000000001,0.006231171639427055,3.513,4.078,3.7877,3.731,0.14382353771201714,0.109,0.11,0.10965,0.11,0.00047696960070847314,64,64,8192,24576,152064,True,7168,1
0.41000000000000003,0.41400000000000003,0.41261904761904755,0.41300000000000003,0.0011328930717495553,0.2,0.203,0.20190000000000002,0.202,0.0007000000000000008,3.966,4.01,3.9981999999999993,4.000500000000001,0.011120251795710353,0.302,0.306,0.30385000000000006,0.304,0.0010136567466356656,1.315,1.323,1.3198000000000003,1.3205,0.0023790754506740706,0.2,0.20500000000000002,0.2024,0.202,0.0009695359714832668,8.648,8.988,8.7517,8.751,0.06287058135567068,0.52,0.533,0.5228499999999999,0.5225,0.0024954959426935585,3.712,3.867,3.7516000000000007,3.75,0.028627609051403477,0.108,0.109,0.10825,0.108,0.00043301270189221973,64,64,8192,24576,152064,True,7104,1
0.389,0.426,0.40961904761904766,0.406,0.009529284140785571,0.195,0.20800000000000002,0.20125000000000007,0.2,0.003269174207655508,3.951,4.22,4.03975,3.9755000000000003,0.09568901452099916,0.295,0.306,0.30124999999999996,0.3,0.0031760824926314523,1.314,1.367,1.3299999999999998,1.32,0.015924823389915514,0.196,0.209,0.20220000000000002,0.201,0.0035156791662493895,8.299,9.366,8.828799999999998,8.684000000000001,0.2864057611152403,0.512,0.526,0.5173500000000001,0.515,0.004441565039487774,3.517,3.9490000000000003,3.7494500000000004,3.713,0.11383298072175747,0.107,0.108,0.10705000000000002,0.107,0.00021794494717703385,64,64,8192,24576,152064,True,7040,1
0.398,0.426,0.40847619047619055,0.40700000000000003,0.007081962652495262,0.197,0.20800000000000002,0.20135,0.201,0.0023510635891017513,3.985,4.265,4.0581499999999995,4.0305,0.07305906856783756,0.295,0.306,0.29955,0.3,0.0022907422377910634,1.323,1.371,1.331,1.328,0.011580155439371274,0.197,0.209,0.20190000000000002,0.202,0.0025865034312755105,8.446,9.305,8.8291,8.790500000000002,0.19366411644907272,0.508,0.522,0.5138,0.513,0.0033555923471125064,3.6430000000000002,3.948,3.77365,3.75,0.07100723554680888,0.105,0.106,0.10569999999999999,0.106,0.0004582575694955844,64,64,8192,24576,152064,True,6976,1
0.418,0.47000000000000003,0.43366666666666664,0.427,0.01695184589845837,0.20700000000000002,0.225,0.21335,0.212,0.005614935440412468,4.277,4.859,4.484,4.4325,0.18906639045583973,0.302,0.322,0.31189999999999996,0.311,0.005932115979985561,1.341,1.542,1.42555,1.403,0.06739323037219687,0.20700000000000002,0.226,0.21400000000000002,0.2125,0.006300793600809341,7.904,8.943,8.2405,8.1095,0.3015911968211271,0.518,0.5650000000000001,0.5347,0.5315000000000001,0.011883181392203027,3.709,4.549,3.9354,3.8505000000000003,0.22347156418658737,0.106,0.109,0.1071,0.107,0.0007000000000000006,64,64,8192,24576,152064,True,6912,1
0.41300000000000003,0.434,0.423047619047619,0.422,0.004715488062162715,0.2,0.20700000000000002,0.20345000000000005,0.203,0.0017741194999210189,4.212,4.486,4.3461,4.349500000000001,0.051443075335753395,0.299,0.307,0.30215,0.302,0.002031624965391006,1.361,1.424,1.3974,1.3985,0.013632314550361582,0.201,0.20800000000000002,0.20400000000000001,0.20400000000000001,0.0019493588689617944,8.089,8.309000000000001,8.15115,8.1385,0.049199872967315796,0.511,0.522,0.5163500000000002,0.5155000000000001,0.002954234249344492,3.947,4.128,4.0686,4.077,0.038887530134993145,0.10300000000000001,0.105,0.10370000000000001,0.10400000000000001,0.0005567764362830011,64,64,8192,24576,152064,True,6848,1
0.403,0.425,0.41719047619047617,0.418,0.006321686390581349,0.199,0.20600000000000002,0.20295000000000005,0.20400000000000001,0.002036541185441632,4.214,4.401,4.338550000000001,4.3955,0.07376277855395634,0.295,0.303,0.29905,0.2995,0.0021788758569500945,1.361,1.423,1.3996000000000002,1.407,0.02064800232468022,0.199,0.20600000000000002,0.20315000000000003,0.20350000000000001,0.0019563997546513867,8.005,8.156,8.095749999999999,8.100999999999999,0.05128242876463644,0.506,0.517,0.5115000000000001,0.5115000000000001,0.0034713109915419592,3.946,4.122,4.05935,4.0965,0.07063729538990013,0.10200000000000001,0.10300000000000001,0.10250000000000001,0.10250000000000001,0.0005000000000000004,64,64,8192,24576,152064,True,6784,1
0.40700000000000003,0.422,0.4147619047619048,0.41400000000000003,0.004252783535574479,0.199,0.20500000000000002,0.20175,0.202,0.001577181029558752,4.256,4.413,4.34255,4.348,0.04167430263363738,0.293,0.3,0.29664999999999997,0.2965,0.0018513508581573634,1.368,1.415,1.39805,1.3980000000000001,0.012455821931932053,0.2,0.20600000000000002,0.2028,0.203,0.0016613247725836165,8.056000000000001,8.257,8.116550000000002,8.104,0.05015124624573143,0.502,0.511,0.50605,0.506,0.002376446927663231,3.989,4.121,4.0654,4.0760000000000005,0.03871872931799299,0.101,0.10200000000000001,0.10195000000000003,0.10200000000000001,0.00021794494717703388,64,64,8192,24576,152064,True,6720,1
0.388,0.424,0.4092380952380953,0.41000000000000003,0.008711813336497586,0.194,0.20600000000000002,0.20085000000000003,0.201,0.003166622806713805,3.869,4.321,4.11885,4.149,0.12254806200018008,0.28700000000000003,0.299,0.29334999999999994,0.2935,0.0032752862470324553,1.231,1.364,1.2862000000000002,1.28,0.03939873094402915,0.195,0.20700000000000002,0.20060000000000003,0.201,0.003292415526630869,7.599,7.953,7.75735,7.7405,0.09786790842763526,0.492,0.513,0.50355,0.504,0.0057312738549121925,3.5180000000000002,3.891,3.7407000000000004,3.7565,0.10987497440272742,0.10200000000000001,0.10300000000000001,0.10245,0.10200000000000001,0.0004974937185533104,64,64,8192,24576,152064,True,6656,1
0.386,0.40900000000000003,0.39395238095238094,0.39,0.008020664920044804,0.189,0.197,0.19145,0.19,0.002783433131943359,3.858,4.219,3.95755,3.9015000000000004,0.12499058964578101,0.28300000000000003,0.291,0.28665,0.28600000000000003,0.0025154522456210335,1.223,1.318,1.246,1.229,0.03279481666361315,0.189,0.198,0.1918,0.191,0.0026570660511172866,7.486,8.122,7.6851,7.535500000000001,0.25182253671981,0.486,0.512,0.4912500000000001,0.4875,0.006464325177464395,3.517,3.9610000000000003,3.6134999999999997,3.5365,0.1280579946742881,0.1,0.10200000000000001,0.10095000000000001,0.101,0.0004974937185533105,64,64,8192,24576,152064,True,6592,1
0.393,0.421,0.40619047619047616,0.405,0.007749771410570745,0.193,0.202,0.19724999999999998,0.1975,0.0028438530201119775,4.01,4.417,4.2288499999999996,4.211,0.11675627392136144,0.28600000000000003,0.297,0.29019999999999996,0.29,0.003059411708155653,1.254,1.379,1.32335,1.3215,0.03362629179674738,0.193,0.203,0.19735,0.1965,0.003004579837514726,7.715,8.114,7.870500000000002,7.8395,0.1260811246777251,0.489,0.507,0.4962000000000001,0.4955,0.0051341990611973795,3.705,4.01,3.82605,3.829,0.07648429577370768,0.099,0.1,0.09980000000000003,0.1,0.00040000000000000034,64,64,8192,24576,152064,True,6528,1
0.371,0.40700000000000003,0.3889047619047619,0.385,0.009850814623818411,0.184,0.196,0.19045000000000004,0.189,0.0033537292675468035,3.77,4.18,3.9626000000000006,3.9035,0.131355395778019,0.276,0.28800000000000003,0.28185000000000004,0.28150000000000003,0.002632014437650373,1.224,1.313,1.247,1.227,0.03601666281042704,0.185,0.197,0.19060000000000002,0.189,0.0031843366656181342,7.371,8.118,7.67665,7.5835,0.2524546048302546,0.47200000000000003,0.492,0.4817499999999999,0.481,0.00490790179200846,3.415,3.787,3.6005500000000006,3.5540000000000003,0.11600494601524536,0.097,0.099,0.09815000000000002,0.098,0.0005722761571129803,64,64,8192,24576,152064,True,6464,1
0.375,0.406,0.3897142857142857,0.388,0.007433148772913953,0.188,0.199,0.19275,0.192,0.00269953699733862,3.605,4.086,3.79045,3.763,0.1176683793548633,0.275,0.28800000000000003,0.2831,0.28250000000000003,0.0032848135411313716,1.221,1.367,1.2659,1.2555,0.034754711910761085,0.187,0.199,0.19285,0.192,0.0031028212968200433,7.291,7.768,7.383300000000001,7.317,0.13314920202539704,0.47400000000000003,0.493,0.4848,0.4845,0.004802082881417181,3.3120000000000003,3.712,3.4646999999999997,3.417,0.10595003539404792,0.098,0.1,0.09875000000000002,0.099,0.0005361902647381809,64,64,8192,24576,152064,True,6400,1
0.376,0.426,0.39514285714285713,0.388,0.01478508165198225,0.184,0.199,0.19085000000000002,0.188,0.004932291556670189,3.782,4.321,4.01725,3.9545000000000003,0.18218860419905514,0.277,0.292,0.28345000000000004,0.281,0.004852576635149602,1.234,1.4000000000000001,1.2960000000000005,1.2610000000000001,0.05866770832408576,0.185,0.2,0.191,0.1885,0.005089204259999793,7.351,7.907,7.522149999999999,7.3835,0.21358658080506837,0.47400000000000003,0.499,0.4844500000000001,0.48,0.008452662302493797,3.59,4.055,3.7732499999999995,3.6665,0.17029705663927375,0.096,0.098,0.09695000000000001,0.097,0.0004974937185533105,64,64,8192,24576,152064,True,6336,1
0.378,0.418,0.3914761904761905,0.386,0.012849380372754125,0.184,0.199,0.18875,0.187,0.0045373450386762566,3.705,4.2090000000000005,3.8506500000000004,3.76,0.17740131763884961,0.274,0.289,0.27820000000000006,0.2765,0.0042614551505325,1.246,1.3900000000000001,1.2815000000000003,1.26,0.04965531190114509,0.184,0.198,0.18845,0.187,0.0042246301613277385,7.305,7.867,7.43665,7.3475,0.1861970125968727,0.46900000000000003,0.494,0.47620000000000007,0.47350000000000003,0.007215261603018963,3.625,4.049,3.7192499999999997,3.664,0.1300929955839283,0.094,0.096,0.09505,0.095,0.0007399324293474377,64,64,8192,24576,152064,True,6272,1
0.371,0.392,0.3814761904761904,0.385,0.0073135168246659076,0.182,0.19,0.18660000000000004,0.188,0.002709243436828816,3.681,3.928,3.8237999999999994,3.858,0.0830696093646768,0.268,0.279,0.27490000000000003,0.276,0.0034914180500192214,1.224,1.301,1.2673,1.2755,0.025801356553483746,0.182,0.191,0.1868,0.187,0.002767670500619612,7.344,7.7700000000000005,7.4551,7.455500000000001,0.09659342627736117,0.462,0.488,0.47109999999999996,0.47300000000000003,0.006766830868286867,3.552,4.0520000000000005,3.7065000000000006,3.724,0.11195244526136988,0.094,0.095,0.09464999999999998,0.095,0.0004769696007084733,64,64,8192,24576,152064,True,6208,1
0.357,0.365,0.36019047619047617,0.36,0.002629847861235065,0.178,0.181,0.17914999999999998,0.179,0.001107925990308018,3.424,3.536,3.4778999999999995,3.484,0.0410912399423527,0.262,0.266,0.26370000000000005,0.2635,0.0011445523142259606,1.141,1.165,1.1492,1.149,0.0051439284598446605,0.179,0.184,0.18,0.18,0.0012247448713915902,7.539000000000001,7.9430000000000005,7.6517,7.6455,0.10857352347602992,0.452,0.459,0.4546,0.4545,0.0017720045146669367,3.214,3.384,3.26195,3.263,0.04687800657024571,0.093,0.094,0.09380000000000001,0.094,0.00040000000000000034,64,64,8192,24576,152064,True,6144,1
0.34600000000000003,0.37,0.36042857142857143,0.363,0.0065288475506888695,0.17200000000000001,0.183,0.17849999999999996,0.179,0.0027110883423451873,3.404,3.698,3.5396,3.5385,0.10003519380697978,0.257,0.265,0.26244999999999996,0.262,0.0021558061137310117,1.1360000000000001,1.189,1.1571,1.1495000000000002,0.016914195221765644,0.17,0.18,0.1767,0.178,0.002451530134426244,7.329,8.062,7.725399999999999,7.7330000000000005,0.22692760960271005,0.443,0.457,0.45135000000000003,0.452,0.0034099120223255058,3.0620000000000003,3.422,3.2808,3.297,0.08835304182652681,0.091,0.093,0.09200000000000001,0.092,0.0003162277660168382,64,64,8192,24576,152064,True,6080,1
0.34,0.392,0.3693333333333333,0.367,0.013314272089372421,0.17,0.188,0.17959999999999998,0.178,0.004820788317277582,3.383,3.989,3.6834499999999997,3.59,0.1868051056582769,0.255,0.275,0.2661,0.2645,0.004815599651133807,1.125,1.2750000000000001,1.1854500000000001,1.1520000000000001,0.053593353132641366,0.17,0.188,0.18,0.1785,0.004732863826479692,6.985,7.502,7.13235,7.0235,0.18499818242350385,0.438,0.468,0.4537,0.4505,0.007490660852021008,3.146,3.709,3.406,3.3245,0.15791801670487124,0.091,0.092,0.09170000000000002,0.092,0.0004582575694955843,64,64,8192,24576,152064,True,6016,1
0.334,0.364,0.35461904761904756,0.357,0.006764586993173229,0.167,0.177,0.17354999999999998,0.17400000000000002,0.0022688102609076826,3.382,3.6750000000000003,3.5309,3.5475000000000003,0.08938506586673188,0.251,0.26,0.2571500000000001,0.2575,0.002242208732477868,1.1400000000000001,1.182,1.1538,1.1515,0.011276524287208331,0.168,0.178,0.17384999999999998,0.17450000000000002,0.0023932195887548585,7.207,7.974,7.70565,7.782,0.20810412658090185,0.432,0.446,0.44125,0.4425,0.0035053530492662253,3.033,3.4210000000000003,3.2784000000000004,3.306,0.08707491027844931,0.089,0.09,0.08990000000000001,0.09,0.00030000000000000024,64,64,8192,24576,152064,True,5952,1
0.354,0.394,0.3638571428571429,0.357,0.011486164407195115,0.17500000000000002,0.189,0.17895,0.177,0.0037878093933037343,3.428,3.871,3.541200000000001,3.4695,0.13475518542898451,0.259,0.272,0.26275000000000004,0.262,0.0036725331856907743,1.102,1.237,1.1372500000000003,1.1125,0.04096202509642314,0.176,0.188,0.17935,0.177,0.0033804585487770765,6.706,7.218,6.827149999999999,6.720000000000001,0.16183734890315027,0.444,0.467,0.44939999999999997,0.447,0.005544366510251649,3.149,3.552,3.22895,3.152,0.11457725559638794,0.089,0.091,0.09045,0.0905,0.0005894913061275802,64,64,8192,24576,152064,True,5888,1
0.34500000000000003,0.361,0.3523333333333334,0.35100000000000003,0.004784233364802424,0.17200000000000001,0.179,0.17539999999999997,0.17500000000000002,0.0019595917942265327,3.48,3.656,3.570700000000001,3.547,0.05578539235319579,0.254,0.263,0.25830000000000003,0.258,0.002666458325194679,1.1320000000000001,1.192,1.1629,1.154,0.019982242116439262,0.17400000000000002,0.18,0.1768,0.1765,0.0021587033144922817,6.743,6.867,6.805549999999998,6.800000000000001,0.04674449165409771,0.435,0.447,0.44175000000000003,0.441,0.003793085815006038,3.281,3.459,3.3674,3.3495,0.060983112416471495,0.08700000000000001,0.09,0.0885,0.0885,0.000670820393249936,64,64,8192,24576,152064,True,5824,1
0.338,0.34900000000000003,0.3437142857142857,0.34400000000000003,0.002796985743921605,0.167,0.169,0.1683,0.169,0.0008426149773176366,3.322,3.394,3.37425,3.3890000000000002,0.028551488577655656,0.247,0.251,0.24955,0.25,0.0011169153951844349,1.088,1.116,1.10695,1.111,0.009599348936256058,0.167,0.17,0.16885,0.169,0.0010136567466356653,6.45,6.589,6.54585,6.58,0.05801402847587813,0.427,0.432,0.42965,0.43,0.001620956507744734,2.977,3.04,3.0225,3.039,0.02597017520156541,0.088,0.09,0.08945,0.0895,0.0005894913061275802,64,64,8192,24576,152064,True,5760,1
0.332,0.35000000000000003,0.3393333333333334,0.339,0.003441114621931368,0.165,0.17200000000000001,0.1678,0.168,0.0015033296378372924,3.3080000000000003,3.5300000000000002,3.3850500000000006,3.3835,0.043558552547117525,0.243,0.254,0.24785,0.248,0.001981792118260643,1.1,1.165,1.1192,1.118,0.0156,0.166,0.17300000000000001,0.16835000000000003,0.168,0.0013883443376914832,6.44,6.674,6.582800000000001,6.6135,0.06527832718444919,0.421,0.435,0.42654999999999993,0.427,0.0028191310718020924,2.948,3.137,3.0194,3.0175,0.03699783777465924,0.08700000000000001,0.089,0.08804999999999999,0.088,0.0005894913061275767,64,64,8192,24576,152064,True,5696,1
0.317,0.34,0.3341428571428572,0.336,0.005329930887479328,0.16,0.168,0.16599999999999998,0.1665,0.0018708286933869723,3.1550000000000002,3.4530000000000003,3.3716999999999997,3.4105,0.07942109291617688,0.23800000000000002,0.246,0.24370000000000003,0.244,0.002260530911091458,1.049,1.078,1.0613000000000001,1.0615,0.008397023282092301,0.161,0.169,0.16675000000000004,0.1675,0.002046338192968114,6.244,6.613,6.473350000000001,6.517,0.11176237067993866,0.41100000000000003,0.423,0.4185499999999999,0.419,0.0028368115905008416,3.093,3.3850000000000002,3.30715,3.331,0.07357803680447039,0.085,0.08600000000000001,0.08585000000000002,0.08600000000000001,0.00035707142142714284,64,64,8192,24576,152064,True,5632,1
0.323,0.363,0.33480952380952383,0.331,0.011680749517777186,0.162,0.177,0.16575,0.165,0.003779880950506242,3.24,3.765,3.37985,3.34,0.14196276800626284,0.23800000000000002,0.254,0.2427,0.242,0.004267317658670373,1.044,1.166,1.0671,1.055,0.03364060047026508,0.162,0.177,0.16624999999999998,0.1655,0.0036176649927819418,6.267,7.205,6.44315,6.364,0.22763902894714694,0.41200000000000003,0.436,0.4164,0.41600000000000004,0.004963869458396331,3.186,3.6990000000000003,3.29375,3.279,0.10523776650993698,0.084,0.08600000000000001,0.08545000000000001,0.08600000000000001,0.0007399324293474377,64,64,8192,24576,152064,True,5568,1
0.316,0.339,0.32685714285714285,0.327,0.005954475821844038,0.157,0.165,0.15995,0.16,0.002036541185441632,3.2720000000000002,3.56,3.3560500000000006,3.34,0.08013143889884919,0.23600000000000002,0.243,0.23959999999999998,0.24,0.001827566688249697,1.038,1.135,1.0674499999999998,1.058,0.0243710381395623,0.158,0.165,0.16115000000000002,0.161,0.0020068632240389495,6.132000000000001,6.651,6.2536000000000005,6.2410000000000005,0.11752123212424206,0.404,0.41600000000000004,0.4086,0.40900000000000003,0.0026907248094147447,2.948,3.205,3.00965,3.009,0.05778604935449388,0.083,0.085,0.08395,0.084,0.0004974937185533105,64,64,8192,24576,152064,True,5504,1
0.317,0.335,0.32523809523809527,0.325,0.005536930229999484,0.156,0.163,0.1594,0.1595,0.0017720045146669367,3.24,3.5220000000000002,3.3567499999999995,3.339,0.08779172797023646,0.234,0.24,0.23705000000000004,0.23750000000000002,0.001883480820183736,1.032,1.137,1.0686,1.0565,0.03214716161654092,0.157,0.164,0.16,0.16,0.0016733200530681528,6.224,6.7700000000000005,6.400799999999999,6.3774999999999995,0.15400571417970182,0.4,0.41000000000000003,0.40535,0.406,0.0028332843133014405,3.181,3.458,3.2809,3.279,0.0731914612506131,0.082,0.084,0.08320000000000001,0.083,0.0006000000000000005,64,64,8192,24576,152064,True,5440,1
0.316,0.337,0.3244761904761905,0.324,0.005315019577252374,0.158,0.164,0.15995000000000004,0.16,0.0016575584454250794,3.182,3.419,3.28225,3.2795,0.0707968043064092,0.232,0.23900000000000002,0.23545000000000002,0.23500000000000001,0.0021324868112136144,1.041,1.083,1.05315,1.0495,0.011607217582177051,0.158,0.164,0.16069999999999998,0.161,0.0021000000000000016,6.162,6.638,6.34255,6.352,0.14670939813113543,0.398,0.40800000000000003,0.40180000000000005,0.402,0.002959729717389751,3.262,3.5140000000000002,3.3567500000000003,3.3715,0.07651070186581749,0.08,0.082,0.08099999999999999,0.081,0.0006324555320336764,64,64,8192,24576,152064,True,5376,1
0.307,0.341,0.3166666666666667,0.314,0.009057137849880954,0.154,0.167,0.15799999999999997,0.157,0.0033763886032268297,3.073,3.523,3.2019000000000006,3.1595000000000004,0.1289204793661581,0.227,0.242,0.23200000000000004,0.231,0.00407430975749267,1.03,1.159,1.0693000000000001,1.0465,0.04229314365236999,0.155,0.168,0.1588,0.1575,0.003340658617698016,6.023,6.832,6.21245,6.1265,0.2336316491830675,0.392,0.41300000000000003,0.39744999999999997,0.396,0.005258089006473745,3.156,3.63,3.27935,3.2285000000000004,0.13565444150487657,0.079,0.082,0.08065,0.081,0.0007262919523166982,64,64,8192,24576,152064,True,5312,1
0.3,0.327,0.31585714285714284,0.316,0.007072991650239227,0.149,0.158,0.15449999999999997,0.155,0.002313006701244078,3.077,3.439,3.2670000000000003,3.2815000000000003,0.09370538938609664,0.224,0.232,0.22889999999999996,0.229,0.0020952326839756984,0.992,1.117,1.0483999999999998,1.0535,0.03330825723450567,0.15,0.159,0.15485,0.155,0.0021971572542719853,5.8020000000000005,6.437,6.135,6.1665,0.17893211003059226,0.385,0.399,0.39270000000000005,0.3925,0.003887158345115366,2.654,2.948,2.8051,2.823,0.08417416468252001,0.08,0.082,0.08115,0.081,0.000726291952316698,64,64,8192,24576,152064,True,5248,1
0.303,0.327,0.31500000000000006,0.315,0.007782764841072141,0.15,0.159,0.15425,0.1545,0.0027906092524751674,3.096,3.4290000000000003,3.2645000000000004,3.276,0.10508972356990956,0.221,0.231,0.22580000000000006,0.226,0.00280356915377524,0.987,1.101,1.04215,1.052,0.036492841763830886,0.149,0.161,0.15385,0.154,0.002868361901852696,6.019,6.673,6.2907,6.296,0.21831653624954747,0.382,0.399,0.38949999999999996,0.388,0.004577116996538327,3.158,3.5260000000000002,3.34495,3.334,0.11583802268685353,0.077,0.079,0.0782,0.078,0.0006782329983125274,64,64,8192,24576,152064,True,5184,1
0.293,0.324,0.3048571428571428,0.303,0.00843623541795812,0.147,0.158,0.15109999999999998,0.15,0.003064310689208915,2.834,3.233,2.94735,2.887,0.11887946626730793,0.217,0.227,0.22125,0.221,0.0028262165522125182,0.9500000000000001,1.014,0.9696,0.9550000000000001,0.023076828204933172,0.147,0.157,0.15139999999999998,0.151,0.002835489375751568,5.666,6.239,5.883700000000001,5.763999999999999,0.2075890411365686,0.375,0.393,0.38160000000000005,0.381,0.004892851929090031,2.888,3.285,3.0254000000000003,2.977,0.1151396543333356,0.077,0.079,0.07785,0.078,0.0004769696007084733,64,64,8192,24576,152064,True,5120,1
0.28800000000000003,0.322,0.30076190476190473,0.299,0.008371748192609092,0.146,0.158,0.1505,0.15,0.0028548204847240427,2.829,3.255,2.9763,2.9350000000000005,0.10869595208654276,0.215,0.228,0.21955,0.2195,0.0030899029110960778,0.9520000000000001,1.046,0.9742,0.9684999999999999,0.02499919998719959,0.146,0.159,0.15134999999999998,0.1515,0.003320767983464069,5.673,6.48,5.9451,5.9254999999999995,0.21685453649854794,0.372,0.392,0.37960000000000005,0.3795,0.004872371086031937,2.8930000000000002,3.351,3.0576499999999998,3.0375,0.11577490012951856,0.076,0.078,0.07714999999999998,0.077,0.0005722761571129803,64,64,8192,24576,152064,True,5056,1
0.293,0.301,0.2962857142857143,0.296,0.002141269252944489,0.14400000000000002,0.147,0.14545,0.145,0.000920597631976095,2.876,2.943,2.9129,2.9090000000000003,0.016139702599490505,0.216,0.22,0.2177,0.2175,0.0011874342087037928,0.9540000000000001,0.978,0.9685500000000001,0.968,0.0057573865598898166,0.14400000000000002,0.149,0.14629999999999996,0.146,0.0012288205727444493,5.596,5.7250000000000005,5.67275,5.66,0.03224108403884715,0.369,0.375,0.37220000000000003,0.372,0.0018330302779823375,2.708,2.765,2.7394000000000003,2.736,0.0165692486250886,0.075,0.077,0.07585,0.076,0.0005722761571129803,64,64,8192,24576,152064,True,4992,1
0.28,0.307,0.2968095238095238,0.298,0.006904926106421947,0.14,0.15,0.14565,0.1455,0.0023510635891017414,2.836,3.223,3.07055,3.096,0.10801919968227874,0.211,0.22,0.21645000000000003,0.217,0.002178875856950095,0.937,1.052,0.9976999999999998,1.0015,0.03202826876370311,0.14,0.15,0.14635,0.1465,0.002329699551444343,5.489,6.114,5.7774,5.75,0.17718843077356944,0.361,0.376,0.36839999999999995,0.369,0.004103656905736642,2.859,3.206,3.05375,3.0860000000000003,0.10691065194825074,0.074,0.075,0.0748,0.075,0.00040000000000000034,64,64,8192,24576,152064,True,4928,1
0.278,0.304,0.29104761904761905,0.29,0.007864787046287168,0.14,0.149,0.1444,0.14400000000000002,0.0025768197453450155,2.695,2.987,2.84565,2.8275,0.0983789992833837,0.20800000000000002,0.217,0.21249999999999997,0.2125,0.002559296778413943,0.922,0.966,0.9379500000000002,0.9345000000000001,0.015593187615109359,0.14,0.15,0.1454,0.146,0.002557342370508875,5.393,5.955,5.639300000000001,5.5815,0.18085798295900576,0.358,0.372,0.36419999999999997,0.364,0.003544009029333873,2.892,3.214,3.03825,3.013,0.10541768115453884,0.07200000000000001,0.074,0.07310000000000001,0.073,0.0008306623862918027,64,64,8192,24576,152064,True,4864,1
0.278,0.301,0.28804761904761905,0.28500000000000003,0.0077365932608252355,0.14,0.149,0.14405,0.14400000000000002,0.002578274616870738,2.702,3.029,2.8346500000000003,2.7984999999999998,0.10715842244079561,0.20600000000000002,0.215,0.21070000000000003,0.211,0.0023259406699225956,0.933,1.04,0.9717500000000001,0.9550000000000001,0.0364744773780242,0.14200000000000002,0.149,0.14490000000000003,0.14400000000000002,0.002256102834535685,5.393,6.008,5.627550000000001,5.583,0.18946859238406777,0.356,0.369,0.362,0.362,0.004135214625627071,2.8930000000000002,3.215,3.03075,2.9975,0.11323951386331531,0.07200000000000001,0.073,0.0723,0.07200000000000001,0.00045825756949557803,64,64,8192,24576,152064,True,4800,1
0.274,0.301,0.28500000000000003,0.28500000000000003,0.008159131606453492,0.135,0.145,0.13875,0.139,0.0031284980421921313,2.714,3.0540000000000003,2.8311500000000005,2.818,0.10692907696225575,0.201,0.212,0.20535,0.20550000000000002,0.003244610916581519,0.9,1.0070000000000001,0.9379500000000001,0.9265000000000001,0.03436200663523595,0.136,0.14400000000000002,0.13915000000000005,0.1395,0.002868361901852696,5.276,5.891,5.46795,5.417,0.18650669559026564,0.34800000000000003,0.363,0.35350000000000004,0.3545,0.004499999999999981,2.412,2.684,2.5029000000000003,2.476,0.09243641057505428,0.07200000000000001,0.074,0.07294999999999999,0.073,0.0005894913061275759,64,64,8192,24576,152064,True,4736,1
0.276,0.28300000000000003,0.27890476190476193,0.279,0.0018491893179950112,0.137,0.139,0.13795000000000002,0.138,0.0006689544080129831,2.769,2.822,2.788150000000001,2.7815000000000003,0.014714873427929988,0.201,0.20500000000000002,0.20305000000000004,0.203,0.0011169153951844349,0.919,0.9430000000000001,0.9297000000000001,0.93,0.008000624975587851,0.138,0.14,0.13849999999999998,0.138,0.0005916079783099621,5.381,5.445,5.402049999999999,5.3865,0.024148447155044973,0.34900000000000003,0.354,0.3508,0.35100000000000003,0.0013999999999999816,2.461,2.489,2.4671500000000006,2.462,0.010321216013629366,0.07100000000000001,0.073,0.07215000000000002,0.07200000000000001,0.0006538348415310962,64,64,8192,24576,152064,True,4672,1
0.265,0.296,0.27961904761904766,0.276,0.009089377318900962,0.134,0.14400000000000002,0.13840000000000002,0.137,0.003072458299147446,2.582,2.898,2.72165,2.6590000000000003,0.11104200781686181,0.195,0.20800000000000002,0.20175,0.201,0.0030145480589965747,0.856,0.9410000000000001,0.8835,0.861,0.03257990178008524,0.134,0.145,0.13915,0.138,0.002779838124783527,5.173,5.8,5.45425,5.2935,0.22114901650244786,0.339,0.358,0.34800000000000003,0.34700000000000003,0.004857983120596433,2.414,2.685,2.5431999999999997,2.4895,0.10067601501847402,0.07,0.07200000000000001,0.07050000000000001,0.07,0.0006708203932499375,64,64,8192,24576,152064,True,4608,1
0.265,0.274,0.2680476190476191,0.268,0.0020348438684972873,0.134,0.137,0.13529999999999998,0.135,0.0006403124237432854,2.6710000000000003,2.724,2.6832000000000003,2.677,0.013036870790185796,0.195,0.2,0.19765000000000002,0.197,0.0011521718621802922,0.853,0.865,0.8588499999999998,0.8594999999999999,0.002688401011754015,0.134,0.138,0.13570000000000002,0.136,0.0009000000000000008,5.179,5.3,5.22335,5.218500000000001,0.026939329984244115,0.338,0.34500000000000003,0.34085,0.3405,0.0014585952145814835,2.68,2.735,2.7090000000000005,2.706,0.011379806676741005,0.068,0.07,0.06895,0.069,0.0005894913061275805,64,64,8192,24576,152064,True,4544,1
0.259,0.281,0.26785714285714285,0.264,0.006266203485560379,0.128,0.136,0.13105,0.13,0.0022466641938660987,2.64,2.946,2.7415,2.684,0.09028261183638853,0.192,0.201,0.1956,0.195,0.002244994432064367,0.859,0.967,0.8907,0.8725,0.03050754005160037,0.129,0.137,0.13195000000000004,0.131,0.0020365411854416323,4.973,5.567,5.1408000000000005,5.032500000000001,0.1693595583366938,0.329,0.342,0.33435000000000004,0.333,0.0033507461855533044,2.4130000000000003,2.6470000000000002,2.5044500000000003,2.489,0.08044592904553965,0.067,0.069,0.06775,0.068,0.0005361902647381809,64,64,8192,24576,152064,True,4480,1
0.258,0.265,0.2618095238095239,0.262,0.0017076591501943926,0.129,0.131,0.1302,0.13,0.0006000000000000005,2.669,2.751,2.6964500000000005,2.698,0.01940483187250014,0.192,0.194,0.193,0.193,0.0006324555320336764,0.866,0.885,0.87485,0.875,0.005525169680652356,0.129,0.132,0.13055,0.1305,0.0007399324293474377,5.033,5.143,5.07345,5.0760000000000005,0.02990397130817233,0.33,0.332,0.3308000000000001,0.331,0.0006782329983125274,2.438,2.482,2.4577000000000004,2.463,0.011794490239090478,0.066,0.067,0.0666,0.067,0.0004898979485566361,64,64,8192,24576,152064,True,4416,1
0.241,0.267,0.25519047619047625,0.257,0.007575769944331283,0.123,0.132,0.12765,0.1275,0.0026697378148425014,2.408,2.773,2.5848999999999998,2.561,0.1002790606258356,0.184,0.193,0.18919999999999998,0.19,0.002561249694973142,0.812,0.86,0.8261,0.8190000000000001,0.014652303573158696,0.124,0.133,0.129,0.129,0.0022360679774997916,4.808,5.3,4.972450000000001,4.894500000000001,0.14243717035942544,0.317,0.331,0.32375000000000004,0.3245,0.003476708213238497,2.5060000000000002,2.8930000000000002,2.6860499999999994,2.6715,0.1069329112107213,0.064,0.065,0.06465,0.065,0.0004769696007084732,64,64,8192,24576,152064,True,4352,1
0.246,0.275,0.25452380952380954,0.251,0.00749996220700985,0.125,0.134,0.12774999999999997,0.127,0.0023848480035423662,2.498,2.802,2.60325,2.548,0.09652868744575363,0.184,0.194,0.1869,0.186,0.0024474476501040857,0.8290000000000001,0.929,0.8551,0.8385,0.028551532358176507,0.126,0.136,0.12885,0.128,0.0026697378148425014,4.817,5.338,4.97325,4.8505,0.17424548057266798,0.317,0.334,0.32149999999999995,0.3195,0.004488875137492692,2.605,2.923,2.7184000000000004,2.6574999999999998,0.10202666318173889,0.063,0.065,0.06375,0.064,0.0005361902647381809,64,64,8192,24576,152064,True,4288,1
0.242,0.269,0.25595238095238093,0.254,0.006792686476583552,0.12,0.129,0.12530000000000002,0.125,0.002368543856465404,2.392,2.6670000000000003,2.50205,2.439,0.09173356801084324,0.179,0.189,0.18455,0.1845,0.002376446927663231,0.807,0.903,0.8559999999999999,0.838,0.029286515668477883,0.121,0.129,0.12605,0.126,0.0020609463845524967,4.6770000000000005,5.238,4.96345,4.849,0.16610583222752892,0.311,0.326,0.31905,0.318,0.0033387872049593127,2.123,2.386,2.2602500000000005,2.213,0.07518036645295094,0.065,0.066,0.0653,0.065,0.0004582575694955844,64,64,8192,24576,152064,True,4224,1
0.242,0.264,0.24947619047619046,0.247,0.006215334704384665,0.12,0.129,0.12355000000000001,0.123,0.0023973944189473726,2.521,2.806,2.6407000000000003,2.5725,0.09883729053348238,0.178,0.186,0.1815,0.18,0.0023345235059857527,0.807,0.918,0.8483,0.8215000000000001,0.03664710084031203,0.122,0.129,0.12414999999999998,0.1235,0.0022197972880423134,4.683,5.246,4.902849999999999,4.751,0.19937559404300223,0.307,0.321,0.31315000000000004,0.311,0.003677974986320601,2.124,2.36,2.2279000000000004,2.168,0.08183758305326465,0.063,0.065,0.064,0.064,0.0006324555320336764,64,64,8192,24576,152064,True,4160,1
0.23600000000000002,0.259,0.24466666666666662,0.244,0.006840588482992581,0.11900000000000001,0.126,0.12165000000000001,0.1215,0.002434645764787968,2.422,2.698,2.5252,2.502,0.08850570603074127,0.17400000000000002,0.181,0.17714999999999997,0.177,0.0021742814905158806,0.76,0.8190000000000001,0.7780499999999999,0.7655000000000001,0.021072434600681544,0.11900000000000001,0.127,0.12240000000000002,0.1225,0.0024779023386727736,4.605,5.0440000000000005,4.74225,4.6594999999999995,0.15729013796166633,0.303,0.315,0.3074,0.308,0.0038652296180175408,2.125,2.359,2.21,2.1905,0.07697467115876491,0.062,0.063,0.06259999999999999,0.063,0.0004898979485566361,64,64,8192,24576,152064,True,4096,1
0.23900000000000002,0.247,0.2428095238095238,0.243,0.0017076591501943897,0.12,0.122,0.12144999999999999,0.122,0.0006689544080129832,2.471,2.532,2.5052500000000006,2.504,0.01497956941971302,0.176,0.179,0.17755,0.178,0.0008645808232895299,0.764,0.772,0.7672000000000001,0.767,0.001777638883463119,0.121,0.123,0.12214999999999998,0.122,0.0004769696007084733,4.62,4.7250000000000005,4.69225,4.6945,0.019879323429131106,0.305,0.309,0.3079,0.308,0.0009949874371066208,2.1470000000000002,2.191,2.1858999999999993,2.19,0.012805858034508972,0.062,0.064,0.06275,0.063,0.0005361902647381809,64,64,8192,24576,152064,True,4096,1
0.232,0.254,0.24323809523809525,0.247,0.00836605819398929,0.117,0.125,0.12120000000000004,0.122,0.0028913664589601887,2.422,2.688,2.5490500000000003,2.5380000000000003,0.1070679573915558,0.171,0.18,0.1755,0.175,0.003309078421554849,0.76,0.8150000000000001,0.7829999999999999,0.77,0.022618576436195113,0.11800000000000001,0.126,0.1217,0.1215,0.002968164415931163,4.582,5.022,4.7642,4.677,0.18134100473968928,0.299,0.312,0.30435,0.304,0.004798697740012393,2.105,2.359,2.2115,2.182,0.10328383222944436,0.061,0.063,0.06169999999999999,0.062,0.0007141428428542856,64,64,8192,24576,152064,True,4064,1
0.23700000000000002,0.24,0.23852380952380958,0.23800000000000002,0.0010962728031639272,0.11900000000000001,0.122,0.1202,0.12,0.0005999999999999991,2.482,2.54,2.4960999999999998,2.4924999999999997,0.013953135848260054,0.17400000000000002,0.176,0.1748,0.17500000000000002,0.00074833147735478,0.761,0.768,0.7650500000000001,0.7655000000000001,0.0018296174463532005,0.12,0.122,0.12109999999999999,0.121,0.0006244997998398404,4.638,4.7,4.6583,4.6495,0.019005525512334656,0.302,0.305,0.30284999999999995,0.303,0.0007921489758877438,2.435,2.461,2.43865,2.436,0.007478469094674364,0.06,0.061,0.06059999999999999,0.061,0.0004898979485566361,64,64,8192,24576,152064,True,4032,1
0.226,0.249,0.23495238095238097,0.23600000000000002,0.006643838466516246,0.116,0.124,0.1193,0.12,0.0024919871588754182,2.362,2.722,2.5123000000000006,2.528,0.09933081092994257,0.169,0.177,0.17295,0.17400000000000002,0.0023124662159694316,0.755,0.8160000000000001,0.7732,0.7705,0.015695859326586754,0.117,0.125,0.12044999999999999,0.121,0.0022688102609076818,4.563,5.031,4.725350000000001,4.714,0.12649042453877685,0.295,0.308,0.30065000000000003,0.302,0.003745330426010504,2.319,2.653,2.46015,2.4615,0.09699653344321126,0.059000000000000004,0.061,0.060050000000000006,0.06,0.000668954408012981,64,64,8192,24576,152064,True,4000,1
0.231,0.254,0.23838095238095244,0.23600000000000002,0.006778651294961612,0.11800000000000001,0.125,0.1204,0.12,0.002289104628451916,2.451,2.748,2.5462499999999997,2.5015,0.0995333486827405,0.17,0.179,0.17304999999999998,0.17200000000000001,0.002459166525471579,0.768,0.856,0.7974,0.785,0.029945617375502522,0.117,0.126,0.12085000000000004,0.12,0.0027069355367278303,4.436,4.899,4.61795,4.527,0.17050409819121662,0.296,0.31,0.30105000000000004,0.3,0.0039048047326338898,2.145,2.36,2.22655,2.19,0.078828595699784,0.059000000000000004,0.061,0.05970000000000001,0.06,0.0005567764362829997,64,64,8192,24576,152064,True,3968,1
0.223,0.246,0.23485714285714288,0.23500000000000001,0.006104531605491852,0.112,0.12,0.11555000000000001,0.1155,0.0020850659461993043,2.384,2.686,2.5349500000000007,2.523,0.08445263465398814,0.166,0.176,0.17145,0.171,0.0021558061137310087,0.758,0.84,0.7978000000000001,0.791,0.02427879733429975,0.113,0.12,0.11635000000000002,0.1165,0.0018241436346954703,4.391,4.872,4.6119,4.571,0.14501824023204804,0.28800000000000003,0.301,0.29479999999999995,0.295,0.0031717503054307376,2.085,2.36,2.2233000000000005,2.212,0.0728389318977152,0.058,0.06,0.05870000000000001,0.059000000000000004,0.0005567764362830018,64,64,8192,24576,152064,True,3936,1
0.227,0.248,0.23352380952380952,0.231,0.006184612607639697,0.114,0.122,0.11600000000000003,0.115,0.0021679483388678785,2.45,2.744,2.546,2.4855,0.1022633854319326,0.168,0.176,0.17135,0.1705,0.0023296995514443483,0.767,0.867,0.8002,0.7795000000000001,0.03442324795832024,0.114,0.121,0.11680000000000001,0.116,0.002481934729198169,4.4590000000000005,4.933,4.614199999999999,4.4805,0.1831839512621126,0.291,0.303,0.29430000000000006,0.292,0.003348133808556644,2.1670000000000003,2.36,2.2272000000000007,2.1695,0.07951075398963334,0.057,0.059000000000000004,0.05845,0.0585,0.0005894913061275802,64,64,8192,24576,152064,True,3904,1
0.227,0.244,0.23285714285714285,0.231,0.004921146926767166,0.113,0.11800000000000001,0.1153,0.115,0.0014866068747318517,2.477,2.6870000000000003,2.5556499999999995,2.5345000000000004,0.06810159689757651,0.167,0.17300000000000001,0.16960000000000003,0.169,0.0018275666882497082,0.775,0.842,0.8005000000000001,0.7905,0.022905239575258758,0.113,0.12,0.11589999999999998,0.1155,0.0018947295321496405,4.469,4.873,4.60205,4.550000000000001,0.1303489451434111,0.28800000000000003,0.298,0.29114999999999996,0.2905,0.0025937424698685863,2.156,2.358,2.2317500000000003,2.214,0.06286403980019109,0.056,0.058,0.057450000000000015,0.0575,0.0005894913061275802,64,64,8192,24576,152064,True,3872,1
0.218,0.243,0.23090476190476195,0.231,0.006865405075308562,0.111,0.12,0.11535,0.1155,0.002495495942693556,2.14,2.3850000000000002,2.25985,2.2620000000000005,0.08037367417257965,0.163,0.17400000000000002,0.16875,0.169,0.002947456530637902,0.726,0.804,0.76475,0.759,0.02662869692643636,0.112,0.12,0.11565,0.115,0.0024753787588973125,4.292,4.743,4.4934,4.4399999999999995,0.15724197912771265,0.28300000000000003,0.299,0.2904999999999999,0.2895,0.004801041553663108,2.105,2.36,2.2398,2.2119999999999997,0.08603522534404145,0.058,0.06,0.058750000000000004,0.059000000000000004,0.00053619026473818,64,64,8192,24576,152064,True,3840,1
0.215,0.241,0.22723809523809524,0.226,0.008711813336497596,0.109,0.11900000000000001,0.11334999999999999,0.113,0.0031028212968200438,2.12,2.4170000000000003,2.2190000000000003,2.1715,0.09870967531098461,0.162,0.171,0.1662,0.166,0.003234192325759249,0.717,0.8190000000000001,0.7524500000000001,0.7375,0.03436200663523599,0.11,0.11900000000000001,0.11385000000000003,0.1135,0.0031348843678834495,4.25,4.796,4.4232499999999995,4.321,0.18233208028210499,0.28,0.294,0.2853,0.28400000000000003,0.004528796749689684,2.061,2.387,2.1982,2.1670000000000003,0.1105249293146121,0.057,0.06,0.058499999999999996,0.059000000000000004,0.0008062257748298552,64,64,8192,24576,152064,True,3808,1
0.217,0.23600000000000002,0.22504761904761914,0.225,0.0049615300105261394,0.11,0.117,0.11345000000000001,0.1135,0.0016575584454250791,2.1390000000000002,2.396,2.2182500000000003,2.2145,0.05917083318663004,0.162,0.17,0.16595000000000004,0.1655,0.0021089096708963155,0.725,0.8170000000000001,0.7528,0.751,0.020684777011125855,0.111,0.11900000000000001,0.11415000000000002,0.114,0.0017684739183827412,4.257,4.796,4.417999999999999,4.416,0.10916318060591683,0.28,0.291,0.2851000000000001,0.28400000000000003,0.0029816103031751117,2.122,2.34,2.1930999999999994,2.211,0.04461490782238595,0.057,0.059000000000000004,0.05790000000000001,0.058,0.0007000000000000008,64,64,8192,24576,152064,True,3776,1
0.214,0.23,0.22252380952380957,0.223,0.00542146569199079,0.109,0.115,0.11260000000000003,0.113,0.002083266665599968,2.121,2.34,2.21425,2.208,0.07633012183928442,0.16,0.166,0.1635,0.164,0.0018574175621006725,0.719,0.795,0.7543499999999999,0.7605,0.024067145655436606,0.109,0.116,0.11325000000000003,0.1135,0.0020706279240848675,4.23,4.632,4.4191,4.41,0.14542657941380585,0.277,0.28600000000000003,0.28175000000000006,0.28250000000000003,0.0028084693339967257,2.102,2.287,2.1917,2.188,0.06794564003672343,0.056,0.058,0.05665,0.057,0.0006538348415311016,64,64,8192,24576,152064,True,3744,1
0.214,0.234,0.2212857142857143,0.219,0.0064817902960661224,0.11,0.117,0.11225000000000003,0.111,0.0023637893307145645,2.129,2.375,2.2054,2.1580000000000004,0.08332850652687829,0.16,0.167,0.1619,0.161,0.0022561028345356973,0.725,0.806,0.74725,0.7304999999999999,0.027398676975357795,0.109,0.117,0.11245000000000002,0.112,0.002418160457868752,4.133,4.503,4.26135,4.15,0.1592605647986971,0.277,0.28800000000000003,0.281,0.279,0.0038470768123342724,2.122,2.359,2.2059499999999996,2.1445,0.08836994681451375,0.056,0.057,0.05665,0.057,0.0004769696007084732,64,64,8192,24576,152064,True,3712,1
0.20700000000000002,0.233,0.21961904761904766,0.217,0.007312586608204678,0.10400000000000001,0.113,0.10800000000000001,0.107,0.002529822128134704,2.103,2.4210000000000003,2.2204,2.169,0.09414637539491368,0.155,0.165,0.1587,0.158,0.002451530134426255,0.711,0.81,0.7524,0.7355,0.030726861212951796,0.10400000000000001,0.112,0.1083,0.108,0.0021000000000000003,4.096,4.636,4.28385,4.1875,0.17109157635605562,0.268,0.28300000000000003,0.27415000000000006,0.272,0.004292726406376259,2.061,2.3850000000000002,2.2091000000000003,2.166,0.0967801115932401,0.055,0.057,0.056100000000000004,0.056,0.0006244997998398403,64,64,8192,24576,152064,True,3680,1
0.211,0.23,0.21790476190476188,0.217,0.005126074910780153,0.105,0.112,0.1079,0.108,0.0019723082923316037,2.123,2.368,2.2216,2.1965000000000003,0.07260055096209667,0.155,0.162,0.15789999999999998,0.158,0.001786057109949177,0.721,0.8150000000000001,0.7522500000000001,0.742,0.026733639856929343,0.105,0.112,0.10815000000000001,0.108,0.0018513508581573634,4.113,4.492,4.2787,4.221500000000001,0.13963420068163812,0.269,0.28,0.27365,0.2735,0.00303768003581681,2.122,2.358,2.2183,2.188,0.08061023508215312,0.055,0.057,0.055400000000000005,0.055,0.0005830951894845306,64,64,8192,24576,152064,True,3648,1
0.20800000000000002,0.227,0.21428571428571427,0.213,0.004164965639175217,0.105,0.11,0.10695000000000002,0.107,0.001243985530462474,2.122,2.353,2.20405,2.1705,0.056861652279897756,0.153,0.16,0.15605,0.156,0.0014991664350564964,0.719,0.795,0.7475499999999999,0.7364999999999999,0.01968876583232176,0.105,0.11,0.10740000000000001,0.107,0.0011575836902790234,4.112,4.488,4.23605,4.179500000000001,0.09897296347993226,0.267,0.277,0.2711,0.271,0.0024269322199023217,2.123,2.358,2.1969000000000003,2.1670000000000003,0.055701795303203606,0.055,0.056,0.055600000000000004,0.056,0.0004898979485566361,64,64,8192,24576,152064,True,3616,1
0.216,0.223,0.219,0.219,0.0022466906880162776,0.107,0.11,0.10845,0.1085,0.0007399324293474377,2.259,2.359,2.30645,2.3125,0.037373085235233104,0.156,0.158,0.1568,0.157,0.0008124038404635969,0.686,0.712,0.6988000000000001,0.6995,0.009872183142547508,0.108,0.11,0.10880000000000001,0.109,0.0006782329983125273,4.2010000000000005,4.36,4.279100000000001,4.2795000000000005,0.06187317674081397,0.271,0.275,0.2729,0.273,0.0011357816691600557,1.957,2.044,2.0014000000000003,2.01,0.03575667769801892,0.054,0.055,0.054700000000000006,0.055,0.0004582575694955844,64,64,8192,24576,152064,True,3584,1
0.20600000000000002,0.221,0.21166666666666667,0.211,0.0037712361663282514,0.10400000000000001,0.109,0.10605,0.106,0.001243985530462473,2.14,2.34,2.21625,2.2,0.056044513558420654,0.151,0.156,0.15345000000000003,0.153,0.0013592277219068199,0.667,0.711,0.6813,0.675,0.013953852514628332,0.10400000000000001,0.109,0.10640000000000001,0.106,0.0014966629547095757,3.997,4.357,4.1377500000000005,4.0975,0.11246771759042686,0.263,0.271,0.26605,0.265,0.0022688102609076874,2.1270000000000002,2.315,2.1985,2.173,0.059167981206054286,0.052000000000000005,0.053,0.052400000000000016,0.052000000000000005,0.0004898979485566326,64,64,8192,24576,152064,True,3552,1
0.2,0.222,0.20938095238095245,0.20700000000000002,0.006938341989925325,0.10300000000000001,0.109,0.10575000000000001,0.106,0.0023848480035423597,1.985,2.18,2.0756500000000004,2.0625,0.0775959245063811,0.149,0.157,0.15214999999999998,0.152,0.002535251466817446,0.674,0.75,0.7063500000000001,0.7025,0.02835008818328434,0.10300000000000001,0.111,0.10625000000000002,0.1065,0.002426417111710183,3.964,4.345,4.1228,4.084,0.15092004505697706,0.26,0.27,0.26430000000000003,0.264,0.003148015247739442,2.086,2.314,2.18655,2.194,0.0866512983168747,0.052000000000000005,0.053,0.052400000000000016,0.052000000000000005,0.0004898979485566326,64,64,8192,24576,152064,True,3520,1
0.197,0.215,0.20638095238095241,0.20700000000000002,0.0042703428040848255,0.10200000000000001,0.108,0.10490000000000002,0.105,0.001410673597966585,1.971,2.196,2.0488,2.028,0.05281912532407176,0.147,0.153,0.15044999999999997,0.1505,0.0013592277219068199,0.667,0.742,0.6945500000000001,0.6880000000000001,0.017898254104800254,0.10200000000000001,0.109,0.10510000000000001,0.105,0.001545962483374028,3.9450000000000003,4.347,4.0786500000000006,4.0360000000000005,0.09691969614067109,0.258,0.267,0.26215000000000005,0.262,0.002031624965391006,2.0460000000000003,2.285,2.1707500000000004,2.149,0.0536925274130395,0.051000000000000004,0.053,0.052050000000000006,0.052000000000000005,0.0005894913061275782,64,64,8192,24576,152064,True,3488,1
0.193,0.214,0.20538095238095241,0.20500000000000002,0.004530070854866772,0.1,0.108,0.10475000000000001,0.105,0.0017284386017443576,1.973,2.19,2.05295,2.052,0.04183117856336345,0.145,0.152,0.14999999999999997,0.15,0.0015491933384829684,0.668,0.747,0.6975,0.6990000000000001,0.015483862567202009,0.101,0.108,0.10520000000000003,0.1055,0.0016911534525287735,3.84,4.091,3.9308499999999995,3.9125,0.05626568670157686,0.255,0.266,0.26205,0.262,0.0022688102609076874,1.7910000000000001,1.937,1.9031499999999997,1.899,0.031273431215650106,0.051000000000000004,0.053,0.052400000000000016,0.052000000000000005,0.0005830951894845273,64,64,8192,24576,152064,True,3456,1
0.193,0.215,0.2017142857142857,0.198,0.006908537555551285,0.097,0.105,0.09985000000000001,0.0985,0.002515452245621054,1.964,2.2680000000000002,2.06125,1.997,0.0943747185426267,0.14400000000000002,0.153,0.1478,0.146,0.0026944387170614943,0.664,0.761,0.70045,0.681,0.03162510869546535,0.097,0.105,0.10005000000000001,0.099,0.0023764469276632296,3.8160000000000003,4.297,3.96925,3.8760000000000003,0.15850201102825154,0.249,0.263,0.2545,0.2535,0.004260281680828162,2.027,2.375,2.1805,2.153,0.10761342853008633,0.05,0.052000000000000005,0.05060000000000001,0.0505,0.0006633249580710804,64,64,8192,24576,152064,True,3424,1
0.191,0.22,0.2023333333333333,0.202,0.006791684925479399,0.097,0.107,0.10060000000000002,0.1,0.0024779023386727727,1.964,2.3040000000000003,2.09,2.0564999999999998,0.0980306074652198,0.14400000000000002,0.154,0.14784999999999998,0.148,0.0024753787588973107,0.666,0.78,0.7099,0.7005000000000001,0.03309969788381759,0.097,0.106,0.10095000000000001,0.1005,0.0021788758569500927,3.815,4.437,4.008,3.939,0.17822205250753909,0.247,0.266,0.25434999999999997,0.253,0.00491197516280366,2.05,2.448,2.2107,2.168,0.10535848328445124,0.05,0.052000000000000005,0.05045000000000001,0.05,0.0005894913061275802,64,64,8192,24576,152064,True,3392,1
0.19,0.212,0.19933333333333333,0.199,0.00498887651569859,0.096,0.10400000000000001,0.10015,0.1,0.0016209565077447343,1.97,2.178,2.08535,2.076,0.05210880443840559,0.14300000000000002,0.151,0.14669999999999997,0.147,0.001646207763315428,0.665,0.769,0.7068,0.7025,0.023523605165875382,0.097,0.10400000000000001,0.10035000000000001,0.101,0.001589811309558466,3.789,4.337,3.9985500000000007,3.989,0.12361127578016493,0.247,0.261,0.2531,0.2535,0.0029816103031751174,2.068,2.374,2.1979,2.194,0.06869927219410699,0.049,0.051000000000000004,0.05010000000000001,0.05,0.0005385164807134509,64,64,8192,24576,152064,True,3360,1
0.198,0.217,0.20752380952380955,0.209,0.006987192689342727,0.099,0.106,0.10270000000000001,0.10250000000000001,0.002551470164434612,1.9160000000000001,2.157,2.03125,2.0155,0.09650433928067696,0.145,0.153,0.14884999999999998,0.149,0.0024954959426935585,0.652,0.731,0.6906,0.6755,0.02958614540625389,0.099,0.107,0.10280000000000003,0.10200000000000001,0.002561249694973136,3.826,4.0760000000000005,3.928000000000001,3.8680000000000003,0.09830259406546703,0.251,0.264,0.25775,0.2565,0.004763139720814417,1.915,2.161,2.03165,2.011,0.10168887598946116,0.05,0.052000000000000005,0.05060000000000001,0.051000000000000004,0.0005830951894845306,64,64,8192,24576,152064,True,3328,1
0.195,0.201,0.1979047619047619,0.198,0.0013058389715049621,0.098,0.1,0.09880000000000001,0.099,0.0006782329983125273,1.919,1.987,1.9490500000000002,1.9505,0.016569474946418795,0.14300000000000002,0.145,0.14390000000000003,0.14400000000000002,0.0006244997998398331,0.651,0.675,0.6632500000000002,0.6625000000000001,0.006048760203545853,0.098,0.1,0.09915000000000003,0.099,0.0005722761571129803,3.794,3.9170000000000003,3.86015,3.8665000000000003,0.03480413050199644,0.246,0.25,0.24794999999999998,0.248,0.0009205976319760993,1.9160000000000001,1.977,1.9446500000000004,1.956,0.017150145771975243,0.049,0.051000000000000004,0.04985000000000001,0.05,0.0005722761571129803,64,64,8192,24576,152064,True,3296,1
0.188,0.20800000000000002,0.19580952380952385,0.196,0.004594189369597085,0.096,0.10300000000000001,0.09840000000000002,0.0985,0.0017720045146669367,1.849,2.077,1.9392500000000001,1.9415,0.06592941301118947,0.14,0.148,0.14310000000000003,0.14300000000000002,0.001868154169226934,0.629,0.715,0.66075,0.659,0.024324627438051336,0.096,0.10400000000000001,0.09915000000000002,0.099,0.002104162541250083,3.72,4.168,3.8635000000000006,3.7880000000000003,0.14349477342398223,0.242,0.253,0.24584999999999999,0.2455,0.0027977669667075588,1.839,2.068,1.9309,1.9160000000000001,0.06798595443177952,0.049,0.05,0.04960000000000001,0.05,0.0004898979485566361,64,64,8192,24576,152064,True,3264,1
0.184,0.197,0.19152380952380954,0.193,0.004305246496112654,0.095,0.1,0.09765000000000001,0.098,0.001589811309558466,1.838,2.0180000000000002,1.9370000000000005,1.959,0.05600267850737141,0.139,0.14400000000000002,0.14135,0.14200000000000002,0.001768473918382741,0.626,0.6880000000000001,0.66015,0.6655,0.02003316001034287,0.095,0.101,0.09834999999999999,0.099,0.0017109938632268687,3.714,3.951,3.8480000000000003,3.8895,0.08895223437328602,0.24,0.246,0.24375,0.245,0.0018940696924875826,1.823,1.982,1.92585,1.957,0.05252549381014899,0.049,0.05,0.04950000000000001,0.0495,0.0005000000000000004,64,64,8192,24576,152064,True,3232,1
0.188,0.195,0.1910952380952381,0.191,0.0018747637795266231,0.097,0.099,0.09755000000000003,0.097,0.0006689544080129831,1.9140000000000001,1.989,1.9477,1.9344999999999999,0.027629875135439907,0.138,0.14200000000000002,0.14020000000000002,0.14,0.001029563014098701,0.65,0.679,0.6621,0.6585000000000001,0.00943345111822816,0.097,0.1,0.09815,0.098,0.0008529361054615997,3.645,3.781,3.7132000000000005,3.7030000000000003,0.05186964430184577,0.242,0.244,0.24284999999999995,0.243,0.0008529361054615998,1.915,1.959,1.9373999999999998,1.9455,0.020441134997841972,0.048,0.05,0.04880000000000001,0.049,0.000509901951359279,64,64,8192,24576,152064,True,3200,1
0.178,0.201,0.18761904761904763,0.187,0.005018785571906823,0.089,0.097,0.09275,0.093,0.001813146436446876,1.826,2.084,1.9181500000000002,1.8965,0.06665753895847043,0.133,0.14100000000000001,0.13625000000000004,0.136,0.0021880356487041083,0.618,0.709,0.6535500000000001,0.6455,0.024412035965891903,0.09,0.098,0.09305000000000001,0.0925,0.002085065946199306,3.545,3.967,3.6560500000000005,3.6029999999999998,0.12546213572229672,0.231,0.245,0.23665000000000003,0.23600000000000002,0.003198046278589471,1.788,2.088,1.9126,1.8960000000000001,0.07740310071308512,0.048,0.049,0.04825000000000001,0.048,0.0004330127018922198,64,64,8192,24576,152064,True,3168,1
0.179,0.195,0.18857142857142856,0.188,0.0041239304942116166,0.09,0.095,0.09295,0.093,0.0013955285736952875,1.839,2.0340000000000003,1.93575,1.915,0.058311984188501115,0.132,0.137,0.1351,0.135,0.0014106735979665897,0.625,0.6900000000000001,0.65715,0.6505000000000001,0.020033160010342867,0.09,0.095,0.09290000000000001,0.093,0.0014456832294800972,3.547,3.882,3.6816000000000004,3.6435,0.10761802822947465,0.23,0.23800000000000002,0.2352,0.23500000000000001,0.002088061301782112,1.826,2.0260000000000002,1.9190000000000005,1.9005,0.05780484408767142,0.045,0.047,0.04615000000000001,0.046,0.0004769696007084733,64,64,8192,24576,152064,True,3136,1
0.18,0.197,0.1869047619047619,0.187,0.0052454493829437515,0.089,0.095,0.09220000000000002,0.092,0.0018055470085267804,1.824,2.054,1.9393500000000004,1.9000000000000001,0.07334117192955125,0.13,0.137,0.13359999999999997,0.1335,0.0019849433241279223,0.62,0.6950000000000001,0.6587000000000002,0.645,0.023443762496664244,0.09,0.096,0.09295,0.092,0.0019868316486305543,3.513,3.9090000000000003,3.68725,3.6195000000000004,0.13034219385908774,0.228,0.23900000000000002,0.2332,0.232,0.0032496153618543867,1.808,2.048,1.9167999999999998,1.8815,0.07406726672424198,0.045,0.047,0.045500000000000006,0.045,0.0005916079783099621,64,64,8192,24576,152064,True,3104,1
0.17500000000000002,0.193,0.18423809523809526,0.183,0.004471121750211621,0.089,0.096,0.09255000000000002,0.092,0.0016575584454250791,1.816,2.056,1.9279499999999998,1.889,0.06752294054615812,0.13,0.138,0.1336,0.133,0.001959591794226544,0.5740000000000001,0.625,0.5903,0.5794999999999999,0.01703555106241062,0.089,0.096,0.09275000000000001,0.0925,0.001813146436446876,3.4050000000000002,3.8120000000000003,3.56565,3.479,0.12899894379412571,0.227,0.23900000000000002,0.2327,0.232,0.003132091952673168,1.564,1.772,1.661,1.6280000000000001,0.06132291578194892,0.046,0.047,0.04650000000000001,0.0465,0.0005000000000000006,64,64,8192,24576,152064,True,3072,1
0.17300000000000001,0.19,0.17904761904761907,0.177,0.004755710256665291,0.088,0.095,0.09040000000000001,0.089,0.0018000000000000017,1.814,2.053,1.8954500000000003,1.833,0.07715016202186482,0.128,0.135,0.1308,0.1295,0.0021118712081942895,0.5700000000000001,0.618,0.5843499999999999,0.5730000000000001,0.01581541969092186,0.089,0.095,0.091,0.09,0.00202484567313166,3.386,3.766,3.5116499999999995,3.395,0.1387145540309307,0.224,0.23500000000000001,0.2284,0.2265,0.0032619012860600214,1.68,1.9020000000000001,1.75895,1.711,0.07438445738190205,0.044,0.045,0.04445,0.044,0.0004974937185533104,64,64,8192,24576,152064,True,3040,1
0.171,0.185,0.18000000000000002,0.18,0.0035321651258386055,0.088,0.093,0.09090000000000001,0.091,0.0011789826122551605,1.814,2.013,1.9116500000000003,1.9055,0.05512284009373973,0.127,0.133,0.13065,0.131,0.0015898113095584659,0.579,0.649,0.6104999999999999,0.603,0.019221082175569632,0.089,0.094,0.09169999999999999,0.092,0.0012688577540449534,3.391,3.717,3.5273499999999998,3.496,0.09918884765940167,0.223,0.229,0.2272,0.227,0.0015684387141358135,1.679,1.863,1.7704999999999997,1.7650000000000001,0.04700904168348893,0.043000000000000003,0.045,0.04415000000000001,0.044,0.000572276157112979,64,64,8192,24576,152064,True,3008,1
0.176,0.18,0.1780952380952381,0.178,0.0011914281907806491,0.089,0.091,0.09,0.09,0.0005477225575051667,1.8880000000000001,1.927,1.9061499999999998,1.9075000000000002,0.011996978786344484,0.128,0.13,0.1287,0.1285,0.0007810249675906662,0.599,0.61,0.6053499999999999,0.606,0.0036093628246547924,0.09,0.092,0.09075,0.091,0.0005361902647381809,3.465,3.5380000000000003,3.5052,3.5075000000000003,0.021611570974827375,0.224,0.225,0.22444999999999998,0.224,0.0004974937185533104,1.748,1.7850000000000001,1.7646000000000002,1.766,0.010081666528902869,0.043000000000000003,0.044,0.0432,0.043000000000000003,0.0003999999999999976,64,64,8192,24576,152064,True,2976,1
0.181,0.188,0.18452380952380953,0.185,0.0018157786633273938,0.092,0.095,0.09305,0.093,0.0007399324293474377,1.823,1.857,1.83815,1.84,0.007894776754285081,0.128,0.131,0.12965,0.13,0.0009630680142129119,0.61,0.627,0.61805,0.617,0.004737879272417147,0.093,0.095,0.09365000000000001,0.094,0.0005722761571129803,3.5540000000000003,3.6830000000000003,3.6077500000000007,3.612,0.030365893696711787,0.226,0.23,0.22825,0.2285,0.0011346805717910226,1.732,1.78,1.7502000000000002,1.7510000000000001,0.01112474718813871,0.044,0.045,0.0442,0.044,0.0004000000000000003,64,64,8192,24576,152064,True,2944,1
0.176,0.183,0.17861904761904762,0.179,0.0018638462657886614,0.09,0.092,0.09085,0.091,0.000726291952316698,1.8,1.847,1.8197499999999998,1.8105,0.01800520758003085,0.126,0.128,0.12720000000000004,0.127,0.0008124038404635968,0.624,0.656,0.6374000000000001,0.6365000000000001,0.009630160954002803,0.09,0.093,0.09160000000000001,0.0915,0.0008000000000000007,3.466,3.609,3.5379000000000005,3.5465,0.04867843465026376,0.223,0.226,0.22430000000000003,0.2245,0.001100000000000001,1.822,1.8840000000000001,1.8484000000000003,1.842,0.026117810015389903,0.042,0.043000000000000003,0.04250000000000001,0.0425,0.0005000000000000004,64,64,8192,24576,152064,True,2912,1
0.17300000000000001,0.181,0.17771428571428569,0.178,0.0018032472598820445,0.08600000000000001,0.088,0.08725000000000001,0.08700000000000001,0.0006982120021884417,1.81,1.842,1.8320999999999998,1.837,0.011026785569693479,0.125,0.127,0.12645,0.127,0.0006689544080129831,0.63,0.648,0.64115,0.642,0.00453072841825683,0.08700000000000001,0.089,0.08765,0.088,0.000572276157112974,3.501,3.593,3.5656,3.5780000000000003,0.030532605522621232,0.217,0.22,0.21869999999999998,0.219,0.0011445523142259606,1.841,1.883,1.87245,1.881,0.016110477956907444,0.041,0.043000000000000003,0.04215000000000001,0.042,0.00047696960070847325,64,64,8192,24576,152064,True,2880,1
0.171,0.176,0.17438095238095236,0.17400000000000002,0.0011741740958036084,0.08600000000000001,0.08700000000000001,0.08615000000000002,0.08600000000000001,0.00035707142142714273,1.815,1.836,1.823,1.822,0.005735852159880027,0.124,0.126,0.12455000000000002,0.1245,0.0005894913061275802,0.624,0.645,0.6306,0.629,0.00601165534607566,0.08600000000000001,0.088,0.087,0.08700000000000001,0.0005477225575051629,3.466,3.561,3.49125,3.4844999999999997,0.02590149609578566,0.216,0.217,0.21605000000000002,0.216,0.00021794494717703385,1.821,1.844,1.82805,1.8225,0.008662996017544979,0.041,0.043000000000000003,0.04180000000000001,0.042,0.0006782329983125273,64,64,8192,24576,152064,True,2848,1
0.171,0.18,0.17676190476190476,0.177,0.0018999940326914215,0.08600000000000001,0.088,0.08714999999999999,0.08700000000000001,0.0006538348415310962,1.618,1.676,1.6480000000000004,1.6430000000000002,0.014422205101855925,0.125,0.128,0.12649999999999997,0.127,0.0007416198487095669,0.581,0.619,0.60095,0.6014999999999999,0.008668765771434833,0.08600000000000001,0.089,0.08805,0.088,0.0008046738469715503,3.341,3.556,3.4688000000000003,3.4770000000000003,0.04377739142525511,0.213,0.219,0.21680000000000002,0.217,0.001363818169698587,1.687,1.793,1.7524000000000002,1.752,0.019492049661336257,0.042,0.043000000000000003,0.04235000000000001,0.042,0.0004769696007084732,64,64,8192,24576,152064,True,2816,1
0.169,0.17400000000000002,0.1714761904761905,0.17200000000000001,0.0014013275209106832,0.085,0.08700000000000001,0.08595000000000001,0.08600000000000001,0.0006689544080129832,1.608,1.6540000000000001,1.6246000000000003,1.6179999999999999,0.01476956329753864,0.124,0.126,0.12450000000000001,0.124,0.0005916079783099622,0.58,0.601,0.5893499999999999,0.5874999999999999,0.006142271566773979,0.085,0.08700000000000001,0.08610000000000001,0.08600000000000001,0.0006244997998398404,3.329,3.479,3.39465,3.383,0.04498585888921095,0.212,0.216,0.21405000000000002,0.214,0.001243985530462474,1.695,1.77,1.7222000000000002,1.713,0.025396062686959958,0.042,0.043000000000000003,0.04220000000000001,0.042,0.0004000000000000003,64,64,8192,24576,152064,True,2784,1
0.169,0.17500000000000002,0.1718095238095238,0.17200000000000001,0.001650946268891403,0.085,0.08700000000000001,0.08585000000000001,0.08600000000000001,0.0006538348415311016,1.624,1.67,1.6390999999999998,1.637,0.011286717857729934,0.122,0.125,0.12355000000000002,0.123,0.0008046738469715546,0.589,0.618,0.5952,0.593,0.006313477647065844,0.085,0.088,0.08625000000000001,0.08600000000000001,0.000698212002188446,3.3970000000000002,3.5100000000000002,3.4423000000000004,3.4305000000000003,0.03281173570538446,0.209,0.214,0.21135,0.211,0.0011079259903080177,1.731,1.772,1.7492,1.75,0.012375782803524,0.041,0.042,0.041400000000000006,0.041,0.000489897948556636,64,64,8192,24576,152064,True,2752,1
0.166,0.17200000000000001,0.1683809523809524,0.168,0.0016468206157895806,0.084,0.08600000000000001,0.08535000000000001,0.085,0.0005722761571129803,1.608,1.6580000000000001,1.6348000000000003,1.6405,0.017588632692736552,0.121,0.123,0.12194999999999998,0.122,0.0008046738469715548,0.579,0.605,0.59485,0.597,0.008113414817448946,0.084,0.08600000000000001,0.0854,0.0855,0.0006633249580710807,3.353,3.505,3.43035,3.4305000000000003,0.044341036298219255,0.20800000000000002,0.211,0.20925000000000002,0.209,0.0007664854858377884,1.695,1.7710000000000001,1.73755,1.751,0.026392186343688923,0.04,0.042,0.04110000000000001,0.041,0.00043588989435406776,64,64,8192,24576,152064,True,2720,1
0.163,0.17,0.16680952380952382,0.167,0.001789361355052948,0.084,0.085,0.08454999999999999,0.085,0.0004974937185533104,1.611,1.645,1.6284500000000002,1.6300000000000001,0.009058007507172866,0.11900000000000001,0.121,0.11980000000000002,0.12,0.000599999999999995,0.5750000000000001,0.599,0.5896,0.5914999999999999,0.0059025418253494735,0.084,0.08600000000000001,0.0846,0.085,0.0005830951894845307,3.1470000000000002,3.291,3.2416999999999994,3.248,0.03866406600449569,0.20600000000000002,0.209,0.20755000000000004,0.20800000000000002,0.0006689544080129802,1.678,1.7510000000000001,1.7293000000000003,1.732,0.020124860247961993,0.04,0.041,0.04035000000000001,0.04,0.0004769696007084732,64,64,8192,24576,152064,True,2688,1
0.162,0.167,0.16442857142857145,0.164,0.001217782081194708,0.083,0.085,0.08380000000000001,0.084,0.000509901951359279,1.604,1.6640000000000001,1.62395,1.6195,0.014008836497011465,0.117,0.12,0.1179,0.11800000000000001,0.0006999999999999985,0.579,0.613,0.5881000000000001,0.5854999999999999,0.008745856161634499,0.083,0.085,0.08420000000000001,0.084,0.0005099019513592789,3.181,3.327,3.21755,3.1985,0.042278215430644625,0.20500000000000002,0.20700000000000002,0.2056,0.20550000000000002,0.0006633249580710806,1.684,1.739,1.6949499999999997,1.6855,0.016178612425050552,0.038,0.04,0.038700000000000005,0.039,0.0007141428428542856,64,64,8192,24576,152064,True,2656,1
0.16,0.166,0.1634761904761905,0.164,0.001917812434819265,0.078,0.081,0.07945,0.0795,0.0007399324293474377,1.614,1.643,1.6286999999999998,1.631,0.009864583113340354,0.113,0.115,0.11400000000000002,0.114,0.0008366600265340763,0.582,0.601,0.5908,0.594,0.0052019227214559855,0.078,0.081,0.0796,0.08,0.0007348469228349541,3.211,3.289,3.2516499999999993,3.281,0.03564866757678332,0.197,0.201,0.19915,0.1995,0.0011521718621802922,1.699,1.738,1.7206000000000004,1.737,0.018540226535832868,0.038,0.039,0.038200000000000005,0.038,0.0004000000000000003,64,64,8192,24576,152064,True,2624,1
0.155,0.161,0.15866666666666665,0.159,0.0018856180831641287,0.077,0.079,0.07844999999999999,0.079,0.0007399324293474377,1.623,1.659,1.6367999999999998,1.6360000000000001,0.009378699270154679,0.11,0.113,0.11155,0.1115,0.0008645808232895299,0.5630000000000001,0.597,0.5786,0.582,0.009794896630388666,0.077,0.08,0.07865,0.079,0.0009630680142129119,3.113,3.283,3.1775,3.182,0.05410129388471224,0.194,0.199,0.19615,0.196,0.0012757350822173085,1.6460000000000001,1.738,1.6866500000000002,1.6905000000000001,0.030126856789250332,0.037,0.038,0.03755000000000001,0.038,0.0004974937185533104,64,64,8192,24576,152064,True,2592,1
0.155,0.162,0.15761904761904763,0.157,0.0021707183466745696,0.078,0.08,0.0786,0.078,0.0007348469228349541,1.5090000000000001,1.591,1.54845,1.544,0.024005155696224894,0.111,0.114,0.11234999999999999,0.112,0.0010136567466356656,0.496,0.522,0.508,0.506,0.00822800097228969,0.077,0.081,0.07905000000000001,0.079,0.0009733961166965902,3.0,3.181,3.08515,3.0665000000000004,0.057029181126858196,0.194,0.198,0.19634999999999997,0.196,0.0014585952145814837,1.4000000000000001,1.462,1.4349999999999998,1.43,0.025806975801127865,0.037,0.039,0.03830000000000001,0.038,0.0005567764362830027,64,64,8192,24576,152064,True,2560,1
0.153,0.161,0.15619047619047619,0.156,0.002259773431943749,0.077,0.079,0.078,0.078,0.0006324555320336765,1.512,1.581,1.5370000000000001,1.5285000000000002,0.019465353837009973,0.109,0.112,0.11055000000000001,0.1105,0.0007399324293474377,0.498,0.518,0.5044500000000001,0.5035000000000001,0.004821566135603663,0.078,0.08,0.0784,0.078,0.0005830951894845307,3.0100000000000002,3.129,3.0561,3.0535,0.0336643728591518,0.193,0.197,0.1941,0.194,0.0010908712114635723,1.542,1.612,1.55915,1.5539999999999998,0.02124211618459897,0.036000000000000004,0.038,0.03675000000000001,0.037,0.0006982120021884448,64,64,8192,24576,152064,True,2528,1
0.151,0.16,0.1550952380952381,0.155,0.002758618734849572,0.076,0.079,0.0777,0.078,0.0009000000000000007,1.5090000000000001,1.624,1.5566,1.5505,0.03232398490285504,0.108,0.111,0.10965,0.11,0.0009096702699330133,0.53,0.5680000000000001,0.5441999999999999,0.543,0.011509126813099256,0.077,0.08,0.078,0.078,0.0008944271909999167,3.001,3.225,3.0987,3.1055,0.06282443792028707,0.189,0.194,0.1917,0.1915,0.001452583904633396,1.526,1.611,1.5736500000000002,1.577,0.030984310545823002,0.036000000000000004,0.037,0.03625000000000001,0.036000000000000004,0.00043301270189221675,64,64,8192,24576,152064,True,2496,1
0.14400000000000002,0.152,0.147,0.146,0.002672612419124242,0.074,0.077,0.07555,0.076,0.0009205976319760993,1.428,1.542,1.47645,1.471,0.040988382500411064,0.105,0.108,0.1065,0.106,0.0010246950765959606,0.501,0.537,0.5163,0.5135000000000001,0.013642213896578529,0.074,0.078,0.07604999999999999,0.076,0.001023474474522937,2.846,3.077,2.9356,2.9145000000000003,0.080246744482253,0.186,0.19,0.1873,0.187,0.0011874342087037928,1.464,1.559,1.5045000000000002,1.4945,0.03459696518482506,0.035,0.036000000000000004,0.03540000000000001,0.035,0.000489897948556636,64,64,8192,24576,152064,True,2464,1
0.14400000000000002,0.154,0.14914285714285713,0.15,0.002455037858028614,0.075,0.078,0.07685,0.077,0.0008529361054615998,1.475,1.572,1.5372000000000001,1.553,0.02852647892748069,0.105,0.108,0.10700000000000001,0.107,0.0010000000000000009,0.496,0.516,0.50705,0.512,0.0069099565845235295,0.075,0.078,0.07694999999999999,0.077,0.0008645808232895299,2.806,2.955,2.9090999999999996,2.9450000000000003,0.053047054583643,0.186,0.19,0.18814999999999998,0.189,0.0011947803145348531,1.371,1.46,1.4355,1.452,0.029827001190196746,0.035,0.037,0.03590000000000001,0.036000000000000004,0.0005385164807134495,64,64,8192,24576,152064,True,2432,1
0.14400000000000002,0.147,0.14495238095238094,0.145,0.0009499970163457047,0.075,0.076,0.07525,0.075,0.0004330127018922198,1.491,1.542,1.5013000000000003,1.497,0.011278741064498292,0.10400000000000001,0.106,0.1046,0.105,0.0005830951894845243,0.521,0.538,0.5248999999999999,0.5245,0.003519943181359612,0.075,0.076,0.07565,0.076,0.0004769696007084732,2.827,2.934,2.8444,2.838,0.022586279020679816,0.184,0.187,0.1852,0.185,0.0006000000000000005,1.526,1.549,1.5277,1.5270000000000001,0.004920365840056991,0.034,0.035,0.034350000000000006,0.034,0.00047696960070847314,64,64,8192,24576,152064,True,2400,1
0.14,0.15,0.14590476190476193,0.147,0.0033224311509547355,0.069,0.073,0.07110000000000001,0.07150000000000001,0.0012206555615733694,1.452,1.599,1.53115,1.5435,0.052603493230012774,0.10300000000000001,0.106,0.10420000000000003,0.10450000000000001,0.0009797958971132657,0.508,0.552,0.53285,0.538,0.01615015479801975,0.07,0.073,0.07155,0.07150000000000001,0.001160818676624386,2.761,3.0060000000000002,2.8968,2.9115,0.09767067113519803,0.176,0.181,0.1786,0.178,0.002083266665599968,1.479,1.594,1.5447000000000002,1.55,0.04868172141574287,0.034,0.035,0.03415000000000001,0.034,0.00035707142142714284,64,64,8192,24576,152064,True,2368,1
0.139,0.14400000000000002,0.1410952380952381,0.14100000000000001,0.001411003084764673,0.07,0.07200000000000001,0.07050000000000002,0.07,0.0005916079783099622,1.487,1.562,1.5070999999999999,1.506,0.01826992063474825,0.10200000000000001,0.10400000000000001,0.10260000000000002,0.10250000000000001,0.0006633249580710806,0.519,0.545,0.5272,0.5275000000000001,0.006431174076325416,0.07,0.073,0.07139999999999999,0.07100000000000001,0.0007348469228349511,2.824,2.957,2.8573,2.858,0.03525918320097619,0.17500000000000002,0.178,0.1763,0.176,0.0007810249675906614,1.5250000000000001,1.594,1.5401500000000001,1.542,0.0193862709152637,0.033,0.034,0.033150000000000006,0.033,0.00035707142142714284,64,64,8192,24576,152064,True,2336,1
0.133,0.14200000000000002,0.1366666666666667,0.136,0.002377139804637847,0.068,0.07100000000000001,0.06885,0.069,0.0009096702699330135,1.377,1.48,1.41295,1.4065,0.028355731343063593,0.098,0.10200000000000001,0.09995000000000001,0.1,0.0009733961166965901,0.456,0.484,0.46545000000000003,0.463,0.008224810028201255,0.068,0.07,0.06915,0.069,0.0005722761571129804,2.564,2.74,2.6148499999999997,2.5975,0.049615798895110065,0.171,0.17500000000000002,0.17285,0.17250000000000001,0.0011521718621802922,1.328,1.401,1.3502000000000003,1.342,0.020679941972839306,0.033,0.035,0.03395000000000001,0.034,0.00038405728739343076,64,64,8192,24576,152064,True,2304,1
0.132,0.14100000000000001,0.13552380952380952,0.135,0.002362787853343864,0.067,0.07,0.06860000000000001,0.0685,0.0008000000000000007,1.375,1.477,1.4113000000000002,1.4085,0.025248960374637197,0.098,0.101,0.099,0.099,0.0008366600265340764,0.455,0.485,0.46445,0.464,0.007787650480087038,0.068,0.07100000000000001,0.06945,0.069,0.0008046738469715548,2.557,2.745,2.6164,2.609,0.04575631104011775,0.17,0.17500000000000002,0.17175,0.17200000000000001,0.0014097872179871698,1.329,1.415,1.35815,1.356,0.02234563715806733,0.033,0.034,0.03325000000000001,0.033,0.0004330127018922198,64,64,8192,24576,152064,True,2272,1
0.131,0.138,0.13561904761904767,0.136,0.0019389783877621285,0.068,0.07,0.06895,0.069,0.0006689544080129831,1.401,1.491,1.4515,1.463,0.028123833309134805,0.098,0.1,0.099,0.099,0.0007071067811865482,0.462,0.49,0.47830000000000006,0.481,0.009402659198333189,0.068,0.07100000000000001,0.06945000000000001,0.07,0.0009205976319760995,2.607,2.769,2.69665,2.7155,0.0512701423832624,0.169,0.17200000000000001,0.17065,0.171,0.0009096702699330133,1.345,1.418,1.3816000000000002,1.3885,0.0218389560190042,0.032,0.033,0.03225000000000001,0.032,0.0004330127018922197,64,64,8192,24576,152064,True,2240,1
0.128,0.134,0.130952380952381,0.131,0.0017855555485002564,0.067,0.069,0.06770000000000001,0.0675,0.0007810249675906662,1.3820000000000001,1.463,1.4099499999999998,1.3995000000000002,0.026503726153127967,0.096,0.098,0.09710000000000002,0.097,0.0007000000000000008,0.456,0.481,0.46465000000000006,0.4615,0.008638720970143673,0.067,0.069,0.0682,0.068,0.0007483314773547889,2.578,2.7,2.624,2.604,0.04729164831130341,0.166,0.169,0.16755000000000003,0.167,0.0008046738469715547,1.331,1.389,1.3517500000000002,1.339,0.022984505650546456,0.031,0.032,0.03150000000000001,0.0315,0.0005000000000000004,64,64,8192,24576,152064,True,2208,1
0.132,0.137,0.13433333333333333,0.134,0.0015223207012519803,0.068,0.07,0.0691,0.069,0.00043588989435406776,1.3780000000000001,1.414,1.3982,1.401,0.012155657119218169,0.097,0.098,0.0972,0.097,0.00040000000000000034,0.485,0.497,0.49224999999999997,0.4945,0.004252940159466158,0.069,0.07100000000000001,0.06960000000000001,0.07,0.0005830951894845307,2.602,2.6590000000000003,2.63655,2.6390000000000002,0.021244940574169677,0.168,0.17,0.16895,0.169,0.0003840572873934307,1.417,1.449,1.4348,1.433,0.01207311061822929,0.031,0.032,0.031150000000000004,0.031,0.00035707142142714284,64,64,8192,24576,152064,True,2176,1
0.129,0.132,0.13028571428571428,0.13,0.0009331389496316878,0.067,0.069,0.06825,0.068,0.0005361902647381809,1.365,1.395,1.3740999999999999,1.3695,0.01006429331846007,0.095,0.096,0.09575000000000003,0.096,0.0004330127018922198,0.48,0.489,0.4826,0.481,0.0028530685235374238,0.068,0.069,0.0684,0.068,0.0004898979485566361,2.576,2.623,2.5856500000000002,2.5785,0.015007581417403706,0.167,0.168,0.16719999999999996,0.167,0.0004000000000000004,1.4020000000000001,1.418,1.40425,1.4040000000000001,0.0032691742076554693,0.03,0.031,0.030750000000000006,0.031,0.0004330127018922197,64,64,8192,24576,152064,True,2144,1
0.125,0.133,0.1282380952380952,0.128,0.002201833908894648,0.062,0.065,0.06375,0.064,0.0006982120021884477,1.313,1.414,1.3652499999999999,1.3715000000000002,0.030421826046442415,0.09,0.094,0.09140000000000001,0.091,0.0011135528725660054,0.465,0.496,0.4808,0.4815,0.009775479527879934,0.062,0.065,0.06365000000000001,0.064,0.0007921489758877436,2.474,2.652,2.5585999999999998,2.5585,0.056958230309587396,0.157,0.16,0.159,0.159,0.0010000000000000009,1.345,1.434,1.38955,1.3890000000000002,0.029940733123956703,0.03,0.031,0.030300000000000004,0.03,0.0004582575694955844,64,64,8192,24576,152064,True,2112,1
0.124,0.13,0.1267142857142857,0.127,0.0015779087167410385,0.062,0.064,0.0633,0.063,0.0007141428428542857,1.338,1.416,1.37705,1.384,0.02556653085578877,0.089,0.091,0.08984999999999999,0.09,0.0007921489758877436,0.47100000000000003,0.496,0.48464999999999997,0.4865,0.009078959191449189,0.062,0.064,0.06334999999999999,0.063,0.0006538348415311016,2.5220000000000002,2.65,2.5927,2.6065,0.0456586245960169,0.156,0.159,0.15740000000000004,0.158,0.0010677078252031322,1.373,1.421,1.4017500000000003,1.407,0.018691910014763058,0.029,0.031,0.029850000000000005,0.03,0.0006538348415311003,64,64,8192,24576,152064,True,2080,1
0.125,0.128,0.1267142857142857,0.126,0.0009331389496316878,0.063,0.064,0.06350000000000001,0.0635,0.0005000000000000004,1.24,1.2690000000000001,1.2556000000000003,1.2570000000000001,0.009068627239003715,0.088,0.09,0.08915,0.089,0.0005722761571129804,0.405,0.41400000000000003,0.4099500000000001,0.41000000000000003,0.0028543825952384192,0.063,0.064,0.06395000000000002,0.064,0.00021794494717703388,2.442,2.529,2.4797000000000002,2.4755000000000003,0.01951947745202213,0.157,0.158,0.15745,0.157,0.0004974937185533104,1.145,1.171,1.1579000000000002,1.158,0.008993886812718944,0.03,0.031,0.030350000000000005,0.03,0.00047696960070847325,64,64,8192,24576,152064,True,2048,1
0.122,0.126,0.12466666666666666,0.125,0.0009428090415820641,0.062,0.063,0.0629,0.063,0.00030000000000000024,1.222,1.2570000000000001,1.2358,1.2335,0.00860581198958008,0.08700000000000001,0.089,0.0882,0.088,0.0005099019513592773,0.4,0.40900000000000003,0.4048,0.4045,0.0019390719429665333,0.063,0.064,0.06335000000000002,0.063,0.00047696960070847325,2.404,2.474,2.44325,2.4425,0.01995213021208515,0.155,0.157,0.15625000000000003,0.156,0.0006224949798994372,1.121,1.135,1.13195,1.1340000000000001,0.004510820324508626,0.03,0.031,0.030300000000000004,0.03,0.0004582575694955844,64,64,8192,24576,152064,True,2048,1
0.124,0.126,0.12471428571428572,0.125,0.0006281383789653776,0.063,0.063,0.06299999999999999,0.063,1.3877787807814457e-17,1.239,1.256,1.2466499999999998,1.244,0.0064052712666990115,0.08700000000000001,0.089,0.08810000000000001,0.088,0.00043588989435406597,0.404,0.41100000000000003,0.4075000000000001,0.40700000000000003,0.002133072900770156,0.063,0.064,0.06355,0.064,0.0004974937185533104,2.444,2.491,2.4673000000000003,2.466,0.016161992451427576,0.156,0.157,0.15620000000000003,0.156,0.00040000000000000034,1.145,1.159,1.1492,1.1455000000000002,0.005662155066756805,0.03,0.031,0.030250000000000006,0.03,0.0004330127018922198,64,64,8192,24576,152064,True,2032,1
0.12,0.124,0.12252380952380955,0.123,0.001051939144494026,0.061,0.063,0.06225000000000001,0.062,0.0006224949798994372,1.194,1.2590000000000001,1.2308,1.2315,0.014644452874723607,0.085,0.088,0.08685,0.08700000000000001,0.0006538348415310992,0.394,0.41000000000000003,0.40345000000000003,0.405,0.004104570623098112,0.062,0.064,0.0628,0.063,0.0005099019513592789,2.353,2.456,2.4264,2.4285,0.024426215425235206,0.153,0.155,0.15444999999999995,0.155,0.0007399324293474377,1.088,1.135,1.12825,1.1340000000000001,0.013863170633011778,0.03,0.031,0.030150000000000003,0.03,0.00035707142142714284,64,64,8192,24576,152064,True,2016,1
0.12,0.124,0.122,0.122,0.0011952286093343948,0.062,0.063,0.06220000000000001,0.062,0.0004000000000000004,1.222,1.262,1.2357,1.237,0.011198660634200873,0.08600000000000001,0.088,0.0865,0.08600000000000001,0.0005916079783099603,0.4,0.40900000000000003,0.4041,0.4035,0.002736786436680804,0.062,0.064,0.06299999999999999,0.063,0.0003162277660168382,2.412,2.478,2.4389,2.4395,0.020322155397496596,0.154,0.156,0.15435,0.154,0.0005722761571129803,1.25,1.292,1.2619500000000001,1.252,0.01498490907546655,0.028,0.029,0.028250000000000004,0.028,0.00043301270189221973,64,64,8192,24576,152064,True,2000,1
0.11800000000000001,0.122,0.1191904761904762,0.11900000000000001,0.0010056529562829895,0.061,0.062,0.06139999999999999,0.061,0.000489897948556636,1.189,1.237,1.20955,1.209,0.012122190396128926,0.084,0.08600000000000001,0.0854,0.085,0.0005830951894845307,0.392,0.41000000000000003,0.398,0.396,0.004722287581247042,0.061,0.063,0.06185,0.062,0.0004769696007084733,2.34,2.474,2.3810000000000002,2.37,0.034165772346019044,0.151,0.153,0.15215,0.152,0.00047696960070847325,1.226,1.2670000000000001,1.24005,1.238,0.009118525100036764,0.028,0.029,0.02815,0.028,0.0003570714214271428,64,64,8192,24576,152064,True,1984,1
0.11900000000000001,0.123,0.12047619047619047,0.12,0.001138881975533464,0.061,0.063,0.06205000000000001,0.062,0.00038405728739343076,1.221,1.2670000000000001,1.2418000000000002,1.241,0.012460337074092347,0.085,0.08700000000000001,0.08580000000000002,0.08600000000000001,0.0006782329983125273,0.4,0.41400000000000003,0.40615000000000007,0.406,0.0038506492958980346,0.062,0.063,0.0625,0.0625,0.0005000000000000004,2.41,2.524,2.4524500000000002,2.444,0.028251504384722584,0.151,0.154,0.1518,0.152,0.0008717797887081355,1.2510000000000001,1.305,1.2747500000000003,1.2770000000000001,0.016388639357799023,0.028,0.029,0.028250000000000004,0.028,0.00043301270189221973,64,64,8192,24576,152064,True,1968,1
0.114,0.12,0.11723809523809525,0.117,0.0016007367918068202,0.06,0.062,0.060849999999999994,0.061,0.0004769696007084732,1.163,1.212,1.19865,1.201,0.012861862229086444,0.083,0.085,0.0839,0.084,0.0006244997998398404,0.385,0.398,0.39415,0.395,0.003275286247032466,0.06,0.062,0.06124999999999999,0.061,0.0006224949798994372,2.287,2.386,2.3603500000000004,2.3655,0.023044033935055733,0.148,0.15,0.1493,0.149,0.0005567764362830027,1.201,1.2510000000000001,1.23755,1.238,0.010165997245720662,0.027,0.029,0.027700000000000002,0.028,0.0006403124237432854,64,64,8192,24576,152064,True,1952,1
0.115,0.121,0.1175714285714286,0.11800000000000001,0.0017340134720031542,0.06,0.062,0.060849999999999994,0.061,0.0006538348415311017,1.178,1.245,1.2201499999999998,1.23,0.024302829053425047,0.083,0.085,0.08385000000000001,0.084,0.0005722761571129804,0.39,0.40700000000000003,0.4008999999999999,0.4025,0.006032412452742274,0.06,0.062,0.0612,0.061,0.000748331477354789,2.325,2.468,2.4118000000000004,2.4215,0.04712812323867779,0.148,0.151,0.14909999999999998,0.149,0.0008306623862918082,1.212,1.278,1.25065,1.252,0.024704807224505933,0.027,0.028,0.027200000000000002,0.027,0.00040000000000000034,64,64,8192,24576,152064,True,1936,1
0.113,0.117,0.11476190476190479,0.115,0.0010190921218587007,0.06,0.061,0.06054999999999999,0.061,0.0004974937185533104,1.189,1.221,1.2083499999999998,1.2115,0.009172104447726296,0.082,0.084,0.08295000000000001,0.083,0.0004974937185533104,0.378,0.39,0.38549999999999995,0.386,0.0039560080889705,0.06,0.062,0.060799999999999986,0.061,0.0005099019513592789,2.195,2.258,2.22925,2.23,0.01694955751634836,0.148,0.149,0.14840000000000003,0.148,0.000489897948556636,1.097,1.121,1.1123,1.11,0.007849203781276156,0.027,0.029,0.0279,0.028,0.0005385164807134509,64,64,8192,24576,152064,True,1920,1
0.114,0.11900000000000001,0.11633333333333333,0.116,0.0013213749452868208,0.061,0.062,0.06124999999999999,0.061,0.00043301270189221973,1.221,1.2690000000000001,1.2382,1.229,0.014514131045295154,0.082,0.084,0.08310000000000001,0.083,0.0006244997998398403,0.391,0.40700000000000003,0.3954000000000001,0.394,0.005013980454688674,0.061,0.062,0.0613,0.061,0.0004582575694955844,2.254,2.367,2.28505,2.2705,0.031749763778648805,0.148,0.15,0.1487,0.149,0.0006403124237432856,1.12,1.169,1.1347499999999997,1.121,0.019441900627253487,0.027,0.028,0.027800000000000002,0.028,0.0004000000000000004,64,64,8192,24576,152064,True,1904,1
0.111,0.115,0.11323809523809525,0.113,0.0008676603408708864,0.06,0.061,0.060399999999999995,0.06,0.0004898979485566361,1.19,1.252,1.2122499999999998,1.2115,0.01729703731856993,0.081,0.083,0.082,0.082,0.0007071067811865482,0.377,0.398,0.38475000000000004,0.384,0.005629165124598856,0.06,0.062,0.06044999999999999,0.06,0.0005894913061275802,2.204,2.311,2.23165,2.226,0.031183769817005727,0.146,0.148,0.14719999999999997,0.147,0.000509901951359279,1.097,1.135,1.1146000000000003,1.12,0.012232742946698448,0.027,0.028,0.027350000000000003,0.027,0.00047696960070847314,64,64,8192,24576,152064,True,1888,1
0.112,0.116,0.11361904761904762,0.114,0.0009499970163457153,0.06,0.061,0.060450000000000004,0.06,0.0004974937185533104,1.2,1.227,1.2140999999999997,1.218,0.008543418519538912,0.081,0.082,0.0816,0.082,0.0004898979485566361,0.382,0.391,0.38749999999999996,0.389,0.002941088233970551,0.06,0.061,0.06055000000000001,0.061,0.0004974937185533104,2.204,2.2600000000000002,2.2402500000000005,2.25,0.018052354417083666,0.146,0.147,0.14674999999999996,0.147,0.00043301270189221973,1.237,1.2510000000000001,1.2463000000000004,1.25,0.006099999999999972,0.026000000000000002,0.027,0.026400000000000007,0.026000000000000002,0.0004898979485566343,64,64,8192,24576,152064,True,1872,1
0.109,0.112,0.11033333333333332,0.11,0.0008908708063747488,0.058,0.06,0.0593,0.059000000000000004,0.0005567764362829997,1.18,1.2,1.19045,1.191,0.004883390215823421,0.079,0.081,0.08015000000000001,0.08,0.0005722761571129803,0.372,0.382,0.37929999999999997,0.38,0.002215851980616036,0.059000000000000004,0.06,0.05935,0.059000000000000004,0.00047696960070846994,2.161,2.208,2.1991,2.204,0.011049434374663714,0.14400000000000002,0.145,0.14479999999999998,0.145,0.0003999999999999892,1.209,1.225,1.2216000000000002,1.224,0.005102940328869213,0.026000000000000002,0.027,0.026250000000000006,0.026000000000000002,0.0004330127018922182,64,64,8192,24576,152064,True,1856,1
0.11,0.114,0.11214285714285714,0.112,0.001124858267715974,0.055,0.057,0.055950000000000014,0.056,0.0003840572873934307,1.213,1.254,1.23445,1.234,0.011698183619690711,0.08,0.082,0.08080000000000001,0.081,0.0006000000000000006,0.388,0.399,0.39405,0.395,0.0032322592717788003,0.055,0.057,0.05615,0.056,0.0004769696007084733,2.257,2.327,2.2933000000000003,2.3025,0.019925109786397624,0.138,0.14,0.13910000000000006,0.139,0.0008306623862918081,1.25,1.29,1.26495,1.2555,0.015021567827627036,0.026000000000000002,0.027,0.026150000000000007,0.026000000000000002,0.0003570714214271416,64,64,8192,24576,152064,True,1840,1
0.108,0.112,0.10952380952380954,0.109,0.0011388819755334676,0.055,0.056,0.05505,0.055,0.0002179449471770339,1.176,1.212,1.1943,1.193,0.01045992351788483,0.078,0.08,0.0789,0.079,0.0004358898943540678,0.376,0.387,0.38065,0.3805,0.00303768003581681,0.054,0.056,0.05515,0.055,0.0004769696007084733,2.1670000000000003,2.243,2.203,2.1975,0.020156884679930053,0.136,0.138,0.13705,0.137,0.0004974937185533105,1.213,1.25,1.2299499999999999,1.224,0.011074633176769343,0.025,0.027,0.026000000000000006,0.026000000000000002,0.00031622776601683767,64,64,8192,24576,152064,True,1824,1
0.107,0.111,0.10876190476190477,0.109,0.0010190921218587007,0.055,0.056,0.055400000000000005,0.055,0.000489897948556636,1.191,1.25,1.2139,1.2155,0.01570000000000002,0.078,0.08,0.079,0.079,0.00044721359549995833,0.378,0.4,0.3881,0.388,0.005346961754117944,0.055,0.056,0.055400000000000005,0.055,0.000489897948556636,2.189,2.331,2.24195,2.2424999999999997,0.03310207697411148,0.136,0.138,0.13685000000000003,0.137,0.00047696960070847325,1.224,1.291,1.2452,1.244,0.012932903772935118,0.025,0.026000000000000002,0.025200000000000007,0.025,0.0004000000000000003,64,64,8192,24576,152064,True,1808,1
0.106,0.108,0.10676190476190477,0.107,0.0006834619092574923,0.054,0.055,0.054200000000000005,0.054,0.0004000000000000003,1.102,1.119,1.11005,1.109,0.005508856505664318,0.078,0.08,0.07875,0.079,0.0006224949798994372,0.362,0.369,0.36524999999999996,0.365,0.0018940696924875826,0.054,0.056,0.05475,0.055,0.0006224949798994372,2.052,2.1,2.0694000000000004,2.0665,0.013488513631975984,0.135,0.136,0.13560000000000003,0.136,0.000489897948556636,1.097,1.111,1.0995500000000002,1.0985,0.003024483426967311,0.026000000000000002,0.027,0.026200000000000008,0.026000000000000002,0.00039999999999999893,64,64,8192,24576,152064,True,1792,1
0.105,0.109,0.10685714285714289,0.107,0.0009404008408634057,0.054,0.056,0.05495,0.055,0.0004974937185533105,1.115,1.154,1.1273000000000002,1.124,0.010479026672358439,0.078,0.079,0.07855000000000001,0.079,0.0004974937185533104,0.366,0.375,0.3693,0.369,0.002260530911091465,0.054,0.056,0.05505,0.055,0.0003840572873934307,2.07,2.108,2.09025,2.0895,0.01063426067011713,0.135,0.136,0.13555,0.136,0.0004974937185533104,1.035,1.048,1.043,1.046,0.005079370039680122,0.025,0.026000000000000002,0.025200000000000007,0.025,0.0004000000000000003,64,64,8192,24576,152064,True,1776,1
0.10200000000000001,0.107,0.10528571428571427,0.106,0.001637153660730576,0.053,0.056,0.05465000000000001,0.055,0.0007921489758877436,1.074,1.127,1.11005,1.111,0.015051494942363687,0.076,0.079,0.07775000000000001,0.078,0.0006224949798994372,0.35000000000000003,0.368,0.36295000000000005,0.364,0.005324237034543063,0.053,0.055,0.0546,0.055,0.0005830951894845307,1.979,2.093,2.06385,2.0715000000000003,0.036060054076498545,0.132,0.136,0.13485,0.135,0.0009630680142129119,0.986,1.047,1.0351000000000001,1.036,0.016958478705355624,0.025,0.026000000000000002,0.025350000000000004,0.025,0.0004769696007084732,64,64,8192,24576,152064,True,1760,1
0.10300000000000001,0.107,0.10452380952380956,0.105,0.000851835419999915,0.053,0.055,0.054000000000000006,0.054,0.0005477225575051665,1.102,1.1440000000000001,1.11655,1.112,0.013533199917240595,0.076,0.078,0.07725000000000001,0.077,0.0005361902647381809,0.363,0.375,0.36645,0.365,0.0038919789310837777,0.054,0.056,0.05445,0.054,0.0005894913061275802,2.049,2.137,2.0733,2.0645,0.026873965096353036,0.133,0.135,0.13385000000000002,0.134,0.0005722761571129803,1.025,1.052,1.03255,1.0265,0.00937269971779744,0.025,0.026000000000000002,0.025400000000000006,0.025,0.000489897948556636,64,64,8192,24576,152064,True,1744,1
0.099,0.106,0.10266666666666667,0.10200000000000001,0.0022537446792760415,0.052000000000000005,0.055,0.05355000000000001,0.0535,0.0008645808232895287,1.058,1.1520000000000001,1.10945,1.1185,0.027628744090168158,0.075,0.078,0.07625,0.076,0.0008291561975888506,0.34800000000000003,0.38,0.36355000000000004,0.3665,0.009134960317374126,0.053,0.055,0.0539,0.054,0.0008306623862918082,1.967,2.165,2.0613,2.0885,0.055562667322582686,0.13,0.134,0.13265,0.133,0.0013518505834595785,0.978,1.064,1.0229,1.0365,0.025296047122030745,0.024,0.025,0.024500000000000004,0.0245,0.0005000000000000004,64,64,8192,24576,152064,True,1728,1
0.10200000000000001,0.105,0.1034761904761905,0.10400000000000001,0.0007315376902732,0.053,0.054,0.053200000000000004,0.053,0.0004000000000000003,1.102,1.169,1.1263499999999997,1.1195,0.016386808719210694,0.076,0.077,0.0763,0.076,0.0004582575694955844,0.362,0.381,0.3688,0.368,0.0048538644398046435,0.053,0.055,0.053700000000000005,0.054,0.0005567764362830027,2.058,2.162,2.0944500000000006,2.0875000000000004,0.02704343728152911,0.131,0.133,0.1319,0.132,0.0006244997998398403,1.025,1.061,1.0381500000000004,1.036,0.009366295959449511,0.024,0.025,0.024150000000000005,0.024,0.00035707142142714284,64,64,8192,24576,152064,True,1712,1
0.099,0.10200000000000001,0.10109523809523809,0.101,0.0008109231602822102,0.052000000000000005,0.054,0.052700000000000004,0.053,0.0005567764362829997,1.091,1.116,1.0985500000000001,1.097,0.006629291063153006,0.074,0.076,0.0753,0.075,0.0005567764362830027,0.357,0.364,0.36025,0.36,0.0020217566619155744,0.052000000000000005,0.054,0.05305,0.053,0.0003840572873934298,2.0300000000000002,2.057,2.0419000000000005,2.0404999999999998,0.008745856161634437,0.129,0.131,0.12979999999999997,0.13,0.0005099019513592789,1.0150000000000001,1.026,1.0185,1.016,0.004609772228646394,0.024,0.025,0.024050000000000005,0.024,0.00021794494717703388,64,64,8192,24576,152064,True,1696,1
0.1,0.10300000000000001,0.10114285714285717,0.101,0.0009897433186107879,0.052000000000000005,0.054,0.05295000000000001,0.053,0.00038405728739342903,1.101,1.1440000000000001,1.11875,1.118,0.011920046140850309,0.074,0.076,0.07515000000000001,0.075,0.0005722761571129804,0.362,0.374,0.36619999999999997,0.3655,0.003280243893371348,0.053,0.054,0.05345000000000001,0.053,0.0004974937185533104,2.049,2.134,2.0767,2.07,0.0224256549514167,0.129,0.13,0.1295,0.1295,0.0005000000000000004,1.025,1.051,1.0351499999999998,1.036,0.008217511788856786,0.023,0.025,0.023900000000000005,0.024,0.0004358898943540677,64,64,8192,24576,152064,True,1680,1
0.101,0.10300000000000001,0.10204761904761905,0.10200000000000001,0.0007853534524986026,0.053,0.054,0.05345,0.053,0.0004974937185533105,0.995,1.027,1.0045,0.9984999999999999,0.010442700800080418,0.075,0.076,0.07519999999999999,0.075,0.00040000000000000034,0.343,0.353,0.346,0.34500000000000003,0.002529822128134698,0.053,0.055,0.05395,0.054,0.0004974937185533104,1.97,2.0220000000000002,1.9832999999999998,1.977,0.014075155416548739,0.129,0.131,0.13004999999999997,0.13,0.0004974937185533105,1.056,1.069,1.0603500000000001,1.058,0.00462898476990364,0.023,0.024,0.023800000000000005,0.024,0.0004000000000000003,64,64,8192,24576,152064,True,1664,1
0.099,0.101,0.1002857142857143,0.1,0.0006281383789653776,0.053,0.054,0.05305,0.053,0.0002179449471770339,1.1260000000000001,1.17,1.1426000000000003,1.1420000000000001,0.00976422039898728,0.074,0.076,0.0743,0.074,0.0005567764362830027,0.343,0.35100000000000003,0.3476000000000001,0.34800000000000003,0.0028354893757515675,0.053,0.054,0.053500000000000006,0.0535,0.0005000000000000004,1.954,2.0260000000000002,1.9876000000000005,1.988,0.022213509403063752,0.129,0.13,0.12944999999999998,0.129,0.0004974937185533104,1.046,1.072,1.0544,1.056,0.006522269543648143,0.023,0.024,0.023350000000000003,0.023,0.00047696960070847314,64,64,8192,24576,152064,True,1648,1
0.094,0.1,0.09776190476190476,0.098,0.0016591667990651772,0.051000000000000004,0.053,0.051750000000000004,0.052000000000000005,0.00053619026473818,1.058,1.147,1.11525,1.112,0.021104205741984242,0.07200000000000001,0.075,0.07365000000000002,0.074,0.0007921489758877407,0.322,0.34800000000000003,0.33935,0.337,0.006490570082820159,0.051000000000000004,0.053,0.052550000000000006,0.053,0.0005894913061275771,1.9000000000000001,1.992,1.9427499999999998,1.94,0.030296658231560768,0.126,0.129,0.12795,0.128,0.0008046738469715547,1.016,1.059,1.03865,1.037,0.015884819797529977,0.023,0.024,0.023100000000000002,0.023,0.00030000000000000024,64,64,8192,24576,152064,True,1632,1
0.095,0.098,0.0962857142857143,0.096,0.0008247860988423233,0.051000000000000004,0.052000000000000005,0.05150000000000001,0.051500000000000004,0.0005000000000000006,1.092,1.156,1.1109000000000002,1.103,0.018899470892064667,0.07200000000000001,0.073,0.07245000000000001,0.07200000000000001,0.0004974937185533034,0.333,0.34600000000000003,0.33754999999999996,0.336,0.004259988262894633,0.052000000000000005,0.054,0.052600000000000015,0.053,0.0005830951894845273,2.0300000000000002,2.134,2.0622,2.049,0.032284051790318964,0.126,0.128,0.12705000000000002,0.127,0.0005894913061275802,1.014,1.052,1.02595,1.025,0.012776834506246034,0.022,0.024,0.023050000000000005,0.023,0.0003840572873934307,64,64,8192,24576,152064,True,1616,1
0.09,0.095,0.09328571428571429,0.094,0.0012399253872658615,0.049,0.052000000000000005,0.05050000000000001,0.05,0.0007416198487095669,1.036,1.1,1.0783,1.076,0.015142985174660914,0.07100000000000001,0.07200000000000001,0.07135,0.07100000000000001,0.0004769696007084732,0.316,0.333,0.32659999999999995,0.326,0.00422374241638858,0.051000000000000004,0.053,0.051550000000000006,0.051000000000000004,0.0006689544080129817,1.932,2.045,2.00915,2.0055,0.022839165921723158,0.124,0.126,0.12525,0.125,0.0005361902647381809,0.96,1.025,1.0073,1.0050000000000001,0.013168523075880591,0.022,0.023,0.022150000000000003,0.022,0.00035707142142714284,64,64,8192,24576,152064,True,1600,1
0.091,0.096,0.09419047619047621,0.094,0.001499811023621299,0.046,0.048,0.04685000000000001,0.047,0.000726291952316698,1.073,1.1400000000000001,1.1073,1.096,0.02398770518411465,0.067,0.069,0.06755000000000003,0.0675,0.0005894913061275804,0.326,0.34700000000000003,0.3375,0.3345,0.006931810730249354,0.047,0.049,0.04755000000000001,0.0475,0.0005894913061275802,2.009,2.13,2.0658000000000003,2.0465,0.04483257744096358,0.117,0.12,0.11875000000000005,0.11900000000000001,0.0007664854858377919,1.004,1.052,1.0281500000000001,1.026,0.019290606522346532,0.022,0.023,0.022150000000000003,0.022,0.00035707142142714284,64,64,8192,24576,152064,True,1584,1
0.09,0.094,0.09280952380952381,0.093,0.0011388819755334674,0.044,0.046,0.045250000000000005,0.045,0.0005361902647381809,1.066,1.099,1.0887499999999999,1.089,0.0067370245657856955,0.066,0.068,0.06645000000000001,0.066,0.0005894913061275802,0.326,0.333,0.33015,0.33,0.0016209565077447345,0.046,0.048,0.04690000000000001,0.047,0.000538516480713451,1.993,2.051,2.0286,2.0244999999999997,0.01253953747153376,0.116,0.11800000000000001,0.11695000000000003,0.117,0.0004974937185533104,1.002,1.025,1.0151,1.0145,0.005940538696111626,0.022,0.023,0.022150000000000003,0.022,0.00035707142142714284,64,64,8192,24576,152064,True,1568,1
0.09,0.095,0.09219047619047618,0.092,0.0013316315670580548,0.044,0.046,0.045450000000000004,0.0455,0.0005894913061275802,1.064,1.115,1.0899,1.0935000000000001,0.018549663069716407,0.065,0.067,0.06565000000000001,0.066,0.0005722761571129803,0.324,0.338,0.3317,0.3325,0.005311308689955805,0.046,0.048,0.04690000000000001,0.047,0.0005385164807134509,1.984,2.072,2.0291500000000005,2.029,0.03501039131457974,0.115,0.117,0.11640000000000002,0.116,0.0005830951894845306,0.994,1.038,1.0127000000000002,1.0065,0.017073663930158616,0.022,0.023,0.0221,0.022,0.00030000000000000024,64,64,8192,24576,152064,True,1552,1
0.09,0.097,0.0940952380952381,0.095,0.0024084130697908197,0.046,0.048,0.04725000000000001,0.0475,0.0008291561975888506,0.889,0.9470000000000001,0.9141000000000001,0.916,0.017851890656174225,0.064,0.068,0.06695,0.067,0.0012031209415515976,0.293,0.32,0.3089,0.312,0.008502352615599998,0.046,0.049,0.04805000000000001,0.048,0.0008046738469715546,1.728,1.937,1.8460999999999999,1.8755000000000002,0.06551633384126436,0.115,0.12,0.11769999999999999,0.11800000000000001,0.001307669683062202,0.809,0.891,0.85555,0.861,0.025846614865393865,0.022,0.023,0.022150000000000003,0.022,0.00035707142142714284,64,64,8192,24576,152064,True,1536,1
0.093,0.097,0.095,0.095,0.0011126972805283748,0.046,0.048,0.04705000000000001,0.047,0.0005894913061275804,0.914,0.9480000000000001,0.9308500000000002,0.9335,0.007689440811918647,0.066,0.068,0.06699999999999999,0.067,0.00044721359549995833,0.309,0.325,0.31675,0.3175,0.003699662146737189,0.047,0.049,0.04850000000000001,0.049,0.0005916079783099621,1.843,1.974,1.9076499999999998,1.9025,0.026991248581716257,0.117,0.12,0.11849999999999998,0.11800000000000001,0.0007416198487095641,0.86,0.9,0.8805,0.88,0.00881192374002409,0.022,0.023,0.022200000000000004,0.022,0.0004000000000000003,64,64,8192,24576,152064,True,1520,1
0.091,0.093,0.09166666666666666,0.092,0.0005634361698190116,0.045,0.046,0.04555000000000001,0.046,0.0004974937185533104,0.904,0.918,0.9084,0.908,0.00333766385365573,0.065,0.066,0.06555000000000001,0.066,0.0004974937185533104,0.34400000000000003,0.357,0.34740000000000004,0.34600000000000003,0.002905167809266779,0.047,0.048,0.04750000000000001,0.0475,0.0005000000000000006,1.824,1.867,1.8411000000000002,1.837,0.014222868908908639,0.116,0.117,0.11635000000000002,0.116,0.00047696960070847325,0.852,0.86,0.85305,0.8525,0.0018296174463532002,0.021,0.022,0.021700000000000004,0.022,0.0004582575694955828,64,64,8192,24576,152064,True,1504,1
0.09,0.094,0.09209523809523809,0.092,0.0010190921218587007,0.044,0.047,0.04540000000000001,0.045,0.0007348469228349541,0.903,0.9380000000000001,0.9188000000000001,0.921,0.009146584061823306,0.064,0.066,0.06499999999999999,0.065,0.0005477225575051667,0.342,0.363,0.3515,0.352,0.005757603668193897,0.047,0.049,0.04760000000000001,0.048,0.0005830951894845306,1.82,1.923,1.8735000000000004,1.879,0.030170349683091187,0.115,0.117,0.11645000000000001,0.1165,0.0005894913061275802,0.843,0.881,0.86585,0.87,0.01355092247782417,0.021,0.022,0.02125,0.021,0.00043301270189221826,64,64,8192,24576,152064,True,1488,1
0.088,0.091,0.08895238095238096,0.089,0.0009499970163457154,0.044,0.045,0.04440000000000001,0.044,0.0004898979485566361,0.887,0.91,0.8973000000000001,0.896,0.0064583279569870155,0.062,0.065,0.0634,0.063,0.0006633249580710806,0.333,0.34600000000000003,0.33825000000000005,0.3385,0.00444831428745767,0.046,0.047,0.04655000000000001,0.047,0.0004974937185533104,1.766,1.833,1.7957,1.7985,0.02150139530356109,0.113,0.115,0.11445000000000002,0.1145,0.0005894913061275802,0.8250000000000001,0.853,0.83775,0.843,0.011067407103743815,0.021,0.022,0.021150000000000002,0.021,0.0003570714214271416,64,64,8192,24576,152064,True,1472,1
0.088,0.091,0.08947619047619047,0.089,0.0008518354199999207,0.043000000000000003,0.044,0.04395,0.044,0.00021794494717703236,0.905,0.925,0.9116499999999998,0.912,0.00491197516280366,0.063,0.064,0.0632,0.063,0.0004000000000000003,0.34400000000000003,0.352,0.34715,0.34700000000000003,0.001930673457630777,0.046,0.048,0.04675000000000001,0.047,0.0005361902647381809,1.827,1.869,1.8552500000000003,1.8565,0.01057296079629544,0.114,0.115,0.11415000000000004,0.114,0.0003570714214271428,0.843,0.862,0.8532,0.851,0.006297618597533521,0.02,0.022,0.021050000000000003,0.021,0.0003840572873934299,64,64,8192,24576,152064,True,1456,1
0.083,0.089,0.08695238095238096,0.088,0.0015576597365520074,0.042,0.044,0.043300000000000005,0.043000000000000003,0.0005567764362829997,0.891,0.911,0.8991,0.898,0.0051951900831442195,0.061,0.063,0.06230000000000001,0.062,0.0005567764362830027,0.332,0.34900000000000003,0.3396,0.3395,0.004715930449020642,0.045,0.046,0.04560000000000001,0.046,0.0004898979485566361,1.7610000000000001,1.857,1.80695,1.8039999999999998,0.027991918476588898,0.11,0.113,0.11170000000000002,0.112,0.0007141428428542856,0.8170000000000001,0.853,0.83895,0.843,0.012126314361750611,0.02,0.022,0.02075,0.021,0.0005361902647381805,64,64,8192,24576,152064,True,1440,1
0.085,0.088,0.08647619047619048,0.08600000000000001,0.0007939681905015716,0.043000000000000003,0.044,0.043250000000000004,0.043000000000000003,0.0004330127018922167,0.911,0.925,0.9160999999999999,0.9145000000000001,0.004334743360338652,0.061,0.063,0.061849999999999995,0.062,0.0006538348415311016,0.34500000000000003,0.35100000000000003,0.34750000000000003,0.34700000000000003,0.0014662878298615193,0.045,0.047,0.045950000000000005,0.046,0.0005894913061275804,1.829,1.872,1.8528000000000002,1.858,0.012765578717786363,0.11,0.112,0.11100000000000002,0.111,0.0005477225575051667,0.843,0.87,0.852,0.8505,0.009544631999192015,0.02,0.021,0.020050000000000005,0.02,0.00021794494717703388,64,64,8192,24576,152064,True,1424,1
0.08,0.088,0.08352380952380953,0.082,0.002499886618744132,0.041,0.043000000000000003,0.04190000000000001,0.042,0.0008888194417315598,0.804,0.888,0.8342,0.8315,0.02975331914257632,0.059000000000000004,0.062,0.06044999999999999,0.0605,0.0009733961166965881,0.279,0.307,0.29005,0.28800000000000003,0.010533161918436442,0.044,0.046,0.044800000000000006,0.045,0.0008124038404635967,1.695,1.893,1.7738500000000001,1.7755,0.0721410250828196,0.108,0.112,0.10955,0.11,0.0013955285736952875,0.792,0.879,0.827,0.842,0.032677209183160034,0.02,0.02,0.020000000000000004,0.02,3.469446951953614e-18,64,64,8192,24576,152064,True,1408,1
0.08,0.08600000000000001,0.08409523809523811,0.085,0.0020909046095333493,0.04,0.043000000000000003,0.04210000000000001,0.042,0.0008888194417315596,0.885,0.914,0.9037000000000001,0.9105000000000001,0.00974730732048601,0.058,0.061,0.06004999999999999,0.06,0.0008046738469715525,0.28,0.303,0.29579999999999995,0.301,0.008231646250902658,0.044,0.046,0.045500000000000006,0.046,0.0008062257748298557,1.707,1.847,1.8051500000000005,1.841,0.05411771890979883,0.108,0.111,0.10979999999999998,0.11,0.0010770329614269018,0.792,0.861,0.84175,0.86,0.026711186795048976,0.019,0.021,0.019900000000000004,0.02,0.0005385164807134509,64,64,8192,24576,152064,True,1392,1
0.082,0.084,0.08295238095238094,0.083,0.00048562090605645624,0.041,0.042,0.04160000000000001,0.042,0.0004898979485566361,0.894,0.908,0.8993500000000001,0.8995,0.002987892233665735,0.059000000000000004,0.06,0.059399999999999994,0.059000000000000004,0.0004898979485566326,0.28800000000000003,0.293,0.2907,0.291,0.0014177446878757783,0.044,0.045,0.04465000000000001,0.045,0.0004769696007084732,1.7590000000000001,1.794,1.7762500000000003,1.7790000000000001,0.01006416911622612,0.108,0.109,0.10885,0.109,0.0003570714214271428,0.8240000000000001,0.843,0.83065,0.833,0.005516112761719028,0.019,0.02,0.019250000000000003,0.019,0.00043301270189221973,64,64,8192,24576,152064,True,1376,1
0.082,0.085,0.08371428571428573,0.084,0.0011605769149479954,0.041,0.043000000000000003,0.04170000000000001,0.042,0.0005567764362830027,0.909,0.9460000000000001,0.9232500000000001,0.923,0.010676492869851981,0.058,0.06,0.0593,0.059000000000000004,0.0005567764362829996,0.299,0.312,0.3049,0.3025,0.004978955713801845,0.044,0.046,0.044800000000000006,0.045,0.0006000000000000005,1.818,1.909,1.86325,1.859,0.035638286995870065,0.108,0.11,0.10934999999999999,0.109,0.0006538348415311016,0.842,0.88,0.86115,0.861,0.01735014409162069,0.019,0.02,0.019100000000000002,0.019,0.00030000000000000024,64,64,8192,24576,152064,True,1360,1
0.078,0.082,0.08071428571428571,0.081,0.0010753895038701166,0.039,0.041,0.04000000000000001,0.04,0.00044721359549995833,0.9,0.919,0.909,0.91,0.00534789678284838,0.057,0.059000000000000004,0.05805000000000001,0.058,0.0005894913061275804,0.28500000000000003,0.299,0.29145000000000004,0.2915,0.003904804732633871,0.042,0.044,0.04340000000000001,0.043000000000000003,0.0005830951894845273,1.741,1.824,1.7800500000000004,1.7790000000000001,0.024870615191426197,0.107,0.108,0.10770000000000002,0.108,0.0004582575694955843,0.8160000000000001,0.851,0.8333999999999999,0.834,0.010905961672406487,0.019,0.02,0.019100000000000002,0.019,0.00030000000000000024,64,64,8192,24576,152064,True,1344,1
0.074,0.081,0.07923809523809525,0.08,0.0017702505043277258,0.037,0.04,0.039200000000000006,0.039,0.0007483314773547889,0.89,0.915,0.90145,0.905,0.00843489774686096,0.057,0.059000000000000004,0.05740000000000001,0.057,0.0005830951894845306,0.289,0.304,0.2975,0.3005,0.005835237784358068,0.042,0.044,0.04295,0.043000000000000003,0.0005894913061275785,1.748,1.856,1.8099500000000002,1.829,0.041189167265192415,0.105,0.107,0.10655,0.107,0.0005894913061275802,0.809,0.868,0.8352999999999999,0.8434999999999999,0.017358283325259984,0.018000000000000002,0.019,0.018600000000000005,0.019,0.0004898979485566344,64,64,8192,24576,152064,True,1328,1
0.075,0.08,0.07766666666666668,0.077,0.001126872339638023,0.034,0.035,0.03480000000000001,0.035,0.00040000000000000034,0.887,0.901,0.8908999999999999,0.8895,0.0038457769046058854,0.056,0.057,0.056499999999999995,0.0565,0.0005000000000000006,0.28800000000000003,0.298,0.29059999999999997,0.289,0.0027640549922170452,0.038,0.04,0.03885000000000001,0.039,0.00047696960070847314,1.7550000000000001,1.814,1.7752500000000002,1.7735,0.01726810643932909,0.097,0.099,0.0978,0.098,0.0006782329983125274,0.8160000000000001,0.843,0.8228500000000001,0.8180000000000001,0.008923424230641479,0.018000000000000002,0.019,0.018150000000000006,0.018000000000000002,0.0003570714214271416,64,64,8192,24576,152064,True,1312,1
0.076,0.081,0.0788095238095238,0.079,0.0009060141709733556,0.034,0.036000000000000004,0.03520000000000001,0.035,0.0005099019513592789,0.897,0.937,0.9130499999999999,0.9115,0.01380027173645506,0.055,0.057,0.05615000000000001,0.056,0.0004769696007084733,0.29,0.298,0.2952,0.296,0.0023366642891095865,0.038,0.039,0.03810000000000001,0.038,0.0003000000000000003,1.776,1.819,1.8022999999999996,1.804,0.012996538000559953,0.097,0.098,0.09775000000000003,0.098,0.0004330127018922198,0.833,0.835,0.8339500000000001,0.834,0.0007399324293474378,0.018000000000000002,0.019,0.018050000000000004,0.018000000000000002,0.00021794494717703315,64,64,8192,24576,152064,True,1296,1
0.076,0.079,0.07719047619047618,0.077,0.0009060141709733554,0.034,0.035,0.03450000000000001,0.0345,0.0005000000000000004,0.74,0.769,0.7481,0.747,0.007320519107276485,0.056,0.058,0.05685,0.057,0.0004769696007084733,0.251,0.26,0.25425,0.253,0.0028262165522125182,0.037,0.039,0.03785000000000001,0.038,0.00047696960070847325,1.461,1.5190000000000001,1.4741000000000002,1.472,0.01442532495301234,0.097,0.098,0.09735,0.097,0.00047696960070847325,0.732,0.756,0.7354999999999999,0.733,0.0069821200218844765,0.018000000000000002,0.019,0.018050000000000004,0.018000000000000002,0.00021794494717703315,64,64,8192,24576,152064,True,1280,1
0.075,0.078,0.076,0.075,0.0011547005383792527,0.033,0.035,0.033900000000000007,0.034,0.0005385164807134509,0.736,0.767,0.7558,0.7575000000000001,0.009069729874698593,0.056,0.057,0.05639999999999999,0.056,0.0004898979485566361,0.259,0.271,0.26639999999999997,0.266,0.0031843366656181342,0.037,0.039,0.03780000000000001,0.038,0.0006000000000000006,1.45,1.512,1.4924000000000004,1.4965000000000002,0.019069347130932415,0.096,0.098,0.09695000000000001,0.097,0.0007399324293474376,0.724,0.749,0.7394,0.741,0.009068627239003715,0.017,0.018000000000000002,0.017300000000000003,0.017,0.0004582575694955844,64,64,8192,24576,152064,True,1264,1
0.07100000000000001,0.076,0.07442857142857144,0.075,0.0013652639225553756,0.032,0.034,0.03325000000000001,0.033,0.0006982120021884477,0.724,0.76,0.74325,0.7484999999999999,0.012201946566019712,0.055,0.056,0.05575000000000001,0.056,0.0004330127018922197,0.255,0.268,0.26245,0.264,0.0042246301613277385,0.036000000000000004,0.038,0.03715000000000001,0.037,0.0007262919523166959,1.431,1.499,1.4723,1.4809999999999999,0.02448489330178916,0.095,0.097,0.0963,0.0965,0.0007810249675906662,0.718,0.748,0.7358,0.7395,0.012130952147296611,0.017,0.018000000000000002,0.017150000000000006,0.017,0.0003570714214271428,64,64,8192,24576,152064,True,1248,1
0.061,0.075,0.07090476190476191,0.073,0.004679283236776474,0.029,0.033,0.03175000000000001,0.032,0.0015451537140362445,0.684,0.756,0.73095,0.742,0.024239379117460887,0.052000000000000005,0.056,0.05445000000000001,0.055,0.0011608186766243894,0.233,0.267,0.25750000000000006,0.263,0.01193524193303177,0.033,0.038,0.03620000000000001,0.036000000000000004,0.001568438714135811,1.379,1.486,1.4500500000000003,1.465,0.0360755803834117,0.09,0.096,0.09435000000000002,0.095,0.0020068632240389495,0.602,0.734,0.7043999999999999,0.732,0.05090717041832123,0.017,0.018000000000000002,0.017100000000000004,0.017,0.0003000000000000003,64,64,8192,24576,152064,True,1232,1
0.069,0.07200000000000001,0.07090476190476191,0.07100000000000001,0.0007499055118106493,0.03,0.032,0.03150000000000001,0.032,0.0005916079783099622,0.712,0.731,0.7156499999999999,0.713,0.0053877175130105,0.053,0.055,0.05405,0.054,0.0005894913061275804,0.251,0.256,0.253,0.253,0.0010488088481701524,0.035,0.036000000000000004,0.03550000000000001,0.035500000000000004,0.0005000000000000006,1.405,1.441,1.4131000000000002,1.411,0.00881986394452883,0.093,0.094,0.09355000000000001,0.094,0.0004974937185533104,0.7030000000000001,0.718,0.7048500000000001,0.704,0.003259984662540598,0.016,0.017,0.016850000000000004,0.017,0.00035707142142714284,64,64,8192,24576,152064,True,1216,1
0.069,0.074,0.07242857142857144,0.073,0.0011368891796488837,0.031,0.032,0.031700000000000006,0.032,0.00045825756949558437,0.736,0.755,0.74355,0.744,0.004271709259769447,0.054,0.055,0.05415,0.054,0.0003570714214271428,0.261,0.266,0.2635,0.264,0.0012449899597988744,0.035,0.036000000000000004,0.03565000000000001,0.036000000000000004,0.0004769696007084733,1.463,1.488,1.4727999999999999,1.471,0.007953615530059261,0.094,0.095,0.09455,0.095,0.0004974937185533104,0.731,0.74,0.7337,0.732,0.0030016662039607294,0.016,0.017,0.016250000000000004,0.016,0.00043301270189221973,64,64,8192,24576,152064,True,1200,1
0.065,0.073,0.06995238095238096,0.07,0.0018638462657886593,0.03,0.032,0.030700000000000005,0.031,0.0006403124237432854,0.709,0.747,0.72215,0.717,0.013846569972379454,0.052000000000000005,0.054,0.05320000000000001,0.053,0.0005999999999999992,0.251,0.263,0.25535,0.253,0.004530728418256831,0.034,0.036000000000000004,0.034600000000000006,0.034,0.0008000000000000007,1.4000000000000001,1.478,1.4292,1.41,0.030132374616017223,0.091,0.093,0.0921,0.092,0.0005385164807134509,0.6980000000000001,0.74,0.7120000000000001,0.7000000000000001,0.01763519208854836,0.016,0.016,0.016000000000000004,0.016,3.469446951953614e-18,64,64,8192,24576,152064,True,1184,1
0.069,0.073,0.07071428571428573,0.07100000000000001,0.0009331389496316862,0.031,0.032,0.031200000000000006,0.031,0.0004000000000000003,0.737,0.792,0.7542000000000001,0.7415,0.019244739540975882,0.052000000000000005,0.055,0.0531,0.053,0.0006244997998398391,0.26,0.276,0.26575,0.2625,0.006243997117231883,0.034,0.036000000000000004,0.03470000000000001,0.035,0.0006403124237432854,1.457,1.556,1.4918,1.4675,0.03860129531505387,0.091,0.093,0.092,0.092,0.00044721359549995833,0.729,0.768,0.7417999999999999,0.732,0.015114893317519659,0.016,0.017,0.016100000000000003,0.016,0.00030000000000000024,64,64,8192,24576,152064,True,1168,1
0.058,0.068,0.06571428571428571,0.066,0.0022069771859536138,0.026000000000000002,0.03,0.029000000000000005,0.029,0.0008366600265340748,0.677,0.712,0.70095,0.706,0.009478792117142313,0.05,0.052000000000000005,0.051550000000000006,0.052000000000000005,0.0005894913061275804,0.232,0.251,0.24745,0.2495,0.004364344166080397,0.029,0.032,0.03150000000000001,0.032,0.0007416198487095665,1.357,1.405,1.38575,1.3925,0.014942807634444076,0.088,0.09,0.08940000000000001,0.089,0.0005830951894845306,0.778,1.043,0.99265,1.0245,0.08902150021202743,0.016,0.017,0.016150000000000005,0.016,0.0003570714214271428,64,64,8192,24576,152064,True,1152,1
0.065,0.068,0.06733333333333334,0.067,0.000712696645099799,0.028,0.029,0.028950000000000004,0.029,0.00021794494717703385,0.721,0.757,0.7315,0.729,0.007794228634059955,0.051000000000000004,0.052000000000000005,0.05165000000000001,0.052000000000000005,0.0004769696007084733,0.255,0.263,0.25850000000000006,0.258,0.001884144368141679,0.031,0.033,0.03200000000000001,0.032,0.0003162277660168382,1.424,1.481,1.4436000000000002,1.441,0.010603772913449274,0.09,0.091,0.09015000000000001,0.09,0.0003570714214271428,0.8,0.8270000000000001,0.8088500000000002,0.808,0.005022698477910061,0.015,0.016,0.015500000000000003,0.0155,0.0005000000000000004,64,64,8192,24576,152064,True,1136,1
0.064,0.068,0.06657142857142859,0.067,0.0007911070345636269,0.028,0.029,0.028550000000000002,0.029,0.0004974937185533104,0.716,0.74,0.73105,0.7335,0.008120806610183506,0.05,0.052000000000000005,0.05130000000000001,0.051000000000000004,0.0005567764362830027,0.251,0.26,0.25725,0.258,0.002547057125390008,0.03,0.032,0.0316,0.032,0.0005830951894845307,1.413,1.461,1.4432000000000003,1.4485000000000001,0.016256075787224922,0.089,0.091,0.08985000000000001,0.09,0.0005722761571129804,0.8,0.8180000000000001,0.81125,0.8160000000000001,0.007575453781787604,0.015,0.016,0.015050000000000003,0.015,0.00021794494717703385,64,64,8192,24576,152064,True,1120,1
0.063,0.068,0.06633333333333333,0.066,0.0009920317455237942,0.028,0.029,0.028050000000000002,0.028,0.0002179449471770339,0.732,0.75,0.7414,0.7415,0.004651881339845207,0.05,0.052000000000000005,0.05100000000000001,0.051000000000000004,0.00044721359549995833,0.258,0.263,0.26149999999999995,0.262,0.0014317821063276365,0.031,0.032,0.031700000000000006,0.032,0.0004582575694955844,1.446,1.48,1.4663,1.4665,0.009869650449737314,0.089,0.09,0.0896,0.09,0.0004898979485566361,0.81,0.8230000000000001,0.8186500000000001,0.8180000000000001,0.0037719358425084624,0.015,0.016,0.015050000000000003,0.015,0.00021794494717703385,64,64,8192,24576,152064,True,1104,1
0.059000000000000004,0.065,0.06342857142857143,0.064,0.0012177820811947067,0.026000000000000002,0.027,0.026550000000000008,0.027,0.0004974937185533088,0.7030000000000001,0.724,0.7087,0.708,0.0055054518434003155,0.049,0.051000000000000004,0.04960000000000001,0.05,0.0005830951894845307,0.248,0.255,0.24994999999999998,0.25,0.0016271140095272996,0.03,0.031,0.030550000000000004,0.031,0.0004974937185533105,1.3900000000000001,1.438,1.40205,1.3975,0.013965940713034655,0.08700000000000001,0.089,0.0879,0.088,0.0004358898943540634,0.784,0.809,0.78865,0.7855000000000001,0.008314294918993438,0.015,0.016,0.015050000000000003,0.015,0.00021794494717703385,64,64,8192,24576,152064,True,1088,1
0.061,0.065,0.06333333333333334,0.063,0.000776643163347624,0.026000000000000002,0.027,0.026450000000000008,0.026000000000000002,0.0004974937185533088,0.716,0.734,0.7231499999999998,0.72,0.005597097462078006,0.048,0.05,0.04905000000000001,0.049,0.00038405728739343076,0.253,0.259,0.25505000000000005,0.254,0.0018834808201837379,0.029,0.03,0.029850000000000005,0.03,0.0003570714214271416,1.417,1.446,1.43005,1.428,0.009356682104250395,0.08700000000000001,0.088,0.08745,0.08700000000000001,0.0004974937185533034,0.8,0.811,0.8026,0.801,0.0038781438859330666,0.014,0.015,0.014800000000000002,0.015,0.0003999999999999997,64,64,8192,24576,152064,True,1072,1
0.058,0.064,0.061714285714285715,0.062,0.0010753895038701155,0.024,0.026000000000000002,0.024650000000000005,0.025,0.0006538348415311017,0.7020000000000001,0.727,0.7097,0.7075,0.008118497397917906,0.043000000000000003,0.045,0.04390000000000001,0.044,0.0005385164807134486,0.247,0.255,0.24969999999999998,0.249,0.0023895606290697063,0.026000000000000002,0.027,0.026400000000000007,0.026000000000000002,0.0004898979485566343,1.3900000000000001,1.432,1.4035,1.3960000000000001,0.015078129857512135,0.077,0.079,0.0783,0.078,0.0005567764362830027,0.784,0.809,0.7904,0.785,0.010190191362285607,0.014,0.015,0.014100000000000001,0.014,0.00029999999999999976,64,64,8192,24576,152064,True,1056,1
0.056,0.063,0.06133333333333332,0.061,0.0014584183648679576,0.023,0.024,0.023450000000000006,0.023,0.0004974937185533104,0.7000000000000001,0.733,0.716,0.715,0.009154233993076636,0.043000000000000003,0.044,0.0432,0.043000000000000003,0.0003999999999999976,0.248,0.258,0.25225,0.251,0.0028438530201119775,0.025,0.026000000000000002,0.025300000000000007,0.025,0.0004582575694955844,1.3800000000000001,1.447,1.41415,1.414,0.019998187417863647,0.076,0.079,0.0774,0.077,0.0006633249580710806,0.777,0.811,0.7931,0.7925,0.011414464507807637,0.014,0.015,0.014050000000000002,0.014,0.00021794494717703353,64,64,8192,24576,152064,True,1040,1
0.053,0.061,0.05885714285714286,0.059000000000000004,0.0018331787195162046,0.022,0.024,0.023000000000000003,0.023,0.0005477225575051665,0.598,0.649,0.6225999999999999,0.63,0.017448209077151746,0.041,0.044,0.04220000000000001,0.042,0.0008124038404635953,0.262,0.279,0.27274999999999994,0.2745,0.004646235034950345,0.024,0.025,0.024650000000000005,0.025,0.0004769696007084733,1.168,1.2670000000000001,1.2175,1.228,0.03339835325281777,0.075,0.077,0.07615,0.076,0.000726291952316698,0.714,0.777,0.7351499999999999,0.734,0.017584865652031594,0.013000000000000001,0.014,0.013950000000000004,0.014,0.00021794494717703353,64,64,8192,24576,152064,True,1024,1
0.048,0.061,0.057952380952380964,0.059000000000000004,0.002785612533754222,0.021,0.024,0.023150000000000004,0.023,0.0007262919523166975,0.5750000000000001,0.645,0.6215999999999999,0.623,0.017903630916660456,0.04,0.043000000000000003,0.04200000000000001,0.042,0.0008366600265340762,0.26,0.28,0.2707,0.2735,0.006768308503607093,0.023,0.026000000000000002,0.024500000000000004,0.025,0.000741619848709567,1.1420000000000001,1.274,1.2203000000000002,1.2175,0.03062205087841114,0.073,0.077,0.0758,0.076,0.0009273618495495711,0.653,0.778,0.728,0.729,0.021904337470008084,0.013000000000000001,0.014,0.013750000000000004,0.014,0.00043301270189221897,64,64,8192,24576,152064,True,1016,1
0.048,0.058,0.05580952380952381,0.057,0.0023828563815612965,0.021,0.023,0.022000000000000002,0.022,0.000707106781186547,0.5730000000000001,0.612,0.60055,0.6074999999999999,0.01465767716931981,0.039,0.042,0.040900000000000006,0.041,0.0008306623862918082,0.259,0.274,0.26780000000000004,0.2705,0.005114684741017773,0.022,0.025,0.023800000000000005,0.024,0.0006000000000000005,1.133,1.195,1.1787500000000002,1.1905000000000001,0.0225983959607756,0.07200000000000001,0.076,0.07444999999999999,0.075,0.001071214264281425,0.6920000000000001,0.762,0.7256,0.724,0.016557173671855958,0.013000000000000001,0.014,0.013350000000000004,0.013000000000000001,0.0004769696007084724,64,64,8192,24576,152064,True,1008,1
0.052000000000000005,0.058,0.05723809523809525,0.058,0.0013058389715049606,0.023,0.024,0.023050000000000005,0.023,0.00021794494717703388,0.605,0.631,0.6224000000000001,0.624,0.005902541825349487,0.04,0.042,0.041150000000000006,0.041,0.0005722761571129803,0.261,0.277,0.27059999999999995,0.2735,0.005774080013300825,0.023,0.025,0.024050000000000005,0.024,0.0003840572873934307,1.172,1.238,1.2214999999999998,1.2275,0.016764545922869488,0.074,0.076,0.07525,0.075,0.0005361902647381809,0.655,0.764,0.72685,0.7284999999999999,0.019061151591653634,0.013000000000000001,0.014,0.013100000000000004,0.013000000000000001,0.00029999999999999976,64,64,8192,24576,152064,True,1000,1
0.054,0.058,0.056857142857142856,0.057,0.0007095078297976834,0.022,0.024,0.022850000000000002,0.023,0.0004769696007084733,0.61,0.624,0.61415,0.613,0.003424543765233556,0.041,0.043000000000000003,0.04130000000000001,0.041,0.0005567764362830027,0.259,0.275,0.26875000000000004,0.2715,0.005734762418792958,0.023,0.024,0.023850000000000003,0.024,0.00035707142142714284,1.191,1.218,1.201,1.1995,0.008972179222463166,0.074,0.076,0.07499999999999998,0.075,0.0003162277660168382,0.718,0.733,0.7257999999999999,0.7264999999999999,0.00506557005676558,0.013000000000000001,0.014,0.013050000000000003,0.013000000000000001,0.0002179449471770335,64,64,8192,24576,152064,True,992,1
0.052000000000000005,0.057,0.05614285714285715,0.056,0.001036740050337011,0.022,0.023,0.022700000000000005,0.023,0.00045825756949558437,0.608,0.624,0.619,0.619,0.00420713679359253,0.04,0.042,0.04080000000000001,0.041,0.000509901951359279,0.23700000000000002,0.276,0.2653500000000001,0.27,0.01080867706983607,0.023,0.024,0.023300000000000005,0.023,0.0004582575694955844,1.192,1.229,1.2102,1.209,0.00809691299199888,0.074,0.076,0.0748,0.075,0.000509901951359279,0.72,0.761,0.72775,0.726,0.008178477853488393,0.013000000000000001,0.013000000000000001,0.013000000000000003,0.013000000000000001,1.734723475976807e-18,64,64,8192,24576,152064,True,984,1
0.051000000000000004,0.057,0.05576190476190476,0.056,0.0011914281907806476,0.022,0.023,0.022400000000000003,0.022,0.000489897948556636,0.607,0.633,0.6127,0.61,0.007142128534267645,0.04,0.041,0.04020000000000001,0.04,0.00040000000000000034,0.257,0.278,0.26975000000000005,0.272,0.00553962995154009,0.023,0.024,0.023100000000000002,0.023,0.00030000000000000024,1.186,1.236,1.1964000000000001,1.1925,0.01389388354636674,0.073,0.075,0.07395,0.074,0.0004974937185533104,0.718,0.764,0.73215,0.727,0.01462626062942953,0.013000000000000001,0.014,0.013050000000000003,0.013000000000000001,0.00021794494717703353,64,64,8192,24576,152064,True,976,1
0.051000000000000004,0.057,0.05542857142857144,0.056,0.0011368891796488874,0.022,0.023,0.022050000000000004,0.022,0.00021794494717703388,0.598,0.611,0.60085,0.6,0.003054095610815093,0.039,0.041,0.04000000000000001,0.04,0.00044721359549995833,0.255,0.273,0.26435,0.2635,0.007370719096533261,0.023,0.023,0.023000000000000003,0.023,3.469446951953614e-18,1.167,1.188,1.17335,1.1715,0.005179527005432065,0.073,0.075,0.0738,0.074,0.000509901951359279,0.649,0.76,0.7185,0.72,0.01882418656941117,0.013000000000000001,0.013000000000000001,0.013000000000000003,0.013000000000000001,1.734723475976807e-18,64,64,8192,24576,152064,True,968,1
0.051000000000000004,0.056,0.05471428571428573,0.055,0.0009828460685976327,0.021,0.022,0.021500000000000002,0.0215,0.0004999999999999987,0.602,0.616,0.60755,0.607,0.0035703641270884434,0.039,0.041,0.039700000000000006,0.04,0.0005567764362830027,0.257,0.276,0.26854999999999996,0.2715,0.006614189292725155,0.022,0.023,0.022750000000000003,0.023,0.00043301270189221973,1.177,1.202,1.1860499999999998,1.186,0.007499833331481446,0.073,0.074,0.07345,0.073,0.0004974937185533104,0.712,0.759,0.7253,0.724,0.01181143513718804,0.013000000000000001,0.013000000000000001,0.013000000000000003,0.013000000000000001,1.734723475976807e-18,64,64,8192,24576,152064,True,960,1
0.051000000000000004,0.057,0.055285714285714285,0.055,0.0011187942975686407,0.021,0.022,0.021950000000000004,0.022,0.0002179449471770331,0.609,0.62,0.6129,0.613,0.0022338307903688698,0.039,0.04,0.03960000000000001,0.04,0.000489897948556636,0.23600000000000002,0.277,0.26670000000000005,0.272,0.011358256908522543,0.022,0.023,0.022500000000000003,0.0225,0.0005000000000000004,1.19,1.208,1.1981500000000003,1.1985000000000001,0.004932291556670189,0.073,0.074,0.0733,0.073,0.0004582575694955844,0.715,0.764,0.7270999999999999,0.7244999999999999,0.01271573827978542,0.012,0.013000000000000001,0.012850000000000004,0.013000000000000001,0.00035707142142714284,64,64,8192,24576,152064,True,952,1
0.046,0.056,0.05280952380952382,0.053,0.0023828563815612956,0.02,0.022,0.021050000000000003,0.021,0.0008046738469715533,0.5680000000000001,0.62,0.5962500000000001,0.5985,0.019567511338951588,0.037,0.04,0.03855000000000001,0.039,0.0009205976319760993,0.25,0.275,0.2637,0.265,0.006746109990209178,0.02,0.023,0.021650000000000003,0.022,0.0007921489758877423,1.119,1.21,1.1670500000000001,1.1644999999999999,0.03327833379242417,0.07,0.074,0.0721,0.07200000000000001,0.0010440306508910505,0.645,0.771,0.7351,0.7375,0.030316497159137635,0.012,0.013000000000000001,0.012100000000000003,0.012,0.00030000000000000024,64,64,8192,24576,152064,True,944,1
0.046,0.055,0.05280952380952382,0.053,0.0019178124348192631,0.02,0.022,0.0211,0.021,0.0006999999999999993,0.5700000000000001,0.622,0.5959,0.5965,0.015224651063324879,0.036000000000000004,0.04,0.03835000000000001,0.038,0.0007921489758877426,0.251,0.274,0.26084999999999997,0.2575,0.007087136234051106,0.021,0.023,0.021750000000000002,0.022,0.0005361902647381794,1.121,1.215,1.16695,1.165,0.026481078150256663,0.07,0.074,0.07200000000000001,0.07200000000000001,0.0008366600265340722,0.6990000000000001,0.754,0.7270999999999999,0.723,0.014614718608307178,0.012,0.013000000000000001,0.012150000000000003,0.012,0.0003570714214271428,64,64,8192,24576,152064,True,936,1
0.044,0.054,0.05152380952380953,0.053,0.002322130540997449,0.019,0.021,0.020600000000000004,0.021,0.0006633249580710807,0.5650000000000001,0.604,0.5908,0.597,0.014228843944607692,0.036000000000000004,0.039,0.03795000000000001,0.038,0.000804673846971554,0.258,0.272,0.26715,0.269,0.004441565039487775,0.02,0.022,0.021450000000000004,0.022,0.0007399324293474362,1.115,1.181,1.15895,1.1684999999999999,0.022513273862323963,0.069,0.073,0.07160000000000002,0.07200000000000001,0.0010677078252031293,0.709,0.759,0.7309000000000001,0.726,0.015977797094718672,0.012,0.013000000000000001,0.012050000000000002,0.012,0.00021794494717703388,64,64,8192,24576,152064,True,928,1
0.05,0.054,0.05338095238095239,0.054,0.0008984743935292001,0.02,0.021,0.020900000000000005,0.021,0.0003000000000000003,0.606,0.623,0.6114499999999999,0.6105,0.003840247387864488,0.037,0.039,0.038200000000000005,0.038,0.0005099019513592789,0.255,0.272,0.26615,0.27,0.006076800144813063,0.022,0.022,0.022000000000000002,0.022,3.469446951953614e-18,1.184,1.216,1.1948000000000003,1.194,0.008429709366283039,0.07100000000000001,0.073,0.07215000000000002,0.07200000000000001,0.0004769696007084683,0.716,0.735,0.7257,0.726,0.004879549159502346,0.012,0.013000000000000001,0.012050000000000002,0.012,0.0002179449471770339,64,64,8192,24576,152064,True,920,1
0.047,0.052000000000000005,0.05133333333333335,0.052000000000000005,0.0010837911120705765,0.02,0.021,0.020400000000000005,0.02,0.000489897948556636,0.59,0.602,0.5940999999999999,0.5934999999999999,0.0031764760348537207,0.037,0.039,0.03735000000000001,0.037,0.0005722761571129803,0.253,0.271,0.26585000000000003,0.267,0.005341114115987418,0.021,0.022,0.021150000000000002,0.021,0.0003570714214271416,1.1440000000000001,1.176,1.1591,1.1585,0.0073885045848263095,0.07,0.07200000000000001,0.071,0.07100000000000001,0.00044721359549995833,0.71,0.763,0.7311,0.7204999999999999,0.01819587865424477,0.012,0.013000000000000001,0.012050000000000002,0.012,0.0002179449471770339,64,64,8192,24576,152064,True,912,1
0.047,0.053,0.052428571428571435,0.053,0.0013299276232160886,0.02,0.021,0.020800000000000006,0.021,0.0004000000000000003,0.601,0.615,0.6116999999999999,0.612,0.0028301943396169833,0.037,0.039,0.03785000000000001,0.038,0.00047696960070847314,0.258,0.275,0.26815,0.271,0.005926845704082405,0.021,0.022,0.021450000000000004,0.021,0.0004974937185533087,1.166,1.204,1.1972,1.198,0.008059776671843965,0.07,0.07200000000000001,0.07115,0.07100000000000001,0.0004769696007084733,0.713,0.732,0.7222500000000001,0.7215,0.004877243073704657,0.012,0.012,0.012000000000000002,0.012,1.734723475976807e-18,64,64,8192,24576,152064,True,904,1
0.046,0.052000000000000005,0.05138095238095239,0.052000000000000005,0.001290115922299436,0.02,0.021,0.020750000000000005,0.021,0.00043301270189221973,0.597,0.61,0.60595,0.607,0.0034996428389194264,0.036000000000000004,0.038,0.03695000000000001,0.037,0.000589491306127578,0.189,0.193,0.191,0.191,0.0011832159566199244,0.021,0.021,0.021000000000000005,0.021,3.469446951953614e-18,1.163,1.19,1.1808999999999998,1.1829999999999998,0.007936623967405802,0.07,0.07100000000000001,0.07039999999999999,0.07,0.000489897948556636,0.507,0.517,0.51495,0.516,0.0030899029110960778,0.012,0.013000000000000001,0.012050000000000002,0.012,0.00021794494717703388,64,64,8192,24576,152064,True,896,1
0.049,0.054,0.05285714285714286,0.053,0.0010367400503370104,0.021,0.022,0.021050000000000006,0.021,0.00021794494717703312,0.616,0.629,0.6201499999999999,0.62,0.0032291639784935077,0.036000000000000004,0.038,0.037200000000000004,0.037,0.000509901951359278,0.193,0.198,0.1952,0.195,0.0011661903789690613,0.021,0.022,0.0211,0.021,0.00029999999999999927,1.2,1.218,1.2101,1.2115,0.004624932431938879,0.07,0.07100000000000001,0.07055,0.07100000000000001,0.0004974937185533104,0.525,0.531,0.5275999999999998,0.527,0.002034698994937582,0.011,0.012,0.011900000000000003,0.012,0.00030000000000000024,64,64,8192,24576,152064,True,888,1
0.047,0.052000000000000005,0.0510952380952381,0.051000000000000004,0.0010647942749999007,0.02,0.022,0.021000000000000005,0.021,0.00031622776601683767,0.611,0.622,0.6144999999999999,0.614,0.002924038303442692,0.036000000000000004,0.038,0.03675000000000001,0.037,0.000536190264738178,0.192,0.195,0.19330000000000003,0.193,0.0008426149773176364,0.021,0.021,0.021000000000000005,0.021,3.469446951953614e-18,1.193,1.208,1.20095,1.2015,0.005757386559889844,0.07,0.07100000000000001,0.07025,0.07,0.00043301270189221973,0.52,0.523,0.5216000000000001,0.522,0.0007348469228349541,0.011,0.012,0.011800000000000001,0.012,0.0004000000000000004,64,64,8192,24576,152064,True,880,1
0.047,0.052000000000000005,0.051285714285714296,0.051000000000000004,0.0010753895038701166,0.02,0.021,0.020950000000000003,0.021,0.00021794494717703385,0.61,0.617,0.61265,0.612,0.0020068632240389495,0.036000000000000004,0.037,0.03645000000000001,0.036000000000000004,0.0004974937185533069,0.192,0.196,0.19355000000000003,0.193,0.0010712142642814286,0.02,0.021,0.020800000000000006,0.021,0.0004000000000000003,1.191,1.203,1.19725,1.1975,0.003985912693474355,0.07,0.07,0.07000000000000002,0.07,1.3877787807814457e-17,0.521,0.522,0.5216000000000002,0.522,0.000489897948556636,0.011,0.012,0.01105,0.011,0.00021794494717703388,64,64,8192,24576,152064,True,872,1
0.044,0.051000000000000004,0.04885714285714287,0.049,0.0012065580437447558,0.02,0.021,0.020150000000000005,0.02,0.0003570714214271428,0.591,0.615,0.5973499999999999,0.596,0.006239190652640779,0.035,0.037,0.03575000000000001,0.036000000000000004,0.00053619026473818,0.187,0.193,0.18875000000000003,0.188,0.0014448183276799902,0.02,0.021,0.020100000000000003,0.02,0.00030000000000000024,1.151,1.199,1.1648,1.162,0.011681609478149854,0.068,0.07,0.0689,0.069,0.0006244997998398404,0.5,0.525,0.50675,0.505,0.00629185982043466,0.011,0.012,0.011100000000000002,0.011,0.00030000000000000024,64,64,8192,24576,152064,True,864,1
0.041,0.051000000000000004,0.04890476190476191,0.05,0.0025242587201330627,0.019,0.021,0.020550000000000006,0.021,0.0008046738469715548,0.56,0.631,0.6047499999999999,0.6154999999999999,0.025760192157668366,0.034,0.037,0.03560000000000001,0.036000000000000004,0.0009695359714832657,0.18,0.198,0.19180000000000003,0.1945,0.006493073232299176,0.019,0.021,0.020050000000000005,0.02,0.0007399324293474377,1.103,1.232,1.1857000000000002,1.2065000000000001,0.046663797530848275,0.066,0.07,0.06875,0.069,0.0010897247358851697,0.455,0.534,0.5126000000000001,0.524,0.02781258707851537,0.011,0.011,0.011000000000000001,0.011,1.734723475976807e-18,64,64,8192,24576,152064,True,856,1
0.039,0.05,0.04742857142857144,0.049,0.002682774480191101,0.019,0.021,0.019850000000000003,0.02,0.0006538348415311017,0.557,0.617,0.5928000000000001,0.5994999999999999,0.021205188044438533,0.034,0.036000000000000004,0.03520000000000001,0.035,0.0007483314773547889,0.179,0.193,0.18775000000000003,0.19,0.004988737315193098,0.019,0.021,0.019950000000000002,0.02,0.0006689544080129831,1.096,1.206,1.1607500000000002,1.169,0.037893106233192336,0.066,0.069,0.0681,0.068,0.0008888194417315596,0.457,0.526,0.502,0.5115000000000001,0.025633961847517834,0.011,0.011,0.011000000000000001,0.011,1.734723475976807e-18,64,64,8192,24576,152064,True,848,1
0.046,0.051000000000000004,0.049476190476190486,0.05,0.0009571310115353236,0.02,0.021,0.020650000000000005,0.021,0.0004769696007084733,0.62,0.628,0.6222999999999999,0.6214999999999999,0.002238302928559941,0.035,0.036000000000000004,0.03555000000000001,0.036000000000000004,0.0004974937185533104,0.195,0.197,0.19549999999999998,0.195,0.0005916079783099622,0.02,0.021,0.020850000000000004,0.021,0.00035707142142714284,1.209,1.224,1.2174,1.2195,0.005660388679233957,0.069,0.07,0.06915,0.069,0.00035707142142714284,0.53,0.532,0.5312500000000001,0.531,0.0006224949798994372,0.011,0.011,0.011000000000000001,0.011,1.734723475976807e-18,64,64,8192,24576,152064,True,840,1
0.041,0.049,0.04695238095238096,0.047,0.001557659736552012,0.019,0.021,0.020050000000000005,0.02,0.0004974937185533105,0.581,0.619,0.5909,0.5845,0.013830762813380915,0.034,0.036000000000000004,0.03480000000000001,0.035,0.0006000000000000006,0.185,0.194,0.1879,0.187,0.002879236009777596,0.019,0.021,0.020150000000000005,0.02,0.00047696960070847325,1.1320000000000001,1.21,1.15355,1.141,0.028267428252318934,0.067,0.069,0.06765000000000002,0.068,0.0006538348415311016,0.494,0.531,0.50375,0.496,0.0146385620878555,0.011,0.012,0.011100000000000002,0.011,0.00030000000000000024,64,64,8192,24576,152064,True,832,1
0.041,0.051000000000000004,0.04761904761904763,0.048,0.0020348438684972864,0.019,0.021,0.020050000000000005,0.02,0.0006689544080129831,0.5750000000000001,0.626,0.6011,0.6105,0.019073279738943696,0.034,0.036000000000000004,0.03465000000000001,0.035,0.0005722761571129804,0.185,0.197,0.19090000000000001,0.193,0.004570557952810579,0.019,0.021,0.020300000000000006,0.0205,0.0007810249675906661,1.121,1.222,1.17675,1.1920000000000002,0.03789178670899538,0.067,0.069,0.06785,0.068,0.0007921489758877438,0.488,0.532,0.5137500000000002,0.521,0.01745530005471119,0.01,0.011,0.010900000000000002,0.011,0.00029999999999999976,64,64,8192,24576,152064,True,824,1
0.038,0.049,0.04585714285714287,0.046,0.0022527383185742614,0.018000000000000002,0.02,0.019750000000000007,0.02,0.0006224949798994361,0.553,0.616,0.5962,0.6,0.018589244201957195,0.032,0.035,0.034100000000000005,0.034,0.0008306623862918082,0.178,0.194,0.18875,0.189,0.004794528131109467,0.018000000000000002,0.021,0.019850000000000007,0.02,0.0007921489758877429,1.091,1.206,1.1659,1.169,0.034650974012284265,0.065,0.068,0.06705000000000001,0.067,0.0008046738469715546,0.45,0.522,0.5070000000000001,0.509,0.019626512680555354,0.01,0.011,0.010950000000000001,0.011,0.00021794494717703347,64,64,8192,24576,152064,True,816,1
0.042,0.048,0.04695238095238096,0.047,0.0012140522651411388,0.02,0.02,0.020000000000000004,0.02,3.469446951953614e-18,0.602,0.619,0.6106499999999999,0.61,0.0036643553321150536,0.034,0.035,0.03450000000000001,0.0345,0.0005000000000000004,0.189,0.196,0.19290000000000002,0.193,0.0014106735979665897,0.019,0.021,0.020050000000000005,0.02,0.0003840572873934307,1.181,1.206,1.1955,1.1935,0.006844705983459052,0.067,0.068,0.06765000000000002,0.068,0.0004769696007084732,0.52,0.524,0.522,0.521,0.0014832396974191343,0.01,0.011,0.010950000000000001,0.011,0.00021794494717703347,64,64,8192,24576,152064,True,808,1
0.04,0.048,0.046333333333333344,0.047,0.0016134356520092778,0.02,0.021,0.020050000000000005,0.02,0.00021794494717703388,0.607,0.613,0.60985,0.61,0.0016815171720800254,0.033,0.035,0.03430000000000001,0.034,0.0005567764362830027,0.191,0.193,0.1917,0.192,0.0007141428428542857,0.019,0.02,0.019700000000000002,0.02,0.0004582575694955845,1.185,1.2,1.1915499999999999,1.1905000000000001,0.004421255477802671,0.067,0.068,0.06709999999999999,0.067,0.00030000000000000024,0.52,0.522,0.5210000000000001,0.521,0.0003162277660168382,0.01,0.011,0.0105,0.010499999999999999,0.0004999999999999996,64,64,8192,24576,152064,True,800,1
0.043000000000000003,0.047,0.04657142857142858,0.047,0.0009035079029052507,0.017,0.018000000000000002,0.017750000000000005,0.018000000000000002,0.00043301270189221973,0.62,0.628,0.6242500000000001,0.625,0.0023848480035423662,0.034,0.035,0.03415000000000001,0.034,0.00035707142142714284,0.195,0.198,0.19640000000000005,0.196,0.0006633249580710806,0.017,0.018000000000000002,0.017150000000000006,0.017,0.00035707142142714284,1.211,1.23,1.22255,1.2235,0.006216711349258538,0.058,0.06,0.05850000000000001,0.058,0.0005916079783099612,0.527,0.534,0.53115,0.531,0.0018513508581573634,0.01,0.011,0.0103,0.01,0.0004582575694955836,64,64,8192,24576,152064,True,792,1
0.04,0.046,0.044666666666666674,0.045,0.0012084359562332873,0.017,0.017,0.017000000000000005,0.017,3.469446951953614e-18,0.591,0.606,0.6008,0.601,0.0036551333764994164,0.033,0.034,0.03345000000000001,0.033,0.0004974937185533104,0.187,0.191,0.18954999999999997,0.19,0.001023474474522937,0.016,0.017,0.016900000000000005,0.017,0.0003000000000000003,1.154,1.184,1.1736,1.1755,0.009079647570252938,0.056,0.058,0.057100000000000005,0.057,0.00043588989435406776,0.503,0.521,0.5121000000000001,0.5115000000000001,0.004938623289946303,0.01,0.011,0.010150000000000001,0.01,0.00035707142142714214,64,64,8192,24576,152064,True,784,1
0.039,0.047,0.04414285714285715,0.044,0.0016700645635000164,0.016,0.018000000000000002,0.017150000000000006,0.017,0.00047696960070847325,0.5740000000000001,0.61,0.589,0.581,0.013416407864998725,0.032,0.034,0.03305000000000001,0.033,0.0005894913061275804,0.183,0.194,0.18755000000000005,0.186,0.003338787204959313,0.016,0.017,0.016450000000000003,0.016,0.0004974937185533105,1.12,1.193,1.1534,1.135,0.02603344003392556,0.055,0.058,0.05665,0.057,0.0007262919523166982,0.488,0.522,0.5022500000000001,0.492,0.013776338410477595,0.01,0.01,0.010000000000000002,0.01,1.734723475976807e-18,64,64,8192,24576,152064,True,776,1
0.035,0.048,0.044285714285714296,0.046,0.003282607226593158,0.015,0.018000000000000002,0.016950000000000003,0.017,0.0010712142642814284,0.47600000000000003,0.51,0.49035,0.4935,0.00986040060038129,0.032,0.034,0.033100000000000004,0.033,0.0008306623862918082,0.164,0.201,0.18439999999999998,0.1905,0.013672600337902078,0.015,0.018000000000000002,0.016700000000000003,0.017,0.0011000000000000012,0.9410000000000001,0.99,0.9609999999999997,0.9605,0.012763228431709558,0.055,0.058,0.05700000000000001,0.057,0.0008366600265340763,0.442,0.5740000000000001,0.5203,0.5415000000000001,0.04625483758484081,0.009000000000000001,0.01,0.009950000000000004,0.01,0.00021794494717703353,64,64,8192,24576,152064,True,768,1
0.04,0.046,0.04490476190476191,0.045,0.0011507662831994826,0.017,0.018000000000000002,0.017450000000000004,0.017,0.0004974937185533104,0.484,0.49,0.48719999999999997,0.4875,0.001691153452528778,0.032,0.034,0.03305000000000001,0.033,0.0004974937185533105,0.183,0.188,0.18594999999999998,0.187,0.0017168284713389409,0.017,0.018000000000000002,0.017150000000000006,0.017,0.00035707142142714284,0.9480000000000001,0.9560000000000001,0.9532000000000002,0.9540000000000001,0.0022715633383201114,0.056,0.057,0.05650000000000001,0.0565,0.0005000000000000006,0.52,0.532,0.5260499999999999,0.526,0.0042364489847040564,0.009000000000000001,0.01,0.009450000000000004,0.009000000000000001,0.0004974937185533096,64,64,8192,24576,152064,True,760,1
0.039,0.044,0.043428571428571434,0.044,0.0010942024088643851,0.017,0.017,0.017000000000000005,0.017,3.469446951953614e-18,0.47900000000000004,0.485,0.48184999999999995,0.482,0.0013883443376914773,0.032,0.033,0.032350000000000004,0.032,0.00047696960070847314,0.18,0.181,0.18040000000000003,0.18,0.0004898979485566361,0.016,0.017,0.016600000000000004,0.017,0.0004898979485566361,0.9450000000000001,0.9540000000000001,0.9483499999999999,0.9480000000000001,0.002151162476429897,0.055,0.057,0.05605,0.056,0.00038405728739343076,0.51,0.513,0.5107999999999999,0.51,0.0012884098726725136,0.009000000000000001,0.01,0.009300000000000003,0.009000000000000001,0.00045825756949558356,64,64,8192,24576,152064,True,752,1
0.038,0.044,0.04280952380952382,0.043000000000000003,0.0011799534946060827,0.016,0.017,0.016950000000000003,0.017,0.00021794494717703385,0.47900000000000004,0.484,0.48119999999999996,0.481,0.0010770329614268963,0.031,0.032,0.03185,0.032,0.0003570714214271428,0.176,0.178,0.1774,0.177,0.0005830951894845307,0.016,0.017,0.016800000000000002,0.017,0.0004000000000000004,0.9440000000000001,0.9580000000000001,0.9502500000000002,0.9495,0.0036176649927819496,0.055,0.057,0.05555000000000001,0.0555,0.0005894913061275802,0.497,0.503,0.49844999999999995,0.497,0.0020609463845524967,0.009000000000000001,0.01,0.009100000000000002,0.009000000000000001,0.00029999999999999976,64,64,8192,24576,152064,True,744,1
0.038,0.045,0.04304761904761906,0.043000000000000003,0.0015576597365520107,0.017,0.018000000000000002,0.017250000000000005,0.017,0.00043301270189221973,0.48,0.5,0.48655,0.482,0.007586006854729312,0.031,0.033,0.03200000000000001,0.032,0.0005477225575051665,0.181,0.195,0.1854,0.181,0.005825804665451809,0.016,0.018000000000000002,0.017000000000000005,0.017,0.0005477225575051665,0.9460000000000001,0.966,0.95245,0.9480000000000001,0.0073517004835615745,0.055,0.057,0.05585,0.056,0.0007262919523166982,0.51,0.555,0.5242,0.51,0.01854076589572288,0.009000000000000001,0.01,0.009100000000000002,0.009000000000000001,0.00029999999999999976,64,64,8192,24576,152064,True,736,1
0.037,0.045,0.04271428571428572,0.042,0.0016659862556700849,0.017,0.018000000000000002,0.017350000000000004,0.017,0.0004769696007084732,0.47600000000000003,0.492,0.4841000000000001,0.4805,0.005812916651733436,0.031,0.032,0.031650000000000005,0.032,0.0004769696007084733,0.17500000000000002,0.189,0.182,0.178,0.0063718129288296,0.016,0.018000000000000002,0.016900000000000005,0.017,0.0004358898943540677,0.9440000000000001,0.9560000000000001,0.9497500000000002,0.9495,0.004345975149491773,0.055,0.057,0.05550000000000001,0.055,0.0005916079783099622,0.493,0.537,0.5152499999999999,0.517,0.020899461715556237,0.009000000000000001,0.009000000000000001,0.009000000000000003,0.009000000000000001,1.734723475976807e-18,64,64,8192,24576,152064,True,728,1
0.033,0.044,0.040142857142857154,0.039,0.002587252896610691,0.015,0.018000000000000002,0.016150000000000005,0.016,0.0009096702699330133,0.47300000000000003,0.5,0.4811000000000001,0.47600000000000003,0.008098765338000583,0.03,0.032,0.031100000000000006,0.031,0.0007681145747868615,0.164,0.194,0.1749,0.166,0.01153646392964499,0.015,0.017,0.015900000000000004,0.0155,0.0009433981132056612,0.9390000000000001,0.97,0.9478,0.9450000000000001,0.0075736384915045755,0.054,0.057,0.05465000000000001,0.054,0.0009096702699330135,0.45,0.552,0.48929999999999996,0.458,0.03979082808889507,0.009000000000000001,0.009000000000000001,0.009000000000000003,0.009000000000000001,1.734723475976807e-18,64,64,8192,24576,152064,True,720,1
0.033,0.043000000000000003,0.039476190476190484,0.039,0.0021295885499998004,0.015,0.018000000000000002,0.016300000000000002,0.016,0.0006403124237432853,0.47300000000000003,0.486,0.4778500000000001,0.47550000000000003,0.004860812689252672,0.03,0.032,0.030550000000000004,0.03,0.0006689544080129832,0.164,0.184,0.17060000000000003,0.165,0.008777243302996672,0.015,0.017,0.015900000000000004,0.016,0.0008306623862918082,0.9380000000000001,0.9500000000000001,0.9444500000000001,0.9445000000000001,0.0031697791721190956,0.053,0.059000000000000004,0.0546,0.054,0.0012000000000000012,0.451,0.526,0.47820000000000007,0.454,0.03447259781333575,0.009000000000000001,0.009000000000000001,0.009000000000000003,0.009000000000000001,1.734723475976807e-18,64,64,8192,24576,152064,True,712,1
0.033,0.044,0.04133333333333335,0.043000000000000003,0.0030131984799155,0.015,0.019,0.017050000000000003,0.017,0.0010712142642814284,0.47300000000000003,0.504,0.48955000000000004,0.491,0.010804975705664483,0.03,0.032,0.03130000000000001,0.032,0.0008426149773176365,0.16,0.177,0.1703,0.171,0.0057887822553625195,0.015,0.018000000000000002,0.017100000000000004,0.017,0.0009433981132056613,0.934,0.976,0.9540500000000002,0.9515,0.013097614286579028,0.053,0.057,0.05525,0.0555,0.0011346805717910226,0.389,0.447,0.42779999999999996,0.434,0.022222961098827487,0.008,0.009000000000000001,0.008950000000000003,0.009000000000000001,0.00021794494717703385,64,64,8192,24576,152064,True,704,1
0.036000000000000004,0.045,0.04338095238095239,0.044,0.0018892223261787956,0.017,0.019,0.018050000000000004,0.018000000000000002,0.0004974937185533094,0.484,0.515,0.5061500000000001,0.507,0.007656859669603466,0.031,0.033,0.03180000000000001,0.032,0.000509901951359279,0.166,0.18,0.17664999999999997,0.177,0.0033207679834640607,0.017,0.019,0.018100000000000005,0.018000000000000002,0.0005385164807134498,0.9430000000000001,0.999,0.9783999999999999,0.9795,0.011667904696216876,0.055,0.057,0.056499999999999995,0.057,0.0005916079783099622,0.425,0.46,0.45175,0.451,0.0071265349223869024,0.008,0.009000000000000001,0.008600000000000002,0.009000000000000001,0.000489897948556636,64,64,8192,24576,152064,True,696,1
0.034,0.045,0.04252380952380953,0.043000000000000003,0.002322130540997448,0.016,0.018000000000000002,0.017300000000000003,0.017,0.0006403124237432854,0.47700000000000004,0.505,0.4968000000000001,0.498,0.007325298628724966,0.029,0.033,0.03130000000000001,0.031,0.0008426149773176362,0.163,0.176,0.17309999999999998,0.17400000000000002,0.0035057096285916185,0.016,0.018000000000000002,0.017400000000000006,0.0175,0.0006633249580710806,0.9400000000000001,0.973,0.96165,0.9624999999999999,0.007275128864838035,0.053,0.057,0.055600000000000004,0.056,0.0008000000000000007,0.41300000000000003,0.456,0.44604999999999995,0.449,0.008771972412177318,0.008,0.009000000000000001,0.008300000000000002,0.008,0.0004582575694955844,64,64,8192,24576,152064,True,688,1
0.036000000000000004,0.041,0.04057142857142858,0.041,0.001094202408864386,0.017,0.017,0.017000000000000005,0.017,3.469446951953614e-18,0.482,0.49,0.48395,0.484,0.0019358460682605953,0.03,0.031,0.030600000000000006,0.031,0.000489897948556636,0.168,0.171,0.16905000000000003,0.169,0.00086458082328953,0.017,0.017,0.017000000000000005,0.017,3.469446951953614e-18,0.9410000000000001,0.9490000000000001,0.9452500000000003,0.9455,0.002094636006565343,0.053,0.054,0.0539,0.054,0.0003000000000000003,0.429,0.435,0.4309,0.4305,0.0017291616465790597,0.008,0.009000000000000001,0.008050000000000002,0.008,0.0002179449471770339,64,64,8192,24576,152064,True,680,1
0.036000000000000004,0.043000000000000003,0.04085714285714287,0.041,0.0014891900734392278,0.016,0.018000000000000002,0.016800000000000002,0.017,0.0006782329983125274,0.481,0.505,0.48605,0.482,0.007971668583176305,0.03,0.032,0.030350000000000005,0.03,0.0005722761571129804,0.167,0.176,0.16895000000000002,0.168,0.0030899029110960717,0.016,0.018000000000000002,0.016750000000000004,0.017,0.0006224949798994371,0.9390000000000001,0.966,0.9478000000000002,0.9445000000000001,0.008681013765684248,0.053,0.056,0.05395,0.054,0.00086458082328953,0.432,0.456,0.4402500000000001,0.437,0.00800546688207503,0.008,0.009000000000000001,0.008050000000000002,0.008,0.0002179449471770339,64,64,8192,24576,152064,True,672,1
0.031,0.042,0.03766666666666668,0.037,0.0027313581713714263,0.015,0.018000000000000002,0.0158,0.015,0.0010770329614269018,0.47000000000000003,0.496,0.4780499999999999,0.47100000000000003,0.010795716743227364,0.028,0.031,0.029300000000000003,0.029,0.0008999999999999993,0.159,0.176,0.1644,0.1605,0.006785278181474951,0.015,0.017,0.016000000000000004,0.016,0.0007745966692414842,0.933,0.9590000000000001,0.9435499999999999,0.9415,0.007378854924715629,0.051000000000000004,0.054,0.052600000000000015,0.052000000000000005,0.0011135528725660024,0.4,0.448,0.4196,0.40700000000000003,0.019708881246788202,0.008,0.008,0.008000000000000002,0.008,1.734723475976807e-18,64,64,8192,24576,152064,True,664,1
0.03,0.042,0.039095238095238107,0.04,0.0027586187348495697,0.014,0.016,0.015650000000000004,0.016,0.0007262919523166976,0.47000000000000003,0.495,0.48579999999999995,0.4875,0.008698275691193044,0.028,0.031,0.029850000000000005,0.03,0.0007921489758877425,0.159,0.17500000000000002,0.169,0.17,0.004847679857416333,0.014,0.016,0.015650000000000004,0.016,0.0006538348415311013,0.934,0.9570000000000001,0.9458500000000001,0.9470000000000001,0.006052065763026709,0.05,0.054,0.052400000000000016,0.053,0.000916515138991166,0.41000000000000003,0.458,0.44304999999999994,0.449,0.012905328356922964,0.008,0.008,0.008000000000000002,0.008,1.734723475976807e-18,64,64,8192,24576,152064,True,656,1
0.032,0.041,0.039000000000000014,0.04,0.00202366946294055,0.015,0.017,0.0158,0.016,0.000509901951359279,0.47300000000000003,0.493,0.4868,0.4905,0.007711031059462784,0.029,0.03,0.029550000000000003,0.03,0.0004974937185533088,0.163,0.179,0.17245000000000002,0.17400000000000002,0.005084043666216878,0.015,0.016,0.015750000000000004,0.016,0.0004330127018922198,0.931,0.9560000000000001,0.9463500000000001,0.9475,0.006389640052459925,0.051000000000000004,0.053,0.05215000000000001,0.052000000000000005,0.0006538348415310989,0.419,0.455,0.4459000000000001,0.451,0.011852847759083057,0.008,0.008,0.008000000000000002,0.008,1.734723475976807e-18,64,64,8192,24576,152064,True,648,1
0.033,0.038,0.036523809523809535,0.037,0.0010056529562829924,0.015,0.016,0.015100000000000002,0.015,0.0003000000000000003,0.638,0.671,0.6527,0.652,0.00793158243984138,0.029,0.03,0.029200000000000004,0.029,0.00039999999999999893,0.186,0.25,0.19585000000000002,0.19,0.017298193547304296,0.015,0.016,0.015050000000000003,0.015,0.00021794494717703385,0.767,0.793,0.7743,0.772,0.007218725649309585,0.052000000000000005,0.053,0.05230000000000001,0.052000000000000005,0.0004582575694955813,0.505,0.541,0.52355,0.527,0.011355505272774093,0.008,0.009000000000000001,0.008500000000000002,0.0085,0.0005000000000000004,64,64,8192,24576,152064,True,640,1
0.032,0.038,0.03638095238095239,0.036000000000000004,0.0012526615655205611,0.015,0.016,0.015150000000000002,0.015,0.0003570714214271428,0.639,0.661,0.64855,0.6485000000000001,0.005877712139940171,0.029,0.03,0.029150000000000002,0.029,0.0003570714214271416,0.183,0.195,0.19105,0.1915,0.003057368149242092,0.015,0.015,0.015000000000000003,0.015,3.469446951953614e-18,0.762,0.806,0.7797,0.7665,0.017748521065147953,0.051000000000000004,0.053,0.05170000000000001,0.052000000000000005,0.000640312423743284,0.505,0.545,0.5309,0.536,0.01286429166336026,0.008,0.009000000000000001,0.008500000000000002,0.0085,0.0005000000000000004,64,64,8192,24576,152064,True,632,1
0.029,0.037,0.03466666666666668,0.035,0.0017274625854492437,0.014,0.015,0.014750000000000003,0.015,0.000433012701892219,0.631,0.666,0.6495500000000001,0.649,0.007038998508310688,0.027,0.029,0.028550000000000002,0.029,0.0006689544080129831,0.181,0.193,0.19015,0.191,0.003118894034750142,0.014,0.015,0.014550000000000002,0.015,0.0004974937185533095,0.752,0.787,0.76795,0.759,0.014235431149073087,0.05,0.052000000000000005,0.05095000000000001,0.051000000000000004,0.000668954408012983,0.504,0.725,0.5356500000000001,0.5285,0.04450311786830221,0.008,0.009000000000000001,0.008100000000000001,0.008,0.00030000000000000024,64,64,8192,24576,152064,True,624,1
0.031,0.036000000000000004,0.0350952380952381,0.035,0.0010190921218587005,0.015,0.016,0.015050000000000003,0.015,0.00021794494717703388,0.647,0.669,0.6557999999999999,0.6555,0.007054076835419365,0.028,0.029,0.028500000000000004,0.0285,0.0005000000000000004,0.184,0.195,0.19275,0.1935,0.0024057223447438835,0.015,0.015,0.015000000000000003,0.015,3.469446951953614e-18,0.76,0.766,0.76275,0.762,0.0016085707942145426,0.05,0.052000000000000005,0.051050000000000005,0.051000000000000004,0.0003840572873934307,0.507,0.544,0.5323,0.5335000000000001,0.0075703368485160625,0.008,0.009000000000000001,0.008050000000000002,0.008,0.0002179449471770339,64,64,8192,24576,152064,True,616,1
0.029,0.035,0.03385714285714286,0.034,0.0013552618543578774,0.014,0.015,0.014400000000000001,0.014,0.0004898979485566351,0.639,0.661,0.6497,0.6505000000000001,0.006229767250869014,0.027,0.029,0.027750000000000004,0.028,0.0006982120021884477,0.181,0.194,0.19090000000000001,0.191,0.002736786436680804,0.014,0.015,0.014450000000000001,0.014,0.0004974937185533096,0.747,0.777,0.7581499999999999,0.7515000000000001,0.01022875847793857,0.049,0.051000000000000004,0.050050000000000004,0.05,0.0007399324293474377,0.506,0.71,0.5415,0.537,0.04015656857850281,0.008,0.008,0.008000000000000002,0.008,1.734723475976807e-18,64,64,8192,24576,152064,True,608,1
0.03,0.035,0.03357142857142858,0.034,0.0009547589359887353,0.015,0.015,0.015000000000000003,0.015,3.469446951953614e-18,0.63,0.665,0.6507,0.6505000000000001,0.008106170489201429,0.027,0.029,0.027850000000000003,0.028,0.0004769696007084733,0.18,0.196,0.19235,0.194,0.004350574674683798,0.014,0.015,0.014650000000000002,0.015,0.0004769696007084724,0.751,0.761,0.7545999999999999,0.753,0.0031048349392520077,0.05,0.051000000000000004,0.05010000000000001,0.05,0.0003000000000000003,0.505,0.544,0.5366500000000001,0.539,0.008026674280173583,0.008,0.008,0.008000000000000002,0.008,1.734723475976807e-18,64,64,8192,24576,152064,True,600,1
0.028,0.034,0.032809523809523816,0.033,0.0011388819755334667,0.014,0.015,0.014650000000000002,0.015,0.0004769696007084724,0.636,0.672,0.65075,0.6505000000000001,0.007340810581945299,0.026000000000000002,0.028,0.02745000000000001,0.0275,0.0005894913061275799,0.181,0.191,0.1877,0.1875,0.0023043437243605845,0.014,0.015,0.014350000000000002,0.014,0.0004769696007084724,0.751,0.754,0.7524500000000001,0.753,0.0009205976319760993,0.049,0.05,0.04955000000000001,0.05,0.0004974937185533104,0.509,0.7030000000000001,0.5417000000000001,0.5345,0.037702917658982316,0.008,0.008,0.008000000000000002,0.008,1.734723475976807e-18,64,64,8192,24576,152064,True,592,1
0.029,0.035,0.03380952380952382,0.034,0.0012580804584402772,0.015,0.016,0.015150000000000002,0.015,0.0003570714214271428,0.638,0.669,0.6519499999999999,0.6515,0.006734055241828661,0.027,0.029,0.027800000000000002,0.028,0.000509901951359279,0.18,0.193,0.1896,0.19,0.0028178005607210764,0.014,0.015,0.014950000000000001,0.015,0.00021794494717703347,0.75,0.811,0.7889,0.793,0.015584928617096724,0.049,0.051000000000000004,0.05025,0.05,0.0006224949798994372,0.506,0.539,0.5286,0.53,0.009123595782365643,0.008,0.008,0.008000000000000002,0.008,1.734723475976807e-18,64,64,8192,24576,152064,True,584,1
0.027,0.033,0.03133333333333334,0.031,0.0012084359562332882,0.014,0.015,0.014400000000000001,0.014,0.0004898979485566351,0.647,0.675,0.66115,0.6615,0.007901107517304147,0.026000000000000002,0.028,0.02695000000000001,0.027,0.0005894913061275793,0.164,0.169,0.16595,0.165,0.0018296174463532005,0.014,0.015,0.0142,0.014,0.0003999999999999996,0.74,0.755,0.7479500000000001,0.7455,0.004964624859946625,0.048,0.05,0.04875000000000001,0.049,0.0006224949798994372,0.394,0.443,0.43244999999999995,0.4295,0.010965742108950037,0.008,0.008,0.008000000000000002,0.008,1.734723475976807e-18,64,64,8192,24576,152064,True,576,1
0.027,0.033,0.031190476190476196,0.031,0.001179953494606083,0.014,0.015,0.014450000000000001,0.014,0.0004974937185533096,0.47000000000000003,0.483,0.476,0.47500000000000003,0.00379473319220204,0.026000000000000002,0.028,0.026650000000000007,0.027,0.0005722761571129788,0.164,0.17200000000000001,0.1664,0.165,0.0023748684174075855,0.014,0.015,0.0142,0.014,0.00039999999999999964,0.743,0.78,0.7511999999999999,0.745,0.01348925498313381,0.048,0.05,0.04885000000000001,0.049,0.0007262919523166982,0.551,0.584,0.57375,0.5785,0.011089972948569315,0.007,0.008,0.0079,0.008,0.00030000000000000003,64,64,8192,24576,152064,True,568,1
0.027,0.033,0.03142857142857144,0.031,0.0012936264483053457,0.014,0.015,0.014450000000000001,0.014,0.0004974937185533096,0.468,0.47900000000000004,0.47265000000000007,0.47100000000000003,0.003718534657630614,0.026000000000000002,0.028,0.026450000000000008,0.026000000000000002,0.0005894913061275787,0.193,0.20700000000000002,0.20140000000000002,0.2015,0.004054626986542662,0.014,0.015,0.014450000000000001,0.014,0.0004974937185533096,0.742,0.792,0.7613,0.7435,0.02257011298155153,0.048,0.05,0.04860000000000001,0.049,0.0005830951894845306,0.554,0.707,0.5821000000000001,0.5794999999999999,0.02981761224511445,0.007,0.008,0.007800000000000001,0.008,0.0004,64,64,8192,24576,152064,True,560,1
0.027,0.032,0.030857142857142864,0.031,0.0008883218145798875,0.014,0.015,0.014750000000000003,0.015,0.00043301270189221897,0.47200000000000003,0.485,0.47730000000000006,0.47700000000000004,0.0037696153649941356,0.026000000000000002,0.027,0.026100000000000005,0.026000000000000002,0.0002999999999999992,0.196,0.251,0.20810000000000003,0.20450000000000002,0.0142720005605381,0.014,0.015,0.014550000000000002,0.015,0.0004974937185533095,0.747,0.757,0.75075,0.7495,0.0029474565306379014,0.048,0.049,0.04850000000000001,0.0485,0.0005000000000000006,0.562,0.588,0.58105,0.5805,0.005625611077918545,0.007,0.008,0.0079,0.008,0.00030000000000000003,64,64,8192,24576,152064,True,552,1
0.027,0.032,0.03090476190476191,0.031,0.0009712418121129117,0.014,0.015,0.014850000000000002,0.015,0.0003570714214271422,0.47800000000000004,0.491,0.48214999999999997,0.482,0.0029542342493444796,0.025,0.026000000000000002,0.025850000000000005,0.026000000000000002,0.00035707142142714284,0.196,0.252,0.2072,0.20600000000000002,0.01074057726567804,0.014,0.015,0.014450000000000001,0.014,0.0004974937185533096,0.746,0.768,0.7593000000000001,0.7605,0.006253798845501834,0.048,0.049,0.04810000000000001,0.048,0.0003000000000000003,0.555,0.589,0.5785,0.583,0.01137760959077078,0.007,0.008,0.007250000000000001,0.007,0.00043301270189221935,64,64,8192,24576,152064,True,544,1
0.026000000000000002,0.031,0.029190476190476194,0.029,0.0009060141709733539,0.014,0.015,0.014150000000000001,0.014,0.0003570714214271422,0.47200000000000003,0.492,0.4789999999999999,0.47800000000000004,0.00451663591625447,0.025,0.026000000000000002,0.025450000000000007,0.025,0.0004974937185533104,0.195,0.20700000000000002,0.2031,0.20450000000000002,0.003973663297261109,0.014,0.015,0.014100000000000001,0.014,0.00029999999999999976,0.733,0.753,0.7381,0.7355,0.006495382975621997,0.046,0.048,0.04705000000000001,0.047,0.00038405728739343076,0.55,0.586,0.57575,0.58,0.01049225905131966,0.007,0.008,0.007200000000000001,0.007,0.0004,64,64,8192,24576,152064,True,536,1
0.024,0.03,0.029190476190476194,0.029,0.0012953781436890895,0.011,0.012,0.011650000000000002,0.012,0.0004769696007084732,0.47600000000000003,0.487,0.48155000000000003,0.4825,0.003122098653149813,0.019,0.021,0.019700000000000002,0.02,0.0005567764362830027,0.161,0.169,0.1649,0.164,0.0027184554438136397,0.011,0.012,0.011450000000000002,0.011,0.0004974937185533104,0.731,0.774,0.7514,0.7484999999999999,0.01590094336824078,0.037,0.039,0.038250000000000006,0.038,0.0006224949798994372,0.5640000000000001,0.588,0.58085,0.582,0.00567692698561464,0.007,0.008,0.0071,0.007,0.00030000000000000003,64,64,8192,24576,152064,True,528,1
0.026000000000000002,0.03,0.02895238095238096,0.029,0.0007853534524986016,0.011,0.012,0.011750000000000002,0.012,0.0004330127018922198,0.47900000000000004,0.489,0.48325000000000007,0.4835,0.0024874685927665473,0.019,0.021,0.019800000000000005,0.02,0.0005099019513592789,0.164,0.167,0.1655,0.1655,0.0009219544457292895,0.011,0.012,0.011150000000000002,0.011,0.0003570714214271428,0.741,0.754,0.7478499999999999,0.748,0.004982720140646075,0.037,0.039,0.037700000000000004,0.038,0.0005567764362830027,0.56,0.712,0.5848,0.579,0.029739872225683812,0.007,0.008,0.007050000000000001,0.007,0.0002179449471770337,64,64,8192,24576,152064,True,520,1
0.024,0.031,0.028523809523809528,0.028,0.0014677176197545178,0.011,0.012,0.011350000000000002,0.011,0.00047696960070847325,0.328,0.34,0.3326,0.33,0.004397726685459209,0.018000000000000002,0.02,0.019000000000000006,0.019,0.0007071067811865469,0.094,0.10300000000000001,0.09790000000000001,0.096,0.003491418050019221,0.011,0.012,0.011800000000000001,0.012,0.0004000000000000004,0.548,0.5640000000000001,0.55545,0.553,0.005444951790420192,0.037,0.039,0.038200000000000005,0.038,0.0005099019513592789,0.23,0.266,0.24245000000000005,0.232,0.014228404689212349,0.006,0.006,0.006000000000000001,0.006,8.673617379884035e-19,64,64,8192,24576,152064,True,512,1
0.024,0.031,0.029380952380952386,0.03,0.0016468206157895788,0.011,0.013000000000000001,0.011800000000000001,0.012,0.000509901951359279,0.327,0.35000000000000003,0.33920000000000006,0.3375,0.007884161337770817,0.018000000000000002,0.02,0.019350000000000006,0.019,0.0006538348415311009,0.094,0.105,0.10110000000000001,0.10200000000000001,0.004146082488325575,0.012,0.012,0.012000000000000002,0.012,1.734723475976807e-18,0.551,0.5720000000000001,0.5638000000000002,0.5655000000000001,0.006265780079128222,0.038,0.039,0.038450000000000005,0.038,0.0004974937185533104,0.229,0.273,0.2573500000000001,0.2555,0.015678887077850905,0.006,0.006,0.006000000000000001,0.006,8.673617379884035e-19,64,64,8192,24576,152064,True,504,1
0.024,0.029,0.027619047619047626,0.028,0.0009499970163457148,0.011,0.012,0.011300000000000001,0.011,0.0004582575694955844,0.327,0.331,0.3289500000000001,0.329,0.0012031209415515976,0.018000000000000002,0.019,0.018200000000000004,0.018000000000000002,0.00039999999999999893,0.095,0.097,0.09615000000000003,0.096,0.0005722761571129804,0.011,0.012,0.011950000000000002,0.012,0.00021794494717703385,0.546,0.553,0.5507500000000001,0.551,0.0015124483462254188,0.037,0.038,0.03735000000000001,0.037,0.00047696960070847325,0.23500000000000001,0.23800000000000002,0.23665000000000003,0.23650000000000002,0.0008529361054615997,0.006,0.006,0.006000000000000001,0.006,8.673617379884035e-19,64,64,8192,24576,152064,True,496,1
0.024,0.03,0.028142857142857147,0.028,0.0011664236870396086,0.011,0.012,0.011850000000000003,0.012,0.00035707142142714284,0.33,0.343,0.3362,0.333,0.005473572873361608,0.018000000000000002,0.02,0.018950000000000005,0.019,0.0008645808232895283,0.098,0.105,0.10055,0.0985,0.002765411361804968,0.012,0.013000000000000001,0.012100000000000003,0.012,0.00030000000000000024,0.555,0.5630000000000001,0.5585500000000001,0.5585,0.0030079062485390095,0.037,0.039,0.037700000000000004,0.038,0.0006403124237432856,0.245,0.269,0.25579999999999997,0.2475,0.010966312051004212,0.006,0.006,0.006000000000000001,0.006,8.673617379884035e-19,64,64,8192,24576,152064,True,488,1
0.022,0.029,0.02757142857142858,0.028,0.0015907898179514353,0.011,0.012,0.011800000000000001,0.012,0.0004000000000000004,0.325,0.34,0.3336,0.3335,0.0046303347611160945,0.017,0.019,0.018550000000000004,0.019,0.0005894913061275787,0.093,0.10200000000000001,0.09890000000000002,0.099,0.002913760456866696,0.011,0.012,0.011900000000000003,0.012,0.00030000000000000024,0.543,0.558,0.5522,0.5535000000000001,0.004273172123844303,0.036000000000000004,0.038,0.03705000000000001,0.037,0.0003840572873934298,0.229,0.263,0.25135,0.2515,0.011114292600071317,0.006,0.006,0.006000000000000001,0.006,8.673617379884035e-19,64,64,8192,24576,152064,True,480,1
0.022,0.028,0.027523809523809534,0.028,0.0013669238185149831,0.011,0.012,0.011900000000000003,0.012,0.00030000000000000024,0.328,0.34,0.33740000000000003,0.338,0.0025573423705088864,0.018000000000000002,0.02,0.018950000000000005,0.019,0.0003840572873934299,0.094,0.10200000000000001,0.1006,0.101,0.0015937377450509242,0.012,0.012,0.012000000000000002,0.012,1.734723475976807e-18,0.548,0.559,0.55565,0.556,0.0021742814905158915,0.037,0.038,0.03710000000000001,0.037,0.0003000000000000003,0.231,0.261,0.25775000000000003,0.259,0.006211883772254597,0.006,0.006,0.006000000000000001,0.006,8.673617379884035e-19,64,64,8192,24576,152064,True,472,1
0.022,0.028,0.02695238095238096,0.027,0.0012140522651411395,0.011,0.012,0.011950000000000002,0.012,0.00021794494717703385,0.327,0.337,0.33435000000000004,0.3345,0.0020068632240389495,0.017,0.019,0.018250000000000006,0.018000000000000002,0.0005361902647381794,0.093,0.101,0.09975000000000002,0.1,0.0016695807857064016,0.012,0.012,0.012000000000000002,0.012,1.734723475976807e-18,0.543,0.554,0.5501500000000001,0.55,0.0021971572542719853,0.036000000000000004,0.037,0.036750000000000005,0.037,0.0004330127018922167,0.256,0.259,0.25749999999999995,0.257,0.001161895003862226,0.006,0.006,0.006000000000000001,0.006,8.673617379884035e-19,64,64,8192,24576,152064,True,464,1
0.021,0.028,0.025619047619047625,0.025,0.0016754868653103977,0.011,0.012,0.011450000000000002,0.011,0.0004974937185533105,0.325,0.352,0.33245,0.331,0.007742577090349182,0.017,0.019,0.018150000000000006,0.018000000000000002,0.0006538348415311003,0.093,0.105,0.09765000000000001,0.0975,0.0038245914814526278,0.011,0.012,0.011850000000000003,0.012,0.00035707142142714284,0.54,0.5650000000000001,0.5486500000000001,0.5475000000000001,0.007037577708274352,0.035,0.037,0.03610000000000001,0.036000000000000004,0.000624499799839838,0.244,0.275,0.25565,0.254,0.008979281708466449,0.006,0.006,0.006000000000000001,0.006,8.673617379884035e-19,64,64,8192,24576,152064,True,456,1
0.021,0.028,0.026047619047619056,0.026000000000000002,0.0014301578493029717,0.011,0.012,0.011850000000000003,0.012,0.00035707142142714284,0.325,0.34700000000000003,0.33535,0.3355,0.005140768425050875,0.017,0.019,0.018100000000000005,0.018000000000000002,0.0006244997998398391,0.094,0.10400000000000001,0.09955,0.1,0.0026734808770589725,0.011,0.012,0.011950000000000002,0.012,0.00021794494717703385,0.541,0.5650000000000001,0.5524500000000001,0.5495000000000001,0.007010527797534227,0.035,0.037,0.03600000000000001,0.036000000000000004,0.0005477225575051647,0.254,0.275,0.26015000000000005,0.258,0.005893004327166243,0.005,0.006,0.005900000000000001,0.006,0.00030000000000000003,64,64,8192,24576,152064,True,448,1
0.021,0.026000000000000002,0.025238095238095243,0.026000000000000002,0.0012307474269828659,0.011,0.012,0.011450000000000002,0.011,0.0004974937185533104,0.323,0.333,0.32965,0.33,0.0028508770580296886,0.017,0.018000000000000002,0.017750000000000005,0.018000000000000002,0.0004330127018922198,0.094,0.099,0.0975,0.098,0.0015000000000000013,0.011,0.012,0.011900000000000003,0.012,0.00030000000000000024,0.543,0.5690000000000001,0.5563,0.558,0.007830070242341388,0.034,0.036000000000000004,0.03565000000000001,0.036000000000000004,0.0005722761571129804,0.252,0.262,0.25880000000000003,0.26,0.0031717503054307437,0.005,0.006,0.005450000000000001,0.005,0.0004974937185533101,64,64,8192,24576,152064,True,440,1
0.02,0.024,0.023428571428571434,0.024,0.0009035079029052514,0.011,0.012,0.01105,0.011,0.0002179449471770339,0.322,0.327,0.32465,0.3245,0.0011521718621802922,0.016,0.017,0.016900000000000005,0.017,0.0003000000000000003,0.095,0.097,0.09575000000000002,0.096,0.0005361902647381809,0.011,0.012,0.011300000000000001,0.011,0.0004582575694955844,0.549,0.5690000000000001,0.562,0.5635000000000001,0.005727128425310547,0.034,0.035,0.03420000000000001,0.034,0.0004000000000000003,0.262,0.269,0.2649,0.265,0.0014106735979665895,0.005,0.006,0.0056500000000000005,0.006,0.0004769696007084729,64,64,8192,24576,152064,True,432,1
0.02,0.024,0.02314285714285715,0.023,0.0008329931278350432,0.011,0.011,0.011000000000000001,0.011,1.734723475976807e-18,0.323,0.33,0.32470000000000004,0.3245,0.0014866068747318517,0.016,0.017,0.016850000000000004,0.017,0.00035707142142714284,0.096,0.099,0.09735,0.097,0.0007921489758877437,0.011,0.012,0.011400000000000002,0.011,0.000489897948556636,0.5630000000000001,0.602,0.57545,0.5765,0.008599273225104518,0.033,0.035,0.03400000000000001,0.034,0.0003162277660168382,0.267,0.274,0.2697,0.269,0.002368543856465404,0.005,0.006,0.005350000000000001,0.005,0.0004769696007084728,64,64,8192,24576,152064,True,424,1
0.019,0.024,0.02352380952380953,0.024,0.0010962728031639374,0.011,0.012,0.011300000000000001,0.011,0.0004582575694955844,0.325,0.331,0.32845,0.329,0.001687453703068622,0.016,0.017,0.016950000000000003,0.017,0.00021794494717703385,0.127,0.134,0.13135,0.131,0.0014239030865898152,0.011,0.012,0.011650000000000002,0.012,0.0004769696007084732,0.5730000000000001,0.612,0.59155,0.5914999999999999,0.010837319779355032,0.033,0.035,0.03400000000000001,0.034,0.0003162277660168382,0.28400000000000003,0.308,0.30179999999999996,0.3025,0.004935585071701221,0.005,0.006,0.0051,0.005,0.00030000000000000003,64,64,8192,24576,152064,True,416,1
0.02,0.023,0.02228571428571429,0.022,0.0006998542122237654,0.011,0.011,0.011000000000000001,0.011,1.734723475976807e-18,0.321,0.326,0.32325000000000004,0.323,0.0013738631664034098,0.016,0.017,0.016250000000000004,0.016,0.00043301270189221973,0.124,0.13,0.12684999999999996,0.127,0.001525614630239237,0.011,0.011,0.011000000000000001,0.011,1.734723475976807e-18,0.5710000000000001,0.631,0.60005,0.6014999999999999,0.014224890157748143,0.033,0.034,0.033100000000000004,0.033,0.00030000000000000024,0.28300000000000003,0.294,0.28659999999999997,0.28600000000000003,0.0026153393661243873,0.005,0.005,0.005000000000000001,0.005,8.673617379884035e-19,64,64,8192,24576,152064,True,408,1
0.019,0.024,0.02252380952380953,0.023,0.0009571310115353232,0.011,0.012,0.011250000000000001,0.011,0.0004330127018922198,0.322,0.331,0.32615000000000005,0.326,0.002174281490515892,0.016,0.017,0.016150000000000005,0.016,0.00035707142142714284,0.127,0.133,0.12935000000000002,0.129,0.001930673457630784,0.011,0.012,0.011300000000000001,0.011,0.00045825756949558437,0.595,0.634,0.6121,0.61,0.011527792503337325,0.033,0.034,0.033150000000000006,0.033,0.00035707142142714284,0.28500000000000003,0.308,0.29864999999999997,0.298,0.00534111411598741,0.005,0.005,0.005000000000000001,0.005,8.673617379884035e-19,64,64,8192,24576,152064,True,400,1
0.02,0.023,0.022047619047619052,0.022,0.0005753831415997415,0.011,0.012,0.011150000000000002,0.011,0.0003570714214271428,0.323,0.328,0.32545,0.3255,0.001243985530462474,0.015,0.017,0.015900000000000004,0.016,0.00043588989435406776,0.127,0.131,0.12919999999999998,0.129,0.0011224972160321835,0.011,0.012,0.01105,0.011,0.00021794494717703388,0.611,0.64,0.6256999999999999,0.6275,0.006878226515607063,0.032,0.033,0.03295000000000001,0.033,0.00021794494717703385,0.293,0.313,0.29719999999999996,0.297,0.004296510211788171,0.005,0.005,0.005000000000000001,0.005,8.673617379884035e-19,64,64,8192,24576,152064,True,392,1
0.018000000000000002,0.022,0.021047619047619055,0.021,0.0007853534524986011,0.011,0.012,0.011200000000000002,0.011,0.00040000000000000034,0.324,0.331,0.3276500000000001,0.3275,0.002151162476429897,0.015,0.016,0.015850000000000003,0.016,0.00035707142142714284,0.088,0.092,0.0892,0.089,0.0012083045973594582,0.011,0.012,0.011200000000000002,0.011,0.00040000000000000034,0.8240000000000001,0.84,0.83335,0.834,0.003927785635698526,0.032,0.033,0.03245000000000001,0.032,0.0004974937185533104,0.228,0.241,0.23225,0.229,0.005018714974971179,0.005,0.005,0.005000000000000001,0.005,8.673617379884035e-19,64,64,8192,24576,152064,True,384,1
0.019,0.022,0.02161904761904762,0.022,0.0007221786137191946,0.011,0.012,0.011550000000000001,0.012,0.0004974937185533104,0.33,0.335,0.3326,0.332,0.0011135528725660054,0.015,0.017,0.015950000000000002,0.016,0.00038405728739343076,0.092,0.093,0.09225000000000001,0.092,0.0004330127018922197,0.011,0.012,0.011250000000000001,0.011,0.0004330127018922198,0.614,0.619,0.6167499999999999,0.617,0.0014448183276799904,0.031,0.032,0.031700000000000006,0.032,0.0004582575694955844,0.247,0.25,0.24885000000000002,0.249,0.0009630680142129119,0.005,0.005,0.005000000000000001,0.005,8.673617379884035e-19,64,64,8192,24576,152064,True,376,1
0.018000000000000002,0.021,0.020476190476190485,0.021,0.0007315376902732009,0.011,0.012,0.01105,0.011,0.0002179449471770339,0.326,0.331,0.32870000000000005,0.329,0.0012688577540449532,0.015,0.016,0.015600000000000003,0.016,0.0004898979485566361,0.089,0.091,0.09005,0.09,0.00038405728739343076,0.011,0.012,0.01105,0.011,0.0002179449471770339,0.609,0.614,0.612,0.612,0.0014491376746189454,0.031,0.032,0.031400000000000004,0.031,0.000489897948556636,0.23600000000000002,0.24,0.2374,0.23750000000000002,0.0012409673645990837,0.005,0.005,0.005000000000000001,0.005,8.673617379884035e-19,64,64,8192,24576,152064,True,368,1
0.018000000000000002,0.022,0.021047619047619055,0.021,0.0008438116736509205,0.011,0.012,0.011600000000000003,0.012,0.0004898979485566361,0.329,0.339,0.33375000000000005,0.333,0.003344772040064916,0.015,0.017,0.015750000000000004,0.016,0.0005361902647381809,0.091,0.095,0.09255,0.091,0.0018296174463532002,0.011,0.012,0.011450000000000002,0.011,0.0004974937185533105,0.612,0.621,0.6169499999999999,0.617,0.0025588083163847995,0.031,0.032,0.03135,0.031,0.0004769696007084732,0.242,0.259,0.24985,0.245,0.007164321321660559,0.005,0.005,0.005000000000000001,0.005,8.673617379884035e-19,64,64,8192,24576,152064,True,360,1
0.017,0.021,0.019380952380952388,0.019,0.0007853534524986023,0.011,0.012,0.011100000000000002,0.011,0.00030000000000000024,0.325,0.337,0.32875,0.328,0.002405722344743884,0.015,0.016,0.015150000000000002,0.015,0.0003570714214271428,0.088,0.094,0.08925,0.089,0.0011779218989389757,0.011,0.012,0.011100000000000002,0.011,0.0003000000000000003,0.608,0.626,0.6113000000000001,0.6105,0.00398873413503583,0.03,0.031,0.030400000000000003,0.03,0.000489897948556636,0.232,0.259,0.23615000000000008,0.234,0.007754192414429756,0.004,0.005,0.004800000000000001,0.005,0.0004,64,64,8192,24576,152064,True,352,1
0.017,0.02,0.01928571428571429,0.019,0.0006998542122237653,0.011,0.012,0.01105,0.011,0.0002179449471770339,0.326,0.334,0.33039999999999997,0.331,0.0022449944320643666,0.015,0.016,0.015250000000000003,0.015,0.00043301270189221973,0.08700000000000001,0.09,0.08940000000000001,0.09,0.0010198039027185545,0.011,0.011,0.011000000000000001,0.011,1.734723475976807e-18,0.607,0.615,0.6107500000000001,0.611,0.0020706279240848675,0.03,0.031,0.030350000000000005,0.03,0.0004769696007084733,0.229,0.24,0.2372,0.23900000000000002,0.0036551333764994146,0.004,0.005,0.004500000000000001,0.0045000000000000005,0.0005,64,64,8192,24576,152064,True,344,1
0.016,0.019,0.018190476190476194,0.018000000000000002,0.0006632565846278147,0.011,0.011,0.011000000000000001,0.011,1.734723475976807e-18,0.324,0.331,0.32685,0.326,0.0015580436450882897,0.014,0.015,0.014950000000000001,0.015,0.00021794494717703347,0.08700000000000001,0.089,0.0878,0.088,0.000599999999999995,0.011,0.011,0.011000000000000001,0.011,1.734723475976807e-18,0.608,0.615,0.61245,0.6125,0.001687453703068622,0.03,0.031,0.030050000000000004,0.03,0.00021794494717703388,0.229,0.233,0.23090000000000002,0.231,0.0011357816691600557,0.004,0.005,0.004100000000000001,0.004,0.00030000000000000003,64,64,8192,24576,152064,True,336,1
0.016,0.019,0.018190476190476194,0.018000000000000002,0.0006632565846278148,0.011,0.011,0.011000000000000001,0.011,1.734723475976807e-18,0.325,0.334,0.3282,0.328,0.002315167380558047,0.014,0.015,0.014950000000000001,0.015,0.00021794494717703347,0.08700000000000001,0.088,0.0873,0.08700000000000001,0.000458257569495578,0.011,0.012,0.01105,0.011,0.0002179449471770339,0.603,0.611,0.6069,0.607,0.0019467922333931801,0.029,0.03,0.029450000000000004,0.029,0.0004974937185533087,0.229,0.231,0.23015000000000002,0.23,0.0007921489758877437,0.004,0.005,0.004050000000000001,0.004,0.0002179449471770337,64,64,8192,24576,152064,True,328,1
0.015,0.018000000000000002,0.017571428571428578,0.018000000000000002,0.0007284313590846843,0.011,0.011,0.011000000000000001,0.011,1.734723475976807e-18,0.327,0.336,0.32985000000000003,0.3295,0.00230813777751676,0.014,0.016,0.014800000000000002,0.015,0.0005999999999999998,0.085,0.088,0.0864,0.08600000000000001,0.0007348469228349526,0.011,0.012,0.011150000000000002,0.011,0.0003570714214271428,0.41100000000000003,0.417,0.4137500000000001,0.41400000000000003,0.0015771810295587463,0.029,0.03,0.029700000000000004,0.03,0.00045825756949558275,0.212,0.219,0.21484999999999999,0.2145,0.0017109938632268687,0.004,0.005,0.004700000000000001,0.005,0.00045825756949558405,64,64,8192,24576,152064,True,320,1
0.015,0.018000000000000002,0.017476190476190482,0.018000000000000002,0.0007315376902732013,0.01,0.012,0.01105,0.011,0.0003840572873934305,0.324,0.335,0.3302,0.331,0.00280356915377524,0.014,0.015,0.014650000000000002,0.015,0.0004769696007084724,0.085,0.088,0.0866,0.08700000000000001,0.00086023252670426,0.011,0.012,0.011150000000000002,0.011,0.0003570714214271428,0.41000000000000003,0.417,0.41364999999999996,0.41400000000000003,0.0016815171720800197,0.029,0.03,0.029700000000000004,0.03,0.0004582575694955828,0.213,0.218,0.21564999999999998,0.216,0.0013518505834595785,0.004,0.005,0.004400000000000001,0.004,0.0004898979485566357,64,64,8192,24576,152064,True,312,1
0.014,0.017,0.016619047619047624,0.017,0.0007221786137191955,0.01,0.011,0.010950000000000001,0.011,0.00021794494717703347,0.327,0.333,0.3309,0.331,0.0015779733838059513,0.014,0.015,0.014300000000000002,0.014,0.00045825756949558356,0.084,0.088,0.08600000000000002,0.08600000000000001,0.0008366600265340747,0.011,0.011,0.011000000000000001,0.011,1.734723475976807e-18,0.40800000000000003,0.41300000000000003,0.41005,0.41000000000000003,0.0013955285736952877,0.029,0.03,0.029100000000000004,0.029,0.0002999999999999992,0.212,0.216,0.21395,0.214,0.0011169153951844349,0.004,0.005,0.004050000000000001,0.004,0.0002179449471770337,64,64,8192,24576,152064,True,304,1
0.014,0.017,0.016380952380952385,0.016,0.0007221786137191955,0.01,0.011,0.010950000000000001,0.011,0.00021794494717703347,0.323,0.335,0.32625000000000004,0.3255,0.002547057125390008,0.014,0.015,0.014150000000000001,0.014,0.00035707142142714214,0.084,0.08600000000000001,0.08520000000000001,0.085,0.0006782329983125273,0.011,0.012,0.01105,0.011,0.0002179449471770339,0.40800000000000003,0.41300000000000003,0.40990000000000004,0.41000000000000003,0.0013379088160259665,0.028,0.029,0.028950000000000004,0.029,0.00021794494717703385,0.212,0.215,0.21339999999999998,0.213,0.0008000000000000007,0.004,0.004,0.004000000000000001,0.004,8.673617379884035e-19,64,64,8192,24576,152064,True,296,1
0.014,0.017,0.0160952380952381,0.016,0.0006098213559459859,0.01,0.011,0.010900000000000002,0.011,0.00029999999999999976,0.336,0.34500000000000003,0.33964999999999995,0.34,0.002031624965391006,0.013000000000000001,0.015,0.014000000000000002,0.014,0.0003162277660168377,0.08600000000000001,0.09,0.08795,0.089,0.0013592277219068134,0.01,0.011,0.010950000000000001,0.011,0.00021794494717703347,0.406,0.41200000000000003,0.40955,0.41000000000000003,0.0016271140095272996,0.028,0.029,0.028700000000000003,0.029,0.0004582575694955844,0.273,0.28200000000000003,0.27815,0.278,0.002219797288042313,0.004,0.004,0.004000000000000001,0.004,8.673617379884035e-19,64,64,8192,24576,152064,True,288,1
0.014,0.017,0.015952380952380957,0.016,0.00048562090605645586,0.01,0.011,0.010750000000000001,0.011,0.00043301270189221897,0.324,0.35000000000000003,0.33925,0.3395,0.005530596712833078,0.013000000000000001,0.015,0.014000000000000004,0.014,0.00031622776601683767,0.10300000000000001,0.107,0.10480000000000003,0.10400000000000001,0.0011661903789690555,0.009000000000000001,0.011,0.010900000000000002,0.011,0.00043588989435406695,0.406,0.41100000000000003,0.4080500000000001,0.40800000000000003,0.0013219304066402298,0.028,0.029,0.028200000000000003,0.028,0.00040000000000000034,0.258,0.267,0.2619,0.261,0.00289654967159205,0.003,0.004,0.00395,0.004,0.0002179449471770337,64,64,8192,24576,152064,True,280,1
0.013000000000000001,0.017,0.015190476190476193,0.015,0.0007315376902732009,0.009000000000000001,0.011,0.009950000000000002,0.01,0.0003840572873934301,0.334,0.34500000000000003,0.33914999999999995,0.3385,0.003380458548777077,0.013000000000000001,0.014,0.013850000000000005,0.014,0.00035707142142714214,0.089,0.094,0.09075,0.09,0.001219631091765048,0.01,0.011,0.010150000000000001,0.01,0.00035707142142714214,0.404,0.41100000000000003,0.40715,0.40700000000000003,0.0016815171720800251,0.028,0.028,0.028000000000000004,0.028,3.469446951953614e-18,0.278,0.28500000000000003,0.2816,0.28200000000000003,0.0018814887722226799,0.004,0.004,0.004000000000000001,0.004,8.673617379884035e-19,64,64,8192,24576,152064,True,272,1
0.013000000000000001,0.016,0.01547619047619048,0.016,0.0007315376902732008,0.006,0.007,0.0063500000000000015,0.006,0.00047696960070847287,0.336,0.34900000000000003,0.34040000000000004,0.339,0.003307567081708248,0.013000000000000001,0.014,0.013450000000000004,0.013000000000000001,0.0004974937185533095,0.089,0.092,0.0906,0.091,0.0009165151389911689,0.006,0.007,0.006300000000000002,0.006,0.000458257569495584,0.404,0.40800000000000003,0.4058,0.406,0.0010295630140987008,0.017,0.018000000000000002,0.017750000000000005,0.018000000000000002,0.00043301270189221973,0.28800000000000003,0.294,0.2909,0.291,0.0019723082923315915,0.004,0.004,0.004000000000000001,0.004,8.673617379884035e-19,64,64,8192,24576,152064,True,264,1
0.013000000000000001,0.015,0.014428571428571431,0.014,0.0005832118435198038,0.006,0.006,0.006000000000000001,0.006,8.673617379884035e-19,0.158,0.163,0.16035000000000002,0.16,0.0011079259903080177,0.014,0.014,0.014000000000000002,0.014,1.734723475976807e-18,0.062,0.067,0.0639,0.063,0.001757839583124696,0.006,0.007,0.0062000000000000015,0.006,0.0004,0.332,0.337,0.3338,0.333,0.0015684387141358135,0.017,0.018000000000000002,0.017900000000000006,0.018000000000000002,0.0003000000000000003,0.152,0.156,0.15365,0.154,0.0010618380290797658,0.004,0.004,0.004000000000000001,0.004,8.673617379884035e-19,64,64,8192,24576,152064,True,256,1
0.012,0.015,0.014142857142857145,0.014,0.0006388765649999397,0.006,0.007,0.0060500000000000016,0.006,0.0002179449471770337,0.158,0.163,0.15985,0.16,0.0013143439428094927,0.013000000000000001,0.015,0.013800000000000003,0.014,0.0005999999999999995,0.063,0.068,0.06445000000000001,0.064,0.0015644487847162028,0.006,0.007,0.006250000000000001,0.006,0.00043301270189221935,0.329,0.336,0.33215000000000006,0.3325,0.0017965244223221697,0.017,0.018000000000000002,0.017450000000000004,0.017,0.0004974937185533104,0.152,0.155,0.15365,0.1535,0.0009630680142129119,0.003,0.004,0.0037500000000000007,0.004,0.00043301270189221935,64,64,8192,24576,152064,True,248,1
0.012,0.014,0.013761904761904767,0.014,0.0005259695722470123,0.006,0.006,0.006000000000000001,0.006,8.673617379884035e-19,0.158,0.163,0.1598,0.16,0.0012489995996796807,0.013000000000000001,0.014,0.013450000000000004,0.013000000000000001,0.0004974937185533095,0.063,0.066,0.06435,0.064,0.0011079259903080177,0.006,0.007,0.006150000000000001,0.006,0.0003570714214271425,0.328,0.336,0.3319500000000001,0.3315,0.0017741194999210186,0.017,0.017,0.017000000000000005,0.017,3.469446951953614e-18,0.152,0.162,0.1571,0.157,0.003315116890850158,0.003,0.004,0.0030500000000000006,0.003,0.0002179449471770337,64,64,8192,24576,152064,True,240,1
0.012,0.014,0.013714285714285719,0.014,0.000547101204432193,0.006,0.006,0.006000000000000001,0.006,8.673617379884035e-19,0.159,0.168,0.1629,0.162,0.0025865034312755144,0.013000000000000001,0.014,0.013450000000000004,0.013000000000000001,0.0004974937185533095,0.065,0.068,0.06570000000000001,0.0655,0.0009000000000000007,0.006,0.007,0.0063500000000000015,0.006,0.0004769696007084728,0.328,0.335,0.33135000000000003,0.331,0.001739971264130533,0.017,0.017,0.017000000000000005,0.017,3.469446951953614e-18,0.158,0.171,0.16465000000000002,0.165,0.002650943228362315,0.003,0.004,0.0030500000000000006,0.003,0.0002179449471770337,64,64,8192,24576,152064,True,232,1
0.011,0.013000000000000001,0.012904761904761908,0.013000000000000001,0.0004259177099999603,0.006,0.006,0.006000000000000001,0.006,8.673617379884035e-19,0.185,0.19,0.1871,0.187,0.0012609520212918503,0.013000000000000001,0.013000000000000001,0.013000000000000003,0.013000000000000001,1.734723475976807e-18,0.065,0.069,0.06670000000000001,0.066,0.0012288205727444517,0.006,0.007,0.006100000000000001,0.006,0.00030000000000000003,0.327,0.333,0.32955,0.329,0.0015644487847162028,0.016,0.017,0.016900000000000005,0.017,0.0003000000000000003,0.167,0.17300000000000001,0.17100000000000004,0.17200000000000001,0.001843908891458579,0.003,0.003,0.0030000000000000005,0.003,4.336808689942018e-19,64,64,8192,24576,152064,True,224,1
0.011,0.013000000000000001,0.012523809523809527,0.013000000000000001,0.0005870870479018079,0.006,0.006,0.006000000000000001,0.006,8.673617379884035e-19,0.184,0.188,0.1859,0.186,0.0010908712114635723,0.012,0.013000000000000001,0.012800000000000002,0.013000000000000001,0.0004000000000000004,0.067,0.069,0.06800000000000002,0.068,0.0006324555320336764,0.006,0.007,0.006100000000000001,0.006,0.00030000000000000003,0.326,0.332,0.32885000000000003,0.329,0.0017684739183827412,0.016,0.017,0.016650000000000005,0.017,0.0004769696007084733,0.168,0.178,0.17195,0.17200000000000001,0.00213248681121361,0.003,0.003,0.0030000000000000005,0.003,4.336808689942018e-19,64,64,8192,24576,152064,True,216,1
0.01,0.012,0.011904761904761908,0.012,0.00042591770999995997,0.006,0.006,0.006000000000000001,0.006,8.673617379884035e-19,0.183,0.188,0.18525,0.185,0.0012990381056766592,0.012,0.014,0.012850000000000004,0.013000000000000001,0.00047696960070847314,0.069,0.07200000000000001,0.07065,0.07100000000000001,0.0007262919523166982,0.006,0.007,0.006150000000000001,0.006,0.0003570714214271425,0.325,0.331,0.32730000000000004,0.327,0.0015524174696260038,0.016,0.017,0.016050000000000002,0.016,0.0002179449471770339,0.171,0.176,0.17400000000000004,0.17400000000000002,0.0015811388300841823,0.003,0.003,0.0030000000000000005,0.003,4.336808689942018e-19,64,64,8192,24576,152064,True,208,1
0.01,0.012,0.011904761904761908,0.012,0.00042591770999995997,0.006,0.006,0.006000000000000001,0.006,8.673617379884035e-19,0.183,0.186,0.1847,0.185,0.0007810249675906662,0.012,0.013000000000000001,0.012400000000000003,0.012,0.000489897948556636,0.069,0.07200000000000001,0.07035000000000002,0.07,0.0008529361054615996,0.006,0.007,0.0060500000000000016,0.006,0.0002179449471770337,0.324,0.329,0.32575000000000004,0.326,0.001577181029558752,0.016,0.017,0.016050000000000002,0.016,0.0002179449471770339,0.177,0.185,0.181,0.181,0.0021447610589527236,0.003,0.003,0.0030000000000000005,0.003,4.336808689942018e-19,64,64,8192,24576,152064,True,200,1
0.009000000000000001,0.012,0.011000000000000001,0.011,0.0005345224838248486,0.006,0.006,0.006000000000000001,0.006,8.673617379884035e-19,0.181,0.185,0.18319999999999997,0.183,0.001077032961426902,0.012,0.013000000000000001,0.012350000000000003,0.012,0.0004769696007084732,0.059000000000000004,0.062,0.06054999999999999,0.0605,0.0007399324293474371,0.006,0.006,0.006000000000000001,0.006,8.673617379884035e-19,0.354,0.36,0.3574,0.357,0.0015937377450509242,0.015,0.016,0.015650000000000004,0.016,0.0004769696007084733,0.16,0.162,0.16115,0.161,0.0007262919523166982,0.003,0.003,0.0030000000000000005,0.003,4.336808689942018e-19,64,64,8192,24576,152064,True,192,1
0.009000000000000001,0.011,0.010904761904761907,0.011,0.0004259177099999596,0.006,0.006,0.006000000000000001,0.006,8.673617379884035e-19,0.181,0.185,0.1826,0.182,0.001019803902718558,0.012,0.013000000000000001,0.012150000000000003,0.012,0.0003570714214271428,0.059000000000000004,0.061,0.060399999999999995,0.0605,0.0006633249580710791,0.006,0.006,0.006000000000000001,0.006,8.673617379884035e-19,0.321,0.328,0.32454999999999995,0.325,0.0021324868112136144,0.016,0.017,0.016050000000000002,0.016,0.0002179449471770339,0.159,0.162,0.1607,0.161,0.0007810249675906662,0.003,0.003,0.0030000000000000005,0.003,4.336808689942018e-19,64,64,8192,24576,152064,True,184,1
0.009000000000000001,0.011,0.010523809523809526,0.011,0.0005870870479018068,0.006,0.006,0.006000000000000001,0.006,8.673617379884035e-19,0.18,0.186,0.18209999999999998,0.182,0.001300000000000001,0.012,0.013000000000000001,0.012150000000000003,0.012,0.0003570714214271428,0.06,0.061,0.0603,0.06,0.0004582575694955844,0.006,0.006,0.006000000000000001,0.006,8.673617379884035e-19,0.321,0.327,0.3239,0.324,0.0018138357147217071,0.015,0.016,0.0158,0.016,0.00040000000000000034,0.159,0.162,0.16045000000000004,0.16,0.0009205976319760994,0.003,0.003,0.0030000000000000005,0.003,4.336808689942018e-19,64,64,8192,24576,152064,True,176,1
0.009000000000000001,0.011,0.01004761904761905,0.01,0.0003749527559053241,0.006,0.006,0.006000000000000001,0.006,8.673617379884035e-19,0.182,0.188,0.18445,0.184,0.0014991664350564964,0.012,0.012,0.012000000000000002,0.012,1.734723475976807e-18,0.059000000000000004,0.062,0.060349999999999994,0.06,0.0007921489758877419,0.006,0.006,0.006000000000000001,0.006,8.673617379884035e-19,0.32,0.326,0.32305,0.323,0.0013219304066402298,0.015,0.016,0.0158,0.016,0.00040000000000000034,0.16,0.164,0.16144999999999998,0.161,0.0009205976319760993,0.003,0.003,0.0030000000000000005,0.003,4.336808689942018e-19,64,64,8192,24576,152064,True,168,1
0.009000000000000001,0.01,0.009952380952380956,0.01,0.00021295885499997977,0.006,0.006,0.006000000000000001,0.006,8.673617379884035e-19,0.184,0.187,0.1852,0.185,0.0009797958971132722,0.012,0.012,0.012000000000000002,0.012,1.734723475976807e-18,0.059000000000000004,0.062,0.06004999999999999,0.06,0.0006689544080129815,0.006,0.006,0.006000000000000001,0.006,8.673617379884035e-19,0.318,0.325,0.3218,0.322,0.00201494416796099,0.015,0.016,0.015300000000000003,0.015,0.0004582575694955843,0.158,0.162,0.16010000000000002,0.16,0.0008306623862918082,0.003,0.003,0.0030000000000000005,0.003,4.336808689942018e-19,64,64,8192,24576,152064,True,160,1
0.008,0.01,0.009142857142857145,0.009000000000000001,0.0004665694748158433,0.006,0.006,0.006000000000000001,0.006,8.673617379884035e-19,0.182,0.185,0.18364999999999998,0.1835,0.0009630680142129121,0.011,0.012,0.011750000000000002,0.012,0.0004330127018922198,0.059000000000000004,0.061,0.06,0.06,0.0004472135954999568,0.006,0.006,0.006000000000000001,0.006,8.673617379884035e-19,0.319,0.324,0.32105000000000006,0.321,0.0012835497652993447,0.015,0.016,0.015500000000000003,0.0155,0.0005000000000000004,0.159,0.162,0.15999999999999998,0.16,0.0008366600265340763,0.002,0.003,0.0029000000000000007,0.003,0.00030000000000000003,64,64,8192,24576,152064,True,152,1
0.008,0.009000000000000001,0.008952380952380955,0.009000000000000001,0.00021295885499998015,0.006,0.006,0.006000000000000001,0.006,8.673617379884035e-19,0.182,0.186,0.18364999999999998,0.184,0.0008529361054615998,0.011,0.012,0.011500000000000002,0.0115,0.0005000000000000004,0.059000000000000004,0.061,0.05985,0.06,0.0005722761571129778,0.006,0.006,0.006000000000000001,0.006,8.673617379884035e-19,0.317,0.323,0.31995,0.32,0.0014654350889752859,0.015,0.016,0.015150000000000002,0.015,0.0003570714214271428,0.158,0.161,0.16010000000000002,0.16,0.0007681145747868615,0.002,0.003,0.0022000000000000006,0.002,0.00039999999999999996,64,64,8192,24576,152064,True,144,1
0.007,0.009000000000000001,0.008428571428571431,0.008,0.0005832118435198047,0.006,0.006,0.006000000000000001,0.006,8.673617379884035e-19,0.181,0.186,0.18254999999999996,0.1825,0.0012031209415515976,0.011,0.012,0.011150000000000002,0.011,0.0003570714214271428,0.059000000000000004,0.061,0.059699999999999996,0.06,0.0005567764362829997,0.006,0.007,0.0060500000000000016,0.006,0.0002179449471770337,0.315,0.323,0.31855,0.319,0.0020609463845524967,0.015,0.016,0.015050000000000003,0.015,0.00021794494717703388,0.158,0.161,0.15994999999999998,0.16,0.0008645808232895299,0.002,0.002,0.0020000000000000005,0.002,4.336808689942018e-19,64,64,8192,24576,152064,True,136,1
0.007,0.009000000000000001,0.00823809523809524,0.008,0.0005259695722470128,0.006,0.006,0.006000000000000001,0.006,8.673617379884035e-19,0.14300000000000002,0.145,0.14410000000000006,0.14400000000000002,0.0006999999999999898,0.01,0.011,0.010400000000000001,0.01,0.0004898979485566352,0.053,0.054,0.05345,0.053,0.0004974937185533105,0.006,0.006,0.006000000000000001,0.006,8.673617379884035e-19,0.301,0.304,0.30189999999999995,0.302,0.0008888194417315595,0.014,0.014,0.014000000000000002,0.014,1.734723475976807e-18,0.14,0.14300000000000002,0.14145000000000002,0.14100000000000001,0.0006689544080129832,0.002,0.002,0.0020000000000000005,0.002,4.336808689942018e-19,64,64,8192,24576,152064,True,128,1
0.007,0.008,0.007952380952380954,0.008,0.00021295885499997998,0.006,0.006,0.006000000000000001,0.006,8.673617379884035e-19,0.14200000000000002,0.146,0.14360000000000003,0.14350000000000002,0.0008602325267042573,0.01,0.011,0.010150000000000001,0.01,0.00035707142142714214,0.052000000000000005,0.054,0.05285000000000001,0.053,0.0005722761571129777,0.006,0.007,0.0060500000000000016,0.006,0.0002179449471770337,0.297,0.304,0.30124999999999996,0.301,0.0014448183276799902,0.014,0.014,0.014000000000000002,0.014,1.734723475976807e-18,0.14,0.14200000000000002,0.14120000000000002,0.14100000000000001,0.0006000000000000005,0.002,0.002,0.0020000000000000005,0.002,4.336808689942018e-19,64,64,8192,24576,152064,True,120,1
0.006,0.009000000000000001,0.007761904761904763,0.008,0.0006098213559459856,0.006,0.006,0.006000000000000001,0.006,8.673617379884035e-19,0.14200000000000002,0.146,0.14355,0.14300000000000002,0.0009205976319760912,0.01,0.011,0.0102,0.01,0.0003999999999999996,0.052000000000000005,0.053,0.05245000000000001,0.052000000000000005,0.0004974937185533069,0.006,0.006,0.006000000000000001,0.006,8.673617379884035e-19,0.298,0.305,0.3009,0.301,0.0014798648586948754,0.014,0.014,0.014000000000000002,0.014,1.734723475976807e-18,0.14,0.14200000000000002,0.14070000000000002,0.14100000000000001,0.0005567764362830027,0.002,0.002,0.0020000000000000005,0.002,4.336808689942018e-19,64,64,8192,24576,152064,True,112,1
0.006,0.007,0.006952380952380955,0.007,0.00021295885499997996,0.005,0.006,0.005900000000000001,0.006,0.00030000000000000003,0.14200000000000002,0.14400000000000002,0.14335000000000003,0.14300000000000002,0.0006538348415311016,0.01,0.011,0.010100000000000001,0.01,0.00029999999999999976,0.052000000000000005,0.053,0.05245000000000001,0.052000000000000005,0.0004974937185533069,0.005,0.006,0.005900000000000001,0.006,0.00030000000000000003,0.297,0.303,0.2998,0.3,0.0012884098726725136,0.014,0.014,0.014000000000000002,0.014,1.734723475976807e-18,0.14,0.14200000000000002,0.14115000000000003,0.14100000000000001,0.0007262919523166982,0.002,0.002,0.0020000000000000005,0.002,4.336808689942018e-19,64,64,8192,24576,152064,True,104,1
0.006,0.007,0.006952380952380955,0.007,0.00021295885499997996,0.005,0.006,0.005800000000000001,0.006,0.0004,0.164,0.17,0.16490000000000002,0.165,0.0013000000000000012,0.009000000000000001,0.01,0.009200000000000003,0.009000000000000001,0.0003999999999999997,0.055,0.056,0.05555,0.056,0.0004974937185533105,0.006,0.006,0.006000000000000001,0.006,8.673617379884035e-19,0.28300000000000003,0.28700000000000003,0.28535000000000005,0.28600000000000003,0.0012359207094308285,0.013000000000000001,0.014,0.013200000000000003,0.013000000000000001,0.0003999999999999997,0.14,0.14300000000000002,0.1419,0.14200000000000002,0.0007000000000000006,0.002,0.002,0.0020000000000000005,0.002,4.336808689942018e-19,64,64,8192,24576,152064,True,96,1
0.005,0.007,0.006047619047619049,0.006,0.0003749527559053244,0.006,0.006,0.006000000000000001,0.006,8.673617379884035e-19,0.151,0.159,0.15320000000000003,0.153,0.0016309506430300105,0.008,0.009000000000000001,0.008350000000000002,0.008,0.0004769696007084732,0.054,0.057,0.05515,0.055,0.0006538348415311016,0.005,0.006,0.005800000000000001,0.006,0.0004,0.28400000000000003,0.28800000000000003,0.28509999999999996,0.28500000000000003,0.0011357816691600557,0.013000000000000001,0.014,0.013100000000000004,0.013000000000000001,0.00029999999999999976,0.14100000000000001,0.14300000000000002,0.14184999999999998,0.14200000000000002,0.0007262919523166982,0.002,0.002,0.0020000000000000005,0.002,4.336808689942018e-19,64,64,8192,24576,152064,True,88,1
0.005,0.006,0.005952380952380954,0.006,0.00021295885499997998,0.005,0.006,0.005950000000000001,0.006,0.0002179449471770337,0.151,0.157,0.153,0.153,0.0013416407864998753,0.008,0.009000000000000001,0.008100000000000001,0.008,0.0003000000000000003,0.054,0.056,0.055200000000000006,0.055,0.0005099019513592789,0.005,0.006,0.005900000000000001,0.006,0.00030000000000000003,0.281,0.28700000000000003,0.28385000000000005,0.28400000000000003,0.0014585952145814835,0.013000000000000001,0.014,0.013050000000000003,0.013000000000000001,0.00021794494717703353,0.14300000000000002,0.147,0.14505,0.145,0.0009733961166965797,0.002,0.002,0.0020000000000000005,0.002,4.336808689942018e-19,64,64,8192,24576,152064,True,80,1
0.004,0.006,0.0051428571428571435,0.005,0.00046656947481584334,0.005,0.006,0.005900000000000001,0.006,0.00030000000000000003,0.149,0.157,0.1516,0.1515,0.0014628738838327808,0.008,0.009000000000000001,0.008050000000000002,0.008,0.0002179449471770339,0.054,0.056,0.05485000000000001,0.055,0.0006538348415311016,0.005,0.006,0.005900000000000001,0.006,0.00030000000000000003,0.28200000000000003,0.28500000000000003,0.2835,0.28350000000000003,0.0009219544457292896,0.013000000000000001,0.013000000000000001,0.013000000000000003,0.013000000000000001,1.734723475976807e-18,0.146,0.149,0.14740000000000003,0.1475,0.0008000000000000007,0.002,0.002,0.0020000000000000005,0.002,4.336808689942018e-19,64,64,8192,24576,152064,True,72,1
0.004,0.005,0.004952380952380954,0.005,0.00021295885499997998,0.005,0.006,0.005700000000000001,0.006,0.00045825756949558405,0.136,0.14,0.13804999999999998,0.138,0.0009205976319760992,0.009000000000000001,0.01,0.009550000000000003,0.01,0.0004974937185533095,0.05,0.051000000000000004,0.05045000000000001,0.05,0.0004974937185533104,0.005,0.006,0.005550000000000001,0.006,0.0004974937185533101,0.28,0.28400000000000003,0.2818,0.28200000000000003,0.0008717797887081355,0.013000000000000001,0.014,0.013150000000000004,0.013000000000000001,0.00035707142142714214,0.14100000000000001,0.145,0.14275000000000002,0.14250000000000002,0.0010428326807307056,0.001,0.002,0.0018500000000000003,0.002,0.0003570714214271425,64,64,8192,24576,152064,True,64,1
0.004,0.005,0.0049047619047619066,0.005,0.00029354352395090366,0.005,0.006,0.0054,0.005,0.0004898979485566356,0.137,0.139,0.13755,0.1375,0.0005894913061275802,0.009000000000000001,0.011,0.009650000000000002,0.01,0.0005722761571129793,0.049,0.051000000000000004,0.050050000000000004,0.05,0.0006689544080129832,0.005,0.006,0.0054,0.005,0.0004898979485566356,0.277,0.292,0.28120000000000006,0.28,0.0037762415176998284,0.013000000000000001,0.014,0.013150000000000004,0.013000000000000001,0.0003570714214271422,0.14100000000000001,0.14400000000000002,0.14270000000000002,0.14300000000000002,0.0007810249675906662,0.001,0.002,0.00135,0.001,0.00047696960070847287,64,64,8192,24576,152064,True,56,1
0.003,0.005,0.004000000000000001,0.004,0.00030860669992418383,0.005,0.006,0.0054,0.005,0.0004898979485566356,0.135,0.138,0.13695000000000002,0.137,0.0008046738469715546,0.009000000000000001,0.011,0.009650000000000002,0.01,0.0006538348415311006,0.049,0.051000000000000004,0.04985000000000001,0.05,0.0006538348415311016,0.005,0.006,0.0055000000000000005,0.0055,0.0005,0.273,0.28200000000000003,0.27945,0.28,0.0018834808201837379,0.013000000000000001,0.014,0.013200000000000003,0.013000000000000001,0.00039999999999999964,0.14100000000000001,0.14400000000000002,0.1424,0.14200000000000002,0.0008000000000000007,0.001,0.002,0.0010500000000000002,0.001,0.00021794494717703366,64,64,8192,24576,152064,True,48,1
0.003,0.004,0.003952380952380953,0.004,0.00021295885499997998,0.005,0.006,0.005350000000000001,0.005,0.00047696960070847287,0.135,0.138,0.13635000000000003,0.136,0.0007921489758877436,0.009000000000000001,0.01,0.009450000000000004,0.009000000000000001,0.0004974937185533095,0.049,0.051000000000000004,0.04955000000000001,0.0495,0.0005894913061275802,0.005,0.006,0.005350000000000001,0.005,0.00047696960070847287,0.27,0.28,0.2773,0.2785,0.0031638584039112775,0.013000000000000001,0.014,0.013100000000000004,0.013000000000000001,0.00029999999999999976,0.14,0.14400000000000002,0.14170000000000002,0.14200000000000002,0.0010535653752852749,0.001,0.001,0.0010000000000000002,0.001,2.168404344971009e-19,64,64,8192,24576,152064,True,40,1
0.003,0.004,0.0031904761904761915,0.003,0.000392676726249301,0.005,0.006,0.005600000000000001,0.006,0.0004898979485566356,0.135,0.139,0.13725,0.137,0.0009937303457175904,0.009000000000000001,0.01,0.009100000000000002,0.009000000000000001,0.00029999999999999976,0.053,0.054,0.0536,0.054,0.0004898979485566361,0.005,0.006,0.0055000000000000005,0.0055,0.0005,0.28,0.28300000000000003,0.28175,0.28150000000000003,0.0011346805717910226,0.012,0.013000000000000001,0.012800000000000002,0.013000000000000001,0.00040000000000000034,0.137,0.14,0.13865,0.1385,0.0008529361054615997,0.001,0.001,0.0010000000000000002,0.001,2.168404344971009e-19,64,64,8192,24576,152064,True,32,1
0.002,0.003,0.002952380952380953,0.003,0.00021295885499997998,0.005,0.006,0.005550000000000001,0.006,0.0004974937185533101,0.134,0.136,0.1352,0.135,0.0006000000000000005,0.009000000000000001,0.01,0.009050000000000002,0.009000000000000001,0.00021794494717703353,0.051000000000000004,0.053,0.052250000000000005,0.052000000000000005,0.0006224949798994342,0.005,0.006,0.00525,0.005,0.0004330127018922194,0.273,0.279,0.27509999999999996,0.275,0.0014106735979665897,0.012,0.013000000000000001,0.012250000000000002,0.012,0.0004330127018922198,0.138,0.14100000000000001,0.13875,0.1385,0.0009420721840708395,0.001,0.001,0.0010000000000000002,0.001,2.168404344971009e-19,64,64,8192,24576,152064,True,24,1
0.007,0.012,0.010952380952380955,0.011,0.0009499970163457144,0.005,0.006,0.005700000000000001,0.006,0.00045825756949558405,0.133,0.134,0.1336,0.134,0.0004898979485566361,0.008,0.009000000000000001,0.008700000000000003,0.009000000000000001,0.0004582575694955845,0.048,0.05,0.04925000000000001,0.049,0.0005361902647381809,0.005,0.006,0.005450000000000001,0.005,0.0004974937185533101,0.272,0.276,0.27405,0.274,0.0010712142642814286,0.013000000000000001,0.014,0.013050000000000003,0.013000000000000001,0.00021794494717703353,0.137,0.139,0.13745000000000002,0.137,0.0005894913061275802,0.001,0.002,0.0010500000000000002,0.001,0.0002179449471770337,64,64,8192,24576,152064,True,16,1
0.004,0.006,0.005904761904761906,0.006,0.00042591770999995997,0.006,0.007,0.0060500000000000016,0.006,0.0002179449471770337,0.133,0.135,0.134,0.134,0.0007071067811865482,0.008,0.01,0.009000000000000003,0.009000000000000001,0.000316227766016838,0.048,0.05,0.04885000000000001,0.049,0.000726291952316698,0.005,0.006,0.005800000000000001,0.006,0.0004,0.272,0.275,0.2736,0.2735,0.0008000000000000008,0.013000000000000001,0.013000000000000001,0.013000000000000003,0.013000000000000001,1.734723475976807e-18,0.136,0.139,0.13710000000000003,0.137,0.0007000000000000006,0.001,0.002,0.0010500000000000002,0.001,0.00021794494717703366,64,64,8192,24576,152064,True,8,1
0.002,0.004,0.0039047619047619057,0.004,0.00042591770999995997,0.006,0.006,0.006000000000000001,0.006,8.673617379884035e-19,0.132,0.133,0.13215000000000005,0.132,0.0003570714214271428,0.008,0.009000000000000001,0.008400000000000001,0.008,0.0004898979485566361,0.048,0.049,0.04855000000000001,0.049,0.0004974937185533104,0.005,0.006,0.005850000000000001,0.006,0.0003570714214271425,0.272,0.276,0.27405,0.274,0.0008645808232895299,0.013000000000000001,0.014,0.013050000000000003,0.013000000000000001,0.00021794494717703353,0.137,0.138,0.1373,0.137,0.0004582575694955844,0.001,0.001,0.0010000000000000002,0.001,2.168404344971009e-19,64,64,8192,24576,152064,True,4,1
0.002,0.003,0.0022380952380952387,0.002,0.0004259177099999599,0.006,0.006,0.006000000000000001,0.006,8.673617379884035e-19,0.133,0.137,0.1346,0.135,0.0010198039027185578,0.008,0.009000000000000001,0.008200000000000002,0.008,0.00040000000000000034,0.048,0.049,0.04835000000000001,0.048,0.0004769696007084732,0.005,0.006,0.005850000000000001,0.006,0.0003570714214271425,0.264,0.274,0.26860000000000006,0.2685,0.002177154105707726,0.012,0.013000000000000001,0.012050000000000002,0.012,0.00021794494717703388,0.136,0.138,0.13680000000000003,0.137,0.0008124038404635967,0.001,0.001,0.0010000000000000002,0.001,2.168404344971009e-19,64,64,8192,24576,152064,True,2,1
0.001,0.002,0.0019523809523809528,0.002,0.00021295885499997998,0.006,0.006,0.006000000000000001,0.006,8.673617379884035e-19,0.136,0.138,0.13675,0.137,0.0005361902647381809,0.008,0.009000000000000001,0.008550000000000002,0.009000000000000001,0.0004974937185533105,0.047,0.049,0.04760000000000001,0.048,0.0005830951894845307,0.006,0.006,0.006000000000000001,0.006,8.673617379884035e-19,0.277,0.281,0.27890000000000004,0.279,0.0012206555615733713,0.011,0.012,0.011950000000000002,0.012,0.00021794494717703385,0.136,0.138,0.1373,0.137,0.0005567764362830027,0.001,0.001,0.0010000000000000002,0.001,2.168404344971009e-19,64,64,8192,24576,152064,True,1,1
1.734,2.281,1.9779999999999998,1.997,0.13119487504508415,0.842,1.022,0.9341500000000001,0.9355,0.04563471814309804,4.4590000000000005,5.315,4.78625,4.7315000000000005,0.2617844294452976,0.332,0.385,0.35814999999999997,0.3585,0.014136035512122905,1.5310000000000001,1.7890000000000001,1.6219000000000001,1.6070000000000002,0.08489222579247174,0.84,1.022,0.92995,0.9355,0.04439535448670277,8.976,10.573,9.458299999999998,9.342500000000001,0.47384165076531637,0.6,0.6960000000000001,0.6434,0.6425000000000001,0.020737405816543226,4.063,5.501,4.87815,4.925000000000001,0.3116955686242588,0.51,0.513,0.5113,0.511,0.0007141428428542857,64,64,8192,24576,152064,True,32768,4
1.7830000000000001,2.049,1.9477142857142857,1.971,0.0722536160618526,0.868,0.9570000000000001,0.92095,0.9245000000000001,0.020143175022821022,4.458,4.93,4.6265,4.617,0.10713379485484492,0.335,0.363,0.35405000000000003,0.355,0.006256796304819252,1.5290000000000001,1.6560000000000001,1.5687,1.563,0.029472190281687606,0.856,0.9560000000000001,0.9179500000000003,0.924,0.021369312108722657,8.941,9.785,9.161750000000001,9.175,0.1975618574016754,0.607,0.655,0.6359999999999999,0.639,0.010733126291999,4.176,4.978,4.7721,4.854,0.1720386293830545,0.51,0.512,0.5110999999999999,0.511,0.0005385164807134509,64,64,8192,24576,152064,True,32768,4
1.939,2.4,2.0819047619047617,2.041,0.12452687786440961,0.908,1.076,0.95705,0.9435,0.04372124769491374,4.5440000000000005,5.836,4.96785,4.9165,0.319197787429675,0.34700000000000003,0.4,0.36174999999999996,0.359,0.012589181863806715,1.538,1.945,1.6529,1.637,0.10048328219161634,0.904,1.073,0.9490000000000002,0.9375,0.04112055447096984,9.657,10.668000000000001,9.81775,9.720500000000001,0.23241877613480394,0.627,0.7010000000000001,0.6494500000000001,0.645,0.020323570060400333,4.583,5.639,4.928000000000001,4.8845,0.26151137642557737,0.506,0.51,0.50755,0.507,0.0009733961166965902,64,64,8192,24576,152064,True,32512,4
1.8820000000000001,2.192,1.9840952380952384,1.958,0.07763829735008039,0.887,0.991,0.9249500000000002,0.919,0.026424373218678243,4.426,5.186,4.759200000000001,4.741,0.21598740704031796,0.34400000000000003,0.375,0.35550000000000004,0.3545,0.007533259586659668,1.524,1.7650000000000001,1.6146,1.603,0.07333034842410067,0.888,0.993,0.9274500000000001,0.925,0.027764140541352973,9.093,9.641,9.19325,9.142,0.13949296577247194,0.619,0.678,0.6348,0.6315,0.01368795090581495,4.47,5.293,4.7883000000000004,4.715999999999999,0.2213054676233735,0.503,0.505,0.5036499999999999,0.504,0.0005722761571129803,64,64,8192,24576,152064,True,32256,4
1.8900000000000001,2.34,2.009285714285714,1.989,0.10925467968930941,0.889,1.057,0.9351,0.926,0.03944603909139674,4.452,5.708,4.860550000000001,4.8195,0.28101236182773176,0.343,0.393,0.3557,0.353,0.010378342834961652,1.5150000000000001,1.9040000000000001,1.63165,1.6219999999999999,0.086731928953529,0.891,1.056,0.9347000000000001,0.9285000000000001,0.03812492622943683,9.021,10.263,9.208400000000003,9.11,0.2742060174394428,0.62,0.686,0.63615,0.633,0.016417292712259245,4.519,5.4270000000000005,4.8126000000000015,4.806,0.230884906392774,0.498,0.501,0.4992500000000001,0.499,0.0007664854858377953,64,64,8192,24576,152064,True,32000,4
1.812,2.209,1.9334761904761906,1.909,0.10430067298674313,0.868,1.0010000000000001,0.9075000000000001,0.896,0.035999305548857476,4.3420000000000005,5.22,4.6069,4.521000000000001,0.2648354017120822,0.336,0.376,0.3485500000000001,0.34450000000000003,0.010983965586253431,1.498,1.756,1.5650499999999998,1.537,0.07798748297002538,0.864,1.0010000000000001,0.9093000000000002,0.899,0.03845399849170436,8.758000000000001,10.185,9.14265,8.905999999999999,0.47468466111725177,0.602,0.666,0.6234999999999999,0.615,0.018993419913222596,4.305,5.383,4.6579,4.551,0.29758442499566395,0.494,0.497,0.49529999999999996,0.495,0.0007810249675906662,64,64,8192,24576,152064,True,31744,4
1.864,2.165,1.9914285714285718,1.965,0.09541966026257825,0.874,0.987,0.9225999999999999,0.9135,0.03650397238657732,4.367,5.256,4.786949999999999,4.7425,0.27055525775708,0.336,0.382,0.35085,0.34850000000000003,0.01166736902647721,1.493,1.828,1.6063000000000003,1.586,0.09091540023560364,0.875,1.0210000000000001,0.9218500000000001,0.9145000000000001,0.03787515676535216,8.867,9.961,9.3645,9.3875,0.21702223388399622,0.607,0.665,0.6274000000000001,0.6225,0.01760511289370223,4.448,5.281,4.774150000000001,4.768000000000001,0.2679965065070811,0.49,0.492,0.491,0.491,0.0007071067811865482,64,64,8192,24576,152064,True,31488,4
1.832,2.1350000000000002,1.9266666666666663,1.9080000000000001,0.07865193566675258,0.86,0.969,0.9011000000000001,0.892,0.030393913864456487,4.288,5.119,4.59315,4.5575,0.24529824194233435,0.333,0.365,0.34425,0.343,0.00896590765065087,1.479,1.726,1.5663,1.5590000000000002,0.07419777624700082,0.863,0.971,0.9029999999999999,0.901,0.03099838705481303,8.802,9.49,8.90315,8.855,0.14762732639995896,0.599,0.661,0.61585,0.613,0.01450956581018193,4.336,5.275,4.6554,4.5925,0.23951835002771707,0.486,0.489,0.48745000000000005,0.4875,0.0007399324293474377,64,64,8192,24576,152064,True,31232,4
1.76,2.088,1.9157142857142855,1.9060000000000001,0.08211266525888906,0.859,0.9550000000000001,0.8993999999999998,0.899,0.02677013261080343,4.301,5.037,4.662549999999999,4.6805,0.21575390494728003,0.329,0.358,0.34275,0.3425,0.00789224302717547,1.459,1.679,1.5646,1.5715,0.07611005189855015,0.838,0.9570000000000001,0.8985999999999998,0.8995,0.0332406377796817,8.649000000000001,9.278,8.88365,8.8285,0.16708449209905754,0.589,0.652,0.6140499999999999,0.6074999999999999,0.0161135812282683,4.159,5.141,4.624100000000001,4.5575,0.2564704466405438,0.481,0.484,0.4826499999999999,0.483,0.0007921489758877437,64,64,8192,24576,152064,True,30976,4
1.737,2.0420000000000003,1.8704285714285716,1.859,0.08827854802168149,0.8320000000000001,0.933,0.87675,0.875,0.029790728423454184,4.21,4.841,4.4296500000000005,4.3605,0.21150302007300043,0.322,0.361,0.33595,0.335,0.010263893023604637,1.451,1.691,1.5089000000000001,1.4815,0.06816956799041639,0.8320000000000001,0.96,0.8724500000000001,0.875,0.03494635174091855,8.455,9.761000000000001,8.76,8.556000000000001,0.4014986924013577,0.581,0.636,0.6004499999999998,0.595,0.01689519162365436,4.0360000000000005,4.896,4.4195,4.378,0.2682902346340619,0.47800000000000004,0.481,0.47955,0.48,0.0009205976319760752,64,64,8192,24576,152064,True,30720,4
1.7510000000000001,2.113,1.9002857142857141,1.9080000000000001,0.07623031696437968,0.833,0.993,0.8880000000000001,0.8845000000000001,0.03511409973215888,4.23,5.359,4.61245,4.5875,0.2630073145370675,0.32,0.369,0.33740000000000003,0.336,0.010561249926026745,1.439,1.7710000000000001,1.5364000000000002,1.5205000000000002,0.08480176884947627,0.8240000000000001,0.988,0.8839500000000001,0.883,0.037459945274919984,8.417,9.717,8.760800000000001,8.675,0.2771396038100654,0.579,0.653,0.6061,0.6025,0.01694373040389868,4.107,5.196,4.594950000000001,4.567,0.24824634438396057,0.47400000000000003,0.47800000000000004,0.47540000000000004,0.47500000000000003,0.0009695359714832667,64,64,8192,24576,152064,True,30464,4
1.768,2.039,1.8493333333333333,1.814,0.07967154796761237,0.837,0.932,0.8651500000000001,0.8565,0.02835185179137337,4.146,4.9030000000000005,4.3853,4.341,0.24579688769388447,0.322,0.35000000000000003,0.33120000000000005,0.329,0.008936442245099565,1.432,1.663,1.5036,1.4700000000000002,0.08186659880561793,0.838,0.968,0.8688,0.859,0.033489699909076534,8.371,9.478,8.630700000000001,8.562,0.23666011493278702,0.581,0.633,0.5972500000000001,0.593,0.015867813333915938,4.207,5.01,4.49295,4.437,0.25448565283724733,0.47000000000000003,0.47300000000000003,0.47125000000000006,0.47100000000000003,0.0008291561975888507,64,64,8192,24576,152064,True,30208,4
1.772,2.2,1.9033333333333335,1.867,0.10112101817851879,0.838,0.976,0.87865,0.869,0.03254577545550268,4.195,5.258,4.5557,4.5009999999999994,0.2780207006681338,0.321,0.364,0.33415,0.331,0.011490322014634747,1.424,1.744,1.5292,1.51,0.08980846285289601,0.835,0.972,0.877,0.872,0.037706763319065195,8.532,9.646,8.905400000000002,8.894,0.28667933305350074,0.5710000000000001,0.662,0.6017000000000001,0.595,0.02402519510846896,4.168,5.338,4.586600000000001,4.5015,0.3013487016729954,0.466,0.47200000000000003,0.46740000000000004,0.467,0.0013190905958272933,64,64,8192,24576,152064,True,29952,4
1.687,2.024,1.7970952380952379,1.788,0.0927926027233928,0.805,0.921,0.8460000000000001,0.8425,0.0314499602543469,4.074,4.839,4.270899999999999,4.2105,0.23040570739458693,0.314,0.34600000000000003,0.32395,0.323,0.008126961301741268,1.405,1.6380000000000001,1.4571,1.4295,0.06897456052777724,0.806,0.928,0.8478500000000002,0.8425,0.035896065243979036,8.153,9.709,8.5382,8.359000000000002,0.5101680703454499,0.562,0.626,0.5825999999999999,0.5765,0.018990523952750728,3.922,4.966,4.3264000000000005,4.2625,0.3085860333845328,0.462,0.465,0.46345000000000003,0.463,0.0008046738469715548,64,64,8192,24576,152064,True,29696,4
1.736,2.092,1.8406666666666665,1.807,0.10671561376959898,0.8200000000000001,0.9420000000000001,0.8673000000000002,0.8625,0.03715386924668816,4.126,5.014,4.499350000000001,4.5085,0.2797440392573182,0.316,0.35100000000000003,0.32860000000000006,0.327,0.010278132126023685,1.399,1.677,1.51275,1.5155,0.08777919742171261,0.8190000000000001,0.9380000000000001,0.8621000000000001,0.8605,0.03635367931860542,8.243,9.222,8.495650000000001,8.386500000000002,0.28183688101453286,0.5680000000000001,0.64,0.5898,0.589,0.019976486177503767,4.154,5.103,4.50655,4.5475,0.2917474035874183,0.459,0.461,0.4595000000000001,0.459,0.0007416198487095669,64,64,8192,24576,152064,True,29440,4
1.71,1.951,1.7886666666666666,1.774,0.06078559770939898,0.809,0.894,0.8387,0.8385,0.0205574803903591,4.025,4.6930000000000005,4.275650000000001,4.250500000000001,0.19227773532055137,0.313,0.337,0.32110000000000005,0.3205,0.006495382975621997,1.3880000000000001,1.584,1.45845,1.454,0.05925071729523618,0.81,0.894,0.8412000000000001,0.8394999999999999,0.022907640646736168,8.081,8.693,8.290750000000001,8.268,0.14744791453255612,0.559,0.609,0.57565,0.5725,0.013595127803739072,4.03,4.824,4.323650000000001,4.282,0.21147677768492693,0.454,0.456,0.45485,0.455,0.0006538348415311017,64,64,8192,24576,152064,True,29184,4
1.705,2.152,1.8163809523809522,1.7730000000000001,0.11562973591453195,0.804,0.974,0.8501500000000002,0.839,0.04741864084935374,4.019,5.251,4.39385,4.3225,0.35646672705878185,0.308,0.361,0.322,0.3185,0.014656056768449006,1.369,1.75,1.4790500000000002,1.4535,0.11225527827233779,0.799,0.972,0.8436,0.8365,0.04378629922704132,8.291,9.749,8.725950000000001,8.663,0.275015358662021,0.557,0.648,0.5765,0.5700000000000001,0.022985865221914075,4.062,5.276,4.376250000000001,4.3004999999999995,0.3245126923557844,0.45,0.456,0.45115000000000005,0.451,0.0013518505834595785,64,64,8192,24576,152064,True,28928,4
1.666,1.901,1.7455238095238097,1.747,0.058817408378342144,0.79,0.868,0.8218500000000001,0.8230000000000001,0.02096729596299912,3.942,4.578,4.1926000000000005,4.177,0.18384977563217203,0.306,0.329,0.31445,0.3135,0.006045452836636811,1.358,1.5230000000000001,1.4219500000000003,1.4065,0.05675162993254028,0.791,0.869,0.8225000000000001,0.8205,0.022294618184665077,8.192,8.661,8.393550000000001,8.3905,0.09387996325095141,0.549,0.585,0.56325,0.5630000000000001,0.010357967947430605,3.9650000000000003,4.601,4.22735,4.234,0.18380676674159738,0.446,0.448,0.4466999999999999,0.447,0.0006403124237432856,64,64,8192,24576,152064,True,28672,4
1.635,2.062,1.7617619047619049,1.747,0.09529048559006784,0.777,0.924,0.8223500000000001,0.8170000000000001,0.03293216512772884,3.994,4.961,4.284700000000001,4.2315000000000005,0.2534869030147317,0.299,0.34500000000000003,0.3142,0.3115,0.01129424632279641,1.342,1.661,1.43805,1.4165,0.09070031697849794,0.778,0.925,0.82315,0.8150000000000001,0.034006286183586705,7.957,8.976,8.167449999999999,8.100999999999999,0.2692564716028197,0.542,0.614,0.5640000000000002,0.559,0.017782013384316172,3.875,5.0040000000000004,4.27445,4.2235,0.26589367705908323,0.442,0.446,0.44315,0.443,0.0012359207094308287,64,64,8192,24576,152064,True,28416,4
1.597,1.801,1.699952380952381,1.71,0.060100294104720675,0.767,0.8310000000000001,0.8013999999999999,0.804,0.022296636517645456,3.867,4.412,4.08545,4.0465,0.18926501921908342,0.297,0.318,0.307,0.3075,0.006542170893518456,1.33,1.514,1.3941,1.3805,0.05505442761486129,0.766,0.842,0.8028500000000001,0.804,0.023169538191340815,7.9030000000000005,8.226,7.992049999999999,7.9835,0.05899023224229595,0.536,0.5760000000000001,0.5524500000000001,0.552,0.011846835020375705,3.802,4.537,4.12885,4.138,0.21822746733626364,0.438,0.442,0.43950000000000006,0.439,0.0009219544457292895,64,64,8192,24576,152064,True,28160,4
1.6340000000000001,2.023,1.735857142857143,1.686,0.11118208390884264,0.773,0.908,0.80885,0.795,0.034918870256639166,3.91,4.9110000000000005,4.214600000000001,4.1235,0.2774590780637751,0.299,0.338,0.3093,0.3055,0.010682228231974835,1.327,1.6340000000000001,1.41615,1.3930000000000002,0.08674749275915705,0.773,0.901,0.8116499999999999,0.799,0.03546022419556875,8.207,9.058,8.403199999999998,8.346,0.19228744108755502,0.537,0.602,0.5559000000000001,0.549,0.01770847254847236,3.9090000000000003,4.861,4.22835,4.1415,0.2660652692479798,0.434,0.438,0.43549999999999994,0.436,0.0012449899597988744,64,64,8192,24576,152064,True,27904,4
1.594,1.928,1.6753809523809524,1.663,0.07475768868912808,0.754,0.869,0.7887000000000001,0.781,0.03101467394637577,3.795,4.607,4.008500000000001,3.9135,0.23311896104778781,0.292,0.327,0.30269999999999997,0.3005,0.009110982383914489,1.31,1.55,1.37185,1.3445,0.07072359931451454,0.755,0.872,0.7919499999999999,0.7845,0.03151265618763357,7.796,8.552,7.9106000000000005,7.857,0.18314021950407286,0.528,0.588,0.54355,0.5395000000000001,0.015004915861143636,3.761,4.7,4.063899999999999,4.0075,0.23697613803925496,0.43,0.433,0.43075,0.4305,0.0008874119674649433,64,64,8192,24576,152064,True,27648,4
1.592,1.915,1.6881428571428572,1.672,0.07585153777157669,0.757,0.871,0.7900500000000001,0.786,0.027163348468110488,3.823,4.66,4.0613,3.99,0.21819786891718268,0.293,0.325,0.3016,0.299,0.008052328855678966,1.304,1.554,1.37745,1.359,0.06825794825512997,0.757,0.871,0.7911,0.786,0.029066991588398,7.737,8.764,7.885200000000002,7.806,0.24762241417125383,0.527,0.606,0.5453000000000001,0.539,0.018939640968085956,3.841,4.805,4.135549999999999,4.07,0.2541504426515917,0.427,0.431,0.42805,0.428,0.0009733961166965902,64,64,8192,24576,152064,True,27392,4
1.547,1.797,1.5983809523809525,1.586,0.05085223803706857,0.74,0.8220000000000001,0.7572000000000001,0.755,0.01691035185914239,3.719,4.239,3.7824500000000008,3.749,0.10968476421089664,0.28600000000000003,0.311,0.29165,0.2905,0.004850515436528366,1.286,1.442,1.3001,1.294,0.03289513641862577,0.74,0.8230000000000001,0.7605000000000001,0.757,0.016698802352264685,7.468,8.416,7.580349999999998,7.4865,0.21494494062433758,0.516,0.5730000000000001,0.5271000000000001,0.524,0.01181905241548578,3.665,4.562,3.8771,3.842,0.18864434791426965,0.421,0.425,0.42245,0.422,0.0008046738469715548,64,64,8192,24576,152064,True,27136,4
1.573,1.727,1.6219999999999999,1.609,0.043827584269009665,0.745,0.792,0.7643500000000001,0.762,0.015169953856225151,3.735,4.148,3.91685,3.8845,0.1286846047513067,0.28600000000000003,0.317,0.2938,0.292,0.006845436436049925,1.28,1.5090000000000001,1.33765,1.307,0.059891798269880024,0.742,0.847,0.7686999999999999,0.7605,0.023975195515365463,8.026,8.452,8.07125,8.052,0.08826317182154736,0.517,0.5760000000000001,0.5292999999999999,0.5255000000000001,0.013088544609695928,3.741,4.538,3.95915,3.904,0.19120127483884625,0.419,0.422,0.4195499999999999,0.419,0.0007399324293474377,64,64,8192,24576,152064,True,26880,4
1.546,1.687,1.5955714285714284,1.582,0.04250106041094062,0.729,0.8300000000000001,0.75235,0.744,0.022689810488410893,3.65,4.391,3.7807500000000003,3.7145,0.17834765908191788,0.28300000000000003,0.312,0.28895000000000004,0.28650000000000003,0.006492110596716588,1.2630000000000001,1.488,1.2967000000000002,1.27,0.05416281011912139,0.731,0.8310000000000001,0.7533000000000001,0.7455,0.022980644029269522,7.412,8.153,7.579000000000001,7.5535,0.1360419053086218,0.509,0.5680000000000001,0.5204,0.516,0.013275541420220882,3.6670000000000003,4.556,3.874,3.8165,0.2023840408727921,0.41500000000000004,0.417,0.41575000000000006,0.41600000000000004,0.0006982120021884328,64,64,8192,24576,152064,True,26624,4
1.518,1.721,1.6155238095238096,1.605,0.0705432113757363,0.719,0.789,0.7554000000000001,0.754,0.02327745690577046,3.668,4.168,3.8902499999999995,3.863,0.18513532212951694,0.278,0.298,0.288,0.28800000000000003,0.006587867636800222,1.2550000000000001,1.415,1.3204500000000001,1.314,0.05566998742590122,0.719,0.79,0.7545,0.7565,0.02247554226264632,7.421,7.732,7.54375,7.5275,0.08070122365862863,0.503,0.543,0.5206500000000001,0.517,0.0129045534599226,3.575,4.206,3.8977500000000007,3.8445,0.21230823700459675,0.41000000000000003,0.41300000000000003,0.41115,0.41100000000000003,0.0007921489758877437,64,64,8192,24576,152064,True,26368,4
1.491,1.698,1.5835714285714284,1.593,0.06429365030380339,0.712,0.783,0.7431500000000001,0.7375,0.023429201864340173,3.585,4.131,3.8012,3.7765,0.18872297157473975,0.276,0.297,0.28525,0.28550000000000003,0.0066096520332011265,1.237,1.3900000000000001,1.2986499999999999,1.2925,0.05594396750320806,0.714,0.783,0.74655,0.749,0.02203060371392488,7.49,7.97,7.665299999999999,7.6715,0.08772576588437395,0.498,0.534,0.5121499999999999,0.509,0.011394187114489572,3.552,4.207,3.8319,3.805,0.20812998342382089,0.406,0.40800000000000003,0.4069000000000001,0.40700000000000003,0.0005385164807134509,64,64,8192,24576,152064,True,26112,4
1.464,1.677,1.5504285714285713,1.5270000000000001,0.058298551340795556,0.709,0.773,0.7361000000000001,0.7264999999999999,0.021274162733231145,3.614,4.087,3.7685000000000004,3.6495,0.1729608337167695,0.272,0.292,0.2808500000000001,0.278,0.0061341258545941045,1.229,1.366,1.27645,1.2440000000000002,0.050669986185117526,0.706,0.773,0.7345999999999999,0.7275,0.021352751579129112,7.4,7.793,7.668000000000001,7.699,0.10231031228571237,0.486,0.529,0.50555,0.5015000000000001,0.012286069347028783,3.347,4.085,3.7488,3.6825,0.19972821533273669,0.403,0.404,0.40360000000000007,0.404,0.0004898979485566361,64,64,8192,24576,152064,True,25856,4
1.461,1.601,1.5177619047619046,1.506,0.043939248928172185,0.6990000000000001,0.752,0.72095,0.7164999999999999,0.01675850530327809,3.516,3.892,3.6278499999999996,3.563,0.1219017124572087,0.27,0.28500000000000003,0.27690000000000003,0.276,0.004784349485562279,1.21,1.321,1.2428000000000003,1.225,0.036442557539228766,0.7010000000000001,0.751,0.7229,0.72,0.015352198539622906,7.117,7.281000000000001,7.25085,7.2595,0.03347726840708488,0.488,0.515,0.49879999999999997,0.4965,0.008488816171881691,3.482,4.0200000000000005,3.702049999999999,3.6725000000000003,0.1611659005497131,0.398,0.401,0.39965,0.4,0.0007262919523166982,64,64,8192,24576,152064,True,25600,4
1.436,1.604,1.5082380952380954,1.51,0.04447032693071038,0.6940000000000001,0.753,0.7147999999999999,0.714,0.014681961721786348,3.548,4.0600000000000005,3.6573,3.62,0.13469896064929388,0.268,0.28500000000000003,0.27435,0.273,0.0047463143595847124,1.204,1.338,1.23445,1.218,0.03879751925059128,0.6940000000000001,0.751,0.71705,0.7144999999999999,0.015564302104495395,7.1450000000000005,7.439,7.249499999999999,7.253500000000001,0.05794695850517087,0.485,0.516,0.4963,0.495,0.008832326986700624,3.476,4.022,3.6792500000000006,3.648,0.15153444327940765,0.394,0.395,0.39479999999999993,0.395,0.00040000000000000034,64,64,8192,24576,152064,True,25344,4
1.405,1.506,1.4453809523809522,1.438,0.02783878108729449,0.682,0.71,0.6887500000000001,0.686,0.0066848709785604565,3.4410000000000003,3.561,3.45655,3.4490000000000003,0.02510871362694629,0.263,0.271,0.266,0.266,0.0018165902124584966,1.186,1.206,1.18925,1.1875,0.004437059837324708,0.68,0.71,0.6886,0.6875,0.0071372263520221805,6.9,7.062,6.9202499999999985,6.9115,0.03324586440446389,0.47500000000000003,0.49,0.47995,0.47900000000000004,0.003761316258971035,3.317,3.653,3.443350000000001,3.416,0.08084632026258212,0.39,0.392,0.39110000000000006,0.391,0.0006244997998398403,64,64,8192,24576,152064,True,25088,4
1.401,1.574,1.4812380952380952,1.473,0.04673420768345658,0.673,0.739,0.7022,0.6975,0.01788463027294663,3.44,3.908,3.5783,3.5025000000000004,0.148145232795389,0.259,0.279,0.2681,0.2665,0.005290557626564524,1.171,1.303,1.2087499999999998,1.1865,0.0405461157202512,0.672,0.739,0.7017,0.6985000000000001,0.01745307995741723,7.039000000000001,7.12,7.089499999999999,7.095,0.020431593183107326,0.47000000000000003,0.505,0.4843,0.483,0.008978307190111053,3.299,3.931,3.5887000000000007,3.543,0.16116485348859413,0.385,0.388,0.38675000000000004,0.387,0.0008291561975888507,64,64,8192,24576,152064,True,24832,4
1.372,1.473,1.4113333333333333,1.405,0.025134558515041212,0.66,0.6970000000000001,0.6746000000000001,0.673,0.007958643100428623,3.367,3.521,3.39045,3.3745000000000003,0.03987289179379892,0.256,0.268,0.2607,0.26,0.0025317977802344345,1.16,1.195,1.1679500000000003,1.166,0.007618890995413983,0.662,0.6900000000000001,0.675,0.674,0.006595452979136465,6.9190000000000005,6.97,6.953749999999999,6.955,0.012393042402896797,0.464,0.47600000000000003,0.4701000000000001,0.47000000000000003,0.003080584360149875,3.247,3.541,3.39855,3.383,0.0699989107058103,0.382,0.385,0.3834000000000001,0.383,0.0007348469228349541,64,64,8192,24576,152064,True,24576,4
1.399,1.608,1.4729047619047617,1.447,0.05305244912609262,0.667,0.74,0.6936500000000001,0.686,0.019412045229702073,3.39,3.952,3.56565,3.475,0.17754105863151762,0.258,0.278,0.2654500000000001,0.263,0.005705041629997108,1.158,1.327,1.2053,1.1715,0.055186139564205816,0.676,0.739,0.6960000000000001,0.6865000000000001,0.019271740969616598,7.002,7.432,7.237149999999998,7.2295,0.08587332239991653,0.464,0.504,0.4788,0.47450000000000003,0.01058583959825576,3.339,4.0,3.5998000000000006,3.51,0.17087117954763464,0.378,0.38,0.37889999999999996,0.379,0.0005385164807134509,64,64,8192,24576,152064,True,24320,4
1.366,1.51,1.4396190476190476,1.448,0.04143552213175388,0.659,0.707,0.6824,0.6825000000000001,0.01491106971347126,3.2960000000000003,3.7,3.4659999999999997,3.4459999999999997,0.1345150549195145,0.255,0.269,0.26185,0.2615,0.00419851164104615,1.1440000000000001,1.262,1.1862499999999998,1.1665,0.04230115246656996,0.662,0.707,0.6847000000000001,0.683,0.014652986043806888,7.128,7.244,7.18125,7.1845,0.024404661439979002,0.461,0.484,0.4723,0.47200000000000003,0.007287660804400806,3.343,3.7960000000000003,3.5624000000000002,3.551,0.13594351768289653,0.374,0.376,0.37545,0.376,0.0006689544080129831,64,64,8192,24576,152064,True,24064,4
1.3760000000000001,1.448,1.412857142857143,1.418,0.02057804126521577,0.658,0.681,0.6694,0.6695,0.006429618962271409,3.329,3.505,3.3869,3.3585000000000003,0.050307951657764784,0.253,0.259,0.25645,0.256,0.001657558445425079,1.1320000000000001,1.177,1.1474,1.1405,0.011774548823627959,0.659,0.68,0.67005,0.6685000000000001,0.00545412687787881,6.793,6.852,6.827250000000001,6.8265,0.01387398644946723,0.458,0.467,0.46275000000000005,0.462,0.002680951323690905,3.336,3.509,3.4167500000000004,3.4050000000000002,0.05125414617374871,0.369,0.371,0.3707000000000001,0.371,0.0005567764362830027,64,64,8192,24576,152064,True,23808,4
1.408,1.5010000000000001,1.4453809523809524,1.448,0.0245074841639315,0.665,0.6950000000000001,0.6763000000000001,0.678,0.007443789357578579,3.37,3.6310000000000002,3.4624499999999996,3.4705,0.07194683801252146,0.255,0.265,0.2585,0.259,0.002313006701244078,1.137,1.242,1.1788500000000002,1.1829999999999998,0.02240597018653733,0.666,0.6980000000000001,0.67935,0.6805000000000001,0.007584688523598058,6.618,6.739,6.653449999999999,6.651,0.02543712837566373,0.46,0.47900000000000004,0.46715000000000007,0.468,0.004585575209284004,3.444,3.6470000000000002,3.55815,3.5905,0.0635061217521587,0.365,0.368,0.36695,0.367,0.0008046738469715548,64,64,8192,24576,152064,True,23552,4
1.339,1.419,1.389809523809524,1.3980000000000001,0.020927582727607644,0.644,0.668,0.6591000000000001,0.661,0.006579513659838399,3.2600000000000002,3.4170000000000003,3.3523500000000004,3.366,0.04924050669926134,0.247,0.254,0.25145,0.252,0.0019615045245933048,1.11,1.153,1.12995,1.131,0.012277927349516273,0.646,0.666,0.65925,0.662,0.0060404883908505335,6.9430000000000005,7.005,6.97175,6.968500000000001,0.01778447356544464,0.446,0.459,0.4535,0.455,0.0036537651812890257,3.251,3.474,3.3852,3.4050000000000002,0.062165585334652836,0.362,0.363,0.36274999999999996,0.363,0.0004330127018922197,64,64,8192,24576,152064,True,23296,4
1.366,1.45,1.4203333333333332,1.427,0.0260737659313201,0.65,0.674,0.6649499999999999,0.668,0.008291411218845687,3.277,3.551,3.4292500000000006,3.45,0.08538200922911103,0.249,0.257,0.254,0.2545,0.0023452078799117166,1.119,1.21,1.1687,1.173,0.02701869722988136,0.651,0.678,0.6687000000000001,0.67,0.008062877898120503,6.586,6.8020000000000005,6.716550000000001,6.734,0.06770928665995521,0.451,0.464,0.45895,0.4605,0.003968311983702897,3.339,3.603,3.49435,3.5164999999999997,0.0876340544537339,0.359,0.361,0.35974999999999996,0.36,0.0006224949798994372,64,64,8192,24576,152064,True,23040,4
1.287,1.449,1.3774285714285714,1.3780000000000001,0.04120052175879911,0.624,0.673,0.6568999999999999,0.662,0.013856045611934176,3.189,3.519,3.3662499999999995,3.3855000000000004,0.10653303478264381,0.241,0.254,0.24900000000000003,0.25,0.003794733192202058,1.081,1.183,1.1304000000000003,1.131,0.03451144737619679,0.627,0.672,0.65585,0.6595,0.01270934695411217,6.365,6.533,6.4662999999999995,6.469,0.0547239435713472,0.435,0.459,0.45075000000000004,0.453,0.007006247212309889,3.109,3.571,3.4002000000000003,3.4125,0.1310727279032523,0.354,0.356,0.355,0.355,0.0007071067811865482,64,64,8192,24576,152064,True,22784,4
1.292,1.436,1.3709523809523811,1.379,0.04381614856743397,0.618,0.661,0.64325,0.6455,0.013648717888505146,3.102,3.478,3.2771,3.2750000000000004,0.12082255584120048,0.23900000000000002,0.251,0.24569999999999997,0.2455,0.003976179070414209,1.072,1.199,1.12135,1.1115,0.03751436391570567,0.624,0.668,0.6460000000000001,0.6465000000000001,0.014188023118109173,6.321,6.418,6.3713500000000005,6.373,0.020008185824806842,0.432,0.456,0.44369999999999993,0.4445,0.007694803441284261,3.107,3.533,3.3353500000000005,3.3514999999999997,0.1369906109921406,0.35000000000000003,0.352,0.35135000000000005,0.35100000000000003,0.0005722761571129552,64,64,8192,24576,152064,True,22528,4
1.337,1.459,1.4134761904761906,1.417,0.03007074048151419,0.63,0.669,0.6548999999999999,0.658,0.009782126558167206,3.182,3.516,3.4188500000000004,3.4495000000000005,0.0867595960110465,0.24,0.251,0.24700000000000003,0.249,0.0033166247903554024,1.077,1.184,1.14505,1.1545,0.031036228830191318,0.631,0.669,0.6537499999999999,0.659,0.010779030568655057,6.496,6.719,6.59915,6.605,0.07900903429355406,0.434,0.456,0.4466500000000001,0.449,0.006125969311056012,3.23,3.5420000000000003,3.4442999999999997,3.495,0.09198483570676204,0.34600000000000003,0.34800000000000003,0.34725000000000006,0.34700000000000003,0.0005361902647381809,64,64,8192,24576,152064,True,22272,4
1.266,1.359,1.3238095238095238,1.331,0.026129018802526154,0.604,0.639,0.6252500000000001,0.627,0.009353475289965767,3.033,3.294,3.1715999999999998,3.184,0.07607851207798431,0.233,0.243,0.23895000000000005,0.23900000000000002,0.002747271373563222,1.049,1.1360000000000001,1.0862999999999998,1.0835,0.025882619651032272,0.608,0.641,0.6270499999999999,0.6295,0.009494603730540847,6.24,6.2780000000000005,6.25585,6.2555,0.010697079040560541,0.422,0.441,0.4321,0.434,0.005448853090330116,3.0420000000000003,3.3850000000000002,3.2348500000000002,3.2495000000000003,0.09306679053239125,0.342,0.34400000000000003,0.34285,0.343,0.0006538348415311017,64,64,8192,24576,152064,True,22016,4
1.2550000000000001,1.383,1.3280476190476191,1.342,0.034436243629110415,0.604,0.645,0.6270999999999999,0.6315,0.011852847759083057,3.045,3.3810000000000002,3.23555,3.269,0.10965512983896374,0.231,0.243,0.23765000000000006,0.23800000000000002,0.0029878922336657268,1.034,1.1320000000000001,1.0865,1.0899999999999999,0.031626729201736974,0.605,0.644,0.6268499999999999,0.631,0.010753022830813678,6.09,6.255,6.2033,6.2165,0.04538072277961215,0.419,0.441,0.4298,0.4315,0.006477653896280664,3.047,3.415,3.2482999999999995,3.287,0.11179315721456302,0.338,0.34,0.33925,0.339,0.0006224949798994372,64,64,8192,24576,152064,True,21760,4
1.236,1.351,1.2884285714285715,1.2790000000000001,0.03819819420884087,0.592,0.632,0.6104499999999999,0.608,0.01283150419865108,2.95,3.3040000000000003,3.0908500000000005,3.055,0.12135743693733812,0.229,0.23900000000000002,0.2334,0.233,0.0034554305086342023,1.025,1.121,1.0604,1.048,0.032103582354622094,0.595,0.632,0.6125,0.61,0.011736694594305513,6.114,6.3790000000000004,6.30245,6.309,0.05513027752514958,0.41300000000000003,0.433,0.42119999999999996,0.4195,0.006079473661428251,2.976,3.367,3.1495,3.14,0.11571063045373142,0.334,0.336,0.33515,0.335,0.0005722761571129803,64,64,8192,24576,152064,True,21504,4
1.243,1.3900000000000001,1.3068095238095236,1.301,0.04120173256599666,0.595,0.643,0.61705,0.614,0.014897902536934534,2.997,3.3890000000000002,3.18945,3.186,0.13970879535662747,0.227,0.241,0.23320000000000007,0.232,0.004686149805543992,1.0130000000000001,1.145,1.0718,1.072,0.045734669562597696,0.596,0.643,0.616,0.6134999999999999,0.015346009253222818,6.367,6.4990000000000006,6.405500000000001,6.391500000000001,0.04020012437791715,0.41100000000000003,0.438,0.4222,0.4205,0.00856504524214553,3.0340000000000003,3.403,3.22085,3.2184999999999997,0.12835819997179765,0.33,0.332,0.3309500000000001,0.331,0.0003840572873934308,64,64,8192,24576,152064,True,21248,4
1.189,1.293,1.2460476190476188,1.242,0.026634163865367665,0.5760000000000001,0.608,0.5923499999999999,0.5914999999999999,0.009398271117604554,2.892,3.149,2.98895,2.951,0.084733980786931,0.221,0.231,0.22674999999999995,0.2265,0.002643387977577263,0.998,1.078,1.0231999999999999,1.0095,0.02247576472558828,0.5750000000000001,0.61,0.59475,0.593,0.009197146296542202,5.932,5.973,5.958450000000001,5.9590000000000005,0.010901720047772194,0.401,0.419,0.40969999999999995,0.40850000000000003,0.004712748667179266,2.86,3.202,3.045,3.035,0.0852912656724005,0.326,0.328,0.3264499999999999,0.326,0.0005894913061275802,64,64,8192,24576,152064,True,20992,4
1.168,1.302,1.2425238095238098,1.234,0.031733441948021995,0.5670000000000001,0.612,0.5920500000000001,0.587,0.011745105363512068,2.9010000000000002,3.251,3.0424499999999997,2.975,0.11159367141554218,0.217,0.231,0.22480000000000003,0.224,0.0033406586176980163,0.985,1.083,1.0220500000000001,1.0055,0.034396911198536405,0.5690000000000001,0.611,0.59175,0.588,0.011206582886857169,5.812,5.966,5.91405,5.9205000000000005,0.036133744616355434,0.394,0.419,0.4069,0.405,0.0068403216298650715,2.799,3.263,3.0634,3.0060000000000002,0.1200863855730532,0.322,0.325,0.3232000000000001,0.323,0.0007483314773547889,64,64,8192,24576,152064,True,20736,4
1.164,1.23,1.192904761904762,1.192,0.017112804345353755,0.56,0.587,0.57085,0.5720000000000001,0.0070941877618230335,2.815,2.959,2.8499499999999998,2.834,0.03790709036578774,0.217,0.224,0.21935000000000002,0.219,0.0020068632240389495,0.973,1.014,0.9820499999999999,0.981,0.008840107465410143,0.5630000000000001,0.587,0.5717500000000001,0.5725,0.006106349154773229,5.652,5.779,5.6792,5.663,0.0319931242613159,0.392,0.401,0.39554999999999996,0.3945,0.003073678577860739,2.819,2.989,2.8916999999999997,2.8715,0.05578091071325385,0.317,0.319,0.3182499999999999,0.318,0.0006224949798994372,64,64,8192,24576,152064,True,20480,4
1.178,1.286,1.2230476190476192,1.224,0.0309569227437037,0.5660000000000001,0.599,0.5812999999999999,0.583,0.010517128885774826,2.857,3.184,3.0162000000000004,3.0345000000000004,0.11589805865500938,0.216,0.226,0.22035,0.221,0.0034099120223255058,0.965,1.058,1.0091500000000002,1.0085000000000002,0.033068527333402695,0.5630000000000001,0.599,0.5810500000000001,0.582,0.011306966878876014,5.788,6.035,5.97525,6.0015,0.07195753956327301,0.389,0.41000000000000003,0.39880000000000004,0.3995,0.0064233947411006945,2.8970000000000002,3.186,3.03435,3.0505000000000004,0.10412121541741627,0.314,0.316,0.3148500000000001,0.315,0.0004769696007084732,64,64,8192,24576,152064,True,20224,4
1.1300000000000001,1.2550000000000001,1.1857142857142857,1.184,0.034290277474113576,0.548,0.589,0.5651499999999999,0.5645,0.01141610704224516,2.747,3.0580000000000003,2.8621500000000006,2.822,0.0963380895596337,0.211,0.222,0.21615,0.2165,0.0035252659474144673,0.9460000000000001,1.035,0.9774,0.9624999999999999,0.028728731263318937,0.549,0.589,0.5667000000000001,0.5650000000000001,0.011967038062946047,5.62,5.668,5.63825,5.6355,0.012644662905747985,0.381,0.402,0.39055000000000006,0.389,0.006070214164261427,2.725,3.142,2.9105,2.8890000000000002,0.11656650462289758,0.31,0.312,0.31054999999999994,0.3105,0.0005894913061275802,64,64,8192,24576,152064,True,19968,4
1.1340000000000001,1.232,1.1827142857142856,1.178,0.025177735548435207,0.536,0.578,0.56335,0.561,0.009931137900563056,2.755,3.055,2.9048000000000003,2.867,0.09412523572347645,0.20600000000000002,0.22,0.21400000000000002,0.213,0.003331666249791536,0.9380000000000001,1.045,0.97895,0.969,0.02934361088891411,0.54,0.58,0.5635000000000001,0.561,0.010097029266076226,5.515,5.605,5.5708,5.5745000000000005,0.017749929577325168,0.381,0.398,0.38849999999999996,0.387,0.0045989129150267715,2.794,3.106,2.93475,2.9080000000000004,0.09027728119521541,0.306,0.308,0.3066000000000001,0.307,0.0005830951894845307,64,64,8192,24576,152064,True,19712,4
1.12,1.22,1.1681904761904764,1.157,0.02848662016359032,0.54,0.5700000000000001,0.55445,0.5555000000000001,0.008997082860572094,2.696,2.952,2.8163,2.8200000000000003,0.08503240558751703,0.20800000000000002,0.216,0.2117,0.2115,0.002703701166919152,0.929,1.01,0.9647500000000001,0.9615,0.028507674405324604,0.543,0.5720000000000001,0.55635,0.5535000000000001,0.009424834216048585,5.38,5.488,5.4529499999999995,5.459,0.024998949977949155,0.376,0.389,0.38205,0.3805,0.004706113045816053,2.765,3.005,2.8787,2.851,0.07955318975377415,0.301,0.303,0.30204999999999993,0.302,0.0005894913061275802,64,64,8192,24576,152064,True,19456,4
1.075,1.209,1.148142857142857,1.141,0.030436953909110318,0.526,0.5690000000000001,0.5478000000000002,0.547,0.00961041102138718,2.69,3.0,2.8368,2.8435,0.09612367034190902,0.202,0.214,0.20905,0.2095,0.003247691487810987,0.914,1.022,0.961,0.9610000000000001,0.03231563089280479,0.526,0.5690000000000001,0.5515000000000001,0.5515000000000001,0.011024971655292372,5.3500000000000005,5.485,5.4421,5.449,0.027469801601030863,0.365,0.389,0.3779,0.377,0.0066775744099186254,2.573,2.994,2.82175,2.8135000000000003,0.1241824766221064,0.299,0.3,0.29945000000000005,0.299,0.0004974937185533104,64,64,8192,24576,152064,True,19200,4
1.089,1.153,1.1184285714285715,1.119,0.016617751347999712,0.526,0.548,0.5378000000000001,0.5385,0.006046486583132395,2.646,2.815,2.7242,2.7335000000000003,0.05271394502406363,0.202,0.20800000000000002,0.20535,0.20500000000000002,0.0016815171720800251,0.909,0.9570000000000001,0.9319500000000002,0.9345000000000001,0.016240304800095362,0.529,0.549,0.53905,0.5395000000000001,0.005333619783974112,5.239,5.321,5.2981500000000015,5.301,0.019100458109689425,0.367,0.377,0.3708,0.3705,0.0029427877939124355,2.702,2.888,2.7760499999999992,2.769,0.05255518528175877,0.294,0.296,0.29494999999999993,0.295,0.00038405728739343076,64,64,8192,24576,152064,True,18944,4
1.099,1.1520000000000001,1.120857142857143,1.119,0.01679366579649466,0.525,0.546,0.5333000000000001,0.5335000000000001,0.005736723803705391,2.649,2.867,2.7411000000000003,2.7515,0.061242877136855646,0.199,0.20500000000000002,0.2024,0.203,0.001685229954635273,0.9,0.97,0.9279,0.928,0.019972230721679547,0.526,0.548,0.5343000000000001,0.535,0.005441507144165122,5.269,5.315,5.2886500000000005,5.288,0.0110646961096996,0.363,0.374,0.36724999999999997,0.3655,0.0030639027399707087,2.661,2.831,2.7368,2.7075,0.05523459061131893,0.289,0.292,0.29079999999999995,0.291,0.0008717797887081355,64,64,8192,24576,152064,True,18688,4
1.063,1.1300000000000001,1.0971904761904763,1.098,0.019781229793776625,0.513,0.534,0.52295,0.5225,0.006530505340323984,2.545,2.787,2.6464499999999997,2.6185,0.07034164840263554,0.195,0.203,0.19965000000000002,0.199,0.0021971572542719853,0.881,0.9560000000000001,0.906,0.899,0.020425474290698874,0.514,0.537,0.5253,0.5245,0.006442825467137852,5.1160000000000005,5.178,5.163400000000001,5.168,0.017024687956024194,0.356,0.368,0.36085,0.3605,0.003650684867254365,2.613,2.848,2.70635,2.6935000000000002,0.06963639493827924,0.28600000000000003,0.28800000000000003,0.287,0.28700000000000003,0.0006324555320336764,64,64,8192,24576,152064,True,18432,4
1.039,1.1340000000000001,1.0889523809523811,1.084,0.019652883444024195,0.5,0.531,0.5176000000000001,0.516,0.007344385610791424,2.556,2.801,2.65735,2.6355000000000004,0.07433792773544337,0.191,0.201,0.1965,0.196,0.0023345235059857522,0.869,0.9390000000000001,0.8963999999999996,0.888,0.02096043892670191,0.5,0.532,0.5181,0.5165,0.007091544260596565,5.066,5.1770000000000005,5.14835,5.1515,0.02101493516525816,0.34800000000000003,0.363,0.3555,0.355,0.003626292872893741,2.49,2.791,2.6485000000000003,2.6305,0.0769243134515999,0.28200000000000003,0.28400000000000003,0.2831,0.28300000000000003,0.0006244997998398404,64,64,8192,24576,152064,True,18176,4
1.031,1.117,1.0616666666666668,1.06,0.022964430743327408,0.499,0.525,0.50825,0.5085,0.007063108380875951,2.468,2.7,2.5625,2.5705,0.06636301680906317,0.191,0.198,0.19419999999999998,0.194,0.0023366642891095865,0.857,0.921,0.88045,0.8755,0.02045354492502463,0.499,0.523,0.50915,0.509,0.007240683669378196,4.926,5.032,4.99285,4.997,0.023952609461183983,0.34600000000000003,0.36,0.35100000000000003,0.35050000000000003,0.0037815340802377882,2.5420000000000003,2.7560000000000002,2.6197000000000004,2.6055,0.06316573438186243,0.278,0.28,0.2791500000000001,0.279,0.0007262919523166983,64,64,8192,24576,152064,True,17920,4
1.0230000000000001,1.083,1.0519999999999998,1.051,0.016480869140280404,0.495,0.512,0.5041000000000001,0.504,0.005156549233741501,2.517,2.722,2.61475,2.616,0.06420348510789736,0.189,0.194,0.1914,0.191,0.0016248076809271934,0.849,0.91,0.8787499999999999,0.8755,0.023203178661554132,0.495,0.514,0.50495,0.503,0.005928532702111043,4.984,5.0200000000000005,4.99835,4.996,0.009613922196481628,0.342,0.352,0.3463,0.34600000000000003,0.0026851443164195073,2.521,2.701,2.5871,2.5745,0.05599187441048925,0.274,0.276,0.2748500000000001,0.275,0.0006538348415311016,64,64,8192,24576,152064,True,17664,4
0.966,1.056,1.013190476190476,1.016,0.020544073522943296,0.47300000000000003,0.503,0.4878,0.489,0.006808817812219675,2.395,2.603,2.46145,2.4524999999999997,0.04983620671760646,0.183,0.191,0.18694999999999998,0.187,0.002085065946199306,0.8270000000000001,0.897,0.84825,0.841,0.01852262130477217,0.47300000000000003,0.507,0.48999999999999994,0.49,0.008526429498916879,4.817,4.889,4.86615,4.8685,0.014454324612378139,0.331,0.34700000000000003,0.33819999999999995,0.338,0.0034146742157927777,2.336,2.656,2.4991000000000008,2.5164999999999997,0.06801389563905307,0.27,0.271,0.27065,0.271,0.0004769696007084733,64,64,8192,24576,152064,True,17408,4
0.9590000000000001,1.061,1.0161904761904763,1.02,0.0240824358988218,0.467,0.505,0.48715,0.4875,0.008782226369207289,2.4050000000000002,2.665,2.5223000000000004,2.512,0.06726224795529806,0.18,0.191,0.18585000000000002,0.186,0.002535251466817446,0.8180000000000001,0.901,0.85495,0.851,0.02102016888609604,0.467,0.503,0.4890999999999999,0.489,0.009565040512198569,4.833,4.883,4.852449999999999,4.8505,0.01305555437352231,0.327,0.34600000000000003,0.33605000000000007,0.336,0.0042246301613277385,2.337,2.695,2.5084999999999997,2.508,0.07941756732612748,0.265,0.267,0.2661,0.266,0.0006244997998398404,64,64,8192,24576,152064,True,17152,4
0.934,1.018,0.9832380952380952,0.984,0.023637953263070822,0.461,0.487,0.4763,0.47650000000000003,0.00741012820401913,2.327,2.494,2.4037999999999995,2.3970000000000002,0.05213213979878439,0.177,0.185,0.18225,0.183,0.0026052830940226077,0.806,0.85,0.8276999999999999,0.8290000000000001,0.0150269757436418,0.463,0.487,0.47844999999999993,0.481,0.007794068257335174,4.651,4.724,4.70165,4.707,0.019700951753659147,0.323,0.335,0.32989999999999997,0.33,0.0036728735344413945,2.323,2.5540000000000003,2.4539,2.451,0.06927402110459592,0.262,0.264,0.26305000000000006,0.263,0.0005894913061275802,64,64,8192,24576,152064,True,16896,4
0.9580000000000001,1.016,0.9818571428571429,0.98,0.017891966045675164,0.464,0.483,0.47070000000000006,0.47000000000000003,0.006091797764207208,2.363,2.565,2.423050000000001,2.409,0.059805915259278496,0.176,0.184,0.179,0.179,0.002097617696340305,0.798,0.857,0.81695,0.807,0.02117894001124699,0.464,0.485,0.4726000000000001,0.47100000000000003,0.006382789358893168,4.684,4.75,4.7305,4.73,0.013897841559033525,0.322,0.332,0.32520000000000004,0.325,0.0028565713714171423,2.368,2.569,2.4241,2.41,0.057431611504466795,0.257,0.259,0.258,0.258,0.0008366600265340764,64,64,8192,24576,152064,True,16640,4
0.9380000000000001,0.989,0.964095238095238,0.965,0.014289205922502863,0.451,0.47300000000000003,0.46355,0.4635,0.00603717649236794,2.248,2.436,2.3457500000000002,2.341,0.05437359193579182,0.17300000000000001,0.181,0.17754999999999999,0.178,0.0021089096708963085,0.785,0.8320000000000001,0.80975,0.812,0.016155107551483538,0.451,0.47600000000000003,0.4652000000000001,0.466,0.006622688275919384,4.5360000000000005,4.597,4.57485,4.5765,0.016683150182144862,0.314,0.326,0.32065,0.321,0.0030211752680041615,2.299,2.503,2.3983,2.3970000000000002,0.053705772501659484,0.253,0.255,0.25425,0.254,0.0006224949798994372,64,64,8192,24576,152064,True,16384,4
0.916,1.008,0.9653333333333333,0.963,0.020183287129827962,0.45,0.481,0.4647,0.4645,0.006285698051927087,2.247,2.488,2.34795,2.3265000000000002,0.05957304340051802,0.17300000000000001,0.181,0.17734999999999998,0.177,0.0020560885194952044,0.782,0.855,0.8074,0.7965,0.021799999999999986,0.448,0.47900000000000004,0.46545000000000003,0.464,0.007419400245302857,4.62,4.657,4.63735,4.6370000000000005,0.009946230441730179,0.313,0.329,0.31980000000000003,0.32,0.0033406586176980163,2.241,2.556,2.3895999999999997,2.385,0.07172893418976756,0.254,0.255,0.2544,0.254,0.0004898979485566361,64,64,8192,24576,152064,True,16384,4
0.922,0.965,0.9496190476190476,0.9520000000000001,0.011441262794423764,0.454,0.464,0.461,0.461,0.0025099800796022287,2.273,2.356,2.3276,2.3194999999999997,0.01956118605811007,0.17300000000000001,0.176,0.17509999999999998,0.17500000000000002,0.0007681145747868517,0.774,0.8130000000000001,0.7916999999999998,0.788,0.010339729203417282,0.448,0.464,0.45974999999999994,0.461,0.003935416115228481,4.555,4.593,4.57775,4.578,0.009751281967003146,0.311,0.319,0.31659999999999994,0.317,0.0018547236990991425,2.347,2.5140000000000002,2.45195,2.448,0.03544781375487074,0.251,0.252,0.25165,0.252,0.00047696960070847325,64,64,8192,24576,152064,True,16256,4
0.926,0.979,0.9552380952380956,0.9580000000000001,0.015898202240099954,0.452,0.47000000000000003,0.4599000000000001,0.4595,0.004988987873306573,2.2960000000000003,2.463,2.3779,2.3680000000000003,0.05433313905895737,0.17200000000000001,0.177,0.17445,0.17450000000000002,0.0015321553446044473,0.764,0.8270000000000001,0.7940500000000001,0.7875000000000001,0.020113366202602706,0.454,0.47300000000000003,0.4624,0.4625,0.0053888774341229965,4.484,4.566,4.5470500000000005,4.550000000000001,0.017399640800890077,0.313,0.323,0.31675000000000003,0.316,0.002547057125390008,2.316,2.489,2.3803499999999995,2.366,0.05040761351224636,0.249,0.251,0.24974999999999997,0.25,0.0006982120021884477,64,64,8192,24576,152064,True,16128,4
0.906,0.961,0.9333333333333336,0.93,0.01559405666190178,0.446,0.462,0.45375,0.453,0.005117372372614685,2.2840000000000003,2.4290000000000003,2.3600000000000003,2.341,0.04692653833386821,0.169,0.17500000000000002,0.17185,0.1715,0.001651514456491376,0.756,0.806,0.7806,0.7745,0.016402438843050152,0.444,0.461,0.45289999999999997,0.4515,0.0056115951386392846,4.439,4.506,4.48525,4.489,0.016925941628163587,0.308,0.317,0.31155,0.311,0.002765411361804969,2.337,2.511,2.4132999999999996,2.411,0.04755323332855504,0.247,0.249,0.24815,0.248,0.0007262919523166982,64,64,8192,24576,152064,True,16000,4
0.906,0.963,0.9354761904761905,0.934,0.012284791401291378,0.442,0.458,0.45115,0.451,0.00447520949230313,2.199,2.394,2.2886,2.274,0.04994236678412428,0.169,0.17400000000000002,0.17165000000000002,0.17200000000000001,0.0014585952145814833,0.75,0.8140000000000001,0.77945,0.777,0.01830430277284553,0.441,0.461,0.45280000000000004,0.4515,0.0049457052075513,4.469,4.506,4.4876,4.486000000000001,0.009404254356406877,0.307,0.314,0.3112,0.311,0.00201494416796099,2.24,2.4130000000000003,2.32885,2.3165,0.045095759224122206,0.246,0.248,0.24705000000000005,0.247,0.0009205976319760994,64,64,8192,24576,152064,True,15872,4
0.91,0.9500000000000001,0.9269999999999999,0.929,0.01117821009609236,0.442,0.454,0.44830000000000003,0.448,0.003494281041931233,2.207,2.342,2.26845,2.268,0.03862185262257624,0.167,0.17200000000000001,0.16970000000000002,0.17,0.0013453624047073723,0.745,0.79,0.7694999999999999,0.7705,0.011556383517346603,0.439,0.454,0.44684999999999997,0.4475,0.004077683165720459,4.432,4.463,4.4451,4.444,0.008348053665376047,0.304,0.311,0.30715,0.3065,0.0017965244223221697,2.324,2.469,2.3896499999999996,2.386,0.03736880383421444,0.243,0.244,0.24345,0.243,0.0004974937185533104,64,64,8192,24576,152064,True,15744,4
0.883,0.9560000000000001,0.9194761904761903,0.918,0.020231091224998114,0.431,0.457,0.44355,0.4435,0.006800551448228304,2.206,2.402,2.2977499999999997,2.2815000000000003,0.067501759236334,0.165,0.17300000000000001,0.16880000000000003,0.168,0.002227105745132011,0.733,0.803,0.76495,0.761,0.024009321106603598,0.435,0.462,0.44699999999999995,0.4465,0.007739509028355747,4.405,4.447,4.43195,4.433,0.009383362936602146,0.3,0.313,0.30545,0.3055,0.003323777970924054,2.182,2.442,2.28695,2.2830000000000004,0.0665157688071032,0.241,0.243,0.24179999999999996,0.242,0.0006782329983125273,64,64,8192,24576,152064,True,15616,4
0.879,0.9380000000000001,0.9120476190476191,0.915,0.018581804183448354,0.429,0.451,0.4402500000000001,0.441,0.006759252917297893,2.218,2.422,2.3133000000000004,2.3075,0.05847914158056701,0.163,0.17,0.16715,0.1675,0.0019045996954740925,0.731,0.796,0.7676999999999999,0.766,0.02067631495213789,0.429,0.452,0.44175000000000003,0.442,0.006788777504087174,4.325,4.4,4.3679499999999996,4.3685,0.01803461948586667,0.297,0.309,0.3024,0.303,0.003426368339802366,2.243,2.48,2.3567000000000005,2.3655,0.06897543040822576,0.23900000000000002,0.241,0.23965,0.2395,0.0007262919523166857,64,64,8192,24576,152064,True,15488,4
0.874,0.9470000000000001,0.9056666666666667,0.905,0.019489516921701023,0.427,0.446,0.43640000000000007,0.436,0.00513225096814254,2.123,2.315,2.2061,2.198,0.060545767812457386,0.163,0.169,0.16615,0.166,0.0018241436346954714,0.724,0.798,0.7555999999999999,0.747,0.024034142381204306,0.427,0.452,0.4396000000000001,0.4395,0.0072346388990743755,4.315,4.36,4.343,4.345,0.010114346246792163,0.295,0.307,0.3007000000000001,0.301,0.0034655446902326944,2.12,2.354,2.2235500000000004,2.2195,0.06639388149521011,0.23800000000000002,0.24,0.23840000000000008,0.23800000000000002,0.0007348469228349451,64,64,8192,24576,152064,True,15360,4
0.87,0.92,0.8904761904761904,0.886,0.014093629251811924,0.424,0.443,0.4316,0.43,0.004851803788283286,2.121,2.282,2.18305,2.1825,0.03962887205056431,0.161,0.167,0.1637,0.1635,0.001452583904633396,0.724,0.794,0.7483,0.7455,0.016828844285927673,0.423,0.443,0.43194999999999995,0.431,0.005084043666216886,4.259,4.321,4.288300000000001,4.284000000000001,0.014401736006468095,0.293,0.303,0.29684999999999995,0.296,0.0022863726730347374,2.1430000000000002,2.329,2.2135500000000006,2.2095000000000002,0.04274397618378525,0.23600000000000002,0.23800000000000002,0.23710000000000003,0.23700000000000002,0.0007000000000000006,64,64,8192,24576,152064,True,15232,4
0.84,0.926,0.8963333333333333,0.901,0.01758606952305835,0.426,0.444,0.43484999999999996,0.436,0.00453072841825683,2.161,2.328,2.2457000000000003,2.2655000000000003,0.04936506862144529,0.159,0.167,0.16345,0.164,0.001716828471338941,0.706,0.776,0.7503499999999999,0.7575000000000001,0.020078035262445393,0.417,0.445,0.43535,0.4375,0.006271164166245377,4.231,4.283,4.25455,4.256,0.011740847499222627,0.28800000000000003,0.303,0.29769999999999996,0.299,0.0033778691508109023,2.062,2.325,2.2349,2.263,0.06286326431231526,0.234,0.23600000000000002,0.23490000000000003,0.23500000000000001,0.0008306623862918082,64,64,8192,24576,152064,True,15104,4
0.851,0.9,0.8727142857142857,0.873,0.012055991820481235,0.417,0.431,0.42345,0.424,0.0036806928695559513,2.1510000000000002,2.2800000000000002,2.2151500000000004,2.2184999999999997,0.036667799224933066,0.159,0.163,0.16029999999999997,0.16,0.001100000000000001,0.71,0.753,0.7325,0.7355,0.012220883765096545,0.417,0.43,0.42374999999999996,0.424,0.0036588932752951438,4.178,4.213,4.196499999999999,4.198,0.00800312438988673,0.28800000000000003,0.295,0.2919999999999999,0.292,0.0020976176963403,2.199,2.337,2.2687500000000003,2.277,0.037837646597007106,0.231,0.233,0.23160000000000003,0.2315,0.0006633249580710806,64,64,8192,24576,152064,True,14976,4
0.852,0.891,0.8716666666666667,0.871,0.010250822653785659,0.418,0.43,0.4239,0.424,0.003505709628591624,2.074,2.22,2.1316,2.1345,0.04271931647393253,0.159,0.163,0.1608,0.161,0.0011661903789690613,0.7030000000000001,0.75,0.7274499999999999,0.726,0.014228404689212354,0.421,0.432,0.42590000000000006,0.4265,0.003505709628591624,4.176,4.206,4.1927,4.192,0.006979254974565706,0.28700000000000003,0.295,0.29114999999999996,0.2915,0.0018781639970992905,2.076,2.236,2.154,2.1585,0.036760032644164,0.23,0.232,0.23080000000000003,0.231,0.0007483314773547889,64,64,8192,24576,152064,True,14848,4
0.835,0.883,0.8533809523809524,0.852,0.01374071527380682,0.41100000000000003,0.427,0.41555,0.41350000000000003,0.004609501057598296,2.064,2.214,2.1149999999999998,2.104,0.04026040238248992,0.156,0.162,0.1583,0.158,0.0016155494421403525,0.7000000000000001,0.757,0.71935,0.7164999999999999,0.016282736256538692,0.41100000000000003,0.428,0.4163,0.41400000000000003,0.005282991576748896,4.138,4.189,4.1574,4.157500000000001,0.012277621919573867,0.28300000000000003,0.293,0.28669999999999995,0.28550000000000003,0.0027404379212089243,2.094,2.261,2.14135,2.128,0.045628143727309355,0.228,0.23,0.2285,0.228,0.0005916079783099621,64,64,8192,24576,152064,True,14720,4
0.8280000000000001,0.892,0.8593809523809524,0.859,0.016700374077578788,0.40800000000000003,0.428,0.4171,0.4185,0.005682429058070129,2.066,2.244,2.1405000000000003,2.1375,0.0541687179098786,0.155,0.16,0.1577,0.158,0.001646207763315434,0.6880000000000001,0.753,0.7181000000000001,0.717,0.01924032224262367,0.40800000000000003,0.429,0.41964999999999997,0.42,0.006239190652640758,4.09,4.143,4.1248000000000005,4.131,0.016824387061643464,0.281,0.292,0.28664999999999996,0.28700000000000003,0.003305676935213104,2.052,2.274,2.1525500000000006,2.1585,0.06303687412935383,0.225,0.227,0.22615,0.226,0.0006538348415311016,64,64,8192,24576,152064,True,14592,4
0.8250000000000001,0.873,0.8456190476190477,0.842,0.01466280097479003,0.404,0.421,0.41100000000000003,0.41050000000000003,0.0048270073544588584,2.086,2.236,2.1505500000000004,2.1455,0.04308651181054233,0.153,0.158,0.15519999999999998,0.1555,0.0015033296378372924,0.6890000000000001,0.744,0.7130500000000001,0.7135,0.01603581928059802,0.403,0.42,0.41135,0.41250000000000003,0.00500274924416564,4.024,4.109,4.07175,4.0745000000000005,0.01908369723088275,0.279,0.28800000000000003,0.28275,0.28300000000000003,0.002643387977577263,2.1390000000000002,2.315,2.2049000000000003,2.218,0.04734754481491091,0.223,0.225,0.22405,0.224,0.0008645808232895299,64,64,8192,24576,152064,True,14464,4
0.801,0.878,0.8428095238095239,0.846,0.018198950905449367,0.395,0.421,0.40935000000000005,0.41000000000000003,0.006444183423832682,1.98,2.176,2.06675,2.0564999999999998,0.049755276102138216,0.15,0.158,0.15475,0.155,0.0016695807857064016,0.674,0.743,0.7079000000000001,0.705,0.01728843544106867,0.396,0.421,0.41115,0.41050000000000003,0.005738248861804432,3.999,4.0600000000000005,4.04265,4.046,0.012877402688430666,0.274,0.28700000000000003,0.28130000000000005,0.281,0.003769615364994156,1.953,2.214,2.0888999999999998,2.088,0.06602037564267565,0.222,0.224,0.22279999999999997,0.223,0.0006782329983125273,64,64,8192,24576,152064,True,14336,4
0.8160000000000001,0.861,0.8335714285714287,0.8310000000000001,0.011252815218430245,0.396,0.41100000000000003,0.40235000000000004,0.4015,0.0035252659474144673,1.981,2.123,2.03615,2.028,0.03187518627396554,0.15,0.155,0.15275000000000002,0.1525,0.0011779218989389757,0.675,0.724,0.6946000000000001,0.6915,0.011859173664298853,0.399,0.41200000000000003,0.40325000000000005,0.4025,0.003476708213238497,3.97,4.001,3.987449999999999,3.9885,0.008021689348260804,0.274,0.281,0.27745000000000003,0.277,0.001596088969951238,2.091,2.238,2.1481,2.1390000000000002,0.03052032109922826,0.219,0.221,0.22005,0.22,0.000668954408012983,64,64,8192,24576,152064,True,14208,4
0.805,0.859,0.8291428571428573,0.8280000000000001,0.01442975006972848,0.395,0.41300000000000003,0.402,0.402,0.0050000000000000044,2.0100000000000002,2.182,2.0717000000000008,2.0655,0.04906332642616068,0.149,0.155,0.1517,0.1515,0.0015524174696260036,0.669,0.725,0.69385,0.6925000000000001,0.016112960621809985,0.395,0.41500000000000004,0.4044,0.404,0.005499090833947013,3.914,3.979,3.9548500000000004,3.9575000000000005,0.012422861989090933,0.273,0.28200000000000003,0.27685,0.276,0.0027977669667075588,2.0020000000000002,2.177,2.0696,2.061,0.04986722370455363,0.218,0.22,0.2189,0.219,0.000538516480713451,64,64,8192,24576,152064,True,14080,4
0.796,0.836,0.8091428571428572,0.806,0.010086698994152614,0.39,0.403,0.3942,0.394,0.0033704599092705466,2.0220000000000002,2.113,2.0547,2.0495,0.022496888673769914,0.147,0.151,0.14909999999999998,0.149,0.0011357816691600557,0.67,0.705,0.6809999999999999,0.6785000000000001,0.009721111047611773,0.39,0.403,0.39425,0.393,0.0036588932752951438,3.859,3.919,3.9021500000000002,3.904,0.011862862217862966,0.27,0.276,0.27215,0.272,0.0017965244223221695,2.062,2.186,2.10545,2.102,0.03127694838055664,0.215,0.217,0.21559999999999996,0.215,0.0007348469228349541,64,64,8192,24576,152064,True,13952,4
0.788,0.833,0.8115238095238094,0.809,0.011116778599932143,0.387,0.402,0.39405,0.394,0.003528101472463628,1.928,2.076,1.9760500000000003,1.9685000000000001,0.037441253985410275,0.147,0.151,0.14925,0.149,0.0009937303457175906,0.657,0.712,0.6747500000000001,0.673,0.013284859803550804,0.389,0.405,0.39525000000000005,0.3945,0.0034910600109422383,3.916,3.9410000000000003,3.9299499999999994,3.931,0.0056522119563937375,0.267,0.274,0.27040000000000003,0.27,0.0018275666882497084,1.963,2.102,2.00695,1.999,0.03649037544339601,0.213,0.214,0.21385,0.214,0.00035707142142714284,64,64,8192,24576,152064,True,13824,4
0.775,0.8200000000000001,0.7966190476190476,0.795,0.013368321440651773,0.381,0.394,0.38680000000000003,0.387,0.0042142615011410995,1.913,2.0260000000000002,1.9614000000000005,1.963,0.034939089856491704,0.14400000000000002,0.149,0.14709999999999995,0.147,0.0013379088160259632,0.651,0.6930000000000001,0.6695,0.668,0.013850992744204305,0.38,0.394,0.38785,0.388,0.0045964660338133735,3.849,3.872,3.8622000000000005,3.863,0.00659241988953981,0.263,0.27,0.26680000000000004,0.266,0.002379075450674066,2.005,2.1430000000000002,2.0686000000000004,2.0675,0.04639331848445422,0.211,0.213,0.2116,0.212,0.0005830951894845306,64,64,8192,24576,152064,True,13696,4
0.779,0.8270000000000001,0.7996190476190477,0.798,0.01520174235150505,0.382,0.396,0.38855000000000006,0.388,0.004295055296500853,1.946,2.1,2.01175,2.0135,0.046135534027471746,0.14400000000000002,0.149,0.14654999999999999,0.1465,0.0014654350889752809,0.649,0.7010000000000001,0.6751,0.672,0.016498181717995487,0.383,0.4,0.3911,0.39,0.004978955713801845,3.7920000000000003,3.856,3.8370999999999995,3.8415,0.014566742944117516,0.263,0.272,0.2669,0.2665,0.0028618176042508395,1.947,2.107,2.0137,2.0069999999999997,0.051639229273876666,0.21,0.212,0.21075,0.211,0.0006224949798994372,64,64,8192,24576,152064,True,13568,4
0.763,0.798,0.7831904761904761,0.787,0.010874255519647134,0.375,0.386,0.3812,0.382,0.003722902093797261,1.947,2.041,1.9986500000000003,2.0115,0.03263629114957764,0.14200000000000002,0.146,0.1443,0.145,0.0013453624047073604,0.64,0.676,0.66205,0.6675,0.011914172233101225,0.375,0.387,0.38175,0.383,0.003909923272904473,3.767,3.8000000000000003,3.7803999999999993,3.779,0.007683749084919453,0.259,0.266,0.26275000000000004,0.263,0.0020706279240848675,1.994,2.099,2.0499500000000004,2.058,0.0345405196834095,0.20700000000000002,0.209,0.2076,0.20750000000000002,0.0006633249580710747,64,64,8192,24576,152064,True,13440,4
0.766,0.789,0.7774761904761905,0.779,0.006709048954097801,0.373,0.383,0.3769,0.377,0.0024677925358506155,1.851,1.948,1.8789000000000002,1.867,0.027681943573383716,0.14200000000000002,0.145,0.14290000000000003,0.14300000000000002,0.0008306623862918047,0.63,0.662,0.63925,0.635,0.008859317129440629,0.373,0.383,0.37814999999999993,0.3775,0.002574393132371203,3.733,3.754,3.74305,3.7424999999999997,0.006375539192883972,0.257,0.262,0.2597,0.2595,0.0014866068747318517,1.891,1.973,1.921,1.911,0.022997825984209908,0.20500000000000002,0.20700000000000002,0.2057,0.20600000000000002,0.0006403124237432854,64,64,8192,24576,152064,True,13312,4
0.741,0.794,0.7670476190476189,0.763,0.013531185111494936,0.364,0.383,0.37315000000000004,0.371,0.004942418436352799,1.839,2.003,1.9040500000000002,1.8905,0.04214911031089507,0.139,0.14400000000000002,0.14135,0.14100000000000001,0.0013883443376914834,0.623,0.682,0.64805,0.6435,0.015004915861143654,0.365,0.384,0.37429999999999997,0.373,0.0050209560842532815,3.674,3.712,3.6917,3.6905,0.00916569691840183,0.253,0.263,0.2577,0.257,0.0027946377224964264,1.917,2.109,2.01175,1.993,0.05299705180479379,0.203,0.20400000000000001,0.20340000000000003,0.203,0.0004898979485566361,64,64,8192,24576,152064,True,13184,4
0.739,0.789,0.7653809523809524,0.762,0.012684734696912902,0.365,0.379,0.3721,0.372,0.003806573262134859,1.857,1.998,1.9071000000000002,1.8945,0.036910567592493074,0.138,0.14200000000000002,0.13990000000000002,0.14,0.0013379088160259663,0.615,0.659,0.6336,0.6305000000000001,0.013188631468048544,0.365,0.379,0.37265000000000004,0.372,0.004028337125911885,3.6790000000000003,3.701,3.6880499999999996,3.688,0.006053717865906825,0.253,0.26,0.25605,0.256,0.0020118399538730726,1.845,1.988,1.9099,1.9035000000000002,0.03918915666354659,0.201,0.203,0.20225000000000004,0.202,0.0005361902647381809,64,64,8192,24576,152064,True,13056,4
0.731,0.779,0.7557142857142858,0.762,0.0184678429842198,0.357,0.374,0.36579999999999996,0.369,0.00654675492133317,1.864,1.983,1.9237000000000002,1.9365,0.04641131327596752,0.135,0.14100000000000001,0.13845000000000002,0.139,0.0020609463845524967,0.612,0.655,0.6367,0.644,0.017858051405458562,0.358,0.374,0.36685,0.369,0.006310903263400579,3.64,3.6590000000000003,3.64855,3.6475,0.005634491991297927,0.248,0.257,0.2528499999999999,0.254,0.003718534657630614,1.874,2.035,1.9638499999999997,1.9945,0.07053458371607504,0.199,0.2,0.19970000000000004,0.2,0.0004582575694955845,64,64,8192,24576,152064,True,12928,4
0.717,0.762,0.7398571428571429,0.741,0.012859259085098464,0.355,0.37,0.36285,0.363,0.004714604967545005,1.7650000000000001,1.8880000000000001,1.8164000000000002,1.804,0.04170659420283559,0.134,0.139,0.13735000000000003,0.138,0.0014585952145814837,0.599,0.638,0.6189499999999999,0.617,0.013150950535987894,0.355,0.37,0.3637,0.364,0.004869291529575945,3.616,3.646,3.6306500000000006,3.629,0.008563147785715238,0.245,0.253,0.24965,0.249,0.0027977669667075588,1.7710000000000001,1.922,1.8587,1.845,0.04733613841453484,0.198,0.199,0.19829999999999998,0.198,0.0004582575694955844,64,64,8192,24576,152064,True,12800,4
0.709,0.764,0.7291428571428572,0.724,0.016201956713944914,0.34900000000000003,0.367,0.35664999999999997,0.3555,0.006207052440571115,1.7570000000000001,1.8900000000000001,1.8033000000000001,1.7915,0.04687440666291148,0.133,0.138,0.13495,0.135,0.001716828471338941,0.601,0.656,0.6191,0.6145,0.016549622352186787,0.34900000000000003,0.368,0.35739999999999994,0.356,0.0064373907757724206,3.5460000000000003,3.577,3.5623000000000005,3.5629999999999997,0.009445104552094677,0.242,0.252,0.24650000000000008,0.246,0.0033090784215548622,1.829,2.017,1.9136,1.9065,0.06305346937322323,0.195,0.197,0.19575000000000004,0.196,0.0006982120021884477,64,64,8192,24576,152064,True,12672,4
0.704,0.769,0.7366666666666667,0.737,0.019017118437102777,0.34700000000000003,0.366,0.35784999999999995,0.358,0.006002291229189054,1.7810000000000001,1.938,1.8498,1.8395000000000001,0.05122850768859071,0.131,0.137,0.13474999999999998,0.135,0.0018405162319305975,0.589,0.645,0.6162,0.616,0.017460240548171167,0.34800000000000003,0.368,0.35905,0.3595,0.006061971626459485,3.527,3.553,3.5389000000000004,3.5375,0.00765441049330383,0.24,0.251,0.24585000000000007,0.246,0.0032599846625406105,1.7810000000000001,1.988,1.8905500000000004,1.8915000000000002,0.06312644057762165,0.192,0.194,0.19335,0.1935,0.0007262919523166982,64,64,8192,24576,152064,True,12544,4
0.7020000000000001,0.73,0.7122857142857142,0.71,0.007323431781700728,0.34500000000000003,0.356,0.34819999999999995,0.34800000000000003,0.002420743687382034,1.798,1.869,1.82135,1.817,0.01741055714214797,0.13,0.134,0.13210000000000002,0.132,0.0009433981132056611,0.593,0.617,0.60185,0.601,0.006821106948289264,0.34500000000000003,0.355,0.34885,0.34900000000000003,0.0026884010117540023,3.463,3.495,3.4816499999999997,3.4825,0.008481008194784362,0.23900000000000002,0.245,0.2411,0.241,0.0015459624833740263,1.813,1.909,1.8505000000000003,1.8519999999999999,0.027061965930065053,0.191,0.193,0.1916,0.192,0.0005830951894845307,64,64,8192,24576,152064,True,12416,4
0.705,0.728,0.720047619047619,0.723,0.007266860135975355,0.34600000000000003,0.353,0.3510000000000001,0.352,0.0019493588689617719,1.725,1.805,1.7711999999999999,1.779,0.023230583290137156,0.131,0.133,0.13255000000000003,0.133,0.0005894913061275802,0.586,0.611,0.6010500000000001,0.604,0.007566207768757088,0.34700000000000003,0.354,0.35170000000000007,0.352,0.001734935157289728,3.4410000000000003,3.464,3.4510999999999994,3.451,0.005932115979985543,0.24,0.243,0.24159999999999998,0.242,0.0009165151389911689,1.774,1.846,1.8148000000000004,1.8195000000000001,0.01930699355156053,0.189,0.191,0.19005,0.19,0.0006689544080129831,64,64,8192,24576,152064,True,12288,4
0.6890000000000001,0.721,0.7106190476190475,0.714,0.010059234991627312,0.337,0.35000000000000003,0.3458,0.34650000000000003,0.003957271787481879,1.709,1.788,1.7555000000000003,1.7570000000000001,0.02315491308556353,0.128,0.132,0.1306,0.131,0.0010677078252031322,0.579,0.606,0.5966499999999999,0.599,0.008290205063808743,0.338,0.35100000000000003,0.34579999999999994,0.34650000000000003,0.0035014282800023225,3.3770000000000002,3.4050000000000002,3.3914,3.3925,0.006822023160324212,0.23500000000000001,0.24,0.238,0.23850000000000002,0.001643167672515493,1.7830000000000001,1.879,1.8469000000000002,1.8545,0.02786377576711384,0.187,0.189,0.18765000000000004,0.188,0.0006538348415311017,64,64,8192,24576,152064,True,12160,4
0.673,0.707,0.6908571428571428,0.6920000000000001,0.011037967869761056,0.334,0.34500000000000003,0.3389500000000001,0.339,0.003323777970924053,1.712,1.784,1.7368999999999999,1.7385000000000002,0.019351744107444172,0.126,0.13,0.12815000000000004,0.128,0.0011521718621802922,0.5650000000000001,0.586,0.5761000000000001,0.577,0.00631585306985521,0.334,0.34600000000000003,0.3396,0.34,0.0034698703145794973,3.39,3.407,3.39915,3.399,0.00407768316572044,0.231,0.23600000000000002,0.23370000000000002,0.234,0.0014866068747318517,1.735,1.806,1.77395,1.7815,0.026018214773500484,0.184,0.186,0.1857,0.186,0.0005567764362830027,64,64,8192,24576,152064,True,12032,4
0.673,0.6960000000000001,0.6805714285714286,0.68,0.005421047417431513,0.332,0.342,0.33525000000000005,0.335,0.0023637893307145645,1.727,1.78,1.7456500000000001,1.7365,0.017953481556511542,0.124,0.127,0.12589999999999996,0.126,0.0007000000000000005,0.562,0.588,0.5724500000000001,0.5720000000000001,0.0072213225935419565,0.332,0.339,0.3354000000000001,0.3355,0.002244994432064367,3.333,3.37,3.3526,3.3545,0.010346013725102042,0.229,0.234,0.23030000000000003,0.23,0.0014177446878757838,1.732,1.829,1.7723,1.7635,0.02716081736619868,0.182,0.184,0.1833,0.183,0.0007141428428542857,64,64,8192,24576,152064,True,11904,4
0.675,0.6950000000000001,0.6873333333333334,0.6890000000000001,0.006002644919678832,0.331,0.338,0.33580000000000004,0.337,0.0025219040425837006,1.6400000000000001,1.744,1.69485,1.702,0.026621936443467054,0.125,0.129,0.12695,0.127,0.0011169153951844349,0.5630000000000001,0.608,0.5786500000000001,0.58,0.009556542261717859,0.332,0.34600000000000003,0.33735000000000004,0.338,0.0030704234235688107,3.327,3.363,3.3369500000000003,3.336,0.00760575440045233,0.229,0.23600000000000002,0.2314,0.232,0.0015620499351813324,1.704,1.838,1.74565,1.7429999999999999,0.028693683974003785,0.18,0.182,0.1814,0.1815,0.0006633249580710806,64,64,8192,24576,152064,True,11776,4
0.662,0.6880000000000001,0.6777142857142857,0.679,0.00727777345034578,0.328,0.337,0.3338,0.335,0.0029933259094191557,1.635,1.707,1.6824000000000001,1.6915,0.024802016047087757,0.123,0.126,0.1248,0.125,0.0009273618495495712,0.558,0.582,0.5748,0.577,0.007426977851050823,0.326,0.337,0.33344999999999997,0.335,0.002906458325866726,3.2600000000000002,3.2880000000000003,3.2737499999999997,3.2715,0.008525696452489972,0.225,0.229,0.2278,0.228,0.0014352700094407336,1.734,1.808,1.7839500000000001,1.7915,0.02383374708265571,0.178,0.18,0.17924999999999996,0.179,0.0006982120021884477,64,64,8192,24576,152064,True,11648,4
0.67,0.7030000000000001,0.6869047619047619,0.6880000000000001,0.008755432392057071,0.329,0.338,0.33315,0.334,0.002725344014982331,1.694,1.798,1.74985,1.762,0.03489595248735878,0.123,0.126,0.12474999999999999,0.125,0.0008874119674649433,0.5630000000000001,0.596,0.58135,0.585,0.009829928789162171,0.329,0.338,0.3336,0.334,0.0028530685235374233,3.22,3.253,3.2389,3.2395,0.009142756695876799,0.226,0.231,0.2287,0.229,0.0016155494421403527,1.674,1.776,1.7259,1.7355,0.03334201553595705,0.178,0.18,0.17874999999999996,0.179,0.0006982120021884476,64,64,8192,24576,152064,True,11520,4
0.648,0.664,0.6562857142857143,0.656,0.004996597481742738,0.321,0.327,0.32500000000000007,0.326,0.0017029386365926416,1.673,1.73,1.7038499999999999,1.7085,0.01617181189601216,0.12,0.122,0.1212,0.121,0.0006000000000000005,0.547,0.5690000000000001,0.559,0.56,0.006379655163094639,0.321,0.328,0.3254,0.326,0.0018000000000000015,3.181,3.204,3.1939,3.1950000000000003,0.006526101439603884,0.22,0.223,0.22235,0.223,0.0009630680142129121,1.692,1.754,1.7338,1.7455,0.020944211610848508,0.17500000000000002,0.177,0.17604999999999998,0.176,0.0006689544080129745,64,64,8192,24576,152064,True,11392,4
0.65,0.6900000000000001,0.674,0.677,0.011355720186425042,0.32,0.333,0.32565,0.3255,0.004126439142893062,1.5010000000000001,1.59,1.5385,1.532,0.033034073318317855,0.121,0.125,0.12324999999999997,0.123,0.0012196310917650477,0.543,0.587,0.5688500000000001,0.5730000000000001,0.013241129105933497,0.32,0.333,0.32675,0.3275,0.004133702940463916,3.13,3.184,3.1577500000000005,3.158,0.011768071209845769,0.22,0.227,0.2238,0.2235,0.002158703314492292,1.622,1.762,1.6953500000000001,1.6945000000000001,0.046397494544425565,0.17300000000000001,0.17500000000000002,0.17454999999999998,0.17500000000000002,0.0006689544080129832,64,64,8192,24576,152064,True,11264,4
0.633,0.666,0.643095238095238,0.642,0.008980957430690908,0.314,0.324,0.31725000000000003,0.316,0.002981191037152771,1.5010000000000001,1.543,1.5131500000000002,1.5075,0.011867076303791071,0.11800000000000001,0.121,0.11910000000000003,0.11900000000000001,0.0009949874371066151,0.532,0.5650000000000001,0.5429000000000002,0.541,0.009797448647479615,0.314,0.324,0.3176,0.3165,0.002905167809266792,3.077,3.113,3.09825,3.097,0.009240535698756885,0.215,0.221,0.21714999999999995,0.217,0.0016209565077447345,1.6520000000000001,1.742,1.682,1.674,0.029226700121635325,0.17,0.17200000000000001,0.17145000000000002,0.17200000000000001,0.0006689544080129832,64,64,8192,24576,152064,True,11136,4
0.626,0.649,0.638,0.64,0.007204495950776987,0.31,0.318,0.31254999999999994,0.3125,0.0025588083163847995,1.49,1.544,1.499,1.494,0.01315674731839144,0.117,0.12,0.11810000000000001,0.11800000000000001,0.0008306623862918067,0.526,0.56,0.53795,0.535,0.010151231452390403,0.31,0.319,0.31315,0.3125,0.002495495942693558,3.118,3.141,3.1297500000000005,3.129,0.0059065641450847,0.214,0.218,0.21525000000000002,0.2155,0.0012599603168354163,1.569,1.645,1.5932,1.585,0.023427761310035582,0.17,0.171,0.17054999999999998,0.171,0.0004974937185533104,64,64,8192,24576,152064,True,11008,4
0.614,0.645,0.628142857142857,0.627,0.0092339214921099,0.306,0.316,0.30925,0.309,0.003031088913245538,1.482,1.532,1.4979999999999998,1.4945,0.012696456198483096,0.115,0.11800000000000001,0.11590000000000003,0.116,0.0009433981132056612,0.523,0.55,0.53365,0.5315000000000001,0.008150306742693807,0.306,0.317,0.31,0.309,0.0030495901363953837,3.06,3.077,3.0703000000000005,3.071,0.004786439177509679,0.21,0.215,0.21145,0.211,0.0013219304066402298,1.543,1.637,1.57695,1.573,0.024424321894374084,0.168,0.17,0.16860000000000003,0.169,0.0005830951894845306,64,64,8192,24576,152064,True,10880,4
0.593,0.65,0.628904761904762,0.633,0.015476263736090356,0.296,0.315,0.30825,0.3095,0.005346727971385869,1.476,1.569,1.5124500000000003,1.5025,0.028180622775233304,0.111,0.117,0.11505000000000003,0.115,0.001532155344604458,0.502,0.561,0.5355000000000001,0.5385,0.017347910537007058,0.295,0.317,0.309,0.3105,0.006156297588648559,3.016,3.057,3.0346,3.0355,0.00890168523370716,0.20500000000000002,0.216,0.21175000000000002,0.212,0.003176082492631442,1.504,1.728,1.6378000000000004,1.6390000000000002,0.06251927702716978,0.164,0.167,0.16585,0.166,0.0007921489758877438,64,64,8192,24576,152064,True,10752,4
0.587,0.634,0.6057619047619047,0.603,0.01544854673980315,0.294,0.31,0.30079999999999996,0.3,0.005353503525729675,1.485,1.603,1.5226499999999998,1.5030000000000001,0.04109047943258874,0.111,0.116,0.11255000000000001,0.112,0.001596088969951238,0.5,0.548,0.51765,0.517,0.01619652740558915,0.294,0.311,0.30105,0.301,0.005598883817333599,2.964,2.991,2.9794500000000004,2.979,0.00766469177462476,0.203,0.211,0.20595,0.20550000000000002,0.0027290108097990317,1.516,1.671,1.58215,1.581,0.0554394038568237,0.162,0.165,0.16360000000000002,0.164,0.0008000000000000007,64,64,8192,24576,152064,True,10624,4
0.606,0.627,0.6176666666666667,0.619,0.006692805898399479,0.298,0.306,0.30189999999999995,0.302,0.0023430749027719983,1.399,1.454,1.4198,1.421,0.015451860729374933,0.113,0.115,0.11405000000000001,0.114,0.0007399324293474377,0.503,0.538,0.522,0.523,0.009082951062292483,0.298,0.307,0.30229999999999996,0.303,0.0022825424421026672,2.928,2.947,2.9404500000000007,2.9410000000000003,0.004684815898197065,0.20500000000000002,0.209,0.20735,0.20800000000000002,0.001235920709430823,1.502,1.592,1.5497,1.5579999999999998,0.02551881658698144,0.161,0.163,0.16209999999999997,0.162,0.0007000000000000005,64,64,8192,24576,152064,True,10496,4
0.597,0.617,0.6040000000000001,0.602,0.0053452248382484914,0.295,0.302,0.29794999999999994,0.297,0.001856744462762716,1.397,1.437,1.41065,1.414,0.009890778533563446,0.111,0.113,0.11170000000000002,0.112,0.0006403124237432853,0.509,0.528,0.51885,0.5195000000000001,0.005002749244165656,0.296,0.302,0.29905,0.299,0.001687453703068622,2.879,2.91,2.8936000000000006,2.8955,0.008850988645343527,0.202,0.20500000000000002,0.20345,0.203,0.001023474474522937,1.574,1.619,1.59535,1.5945,0.012178977789617657,0.158,0.161,0.1597,0.16,0.0007810249675906662,64,64,8192,24576,152064,True,10368,4
0.589,0.623,0.6027619047619046,0.602,0.008076448782931194,0.29,0.302,0.29439999999999994,0.293,0.0029732137494637035,1.395,1.49,1.4186,1.4050000000000002,0.025370061095708815,0.109,0.113,0.11065,0.11,0.0011521718621802922,0.496,0.543,0.5146,0.509,0.012966880889404371,0.29,0.303,0.29519999999999996,0.294,0.0031874754901018484,2.895,2.957,2.90585,2.902,0.01321845301084808,0.201,0.20600000000000002,0.20260000000000003,0.202,0.0014628738838327808,1.52,1.6520000000000001,1.5733500000000002,1.565,0.036453086289092204,0.157,0.159,0.15799999999999997,0.158,0.0005477225575051667,64,64,8192,24576,152064,True,10240,4
0.5680000000000001,0.598,0.5810000000000001,0.579,0.0077827648410721114,0.28400000000000003,0.294,0.28815,0.28800000000000003,0.0028155816450601994,1.385,1.434,1.3960500000000002,1.3915000000000002,0.012064306859492552,0.106,0.109,0.10745,0.107,0.001023474474522937,0.487,0.516,0.49910000000000004,0.499,0.008043009387039165,0.28500000000000003,0.295,0.2892,0.289,0.0027495454169734856,2.859,2.879,2.86925,2.8685,0.005829879930152948,0.195,0.2,0.19725,0.197,0.0014097872179871696,1.494,1.589,1.5386499999999999,1.5405,0.025681267492084547,0.155,0.156,0.1555,0.1555,0.0005000000000000004,64,64,8192,24576,152064,True,10112,4
0.5650000000000001,0.606,0.5852380952380953,0.584,0.011935959122810596,0.28,0.293,0.28630000000000005,0.28650000000000003,0.004267317658670356,1.3800000000000001,1.464,1.4127500000000002,1.4035000000000002,0.03137813729334485,0.105,0.109,0.10725000000000003,0.107,0.001299038105676659,0.47700000000000004,0.519,0.4988,0.496,0.014105318146004369,0.28,0.294,0.2873,0.28650000000000003,0.004348562981031759,2.819,2.853,2.8303499999999997,2.8285,0.008125730736370773,0.194,0.2,0.19695000000000001,0.197,0.0020118399538730726,1.422,1.545,1.4808,1.4785,0.0433884777331494,0.153,0.155,0.15439999999999998,0.1545,0.0006633249580710806,64,64,8192,24576,152064,True,9984,4
0.551,0.584,0.5653333333333334,0.562,0.009523571425595137,0.276,0.28600000000000003,0.27985000000000004,0.2785,0.0032291639784935077,1.447,1.522,1.4716999999999998,1.461,0.024182845159327324,0.10300000000000001,0.106,0.10425000000000002,0.10400000000000001,0.0010897247358851636,0.46900000000000003,0.501,0.48235,0.47800000000000004,0.010179759329178646,0.276,0.28800000000000003,0.28075,0.279,0.0038062448686336544,2.765,2.787,2.7756000000000003,2.7744999999999997,0.0048104053883222505,0.189,0.195,0.1916,0.191,0.0017720045146669367,1.444,1.552,1.4889000000000003,1.4765000000000001,0.03175043306791262,0.151,0.152,0.1514,0.151,0.000489897948556636,64,64,8192,24576,152064,True,9856,4
0.556,0.577,0.5664285714285715,0.5700000000000001,0.0070344149150642875,0.274,0.281,0.27780000000000016,0.278,0.0024000000000000024,1.301,1.336,1.3157999999999999,1.3135,0.012249897958758686,0.10400000000000001,0.106,0.10515000000000001,0.105,0.0008529361054615942,0.468,0.47700000000000004,0.47195,0.47200000000000003,0.0024794152536434895,0.274,0.281,0.2784000000000001,0.279,0.0022449944320643666,2.734,2.755,2.7407,2.7395,0.004970915408654627,0.189,0.193,0.19145000000000004,0.192,0.001160818676624391,1.442,1.52,1.4789500000000002,1.482,0.022003352017363188,0.149,0.15,0.1494,0.149,0.0004898979485566361,64,64,8192,24576,152064,True,9728,4
0.541,0.5640000000000001,0.5544285714285714,0.555,0.006230274996387585,0.271,0.278,0.27445,0.274,0.002108909670896316,1.297,1.332,1.3083500000000001,1.3075,0.00830827900350007,0.10200000000000001,0.10400000000000001,0.10270000000000001,0.10300000000000001,0.0007141428428542857,0.466,0.47300000000000003,0.46925,0.46900000000000003,0.0017571283390805594,0.272,0.278,0.27525000000000005,0.2755,0.0018405162319305975,2.691,2.707,2.6995000000000005,2.7,0.004685082710048978,0.185,0.189,0.18755,0.187,0.001243985530462474,1.433,1.493,1.4699,1.4660000000000002,0.01755818897267028,0.147,0.149,0.14744999999999997,0.147,0.0005894913061275804,64,64,8192,24576,152064,True,9600,4
0.531,0.5650000000000001,0.5550952380952382,0.56,0.01133013160056705,0.263,0.275,0.2711,0.273,0.003713488925525431,1.296,1.346,1.3208499999999999,1.3255,0.014585180835354788,0.099,0.10300000000000001,0.10140000000000002,0.10200000000000001,0.0012409673645990868,0.454,0.463,0.4601,0.461,0.0027184554438136397,0.263,0.276,0.27165000000000006,0.273,0.00417462573172734,2.642,2.6590000000000003,2.65065,2.65,0.0049626102002877405,0.183,0.19,0.187,0.1875,0.0018708286933869723,1.326,1.463,1.4038,1.4104999999999999,0.0383087457377555,0.145,0.148,0.14634999999999998,0.146,0.0007921489758877437,64,64,8192,24576,152064,True,9472,4
0.528,0.546,0.5389523809523808,0.539,0.005056595791412685,0.263,0.268,0.26620000000000005,0.267,0.0016000000000000014,1.29,1.314,1.2997999999999998,1.2985,0.005963220606350227,0.098,0.1,0.09885,0.099,0.0005722761571129803,0.453,0.461,0.4563499999999999,0.4565,0.0022643983748448526,0.263,0.271,0.2669,0.267,0.0020712315177208,2.599,2.618,2.6077500000000002,2.606,0.005214163403653502,0.18,0.185,0.1826,0.183,0.001280624847486571,1.383,1.453,1.4268999999999998,1.4285,0.02061286006356225,0.14300000000000002,0.145,0.14375000000000004,0.14400000000000002,0.0006982120021884402,64,64,8192,24576,152064,True,9344,4
0.523,0.546,0.5333809523809523,0.532,0.006658157835290274,0.259,0.266,0.262,0.262,0.002097617696340305,1.296,1.385,1.31705,1.3065,0.023288355459327753,0.097,0.1,0.09820000000000002,0.098,0.0008124038404635968,0.442,0.451,0.4447,0.444,0.0023473389188611023,0.258,0.267,0.26205,0.262,0.0023124662159694376,2.607,2.618,2.6112500000000005,2.611,0.0028613807855648638,0.179,0.183,0.18055,0.18,0.0011169153951844349,1.325,1.409,1.3504999999999998,1.349,0.020860249279430983,0.14200000000000002,0.14400000000000002,0.14250000000000002,0.14200000000000002,0.0006708203932499376,64,64,8192,24576,152064,True,9216,4
0.511,0.533,0.5200952380952379,0.521,0.006078100908803377,0.255,0.263,0.25834999999999997,0.258,0.002174281490515892,1.28,1.343,1.3015500000000002,1.2965,0.019278161219369438,0.095,0.098,0.09635,0.096,0.0007921489758877436,0.44,0.449,0.44299999999999995,0.442,0.00230217288664427,0.256,0.263,0.25835,0.258,0.0019563997546513867,2.569,2.586,2.5781,2.5785,0.004815599651133812,0.17500000000000002,0.179,0.17669999999999997,0.176,0.0013453624047073652,1.34,1.417,1.3762999999999999,1.373,0.02296540877058364,0.139,0.14100000000000001,0.13955,0.1395,0.0005894913061275802,64,64,8192,24576,152064,True,9088,4
0.522,0.546,0.5318095238095237,0.528,0.00857248670717379,0.255,0.264,0.25795,0.257,0.002906458325866727,1.208,1.272,1.23155,1.2185000000000001,0.024226999401494205,0.095,0.098,0.09680000000000001,0.097,0.0008717797887081355,0.431,0.44,0.4356,0.4355,0.002887905815638733,0.255,0.263,0.25795,0.257,0.0028191310718020924,2.5300000000000002,2.5460000000000003,2.5369000000000006,2.5375,0.0044373415464668085,0.176,0.18,0.17735,0.177,0.0015898113095584659,1.31,1.395,1.3456500000000002,1.3279999999999998,0.030420839896360553,0.137,0.139,0.13755,0.1375,0.0005894913061275802,64,64,8192,24576,152064,True,8960,4
0.499,0.517,0.507904761904762,0.507,0.005236363350053823,0.25,0.255,0.252,0.252,0.001732050807568879,1.212,1.231,1.219,1.218,0.004857983120596484,0.093,0.095,0.09395,0.094,0.0006689544080129831,0.429,0.435,0.43149999999999994,0.431,0.002085665361461423,0.249,0.256,0.25245,0.252,0.0021788758569500945,2.484,2.493,2.4878500000000003,2.488,0.002650943228362323,0.171,0.17400000000000002,0.17200000000000001,0.17200000000000001,0.0008366600265340764,1.313,1.3800000000000001,1.3422000000000003,1.3405,0.01928367184952081,0.134,0.137,0.13565,0.135,0.0009096702699330133,64,64,8192,24576,152064,True,8832,4
0.501,0.525,0.512952380952381,0.511,0.0068485395765130715,0.248,0.254,0.25005,0.25,0.0019358460682605953,1.211,1.26,1.2245000000000001,1.218,0.015088074761214565,0.092,0.095,0.09319999999999999,0.093,0.0006782329983125273,0.42,0.433,0.42325,0.422,0.0035195880440756166,0.247,0.255,0.25005,0.25,0.0022466641938660987,2.427,2.45,2.4422,2.4435000000000002,0.0061286213784178135,0.171,0.17500000000000002,0.1722,0.17200000000000001,0.0011224972160321835,1.308,1.373,1.3312500000000003,1.3245,0.020687858758218557,0.133,0.135,0.13384999999999997,0.134,0.0007262919523166983,64,64,8192,24576,152064,True,8704,4
0.49,0.512,0.5006190476190477,0.499,0.005979936219409759,0.243,0.251,0.24665000000000004,0.246,0.002104162541250083,1.199,1.252,1.2194,1.2125,0.01516706959171744,0.09,0.092,0.09110000000000001,0.091,0.0005385164807134509,0.418,0.427,0.4224499999999999,0.423,0.0020609463845524967,0.244,0.251,0.24695000000000006,0.2465,0.0019098429254784295,2.408,2.42,2.4135500000000003,2.414,0.0035563323804166623,0.167,0.171,0.16849999999999998,0.168,0.0012449899597988744,1.302,1.366,1.3302500000000002,1.3285,0.016786527335932243,0.131,0.132,0.13145,0.131,0.0004974937185533104,64,64,8192,24576,152064,True,8576,4
0.482,0.501,0.4904761904761905,0.49,0.006536484038285913,0.23800000000000002,0.245,0.24134999999999995,0.2415,0.0022197972880423035,1.122,1.16,1.1349999999999998,1.1275,0.01397139935725835,0.09,0.093,0.09145,0.091,0.0006689544080129831,0.40700000000000003,0.41500000000000004,0.4109,0.41050000000000003,0.0025670995305986898,0.23800000000000002,0.246,0.24109999999999995,0.241,0.0021656407827707657,2.353,2.364,2.3580999999999994,2.3575,0.003330165161069351,0.165,0.169,0.16649999999999998,0.1665,0.001161895003862226,1.232,1.3,1.2565000000000002,1.25,0.02097021697551076,0.129,0.131,0.12955,0.1295,0.0005894913061275802,64,64,8192,24576,152064,True,8448,4
0.46900000000000003,0.485,0.47876190476190467,0.47800000000000004,0.005032321833761086,0.23500000000000001,0.24,0.2379,0.23850000000000002,0.001868154169226933,1.1360000000000001,1.158,1.1441499999999998,1.1455000000000002,0.005452293095569954,0.088,0.09,0.08915000000000001,0.089,0.000726291952316698,0.406,0.41500000000000004,0.41005,0.41000000000000003,0.00247941525364349,0.23500000000000001,0.241,0.23784999999999998,0.23800000000000002,0.0020068632240389417,2.303,2.323,2.3146500000000003,2.315,0.005350467269313984,0.161,0.164,0.16310000000000002,0.1635,0.0009949874371066208,1.246,1.298,1.27565,1.28,0.01872237965644321,0.126,0.128,0.12709999999999994,0.127,0.00043588989435406776,64,64,8192,24576,152064,True,8320,4
0.461,0.48,0.47152380952380957,0.47300000000000003,0.005543069869915628,0.229,0.23600000000000002,0.2335000000000001,0.234,0.002085665361461423,1.107,1.121,1.1145,1.1145,0.0037881393849751657,0.08600000000000001,0.088,0.0872,0.08700000000000001,0.0008124038404635906,0.388,0.404,0.3971,0.3985,0.005098038838612359,0.229,0.23700000000000002,0.23349999999999999,0.233,0.0022472205054244253,2.313,2.336,2.3270000000000004,2.326,0.005630275304103644,0.158,0.161,0.15965000000000001,0.16,0.0009096702699330132,1.187,1.239,1.2211,1.2245,0.017037898931499762,0.125,0.127,0.12544999999999998,0.125,0.0005894913061275802,64,64,8192,24576,152064,True,8192,4
0.452,0.47200000000000003,0.46114285714285713,0.461,0.006174337938564094,0.226,0.23500000000000001,0.23020000000000002,0.23,0.0023151673805580472,1.099,1.115,1.1068,1.106,0.004925444142409904,0.085,0.08700000000000001,0.0861,0.08600000000000001,0.0007000000000000005,0.384,0.4,0.39080000000000004,0.3895,0.005372150407425322,0.227,0.234,0.23005,0.229,0.0020118399538730726,2.2760000000000002,2.303,2.2893499999999998,2.2885,0.006665395712183916,0.156,0.16,0.1578,0.158,0.0011661903789690613,1.163,1.233,1.1940000000000002,1.1915,0.021617122842783706,0.125,0.127,0.1258,0.126,0.000748331477354789,64,64,8192,24576,152064,True,8192,4
0.455,0.47700000000000004,0.4680000000000001,0.468,0.005839112783226417,0.226,0.233,0.23065000000000002,0.231,0.001620956507744734,1.11,1.125,1.1180499999999998,1.117,0.003612132334231408,0.085,0.08700000000000001,0.08605000000000002,0.08600000000000001,0.0005894913061275804,0.386,0.40700000000000003,0.39975000000000005,0.4,0.005261891294962301,0.227,0.234,0.23114999999999997,0.231,0.0018781639970992965,2.313,2.334,2.3263500000000006,2.328,0.005217997700267774,0.155,0.159,0.15819999999999995,0.158,0.001029563014098701,1.179,1.244,1.2279999999999998,1.2275,0.013512956745287089,0.124,0.126,0.12510000000000002,0.125,0.0006244997998398404,64,64,8192,24576,152064,True,8128,4
0.46,0.47800000000000004,0.46599999999999997,0.465,0.005273473599964626,0.227,0.234,0.22985000000000003,0.23,0.001768473918382741,1.109,1.147,1.12325,1.1235,0.009417404100918686,0.084,0.08700000000000001,0.08499999999999999,0.085,0.0007745966692414841,0.38,0.388,0.38415,0.3835,0.0020560885194952105,0.228,0.23500000000000001,0.23045000000000004,0.2305,0.001564448784716203,2.281,2.297,2.28835,2.2880000000000003,0.004972675336275281,0.156,0.158,0.1568,0.157,0.0006782329983125274,1.212,1.264,1.23225,1.234,0.012336429791475343,0.123,0.124,0.12325000000000004,0.123,0.0004330127018922197,64,64,8192,24576,152064,True,8064,4
0.451,0.47400000000000003,0.46066666666666684,0.459,0.007447168418957473,0.226,0.233,0.22885,0.2275,0.0024954959426935585,1.1500000000000001,1.216,1.1767000000000003,1.169,0.018942280749687984,0.083,0.08600000000000001,0.08455000000000001,0.084,0.0009733961166965902,0.391,0.41200000000000003,0.4001,0.397,0.007042016756583307,0.226,0.234,0.22999999999999998,0.2295,0.002323790007724452,2.314,2.332,2.32275,2.3215000000000003,0.004968651728587902,0.154,0.158,0.15585,0.155,0.0012757350822173083,1.201,1.2690000000000001,1.2304499999999998,1.217,0.02457127387825063,0.121,0.123,0.12209999999999996,0.122,0.00043588989435406776,64,64,8192,24576,152064,True,8000,4
0.442,0.463,0.45180952380952377,0.448,0.007384791628224208,0.219,0.229,0.22485,0.224,0.0026697378148425014,1.119,1.1420000000000001,1.1279000000000001,1.1260000000000001,0.0063079315151640825,0.082,0.084,0.0826,0.082,0.0008000000000000007,0.373,0.398,0.38230000000000003,0.378,0.007823681997627467,0.22,0.23,0.2245,0.223,0.003041381265149113,2.19,2.211,2.19935,2.1995,0.006334627060845779,0.152,0.156,0.1543,0.154,0.0013076696830622032,1.105,1.189,1.1439500000000002,1.1295000000000002,0.02667859628990999,0.121,0.122,0.12110000000000001,0.121,0.00030000000000000024,64,64,8192,24576,152064,True,7936,4
0.446,0.46,0.4544761904761905,0.455,0.003711231955885473,0.223,0.227,0.22485,0.225,0.0011079259903080177,1.177,1.216,1.1945999999999999,1.1925,0.011293360881509095,0.083,0.084,0.08345,0.083,0.0004974937185533104,0.386,0.4,0.39155000000000006,0.393,0.0044099319722644284,0.223,0.228,0.22549999999999998,0.2255,0.0015968719422671325,2.225,2.243,2.23625,2.236,0.004581211630125839,0.153,0.155,0.15439999999999998,0.155,0.0007348469228349541,1.182,1.229,1.19885,1.197,0.01445778337090444,0.12,0.122,0.1202,0.12,0.000509901951359279,64,64,8192,24576,152064,True,7872,4
0.446,0.46900000000000003,0.4555238095238095,0.454,0.00796790614557371,0.221,0.23,0.22490000000000002,0.2255,0.00264386081328046,1.107,1.18,1.1277000000000001,1.1265,0.020040209579742403,0.081,0.085,0.08265000000000002,0.083,0.0008529361054615998,0.369,0.383,0.37425,0.3735,0.0033147398087934473,0.222,0.232,0.22584999999999997,0.2255,0.0028857408061016177,2.195,2.238,2.2068000000000003,2.205,0.010390380166288465,0.151,0.156,0.15330000000000002,0.1535,0.0012688577540449532,1.182,1.262,1.21165,1.2109999999999999,0.023567509414446016,0.11800000000000001,0.12,0.11885000000000004,0.11900000000000001,0.0006538348415310979,64,64,8192,24576,152064,True,7808,4
0.436,0.466,0.4520952380952381,0.456,0.009541412303890584,0.219,0.228,0.22355,0.225,0.0032322592717788,1.179,1.272,1.2272000000000003,1.2365,0.03448274931034359,0.08,0.084,0.08215,0.0825,0.0011079259903080177,0.379,0.40800000000000003,0.39515,0.401,0.010706423305660961,0.22,0.229,0.22475,0.2265,0.003253843880704792,2.222,2.243,2.2337,2.233,0.00645832795698698,0.149,0.154,0.15195,0.153,0.0019098429254784293,1.157,1.2590000000000001,1.2103,1.2280000000000002,0.03732840741312171,0.11800000000000001,0.12,0.11840000000000002,0.11800000000000001,0.0005830951894845286,64,64,8192,24576,152064,True,7744,4
0.428,0.447,0.43861904761904763,0.44,0.00463399642883919,0.217,0.221,0.2193,0.22,0.0012288205727444517,1.018,1.031,1.0238999999999998,1.0235,0.0036455452267115792,0.081,0.083,0.0821,0.082,0.0006244997998398403,0.366,0.38,0.37275,0.373,0.0037399866309921516,0.218,0.222,0.22070000000000004,0.221,0.0012688577540449532,2.109,2.124,2.11345,2.112,0.00434137075127202,0.149,0.152,0.1508,0.151,0.0008124038404635969,1.084,1.12,1.1023999999999998,1.106,0.0118802356878978,0.11800000000000001,0.12,0.11844999999999999,0.11800000000000001,0.0005894913061275785,64,64,8192,24576,152064,True,7680,4
0.439,0.451,0.4440476190476191,0.443,0.003015455275997634,0.217,0.22,0.21845000000000003,0.218,0.0007399324293474377,1.027,1.05,1.03555,1.033,0.006476688968909976,0.081,0.083,0.08220000000000001,0.082,0.0006000000000000005,0.379,0.388,0.3828,0.382,0.0027495454169735064,0.218,0.222,0.21939999999999998,0.219,0.000916515138991169,2.14,2.1550000000000002,2.1477000000000004,2.148,0.0036207733980463124,0.149,0.151,0.15019999999999997,0.15,0.0006000000000000005,1.109,1.139,1.12165,1.1185,0.010238530167948918,0.117,0.11800000000000001,0.11715,0.117,0.0003570714214271428,64,64,8192,24576,152064,True,7616,4
0.421,0.446,0.43380952380952376,0.436,0.00768188374479078,0.211,0.218,0.21454999999999996,0.215,0.002268810260907688,1.018,1.036,1.0265,1.0265,0.00607042008431046,0.079,0.082,0.08035,0.08,0.0007262919523166982,0.359,0.38,0.37035,0.3735,0.007818407766291044,0.21,0.219,0.21515,0.216,0.0026509432283623154,2.095,2.119,2.1075500000000007,2.1085000000000003,0.006711743439673479,0.145,0.149,0.14750000000000002,0.148,0.0012449899597988744,1.107,1.166,1.14225,1.156,0.02498174333388284,0.115,0.117,0.11535000000000002,0.115,0.0005722761571129803,64,64,8192,24576,152064,True,7552,4
0.423,0.433,0.428047619047619,0.429,0.0025161609168805558,0.212,0.217,0.21350000000000002,0.213,0.0012041594578792306,1.073,1.097,1.0832000000000002,1.083,0.007082372483850319,0.078,0.08,0.07905,0.079,0.0004974937185533104,0.368,0.382,0.3719,0.371,0.003192177939902476,0.213,0.217,0.21385,0.2135,0.0011079259903080177,2.142,2.154,2.1471999999999998,2.146,0.0032496153618543663,0.145,0.147,0.14574999999999996,0.146,0.0006982120021884477,1.1320000000000001,1.159,1.1429499999999997,1.141,0.007303937294363892,0.114,0.115,0.11430000000000003,0.114,0.0004582575694955844,64,64,8192,24576,152064,True,7488,4
0.421,0.431,0.4251904761904763,0.425,0.002953916651289683,0.211,0.215,0.21275,0.213,0.0011346805717910228,1.0230000000000001,1.043,1.0312999999999999,1.0299999999999998,0.004572745346069461,0.078,0.079,0.07835,0.078,0.0004769696007084732,0.357,0.367,0.36184999999999995,0.362,0.002850877058029689,0.212,0.215,0.21355,0.214,0.001023474474522937,2.082,2.098,2.08825,2.0875000000000004,0.0038713692668098793,0.14400000000000002,0.146,0.14495,0.145,0.0006689544080129733,1.063,1.091,1.0763000000000003,1.0745,0.008216446920658572,0.114,0.115,0.1142,0.114,0.00040000000000000034,64,64,8192,24576,152064,True,7424,4
0.417,0.43,0.4219523809523809,0.42,0.00463399642883919,0.20800000000000002,0.212,0.20975000000000002,0.209,0.0016085707942145352,1.02,1.038,1.0263,1.025,0.0047444704657105445,0.077,0.079,0.07785,0.078,0.000726291952316698,0.361,0.372,0.3661,0.364,0.004109744517606906,0.209,0.213,0.21030000000000001,0.21,0.0012688577540449532,2.105,2.119,2.1115500000000003,2.1105,0.004295055296500915,0.14300000000000002,0.146,0.14440000000000003,0.14400000000000002,0.0007999999999999889,1.105,1.143,1.1189500000000001,1.1145,0.013522111521504352,0.112,0.114,0.1127,0.113,0.0006403124237432854,64,64,8192,24576,152064,True,7360,4
0.403,0.424,0.4179047619047619,0.42,0.0056812537340739785,0.20400000000000001,0.21,0.20825,0.209,0.0016393596310754896,1.014,1.032,1.0251000000000001,1.027,0.005974110812497482,0.076,0.078,0.07675,0.077,0.0005361902647381809,0.356,0.368,0.36255000000000004,0.3625,0.004455053310567679,0.20700000000000002,0.211,0.20875,0.20850000000000002,0.0014448183276799772,2.084,2.093,2.0887000000000002,2.0895,0.002590366769397718,0.14200000000000002,0.14400000000000002,0.14284999999999998,0.14300000000000002,0.0007262919523166983,1.093,1.1340000000000001,1.11715,1.1265,0.01592882607099471,0.111,0.112,0.11145000000000002,0.111,0.0004974937185533104,64,64,8192,24576,152064,True,7296,4
0.402,0.421,0.4121428571428572,0.41400000000000003,0.0059224006899206575,0.203,0.209,0.20620000000000002,0.20600000000000002,0.0016911534525287735,1.116,1.16,1.1380000000000001,1.1380000000000001,0.013949910393977439,0.075,0.077,0.07570000000000002,0.076,0.0005567764362830026,0.35100000000000003,0.366,0.35875,0.359,0.004938370176485351,0.20400000000000001,0.21,0.20700000000000002,0.20700000000000002,0.0016124515496597047,2.099,2.115,2.1059,2.105,0.004311612227461982,0.139,0.14200000000000002,0.14045000000000002,0.1405,0.0007399324293474377,1.073,1.123,1.10105,1.1025,0.016122887458516876,0.11,0.111,0.11034999999999999,0.11,0.00047696960070847325,64,64,8192,24576,152064,True,7232,4
0.393,0.405,0.39890476190476193,0.399,0.0033224311509547472,0.2,0.20400000000000001,0.20224999999999999,0.202,0.001219631091765048,1.041,1.088,1.0586499999999996,1.06,0.014132498009906106,0.075,0.077,0.07560000000000001,0.076,0.0005830951894845306,0.334,0.343,0.33745,0.337,0.0026167728216259073,0.2,0.20500000000000002,0.20265,0.203,0.0012757350822173083,1.989,2.003,1.9973500000000002,1.998,0.0035675621928706394,0.137,0.139,0.13774999999999998,0.138,0.0006982120021884476,0.971,1.012,0.98865,0.9884999999999999,0.014075777065583283,0.109,0.111,0.11010000000000002,0.11,0.0005385164807134509,64,64,8192,24576,152064,True,7168,4
0.382,0.396,0.38871428571428573,0.387,0.0043220680361192336,0.193,0.198,0.19525,0.195,0.001577181029558752,1.0010000000000001,1.022,1.0083499999999999,1.004,0.008076354375583081,0.07200000000000001,0.074,0.07310000000000001,0.073,0.0005385164807134481,0.33,0.335,0.33235,0.332,0.0014585952145814835,0.193,0.198,0.19545,0.195,0.0014309088021254197,2.0020000000000002,2.074,2.03785,2.029,0.024615594650546163,0.135,0.138,0.13640000000000002,0.136,0.0007348469228349541,0.972,1.01,0.9885499999999998,0.9815,0.015134315313221172,0.107,0.109,0.10790000000000002,0.108,0.0005385164807134509,64,64,8192,24576,152064,True,7104,4
0.39,0.402,0.39576190476190476,0.396,0.003293641231579162,0.195,0.199,0.1974,0.198,0.0011135528725660054,1.051,1.088,1.0699500000000004,1.0735000000000001,0.012290138323062139,0.073,0.075,0.07395,0.074,0.0004974937185533105,0.335,0.34600000000000003,0.33965,0.3395,0.0032752862470324666,0.196,0.2,0.19805,0.1985,0.0013219304066402298,1.99,2.003,1.9955000000000003,1.995,0.0030577769702841246,0.134,0.136,0.13540000000000002,0.135,0.0005830951894845307,1.0130000000000001,1.05,1.0322500000000003,1.034,0.011379257445018063,0.107,0.108,0.10715000000000001,0.107,0.00035707142142714284,64,64,8192,24576,152064,True,7040,4
0.385,0.401,0.39433333333333337,0.397,0.00536597156101771,0.194,0.2,0.19705,0.197,0.0018020821290940113,1.032,1.079,1.05505,1.057,0.01476643152559209,0.07200000000000001,0.074,0.0728,0.073,0.0005999999999999951,0.335,0.34900000000000003,0.34140000000000004,0.3425,0.004841487374764086,0.195,0.2,0.19770000000000004,0.198,0.0017635192088548415,2.0140000000000002,2.032,2.0238000000000005,2.0260000000000002,0.005644466316668009,0.133,0.136,0.13435000000000002,0.135,0.0009630680142129119,1.0130000000000001,1.065,1.0382000000000002,1.042,0.016289874155437756,0.106,0.107,0.10615,0.106,0.00035707142142714284,64,64,8192,24576,152064,True,6976,4
0.393,0.403,0.3990952380952381,0.398,0.003393337476441883,0.198,0.201,0.1992,0.199,0.0011224972160321835,0.928,0.9580000000000001,0.9385999999999999,0.933,0.010432641084595991,0.073,0.075,0.0737,0.074,0.0006403124237432854,0.334,0.35000000000000003,0.34215000000000007,0.34,0.005790293602227788,0.198,0.203,0.2,0.199,0.0016431676725155,1.911,1.929,1.91715,1.9160000000000001,0.004373499742768916,0.135,0.137,0.13575,0.136,0.0006982120021884477,1.026,1.066,1.04415,1.041,0.01236638589079283,0.105,0.106,0.10525,0.105,0.0004330127018922198,64,64,8192,24576,152064,True,6912,4
0.388,0.399,0.3932857142857143,0.392,0.0037307328163430306,0.193,0.197,0.19475,0.194,0.0014097872179871696,0.92,0.9490000000000001,0.9318500000000001,0.926,0.009910978760949908,0.07200000000000001,0.074,0.07300000000000001,0.073,0.0007071067811865433,0.336,0.34900000000000003,0.34134999999999993,0.339,0.004452808102759429,0.193,0.198,0.195,0.194,0.0014491376746189454,1.934,1.95,1.9417000000000002,1.9415,0.003809199390948193,0.133,0.136,0.13435,0.134,0.0009630680142129119,1.018,1.061,1.03795,1.0325,0.012395462879618489,0.10400000000000001,0.105,0.10420000000000003,0.10400000000000001,0.00039999999999999476,64,64,8192,24576,152064,True,6848,4
0.382,0.397,0.38857142857142857,0.386,0.005010193690500056,0.191,0.195,0.19299999999999998,0.1925,0.0016431676725155,0.917,0.9490000000000001,0.92935,0.9235,0.0112083674101093,0.07100000000000001,0.073,0.07180000000000002,0.07200000000000001,0.0005999999999999979,0.314,0.321,0.318,0.3175,0.002073644135332774,0.191,0.196,0.19344999999999998,0.193,0.0015321553446044573,1.905,1.926,1.9133999999999998,1.9140000000000001,0.004983974317750825,0.131,0.134,0.13235000000000002,0.132,0.0011079259903080177,1.0150000000000001,1.071,1.0403499999999999,1.0314999999999999,0.01729241163053899,0.10200000000000001,0.10400000000000001,0.10305,0.10300000000000001,0.00038405728739343076,64,64,8192,24576,152064,True,6784,4
0.379,0.393,0.38819047619047614,0.389,0.0035806230851633297,0.191,0.195,0.1936,0.194,0.001019803902718558,0.92,0.9470000000000001,0.9338,0.934,0.00651613382305797,0.07,0.07200000000000001,0.07115,0.07100000000000001,0.0004769696007084733,0.334,0.34700000000000003,0.34269999999999995,0.3435,0.003051229260478474,0.191,0.196,0.194,0.194,0.0011401754250991388,1.939,1.951,1.9437000000000002,1.9425,0.0034942810419312438,0.131,0.132,0.13155000000000003,0.132,0.0004974937185533105,1.027,1.054,1.04275,1.044,0.007542380260899094,0.10200000000000001,0.10300000000000001,0.10230000000000002,0.10200000000000001,0.0004582575694955844,64,64,8192,24576,152064,True,6720,4
0.368,0.383,0.37661904761904763,0.376,0.0041228306327454065,0.188,0.192,0.19055,0.19,0.0012835497652993449,0.909,0.931,0.9198500000000001,0.92,0.006413072586522008,0.069,0.07100000000000001,0.06965000000000002,0.07,0.0005722761571129803,0.316,0.331,0.32470000000000004,0.3235,0.004208325082500166,0.188,0.194,0.19130000000000003,0.191,0.0014866068747318517,1.815,1.832,1.8226,1.8225,0.004200000000000004,0.129,0.132,0.13065000000000007,0.131,0.0007921489758877437,0.923,0.974,0.9542000000000002,0.9560000000000001,0.014854628908188823,0.10200000000000001,0.10300000000000001,0.1024,0.10200000000000001,0.0004898979485566361,64,64,8192,24576,152064,True,6656,4
0.373,0.387,0.38309523809523816,0.385,0.004492371967646006,0.185,0.19,0.18835,0.189,0.001492481155659931,0.918,0.9480000000000001,0.9327,0.9345000000000001,0.008815327560561782,0.068,0.07,0.06950000000000002,0.07,0.0006708203932499374,0.323,0.336,0.33120000000000005,0.333,0.004377213725647862,0.186,0.191,0.18885,0.19,0.0016209565077447343,1.841,1.86,1.8484000000000003,1.8485,0.004386342439892282,0.128,0.131,0.1298,0.13,0.000748331477354789,0.989,1.024,1.0115,1.0150000000000001,0.011390785749894538,0.1,0.101,0.10055,0.101,0.0004974937185533104,64,64,8192,24576,152064,True,6592,4
0.366,0.375,0.37133333333333335,0.371,0.0024364950105649603,0.183,0.187,0.18539999999999995,0.186,0.001019803902718558,0.91,0.93,0.9189999999999999,0.918,0.005403702434442524,0.067,0.069,0.0679,0.068,0.0005385164807134509,0.298,0.305,0.3028,0.303,0.0018601075237738292,0.183,0.189,0.18624999999999997,0.186,0.0012990381056766592,1.81,1.826,1.8166,1.8165,0.004176122603564222,0.127,0.129,0.12755000000000002,0.1275,0.0005894913061275804,0.973,1.01,0.9934000000000001,0.996,0.010892199043352096,0.098,0.1,0.099,0.099,0.0003162277660168382,64,64,8192,24576,152064,True,6528,4
0.366,0.377,0.37261904761904757,0.373,0.0029354352395090395,0.183,0.187,0.18519999999999998,0.185,0.001029563014098701,0.917,0.9380000000000001,0.9234999999999998,0.9225000000000001,0.005229722745997157,0.066,0.069,0.06760000000000002,0.068,0.0007348469228349541,0.322,0.331,0.32659999999999995,0.327,0.002800000000000002,0.184,0.188,0.186,0.186,0.0011832159566199242,1.842,1.854,1.8467500000000001,1.846,0.002790609252475172,0.125,0.127,0.12599999999999997,0.126,0.0005477225575051665,0.975,1.01,0.9961000000000002,0.9964999999999999,0.010506664551607262,0.097,0.099,0.09810000000000002,0.098,0.00043588989435406776,64,64,8192,24576,152064,True,6464,4
0.353,0.367,0.3623333333333333,0.363,0.003668830530334903,0.179,0.184,0.18295,0.183,0.0012835497652993449,0.899,0.916,0.9112500000000001,0.913,0.004414464859980203,0.066,0.068,0.0674,0.067,0.0005830951894845307,0.3,0.315,0.3100000000000001,0.3115,0.004626013402488156,0.179,0.184,0.18295000000000003,0.1835,0.0013955285736952875,1.792,1.808,1.7992000000000001,1.8,0.0038026306683663098,0.123,0.125,0.12415000000000001,0.124,0.0007262919523166982,0.932,0.964,0.9505500000000001,0.9530000000000001,0.00931920060949435,0.096,0.098,0.09720000000000001,0.097,0.0005099019513592789,64,64,8192,24576,152064,True,6400,4
0.358,0.368,0.3652857142857142,0.366,0.002602981022612659,0.177,0.182,0.18025000000000002,0.18,0.0009937303457175906,0.892,0.92,0.9092499999999999,0.9085000000000001,0.006862033226384152,0.066,0.068,0.06715,0.067,0.0004769696007084733,0.309,0.319,0.31535,0.3155,0.002372235232855294,0.178,0.182,0.18065000000000003,0.181,0.001061838029079766,1.814,1.829,1.8201,1.8195000000000001,0.0036728735344413784,0.123,0.125,0.12395,0.124,0.0004974937185533104,0.9420000000000001,0.976,0.9636999999999997,0.963,0.008602906485601226,0.095,0.096,0.09590000000000001,0.096,0.00030000000000000024,64,64,8192,24576,152064,True,6336,4
0.336,0.362,0.35114285714285715,0.352,0.006158893795895125,0.17,0.178,0.17575,0.176,0.0016992645467966351,0.897,0.917,0.9064500000000001,0.905,0.004748420790115388,0.064,0.067,0.06565,0.066,0.0006538348415311017,0.28500000000000003,0.291,0.2873000000000001,0.28700000000000003,0.001486606874731838,0.17500000000000002,0.18,0.17684999999999998,0.177,0.0012359207094308244,1.786,1.801,1.7943000000000002,1.794,0.003606937759374263,0.11900000000000001,0.122,0.12099999999999997,0.121,0.0007071067811865463,0.908,0.965,0.9354000000000001,0.933,0.013577186748365794,0.094,0.096,0.09509999999999999,0.095,0.00043588989435406776,64,64,8192,24576,152064,True,6272,4
0.35000000000000003,0.368,0.35728571428571426,0.358,0.00640046766998769,0.17500000000000002,0.182,0.17829999999999996,0.1785,0.002170253441421068,0.895,0.9520000000000001,0.9152000000000002,0.907,0.01899894733926068,0.065,0.067,0.0656,0.065,0.0008000000000000007,0.311,0.328,0.31694999999999995,0.314,0.00575738655988983,0.176,0.183,0.17864999999999998,0.178,0.0020068632240389495,1.815,1.828,1.82015,1.8205,0.004015905875391018,0.12,0.124,0.12144999999999999,0.1215,0.0011169153951844349,0.9470000000000001,1.004,0.9713499999999999,0.9664999999999999,0.01874373228575355,0.093,0.095,0.09425,0.094,0.0006224949798994371,64,64,8192,24576,152064,True,6208,4
0.343,0.34800000000000003,0.344952380952381,0.34500000000000003,0.0014630753805464029,0.17400000000000002,0.176,0.1747,0.17500000000000002,0.0006403124237432796,0.8210000000000001,0.8280000000000001,0.8235000000000001,0.8235000000000001,0.0015652475842498543,0.064,0.065,0.06425,0.064,0.00043301270189221973,0.294,0.299,0.29644999999999994,0.297,0.001243985530462474,0.17400000000000002,0.177,0.1754,0.17500000000000002,0.0007999999999999889,1.706,1.719,1.7113500000000001,1.71,0.003335790760824188,0.11900000000000001,0.12,0.11910000000000005,0.11900000000000001,0.00029999999999999607,0.863,0.886,0.8694,0.867,0.006575712889109444,0.093,0.094,0.0936,0.094,0.0004898979485566361,64,64,8192,24576,152064,True,6144,4
0.34600000000000003,0.35000000000000003,0.34780952380952385,0.34800000000000003,0.0011388819755334674,0.17400000000000002,0.176,0.17545000000000002,0.1755,0.0005894913061275673,0.8320000000000001,0.835,0.8341000000000001,0.834,0.0009949874371065974,0.064,0.065,0.0641,0.064,0.00030000000000000024,0.302,0.306,0.30385,0.304,0.0010136567466356656,0.17400000000000002,0.177,0.17540000000000003,0.1755,0.0007999999999999885,1.735,1.744,1.7396,1.739,0.002517935662402829,0.11800000000000001,0.11900000000000001,0.11855000000000002,0.11900000000000001,0.0004974937185533104,0.917,0.925,0.9204500000000001,0.919,0.002889204042638736,0.091,0.093,0.0924,0.092,0.0005830951894845307,64,64,8192,24576,152064,True,6080,4
0.337,0.352,0.34280952380952384,0.343,0.00467637474178701,0.168,0.17400000000000002,0.17095,0.171,0.0020609463845524967,0.8180000000000001,0.85,0.8297000000000001,0.8280000000000001,0.010407209039891497,0.062,0.064,0.06294999999999999,0.063,0.0006689544080129831,0.273,0.28400000000000003,0.2772,0.2765,0.0034727510708370706,0.168,0.17300000000000001,0.1703,0.17,0.0018466185312619402,1.699,1.718,1.7084500000000002,1.7085,0.004954543369474117,0.115,0.11900000000000001,0.1167,0.117,0.0009539392014169464,0.882,0.9490000000000001,0.9106500000000001,0.912,0.021464563820399445,0.091,0.093,0.0917,0.092,0.0005567764362830027,64,64,8192,24576,152064,True,6016,4
0.332,0.34900000000000003,0.34361904761904766,0.34500000000000003,0.004402122761493172,0.167,0.17400000000000002,0.17215,0.17300000000000001,0.001710993863226869,0.8240000000000001,0.855,0.8435499999999999,0.846,0.007921331958704906,0.061,0.064,0.06275,0.063,0.0006982120021884477,0.293,0.313,0.30765,0.309,0.004942418436352799,0.168,0.17400000000000002,0.17240000000000003,0.17300000000000001,0.0016852299546352733,1.727,1.745,1.7394500000000002,1.741,0.004318275118609273,0.114,0.117,0.11645000000000001,0.117,0.0010712142642814286,0.883,0.9500000000000001,0.9336500000000001,0.9390000000000001,0.017237386692883598,0.089,0.091,0.09045,0.0905,0.0005894913061275802,64,64,8192,24576,152064,True,5952,4
0.323,0.338,0.32828571428571424,0.328,0.003880879344916039,0.165,0.171,0.1669,0.167,0.001513274595042157,0.8150000000000001,0.834,0.8202000000000002,0.8180000000000001,0.005201922721455957,0.06,0.062,0.06055000000000001,0.06,0.0006689544080129832,0.278,0.293,0.2835500000000001,0.28300000000000003,0.004043204174908792,0.166,0.171,0.16785,0.167,0.0013518505834595785,1.613,1.627,1.6187,1.6185,0.0036891733491393602,0.113,0.116,0.11460000000000004,0.1145,0.0008000000000000008,0.8310000000000001,0.891,0.852,0.8454999999999999,0.017711578134090702,0.088,0.09,0.08909999999999998,0.089,0.000538516480713451,64,64,8192,24576,152064,True,5888,4
0.321,0.338,0.3299047619047619,0.333,0.005362166956289241,0.165,0.17,0.16725000000000004,0.167,0.0018405162319305977,0.8180000000000001,0.839,0.8282,0.8265,0.0072291078287710815,0.059000000000000004,0.062,0.060349999999999994,0.06,0.0007262919523166969,0.281,0.296,0.2891,0.29000000000000004,0.005593746508378778,0.165,0.171,0.16770000000000002,0.1675,0.0019773719933285205,1.635,1.653,1.6443,1.645,0.004360045871318332,0.112,0.116,0.11365000000000003,0.113,0.0013143439428094927,0.839,0.896,0.8695,0.8654999999999999,0.02168524844220146,0.08700000000000001,0.088,0.08775000000000001,0.088,0.00043301270189221366,64,64,8192,24576,152064,True,5824,4
0.318,0.33,0.32276190476190475,0.322,0.0036371726578911102,0.161,0.164,0.16215000000000002,0.162,0.001107925990308018,0.8160000000000001,0.8300000000000001,0.8217000000000001,0.8215000000000001,0.0036755951898978247,0.058,0.06,0.05915,0.059000000000000004,0.0005722761571129778,0.261,0.267,0.26370000000000005,0.263,0.0014866068747318517,0.161,0.165,0.16275,0.163,0.0010428326807307114,1.579,1.596,1.5854,1.5845,0.005266877632905484,0.111,0.113,0.11200000000000002,0.112,0.0006324555320336764,0.765,0.796,0.7819499999999999,0.7805,0.008345507773646859,0.08600000000000001,0.088,0.08735000000000001,0.08700000000000001,0.0006538348415310954,64,64,8192,24576,152064,True,5760,4
0.319,0.334,0.32647619047619053,0.326,0.004158972487790108,0.161,0.165,0.16325000000000003,0.163,0.0010897247358851695,0.8230000000000001,0.837,0.8304500000000001,0.8300000000000001,0.005181457323958148,0.058,0.06,0.058800000000000005,0.059000000000000004,0.0005099019513592781,0.264,0.271,0.26765,0.268,0.001768473918382741,0.161,0.166,0.16365000000000002,0.1635,0.0013883443376914834,1.59,1.641,1.6154,1.6185,0.016190738093119796,0.111,0.113,0.11180000000000001,0.112,0.0008124038404635967,0.782,0.807,0.79625,0.798,0.009480901855836298,0.085,0.08700000000000001,0.0859,0.08600000000000001,0.0004358898943540678,64,64,8192,24576,152064,True,5696,4
0.316,0.33,0.3218571428571429,0.32,0.0051203209933391855,0.16,0.165,0.16230000000000003,0.1615,0.0017635192088548413,0.737,0.764,0.7466499999999999,0.741,0.009435438516571457,0.059000000000000004,0.061,0.06015,0.06,0.0005722761571129789,0.277,0.292,0.2832,0.281,0.004812483766206378,0.161,0.167,0.1635,0.163,0.0018574175621006725,1.543,1.562,1.5514000000000001,1.5505,0.004715930449020649,0.111,0.113,0.11165,0.111,0.0007921489758877436,0.741,0.778,0.756,0.749,0.01433875866314795,0.085,0.08600000000000001,0.08565,0.08600000000000001,0.00047696960070847325,64,64,8192,24576,152064,True,5632,4
0.326,0.331,0.32752380952380955,0.327,0.001295378143689091,0.164,0.165,0.16420000000000004,0.164,0.00040000000000000034,0.763,0.771,0.7665,0.7655000000000001,0.002872281323269017,0.06,0.061,0.06015,0.06,0.00035707142142714284,0.289,0.292,0.29095000000000004,0.291,0.0008046738469715548,0.164,0.166,0.1652,0.165,0.0006000000000000005,1.569,1.58,1.57515,1.575,0.003037680035816835,0.111,0.112,0.11110000000000002,0.111,0.00030000000000000024,0.777,0.783,0.77925,0.7785,0.0021418449990603912,0.084,0.08600000000000001,0.08475,0.085,0.0005361902647381809,64,64,8192,24576,152064,True,5568,4
0.319,0.328,0.3228571428571429,0.322,0.002730527845110755,0.158,0.162,0.1592,0.159,0.0009797958971132724,0.754,0.772,0.7616,0.762,0.0060613529842767,0.058,0.06,0.05889999999999999,0.059000000000000004,0.00043588989435406684,0.258,0.264,0.26075,0.261,0.0018405162319305977,0.158,0.163,0.15995000000000004,0.16,0.0011169153951844347,1.582,1.592,1.5871499999999998,1.587,0.0025937424698685885,0.108,0.11,0.1091,0.109,0.0006244997998398403,0.78,0.805,0.7884,0.7885,0.005860034129593449,0.083,0.084,0.08380000000000001,0.084,0.00040000000000000034,64,64,8192,24576,152064,True,5504,4
0.307,0.317,0.3136666666666667,0.315,0.0032562516185292902,0.154,0.158,0.15639999999999996,0.1565,0.0012409673645990868,0.739,0.754,0.7459,0.746,0.0044373415464667625,0.057,0.059000000000000004,0.0576,0.058,0.0005830951894845307,0.253,0.259,0.25619999999999993,0.257,0.0022494443758404002,0.155,0.159,0.1568,0.157,0.0012083045973594584,1.537,1.575,1.55665,1.565,0.014294317052591227,0.105,0.108,0.10654999999999999,0.107,0.0006689544080129831,0.741,0.775,0.76405,0.77,0.009019284894047873,0.081,0.083,0.08225000000000002,0.082,0.0006224949798994372,64,64,8192,24576,152064,True,5440,4
0.306,0.323,0.3138095238095237,0.316,0.005653646506535559,0.155,0.162,0.1577,0.1585,0.0021931712199461328,0.739,0.798,0.7627999999999999,0.771,0.020800480763674686,0.056,0.058,0.05695,0.057,0.0007399324293474378,0.266,0.28,0.27175,0.2725,0.004425776767980965,0.155,0.163,0.15835,0.159,0.002495495942693558,1.571,1.602,1.5858,1.5865,0.007814089838234521,0.10400000000000001,0.109,0.10625000000000002,0.107,0.0012599603168354152,0.733,0.796,0.7567999999999999,0.762,0.01762271261752857,0.081,0.083,0.082,0.082,0.0005477225575051667,64,64,8192,24576,152064,True,5376,4
0.297,0.305,0.30066666666666664,0.3,0.0019107050140703711,0.152,0.155,0.15335,0.153,0.000726291952316698,0.734,0.74,0.7370000000000001,0.737,0.0017888543819998333,0.055,0.056,0.05515000000000001,0.055,0.00035707142142714284,0.262,0.268,0.26435000000000003,0.264,0.0015580436450882897,0.152,0.155,0.15369999999999998,0.154,0.0008426149773176364,1.496,1.5210000000000001,1.5016500000000002,1.4995,0.006085022596506961,0.10300000000000001,0.10400000000000001,0.10355000000000003,0.10400000000000001,0.0004974937185533105,0.741,0.755,0.7457,0.743,0.00439431450854397,0.079,0.081,0.0799,0.08,0.0007000000000000006,64,64,8192,24576,152064,True,5312,4
0.297,0.304,0.3003333333333333,0.3,0.001910705014070371,0.149,0.151,0.14955,0.149,0.0006689544080129832,0.735,0.746,0.7414499999999999,0.742,0.003138072656902644,0.054,0.055,0.054400000000000004,0.054,0.000489897948556636,0.241,0.246,0.2433,0.243,0.0011445523142259606,0.148,0.152,0.14994999999999997,0.15,0.0009205976319760994,1.463,1.49,1.4779,1.4795,0.009153687781435398,0.10200000000000001,0.10300000000000001,0.10255,0.10300000000000001,0.0004974937185533104,0.723,0.739,0.73115,0.73,0.0054062463872820345,0.078,0.08,0.07894999999999999,0.079,0.0004974937185533105,64,64,8192,24576,152064,True,5248,4
0.291,0.31,0.2987619047619048,0.294,0.006968669763781612,0.146,0.153,0.14939999999999998,0.148,0.00239582971014219,0.733,0.775,0.74985,0.7375,0.017442118563981857,0.053,0.055,0.05395,0.054,0.0008645808232895299,0.23900000000000002,0.253,0.24469999999999997,0.242,0.0051487862647424006,0.147,0.154,0.14945000000000003,0.148,0.00247941525364349,1.456,1.559,1.491,1.462,0.04290104893822528,0.1,0.10400000000000001,0.10170000000000001,0.101,0.0012288205727444517,0.71,0.763,0.73255,0.72,0.02169210685940858,0.077,0.079,0.0779,0.078,0.0006244997998398403,64,64,8192,24576,152064,True,5184,4
0.28800000000000003,0.3,0.295952380952381,0.297,0.0033306111333420373,0.146,0.151,0.14919999999999994,0.15,0.0014696938456699082,0.732,0.765,0.7527999999999999,0.7515000000000001,0.01017644338656685,0.052000000000000005,0.054,0.053250000000000006,0.053,0.000766485485837793,0.253,0.263,0.25830000000000003,0.2585,0.002590366769397726,0.147,0.152,0.14975,0.15,0.0014097872179871696,1.434,1.453,1.4461499999999998,1.447,0.00459646603381338,0.1,0.10200000000000001,0.10135000000000001,0.101,0.0006538348415311016,0.675,0.712,0.70065,0.7015,0.009910978760949877,0.077,0.079,0.07815000000000001,0.078,0.0006538348415311016,64,64,8192,24576,152064,True,5120,4
0.267,0.299,0.28514285714285714,0.28600000000000003,0.006923292048521104,0.14,0.151,0.14594999999999997,0.146,0.0020365411854416254,0.7030000000000001,0.776,0.7208,0.715,0.014915093026863767,0.051000000000000004,0.055,0.052750000000000005,0.053,0.0007664854858377928,0.243,0.273,0.25549999999999995,0.254,0.005509083408335732,0.14,0.151,0.14654999999999996,0.147,0.00198683164863055,1.4040000000000001,1.5130000000000001,1.42765,1.4195,0.021843248384798467,0.096,0.101,0.0988,0.099,0.001029563014098701,0.661,0.723,0.6802500000000001,0.676,0.016324444860392636,0.076,0.077,0.07650000000000001,0.0765,0.0005000000000000004,64,64,8192,24576,152064,True,5056,4
0.27,0.275,0.27195238095238095,0.272,0.0013265131692556315,0.137,0.139,0.13789999999999997,0.138,0.0006244997998398403,0.719,0.727,0.7231,0.723,0.0016401219466856739,0.049,0.05,0.04975000000000001,0.05,0.0004330127018922197,0.223,0.227,0.22440000000000002,0.224,0.0010198039027185578,0.137,0.14,0.13824999999999998,0.138,0.0006982120021884477,1.399,1.4060000000000001,1.40145,1.401,0.0017741194999210184,0.095,0.096,0.09570000000000002,0.096,0.00045825756949558437,0.652,0.67,0.6558499999999999,0.653,0.005331744555021372,0.074,0.076,0.0747,0.075,0.0005567764362830027,64,64,8192,24576,152064,True,4992,4
0.277,0.293,0.2847142857142857,0.28600000000000003,0.004802210375420445,0.139,0.14400000000000002,0.14190000000000005,0.14200000000000002,0.0016093476939431097,0.709,0.759,0.7333999999999999,0.7344999999999999,0.01944067900048763,0.051000000000000004,0.053,0.05180000000000001,0.052000000000000005,0.0005999999999999991,0.227,0.23800000000000002,0.23315000000000005,0.23600000000000002,0.004373499742768946,0.14,0.145,0.14285000000000003,0.14400000000000002,0.00168151717208002,1.408,1.5010000000000001,1.45695,1.4775,0.03979381233307516,0.096,0.098,0.09715000000000003,0.097,0.0008529361054615998,0.682,0.721,0.7039,0.7065,0.015523852614605654,0.073,0.075,0.07379999999999999,0.074,0.0006000000000000005,64,64,8192,24576,152064,True,4928,4
0.281,0.292,0.2845238095238095,0.28400000000000003,0.0027536823418668386,0.14100000000000001,0.146,0.14245000000000002,0.14200000000000002,0.0012031209415515906,0.659,0.6880000000000001,0.6669000000000002,0.6645000000000001,0.00792401413426302,0.051000000000000004,0.054,0.052100000000000014,0.052000000000000005,0.000538516480713449,0.243,0.252,0.24684999999999996,0.2465,0.002219797288042313,0.14100000000000001,0.147,0.1431,0.14300000000000002,0.0014106735979665828,1.351,1.379,1.3563,1.3545,0.006237788069500265,0.097,0.098,0.0972,0.097,0.00040000000000000034,0.673,0.7010000000000001,0.6792,0.677,0.00765898165554665,0.07200000000000001,0.074,0.07339999999999999,0.073,0.000583095189484529,64,64,8192,24576,152064,True,4864,4
0.269,0.28800000000000003,0.2751428571428572,0.271,0.006423807758833467,0.138,0.145,0.1405,0.139,0.0022472205054244222,0.644,0.6960000000000001,0.6588999999999999,0.647,0.01938272426672785,0.049,0.052000000000000005,0.050550000000000005,0.05,0.0008645808232895299,0.24,0.262,0.24664999999999998,0.242,0.0077024346800216425,0.138,0.145,0.1407,0.14,0.002099999999999999,1.358,1.381,1.3659500000000002,1.363,0.006453487429289677,0.093,0.097,0.09480000000000001,0.094,0.001400000000000001,0.67,0.729,0.6876000000000001,0.673,0.021877842672439144,0.07100000000000001,0.073,0.07210000000000001,0.07200000000000001,0.0006244997998398354,64,64,8192,24576,152064,True,4800,4
0.26,0.273,0.26676190476190476,0.267,0.0038533196807893195,0.132,0.135,0.13344999999999999,0.1335,0.001160818676624391,0.638,0.651,0.6438,0.6425000000000001,0.0041424630354416,0.048,0.05,0.04900000000000001,0.049,0.0005477225575051665,0.214,0.221,0.21715,0.217,0.0020316249653910064,0.131,0.135,0.1337,0.134,0.0012688577540449532,1.314,1.34,1.32515,1.323,0.007888440910598255,0.091,0.093,0.09165000000000001,0.092,0.0005722761571129803,0.632,0.665,0.65165,0.6525000000000001,0.01122174228896744,0.07,0.07200000000000001,0.07125000000000001,0.07100000000000001,0.0006224949798994371,64,64,8192,24576,152064,True,4736,4
0.265,0.273,0.2692380952380953,0.27,0.002758618734849572,0.134,0.137,0.13545000000000001,0.136,0.0009205976319760993,0.65,0.669,0.65805,0.661,0.006453487429289692,0.048,0.05,0.04905000000000001,0.049,0.0004974937185533105,0.219,0.225,0.22180000000000005,0.2215,0.0023579652245103214,0.134,0.137,0.1357,0.1355,0.0010049875621120899,1.335,1.383,1.3596,1.3565,0.019340113753543473,0.091,0.093,0.09225000000000001,0.092,0.0006982120021884477,0.664,0.682,0.67265,0.672,0.007773512719485323,0.069,0.07100000000000001,0.06995000000000001,0.07,0.0005894913061275802,64,64,8192,24576,152064,True,4672,4
0.255,0.273,0.25999999999999995,0.257,0.006202917900165255,0.129,0.136,0.1315,0.131,0.002156385865284784,0.632,0.664,0.6420000000000001,0.637,0.010908712114635724,0.046,0.049,0.047200000000000006,0.047,0.0006000000000000005,0.227,0.23700000000000002,0.23015,0.229,0.0031188940347501417,0.13,0.137,0.13175000000000003,0.131,0.0023425413550244977,1.274,1.343,1.2884000000000002,1.2785000000000002,0.02115277759538921,0.088,0.092,0.08929999999999999,0.089,0.0011874342087037928,0.587,0.633,0.6027,0.595,0.017824421449236454,0.069,0.07100000000000001,0.07045000000000001,0.07050000000000001,0.0005894913061275802,64,64,8192,24576,152064,True,4608,4
0.243,0.253,0.2490952380952381,0.25,0.0026350162537632257,0.127,0.13,0.12894999999999998,0.129,0.0009733961166965902,0.628,0.637,0.6338999999999999,0.635,0.002736786436680804,0.045,0.046,0.045500000000000006,0.0455,0.0005000000000000004,0.22,0.225,0.22355,0.224,0.001564448784716203,0.127,0.13,0.12865,0.129,0.0010136567466356653,1.2690000000000001,1.278,1.2750499999999998,1.2755,0.002479415253643489,0.08700000000000001,0.088,0.0874,0.08700000000000001,0.0004898979485566293,0.5650000000000001,0.585,0.5804500000000001,0.583,0.00647668896890993,0.068,0.07,0.06875,0.069,0.0006224949798994372,64,64,8192,24576,152064,True,4544,4
0.224,0.251,0.23933333333333331,0.242,0.009473438221999005,0.117,0.126,0.12269999999999999,0.124,0.003067572330035591,0.619,0.638,0.6312,0.634,0.00688912185985994,0.042,0.046,0.044300000000000006,0.045,0.0011445523142259583,0.191,0.20400000000000001,0.19924999999999998,0.2015,0.004866980583482951,0.11800000000000001,0.127,0.12299999999999997,0.124,0.002915475947422647,1.219,1.237,1.22975,1.23,0.004836062447901192,0.083,0.08700000000000001,0.0857,0.08600000000000001,0.001187434208703793,0.527,0.606,0.5814999999999999,0.601,0.03052949393619224,0.066,0.068,0.06725,0.067,0.0005361902647381809,64,64,8192,24576,152064,True,4480,4
0.232,0.246,0.2417619047619048,0.244,0.005236363350053812,0.121,0.127,0.12425000000000001,0.125,0.0016393596310755017,0.628,0.641,0.6372,0.639,0.004377213725647862,0.043000000000000003,0.045,0.04410000000000001,0.044,0.0006999999999999985,0.195,0.20400000000000001,0.2017,0.203,0.002934280150224245,0.121,0.127,0.12459999999999997,0.125,0.0016248076809271938,1.226,1.243,1.2350499999999998,1.236,0.004663421490708308,0.083,0.08600000000000001,0.08530000000000001,0.08600000000000001,0.0009000000000000007,0.5640000000000001,0.613,0.5992499999999998,0.6065,0.01639778948517144,0.065,0.067,0.06595000000000001,0.066,0.0006689544080129832,64,64,8192,24576,152064,True,4416,4
0.221,0.257,0.24223809523809522,0.25,0.013693602127600499,0.117,0.129,0.12450000000000001,0.127,0.004477722635447621,0.615,0.672,0.6496999999999999,0.663,0.021826818366404224,0.041,0.046,0.044000000000000004,0.045,0.0017029386365926386,0.20700000000000002,0.227,0.21960000000000002,0.224,0.0071791364383190235,0.11800000000000001,0.129,0.12510000000000002,0.1275,0.004170131892398607,1.294,1.313,1.30555,1.3065,0.005191098149717477,0.081,0.08700000000000001,0.08485000000000001,0.0855,0.0018513508581573632,0.514,0.612,0.5791,0.601,0.03568879375938614,0.065,0.067,0.0659,0.066,0.0007000000000000005,64,64,8192,24576,152064,True,4352,4
0.23500000000000001,0.243,0.23809523809523808,0.23700000000000002,0.0024476375763612087,0.122,0.125,0.12294999999999998,0.123,0.0009205976319760993,0.639,0.661,0.6456000000000001,0.643,0.00700999286732876,0.043000000000000003,0.044,0.04360000000000001,0.044,0.0004898979485566328,0.21,0.215,0.21139999999999998,0.211,0.0016552945357246863,0.122,0.124,0.12295,0.123,0.0007399324293474377,1.218,1.227,1.22255,1.222,0.0026358110706194387,0.082,0.084,0.08310000000000001,0.083,0.0005385164807134509,0.581,0.6,0.58475,0.5825,0.005337368265353259,0.064,0.065,0.0645,0.0645,0.0005000000000000004,64,64,8192,24576,152064,True,4288,4
0.241,0.251,0.24342857142857138,0.242,0.0029852243845061893,0.12,0.123,0.12105000000000002,0.121,0.0008046738469715547,0.58,0.594,0.58565,0.586,0.0030704234235688107,0.044,0.045,0.04445,0.044,0.0004974937185533104,0.195,0.202,0.19705,0.196,0.0022017038856304016,0.11900000000000001,0.123,0.12125000000000004,0.121,0.0011346805717910215,1.195,1.2530000000000001,1.2163,1.2115,0.016538137742805277,0.082,0.084,0.08310000000000002,0.083,0.0005385164807134509,0.592,0.621,0.6035,0.6005,0.008040522371090084,0.062,0.064,0.06299999999999999,0.063,0.0005477225575051667,64,64,8192,24576,152064,True,4224,4
0.229,0.23800000000000002,0.23252380952380952,0.231,0.002953916651289683,0.117,0.12,0.11810000000000002,0.11800000000000001,0.0010440306508910523,0.612,0.639,0.6208500000000001,0.6174999999999999,0.009150273219964537,0.042,0.043000000000000003,0.04230000000000001,0.042,0.0004582575694955844,0.188,0.197,0.19190000000000004,0.192,0.0027730849247724117,0.117,0.121,0.11845000000000003,0.11800000000000001,0.0010712142642814247,1.175,1.212,1.18695,1.1825,0.011981130998365728,0.08,0.082,0.08110000000000002,0.081,0.0006244997998398404,0.5700000000000001,0.6,0.5826,0.581,0.011560276813294704,0.061,0.063,0.0617,0.062,0.0005567764362830027,64,64,8192,24576,152064,True,4160,4
0.20800000000000002,0.24,0.22552380952380954,0.228,0.0108391664045106,0.11,0.121,0.11620000000000001,0.117,0.003443835071544512,0.536,0.5720000000000001,0.5506,0.549,0.01184229707446998,0.04,0.043000000000000003,0.04100000000000001,0.041,0.0008366600265340762,0.197,0.211,0.20415,0.20500000000000002,0.0044863682416850246,0.111,0.122,0.11679999999999999,0.11800000000000001,0.00361386219991853,1.1360000000000001,1.164,1.14975,1.1500000000000001,0.008560811877386339,0.077,0.082,0.07970000000000002,0.08,0.0017349351572897487,0.47200000000000003,0.5640000000000001,0.52805,0.535,0.030319094643475094,0.061,0.063,0.061750000000000006,0.062,0.0005361902647381809,64,64,8192,24576,152064,True,4096,4
0.228,0.23600000000000002,0.23214285714285715,0.232,0.0025872528966106928,0.116,0.12,0.11780000000000002,0.11800000000000001,0.0011661903789690598,0.548,0.557,0.5532,0.555,0.003340658617698016,0.041,0.042,0.041400000000000006,0.041,0.000489897948556636,0.20500000000000002,0.21,0.20730000000000004,0.20750000000000002,0.0014525839046333872,0.117,0.12,0.11845000000000003,0.11900000000000001,0.001116915395184431,1.157,1.169,1.16195,1.162,0.003499642838919426,0.079,0.081,0.08025,0.08,0.0006982120021884477,0.525,0.547,0.53745,0.545,0.00959413883576844,0.061,0.063,0.0617,0.062,0.0005567764362830027,64,64,8192,24576,152064,True,4096,4
0.20700000000000002,0.227,0.21904761904761907,0.224,0.007876887169048623,0.109,0.117,0.11405000000000001,0.116,0.00280133896556629,0.535,0.55,0.5441,0.547,0.00550363516232681,0.04,0.041,0.04060000000000001,0.041,0.000489897948556636,0.177,0.189,0.18555000000000005,0.188,0.004224630161327738,0.11,0.117,0.11485000000000001,0.116,0.002329699551444351,1.135,1.1520000000000001,1.14575,1.147,0.004559331091289627,0.076,0.079,0.07809999999999999,0.079,0.0011789826122551605,0.47500000000000003,0.529,0.5138999999999999,0.526,0.021808026045472335,0.06,0.062,0.06089999999999999,0.061,0.0007000000000000005,64,64,8192,24576,152064,True,4064,4
0.22,0.229,0.22342857142857145,0.223,0.0022797541340163494,0.114,0.11800000000000001,0.1156,0.115,0.0009695359714832667,0.546,0.555,0.5485500000000001,0.548,0.0025194245374688265,0.04,0.041,0.04020000000000001,0.04,0.00040000000000000034,0.197,0.20400000000000001,0.19940000000000002,0.199,0.0022226110770892887,0.114,0.11800000000000001,0.1157,0.1155,0.0011000000000000012,1.135,1.143,1.1383,1.1375000000000002,0.0024103941586388084,0.077,0.079,0.078,0.078,0.0006324555320336765,0.519,0.537,0.5239,0.52,0.007354590403278764,0.06,0.061,0.06054999999999999,0.061,0.0004974937185533104,64,64,8192,24576,152064,True,4032,4
0.211,0.218,0.2131428571428572,0.212,0.002030381486221701,0.112,0.113,0.1126,0.113,0.0004898979485566361,0.54,0.546,0.54255,0.543,0.0016271140095272996,0.039,0.04,0.039200000000000006,0.039,0.0004000000000000003,0.194,0.197,0.1955,0.195,0.0009746794344808972,0.112,0.115,0.1131,0.113,0.0008306623862918082,1.1280000000000001,1.133,1.1307500000000001,1.1305,0.0012990381056766326,0.075,0.077,0.07590000000000001,0.076,0.000538516480713451,0.53,0.541,0.5356500000000002,0.537,0.0037983549070617437,0.059000000000000004,0.061,0.0598,0.06,0.0006782329983125246,64,64,8192,24576,152064,True,4000,4
0.227,0.233,0.23,0.23,0.0016329931618554536,0.116,0.11900000000000001,0.11775,0.11800000000000001,0.0007664854858377951,0.558,0.5750000000000001,0.5675500000000001,0.5695000000000001,0.0045549423706563,0.04,0.041,0.04060000000000001,0.041,0.0004898979485566361,0.209,0.214,0.21174999999999997,0.212,0.0014097872179871696,0.116,0.11900000000000001,0.1183,0.11850000000000001,0.0008426149773176366,1.114,1.155,1.1356000000000002,1.137,0.010204900783447142,0.077,0.079,0.07830000000000001,0.078,0.0005567764362830027,0.551,0.56,0.5565000000000001,0.557,0.0030248966924508376,0.06,0.061,0.060300000000000006,0.06,0.0004582575694955844,64,64,8192,24576,152064,True,3968,4
0.212,0.229,0.21771428571428572,0.217,0.004851537381695253,0.109,0.114,0.1106,0.11,0.0015620499351813324,0.542,0.5670000000000001,0.54925,0.5475000000000001,0.007422095391464603,0.038,0.04,0.03910000000000001,0.039,0.0005385164807134509,0.184,0.195,0.18785000000000002,0.187,0.0036643553321150536,0.109,0.115,0.11135000000000002,0.111,0.0016815171720800254,1.091,1.141,1.1045500000000001,1.1005,0.012702263577803763,0.075,0.078,0.07594999999999999,0.076,0.00086458082328953,0.526,0.5720000000000001,0.54235,0.5405,0.014823208154782162,0.058,0.059000000000000004,0.058600000000000006,0.059000000000000004,0.0004898979485566361,64,64,8192,24576,152064,True,3936,4
0.201,0.22,0.2124285714285714,0.216,0.007168525308739639,0.105,0.112,0.10925000000000003,0.11,0.002118372016431488,0.538,0.554,0.54715,0.548,0.0051310330343898635,0.037,0.039,0.038500000000000006,0.039,0.000741619848709567,0.19,0.20500000000000002,0.19950000000000004,0.2,0.004883646178829916,0.106,0.112,0.11015000000000001,0.111,0.0020560885194952105,1.091,1.107,1.10155,1.102,0.004510820324508628,0.073,0.076,0.07515000000000001,0.0755,0.001061838029079766,0.49,0.553,0.5329499999999999,0.539,0.02105581867323142,0.057,0.059000000000000004,0.058300000000000005,0.058,0.0005567764362830027,64,64,8192,24576,152064,True,3904,4
0.197,0.213,0.20961904761904762,0.212,0.005066004253153611,0.10400000000000001,0.109,0.10815,0.1085,0.0013143439428094906,0.533,0.547,0.54395,0.545,0.0035703641270884434,0.036000000000000004,0.038,0.03770000000000001,0.038,0.0006403124237432835,0.189,0.2,0.19775,0.199,0.002997915942784256,0.10300000000000001,0.11,0.1085,0.109,0.001658312395177699,1.085,1.098,1.0942,1.0945,0.00299332590941917,0.07200000000000001,0.075,0.07444999999999999,0.075,0.0008046738469715526,0.482,0.537,0.5277,0.531,0.013835100288758312,0.057,0.058,0.05755000000000001,0.058,0.0004974937185533104,64,64,8192,24576,152064,True,3872,4
0.213,0.219,0.21623809523809526,0.216,0.001411003084764673,0.11,0.111,0.11025,0.11,0.0004330127018922198,0.538,0.554,0.5442000000000001,0.542,0.00524976189936268,0.04,0.041,0.04035000000000001,0.04,0.0004769696007084732,0.185,0.19,0.1869,0.186,0.0016093476939431095,0.11,0.112,0.11075000000000002,0.111,0.0007664854858377953,1.064,1.072,1.06805,1.068,0.0022688102609076857,0.075,0.076,0.07590000000000001,0.076,0.00030000000000000024,0.516,0.527,0.5202,0.5195000000000001,0.003931920650267503,0.056,0.058,0.05725000000000001,0.057,0.0006224949798994372,64,64,8192,24576,152064,True,3840,4
0.211,0.217,0.213,0.213,0.001480025739801911,0.109,0.11,0.10965,0.11,0.00047696960070847314,0.535,0.547,0.53745,0.537,0.0023973944189473726,0.039,0.04,0.039150000000000004,0.039,0.00035707142142714284,0.185,0.189,0.1863,0.186,0.0009539392014169465,0.109,0.111,0.11040000000000003,0.11,0.0005830951894845306,1.055,1.062,1.0582999999999998,1.058,0.0017635192088548551,0.075,0.076,0.07504999999999999,0.075,0.00021794494717703385,0.519,0.527,0.5229999999999999,0.5225,0.002428991560298226,0.056,0.057,0.05645,0.056,0.0004974937185533104,64,64,8192,24576,152064,True,3808,4
0.20700000000000002,0.213,0.20976190476190476,0.21,0.0018232561637215765,0.107,0.11,0.10825,0.108,0.0010897247358851695,0.558,0.5740000000000001,0.565,0.5630000000000001,0.005176871642217918,0.037,0.039,0.037950000000000005,0.038,0.0004974937185533104,0.181,0.187,0.1835,0.183,0.0018574175621006727,0.107,0.111,0.10875000000000001,0.1085,0.0010428326807307112,1.061,1.067,1.06415,1.064,0.0018241436346954673,0.073,0.074,0.07335,0.073,0.00047696960070847325,0.505,0.521,0.51175,0.511,0.005233306793987913,0.055,0.057,0.05625,0.056,0.0005361902647381809,64,64,8192,24576,152064,True,3776,4
0.202,0.212,0.20385714285714285,0.203,0.0026954231805875945,0.106,0.109,0.10715000000000001,0.107,0.0007921489758877436,0.553,0.5710000000000001,0.5569,0.556,0.00504876222454574,0.037,0.038,0.03760000000000001,0.038,0.000489897948556636,0.179,0.185,0.18085,0.18,0.0018781639970992963,0.107,0.11,0.10785,0.108,0.0007921489758877437,1.053,1.059,1.0555499999999998,1.055,0.001627114009527289,0.07200000000000001,0.073,0.07289999999999999,0.073,0.00029999999999999607,0.5,0.519,0.5055000000000001,0.5035000000000001,0.005774945887192369,0.055,0.057,0.055200000000000006,0.055,0.000509901951359279,64,64,8192,24576,152064,True,3744,4
0.189,0.215,0.20300000000000004,0.211,0.011045361017187259,0.10200000000000001,0.111,0.10645,0.109,0.003667083309661777,0.519,0.56,0.5378499999999999,0.5425,0.015291419162393018,0.037,0.039,0.038000000000000006,0.038,0.0008366600265340763,0.171,0.194,0.18305,0.1885,0.009276179170326537,0.10200000000000001,0.112,0.10710000000000001,0.1095,0.0037134889255254254,1.078,1.1,1.08975,1.0925,0.007686839402511298,0.07,0.074,0.07239999999999999,0.073,0.001428285685708565,0.464,0.544,0.5104,0.5295000000000001,0.03318041591059401,0.054,0.056,0.055400000000000005,0.055,0.0005830951894845306,64,64,8192,24576,152064,True,3712,4
0.186,0.20600000000000002,0.199,0.202,0.00681734482597078,0.098,0.10400000000000001,0.10210000000000001,0.10300000000000001,0.001972308292331604,0.517,0.532,0.5269999999999999,0.529,0.0044944410108488505,0.036000000000000004,0.037,0.03690000000000001,0.037,0.0002999999999999982,0.171,0.184,0.18005,0.182,0.004248234927590509,0.097,0.10400000000000001,0.10280000000000003,0.10400000000000001,0.00201494416796099,1.041,1.057,1.0511999999999997,1.0525,0.00423792402008342,0.069,0.07200000000000001,0.0708,0.07100000000000001,0.000748331477354789,0.46,0.524,0.5054500000000001,0.5115000000000001,0.0190249178710448,0.054,0.055,0.05445,0.054,0.0004974937185533104,64,64,8192,24576,152064,True,3680,4
0.186,0.209,0.19828571428571432,0.202,0.008751287563187804,0.097,0.105,0.10160000000000002,0.10300000000000001,0.0030066592756745835,0.517,0.542,0.5287499999999999,0.5315000000000001,0.008484544772702902,0.036000000000000004,0.038,0.03700000000000001,0.037,0.0005477225575051647,0.171,0.188,0.18025,0.1825,0.006211883772254591,0.097,0.105,0.10225000000000002,0.10400000000000001,0.002981191037152768,1.043,1.068,1.0552000000000004,1.057,0.0077433842730424045,0.068,0.07100000000000001,0.07024999999999999,0.07100000000000001,0.0009420721840708394,0.457,0.531,0.50125,0.5125,0.02689586399430217,0.053,0.055,0.05405000000000001,0.054,0.0006689544080129831,64,64,8192,24576,152064,True,3648,4
0.197,0.201,0.1987142857142857,0.199,0.0008806305718527116,0.10200000000000001,0.10300000000000001,0.1026,0.10300000000000001,0.0004898979485566361,0.528,0.532,0.5295500000000001,0.529,0.0009733961166965902,0.036000000000000004,0.037,0.03645000000000001,0.036000000000000004,0.0004974937185533069,0.182,0.185,0.18329999999999996,0.183,0.0007141428428542857,0.10200000000000001,0.10400000000000001,0.10295000000000001,0.10300000000000001,0.00038405728739343076,1.049,1.055,1.0508,1.05,0.0016309506430300105,0.07,0.07100000000000001,0.07025,0.07,0.00043301270189221973,0.51,0.518,0.51265,0.512,0.0026320144376503736,0.053,0.055,0.0536,0.054,0.0005830951894845307,64,64,8192,24576,152064,True,3616,4
0.203,0.20600000000000002,0.20480952380952386,0.20500000000000002,0.0008518354199999206,0.10300000000000001,0.105,0.10390000000000002,0.10400000000000001,0.0006244997998398367,0.539,0.55,0.54455,0.545,0.003057368149242092,0.036000000000000004,0.038,0.03695000000000001,0.037,0.000384057287393429,0.18,0.184,0.18175,0.182,0.0009420721840708396,0.10400000000000001,0.106,0.10430000000000002,0.10400000000000001,0.0005567764362829971,1.05,1.067,1.05985,1.0605,0.004574658457196545,0.07,0.07100000000000001,0.07035000000000001,0.07,0.00047696960070847314,0.47400000000000003,0.482,0.4769500000000001,0.47600000000000003,0.0025391927851189113,0.054,0.055,0.05445000000000001,0.054,0.0004974937185533103,64,64,8192,24576,152064,True,3584,4
0.196,0.2,0.19861904761904764,0.199,0.0009988655696858595,0.10200000000000001,0.10400000000000001,0.10270000000000001,0.10300000000000001,0.0005567764362830026,0.53,0.536,0.5332999999999999,0.533,0.001646207763315434,0.036000000000000004,0.037,0.03605000000000001,0.036000000000000004,0.00021794494717703236,0.17400000000000002,0.177,0.17519999999999997,0.17500000000000002,0.0008124038404635854,0.10200000000000001,0.10300000000000001,0.10275000000000001,0.10300000000000001,0.0004330127018922198,1.0130000000000001,1.0210000000000001,1.0159,1.016,0.0020712315177208135,0.068,0.07,0.06904999999999999,0.069,0.0004974937185533104,0.47000000000000003,0.47300000000000003,0.4711,0.47100000000000003,0.0007681145747868615,0.053,0.055,0.0536,0.054,0.0005830951894845307,64,64,8192,24576,152064,True,3552,4
0.18,0.199,0.19352380952380951,0.195,0.005197243295101814,0.096,0.10200000000000001,0.10075,0.101,0.0015124483462254188,0.497,0.529,0.5163,0.5165,0.007596709814123487,0.034,0.036000000000000004,0.03525000000000001,0.035,0.0005361902647381809,0.161,0.17400000000000002,0.1703,0.171,0.002951270912674744,0.096,0.10300000000000001,0.10090000000000002,0.101,0.0017291616465790595,1.004,1.016,1.0112500000000002,1.0110000000000001,0.0030801785662522897,0.066,0.069,0.06780000000000001,0.068,0.0006782329983125273,0.431,0.482,0.4722500000000001,0.47300000000000003,0.010177794456560814,0.052000000000000005,0.053,0.05250000000000001,0.052500000000000005,0.000499999999999997,64,64,8192,24576,152064,True,3520,4
0.188,0.193,0.19,0.19,0.0014800257398019114,0.099,0.1,0.09985000000000002,0.1,0.00035707142142714284,0.508,0.514,0.5108,0.511,0.0016000000000000016,0.034,0.035,0.03475000000000001,0.035,0.0004330127018922197,0.168,0.17,0.1688,0.169,0.0006782329983125273,0.099,0.101,0.10015,0.1,0.0004769696007084733,1.0030000000000001,1.0090000000000001,1.0051,1.0050000000000001,0.0016999999999999904,0.067,0.068,0.06704999999999998,0.067,0.00021794494717703388,0.466,0.47200000000000003,0.4679500000000001,0.467,0.0017457090250096105,0.051000000000000004,0.052000000000000005,0.05145000000000001,0.051000000000000004,0.0004974937185533104,64,64,8192,24576,152064,True,3488,4
0.193,0.198,0.1948571428571429,0.195,0.0014568627181693683,0.1,0.10200000000000001,0.10130000000000002,0.101,0.0007141428428542856,0.47900000000000004,0.486,0.48150000000000004,0.481,0.0016278820596099678,0.035,0.036000000000000004,0.03530000000000001,0.035,0.0004582575694955844,0.176,0.181,0.17795,0.1775,0.0015321553446044575,0.101,0.10300000000000001,0.10175000000000001,0.10200000000000001,0.0006982120021884477,0.967,0.978,0.97205,0.971,0.0027290108097990404,0.067,0.068,0.06755,0.068,0.0004974937185533104,0.463,0.47600000000000003,0.46880000000000005,0.468,0.004284857057125714,0.051000000000000004,0.053,0.05180000000000001,0.052000000000000005,0.0005999999999999992,64,64,8192,24576,152064,True,3456,4
0.17400000000000002,0.188,0.1815238095238095,0.184,0.005786840964176493,0.091,0.095,0.09355,0.094,0.0016271140095272998,0.492,0.518,0.5045999999999999,0.509,0.009366963221877203,0.033,0.034,0.03355000000000001,0.034,0.0004974937185533104,0.16,0.171,0.1659,0.168,0.003910242959203434,0.091,0.096,0.0941,0.095,0.0017291616465790597,0.9500000000000001,0.967,0.95875,0.9604999999999999,0.005156306817868728,0.063,0.066,0.0649,0.065,0.0008306623862918082,0.426,0.47400000000000003,0.45614999999999994,0.463,0.01906901937698949,0.05,0.052000000000000005,0.05070000000000001,0.051000000000000004,0.0005567764362830027,64,64,8192,24576,152064,True,3424,4
0.186,0.19,0.18876190476190477,0.189,0.0010647942749999007,0.095,0.096,0.09585000000000002,0.096,0.0003570714214271428,0.515,0.528,0.5213,0.52,0.004184495190581539,0.034,0.034,0.03400000000000001,0.034,6.938893903907228e-18,0.17,0.17400000000000002,0.17159999999999997,0.171,0.001280624847486571,0.095,0.097,0.09615000000000001,0.096,0.0004769696007084732,0.9590000000000001,0.971,0.96545,0.965,0.002906458325866714,0.065,0.066,0.06549999999999999,0.0655,0.0005000000000000004,0.47200000000000003,0.484,0.4774000000000001,0.47750000000000004,0.0036523964735499185,0.05,0.051000000000000004,0.05045000000000001,0.05,0.0004974937185533104,64,64,8192,24576,152064,True,3392,4
0.182,0.186,0.18366666666666664,0.183,0.0012472191289246482,0.094,0.095,0.09459999999999999,0.095,0.0004898979485566361,0.513,0.516,0.51435,0.514,0.0007262919523166982,0.033,0.034,0.033150000000000006,0.033,0.00035707142142714284,0.169,0.171,0.1699,0.17,0.0007000000000000008,0.094,0.096,0.0947,0.095,0.0005567764362830027,0.9560000000000001,0.968,0.9598499999999998,0.96,0.002554897258208207,0.064,0.065,0.06439999999999999,0.064,0.000489897948556636,0.46900000000000003,0.47700000000000004,0.4720000000000001,0.47100000000000003,0.002469817807045696,0.049,0.05,0.04940000000000001,0.049,0.0004898979485566361,64,64,8192,24576,152064,True,3360,4
0.183,0.188,0.18609523809523812,0.186,0.001376841170933426,0.095,0.097,0.09580000000000002,0.096,0.0005099019513592789,0.456,0.549,0.4809500000000001,0.4605,0.036617584573535165,0.032,0.034,0.03275000000000001,0.033,0.0006982120021884478,0.161,0.169,0.1642,0.164,0.001939071942966533,0.096,0.098,0.09645000000000001,0.096,0.0005894913061275802,0.961,0.97,0.96395,0.963,0.0024591665254715895,0.064,0.066,0.0654,0.065,0.0005830951894845307,0.442,0.458,0.4509,0.451,0.005300000000000004,0.049,0.05,0.04950000000000001,0.0495,0.0005000000000000004,64,64,8192,24576,152064,True,3328,4
0.18,0.186,0.1827142857142857,0.182,0.001776643629159776,0.094,0.096,0.09485000000000002,0.095,0.0006538348415311016,0.457,0.461,0.45815,0.458,0.001061838029079766,0.031,0.032,0.03185,0.032,0.00035707142142714284,0.161,0.164,0.1627,0.163,0.0007810249675906662,0.094,0.096,0.09515000000000003,0.095,0.0007921489758877436,0.923,0.927,0.92415,0.924,0.0011947803145348531,0.063,0.065,0.0639,0.064,0.0005385164807134509,0.446,0.457,0.45105000000000006,0.4515,0.0033387872049593123,0.048,0.049,0.04840000000000001,0.048,0.0004898979485566361,64,64,8192,24576,152064,True,3296,4
0.179,0.184,0.18166666666666664,0.182,0.0012084359562332886,0.094,0.095,0.09445,0.094,0.0004974937185533104,0.452,0.542,0.46530000000000005,0.457,0.02543639125347777,0.031,0.033,0.031650000000000005,0.032,0.0006538348415311017,0.159,0.164,0.1612,0.161,0.0012884098726725136,0.094,0.095,0.09459999999999999,0.095,0.0004898979485566361,0.916,0.925,0.9217000000000001,0.922,0.0018193405398660267,0.064,0.064,0.06400000000000002,0.064,1.3877787807814457e-17,0.442,0.448,0.44620000000000004,0.446,0.001363818169698587,0.048,0.049,0.04830000000000001,0.048,0.0004582575694955844,64,64,8192,24576,152064,True,3264,4
0.17300000000000001,0.183,0.17795238095238092,0.178,0.0021486693662244685,0.092,0.096,0.09375,0.094,0.0008874119674649432,0.451,0.539,0.4657,0.457,0.02445833191368537,0.031,0.032,0.03125000000000001,0.031,0.0004330127018922198,0.158,0.166,0.1623,0.162,0.002100000000000002,0.093,0.096,0.094,0.094,0.0007745966692414842,0.913,0.9400000000000001,0.9218500000000001,0.92,0.007023353899669309,0.062,0.064,0.0627,0.063,0.0006403124237432854,0.44,0.463,0.44874999999999987,0.446,0.006227961143102939,0.047,0.048,0.04735000000000001,0.047,0.0004769696007084732,64,64,8192,24576,152064,True,3232,4
0.167,0.181,0.17714285714285716,0.178,0.00341266149850836,0.09,0.095,0.09380000000000001,0.094,0.0010770329614269018,0.447,0.459,0.4547,0.455,0.002368543856465404,0.032,0.033,0.03225000000000001,0.032,0.0004330127018922198,0.153,0.164,0.1618,0.162,0.0022494443758404007,0.091,0.095,0.09415,0.094,0.0009096702699330133,0.876,0.894,0.8887499999999999,0.889,0.0036588932752951438,0.062,0.063,0.06275,0.063,0.00043301270189221973,0.446,0.458,0.45035,0.451,0.002688401011754015,0.046,0.048,0.04680000000000001,0.047,0.0005099019513592789,64,64,8192,24576,152064,True,3200,4
0.161,0.181,0.17314285714285713,0.17400000000000002,0.006120112933020527,0.084,0.092,0.08909999999999998,0.089,0.0020952326839756945,0.437,0.461,0.4516000000000001,0.45,0.005927900134111578,0.031,0.033,0.03200000000000001,0.032,0.0006324555320336764,0.15,0.167,0.16109999999999997,0.1605,0.0045155287619502585,0.085,0.092,0.08940000000000001,0.089,0.001772004514666933,0.866,0.906,0.88645,0.882,0.011195869774162266,0.06,0.063,0.06189999999999999,0.062,0.0009433981132056612,0.399,0.467,0.4497000000000001,0.45,0.017254274832632064,0.046,0.047,0.046700000000000005,0.047,0.00045825756949558437,64,64,8192,24576,152064,True,3168,4
0.168,0.179,0.1734285714285714,0.17200000000000001,0.003982956888824083,0.08700000000000001,0.091,0.08895,0.088,0.001359227721906818,0.448,0.461,0.4538500000000001,0.4515,0.004530728418256831,0.031,0.033,0.031700000000000006,0.032,0.0005567764362830027,0.157,0.167,0.1617,0.1605,0.0035227829907617104,0.08700000000000001,0.091,0.0891,0.089,0.0012206555615733702,0.88,0.909,0.88895,0.8845000000000001,0.008851412316687101,0.06,0.062,0.060899999999999996,0.061,0.0008306623862918082,0.435,0.466,0.45059999999999995,0.444,0.011968291440301756,0.045,0.047,0.04605000000000001,0.046,0.0004974937185533104,64,64,8192,24576,152064,True,3136,4
0.171,0.17400000000000002,0.1721904761904762,0.17200000000000001,0.0007939681905015753,0.088,0.089,0.08879999999999999,0.089,0.0004000000000000003,0.45,0.454,0.45165,0.4515,0.0009630680142129119,0.031,0.032,0.031100000000000006,0.031,0.00030000000000000024,0.161,0.164,0.1624,0.162,0.0009695359714832667,0.088,0.09,0.08860000000000001,0.0885,0.0006633249580710806,0.877,0.887,0.8811500000000001,0.881,0.002219797288042313,0.06,0.061,0.06044999999999999,0.06,0.0004974937185533104,0.45,0.46,0.45385,0.454,0.0028857408061016177,0.045,0.046,0.04530000000000001,0.045,0.0004582575694955844,64,64,8192,24576,152064,True,3104,4
0.167,0.18,0.1741904761904762,0.176,0.004283067966051203,0.088,0.092,0.08975000000000002,0.09,0.00137386316640341,0.423,0.438,0.4312,0.432,0.004354308211415452,0.031,0.032,0.031150000000000004,0.031,0.00035707142142714284,0.151,0.164,0.15769999999999998,0.159,0.0039000000000000037,0.08700000000000001,0.092,0.08960000000000001,0.09,0.0014282856857085685,0.865,0.878,0.8727,0.8745,0.004184495190581539,0.059000000000000004,0.062,0.060849999999999994,0.061,0.0007262919523166974,0.387,0.423,0.40759999999999996,0.41150000000000003,0.011542963224406459,0.046,0.047,0.04640000000000001,0.046,0.0004898979485566361,64,64,8192,24576,152064,True,3072,4
0.163,0.17300000000000001,0.1695238095238095,0.17,0.0024807650052630697,0.08600000000000001,0.089,0.08785000000000001,0.088,0.0007921489758877384,0.435,0.448,0.44275000000000003,0.4435,0.003884263121880394,0.03,0.031,0.030350000000000005,0.03,0.0004769696007084733,0.146,0.154,0.15130000000000002,0.1515,0.002123676058159532,0.08600000000000001,0.089,0.08800000000000001,0.088,0.0007745966692414796,0.857,0.866,0.8621999999999999,0.863,0.00271293199325011,0.059000000000000004,0.061,0.05954999999999999,0.0595,0.0005894913061275771,0.4,0.427,0.42005,0.4235,0.006793195124534536,0.044,0.045,0.04445,0.044,0.0004974937185533104,64,64,8192,24576,152064,True,3040,4
0.151,0.17400000000000002,0.16914285714285715,0.17200000000000001,0.007066255924399832,0.082,0.09,0.0882,0.089,0.00213541565040626,0.425,0.457,0.45155,0.454,0.008622499637576109,0.029,0.031,0.030500000000000006,0.031,0.0006708203932499369,0.139,0.157,0.15415,0.156,0.004508602887813471,0.083,0.09,0.08845,0.089,0.001359227721906817,0.855,0.873,0.8706999999999999,0.871,0.003809199390948185,0.057,0.06,0.0595,0.06,0.0007416198487095642,0.367,0.435,0.4286,0.4315,0.014214077528985132,0.043000000000000003,0.045,0.0442,0.044,0.0005099019513592781,64,64,8192,24576,152064,True,3008,4
0.165,0.168,0.16647619047619047,0.166,0.0009060141709733555,0.08700000000000001,0.088,0.08725000000000001,0.08700000000000001,0.0004330127018922137,0.441,0.446,0.44365000000000004,0.444,0.0012359207094308287,0.029,0.03,0.029850000000000005,0.03,0.0003570714214271416,0.151,0.154,0.15215,0.152,0.0008529361054615998,0.08700000000000001,0.088,0.08755,0.088,0.0004974937185533034,0.859,0.871,0.8642999999999998,0.863,0.003648287269390943,0.058,0.059000000000000004,0.05825,0.058,0.00043301270189221973,0.419,0.425,0.42135,0.421,0.0018241436346954716,0.043000000000000003,0.044,0.04335000000000001,0.043000000000000003,0.0004769696007084699,64,64,8192,24576,152064,True,2976,4
0.155,0.186,0.16157142857142856,0.158,0.009544738907708608,0.084,0.095,0.08605000000000002,0.085,0.0035139009661628185,0.431,0.516,0.44400000000000006,0.432,0.028337254630609512,0.028,0.032,0.028850000000000004,0.028,0.001388344337691482,0.158,0.181,0.1624,0.159,0.007870196947980397,0.084,0.095,0.086,0.0845,0.0036878177829171533,0.8260000000000001,0.968,0.8525,0.8295000000000001,0.04883492602635943,0.056,0.063,0.05755000000000001,0.0565,0.00239739441894737,0.379,0.47800000000000004,0.39899999999999997,0.3815,0.035712742823815716,0.042,0.044,0.04335000000000001,0.043000000000000003,0.0006538348415310984,64,64,8192,24576,152064,True,2944,4
0.149,0.164,0.15461904761904763,0.156,0.004980688329521102,0.081,0.08600000000000001,0.083,0.083,0.0017320508075688791,0.424,0.437,0.4304,0.431,0.0044429719783046166,0.027,0.029,0.027950000000000003,0.028,0.0005894913061275802,0.14,0.15,0.14425000000000004,0.145,0.0034910600109422265,0.081,0.08600000000000001,0.08325,0.0835,0.0016393596310755017,0.8190000000000001,0.834,0.82595,0.8270000000000001,0.0047273142480693826,0.054,0.057,0.05550000000000001,0.055,0.0008660254037844395,0.37,0.41600000000000004,0.39039999999999997,0.3935,0.016971741218861445,0.042,0.043000000000000003,0.04240000000000001,0.042,0.000489897948556636,64,64,8192,24576,152064,True,2912,4
0.147,0.164,0.15333333333333335,0.149,0.006334586342215583,0.077,0.083,0.07974999999999999,0.0785,0.0021418449990603912,0.424,0.451,0.4328,0.4265,0.01017644338656685,0.027,0.029,0.027750000000000004,0.0275,0.0008291561975888507,0.14,0.155,0.14545,0.14200000000000002,0.005903177110675228,0.078,0.084,0.08045000000000001,0.0795,0.0022242976419535243,0.8180000000000001,0.847,0.8279,0.8230000000000001,0.009756536270623874,0.053,0.057,0.054900000000000004,0.0545,0.0011789826122551605,0.372,0.431,0.39685,0.3885,0.024170798497360403,0.041,0.043000000000000003,0.04175000000000001,0.042,0.0005361902647381809,64,64,8192,24576,152064,True,2880,4
0.145,0.156,0.15280952380952378,0.154,0.0031565358893669644,0.077,0.081,0.08005,0.08,0.0009733961166965902,0.423,0.434,0.43179999999999996,0.433,0.003043024810940591,0.027,0.028,0.027600000000000003,0.028,0.0004898979485566361,0.14,0.149,0.14679999999999999,0.147,0.0022045407685048544,0.077,0.081,0.08020000000000001,0.08,0.0010295630140987012,0.8180000000000001,0.833,0.8271499999999999,0.8270000000000001,0.0031507935508376223,0.053,0.055,0.054400000000000004,0.0545,0.0006633249580710806,0.37,0.41000000000000003,0.40354999999999996,0.40700000000000003,0.010970300816294885,0.041,0.042,0.04135000000000001,0.041,0.0004769696007084732,64,64,8192,24576,152064,True,2848,4
0.155,0.162,0.1589047619047619,0.16,0.002792929199736227,0.08,0.083,0.08155000000000001,0.082,0.0009205976319760993,0.368,0.377,0.37324999999999997,0.375,0.003014548058996575,0.026000000000000002,0.027,0.026500000000000006,0.026500000000000003,0.0004999999999999987,0.138,0.145,0.1411,0.14200000000000002,0.0022999999999999995,0.081,0.084,0.0821,0.082,0.0008888194417315596,0.774,0.783,0.7786000000000001,0.7785,0.0028178005607210764,0.056,0.058,0.0568,0.057,0.000509901951359279,0.377,0.398,0.39,0.3935,0.007602631123499291,0.04,0.042,0.04110000000000001,0.041,0.0005385164807134509,64,64,8192,24576,152064,True,2816,4
0.147,0.156,0.15295238095238095,0.154,0.0022777639510669348,0.078,0.081,0.0803,0.08,0.0007810249675906662,0.362,0.372,0.3686,0.369,0.002353720459187966,0.026000000000000002,0.026000000000000002,0.026000000000000006,0.026000000000000002,3.469446951953614e-18,0.134,0.14100000000000001,0.13890000000000002,0.139,0.0016401219466856739,0.079,0.082,0.08085,0.081,0.000726291952316698,0.763,0.772,0.7687,0.769,0.0021000000000000016,0.055,0.056,0.05565000000000001,0.056,0.00047696960070847325,0.361,0.388,0.3829,0.384,0.0052239831546435946,0.04,0.041,0.04030000000000001,0.04,0.0004582575694955844,64,64,8192,24576,152064,True,2784,4
0.146,0.153,0.14933333333333332,0.15,0.001860192855678536,0.077,0.08,0.0789,0.079,0.0008306623862918082,0.363,0.37,0.3668,0.3675,0.002158703314492292,0.025,0.026000000000000002,0.025700000000000008,0.026000000000000002,0.00045825756949558437,0.133,0.138,0.13635000000000003,0.137,0.0016815171720800251,0.078,0.08,0.07935,0.0795,0.000726291952316698,0.769,0.777,0.77315,0.7735000000000001,0.002151162476429897,0.054,0.055,0.05455000000000001,0.055,0.0004974937185533104,0.361,0.379,0.37285,0.377,0.0071293407829896936,0.039,0.041,0.039950000000000006,0.04,0.0005894913061275802,64,64,8192,24576,152064,True,2752,4
0.148,0.153,0.14976190476190476,0.15,0.0012688488185213563,0.079,0.08,0.07960000000000002,0.08,0.000489897948556636,0.367,0.372,0.36899999999999994,0.369,0.0010000000000000009,0.025,0.026000000000000002,0.025100000000000004,0.025,0.00030000000000000024,0.138,0.14100000000000001,0.13915000000000002,0.139,0.0008529361054615998,0.079,0.08,0.07955,0.08,0.0004974937185533104,0.775,0.784,0.7804,0.781,0.002374868417407586,0.053,0.054,0.05355000000000001,0.054,0.0004974937185533104,0.382,0.394,0.38465000000000005,0.3835,0.003054095610815093,0.039,0.04,0.03950000000000001,0.0395,0.0005000000000000006,64,64,8192,24576,152064,True,2720,4
0.14100000000000001,0.149,0.14623809523809522,0.147,0.002201833908894639,0.077,0.079,0.0788,0.079,0.0005099019513592789,0.361,0.369,0.36740000000000006,0.368,0.0016552945357246865,0.025,0.025,0.025000000000000005,0.025,3.469446951953614e-18,0.147,0.152,0.1497,0.15,0.0011445523142259606,0.077,0.08,0.07905000000000001,0.079,0.0008046738469715547,0.745,0.755,0.7512000000000001,0.751,0.0023151673805580472,0.051000000000000004,0.053,0.05215000000000001,0.052000000000000005,0.00047696960070847075,0.357,0.38,0.3764,0.377,0.004641120554348921,0.038,0.04,0.03905000000000001,0.039,0.0004974937185533105,64,64,8192,24576,152064,True,2688,4
0.139,0.146,0.14423809523809522,0.145,0.001949475189567489,0.076,0.078,0.07770000000000002,0.078,0.0006403124237432856,0.361,0.368,0.36555,0.366,0.0016271140095272996,0.024,0.025,0.024400000000000005,0.024,0.000489897948556636,0.132,0.138,0.1365,0.137,0.0011618950038622259,0.077,0.079,0.07845,0.0785,0.0005894913061275802,0.739,0.75,0.74655,0.747,0.002355313142662778,0.051000000000000004,0.052000000000000005,0.05130000000000001,0.051000000000000004,0.0004582575694955844,0.354,0.38,0.3757,0.376,0.005273518749374088,0.038,0.039,0.03830000000000001,0.038,0.0004582575694955844,64,64,8192,24576,152064,True,2656,4
0.139,0.14200000000000002,0.13995238095238097,0.14,0.0007853534524986026,0.07200000000000001,0.073,0.07270000000000001,0.073,0.00045825756949557803,0.361,0.371,0.36615000000000003,0.3665,0.003021175268004161,0.024,0.025,0.024050000000000005,0.024,0.00021794494717703388,0.132,0.135,0.1335,0.133,0.000741619848709567,0.07200000000000001,0.074,0.0729,0.073,0.0005385164807134463,0.74,0.75,0.74445,0.745,0.002085065946199306,0.05,0.051000000000000004,0.050050000000000004,0.05,0.00021794494717703388,0.36,0.364,0.36155,0.361,0.0011169153951844349,0.037,0.039,0.03810000000000001,0.038,0.0005385164807134509,64,64,8192,24576,152064,True,2624,4
0.137,0.14100000000000001,0.13900000000000004,0.139,0.0010690449676496985,0.07100000000000001,0.074,0.0727,0.073,0.0007141428428542799,0.361,0.366,0.3635,0.364,0.0013601470508735457,0.023,0.024,0.023950000000000006,0.024,0.00021794494717703385,0.133,0.136,0.13485,0.135,0.0008529361054615998,0.07200000000000001,0.074,0.07319999999999999,0.073,0.0005099019513592774,0.739,0.747,0.74195,0.742,0.002132486811213614,0.049,0.05,0.04930000000000001,0.049,0.0004582575694955844,0.365,0.374,0.36954999999999993,0.369,0.0026547127904916596,0.037,0.038,0.03730000000000001,0.037,0.0004582575694955844,64,64,8192,24576,152064,True,2592,4
0.138,0.148,0.14100000000000001,0.14,0.0029277002188455923,0.07200000000000001,0.076,0.07335,0.073,0.0011079259903080147,0.35100000000000003,0.371,0.35665,0.354,0.006093233952508309,0.025,0.026000000000000002,0.025650000000000006,0.026000000000000002,0.0004769696007084733,0.134,0.14100000000000001,0.137,0.137,0.002097617696340305,0.07200000000000001,0.076,0.07365,0.073,0.001061838029079765,0.7010000000000001,0.724,0.7071999999999998,0.705,0.005870264048575648,0.049,0.051000000000000004,0.04975000000000001,0.05,0.0006224949798994372,0.319,0.40800000000000003,0.33405000000000007,0.325,0.02462615479525783,0.037,0.039,0.037750000000000006,0.038,0.0005361902647381809,64,64,8192,24576,152064,True,2560,4
0.136,0.14,0.1374761904761905,0.137,0.001005652956282995,0.07100000000000001,0.073,0.07225000000000001,0.07200000000000001,0.0005361902647381749,0.35000000000000003,0.354,0.352,0.352,0.0014832396974191098,0.025,0.025,0.025000000000000005,0.025,3.469446951953614e-18,0.124,0.128,0.12589999999999998,0.126,0.001044030650891056,0.07200000000000001,0.074,0.07285000000000001,0.073,0.0006538348415310962,0.6980000000000001,0.7030000000000001,0.69985,0.7000000000000001,0.0013518505834595785,0.048,0.05,0.04910000000000001,0.049,0.00043588989435406776,0.338,0.34900000000000003,0.34230000000000005,0.343,0.0031796226191169318,0.036000000000000004,0.037,0.03625000000000001,0.036000000000000004,0.00043301270189221675,64,64,8192,24576,152064,True,2528,4
0.127,0.138,0.12942857142857142,0.128,0.0034992710611188287,0.068,0.073,0.06945,0.069,0.001430908802125418,0.342,0.353,0.34500000000000003,0.3435,0.0038209946349085414,0.024,0.025,0.024500000000000004,0.0245,0.0005000000000000004,0.11900000000000001,0.126,0.12104999999999999,0.12,0.002519424537468823,0.069,0.073,0.06999999999999999,0.069,0.001549193338482964,0.6910000000000001,0.7020000000000001,0.6941999999999999,0.6920000000000001,0.0038418745424597125,0.048,0.049,0.04810000000000001,0.048,0.0003000000000000003,0.312,0.343,0.3207,0.314,0.012677144788949926,0.035,0.037,0.03595000000000001,0.036000000000000004,0.00038405728739342984,64,64,8192,24576,152064,True,2496,4
0.124,0.133,0.12785714285714286,0.126,0.0035494562197303315,0.067,0.07100000000000001,0.06880000000000001,0.068,0.0011224972160321833,0.338,0.35000000000000003,0.34335000000000004,0.341,0.004396305266925858,0.024,0.025,0.024100000000000003,0.024,0.00030000000000000024,0.11800000000000001,0.125,0.12090000000000004,0.11900000000000001,0.002662705391138865,0.068,0.07200000000000001,0.06955,0.069,0.0012835497652993447,0.683,0.6950000000000001,0.6882500000000001,0.686,0.004264680527307999,0.047,0.048,0.04740000000000001,0.047,0.0004898979485566361,0.305,0.337,0.3179,0.308,0.013608453255238096,0.035,0.036000000000000004,0.03520000000000001,0.035,0.0004000000000000003,64,64,8192,24576,152064,True,2464,4
0.13,0.138,0.13242857142857142,0.132,0.0019166296949998214,0.07,0.073,0.07075000000000001,0.07100000000000001,0.0008874119674649396,0.327,0.338,0.3305,0.329,0.002906888370749729,0.024,0.025,0.024400000000000005,0.024,0.000489897948556636,0.135,0.14100000000000001,0.13665000000000002,0.136,0.0014585952145814835,0.07100000000000001,0.074,0.07155,0.07100000000000001,0.0008046738469715514,0.6940000000000001,0.712,0.6970000000000003,0.6955,0.00482700735445884,0.047,0.049,0.047450000000000006,0.047,0.0005894913061275804,0.32,0.34,0.32455,0.323,0.005277073052365302,0.035,0.036000000000000004,0.03540000000000001,0.035,0.000489897948556636,64,64,8192,24576,152064,True,2432,4
0.122,0.131,0.12657142857142858,0.126,0.003094871773194654,0.067,0.07100000000000001,0.06835000000000001,0.068,0.0013143439428094927,0.341,0.35100000000000003,0.3448,0.34450000000000003,0.0036138621999185334,0.023,0.024,0.023550000000000005,0.024,0.0004974937185533105,0.11900000000000001,0.126,0.12234999999999999,0.123,0.002725344014982327,0.068,0.07200000000000001,0.06949999999999999,0.0695,0.0013964240043768954,0.684,0.6950000000000001,0.6886500000000002,0.6890000000000001,0.003990927210561479,0.046,0.048,0.04665000000000001,0.047,0.0005722761571129803,0.312,0.34600000000000003,0.32720000000000005,0.329,0.012843675486401869,0.034,0.035,0.03430000000000001,0.034,0.0004582575694955844,64,64,8192,24576,152064,True,2400,4
0.12,0.123,0.12119047619047618,0.121,0.0006632565846278158,0.062,0.064,0.06294999999999999,0.063,0.00038405728739343076,0.339,0.342,0.3400500000000001,0.34,0.0009733961166965902,0.023,0.023,0.023000000000000003,0.023,3.469446951953614e-18,0.11800000000000001,0.12,0.11850000000000001,0.11800000000000001,0.0007416198487095628,0.064,0.065,0.0641,0.064,0.00030000000000000024,0.683,0.687,0.68485,0.685,0.0011521718621802922,0.045,0.046,0.045250000000000005,0.045,0.00043301270189221973,0.311,0.315,0.31195000000000006,0.312,0.001160818676624391,0.033,0.035,0.03370000000000001,0.034,0.0005567764362830027,64,64,8192,24576,152064,True,2368,4
0.11800000000000001,0.129,0.12266666666666669,0.12,0.004268749491621898,0.062,0.066,0.0636,0.063,0.0016248076809271936,0.339,0.356,0.34550000000000003,0.3405,0.006881133627535489,0.022,0.024,0.022950000000000005,0.023,0.00038405728739343076,0.11900000000000001,0.128,0.12249999999999997,0.12,0.003905124837953326,0.063,0.068,0.06525,0.064,0.0016992645467966444,0.679,0.6960000000000001,0.6868000000000001,0.682,0.006454455825241976,0.044,0.046,0.044800000000000006,0.045,0.0006000000000000006,0.312,0.354,0.33120000000000005,0.315,0.01945404842185811,0.033,0.034,0.033400000000000006,0.033,0.000489897948556636,64,64,8192,24576,152064,True,2336,4
0.123,0.126,0.12452380952380951,0.125,0.0011799534946060836,0.063,0.065,0.0643,0.064,0.0005567764362830027,0.34,0.34700000000000003,0.3435500000000001,0.34400000000000003,0.0020609463845524967,0.022,0.023,0.022500000000000003,0.0225,0.0005000000000000004,0.123,0.127,0.12515,0.125,0.0010136567466356653,0.065,0.068,0.06640000000000001,0.066,0.0008000000000000007,0.665,0.671,0.6674499999999999,0.667,0.0018567444627627157,0.044,0.045,0.04445,0.044,0.0004974937185533104,0.304,0.315,0.3102,0.312,0.003919183588453089,0.033,0.034,0.03320000000000001,0.033,0.0004000000000000003,64,64,8192,24576,152064,True,2304,4
0.116,0.124,0.12057142857142858,0.122,0.002610809554642434,0.062,0.064,0.0632,0.063,0.000748331477354789,0.332,0.342,0.3389000000000001,0.3405,0.003433656942677882,0.021,0.022,0.021900000000000003,0.022,0.00029999999999999927,0.11,0.115,0.11350000000000002,0.114,0.0017748239349298864,0.063,0.066,0.06495000000000001,0.065,0.0008046738469715546,0.637,0.647,0.6426000000000001,0.643,0.002310844001658271,0.043000000000000003,0.044,0.04365000000000001,0.044,0.00047696960070846994,0.28700000000000003,0.309,0.3025,0.305,0.007794228634059934,0.032,0.033,0.03230000000000001,0.032,0.0004582575694955844,64,64,8192,24576,152064,True,2272,4
0.114,0.122,0.11557142857142859,0.115,0.0015907898179514336,0.061,0.064,0.06135,0.061,0.0007262919523166982,0.33,0.343,0.333,0.3325,0.002489979919597749,0.021,0.022,0.021150000000000002,0.021,0.0003570714214271416,0.109,0.115,0.10975000000000001,0.1095,0.0012990381056766592,0.062,0.065,0.06309999999999999,0.063,0.0005385164807134509,0.634,0.644,0.6384,0.638,0.002353720459187966,0.042,0.044,0.042800000000000005,0.043000000000000003,0.0005999999999999992,0.28500000000000003,0.313,0.28990000000000005,0.28700000000000003,0.007628237017817411,0.032,0.033,0.032150000000000005,0.032,0.00035707142142714284,64,64,8192,24576,152064,True,2240,4
0.111,0.11800000000000001,0.11314285714285711,0.112,0.0024159335036125396,0.059000000000000004,0.062,0.060250000000000005,0.06,0.0010428326807307095,0.327,0.339,0.3303,0.328,0.004050925820105822,0.02,0.022,0.021000000000000005,0.021,0.00031622776601683767,0.107,0.114,0.10945,0.109,0.0022017038856304016,0.061,0.065,0.06255,0.062,0.0011169153951844347,0.629,0.64,0.63325,0.6325000000000001,0.002947456530637902,0.042,0.043000000000000003,0.04240000000000001,0.042,0.000489897948556636,0.279,0.305,0.28615,0.281,0.009556542261717869,0.031,0.032,0.03125000000000001,0.031,0.0004330127018922198,64,64,8192,24576,152064,True,2208,4
0.11800000000000001,0.122,0.1192857142857143,0.11900000000000001,0.0010301575072754207,0.062,0.063,0.06255,0.063,0.0004974937185533104,0.313,0.318,0.3149,0.315,0.0014798648586948754,0.021,0.022,0.021150000000000002,0.021,0.0003570714214271416,0.124,0.128,0.12574999999999997,0.126,0.0011346805717910226,0.064,0.065,0.06455,0.065,0.0004974937185533104,0.617,0.623,0.6194,0.619,0.001714642819948226,0.042,0.043000000000000003,0.04230000000000001,0.042,0.0004582575694955844,0.309,0.319,0.31375,0.313,0.0029979159427842563,0.031,0.032,0.03125000000000001,0.031,0.0004330127018922198,64,64,8192,24576,152064,True,2176,4
0.114,0.117,0.11552380952380956,0.116,0.0009060141709733555,0.061,0.062,0.06119999999999999,0.061,0.00040000000000000034,0.337,0.343,0.34019999999999995,0.341,0.0017204650534085267,0.02,0.021,0.020700000000000003,0.021,0.0004582575694955844,0.112,0.115,0.11380000000000004,0.114,0.0008124038404635967,0.063,0.064,0.06355000000000001,0.064,0.0004974937185533104,0.61,0.618,0.6143500000000001,0.614,0.001981792118260643,0.041,0.042,0.04125000000000001,0.041,0.0004330127018922198,0.303,0.311,0.30675,0.3065,0.0022332711434127316,0.03,0.032,0.030700000000000005,0.031,0.0007141428428542857,64,64,8192,24576,152064,True,2144,4
0.11,0.113,0.11080952380952383,0.111,0.0007939681905015754,0.055,0.057,0.05620000000000001,0.056,0.0005099019513592789,0.33,0.332,0.33105,0.331,0.0007399324293474377,0.02,0.02,0.020000000000000004,0.02,3.469446951953614e-18,0.109,0.111,0.11019999999999999,0.11,0.000509901951359279,0.058,0.059000000000000004,0.05835,0.058,0.0004769696007084733,0.607,0.613,0.6098999999999999,0.61,0.0016401219466856739,0.039,0.04,0.03975000000000001,0.04,0.0004330127018922197,0.291,0.296,0.29345,0.293,0.0012835497652993449,0.03,0.031,0.030550000000000004,0.031,0.0004974937185533105,64,64,8192,24576,152064,True,2112,4
0.109,0.111,0.11038095238095239,0.11,0.000575383141599742,0.055,0.056,0.05535000000000001,0.055,0.0004769696007084732,0.334,0.337,0.33580000000000004,0.336,0.0008124038404635968,0.019,0.02,0.019900000000000004,0.02,0.0003000000000000003,0.112,0.113,0.11265,0.113,0.00047696960070847314,0.058,0.059000000000000004,0.058300000000000005,0.058,0.0004582575694955844,0.607,0.612,0.6096999999999999,0.609,0.0015842979517754876,0.039,0.04,0.03910000000000001,0.039,0.0003000000000000003,0.299,0.304,0.30084999999999995,0.3005,0.0016815171720800251,0.029,0.031,0.029900000000000003,0.03,0.0006244997998398391,64,64,8192,24576,152064,True,2080,4
0.109,0.113,0.11066666666666668,0.111,0.0012848321488792432,0.054,0.057,0.05550000000000001,0.0555,0.0006708203932499376,0.272,0.278,0.275,0.2755,0.0014491376746189454,0.018000000000000002,0.018000000000000002,0.018000000000000006,0.018000000000000002,3.469446951953614e-18,0.111,0.114,0.1123,0.112,0.0009539392014169465,0.058,0.059000000000000004,0.058450000000000016,0.058,0.0004974937185533104,0.5720000000000001,0.578,0.5749,0.5750000000000001,0.0016093476939430843,0.04,0.041,0.04035000000000001,0.04,0.0004769696007084732,0.25,0.259,0.25479999999999997,0.256,0.0032496153618543867,0.03,0.031,0.030250000000000006,0.03,0.00043301270189221973,64,64,8192,24576,152064,True,2048,4
0.105,0.114,0.10985714285714288,0.112,0.003151503258623679,0.053,0.057,0.0553,0.056,0.0011000000000000012,0.267,0.279,0.2742,0.277,0.004411349000022559,0.018000000000000002,0.018000000000000002,0.018000000000000006,0.018000000000000002,3.469446951953614e-18,0.108,0.115,0.11240000000000003,0.1135,0.002222611077089289,0.057,0.06,0.05825,0.059000000000000004,0.0010897247358851682,0.5640000000000001,0.579,0.5702,0.5710000000000001,0.003682390527904384,0.04,0.041,0.04055000000000001,0.041,0.0004974937185533104,0.24,0.266,0.25575000000000003,0.262,0.009637816142674656,0.03,0.031,0.030350000000000005,0.03,0.00047696960070847325,64,64,8192,24576,152064,True,2048,4
0.10400000000000001,0.106,0.10528571428571427,0.105,0.0006281383789653749,0.053,0.054,0.05355000000000001,0.054,0.0004974937185533104,0.292,0.295,0.29345,0.293,0.0008645808232895299,0.019,0.02,0.019050000000000004,0.019,0.00021794494717703388,0.10400000000000001,0.107,0.10555,0.105,0.0008046738469715535,0.056,0.057,0.05675,0.057,0.0004330127018922198,0.559,0.5630000000000001,0.5606000000000001,0.56,0.0009695359714832667,0.038,0.04,0.038700000000000005,0.039,0.0005567764362830027,0.242,0.245,0.24305000000000004,0.243,0.00086458082328953,0.029,0.031,0.030100000000000005,0.03,0.0004358898943540673,64,64,8192,24576,152064,True,2032,4
0.10300000000000001,0.108,0.10361904761904762,0.10300000000000001,0.0010900498230723408,0.053,0.055,0.053149999999999996,0.053,0.00047696960070847325,0.29,0.303,0.29185000000000005,0.291,0.002706935536727835,0.018000000000000002,0.02,0.018950000000000005,0.019,0.0003840572873934299,0.098,0.10300000000000001,0.0989,0.099,0.0011789826122551607,0.056,0.059000000000000004,0.05665,0.0565,0.0007921489758877437,0.555,0.5650000000000001,0.5584,0.558,0.0022891046284519213,0.038,0.039,0.03830000000000001,0.038,0.0004582575694955844,0.256,0.278,0.25915,0.257,0.006318821092577322,0.028,0.029,0.028250000000000004,0.028,0.00043301270189221973,64,64,8192,24576,152064,True,2016,4
0.1,0.10300000000000001,0.1013809523809524,0.101,0.0006529194857524808,0.052000000000000005,0.053,0.052400000000000016,0.052000000000000005,0.0004898979485566326,0.28800000000000003,0.29,0.28879999999999995,0.289,0.0006782329983125045,0.018000000000000002,0.019,0.018800000000000004,0.019,0.00039999999999999893,0.097,0.098,0.0973,0.097,0.0004582575694955844,0.055,0.057,0.056100000000000004,0.056,0.0005385164807134509,0.554,0.558,0.5557000000000002,0.5555000000000001,0.001100000000000001,0.038,0.039,0.03810000000000001,0.038,0.0003000000000000003,0.251,0.253,0.2518,0.252,0.0007483314773547889,0.028,0.029,0.028250000000000004,0.028,0.00043301270189221973,64,64,8192,24576,152064,True,2000,4
0.101,0.10200000000000001,0.10157142857142858,0.10200000000000001,0.0004948716593053939,0.052000000000000005,0.053,0.05235000000000001,0.052000000000000005,0.00047696960070846994,0.29,0.293,0.29124999999999995,0.291,0.0008874119674649432,0.018000000000000002,0.019,0.018650000000000007,0.019,0.0004769696007084716,0.098,0.1,0.09880000000000003,0.099,0.0007483314773547889,0.056,0.057,0.05635,0.056,0.0004769696007084733,0.555,0.559,0.5568000000000002,0.557,0.0009273618495495712,0.037,0.038,0.0379,0.038,0.0003000000000000003,0.256,0.259,0.2576,0.257,0.0009165151389911689,0.028,0.029,0.02815,0.028,0.0003570714214271428,64,64,8192,24576,152064,True,1984,4
0.105,0.108,0.10580952380952381,0.106,0.0008518354199999206,0.053,0.055,0.053700000000000005,0.054,0.0005567764362830027,0.297,0.299,0.29819999999999997,0.298,0.0008124038404635967,0.019,0.019,0.019000000000000003,0.019,3.469446951953614e-18,0.101,0.10300000000000001,0.10190000000000002,0.10200000000000001,0.000538516480713451,0.057,0.058,0.05770000000000001,0.058,0.00045825756949558437,0.56,0.5660000000000001,0.5625500000000001,0.5625,0.0013592277219068197,0.037,0.038,0.03780000000000001,0.038,0.00040000000000000034,0.272,0.275,0.27325,0.273,0.0009420721840708395,0.028,0.029,0.028200000000000003,0.028,0.00040000000000000034,64,64,8192,24576,152064,True,1968,4
0.1,0.10200000000000001,0.10066666666666668,0.1,0.0007766431633476241,0.052000000000000005,0.053,0.052100000000000014,0.052000000000000005,0.0002999999999999982,0.289,0.292,0.2911,0.291,0.0007681145747868614,0.018000000000000002,0.018000000000000002,0.018000000000000006,0.018000000000000002,3.469446951953614e-18,0.098,0.1,0.09890000000000002,0.099,0.0006244997998398404,0.055,0.057,0.05615000000000001,0.056,0.0004769696007084733,0.553,0.557,0.5552,0.555,0.0011224972160321835,0.037,0.038,0.037250000000000005,0.037,0.0004330127018922198,0.256,0.26,0.258,0.258,0.0010954451150103333,0.027,0.028,0.0274,0.027,0.0004898979485566361,64,64,8192,24576,152064,True,1952,4
0.10400000000000001,0.107,0.10523809523809524,0.105,0.0008676603408708816,0.053,0.054,0.0533,0.053,0.0004582575694955844,0.3,0.304,0.30165000000000003,0.301,0.001061838029079766,0.018000000000000002,0.019,0.01895,0.019,0.0002179449471770331,0.10300000000000001,0.10400000000000001,0.1034,0.10300000000000001,0.0004898979485566361,0.057,0.059000000000000004,0.05770000000000001,0.058,0.0005567764362830027,0.561,0.5650000000000001,0.5629000000000002,0.5630000000000001,0.0009433981132056611,0.037,0.038,0.03735000000000001,0.037,0.0004769696007084732,0.276,0.281,0.2785000000000001,0.278,0.0015000000000000011,0.027,0.028,0.0273,0.027,0.0004582575694955844,64,64,8192,24576,152064,True,1936,4
0.099,0.107,0.10323809523809524,0.10200000000000001,0.00311531947310402,0.051000000000000004,0.054,0.052600000000000015,0.052500000000000005,0.001199999999999998,0.263,0.274,0.26805,0.2675,0.0046203354856546985,0.019,0.02,0.019050000000000004,0.019,0.00021794494717703388,0.112,0.117,0.11410000000000002,0.114,0.0014456832294800974,0.055,0.058,0.056950000000000014,0.0575,0.0011169153951844347,0.52,0.533,0.52685,0.527,0.004798697740012393,0.037,0.039,0.037700000000000004,0.038,0.0005567764362830027,0.233,0.259,0.24719999999999995,0.253,0.011120251795710379,0.027,0.028,0.027200000000000002,0.027,0.00040000000000000034,64,64,8192,24576,152064,True,1920,4
0.099,0.101,0.09971428571428573,0.1,0.0006281383789653776,0.051000000000000004,0.052000000000000005,0.05145000000000001,0.051000000000000004,0.0004974937185533104,0.262,0.266,0.26405,0.264,0.0011169153951844349,0.018000000000000002,0.019,0.018700000000000005,0.019,0.0004582575694955828,0.09,0.091,0.0903,0.09,0.0004582575694955844,0.056,0.057,0.05620000000000001,0.056,0.00040000000000000034,0.521,0.527,0.5239999999999999,0.524,0.0014142135623730963,0.037,0.038,0.03715,0.037,0.00035707142142714284,0.23500000000000001,0.23800000000000002,0.23620000000000002,0.23600000000000002,0.0011661903789690613,0.027,0.028,0.02705,0.027,0.0002179449471770339,64,64,8192,24576,152064,True,1904,4
0.096,0.101,0.0971904761904762,0.096,0.0019424836242258245,0.049,0.052000000000000005,0.050550000000000005,0.05,0.0008645808232895299,0.259,0.268,0.26260000000000006,0.261,0.00312089730686545,0.018000000000000002,0.019,0.018450000000000005,0.018000000000000002,0.0004974937185533087,0.088,0.095,0.09054999999999999,0.09,0.0019358460682605955,0.055,0.058,0.0558,0.055,0.0009797958971132722,0.516,0.529,0.52075,0.519,0.003973348713616769,0.037,0.038,0.03710000000000001,0.037,0.0003000000000000003,0.228,0.25,0.23584999999999998,0.231,0.008131881701057874,0.026000000000000002,0.028,0.02695000000000001,0.027,0.0004974937185533094,64,64,8192,24576,152064,True,1888,4
0.096,0.10200000000000001,0.09928571428571428,0.101,0.0026928981934473727,0.048,0.052000000000000005,0.05030000000000001,0.0505,0.0012688577540449534,0.259,0.271,0.2659000000000001,0.2685,0.004323193264243462,0.018000000000000002,0.019,0.018200000000000004,0.018000000000000002,0.00039999999999999893,0.088,0.095,0.09230000000000001,0.094,0.0027404379212089464,0.054,0.058,0.05625,0.0565,0.0010897247358851692,0.518,0.531,0.5258,0.529,0.0048228622207150025,0.037,0.037,0.037000000000000005,0.037,6.938893903907228e-18,0.229,0.254,0.24355000000000002,0.25,0.010002374718035709,0.026000000000000002,0.027,0.026400000000000007,0.026000000000000002,0.0004898979485566343,64,64,8192,24576,152064,True,1872,4
0.095,0.099,0.0964761904761905,0.096,0.0008518354199999207,0.048,0.049,0.04855000000000001,0.049,0.0004974937185533104,0.259,0.264,0.26175000000000004,0.262,0.0012599603168354165,0.018000000000000002,0.018000000000000002,0.018000000000000006,0.018000000000000002,3.469446951953614e-18,0.089,0.091,0.09,0.09,0.0007071067811865482,0.054,0.056,0.054849999999999996,0.055,0.0004769696007084732,0.516,0.524,0.51845,0.518,0.0018834808201837379,0.036000000000000004,0.037,0.03610000000000001,0.036000000000000004,0.0002999999999999982,0.229,0.244,0.23315000000000002,0.233,0.002868361901852691,0.026000000000000002,0.027,0.026250000000000006,0.026000000000000002,0.0004330127018922182,64,64,8192,24576,152064,True,1856,4
0.094,0.099,0.09766666666666668,0.098,0.001425393290199598,0.045,0.048,0.04700000000000001,0.047,0.0006324555320336764,0.259,0.268,0.26539999999999997,0.266,0.0020346989949375826,0.018000000000000002,0.019,0.018100000000000005,0.018000000000000002,0.0002999999999999992,0.088,0.093,0.092,0.092,0.001264911064067353,0.051000000000000004,0.052000000000000005,0.05180000000000001,0.052000000000000005,0.00040000000000000034,0.518,0.526,0.5233000000000001,0.524,0.0020024984394500806,0.035,0.036000000000000004,0.03525000000000001,0.035,0.00043301270189221973,0.23,0.247,0.2433,0.244,0.004473253849269005,0.026000000000000002,0.027,0.026200000000000008,0.026000000000000002,0.00039999999999999893,64,64,8192,24576,152064,True,1840,4
0.093,0.099,0.0970952380952381,0.098,0.001770250504327726,0.045,0.048,0.04690000000000001,0.047,0.0007000000000000006,0.257,0.267,0.2648499999999999,0.2655,0.0022643983748448526,0.017,0.019,0.018000000000000006,0.018000000000000002,0.00031622776601683767,0.088,0.094,0.09285000000000002,0.093,0.001525614630239237,0.05,0.053,0.05185000000000001,0.052000000000000005,0.0005722761571129797,0.514,0.524,0.52095,0.521,0.0024181604578687515,0.035,0.036000000000000004,0.03505000000000001,0.035,0.00021794494717703385,0.23,0.249,0.24555,0.246,0.00420089276225899,0.026000000000000002,0.027,0.026150000000000007,0.026000000000000002,0.0003570714214271416,64,64,8192,24576,152064,True,1824,4
0.094,0.096,0.09471428571428572,0.095,0.0005471012044321936,0.045,0.047,0.046000000000000006,0.046,0.0006324555320336764,0.261,0.264,0.26255000000000006,0.263,0.0008046738469715548,0.017,0.018000000000000002,0.017950000000000004,0.018000000000000002,0.00021794494717703385,0.09,0.091,0.09054999999999999,0.091,0.0004974937185533104,0.05,0.052000000000000005,0.05110000000000001,0.051000000000000004,0.00043588989435406776,0.517,0.523,0.5196500000000001,0.5195000000000001,0.0015898113095584659,0.034,0.035,0.03480000000000001,0.035,0.00040000000000000034,0.23600000000000002,0.24,0.23759999999999998,0.23700000000000002,0.0009695359714832632,0.025,0.027,0.025600000000000005,0.025500000000000002,0.0006633249580710798,64,64,8192,24576,152064,True,1808,4
0.091,0.095,0.09271428571428572,0.092,0.001118794297568642,0.045,0.046,0.045200000000000004,0.045,0.00040000000000000034,0.25,0.256,0.25260000000000005,0.252,0.0018000000000000015,0.017,0.018000000000000002,0.017300000000000003,0.017,0.00045825756949558437,0.08700000000000001,0.091,0.08805,0.088,0.0013219304066402248,0.05,0.052000000000000005,0.05060000000000001,0.05,0.0008000000000000007,0.484,0.492,0.4870000000000001,0.486,0.002280350850198278,0.034,0.035,0.03420000000000001,0.034,0.0004000000000000003,0.255,0.264,0.261,0.261,0.0023664319132398483,0.025,0.026000000000000002,0.025100000000000004,0.025,0.00030000000000000024,64,64,8192,24576,152064,True,1792,4
0.091,0.094,0.09285714285714286,0.093,0.0010367400503370125,0.044,0.046,0.04515000000000001,0.045,0.0006538348415311016,0.25,0.255,0.2533,0.254,0.0015198684153570675,0.016,0.018000000000000002,0.017150000000000006,0.017,0.0004769696007084733,0.08600000000000001,0.089,0.08779999999999999,0.088,0.0009797958971132666,0.05,0.052000000000000005,0.05080000000000001,0.051000000000000004,0.000509901951359279,0.486,0.492,0.48919999999999997,0.49,0.002063976744055031,0.034,0.035,0.034100000000000005,0.034,0.00030000000000000024,0.218,0.228,0.22444999999999998,0.226,0.003398161267509242,0.025,0.026000000000000002,0.025150000000000006,0.025,0.00035707142142714284,64,64,8192,24576,152064,True,1776,4
0.09,0.093,0.09114285714285712,0.091,0.0008329931278350437,0.044,0.046,0.04460000000000001,0.045,0.0005830951894845306,0.25,0.256,0.25215,0.252,0.0014585952145814835,0.017,0.018000000000000002,0.017100000000000004,0.017,0.00030000000000000024,0.08600000000000001,0.093,0.0882,0.088,0.001326649916142158,0.05,0.052000000000000005,0.050350000000000006,0.05,0.0005722761571129803,0.484,0.491,0.48729999999999996,0.4875,0.0017058722109231997,0.033,0.035,0.03395000000000001,0.034,0.00038405728739343076,0.219,0.23700000000000002,0.22400000000000003,0.224,0.003714835124201345,0.025,0.026000000000000002,0.025050000000000006,0.025,0.00021794494717703388,64,64,8192,24576,152064,True,1760,4
0.089,0.093,0.09038095238095238,0.09,0.0008984743935292011,0.043000000000000003,0.045,0.04390000000000001,0.044,0.0004358898943540656,0.25,0.256,0.25165000000000004,0.251,0.0013518505834595788,0.016,0.017,0.016950000000000003,0.017,0.00021794494717703385,0.08600000000000001,0.09,0.08670000000000003,0.08600000000000001,0.0011445523142259559,0.049,0.052000000000000005,0.04985000000000001,0.05,0.000726291952316698,0.484,0.488,0.48525,0.485,0.0012990381056766592,0.033,0.034,0.033600000000000005,0.034,0.0004898979485566361,0.217,0.23,0.21929999999999997,0.2185,0.0027404379212089464,0.024,0.025,0.024200000000000006,0.024,0.0004000000000000003,64,64,8192,24576,152064,True,1744,4
0.088,0.089,0.08876190476190475,0.089,0.00042591770999996035,0.043000000000000003,0.044,0.0432,0.043000000000000003,0.00039999999999999763,0.25,0.251,0.25045,0.25,0.0004974937185533104,0.016,0.017,0.016800000000000002,0.017,0.0004000000000000004,0.08600000000000001,0.088,0.08680000000000002,0.08700000000000001,0.0005999999999999978,0.049,0.05,0.04950000000000001,0.0495,0.0005000000000000006,0.481,0.485,0.48290000000000005,0.483,0.001044030650891056,0.033,0.034,0.03325000000000001,0.033,0.00043301270189221973,0.218,0.22,0.21865,0.2185,0.0007262919523166982,0.024,0.025,0.024100000000000003,0.024,0.00030000000000000024,64,64,8192,24576,152064,True,1728,4
0.088,0.09,0.08833333333333335,0.088,0.0005634361698190116,0.042,0.043000000000000003,0.04285000000000001,0.043000000000000003,0.00035707142142714284,0.249,0.251,0.25010000000000004,0.25,0.0005385164807134509,0.016,0.017,0.016850000000000004,0.017,0.00035707142142714284,0.08600000000000001,0.08700000000000001,0.08650000000000002,0.08650000000000001,0.0005000000000000004,0.049,0.05,0.04925000000000001,0.049,0.0004330127018922198,0.483,0.487,0.4848,0.485,0.0009797958971132722,0.033,0.034,0.033150000000000006,0.033,0.0003570714214271428,0.218,0.221,0.21985000000000002,0.22,0.0007921489758877438,0.024,0.025,0.024150000000000005,0.024,0.00035707142142714284,64,64,8192,24576,152064,True,1712,4
0.08700000000000001,0.089,0.08785714285714286,0.088,0.000466569474815839,0.042,0.043000000000000003,0.04255000000000001,0.043000000000000003,0.0004974937185533104,0.249,0.253,0.2501,0.25,0.0009433981132056611,0.016,0.017,0.016450000000000003,0.016,0.0004974937185533104,0.08600000000000001,0.088,0.08695,0.08700000000000001,0.0008046738469715493,0.049,0.05,0.04930000000000001,0.049,0.0004582575694955844,0.482,0.485,0.48285,0.483,0.0008529361054615998,0.032,0.033,0.032900000000000006,0.033,0.0003000000000000003,0.218,0.222,0.22010000000000002,0.22,0.0008888194417315598,0.023,0.024,0.023900000000000005,0.024,0.0003000000000000003,64,64,8192,24576,152064,True,1696,4
0.08600000000000001,0.089,0.08714285714285716,0.08700000000000001,0.0008329931278350381,0.042,0.043000000000000003,0.04220000000000001,0.042,0.0004000000000000003,0.249,0.253,0.25070000000000003,0.251,0.0010535653752852749,0.016,0.017,0.016300000000000002,0.016,0.0004582575694955844,0.085,0.088,0.0867,0.08700000000000001,0.0007810249675906626,0.048,0.05,0.04915000000000001,0.049,0.0005722761571129803,0.48,0.485,0.483,0.483,0.001341640786499875,0.032,0.033,0.03250000000000001,0.0325,0.0005000000000000006,0.217,0.224,0.22110000000000002,0.221,0.002046948949045874,0.023,0.024,0.023250000000000003,0.023,0.00043301270189221973,64,64,8192,24576,152064,True,1680,4
0.085,0.088,0.08619047619047622,0.08600000000000001,0.0006632565846278139,0.041,0.042,0.04155000000000001,0.042,0.0004974937185533104,0.243,0.253,0.24944999999999995,0.25,0.0023973944189473726,0.016,0.017,0.016500000000000004,0.0165,0.0005000000000000003,0.097,0.1,0.09845000000000001,0.098,0.0010712142642814286,0.048,0.049,0.04810000000000001,0.048,0.0003000000000000003,0.47400000000000003,0.48,0.47680000000000006,0.47700000000000004,0.0015362291495737172,0.032,0.032,0.03200000000000001,0.032,6.938893903907228e-18,0.203,0.20700000000000002,0.20425000000000004,0.20400000000000001,0.001219631091765048,0.023,0.024,0.023100000000000002,0.023,0.0003000000000000003,64,64,8192,24576,152064,True,1664,4
0.085,0.09,0.08704761904761904,0.08700000000000001,0.0017855555485002499,0.04,0.043000000000000003,0.04170000000000001,0.042,0.0008426149773176366,0.247,0.261,0.25285,0.252,0.004661276649159545,0.015,0.017,0.016100000000000003,0.016,0.00043588989435406776,0.078,0.083,0.08015,0.08,0.0016209565077447343,0.048,0.051000000000000004,0.04915000000000001,0.049,0.0008529361054615998,0.47300000000000003,0.485,0.47965,0.481,0.0036915443922564237,0.031,0.033,0.032100000000000004,0.032,0.0004358898943540678,0.203,0.222,0.2121,0.212,0.005847221562417482,0.023,0.024,0.023050000000000005,0.023,0.00021794494717703388,64,64,8192,24576,152064,True,1648,4
0.083,0.088,0.08461904761904762,0.084,0.0015576597365520122,0.039,0.042,0.04055000000000001,0.0405,0.0007399324293474377,0.244,0.257,0.24874999999999997,0.246,0.004794528131109467,0.015,0.016,0.015750000000000004,0.016,0.0004330127018922198,0.077,0.082,0.0787,0.078,0.0017349351572897489,0.047,0.05,0.04855000000000001,0.048,0.0009205976319760992,0.46900000000000003,0.482,0.4746499999999999,0.47300000000000003,0.0038636122993902858,0.031,0.032,0.031450000000000006,0.031,0.0004974937185533104,0.2,0.216,0.20675000000000004,0.20400000000000001,0.00531859943970214,0.022,0.023,0.022900000000000004,0.023,0.0003000000000000003,64,64,8192,24576,152064,True,1632,4
0.083,0.08600000000000001,0.08404761904761907,0.084,0.0007853534524986027,0.039,0.04,0.039700000000000006,0.04,0.00045825756949558437,0.247,0.25,0.24755,0.247,0.0008645808232895299,0.015,0.016,0.015550000000000003,0.016,0.0004974937185533105,0.077,0.079,0.07825,0.078,0.0005361902647381809,0.048,0.049,0.04810000000000001,0.048,0.0003000000000000003,0.46900000000000003,0.47800000000000004,0.4743000000000001,0.47400000000000003,0.0019261360284258237,0.031,0.032,0.031050000000000005,0.031,0.00021794494717703388,0.203,0.20700000000000002,0.20495000000000002,0.20500000000000002,0.0011169153951844349,0.022,0.023,0.022250000000000002,0.022,0.00043301270189221973,64,64,8192,24576,152064,True,1616,4
0.081,0.082,0.08166666666666667,0.082,0.0004714045207910321,0.038,0.039,0.03855000000000001,0.039,0.0004974937185533104,0.243,0.246,0.24515000000000006,0.245,0.0008529361054615998,0.015,0.016,0.015350000000000003,0.015,0.0004769696007084732,0.077,0.078,0.07770000000000002,0.078,0.0004582575694955843,0.047,0.048,0.04725000000000001,0.047,0.0004330127018922198,0.46900000000000003,0.47400000000000003,0.47110000000000013,0.47100000000000003,0.0014456832294800974,0.03,0.031,0.030800000000000004,0.031,0.0004000000000000003,0.2,0.20800000000000002,0.20335,0.20400000000000001,0.002329699551444351,0.022,0.023,0.022250000000000002,0.022,0.00043301270189221973,64,64,8192,24576,152064,True,1600,4
0.082,0.084,0.08295238095238094,0.083,0.0003749527559053246,0.037,0.038,0.03755000000000001,0.038,0.0004974937185533104,0.247,0.251,0.24830000000000002,0.248,0.0009539392014169466,0.015,0.016,0.015250000000000003,0.015,0.00043301270189221973,0.078,0.079,0.0784,0.078,0.0004898979485566361,0.043000000000000003,0.045,0.044050000000000006,0.044,0.000497493718553309,0.47000000000000003,0.47700000000000004,0.47425000000000006,0.47400000000000003,0.0015124483462254188,0.029,0.03,0.029750000000000006,0.03,0.00043301270189221816,0.20500000000000002,0.21,0.20735,0.20700000000000002,0.0011947803145348462,0.022,0.023,0.022150000000000003,0.022,0.00035707142142714284,64,64,8192,24576,152064,True,1584,4
0.08,0.082,0.08138095238095239,0.081,0.000575383141599742,0.036000000000000004,0.037,0.03650000000000001,0.036500000000000005,0.0004999999999999971,0.246,0.249,0.24735000000000001,0.247,0.0007921489758877436,0.015,0.015,0.015000000000000003,0.015,3.469446951953614e-18,0.077,0.079,0.0784,0.0785,0.0006633249580710806,0.043000000000000003,0.044,0.04335000000000001,0.043000000000000003,0.0004769696007084699,0.47000000000000003,0.47600000000000003,0.47300000000000014,0.47300000000000003,0.0013038404810405309,0.029,0.03,0.029050000000000003,0.029,0.00021794494717703312,0.20500000000000002,0.211,0.20665,0.20600000000000002,0.001492481155659925,0.022,0.022,0.022000000000000002,0.022,3.469446951953614e-18,64,64,8192,24576,152064,True,1568,4
0.08,0.084,0.08166666666666668,0.082,0.001126872339638023,0.036000000000000004,0.037,0.03645000000000001,0.036000000000000004,0.0004974937185533069,0.245,0.255,0.2487,0.248,0.0027946377224964264,0.015,0.016,0.015050000000000003,0.015,0.00021794494717703388,0.077,0.081,0.07894999999999999,0.079,0.0012835497652993447,0.043000000000000003,0.045,0.04385000000000001,0.044,0.0005722761571129777,0.468,0.47900000000000004,0.47385,0.47400000000000003,0.0030211752680041615,0.029,0.03,0.029150000000000002,0.029,0.0003570714214271416,0.20400000000000001,0.219,0.20995,0.20800000000000002,0.004104570623098103,0.021,0.022,0.02125,0.021,0.00043301270189221826,64,64,8192,24576,152064,True,1552,4
0.08,0.084,0.08195238095238097,0.082,0.0013619380615309622,0.035,0.037,0.03615000000000001,0.036000000000000004,0.0005722761571129777,0.217,0.221,0.2193,0.219,0.0013820274961085263,0.014,0.015,0.014950000000000001,0.015,0.00021794494717703347,0.08,0.084,0.08170000000000001,0.082,0.0009539392014169465,0.043000000000000003,0.045,0.0437,0.044,0.0005567764362829996,0.426,0.432,0.42935,0.4295,0.0015580436450882897,0.028,0.029,0.028950000000000004,0.029,0.00021794494717703385,0.183,0.191,0.18830000000000002,0.189,0.0025317977802344345,0.022,0.023,0.022400000000000003,0.022,0.000489897948556636,64,64,8192,24576,152064,True,1536,4
0.079,0.081,0.08009523809523811,0.08,0.0006098213559459861,0.035,0.036000000000000004,0.03515000000000001,0.035,0.00035707142142714284,0.216,0.22,0.21715,0.217,0.001061838029079766,0.014,0.015,0.014850000000000002,0.015,0.0003570714214271422,0.077,0.083,0.07975,0.08,0.001336974195712095,0.043000000000000003,0.045,0.043250000000000004,0.043000000000000003,0.0005361902647381783,0.425,0.428,0.42705000000000004,0.427,0.0009733961166965902,0.028,0.029,0.028550000000000002,0.029,0.0004974937185533104,0.20700000000000002,0.21,0.20810000000000003,0.20800000000000002,0.0009433981132056505,0.021,0.022,0.021050000000000006,0.021,0.00021794494717703312,64,64,8192,24576,152064,True,1520,4
0.077,0.08,0.07823809523809525,0.078,0.0010190921218587007,0.034,0.035,0.034600000000000006,0.035,0.0004898979485566361,0.214,0.219,0.21625,0.216,0.0014097872179871696,0.014,0.015,0.014700000000000001,0.015,0.00045825756949558367,0.081,0.088,0.0834,0.083,0.001854723699099139,0.042,0.044,0.04265000000000001,0.043000000000000003,0.0006538348415311003,0.423,0.429,0.426,0.425,0.0019493588689617944,0.028,0.029,0.028100000000000003,0.028,0.00030000000000000024,0.20500000000000002,0.214,0.2089,0.20700000000000002,0.003374907406137231,0.021,0.022,0.021150000000000002,0.021,0.0003570714214271416,64,64,8192,24576,152064,True,1504,4
0.076,0.081,0.0781904761904762,0.077,0.001592214618790524,0.034,0.035,0.03445000000000001,0.034,0.0004974937185533104,0.214,0.222,0.21665,0.2165,0.0023932195887548663,0.014,0.015,0.014550000000000002,0.015,0.0004974937185533095,0.082,0.08700000000000001,0.08435000000000001,0.084,0.0011947803145348531,0.042,0.044,0.04290000000000001,0.043000000000000003,0.0006999999999999985,0.422,0.433,0.42625,0.4265,0.0030801785662522905,0.028,0.029,0.028100000000000003,0.028,0.00030000000000000024,0.20500000000000002,0.217,0.20990000000000003,0.20950000000000002,0.004241462012089689,0.021,0.022,0.021200000000000004,0.021,0.00039999999999999893,64,64,8192,24576,152064,True,1488,4
0.075,0.077,0.07595238095238095,0.076,0.000652919485752481,0.033,0.034,0.033650000000000006,0.034,0.0004769696007084733,0.212,0.25,0.21570000000000006,0.214,0.007931582439841371,0.014,0.015,0.0142,0.014,0.0003999999999999996,0.085,0.089,0.08704999999999999,0.08700000000000001,0.0012439855304624686,0.042,0.043000000000000003,0.04225000000000001,0.042,0.00043301270189221973,0.421,0.425,0.42295,0.423,0.0010712142642814286,0.027,0.028,0.0279,0.028,0.0003000000000000003,0.20400000000000001,0.21,0.20555000000000004,0.20500000000000002,0.0017741194999210126,0.02,0.021,0.020200000000000003,0.02,0.00040000000000000034,64,64,8192,24576,152064,True,1472,4
0.075,0.076,0.07523809523809523,0.075,0.0004259177099999603,0.033,0.034,0.03325000000000001,0.033,0.0004330127018922198,0.213,0.251,0.22285,0.215,0.014670633933133224,0.014,0.015,0.0142,0.014,0.00039999999999999964,0.08600000000000001,0.09,0.08825000000000001,0.088,0.0014097872179871637,0.041,0.042,0.041650000000000006,0.042,0.00047696960070847325,0.421,0.425,0.42275,0.4225,0.0009937303457175904,0.027,0.028,0.02765,0.028,0.0004769696007084733,0.20400000000000001,0.20800000000000002,0.20575000000000002,0.20600000000000002,0.0009420721840708395,0.02,0.021,0.020200000000000003,0.02,0.00040000000000000034,64,64,8192,24576,152064,True,1456,4
0.074,0.076,0.07438095238095238,0.074,0.000575383141599742,0.032,0.033,0.032900000000000006,0.033,0.0003000000000000003,0.213,0.246,0.21599999999999997,0.214,0.00693541635375988,0.014,0.014,0.014000000000000002,0.014,1.734723475976807e-18,0.08600000000000001,0.092,0.0885,0.088,0.0016278820596099671,0.041,0.042,0.04130000000000001,0.041,0.0004582575694955844,0.421,0.425,0.4226,0.4225,0.0009695359714832665,0.027,0.028,0.027200000000000002,0.027,0.00040000000000000034,0.20500000000000002,0.20800000000000002,0.20660000000000003,0.20700000000000002,0.0008602325267042634,0.02,0.021,0.020200000000000003,0.02,0.00040000000000000034,64,64,8192,24576,152064,True,1440,4
0.073,0.076,0.07447619047619047,0.074,0.0012580804584402779,0.032,0.034,0.03305000000000001,0.033,0.00038405728739343076,0.212,0.25,0.2193,0.218,0.009940321926376429,0.014,0.014,0.014000000000000002,0.014,1.734723475976807e-18,0.075,0.079,0.0774,0.0775,0.0013928388277184133,0.041,0.042,0.04170000000000001,0.042,0.00045825756949558437,0.419,0.429,0.42394999999999994,0.4255,0.003442019755899147,0.027,0.028,0.027100000000000003,0.027,0.00030000000000000024,0.20500000000000002,0.217,0.21109999999999998,0.2145,0.004978955713801832,0.02,0.021,0.020150000000000005,0.02,0.00035707142142714284,64,64,8192,24576,152064,True,1424,4
0.07200000000000001,0.076,0.07342857142857144,0.073,0.001365263922555372,0.032,0.033,0.03245000000000001,0.032,0.0004974937185533104,0.203,0.221,0.2089,0.209,0.0036864617182333463,0.014,0.015,0.014600000000000002,0.015,0.0004898979485566352,0.068,0.07100000000000001,0.06920000000000001,0.069,0.0009273618495495713,0.04,0.043000000000000003,0.04135000000000001,0.041,0.0007921489758877437,0.391,0.399,0.39465,0.395,0.002434645764787972,0.027,0.028,0.027250000000000003,0.027,0.00043301270189221973,0.176,0.186,0.18034999999999998,0.18,0.0032905166767545823,0.019,0.02,0.019350000000000003,0.019,0.00047696960070847325,64,64,8192,24576,152064,True,1408,4
0.07,0.07200000000000001,0.07100000000000002,0.07100000000000001,0.0007559289460184551,0.031,0.033,0.03125000000000001,0.031,0.0005361902647381809,0.20500000000000002,0.218,0.2124,0.2125,0.0032310988842807003,0.014,0.014,0.014000000000000002,0.014,1.734723475976807e-18,0.067,0.069,0.06760000000000001,0.068,0.0005830951894845307,0.04,0.042,0.04050000000000001,0.04,0.0005916079783099621,0.387,0.395,0.39105,0.391,0.0020118399538730726,0.027,0.027,0.027000000000000003,0.027,3.469446951953614e-18,0.17400000000000002,0.179,0.17629999999999998,0.1765,0.001268857754044944,0.019,0.02,0.019150000000000004,0.019,0.00035707142142714284,64,64,8192,24576,152064,True,1392,4
0.07,0.07200000000000001,0.0710952380952381,0.07100000000000001,0.0004259177099999603,0.03,0.031,0.030850000000000006,0.031,0.0003570714214271428,0.218,0.227,0.22245000000000004,0.222,0.00280133896556629,0.013000000000000001,0.014,0.013900000000000004,0.014,0.00029999999999999976,0.067,0.069,0.06835,0.068,0.0006538348415311016,0.04,0.041,0.040150000000000005,0.04,0.00035707142142714284,0.39,0.395,0.3915,0.391,0.0013601470508735455,0.027,0.027,0.027000000000000003,0.027,3.469446951953614e-18,0.176,0.178,0.1771,0.177,0.0007681145747868615,0.019,0.02,0.019100000000000002,0.019,0.00030000000000000024,64,64,8192,24576,152064,True,1376,4
0.069,0.07100000000000001,0.0700952380952381,0.07,0.0005259695722470128,0.03,0.031,0.030550000000000004,0.031,0.0004974937185533105,0.217,0.233,0.22515000000000004,0.2245,0.004464022849403891,0.013000000000000001,0.014,0.013900000000000004,0.014,0.00029999999999999976,0.067,0.069,0.06755,0.0675,0.0005894913061275802,0.04,0.041,0.040150000000000005,0.04,0.00035707142142714284,0.39,0.394,0.39165,0.392,0.0011521718621802922,0.026000000000000002,0.027,0.026650000000000007,0.027,0.0004769696007084716,0.176,0.18,0.1772,0.177,0.0009797958971132722,0.018000000000000002,0.019,0.018600000000000005,0.019,0.0004898979485566344,64,64,8192,24576,152064,True,1360,4
0.069,0.07,0.06942857142857144,0.069,0.0004948716593053939,0.029,0.03,0.029850000000000005,0.03,0.0003570714214271416,0.23600000000000002,0.252,0.24574999999999997,0.246,0.0037131522995966647,0.013000000000000001,0.014,0.013650000000000004,0.014,0.0004769696007084724,0.067,0.069,0.0678,0.068,0.000748331477354789,0.039,0.04,0.03975000000000001,0.04,0.0004330127018922197,0.388,0.392,0.38974999999999993,0.39,0.0010897247358851695,0.026000000000000002,0.027,0.026050000000000007,0.026000000000000002,0.00021794494717703312,0.176,0.181,0.1775,0.177,0.001161895003862226,0.018000000000000002,0.019,0.018050000000000004,0.018000000000000002,0.00021794494717703315,64,64,8192,24576,152064,True,1344,4
0.067,0.07100000000000001,0.06847619047619047,0.068,0.0013669238185149844,0.028,0.03,0.029200000000000004,0.029,0.0005099019513592776,0.20800000000000002,0.216,0.2112,0.21,0.0025019992006393593,0.012,0.014,0.013000000000000003,0.013000000000000001,0.000316227766016838,0.066,0.07,0.06765000000000002,0.068,0.0012757350822173083,0.038,0.04,0.038900000000000004,0.039,0.0007681145747868616,0.386,0.393,0.38920000000000005,0.388,0.0026758176320519325,0.026000000000000002,0.027,0.026050000000000007,0.026000000000000002,0.00021794494717703312,0.17400000000000002,0.183,0.17875,0.1795,0.002997915942784247,0.018000000000000002,0.019,0.018150000000000006,0.018000000000000002,0.0003570714214271416,64,64,8192,24576,152064,True,1328,4
0.067,0.068,0.06752380952380951,0.068,0.0004994327848429298,0.026000000000000002,0.027,0.026850000000000006,0.027,0.0003570714214271416,0.21,0.214,0.21134999999999998,0.211,0.0009630680142129121,0.013000000000000001,0.013000000000000001,0.013000000000000003,0.013000000000000001,1.734723475976807e-18,0.067,0.07,0.06835000000000002,0.068,0.0009630680142129119,0.035,0.036000000000000004,0.03515000000000001,0.035,0.00035707142142714284,0.386,0.389,0.38745,0.388,0.001023474474522937,0.024,0.025,0.024500000000000004,0.0245,0.0005000000000000004,0.17500000000000002,0.181,0.1773,0.177,0.0018734993995195143,0.018000000000000002,0.018000000000000002,0.018000000000000006,0.018000000000000002,3.469446951953614e-18,64,64,8192,24576,152064,True,1312,4
0.066,0.069,0.06695238095238094,0.067,0.0008984743935292011,0.026000000000000002,0.028,0.026500000000000006,0.026000000000000002,0.0005916079783099605,0.21,0.251,0.23160000000000003,0.243,0.015765151442342695,0.013000000000000001,0.013000000000000001,0.013000000000000003,0.013000000000000001,1.734723475976807e-18,0.066,0.07200000000000001,0.06970000000000001,0.07,0.0017916472867168932,0.034,0.036000000000000004,0.035100000000000006,0.035,0.0005385164807134509,0.385,0.394,0.38885,0.388,0.002104162541250083,0.024,0.025,0.024200000000000006,0.024,0.0004000000000000003,0.17500000000000002,0.185,0.17909999999999998,0.178,0.003014962686336268,0.018000000000000002,0.019,0.018050000000000004,0.018000000000000002,0.00021794494717703315,64,64,8192,24576,152064,True,1296,4
0.064,0.066,0.06509523809523808,0.065,0.0006098213559459861,0.027,0.028,0.027100000000000003,0.027,0.00030000000000000024,0.177,0.183,0.17795,0.178,0.0013592277219068199,0.011,0.012,0.011850000000000003,0.012,0.00035707142142714284,0.067,0.07,0.06835,0.068,0.0009096702699330133,0.033,0.035,0.03430000000000001,0.034,0.0005567764362830027,0.338,0.34400000000000003,0.3402,0.34,0.0014696938456699082,0.024,0.025,0.024250000000000004,0.024,0.00043301270189221973,0.19,0.199,0.19415,0.194,0.002706935536727835,0.017,0.018000000000000002,0.017100000000000004,0.017,0.00030000000000000024,64,64,8192,24576,152064,True,1280,4
0.064,0.065,0.06428571428571431,0.064,0.00045175395145262605,0.025,0.026000000000000002,0.025850000000000005,0.026000000000000002,0.00035707142142714284,0.171,0.177,0.17195,0.17200000000000001,0.0013219304066402243,0.013000000000000001,0.014,0.013150000000000004,0.013000000000000001,0.00035707142142714214,0.068,0.07100000000000001,0.06935,0.069,0.0007262919523166982,0.033,0.035,0.033850000000000005,0.034,0.0004769696007084733,0.338,0.34400000000000003,0.3390000000000001,0.339,0.0013038404810405309,0.024,0.025,0.024100000000000003,0.024,0.00030000000000000024,0.154,0.165,0.15564999999999996,0.155,0.0022643983748448526,0.017,0.018000000000000002,0.017150000000000006,0.017,0.00035707142142714284,64,64,8192,24576,152064,True,1264,4
0.063,0.065,0.0641904761904762,0.064,0.0004994327848429298,0.026000000000000002,0.027,0.026150000000000007,0.026000000000000002,0.0003570714214271416,0.17300000000000001,0.177,0.1741,0.17400000000000002,0.0008888194417315552,0.012,0.014,0.013000000000000003,0.013000000000000001,0.000316227766016838,0.069,0.073,0.07095,0.07100000000000001,0.0010234744745229343,0.033,0.034,0.03330000000000001,0.033,0.0004582575694955844,0.339,0.342,0.34045000000000003,0.34,0.0007399324293474377,0.024,0.024,0.024000000000000004,0.024,3.469446951953614e-18,0.17200000000000001,0.17500000000000002,0.17325000000000002,0.17300000000000001,0.0008874119674649432,0.017,0.018000000000000002,0.017050000000000003,0.017,0.0002179449471770339,64,64,8192,24576,152064,True,1248,4
0.064,0.066,0.06423809523809525,0.064,0.000525969572247013,0.025,0.027,0.026000000000000006,0.026000000000000002,0.00031622776601683767,0.17200000000000001,0.176,0.17285,0.17300000000000001,0.0009630680142129073,0.012,0.013000000000000001,0.012900000000000003,0.013000000000000001,0.00030000000000000024,0.07200000000000001,0.083,0.0744,0.0735,0.002800000000000002,0.032,0.034,0.033350000000000005,0.033,0.0005722761571129803,0.338,0.34,0.33905000000000013,0.339,0.0007399324293474378,0.023,0.024,0.023950000000000006,0.024,0.00021794494717703385,0.171,0.17300000000000001,0.17225000000000004,0.17200000000000001,0.0005361902647381809,0.017,0.018000000000000002,0.017100000000000004,0.017,0.00030000000000000024,64,64,8192,24576,152064,True,1232,4
0.062,0.063,0.0628095238095238,0.063,0.0003926767262493013,0.025,0.027,0.026000000000000006,0.026000000000000002,0.00031622776601683767,0.17200000000000001,0.176,0.17350000000000002,0.17350000000000002,0.0008660254037844354,0.012,0.013000000000000001,0.012850000000000004,0.013000000000000001,0.00035707142142714284,0.07200000000000001,0.084,0.0771,0.076,0.003740320841853011,0.032,0.034,0.03295000000000001,0.033,0.0005894913061275804,0.338,0.341,0.33925,0.339,0.0009420721840708395,0.023,0.024,0.023450000000000006,0.023,0.0004974937185533104,0.17200000000000001,0.17500000000000002,0.17370000000000002,0.17400000000000002,0.0008426149773176366,0.016,0.017,0.016800000000000002,0.017,0.00040000000000000034,64,64,8192,24576,152064,True,1216,4
0.062,0.064,0.06257142857142858,0.062,0.0006598288790738586,0.025,0.026000000000000002,0.025550000000000007,0.026000000000000002,0.0004974937185533105,0.171,0.17500000000000002,0.17230000000000006,0.17200000000000001,0.0007810249675906661,0.012,0.013000000000000001,0.012800000000000002,0.013000000000000001,0.00040000000000000034,0.07200000000000001,0.084,0.07545,0.0735,0.0036670833096617817,0.032,0.033,0.03245000000000001,0.032,0.0004974937185533104,0.336,0.339,0.33770000000000006,0.338,0.0007810249675906662,0.023,0.024,0.023050000000000005,0.023,0.00021794494717703388,0.171,0.17300000000000001,0.1719,0.17200000000000001,0.0007000000000000006,0.016,0.017,0.016150000000000005,0.016,0.00035707142142714284,64,64,8192,24576,152064,True,1200,4
0.06,0.062,0.060857142857142846,0.061,0.000559397148784321,0.025,0.026000000000000002,0.025700000000000008,0.026000000000000002,0.00045825756949558437,0.171,0.176,0.17265000000000003,0.17250000000000001,0.0010136567466356608,0.012,0.013000000000000001,0.012350000000000003,0.012,0.00047696960070847314,0.07200000000000001,0.08600000000000001,0.07780000000000001,0.0795,0.004894895300208167,0.031,0.032,0.03150000000000001,0.0315,0.0005000000000000004,0.336,0.34,0.33745,0.338,0.0010712142642814286,0.022,0.023,0.022900000000000004,0.023,0.0003000000000000003,0.17,0.17400000000000002,0.1719,0.17200000000000001,0.0010908712114635723,0.016,0.017,0.016100000000000003,0.016,0.00030000000000000024,64,64,8192,24576,152064,True,1184,4
0.06,0.062,0.06090476190476189,0.061,0.0004259177099999603,0.025,0.026000000000000002,0.025300000000000007,0.025,0.0004582575694955844,0.171,0.17500000000000002,0.17200000000000001,0.17200000000000001,0.0010000000000000009,0.012,0.013000000000000001,0.012250000000000002,0.012,0.0004330127018922198,0.07100000000000001,0.084,0.07895,0.0805,0.00429505529650085,0.03,0.032,0.031100000000000006,0.031,0.0006244997998398404,0.336,0.338,0.3369,0.337,0.0006244997998398403,0.022,0.023,0.022400000000000003,0.022,0.000489897948556636,0.171,0.179,0.17295,0.17300000000000001,0.001596088969951233,0.016,0.017,0.016100000000000003,0.016,0.00030000000000000024,64,64,8192,24576,152064,True,1168,4
0.059000000000000004,0.061,0.05995238095238096,0.06,0.0004856209060564542,0.025,0.026000000000000002,0.025050000000000006,0.025,0.00021794494717703388,0.171,0.17500000000000002,0.17250000000000004,0.17250000000000001,0.0008660254037844395,0.012,0.013000000000000001,0.012150000000000003,0.012,0.0003570714214271428,0.057,0.059000000000000004,0.057550000000000004,0.0575,0.0005894913061275802,0.03,0.032,0.031100000000000006,0.031,0.00043588989435406776,0.335,0.338,0.33655,0.337,0.0006689544080129832,0.022,0.023,0.022150000000000003,0.022,0.00035707142142714284,0.148,0.151,0.14939999999999995,0.149,0.001019803902718558,0.016,0.016,0.016000000000000004,0.016,3.469446951953614e-18,64,64,8192,24576,152064,True,1152,4
0.057,0.06,0.05852380952380954,0.058,0.0008518354199999183,0.024,0.026000000000000002,0.024650000000000005,0.025,0.0005722761571129804,0.168,0.17400000000000002,0.1705,0.17,0.0018027756377319963,0.012,0.013000000000000001,0.012100000000000003,0.012,0.00030000000000000024,0.056,0.059000000000000004,0.05669999999999999,0.057,0.0007810249675906662,0.029,0.031,0.030200000000000005,0.03,0.0005099019513592786,0.333,0.339,0.33430000000000004,0.333,0.0019519221295943153,0.022,0.023,0.022050000000000004,0.022,0.00021794494717703388,0.146,0.152,0.14884999999999998,0.149,0.001589811309558466,0.015,0.016,0.015150000000000002,0.015,0.0003570714214271428,64,64,8192,24576,152064,True,1136,4
0.057,0.059000000000000004,0.058285714285714295,0.058,0.0005471012044321936,0.023,0.025,0.024250000000000004,0.024,0.0005361902647381809,0.171,0.17500000000000002,0.1719,0.17200000000000001,0.0009949874371066208,0.012,0.012,0.012000000000000002,0.012,1.734723475976807e-18,0.057,0.058,0.057600000000000005,0.058,0.0004898979485566361,0.029,0.031,0.029400000000000003,0.029,0.000583095189484529,0.334,0.337,0.33530000000000004,0.335,0.0007810249675906661,0.022,0.022,0.022000000000000002,0.022,3.469446951953614e-18,0.148,0.152,0.14955,0.149,0.0009733961166965902,0.015,0.016,0.015100000000000002,0.015,0.00030000000000000024,64,64,8192,24576,152064,True,1120,4
0.056,0.06,0.0580952380952381,0.058,0.0007499055118106485,0.023,0.024,0.023600000000000003,0.024,0.0004898979485566361,0.169,0.17400000000000002,0.17129999999999998,0.171,0.0014177446878757838,0.012,0.012,0.012000000000000002,0.012,1.734723475976807e-18,0.056,0.066,0.05765,0.057,0.0020802644062714727,0.028,0.03,0.029250000000000005,0.029,0.0005361902647381794,0.332,0.337,0.3342,0.334,0.0011224972160321833,0.021,0.022,0.0216,0.022,0.0004898979485566344,0.147,0.153,0.1493,0.149,0.0017916472867168932,0.015,0.015,0.015000000000000003,0.015,3.469446951953614e-18,64,64,8192,24576,152064,True,1104,4
0.055,0.057,0.056523809523809525,0.057,0.0005870870479018079,0.023,0.024,0.023250000000000003,0.023,0.00043301270189221973,0.17,0.17400000000000002,0.1714,0.171,0.0008602325267042634,0.011,0.012,0.011950000000000002,0.012,0.00021794494717703385,0.056,0.059000000000000004,0.05765,0.058,0.0007921489758877436,0.027,0.028,0.0279,0.028,0.0003000000000000003,0.332,0.335,0.33375,0.334,0.0006982120021884477,0.021,0.022,0.021150000000000002,0.021,0.0003570714214271416,0.167,0.184,0.17754999999999999,0.1815,0.00583502356464821,0.015,0.015,0.015000000000000003,0.015,3.469446951953614e-18,64,64,8192,24576,152064,True,1088,4
0.055,0.056,0.05547619047619048,0.055,0.0004994327848429298,0.023,0.023,0.023000000000000003,0.023,3.469446951953614e-18,0.168,0.17300000000000001,0.16965,0.1695,0.0010136567466356653,0.011,0.012,0.011500000000000002,0.0115,0.0005000000000000004,0.056,0.059000000000000004,0.05705000000000001,0.057,0.0009205976319760993,0.027,0.028,0.02715,0.027,0.0003570714214271428,0.33,0.334,0.33170000000000005,0.3315,0.0010535653752852749,0.021,0.021,0.021000000000000005,0.021,3.469446951953614e-18,0.147,0.152,0.14935,0.149,0.0015256146302392369,0.014,0.015,0.014400000000000001,0.014,0.0004898979485566352,64,64,8192,24576,152064,True,1072,4
0.053,0.056,0.05495238095238095,0.055,0.0004856209060564562,0.02,0.021,0.020700000000000003,0.021,0.0004582575694955844,0.169,0.17400000000000002,0.17040000000000002,0.17,0.0011135528725660054,0.011,0.012,0.011100000000000002,0.011,0.00030000000000000024,0.057,0.061,0.058600000000000006,0.058,0.0011575836902790208,0.024,0.025,0.024300000000000006,0.024,0.0004582575694955844,0.33,0.333,0.33140000000000003,0.331,0.0008602325267042635,0.019,0.02,0.019300000000000005,0.019,0.0004582575694955844,0.147,0.152,0.1496,0.15,0.0014966629547095778,0.014,0.015,0.0142,0.014,0.0003999999999999996,64,64,8192,24576,152064,True,1056,4
0.051000000000000004,0.055,0.05390476190476192,0.054,0.0006834619092574907,0.02,0.021,0.020600000000000004,0.021,0.0004898979485566361,0.169,0.17400000000000002,0.16975,0.1695,0.0011346805717910228,0.011,0.011,0.011000000000000001,0.011,1.734723475976807e-18,0.056,0.066,0.05789999999999999,0.057,0.0020469489490458725,0.024,0.025,0.024100000000000003,0.024,0.00030000000000000024,0.33,0.332,0.33115000000000006,0.331,0.0007262919523166983,0.019,0.02,0.019200000000000002,0.019,0.00040000000000000034,0.147,0.154,0.15035,0.15,0.002056088519495211,0.014,0.014,0.014000000000000002,0.014,1.734723475976807e-18,64,64,8192,24576,152064,True,1040,4
0.051000000000000004,0.054,0.053142857142857144,0.053,0.0006388765649999393,0.019,0.021,0.020000000000000004,0.02,0.0003162277660168382,0.163,0.17400000000000002,0.16620000000000001,0.1655,0.0025806975801127906,0.01,0.011,0.01005,0.01,0.00021794494717703353,0.062,0.065,0.0634,0.0635,0.0009165151389911689,0.023,0.024,0.023250000000000003,0.023,0.00043301270189221973,0.28600000000000003,0.289,0.2876500000000001,0.28800000000000003,0.0007921489758877342,0.018000000000000002,0.019,0.018300000000000004,0.018000000000000002,0.0004582575694955828,0.132,0.14100000000000001,0.13670000000000002,0.137,0.0020760539492026713,0.013000000000000001,0.014,0.013850000000000005,0.014,0.0003570714214271422,64,64,8192,24576,152064,True,1024,4
0.051000000000000004,0.054,0.052571428571428575,0.053,0.0006598288790738555,0.019,0.02,0.019950000000000002,0.02,0.00021794494717703385,0.147,0.155,0.15,0.15,0.0020493901531919213,0.01,0.01,0.010000000000000002,0.01,1.734723475976807e-18,0.052000000000000005,0.054,0.052550000000000006,0.052500000000000005,0.0005894913061275771,0.023,0.024,0.023350000000000003,0.023,0.00047696960070847314,0.28500000000000003,0.289,0.28709999999999997,0.28750000000000003,0.0012999999999999889,0.018000000000000002,0.019,0.018300000000000004,0.018000000000000002,0.0004582575694955828,0.134,0.14100000000000001,0.13695000000000002,0.137,0.0018834808201837376,0.013000000000000001,0.014,0.013500000000000003,0.013500000000000002,0.0004999999999999995,64,64,8192,24576,152064,True,1016,4
0.052000000000000005,0.053,0.05276190476190477,0.053,0.00042591770999995737,0.02,0.021,0.020100000000000003,0.02,0.00030000000000000024,0.149,0.157,0.15175,0.152,0.0017571283390805594,0.01,0.011,0.01005,0.01,0.00021794494717703353,0.052000000000000005,0.054,0.052750000000000005,0.053,0.000536190264738178,0.022,0.024,0.022850000000000002,0.023,0.0004769696007084733,0.28600000000000003,0.289,0.28800000000000003,0.28800000000000003,0.0008944271909998949,0.018000000000000002,0.019,0.018100000000000005,0.018000000000000002,0.0002999999999999992,0.132,0.14,0.13685,0.137,0.0018513508581573634,0.013000000000000001,0.014,0.013250000000000003,0.013000000000000001,0.00043301270189221897,64,64,8192,24576,152064,True,1008,4
0.05,0.053,0.052000000000000005,0.052000000000000005,0.000534522483824848,0.019,0.02,0.019950000000000002,0.02,0.00021794494717703385,0.148,0.16,0.1538,0.154,0.002675817632051933,0.01,0.01,0.010000000000000002,0.01,1.734723475976807e-18,0.062,0.065,0.0638,0.064,0.0009797958971132722,0.022,0.024,0.022300000000000004,0.022,0.0005567764362830027,0.28600000000000003,0.289,0.2873,0.28700000000000003,0.000781024967590654,0.018000000000000002,0.019,0.018100000000000005,0.018000000000000002,0.0002999999999999992,0.134,0.14,0.13665,0.137,0.0017965244223221695,0.013000000000000001,0.013000000000000001,0.013000000000000003,0.013000000000000001,1.734723475976807e-18,64,64,8192,24576,152064,True,1000,4
0.05,0.052000000000000005,0.05157142857142858,0.052000000000000005,0.0005832118435198048,0.019,0.021,0.019900000000000004,0.02,0.00043588989435406776,0.151,0.162,0.15625,0.156,0.002446936860648433,0.009000000000000001,0.01,0.009950000000000004,0.01,0.00021794494717703353,0.063,0.066,0.06449999999999999,0.065,0.0010723805294763618,0.021,0.023,0.022000000000000002,0.022,0.0003162277660168377,0.28300000000000003,0.28800000000000003,0.2865500000000001,0.28700000000000003,0.0012835497652993447,0.018000000000000002,0.018000000000000002,0.018000000000000006,0.018000000000000002,3.469446951953614e-18,0.136,0.14400000000000002,0.13840000000000002,0.138,0.0021071307505705498,0.013000000000000001,0.014,0.013200000000000003,0.013000000000000001,0.0003999999999999997,64,64,8192,24576,152064,True,992,4
0.049,0.052000000000000005,0.051285714285714296,0.051000000000000004,0.0006998542122237659,0.019,0.021,0.019650000000000004,0.02,0.0005722761571129804,0.153,0.159,0.15624999999999997,0.1565,0.0016992645467966442,0.009000000000000001,0.01,0.009900000000000003,0.01,0.00029999999999999976,0.063,0.066,0.06465000000000001,0.065,0.0008529361054615998,0.022,0.023,0.0221,0.022,0.00030000000000000024,0.28500000000000003,0.28700000000000003,0.28605,0.28600000000000003,0.0008046738469715546,0.018000000000000002,0.018000000000000002,0.018000000000000006,0.018000000000000002,3.469446951953614e-18,0.135,0.14100000000000001,0.13855,0.139,0.0018296174463532005,0.013000000000000001,0.014,0.013150000000000004,0.013000000000000001,0.00035707142142714214,64,64,8192,24576,152064,True,984,4
0.049,0.052000000000000005,0.05080952380952382,0.051000000000000004,0.0005870870479018079,0.019,0.02,0.019300000000000005,0.019,0.0004582575694955844,0.155,0.165,0.15915,0.1585,0.0029030156733989595,0.009000000000000001,0.01,0.009600000000000003,0.01,0.0004898979485566352,0.064,0.067,0.06525,0.065,0.0009420721840708396,0.021,0.022,0.021900000000000003,0.022,0.00029999999999999927,0.28400000000000003,0.28700000000000003,0.28605,0.28600000000000003,0.0008046738469715546,0.018000000000000002,0.018000000000000002,0.018000000000000006,0.018000000000000002,3.469446951953614e-18,0.136,0.14300000000000002,0.13890000000000002,0.139,0.0017000000000000014,0.013000000000000001,0.014,0.013100000000000004,0.013000000000000001,0.00029999999999999976,64,64,8192,24576,152064,True,976,4
0.049,0.051000000000000004,0.050428571428571434,0.05,0.0005832118435198048,0.019,0.02,0.019450000000000002,0.019,0.0004974937185533104,0.156,0.168,0.16119999999999998,0.1615,0.0028213471959331795,0.009000000000000001,0.01,0.009250000000000003,0.009000000000000001,0.00043301270189221897,0.064,0.067,0.06555,0.065,0.0008046738469715547,0.021,0.023,0.021800000000000003,0.022,0.0005099019513592776,0.28400000000000003,0.28700000000000003,0.2852,0.28500000000000003,0.0007483314773547889,0.018000000000000002,0.018000000000000002,0.018000000000000006,0.018000000000000002,3.469446951953614e-18,0.138,0.14400000000000002,0.14090000000000003,0.1405,0.001670329308849008,0.013000000000000001,0.013000000000000001,0.013000000000000003,0.013000000000000001,1.734723475976807e-18,64,64,8192,24576,152064,True,968,4
0.048,0.051000000000000004,0.05023809523809525,0.05,0.0006834619092574922,0.019,0.02,0.019500000000000003,0.0195,0.0005000000000000004,0.165,0.17500000000000002,0.16829999999999998,0.168,0.00260959767013998,0.009000000000000001,0.01,0.009150000000000002,0.009000000000000001,0.00035707142142714214,0.065,0.068,0.06620000000000001,0.066,0.0008124038404635969,0.022,0.022,0.022000000000000002,0.022,3.469446951953614e-18,0.28500000000000003,0.28800000000000003,0.2865000000000001,0.28650000000000003,0.0006708203932499375,0.017,0.018000000000000002,0.017750000000000005,0.018000000000000002,0.0004330127018922198,0.14,0.146,0.14150000000000001,0.14100000000000001,0.001466287829861515,0.012,0.014,0.012850000000000004,0.013000000000000001,0.0004769696007084731,64,64,8192,24576,152064,True,960,4
0.047,0.05,0.049476190476190486,0.05,0.0007315376902732014,0.019,0.02,0.019250000000000003,0.019,0.00043301270189221973,0.163,0.171,0.16650000000000004,0.1665,0.0021330729007701557,0.009000000000000001,0.01,0.009100000000000002,0.009000000000000001,0.00029999999999999976,0.065,0.068,0.06575,0.066,0.0008291561975888506,0.021,0.022,0.02135,0.021,0.0004769696007084717,0.28300000000000003,0.28700000000000003,0.28435000000000005,0.28400000000000003,0.0008529361054615998,0.017,0.018000000000000002,0.017700000000000004,0.018000000000000002,0.0004582575694955844,0.138,0.145,0.1422,0.14200000000000002,0.0019899748742132337,0.012,0.013000000000000001,0.012450000000000003,0.012,0.0004974937185533104,64,64,8192,24576,152064,True,952,4
0.047,0.05,0.049190476190476194,0.049,0.0006632565846278159,0.019,0.02,0.019150000000000004,0.019,0.00035707142142714284,0.166,0.17500000000000002,0.17155,0.171,0.0022688102609076874,0.009000000000000001,0.01,0.009050000000000002,0.009000000000000001,0.00021794494717703353,0.064,0.068,0.06589999999999999,0.066,0.0008888194417315596,0.02,0.022,0.021,0.021,0.0003162277660168377,0.28400000000000003,0.28700000000000003,0.28509999999999996,0.28500000000000003,0.0009433981132056611,0.017,0.018000000000000002,0.017400000000000006,0.017,0.000489897948556636,0.136,0.145,0.14055000000000004,0.14,0.0021324868112136083,0.012,0.013000000000000001,0.012100000000000003,0.012,0.00030000000000000024,64,64,8192,24576,152064,True,944,4
0.047,0.05,0.04876190476190477,0.049,0.0006098213559459861,0.019,0.02,0.019050000000000004,0.019,0.00021794494717703388,0.165,0.17500000000000002,0.17179999999999998,0.17300000000000001,0.003026549190084314,0.009000000000000001,0.01,0.009050000000000002,0.009000000000000001,0.00021794494717703353,0.064,0.067,0.06570000000000001,0.066,0.0007810249675906662,0.02,0.021,0.020950000000000003,0.021,0.00021794494717703385,0.28300000000000003,0.28700000000000003,0.2846000000000001,0.28450000000000003,0.0010677078252031322,0.017,0.018000000000000002,0.017250000000000005,0.017,0.00043301270189221973,0.136,0.14400000000000002,0.14135,0.14200000000000002,0.001956399754651387,0.012,0.013000000000000001,0.012100000000000003,0.012,0.00030000000000000024,64,64,8192,24576,152064,True,936,4
0.046,0.049,0.04833333333333334,0.048,0.000712696645099799,0.018000000000000002,0.02,0.019000000000000003,0.019,0.0003162277660168377,0.17,0.18,0.17445000000000002,0.17400000000000002,0.002108909670896306,0.009000000000000001,0.009000000000000001,0.009000000000000003,0.009000000000000001,1.734723475976807e-18,0.064,0.069,0.06575,0.066,0.0012599603168354165,0.02,0.021,0.020600000000000004,0.021,0.0004898979485566361,0.28300000000000003,0.28500000000000003,0.28415000000000007,0.28400000000000003,0.0007921489758877437,0.017,0.017,0.017000000000000005,0.017,3.469446951953614e-18,0.138,0.146,0.14030000000000004,0.14,0.0017349351572897441,0.012,0.013000000000000001,0.012050000000000002,0.012,0.0002179449471770339,64,64,8192,24576,152064,True,928,4
0.046,0.049,0.04823809523809525,0.048,0.0006834619092574923,0.018000000000000002,0.019,0.018400000000000007,0.018000000000000002,0.0004898979485566343,0.169,0.183,0.17535,0.17500000000000002,0.003290516676754571,0.009000000000000001,0.009000000000000001,0.009000000000000003,0.009000000000000001,1.734723475976807e-18,0.064,0.067,0.06555,0.0655,0.0009733961166965902,0.02,0.021,0.020650000000000005,0.021,0.0004769696007084733,0.28300000000000003,0.28500000000000003,0.2836,0.28350000000000003,0.0006633249580710806,0.017,0.017,0.017000000000000005,0.017,3.469446951953614e-18,0.137,0.14400000000000002,0.14075000000000001,0.14100000000000001,0.002046338192968114,0.012,0.013000000000000001,0.012050000000000002,0.012,0.0002179449471770339,64,64,8192,24576,152064,True,920,4
0.045,0.048,0.04695238095238096,0.047,0.0004856209060564561,0.018000000000000002,0.019,0.018200000000000004,0.018000000000000002,0.000399999999999999,0.17,0.182,0.17639999999999997,0.177,0.0034698703145794856,0.009000000000000001,0.009000000000000001,0.009000000000000003,0.009000000000000001,1.734723475976807e-18,0.064,0.067,0.06515000000000001,0.065,0.0007921489758877436,0.02,0.021,0.020350000000000004,0.02,0.0004769696007084732,0.281,0.28400000000000003,0.28250000000000003,0.28300000000000003,0.0008660254037844395,0.016,0.017,0.016850000000000004,0.017,0.00035707142142714284,0.139,0.147,0.14365,0.14350000000000002,0.002031624965390996,0.011,0.012,0.011950000000000002,0.012,0.00021794494717703385,64,64,8192,24576,152064,True,912,4
0.045,0.048,0.04709523809523811,0.047,0.0006834619092574923,0.018000000000000002,0.019,0.018150000000000006,0.018000000000000002,0.0003570714214271416,0.17200000000000001,0.181,0.17675000000000002,0.1765,0.0026433879775772536,0.008,0.009000000000000001,0.008850000000000002,0.009000000000000001,0.0003570714214271428,0.068,0.07100000000000001,0.06910000000000002,0.069,0.0009433981132056611,0.019,0.02,0.019950000000000002,0.02,0.00021794494717703385,0.28,0.28400000000000003,0.2814,0.281,0.0009165151389911689,0.016,0.017,0.016900000000000005,0.017,0.0003000000000000003,0.139,0.149,0.14575,0.147,0.0025074887836239587,0.011,0.012,0.011900000000000003,0.012,0.00030000000000000024,64,64,8192,24576,152064,True,904,4
0.045,0.049,0.04704761904761906,0.047,0.0006529194857524811,0.018000000000000002,0.019,0.018450000000000005,0.018000000000000002,0.0004974937185533087,0.159,0.166,0.1626,0.163,0.0018275666882497084,0.008,0.009000000000000001,0.008750000000000003,0.009000000000000001,0.00043301270189221973,0.058,0.066,0.061,0.06,0.002144761058952722,0.019,0.021,0.020050000000000005,0.02,0.0004974937185533104,0.28200000000000003,0.28500000000000003,0.2837,0.28400000000000003,0.0009539392014169465,0.016,0.017,0.016550000000000002,0.017,0.0004974937185533105,0.128,0.135,0.13119999999999998,0.131,0.0018601075237738292,0.011,0.012,0.011600000000000003,0.012,0.0004898979485566361,64,64,8192,24576,152064,True,896,4
0.043000000000000003,0.048,0.04638095238095239,0.046,0.0009499970163457142,0.018000000000000002,0.019,0.018250000000000006,0.018000000000000002,0.0004330127018922182,0.148,0.16,0.15315,0.1525,0.0028508770580296895,0.008,0.009000000000000001,0.008950000000000003,0.009000000000000001,0.00021794494717703385,0.06,0.064,0.0617,0.062,0.0011874342087037928,0.019,0.02,0.019250000000000003,0.019,0.00043301270189221973,0.281,0.28300000000000003,0.28185000000000004,0.28200000000000003,0.0007921489758877437,0.016,0.017,0.016650000000000005,0.017,0.0004769696007084733,0.127,0.135,0.13105000000000003,0.131,0.002376446927663231,0.011,0.012,0.011100000000000002,0.011,0.00030000000000000024,64,64,8192,24576,152064,True,888,4
0.042,0.047,0.045904761904761913,0.046,0.0009209085526577955,0.018000000000000002,0.019,0.018350000000000005,0.018000000000000002,0.0004769696007084715,0.149,0.157,0.15194999999999997,0.151,0.002132486811213614,0.008,0.009000000000000001,0.008950000000000003,0.009000000000000001,0.00021794494717703385,0.059000000000000004,0.066,0.06300000000000001,0.063,0.0018165902124584953,0.019,0.019,0.019000000000000003,0.019,3.469446951953614e-18,0.281,0.28400000000000003,0.28280000000000005,0.28300000000000003,0.0008124038404635967,0.016,0.017,0.016200000000000003,0.016,0.00040000000000000034,0.126,0.134,0.13065000000000002,0.131,0.001981792118260643,0.011,0.011,0.011000000000000001,0.011,1.734723475976807e-18,64,64,8192,24576,152064,True,880,4
0.043000000000000003,0.047,0.045666666666666675,0.046,0.0007766431633476229,0.018000000000000002,0.019,0.018300000000000004,0.018000000000000002,0.0004582575694955828,0.148,0.157,0.15215,0.1515,0.002850877058029689,0.008,0.009000000000000001,0.008850000000000002,0.009000000000000001,0.0003570714214271428,0.06,0.067,0.0621,0.062,0.001786057109949177,0.018000000000000002,0.02,0.019100000000000006,0.019,0.0004358898943540673,0.278,0.28200000000000003,0.2813,0.28150000000000003,0.0009539392014169465,0.016,0.017,0.016100000000000003,0.016,0.00030000000000000024,0.127,0.135,0.13179999999999997,0.1315,0.002227105745132011,0.011,0.012,0.01105,0.011,0.00021794494717703388,64,64,8192,24576,152064,True,872,4
0.042,0.046,0.045000000000000005,0.045,0.0007559289460184537,0.018000000000000002,0.019,0.018100000000000005,0.018000000000000002,0.0002999999999999992,0.148,0.183,0.15375,0.1525,0.007272379253036795,0.008,0.009000000000000001,0.008850000000000002,0.009000000000000001,0.0003570714214271428,0.059000000000000004,0.065,0.0626,0.0625,0.0018275666882497073,0.019,0.02,0.019200000000000002,0.019,0.00040000000000000034,0.28,0.28300000000000003,0.28175000000000006,0.28200000000000003,0.0007664854858377953,0.016,0.016,0.016000000000000004,0.016,3.469446951953614e-18,0.128,0.135,0.13205000000000003,0.132,0.0016575584454250791,0.011,0.011,0.011000000000000001,0.011,1.734723475976807e-18,64,64,8192,24576,152064,True,864,4
0.042,0.045,0.04471428571428572,0.045,0.0006998542122237644,0.018000000000000002,0.019,0.018050000000000004,0.018000000000000002,0.00021794494717703315,0.149,0.157,0.15265,0.152,0.0020560885194952105,0.008,0.009000000000000001,0.008800000000000002,0.009000000000000001,0.0004000000000000004,0.059000000000000004,0.066,0.061399999999999996,0.061,0.0016852299546352726,0.018000000000000002,0.02,0.019050000000000004,0.019,0.0004974937185533096,0.279,0.28200000000000003,0.28055,0.28,0.0009205976319760995,0.016,0.016,0.016000000000000004,0.016,3.469446951953614e-18,0.128,0.135,0.13190000000000002,0.132,0.0022338307903688698,0.011,0.012,0.01105,0.011,0.0002179449471770339,64,64,8192,24576,152064,True,856,4
0.042,0.045,0.04423809523809524,0.044,0.0006834619092574911,0.018000000000000002,0.019,0.018050000000000004,0.018000000000000002,0.00021794494717703315,0.148,0.157,0.15225000000000002,0.152,0.002896118091514919,0.008,0.009000000000000001,0.008600000000000002,0.009000000000000001,0.000489897948556636,0.059000000000000004,0.065,0.0624,0.062,0.001624807680927193,0.018000000000000002,0.019,0.018550000000000004,0.019,0.0004974937185533088,0.279,0.28200000000000003,0.28065,0.281,0.0009096702699330132,0.016,0.016,0.016000000000000004,0.016,3.469446951953614e-18,0.127,0.135,0.13215000000000002,0.133,0.002286372673034737,0.011,0.011,0.011000000000000001,0.011,1.734723475976807e-18,64,64,8192,24576,152064,True,848,4
0.04,0.045,0.04404761904761906,0.044,0.0009988655696858582,0.018000000000000002,0.019,0.018150000000000006,0.018000000000000002,0.0003570714214271416,0.149,0.157,0.1525,0.153,0.0023769728648009446,0.008,0.009000000000000001,0.008650000000000001,0.009000000000000001,0.0004769696007084733,0.059000000000000004,0.066,0.06194999999999999,0.062,0.0017168284713389404,0.018000000000000002,0.02,0.018850000000000006,0.019,0.00047696960070847205,0.279,0.28300000000000003,0.28070000000000006,0.2805,0.0013453624047073723,0.016,0.017,0.016050000000000002,0.016,0.00021794494717703388,0.126,0.136,0.13165,0.131,0.00313488436788345,0.01,0.011,0.010900000000000002,0.011,0.00029999999999999976,64,64,8192,24576,152064,True,840,4
0.041,0.044,0.04347619047619048,0.044,0.0007315376902731986,0.018000000000000002,0.019,0.018050000000000004,0.018000000000000002,0.00021794494717703315,0.149,0.16,0.15284999999999999,0.152,0.002761792895928298,0.008,0.009000000000000001,0.008450000000000003,0.008,0.0004974937185533105,0.058,0.067,0.0631,0.063,0.0020223748416156695,0.018000000000000002,0.019,0.018250000000000006,0.018000000000000002,0.0004330127018922182,0.28,0.28300000000000003,0.28080000000000005,0.281,0.0007483314773547889,0.016,0.016,0.016000000000000004,0.016,3.469446951953614e-18,0.127,0.137,0.1334,0.134,0.002200000000000002,0.01,0.011,0.010700000000000001,0.011,0.00045825756949558367,64,64,8192,24576,152064,True,832,4
0.041,0.044,0.043523809523809534,0.044,0.0007315376902731987,0.018000000000000002,0.019,0.018100000000000005,0.018000000000000002,0.0002999999999999992,0.148,0.16,0.15315,0.1525,0.003166622806713805,0.008,0.009000000000000001,0.008400000000000001,0.008,0.0004898979485566361,0.059000000000000004,0.067,0.06185,0.061,0.0019306734576307835,0.018000000000000002,0.019,0.018800000000000004,0.019,0.00039999999999999893,0.279,0.281,0.2798,0.28,0.0008124038404635967,0.016,0.016,0.016000000000000004,0.016,3.469446951953614e-18,0.128,0.137,0.13304999999999997,0.1335,0.0025588083163847995,0.01,0.011,0.010150000000000001,0.01,0.00035707142142714214,64,64,8192,24576,152064,True,824,4
0.039,0.043000000000000003,0.04276190476190477,0.043000000000000003,0.0008676603408708863,0.018000000000000002,0.018000000000000002,0.018000000000000006,0.018000000000000002,3.469446951953614e-18,0.15,0.157,0.15294999999999997,0.152,0.0018020821290940115,0.008,0.009000000000000001,0.008150000000000001,0.008,0.0003570714214271428,0.059000000000000004,0.067,0.06284999999999999,0.063,0.0023296995514443504,0.018000000000000002,0.019,0.018250000000000006,0.018000000000000002,0.0004330127018922182,0.279,0.28200000000000003,0.2805000000000001,0.281,0.0008660254037844393,0.016,0.016,0.016000000000000004,0.016,3.469446951953614e-18,0.127,0.137,0.13369999999999999,0.134,0.0019261360284258237,0.01,0.01,0.010000000000000002,0.01,1.734723475976807e-18,64,64,8192,24576,152064,True,816,4
0.04,0.044,0.042428571428571434,0.042,0.0007911070345636261,0.018000000000000002,0.019,0.018050000000000004,0.018000000000000002,0.00021794494717703315,0.148,0.156,0.1527,0.153,0.002471841418861657,0.008,0.009000000000000001,0.008100000000000001,0.008,0.0003000000000000003,0.059000000000000004,0.064,0.06169999999999999,0.062,0.0014177446878757818,0.018000000000000002,0.019,0.018400000000000007,0.018000000000000002,0.0004898979485566343,0.278,0.28,0.27890000000000004,0.279,0.0007681145747868615,0.016,0.016,0.016000000000000004,0.016,3.469446951953614e-18,0.127,0.138,0.13449999999999998,0.135,0.0026551836094703533,0.01,0.011,0.01005,0.01,0.00021794494717703353,64,64,8192,24576,152064,True,808,4
0.038,0.043000000000000003,0.04176190476190477,0.042,0.0009712418121129123,0.018000000000000002,0.018000000000000002,0.018000000000000006,0.018000000000000002,3.469446951953614e-18,0.149,0.156,0.15209999999999996,0.1515,0.002188606862823931,0.008,0.009000000000000001,0.008050000000000002,0.008,0.00021794494717703388,0.06,0.068,0.06285,0.063,0.0020068632240389495,0.018000000000000002,0.019,0.018150000000000006,0.018000000000000002,0.0003570714214271416,0.278,0.281,0.27930000000000005,0.279,0.0007810249675906661,0.015,0.016,0.0158,0.016,0.00040000000000000034,0.127,0.139,0.1331,0.133,0.00289654967159205,0.01,0.011,0.01005,0.01,0.00021794494717703353,64,64,8192,24576,152064,True,800,4
0.039,0.043000000000000003,0.04133333333333335,0.041,0.000776643163347624,0.015,0.016,0.015550000000000003,0.016,0.0004974937185533105,0.146,0.16,0.15235,0.153,0.0032905166767545823,0.008,0.009000000000000001,0.008200000000000002,0.008,0.00040000000000000034,0.059000000000000004,0.066,0.062,0.062,0.0018165902124584953,0.015,0.016,0.015950000000000002,0.016,0.00021794494717703385,0.276,0.281,0.27765,0.277,0.0012757350822173085,0.014,0.014,0.014000000000000002,0.014,1.734723475976807e-18,0.13,0.14,0.13530000000000003,0.135,0.002076053949202671,0.01,0.01,0.010000000000000002,0.01,1.734723475976807e-18,64,64,8192,24576,152064,True,792,4
0.039,0.042,0.04095238095238096,0.041,0.0004856209060564561,0.015,0.016,0.015500000000000003,0.0155,0.0005000000000000004,0.149,0.161,0.15335,0.153,0.002434645764787972,0.008,0.009000000000000001,0.008250000000000002,0.008,0.0004330127018922198,0.059000000000000004,0.066,0.06305,0.063,0.0020118399538730718,0.016,0.016,0.016000000000000004,0.016,3.469446951953614e-18,0.277,0.279,0.2782000000000001,0.278,0.0006000000000000005,0.014,0.014,0.014000000000000002,0.014,1.734723475976807e-18,0.129,0.135,0.13290000000000002,0.133,0.0016093476939431095,0.01,0.01,0.010000000000000002,0.01,1.734723475976807e-18,64,64,8192,24576,152064,True,784,4
0.038,0.041,0.04057142857142858,0.041,0.0007284313590846843,0.015,0.016,0.015150000000000002,0.015,0.0003570714214271428,0.147,0.156,0.15189999999999998,0.1525,0.0026438608132804595,0.008,0.009000000000000001,0.008200000000000002,0.008,0.00040000000000000034,0.06,0.066,0.06194999999999999,0.061,0.0018567444627627157,0.015,0.016,0.0158,0.016,0.00040000000000000034,0.275,0.28,0.2763,0.276,0.0011445523142259609,0.013000000000000001,0.014,0.013850000000000005,0.014,0.0003570714214271422,0.127,0.136,0.13255,0.134,0.002974474743547172,0.01,0.01,0.010000000000000002,0.01,1.734723475976807e-18,64,64,8192,24576,152064,True,776,4
0.036000000000000004,0.041,0.040000000000000015,0.04,0.0009759000729485328,0.015,0.016,0.015150000000000002,0.015,0.0003570714214271428,0.14,0.14400000000000002,0.14225,0.14250000000000002,0.0009937303457175906,0.008,0.008,0.008000000000000002,0.008,1.734723475976807e-18,0.048,0.051000000000000004,0.04995000000000001,0.05,0.0008046738469715547,0.016,0.017,0.016350000000000003,0.016,0.00047696960070847314,0.23700000000000002,0.274,0.24615,0.24,0.013584089958477166,0.014,0.015,0.014150000000000001,0.014,0.0003570714214271422,0.134,0.137,0.1358,0.136,0.0006782329983125276,0.01,0.011,0.010150000000000001,0.01,0.00035707142142714214,64,64,8192,24576,152064,True,768,4
0.038,0.041,0.040238095238095246,0.04,0.0006834619092574922,0.015,0.016,0.015200000000000002,0.015,0.00040000000000000034,0.14,0.14400000000000002,0.14175000000000001,0.14200000000000002,0.0009937303457175906,0.008,0.008,0.008000000000000002,0.008,1.734723475976807e-18,0.047,0.05,0.04910000000000001,0.049,0.0007681145747868615,0.016,0.017,0.016800000000000002,0.017,0.00040000000000000034,0.23700000000000002,0.274,0.24485,0.24,0.011871288893797512,0.014,0.014,0.014000000000000002,0.014,1.734723475976807e-18,0.135,0.137,0.13560000000000003,0.136,0.0005830951894845306,0.01,0.011,0.010150000000000001,0.01,0.00035707142142714214,64,64,8192,24576,152064,True,760,4
0.036000000000000004,0.04,0.039095238095238107,0.039,0.0008109231602822092,0.015,0.015,0.015000000000000003,0.015,3.469446951953614e-18,0.14100000000000001,0.14400000000000002,0.1419,0.14200000000000002,0.0008888194417315598,0.008,0.008,0.008000000000000002,0.008,1.734723475976807e-18,0.049,0.053,0.05075,0.051000000000000004,0.0009420721840708385,0.016,0.017,0.016050000000000002,0.016,0.0002179449471770339,0.23700000000000002,0.274,0.25599999999999995,0.257,0.01722498185775533,0.014,0.015,0.014050000000000002,0.014,0.00021794494717703353,0.133,0.137,0.13519999999999996,0.135,0.0008717797887081354,0.01,0.011,0.01005,0.01,0.00021794494717703353,64,64,8192,24576,152064,True,752,4
0.035,0.04,0.03885714285714287,0.039,0.0008883218145798864,0.015,0.016,0.015050000000000003,0.015,0.00021794494717703385,0.14,0.14300000000000002,0.1414,0.14100000000000001,0.0006633249580710806,0.008,0.008,0.008000000000000002,0.008,1.734723475976807e-18,0.049,0.053,0.050350000000000006,0.05,0.000963068014212911,0.016,0.017,0.016150000000000005,0.016,0.0003570714214271428,0.23800000000000002,0.275,0.2558500000000001,0.256,0.016784740093310952,0.014,0.015,0.014050000000000002,0.014,0.00021794494717703353,0.134,0.136,0.13515000000000002,0.135,0.0006538348415311016,0.01,0.01,0.010000000000000002,0.01,1.734723475976807e-18,64,64,8192,24576,152064,True,744,4
0.036000000000000004,0.039,0.03842857142857144,0.039,0.0007284313590846832,0.015,0.015,0.015000000000000003,0.015,3.469446951953614e-18,0.14,0.14400000000000002,0.1418,0.14200000000000002,0.001029563014098701,0.008,0.008,0.008000000000000002,0.008,1.734723475976807e-18,0.049,0.054,0.051550000000000006,0.052000000000000005,0.0012835497652993425,0.016,0.017,0.016050000000000002,0.016,0.0002179449471770339,0.23800000000000002,0.275,0.2558,0.2555,0.01692512924618303,0.013000000000000001,0.014,0.013950000000000004,0.014,0.00021794494717703353,0.134,0.137,0.13540000000000002,0.135,0.0008602325267042634,0.01,0.01,0.010000000000000002,0.01,1.734723475976807e-18,64,64,8192,24576,152064,True,736,4
0.034,0.039,0.03800000000000001,0.038,0.0009759000729485327,0.015,0.016,0.015050000000000003,0.015,0.00021794494717703385,0.14,0.14400000000000002,0.14135,0.14100000000000001,0.0010136567466356653,0.008,0.008,0.008000000000000002,0.008,1.734723475976807e-18,0.049,0.053,0.050900000000000015,0.051000000000000004,0.0008888194417315589,0.016,0.017,0.016150000000000005,0.016,0.00035707142142714284,0.23700000000000002,0.274,0.2549,0.2555,0.016720944949374122,0.013000000000000001,0.014,0.013900000000000004,0.014,0.00029999999999999976,0.133,0.136,0.13465,0.135,0.0008529361054615998,0.01,0.01,0.010000000000000002,0.01,1.734723475976807e-18,64,64,8192,24576,152064,True,728,4
0.034,0.038,0.037238095238095244,0.037,0.0008676603408708851,0.015,0.016,0.015050000000000003,0.015,0.00021794494717703385,0.14,0.14300000000000002,0.14150000000000001,0.14100000000000001,0.000741619848709567,0.007,0.008,0.007950000000000002,0.008,0.00021794494717703366,0.051000000000000004,0.054,0.05230000000000001,0.052000000000000005,0.0008426149773176337,0.015,0.016,0.015900000000000004,0.016,0.0003000000000000003,0.23700000000000002,0.274,0.25520000000000004,0.2545,0.017223820714347908,0.014,0.014,0.014000000000000002,0.014,1.734723475976807e-18,0.134,0.136,0.13495,0.135,0.0007399324293474378,0.009000000000000001,0.01,0.009950000000000004,0.01,0.00021794494717703353,64,64,8192,24576,152064,True,720,4
0.034,0.038,0.037000000000000005,0.037,0.0007559289460184537,0.015,0.015,0.015000000000000003,0.015,3.469446951953614e-18,0.139,0.14400000000000002,0.14085000000000003,0.14100000000000001,0.0011079259903080177,0.008,0.008,0.008000000000000002,0.008,1.734723475976807e-18,0.05,0.054,0.05200000000000001,0.052000000000000005,0.0008944271909999143,0.015,0.016,0.015850000000000003,0.016,0.0003570714214271428,0.23600000000000002,0.272,0.25255,0.23900000000000002,0.016521122843196828,0.013000000000000001,0.014,0.013800000000000003,0.014,0.0003999999999999997,0.133,0.135,0.13440000000000002,0.1345,0.0006633249580710806,0.009000000000000001,0.01,0.009950000000000002,0.01,0.00021794494717703347,64,64,8192,24576,152064,True,712,4
0.035,0.038,0.03723809523809525,0.037,0.0006834619092574911,0.015,0.016,0.015050000000000003,0.015,0.00021794494717703385,0.14,0.14300000000000002,0.14155,0.14100000000000001,0.0008046738469715548,0.007,0.008,0.007850000000000001,0.008,0.0003570714214271425,0.051000000000000004,0.055,0.0536,0.0535,0.0011999999999999995,0.015,0.016,0.0158,0.016,0.00040000000000000034,0.23600000000000002,0.273,0.2549,0.2545,0.017415223225672422,0.013000000000000001,0.014,0.013750000000000004,0.014,0.00043301270189221897,0.134,0.137,0.13545000000000001,0.135,0.0006689544080129831,0.009000000000000001,0.01,0.009650000000000002,0.01,0.0004769696007084724,64,64,8192,24576,152064,True,704,4
0.034,0.038,0.036857142857142866,0.037,0.0007737179432986617,0.015,0.016,0.015050000000000003,0.015,0.00021794494717703385,0.139,0.14300000000000002,0.14125000000000004,0.14100000000000001,0.0009420721840708395,0.007,0.008,0.007850000000000001,0.008,0.0003570714214271425,0.051000000000000004,0.054,0.05245000000000001,0.052000000000000005,0.0008046738469715518,0.016,0.016,0.016000000000000004,0.016,3.469446951953614e-18,0.23600000000000002,0.272,0.24569999999999997,0.23750000000000002,0.014533065746772085,0.013000000000000001,0.014,0.013250000000000003,0.013000000000000001,0.00043301270189221897,0.134,0.136,0.13485,0.135,0.0006538348415311016,0.009000000000000001,0.01,0.009250000000000003,0.009000000000000001,0.00043301270189221897,64,64,8192,24576,152064,True,696,4
0.032,0.037,0.03600000000000001,0.036000000000000004,0.0009759000729485327,0.015,0.015,0.015000000000000003,0.015,3.469446951953614e-18,0.14,0.14300000000000002,0.14125000000000004,0.14100000000000001,0.0010428326807307114,0.007,0.008,0.007600000000000001,0.008,0.0004898979485566356,0.051000000000000004,0.056,0.05295000000000001,0.053,0.001071214264281426,0.015,0.016,0.015600000000000003,0.016,0.0004898979485566361,0.23600000000000002,0.273,0.24970000000000003,0.23900000000000002,0.016103105290595356,0.013000000000000001,0.014,0.013250000000000003,0.013000000000000001,0.00043301270189221897,0.134,0.137,0.1351,0.135,0.0008306623862918082,0.009000000000000001,0.01,0.009150000000000002,0.009000000000000001,0.00035707142142714214,64,64,8192,24576,152064,True,688,4
0.032,0.036000000000000004,0.03561904761904763,0.036000000000000004,0.0008984743935292013,0.015,0.015,0.015000000000000003,0.015,3.469446951953614e-18,0.139,0.14300000000000002,0.1405,0.1405,0.0009746794344808971,0.007,0.008,0.007350000000000001,0.007,0.0004769696007084728,0.05,0.054,0.051750000000000004,0.052000000000000005,0.0009420721840708377,0.015,0.016,0.015750000000000004,0.016,0.00043301270189221973,0.23500000000000001,0.271,0.24730000000000002,0.23800000000000002,0.015323511346946563,0.013000000000000001,0.014,0.013050000000000003,0.013000000000000001,0.00021794494717703353,0.134,0.137,0.13469999999999996,0.135,0.0007141428428542856,0.009000000000000001,0.01,0.009150000000000002,0.009000000000000001,0.00035707142142714214,64,64,8192,24576,152064,True,680,4
0.032,0.037,0.03523809523809525,0.035,0.0009712418121129111,0.014,0.015,0.014850000000000002,0.015,0.0003570714214271422,0.138,0.14200000000000002,0.13945000000000002,0.1395,0.001023474474522937,0.008,0.008,0.008000000000000002,0.008,1.734723475976807e-18,0.051000000000000004,0.054,0.05230000000000001,0.052000000000000005,0.0010049875621120868,0.015,0.016,0.015300000000000003,0.015,0.0004582575694955843,0.23500000000000001,0.272,0.25375,0.2545,0.01687861072481974,0.013000000000000001,0.014,0.013200000000000003,0.013000000000000001,0.0003999999999999997,0.133,0.136,0.13440000000000002,0.1345,0.0008000000000000007,0.009000000000000001,0.009000000000000001,0.009000000000000003,0.009000000000000001,1.734723475976807e-18,64,64,8192,24576,152064,True,672,4
0.032,0.036000000000000004,0.035142857142857156,0.035,0.000888321814579888,0.014,0.015,0.014900000000000002,0.015,0.00029999999999999976,0.137,0.14300000000000002,0.13955,0.1395,0.0010712142642814286,0.008,0.008,0.008000000000000002,0.008,1.734723475976807e-18,0.049,0.053,0.05100000000000001,0.051000000000000004,0.0009486832980505138,0.015,0.016,0.015650000000000004,0.016,0.00047696960070847325,0.23500000000000001,0.271,0.24829999999999997,0.23700000000000002,0.016361845861637987,0.013000000000000001,0.013000000000000001,0.013000000000000003,0.013000000000000001,1.734723475976807e-18,0.134,0.136,0.1348,0.135,0.0007483314773547889,0.009000000000000001,0.009000000000000001,0.009000000000000003,0.009000000000000001,1.734723475976807e-18,64,64,8192,24576,152064,True,664,4
0.031,0.036000000000000004,0.03442857142857144,0.035,0.0009547589359887351,0.014,0.015,0.014050000000000002,0.014,0.00021794494717703353,0.138,0.14200000000000002,0.13905000000000003,0.139,0.0009205976319760994,0.007,0.008,0.007850000000000001,0.008,0.0003570714214271425,0.054,0.057,0.055400000000000005,0.055,0.0009165151389911689,0.014,0.015,0.014350000000000002,0.014,0.0004769696007084724,0.23500000000000001,0.271,0.24655000000000005,0.23700000000000002,0.015269168281212964,0.013000000000000001,0.013000000000000001,0.013000000000000003,0.013000000000000001,1.734723475976807e-18,0.133,0.136,0.13445000000000001,0.135,0.0008046738469715547,0.009000000000000001,0.009000000000000001,0.009000000000000003,0.009000000000000001,1.734723475976807e-18,64,64,8192,24576,152064,True,656,4
0.031,0.035,0.03385714285714286,0.034,0.0007095078297976834,0.014,0.014,0.014000000000000002,0.014,1.734723475976807e-18,0.138,0.176,0.14075000000000004,0.139,0.008117111555227013,0.007,0.008,0.007750000000000002,0.008,0.0004330127018922194,0.049,0.052000000000000005,0.050850000000000006,0.051000000000000004,0.0008529361054615998,0.014,0.015,0.014800000000000002,0.015,0.0003999999999999997,0.23500000000000001,0.272,0.25115,0.23700000000000002,0.016980209068206437,0.012,0.013000000000000001,0.012950000000000003,0.013000000000000001,0.00021794494717703385,0.133,0.136,0.13415,0.134,0.0007921489758877437,0.009000000000000001,0.009000000000000001,0.009000000000000003,0.009000000000000001,1.734723475976807e-18,64,64,8192,24576,152064,True,648,4
0.031,0.035,0.03390476190476192,0.034,0.0008676603408708864,0.014,0.015,0.014050000000000002,0.014,0.00021794494717703353,0.091,0.096,0.09255,0.092,0.0009733961166965903,0.007,0.007,0.007000000000000001,0.007,8.673617379884035e-19,0.045,0.051000000000000004,0.04815000000000001,0.048,0.0012757350822173085,0.014,0.015,0.014250000000000002,0.014,0.00043301270189221897,0.256,0.276,0.26264999999999994,0.2615,0.0058333095237609375,0.012,0.013000000000000001,0.012050000000000002,0.012,0.0002179449471770339,0.123,0.134,0.12919999999999998,0.1295,0.0031559467676119026,0.008,0.009000000000000001,0.008900000000000002,0.009000000000000001,0.0003000000000000003,64,64,8192,24576,152064,True,640,4
0.03,0.034,0.03342857142857144,0.034,0.000903507902905252,0.014,0.014,0.014000000000000002,0.014,1.734723475976807e-18,0.092,0.096,0.093,0.093,0.0008944271909999167,0.006,0.007,0.006950000000000002,0.007,0.00021794494717703366,0.045,0.052000000000000005,0.04710000000000001,0.047,0.0017000000000000016,0.014,0.015,0.014100000000000001,0.014,0.00029999999999999976,0.256,0.292,0.26530000000000004,0.2615,0.010517128885774857,0.012,0.013000000000000001,0.012150000000000003,0.012,0.0003570714214271428,0.123,0.134,0.12800000000000003,0.127,0.0037947331922020583,0.008,0.009000000000000001,0.008650000000000001,0.009000000000000001,0.0004769696007084733,64,64,8192,24576,152064,True,632,4
0.03,0.034,0.03300000000000001,0.033,0.0007559289460184551,0.014,0.014,0.014000000000000002,0.014,1.734723475976807e-18,0.092,0.097,0.09275000000000001,0.0925,0.0011346805717910226,0.006,0.007,0.006850000000000002,0.007,0.0003570714214271425,0.044,0.052000000000000005,0.047700000000000006,0.048,0.0019519221295943151,0.014,0.015,0.014250000000000002,0.014,0.00043301270189221897,0.256,0.28700000000000003,0.265,0.2635,0.007924645102463587,0.012,0.013000000000000001,0.012050000000000002,0.012,0.0002179449471770339,0.123,0.134,0.12915,0.129,0.003424543765233556,0.008,0.009000000000000001,0.008150000000000001,0.008,0.0003570714214271428,64,64,8192,24576,152064,True,624,4
0.03,0.033,0.03228571428571429,0.032,0.0006998542122237659,0.014,0.014,0.014000000000000002,0.014,1.734723475976807e-18,0.092,0.095,0.09245,0.092,0.0007399324293474377,0.006,0.007,0.006750000000000002,0.007,0.0004330127018922194,0.045,0.05,0.04700000000000001,0.047,0.0013038404810405309,0.014,0.015,0.014150000000000001,0.014,0.00035707142142714214,0.253,0.28800000000000003,0.26255,0.26,0.007651633812461239,0.011,0.013000000000000001,0.012050000000000002,0.012,0.0003840572873934307,0.123,0.134,0.128,0.1275,0.003728270376461453,0.008,0.008,0.008000000000000002,0.008,1.734723475976807e-18,64,64,8192,24576,152064,True,616,4
0.029,0.033,0.03200000000000001,0.032,0.0007559289460184545,0.014,0.014,0.014000000000000002,0.014,1.734723475976807e-18,0.092,0.095,0.09225000000000001,0.092,0.0006982120021884477,0.006,0.007,0.006650000000000001,0.007,0.00047696960070847287,0.044,0.051000000000000004,0.04765000000000001,0.048,0.0015580436450882897,0.014,0.015,0.0142,0.014,0.0003999999999999996,0.255,0.289,0.2631,0.2595,0.00863075894692929,0.011,0.012,0.011900000000000003,0.012,0.00030000000000000024,0.124,0.135,0.1293,0.1295,0.003465544690232694,0.008,0.009000000000000001,0.008100000000000001,0.008,0.0003000000000000003,64,64,8192,24576,152064,True,608,4
0.028,0.032,0.03128571428571429,0.031,0.0008806305718527111,0.014,0.015,0.014050000000000002,0.014,0.00021794494717703353,0.091,0.095,0.09200000000000001,0.092,0.0008366600265340763,0.006,0.007,0.006550000000000002,0.007,0.00049749371855331,0.044,0.05,0.04685000000000001,0.0465,0.001589811309558466,0.014,0.015,0.014100000000000001,0.014,0.00029999999999999976,0.255,0.289,0.26370000000000005,0.2625,0.007616429609731844,0.011,0.013000000000000001,0.011850000000000003,0.012,0.0005722761571129804,0.124,0.135,0.1282,0.127,0.0037229020937972605,0.008,0.009000000000000001,0.008050000000000002,0.008,0.0002179449471770339,64,64,8192,24576,152064,True,600,4
0.028,0.032,0.031047619047619053,0.031,0.000785353452498602,0.014,0.014,0.014000000000000002,0.014,1.734723475976807e-18,0.091,0.096,0.09230000000000002,0.092,0.0009539392014169466,0.006,0.007,0.0065000000000000014,0.006500000000000001,0.0005,0.045,0.05,0.04650000000000001,0.0465,0.0014317821063276365,0.014,0.015,0.014100000000000001,0.014,0.00029999999999999976,0.256,0.28600000000000003,0.26504999999999995,0.2635,0.009024826868145458,0.011,0.013000000000000001,0.011600000000000003,0.012,0.0005830951894845307,0.123,0.136,0.1279,0.127,0.003672873534441395,0.008,0.009000000000000001,0.008100000000000001,0.008,0.0003000000000000003,64,64,8192,24576,152064,True,592,4
0.027,0.031,0.030095238095238102,0.03,0.0008109231602822097,0.014,0.014,0.014000000000000002,0.014,1.734723475976807e-18,0.09,0.094,0.0913,0.091,0.0009000000000000008,0.006,0.007,0.006550000000000002,0.007,0.00049749371855331,0.045,0.052000000000000005,0.04740000000000001,0.047,0.0017435595774162713,0.014,0.014,0.014000000000000002,0.014,1.734723475976807e-18,0.256,0.272,0.26380000000000003,0.263,0.004686149805543997,0.011,0.012,0.011600000000000003,0.012,0.0004898979485566361,0.124,0.133,0.12905000000000003,0.129,0.0030409702399069967,0.008,0.009000000000000001,0.008100000000000001,0.008,0.0003000000000000003,64,64,8192,24576,152064,True,584,4
0.027,0.031,0.030476190476190483,0.031,0.0009060141709733548,0.014,0.014,0.014000000000000002,0.014,1.734723475976807e-18,0.091,0.095,0.09185000000000001,0.092,0.0008529361054615998,0.006,0.007,0.0062000000000000015,0.006,0.0004,0.044,0.053,0.047450000000000006,0.046,0.002889204042638735,0.014,0.015,0.014100000000000001,0.014,0.00029999999999999976,0.26,0.28,0.26645,0.266,0.005014728307695247,0.011,0.012,0.011500000000000002,0.0115,0.0005000000000000004,0.095,0.098,0.09665,0.097,0.0007921489758877437,0.008,0.008,0.008000000000000002,0.008,1.734723475976807e-18,64,64,8192,24576,152064,True,576,4
0.026000000000000002,0.031,0.029857142857142863,0.03,0.0008883218145798864,0.014,0.015,0.014050000000000002,0.014,0.00021794494717703353,0.09,0.095,0.0915,0.091,0.0010246950765959606,0.006,0.007,0.006150000000000001,0.006,0.0003570714214271425,0.044,0.051000000000000004,0.04710000000000001,0.047,0.002321637353248782,0.014,0.014,0.014000000000000002,0.014,1.734723475976807e-18,0.256,0.275,0.26265000000000005,0.261,0.004850515436528374,0.011,0.012,0.011550000000000001,0.012,0.0004974937185533104,0.095,0.123,0.10245000000000001,0.096,0.011443229439279803,0.007,0.008,0.007950000000000002,0.008,0.0002179449471770337,64,64,8192,24576,152064,True,568,4
0.026000000000000002,0.03,0.029809523809523814,0.03,0.0008518354199999192,0.014,0.014,0.014000000000000002,0.014,1.734723475976807e-18,0.091,0.094,0.09165000000000001,0.092,0.0007262919523166982,0.006,0.007,0.0060500000000000016,0.006,0.0002179449471770337,0.043000000000000003,0.053,0.047450000000000006,0.047,0.002333988003396762,0.014,0.014,0.014000000000000002,0.014,1.734723475976807e-18,0.258,0.29,0.26625,0.2645,0.007182443873780007,0.011,0.012,0.011350000000000002,0.011,0.0004769696007084732,0.096,0.098,0.09685,0.097,0.0007921489758877436,0.007,0.008,0.007800000000000001,0.008,0.0004,64,64,8192,24576,152064,True,560,4
0.026000000000000002,0.029,0.02880952380952382,0.029,0.000663256584627815,0.014,0.014,0.014000000000000002,0.014,1.734723475976807e-18,0.09,0.094,0.09104999999999999,0.091,0.0008645808232895298,0.006,0.006,0.006000000000000001,0.006,8.673617379884035e-19,0.042,0.049,0.04630000000000001,0.0465,0.0016462077633154328,0.014,0.014,0.014000000000000002,0.014,1.734723475976807e-18,0.257,0.279,0.26304999999999995,0.2615,0.005526979283478458,0.011,0.012,0.011300000000000001,0.011,0.0004582575694955844,0.123,0.136,0.127,0.125,0.0035916569992135976,0.008,0.008,0.008000000000000002,0.008,1.734723475976807e-18,64,64,8192,24576,152064,True,552,4
0.026000000000000002,0.029,0.028761904761904773,0.029,0.0006834619092574916,0.013000000000000001,0.014,0.013950000000000004,0.014,0.00021794494717703353,0.09,0.094,0.0913,0.091,0.0008426149773176366,0.006,0.006,0.006000000000000001,0.006,8.673617379884035e-19,0.044,0.051000000000000004,0.04640000000000001,0.046,0.0019849433241279227,0.014,0.014,0.014000000000000002,0.014,1.734723475976807e-18,0.259,0.273,0.26595,0.2665,0.0035139009661628233,0.011,0.012,0.011100000000000002,0.011,0.00030000000000000024,0.121,0.134,0.12705000000000002,0.126,0.003598263470064417,0.007,0.008,0.007750000000000002,0.008,0.0004330127018922194,64,64,8192,24576,152064,True,544,4
0.025,0.029,0.028000000000000008,0.028,0.0007559289460184545,0.013000000000000001,0.014,0.013950000000000004,0.014,0.00021794494717703353,0.09,0.094,0.091,0.091,0.0008944271909999167,0.006,0.006,0.006000000000000001,0.006,8.673617379884035e-19,0.044,0.049,0.04630000000000001,0.046,0.0015524174696260038,0.013000000000000001,0.014,0.013950000000000004,0.014,0.00021794494717703353,0.258,0.28800000000000003,0.26560000000000006,0.2645,0.006506919393998981,0.011,0.012,0.011100000000000002,0.011,0.00030000000000000024,0.122,0.132,0.1254,0.124,0.003231098884280705,0.007,0.008,0.007750000000000002,0.008,0.0004330127018922194,64,64,8192,24576,152064,True,536,4
0.026000000000000002,0.029,0.028047619047619057,0.028,0.0005753831415997413,0.011,0.012,0.011350000000000002,0.011,0.00047696960070847314,0.091,0.095,0.09144999999999999,0.091,0.0009205976319760994,0.005,0.006,0.005300000000000001,0.005,0.00045825756949558405,0.044,0.051000000000000004,0.04725000000000001,0.047,0.001946150045602858,0.011,0.012,0.01105,0.011,0.0002179449471770339,0.259,0.28500000000000003,0.26785000000000003,0.2695,0.007051772826743647,0.009000000000000001,0.01,0.009250000000000003,0.009000000000000001,0.00043301270189221897,0.122,0.133,0.1271,0.127,0.003207802986469091,0.007,0.008,0.007200000000000001,0.007,0.0004,64,64,8192,24576,152064,True,528,4
0.025,0.028,0.027095238095238103,0.027,0.0006098213559459856,0.011,0.011,0.011000000000000001,0.011,1.734723475976807e-18,0.089,0.092,0.0897,0.09,0.0007810249675906662,0.005,0.006,0.005300000000000001,0.005,0.00045825756949558405,0.043000000000000003,0.051000000000000004,0.046450000000000005,0.0465,0.0024591665254715886,0.011,0.012,0.01105,0.011,0.0002179449471770339,0.256,0.294,0.2691,0.2675,0.008740137298692737,0.009000000000000001,0.01,0.009150000000000002,0.009000000000000001,0.00035707142142714214,0.122,0.131,0.12645,0.126,0.003442019755899147,0.007,0.008,0.007150000000000001,0.007,0.0003570714214271425,64,64,8192,24576,152064,True,520,4
0.024,0.028,0.027142857142857153,0.027,0.000832993127835043,0.011,0.011,0.011000000000000001,0.011,1.734723475976807e-18,0.088,0.09,0.0884,0.088,0.0005830951894845307,0.005,0.005,0.005000000000000001,0.005,8.673617379884035e-19,0.027,0.028,0.027950000000000003,0.028,0.00021794494717703385,0.011,0.011,0.011000000000000001,0.011,1.734723475976807e-18,0.152,0.154,0.15230000000000002,0.152,0.0005567764362830027,0.008,0.009000000000000001,0.008950000000000003,0.009000000000000001,0.00021794494717703385,0.07,0.07200000000000001,0.0713,0.07100000000000001,0.0005567764362830027,0.006,0.006,0.006000000000000001,0.006,8.673617379884035e-19,64,64,8192,24576,152064,True,512,4
0.024,0.028,0.026619047619047626,0.027,0.0007853534524986014,0.011,0.012,0.01105,0.011,0.00021794494717703388,0.08700000000000001,0.089,0.08805,0.088,0.0004974937185533076,0.005,0.005,0.005000000000000001,0.005,8.673617379884035e-19,0.027,0.028,0.027950000000000003,0.028,0.00021794494717703385,0.011,0.011,0.011000000000000001,0.011,1.734723475976807e-18,0.151,0.154,0.15189999999999998,0.152,0.0007681145747868615,0.009000000000000001,0.009000000000000001,0.009000000000000003,0.009000000000000001,1.734723475976807e-18,0.07100000000000001,0.073,0.0716,0.07200000000000001,0.0005830951894845289,0.006,0.006,0.006000000000000001,0.006,8.673617379884035e-19,64,64,8192,24576,152064,True,504,4
0.024,0.027,0.02633333333333334,0.026000000000000002,0.0007126966450997975,0.011,0.012,0.01105,0.011,0.0002179449471770339,0.08700000000000001,0.09,0.08775,0.088,0.0006982120021884424,0.005,0.005,0.005000000000000001,0.005,8.673617379884035e-19,0.027,0.028,0.0279,0.028,0.0003000000000000003,0.011,0.011,0.011000000000000001,0.011,1.734723475976807e-18,0.149,0.152,0.15094999999999997,0.151,0.0007399324293474377,0.008,0.009000000000000001,0.008900000000000002,0.009000000000000001,0.0003000000000000003,0.07,0.07200000000000001,0.0714,0.07100000000000001,0.0005830951894845307,0.006,0.006,0.006000000000000001,0.006,8.673617379884035e-19,64,64,8192,24576,152064,True,496,4
0.023,0.026000000000000002,0.025428571428571436,0.026000000000000002,0.0007284313590846842,0.011,0.011,0.011000000000000001,0.011,1.734723475976807e-18,0.08600000000000001,0.088,0.08715,0.08700000000000001,0.0004769696007084683,0.005,0.005,0.005000000000000001,0.005,8.673617379884035e-19,0.027,0.028,0.027850000000000003,0.028,0.00035707142142714284,0.011,0.011,0.011000000000000001,0.011,1.734723475976807e-18,0.149,0.151,0.15019999999999997,0.15,0.0006000000000000005,0.008,0.009000000000000001,0.008950000000000003,0.009000000000000001,0.00021794494717703388,0.069,0.074,0.07215,0.07200000000000001,0.0009630680142129075,0.006,0.006,0.006000000000000001,0.006,8.673617379884035e-19,64,64,8192,24576,152064,True,488,4
0.023,0.027,0.025476190476190482,0.026000000000000002,0.000793968190501575,0.01,0.012,0.011000000000000001,0.011,0.000316227766016838,0.08700000000000001,0.089,0.08770000000000001,0.088,0.0005567764362829965,0.005,0.005,0.005000000000000001,0.005,8.673617379884035e-19,0.027,0.028,0.0279,0.028,0.0003000000000000003,0.011,0.011,0.011000000000000001,0.011,1.734723475976807e-18,0.15,0.152,0.15099999999999997,0.151,0.0005477225575051667,0.008,0.009000000000000001,0.008850000000000002,0.009000000000000001,0.0003570714214271428,0.07100000000000001,0.074,0.0724,0.07200000000000001,0.0008602325267042576,0.006,0.006,0.006000000000000001,0.006,8.673617379884035e-19,64,64,8192,24576,152064,True,480,4
0.022,0.026000000000000002,0.02495238095238096,0.025,0.000722178613719196,0.011,0.012,0.01105,0.011,0.0002179449471770339,0.08600000000000001,0.088,0.08680000000000002,0.08700000000000001,0.0005999999999999978,0.005,0.005,0.005000000000000001,0.005,8.673617379884035e-19,0.027,0.028,0.027750000000000004,0.028,0.0004330127018922198,0.011,0.011,0.011000000000000001,0.011,1.734723475976807e-18,0.149,0.152,0.15014999999999998,0.15,0.0006538348415311016,0.008,0.009000000000000001,0.008650000000000001,0.009000000000000001,0.0004769696007084733,0.07200000000000001,0.076,0.07385,0.074,0.0013143439428094886,0.006,0.006,0.006000000000000001,0.006,8.673617379884035e-19,64,64,8192,24576,152064,True,472,4
0.022,0.026000000000000002,0.02495238095238096,0.025,0.000722178613719196,0.011,0.011,0.011000000000000001,0.011,1.734723475976807e-18,0.08700000000000001,0.088,0.08735,0.08700000000000001,0.00047696960070846663,0.005,0.005,0.005000000000000001,0.005,8.673617379884035e-19,0.027,0.028,0.027350000000000003,0.027,0.00047696960070847325,0.011,0.011,0.011000000000000001,0.011,1.734723475976807e-18,0.149,0.151,0.15054999999999996,0.151,0.0005894913061275802,0.008,0.009000000000000001,0.008500000000000002,0.0085,0.0005000000000000004,0.07100000000000001,0.075,0.0728,0.073,0.0010770329614268963,0.006,0.006,0.006000000000000001,0.006,8.673617379884035e-19,64,64,8192,24576,152064,True,464,4
0.021,0.025,0.024190476190476196,0.024,0.0008518354199999199,0.011,0.011,0.011000000000000001,0.011,1.734723475976807e-18,0.085,0.088,0.08665000000000002,0.08700000000000001,0.0006538348415311002,0.005,0.005,0.005000000000000001,0.005,8.673617379884035e-19,0.027,0.028,0.027250000000000003,0.027,0.00043301270189221973,0.011,0.011,0.011000000000000001,0.011,1.734723475976807e-18,0.149,0.151,0.15009999999999998,0.15,0.0006244997998398404,0.008,0.009000000000000001,0.008400000000000001,0.008,0.0004898979485566361,0.073,0.078,0.07535,0.075,0.0017109938632268687,0.006,0.006,0.006000000000000001,0.006,8.673617379884035e-19,64,64,8192,24576,152064,True,456,4
0.021,0.025,0.02414285714285715,0.024,0.0008329931278350432,0.01,0.011,0.010950000000000001,0.011,0.00021794494717703347,0.08600000000000001,0.088,0.08680000000000002,0.08700000000000001,0.0005099019513592774,0.005,0.005,0.005000000000000001,0.005,8.673617379884035e-19,0.028,0.029,0.028950000000000004,0.029,0.00021794494717703385,0.011,0.011,0.011000000000000001,0.011,1.734723475976807e-18,0.17,0.17200000000000001,0.17145000000000002,0.1715,0.0005894913061275802,0.009000000000000001,0.009000000000000001,0.009000000000000003,0.009000000000000001,1.734723475976807e-18,0.074,0.076,0.07525,0.075,0.0006982120021884477,0.005,0.006,0.005850000000000001,0.006,0.0003570714214271425,64,64,8192,24576,152064,True,448,4
0.021,0.025,0.02390476190476191,0.024,0.0006834619092574916,0.01,0.011,0.010950000000000001,0.011,0.00021794494717703347,0.085,0.08700000000000001,0.08565,0.08600000000000001,0.0005722761571129803,0.005,0.005,0.005000000000000001,0.005,8.673617379884035e-19,0.028,0.029,0.028950000000000004,0.029,0.00021794494717703388,0.01,0.011,0.010950000000000001,0.011,0.00021794494717703347,0.168,0.171,0.16900000000000004,0.169,0.0008944271909999168,0.009000000000000001,0.009000000000000001,0.009000000000000003,0.009000000000000001,1.734723475976807e-18,0.074,0.08,0.076,0.075,0.0019493588689617944,0.005,0.006,0.0056500000000000005,0.006,0.0004769696007084729,64,64,8192,24576,152064,True,440,4
0.02,0.024,0.02290476190476191,0.023,0.0006834619092574917,0.01,0.011,0.010950000000000001,0.011,0.00021794494717703347,0.085,0.088,0.08615000000000002,0.08600000000000001,0.0005722761571129782,0.005,0.005,0.005000000000000001,0.005,8.673617379884035e-19,0.029,0.03,0.029150000000000002,0.029,0.0003570714214271416,0.011,0.011,0.011000000000000001,0.011,1.734723475976807e-18,0.169,0.17200000000000001,0.16985,0.17,0.0007262919523166982,0.009000000000000001,0.009000000000000001,0.009000000000000003,0.009000000000000001,1.734723475976807e-18,0.074,0.077,0.07525000000000001,0.075,0.0010428326807307114,0.005,0.006,0.005300000000000001,0.005,0.000458257569495584,64,64,8192,24576,152064,True,432,4
0.021,0.024,0.022952380952380957,0.023,0.0005753831415997415,0.011,0.011,0.011000000000000001,0.011,1.734723475976807e-18,0.085,0.08700000000000001,0.08600000000000002,0.08600000000000001,0.0006324555320336764,0.005,0.005,0.005000000000000001,0.005,8.673617379884035e-19,0.029,0.03,0.029500000000000005,0.0295,0.0004999999999999987,0.01,0.011,0.010850000000000002,0.011,0.00035707142142714224,0.168,0.171,0.16940000000000002,0.169,0.0008000000000000007,0.009000000000000001,0.009000000000000001,0.009000000000000003,0.009000000000000001,1.734723475976807e-18,0.073,0.078,0.0752,0.075,0.0012884098726725138,0.005,0.006,0.0051,0.005,0.00030000000000000003,64,64,8192,24576,152064,True,424,4
0.02,0.023,0.0220952380952381,0.022,0.0006098213559459857,0.011,0.012,0.011250000000000001,0.011,0.0004330127018922198,0.08600000000000001,0.088,0.08625000000000002,0.08600000000000001,0.0005361902647381787,0.005,0.005,0.005000000000000001,0.005,8.673617379884035e-19,0.035,0.036000000000000004,0.035100000000000006,0.035,0.00030000000000000024,0.01,0.011,0.0108,0.011,0.0003999999999999997,0.169,0.171,0.1698,0.17,0.0006000000000000005,0.009000000000000001,0.009000000000000001,0.009000000000000003,0.009000000000000001,1.734723475976807e-18,0.07200000000000001,0.076,0.0746,0.075,0.0009165151389911669,0.005,0.005,0.005000000000000001,0.005,8.673617379884035e-19,64,64,8192,24576,152064,True,416,4
0.02,0.022,0.021809523809523813,0.022,0.0004994327848429286,0.011,0.011,0.011000000000000001,0.011,1.734723475976807e-18,0.084,0.08600000000000001,0.08505,0.085,0.0005894913061275802,0.005,0.005,0.005000000000000001,0.005,8.673617379884035e-19,0.035,0.036000000000000004,0.035100000000000006,0.035,0.00030000000000000024,0.01,0.011,0.010750000000000001,0.011,0.0004330127018922189,0.168,0.17,0.16885000000000003,0.169,0.0005722761571129803,0.009000000000000001,0.009000000000000001,0.009000000000000003,0.009000000000000001,1.734723475976807e-18,0.076,0.083,0.08005000000000001,0.081,0.0029236107812087462,0.005,0.005,0.005000000000000001,0.005,8.673617379884035e-19,64,64,8192,24576,152064,True,408,4
0.019,0.022,0.021190476190476194,0.021,0.0006632565846278148,0.01,0.011,0.010950000000000001,0.011,0.00021794494717703347,0.085,0.08700000000000001,0.08615000000000002,0.08600000000000001,0.0004769696007084733,0.004,0.005,0.004850000000000002,0.005,0.0003570714214271425,0.035,0.036000000000000004,0.03505000000000001,0.035,0.00021794494717703385,0.01,0.011,0.010900000000000002,0.011,0.00029999999999999976,0.168,0.171,0.16925000000000004,0.169,0.0006982120021884476,0.008,0.009000000000000001,0.008800000000000002,0.009000000000000001,0.00040000000000000034,0.075,0.078,0.07675,0.077,0.0010428326807307114,0.005,0.005,0.005000000000000001,0.005,8.673617379884035e-19,64,64,8192,24576,152064,True,400,4
0.019,0.022,0.021095238095238097,0.021,0.0006098213559459851,0.011,0.011,0.011000000000000001,0.011,1.734723475976807e-18,0.084,0.08600000000000001,0.08480000000000001,0.085,0.0006782329983125273,0.004,0.005,0.004050000000000001,0.004,0.0002179449471770337,0.035,0.036000000000000004,0.03520000000000001,0.035,0.0004000000000000003,0.01,0.011,0.010750000000000001,0.011,0.00043301270189221897,0.165,0.169,0.1675,0.168,0.0008660254037844395,0.008,0.009000000000000001,0.008700000000000003,0.009000000000000001,0.0004582575694955844,0.075,0.083,0.07855000000000001,0.0775,0.0028368115905008594,0.005,0.005,0.005000000000000001,0.005,8.673617379884035e-19,64,64,8192,24576,152064,True,392,4
0.019,0.021,0.020523809523809527,0.021,0.0005870870479018079,0.011,0.011,0.011000000000000001,0.011,1.734723475976807e-18,0.085,0.08700000000000001,0.08620000000000001,0.08600000000000001,0.0005099019513592789,0.004,0.005,0.004050000000000001,0.004,0.0002179449471770337,0.026000000000000002,0.027,0.02695000000000001,0.027,0.00021794494717703315,0.01,0.011,0.010700000000000001,0.011,0.00045825756949558367,0.183,0.189,0.18530000000000002,0.185,0.0013076696830622034,0.008,0.009000000000000001,0.008150000000000001,0.008,0.0003570714214271428,0.063,0.064,0.06325,0.063,0.00043301270189221973,0.005,0.005,0.005000000000000001,0.005,8.673617379884035e-19,64,64,8192,24576,152064,True,384,4
0.019,0.021,0.020238095238095243,0.02,0.000525969572247013,0.011,0.011,0.011000000000000001,0.011,1.734723475976807e-18,0.085,0.08600000000000001,0.08560000000000001,0.08600000000000001,0.0004898979485566361,0.004,0.004,0.004000000000000001,0.004,8.673617379884035e-19,0.026000000000000002,0.027,0.02670000000000001,0.027,0.0004582575694955828,0.01,0.011,0.010850000000000002,0.011,0.00035707142142714224,0.185,0.189,0.18635,0.186,0.0009096702699330135,0.008,0.009000000000000001,0.008350000000000002,0.008,0.00047696960070847325,0.062,0.064,0.063,0.063,0.00044721359549995833,0.005,0.005,0.005000000000000001,0.005,8.673617379884035e-19,64,64,8192,24576,152064,True,376,4
0.018000000000000002,0.02,0.019857142857142865,0.02,0.00046656947481584323,0.011,0.011,0.011000000000000001,0.011,1.734723475976807e-18,0.085,0.08700000000000001,0.08625000000000002,0.08600000000000001,0.0005361902647381809,0.004,0.004,0.004000000000000001,0.004,8.673617379884035e-19,0.026000000000000002,0.027,0.026900000000000007,0.027,0.0002999999999999992,0.01,0.011,0.010700000000000001,0.011,0.00045825756949558367,0.183,0.188,0.18445,0.184,0.001160818676624391,0.008,0.009000000000000001,0.008150000000000001,0.008,0.0003570714214271428,0.062,0.064,0.0632,0.063,0.0006000000000000005,0.005,0.005,0.005000000000000001,0.005,8.673617379884035e-19,64,64,8192,24576,152064,True,368,4
0.017,0.02,0.019238095238095245,0.019,0.0006834619092574917,0.011,0.011,0.011000000000000001,0.011,1.734723475976807e-18,0.084,0.08600000000000001,0.08475000000000002,0.085,0.0006982120021884477,0.004,0.004,0.004000000000000001,0.004,8.673617379884035e-19,0.026000000000000002,0.027,0.026600000000000006,0.027,0.0004898979485566344,0.01,0.011,0.010650000000000001,0.011,0.0004769696007084724,0.182,0.186,0.184,0.184,0.0010000000000000009,0.008,0.008,0.008000000000000002,0.008,1.734723475976807e-18,0.062,0.064,0.06294999999999999,0.063,0.00038405728739343076,0.005,0.005,0.005000000000000001,0.005,8.673617379884035e-19,64,64,8192,24576,152064,True,360,4
0.017,0.019,0.01890476190476191,0.019,0.00042591770999995954,0.011,0.011,0.011000000000000001,0.011,1.734723475976807e-18,0.083,0.085,0.08395000000000001,0.084,0.00038405728739343076,0.004,0.004,0.004000000000000001,0.004,8.673617379884035e-19,0.026000000000000002,0.027,0.026200000000000008,0.026000000000000002,0.00039999999999999893,0.01,0.011,0.0108,0.011,0.0003999999999999997,0.181,0.23600000000000002,0.18575000000000003,0.183,0.011588248357711363,0.008,0.009000000000000001,0.008050000000000002,0.008,0.0002179449471770339,0.062,0.064,0.063,0.063,0.00044721359549995833,0.004,0.005,0.004750000000000002,0.005,0.00043301270189221935,64,64,8192,24576,152064,True,352,4
0.017,0.019,0.018761904761904768,0.019,0.0005259695722470116,0.01,0.011,0.010900000000000002,0.011,0.00029999999999999976,0.083,0.084,0.08305,0.083,0.00021794494717703385,0.004,0.004,0.004000000000000001,0.004,8.673617379884035e-19,0.026000000000000002,0.027,0.026350000000000005,0.026000000000000002,0.0004769696007084716,0.01,0.011,0.01055,0.011,0.0004974937185533096,0.181,0.185,0.18319999999999997,0.183,0.0010770329614269018,0.008,0.008,0.008000000000000002,0.008,1.734723475976807e-18,0.062,0.064,0.0629,0.063,0.00043588989435406776,0.004,0.005,0.004600000000000002,0.005,0.0004898979485566356,64,64,8192,24576,152064,True,344,4
0.016,0.019,0.01795238095238096,0.018000000000000002,0.0004856209060564558,0.01,0.011,0.010850000000000002,0.011,0.0003570714214271422,0.083,0.084,0.08375000000000002,0.084,0.0004330127018922197,0.004,0.004,0.004000000000000001,0.004,8.673617379884035e-19,0.026000000000000002,0.027,0.026450000000000008,0.026000000000000002,0.0004974937185533087,0.01,0.011,0.0108,0.011,0.0003999999999999997,0.176,0.18,0.17775,0.178,0.0009420721840708396,0.008,0.008,0.008000000000000002,0.008,1.734723475976807e-18,0.063,0.064,0.0636,0.064,0.0004898979485566361,0.004,0.005,0.0043500000000000014,0.004,0.00047696960070847287,64,64,8192,24576,152064,True,336,4
0.016,0.018000000000000002,0.017809523809523813,0.018000000000000002,0.0004994327848429298,0.01,0.011,0.010850000000000002,0.011,0.00035707142142714224,0.081,0.084,0.08225000000000002,0.082,0.0007664854858377951,0.004,0.004,0.004000000000000001,0.004,8.673617379884035e-19,0.026000000000000002,0.027,0.026150000000000007,0.026000000000000002,0.0003570714214271416,0.01,0.011,0.010700000000000001,0.011,0.0004582575694955836,0.181,0.185,0.18234999999999998,0.182,0.001061838029079766,0.008,0.008,0.008000000000000002,0.008,1.734723475976807e-18,0.062,0.064,0.0628,0.063,0.0006000000000000005,0.004,0.004,0.004000000000000001,0.004,8.673617379884035e-19,64,64,8192,24576,152064,True,328,4
0.015,0.018000000000000002,0.0170952380952381,0.017,0.0006098213559459862,0.01,0.011,0.0108,0.011,0.0003999999999999997,0.085,0.08700000000000001,0.08555000000000001,0.0855,0.0005894913061275802,0.004,0.004,0.004000000000000001,0.004,8.673617379884035e-19,0.027,0.028,0.027600000000000003,0.028,0.0004898979485566361,0.01,0.011,0.010950000000000001,0.011,0.0002179449471770335,0.13,0.137,0.13085,0.1305,0.001525614630239237,0.008,0.009000000000000001,0.008150000000000001,0.008,0.0003570714214271428,0.065,0.066,0.0653,0.065,0.00045825756949558437,0.004,0.005,0.004400000000000001,0.004,0.0004898979485566357,64,64,8192,24576,152064,True,320,4
0.015,0.018000000000000002,0.01695238095238096,0.017,0.0004856209060564562,0.01,0.011,0.0108,0.011,0.0003999999999999997,0.084,0.08600000000000001,0.08445,0.084,0.0005894913061275802,0.004,0.004,0.004000000000000001,0.004,8.673617379884035e-19,0.027,0.029,0.027750000000000004,0.028,0.0005361902647381809,0.011,0.011,0.011000000000000001,0.011,1.734723475976807e-18,0.128,0.138,0.13465,0.136,0.0032291639784935077,0.008,0.008,0.008000000000000002,0.008,1.734723475976807e-18,0.065,0.066,0.06545,0.065,0.0004974937185533104,0.004,0.005,0.004050000000000001,0.004,0.0002179449471770337,64,64,8192,24576,152064,True,312,4
0.014,0.017,0.01604761904761905,0.016,0.0005753831415997416,0.01,0.011,0.01055,0.011,0.0004974937185533095,0.084,0.08600000000000001,0.0851,0.085,0.000538516480713451,0.004,0.005,0.004050000000000001,0.004,0.0002179449471770337,0.027,0.028,0.02755,0.028,0.0004974937185533104,0.01,0.011,0.010850000000000002,0.011,0.0003570714214271422,0.128,0.137,0.13080000000000003,0.13,0.00258069758011279,0.008,0.009000000000000001,0.008050000000000002,0.008,0.0002179449471770339,0.064,0.066,0.0653,0.065,0.0005567764362830027,0.004,0.004,0.004000000000000001,0.004,8.673617379884035e-19,64,64,8192,24576,152064,True,304,4
0.014,0.017,0.0160952380952381,0.016,0.0006098213559459858,0.01,0.011,0.0105,0.010499999999999999,0.0004999999999999996,0.084,0.08600000000000001,0.08445000000000003,0.084,0.0005894913061275804,0.004,0.004,0.004000000000000001,0.004,8.673617379884035e-19,0.027,0.029,0.02755,0.0275,0.0005894913061275802,0.01,0.011,0.010950000000000001,0.011,0.00021794494717703347,0.129,0.138,0.13535000000000003,0.136,0.00277983812478353,0.008,0.008,0.008000000000000002,0.008,1.734723475976807e-18,0.064,0.066,0.06525,0.065,0.0006224949798994372,0.004,0.005,0.004050000000000001,0.004,0.0002179449471770337,64,64,8192,24576,152064,True,296,4
0.014,0.016,0.01585714285714286,0.016,0.00046656947481584356,0.009000000000000001,0.011,0.010350000000000002,0.01,0.0005722761571129793,0.07100000000000001,0.079,0.0748,0.075,0.0025999999999999973,0.004,0.004,0.004000000000000001,0.004,8.673617379884035e-19,0.024,0.028,0.027000000000000007,0.027,0.0007745966692414834,0.01,0.011,0.010150000000000001,0.01,0.00035707142142714214,0.128,0.13,0.12919999999999998,0.129,0.0005099019513592789,0.008,0.009000000000000001,0.008050000000000002,0.008,0.0002179449471770339,0.062,0.063,0.06294999999999999,0.063,0.00021794494717703385,0.004,0.004,0.004000000000000001,0.004,8.673617379884035e-19,64,64,8192,24576,152064,True,288,4
0.014,0.016,0.01547619047619048,0.016,0.0005870870479018075,0.009000000000000001,0.011,0.010100000000000001,0.01,0.0005385164807134499,0.068,0.08,0.07315000000000002,0.07300000000000001,0.0033507461855532984,0.004,0.004,0.004000000000000001,0.004,8.673617379884035e-19,0.024,0.028,0.026600000000000006,0.027,0.0013564659966250536,0.009000000000000001,0.011,0.010150000000000001,0.01,0.0005722761571129793,0.128,0.131,0.1287,0.128,0.0009000000000000007,0.008,0.008,0.008000000000000002,0.008,1.734723475976807e-18,0.062,0.063,0.06265000000000001,0.063,0.0004769696007084732,0.004,0.004,0.004000000000000001,0.004,8.673617379884035e-19,64,64,8192,24576,152064,True,280,4
0.013000000000000001,0.015,0.014904761904761907,0.015,0.0004259177099999596,0.009000000000000001,0.011,0.009300000000000003,0.009000000000000001,0.0005567764362830016,0.07100000000000001,0.079,0.076,0.077,0.002302172886644267,0.004,0.004,0.004000000000000001,0.004,8.673617379884035e-19,0.026000000000000002,0.028,0.027400000000000008,0.027,0.0005830951894845301,0.009000000000000001,0.01,0.009200000000000003,0.009000000000000001,0.00039999999999999964,0.127,0.129,0.12815000000000004,0.128,0.0005722761571129804,0.008,0.008,0.008000000000000002,0.008,1.734723475976807e-18,0.062,0.063,0.06264999999999998,0.063,0.0004769696007084733,0.004,0.004,0.004000000000000001,0.004,8.673617379884035e-19,64,64,8192,24576,152064,True,272,4
0.013000000000000001,0.015,0.014904761904761907,0.015,0.0004259177099999596,0.006,0.006,0.006000000000000001,0.006,8.673617379884035e-19,0.069,0.08,0.07495000000000002,0.076,0.0038009867139994036,0.003,0.004,0.0037000000000000006,0.004,0.00045825756949558394,0.025,0.028,0.026800000000000008,0.027,0.0008717797887081342,0.006,0.006,0.006000000000000001,0.006,8.673617379884035e-19,0.127,0.135,0.1285,0.128,0.0018027756377319965,0.005,0.005,0.005000000000000001,0.005,8.673617379884035e-19,0.062,0.063,0.06255,0.063,0.0004974937185533104,0.004,0.004,0.004000000000000001,0.004,8.673617379884035e-19,64,64,8192,24576,152064,True,264,4
0.013000000000000001,0.015,0.014000000000000004,0.014,0.00030860669992418356,0.006,0.006,0.006000000000000001,0.006,8.673617379884035e-19,0.052000000000000005,0.054,0.0531,0.053,0.0006244997998398385,0.003,0.004,0.003400000000000001,0.003,0.0004898979485566357,0.02,0.021,0.020400000000000005,0.02,0.000489897948556636,0.006,0.006,0.006000000000000001,0.006,8.673617379884035e-19,0.1,0.101,0.10045000000000001,0.1,0.0004974937185533104,0.005,0.006,0.00515,0.005,0.00035707142142714246,0.047,0.049,0.04825000000000001,0.048,0.0007664854858377951,0.003,0.004,0.00395,0.004,0.0002179449471770337,64,64,8192,24576,152064,True,256,4
0.012,0.015,0.013952380952380954,0.014,0.00048562090605645564,0.006,0.006,0.006000000000000001,0.006,8.673617379884035e-19,0.052000000000000005,0.055,0.05305,0.053,0.0007399324293474358,0.003,0.004,0.003150000000000001,0.003,0.0003570714214271425,0.018000000000000002,0.02,0.018800000000000004,0.019,0.0005099019513592776,0.006,0.006,0.006000000000000001,0.006,8.673617379884035e-19,0.099,0.101,0.1,0.1,0.0007745966692414842,0.005,0.006,0.005050000000000001,0.005,0.0002179449471770337,0.047,0.05,0.04840000000000001,0.048,0.0010198039027185578,0.003,0.004,0.0036000000000000003,0.004,0.0004898979485566357,64,64,8192,24576,152064,True,248,4
0.012,0.014,0.013333333333333338,0.013000000000000001,0.0005634361698190108,0.006,0.006,0.006000000000000001,0.006,8.673617379884035e-19,0.052000000000000005,0.054,0.05285000000000001,0.053,0.0006538348415310988,0.003,0.004,0.0031000000000000008,0.003,0.0003,0.018000000000000002,0.019,0.018900000000000007,0.019,0.0002999999999999992,0.006,0.006,0.006000000000000001,0.006,8.673617379884035e-19,0.099,0.101,0.10000000000000002,0.1,0.0006324555320336764,0.005,0.005,0.005000000000000001,0.005,8.673617379884035e-19,0.047,0.051000000000000004,0.04865000000000001,0.0485,0.0014239030865898154,0.003,0.004,0.0032000000000000006,0.003,0.0004,64,64,8192,24576,152064,True,240,4
0.012,0.014,0.013047619047619051,0.013000000000000001,0.0003749527559053243,0.006,0.006,0.006000000000000001,0.006,8.673617379884035e-19,0.051000000000000004,0.054,0.05265000000000001,0.053,0.0007921489758877406,0.003,0.004,0.0031000000000000008,0.003,0.00030000000000000003,0.018000000000000002,0.019,0.018900000000000007,0.019,0.0002999999999999992,0.006,0.006,0.006000000000000001,0.006,8.673617379884035e-19,0.098,0.1,0.09915,0.099,0.0006538348415311016,0.005,0.006,0.005050000000000001,0.005,0.0002179449471770337,0.048,0.052000000000000005,0.04940000000000001,0.049,0.0010198039027185578,0.003,0.003,0.0030000000000000005,0.003,4.336808689942018e-19,64,64,8192,24576,152064,True,232,4
0.011,0.013000000000000001,0.01285714285714286,0.013000000000000001,0.0004665694748158439,0.006,0.006,0.006000000000000001,0.006,8.673617379884035e-19,0.051000000000000004,0.053,0.052400000000000016,0.052000000000000005,0.0005830951894845273,0.003,0.004,0.0039000000000000007,0.004,0.00030000000000000003,0.019,0.02,0.019050000000000004,0.019,0.00021794494717703388,0.006,0.006,0.006000000000000001,0.006,8.673617379884035e-19,0.092,0.095,0.09345,0.093,0.0007399324293474377,0.004,0.005,0.004600000000000002,0.005,0.0004898979485566356,0.05,0.052000000000000005,0.05120000000000001,0.051000000000000004,0.0006782329983125274,0.003,0.003,0.0030000000000000005,0.003,4.336808689942018e-19,64,64,8192,24576,152064,True,224,4
0.011,0.013000000000000001,0.012523809523809527,0.013000000000000001,0.0005870870479018079,0.006,0.006,0.006000000000000001,0.006,8.673617379884035e-19,0.051000000000000004,0.054,0.05220000000000001,0.052000000000000005,0.0008124038404635939,0.003,0.004,0.0036000000000000003,0.004,0.0004898979485566357,0.019,0.02,0.019150000000000004,0.019,0.00035707142142714284,0.006,0.006,0.006000000000000001,0.006,8.673617379884035e-19,0.091,0.094,0.0928,0.093,0.000748331477354789,0.004,0.005,0.004550000000000001,0.005,0.00049749371855331,0.052000000000000005,0.054,0.052600000000000015,0.052000000000000005,0.000734846922834951,0.003,0.003,0.0030000000000000005,0.003,4.336808689942018e-19,64,64,8192,24576,152064,True,216,4
0.01,0.012,0.011904761904761908,0.012,0.00042591770999995997,0.006,0.006,0.006000000000000001,0.006,8.673617379884035e-19,0.051000000000000004,0.054,0.05185000000000001,0.052000000000000005,0.0008529361054615975,0.003,0.004,0.00355,0.004,0.00049749371855331,0.019,0.02,0.019900000000000004,0.02,0.0003000000000000003,0.006,0.006,0.006000000000000001,0.006,8.673617379884035e-19,0.092,0.094,0.09255,0.0925,0.0005894913061275802,0.004,0.005,0.004250000000000001,0.004,0.0004330127018922194,0.054,0.056,0.054400000000000004,0.054,0.0006633249580710806,0.003,0.003,0.0030000000000000005,0.003,4.336808689942018e-19,64,64,8192,24576,152064,True,208,4
0.01,0.012,0.011476190476190478,0.012,0.0005870870479018077,0.006,0.006,0.006000000000000001,0.006,8.673617379884035e-19,0.051000000000000004,0.052000000000000005,0.05130000000000001,0.051000000000000004,0.0004582575694955844,0.003,0.004,0.0035000000000000005,0.0035,0.0005,0.02,0.021,0.020700000000000003,0.021,0.0004582575694955845,0.006,0.006,0.006000000000000001,0.006,8.673617379884035e-19,0.09,0.092,0.09135,0.0915,0.0007262919523166982,0.004,0.005,0.004200000000000001,0.004,0.0004,0.053,0.055,0.05465000000000001,0.055,0.0005722761571129803,0.003,0.003,0.0030000000000000005,0.003,4.336808689942018e-19,64,64,8192,24576,152064,True,200,4
0.009000000000000001,0.011,0.010904761904761907,0.011,0.0004259177099999596,0.006,0.006,0.006000000000000001,0.006,8.673617379884035e-19,0.053,0.056,0.05465,0.055,0.0006538348415311016,0.003,0.004,0.003150000000000001,0.003,0.0003570714214271425,0.025,0.028,0.026900000000000007,0.027,0.0008306623862918068,0.006,0.006,0.006000000000000001,0.006,8.673617379884035e-19,0.09,0.092,0.09129999999999999,0.091,0.0006403124237432854,0.004,0.005,0.004250000000000001,0.004,0.0004330127018922194,0.047,0.049,0.04755000000000001,0.0475,0.0005894913061275802,0.003,0.003,0.0030000000000000005,0.003,4.336808689942018e-19,64,64,8192,24576,152064,True,192,4
0.009000000000000001,0.011,0.010904761904761907,0.011,0.0004259177099999596,0.006,0.006,0.006000000000000001,0.006,8.673617379884035e-19,0.051000000000000004,0.055,0.052400000000000016,0.052000000000000005,0.0011135528725660026,0.003,0.004,0.003300000000000001,0.003,0.000458257569495584,0.025,0.028,0.026500000000000006,0.027,0.0009746794344808956,0.006,0.006,0.006000000000000001,0.006,8.673617379884035e-19,0.09,0.093,0.09125,0.091,0.0006224949798994371,0.004,0.005,0.004200000000000001,0.004,0.0004,0.047,0.048,0.04725000000000001,0.047,0.0004330127018922198,0.003,0.003,0.0030000000000000005,0.003,4.336808689942018e-19,64,64,8192,24576,152064,True,184,4
0.009000000000000001,0.011,0.010523809523809526,0.011,0.0005870870479018068,0.006,0.006,0.006000000000000001,0.006,8.673617379884035e-19,0.05,0.053,0.05150000000000001,0.051500000000000004,0.0006708203932499368,0.003,0.004,0.003300000000000001,0.003,0.00045825756949558405,0.025,0.027,0.026550000000000008,0.027,0.0007399324293474364,0.006,0.006,0.006000000000000001,0.006,8.673617379884035e-19,0.09,0.093,0.091,0.091,0.0008366600265340764,0.004,0.005,0.004650000000000001,0.005,0.00047696960070847287,0.046,0.048,0.04700000000000001,0.047,0.0005477225575051667,0.003,0.003,0.0030000000000000005,0.003,4.336808689942018e-19,64,64,8192,24576,152064,True,176,4
0.009000000000000001,0.01,0.009952380952380956,0.01,0.00021295885499997977,0.005,0.006,0.005950000000000001,0.006,0.00021794494717703366,0.051000000000000004,0.055,0.05235000000000001,0.052000000000000005,0.0014585952145814807,0.003,0.004,0.003300000000000001,0.003,0.00045825756949558405,0.025,0.028,0.026850000000000006,0.027,0.0010618380290797647,0.006,0.006,0.006000000000000001,0.006,8.673617379884035e-19,0.089,0.091,0.09045,0.0905,0.0005894913061275802,0.004,0.005,0.004100000000000001,0.004,0.00030000000000000003,0.046,0.048,0.04705000000000001,0.047,0.0006689544080129832,0.003,0.003,0.0030000000000000005,0.003,4.336808689942018e-19,64,64,8192,24576,152064,True,168,4
0.008,0.01,0.009904761904761908,0.01,0.00042591770999995997,0.006,0.006,0.006000000000000001,0.006,8.673617379884035e-19,0.05,0.052000000000000005,0.050900000000000015,0.051000000000000004,0.000538516480713451,0.003,0.004,0.0030500000000000006,0.003,0.0002179449471770337,0.025,0.027,0.026600000000000006,0.027,0.0006633249580710791,0.005,0.006,0.005950000000000001,0.006,0.00021794494717703366,0.095,0.097,0.09620000000000002,0.096,0.000509901951359279,0.005,0.005,0.005000000000000001,0.005,8.673617379884035e-19,0.045,0.047,0.04580000000000001,0.046,0.000509901951359279,0.003,0.003,0.0030000000000000005,0.003,4.336808689942018e-19,64,64,8192,24576,152064,True,160,4
0.008,0.009000000000000001,0.008952380952380955,0.009000000000000001,0.00021295885499998015,0.006,0.006,0.006000000000000001,0.006,8.673617379884035e-19,0.049,0.051000000000000004,0.049900000000000014,0.05,0.0007681145747868615,0.003,0.004,0.0030500000000000006,0.003,0.0002179449471770337,0.025,0.028,0.027000000000000007,0.027,0.000547722557505166,0.006,0.006,0.006000000000000001,0.006,8.673617379884035e-19,0.094,0.097,0.09535,0.095,0.0007262919523166982,0.005,0.006,0.005050000000000001,0.005,0.0002179449471770337,0.045,0.047,0.045700000000000005,0.046,0.0005567764362830027,0.002,0.003,0.0022500000000000007,0.002,0.00043301270189221935,64,64,8192,24576,152064,True,152,4
0.008,0.009000000000000001,0.008952380952380955,0.009000000000000001,0.00021295885499998015,0.006,0.006,0.006000000000000001,0.006,8.673617379884035e-19,0.049,0.051000000000000004,0.05000000000000001,0.05,0.00044721359549995833,0.003,0.003,0.0030000000000000005,0.003,4.336808689942018e-19,0.025,0.028,0.026300000000000007,0.026500000000000003,0.0008999999999999991,0.006,0.006,0.006000000000000001,0.006,8.673617379884035e-19,0.095,0.096,0.09535,0.095,0.0004769696007084732,0.005,0.005,0.005000000000000001,0.005,8.673617379884035e-19,0.045,0.047,0.045950000000000005,0.046,0.0004974937185533104,0.002,0.003,0.0023500000000000005,0.002,0.00047696960070847287,64,64,8192,24576,152064,True,144,4
0.007,0.008,0.007952380952380954,0.008,0.00021295885499997998,0.006,0.006,0.006000000000000001,0.006,8.673617379884035e-19,0.048,0.05,0.04920000000000001,0.049,0.0006000000000000005,0.003,0.003,0.0030000000000000005,0.003,4.336808689942018e-19,0.026000000000000002,0.028,0.02670000000000001,0.027,0.0005567764362830012,0.005,0.006,0.005950000000000001,0.006,0.00021794494717703366,0.093,0.096,0.09455000000000001,0.0945,0.0007399324293474377,0.005,0.005,0.005000000000000001,0.005,8.673617379884035e-19,0.045,0.047,0.04560000000000001,0.046,0.0005830951894845306,0.002,0.003,0.0020500000000000006,0.002,0.0002179449471770337,64,64,8192,24576,152064,True,136,4
0.007,0.009000000000000001,0.008000000000000002,0.008,0.000308606699924184,0.006,0.006,0.006000000000000001,0.006,8.673617379884035e-19,0.041,0.043000000000000003,0.04170000000000001,0.042,0.0006403124237432854,0.003,0.003,0.0030000000000000005,0.003,4.336808689942018e-19,0.017,0.018000000000000002,0.017050000000000003,0.017,0.0002179449471770339,0.006,0.006,0.006000000000000001,0.006,8.673617379884035e-19,0.073,0.075,0.0744,0.0745,0.0006633249580710804,0.003,0.004,0.0032500000000000007,0.003,0.00043301270189221935,0.04,0.042,0.040900000000000006,0.041,0.0007000000000000006,0.002,0.002,0.0020000000000000005,0.002,4.336808689942018e-19,64,64,8192,24576,152064,True,128,4
0.006,0.008,0.00785714285714286,0.008,0.0004665694748158435,0.006,0.006,0.006000000000000001,0.006,8.673617379884035e-19,0.041,0.043000000000000003,0.04155000000000001,0.0415,0.0005894913061275802,0.003,0.003,0.0030000000000000005,0.003,4.336808689942018e-19,0.017,0.018000000000000002,0.017150000000000006,0.017,0.00035707142142714284,0.005,0.006,0.005900000000000001,0.006,0.00030000000000000003,0.074,0.076,0.07525,0.075,0.0006982120021884477,0.003,0.004,0.0031000000000000008,0.003,0.0003,0.04,0.042,0.04085000000000001,0.041,0.0005722761571129803,0.002,0.003,0.0020500000000000006,0.002,0.0002179449471770337,64,64,8192,24576,152064,True,120,4
0.006,0.008,0.007095238095238096,0.007,0.00042591770999995997,0.006,0.006,0.006000000000000001,0.006,8.673617379884035e-19,0.041,0.043000000000000003,0.04215000000000001,0.042,0.0005722761571129803,0.003,0.003,0.0030000000000000005,0.003,4.336808689942018e-19,0.017,0.017,0.017000000000000005,0.017,3.469446951953614e-18,0.005,0.006,0.005950000000000001,0.006,0.0002179449471770337,0.074,0.076,0.07470000000000002,0.075,0.0005567764362830027,0.003,0.003,0.0030000000000000005,0.003,4.336808689942018e-19,0.04,0.042,0.04075000000000001,0.041,0.0005361902647381809,0.002,0.002,0.0020000000000000005,0.002,4.336808689942018e-19,64,64,8192,24576,152064,True,112,4
0.006,0.007,0.006952380952380955,0.007,0.00021295885499997996,0.005,0.006,0.005900000000000001,0.006,0.00030000000000000003,0.041,0.043000000000000003,0.04200000000000001,0.042,0.00044721359549995833,0.003,0.003,0.0030000000000000005,0.003,4.336808689942018e-19,0.017,0.018000000000000002,0.017100000000000004,0.017,0.00030000000000000024,0.005,0.006,0.005750000000000001,0.006,0.00043301270189221935,0.074,0.076,0.07475,0.075,0.0005361902647381809,0.003,0.003,0.0030000000000000005,0.003,4.336808689942018e-19,0.04,0.041,0.04050000000000001,0.0405,0.0005000000000000006,0.002,0.002,0.0020000000000000005,0.002,4.336808689942018e-19,64,64,8192,24576,152064,True,104,4
0.006,0.007,0.006333333333333335,0.006,0.0004714045207910317,0.005,0.006,0.005850000000000001,0.006,0.0003570714214271425,0.042,0.044,0.042850000000000006,0.043000000000000003,0.0005722761571129789,0.003,0.003,0.0030000000000000005,0.003,4.336808689942018e-19,0.019,0.02,0.019300000000000005,0.019,0.0004582575694955844,0.005,0.006,0.0056500000000000005,0.006,0.0004769696007084729,0.108,0.109,0.10825,0.108,0.00043301270189221973,0.003,0.004,0.0032000000000000006,0.003,0.00039999999999999996,0.043000000000000003,0.045,0.043750000000000004,0.044,0.000536190264738178,0.002,0.002,0.0020000000000000005,0.002,4.336808689942018e-19,64,64,8192,24576,152064,True,96,4
0.005,0.006,0.005952380952380954,0.006,0.00021295885499997998,0.005,0.006,0.005800000000000001,0.006,0.0004,0.042,0.043000000000000003,0.04230000000000001,0.042,0.0004582575694955844,0.003,0.003,0.0030000000000000005,0.003,4.336808689942018e-19,0.019,0.02,0.019200000000000002,0.019,0.00040000000000000034,0.005,0.006,0.0056500000000000005,0.006,0.0004769696007084729,0.107,0.108,0.10795000000000002,0.108,0.00021794494717703388,0.003,0.004,0.003400000000000001,0.003,0.0004898979485566357,0.043000000000000003,0.044,0.043300000000000005,0.043000000000000003,0.00045825756949558123,0.002,0.002,0.0020000000000000005,0.002,4.336808689942018e-19,64,64,8192,24576,152064,True,88,4
0.005,0.006,0.005952380952380954,0.006,0.00021295885499997998,0.005,0.006,0.005800000000000001,0.006,0.0004,0.042,0.043000000000000003,0.04245000000000001,0.042,0.0004974937185533104,0.003,0.003,0.0030000000000000005,0.003,4.336808689942018e-19,0.02,0.021,0.020400000000000005,0.02,0.000489897948556636,0.005,0.006,0.005600000000000001,0.006,0.0004898979485566356,0.077,0.08,0.07795,0.078,0.0007399324293474376,0.004,0.004,0.004000000000000001,0.004,8.673617379884035e-19,0.042,0.044,0.04265000000000001,0.043000000000000003,0.0005722761571129796,0.002,0.002,0.0020000000000000005,0.002,4.336808689942018e-19,64,64,8192,24576,152064,True,80,4
0.004,0.005,0.004952380952380954,0.005,0.00021295885499997998,0.005,0.006,0.005950000000000001,0.006,0.0002179449471770337,0.041,0.043000000000000003,0.04215000000000001,0.042,0.0004769696007084732,0.003,0.003,0.0030000000000000005,0.003,4.336808689942018e-19,0.02,0.021,0.020050000000000005,0.02,0.00021794494717703388,0.005,0.006,0.005450000000000001,0.005,0.0004974937185533101,0.078,0.081,0.07970000000000001,0.08,0.0007141428428542857,0.004,0.004,0.004000000000000001,0.004,8.673617379884035e-19,0.042,0.043000000000000003,0.04250000000000001,0.0425,0.0005000000000000006,0.002,0.002,0.0020000000000000005,0.002,4.336808689942018e-19,64,64,8192,24576,152064,True,72,4
0.004,0.005,0.004952380952380954,0.005,0.00021295885499997998,0.005,0.006,0.005450000000000001,0.005,0.0004974937185533101,0.038,0.039,0.03855000000000001,0.039,0.0004974937185533104,0.003,0.003,0.0030000000000000005,0.003,4.336808689942018e-19,0.015,0.016,0.015150000000000002,0.015,0.0003570714214271428,0.005,0.006,0.0054,0.005,0.0004898979485566356,0.07200000000000001,0.074,0.073,0.073,0.00044721359549995524,0.003,0.004,0.003300000000000001,0.003,0.0004582575694955841,0.038,0.04,0.03900000000000001,0.039,0.0005477225575051667,0.001,0.002,0.0017500000000000005,0.002,0.00043301270189221935,64,64,8192,24576,152064,True,64,4
0.004,0.005,0.004333333333333335,0.004,0.0004714045207910317,0.005,0.006,0.005200000000000001,0.005,0.0004,0.038,0.04,0.038950000000000005,0.039,0.00038405728739343076,0.003,0.003,0.0030000000000000005,0.003,4.336808689942018e-19,0.015,0.016,0.015150000000000002,0.015,0.0003570714214271428,0.005,0.006,0.005450000000000001,0.005,0.0004974937185533101,0.07200000000000001,0.074,0.07260000000000001,0.073,0.0005830951894845242,0.003,0.003,0.0030000000000000005,0.003,4.336808689942018e-19,0.038,0.04,0.038950000000000005,0.039,0.00038405728739343076,0.001,0.002,0.0017000000000000001,0.002,0.00045825756949558405,64,64,8192,24576,152064,True,56,4
0.003,0.004,0.003952380952380953,0.004,0.00021295885499997998,0.005,0.006,0.0056500000000000005,0.006,0.0004769696007084729,0.038,0.04,0.03885000000000001,0.039,0.0005722761571129803,0.003,0.003,0.0030000000000000005,0.003,4.336808689942018e-19,0.015,0.016,0.015300000000000003,0.015,0.00045825756949558437,0.005,0.006,0.0055000000000000005,0.0055,0.0005,0.07200000000000001,0.074,0.07289999999999999,0.073,0.0005385164807134463,0.003,0.004,0.0030500000000000006,0.003,0.0002179449471770337,0.038,0.04,0.03925000000000001,0.039,0.0005361902647381809,0.001,0.002,0.0010500000000000002,0.001,0.00021794494717703366,64,64,8192,24576,152064,True,48,4
0.003,0.004,0.003952380952380953,0.004,0.00021295885499997998,0.005,0.006,0.005300000000000001,0.005,0.000458257569495584,0.038,0.039,0.03835000000000001,0.038,0.0004769696007084732,0.003,0.003,0.0030000000000000005,0.003,4.336808689942018e-19,0.015,0.016,0.015150000000000002,0.015,0.0003570714214271428,0.005,0.006,0.005350000000000001,0.005,0.00047696960070847287,0.07200000000000001,0.073,0.0726,0.073,0.0004898979485566293,0.003,0.004,0.0030500000000000006,0.003,0.0002179449471770337,0.038,0.04,0.03910000000000001,0.039,0.00043588989435406776,0.001,0.001,0.0010000000000000002,0.001,2.168404344971009e-19,64,64,8192,24576,152064,True,40,4
0.003,0.004,0.003095238095238096,0.003,0.0002935435239509036,0.005,0.006,0.005450000000000001,0.005,0.0004974937185533101,0.038,0.039,0.038250000000000006,0.038,0.00043301270189221973,0.003,0.003,0.0030000000000000005,0.003,4.336808689942018e-19,0.016,0.018000000000000002,0.016800000000000002,0.017,0.000509901951359279,0.005,0.006,0.005350000000000001,0.005,0.0004769696007084728,0.07,0.07200000000000001,0.07145000000000001,0.07150000000000001,0.0005894913061275802,0.004,0.005,0.004100000000000001,0.004,0.00030000000000000003,0.043000000000000003,0.044,0.04340000000000001,0.043000000000000003,0.0004898979485566326,0.001,0.002,0.0010500000000000002,0.001,0.00021794494717703366,64,64,8192,24576,152064,True,32,4
0.002,0.003,0.002952380952380953,0.003,0.00021295885499997998,0.005,0.006,0.0054,0.005,0.0004898979485566356,0.038,0.04,0.039200000000000006,0.039,0.0005099019513592789,0.002,0.003,0.0029000000000000007,0.003,0.00030000000000000003,0.016,0.017,0.016950000000000003,0.017,0.00021794494717703385,0.005,0.006,0.005200000000000001,0.005,0.00039999999999999996,0.07,0.07200000000000001,0.07095,0.07100000000000001,0.0005894913061275805,0.004,0.004,0.004000000000000001,0.004,8.673617379884035e-19,0.043000000000000003,0.045,0.043550000000000005,0.0435,0.0005894913061275771,0.001,0.001,0.0010000000000000002,0.001,2.168404344971009e-19,64,64,8192,24576,152064,True,24,4
0.007,0.011,0.01080952380952381,0.011,0.0008518354199999198,0.005,0.006,0.005300000000000001,0.005,0.00045825756949558405,0.037,0.039,0.03810000000000001,0.038,0.0004358898943540677,0.002,0.003,0.0029500000000000004,0.003,0.0002179449471770337,0.014,0.015,0.014150000000000001,0.014,0.00035707142142714214,0.005,0.006,0.005200000000000001,0.005,0.0004,0.07100000000000001,0.074,0.07275000000000001,0.073,0.0007664854858377897,0.003,0.003,0.0030000000000000005,0.003,4.336808689942018e-19,0.038,0.04,0.038900000000000004,0.039,0.0005385164807134509,0.001,0.001,0.0010000000000000002,0.001,2.168404344971009e-19,64,64,8192,24576,152064,True,16,4
0.004,0.006,0.005904761904761906,0.006,0.00042591770999995997,0.005,0.006,0.005850000000000001,0.006,0.0003570714214271425,0.037,0.038,0.037200000000000004,0.037,0.0004000000000000003,0.002,0.003,0.00255,0.003,0.00049749371855331,0.014,0.015,0.014100000000000001,0.014,0.00029999999999999976,0.005,0.006,0.005750000000000001,0.006,0.00043301270189221935,0.07200000000000001,0.073,0.07235,0.07200000000000001,0.00047696960070846663,0.003,0.003,0.0030000000000000005,0.003,4.336808689942018e-19,0.038,0.04,0.03860000000000001,0.039,0.0005830951894845307,0.001,0.001,0.0010000000000000002,0.001,2.168404344971009e-19,64,64,8192,24576,152064,True,8,4
0.002,0.004,0.003380952380952382,0.003,0.0005753831415997415,0.005,0.006,0.005800000000000001,0.006,0.0004,0.037,0.039,0.038000000000000006,0.038,0.00044721359549995833,0.002,0.003,0.0022500000000000007,0.002,0.00043301270189221935,0.014,0.014,0.014000000000000002,0.014,1.734723475976807e-18,0.005,0.006,0.0056500000000000005,0.006,0.0004769696007084729,0.07,0.07100000000000001,0.0703,0.07,0.0004582575694955844,0.003,0.003,0.0030000000000000005,0.003,4.336808689942018e-19,0.038,0.039,0.03830000000000001,0.038,0.0004582575694955844,0.001,0.001,0.0010000000000000002,0.001,2.168404344971009e-19,64,64,8192,24576,152064,True,4,4
0.002,0.002,0.0020000000000000005,0.002,4.336808689942018e-19,0.006,0.006,0.006000000000000001,0.006,8.673617379884035e-19,0.037,0.038,0.0374,0.037,0.000489897948556636,0.002,0.003,0.0021500000000000004,0.002,0.0003570714214271425,0.014,0.015,0.014050000000000002,0.014,0.00021794494717703353,0.005,0.006,0.005700000000000001,0.006,0.00045825756949558394,0.07200000000000001,0.073,0.07240000000000002,0.07200000000000001,0.0004898979485566293,0.003,0.003,0.0030000000000000005,0.003,4.336808689942018e-19,0.037,0.039,0.0379,0.038,0.0005385164807134509,0.001,0.001,0.0010000000000000002,0.001,2.168404344971009e-19,64,64,8192,24576,152064,True,2,4
0.001,0.002,0.0019523809523809528,0.002,0.00021295885499997998,0.006,0.006,0.006000000000000001,0.006,8.673617379884035e-19,0.036000000000000004,0.038,0.03705000000000001,0.037,0.0003840572873934298,0.002,0.003,0.0021500000000000004,0.002,0.0003570714214271425,0.015,0.016,0.015600000000000003,0.016,0.0004898979485566361,0.006,0.006,0.006000000000000001,0.006,8.673617379884035e-19,0.07100000000000001,0.07200000000000001,0.0714,0.07100000000000001,0.0004898979485566361,0.003,0.003,0.0030000000000000005,0.003,4.336808689942018e-19,0.036000000000000004,0.038,0.03690000000000001,0.037,0.0005385164807134486,0.001,0.001,0.0010000000000000002,0.001,2.168404344971009e-19,64,64,8192,24576,152064,True,1,4
